ISO-10303-21;
HEADER;
FILE_DESCRIPTION (( 'STEP AP203' ),
    '1' );
FILE_NAME ('118x80x40 Plastic Enclosure_F.STEP',
    '2022-01-27T11:37:31',
    ( '' ),
    ( '' ),
    'SwSTEP 2.0',
    'SolidWorks 2018',
    '' );
FILE_SCHEMA (( 'CONFIG_CONTROL_DESIGN' ));
ENDSEC;

DATA;
#1 = LINE ( 'NONE', #3267, #652 ) ;
#2 = VECTOR ( 'NONE', #1831, 1000.000000000000000 ) ;
#3 = CARTESIAN_POINT ( 'NONE',  ( -37.00000000000000711, -73.57658473601189542, 54.99999999999999289 ) ) ;
#4 = VERTEX_POINT ( 'NONE', #3745 ) ;
#5 = EDGE_CURVE ( 'NONE', #3971, #1649, #7758, .T. ) ;
#6 = ORIENTED_EDGE ( 'NONE', *, *, #2228, .F. ) ;
#7 = EDGE_CURVE ( 'NONE', #1034, #2373, #2744, .T. ) ;
#8 = ORIENTED_EDGE ( 'NONE', *, *, #4861, .F. ) ;
#9 = VERTEX_POINT ( 'NONE', #3863 ) ;
#10 = APPROVAL ( #5894, 'UNSPECIFIED' ) ;
#11 = VECTOR ( 'NONE', #3370, 1000.000000000000000 ) ;
#12 = CARTESIAN_POINT ( 'NONE',  ( 33.99999999999996447, 17.99999999999999645, -1.000000000000000000 ) ) ;
#13 = APPROVAL_ROLE ( '' ) ;
#14 = ORIENTED_EDGE ( 'NONE', *, *, #7776, .F. ) ;
#15 = ORIENTED_EDGE ( 'NONE', *, *, #2775, .T. ) ;
#16 = DIRECTION ( 'NONE',  ( -1.000000000000000000, 0.000000000000000000, 0.000000000000000000 ) ) ;
#17 = ORIENTED_EDGE ( 'NONE', *, *, #5002, .T. ) ;
#18 = VERTEX_POINT ( 'NONE', #5501 ) ;
#19 = CARTESIAN_POINT ( 'NONE',  ( 37.00000000000000711, -56.57658473601188831, -59.00000000000000000 ) ) ;
#20 = ORIENTED_EDGE ( 'NONE', *, *, #3608, .T. ) ;
#21 = CIRCLE ( 'NONE', #3984, 1.500000000000001332 ) ;
#22 = CONTEXT_DEPENDENT_SHAPE_REPRESENTATION ( #5480, #1171 ) ;
#23 = AXIS2_PLACEMENT_3D ( 'NONE', #665, #1883, #5459 ) ;
#24 = CARTESIAN_POINT ( 'NONE',  ( -40.00000000000000711, -56.57658473601188831, 59.00000000000000000 ) ) ;
#25 = CARTESIAN_POINT ( 'NONE',  ( 37.00000000000000711, -73.57658473601189542, 53.00000000000000000 ) ) ;
#26 = ORIENTED_EDGE ( 'NONE', *, *, #2067, .T. ) ;
#27 = DIRECTION ( 'NONE',  ( -0.000000000000000000, 0.000000000000000000, -1.000000000000000000 ) ) ;
#28 = CIRCLE ( 'NONE', #6157, 1.500000000000001332 ) ;
#29 = VECTOR ( 'NONE', #7219, 1000.000000000000000 ) ;
#30 = ITEM_DEFINED_TRANSFORMATION ( 'NONE', 'NONE', #4396,  #5227 ) ;
#31 = DIRECTION ( 'NONE',  ( -0.3162277660168382742, 0.000000000000000000, -0.9486832980505137680 ) ) ;
#32 = ORIENTED_EDGE ( 'NONE', *, *, #6791, .T. ) ;
#33 = CARTESIAN_POINT ( 'NONE',  ( -31.00000000000000000, -73.57658473601189542, 40.00000000000000000 ) ) ;
#34 = AXIS2_PLACEMENT_3D ( 'NONE', #3803, #3624, #3256 ) ;
#35 = EDGE_LOOP ( 'NONE', ( #3021, #1008, #3951, #7579 ) ) ;
#37 = LINE ( 'NONE', #1959, #5609 ) ;
#36 = CARTESIAN_POINT ( 'NONE',  ( -37.00000000000000711, -73.57658473601189542, 59.00000000000000000 ) ) ;
#38 = LINE ( 'NONE', #2704, #2470 ) ;
#39 = DIRECTION ( 'NONE',  ( 0.000000000000000000, -0.000000000000000000, -1.000000000000000000 ) ) ;
#40 = ORIENTED_EDGE ( 'NONE', *, *, #47, .F. ) ;
#41 = CARTESIAN_POINT ( 'NONE',  ( 37.00000000000009237, -76.73886239618028071, -24.99999999999999645 ) ) ;
#42 = APPROVAL_STATUS ( 'not_yet_approved' ) ;
#43 = LINE ( 'NONE', #1297, #874 ) ;
#44 = CARTESIAN_POINT ( 'NONE',  ( 37.00000000000000711, -56.57658473601188831, 51.00000000000000000 ) ) ;
#45 = DIRECTION ( 'NONE',  ( 0.000000000000000000, 0.000000000000000000, 1.000000000000000000 ) ) ;
#46 = PLANE ( 'NONE',  #4511 ) ;
#47 = EDGE_CURVE ( 'NONE', #6850, #5826, #6630, .T. ) ;
#48 = ORIENTED_EDGE ( 'NONE', *, *, #7625, .F. ) ;
#49 = AXIS2_PLACEMENT_3D ( 'NONE', #2232, #6417, #1049 ) ;
#50 = VECTOR ( 'NONE', #3179, 1000.000000000000000 ) ;
#51 = DIRECTION ( 'NONE',  ( -0.000000000000000000, -1.000000000000000000, -0.000000000000000000 ) ) ;
#52 = CARTESIAN_POINT ( 'NONE',  ( -37.00000000000009237, -56.57658473601188831, -27.00000000000000000 ) ) ;
#53 = DIRECTION ( 'NONE',  ( 0.000000000000000000, 1.000000000000000000, 0.000000000000000000 ) ) ;
#54 = ORIENTED_EDGE ( 'NONE', *, *, #3421, .F. ) ;
#55 = CARTESIAN_POINT ( 'NONE',  ( -35.00000000000000000, -56.57658473601188831, -54.99999999999999289 ) ) ;
#56 = FACE_OUTER_BOUND ( 'NONE', #7664, .T. ) ;
#57 = EDGE_CURVE ( 'NONE', #7509, #5906, #3190, .T. ) ;
#58 = EDGE_CURVE ( 'NONE', #6149, #1881, #4636, .T. ) ;
#59 = APPROVAL ( #2890, 'UNSPECIFIED' ) ;
#60 = CARTESIAN_POINT ( 'NONE',  ( 37.00000000000009237, -73.57658473601189542, -22.00000000000000000 ) ) ;
#61 = DIRECTION ( 'NONE',  ( 0.000000000000000000, 0.000000000000000000, 1.000000000000000000 ) ) ;
#62 = LINE ( 'NONE', #1579, #2798 ) ;
#63 = ORIENTED_EDGE ( 'NONE', *, *, #1725, .T. ) ;
#64 = LINE ( 'NONE', #4944, #6287 ) ;
#65 = ORIENTED_EDGE ( 'NONE', *, *, #6483, .F. ) ;
#66 = CARTESIAN_POINT ( 'NONE',  ( 0.000000000000000000, -71.57658473601189542, 53.00000000000000000 ) ) ;
#67 = EDGE_CURVE ( 'NONE', #139, #3610, #2538, .T. ) ;
#68 = CARTESIAN_POINT ( 'NONE',  ( -35.00000000000000000, 0.000000000000000000, -53.00000000000000000 ) ) ;
#69 = EDGE_LOOP ( 'NONE', ( #1159, #841, #3470, #6855 ) ) ;
#70 = DIRECTION ( 'NONE',  ( 0.000000000000000000, 0.000000000000000000, 1.000000000000000000 ) ) ;
#71 = DIRECTION ( 'NONE',  ( 0.000000000000000000, 1.000000000000000000, 0.000000000000000000 ) ) ;
#72 = CARTESIAN_POINT ( 'NONE',  ( -31.00000000000000000, -56.57658473601188831, -38.50000000000000000 ) ) ;
#73 = ORIENTED_EDGE ( 'NONE', *, *, #3595, .T. ) ;
#74 = ORIENTED_EDGE ( 'NONE', *, *, #7374, .F. ) ;
#75 = VECTOR ( 'NONE', #3293, 1000.000000000000000 ) ;
#76 = LOCAL_TIME ( 13, 37, 31.00000000000000000, #4503 ) ;
#77 = DIRECTION ( 'NONE',  ( 0.9486832980505137680, 0.000000000000000000, -0.3162277660168382742 ) ) ;
#78 = EDGE_LOOP ( 'NONE', ( #2546, #808, #1204, #6946 ) ) ;
#79 = DIRECTION ( 'NONE',  ( -0.3162277660168381077, -0.000000000000000000, 0.9486832980505137680 ) ) ;
#80 = ORIENTED_EDGE ( 'NONE', *, *, #6000, .T. ) ;
#81 = ORIENTED_EDGE ( 'NONE', *, *, #6781, .T. ) ;
#82 = AXIS2_PLACEMENT_3D ( 'NONE', #1812, #2456, #6716 ) ;
#83 = CARTESIAN_POINT ( 'NONE',  ( 36.99999999999999289, 14.99999999999997335, -1.000000000000000000 ) ) ;
#84 = VECTOR ( 'NONE', #1160, 1000.000000000000000 ) ;
#85 = SHAPE_REPRESENTATION_RELATIONSHIP ( 'NONE' , 'NONE' ,  #7587, #7667 ) ;
#86 = DIRECTION ( 'NONE',  ( 0.000000000000000000, 0.000000000000000000, 1.000000000000000000 ) ) ;
#87 = DIRECTION ( 'NONE',  ( 0.000000000000000000, 1.000000000000000000, 0.000000000000000000 ) ) ;
#88 = VERTEX_POINT ( 'NONE', #2575 ) ;
#89 = CARTESIAN_POINT ( 'NONE',  ( -34.00000000000000000, 14.99999999999999645, 1.000000000000000000 ) ) ;
#90 = LINE ( 'NONE', #2699, #3954 ) ;
#91 = VECTOR ( 'NONE', #7707, 1000.000000000000000 ) ;
#92 = CARTESIAN_POINT ( 'NONE',  ( -37.00000000000000711, -56.57658473601188831, 26.99999999999999645 ) ) ;
#93 = ORIENTED_EDGE ( 'NONE', *, *, #5817, .T. ) ;
#94 = AXIS2_PLACEMENT_3D ( 'NONE', #834, #869, #4431 ) ;
#95 = LINE ( 'NONE', #7430, #3094 ) ;
#96 = CARTESIAN_POINT ( 'NONE',  ( 36.00000000000009237, -56.57658473601188831, -24.99999999999999645 ) ) ;
#97 = CARTESIAN_POINT ( 'NONE',  ( 36.00000000000009237, -56.57658473601188831, -24.99999999999999645 ) ) ;
#98 = VECTOR ( 'NONE', #3346, 1000.000000000000000 ) ;
#99 = ORIENTED_EDGE ( 'NONE', *, *, #3891, .F. ) ;
#100 = CARTESIAN_POINT ( 'NONE',  ( -35.00000000000000000, -56.57658473601188831, -54.99999999999999289 ) ) ;
#101 = CARTESIAN_POINT ( 'NONE',  ( 36.00000000000009237, -76.73886239618028071, 24.99999999999999645 ) ) ;
#102 = ORIENTED_EDGE ( 'NONE', *, *, #2112, .T. ) ;
#103 = VECTOR ( 'NONE', #7651, 1000.000000000000000 ) ;
#104 = DIRECTION ( 'NONE',  ( 0.000000000000000000, 0.000000000000000000, 1.000000000000000000 ) ) ;
#105 = EDGE_CURVE ( 'NONE', #5018, #4631, #7748, .T. ) ;
#106 = LINE ( 'NONE', #3573, #3285 ) ;
#107 = DIRECTION ( 'NONE',  ( 0.000000000000000000, 0.000000000000000000, -1.000000000000000000 ) ) ;
#108 = DIRECTION ( 'NONE',  ( 0.000000000000000000, -1.000000000000000000, 0.000000000000000000 ) ) ;
#109 = EDGE_LOOP ( 'NONE', ( #6427, #1028, #3054, #1335 ) ) ;
#110 = VERTEX_POINT ( 'NONE', #5575 ) ;
#111 = CARTESIAN_POINT ( 'NONE',  ( 3.954149099653018085E-16, -15.50000000000000178, 1.500000000000000000 ) ) ;
#112 = ORIENTED_EDGE ( 'NONE', *, *, #5884, .F. ) ;
#113 = ORIENTED_EDGE ( 'NONE', *, *, #7088, .F. ) ;
#114 = ORIENTED_EDGE ( 'NONE', *, *, #6124, .F. ) ;
#115 = DIRECTION ( 'NONE',  ( 0.000000000000000000, 0.000000000000000000, -1.000000000000000000 ) ) ;
#116 = SHAPE_DEFINITION_REPRESENTATION ( #1540, #6942 ) ;
#117 = FACE_OUTER_BOUND ( 'NONE', #283, .T. ) ;
#118 = DIRECTION ( 'NONE',  ( 1.000000000000000000, 0.000000000000000000, 0.000000000000000000 ) ) ;
#119 = EDGE_CURVE ( 'NONE', #2643, #7545, #6890, .T. ) ;
#120 = EDGE_CURVE ( 'NONE', #1475, #5156, #379, .T. ) ;
#121 = VERTEX_POINT ( 'NONE', #2052 ) ;
#122 = ORIENTED_EDGE ( 'NONE', *, *, #948, .F. ) ;
#123 = CC_DESIGN_SECURITY_CLASSIFICATION ( #7482, ( #7828 ) ) ;
#124 = VERTEX_POINT ( 'NONE', #2549 ) ;
#125 = DIRECTION ( 'NONE',  ( 1.000000000000000000, 0.000000000000000000, 0.000000000000000000 ) ) ;
#126 = FACE_OUTER_BOUND ( 'NONE', #7099, .T. ) ;
#127 = APPROVAL_DATE_TIME ( #404, #2940 ) ;
#128 = DIRECTION ( 'NONE',  ( 1.000000000000000000, 0.000000000000000000, 0.000000000000000000 ) ) ;
#129 = ORIENTED_EDGE ( 'NONE', *, *, #120, .T. ) ;
#130 = VERTEX_POINT ( 'NONE', #7407 ) ;
#131 = VECTOR ( 'NONE', #2420, 1000.000000000000000 ) ;
#132 = AXIS2_PLACEMENT_3D ( 'NONE', #306, #4524, #4608 ) ;
#133 = VECTOR ( 'NONE', #2465, 1000.000000000000000 ) ;
#134 = DIRECTION ( 'NONE',  ( 0.000000000000000000, -1.000000000000000000, 0.000000000000000000 ) ) ;
#135 = DIRECTION ( 'NONE',  ( 1.000000000000000000, 0.000000000000000000, 0.000000000000000000 ) ) ;
#136 = ORIENTED_EDGE ( 'NONE', *, *, #6208, .T. ) ;
#137 = DIRECTION ( 'NONE',  ( 0.000000000000000000, 0.000000000000000000, 1.000000000000000000 ) ) ;
#138 = CARTESIAN_POINT ( 'NONE',  ( -40.00000000000000711, -76.57658473601189542, 59.00000000000000000 ) ) ;
#139 = VERTEX_POINT ( 'NONE', #4974 ) ;
#140 = LINE ( 'NONE', #1373, #6569 ) ;
#141 = CARTESIAN_POINT ( 'NONE',  ( 37.00000000000000711, -73.57658473601189542, -59.00000000000000000 ) ) ;
#142 = ORIENTED_EDGE ( 'NONE', *, *, #2500, .T. ) ;
#143 = VECTOR ( 'NONE', #7312, 1000.000000000000000 ) ;
#144 = ADVANCED_FACE ( 'NONE', ( #5767 ), #5967, .T. ) ;
#145 = CARTESIAN_POINT ( 'NONE',  ( -37.00000000000000711, -73.57658473601189542, -59.00000000000000000 ) ) ;
#146 = ORIENTED_EDGE ( 'NONE', *, *, #4482, .T. ) ;
#147 = VECTOR ( 'NONE', #3106, 1000.000000000000114 ) ;
#148 = CARTESIAN_POINT ( 'NONE',  ( 36.00000000000000711, -73.57658473601189542, 1.000000000000000000 ) ) ;
#149 = EDGE_CURVE ( 'NONE', #7255, #2732, #2164, .T. ) ;
#150 = ORIENTED_EDGE ( 'NONE', *, *, #305, .F. ) ;
#151 = DIRECTION ( 'NONE',  ( 0.000000000000000000, -1.000000000000000000, 0.000000000000000000 ) ) ;
#152 = PERSON ( 'NAUO-PER2', 'UNSPECIFIED', 'UNSPECIFIED', ('UNSPECIFIED'), ('UNSPECIFIED'), ('UNSPECIFIED') ) ;
#153 = LINE ( 'NONE', #5038, #7222 ) ;
#154 = PLANE ( 'NONE',  #2802 ) ;
#155 = ORIENTED_EDGE ( 'NONE', *, *, #3378, .T. ) ;
#156 = CARTESIAN_POINT ( 'NONE',  ( 37.00000000000000711, -73.57658473601189542, -56.99999999999996447 ) ) ;
#157 = PLANE ( 'NONE',  #7754 ) ;
#158 = ORIENTED_EDGE ( 'NONE', *, *, #197, .F. ) ;
#159 = EDGE_CURVE ( 'NONE', #4015, #4783, #5010, .T. ) ;
#160 = VECTOR ( 'NONE', #5919, 1000.000000000000114 ) ;
#161 = EDGE_CURVE ( 'NONE', #3286, #2088, #3775, .T. ) ;
#162 = ORIENTED_EDGE ( 'NONE', *, *, #5029, .T. ) ;
#163 = CC_DESIGN_PERSON_AND_ORGANIZATION_ASSIGNMENT ( #4224, #6572, ( #3798 ) ) ;
#164 = DIRECTION ( 'NONE',  ( 0.3162277660168382187, 0.000000000000000000, 0.9486832980505136570 ) ) ;
#165 = CIRCLE ( 'NONE', #571, 3.000000000000002665 ) ;
#166 = DIRECTION ( 'NONE',  ( 1.000000000000000000, 0.000000000000000000, -0.000000000000000000 ) ) ;
#167 = COORDINATED_UNIVERSAL_TIME_OFFSET ( 2, 0, .AHEAD. ) ;
#168 = EDGE_LOOP ( 'NONE', ( #4075, #129, #4169, #6672, #2062, #7229, #6634, #26, #1932, #6798, #5578, #3073, #7141, #1405, #6999, #4925, #1672, #2368, #2124, #5215, #3099, #5379, #5547, #6603, #4873, #5158, #5883, #1565, #5261, #5885, #2646, #4568, #4591, #6187, #1399, #7094 ) ) ;
#169 = ORIENTED_EDGE ( 'NONE', *, *, #2788, .T. ) ;
#170 = ORIENTED_EDGE ( 'NONE', *, *, #4664, .F. ) ;
#171 = ORIENTED_EDGE ( 'NONE', *, *, #1617, .F. ) ;
#172 = CARTESIAN_POINT ( 'NONE',  ( 40.00000000000000711, -76.57658473601189542, -59.00000000000000000 ) ) ;
#173 = CYLINDRICAL_SURFACE ( 'NONE', #269, 1.500000000000001332 ) ;
#174 = EDGE_CURVE ( 'NONE', #230, #7417, #7083, .T. ) ;
#175 = DIRECTION ( 'NONE',  ( 0.000000000000000000, -1.000000000000000000, 0.000000000000000000 ) ) ;
#176 = AXIS2_PLACEMENT_3D ( 'NONE', #2984, #70, #4312 ) ;
#177 = VERTEX_POINT ( 'NONE', #6198 ) ;
#178 = ORIENTED_EDGE ( 'NONE', *, *, #5049, .T. ) ;
#179 = LINE ( 'NONE', #3392, #552 ) ;
#180 = CARTESIAN_POINT ( 'NONE',  ( 36.00000000000000711, -76.73886239618028071, -1.000000000000000000 ) ) ;
#181 = ADVANCED_FACE ( 'NONE', ( #284 ), #3800, .F. ) ;
#182 = FACE_OUTER_BOUND ( 'NONE', #705, .T. ) ;
#183 = CARTESIAN_POINT ( 'NONE',  ( -36.00000000000009237, -56.57658473601188831, -24.99999999999999645 ) ) ;
#184 = DIRECTION ( 'NONE',  ( 0.000000000000000000, -1.000000000000000000, 0.000000000000000000 ) ) ;
#185 = AXIS2_PLACEMENT_3D ( 'NONE', #950, #5188, #1558 ) ;
#186 = CARTESIAN_POINT ( 'NONE',  ( -37.00000000000000711, -56.57658473601188831, -59.00000000000000000 ) ) ;
#187 = ORIENTED_EDGE ( 'NONE', *, *, #2811, .F. ) ;
#188 = VERTEX_POINT ( 'NONE', #6836 ) ;
#189 = FACE_OUTER_BOUND ( 'NONE', #2480, .T. ) ;
#190 = VECTOR ( 'NONE', #2408, 1000.000000000000000 ) ;
#191 = DIRECTION ( 'NONE',  ( -0.000000000000000000, 1.000000000000000000, -0.000000000000000000 ) ) ;
#192 = PLANE ( 'NONE',  #1942 ) ;
#193 = DIRECTION ( 'NONE',  ( -0.000000000000000000, 0.000000000000000000, 1.000000000000000000 ) ) ;
#194 = ORIENTED_EDGE ( 'NONE', *, *, #7369, .F. ) ;
#195 = VECTOR ( 'NONE', #2005, 1000.000000000000000 ) ;
#196 = VECTOR ( 'NONE', #4849, 1000.000000000000000 ) ;
#197 = EDGE_CURVE ( 'NONE', #5025, #6296, #936, .T. ) ;
#198 = CARTESIAN_POINT ( 'NONE',  ( -37.00000000000000711, -14.99999999999998046, 1.000000000000000000 ) ) ;
#199 = VERTEX_POINT ( 'NONE', #3193 ) ;
#200 = ORIENTED_EDGE ( 'NONE', *, *, #7581, .F. ) ;
#201 = DIRECTION ( 'NONE',  ( -0.000000000000000000, 1.000000000000000000, -0.000000000000000000 ) ) ;
#202 = ORIENTED_EDGE ( 'NONE', *, *, #2206, .F. ) ;
#203 = ORIENTED_EDGE ( 'NONE', *, *, #2364, .T. ) ;
#204 = LINE ( 'NONE', #5356, #4837 ) ;
#205 = EDGE_LOOP ( 'NONE', ( #5182, #6902, #5476, #3978 ) ) ;
#206 = CARTESIAN_POINT ( 'NONE',  ( 31.00000000000000000, -46.67708979940022118, 38.50000000000000711 ) ) ;
#207 = DIRECTION ( 'NONE',  ( -0.000000000000000000, -0.000000000000000000, -1.000000000000000000 ) ) ;
#208 = ORIENTED_EDGE ( 'NONE', *, *, #7223, .T. ) ;
#209 = EDGE_CURVE ( 'NONE', #7665, #6651, #6800, .T. ) ;
#210 = ORIENTED_EDGE ( 'NONE', *, *, #4394, .T. ) ;
#211 = DIRECTION ( 'NONE',  ( 0.000000000000000000, 0.000000000000000000, -1.000000000000000000 ) ) ;
#212 = EDGE_CURVE ( 'NONE', #2311, #1972, #7173, .T. ) ;
#213 = ORIENTED_EDGE ( 'NONE', *, *, #2475, .F. ) ;
#214 = EDGE_LOOP ( 'NONE', ( #3004, #3200, #2931, #1361 ) ) ;
#215 = CIRCLE ( 'NONE', #2880, 3.500000000000003109 ) ;
#216 = APPROVAL_DATE_TIME ( #1339, #4563 ) ;
#217 = VERTEX_POINT ( 'NONE', #288 ) ;
#218 = CARTESIAN_POINT ( 'NONE',  ( 31.00000000000000000, -56.57658473601188831, -38.50000000000000711 ) ) ;
#219 = DIRECTION ( 'NONE',  ( 0.000000000000000000, 1.000000000000000000, 0.000000000000000000 ) ) ;
#220 = LINE ( 'NONE', #4817, #4852 ) ;
#221 = LINE ( 'NONE', #367, #5604 ) ;
#222 = EDGE_CURVE ( 'NONE', #5458, #1243, #839, .T. ) ;
#223 = AXIS2_PLACEMENT_3D ( 'NONE', #4299, #5566, #6704 ) ;
#224 = ORIENTED_EDGE ( 'NONE', *, *, #2935, .T. ) ;
#225 = VERTEX_POINT ( 'NONE', #2131 ) ;
#226 = LINE ( 'NONE', #4013, #6467 ) ;
#227 = DIRECTION ( 'NONE',  ( 0.000000000000000000, -1.000000000000000000, 0.000000000000000000 ) ) ;
#228 = LINE ( 'NONE', #1521, #4671 ) ;
#229 = CARTESIAN_POINT ( 'NONE',  ( 0.000000000000000000, 0.000000000000000000, 54.99999999999999289 ) ) ;
#230 = VERTEX_POINT ( 'NONE', #6420 ) ;
#231 = LINE ( 'NONE', #5945, #4288 ) ;
#232 = DIRECTION ( 'NONE',  ( 0.000000000000000000, 0.000000000000000000, -1.000000000000000000 ) ) ;
#233 = PLANE ( 'NONE',  #3443 ) ;
#234 = CARTESIAN_POINT ( 'NONE',  ( -31.00000000000000000, -56.57658473601188831, -40.00000000000000000 ) ) ;
#235 = DIRECTION ( 'NONE',  ( -0.5773502691896245098, 0.5773502691896230665, 0.5773502691896296168 ) ) ;
#236 = ORIENTED_EDGE ( 'NONE', *, *, #7088, .T. ) ;
#237 = ADVANCED_FACE ( 'NONE', ( #2734 ), #2708, .F. ) ;
#238 = VECTOR ( 'NONE', #2213, 1000.000000000000000 ) ;
#239 = CARTESIAN_POINT ( 'NONE',  ( 35.00000000000000000, -56.57658473601188831, -54.99999999999999289 ) ) ;
#240 = ORIENTED_EDGE ( 'NONE', *, *, #2739, .T. ) ;
#241 = VECTOR ( 'NONE', #1567, 1000.000000000000114 ) ;
#242 = CARTESIAN_POINT ( 'NONE',  ( -31.00000000000000000, -73.57658473601189542, 38.50000000000000000 ) ) ;
#243 = LINE ( 'NONE', #5755, #4836 ) ;
#244 = DIRECTION ( 'NONE',  ( 1.000000000000000000, 0.000000000000000000, 0.000000000000000000 ) ) ;
#245 = VERTEX_POINT ( 'NONE', #5208 ) ;
#246 = LINE ( 'NONE', #1284, #3241 ) ;
#247 = EDGE_CURVE ( 'NONE', #4339, #121, #749, .T. ) ;
#248 = AXIS2_PLACEMENT_3D ( 'NONE', #5549, #1344, #1926 ) ;
#249 = DIRECTION ( 'NONE',  ( 1.000000000000000000, 2.551063935260011231E-17, 0.000000000000000000 ) ) ;
#250 = ADVANCED_FACE ( 'NONE', ( #6140 ), #5814, .T. ) ;
#251 = CARTESIAN_POINT ( 'NONE',  ( 37.00000000000000711, -73.57658473601189542, -59.00000000000000000 ) ) ;
#252 = EDGE_LOOP ( 'NONE', ( #4981, #2114, #5980, #1514 ) ) ;
#253 = ORIENTED_EDGE ( 'NONE', *, *, #5817, .F. ) ;
#254 = CARTESIAN_POINT ( 'NONE',  ( -40.00000000000000711, -76.57658473601189542, -59.00000000000000000 ) ) ;
#255 = ORIENTED_EDGE ( 'NONE', *, *, #3264, .T. ) ;
#256 = VECTOR ( 'NONE', #5117, 1000.000000000000114 ) ;
#257 = PERSON_AND_ORGANIZATION ( #1820, #6598 ) ;
#258 = EDGE_CURVE ( 'NONE', #3616, #4015, #7265, .T. ) ;
#259 = AXIS2_PLACEMENT_3D ( 'NONE', #3275, #368, #6392 ) ;
#260 = CC_DESIGN_DATE_AND_TIME_ASSIGNMENT ( #3869, #2399, ( #7139 ) ) ;
#261 = DIRECTION ( 'NONE',  ( -0.000000000000000000, -0.000000000000000000, -1.000000000000000000 ) ) ;
#262 = CARTESIAN_POINT ( 'NONE',  ( -37.00000000000009237, -73.57658473601189542, 27.00000000000000000 ) ) ;
#263 = ORIENTED_EDGE ( 'NONE', *, *, #3779, .T. ) ;
#264 = DIRECTION ( 'NONE',  ( 1.000000000000000000, 0.000000000000000000, 0.000000000000000000 ) ) ;
#265 = FACE_OUTER_BOUND ( 'NONE', #6727, .T. ) ;
#266 = LINE ( 'NONE', #3881, #6516 ) ;
#267 = VERTEX_POINT ( 'NONE', #2683 ) ;
#268 = DIRECTION ( 'NONE',  ( 0.000000000000000000, 1.000000000000000000, -0.000000000000000000 ) ) ;
#270 = ADVANCED_FACE ( 'NONE', ( #2449 ), #2795, .F. ) ;
#269 = AXIS2_PLACEMENT_3D ( 'NONE', #6633, #5493, #1239 ) ;
#271 = FACE_OUTER_BOUND ( 'NONE', #6936, .T. ) ;
#272 = CARTESIAN_POINT ( 'NONE',  ( -31.00000000000000000, -56.57658473601188831, -38.50000000000000000 ) ) ;
#273 = LINE ( 'NONE', #7593, #4518 ) ;
#274 = VERTEX_POINT ( 'NONE', #6985 ) ;
#275 = CARTESIAN_POINT ( 'NONE',  ( -37.00000000000000711, 0.000000000000000000, 56.99999999999996447 ) ) ;
#276 =( LENGTH_UNIT ( ) NAMED_UNIT ( * ) SI_UNIT ( .MILLI., .METRE. ) );
#277 = LINE ( 'NONE', #1337, #1496 ) ;
#278 = CARTESIAN_POINT ( 'NONE',  ( 37.00000000000000711, -73.57658473601189542, -59.00000000000000000 ) ) ;
#279 = CARTESIAN_POINT ( 'NONE',  ( 31.00000000000000000, -56.57658473601188831, 40.00000000000000000 ) ) ;
#280 = LINE ( 'NONE', #55, #5098 ) ;
#281 = ADVANCED_FACE ( 'NONE', ( #4528 ), #659, .F. ) ;
#282 = DIRECTION ( 'NONE',  ( -0.000000000000000000, -0.000000000000000000, -1.000000000000000000 ) ) ;
#283 = EDGE_LOOP ( 'NONE', ( #3037, #6145, #555, #4798 ) ) ;
#284 = FACE_OUTER_BOUND ( 'NONE', #1042, .T. ) ;
#285 = CARTESIAN_POINT ( 'NONE',  ( 37.00000000000000711, -73.57658473601189542, -59.00000000000000000 ) ) ;
#286 = DIRECTION ( 'NONE',  ( 1.000000000000000000, 0.000000000000000000, 0.000000000000000000 ) ) ;
#287 = VECTOR ( 'NONE', #4380, 1000.000000000000000 ) ;
#288 = CARTESIAN_POINT ( 'NONE',  ( -36.00000000000000711, -73.57658473601189542, 1.000000000000000000 ) ) ;
#289 = ORIENTED_EDGE ( 'NONE', *, *, #1968, .F. ) ;
#290 = ADVANCED_FACE ( 'NONE', ( #3508 ), #2185, .F. ) ;
#291 = ORIENTED_EDGE ( 'NONE', *, *, #258, .F. ) ;
#292 = ORIENTED_EDGE ( 'NONE', *, *, #1909, .T. ) ;
#293 = ORIENTED_EDGE ( 'NONE', *, *, #5608, .F. ) ;
#294 = EDGE_CURVE ( 'NONE', #1520, #7183, #3961, .T. ) ;
#295 = PERSON_AND_ORGANIZATION ( #1820, #6598 ) ;
#296 = LINE ( 'NONE', #4792, #2085 ) ;
#297 = AXIS2_PLACEMENT_3D ( 'NONE', #3087, #5516, #3112 ) ;
#298 = DIRECTION ( 'NONE',  ( 1.000000000000000000, 0.000000000000000000, 0.000000000000000000 ) ) ;
#299 = VERTEX_POINT ( 'NONE', #5756 ) ;
#300 = VERTEX_POINT ( 'NONE', #6361 ) ;
#301 = VECTOR ( 'NONE', #6264, 1000.000000000000000 ) ;
#303 = CARTESIAN_POINT ( 'NONE',  ( 33.99999999999998579, 14.99999999999999645, 1.500000000000000000 ) ) ;
#302 = ORGANIZATION ( 'NAUO-ORG1', 'UNSPECIFIED', 'UNSPECIFIED' ) ;
#304 =( LENGTH_UNIT ( ) NAMED_UNIT ( * ) SI_UNIT ( .MILLI., .METRE. ) );
#305 = EDGE_CURVE ( 'NONE', #7783, #2089, #1136, .T. ) ;
#306 = CARTESIAN_POINT ( 'NONE',  ( 40.00000000000000711, -76.57658473601189542, -59.00000000000000000 ) ) ;
#307 = EDGE_CURVE ( 'NONE', #3782, #5458, #483, .T. ) ;
#308 = CARTESIAN_POINT ( 'NONE',  ( -33.99999999999997868, -18.00000000000000355, 1.000000000000000000 ) ) ;
#309 = ORIENTED_EDGE ( 'NONE', *, *, #3737, .T. ) ;
#310 = PRODUCT_DEFINITION ( 'UNKNOWN', '', #4455, #3575 ) ;
#311 = ORIENTED_EDGE ( 'NONE', *, *, #794, .T. ) ;
#312 = DIRECTION ( 'NONE',  ( 0.000000000000000000, 1.000000000000000000, 0.000000000000000000 ) ) ;
#313 = LINE ( 'NONE', #6685, #3310 ) ;
#314 = ADVANCED_FACE ( 'NONE', ( #6981 ), #2153, .T. ) ;
#315 = CIRCLE ( 'NONE', #7359, 3.000000000000002665 ) ;
#316 = CARTESIAN_POINT ( 'NONE',  ( -37.00000000000000711, -73.57658473601189542, -59.00000000000000000 ) ) ;
#317 = VERTEX_POINT ( 'NONE', #7568 ) ;
#318 = CARTESIAN_POINT ( 'NONE',  ( -37.00000000000000711, -56.57658473601188831, 56.99999999999996447 ) ) ;
#319 = CIRCLE ( 'NONE', #3483, 1.500000000000001332 ) ;
#320 = EDGE_CURVE ( 'NONE', #1400, #625, #1889, .T. ) ;
#321 = ADVANCED_FACE ( 'NONE', ( #3284 ), #4736, .T. ) ;
#322 = VERTEX_POINT ( 'NONE', #4036 ) ;
#323 = CARTESIAN_POINT ( 'NONE',  ( 0.000000000000000000, -73.57658473601189542, -53.00000000000000000 ) ) ;
#325 = VECTOR ( 'NONE', #7714, 1000.000000000000000 ) ;
#324 = DIRECTION ( 'NONE',  ( 0.000000000000000000, -1.000000000000000000, 0.000000000000000000 ) ) ;
#326 = ORIENTED_EDGE ( 'NONE', *, *, #5377, .F. ) ;
#327 = DIRECTION ( 'NONE',  ( 0.3162277660168381077, 0.000000000000000000, 0.9486832980505137680 ) ) ;
#328 = ADVANCED_FACE ( 'NONE', ( #7355 ), #3692, .F. ) ;
#329 = DIRECTION ( 'NONE',  ( 1.000000000000000000, 0.000000000000000000, 0.000000000000000000 ) ) ;
#330 = FACE_OUTER_BOUND ( 'NONE', #2372, .T. ) ;
#331 = CARTESIAN_POINT ( 'NONE',  ( 37.00000000000000711, -56.57658473601188831, -59.00000000000000000 ) ) ;
#332 = DIRECTION ( 'NONE',  ( -0.000000000000000000, -0.000000000000000000, 1.000000000000000000 ) ) ;
#333 = DIRECTION ( 'NONE',  ( 0.000000000000000000, -0.000000000000000000, -1.000000000000000000 ) ) ;
#334 = VERTEX_POINT ( 'NONE', #3460 ) ;
#335 = FACE_OUTER_BOUND ( 'NONE', #3557, .T. ) ;
#336 = DIRECTION ( 'NONE',  ( -1.000000000000000000, 0.000000000000000000, 0.000000000000000000 ) ) ;
#337 = CARTESIAN_POINT ( 'NONE',  ( -36.00000000000009237, -56.57658473601188831, -24.99999999999999645 ) ) ;
#338 = ORIENTED_EDGE ( 'NONE', *, *, #7371, .F. ) ;
#339 = EDGE_CURVE ( 'NONE', #1341, #7127, #6536, .T. ) ;
#340 = CARTESIAN_POINT ( 'NONE',  ( 31.00000000000000000, -46.67708979940022118, 38.50000000000000711 ) ) ;
#341 = AXIS2_PLACEMENT_3D ( 'NONE', #5787, #854, #4505 ) ;
#342 = ORIENTED_EDGE ( 'NONE', *, *, #4438, .F. ) ;
#343 = VERTEX_POINT ( 'NONE', #2821 ) ;
#344 = EDGE_LOOP ( 'NONE', ( #1143, #1989, #3488, #2722 ) ) ;
#345 = FACE_OUTER_BOUND ( 'NONE', #4267, .T. ) ;
#346 = ADVANCED_FACE ( 'NONE', ( #1708 ), #1503, .T. ) ;
#347 = PERSON_AND_ORGANIZATION ( #1820, #6598 ) ;
#348 = ORIENTED_EDGE ( 'NONE', *, *, #3009, .F. ) ;
#349 = EDGE_CURVE ( 'NONE', #7483, #3628, #6328, .T. ) ;
#350 = ORIENTED_EDGE ( 'NONE', *, *, #4619, .T. ) ;
#351 = EDGE_CURVE ( 'NONE', #5101, #3122, #5204, .T. ) ;
#352 = VERTEX_POINT ( 'NONE', #1641 ) ;
#353 = AXIS2_PLACEMENT_3D ( 'NONE', #1693, #7679, #6529 ) ;
#354 = VECTOR ( 'NONE', #7684, 1000.000000000000000 ) ;
#355 = CARTESIAN_POINT ( 'NONE',  ( 33.99999999999998579, 14.99999999999999645, -1.000000000000000000 ) ) ;
#356 = CARTESIAN_POINT ( 'NONE',  ( 31.00000000000000000, -56.57658473601188831, 40.00000000000000000 ) ) ;
#357 = CARTESIAN_POINT ( 'NONE',  ( 36.00000000000009237, -73.57658473601189542, 27.00000000000000000 ) ) ;
#358 = ADVANCED_FACE ( 'NONE', ( #3594 ), #6532, .F. ) ;
#359 = CARTESIAN_POINT ( 'NONE',  ( -31.00000000000000000, -46.67708979940022118, 38.50000000000000000 ) ) ;
#360 = ORIENTED_EDGE ( 'NONE', *, *, #7074, .F. ) ;
#361 = LINE ( 'NONE', #2767, #3946 ) ;
#362 = EDGE_CURVE ( 'NONE', #1202, #3616, #1982, .T. ) ;
#363 = EDGE_CURVE ( 'NONE', #1529, #3781, #2263, .T. ) ;
#364 = AXIS2_PLACEMENT_3D ( 'NONE', #1493, #3333, #2738 ) ;
#365 = LINE ( 'NONE', #2537, #6044 ) ;
#366 = CC_DESIGN_PERSON_AND_ORGANIZATION_ASSIGNMENT ( #5332, #7818, ( #4455 ) ) ;
#367 = CARTESIAN_POINT ( 'NONE',  ( 35.00000000000000000, -71.57658473601189542, -53.00000000000000000 ) ) ;
#368 = DIRECTION ( 'NONE',  ( 0.000000000000000000, -1.000000000000000000, 0.000000000000000000 ) ) ;
#369 = ORIENTED_EDGE ( 'NONE', *, *, #3750, .T. ) ;
#370 = DIRECTION ( 'NONE',  ( 0.000000000000000000, 0.000000000000000000, 1.000000000000000000 ) ) ;
#371 = ADVANCED_FACE ( 'NONE', ( #3860 ), #1610, .F. ) ;
#372 = LINE ( 'NONE', #7214, #5649 ) ;
#373 = FACE_OUTER_BOUND ( 'NONE', #3944, .T. ) ;
#374 = DIRECTION ( 'NONE',  ( 1.000000000000000000, 0.000000000000000000, 0.000000000000000000 ) ) ;
#375 = AXIS2_PLACEMENT_3D ( 'NONE', #4581, #5966, #1074 ) ;
#376 = ORIENTED_EDGE ( 'NONE', *, *, #6694, .F. ) ;
#377 = DIRECTION ( 'NONE',  ( -0.000000000000000000, -1.000000000000000000, -0.000000000000000000 ) ) ;
#378 = DIRECTION ( 'NONE',  ( -1.000000000000000000, 0.000000000000000000, 0.000000000000000000 ) ) ;
#379 = LINE ( 'NONE', #3771, #6621 ) ;
#380 = VECTOR ( 'NONE', #1140, 1000.000000000000000 ) ;
#381 = CARTESIAN_POINT ( 'NONE',  ( 33.99999999999998579, -15.00000000000000355, -1.000000000000000000 ) ) ;
#382 = CARTESIAN_POINT ( 'NONE',  ( 34.48502089982753915, 35.39539145689680311, 112.7371566806151435 ) ) ;
#383 = EDGE_LOOP ( 'NONE', ( #3050, #5916 ) ) ;
#384 = ORIENTED_EDGE ( 'NONE', *, *, #7388, .T. ) ;
#385 = DIRECTION ( 'NONE',  ( -0.000000000000000000, -1.000000000000000000, -0.000000000000000000 ) ) ;
#386 = CARTESIAN_POINT ( 'NONE',  ( -33.99999999999997868, 15.49999999999999467, 1.500000000000000000 ) ) ;
#387 = ORIENTED_EDGE ( 'NONE', *, *, #5721, .F. ) ;
#388 = VECTOR ( 'NONE', #219, 1000.000000000000000 ) ;
#389 = DIRECTION ( 'NONE',  ( 0.5773502691896245098, 0.5773502691896230665, 0.5773502691896296168 ) ) ;
#390 = DIRECTION ( 'NONE',  ( 0.000000000000000000, 1.000000000000000000, 0.000000000000000000 ) ) ;
#391 = VECTOR ( 'NONE', #3545, 1000.000000000000000 ) ;
#392 = ADVANCED_FACE ( 'NONE', ( #2075 ), #7729, .F. ) ;
#393 = ORIENTED_EDGE ( 'NONE', *, *, #421, .F. ) ;
#394 = AXIS2_PLACEMENT_3D ( 'NONE', #4747, #2870, #5313 ) ;
#395 = EDGE_LOOP ( 'NONE', ( #3181, #5774, #6759, #3958 ) ) ;
#396 = VERTEX_POINT ( 'NONE', #4122 ) ;
#397 = CARTESIAN_POINT ( 'NONE',  ( 37.00000000000000711, -73.57658473601189542, -59.00000000000000000 ) ) ;
#398 = ORIENTED_EDGE ( 'NONE', *, *, #6829, .F. ) ;
#399 = CARTESIAN_POINT ( 'NONE',  ( -34.00000000000000000, 14.99999999999999645, -1.000000000000000000 ) ) ;
#400 = VERTEX_POINT ( 'NONE', #7709 ) ;
#401 = DIRECTION ( 'NONE',  ( 0.000000000000000000, -1.000000000000000000, 0.000000000000000000 ) ) ;
#402 = LINE ( 'NONE', #5941, #5028 ) ;
#403 = DIRECTION ( 'NONE',  ( -0.000000000000000000, 0.000000000000000000, 1.000000000000000000 ) ) ;
#404 = DATE_AND_TIME ( #1729, #7766 ) ;
#405 = ADVANCED_FACE ( 'NONE', ( #6884 ), #5952, .T. ) ;
#406 = VERTEX_POINT ( 'NONE', #1053 ) ;
#407 = EDGE_CURVE ( 'NONE', #4631, #5831, #7550, .T. ) ;
#408 = ORIENTED_EDGE ( 'NONE', *, *, #5645, .T. ) ;
#409 = LINE ( 'NONE', #1899, #5035 ) ;
#410 = AXIS2_PLACEMENT_3D ( 'NONE', #3938, #5196, #7582 ) ;
#411 = CARTESIAN_POINT ( 'NONE',  ( 37.00000000000009237, -56.57658473601188831, 24.99999999999999645 ) ) ;
#412 = LINE ( 'NONE', #1743, #5342 ) ;
#413 = DIRECTION ( 'NONE',  ( -0.000000000000000000, -1.000000000000000000, -0.000000000000000000 ) ) ;
#414 = DIRECTION ( 'NONE',  ( -0.000000000000000000, -0.000000000000000000, -1.000000000000000000 ) ) ;
#415 = EDGE_LOOP ( 'NONE', ( #5764, #5092, #5688, #7109 ) ) ;
#416 = VECTOR ( 'NONE', #6991, 1000.000000000000000 ) ;
#417 = CARTESIAN_POINT ( 'NONE',  ( 37.00000000000000711, -73.57658473601189542, -59.00000000000000000 ) ) ;
#418 = ADVANCED_FACE ( 'NONE', ( #2921 ), #7322, .F. ) ;
#419 = DATE_TIME_ROLE ( 'creation_date' ) ;
#420 = LINE ( 'NONE', #1664, #7686 ) ;
#421 = EDGE_CURVE ( 'NONE', #596, #1537, #929, .T. ) ;
#422 = CARTESIAN_POINT ( 'NONE',  ( 35.00000000000000000, -71.57658473601189542, 51.00000000000000000 ) ) ;
#423 = DIRECTION ( 'NONE',  ( 0.000000000000000000, 1.000000000000000000, 0.000000000000000000 ) ) ;
#424 = DIRECTION ( 'NONE',  ( -1.000000000000000000, 0.000000000000000000, -0.000000000000000000 ) ) ;
#425 =( GEOMETRIC_REPRESENTATION_CONTEXT ( 3 ) GLOBAL_UNCERTAINTY_ASSIGNED_CONTEXT ( ( #6258 ) ) GLOBAL_UNIT_ASSIGNED_CONTEXT ( ( #304, #2116, #5230 ) ) REPRESENTATION_CONTEXT ( 'NONE', 'WORKASPACE' ) );
#426 = CARTESIAN_POINT ( 'NONE',  ( 37.00000000000000711, -73.57658473601189542, -59.00000000000000000 ) ) ;
#427 = ORIENTED_EDGE ( 'NONE', *, *, #3365, .T. ) ;
#428 = VECTOR ( 'NONE', #3633, 1000.000000000000000 ) ;
#429 = DIRECTION ( 'NONE',  ( 0.000000000000000000, 0.000000000000000000, -1.000000000000000000 ) ) ;
#430 = CARTESIAN_POINT ( 'NONE',  ( 37.00000000000000711, -73.57658473601189542, 54.99999999999999289 ) ) ;
#431 = ORIENTED_EDGE ( 'NONE', *, *, #1853, .T. ) ;
#432 = FACE_OUTER_BOUND ( 'NONE', #7767, .T. ) ;
#433 = DIRECTION ( 'NONE',  ( 0.000000000000000000, 0.000000000000000000, 1.000000000000000000 ) ) ;
#434 = DIRECTION ( 'NONE',  ( 0.000000000000000000, 1.000000000000000000, -0.000000000000000000 ) ) ;
#435 = ORIENTED_EDGE ( 'NONE', *, *, #7, .F. ) ;
#436 = VECTOR ( 'NONE', #3185, 1000.000000000000000 ) ;
#437 = AXIS2_PLACEMENT_3D ( 'NONE', #4530, #6388, #2705 ) ;
#438 = APPLICATION_CONTEXT ( 'configuration controlled 3d designs of mechanical parts and assemblies' ) ;
#439 = VERTEX_POINT ( 'NONE', #6120 ) ;
#440 = CYLINDRICAL_SURFACE ( 'NONE', #2855, 1.499999999999994449 ) ;
#441 = DIRECTION ( 'NONE',  ( -0.000000000000000000, -1.000000000000000000, -0.000000000000000000 ) ) ;
#442 = ORIENTED_EDGE ( 'NONE', *, *, #1166, .F. ) ;
#443 = CARTESIAN_POINT ( 'NONE',  ( 33.99999999999996447, -15.50000000000000178, 1.500000000000000000 ) ) ;
#444 = FACE_OUTER_BOUND ( 'NONE', #3523, .T. ) ;
#445 = ORIENTED_EDGE ( 'NONE', *, *, #1735, .F. ) ;
#446 = ORIENTED_EDGE ( 'NONE', *, *, #2260, .T. ) ;
#447 = DIRECTION ( 'NONE',  ( 1.000000000000000000, 0.000000000000000000, 0.000000000000000000 ) ) ;
#448 = CARTESIAN_POINT ( 'NONE',  ( 37.00000000000000711, -73.57658473601189542, 1.000000000000000888 ) ) ;
#449 = CARTESIAN_POINT ( 'NONE',  ( -40.00000000000000711, -56.57658473601188831, -59.00000000000000000 ) ) ;
#450 = ORIENTED_EDGE ( 'NONE', *, *, #2922, .T. ) ;
#451 = DIRECTION ( 'NONE',  ( 0.000000000000000000, -1.000000000000000000, 0.000000000000000000 ) ) ;
#452 = EDGE_CURVE ( 'NONE', #3634, #6011, #6318, .T. ) ;
#453 = FACE_OUTER_BOUND ( 'NONE', #5613, .T. ) ;
#454 = CARTESIAN_POINT ( 'NONE',  ( -35.00000000000000000, -56.57658473601188831, -54.99999999999999289 ) ) ;
#455 = AXIS2_PLACEMENT_3D ( 'NONE', #7499, #1683, #5284 ) ;
#456 = ADVANCED_FACE ( 'NONE', ( #4523 ), #157, .T. ) ;
#457 = PERSON_AND_ORGANIZATION ( #1820, #6598 ) ;
#458 = EDGE_LOOP ( 'NONE', ( #4739, #6309, #5785, #2560, #2313, #1048, #5367, #2000 ) ) ;
#459 = DIRECTION ( 'NONE',  ( 0.000000000000000000, 1.000000000000000000, -0.000000000000000000 ) ) ;
#460 = LINE ( 'NONE', #3065, #3168 ) ;
#461 = PLANE ( 'NONE',  #3816 ) ;
#462 = LINE ( 'NONE', #3788, #2054 ) ;
#463 = EDGE_CURVE ( 'NONE', #5280, #6678, #4727, .T. ) ;
#464 = EDGE_CURVE ( 'NONE', #322, #4259, #277, .T. ) ;
#465 = ORIENTED_EDGE ( 'NONE', *, *, #6909, .T. ) ;
#466 = CARTESIAN_POINT ( 'NONE',  ( 40.00000000000000711, -56.57658473601188831, -59.00000000000000000 ) ) ;
#467 = APPROVAL_STATUS ( 'not_yet_approved' ) ;
#468 = VECTOR ( 'NONE', #1124, 1000.000000000000000 ) ;
#469 = CARTESIAN_POINT ( 'NONE',  ( 37.00000000000000711, -73.57658473601189542, 59.00000000000000000 ) ) ;
#470 = LINE ( 'NONE', #5320, #826 ) ;
#471 = DIRECTION ( 'NONE',  ( 0.000000000000000000, 1.000000000000000000, 0.000000000000000000 ) ) ;
#472 = DIRECTION ( 'NONE',  ( 0.3162277660168382187, 0.000000000000000000, -0.9486832980505136570 ) ) ;
#473 = ORIENTED_EDGE ( 'NONE', *, *, #5016, .F. ) ;
#474 = EDGE_CURVE ( 'NONE', #4955, #6237, #2917, .T. ) ;
#475 = EDGE_CURVE ( 'NONE', #5875, #7655, #5097, .T. ) ;
#476 = AXIS2_PLACEMENT_3D ( 'NONE', #3615, #7290, #5440 ) ;
#477 = VECTOR ( 'NONE', #2517, 1000.000000000000000 ) ;
#478 = CARTESIAN_POINT ( 'NONE',  ( -37.00000000000000711, -56.57658473601188831, 53.00000000000000000 ) ) ;
#479 = LINE ( 'NONE', #6760, #4154 ) ;
#480 = CARTESIAN_POINT ( 'NONE',  ( 36.00000000000000711, -56.57658473601188831, -1.000000000000000000 ) ) ;
#481 = DIRECTION ( 'NONE',  ( -0.3162277660168382187, 0.000000000000000000, -0.9486832980505136570 ) ) ;
#482 = ORIENTED_EDGE ( 'NONE', *, *, #339, .T. ) ;
#483 = CIRCLE ( 'NONE', #364, 3.500000000000003109 ) ;
#484 = FACE_OUTER_BOUND ( 'NONE', #4178, .T. ) ;
#485 = CARTESIAN_POINT ( 'NONE',  ( -31.00000000000000000, -56.57658473601188831, 43.50000000000000711 ) ) ;
#486 = EDGE_LOOP ( 'NONE', ( #1821, #1215, #6447, #7243 ) ) ;
#487 = DIRECTION ( 'NONE',  ( -1.000000000000000000, 0.000000000000000000, 0.000000000000000000 ) ) ;
#488 = ORIENTED_EDGE ( 'NONE', *, *, #4919, .F. ) ;
#489 = VERTEX_POINT ( 'NONE', #83 ) ;
#490 = EDGE_LOOP ( 'NONE', ( #2015, #7827 ) ) ;
#491 = VERTEX_POINT ( 'NONE', #1893 ) ;
#492 = COORDINATED_UNIVERSAL_TIME_OFFSET ( 2, 0, .AHEAD. ) ;
#493 = LINE ( 'NONE', #41, #7276 ) ;
#494 = DIRECTION ( 'NONE',  ( 0.000000000000000000, 0.000000000000000000, -1.000000000000000000 ) ) ;
#495 = ADVANCED_FACE ( 'NONE', ( #3854 ), #3066, .F. ) ;
#496 = DATE_TIME_ROLE ( 'creation_date' ) ;
#497 = CARTESIAN_POINT ( 'NONE',  ( 37.00000000000000711, -73.57658473601189542, -59.00000000000000000 ) ) ;
#498 = ORIENTED_EDGE ( 'NONE', *, *, #1766, .F. ) ;
#499 = CALENDAR_DATE ( 2022, 27, 1 ) ;
#500 = LINE ( 'NONE', #1964, #2657 ) ;
#501 = CALENDAR_DATE ( 2022, 27, 1 ) ;
#502 = CARTESIAN_POINT ( 'NONE',  ( -37.00000000000000711, -56.57658473601188831, 4.000000000000000888 ) ) ;
#503 = DIRECTION ( 'NONE',  ( 0.000000000000000000, 1.000000000000000000, 0.000000000000000000 ) ) ;
#504 = DIRECTION ( 'NONE',  ( 0.3162277660168382742, 0.000000000000000000, 0.9486832980505137680 ) ) ;
#505 = DIRECTION ( 'NONE',  ( 0.000000000000000000, 0.000000000000000000, 1.000000000000000000 ) ) ;
#506 = ORIENTED_EDGE ( 'NONE', *, *, #7388, .F. ) ;
#507 = VERTEX_POINT ( 'NONE', #2541 ) ;
#508 = VECTOR ( 'NONE', #87, 1000.000000000000000 ) ;
#509 = EDGE_CURVE ( 'NONE', #4433, #6365, #6134, .T. ) ;
#510 = LINE ( 'NONE', #4963, #6740 ) ;
#511 = EDGE_CURVE ( 'NONE', #110, #6827, #1408, .T. ) ;
#512 = ORIENTED_EDGE ( 'NONE', *, *, #5557, .F. ) ;
#513 = AXIS2_PLACEMENT_3D ( 'NONE', #1306, #6754, #6723 ) ;
#514 = DIRECTION ( 'NONE',  ( 0.000000000000000000, 0.000000000000000000, 1.000000000000000000 ) ) ;
#515 = LINE ( 'NONE', #6015, #7490 ) ;
#516 = EDGE_LOOP ( 'NONE', ( #3199, #604, #4352, #1719 ) ) ;
#517 = PERSON_AND_ORGANIZATION_ROLE ( 'creator' ) ;
#518 = FACE_OUTER_BOUND ( 'NONE', #1730, .T. ) ;
#519 = EDGE_CURVE ( 'NONE', #4342, #3107, #1036, .T. ) ;
#520 = EDGE_CURVE ( 'NONE', #2969, #4534, #3497, .T. ) ;
#521 = DIRECTION ( 'NONE',  ( 0.000000000000000000, 0.000000000000000000, -1.000000000000000000 ) ) ;
#522 = SECURITY_CLASSIFICATION ( '', '', #3031 ) ;
#523 = CARTESIAN_POINT ( 'NONE',  ( -36.00000000000009948, -73.57658473601189542, 25.00000000000000000 ) ) ;
#524 = ORIENTED_EDGE ( 'NONE', *, *, #5289, .F. ) ;
#525 = VECTOR ( 'NONE', #3827, 1000.000000000000114 ) ;
#526 = DIRECTION ( 'NONE',  ( -0.000000000000000000, -1.000000000000000000, -0.000000000000000000 ) ) ;
#527 = CARTESIAN_POINT ( 'NONE',  ( 37.00000000000000711, -56.57658473601188831, -1.000000000000000888 ) ) ;
#528 = CARTESIAN_POINT ( 'NONE',  ( -35.00000000000000000, 0.000000000000000000, 53.00000000000000000 ) ) ;
#529 = DIRECTION ( 'NONE',  ( 0.9486832980505137680, 0.000000000000000000, -0.3162277660168381077 ) ) ;
#530 = DIRECTION ( 'NONE',  ( -1.000000000000000000, 0.000000000000000000, 0.000000000000000000 ) ) ;
#531 = AXIS2_PLACEMENT_3D ( 'NONE', #2257, #7708, #7165 ) ;
#532 = ORIENTED_EDGE ( 'NONE', *, *, #1550, .F. ) ;
#533 = FACE_OUTER_BOUND ( 'NONE', #78, .T. ) ;
#534 = EDGE_LOOP ( 'NONE', ( #2409, #7160, #1108, #5577 ) ) ;
#535 = CARTESIAN_POINT ( 'NONE',  ( -37.00000000000000711, -56.57658473601188831, -53.00000000000000000 ) ) ;
#536 = ORIENTED_EDGE ( 'NONE', *, *, #3785, .T. ) ;
#537 = ORIENTED_EDGE ( 'NONE', *, *, #7687, .F. ) ;
#538 = VECTOR ( 'NONE', #6575, 1000.000000000000000 ) ;
#539 = CARTESIAN_POINT ( 'NONE',  ( 0.000000000000000000, 15.49999999999999467, 1.000000000000000000 ) ) ;
#540 = APPROVAL_DATE_TIME ( #1686, #711 ) ;
#541 = DIRECTION ( 'NONE',  ( -0.000000000000000000, -0.000000000000000000, -1.000000000000000000 ) ) ;
#542 = ORIENTED_EDGE ( 'NONE', *, *, #7740, .T. ) ;
#543 = CARTESIAN_POINT ( 'NONE',  ( -37.00000000000000711, -56.57658473601188831, 59.00000000000000000 ) ) ;
#544 = PLANE ( 'NONE',  #4679 ) ;
#545 = ORIENTED_EDGE ( 'NONE', *, *, #3421, .T. ) ;
#546 = CIRCLE ( 'NONE', #6342, 1.500000000000001332 ) ;
#547 = DIRECTION ( 'NONE',  ( -0.000000000000000000, 0.000000000000000000, 1.000000000000000000 ) ) ;
#548 = EDGE_CURVE ( 'NONE', #2732, #3757, #6054, .T. ) ;
#549 = ORIENTED_EDGE ( 'NONE', *, *, #7740, .F. ) ;
#550 = PLANE ( 'NONE',  #975 ) ;
#551 = AXIS2_PLACEMENT_3D ( 'NONE', #89, #2498, #6737 ) ;
#552 = VECTOR ( 'NONE', #3363, 1000.000000000000000 ) ;
#553 = VECTOR ( 'NONE', #898, 1000.000000000000000 ) ;
#554 = DIRECTION ( 'NONE',  ( 0.000000000000000000, 1.000000000000000000, -0.000000000000000000 ) ) ;
#555 = ORIENTED_EDGE ( 'NONE', *, *, #5287, .T. ) ;
#556 = CARTESIAN_POINT ( 'NONE',  ( -40.00000000000000711, -76.57658473601189542, -59.00000000000000000 ) ) ;
#557 = VECTOR ( 'NONE', #472, 1000.000000000000114 ) ;
#558 = EDGE_CURVE ( 'NONE', #1382, #998, #5761, .T. ) ;
#559 = EDGE_CURVE ( 'NONE', #2405, #5497, #5663, .T. ) ;
#560 = CIRCLE ( 'NONE', #5003, 3.500000000000003109 ) ;
#561 = CC_DESIGN_PERSON_AND_ORGANIZATION_ASSIGNMENT ( #347, #1013, ( #5422 ) ) ;
#562 = PLANE ( 'NONE',  #6079 ) ;
#563 = APPROVAL_STATUS ( 'not_yet_approved' ) ;
#564 = EDGE_LOOP ( 'NONE', ( #4103, #886, #6679, #837 ) ) ;
#565 = CARTESIAN_POINT ( 'NONE',  ( 35.00000000000000000, 0.000000000000000000, 51.00000000000000000 ) ) ;
#566 = VECTOR ( 'NONE', #1025, 1000.000000000000000 ) ;
#567 = DIRECTION ( 'NONE',  ( -0.000000000000000000, -1.000000000000000000, -0.000000000000000000 ) ) ;
#568 = DIRECTION ( 'NONE',  ( 0.000000000000000000, 0.000000000000000000, 1.000000000000000000 ) ) ;
#569 = VECTOR ( 'NONE', #6010, 1000.000000000000000 ) ;
#570 = EDGE_CURVE ( 'NONE', #1580, #6171, #6228, .T. ) ;
#571 = AXIS2_PLACEMENT_3D ( 'NONE', #4829, #2431, #5532 ) ;
#572 = VERTEX_POINT ( 'NONE', #1765 ) ;
#573 = ORIENTED_EDGE ( 'NONE', *, *, #2227, .T. ) ;
#574 = CARTESIAN_POINT ( 'NONE',  ( -34.00000000000000000, 14.99999999999999645, 1.000000000000000000 ) ) ;
#575 = ORIENTED_EDGE ( 'NONE', *, *, #5164, .F. ) ;
#576 = ORIENTED_EDGE ( 'NONE', *, *, #2423, .T. ) ;
#577 = LINE ( 'NONE', #1004, #391 ) ;
#578 = DIRECTION ( 'NONE',  ( 0.000000000000000000, 1.000000000000000000, 0.000000000000000000 ) ) ;
#579 = ORIENTED_EDGE ( 'NONE', *, *, #5389, .F. ) ;
#580 = ORIENTED_EDGE ( 'NONE', *, *, #3264, .F. ) ;
#581 = ORIENTED_EDGE ( 'NONE', *, *, #2366, .F. ) ;
#582 = ORIENTED_EDGE ( 'NONE', *, *, #6219, .T. ) ;
#583 = CARTESIAN_POINT ( 'NONE',  ( 31.00000000000000000, -73.57658473601189542, 40.00000000000000000 ) ) ;
#584 = ORIENTED_EDGE ( 'NONE', *, *, #6601, .F. ) ;
#585 = LINE ( 'NONE', #4853, #7096 ) ;
#586 = CARTESIAN_POINT ( 'NONE',  ( 35.00000000000000000, -71.57658473601189542, 54.99999999999999289 ) ) ;
#587 = DATE_AND_TIME ( #5598, #7197 ) ;
#588 = PLANE ( 'NONE',  #5741 ) ;
#589 = VERTEX_POINT ( 'NONE', #4322 ) ;
#590 = VECTOR ( 'NONE', #2267, 1000.000000000000000 ) ;
#591 = APPROVAL_ROLE ( '' ) ;
#592 = LINE ( 'NONE', #6001, #3032 ) ;
#593 = CARTESIAN_POINT ( 'NONE',  ( 31.00000000000000000, -46.67708979940022118, 41.49999999999999289 ) ) ;
#594 = CARTESIAN_POINT ( 'NONE',  ( -35.00000000000000000, -56.57658473601188831, 54.99999999999999289 ) ) ;
#595 = DIRECTION ( 'NONE',  ( 1.000000000000000000, 0.000000000000000000, -8.673617379884027583E-16 ) ) ;
#596 = VERTEX_POINT ( 'NONE', #3739 ) ;
#597 = EDGE_CURVE ( 'NONE', #5080, #188, #1882, .T. ) ;
#598 = VERTEX_POINT ( 'NONE', #4377 ) ;
#599 = FACE_OUTER_BOUND ( 'NONE', #872, .T. ) ;
#600 = CARTESIAN_POINT ( 'NONE',  ( -37.00000000000000711, -73.57658473601189542, -1.000000000000000888 ) ) ;
#601 = DIRECTION ( 'NONE',  ( 1.000000000000000000, 0.000000000000000000, -0.000000000000000000 ) ) ;
#602 = DIRECTION ( 'NONE',  ( 1.000000000000000000, 0.000000000000000000, -0.000000000000000000 ) ) ;
#603 = CARTESIAN_POINT ( 'NONE',  ( 35.00000000000000000, 0.000000000000000000, 53.00000000000000000 ) ) ;
#604 = ORIENTED_EDGE ( 'NONE', *, *, #5871, .F. ) ;
#605 = LINE ( 'NONE', #4633, #7023 ) ;
#606 = EDGE_CURVE ( 'NONE', #3565, #2884, #7648, .T. ) ;
#607 = EDGE_CURVE ( 'NONE', #1501, #3642, #4429, .T. ) ;
#608 = CARTESIAN_POINT ( 'NONE',  ( -37.00000000000000711, -73.57658473601189542, -59.00000000000000000 ) ) ;
#609 = DIRECTION ( 'NONE',  ( 1.000000000000000000, 0.000000000000000000, 0.000000000000000000 ) ) ;
#610 = ORIENTED_EDGE ( 'NONE', *, *, #2425, .T. ) ;
#611 = LINE ( 'NONE', #1328, #1184 ) ;
#612 = CARTESIAN_POINT ( 'NONE',  ( 34.49999999999998579, 0.000000000000000000, 1.500000000000000000 ) ) ;
#613 = APPLICATION_CONTEXT ( 'configuration controlled 3d designs of mechanical parts and assemblies' ) ;
#614 = EDGE_CURVE ( 'NONE', #3136, #3840, #6528, .T. ) ;
#615 = ORIENTED_EDGE ( 'NONE', *, *, #475, .T. ) ;
#616 = DIRECTION ( 'NONE',  ( 0.000000000000000000, 0.000000000000000000, -1.000000000000000000 ) ) ;
#617 = DIRECTION ( 'NONE',  ( 0.000000000000000000, 0.000000000000000000, 1.000000000000000000 ) ) ;
#618 = VECTOR ( 'NONE', #2672, 1000.000000000000000 ) ;
#619 = ORIENTED_EDGE ( 'NONE', *, *, #7530, .T. ) ;
#620 = VECTOR ( 'NONE', #1446, 1000.000000000000000 ) ;
#621 = DIRECTION ( 'NONE',  ( -0.000000000000000000, 0.000000000000000000, -1.000000000000000000 ) ) ;
#622 = CARTESIAN_POINT ( 'NONE',  ( 37.00000000000000711, -73.57658473601189542, -59.00000000000000000 ) ) ;
#623 = ORIENTED_EDGE ( 'NONE', *, *, #683, .T. ) ;
#624 = LINE ( 'NONE', #5539, #7230 ) ;
#625 = VERTEX_POINT ( 'NONE', #1464 ) ;
#626 = ORIENTED_EDGE ( 'NONE', *, *, #2786, .T. ) ;
#627 = CARTESIAN_POINT ( 'NONE',  ( -31.00000000000000000, -56.57658473601188831, 43.50000000000000711 ) ) ;
#628 = ORIENTED_EDGE ( 'NONE', *, *, #6589, .F. ) ;
#629 = ORIENTED_EDGE ( 'NONE', *, *, #5886, .F. ) ;
#630 = CIRCLE ( 'NONE', #814, 3.500000000000003109 ) ;
#631 = CARTESIAN_POINT ( 'NONE',  ( 37.00000000000000711, -76.73886239618028071, 4.000000000000000888 ) ) ;
#632 = APPROVAL_PERSON_ORGANIZATION ( #3074, #1779, #1094 ) ;
#633 = ORIENTED_EDGE ( 'NONE', *, *, #7280, .F. ) ;
#634 = APPROVAL_ROLE ( '' ) ;
#635 = FACE_OUTER_BOUND ( 'NONE', #6465, .T. ) ;
#636 = AXIS2_PLACEMENT_3D ( 'NONE', #3780, #5531, #718 ) ;
#637 = CARTESIAN_POINT ( 'NONE',  ( 36.00000000000009237, -56.57658473601188831, 24.99999999999999645 ) ) ;
#638 = SHAPE_DEFINITION_REPRESENTATION ( #6351, #7604 ) ;
#639 = DIRECTION ( 'NONE',  ( 0.000000000000000000, 1.000000000000000000, 0.000000000000000000 ) ) ;
#640 = DIRECTION ( 'NONE',  ( 0.000000000000000000, -1.000000000000000000, 0.000000000000000000 ) ) ;
#641 = ORIENTED_EDGE ( 'NONE', *, *, #5002, .F. ) ;
#642 = VECTOR ( 'NONE', #4583, 1000.000000000000000 ) ;
#643 = PLANE ( 'NONE',  #1817 ) ;
#644 = DIRECTION ( 'NONE',  ( 0.000000000000000000, 1.000000000000000000, 0.000000000000000000 ) ) ;
#645 = LINE ( 'NONE', #337, #3682 ) ;
#646 = PRODUCT ( 'side', 'side', '', ( #4746 ) ) ;
#647 = DIRECTION ( 'NONE',  ( 0.000000000000000000, 1.000000000000000000, 0.000000000000000000 ) ) ;
#648 = EDGE_CURVE ( 'NONE', #1643, #7375, #95, .T. ) ;
#649 = DIRECTION ( 'NONE',  ( 0.000000000000000000, -1.000000000000000000, 0.000000000000000000 ) ) ;
#650 = EDGE_LOOP ( 'NONE', ( #1623, #4844, #5510, #7555 ) ) ;
#651 = ORIENTED_EDGE ( 'NONE', *, *, #222, .F. ) ;
#652 = VECTOR ( 'NONE', #2569, 1000.000000000000000 ) ;
#653 = DIRECTION ( 'NONE',  ( -0.000000000000000000, -0.000000000000000000, -1.000000000000000000 ) ) ;
#654 = LINE ( 'NONE', #913, #5869 ) ;
#655 = CARTESIAN_POINT ( 'NONE',  ( 37.00000000000009237, -56.57658473601188831, 24.99999999999999645 ) ) ;
#656 = ORIENTED_EDGE ( 'NONE', *, *, #696, .F. ) ;
#657 = EDGE_CURVE ( 'NONE', #6090, #1552, #2834, .T. ) ;
#658 = EDGE_CURVE ( 'NONE', #6749, #7383, #1226, .T. ) ;
#659 = CYLINDRICAL_SURFACE ( 'NONE', #3328, 1.499999999999994449 ) ;
#660 = CC_DESIGN_DATE_AND_TIME_ASSIGNMENT ( #3294, #3053, ( #3892 ) ) ;
#661 = LINE ( 'NONE', #662, #840 ) ;
#662 = CARTESIAN_POINT ( 'NONE',  ( -37.00000000000000711, -73.57658473601189542, 54.99999999999999289 ) ) ;
#663 = VERTEX_POINT ( 'NONE', #783 ) ;
#664 = EDGE_LOOP ( 'NONE', ( #4085, #169, #3828, #291 ) ) ;
#665 = CARTESIAN_POINT ( 'NONE',  ( -31.00000000000000000, -56.57658473601188831, -40.00000000000000000 ) ) ;
#666 = ORIENTED_EDGE ( 'NONE', *, *, #5424, .F. ) ;
#667 = CARTESIAN_POINT ( 'NONE',  ( -37.00000000000009237, -76.73886239618028071, -22.00000000000000000 ) ) ;
#668 = VERTEX_POINT ( 'NONE', #754 ) ;
#669 = LOCAL_TIME ( 13, 37, 31.00000000000000000, #492 ) ;
#670 = DATE_AND_TIME ( #955, #3304 ) ;
#671 = AXIS2_PLACEMENT_3D ( 'NONE', #4346, #4945, #5565 ) ;
#672 = CARTESIAN_POINT ( 'NONE',  ( -38.00000000000002842, -56.57658473601188831, 57.99999999999999289 ) ) ;
#673 = PLANE ( 'NONE',  #1246 ) ;
#674 = PLANE ( 'NONE',  #3166 ) ;
#675 = VERTEX_POINT ( 'NONE', #1387 ) ;
#676 = CARTESIAN_POINT ( 'NONE',  ( -31.00000000000000000, -46.67708979940022118, -38.50000000000000000 ) ) ;
#677 = ORIENTED_EDGE ( 'NONE', *, *, #860, .T. ) ;
#678 = DIRECTION ( 'NONE',  ( 1.000000000000000000, 0.000000000000000000, 0.000000000000000000 ) ) ;
#679 = FACE_OUTER_BOUND ( 'NONE', #5642, .T. ) ;
#680 = CIRCLE ( 'NONE', #1153, 3.000000000000002665 ) ;
#681 = CALENDAR_DATE ( 2022, 27, 1 ) ;
#682 = CARTESIAN_POINT ( 'NONE',  ( -36.00000000000009237, -76.73886239618028071, 24.99999999999999645 ) ) ;
#683 = EDGE_CURVE ( 'NONE', #6769, #5122, #5484, .T. ) ;
#684 = ORIENTED_EDGE ( 'NONE', *, *, #452, .F. ) ;
#685 = CARTESIAN_POINT ( 'NONE',  ( 33.99999999999998579, -15.00000000000000355, 1.500000000000000000 ) ) ;
#686 = EDGE_LOOP ( 'NONE', ( #3187, #576, #623, #5998, #902, #3140, #4381, #7553 ) ) ;
#687 = LINE ( 'NONE', #5983, #590 ) ;
#688 = VECTOR ( 'NONE', #4005, 1000.000000000000114 ) ;
#689 = CARTESIAN_POINT ( 'NONE',  ( 33.99999999999998579, 14.99999999999999645, -1.000000000000000000 ) ) ;
#690 = ORIENTED_EDGE ( 'NONE', *, *, #7314, .F. ) ;
#691 = VECTOR ( 'NONE', #7188, 1000.000000000000000 ) ;
#692 = PLANE ( 'NONE',  #636 ) ;
#693 = CARTESIAN_POINT ( 'NONE',  ( 35.00000000000000000, -71.57658473601189542, -51.00000000000000000 ) ) ;
#694 = CARTESIAN_POINT ( 'NONE',  ( -37.00000000000000711, -56.57658473601188831, -59.00000000000000000 ) ) ;
#695 = CARTESIAN_POINT ( 'NONE',  ( -33.99999999999997868, -18.00000000000000355, -1.000000000000000000 ) ) ;
#696 = EDGE_CURVE ( 'NONE', #6978, #1577, #4917, .T. ) ;
#697 = EDGE_LOOP ( 'NONE', ( #4272, #3029, #6404, #3093 ) ) ;
#698 = LINE ( 'NONE', #5078, #1273 ) ;
#699 = CARTESIAN_POINT ( 'NONE',  ( -37.00000000000000711, -56.57658473601188831, -59.00000000000000000 ) ) ;
#700 = CARTESIAN_POINT ( 'NONE',  ( -31.00000000000000000, -56.57658473601188831, -40.00000000000000000 ) ) ;
#701 = CARTESIAN_POINT ( 'NONE',  ( 36.00000000000009237, -73.57658473601189542, 24.99999999999999645 ) ) ;
#702 = DIRECTION ( 'NONE',  ( -0.000000000000000000, -0.000000000000000000, -1.000000000000000000 ) ) ;
#703 = CARTESIAN_POINT ( 'NONE',  ( -35.00000000000000000, -56.57658473601188831, 53.00000000000000000 ) ) ;
#704 = DIRECTION ( 'NONE',  ( 1.000000000000000000, 0.000000000000000000, -0.000000000000000000 ) ) ;
#705 = EDGE_LOOP ( 'NONE', ( #4593, #5796, #3787, #2351 ) ) ;
#706 = DIRECTION ( 'NONE',  ( -0.5773502691896245098, -0.5773502691896230665, 0.5773502691896296168 ) ) ;
#707 = FACE_OUTER_BOUND ( 'NONE', #6505, .T. ) ;
#708 = EDGE_CURVE ( 'NONE', #1376, #4286, #7540, .T. ) ;
#709 = ORIENTED_EDGE ( 'NONE', *, *, #961, .T. ) ;
#710 = EDGE_CURVE ( 'NONE', #2831, #7255, #4335, .T. ) ;
#711 = APPROVAL ( #6491, 'UNSPECIFIED' ) ;
#712 = DIRECTION ( 'NONE',  ( 0.000000000000000000, 0.000000000000000000, -1.000000000000000000 ) ) ;
#713 = CARTESIAN_POINT ( 'NONE',  ( -37.00000000000000711, -76.73886239618028071, 4.000000000000000888 ) ) ;
#714 = EDGE_LOOP ( 'NONE', ( #3564, #6457, #5872, #806 ) ) ;
#715 = FACE_OUTER_BOUND ( 'NONE', #6656, .T. ) ;
#716 = ORIENTED_EDGE ( 'NONE', *, *, #2811, .T. ) ;
#717 = EDGE_CURVE ( 'NONE', #317, #7262, #7257, .T. ) ;
#718 = DIRECTION ( 'NONE',  ( 0.000000000000000000, -1.000000000000000000, 0.000000000000000000 ) ) ;
#719 = AXIS2_PLACEMENT_3D ( 'NONE', #3384, #4526, #2785 ) ;
#720 = ORIENTED_EDGE ( 'NONE', *, *, #7635, .T. ) ;
#721 = ORIENTED_EDGE ( 'NONE', *, *, #6286, .T. ) ;
#722 = VERTEX_POINT ( 'NONE', #3218 ) ;
#723 = CIRCLE ( 'NONE', #7147, 3.500000000000003109 ) ;
#724 = LOCAL_TIME ( 13, 37, 31.00000000000000000, #6400 ) ;
#725 = ADVANCED_FACE ( 'NONE', ( #7161 ), #823, .T. ) ;
#726 = DIRECTION ( 'NONE',  ( 0.9486832980505137680, 0.000000000000000000, -0.3162277660168382742 ) ) ;
#727 = ORIENTED_EDGE ( 'NONE', *, *, #6826, .T. ) ;
#728 = DIRECTION ( 'NONE',  ( -0.000000000000000000, -1.000000000000000000, -0.000000000000000000 ) ) ;
#729 = ORIENTED_EDGE ( 'NONE', *, *, #6255, .F. ) ;
#730 = CIRCLE ( 'NONE', #5302, 1.499999999999994449 ) ;
#731 = CARTESIAN_POINT ( 'NONE',  ( -40.00000000000000711, -76.57658473601189542, 59.00000000000000000 ) ) ;
#732 = DIRECTION ( 'NONE',  ( -0.000000000000000000, -1.000000000000000000, -0.000000000000000000 ) ) ;
#733 = ORIENTED_EDGE ( 'NONE', *, *, #6026, .F. ) ;
#734 = CARTESIAN_POINT ( 'NONE',  ( -36.00000000000000711, -73.57658473601189542, 1.000000000000000000 ) ) ;
#735 = FACE_OUTER_BOUND ( 'NONE', #252, .T. ) ;
#736 = FACE_OUTER_BOUND ( 'NONE', #4413, .T. ) ;
#737 = DIRECTION ( 'NONE',  ( 0.000000000000000000, 0.000000000000000000, 1.000000000000000000 ) ) ;
#738 = EDGE_CURVE ( 'NONE', #3113, #6202, #2629, .T. ) ;
#739 = EDGE_LOOP ( 'NONE', ( #3401, #3830, #1688, #4572, #7016, #2937, #835, #73 ) ) ;
#740 = AXIS2_PLACEMENT_3D ( 'NONE', #7448, #6799, #232 ) ;
#741 = CARTESIAN_POINT ( 'NONE',  ( 33.99999999999998579, -15.00000000000000355, 1.000000000000000000 ) ) ;
#742 = VECTOR ( 'NONE', #4136, 1000.000000000000000 ) ;
#743 = DIRECTION ( 'NONE',  ( 0.000000000000000000, 1.000000000000000000, 0.000000000000000000 ) ) ;
#744 = VECTOR ( 'NONE', #6302, 1000.000000000000000 ) ;
#745 = ORIENTED_EDGE ( 'NONE', *, *, #2839, .F. ) ;
#746 = CARTESIAN_POINT ( 'NONE',  ( 37.00000000000000711, -56.57658473601188831, -59.00000000000000000 ) ) ;
#747 = DIRECTION ( 'NONE',  ( -0.000000000000000000, -1.000000000000000000, -0.000000000000000000 ) ) ;
#748 = PERSON ( 'NAUO-PER4', 'UNSPECIFIED', 'UNSPECIFIED', ('UNSPECIFIED'), ('UNSPECIFIED'), ('UNSPECIFIED') ) ;
#749 = LINE ( 'NONE', #1581, #4343 ) ;
#750 = EDGE_CURVE ( 'NONE', #2036, #6749, #3184, .T. ) ;
#751 = CARTESIAN_POINT ( 'NONE',  ( -37.00000000000000711, -73.57658473601189542, -22.00000000000026645 ) ) ;
#752 = EDGE_CURVE ( 'NONE', #6651, #3240, #1, .T. ) ;
#753 = VECTOR ( 'NONE', #61, 1000.000000000000000 ) ;
#754 = CARTESIAN_POINT ( 'NONE',  ( 37.00000000000000711, -73.57658473601189542, -51.00000000000000000 ) ) ;
#755 = ORIENTED_EDGE ( 'NONE', *, *, #5830, .T. ) ;
#756 = ORIENTED_EDGE ( 'NONE', *, *, #6966, .T. ) ;
#757 = VERTEX_POINT ( 'NONE', #3418 ) ;
#758 = ORIENTED_EDGE ( 'NONE', *, *, #3076, .F. ) ;
#759 = CARTESIAN_POINT ( 'NONE',  ( -31.00000000000000000, -73.57658473601189542, -36.50000000000000000 ) ) ;
#760 = LINE ( 'NONE', #1676, #1618 ) ;
#761 = CARTESIAN_POINT ( 'NONE',  ( 0.000000000000000000, 0.000000000000000000, 51.00000000000000000 ) ) ;
#762 = ORIENTED_EDGE ( 'NONE', *, *, #6327, .T. ) ;
#763 = EDGE_CURVE ( 'NONE', #3565, #6372, #7073, .T. ) ;
#764 = AXIS2_PLACEMENT_3D ( 'NONE', #1524, #401, #7537 ) ;
#765 = ADVANCED_FACE ( 'NONE', ( #1606, #2440 ), #4611, .F. ) ;
#766 = ORIENTED_EDGE ( 'NONE', *, *, #520, .T. ) ;
#767 = CLOSED_SHELL ( 'NONE', ( #6472, #1086, #1572, #5708, #3734, #7493, #1647, #6283, #3265, #7644, #7603, #6886, #7653, #1996, #725, #250, #4734, #3398, #865, #5795, #7590, #3320, #3411, #4521, #875, #1532, #3956, #270, #4502, #1684, #891, #392, #5212, #6521, #1553, #2631, #6435, #7367, #6394, #3129, #2780, #5152, #7695, #3385, #2814, #371, #2298, #2660, #2173, #237, #5605, #4422, #7479, #5162, #6227, #5116, #2613, #2536, #1506, #997, #851, #7041, #181, #3279, #2903, #314, #5129, #6481, #7410, #5805, #7544, #3307, #2144, #1596, #6934, #5781, #2218, #3235, #4540, #6413, #4584, #920, #3500, #7559, #7510, #4050, #985, #2056, #2647, #2770, #2109, #7733, #7631, #7050, #3910, #5199, #6894, #2675, #4443, #6153 ) ) ;
#768 = APPROVAL ( #5412, 'UNSPECIFIED' ) ;
#769 = VERTEX_POINT ( 'NONE', #4420 ) ;
#770 = DIRECTION ( 'NONE',  ( 0.000000000000000000, -0.000000000000000000, -1.000000000000000000 ) ) ;
#771 = LINE ( 'NONE', #4340, #1728 ) ;
#772 = CALENDAR_DATE ( 2022, 27, 1 ) ;
#773 = CARTESIAN_POINT ( 'NONE',  ( 35.00000000000000000, -71.57658473601189542, -54.99999999999994316 ) ) ;
#774 = ORIENTED_EDGE ( 'NONE', *, *, #7036, .F. ) ;
#775 = VERTEX_POINT ( 'NONE', #987 ) ;
#776 = LINE ( 'NONE', #1800, #7768 ) ;
#777 = AXIS2_PLACEMENT_3D ( 'NONE', #1763, #6629, #7264 ) ;
#778 = LINE ( 'NONE', #2305, #3209 ) ;
#779 = DIRECTION ( 'NONE',  ( -0.9486832980505137680, 0.000000000000000000, -0.3162277660168381077 ) ) ;
#780 = DIRECTION ( 'NONE',  ( 0.000000000000000000, 0.000000000000000000, 1.000000000000000000 ) ) ;
#781 = ORIENTED_EDGE ( 'NONE', *, *, #6483, .T. ) ;
#782 = VERTEX_POINT ( 'NONE', #880 ) ;
#783 = CARTESIAN_POINT ( 'NONE',  ( -33.99999999999997868, -18.00000000000000355, -1.000000000000000000 ) ) ;
#784 = CYLINDRICAL_SURFACE ( 'NONE', #2401, 1.500000000000001332 ) ;
#785 = DIRECTION ( 'NONE',  ( 0.000000000000000000, 0.000000000000000000, 1.000000000000000000 ) ) ;
#786 = DIRECTION ( 'NONE',  ( 0.9486832980505137680, -0.000000000000000000, 0.3162277660168382742 ) ) ;
#787 = DIRECTION ( 'NONE',  ( 1.000000000000000000, 0.000000000000000000, 0.000000000000000000 ) ) ;
#788 = VERTEX_POINT ( 'NONE', #7009 ) ;
#789 = FACE_OUTER_BOUND ( 'NONE', #6067, .T. ) ;
#790 = AXIS2_PLACEMENT_3D ( 'NONE', #7772, #5995, #3036 ) ;
#791 = PLANE ( 'NONE',  #1354 ) ;
#792 = ORIENTED_EDGE ( 'NONE', *, *, #4606, .F. ) ;
#793 = CYLINDRICAL_SURFACE ( 'NONE', #5041, 1.500000000000001332 ) ;
#794 = EDGE_CURVE ( 'NONE', #1537, #596, #1698, .T. ) ;
#795 = EDGE_LOOP ( 'NONE', ( #431, #2879, #3071, #6242 ) ) ;
#796 = DIRECTION ( 'NONE',  ( 1.000000000000000000, 0.000000000000000000, 0.000000000000000000 ) ) ;
#797 = DIRECTION ( 'NONE',  ( -0.000000000000000000, -0.000000000000000000, -1.000000000000000000 ) ) ;
#798 = LINE ( 'NONE', #2147, #2885 ) ;
#799 = DIRECTION ( 'NONE',  ( 0.000000000000000000, 0.000000000000000000, 1.000000000000000000 ) ) ;
#800 = DIRECTION ( 'NONE',  ( 0.5773502691896245098, -0.5773502691896230665, 0.5773502691896296168 ) ) ;
#801 = ORIENTED_EDGE ( 'NONE', *, *, #3655, .T. ) ;
#802 = EDGE_CURVE ( 'NONE', #2141, #4493, #1402, .T. ) ;
#803 = CIRCLE ( 'NONE', #7244, 3.500000000000003109 ) ;
#804 = ORIENTED_EDGE ( 'NONE', *, *, #7168, .F. ) ;
#805 = LINE ( 'NONE', #2468, #7042 ) ;
#806 = ORIENTED_EDGE ( 'NONE', *, *, #119, .F. ) ;
#807 = CARTESIAN_POINT ( 'NONE',  ( 36.00000000000009237, -73.57658473601189542, 27.00000000000000000 ) ) ;
#808 = ORIENTED_EDGE ( 'NONE', *, *, #7325, .F. ) ;
#809 = EDGE_LOOP ( 'NONE', ( #1860, #4831, #203, #6155, #93, #102, #1703, #3397 ) ) ;
#810 = EDGE_LOOP ( 'NONE', ( #7437, #4300, #7040, #4743 ) ) ;
#811 = ORIENTED_EDGE ( 'NONE', *, *, #6576, .F. ) ;
#812 = LINE ( 'NONE', #2224, #3250 ) ;
#813 = CARTESIAN_POINT ( 'NONE',  ( 37.00000000000000711, -73.57658473601189542, -59.00000000000000000 ) ) ;
#814 = AXIS2_PLACEMENT_3D ( 'NONE', #234, #6243, #2043 ) ;
#815 = PERSON_AND_ORGANIZATION ( #1820, #6598 ) ;
#816 = ORIENTED_EDGE ( 'NONE', *, *, #2936, .F. ) ;
#817 = LINE ( 'NONE', #5244, #4515 ) ;
#818 = CARTESIAN_POINT ( 'NONE',  ( -37.00000000000000711, -73.57658473601189542, -59.00000000000000000 ) ) ;
#819 = DIRECTION ( 'NONE',  ( 1.000000000000000000, 0.000000000000000000, 0.000000000000000000 ) ) ;
#820 = LINE ( 'NONE', #2641, #6789 ) ;
#821 = DIRECTION ( 'NONE',  ( 1.000000000000000000, 0.000000000000000000, 0.000000000000000000 ) ) ;
#822 = DIRECTION ( 'NONE',  ( 0.000000000000000000, 0.000000000000000000, -1.000000000000000000 ) ) ;
#823 = PLANE ( 'NONE',  #6043 ) ;
#824 = ORIENTED_EDGE ( 'NONE', *, *, #4966, .F. ) ;
#825 = VECTOR ( 'NONE', #5292, 1000.000000000000000 ) ;
#826 = VECTOR ( 'NONE', #7092, 1000.000000000000000 ) ;
#827 = DIRECTION ( 'NONE',  ( -0.000000000000000000, -1.000000000000000000, -0.000000000000000000 ) ) ;
#828 = EDGE_LOOP ( 'NONE', ( #5502, #6539, #1418, #2555 ) ) ;
#829 = ADVANCED_FACE ( 'NONE', ( #3001 ), #3973, .T. ) ;
#830 = VECTOR ( 'NONE', #1312, 1000.000000000000000 ) ;
#831 = LINE ( 'NONE', #6983, #5487 ) ;
#832 = EDGE_CURVE ( 'NONE', #6790, #6888, #6523, .T. ) ;
#833 = AXIS2_PLACEMENT_3D ( 'NONE', #1627, #1093, #4691 ) ;
#834 = CARTESIAN_POINT ( 'NONE',  ( -33.99999999999997868, 17.99999999999999645, -1.000000000000000000 ) ) ;
#835 = ORIENTED_EDGE ( 'NONE', *, *, #2976, .T. ) ;
#836 = PLANE ( 'NONE',  #7452 ) ;
#837 = ORIENTED_EDGE ( 'NONE', *, *, #1275, .F. ) ;
#838 = ORIENTED_EDGE ( 'NONE', *, *, #4108, .F. ) ;
#839 = LINE ( 'NONE', #857, #4926 ) ;
#840 = VECTOR ( 'NONE', #125, 1000.000000000000000 ) ;
#841 = ORIENTED_EDGE ( 'NONE', *, *, #3164, .T. ) ;
#842 = PLANE ( 'NONE',  #5621 ) ;
#843 = ORIENTED_EDGE ( 'NONE', *, *, #7476, .T. ) ;
#844 = EDGE_CURVE ( 'NONE', #3773, #2643, #6311, .T. ) ;
#845 = ORIENTED_EDGE ( 'NONE', *, *, #6132, .T. ) ;
#846 = EDGE_CURVE ( 'NONE', #5375, #5130, #3178, .T. ) ;
#847 = VERTEX_POINT ( 'NONE', #3351 ) ;
#848 = CC_DESIGN_DATE_AND_TIME_ASSIGNMENT ( #2238, #496, ( #6272 ) ) ;
#849 = APPROVAL_PERSON_ORGANIZATION ( #6081, #768, #4258 ) ;
#850 = VECTOR ( 'NONE', #3577, 1000.000000000000000 ) ;
#851 = ADVANCED_FACE ( 'NONE', ( #7251 ), #904, .T. ) ;
#852 = ORIENTED_EDGE ( 'NONE', *, *, #2206, .T. ) ;
#853 = ORIENTED_EDGE ( 'NONE', *, *, #1931, .T. ) ;
#854 = DIRECTION ( 'NONE',  ( -0.7071067811865507924, 0.000000000000000000, 0.7071067811865442421 ) ) ;
#855 = CARTESIAN_POINT ( 'NONE',  ( -34.50000000000000000, 14.99999999999999289, 1.500000000000000000 ) ) ;
#856 = CARTESIAN_POINT ( 'NONE',  ( 31.00000000000000000, -46.67708979940022118, -40.00000000000000000 ) ) ;
#857 = CARTESIAN_POINT ( 'NONE',  ( 31.00000000000000000, -46.67708979940022118, -36.50000000000000000 ) ) ;
#858 = FACE_OUTER_BOUND ( 'NONE', #1978, .T. ) ;
#859 = LINE ( 'NONE', #2040, #5506 ) ;
#860 = EDGE_CURVE ( 'NONE', #5101, #7403, #3377, .T. ) ;
#861 = EDGE_CURVE ( 'NONE', #1237, #2154, #90, .T. ) ;
#862 = DATE_AND_TIME ( #7275, #4278 ) ;
#863 = AXIS2_PLACEMENT_3D ( 'NONE', #3324, #3943, #333 ) ;
#864 = ORIENTED_EDGE ( 'NONE', *, *, #4214, .F. ) ;
#865 = ADVANCED_FACE ( 'NONE', ( #2623 ), #2731, .F. ) ;
#866 = ORIENTED_EDGE ( 'NONE', *, *, #1425, .T. ) ;
#867 = ORIENTED_EDGE ( 'NONE', *, *, #5528, .F. ) ;
#868 = VECTOR ( 'NONE', #7413, 1000.000000000000000 ) ;
#869 = DIRECTION ( 'NONE',  ( 0.000000000000000000, 1.000000000000000000, 0.000000000000000000 ) ) ;
#870 = LINE ( 'NONE', #807, #4464 ) ;
#871 = DIRECTION ( 'NONE',  ( 0.000000000000000000, -1.000000000000000000, 0.000000000000000000 ) ) ;
#872 = EDGE_LOOP ( 'NONE', ( #4408, #360, #6735, #4097 ) ) ;
#873 = AXIS2_PLACEMENT_3D ( 'NONE', #5730, #6929, #6608 ) ;
#874 = VECTOR ( 'NONE', #4839, 1000.000000000000114 ) ;
#875 = ADVANCED_FACE ( 'NONE', ( #1029, #4621, #6424, #7445, #6876 ), #5748, .F. ) ;
#876 = CARTESIAN_POINT ( 'NONE',  ( 0.000000000000000000, 0.000000000000000000, 0.000000000000000000 ) ) ;
#877 = DIRECTION ( 'NONE',  ( 1.000000000000000000, 0.000000000000000000, 0.000000000000000000 ) ) ;
#878 = DIRECTION ( 'NONE',  ( 0.000000000000000000, 0.000000000000000000, 1.000000000000000000 ) ) ;
#879 = DIRECTION ( 'NONE',  ( 1.000000000000000000, 0.000000000000000000, 0.000000000000000000 ) ) ;
#880 = CARTESIAN_POINT ( 'NONE',  ( 31.00000000000000000, -56.57658473601188831, 38.50000000000000711 ) ) ;
#881 = VERTEX_POINT ( 'NONE', #933 ) ;
#882 = VECTOR ( 'NONE', #7208, 1000.000000000000000 ) ;
#883 = DIRECTION ( 'NONE',  ( 0.000000000000000000, 1.000000000000000000, 0.000000000000000000 ) ) ;
#884 = CARTESIAN_POINT ( 'NONE',  ( 37.00000000000009237, -73.57658473601189542, 30.00000000000000000 ) ) ;
#885 = CARTESIAN_POINT ( 'NONE',  ( -31.00000000000000000, -46.67708979940022118, -41.50000000000000000 ) ) ;
#886 = ORIENTED_EDGE ( 'NONE', *, *, #4107, .T. ) ;
#887 = CALENDAR_DATE ( 2022, 27, 1 ) ;
#888 = DIRECTION ( 'NONE',  ( 0.000000000000000000, 0.000000000000000000, -1.000000000000000000 ) ) ;
#889 = EDGE_CURVE ( 'NONE', #6028, #3023, #4423, .T. ) ;
#890 = DIRECTION ( 'NONE',  ( 1.000000000000000000, 0.000000000000000000, 0.000000000000000000 ) ) ;
#891 = ADVANCED_FACE ( 'NONE', ( #5397 ), #6977, .F. ) ;
#892 = ORIENTED_EDGE ( 'NONE', *, *, #4158, .T. ) ;
#893 = PLANE ( 'NONE',  #7206 ) ;
#894 = FACE_OUTER_BOUND ( 'NONE', #4334, .T. ) ;
#895 = EDGE_CURVE ( 'NONE', #7755, #7665, #3490, .T. ) ;
#896 = ORIENTED_EDGE ( 'NONE', *, *, #3834, .T. ) ;
#897 = CARTESIAN_POINT ( 'NONE',  ( 35.00000000000000000, -71.57658473601189542, 54.99999999999999289 ) ) ;
#898 = DIRECTION ( 'NONE',  ( -1.000000000000000000, -0.000000000000000000, -0.000000000000000000 ) ) ;
#899 = ORIENTED_EDGE ( 'NONE', *, *, #1599, .T. ) ;
#900 = CARTESIAN_POINT ( 'NONE',  ( -31.00000000000000000, -46.67708979940022118, -40.00000000000000000 ) ) ;
#901 = DIRECTION ( 'NONE',  ( -0.9486832980505137680, 0.000000000000000000, -0.3162277660168382742 ) ) ;
#902 = ORIENTED_EDGE ( 'NONE', *, *, #6861, .T. ) ;
#903 = ADVANCED_FACE ( 'NONE', ( #3767 ), #1570, .F. ) ;
#904 = PLANE ( 'NONE',  #3135 ) ;
#905 = ORIENTED_EDGE ( 'NONE', *, *, #6670, .F. ) ;
#906 = LINE ( 'NONE', #2020, #3472 ) ;
#907 = LOCAL_TIME ( 13, 37, 31.00000000000000000, #7721 ) ;
#908 = EDGE_CURVE ( 'NONE', #2900, #2545, #2339, .T. ) ;
#909 = EDGE_CURVE ( 'NONE', #352, #1529, #4999, .T. ) ;
#910 = ORIENTED_EDGE ( 'NONE', *, *, #974, .T. ) ;
#911 = CC_DESIGN_APPROVAL ( #768, ( #3892 ) ) ;
#912 = CARTESIAN_POINT ( 'NONE',  ( -40.00000000000000711, -56.57658473601188831, 59.00000000000000000 ) ) ;
#913 = CARTESIAN_POINT ( 'NONE',  ( 0.000000000000000000, -56.57658473601188831, 53.00000000000000000 ) ) ;
#914 = CARTESIAN_POINT ( 'NONE',  ( 37.00000000000000711, -56.57658473601188831, -51.00000000000000000 ) ) ;
#915 = ORIENTED_EDGE ( 'NONE', *, *, #6393, .T. ) ;
#916 = DIRECTION ( 'NONE',  ( 0.000000000000000000, 0.000000000000000000, -1.000000000000000000 ) ) ;
#917 = ORIENTED_EDGE ( 'NONE', *, *, #4053, .T. ) ;
#918 = VECTOR ( 'NONE', #578, 1000.000000000000000 ) ;
#919 = DIRECTION ( 'NONE',  ( 1.000000000000000000, 0.000000000000000000, 0.000000000000000000 ) ) ;
#920 = ADVANCED_FACE ( 'NONE', ( #6972 ), #7703, .T. ) ;
#921 = VERTEX_POINT ( 'NONE', #1710 ) ;
#922 = PLANE ( 'NONE',  #2818 ) ;
#923 = AXIS2_PLACEMENT_3D ( 'NONE', #6531, #7120, #2356 ) ;
#924 = LINE ( 'NONE', #1862, #2150 ) ;
#925 = DIRECTION ( 'NONE',  ( -0.000000000000000000, 0.000000000000000000, 1.000000000000000000 ) ) ;
#926 = LINE ( 'NONE', #7263, #1966 ) ;
#927 = ORIENTED_EDGE ( 'NONE', *, *, #6208, .F. ) ;
#928 = DIRECTION ( 'NONE',  ( -0.000000000000000000, 0.000000000000000000, -1.000000000000000000 ) ) ;
#929 = CIRCLE ( 'NONE', #223, 3.500000000000003109 ) ;
#930 = DIRECTION ( 'NONE',  ( 1.000000000000000000, 0.000000000000000000, 0.000000000000000000 ) ) ;
#931 = LINE ( 'NONE', #5789, #744 ) ;
#932 = CARTESIAN_POINT ( 'NONE',  ( -37.00000000000009237, -76.73886239618028071, 22.00000000000000000 ) ) ;
#933 = CARTESIAN_POINT ( 'NONE',  ( 33.99999999999996447, -15.50000000000000178, 1.000000000000000000 ) ) ;
#934 = ADVANCED_FACE ( 'NONE', ( #3270 ), #2846, .T. ) ;
#935 = EDGE_LOOP ( 'NONE', ( #1193, #1870, #1293, #2610 ) ) ;
#936 = LINE ( 'NONE', #5648, #4068 ) ;
#937 = DIRECTION ( 'NONE',  ( -0.000000000000000000, -0.000000000000000000, 1.000000000000000000 ) ) ;
#938 = DIRECTION ( 'NONE',  ( 0.000000000000000000, 1.000000000000000000, -0.000000000000000000 ) ) ;
#939 = VECTOR ( 'NONE', #1902, 1000.000000000000000 ) ;
#940 = CARTESIAN_POINT ( 'NONE',  ( 31.00000000000000000, -56.57658473601188831, -40.00000000000000000 ) ) ;
#941 = CARTESIAN_POINT ( 'NONE',  ( 0.000000000000000000, -74.57658473601190963, 57.99999999999999289 ) ) ;
#942 = ORIENTED_EDGE ( 'NONE', *, *, #3737, .F. ) ;
#943 = ORIENTED_EDGE ( 'NONE', *, *, #6169, .F. ) ;
#944 = ORIENTED_EDGE ( 'NONE', *, *, #1269, .F. ) ;
#945 = ORIENTED_EDGE ( 'NONE', *, *, #3749, .T. ) ;
#946 = ORIENTED_EDGE ( 'NONE', *, *, #1575, .T. ) ;
#947 = ADVANCED_FACE ( 'NONE', ( #271 ), #1598, .T. ) ;
#948 = EDGE_CURVE ( 'NONE', #5981, #230, #3849, .T. ) ;
#949 = LINE ( 'NONE', #6995, #6063 ) ;
#950 = CARTESIAN_POINT ( 'NONE',  ( 33.99999999999998579, 14.99999999999999645, 1.500000000000000000 ) ) ;
#951 = VERTEX_POINT ( 'NONE', #5260 ) ;
#952 = ORIENTED_EDGE ( 'NONE', *, *, #846, .T. ) ;
#953 = ORIENTED_EDGE ( 'NONE', *, *, #2677, .T. ) ;
#954 = ORIENTED_EDGE ( 'NONE', *, *, #7338, .T. ) ;
#955 = CALENDAR_DATE ( 2022, 27, 1 ) ;
#956 = LOCAL_TIME ( 13, 37, 31.00000000000000000, #2861 ) ;
#957 = ADVANCED_FACE ( 'NONE', ( #2155 ), #7115, .T. ) ;
#958 = DIRECTION ( 'NONE',  ( 0.000000000000000000, 0.000000000000000000, -1.000000000000000000 ) ) ;
#959 = EDGE_CURVE ( 'NONE', #3610, #1376, #7823, .T. ) ;
#960 = DIRECTION ( 'NONE',  ( 0.000000000000000000, 0.000000000000000000, -1.000000000000000000 ) ) ;
#961 = EDGE_CURVE ( 'NONE', #7715, #6160, #6047, .T. ) ;
#962 = DIRECTION ( 'NONE',  ( -1.000000000000000000, 0.000000000000000000, -0.000000000000000000 ) ) ;
#963 = ORIENTED_EDGE ( 'NONE', *, *, #4720, .T. ) ;
#964 = CC_DESIGN_PERSON_AND_ORGANIZATION_ASSIGNMENT ( #2047, #2322, ( #6272 ) ) ;
#965 = DIRECTION ( 'NONE',  ( 1.000000000000000000, 0.000000000000000000, 0.000000000000000000 ) ) ;
#966 = CIRCLE ( 'NONE', #6578, 0.5000000000000004441 ) ;
#967 = LINE ( 'NONE', #4753, #3988 ) ;
#968 = CARTESIAN_POINT ( 'NONE',  ( -37.00000000000000711, -73.57658473601189542, -59.00000000000000000 ) ) ;
#969 = DIRECTION ( 'NONE',  ( 1.000000000000000000, 0.000000000000000000, 0.000000000000000000 ) ) ;
#970 = CARTESIAN_POINT ( 'NONE',  ( -37.00000000000000711, -73.57658473601189542, -59.00000000000000000 ) ) ;
#971 = VERTEX_POINT ( 'NONE', #4751 ) ;
#972 = DIRECTION ( 'NONE',  ( 0.000000000000000000, 1.000000000000000000, 0.000000000000000000 ) ) ;
#973 = VECTOR ( 'NONE', #3731, 1000.000000000000000 ) ;
#974 = EDGE_CURVE ( 'NONE', #5431, #6412, #5304, .T. ) ;
#975 = AXIS2_PLACEMENT_3D ( 'NONE', #4780, #2967, #3044 ) ;
#976 = ORIENTED_EDGE ( 'NONE', *, *, #6268, .F. ) ;
#977 = ADVANCED_FACE ( 'NONE', ( #1218 ), #5366, .F. ) ;
#978 = VECTOR ( 'NONE', #7333, 1000.000000000000000 ) ;
#979 = DIRECTION ( 'NONE',  ( 1.000000000000000000, 0.000000000000000000, 0.000000000000000000 ) ) ;
#980 = CARTESIAN_POINT ( 'NONE',  ( 31.00000000000000000, -56.57658473601188831, -43.50000000000000711 ) ) ;
#981 = ORIENTED_EDGE ( 'NONE', *, *, #5783, .F. ) ;
#982 = CARTESIAN_POINT ( 'NONE',  ( -37.00000000000000711, -56.57658473601188831, 54.99999999999999289 ) ) ;
#983 = FACE_OUTER_BOUND ( 'NONE', #4600, .T. ) ;
#984 = PLANE ( 'NONE',  #6992 ) ;
#985 = ADVANCED_FACE ( 'NONE', ( #7066 ), #1740, .T. ) ;
#986 = CARTESIAN_POINT ( 'NONE',  ( 37.00000000000009237, -73.57658473601189542, -27.00000000000000000 ) ) ;
#987 = CARTESIAN_POINT ( 'NONE',  ( 36.99999999999999289, 14.99999999999997335, 1.000000000000000000 ) ) ;
#988 = ORIENTED_EDGE ( 'NONE', *, *, #2216, .F. ) ;
#989 = LINE ( 'NONE', #3970, #2970 ) ;
#990 = DIRECTION ( 'NONE',  ( 0.000000000000000000, 1.000000000000000000, 0.000000000000000000 ) ) ;
#991 = CARTESIAN_POINT ( 'NONE',  ( -33.99999999999997868, -18.00000000000000355, -1.000000000000000000 ) ) ;
#992 = DIRECTION ( 'NONE',  ( 0.000000000000000000, 0.000000000000000000, 1.000000000000000000 ) ) ;
#993 = DIRECTION ( 'NONE',  ( 0.000000000000000000, -0.000000000000000000, -1.000000000000000000 ) ) ;
#994 = EDGE_CURVE ( 'NONE', #7563, #3374, #1974, .T. ) ;
#995 = DIRECTION ( 'NONE',  ( 1.000000000000000000, 0.000000000000000000, 0.000000000000000000 ) ) ;
#996 = AXIS2_PLACEMENT_3D ( 'NONE', #818, #1437, #2115 ) ;
#997 = ADVANCED_FACE ( 'NONE', ( #3681 ), #46, .T. ) ;
#998 = VERTEX_POINT ( 'NONE', #523 ) ;
#999 = VECTOR ( 'NONE', #5125, 1000.000000000000000 ) ;
#1000 = ORIENTED_EDGE ( 'NONE', *, *, #2318, .F. ) ;
#1001 = VECTOR ( 'NONE', #728, 1000.000000000000000 ) ;
#1002 = VERTEX_POINT ( 'NONE', #4086 ) ;
#1003 = COORDINATED_UNIVERSAL_TIME_OFFSET ( 2, 0, .AHEAD. ) ;
#1004 = CARTESIAN_POINT ( 'NONE',  ( -35.00000000000000000, -56.57658473601188831, 53.00000000000000000 ) ) ;
#1005 = PLANE ( 'NONE',  #2592 ) ;
#1006 = ORIENTED_EDGE ( 'NONE', *, *, #1269, .T. ) ;
#1007 = EDGE_CURVE ( 'NONE', #6475, #6777, #2247, .T. ) ;
#1008 = ORIENTED_EDGE ( 'NONE', *, *, #1922, .T. ) ;
#1009 = EDGE_CURVE ( 'NONE', #343, #4131, #5655, .T. ) ;
#1010 = ORIENTED_EDGE ( 'NONE', *, *, #5783, .T. ) ;
#1011 = AXIS2_PLACEMENT_3D ( 'NONE', #4834, #6581, #6002 ) ;
#1012 = CIRCLE ( 'NONE', #5442, 3.500000000000003109 ) ;
#1013 = PERSON_AND_ORGANIZATION_ROLE ( 'design_owner' ) ;
#1014 = CARTESIAN_POINT ( 'NONE',  ( -37.00000000000009237, -56.57658473601188831, 27.00000000000000000 ) ) ;
#1015 = PLANE ( 'NONE',  #375 ) ;
#1016 = CARTESIAN_POINT ( 'NONE',  ( 37.00000000000000711, -56.57658473601188831, 54.99999999999999289 ) ) ;
#1017 = ORIENTED_EDGE ( 'NONE', *, *, #3327, .T. ) ;
#1018 = LINE ( 'NONE', #5997, #3579 ) ;
#1019 = EDGE_CURVE ( 'NONE', #2831, #1059, #5090, .T. ) ;
#1020 = EDGE_CURVE ( 'NONE', #3884, #7429, #6795, .T. ) ;
#1021 = AXIS2_PLACEMENT_3D ( 'NONE', #2176, #6411, #1517 ) ;
#1022 = LINE ( 'NONE', #52, #5564 ) ;
#1023 = CARTESIAN_POINT ( 'NONE',  ( 0.000000000000000000, -71.57658473601189542, 53.00000000000000000 ) ) ;
#1024 = CARTESIAN_POINT ( 'NONE',  ( 37.00000000000009237, -56.57658473601188831, 27.00000000000000000 ) ) ;
#1025 = DIRECTION ( 'NONE',  ( 0.000000000000000000, 1.000000000000000000, 0.000000000000000000 ) ) ;
#1026 = VERTEX_POINT ( 'NONE', #4237 ) ;
#1027 = DIRECTION ( 'NONE',  ( 1.000000000000000000, 0.000000000000000000, 0.000000000000000000 ) ) ;
#1028 = ORIENTED_EDGE ( 'NONE', *, *, #5061, .F. ) ;
#1029 = FACE_BOUND ( 'NONE', #5939, .T. ) ;
#1030 = LINE ( 'NONE', #991, #4821 ) ;
#1031 = ADVANCED_FACE ( 'NONE', ( #6700 ), #2432, .F. ) ;
#1032 = DIRECTION ( 'NONE',  ( 1.000000000000000000, 0.000000000000000000, 0.000000000000000000 ) ) ;
#1033 = AXIS2_PLACEMENT_3D ( 'NONE', #7167, #7782, #602 ) ;
#1034 = VERTEX_POINT ( 'NONE', #6650 ) ;
#1035 = DIRECTION ( 'NONE',  ( 0.000000000000000000, -0.000000000000000000, -1.000000000000000000 ) ) ;
#1036 = LINE ( 'NONE', #2332, #1704 ) ;
#1037 = LINE ( 'NONE', #4870, #6708 ) ;
#1038 = ADVANCED_FACE ( 'NONE', ( #4241 ), #544, .T. ) ;
#1039 = APPLICATION_PROTOCOL_DEFINITION ( 'international standard', 'config_control_design', 1994, #1628 ) ;
#1040 = ORIENTED_EDGE ( 'NONE', *, *, #948, .T. ) ;
#1041 = ORIENTED_EDGE ( 'NONE', *, *, #1561, .T. ) ;
#1042 = EDGE_LOOP ( 'NONE', ( #2920, #6006, #7221, #2385, #6807, #6448, #445, #4612 ) ) ;
#1043 = CARTESIAN_POINT ( 'NONE',  ( 37.00000000000000711, 0.000000000000000000, -53.00000000000000000 ) ) ;
#1044 = DIRECTION ( 'NONE',  ( 0.3162277660168382187, 0.000000000000000000, -0.9486832980505136570 ) ) ;
#1045 = FACE_OUTER_BOUND ( 'NONE', #5413, .T. ) ;
#1046 = ORIENTED_EDGE ( 'NONE', *, *, #1826, .F. ) ;
#1047 = ORIENTED_EDGE ( 'NONE', *, *, #5709, .F. ) ;
#1048 = ORIENTED_EDGE ( 'NONE', *, *, #6815, .F. ) ;
#1049 = DIRECTION ( 'NONE',  ( 0.000000000000000000, 0.000000000000000000, -1.000000000000000000 ) ) ;
#1050 = ORIENTED_EDGE ( 'NONE', *, *, #4711, .T. ) ;
#1051 = CARTESIAN_POINT ( 'NONE',  ( -36.00000000000009237, -73.57658473601189542, -26.99999999999999645 ) ) ;
#1052 = EDGE_LOOP ( 'NONE', ( #6126, #5935, #5423, #545 ) ) ;
#1053 = CARTESIAN_POINT ( 'NONE',  ( 35.00000000000000000, -56.57658473601188831, 53.00000000000000000 ) ) ;
#1054 = LOCAL_TIME ( 13, 37, 31.00000000000000000, #2093 ) ;
#1055 = VECTOR ( 'NONE', #4822, 1000.000000000000000 ) ;
#1056 = CARTESIAN_POINT ( 'NONE',  ( 35.00000000000000000, -56.57658473601188831, 53.00000000000000000 ) ) ;
#1057 = ORIENTED_EDGE ( 'NONE', *, *, #860, .F. ) ;
#1058 = EDGE_CURVE ( 'NONE', #400, #7737, #6616, .T. ) ;
#1059 = VERTEX_POINT ( 'NONE', #6623 ) ;
#1060 = LINE ( 'NONE', #5296, #7470 ) ;
#1061 = AXIS2_PLACEMENT_3D ( 'NONE', #4105, #6568, #487 ) ;
#1062 = CARTESIAN_POINT ( 'NONE',  ( 37.00000000000000711, 0.000000000000000000, 51.00000000000000000 ) ) ;
#1063 = CYLINDRICAL_SURFACE ( 'NONE', #4652, 0.5000000000000004441 ) ;
#1064 = DIRECTION ( 'NONE',  ( 0.000000000000000000, 1.000000000000000000, -0.000000000000000000 ) ) ;
#1065 = PERSON_AND_ORGANIZATION ( #1820, #6598 ) ;
#1066 = ORIENTED_EDGE ( 'NONE', *, *, #3698, .T. ) ;
#1067 = ORIENTED_EDGE ( 'NONE', *, *, #57, .T. ) ;
#1068 = FACE_OUTER_BOUND ( 'NONE', #1334, .T. ) ;
#1069 = DIRECTION ( 'NONE',  ( 0.000000000000000000, 0.000000000000000000, -1.000000000000000000 ) ) ;
#1070 = PERSON_AND_ORGANIZATION_ROLE ( 'creator' ) ;
#1071 = VECTOR ( 'NONE', #4529, 1000.000000000000000 ) ;
#1072 = EDGE_CURVE ( 'NONE', #4280, #3243, #372, .T. ) ;
#1073 = DIRECTION ( 'NONE',  ( 0.000000000000000000, 1.000000000000000000, 0.000000000000000000 ) ) ;
#1074 = DIRECTION ( 'NONE',  ( -0.3162277660168381077, 0.000000000000000000, -0.9486832980505137680 ) ) ;
#1075 = CARTESIAN_POINT ( 'NONE',  ( 37.00000000000000711, -56.57658473601188831, -59.00000000000000000 ) ) ;
#1076 = APPROVAL ( #7285, 'UNKNOWN' ) ;
#1077 = CARTESIAN_POINT ( 'NONE',  ( 37.00000000000000711, 0.000000000000000000, -51.00000000000000000 ) ) ;
#1078 = ORIENTED_EDGE ( 'NONE', *, *, #4561, .T. ) ;
#1079 = CIRCLE ( 'NONE', #2658, 1.499999999999994449 ) ;
#1080 = CARTESIAN_POINT ( 'NONE',  ( -31.00000000000000000, -73.57658473601189542, 43.50000000000000711 ) ) ;
#1081 = PLANE ( 'NONE',  #4816 ) ;
#1082 = CARTESIAN_POINT ( 'NONE',  ( -36.00000000000009237, -76.73886239618028071, 27.00000000000000000 ) ) ;
#1083 = CARTESIAN_POINT ( 'NONE',  ( 37.00000000000000711, -73.57658473601189542, -56.99999999999996447 ) ) ;
#1084 = ORIENTED_EDGE ( 'NONE', *, *, #710, .F. ) ;
#1085 = AXIS2_PLACEMENT_3D ( 'NONE', #5039, #1413, #5809 ) ;
#1086 = ADVANCED_FACE ( 'NONE', ( #3369 ), #7440, .T. ) ;
#1087 = LINE ( 'NONE', #2049, #7124 ) ;
#1088 = DIRECTION ( 'NONE',  ( 0.000000000000000000, 0.000000000000000000, -1.000000000000000000 ) ) ;
#1089 = CARTESIAN_POINT ( 'NONE',  ( -33.99999999999997868, -18.00000000000000355, -1.000000000000000000 ) ) ;
#1090 = VERTEX_POINT ( 'NONE', #7801 ) ;
#1091 = CIRCLE ( 'NONE', #1187, 3.500000000000003109 ) ;
#1092 = EDGE_LOOP ( 'NONE', ( #6948, #811, #3249, #3627 ) ) ;
#1093 = DIRECTION ( 'NONE',  ( -0.000000000000000000, 1.000000000000000000, -0.000000000000000000 ) ) ;
#1094 = APPROVAL_ROLE ( '' ) ;
#1095 = LINE ( 'NONE', #3629, #4022 ) ;
#1096 = DIRECTION ( 'NONE',  ( 0.000000000000000000, 0.000000000000000000, 1.000000000000000000 ) ) ;
#1097 = CARTESIAN_POINT ( 'NONE',  ( 37.00000000000000711, -73.57658473601189542, -59.00000000000000000 ) ) ;
#1098 = LINE ( 'NONE', #5402, #2312 ) ;
#1099 = DIRECTION ( 'NONE',  ( -0.000000000000000000, 0.000000000000000000, -1.000000000000000000 ) ) ;
#1100 = ORIENTED_EDGE ( 'NONE', *, *, #1629, .T. ) ;
#1101 = VERTEX_POINT ( 'NONE', #3057 ) ;
#1102 = EDGE_LOOP ( 'NONE', ( #1232, #581, #7133, #4171 ) ) ;
#1103 = CARTESIAN_POINT ( 'NONE',  ( -37.00000000000000711, -73.57658473601189542, -1.000000000000000888 ) ) ;
#1104 = CARTESIAN_POINT ( 'NONE',  ( 37.00000000000000711, -56.57658473601188831, -59.00000000000000000 ) ) ;
#1105 = EDGE_LOOP ( 'NONE', ( #5697, #7761, #4585, #3454 ) ) ;
#1106 = CARTESIAN_POINT ( 'NONE',  ( -37.00000000000000711, -73.57658473601189542, -59.00000000000000000 ) ) ;
#1107 = EDGE_CURVE ( 'NONE', #3864, #4955, #6963, .T. ) ;
#1108 = ORIENTED_EDGE ( 'NONE', *, *, #3034, .F. ) ;
#1109 = CYLINDRICAL_SURFACE ( 'NONE', #7601, 3.000000000000002665 ) ;
#1110 = DIRECTION ( 'NONE',  ( 0.000000000000000000, -1.000000000000000000, 0.000000000000000000 ) ) ;
#1111 = PERSON_AND_ORGANIZATION ( #1820, #6598 ) ;
#1112 = ORIENTED_EDGE ( 'NONE', *, *, #7464, .T. ) ;
#1113 = ORIENTED_EDGE ( 'NONE', *, *, #1923, .F. ) ;
#1114 = VECTOR ( 'NONE', #2309, 1000.000000000000000 ) ;
#1115 = DIRECTION ( 'NONE',  ( -1.000000000000000000, 0.000000000000000000, -0.000000000000000000 ) ) ;
#1116 = EDGE_CURVE ( 'NONE', #3773, #2857, #7057, .T. ) ;
#1117 = EDGE_CURVE ( 'NONE', #1537, #5466, #6211, .T. ) ;
#1118 = CC_DESIGN_APPROVAL ( #1779, ( #3266 ) ) ;
#1119 = ORIENTED_EDGE ( 'NONE', *, *, #7730, .F. ) ;
#1120 = DIRECTION ( 'NONE',  ( 1.000000000000000000, 0.000000000000000000, -0.000000000000000000 ) ) ;
#1121 = APPLICATION_CONTEXT ( 'configuration controlled 3d designs of mechanical parts and assemblies' ) ;
#1122 = FACE_OUTER_BOUND ( 'NONE', #205, .T. ) ;
#1123 = FACE_OUTER_BOUND ( 'NONE', #5009, .T. ) ;
#1124 = DIRECTION ( 'NONE',  ( 1.000000000000000000, 0.000000000000000000, 0.000000000000000000 ) ) ;
#1125 = EDGE_LOOP ( 'NONE', ( #3416, #2816 ) ) ;
#1126 = EDGE_CURVE ( 'NONE', #6690, #3757, #1018, .T. ) ;
#1127 = VECTOR ( 'NONE', #3857, 1000.000000000000114 ) ;
#1128 = CARTESIAN_POINT ( 'NONE',  ( -37.00000000000009237, -73.57658473601189542, -24.99999999999999645 ) ) ;
#1129 = CARTESIAN_POINT ( 'NONE',  ( 36.00000000000000711, -76.73886239618028071, 1.000000000000000000 ) ) ;
#1130 = VECTOR ( 'NONE', #1340, 1000.000000000000000 ) ;
#1131 = CARTESIAN_POINT ( 'NONE',  ( 35.00000000000000000, -71.57658473601189542, 53.00000000000000000 ) ) ;
#1132 = CARTESIAN_POINT ( 'NONE',  ( -37.00000000000009237, -56.57658473601188831, -24.99999999999999645 ) ) ;
#1133 = CARTESIAN_POINT ( 'NONE',  ( 35.00000000000000000, -56.57658473601188831, -54.99999999999999289 ) ) ;
#1134 = ORIENTED_EDGE ( 'NONE', *, *, #1164, .F. ) ;
#1135 = ORIENTED_EDGE ( 'NONE', *, *, #6542, .T. ) ;
#1136 = CIRCLE ( 'NONE', #2380, 3.500000000000003109 ) ;
#1137 = LINE ( 'NONE', #4181, #380 ) ;
#1138 = DIRECTION ( 'NONE',  ( 0.000000000000000000, 0.000000000000000000, 1.000000000000000000 ) ) ;
#1139 = AXIS2_PLACEMENT_3D ( 'NONE', #7662, #6488, #6403 ) ;
#1140 = DIRECTION ( 'NONE',  ( -1.000000000000000000, -0.000000000000000000, -0.000000000000000000 ) ) ;
#1141 = ORIENTED_EDGE ( 'NONE', *, *, #7635, .F. ) ;
#1142 = ORIENTED_EDGE ( 'NONE', *, *, #4876, .T. ) ;
#1143 = ORIENTED_EDGE ( 'NONE', *, *, #5203, .F. ) ;
#1144 = EDGE_LOOP ( 'NONE', ( #755, #5838, #5840, #953 ) ) ;
#1145 = FACE_BOUND ( 'NONE', #2251, .T. ) ;
#1146 = PERSON_AND_ORGANIZATION_ROLE ( 'classification_officer' ) ;
#1147 = ORIENTED_EDGE ( 'NONE', *, *, #6791, .F. ) ;
#1148 = EDGE_LOOP ( 'NONE', ( #7299, #1100, #6636, #6291 ) ) ;
#1149 = DIRECTION ( 'NONE',  ( 0.3162277660168381077, -0.000000000000000000, -0.9486832980505137680 ) ) ;
#1150 = ORIENTED_EDGE ( 'NONE', *, *, #294, .T. ) ;
#1151 = EDGE_CURVE ( 'NONE', #6644, #4259, #924, .T. ) ;
#1152 = VECTOR ( 'NONE', #3319, 1000.000000000000000 ) ;
#1153 = AXIS2_PLACEMENT_3D ( 'NONE', #7422, #6774, #7473 ) ;
#1154 = CALENDAR_DATE ( 2022, 27, 1 ) ;
#1155 = DIRECTION ( 'NONE',  ( -0.000000000000000000, 0.000000000000000000, 1.000000000000000000 ) ) ;
#1156 = DIRECTION ( 'NONE',  ( 0.000000000000000000, -1.000000000000000000, 0.000000000000000000 ) ) ;
#1157 = VERTEX_POINT ( 'NONE', #6018 ) ;
#1158 = DIRECTION ( 'NONE',  ( -0.000000000000000000, -1.000000000000000000, -0.000000000000000000 ) ) ;
#1159 = ORIENTED_EDGE ( 'NONE', *, *, #6031, .T. ) ;
#1160 = DIRECTION ( 'NONE',  ( -1.000000000000000000, 0.000000000000000000, 0.000000000000000000 ) ) ;
#1161 = VECTOR ( 'NONE', #5524, 1000.000000000000000 ) ;
#1162 = EDGE_CURVE ( 'NONE', #5740, #3064, #5956, .T. ) ;
#1163 = VECTOR ( 'NONE', #6722, 1000.000000000000000 ) ;
#1164 = EDGE_CURVE ( 'NONE', #1643, #4157, #1303, .T. ) ;
#1165 = EDGE_CURVE ( 'NONE', #121, #1649, #2429, .T. ) ;
#1166 = EDGE_CURVE ( 'NONE', #1834, #5874, #6610, .T. ) ;
#1167 = EDGE_LOOP ( 'NONE', ( #3851, #4368, #628, #7427 ) ) ;
#1168 = AXIS2_PLACEMENT_3D ( 'NONE', #356, #3936, #958 ) ;
#1170 = FACE_OUTER_BOUND ( 'NONE', #5953, .T. ) ;
#1169 = DIRECTION ( 'NONE',  ( 0.000000000000000000, 1.000000000000000000, 0.000000000000000000 ) ) ;
#1171 = PRODUCT_DEFINITION_SHAPE ( 'NONE', 'NONE',  #7828 ) ;
#1172 = ORIENTED_EDGE ( 'NONE', *, *, #5224, .T. ) ;
#1173 = CARTESIAN_POINT ( 'NONE',  ( 36.00000000000009237, -56.57658473601188831, -24.99999999999999645 ) ) ;
#1174 = SECURITY_CLASSIFICATION_LEVEL ( 'unclassified' ) ;
#1175 = FACE_BOUND ( 'NONE', #6988, .T. ) ;
#1176 = EDGE_CURVE ( 'NONE', #6507, #598, #2524, .T. ) ;
#1177 = DIRECTION ( 'NONE',  ( 1.000000000000000000, 0.000000000000000000, 8.673617379884027583E-16 ) ) ;
#1178 = EDGE_CURVE ( 'NONE', #2831, #1002, #5468, .T. ) ;
#1179 = DIRECTION ( 'NONE',  ( 1.000000000000000000, 0.000000000000000000, 0.000000000000000000 ) ) ;
#1180 = CC_DESIGN_PERSON_AND_ORGANIZATION_ASSIGNMENT ( #6247, #2980, ( #3753 ) ) ;
#1181 = CARTESIAN_POINT ( 'NONE',  ( -37.00000000000009237, -76.73886239618028071, 24.99999999999999645 ) ) ;
#1182 = DIRECTION ( 'NONE',  ( 0.000000000000000000, 1.000000000000000000, 0.000000000000000000 ) ) ;
#1183 = ORIENTED_EDGE ( 'NONE', *, *, #7752, .T. ) ;
#1184 = VECTOR ( 'NONE', #6233, 1000.000000000000000 ) ;
#1185 = CARTESIAN_POINT ( 'NONE',  ( -35.00000000000000000, -71.57658473601189542, -53.00000000000000000 ) ) ;
#1186 = DIRECTION ( 'NONE',  ( 1.000000000000000000, 0.000000000000000000, -0.000000000000000000 ) ) ;
#1187 = AXIS2_PLACEMENT_3D ( 'NONE', #2140, #7516, #4542 ) ;
#1188 = ORIENTED_EDGE ( 'NONE', *, *, #452, .T. ) ;
#1189 = LINE ( 'NONE', #5664, #6489 ) ;
#1190 = DIRECTION ( 'NONE',  ( 1.000000000000000000, -0.000000000000000000, -0.000000000000000000 ) ) ;
#1191 = ORIENTED_EDGE ( 'NONE', *, *, #7326, .T. ) ;
#1192 = LINE ( 'NONE', #4755, #2932 ) ;
#1193 = ORIENTED_EDGE ( 'NONE', *, *, #4404, .F. ) ;
#1194 = CYLINDRICAL_SURFACE ( 'NONE', #4276, 3.500000000000003109 ) ;
#1195 = CARTESIAN_POINT ( 'NONE',  ( 37.00000000000009237, -76.73886239618028071, -27.00000000000000000 ) ) ;
#1196 = APPROVAL_STATUS ( 'not_yet_approved' ) ;
#1197 = LOCAL_TIME ( 13, 37, 31.00000000000000000, #7421 ) ;
#1198 = AXIS2_PLACEMENT_3D ( 'NONE', #3203, #5031, #5099 ) ;
#1199 = DIRECTION ( 'NONE',  ( 0.000000000000000000, -1.000000000000000000, 0.000000000000000000 ) ) ;
#1200 = VERTEX_POINT ( 'NONE', #97 ) ;
#1202 = VERTEX_POINT ( 'NONE', #72 ) ;
#1201 = CARTESIAN_POINT ( 'NONE',  ( -31.00000000000000000, -73.57658473601189542, 40.00000000000000000 ) ) ;
#1203 = DIRECTION ( 'NONE',  ( 0.000000000000000000, 0.000000000000000000, 1.000000000000000000 ) ) ;
#1204 = ORIENTED_EDGE ( 'NONE', *, *, #1923, .T. ) ;
#1205 = VECTOR ( 'NONE', #1487, 1000.000000000000000 ) ;
#1206 = CARTESIAN_POINT ( 'NONE',  ( -37.00000000000000711, -71.57658473601189542, -56.99999999999996447 ) ) ;
#1207 = PLANE ( 'NONE',  #3876 ) ;
#1208 = EDGE_CURVE ( 'NONE', #300, #4543, #4719, .T. ) ;
#1209 = ORIENTED_EDGE ( 'NONE', *, *, #4161, .F. ) ;
#1210 = AXIS2_PLACEMENT_3D ( 'NONE', #3052, #5553, #5581 ) ;
#1211 = FACE_BOUND ( 'NONE', #2651, .T. ) ;
#1212 = VECTOR ( 'NONE', #6869, 1000.000000000000000 ) ;
#1213 = DIRECTION ( 'NONE',  ( 0.000000000000000000, 1.000000000000000000, 0.000000000000000000 ) ) ;
#1214 = DIRECTION ( 'NONE',  ( 0.000000000000000000, 1.000000000000000000, 0.000000000000000000 ) ) ;
#1215 = ORIENTED_EDGE ( 'NONE', *, *, #1778, .T. ) ;
#1216 = DIRECTION ( 'NONE',  ( -0.000000000000000000, -1.000000000000000000, -0.000000000000000000 ) ) ;
#1217 = PLANE ( 'NONE',  #1456 ) ;
#1218 = FACE_OUTER_BOUND ( 'NONE', #5970, .T. ) ;
#1219 = EDGE_CURVE ( 'NONE', #6231, #1157, #179, .T. ) ;
#1220 = AXIS2_PLACEMENT_3D ( 'NONE', #941, #5705, #3918 ) ;
#1221 = LINE ( 'NONE', #3485, #6050 ) ;
#1222 = CARTESIAN_POINT ( 'NONE',  ( -37.00000000000000711, -73.57658473601189542, 21.99999999999999289 ) ) ;
#1223 = APPLICATION_PROTOCOL_DEFINITION ( 'international standard', 'config_control_design', 1994, #5256 ) ;
#1224 = VERTEX_POINT ( 'NONE', #2796 ) ;
#1225 = CARTESIAN_POINT ( 'NONE',  ( -37.00000000000000711, -73.57658473601189542, 59.00000000000000000 ) ) ;
#1226 = CIRCLE ( 'NONE', #2329, 1.499999999999994449 ) ;
#1227 = CARTESIAN_POINT ( 'NONE',  ( -40.00000000000000711, -76.57658473601189542, -59.00000000000000000 ) ) ;
#1228 = CARTESIAN_POINT ( 'NONE',  ( -35.00000000000000000, -71.57658473601189542, 53.00000000000000000 ) ) ;
#1229 = CARTESIAN_POINT ( 'NONE',  ( 37.00000000000000711, -73.57658473601189542, -1.000000000000000888 ) ) ;
#1230 = VECTOR ( 'NONE', #1169, 1000.000000000000000 ) ;
#1231 = UNCERTAINTY_MEASURE_WITH_UNIT (LENGTH_MEASURE( 1.000000000000000082E-05 ), #7611, 'distance_accuracy_value', 'NONE');
#1232 = ORIENTED_EDGE ( 'NONE', *, *, #4238, .T. ) ;
#1233 = VERTEX_POINT ( 'NONE', #4590 ) ;
#1234 = CARTESIAN_POINT ( 'NONE',  ( -40.00000000000000711, -76.57658473601189542, 59.00000000000000000 ) ) ;
#1235 = EDGE_LOOP ( 'NONE', ( #6813, #2272, #2771, #2365 ) ) ;
#1236 = CARTESIAN_POINT ( 'NONE',  ( -31.00000000000000000, -56.57658473601188831, -36.50000000000000000 ) ) ;
#1237 = VERTEX_POINT ( 'NONE', #318 ) ;
#1238 = LINE ( 'NONE', #6485, #3399 ) ;
#1239 = DIRECTION ( 'NONE',  ( 0.000000000000000000, 0.000000000000000000, -1.000000000000000000 ) ) ;
#1240 = ORIENTED_EDGE ( 'NONE', *, *, #1499, .F. ) ;
#1241 = ORIENTED_EDGE ( 'NONE', *, *, #7518, .F. ) ;
#1242 = DIRECTION ( 'NONE',  ( 0.9486832980505137680, 0.000000000000000000, -0.3162277660168382742 ) ) ;
#1243 = VERTEX_POINT ( 'NONE', #5210 ) ;
#1244 = ORIENTED_EDGE ( 'NONE', *, *, #2500, .F. ) ;
#1245 = CARTESIAN_POINT ( 'NONE',  ( -31.00000000000000000, -73.57658473601189542, 40.00000000000000000 ) ) ;
#1246 = AXIS2_PLACEMENT_3D ( 'NONE', #1305, #6382, #2120 ) ;
#1247 = VECTOR ( 'NONE', #3777, 1000.000000000000000 ) ;
#1248 = CARTESIAN_POINT ( 'NONE',  ( 36.00000000000009237, -73.57658473601189542, 27.00000000000000000 ) ) ;
#1249 = ORIENTED_EDGE ( 'NONE', *, *, #6279, .F. ) ;
#1250 = FACE_OUTER_BOUND ( 'NONE', #1519, .T. ) ;
#1251 = DIRECTION ( 'NONE',  ( -0.3162277660168382187, 0.000000000000000000, -0.9486832980505136570 ) ) ;
#1252 = DATE_TIME_ROLE ( 'creation_date' ) ;
#1253 = VECTOR ( 'NONE', #134, 1000.000000000000000 ) ;
#1254 = APPROVAL_PERSON_ORGANIZATION ( #5499, #2845, #591 ) ;
#1255 = CARTESIAN_POINT ( 'NONE',  ( 37.00000000000000711, -73.57658473601189542, -1.000000000000001332 ) ) ;
#1256 = CARTESIAN_POINT ( 'NONE',  ( -37.00000000000000711, -73.57658473601189542, -59.00000000000000000 ) ) ;
#1257 = ORIENTED_EDGE ( 'NONE', *, *, #1072, .F. ) ;
#1258 = EDGE_CURVE ( 'NONE', #4433, #2594, #7156, .T. ) ;
#1259 = ORIENTED_EDGE ( 'NONE', *, *, #7646, .F. ) ;
#1260 = VECTOR ( 'NONE', #4539, 1000.000000000000000 ) ;
#1261 = AXIS2_PLACEMENT_3D ( 'NONE', #5600, #6223, #7435 ) ;
#1262 = LINE ( 'NONE', #285, #5246 ) ;
#1263 = CARTESIAN_POINT ( 'NONE',  ( -37.00000000000000711, -76.73886239618028071, 1.000000000000000888 ) ) ;
#1264 = CARTESIAN_POINT ( 'NONE',  ( -36.00000000000009237, -56.57658473601188831, -27.00000000000000000 ) ) ;
#1265 = CARTESIAN_POINT ( 'NONE',  ( 36.00000000000009237, -76.73886239618028071, 24.99999999999999645 ) ) ;
#1266 = ORIENTED_EDGE ( 'NONE', *, *, #5377, .T. ) ;
#1267 = LINE ( 'NONE', #2402, #5914 ) ;
#1268 = EDGE_CURVE ( 'NONE', #3144, #3136, #7734, .T. ) ;
#1269 = EDGE_CURVE ( 'NONE', #6011, #2290, #817, .T. ) ;
#1270 = SECURITY_CLASSIFICATION ( '', '', #6522 ) ;
#1271 = DIRECTION ( 'NONE',  ( 0.000000000000000000, 1.000000000000000000, 0.000000000000000000 ) ) ;
#1272 = EDGE_LOOP ( 'NONE', ( #3619, #3885, #7460, #5131 ) ) ;
#1273 = VECTOR ( 'NONE', #1479, 1000.000000000000000 ) ;
#1274 = EDGE_CURVE ( 'NONE', #1642, #1613, #4613, .T. ) ;
#1275 = EDGE_CURVE ( 'NONE', #782, #6951, #7529, .T. ) ;
#1276 = EDGE_LOOP ( 'NONE', ( #3013, #3348, #7311, #5585, #6225, #6030, #2668, #4708, #3784, #1183, #6989, #573, #3967, #2863, #1715, #2464, #582, #6336, #3587, #4662, #2178, #1895, #2544, #2149, #7056, #4655, #536, #14, #3226, #4547, #2778, #4222, #1724, #20, #1375, #537 ) ) ;
#1277 = DIRECTION ( 'NONE',  ( 0.9486832980505137680, -0.000000000000000000, 0.3162277660168381077 ) ) ;
#1278 = AXIS2_PLACEMENT_3D ( 'NONE', #4028, #5343, #5921 ) ;
#1279 = LINE ( 'NONE', #3263, #4391 ) ;
#1280 = VECTOR ( 'NONE', #6277, 1000.000000000000114 ) ;
#1281 = CARTESIAN_POINT ( 'NONE',  ( -34.50000000000000000, 0.000000000000000000, 1.500000000000000000 ) ) ;
#1282 = CARTESIAN_POINT ( 'NONE',  ( -36.00000000000009237, -76.73886239618028071, -27.00000000000000000 ) ) ;
#1283 = LINE ( 'NONE', #3563, #5159 ) ;
#1284 = CARTESIAN_POINT ( 'NONE',  ( 35.00000000000000000, -71.57658473601189542, 54.99999999999999289 ) ) ;
#1285 = ORIENTED_EDGE ( 'NONE', *, *, #1922, .F. ) ;
#1286 = CARTESIAN_POINT ( 'NONE',  ( -31.00000000000000000, -73.57658473601189542, -38.50000000000000000 ) ) ;
#1287 = AXIS2_PLACEMENT_3D ( 'NONE', #528, #601, #4835 ) ;
#1288 = DIRECTION ( 'NONE',  ( 0.000000000000000000, 0.000000000000000000, -1.000000000000000000 ) ) ;
#1289 = DIRECTION ( 'NONE',  ( -1.000000000000000000, -0.000000000000000000, -0.000000000000000000 ) ) ;
#1290 = ORIENTED_EDGE ( 'NONE', *, *, #1364, .F. ) ;
#1291 = EDGE_LOOP ( 'NONE', ( #3130, #7038, #5110, #4048 ) ) ;
#1292 = DIRECTION ( 'NONE',  ( -0.000000000000000000, 1.000000000000000000, -0.000000000000000000 ) ) ;
#1293 = ORIENTED_EDGE ( 'NONE', *, *, #750, .T. ) ;
#1294 = VECTOR ( 'NONE', #389, 1000.000000000000000 ) ;
#1295 = PLANE ( 'NONE',  #3367 ) ;
#1296 = PERSON_AND_ORGANIZATION ( #1820, #6598 ) ;
#1297 = CARTESIAN_POINT ( 'NONE',  ( -36.00000000000000711, -73.57658473601189542, 1.000000000000000000 ) ) ;
#1298 = ORIENTED_EDGE ( 'NONE', *, *, #6029, .T. ) ;
#1299 = CARTESIAN_POINT ( 'NONE',  ( 31.00000000000000000, -56.57658473601188831, 38.50000000000000711 ) ) ;
#1300 = PERSON_AND_ORGANIZATION ( #1820, #6598 ) ;
#1301 = DIRECTION ( 'NONE',  ( -1.000000000000000000, 0.000000000000000000, 0.000000000000000000 ) ) ;
#1302 = VERTEX_POINT ( 'NONE', #7628 ) ;
#1303 = LINE ( 'NONE', #2383, #7245 ) ;
#1304 = CARTESIAN_POINT ( 'NONE',  ( -34.00000000000000000, 14.99999999999999645, 1.500000000000000000 ) ) ;
#1305 = CARTESIAN_POINT ( 'NONE',  ( 0.000000000000000000, 0.000000000000000000, -54.99999999999999289 ) ) ;
#1306 = CARTESIAN_POINT ( 'NONE',  ( -37.00000000000000711, -73.57658473601189542, -59.00000000000000000 ) ) ;
#1307 = LINE ( 'NONE', #4616, #7532 ) ;
#1308 = DIRECTION ( 'NONE',  ( -0.000000000000000000, -1.000000000000000000, -0.000000000000000000 ) ) ;
#1309 = EDGE_CURVE ( 'NONE', #225, #489, #4329, .T. ) ;
#1310 = DIRECTION ( 'NONE',  ( -1.000000000000000000, 0.000000000000000000, -8.673617379884027583E-16 ) ) ;
#1311 = AXIS2_PLACEMENT_3D ( 'NONE', #5490, #135, #1333 ) ;
#1312 = DIRECTION ( 'NONE',  ( -1.000000000000000000, -0.000000000000000000, 8.673617379884027583E-16 ) ) ;
#1313 = ORIENTED_EDGE ( 'NONE', *, *, #570, .F. ) ;
#1314 = VECTOR ( 'NONE', #1971, 1000.000000000000000 ) ;
#1315 = CARTESIAN_POINT ( 'NONE',  ( 37.00000000000009237, -76.73886239618028071, 24.99999999999999645 ) ) ;
#1316 = FACE_OUTER_BOUND ( 'NONE', #1441, .T. ) ;
#1317 = DIRECTION ( 'NONE',  ( 0.000000000000000000, 1.000000000000000000, 0.000000000000000000 ) ) ;
#1318 = CARTESIAN_POINT ( 'NONE',  ( -34.00000000000000000, -15.00000000000000355, 1.500000000000000000 ) ) ;
#1319 = EDGE_LOOP ( 'NONE', ( #7689, #2800, #3708, #981 ) ) ;
#1320 = EDGE_CURVE ( 'NONE', #1157, #4, #2715, .T. ) ;
#1321 = AXIS2_PLACEMENT_3D ( 'NONE', #4589, #7624, #7595 ) ;
#1322 = ADVANCED_FACE ( 'NONE', ( #1122 ), #7017, .F. ) ;
#1323 = LINE ( 'NONE', #7622, #5477 ) ;
#1324 = CC_DESIGN_SECURITY_CLASSIFICATION ( #5672, ( #7830 ) ) ;
#1325 = CIRCLE ( 'NONE', #5559, 1.499999999999994449 ) ;
#1326 = ORIENTED_EDGE ( 'NONE', *, *, #463, .F. ) ;
#1327 = ORIENTED_EDGE ( 'NONE', *, *, #1550, .T. ) ;
#1328 = CARTESIAN_POINT ( 'NONE',  ( 0.000000000000000000, -71.57658473601189542, 51.00000000000000000 ) ) ;
#1329 = ORIENTED_EDGE ( 'NONE', *, *, #5104, .F. ) ;
#1330 = EDGE_CURVE ( 'NONE', #6234, #7015, #4810, .T. ) ;
#1331 = VECTOR ( 'NONE', #5254, 1000.000000000000000 ) ;
#1332 = CARTESIAN_POINT ( 'NONE',  ( -31.00000000000000000, -46.67708979940022118, 40.00000000000000000 ) ) ;
#1333 = DIRECTION ( 'NONE',  ( 0.000000000000000000, 0.000000000000000000, -1.000000000000000000 ) ) ;
#1334 = EDGE_LOOP ( 'NONE', ( #113, #5552, #7372, #6859 ) ) ;
#1335 = ORIENTED_EDGE ( 'NONE', *, *, #5049, .F. ) ;
#1336 = DIRECTION ( 'NONE',  ( 0.000000000000000000, 1.000000000000000000, 0.000000000000000000 ) ) ;
#1337 = CARTESIAN_POINT ( 'NONE',  ( 36.00000000000009237, -56.57658473601188831, 24.99999999999999645 ) ) ;
#1338 = FACE_OUTER_BOUND ( 'NONE', #1655, .T. ) ;
#1339 = DATE_AND_TIME ( #7668, #6348 ) ;
#1340 = DIRECTION ( 'NONE',  ( -0.000000000000000000, -0.000000000000000000, -1.000000000000000000 ) ) ;
#1341 = VERTEX_POINT ( 'NONE', #2710 ) ;
#1342 = CARTESIAN_POINT ( 'NONE',  ( -37.00000000000000711, -73.57658473601189542, 24.99999999999999289 ) ) ;
#1343 = ORIENTED_EDGE ( 'NONE', *, *, #5392, .F. ) ;
#1345 = LINE ( 'NONE', #1062, #2191 ) ;
#1344 = DIRECTION ( 'NONE',  ( -0.000000000000000000, 0.000000000000000000, 1.000000000000000000 ) ) ;
#1346 = PLANE ( 'NONE',  #2044 ) ;
#1347 = VECTOR ( 'NONE', #3690, 1000.000000000000000 ) ;
#1348 = ORIENTED_EDGE ( 'NONE', *, *, #6112, .F. ) ;
#1349 = VECTOR ( 'NONE', #5583, 1000.000000000000114 ) ;
#1350 = CARTESIAN_POINT ( 'NONE',  ( -31.00000000000000000, -46.67708979940022118, -43.50000000000000711 ) ) ;
#1351 = CARTESIAN_POINT ( 'NONE',  ( -37.00000000000000711, -73.57658473601189542, -59.00000000000000000 ) ) ;
#1352 = EDGE_CURVE ( 'NONE', #3417, #6293, #2911, .T. ) ;
#1353 = ORIENTED_EDGE ( 'NONE', *, *, #3222, .T. ) ;
#1354 = AXIS2_PLACEMENT_3D ( 'NONE', #1556, #3959, #3989 ) ;
#1355 = FACE_OUTER_BOUND ( 'NONE', #810, .T. ) ;
#1356 = CARTESIAN_POINT ( 'NONE',  ( 34.49999999999998579, 0.000000000000000000, 1.000000000000000000 ) ) ;
#1357 = ADVANCED_FACE ( 'NONE', ( #735 ), #5179, .T. ) ;
#1358 = DIRECTION ( 'NONE',  ( 1.000000000000000000, 0.000000000000000000, 0.000000000000000000 ) ) ;
#1359 = DIRECTION ( 'NONE',  ( -0.3162277660168381077, 0.000000000000000000, -0.9486832980505137680 ) ) ;
#1360 = CARTESIAN_POINT ( 'NONE',  ( -0.000000000000000000, -56.57658473601188831, 51.00000000000000000 ) ) ;
#1361 = ORIENTED_EDGE ( 'NONE', *, *, #2664, .F. ) ;
#1362 = LINE ( 'NONE', #3613, #5359 ) ;
#1363 = EDGE_CURVE ( 'NONE', #6075, #4432, #1963, .T. ) ;
#1364 = EDGE_CURVE ( 'NONE', #1898, #3986, #361, .T. ) ;
#1365 = CC_DESIGN_DATE_AND_TIME_ASSIGNMENT ( #5943, #7131, ( #1270 ) ) ;
#1366 = DIRECTION ( 'NONE',  ( 1.000000000000000000, 0.000000000000000000, 0.000000000000000000 ) ) ;
#1367 = CARTESIAN_POINT ( 'NONE',  ( -40.00000000000000711, -56.57658473601188831, -59.00000000000000000 ) ) ;
#1368 = CARTESIAN_POINT ( 'NONE',  ( 0.000000000000000000, -71.57658473601189542, -53.00000000000000000 ) ) ;
#1369 = ORIENTED_EDGE ( 'NONE', *, *, #5140, .T. ) ;
#1370 = VECTOR ( 'NONE', #4024, 1000.000000000000000 ) ;
#1371 = DIRECTION ( 'NONE',  ( 0.000000000000000000, 0.000000000000000000, -1.000000000000000000 ) ) ;
#1372 = EDGE_CURVE ( 'NONE', #4977, #343, #2995, .T. ) ;
#1373 = CARTESIAN_POINT ( 'NONE',  ( 36.99999999999999289, -14.99999999999998046, 1.000000000000000000 ) ) ;
#1374 = AXIS2_PLACEMENT_3D ( 'NONE', #1265, #4223, #1823 ) ;
#1375 = ORIENTED_EDGE ( 'NONE', *, *, #6393, .F. ) ;
#1376 = VERTEX_POINT ( 'NONE', #6585 ) ;
#1377 = LINE ( 'NONE', #5790, #1851 ) ;
#1378 = ORIENTED_EDGE ( 'NONE', *, *, #6163, .T. ) ;
#1379 = LOCAL_TIME ( 13, 37, 31.00000000000000000, #2803 ) ;
#1380 = DIRECTION ( 'NONE',  ( -0.7071067811865507924, 0.000000000000000000, 0.7071067811865442421 ) ) ;
#1381 = CARTESIAN_POINT ( 'NONE',  ( 36.99999999999999289, 14.99999999999997335, -1.000000000000000000 ) ) ;
#1382 = VERTEX_POINT ( 'NONE', #2902 ) ;
#1383 = ORIENTED_EDGE ( 'NONE', *, *, #1827, .F. ) ;
#1384 = ORIENTED_EDGE ( 'NONE', *, *, #5167, .F. ) ;
#1385 = DIRECTION ( 'NONE',  ( -0.000000000000000000, -1.000000000000000000, -0.000000000000000000 ) ) ;
#1386 = AXIS2_PLACEMENT_3D ( 'NONE', #2608, #6889, #6845 ) ;
#1387 = CARTESIAN_POINT ( 'NONE',  ( 33.99999999999996447, 15.49999999999999467, 1.000000000000000000 ) ) ;
#1388 = VERTEX_POINT ( 'NONE', #1526 ) ;
#1389 = LINE ( 'NONE', #1440, #75 ) ;
#1390 = CARTESIAN_POINT ( 'NONE',  ( -35.00000000000000000, -71.57658473601189542, -54.99999999999999289 ) ) ;
#1391 = DIRECTION ( 'NONE',  ( 0.3162277660168382742, 0.000000000000000000, -0.9486832980505137680 ) ) ;
#1392 = CARTESIAN_POINT ( 'NONE',  ( -34.00000000000000000, -15.50000000000000355, 1.500000000000000000 ) ) ;
#1393 = ORIENTED_EDGE ( 'NONE', *, *, #1268, .F. ) ;
#1394 = CARTESIAN_POINT ( 'NONE',  ( -37.00000000000009237, -73.57658473601189542, 24.99999999999999645 ) ) ;
#1395 = VECTOR ( 'NONE', #5929, 1000.000000000000000 ) ;
#1396 = ADVANCED_FACE ( 'NONE', ( #1211, #1783 ), #7097, .F. ) ;
#1397 = FACE_OUTER_BOUND ( 'NONE', #686, .T. ) ;
#1398 = EDGE_CURVE ( 'NONE', #3276, #6827, #7343, .T. ) ;
#1399 = ORIENTED_EDGE ( 'NONE', *, *, #6088, .F. ) ;
#1400 = VERTEX_POINT ( 'NONE', #1056 ) ;
#1401 = AXIS2_PLACEMENT_3D ( 'NONE', #7565, #261, #336 ) ;
#1402 = LINE ( 'NONE', #2815, #5195 ) ;
#1403 = CARTESIAN_POINT ( 'NONE',  ( -31.00000000000000000, -56.57658473601188831, -41.50000000000000000 ) ) ;
#1404 = VECTOR ( 'NONE', #6559, 1000.000000000000000 ) ;
#1405 = ORIENTED_EDGE ( 'NONE', *, *, #1871, .T. ) ;
#1406 = EDGE_CURVE ( 'NONE', #5525, #406, #4416, .T. ) ;
#1407 = ORIENTED_EDGE ( 'NONE', *, *, #7125, .F. ) ;
#1408 = LINE ( 'NONE', #6173, #477 ) ;
#1409 = EDGE_CURVE ( 'NONE', #6365, #2172, #2335, .T. ) ;
#1410 = DIRECTION ( 'NONE',  ( -1.000000000000000000, 0.000000000000000000, 0.000000000000000000 ) ) ;
#1411 = EDGE_CURVE ( 'NONE', #998, #2586, #3172, .T. ) ;
#1412 = VECTOR ( 'NONE', #6463, 1000.000000000000000 ) ;
#1413 = DIRECTION ( 'NONE',  ( 8.673617379884027583E-16, 0.000000000000000000, -1.000000000000000000 ) ) ;
#1414 = AXIS2_PLACEMENT_3D ( 'NONE', #4219, #1793, #7805 ) ;
#1415 = DIRECTION ( 'NONE',  ( 0.000000000000000000, 1.000000000000000000, 0.000000000000000000 ) ) ;
#1416 = VERTEX_POINT ( 'NONE', #3461 ) ;
#1417 = VERTEX_POINT ( 'NONE', #1133 ) ;
#1418 = ORIENTED_EDGE ( 'NONE', *, *, #320, .F. ) ;
#1419 = VERTEX_POINT ( 'NONE', #454 ) ;
#1420 = PLANE ( 'NONE',  #7065 ) ;
#1421 = VECTOR ( 'NONE', #5913, 1000.000000000000000 ) ;
#1422 = DIRECTION ( 'NONE',  ( -0.000000000000000000, 1.000000000000000000, -0.000000000000000000 ) ) ;
#1423 = ORIENTED_EDGE ( 'NONE', *, *, #4204, .F. ) ;
#1424 = EDGE_CURVE ( 'NONE', #406, #2639, #2906, .T. ) ;
#1425 = EDGE_CURVE ( 'NONE', #4534, #7755, #5742, .T. ) ;
#1426 = ORIENTED_EDGE ( 'NONE', *, *, #2766, .F. ) ;
#1427 = EDGE_LOOP ( 'NONE', ( #3428, #4647, #3932, #7273 ) ) ;
#1428 = ORIENTED_EDGE ( 'NONE', *, *, #2974, .F. ) ;
#1429 = ORIENTED_EDGE ( 'NONE', *, *, #1828, .T. ) ;
#1430 = VECTOR ( 'NONE', #5992, 1000.000000000000000 ) ;
#1431 = EDGE_LOOP ( 'NONE', ( #2160, #4824 ) ) ;
#1432 = EDGE_LOOP ( 'NONE', ( #5268, #5429, #2751, #4044 ) ) ;
#1433 = LINE ( 'NONE', #1390, #4275 ) ;
#1434 = AXIS2_PLACEMENT_3D ( 'NONE', #1773, #6584, #3670 ) ;
#1435 = LINE ( 'NONE', #1356, #2753 ) ;
#1437 = DIRECTION ( 'NONE',  ( 1.000000000000000000, 0.000000000000000000, 0.000000000000000000 ) ) ;
#1436 = APPROVAL_DATE_TIME ( #2284, #1739 ) ;
#1438 = CARTESIAN_POINT ( 'NONE',  ( 37.00000000000000711, -56.57658473601188831, -59.00000000000000000 ) ) ;
#1439 = CARTESIAN_POINT ( 'NONE',  ( 37.00000000000009237, -76.73886239618028071, -30.00000000000000000 ) ) ;
#1440 = CARTESIAN_POINT ( 'NONE',  ( 37.00000000000009237, -73.57658473601189542, -27.00000000000000000 ) ) ;
#1441 = EDGE_LOOP ( 'NONE', ( #5949, #2697, #5034, #4809 ) ) ;
#1442 = CARTESIAN_POINT ( 'NONE',  ( -36.00000000000009237, -73.57658473601189542, -24.99999999999999645 ) ) ;
#1443 = VECTOR ( 'NONE', #3081, 1000.000000000000000 ) ;
#1444 = FACE_OUTER_BOUND ( 'NONE', #2838, .T. ) ;
#1445 = CARTESIAN_POINT ( 'NONE',  ( 31.00000000000000000, -46.67708979940022118, 40.00000000000000000 ) ) ;
#1446 = DIRECTION ( 'NONE',  ( -0.000000000000000000, -0.000000000000000000, -1.000000000000000000 ) ) ;
#1447 = DIRECTION ( 'NONE',  ( 0.000000000000000000, 0.000000000000000000, 1.000000000000000000 ) ) ;
#1448 = ORIENTED_EDGE ( 'NONE', *, *, #5669, .T. ) ;
#1449 = FACE_OUTER_BOUND ( 'NONE', #4867, .T. ) ;
#1450 = AXIS2_PLACEMENT_3D ( 'NONE', #7045, #6962, #3400 ) ;
#1451 = EDGE_LOOP ( 'NONE', ( #7024, #4095, #542, #5221 ) ) ;
#1452 = CARTESIAN_POINT ( 'NONE',  ( 0.000000000000000000, 15.49999999999999467, 1.500000000000000000 ) ) ;
#1453 = ADVANCED_FACE ( 'NONE', ( #3934 ), #2878, .F. ) ;
#1454 = CIRCLE ( 'NONE', #5450, 3.500000000000003109 ) ;
#1455 = EDGE_CURVE ( 'NONE', #4168, #2154, #7521, .T. ) ;
#1456 = AXIS2_PLACEMENT_3D ( 'NONE', #3630, #4253, #4229 ) ;
#1457 = ORIENTED_EDGE ( 'NONE', *, *, #4107, .F. ) ;
#1458 = DIRECTION ( 'NONE',  ( 0.000000000000000000, -0.000000000000000000, -1.000000000000000000 ) ) ;
#1459 = DIRECTION ( 'NONE',  ( 0.3162277660168382742, 0.000000000000000000, 0.9486832980505137680 ) ) ;
#1460 = VECTOR ( 'NONE', #3855, 1000.000000000000000 ) ;
#1461 = CARTESIAN_POINT ( 'NONE',  ( 37.00000000000000711, -56.57658473601188831, -59.00000000000000000 ) ) ;
#1462 = ADVANCED_FACE ( 'NONE', ( #3482 ), #1745, .F. ) ;
#1463 = CARTESIAN_POINT ( 'NONE',  ( 31.00000000000000000, -56.57658473601188831, -40.00000000000000000 ) ) ;
#1464 = CARTESIAN_POINT ( 'NONE',  ( 35.00000000000000000, -71.57658473601189542, 53.00000000000000000 ) ) ;
#1465 = EDGE_CURVE ( 'NONE', #6217, #4070, #4903, .T. ) ;
#1466 = VECTOR ( 'NONE', #2234, 1000.000000000000000 ) ;
#1467 = AXIS2_PLACEMENT_3D ( 'NONE', #4994, #6786, #1949 ) ;
#1468 = PERSON_AND_ORGANIZATION ( #1820, #6598 ) ;
#1469 = CC_DESIGN_APPROVAL ( #6982, ( #2127 ) ) ;
#1470 = CARTESIAN_POINT ( 'NONE',  ( 0.000000000000000000, 0.000000000000000000, 59.00000000000000000 ) ) ;
#1471 = VERTEX_POINT ( 'NONE', #4123 ) ;
#1472 = DIRECTION ( 'NONE',  ( -1.000000000000000000, 0.000000000000000000, 0.000000000000000000 ) ) ;
#1473 = ORIENTED_EDGE ( 'NONE', *, *, #4964, .F. ) ;
#1474 = EDGE_LOOP ( 'NONE', ( #2303, #852, #721, #2742 ) ) ;
#1475 = VERTEX_POINT ( 'NONE', #5954 ) ;
#1476 = LINE ( 'NONE', #1043, #7512 ) ;
#1477 = APPROVAL_DATE_TIME ( #4900, #59 ) ;
#1478 = CARTESIAN_POINT ( 'NONE',  ( -35.00000000000000000, -56.57658473601188831, -54.99999999999994316 ) ) ;
#1479 = DIRECTION ( 'NONE',  ( -0.000000000000000000, -1.000000000000000000, -0.000000000000000000 ) ) ;
#1480 = ORIENTED_EDGE ( 'NONE', *, *, #1527, .T. ) ;
#1481 = ORIENTED_EDGE ( 'NONE', *, *, #5527, .T. ) ;
#1482 = CIRCLE ( 'NONE', #4215, 3.000000000000002665 ) ;
#1483 = CARTESIAN_POINT ( 'NONE',  ( -37.00000000000000711, -14.99999999999998046, -1.000000000000000000 ) ) ;
#1484 = DIRECTION ( 'NONE',  ( -6.982962677686266711E-15, 0.000000000000000000, -1.000000000000000000 ) ) ;
#1485 = CARTESIAN_POINT ( 'NONE',  ( -34.00000000000000000, -15.00000000000000355, 1.500000000000000000 ) ) ;
#1486 = CARTESIAN_POINT ( 'NONE',  ( -33.99999999999997868, 15.49999999999999467, 1.000000000000000000 ) ) ;
#1487 = DIRECTION ( 'NONE',  ( 0.000000000000000000, 0.000000000000000000, 1.000000000000000000 ) ) ;
#1488 = CARTESIAN_POINT ( 'NONE',  ( 37.00000000000000711, -73.57658473601189542, -59.00000000000000000 ) ) ;
#1489 = ORIENTED_EDGE ( 'NONE', *, *, #6600, .F. ) ;
#1490 = ADVANCED_FACE ( 'NONE', ( #4323 ), #2518, .T. ) ;
#1491 = VECTOR ( 'NONE', #370, 1000.000000000000000 ) ;
#1492 = FACE_OUTER_BOUND ( 'NONE', #7354, .T. ) ;
#1493 = CARTESIAN_POINT ( 'NONE',  ( 31.00000000000000000, -56.57658473601188831, -40.00000000000000000 ) ) ;
#1494 = DIRECTION ( 'NONE',  ( -0.000000000000000000, 0.000000000000000000, 1.000000000000000000 ) ) ;
#1495 = ORIENTED_EDGE ( 'NONE', *, *, #7716, .F. ) ;
#1496 = VECTOR ( 'NONE', #5374, 1000.000000000000114 ) ;
#1497 = VECTOR ( 'NONE', #7382, 1000.000000000000000 ) ;
#1498 = ADVANCED_FACE ( 'NONE', ( #5950 ), #1644, .F. ) ;
#1499 = EDGE_CURVE ( 'NONE', #2089, #7783, #3259, .T. ) ;
#1500 = CARTESIAN_POINT ( 'NONE',  ( -37.00000000000000711, -56.57658473601188831, -59.00000000000000000 ) ) ;
#1501 = VERTEX_POINT ( 'NONE', #1083 ) ;
#1502 = PLANE ( 'NONE',  #1994 ) ;
#1503 = CYLINDRICAL_SURFACE ( 'NONE', #6933, 3.500000000000003109 ) ;
#1504 = VECTOR ( 'NONE', #4200, 1000.000000000000000 ) ;
#1505 = CARTESIAN_POINT ( 'NONE',  ( -37.00000000000000711, -73.57658473601189542, 21.99999999999999289 ) ) ;
#1506 = ADVANCED_FACE ( 'NONE', ( #2240 ), #1697, .F. ) ;
#1507 = CARTESIAN_POINT ( 'NONE',  ( 34.48502089982789443, 47.38440518787183464, 166.7371566806151577 ) ) ;
#1508 = ORIENTED_EDGE ( 'NONE', *, *, #5121, .F. ) ;
#1509 = EDGE_CURVE ( 'NONE', #2594, #589, #5178, .T. ) ;
#1510 = ORIENTED_EDGE ( 'NONE', *, *, #7390, .T. ) ;
#1511 = DIRECTION ( 'NONE',  ( 0.000000000000000000, 0.000000000000000000, 1.000000000000000000 ) ) ;
#1512 = CARTESIAN_POINT ( 'NONE',  ( 35.00000000000000000, -71.57658473601189542, -53.00000000000000000 ) ) ;
#1513 = EDGE_CURVE ( 'NONE', #625, #4070, #7337, .T. ) ;
#1514 = ORIENTED_EDGE ( 'NONE', *, *, #1019, .F. ) ;
#1515 = DIRECTION ( 'NONE',  ( 0.000000000000000000, 1.000000000000000000, 0.000000000000000000 ) ) ;
#1516 = CC_DESIGN_APPROVAL ( #10, ( #1270 ) ) ;
#1517 = DIRECTION ( 'NONE',  ( 0.000000000000000000, -0.000000000000000000, -1.000000000000000000 ) ) ;
#1518 = VECTOR ( 'NONE', #6490, 1000.000000000000000 ) ;
#1519 = EDGE_LOOP ( 'NONE', ( #5866, #54, #6196, #5766 ) ) ;
#1520 = VERTEX_POINT ( 'NONE', #3591 ) ;
#1521 = CARTESIAN_POINT ( 'NONE',  ( 37.00000000000000711, -76.73886239618028071, -4.000000000000000888 ) ) ;
#1522 = ORIENTED_EDGE ( 'NONE', *, *, #6431, .F. ) ;
#1523 = CARTESIAN_POINT ( 'NONE',  ( -35.00000000000000000, -56.57658473601188831, 53.00000000000000000 ) ) ;
#1524 = CARTESIAN_POINT ( 'NONE',  ( -37.00000000000000711, -73.57658473601189542, -59.00000000000000000 ) ) ;
#1525 = VECTOR ( 'NONE', #2671, 1000.000000000000000 ) ;
#1526 = CARTESIAN_POINT ( 'NONE',  ( -37.00000000000000711, -56.57658473601188831, -1.000000000000000888 ) ) ;
#1527 = EDGE_CURVE ( 'NONE', #3781, #6678, #3572, .T. ) ;
#1528 = DATE_AND_TIME ( #4452, #6556 ) ;
#1529 = VERTEX_POINT ( 'NONE', #4891 ) ;
#1530 = VECTOR ( 'NONE', #7249, 1000.000000000000000 ) ;
#1531 = CARTESIAN_POINT ( 'NONE',  ( -37.00000000000000711, -73.57658473601189542, -59.00000000000000000 ) ) ;
#1532 = ADVANCED_FACE ( 'NONE', ( #3842 ), #1768, .F. ) ;
#1533 = LINE ( 'NONE', #1128, #1638 ) ;
#1534 = PLANE ( 'NONE',  #3409 ) ;
#1535 = DIRECTION ( 'NONE',  ( -1.000000000000000000, 0.000000000000000000, -0.000000000000000000 ) ) ;
#1536 = CARTESIAN_POINT ( 'NONE',  ( -37.00000000000000711, -73.57658473601189542, 26.99999999999999645 ) ) ;
#1537 = VERTEX_POINT ( 'NONE', #627 ) ;
#1538 = AXIS2_PLACEMENT_3D ( 'NONE', #6964, #4660, #3403 ) ;
#1539 = CYLINDRICAL_SURFACE ( 'NONE', #4856, 0.5000000000000004441 ) ;
#1540 = PRODUCT_DEFINITION_SHAPE ( 'NONE', 'NONE',  #7139 ) ;
#1541 = DIRECTION ( 'NONE',  ( 0.000000000000000000, -1.000000000000000000, 0.000000000000000000 ) ) ;
#1542 = CARTESIAN_POINT ( 'NONE',  ( 40.00000000000000711, -76.57658473601189542, 59.00000000000000000 ) ) ;
#1543 = ADVANCED_FACE ( 'NONE', ( #265 ), #4808, .T. ) ;
#1544 = PLANE ( 'NONE',  #1646 ) ;
#1545 = ORIENTED_EDGE ( 'NONE', *, *, #2486, .F. ) ;
#1546 = VECTOR ( 'NONE', #2533, 1000.000000000000000 ) ;
#1547 = EDGE_CURVE ( 'NONE', #4741, #7566, #6868, .T. ) ;
#1548 = CARTESIAN_POINT ( 'NONE',  ( -37.00000000000000711, -73.57658473601189542, -59.00000000000000000 ) ) ;
#1549 = DIRECTION ( 'NONE',  ( 0.000000000000000000, -1.000000000000000000, 0.000000000000000000 ) ) ;
#1550 = EDGE_CURVE ( 'NONE', #4988, #1059, #6606, .T. ) ;
#1551 = CARTESIAN_POINT ( 'NONE',  ( 33.99999999999998579, -15.00000000000000355, 1.500000000000000000 ) ) ;
#1552 = VERTEX_POINT ( 'NONE', #6005 ) ;
#1553 = ADVANCED_FACE ( 'NONE', ( #1690 ), #550, .F. ) ;
#1554 = CIRCLE ( 'NONE', #2864, 1.500000000000001332 ) ;
#1555 = DIRECTION ( 'NONE',  ( 0.000000000000000000, 0.000000000000000000, -1.000000000000000000 ) ) ;
#1556 = CARTESIAN_POINT ( 'NONE',  ( 37.00000000000000711, -76.73886239618028071, -1.000000000000000888 ) ) ;
#1557 = ORIENTED_EDGE ( 'NONE', *, *, #606, .T. ) ;
#1558 = DIRECTION ( 'NONE',  ( 1.000000000000000000, 0.000000000000000000, 0.000000000000000000 ) ) ;
#1559 = VECTOR ( 'NONE', #780, 1000.000000000000000 ) ;
#1560 = EDGE_CURVE ( 'NONE', #274, #2172, #5554, .T. ) ;
#1561 = EDGE_CURVE ( 'NONE', #3607, #5194, #1957, .T. ) ;
#1562 = EDGE_LOOP ( 'NONE', ( #1428, #7443, #4245, #1113 ) ) ;
#1563 =( GEOMETRIC_REPRESENTATION_CONTEXT ( 3 ) GLOBAL_UNCERTAINTY_ASSIGNED_CONTEXT ( ( #2523 ) ) GLOBAL_UNIT_ASSIGNED_CONTEXT ( ( #7640, #5139, #4491 ) ) REPRESENTATION_CONTEXT ( 'NONE', 'WORKASPACE' ) );
#1564 = CARTESIAN_POINT ( 'NONE',  ( -33.99999999999997868, 17.99999999999999645, 1.000000000000000000 ) ) ;
#1565 = ORIENTED_EDGE ( 'NONE', *, *, #6770, .F. ) ;
#1566 = LINE ( 'NONE', #3950, #2891 ) ;
#1567 = DIRECTION ( 'NONE',  ( -0.7071067811865442421, -0.000000000000000000, 0.7071067811865507924 ) ) ;
#1568 = ORIENTED_EDGE ( 'NONE', *, *, #7634, .T. ) ;
#1569 = CARTESIAN_POINT ( 'NONE',  ( 31.00000000000000000, -56.57658473601188831, -41.49999999999999289 ) ) ;
#1570 = PLANE ( 'NONE',  #6840 ) ;
#1571 = LINE ( 'NONE', #3640, #5170 ) ;
#1572 = ADVANCED_FACE ( 'NONE', ( #3362 ), #173, .F. ) ;
#1573 = APPROVAL_DATE_TIME ( #2600, #5723 ) ;
#1574 = EDGE_CURVE ( 'NONE', #6397, #2973, #6779, .T. ) ;
#1575 = EDGE_CURVE ( 'NONE', #7463, #1417, #7153, .T. ) ;
#1576 = CARTESIAN_POINT ( 'NONE',  ( 37.00000000000000711, -76.73886239618028071, 1.000000000000000888 ) ) ;
#1577 = VERTEX_POINT ( 'NONE', #6051 ) ;
#1578 = CARTESIAN_POINT ( 'NONE',  ( -37.00000000000000711, -73.57658473601189542, 3.999999999999986233 ) ) ;
#1579 = CARTESIAN_POINT ( 'NONE',  ( -37.00000000000000711, -73.57658473601189542, -59.00000000000000000 ) ) ;
#1580 = VERTEX_POINT ( 'NONE', #3672 ) ;
#1581 = CARTESIAN_POINT ( 'NONE',  ( 31.00000000000000000, -46.67708979940022118, 43.50000000000000711 ) ) ;
#1582 = LINE ( 'NONE', #156, #2143 ) ;
#1583 = DIRECTION ( 'NONE',  ( 1.000000000000000000, 0.000000000000000000, 0.000000000000000000 ) ) ;
#1584 = SHAPE_REPRESENTATION_RELATIONSHIP ( 'NONE' , 'NONE' ,  #2358, #6162 ) ;
#1585 = ADVANCED_FACE ( 'NONE', ( #1776 ), #3017, .T. ) ;
#1586 = DIRECTION ( 'NONE',  ( 1.000000000000000000, 0.000000000000000000, -8.673617379884027583E-16 ) ) ;
#1587 = EDGE_LOOP ( 'NONE', ( #6390, #1954, #4909, #253 ) ) ;
#1588 = CARTESIAN_POINT ( 'NONE',  ( -31.00000000000000000, -73.57658473601189542, 40.00000000000000000 ) ) ;
#1589 = AXIS2_PLACEMENT_3D ( 'NONE', #2746, #888, #3493 ) ;
#1590 = VECTOR ( 'NONE', #595, 1000.000000000000000 ) ;
#1591 = CARTESIAN_POINT ( 'NONE',  ( -37.00000000000009237, -56.57658473601188831, -27.00000000000000000 ) ) ;
#1592 = CARTESIAN_POINT ( 'NONE',  ( 37.00000000000009237, -73.57658473601189542, -30.00000000000000000 ) ) ;
#1593 = VECTOR ( 'NONE', #6166, 1000.000000000000114 ) ;
#1594 = VERTEX_POINT ( 'NONE', #4274 ) ;
#1595 = CARTESIAN_POINT ( 'NONE',  ( 36.00000000000009237, -73.57658473601189542, -27.00000000000000000 ) ) ;
#1596 = ADVANCED_FACE ( 'NONE', ( #6407 ), #2567, .F. ) ;
#1597 = CARTESIAN_POINT ( 'NONE',  ( 0.000000000000000000, 0.000000000000000000, 0.000000000000000000 ) ) ;
#1598 = CYLINDRICAL_SURFACE ( 'NONE', #4367, 0.5000000000000004441 ) ;
#1599 = EDGE_CURVE ( 'NONE', #7375, #7414, #460, .T. ) ;
#1600 = DIRECTION ( 'NONE',  ( 0.000000000000000000, 1.000000000000000000, 0.000000000000000000 ) ) ;
#1601 = LINE ( 'NONE', #3331, #6425 ) ;
#1602 = CARTESIAN_POINT ( 'NONE',  ( -37.00000000000009237, -76.73886239618028071, -24.99999999999999645 ) ) ;
#1603 = DIRECTION ( 'NONE',  ( -0.000000000000000000, 0.000000000000000000, -1.000000000000000000 ) ) ;
#1604 = EDGE_LOOP ( 'NONE', ( #5328, #7564, #1480, #6535 ) ) ;
#1605 = ORIENTED_EDGE ( 'NONE', *, *, #974, .F. ) ;
#1606 = FACE_BOUND ( 'NONE', #458, .T. ) ;
#1607 = DIRECTION ( 'NONE',  ( -1.000000000000000000, 0.000000000000000000, 0.000000000000000000 ) ) ;
#1608 = DIRECTION ( 'NONE',  ( 1.000000000000000000, 0.000000000000000000, 0.000000000000000000 ) ) ;
#1609 = LINE ( 'NONE', #2972, #753 ) ;
#1610 = PLANE ( 'NONE',  #4775 ) ;
#1611 = ORIENTED_EDGE ( 'NONE', *, *, #1778, .F. ) ;
#1612 = CARTESIAN_POINT ( 'NONE',  ( 36.99999999999999289, -14.99999999999998046, -1.000000000000000000 ) ) ;
#1613 = VERTEX_POINT ( 'NONE', #1892 ) ;
#1614 = ORIENTED_EDGE ( 'NONE', *, *, #7136, .F. ) ;
#1615 = ORIENTED_EDGE ( 'NONE', *, *, #832, .F. ) ;
#1616 = ORIENTED_EDGE ( 'NONE', *, *, #2216, .T. ) ;
#1617 = EDGE_CURVE ( 'NONE', #1026, #722, #730, .T. ) ;
#1618 = VECTOR ( 'NONE', #4716, 1000.000000000000000 ) ;
#1619 = CARTESIAN_POINT ( 'NONE',  ( -37.00000000000000711, -14.99999999999998046, -1.000000000000000000 ) ) ;
#1620 = ORIENTED_EDGE ( 'NONE', *, *, #4661, .F. ) ;
#1621 = VERTEX_POINT ( 'NONE', #3764 ) ;
#1622 = ORIENTED_EDGE ( 'NONE', *, *, #4865, .T. ) ;
#1623 = ORIENTED_EDGE ( 'NONE', *, *, #2788, .F. ) ;
#1624 = ORIENTED_EDGE ( 'NONE', *, *, #3923, .F. ) ;
#1625 = LINE ( 'NONE', #2867, #1331 ) ;
#1627 = CARTESIAN_POINT ( 'NONE',  ( 31.00000000000000000, -73.57658473601189542, -40.00000000000000000 ) ) ;
#1626 = ORGANIZATION ( 'NAUO-ORG4', 'UNSPECIFIED', 'UNSPECIFIED' ) ;
#1628 = APPLICATION_CONTEXT ( 'configuration controlled 3d designs of mechanical parts and assemblies' ) ;
#1629 = EDGE_CURVE ( 'NONE', #1501, #1475, #1582, .T. ) ;
#1630 = CARTESIAN_POINT ( 'NONE',  ( -37.00000000000000711, -73.57658473601189542, 3.999999999999986233 ) ) ;
#1631 = DIRECTION ( 'NONE',  ( 0.000000000000000000, 1.000000000000000000, 0.000000000000000000 ) ) ;
#1632 = AXIS2_PLACEMENT_3D ( 'NONE', #5323, #505, #2258 ) ;
#1633 = ADVANCED_FACE ( 'NONE', ( #6958 ), #7814, .T. ) ;
#1634 = DIRECTION ( 'NONE',  ( 0.000000000000000000, 0.000000000000000000, -1.000000000000000000 ) ) ;
#1635 = ORIENTED_EDGE ( 'NONE', *, *, #1275, .T. ) ;
#1636 = ORIENTED_EDGE ( 'NONE', *, *, #5069, .F. ) ;
#1637 = LINE ( 'NONE', #5646, #6251 ) ;
#1638 = VECTOR ( 'NONE', #5972, 1000.000000000000000 ) ;
#1639 = APPROVAL_DATE_TIME ( #6339, #768 ) ;
#1640 = CARTESIAN_POINT ( 'NONE',  ( 31.00000000000000000, -73.57658473601189542, -38.50000000000000711 ) ) ;
#1641 = CARTESIAN_POINT ( 'NONE',  ( -37.00000000000000711, -73.57658473601189542, 29.99999999999973355 ) ) ;
#1642 = VERTEX_POINT ( 'NONE', #6143 ) ;
#1643 = VERTEX_POINT ( 'NONE', #1970 ) ;
#1644 = PLANE ( 'NONE',  #7294 ) ;
#1645 = LINE ( 'NONE', #3149, #5804 ) ;
#1646 = AXIS2_PLACEMENT_3D ( 'NONE', #1602, #3415, #424 ) ;
#1647 = ADVANCED_FACE ( 'NONE', ( #4714 ), #4602, .F. ) ;
#1648 = FACE_OUTER_BOUND ( 'NONE', #7802, .T. ) ;
#1649 = VERTEX_POINT ( 'NONE', #3090 ) ;
#1650 = DIRECTION ( 'NONE',  ( 0.3162277660168381077, 0.000000000000000000, -0.9486832980505137680 ) ) ;
#1652 = LINE ( 'NONE', #7157, #2016 ) ;
#1651 = DIRECTION ( 'NONE',  ( 0.000000000000000000, 0.000000000000000000, -1.000000000000000000 ) ) ;
#1653 = DIRECTION ( 'NONE',  ( 1.000000000000000000, 0.000000000000000000, -0.000000000000000000 ) ) ;
#1654 = AXIS2_PLACEMENT_3D ( 'NONE', #689, #7409, #4359 ) ;
#1655 = EDGE_LOOP ( 'NONE', ( #3518, #6565, #2027, #3216 ) ) ;
#1656 = APPLICATION_PROTOCOL_DEFINITION ( 'international standard', 'config_control_design', 1994, #1121 ) ;
#1657 = LINE ( 'NONE', #1351, #50 ) ;
#1658 = PLANE ( 'NONE',  #3963 ) ;
#1659 = CARTESIAN_POINT ( 'NONE',  ( 36.00000000000000711, -73.57658473601189542, -1.000000000000000000 ) ) ;
#1660 = DIRECTION ( 'NONE',  ( 1.000000000000000000, 0.000000000000000000, 0.000000000000000000 ) ) ;
#1661 = DIRECTION ( 'NONE',  ( 0.000000000000000000, 0.000000000000000000, 1.000000000000000000 ) ) ;
#1662 = VERTEX_POINT ( 'NONE', #138 ) ;
#1663 = LINE ( 'NONE', #5197, #2404 ) ;
#1664 = CARTESIAN_POINT ( 'NONE',  ( 37.00000000000000711, -76.73886239618028071, -1.000000000000000888 ) ) ;
#1665 = CARTESIAN_POINT ( 'NONE',  ( 0.000000000000000000, -71.57658473601189542, -53.00000000000000000 ) ) ;
#1666 = DIRECTION ( 'NONE',  ( 1.000000000000000000, 0.000000000000000000, 0.000000000000000000 ) ) ;
#1667 = EDGE_CURVE ( 'NONE', #3433, #7790, #6205, .T. ) ;
#1668 = DIRECTION ( 'NONE',  ( 0.000000000000000000, -1.000000000000000000, 0.000000000000000000 ) ) ;
#1669 = AXIS2_PLACEMENT_3D ( 'NONE', #1332, #1914, #7296 ) ;
#1670 = EDGE_LOOP ( 'NONE', ( #4466, #6637, #6183, #7000 ) ) ;
#1671 = LINE ( 'NONE', #5704, #1280 ) ;
#1672 = ORIENTED_EDGE ( 'NONE', *, *, #3248, .T. ) ;
#1673 = VECTOR ( 'NONE', #2965, 1000.000000000000000 ) ;
#1674 = ORIENTED_EDGE ( 'NONE', *, *, #2187, .F. ) ;
#1675 = CARTESIAN_POINT ( 'NONE',  ( -37.00000000000000711, -73.57658473601189542, -59.00000000000000000 ) ) ;
#1676 = CARTESIAN_POINT ( 'NONE',  ( -37.00000000000000711, 0.000000000000000000, 56.99999999999996447 ) ) ;
#1677 = VERTEX_POINT ( 'NONE', #4967 ) ;
#1678 = EDGE_CURVE ( 'NONE', #3015, #1834, #546, .T. ) ;
#1679 = ORIENTED_EDGE ( 'NONE', *, *, #349, .T. ) ;
#1680 = CC_DESIGN_PERSON_AND_ORGANIZATION_ASSIGNMENT ( #815, #4670, ( #6924 ) ) ;
#1681 = ORIENTED_EDGE ( 'NONE', *, *, #3161, .F. ) ;
#1682 = VECTOR ( 'NONE', #2249, 1000.000000000000000 ) ;
#1683 = DIRECTION ( 'NONE',  ( -0.000000000000000000, 0.000000000000000000, 1.000000000000000000 ) ) ;
#1684 = ADVANCED_FACE ( 'NONE', ( #635 ), #6802, .T. ) ;
#1685 = APPROVAL_ROLE ( '' ) ;
#1686 = DATE_AND_TIME ( #2138, #7515 ) ;
#1687 = DIRECTION ( 'NONE',  ( 1.000000000000000000, 0.000000000000000000, 0.000000000000000000 ) ) ;
#1688 = ORIENTED_EDGE ( 'NONE', *, *, #5519, .T. ) ;
#1689 = VERTEX_POINT ( 'NONE', #1286 ) ;
#1690 = FACE_OUTER_BOUND ( 'NONE', #6085, .T. ) ;
#1691 = EDGE_CURVE ( 'NONE', #5906, #4399, #2053, .T. ) ;
#1692 = EDGE_CURVE ( 'NONE', #5385, #139, #5082, .T. ) ;
#1693 = CARTESIAN_POINT ( 'NONE',  ( -31.00000000000000000, -56.57658473601188831, 40.00000000000000000 ) ) ;
#1694 = CARTESIAN_POINT ( 'NONE',  ( -35.00000000000000000, -71.57658473601189542, -54.99999999999999289 ) ) ;
#1695 = CARTESIAN_POINT ( 'NONE',  ( 31.00000000000000000, -46.67708979940022118, 40.00000000000000000 ) ) ;
#1696 = ORIENTED_EDGE ( 'NONE', *, *, #6921, .T. ) ;
#1697 = PLANE ( 'NONE',  #3394 ) ;
#1698 = CIRCLE ( 'NONE', #719, 3.500000000000003109 ) ;
#1699 = FACE_OUTER_BOUND ( 'NONE', #2749, .T. ) ;
#1700 = DIRECTION ( 'NONE',  ( 0.000000000000000000, 0.000000000000000000, -1.000000000000000000 ) ) ;
#1701 = AXIS2_PLACEMENT_3D ( 'NONE', #7807, #647, #104 ) ;
#1702 = ORIENTED_EDGE ( 'NONE', *, *, #4214, .T. ) ;
#1703 = ORIENTED_EDGE ( 'NONE', *, *, #7687, .T. ) ;
#1704 = VECTOR ( 'NONE', #7166, 1000.000000000000000 ) ;
#1705 = VECTOR ( 'NONE', #1600, 1000.000000000000000 ) ;
#1706 = PERSON_AND_ORGANIZATION_ROLE ( 'creator' ) ;
#1707 = ORIENTED_EDGE ( 'NONE', *, *, #7062, .T. ) ;
#1708 = FACE_OUTER_BOUND ( 'NONE', #3656, .T. ) ;
#1709 = DIRECTION ( 'NONE',  ( 0.000000000000000000, 1.000000000000000000, 0.000000000000000000 ) ) ;
#1710 = CARTESIAN_POINT ( 'NONE',  ( 35.00000000000000000, -71.57658473601189542, 51.00000000000000000 ) ) ;
#1711 = LINE ( 'NONE', #631, #7174 ) ;
#1712 = ORIENTED_EDGE ( 'NONE', *, *, #1166, .T. ) ;
#1713 = AXIS2_PLACEMENT_3D ( 'NONE', #4043, #433, #2952 ) ;
#1714 = VERTEX_POINT ( 'NONE', #3792 ) ;
#1715 = ORIENTED_EDGE ( 'NONE', *, *, #2842, .T. ) ;
#1716 = CARTESIAN_POINT ( 'NONE',  ( -31.00000000000000000, -56.57658473601188831, -41.50000000000000000 ) ) ;
#1717 = DIRECTION ( 'NONE',  ( -0.3162277660168382742, 0.000000000000000000, -0.9486832980505137680 ) ) ;
#1718 = DIRECTION ( 'NONE',  ( 0.000000000000000000, 0.000000000000000000, 1.000000000000000000 ) ) ;
#1719 = ORIENTED_EDGE ( 'NONE', *, *, #7, .T. ) ;
#1720 = CALENDAR_DATE ( 2022, 27, 1 ) ;
#1721 = VECTOR ( 'NONE', #7792, 1000.000000000000000 ) ;
#1722 = CARTESIAN_POINT ( 'NONE',  ( -36.00000000000009237, -76.73886239618028071, 24.99999999999999645 ) ) ;
#1723 = VERTEX_POINT ( 'NONE', #703 ) ;
#1724 = ORIENTED_EDGE ( 'NONE', *, *, #5380, .T. ) ;
#1725 = EDGE_CURVE ( 'NONE', #7619, #5168, #1482, .T. ) ;
#1726 = ORIENTED_EDGE ( 'NONE', *, *, #6599, .F. ) ;
#1727 = AXIS2_PLACEMENT_3D ( 'NONE', #251, #3261, #5694 ) ;
#1728 = VECTOR ( 'NONE', #4242, 1000.000000000000000 ) ;
#1729 = CALENDAR_DATE ( 2022, 27, 1 ) ;
#1730 = EDGE_LOOP ( 'NONE', ( #3922, #4545, #6626, #5317 ) ) ;
#1731 = ORIENTED_EDGE ( 'NONE', *, *, #7196, .T. ) ;
#1732 = LINE ( 'NONE', #3097, #6161 ) ;
#1733 = DATE_TIME_ROLE ( 'creation_date' ) ;
#1734 = VECTOR ( 'NONE', #4805, 1000.000000000000000 ) ;
#1735 = EDGE_CURVE ( 'NONE', #1677, #1090, #3080, .T. ) ;
#1736 = DIRECTION ( 'NONE',  ( 1.000000000000000000, 0.000000000000000000, -0.000000000000000000 ) ) ;
#1737 = EDGE_CURVE ( 'NONE', #6171, #4556, #6121, .T. ) ;
#1738 = PLANE ( 'NONE',  #6654 ) ;
#1739 = APPROVAL ( #2342, 'UNSPECIFIED' ) ;
#1740 = PLANE ( 'NONE',  #7492 ) ;
#1741 = ORIENTED_EDGE ( 'NONE', *, *, #3365, .F. ) ;
#1742 = VECTOR ( 'NONE', #3662, 1000.000000000000000 ) ;
#1743 = CARTESIAN_POINT ( 'NONE',  ( 37.00000000000000711, -56.57658473601188831, -59.00000000000000000 ) ) ;
#1744 = DIRECTION ( 'NONE',  ( 0.000000000000000000, -0.000000000000000000, -1.000000000000000000 ) ) ;
#1745 = PLANE ( 'NONE',  #5955 ) ;
#1746 = VERTEX_POINT ( 'NONE', #3215 ) ;
#1747 = AXIS2_PLACEMENT_3D ( 'NONE', #2841, #3448, #5808 ) ;
#1748 = VECTOR ( 'NONE', #2717, 1000.000000000000000 ) ;
#1749 = DIRECTION ( 'NONE',  ( -0.000000000000000000, -1.000000000000000000, -0.000000000000000000 ) ) ;
#1750 = CARTESIAN_POINT ( 'NONE',  ( -36.00000000000009237, -56.57658473601188831, 27.00000000000000000 ) ) ;
#1751 = ORIENTED_EDGE ( 'NONE', *, *, #844, .T. ) ;
#1752 = CARTESIAN_POINT ( 'NONE',  ( 37.00000000000000711, -56.57658473601188831, -59.00000000000000000 ) ) ;
#1753 = VECTOR ( 'NONE', #5915, 1000.000000000000000 ) ;
#1754 = PLANE ( 'NONE',  #6772 ) ;
#1755 = ORIENTED_EDGE ( 'NONE', *, *, #3381, .T. ) ;
#1756 = CARTESIAN_POINT ( 'NONE',  ( -34.50000000000000000, 14.99999999999999289, 1.500000000000000000 ) ) ;
#1757 = VECTOR ( 'NONE', #7672, 1000.000000000000000 ) ;
#1758 = DIRECTION ( 'NONE',  ( -1.000000000000000000, 0.000000000000000000, -0.000000000000000000 ) ) ;
#1759 = ORIENTED_EDGE ( 'NONE', *, *, #6967, .F. ) ;
#1760 = ORIENTED_EDGE ( 'NONE', *, *, #161, .T. ) ;
#1761 = LINE ( 'NONE', #2794, #6493 ) ;
#1762 = CARTESIAN_POINT ( 'NONE',  ( -37.00000000000000711, -76.73886239618028071, 4.000000000000000888 ) ) ;
#1763 = CARTESIAN_POINT ( 'NONE',  ( 31.00000000000000000, -73.57658473601189542, 40.00000000000000000 ) ) ;
#1764 = ORIENTED_EDGE ( 'NONE', *, *, #3110, .F. ) ;
#1765 = CARTESIAN_POINT ( 'NONE',  ( 37.00000000000000711, -56.57658473601188831, 56.99999999999996447 ) ) ;
#1766 = EDGE_CURVE ( 'NONE', #775, #6262, #3755, .T. ) ;
#1767 = VECTOR ( 'NONE', #4934, 1000.000000000000000 ) ;
#1768 = PLANE ( 'NONE',  #3899 ) ;
#1769 = AXIS2_PLACEMENT_3D ( 'NONE', #3746, #118, #3143 ) ;
#1770 = CALENDAR_DATE ( 2022, 27, 1 ) ;
#1771 = ORIENTED_EDGE ( 'NONE', *, *, #7196, .F. ) ;
#1772 = ORIENTED_EDGE ( 'NONE', *, *, #4438, .T. ) ;
#1773 = CARTESIAN_POINT ( 'NONE',  ( -37.00000000000009237, -76.73886239618028071, 27.00000000000000000 ) ) ;
#1774 = ORIENTED_EDGE ( 'NONE', *, *, #2187, .T. ) ;
#1775 = CARTESIAN_POINT ( 'NONE',  ( 34.49999999999998579, 0.000000000000000000, 1.000000000000000000 ) ) ;
#1776 = FACE_OUTER_BOUND ( 'NONE', #534, .T. ) ;
#1777 = EDGE_CURVE ( 'NONE', #3297, #2036, #1865, .T. ) ;
#1778 = EDGE_CURVE ( 'NONE', #4397, #7775, #6860, .T. ) ;
#1779 = APPROVAL ( #3552, 'UNSPECIFIED' ) ;
#1780 = ORIENTED_EDGE ( 'NONE', *, *, #2966, .F. ) ;
#1781 = DIRECTION ( 'NONE',  ( 0.000000000000000000, 0.000000000000000000, 1.000000000000000000 ) ) ;
#1782 = SECURITY_CLASSIFICATION_LEVEL ( 'unclassified' ) ;
#1783 = FACE_OUTER_BOUND ( 'NONE', #490, .T. ) ;
#1784 = LINE ( 'NONE', #4886, #7633 ) ;
#1785 = DIRECTION ( 'NONE',  ( 0.9486832980505137680, -0.000000000000000000, 0.3162277660168382742 ) ) ;
#1786 = CARTESIAN_POINT ( 'NONE',  ( -36.00000000000009237, -73.57658473601189542, 24.99999999999999645 ) ) ;
#1787 = DIRECTION ( 'NONE',  ( -1.000000000000000000, 0.000000000000000000, 8.673617379884027583E-16 ) ) ;
#1788 = ORIENTED_EDGE ( 'NONE', *, *, #2364, .F. ) ;
#1789 = EDGE_CURVE ( 'NONE', #4896, #1200, #4228, .T. ) ;
#1790 = AXIS2_PLACEMENT_3D ( 'NONE', #3738, #1385, #6702 ) ;
#1791 = VECTOR ( 'NONE', #4266, 1000.000000000000000 ) ;
#1792 = CARTESIAN_POINT ( 'NONE',  ( -31.00000000000000000, -73.57658473601189542, 43.50000000000000711 ) ) ;
#1793 = DIRECTION ( 'NONE',  ( -0.000000000000000000, -1.000000000000000000, -0.000000000000000000 ) ) ;
#1794 = LINE ( 'NONE', #7163, #1404 ) ;
#1795 = CARTESIAN_POINT ( 'NONE',  ( -37.00000000000009237, -76.73886239618028071, -24.99999999999999645 ) ) ;
#1796 = VERTEX_POINT ( 'NONE', #308 ) ;
#1797 = VECTOR ( 'NONE', #264, 1000.000000000000000 ) ;
#1798 = LINE ( 'NONE', #2907, #1412 ) ;
#1799 = CARTESIAN_POINT ( 'NONE',  ( -37.00000000000000711, -73.57658473601189542, 54.99999999999999289 ) ) ;
#1800 = CARTESIAN_POINT ( 'NONE',  ( -37.00000000000009237, -76.73886239618028071, 30.00000000000000000 ) ) ;
#1801 = AXIS2_PLACEMENT_3D ( 'NONE', #229, #4434, #298 ) ;
#1802 = DIRECTION ( 'NONE',  ( 0.000000000000000000, 1.000000000000000000, 0.000000000000000000 ) ) ;
#1803 = EDGE_LOOP ( 'NONE', ( #524, #5775, #309, #7589 ) ) ;
#1804 = ORIENTED_EDGE ( 'NONE', *, *, #6076, .F. ) ;
#1805 = ORIENTED_EDGE ( 'NONE', *, *, #6670, .T. ) ;
#1806 = ORIENTED_EDGE ( 'NONE', *, *, #6931, .F. ) ;
#1807 = FACE_OUTER_BOUND ( 'NONE', #4256, .T. ) ;
#1808 = DIRECTION ( 'NONE',  ( 1.000000000000000000, 2.551063935260011231E-17, 0.000000000000000000 ) ) ;
#1809 = ORIENTED_EDGE ( 'NONE', *, *, #7179, .T. ) ;
#1810 = CARTESIAN_POINT ( 'NONE',  ( 37.00000000000000711, -73.57658473601189542, 56.99999999999995026 ) ) ;
#1811 = ORIENTED_EDGE ( 'NONE', *, *, #7179, .F. ) ;
#1812 = CARTESIAN_POINT ( 'NONE',  ( -37.00000000000000711, -76.73886239618028071, 1.000000000000000888 ) ) ;
#1813 = EDGE_LOOP ( 'NONE', ( #4226, #7462, #1257, #5383 ) ) ;
#1814 = ORIENTED_EDGE ( 'NONE', *, *, #3823, .T. ) ;
#1815 = EDGE_CURVE ( 'NONE', #7665, #572, #5644, .T. ) ;
#1816 = LINE ( 'NONE', #6434, #3408 ) ;
#1817 = AXIS2_PLACEMENT_3D ( 'NONE', #1281, #1843, #621 ) ;
#1818 = COORDINATED_UNIVERSAL_TIME_OFFSET ( 2, 0, .AHEAD. ) ;
#1819 = DIRECTION ( 'NONE',  ( 1.000000000000000000, 0.000000000000000000, 0.000000000000000000 ) ) ;
#1820 = PERSON ( 'UNSPECIFIED', 'UNSPECIFIED', 'UNSPECIFIED', ('UNSPECIFIED'), ('UNSPECIFIED'), ('UNSPECIFIED') ) ;
#1821 = ORIENTED_EDGE ( 'NONE', *, *, #3940, .T. ) ;
#1822 = ORIENTED_EDGE ( 'NONE', *, *, #2170, .F. ) ;
#1823 = DIRECTION ( 'NONE',  ( -0.3162277660168382742, 0.000000000000000000, 0.9486832980505137680 ) ) ;
#1824 = LINE ( 'NONE', #7068, #4656 ) ;
#1825 = LINE ( 'NONE', #2181, #3312 ) ;
#1826 = EDGE_CURVE ( 'NONE', #217, #5460, #3837, .T. ) ;
#1827 = EDGE_CURVE ( 'NONE', #3122, #1101, #7146, .T. ) ;
#1828 = EDGE_CURVE ( 'NONE', #1580, #4314, #1389, .T. ) ;
#1829 = ORIENTED_EDGE ( 'NONE', *, *, #5871, .T. ) ;
#1830 = ORIENTED_EDGE ( 'NONE', *, *, #4908, .F. ) ;
#1832 = LINE ( 'NONE', #2158, #1260 ) ;
#1831 = DIRECTION ( 'NONE',  ( 0.000000000000000000, 0.000000000000000000, 1.000000000000000000 ) ) ;
#1833 = FACE_OUTER_BOUND ( 'NONE', #2079, .T. ) ;
#1834 = VERTEX_POINT ( 'NONE', #3883 ) ;
#1835 = CARTESIAN_POINT ( 'NONE',  ( 36.00000000000009237, -56.57658473601188831, -27.00000000000000000 ) ) ;
#1836 = PERSON_AND_ORGANIZATION_ROLE ( 'classification_officer' ) ;
#1837 = EDGE_CURVE ( 'NONE', #7429, #1796, #5073, .T. ) ;
#1838 = LINE ( 'NONE', #565, #2295 ) ;
#1839 = EDGE_CURVE ( 'NONE', #7566, #4741, #630, .T. ) ;
#1840 = AXIS2_PLACEMENT_3D ( 'NONE', #2250, #7725, #1099 ) ;
#1841 = ORIENTED_EDGE ( 'NONE', *, *, #4562, .T. ) ;
#1842 = LINE ( 'NONE', #2242, #238 ) ;
#1843 = DIRECTION ( 'NONE',  ( 1.000000000000000000, 0.000000000000000000, -0.000000000000000000 ) ) ;
#1844 = PLANE ( 'NONE',  #513 ) ;
#1845 = DIRECTION ( 'NONE',  ( -0.000000000000000000, -0.000000000000000000, 1.000000000000000000 ) ) ;
#1846 = ORIENTED_EDGE ( 'NONE', *, *, #3596, .F. ) ;
#1847 = DIRECTION ( 'NONE',  ( 1.000000000000000000, 0.000000000000000000, 0.000000000000000000 ) ) ;
#1848 = LINE ( 'NONE', #6292, #5924 ) ;
#1849 = DIRECTION ( 'NONE',  ( 0.000000000000000000, 0.000000000000000000, 1.000000000000000000 ) ) ;
#1850 = CARTESIAN_POINT ( 'NONE',  ( -33.99999999999997868, 17.99999999999999645, -1.000000000000000000 ) ) ;
#1851 = VECTOR ( 'NONE', #2851, 1000.000000000000000 ) ;
#1852 = VERTEX_POINT ( 'NONE', #7480 ) ;
#1853 = EDGE_CURVE ( 'NONE', #352, #2141, #906, .T. ) ;
#1854 = CIRCLE ( 'NONE', #1701, 1.500000000000001332 ) ;
#1855 = ORIENTED_EDGE ( 'NONE', *, *, #4353, .T. ) ;
#1856 = DIRECTION ( 'NONE',  ( 0.000000000000000000, 0.000000000000000000, 1.000000000000000000 ) ) ;
#1857 = DATE_TIME_ROLE ( 'classification_date' ) ;
#1858 = AXIS2_PLACEMENT_3D ( 'NONE', #7152, #6538, #7763 ) ;
#1859 = DIRECTION ( 'NONE',  ( 0.000000000000000000, 0.000000000000000000, 1.000000000000000000 ) ) ;
#1860 = ORIENTED_EDGE ( 'NONE', *, *, #606, .F. ) ;
#1861 = CARTESIAN_POINT ( 'NONE',  ( -37.00000000000000711, -73.57658473601189542, 56.99999999999997868 ) ) ;
#1862 = CARTESIAN_POINT ( 'NONE',  ( 36.00000000000009237, -76.73886239618028071, 24.99999999999999645 ) ) ;
#1863 = VERTEX_POINT ( 'NONE', #2648 ) ;
#1864 = ORIENTED_EDGE ( 'NONE', *, *, #1363, .T. ) ;
#1865 = CIRCLE ( 'NONE', #3522, 1.499999999999994449 ) ;
#1866 = ORIENTED_EDGE ( 'NONE', *, *, #3991, .F. ) ;
#1867 = COORDINATED_UNIVERSAL_TIME_OFFSET ( 2, 0, .AHEAD. ) ;
#1868 = CARTESIAN_POINT ( 'NONE',  ( -37.00000000000000711, -73.57658473601189542, 1.000000000000000888 ) ) ;
#1869 = DIRECTION ( 'NONE',  ( 0.000000000000000000, -1.000000000000000000, 0.000000000000000000 ) ) ;
#1870 = ORIENTED_EDGE ( 'NONE', *, *, #3155, .F. ) ;
#1871 = EDGE_CURVE ( 'NONE', #7737, #7081, #3666, .T. ) ;
#1872 = ORIENTED_EDGE ( 'NONE', *, *, #1691, .T. ) ;
#1873 = VECTOR ( 'NONE', #5301, 1000.000000000000000 ) ;
#1874 = VECTOR ( 'NONE', #4444, 1000.000000000000000 ) ;
#1875 = ORIENTED_EDGE ( 'NONE', *, *, #1777, .T. ) ;
#1876 = VECTOR ( 'NONE', #1203, 1000.000000000000000 ) ;
#1877 = EDGE_CURVE ( 'NONE', #130, #7425, #6035, .T. ) ;
#1878 = VECTOR ( 'NONE', #2682, 1000.000000000000000 ) ;
#1879 = CC_DESIGN_APPROVAL ( #3658, ( #522 ) ) ;
#1880 = CARTESIAN_POINT ( 'NONE',  ( -37.00000000000000711, -56.57658473601188831, 1.000000000000000888 ) ) ;
#1881 = VERTEX_POINT ( 'NONE', #6872 ) ;
#1882 = CIRCLE ( 'NONE', #6557, 3.500000000000003109 ) ;
#1883 = DIRECTION ( 'NONE',  ( 0.000000000000000000, -1.000000000000000000, 0.000000000000000000 ) ) ;
#1884 = CARTESIAN_POINT ( 'NONE',  ( -37.00000000000000711, 14.99999999999997513, -1.000000000000000000 ) ) ;
#1885 = FACE_OUTER_BOUND ( 'NONE', #1953, .T. ) ;
#1886 = AXIS2_PLACEMENT_3D ( 'NONE', #2174, #3323, #6442 ) ;
#1887 = ORIENTED_EDGE ( 'NONE', *, *, #5273, .F. ) ;
#1888 = DIRECTION ( 'NONE',  ( 0.7071067811865442421, 0.000000000000000000, -0.7071067811865507924 ) ) ;
#1889 = LINE ( 'NONE', #6305, #103 ) ;
#1890 = DIRECTION ( 'NONE',  ( -1.000000000000000000, 0.000000000000000000, 0.000000000000000000 ) ) ;
#1891 = LINE ( 'NONE', #1750, #4345 ) ;
#1892 = CARTESIAN_POINT ( 'NONE',  ( 36.00000000000000711, -56.57658473601188831, -1.000000000000000000 ) ) ;
#1893 = CARTESIAN_POINT ( 'NONE',  ( -33.99999999999997868, -18.00000000000000355, 1.000000000000000000 ) ) ;
#1894 = VERTEX_POINT ( 'NONE', #2591 ) ;
#1895 = ORIENTED_EDGE ( 'NONE', *, *, #4919, .T. ) ;
#1896 = CARTESIAN_POINT ( 'NONE',  ( 37.00000000000000711, -56.57658473601188831, -4.000000000000000888 ) ) ;
#1897 = ORIENTED_EDGE ( 'NONE', *, *, #3278, .T. ) ;
#1898 = VERTEX_POINT ( 'NONE', #2698 ) ;
#1899 = CARTESIAN_POINT ( 'NONE',  ( 36.00000000000009237, -56.57658473601188831, -27.00000000000000000 ) ) ;
#1900 = DATE_AND_TIME ( #4268, #669 ) ;
#1901 = CIRCLE ( 'NONE', #833, 3.500000000000003109 ) ;
#1902 = DIRECTION ( 'NONE',  ( 1.000000000000000000, 0.000000000000000000, 0.000000000000000000 ) ) ;
#1903 = ORIENTED_EDGE ( 'NONE', *, *, #3953, .F. ) ;
#1904 = EDGE_LOOP ( 'NONE', ( #915, #4010, #729, #2946 ) ) ;
#1905 = CYLINDRICAL_SURFACE ( 'NONE', #7629, 3.000000000000002665 ) ;
#1906 = LOCAL_TIME ( 13, 37, 31.00000000000000000, #3794 ) ;
#1907 = DIRECTION ( 'NONE',  ( 0.000000000000000000, 1.000000000000000000, 0.000000000000000000 ) ) ;
#1908 = EDGE_LOOP ( 'NONE', ( #1508, #5710, #4705, #6118 ) ) ;
#1909 = EDGE_CURVE ( 'NONE', #6239, #300, #4706, .T. ) ;
#1910 = EDGE_LOOP ( 'NONE', ( #4717, #65, #5176, #5111 ) ) ;
#1911 = LINE ( 'NONE', #4686, #6911 ) ;
#1912 = AXIS2_PLACEMENT_3D ( 'NONE', #5278, #5251, #1035 ) ;
#1913 = LINE ( 'NONE', #6674, #1163 ) ;
#1914 = DIRECTION ( 'NONE',  ( -0.000000000000000000, -1.000000000000000000, -0.000000000000000000 ) ) ;
#1915 = ADVANCED_FACE ( 'NONE', ( #4501 ), #4419, .T. ) ;
#1916 = DIRECTION ( 'NONE',  ( -0.3162277660168381077, 0.000000000000000000, -0.9486832980505137680 ) ) ;
#1917 = CARTESIAN_POINT ( 'NONE',  ( -31.00000000000000000, -46.67708979940022118, 43.50000000000000711 ) ) ;
#1918 = CARTESIAN_POINT ( 'NONE',  ( 33.99999999999998579, -15.00000000000000355, 1.500000000000000000 ) ) ;
#1919 = ORIENTED_EDGE ( 'NONE', *, *, #3653, .F. ) ;
#1920 = DIRECTION ( 'NONE',  ( 0.000000000000000000, -1.000000000000000000, 0.000000000000000000 ) ) ;
#1921 = VECTOR ( 'NONE', #7671, 1000.000000000000000 ) ;
#1922 = EDGE_CURVE ( 'NONE', #130, #7180, #1012, .T. ) ;
#1923 = EDGE_CURVE ( 'NONE', #3980, #4448, #6508, .T. ) ;
#1924 = CC_DESIGN_PERSON_AND_ORGANIZATION_ASSIGNMENT ( #7618, #6469, ( #646 ) ) ;
#1925 = DIRECTION ( 'NONE',  ( 0.000000000000000000, 1.000000000000000000, 0.000000000000000000 ) ) ;
#1926 = DIRECTION ( 'NONE',  ( 1.000000000000000000, 0.000000000000000000, 0.000000000000000000 ) ) ;
#1927 = ORIENTED_EDGE ( 'NONE', *, *, #4365, .T. ) ;
#1928 = DIRECTION ( 'NONE',  ( 1.000000000000000000, 0.000000000000000000, 0.000000000000000000 ) ) ;
#1929 = APPROVAL_DATE_TIME ( #3543, #6383 ) ;
#1930 = CARTESIAN_POINT ( 'NONE',  ( 33.99999999999996447, -15.50000000000000178, 1.500000000000000000 ) ) ;
#1931 = EDGE_CURVE ( 'NONE', #722, #1026, #2321, .T. ) ;
#1932 = ORIENTED_EDGE ( 'NONE', *, *, #2308, .T. ) ;
#1933 = DIRECTION ( 'NONE',  ( 0.000000000000000000, 0.000000000000000000, 1.000000000000000000 ) ) ;
#1934 = LINE ( 'NONE', #7213, #6579 ) ;
#1935 = DIRECTION ( 'NONE',  ( -0.000000000000000000, -1.000000000000000000, -0.000000000000000000 ) ) ;
#1936 = ORIENTED_EDGE ( 'NONE', *, *, #7530, .F. ) ;
#1937 = DIRECTION ( 'NONE',  ( -0.3162277660168381077, 0.000000000000000000, 0.9486832980505137680 ) ) ;
#1938 = CARTESIAN_POINT ( 'NONE',  ( -37.00000000000000711, -73.57658473601189542, 29.99999999999973355 ) ) ;
#1939 = FACE_OUTER_BOUND ( 'NONE', #6066, .T. ) ;
#1940 = EDGE_LOOP ( 'NONE', ( #4292, #7250, #3821, #3924 ) ) ;
#1941 = CARTESIAN_POINT ( 'NONE',  ( -37.00000000000000711, -73.57658473601189542, -59.00000000000000000 ) ) ;
#1942 = AXIS2_PLACEMENT_3D ( 'NONE', #4401, #786, #1391 ) ;
#1943 = CARTESIAN_POINT ( 'NONE',  ( -36.00000000000000711, -76.73886239618028071, -1.000000000000000000 ) ) ;
#1944 = VERTEX_POINT ( 'NONE', #3972 ) ;
#1945 = CARTESIAN_POINT ( 'NONE',  ( 37.00000000000000711, -56.57658473601188831, -59.00000000000000000 ) ) ;
#1946 = ORIENTED_EDGE ( 'NONE', *, *, #1126, .F. ) ;
#1947 = CARTESIAN_POINT ( 'NONE',  ( 37.00000000000009237, -73.57658473601189542, 27.00000000000000000 ) ) ;
#1948 = LINE ( 'NONE', #5996, #4985 ) ;
#1949 = DIRECTION ( 'NONE',  ( 0.000000000000000000, 0.000000000000000000, -1.000000000000000000 ) ) ;
#1950 = DIRECTION ( 'NONE',  ( 0.3162277660168381077, 0.000000000000000000, -0.9486832980505137680 ) ) ;
#1951 = DIRECTION ( 'NONE',  ( 0.000000000000000000, 0.000000000000000000, -1.000000000000000000 ) ) ;
#1952 = DATE_AND_TIME ( #3667, #5286 ) ;
#1953 = EDGE_LOOP ( 'NONE', ( #1050, #7021, #4842, #7231 ) ) ;
#1954 = ORIENTED_EDGE ( 'NONE', *, *, #7432, .T. ) ;
#1955 = PLANE ( 'NONE',  #1210 ) ;
#1956 = EDGE_CURVE ( 'NONE', #5831, #6412, #2901, .T. ) ;
#1957 = LINE ( 'NONE', #7202, #84 ) ;
#1958 = AXIS2_PLACEMENT_3D ( 'NONE', #316, #7457, #4564 ) ;
#1959 = CARTESIAN_POINT ( 'NONE',  ( 0.000000000000000000, -71.57658473601189542, 51.00000000000000000 ) ) ;
#1960 = DIRECTION ( 'NONE',  ( 0.000000000000000000, 1.000000000000000000, -0.000000000000000000 ) ) ;
#1961 = EDGE_LOOP ( 'NONE', ( #1814, #5959 ) ) ;
#1962 = ORIENTED_EDGE ( 'NONE', *, *, #3982, .F. ) ;
#1963 = LINE ( 'NONE', #5127, #5560 ) ;
#1964 = CARTESIAN_POINT ( 'NONE',  ( -37.00000000000009237, -76.73886239618028071, -24.99999999999999645 ) ) ;
#1965 = CARTESIAN_POINT ( 'NONE',  ( 35.00000000000000000, -56.57658473601188831, -54.99999999999999289 ) ) ;
#1966 = VECTOR ( 'NONE', #3669, 1000.000000000000000 ) ;
#1967 = PERSON ( 'NAUO-PER1', 'UNSPECIFIED', 'UNSPECIFIED', ('UNSPECIFIED'), ('UNSPECIFIED'), ('UNSPECIFIED') ) ;
#1968 = EDGE_CURVE ( 'NONE', #3177, #3898, #1476, .T. ) ;
#1969 = EDGE_CURVE ( 'NONE', #3407, #1580, #812, .T. ) ;
#1970 = CARTESIAN_POINT ( 'NONE',  ( -37.00000000000000711, -56.57658473601188831, -54.99999999999999289 ) ) ;
#1971 = DIRECTION ( 'NONE',  ( -0.000000000000000000, -1.000000000000000000, -0.000000000000000000 ) ) ;
#1972 = VERTEX_POINT ( 'NONE', #443 ) ;
#1973 = VERTEX_POINT ( 'NONE', #5779 ) ;
#1974 = LINE ( 'NONE', #3480, #557 ) ;
#1975 = VECTOR ( 'NONE', #6175, 1000.000000000000000 ) ;
#1976 = CARTESIAN_POINT ( 'NONE',  ( -37.00000000000000711, 0.000000000000000000, 51.00000000000000000 ) ) ;
#1977 = DIRECTION ( 'NONE',  ( 0.000000000000000000, 0.000000000000000000, 1.000000000000000000 ) ) ;
#1978 = EDGE_LOOP ( 'NONE', ( #656, #5521, #1010, #4311 ) ) ;
#1979 = EDGE_CURVE ( 'NONE', #6397, #3162, #4410, .T. ) ;
#1980 = PLANE ( 'NONE',  #34 ) ;
#1981 = AXIS2_PLACEMENT_3D ( 'NONE', #6177, #4426, #1447 ) ;
#1982 = CIRCLE ( 'NONE', #2024, 1.500000000000001332 ) ;
#1983 = CC_DESIGN_DATE_AND_TIME_ASSIGNMENT ( #862, #6092, ( #5529 ) ) ;
#1984 = VECTOR ( 'NONE', #1802, 1000.000000000000000 ) ;
#1985 = PLANE ( 'NONE',  #1912 ) ;
#1986 = CARTESIAN_POINT ( 'NONE',  ( 37.00000000000000711, -73.57658473601189542, -54.99999999999999289 ) ) ;
#1987 = ORIENTED_EDGE ( 'NONE', *, *, #105, .F. ) ;
#1988 = ORIENTED_EDGE ( 'NONE', *, *, #351, .T. ) ;
#1989 = ORIENTED_EDGE ( 'NONE', *, *, #6430, .T. ) ;
#1990 = CARTESIAN_POINT ( 'NONE',  ( -37.00000000000000711, -73.57658473601189542, -53.00000000000000000 ) ) ;
#1991 = ORIENTED_EDGE ( 'NONE', *, *, #5289, .T. ) ;
#1992 = ORIENTED_EDGE ( 'NONE', *, *, #4249, .F. ) ;
#1993 = VECTOR ( 'NONE', #2772, 1000.000000000000114 ) ;
#1994 = AXIS2_PLACEMENT_3D ( 'NONE', #4465, #244, #6260 ) ;
#1995 = ORIENTED_EDGE ( 'NONE', *, *, #2581, .F. ) ;
#1996 = ADVANCED_FACE ( 'NONE', ( #3744 ), #4582, .T. ) ;
#1997 = DIRECTION ( 'NONE',  ( -0.9486832980505137680, 0.000000000000000000, 0.3162277660168382742 ) ) ;
#1998 = ORIENTED_EDGE ( 'NONE', *, *, #648, .T. ) ;
#1999 = VERTEX_POINT ( 'NONE', #7054 ) ;
#2000 = ORIENTED_EDGE ( 'NONE', *, *, #3834, .F. ) ;
#2001 = CARTESIAN_POINT ( 'NONE',  ( 37.00000000000009237, -56.57658473601188831, -27.00000000000000000 ) ) ;
#2002 = LINE ( 'NONE', #7769, #6072 ) ;
#2003 = COORDINATED_UNIVERSAL_TIME_OFFSET ( 2, 0, .AHEAD. ) ;
#2004 = ORIENTED_EDGE ( 'NONE', *, *, #4260, .T. ) ;
#2005 = DIRECTION ( 'NONE',  ( 0.000000000000000000, 0.000000000000000000, 1.000000000000000000 ) ) ;
#2006 = LINE ( 'NONE', #7303, #4183 ) ;
#2007 = VECTOR ( 'NONE', #3721, 1000.000000000000000 ) ;
#2008 = AXIS2_PLACEMENT_3D ( 'NONE', #5218, #6460, #6366 ) ;
#2009 = ORIENTED_EDGE ( 'NONE', *, *, #5164, .T. ) ;
#2010 = VERTEX_POINT ( 'NONE', #7616 ) ;
#2011 = LINE ( 'NONE', #6310, #4463 ) ;
#2012 = DIRECTION ( 'NONE',  ( -0.000000000000000000, -0.000000000000000000, -1.000000000000000000 ) ) ;
#2013 = VECTOR ( 'NONE', #4615, 1000.000000000000000 ) ;
#2014 = EDGE_CURVE ( 'NONE', #2930, #1894, #723, .T. ) ;
#2015 = ORIENTED_EDGE ( 'NONE', *, *, #2014, .F. ) ;
#2016 = VECTOR ( 'NONE', #4023, 1000.000000000000000 ) ;
#2017 = DIRECTION ( 'NONE',  ( 0.000000000000000000, 1.000000000000000000, -0.000000000000000000 ) ) ;
#2018 = CARTESIAN_POINT ( 'NONE',  ( -36.00000000000009237, -56.57658473601188831, -24.99999999999999645 ) ) ;
#2019 = DIRECTION ( 'NONE',  ( 0.000000000000000000, 0.000000000000000000, 1.000000000000000000 ) ) ;
#2020 = CARTESIAN_POINT ( 'NONE',  ( -37.00000000000009237, -76.73886239618028071, 30.00000000000000000 ) ) ;
#2021 = ORIENTED_EDGE ( 'NONE', *, *, #614, .T. ) ;
#2022 = LINE ( 'NONE', #4046, #6185 ) ;
#2023 = EDGE_CURVE ( 'NONE', #7673, #7755, #2046, .T. ) ;
#2024 = AXIS2_PLACEMENT_3D ( 'NONE', #4064, #4617, #5928 ) ;
#2025 = CARTESIAN_POINT ( 'NONE',  ( 37.00000000000000711, -73.57658473601189542, -59.00000000000000000 ) ) ;
#2026 = DIRECTION ( 'NONE',  ( 0.000000000000000000, 0.000000000000000000, 1.000000000000000000 ) ) ;
#2027 = ORIENTED_EDGE ( 'NONE', *, *, #3148, .T. ) ;
#2028 = ADVANCED_FACE ( 'NONE', ( #6952 ), #7585, .T. ) ;
#2029 = VECTOR ( 'NONE', #423, 1000.000000000000000 ) ;
#2030 = CARTESIAN_POINT ( 'NONE',  ( -37.00000000000000711, -76.73886239618028071, -4.000000000000000888 ) ) ;
#2031 = AXIS2_PLACEMENT_3D ( 'NONE', #7137, #1179, #521 ) ;
#2032 = ORIENTED_EDGE ( 'NONE', *, *, #2875, .T. ) ;
#2033 = LINE ( 'NONE', #3224, #620 ) ;
#2034 = PLANE ( 'NONE',  #2197 ) ;
#2035 = DIRECTION ( 'NONE',  ( 0.000000000000000000, 1.000000000000000000, 0.000000000000000000 ) ) ;
#2036 = VERTEX_POINT ( 'NONE', #1569 ) ;
#2037 = LINE ( 'NONE', #6141, #3465 ) ;
#2038 = ORIENTED_EDGE ( 'NONE', *, *, #6545, .F. ) ;
#2039 = CLOSED_SHELL ( 'NONE', ( #5700, #2694, #5848, #1585, #5340, #7130, #1490, #4470, #5821, #6350, #6188, #4512, #6308, #5677, #977, #5185, #7019, #1633, #6843 ) ) ;
#2040 = CARTESIAN_POINT ( 'NONE',  ( 3.954149099653018085E-16, -15.50000000000000178, 1.000000000000000000 ) ) ;
#2041 = ORIENTED_EDGE ( 'NONE', *, *, #5718, .F. ) ;
#2042 = ORIENTED_EDGE ( 'NONE', *, *, #4303, .T. ) ;
#2043 = DIRECTION ( 'NONE',  ( 0.000000000000000000, 0.000000000000000000, -1.000000000000000000 ) ) ;
#2044 = AXIS2_PLACEMENT_3D ( 'NONE', #3747, #1928, #1951 ) ;
#2045 = DIRECTION ( 'NONE',  ( 0.000000000000000000, -1.000000000000000000, 0.000000000000000000 ) ) ;
#2046 = LINE ( 'NONE', #2784, #7048 ) ;
#2047 = PERSON_AND_ORGANIZATION ( #1820, #6598 ) ;
#2048 = DIRECTION ( 'NONE',  ( -0.9486832980505137680, 0.000000000000000000, 0.3162277660168381077 ) ) ;
#2049 = CARTESIAN_POINT ( 'NONE',  ( -37.00000000000000711, -73.57658473601189542, -59.00000000000000000 ) ) ;
#2050 = CARTESIAN_POINT ( 'NONE',  ( -35.00000000000000000, -56.57658473601188831, 54.99999999999999289 ) ) ;
#2051 = VERTEX_POINT ( 'NONE', #5233 ) ;
#2052 = CARTESIAN_POINT ( 'NONE',  ( 31.00000000000000000, -73.57658473601189542, 43.50000000000000711 ) ) ;
#2053 = LINE ( 'NONE', #7377, #6693 ) ;
#2054 = VECTOR ( 'NONE', #1358, 1000.000000000000000 ) ;
#2055 = EDGE_CURVE ( 'NONE', #2553, #2621, #7718, .T. ) ;
#2056 = ADVANCED_FACE ( 'NONE', ( #5548 ), #1544, .T. ) ;
#2057 = EDGE_CURVE ( 'NONE', #88, #2196, #5735, .T. ) ;
#2058 = VERTEX_POINT ( 'NONE', #5864 ) ;
#2059 = CARTESIAN_POINT ( 'NONE',  ( -36.00000000000000711, -56.57658473601188831, -1.000000000000000000 ) ) ;
#2060 = VECTOR ( 'NONE', #7588, 1000.000000000000000 ) ;
#2061 = LINE ( 'NONE', #1129, #6129 ) ;
#2062 = ORIENTED_EDGE ( 'NONE', *, *, #3120, .T. ) ;
#2063 = CARTESIAN_POINT ( 'NONE',  ( -31.00000000000000000, -73.57658473601189542, 38.50000000000000000 ) ) ;
#2064 = ADVANCED_FACE ( 'NONE', ( #5376 ), #4638, .T. ) ;
#2065 = CARTESIAN_POINT ( 'NONE',  ( 37.00000000000009237, -56.57658473601188831, -27.00000000000000000 ) ) ;
#2066 = VECTOR ( 'NONE', #2471, 1000.000000000000000 ) ;
#2067 = EDGE_CURVE ( 'NONE', #3471, #177, #6113, .T. ) ;
#2068 = CARTESIAN_POINT ( 'NONE',  ( -35.00000000000000000, 0.000000000000000000, -51.00000000000000000 ) ) ;
#2069 = EDGE_CURVE ( 'NONE', #6037, #2239, #4132, .T. ) ;
#2070 = VECTOR ( 'NONE', #4325, 1000.000000000000000 ) ;
#2071 = CARTESIAN_POINT ( 'NONE',  ( 36.00000000000009237, -73.57658473601189542, 27.00000000000000000 ) ) ;
#2072 = CC_DESIGN_SECURITY_CLASSIFICATION ( #1270, ( #6924 ) ) ;
#2073 = CARTESIAN_POINT ( 'NONE',  ( -37.00000000000000711, -73.57658473601189542, -59.00000000000000000 ) ) ;
#2074 = EDGE_LOOP ( 'NONE', ( #5395, #6440, #5272, #2134, #2208, #3612, #4209, #6638 ) ) ;
#2075 = FACE_OUTER_BOUND ( 'NONE', #1148, .T. ) ;
#2076 = CARTESIAN_POINT ( 'NONE',  ( -31.00000000000000000, -73.57658473601189542, -40.00000000000000000 ) ) ;
#2077 = FACE_OUTER_BOUND ( 'NONE', #1474, .T. ) ;
#2078 = DIRECTION ( 'NONE',  ( -1.000000000000000000, 0.000000000000000000, 0.000000000000000000 ) ) ;
#2079 = EDGE_LOOP ( 'NONE', ( #3601, #2279, #292, #838 ) ) ;
#2080 = EDGE_CURVE ( 'NONE', #6978, #6288, #7627, .T. ) ;
#2081 = VERTEX_POINT ( 'NONE', #4115 ) ;
#2082 = VERTEX_POINT ( 'NONE', #5415 ) ;
#2083 = ORIENTED_EDGE ( 'NONE', *, *, #5619, .T. ) ;
#2084 = LOCAL_TIME ( 13, 37, 31.00000000000000000, #5325 ) ;
#2085 = VECTOR ( 'NONE', #4207, 1000.000000000000000 ) ;
#2086 = ADVANCED_FACE ( 'NONE', ( #6298 ), #2278, .F. ) ;
#2087 = DIRECTION ( 'NONE',  ( 0.000000000000000000, 0.000000000000000000, -1.000000000000000000 ) ) ;
#2088 = VERTEX_POINT ( 'NONE', #2938 ) ;
#2089 = VERTEX_POINT ( 'NONE', #6498 ) ;
#2090 = VECTOR ( 'NONE', #5240, 1000.000000000000000 ) ;
#2091 = AXIS2_PLACEMENT_3D ( 'NONE', #4147, #6252, #4330 ) ;
#2092 = LINE ( 'NONE', #4551, #5984 ) ;
#2094 = DIRECTION ( 'NONE',  ( -1.000000000000000000, 0.000000000000000000, 0.000000000000000000 ) ) ;
#2093 = COORDINATED_UNIVERSAL_TIME_OFFSET ( 2, 0, .AHEAD. ) ;
#2095 = DIRECTION ( 'NONE',  ( -1.000000000000000000, 0.000000000000000000, 6.982962677686266711E-15 ) ) ;
#2096 = DIRECTION ( 'NONE',  ( 0.000000000000000000, -0.000000000000000000, -1.000000000000000000 ) ) ;
#2097 = DIRECTION ( 'NONE',  ( 1.000000000000000000, 0.000000000000000000, 0.000000000000000000 ) ) ;
#2098 = ADVANCED_FACE ( 'NONE', ( #7431 ), #1738, .T. ) ;
#2099 = ORIENTED_EDGE ( 'NONE', *, *, #5827, .F. ) ;
#2100 = ORIENTED_EDGE ( 'NONE', *, *, #3991, .T. ) ;
#2101 = DIRECTION ( 'NONE',  ( -0.000000000000000000, 0.000000000000000000, -1.000000000000000000 ) ) ;
#2102 = LINE ( 'NONE', #3571, #3623 ) ;
#2103 = CIRCLE ( 'NONE', #2606, 0.5000000000000004441 ) ;
#2104 = DIRECTION ( 'NONE',  ( 1.000000000000000000, 0.000000000000000000, 0.000000000000000000 ) ) ;
#2105 = CARTESIAN_POINT ( 'NONE',  ( 31.00000000000000000, -73.57658473601189542, -40.00000000000000000 ) ) ;
#2106 = VERTEX_POINT ( 'NONE', #7114 ) ;
#2107 = FACE_OUTER_BOUND ( 'NONE', #7140, .T. ) ;
#2108 = AXIS2_PLACEMENT_3D ( 'NONE', #5936, #2294, #1088 ) ;
#2109 = ADVANCED_FACE ( 'NONE', ( #453 ), #3509, .T. ) ;
#2110 = ORIENTED_EDGE ( 'NONE', *, *, #4351, .T. ) ;
#2111 = FACE_OUTER_BOUND ( 'NONE', #5114, .T. ) ;
#2112 = EDGE_CURVE ( 'NONE', #7391, #2849, #2605, .T. ) ;
#2113 = AXIS2_PLACEMENT_3D ( 'NONE', #2441, #7247, #6734 ) ;
#2114 = ORIENTED_EDGE ( 'NONE', *, *, #5461, .T. ) ;
#2115 = DIRECTION ( 'NONE',  ( 0.000000000000000000, 0.000000000000000000, -1.000000000000000000 ) ) ;
#2116 =( NAMED_UNIT ( * ) PLANE_ANGLE_UNIT ( ) SI_UNIT ( $, .RADIAN. ) );
#2117 = VECTOR ( 'NONE', #2985, 1000.000000000000000 ) ;
#2118 = DIRECTION ( 'NONE',  ( -0.3162277660168382742, 0.000000000000000000, 0.9486832980505137680 ) ) ;
#2119 = CARTESIAN_POINT ( 'NONE',  ( 33.99999999999998579, 14.99999999999999645, 1.000000000000000000 ) ) ;
#2120 = DIRECTION ( 'NONE',  ( 1.000000000000000000, 0.000000000000000000, 0.000000000000000000 ) ) ;
#2121 = DIRECTION ( 'NONE',  ( 0.3162277660168381077, 0.000000000000000000, 0.9486832980505137680 ) ) ;
#2122 = ADVANCED_FACE ( 'NONE', ( #5845 ), #1109, .T. ) ;
#2123 = EDGE_CURVE ( 'NONE', #1662, #5163, #7240, .T. ) ;
#2124 = ORIENTED_EDGE ( 'NONE', *, *, #6421, .T. ) ;
#2125 = EDGE_CURVE ( 'NONE', #3840, #1157, #5462, .T. ) ;
#2126 = LINE ( 'NONE', #4040, #6677 ) ;
#2127 = PRODUCT_DEFINITION_FORMATION_WITH_SPECIFIED_SOURCE ( 'ANY', '', #5008, .NOT_KNOWN. ) ;
#2128 = CARTESIAN_POINT ( 'NONE',  ( 37.00000000000000711, -56.57658473601188831, 24.99999999999999289 ) ) ;
#2129 = ORIENTED_EDGE ( 'NONE', *, *, #5668, .T. ) ;
#2130 = DIRECTION ( 'NONE',  ( 0.7071067811865442421, 0.000000000000000000, -0.7071067811865507924 ) ) ;
#2131 = CARTESIAN_POINT ( 'NONE',  ( 36.99999999999999289, -15.00000000000000355, -1.000000000000000000 ) ) ;
#2132 = DIRECTION ( 'NONE',  ( 0.000000000000000000, 0.000000000000000000, 1.000000000000000000 ) ) ;
#2133 = VERTEX_POINT ( 'NONE', #1756 ) ;
#2134 = ORIENTED_EDGE ( 'NONE', *, *, #1176, .F. ) ;
#2135 = ADVANCED_FACE ( 'NONE', ( #3352 ), #3555, .T. ) ;
#2136 = FACE_OUTER_BOUND ( 'NONE', #4504, .T. ) ;
#2137 = PLANE ( 'NONE',  #2252 ) ;
#2138 = CALENDAR_DATE ( 2022, 27, 1 ) ;
#2139 = DIRECTION ( 'NONE',  ( -0.000000000000000000, 0.000000000000000000, -1.000000000000000000 ) ) ;
#2140 = CARTESIAN_POINT ( 'NONE',  ( 31.00000000000000000, -73.57658473601189542, 40.00000000000000000 ) ) ;
#2141 = VERTEX_POINT ( 'NONE', #6602 ) ;
#2142 = ORIENTED_EDGE ( 'NONE', *, *, #1007, .T. ) ;
#2143 = VECTOR ( 'NONE', #5595, 1000.000000000000000 ) ;
#2144 = ADVANCED_FACE ( 'NONE', ( #2701 ), #2346, .F. ) ;
#2145 = CARTESIAN_POINT ( 'NONE',  ( 36.00000000000009237, -73.57658473601189542, -24.99999999999999645 ) ) ;
#2146 = CARTESIAN_POINT ( 'NONE',  ( 40.00000000000000711, -76.57658473601189542, 59.00000000000000000 ) ) ;
#2147 = CARTESIAN_POINT ( 'NONE',  ( -37.00000000000000711, -76.73886239618028071, -1.000000000000000888 ) ) ;
#2148 = DIRECTION ( 'NONE',  ( -1.000000000000000000, 0.000000000000000000, 0.000000000000000000 ) ) ;
#2149 = ORIENTED_EDGE ( 'NONE', *, *, #3262, .T. ) ;
#2150 = VECTOR ( 'NONE', #1182, 1000.000000000000000 ) ;
#2151 = LINE ( 'NONE', #6290, #2996 ) ;
#2152 = CARTESIAN_POINT ( 'NONE',  ( 0.000000000000000000, -73.57658473601189542, 51.00000000000000000 ) ) ;
#2153 = PLANE ( 'NONE',  #1220 ) ;
#2154 = VERTEX_POINT ( 'NONE', #543 ) ;
#2155 = FACE_OUTER_BOUND ( 'NONE', #5074, .T. ) ;
#2156 = LINE ( 'NONE', #331, #5309 ) ;
#2157 = EDGE_CURVE ( 'NONE', #4432, #7715, #1948, .T. ) ;
#2158 = CARTESIAN_POINT ( 'NONE',  ( -33.99999999999997868, 17.99999999999999645, -1.000000000000000000 ) ) ;
#2159 = ADVANCED_FACE ( 'NONE', ( #345 ), #3611, .T. ) ;
#2160 = ORIENTED_EDGE ( 'NONE', *, *, #307, .F. ) ;
#2161 = CARTESIAN_POINT ( 'NONE',  ( -40.00000000000000711, -56.57658473601188831, -59.00000000000000000 ) ) ;
#2162 = CARTESIAN_POINT ( 'NONE',  ( -37.00000000000009237, -76.73886239618028071, -24.99999999999999645 ) ) ;
#2163 = ORIENTED_EDGE ( 'NONE', *, *, #3327, .F. ) ;
#2164 = LINE ( 'NONE', #4457, #4162 ) ;
#2165 = APPROVAL_PERSON_ORGANIZATION ( #3192, #6222, #4208 ) ;
#2166 = PRODUCT_DEFINITION_SHAPE ( 'NONE', 'NONE',  #7829 ) ;
#2167 = VERTEX_POINT ( 'NONE', #594 ) ;
#2168 = EDGE_CURVE ( 'NONE', #4880, #7417, #3566, .T. ) ;
#2169 = ORIENTED_EDGE ( 'NONE', *, *, #3549, .T. ) ;
#2170 = EDGE_CURVE ( 'NONE', #5876, #663, #165, .T. ) ;
#2171 = VERTEX_POINT ( 'NONE', #693 ) ;
#2172 = VERTEX_POINT ( 'NONE', #2489 ) ;
#2173 = ADVANCED_FACE ( 'NONE', ( #3154, #2136 ), #6666, .F. ) ;
#2174 = CARTESIAN_POINT ( 'NONE',  ( 31.00000000000000000, -73.57658473601189542, -40.00000000000000000 ) ) ;
#2175 = CC_DESIGN_PERSON_AND_ORGANIZATION_ASSIGNMENT ( #4002, #2934, ( #2730 ) ) ;
#2176 = CARTESIAN_POINT ( 'NONE',  ( -37.00000000000000711, -73.57658473601189542, -59.00000000000000000 ) ) ;
#2177 = VECTOR ( 'NONE', #4128, 1000.000000000000000 ) ;
#2178 = ORIENTED_EDGE ( 'NONE', *, *, #4453, .T. ) ;
#2179 = ORIENTED_EDGE ( 'NONE', *, *, #4039, .F. ) ;
#2180 = VERTEX_POINT ( 'NONE', #3007 ) ;
#2181 = CARTESIAN_POINT ( 'NONE',  ( -37.00000000000000711, -73.57658473601189542, 59.00000000000000000 ) ) ;
#2182 = PLANE ( 'NONE',  #2444 ) ;
#2183 = EDGE_LOOP ( 'NONE', ( #1616, #3343, #3198, #4254 ) ) ;
#2184 = ORIENTED_EDGE ( 'NONE', *, *, #6379, .F. ) ;
#2185 = PLANE ( 'NONE',  #764 ) ;
#2186 = LINE ( 'NONE', #5489, #7676 ) ;
#2187 = EDGE_CURVE ( 'NONE', #4988, #769, #1571, .T. ) ;
#2188 = APPROVAL_DATE_TIME ( #587, #3658 ) ;
#2189 = ADVANCED_FACE ( 'NONE', ( #6398 ), #440, .F. ) ;
#2190 = ORIENTED_EDGE ( 'NONE', *, *, #4204, .T. ) ;
#2191 = VECTOR ( 'NONE', #459, 1000.000000000000000 ) ;
#2192 = DIRECTION ( 'NONE',  ( 0.000000000000000000, -1.000000000000000000, 0.000000000000000000 ) ) ;
#2193 = LINE ( 'NONE', #1206, #5036 ) ;
#2194 = CARTESIAN_POINT ( 'NONE',  ( -33.99999999999997868, -18.00000000000000355, -1.000000000000000000 ) ) ;
#2195 = DIRECTION ( 'NONE',  ( 1.000000000000000000, 0.000000000000000000, 0.000000000000000000 ) ) ;
#2196 = VERTEX_POINT ( 'NONE', #4211 ) ;
#2197 = AXIS2_PLACEMENT_3D ( 'NONE', #2689, #4072, #1653 ) ;
#2198 = ORIENTED_EDGE ( 'NONE', *, *, #7072, .T. ) ;
#2199 = VECTOR ( 'NONE', #4596, 1000.000000000000000 ) ;
#2200 = DIRECTION ( 'NONE',  ( -1.000000000000000000, 0.000000000000000000, 6.982962677686266711E-15 ) ) ;
#2201 = CARTESIAN_POINT ( 'NONE',  ( 31.00000000000000000, -73.57658473601189542, 38.50000000000000711 ) ) ;
#2202 = EDGE_LOOP ( 'NONE', ( #5542, #3502, #1545, #63 ) ) ;
#2203 = FACE_OUTER_BOUND ( 'NONE', #3684, .T. ) ;
#2204 = CARTESIAN_POINT ( 'NONE',  ( -37.00000000000009237, -56.57658473601188831, 24.99999999999999645 ) ) ;
#2205 = DIRECTION ( 'NONE',  ( -1.000000000000000000, 0.000000000000000000, -0.000000000000000000 ) ) ;
#2206 = EDGE_CURVE ( 'NONE', #300, #2081, #7710, .T. ) ;
#2207 = DIRECTION ( 'NONE',  ( -0.000000000000000000, -1.000000000000000000, -0.000000000000000000 ) ) ;
#2208 = ORIENTED_EDGE ( 'NONE', *, *, #3779, .F. ) ;
#2209 = VECTOR ( 'NONE', #6622, 1000.000000000000114 ) ;
#2210 = ADVANCED_FACE ( 'NONE', ( #6771 ), #4263, .T. ) ;
#2211 = CARTESIAN_POINT ( 'NONE',  ( -36.00000000000009237, -56.57658473601188831, 24.99999999999999645 ) ) ;
#2212 = EDGE_LOOP ( 'NONE', ( #3699, #7508 ) ) ;
#2213 = DIRECTION ( 'NONE',  ( -0.000000000000000000, -0.000000000000000000, 1.000000000000000000 ) ) ;
#2214 = VECTOR ( 'NONE', #5618, 1000.000000000000000 ) ;
#2215 = EDGE_CURVE ( 'NONE', #3340, #5430, #5631, .T. ) ;
#2216 = EDGE_CURVE ( 'NONE', #3565, #1662, #6673, .T. ) ;
#2217 = DIRECTION ( 'NONE',  ( 0.000000000000000000, 0.000000000000000000, -1.000000000000000000 ) ) ;
#2218 = ADVANCED_FACE ( 'NONE', ( #2406 ), #4290, .T. ) ;
#2219 = SECURITY_CLASSIFICATION_LEVEL ( 'unclassified' ) ;
#2220 = ORIENTED_EDGE ( 'NONE', *, *, #5381, .T. ) ;
#2221 = VECTOR ( 'NONE', #2148, 1000.000000000000000 ) ;
#2222 = CARTESIAN_POINT ( 'NONE',  ( -37.00000000000000711, -14.99999999999998046, -1.000000000000000000 ) ) ;
#2223 = EDGE_LOOP ( 'NONE', ( #4231, #7069, #3105, #1726 ) ) ;
#2224 = CARTESIAN_POINT ( 'NONE',  ( 36.00000000000009237, -73.57658473601189542, -27.00000000000000000 ) ) ;
#2225 = CYLINDRICAL_SURFACE ( 'NONE', #2390, 1.500000000000001332 ) ;
#2226 = ORIENTED_EDGE ( 'NONE', *, *, #1499, .T. ) ;
#2227 = EDGE_CURVE ( 'NONE', #2082, #6204, #1095, .T. ) ;
#2228 = EDGE_CURVE ( 'NONE', #2167, #2469, #5932, .T. ) ;
#2229 = AXIS2_PLACEMENT_3D ( 'NONE', #3277, #3334, #1583 ) ;
#2230 = ORIENTED_EDGE ( 'NONE', *, *, #4595, .T. ) ;
#2231 = ORIENTED_EDGE ( 'NONE', *, *, #6076, .T. ) ;
#2232 = CARTESIAN_POINT ( 'NONE',  ( 37.00000000000000711, -73.57658473601189542, -59.00000000000000000 ) ) ;
#2233 = DIRECTION ( 'NONE',  ( 0.000000000000000000, 1.000000000000000000, 0.000000000000000000 ) ) ;
#2234 = DIRECTION ( 'NONE',  ( 0.000000000000000000, 0.000000000000000000, 1.000000000000000000 ) ) ;
#2235 = ORIENTED_EDGE ( 'NONE', *, *, #5482, .F. ) ;
#2236 = VECTOR ( 'NONE', #3238, 1000.000000000000000 ) ;
#2237 = CARTESIAN_POINT ( 'NONE',  ( 35.00000000000000000, 0.000000000000000000, 53.00000000000000000 ) ) ;
#2238 = DATE_AND_TIME ( #4133, #5076 ) ;
#2239 = VERTEX_POINT ( 'NONE', #2987 ) ;
#2240 = FACE_OUTER_BOUND ( 'NONE', #1102, .T. ) ;
#2241 = DIRECTION ( 'NONE',  ( 1.000000000000000000, 0.000000000000000000, 0.000000000000000000 ) ) ;
#2242 = CARTESIAN_POINT ( 'NONE',  ( -35.00000000000000000, -56.57658473601188831, -53.00000000000000000 ) ) ;
#2243 = VECTOR ( 'NONE', #3998, 1000.000000000000114 ) ;
#2244 = ORIENTED_EDGE ( 'NONE', *, *, #2667, .F. ) ;
#2245 = CARTESIAN_POINT ( 'NONE',  ( 33.99999999999996447, 15.49999999999999467, 1.000000000000000000 ) ) ;
#2246 = PERSON_AND_ORGANIZATION_ROLE ( 'design_supplier' ) ;
#2247 = LINE ( 'NONE', #7159, #5860 ) ;
#2248 = LINE ( 'NONE', #3949, #5305 ) ;
#2249 = DIRECTION ( 'NONE',  ( 1.000000000000000000, 0.000000000000000000, 0.000000000000000000 ) ) ;
#2250 = CARTESIAN_POINT ( 'NONE',  ( -34.50000000000000000, 0.000000000000000000, 1.500000000000000000 ) ) ;
#2251 = EDGE_LOOP ( 'NONE', ( #824, #5253 ) ) ;
#2252 = AXIS2_PLACEMENT_3D ( 'NONE', #7576, #5763, #3957 ) ;
#2253 = VECTOR ( 'NONE', #6778, 1000.000000000000000 ) ;
#2254 = DIRECTION ( 'NONE',  ( 0.000000000000000000, 1.000000000000000000, 0.000000000000000000 ) ) ;
#2255 = CARTESIAN_POINT ( 'NONE',  ( -37.00000000000000711, -56.57658473601188831, -59.00000000000000000 ) ) ;
#2256 = VECTOR ( 'NONE', #5703, 1000.000000000000000 ) ;
#2257 = CARTESIAN_POINT ( 'NONE',  ( 31.00000000000000000, -56.57658473601188831, -40.00000000000000000 ) ) ;
#2258 = DIRECTION ( 'NONE',  ( 1.000000000000000000, 0.000000000000000000, 0.000000000000000000 ) ) ;
#2259 = DIRECTION ( 'NONE',  ( 0.000000000000000000, -0.000000000000000000, -1.000000000000000000 ) ) ;
#2260 = EDGE_CURVE ( 'NONE', #1471, #1723, #7039, .T. ) ;
#2261 = ADVANCED_FACE ( 'NONE', ( #3151 ), #2595, .F. ) ;
#2262 = ORIENTED_EDGE ( 'NONE', *, *, #3133, .F. ) ;
#2263 = LINE ( 'NONE', #2853, #5314 ) ;
#2264 = EDGE_CURVE ( 'NONE', #3257, #1642, #4884, .T. ) ;
#2265 = VECTOR ( 'NONE', #3683, 1000.000000000000000 ) ;
#2266 = AXIS2_PLACEMENT_3D ( 'NONE', #1485, #3413, #3882 ) ;
#2267 = DIRECTION ( 'NONE',  ( 1.000000000000000000, 0.000000000000000000, 0.000000000000000000 ) ) ;
#2268 = ORIENTED_EDGE ( 'NONE', *, *, #4149, .T. ) ;
#2269 = CARTESIAN_POINT ( 'NONE',  ( 37.00000000000000711, -56.57658473601188831, -26.99999999999999645 ) ) ;
#2270 = ORIENTED_EDGE ( 'NONE', *, *, #5617, .F. ) ;
#2271 = EDGE_LOOP ( 'NONE', ( #1771, #7260 ) ) ;
#2272 = ORIENTED_EDGE ( 'NONE', *, *, #209, .T. ) ;
#2273 = PERSON_AND_ORGANIZATION ( #1820, #6598 ) ;
#2274 = VECTOR ( 'NONE', #3710, 1000.000000000000000 ) ;
#2275 = APPROVAL_ROLE ( '' ) ;
#2276 = EDGE_CURVE ( 'NONE', #6146, #7757, #6396, .T. ) ;
#2277 = EDGE_CURVE ( 'NONE', #7180, #6612, #5725, .T. ) ;
#2278 = PLANE ( 'NONE',  #2031 ) ;
#2279 = ORIENTED_EDGE ( 'NONE', *, *, #4930, .T. ) ;
#2280 = CC_DESIGN_PERSON_AND_ORGANIZATION_ASSIGNMENT ( #4948, #3606, ( #522 ) ) ;
#2281 = ORIENTED_EDGE ( 'NONE', *, *, #7636, .T. ) ;
#2282 = FACE_OUTER_BOUND ( 'NONE', #2223, .T. ) ;
#2283 = FACE_OUTER_BOUND ( 'NONE', #7726, .T. ) ;
#2284 = DATE_AND_TIME ( #5692, #2084 ) ;
#2285 = DIRECTION ( 'NONE',  ( 0.000000000000000000, 0.000000000000000000, 1.000000000000000000 ) ) ;
#2286 = DIRECTION ( 'NONE',  ( 0.000000000000000000, -1.000000000000000000, 0.000000000000000000 ) ) ;
#2287 = CARTESIAN_POINT ( 'NONE',  ( -37.00000000000000711, -56.57658473601188831, -56.99999999999996447 ) ) ;
#2288 = CARTESIAN_POINT ( 'NONE',  ( 37.00000000000009237, -73.57658473601189542, 27.00000000000000000 ) ) ;
#2289 = ORIENTED_EDGE ( 'NONE', *, *, #3712, .T. ) ;
#2290 = VERTEX_POINT ( 'NONE', #5391 ) ;
#2291 = FACE_OUTER_BOUND ( 'NONE', #7762, .T. ) ;
#2292 = VECTOR ( 'NONE', #526, 1000.000000000000000 ) ;
#2293 = ORIENTED_EDGE ( 'NONE', *, *, #1363, .F. ) ;
#2294 = DIRECTION ( 'NONE',  ( 1.000000000000000000, 0.000000000000000000, 0.000000000000000000 ) ) ;
#2295 = VECTOR ( 'NONE', #4795, 1000.000000000000000 ) ;
#2296 = ORIENTED_EDGE ( 'NONE', *, *, #3453, .T. ) ;
#2297 = CARTESIAN_POINT ( 'NONE',  ( -31.00000000000000000, -73.57658473601189542, -40.00000000000000000 ) ) ;
#2298 = ADVANCED_FACE ( 'NONE', ( #3058 ), #7804, .T. ) ;
#2299 = APPLICATION_PROTOCOL_DEFINITION ( 'international standard', 'config_control_design', 1994, #5917 ) ;
#2300 = FACE_OUTER_BOUND ( 'NONE', #2426, .T. ) ;
#2301 = DIRECTION ( 'NONE',  ( 0.000000000000000000, 0.000000000000000000, -1.000000000000000000 ) ) ;
#2302 = DIRECTION ( 'NONE',  ( 0.000000000000000000, 0.000000000000000000, 1.000000000000000000 ) ) ;
#2303 = ORIENTED_EDGE ( 'NONE', *, *, #1208, .F. ) ;
#2304 = CIRCLE ( 'NONE', #2998, 1.500000000000001332 ) ;
#2305 = CARTESIAN_POINT ( 'NONE',  ( -37.00000000000000711, -73.57658473601189542, 56.99999999999997868 ) ) ;
#2306 = DIRECTION ( 'NONE',  ( -0.000000000000000000, -0.000000000000000000, 1.000000000000000000 ) ) ;
#2307 = CARTESIAN_POINT ( 'NONE',  ( 37.00000000000009237, -76.73886239618028071, 24.99999999999999645 ) ) ;
#2308 = EDGE_CURVE ( 'NONE', #177, #6171, #1671, .T. ) ;
#2309 = DIRECTION ( 'NONE',  ( 0.000000000000000000, 1.000000000000000000, 0.000000000000000000 ) ) ;
#2310 = AXIS2_PLACEMENT_3D ( 'NONE', #7547, #925, #4014 ) ;
#2311 = VERTEX_POINT ( 'NONE', #1392 ) ;
#2312 = VECTOR ( 'NONE', #1336, 1000.000000000000000 ) ;
#2313 = ORIENTED_EDGE ( 'NONE', *, *, #3549, .F. ) ;
#2314 = CARTESIAN_POINT ( 'NONE',  ( 35.00000000000000000, -71.57658473601189542, -54.99999999999999289 ) ) ;
#2315 = CARTESIAN_POINT ( 'NONE',  ( 33.99999999999998579, 14.99999999999999645, 1.000000000000000000 ) ) ;
#2316 = ORIENTED_EDGE ( 'NONE', *, *, #1320, .F. ) ;
#2317 = EDGE_CURVE ( 'NONE', #7425, #6612, #803, .T. ) ;
#2318 = EDGE_CURVE ( 'NONE', #3374, #4833, #3826, .T. ) ;
#2319 = ORIENTED_EDGE ( 'NONE', *, *, #4492, .T. ) ;
#2320 = APPROVAL ( #3474, 'UNSPECIFIED' ) ;
#2321 = CIRCLE ( 'NONE', #1886, 1.499999999999994449 ) ;
#2322 = PERSON_AND_ORGANIZATION_ROLE ( 'creator' ) ;
#2323 = COORDINATED_UNIVERSAL_TIME_OFFSET ( 2, 0, .AHEAD. ) ;
#2324 = CARTESIAN_POINT ( 'NONE',  ( -34.50000000000000000, -15.00000000000000533, 1.500000000000000000 ) ) ;
#2325 = DIRECTION ( 'NONE',  ( 0.3162277660168382742, 0.000000000000000000, -0.9486832980505137680 ) ) ;
#2326 = VERTEX_POINT ( 'NONE', #884 ) ;
#2327 = VECTOR ( 'NONE', #4174, 1000.000000000000114 ) ;
#2328 = EDGE_CURVE ( 'NONE', #4635, #3359, #2688, .T. ) ;
#2329 = AXIS2_PLACEMENT_3D ( 'NONE', #6900, #1415, #3886 ) ;
#2330 = PLANE ( 'NONE',  #5473 ) ;
#2331 = DIRECTION ( 'NONE',  ( 0.000000000000000000, 1.000000000000000000, 0.000000000000000000 ) ) ;
#2332 = CARTESIAN_POINT ( 'NONE',  ( 37.00000000000000711, -73.57658473601189542, -59.00000000000000000 ) ) ;
#2333 = ORIENTED_EDGE ( 'NONE', *, *, #5238, .T. ) ;
#2334 = CARTESIAN_POINT ( 'NONE',  ( -33.99999999999997868, 17.99999999999999645, 1.000000000000000000 ) ) ;
#2335 = LINE ( 'NONE', #4707, #1395 ) ;
#2336 = CIRCLE ( 'NONE', #5771, 3.500000000000003109 ) ;
#2337 = PLANE ( 'NONE',  #1434 ) ;
#2338 = ORIENTED_EDGE ( 'NONE', *, *, #6600, .T. ) ;
#2339 = LINE ( 'NONE', #1077, #742 ) ;
#2340 = LINE ( 'NONE', #3095, #4730 ) ;
#2341 = CARTESIAN_POINT ( 'NONE',  ( 37.00000000000000711, -76.73886239618028071, 4.000000000000000888 ) ) ;
#2342 = APPROVAL_STATUS ( 'not_yet_approved' ) ;
#2343 = ORIENTED_EDGE ( 'NONE', *, *, #6327, .F. ) ;
#2344 = DIRECTION ( 'NONE',  ( 0.000000000000000000, -1.000000000000000000, 0.000000000000000000 ) ) ;
#2345 = VECTOR ( 'NONE', #5177, 1000.000000000000000 ) ;
#2346 = PLANE ( 'NONE',  #2434 ) ;
#2347 = LINE ( 'NONE', #7557, #2540 ) ;
#2348 = EDGE_CURVE ( 'NONE', #267, #6299, #7316, .T. ) ;
#2349 = ORIENTED_EDGE ( 'NONE', *, *, #5180, .F. ) ;
#2350 = ORIENTED_EDGE ( 'NONE', *, *, #3785, .F. ) ;
#2351 = ORIENTED_EDGE ( 'NONE', *, *, #7596, .F. ) ;
#2352 = EDGE_LOOP ( 'NONE', ( #5416, #2453 ) ) ;
#2353 = DIRECTION ( 'NONE',  ( 0.000000000000000000, 0.000000000000000000, 1.000000000000000000 ) ) ;
#2354 = ORIENTED_EDGE ( 'NONE', *, *, #7786, .T. ) ;
#2355 = PLANE ( 'NONE',  #1011 ) ;
#2356 = DIRECTION ( 'NONE',  ( 0.000000000000000000, 0.000000000000000000, -1.000000000000000000 ) ) ;
#2357 = EDGE_LOOP ( 'NONE', ( #7712, #5503, #376, #3976 ) ) ;
#2358 = SHAPE_REPRESENTATION ( 'upper case', ( #5227 ), #1563 ) ;
#2359 = VECTOR ( 'NONE', #6428, 1000.000000000000000 ) ;
#2360 = CARTESIAN_POINT ( 'NONE',  ( 37.00000000000000711, -73.57658473601189542, -59.00000000000000000 ) ) ;
#2361 = VERTEX_POINT ( 'NONE', #3820 ) ;
#2362 = PLANE ( 'NONE',  #2091 ) ;
#2363 = ORIENTED_EDGE ( 'NONE', *, *, #3539, .F. ) ;
#2364 = EDGE_CURVE ( 'NONE', #6372, #317, #6851, .T. ) ;
#2365 = ORIENTED_EDGE ( 'NONE', *, *, #7419, .F. ) ;
#2366 = EDGE_CURVE ( 'NONE', #2639, #921, #2033, .T. ) ;
#2367 = ORIENTED_EDGE ( 'NONE', *, *, #7215, .F. ) ;
#2368 = ORIENTED_EDGE ( 'NONE', *, *, #4479, .T. ) ;
#2369 = LINE ( 'NONE', #6752, #1253 ) ;
#2370 = CARTESIAN_POINT ( 'NONE',  ( 31.00000000000000000, -73.57658473601189542, 36.50000000000000000 ) ) ;
#2371 = LOCAL_TIME ( 13, 37, 31.00000000000000000, #2003 ) ;
#2372 = EDGE_LOOP ( 'NONE', ( #7498, #804, #4832, #3592 ) ) ;
#2373 = VERTEX_POINT ( 'NONE', #2050 ) ;
#2374 = LINE ( 'NONE', #1675, #4953 ) ;
#2375 = DIRECTION ( 'NONE',  ( -1.000000000000000000, 0.000000000000000000, 0.000000000000000000 ) ) ;
#2376 = PERSON_AND_ORGANIZATION_ROLE ( 'creator' ) ;
#2377 = LINE ( 'NONE', #1762, #1734 ) ;
#2378 = EDGE_CURVE ( 'NONE', #5018, #5025, #6284, .T. ) ;
#2379 = CARTESIAN_POINT ( 'NONE',  ( -35.00000000000000000, 0.000000000000000000, -53.00000000000000000 ) ) ;
#2380 = AXIS2_PLACEMENT_3D ( 'NONE', #6928, #7506, #3303 ) ;
#2381 = CC_DESIGN_APPROVAL ( #4724, ( #5529 ) ) ;
#2382 = DIRECTION ( 'NONE',  ( -1.000000000000000000, 0.000000000000000000, 0.000000000000000000 ) ) ;
#2383 = CARTESIAN_POINT ( 'NONE',  ( -37.00000000000000711, -56.57658473601188831, -54.99999999999999289 ) ) ;
#2384 = ORIENTED_EDGE ( 'NONE', *, *, #4249, .T. ) ;
#2385 = ORIENTED_EDGE ( 'NONE', *, *, #738, .T. ) ;
#2386 = VECTOR ( 'NONE', #2607, 1000.000000000000000 ) ;
#2387 = CARTESIAN_POINT ( 'NONE',  ( 37.00000000000000711, -56.57658473601188831, 52.99999999999999289 ) ) ;
#2388 = DIRECTION ( 'NONE',  ( 0.000000000000000000, 1.000000000000000000, 0.000000000000000000 ) ) ;
#2389 = ORIENTED_EDGE ( 'NONE', *, *, #5346, .F. ) ;
#2390 = AXIS2_PLACEMENT_3D ( 'NONE', #4815, #5382, #5982 ) ;
#2391 = FACE_OUTER_BOUND ( 'NONE', #4137, .T. ) ;
#2392 = DIRECTION ( 'NONE',  ( 0.000000000000000000, 0.000000000000000000, -1.000000000000000000 ) ) ;
#2393 = DIRECTION ( 'NONE',  ( 0.000000000000000000, 1.000000000000000000, 0.000000000000000000 ) ) ;
#2394 = CARTESIAN_POINT ( 'NONE',  ( -37.00000000000000711, -73.57658473601189542, 59.00000000000000000 ) ) ;
#2395 = VERTEX_POINT ( 'NONE', #3244 ) ;
#2396 = CARTESIAN_POINT ( 'NONE',  ( -37.00000000000000711, -56.57658473601188831, 54.99999999999999289 ) ) ;
#2397 = LINE ( 'NONE', #7607, #4776 ) ;
#2398 = CARTESIAN_POINT ( 'NONE',  ( -37.00000000000000711, -56.57658473601188831, -59.00000000000000000 ) ) ;
#2399 = DATE_TIME_ROLE ( 'creation_date' ) ;
#2400 = ORIENTED_EDGE ( 'NONE', *, *, #3442, .F. ) ;
#2401 = AXIS2_PLACEMENT_3D ( 'NONE', #3229, #6341, #6862 ) ;
#2402 = CARTESIAN_POINT ( 'NONE',  ( -37.00000000000000711, -56.57658473601188831, -59.00000000000000000 ) ) ;
#2403 = CARTESIAN_POINT ( 'NONE',  ( 31.00000000000000000, -46.67708979940022118, -40.00000000000000000 ) ) ;
#2404 = VECTOR ( 'NONE', #7614, 1000.000000000000000 ) ;
#2405 = VERTEX_POINT ( 'NONE', #5046 ) ;
#2406 = FACE_OUTER_BOUND ( 'NONE', #1291, .T. ) ;
#2407 = DIRECTION ( 'NONE',  ( -1.000000000000000000, 0.000000000000000000, 0.000000000000000000 ) ) ;
#2408 = DIRECTION ( 'NONE',  ( 0.000000000000000000, 1.000000000000000000, 0.000000000000000000 ) ) ;
#2409 = ORIENTED_EDGE ( 'NONE', *, *, #2486, .T. ) ;
#2410 = FACE_OUTER_BOUND ( 'NONE', #4929, .T. ) ;
#2411 = EDGE_CURVE ( 'NONE', #5558, #396, #5269, .T. ) ;
#2412 = ORIENTED_EDGE ( 'NONE', *, *, #1424, .T. ) ;
#2413 = DIRECTION ( 'NONE',  ( 0.000000000000000000, 0.000000000000000000, -1.000000000000000000 ) ) ;
#2414 = AXIS2_PLACEMENT_3D ( 'NONE', #6439, #2812, #930 ) ;
#2415 = ORIENTED_EDGE ( 'NONE', *, *, #1678, .F. ) ;
#2416 = DESIGN_CONTEXT ( 'detailed design', #5859, 'design' ) ;
#2417 = CARTESIAN_POINT ( 'NONE',  ( 37.00000000000009237, -76.73886239618028071, -30.00000000000000000 ) ) ;
#2418 = ORIENTED_EDGE ( 'NONE', *, *, #3206, .F. ) ;
#2419 = ORIENTED_EDGE ( 'NONE', *, *, #4544, .F. ) ;
#2420 = DIRECTION ( 'NONE',  ( 0.000000000000000000, -1.000000000000000000, 0.000000000000000000 ) ) ;
#2421 = VECTOR ( 'NONE', #471, 1000.000000000000000 ) ;
#2422 = CALENDAR_DATE ( 2022, 27, 1 ) ;
#2423 = EDGE_CURVE ( 'NONE', #3610, #6769, #1566, .T. ) ;
#2424 = CARTESIAN_POINT ( 'NONE',  ( -40.00000000000000711, -56.57658473601188831, -59.00000000000000000 ) ) ;
#2425 = EDGE_CURVE ( 'NONE', #7183, #1200, #1761, .T. ) ;
#2426 = EDGE_LOOP ( 'NONE', ( #1841, #4846, #7100, #2797 ) ) ;
#2427 = DIRECTION ( 'NONE',  ( 0.000000000000000000, 1.000000000000000000, 0.000000000000000000 ) ) ;
#2428 = SECURITY_CLASSIFICATION_LEVEL ( 'unclassified' ) ;
#2429 = CIRCLE ( 'NONE', #4932, 3.500000000000003109 ) ;
#2430 = LINE ( 'NONE', #2065, #4148 ) ;
#2431 = DIRECTION ( 'NONE',  ( 0.000000000000000000, 0.000000000000000000, 1.000000000000000000 ) ) ;
#2432 = PLANE ( 'NONE',  #5483 ) ;
#2433 = ORIENTED_EDGE ( 'NONE', *, *, #7513, .T. ) ;
#2434 = AXIS2_PLACEMENT_3D ( 'NONE', #2960, #3582, #7798 ) ;
#2435 = VECTOR ( 'NONE', #3641, 1000.000000000000000 ) ;
#2436 = DIRECTION ( 'NONE',  ( -1.000000000000000000, 0.000000000000000000, 0.000000000000000000 ) ) ;
#2437 = LINE ( 'NONE', #4754, #5478 ) ;
#2438 = DIRECTION ( 'NONE',  ( 0.000000000000000000, -1.000000000000000000, 0.000000000000000000 ) ) ;
#2439 = ORIENTED_EDGE ( 'NONE', *, *, #6782, .T. ) ;
#2440 = FACE_OUTER_BOUND ( 'NONE', #739, .T. ) ;
#2441 = CARTESIAN_POINT ( 'NONE',  ( 0.000000000000000000, 0.000000000000000000, 53.00000000000000000 ) ) ;
#2442 = COORDINATED_UNIVERSAL_TIME_OFFSET ( 2, 0, .AHEAD. ) ;
#2443 = DIRECTION ( 'NONE',  ( -0.000000000000000000, 0.000000000000000000, 1.000000000000000000 ) ) ;
#2444 = AXIS2_PLACEMENT_3D ( 'NONE', #1576, #4006, #2681 ) ;
#2445 = CARTESIAN_POINT ( 'NONE',  ( -37.00000000000000711, -73.57658473601189542, -59.00000000000000000 ) ) ;
#2446 = DIRECTION ( 'NONE',  ( 0.000000000000000000, -1.000000000000000000, 0.000000000000000000 ) ) ;
#2447 = ORIENTED_EDGE ( 'NONE', *, *, #5121, .T. ) ;
#2448 = ORIENTED_EDGE ( 'NONE', *, *, #407, .F. ) ;
#2449 = FACE_OUTER_BOUND ( 'NONE', #4308, .T. ) ;
#2450 = FACE_OUTER_BOUND ( 'NONE', #3811, .T. ) ;
#2451 = CARTESIAN_POINT ( 'NONE',  ( 31.00000000000000000, -73.57658473601189542, 38.50000000000000711 ) ) ;
#2452 = PERSON_AND_ORGANIZATION_ROLE ( 'creator' ) ;
#2453 = ORIENTED_EDGE ( 'NONE', *, *, #2974, .T. ) ;
#2454 = DIRECTION ( 'NONE',  ( -1.000000000000000000, 0.000000000000000000, 0.000000000000000000 ) ) ;
#2455 = ORIENTED_EDGE ( 'NONE', *, *, #2618, .T. ) ;
#2456 = DIRECTION ( 'NONE',  ( -8.673617379884027583E-16, 0.000000000000000000, -1.000000000000000000 ) ) ;
#2457 = ORIENTED_EDGE ( 'NONE', *, *, #3173, .F. ) ;
#2458 = ORIENTED_EDGE ( 'NONE', *, *, #1020, .T. ) ;
#2459 = DIRECTION ( 'NONE',  ( 0.000000000000000000, -0.000000000000000000, -1.000000000000000000 ) ) ;
#2460 = CLOSED_SHELL ( 'NONE', ( #281, #144, #328, #3920, #6426, #2825, #3462, #5064, #1322, #3449, #5255, #4554, #4000, #4571, #1357, #4331, #6824, #7610, #5100, #6324, #5247, #1031, #418, #2729, #6380, #5072, #7523, #290, #4101, #5736, #6960, #3253, #3364, #2086, #1498, #5083, #6294, #903, #5893, #934, #1453, #7468, #6913, #2261, #1396, #495, #5832, #2189, #6753, #4604, #4692, #2740, #6367, #358, #346, #6338, #3845, #5760, #4637, #6265, #2686, #5931, #5006, #5145, #4654, #2098, #5562, #3296, #6922, #1038, #2714, #4011, #3880, #6970, #4038, #4372, #7098, #456, #5746, #2135, #4405, #2210, #957, #6993, #7571, #2159, #3900, #3774, #2064, #405, #3868, #2868, #1543, #3349, #1915, #829, #2028, #3158, #3196, #4594 ) ) ;
#2461 = EDGE_CURVE ( 'NONE', #6365, #1973, #4124, .T. ) ;
#2462 = PERSON_AND_ORGANIZATION ( #1820, #6598 ) ;
#2463 = VECTOR ( 'NONE', #5858, 1000.000000000000000 ) ;
#2464 = ORIENTED_EDGE ( 'NONE', *, *, #6588, .T. ) ;
#2465 = DIRECTION ( 'NONE',  ( -1.000000000000000000, 0.000000000000000000, 8.673617379884027583E-16 ) ) ;
#2466 = DIRECTION ( 'NONE',  ( 1.000000000000000000, 0.000000000000000000, 0.000000000000000000 ) ) ;
#2467 = ORIENTED_EDGE ( 'NONE', *, *, #7596, .T. ) ;
#2468 = CARTESIAN_POINT ( 'NONE',  ( 36.00000000000000711, -56.57658473601188831, -1.000000000000000000 ) ) ;
#2469 = VERTEX_POINT ( 'NONE', #2764 ) ;
#2470 = VECTOR ( 'NONE', #3242, 1000.000000000000000 ) ;
#2471 = DIRECTION ( 'NONE',  ( 0.000000000000000000, 1.000000000000000000, 0.000000000000000000 ) ) ;
#2472 = CYLINDRICAL_SURFACE ( 'NONE', #3431, 3.500000000000003109 ) ;
#2473 = APPROVAL_DATE_TIME ( #4659, #2845 ) ;
#2474 = CARTESIAN_POINT ( 'NONE',  ( -34.00000000000000000, -15.00000000000000355, -1.000000000000000000 ) ) ;
#2475 = EDGE_CURVE ( 'NONE', #4635, #299, #3463, .T. ) ;
#2476 = EDGE_CURVE ( 'NONE', #2582, #6709, #6195, .T. ) ;
#2477 = ORIENTED_EDGE ( 'NONE', *, *, #6742, .T. ) ;
#2478 = CC_DESIGN_PERSON_AND_ORGANIZATION_ASSIGNMENT ( #3353, #7155, ( #6074 ) ) ;
#2479 = CARTESIAN_POINT ( 'NONE',  ( 37.00000000000009237, -56.57658473601188831, -24.99999999999999645 ) ) ;
#2480 = EDGE_LOOP ( 'NONE', ( #5408, #1829, #6061, #7043 ) ) ;
#2482 = LINE ( 'NONE', #5075, #2386 ) ;
#2481 = DIRECTION ( 'NONE',  ( -2.551063935260011231E-17, 1.000000000000000000, 0.000000000000000000 ) ) ;
#2483 = VECTOR ( 'NONE', #6784, 1000.000000000000000 ) ;
#2484 = ORIENTED_EDGE ( 'NONE', *, *, #3795, .T. ) ;
#2485 = LINE ( 'NONE', #2892, #6838 ) ;
#2486 = EDGE_CURVE ( 'NONE', #7619, #1714, #1377, .T. ) ;
#2487 = CARTESIAN_POINT ( 'NONE',  ( 37.00000000000000711, -56.57658473601188831, -53.00000000000000000 ) ) ;
#2488 = AXIS2_PLACEMENT_3D ( 'NONE', #4704, #5844, #2205 ) ;
#2489 = CARTESIAN_POINT ( 'NONE',  ( -37.00000000000000711, -56.57658473601188831, -24.99999999999999289 ) ) ;
#2490 = DIRECTION ( 'NONE',  ( 0.000000000000000000, 0.000000000000000000, -1.000000000000000000 ) ) ;
#2491 = ORIENTED_EDGE ( 'NONE', *, *, #6270, .F. ) ;
#2492 = CIRCLE ( 'NONE', #7348, 1.499999999999994449 ) ;
#2493 = AXIS2_PLACEMENT_3D ( 'NONE', #1850, #6660, #6739 ) ;
#2494 = ORIENTED_EDGE ( 'NONE', *, *, #3164, .F. ) ;
#2495 = PLANE ( 'NONE',  #2113 ) ;
#2496 = LINE ( 'NONE', #5687, #4973 ) ;
#2497 = DIRECTION ( 'NONE',  ( 1.000000000000000000, 0.000000000000000000, 0.000000000000000000 ) ) ;
#2498 = DIRECTION ( 'NONE',  ( -0.000000000000000000, 0.000000000000000000, 1.000000000000000000 ) ) ;
#2499 = VECTOR ( 'NONE', #5842, 1000.000000000000000 ) ;
#2500 = EDGE_CURVE ( 'NONE', #3546, #5876, #4694, .T. ) ;
#2501 = FACE_BOUND ( 'NONE', #1125, .T. ) ;
#2502 = ORIENTED_EDGE ( 'NONE', *, *, #3655, .F. ) ;
#2503 = DIRECTION ( 'NONE',  ( 0.000000000000000000, 1.000000000000000000, 0.000000000000000000 ) ) ;
#2504 = CARTESIAN_POINT ( 'NONE',  ( 35.00000000000000000, -56.57658473601188831, 54.99999999999999289 ) ) ;
#2505 = EDGE_LOOP ( 'NONE', ( #1135, #3790, #4735, #5540, #3038, #4029, #2042, #6032 ) ) ;
#2506 = CARTESIAN_POINT ( 'NONE',  ( 35.00000000000000000, -71.57658473601189542, -54.99999999999999289 ) ) ;
#2507 = EDGE_LOOP ( 'NONE', ( #2596, #6932, #2338, #5137 ) ) ;
#2508 = ORIENTED_EDGE ( 'NONE', *, *, #7168, .T. ) ;
#2509 = VECTOR ( 'NONE', #2331, 1000.000000000000000 ) ;
#2510 = APPROVAL_PERSON_ORGANIZATION ( #457, #3123, #1685 ) ;
#2511 = DIRECTION ( 'NONE',  ( 0.000000000000000000, 1.000000000000000000, -0.000000000000000000 ) ) ;
#2512 = ORIENTED_EDGE ( 'NONE', *, *, #6026, .T. ) ;
#2513 = DIRECTION ( 'NONE',  ( -1.000000000000000000, 0.000000000000000000, 0.000000000000000000 ) ) ;
#2514 = EDGE_CURVE ( 'NONE', #4880, #4342, #7613, .T. ) ;
#2515 = ORIENTED_EDGE ( 'NONE', *, *, #3378, .F. ) ;
#2516 = DIRECTION ( 'NONE',  ( -1.000000000000000000, 0.000000000000000000, 0.000000000000000000 ) ) ;
#2517 = DIRECTION ( 'NONE',  ( 0.000000000000000000, 0.000000000000000000, 1.000000000000000000 ) ) ;
#2518 = CYLINDRICAL_SURFACE ( 'NONE', #5181, 3.000000000000002665 ) ;
#2519 = CARTESIAN_POINT ( 'NONE',  ( -13.14113842132956123, -49.71772315734150283, 33.14113842132930188 ) ) ;
#2520 = CARTESIAN_POINT ( 'NONE',  ( 37.00000000000009237, -56.57658473601188831, -30.00000000000000000 ) ) ;
#2521 = VERTEX_POINT ( 'NONE', #3302 ) ;
#2522 = CARTESIAN_POINT ( 'NONE',  ( -34.50000000000000000, -15.00000000000000533, 1.500000000000000000 ) ) ;
#2523 = UNCERTAINTY_MEASURE_WITH_UNIT (LENGTH_MEASURE( 1.000000000000000082E-05 ), #7640, 'distance_accuracy_value', 'NONE');
#2524 = LINE ( 'NONE', #695, #5388 ) ;
#2525 = EDGE_CURVE ( 'NONE', #4880, #439, #62, .T. ) ;
#2526 = AXIS2_PLACEMENT_3D ( 'NONE', #3142, #1422, #5675 ) ;
#2527 = FACE_OUTER_BOUND ( 'NONE', #1908, .T. ) ;
#2528 = CC_DESIGN_PERSON_AND_ORGANIZATION_ASSIGNMENT ( #2462, #5457, ( #3892 ) ) ;
#2529 = DIRECTION ( 'NONE',  ( 0.000000000000000000, -0.000000000000000000, 1.000000000000000000 ) ) ;
#2530 = ORIENTED_EDGE ( 'NONE', *, *, #2966, .T. ) ;
#2531 = DIRECTION ( 'NONE',  ( -0.5773502691896245098, 0.5773502691896230665, 0.5773502691896296168 ) ) ;
#2532 = VECTOR ( 'NONE', #5596, 1000.000000000000000 ) ;
#2533 = DIRECTION ( 'NONE',  ( 0.000000000000000000, 0.000000000000000000, 1.000000000000000000 ) ) ;
#2534 = VECTOR ( 'NONE', #3068, 1000.000000000000000 ) ;
#2535 = ORIENTED_EDGE ( 'NONE', *, *, #1398, .F. ) ;
#2536 = ADVANCED_FACE ( 'NONE', ( #2975 ), #6451, .F. ) ;
#2537 = CARTESIAN_POINT ( 'NONE',  ( -36.00000000000009237, -76.73886239618028071, 27.00000000000000000 ) ) ;
#2538 = LINE ( 'NONE', #7438, #195 ) ;
#2539 = DIRECTION ( 'NONE',  ( 0.000000000000000000, -1.000000000000000000, 0.000000000000000000 ) ) ;
#2540 = VECTOR ( 'NONE', #877, 1000.000000000000000 ) ;
#2541 = CARTESIAN_POINT ( 'NONE',  ( -37.00000000000000711, 14.99999999999997513, 1.000000000000000000 ) ) ;
#2542 = ORIENTED_EDGE ( 'NONE', *, *, #2328, .F. ) ;
#2543 = CARTESIAN_POINT ( 'NONE',  ( 37.00000000000000711, -73.57658473601189542, 54.99999999999999289 ) ) ;
#2544 = ORIENTED_EDGE ( 'NONE', *, *, #6919, .T. ) ;
#2545 = VERTEX_POINT ( 'NONE', #914 ) ;
#2546 = ORIENTED_EDGE ( 'NONE', *, *, #5059, .F. ) ;
#2547 = PLANE ( 'NONE',  #5696 ) ;
#2548 = FACE_BOUND ( 'NONE', #4742, .T. ) ;
#2549 = CARTESIAN_POINT ( 'NONE',  ( 37.00000000000000711, -56.57658473601188831, -22.00000000000000000 ) ) ;
#2550 = CARTESIAN_POINT ( 'NONE',  ( 31.00000000000000000, -56.57658473601188831, 40.00000000000000000 ) ) ;
#2551 = CARTESIAN_POINT ( 'NONE',  ( -37.00000000000000711, -56.57658473601188831, -59.00000000000000000 ) ) ;
#2552 = ORIENTED_EDGE ( 'NONE', *, *, #2561, .F. ) ;
#2553 = VERTEX_POINT ( 'NONE', #4034 ) ;
#2554 = ORIENTED_EDGE ( 'NONE', *, *, #2157, .T. ) ;
#2555 = ORIENTED_EDGE ( 'NONE', *, *, #7776, .T. ) ;
#2556 = DIRECTION ( 'NONE',  ( 0.000000000000000000, 0.000000000000000000, -1.000000000000000000 ) ) ;
#2557 = FACE_OUTER_BOUND ( 'NONE', #1276, .T. ) ;
#2558 = APPROVAL_DATE_TIME ( #6158, #1076 ) ;
#2559 = CARTESIAN_POINT ( 'NONE',  ( 37.00000000000000711, -73.57658473601189542, 54.99999999999999289 ) ) ;
#2560 = ORIENTED_EDGE ( 'NONE', *, *, #5472, .F. ) ;
#2561 = EDGE_CURVE ( 'NONE', #1341, #1416, #7415, .T. ) ;
#2562 = LOCAL_TIME ( 13, 37, 31.00000000000000000, #3219 ) ;
#2563 = VECTOR ( 'NONE', #51, 1000.000000000000000 ) ;
#2564 = CARTESIAN_POINT ( 'NONE',  ( 37.00000000000000711, -73.57658473601189542, -59.00000000000000000 ) ) ;
#2565 = PERSON ( 'NAUO-PER3', 'UNSPECIFIED', 'UNSPECIFIED', ('UNSPECIFIED'), ('UNSPECIFIED'), ('UNSPECIFIED') ) ;
#2566 = DIRECTION ( 'NONE',  ( 0.7071067811865507924, 0.000000000000000000, 0.7071067811865442421 ) ) ;
#2567 = PLANE ( 'NONE',  #671 ) ;
#2568 = ORIENTED_EDGE ( 'NONE', *, *, #222, .T. ) ;
#2569 = DIRECTION ( 'NONE',  ( 0.5773502691896245098, -0.5773502691896230665, 0.5773502691896296168 ) ) ;
#2570 = FACE_OUTER_BOUND ( 'NONE', #1105, .T. ) ;
#2571 = EDGE_CURVE ( 'NONE', #5458, #3782, #5828, .T. ) ;
#2572 = EDGE_CURVE ( 'NONE', #1237, #2373, #243, .T. ) ;
#2573 = CC_DESIGN_APPROVAL ( #7184, ( #4206 ) ) ;
#2574 = CARTESIAN_POINT ( 'NONE',  ( -36.00000000000000711, -73.57658473601189542, -1.000000000000000888 ) ) ;
#2575 = CARTESIAN_POINT ( 'NONE',  ( -37.00000000000000711, -73.57658473601189542, -30.00000000000000000 ) ) ;
#2576 = DIRECTION ( 'NONE',  ( -1.000000000000000000, 0.000000000000000000, 0.000000000000000000 ) ) ;
#2577 = EDGE_LOOP ( 'NONE', ( #3679, #7481, #7376, #946, #6355, #2758, #4642, #3727 ) ) ;
#2578 = CARTESIAN_POINT ( 'NONE',  ( 37.00000000000000711, -73.57658473601189542, -54.99999999999999289 ) ) ;
#2579 = LINE ( 'NONE', #1752, #978 ) ;
#2580 = PLANE ( 'NONE',  #7690 ) ;
#2581 = EDGE_CURVE ( 'NONE', #6160, #5101, #1323, .T. ) ;
#2582 = VERTEX_POINT ( 'NONE', #4007 ) ;
#2583 = CARTESIAN_POINT ( 'NONE',  ( -37.00000000000000711, -56.57658473601188831, 1.000000000000000888 ) ) ;
#2584 = VECTOR ( 'NONE', #414, 1000.000000000000000 ) ;
#2585 = CARTESIAN_POINT ( 'NONE',  ( 31.00000000000000000, -46.67708979940022118, -40.00000000000000000 ) ) ;
#2586 = VERTEX_POINT ( 'NONE', #4566 ) ;
#2587 = CARTESIAN_POINT ( 'NONE',  ( 33.99999999999998579, 14.99999999999999645, -1.000000000000000000 ) ) ;
#2588 = CARTESIAN_POINT ( 'NONE',  ( 36.00000000000009237, -73.57658473601189542, 24.99999999999999645 ) ) ;
#2589 = LINE ( 'NONE', #2813, #3649 ) ;
#2590 = CARTESIAN_POINT ( 'NONE',  ( -37.00000000000000711, -73.57658473601189542, 1.000000000000000888 ) ) ;
#2591 = CARTESIAN_POINT ( 'NONE',  ( -31.00000000000000000, -56.57658473601188831, -36.50000000000000000 ) ) ;
#2592 = AXIS2_PLACEMENT_3D ( 'NONE', #2748, #2195, #3469 ) ;
#2593 = CARTESIAN_POINT ( 'NONE',  ( 35.00000000000000000, -71.57658473601189542, -54.99999999999994316 ) ) ;
#2594 = VERTEX_POINT ( 'NONE', #1051 ) ;
#2595 = CYLINDRICAL_SURFACE ( 'NONE', #3758, 1.500000000000001332 ) ;
#2596 = ORIENTED_EDGE ( 'NONE', *, *, #5380, .F. ) ;
#2597 = CIRCLE ( 'NONE', #5912, 1.499999999999994449 ) ;
#2598 = DIRECTION ( 'NONE',  ( 0.000000000000000000, 0.000000000000000000, -1.000000000000000000 ) ) ;
#2599 = CARTESIAN_POINT ( 'NONE',  ( -37.00000000000000711, -56.57658473601188831, -59.00000000000000000 ) ) ;
#2600 = DATE_AND_TIME ( #7810, #1197 ) ;
#2601 = ORIENTED_EDGE ( 'NONE', *, *, #407, .T. ) ;
#2602 = EDGE_LOOP ( 'NONE', ( #626, #4894 ) ) ;
#2603 = VERTEX_POINT ( 'NONE', #6479 ) ;
#2604 = EDGE_CURVE ( 'NONE', #2884, #4684, #1192, .T. ) ;
#2605 = LINE ( 'NONE', #1097, #2989 ) ;
#2606 = AXIS2_PLACEMENT_3D ( 'NONE', #7199, #1155, #5398 ) ;
#2607 = DIRECTION ( 'NONE',  ( -0.000000000000000000, -1.000000000000000000, -0.000000000000000000 ) ) ;
#2608 = CARTESIAN_POINT ( 'NONE',  ( -37.00000000000000711, -73.57658473601189542, -59.00000000000000000 ) ) ;
#2609 = CARTESIAN_POINT ( 'NONE',  ( 36.00000000000000711, -73.57658473601189542, -1.000000000000000000 ) ) ;
#2610 = ORIENTED_EDGE ( 'NONE', *, *, #5057, .F. ) ;
#2611 = CIRCLE ( 'NONE', #6461, 1.499999999999994449 ) ;
#2612 = CARTESIAN_POINT ( 'NONE',  ( -33.99999999999997868, 15.49999999999999467, 1.500000000000000000 ) ) ;
#2613 = ADVANCED_FACE ( 'NONE', ( #6022, #5852 ), #4682, .F. ) ;
#2614 = CARTESIAN_POINT ( 'NONE',  ( 37.00000000000000711, -56.57658473601188831, 54.99999999999999289 ) ) ;
#2615 = VECTOR ( 'NONE', #6374, 1000.000000000000114 ) ;
#2616 = EDGE_CURVE ( 'NONE', #1416, #5679, #6514, .T. ) ;
#2617 = CARTESIAN_POINT ( 'NONE',  ( -37.00000000000000711, -73.57658473601189542, -59.00000000000000000 ) ) ;
#2618 = EDGE_CURVE ( 'NONE', #7180, #130, #4791, .T. ) ;
#2619 = DIRECTION ( 'NONE',  ( 1.000000000000000000, -0.000000000000000000, -0.000000000000000000 ) ) ;
#2620 = CARTESIAN_POINT ( 'NONE',  ( 37.00000000000000711, 0.000000000000000000, -53.00000000000000000 ) ) ;
#2621 = VERTEX_POINT ( 'NONE', #1694 ) ;
#2622 = ORIENTED_EDGE ( 'NONE', *, *, #3262, .F. ) ;
#2623 = FACE_OUTER_BOUND ( 'NONE', #3404, .T. ) ;
#2624 = FACE_OUTER_BOUND ( 'NONE', #5022, .T. ) ;
#2625 = CARTESIAN_POINT ( 'NONE',  ( -33.99999999999997868, 15.49999999999999467, 1.500000000000000000 ) ) ;
#2626 = CARTESIAN_POINT ( 'NONE',  ( 3.954149099653018085E-16, -15.50000000000000178, 1.500000000000000000 ) ) ;
#2627 = ORIENTED_EDGE ( 'NONE', *, *, #6496, .F. ) ;
#2628 = EDGE_CURVE ( 'NONE', #3741, #6951, #2611, .T. ) ;
#2629 = LINE ( 'NONE', #6273, #4060 ) ;
#2630 = FACE_OUTER_BOUND ( 'NONE', #1587, .T. ) ;
#2631 = ADVANCED_FACE ( 'NONE', ( #189 ), #5372, .T. ) ;
#2632 = ORIENTED_EDGE ( 'NONE', *, *, #4619, .F. ) ;
#2633 = PLANE ( 'NONE',  #1801 ) ;
#2634 = ORIENTED_EDGE ( 'NONE', *, *, #1151, .F. ) ;
#2635 = CARTESIAN_POINT ( 'NONE',  ( -31.00000000000000000, -73.57658473601189542, 41.50000000000000000 ) ) ;
#2636 = EDGE_LOOP ( 'NONE', ( #1241, #2226, #2083, #4437 ) ) ;
#2637 = CYLINDRICAL_SURFACE ( 'NONE', #2829, 3.500000000000003109 ) ;
#2638 = AXIS2_PLACEMENT_3D ( 'NONE', #4296, #4965, #6755 ) ;
#2639 = VERTEX_POINT ( 'NONE', #1131 ) ;
#2640 = VERTEX_POINT ( 'NONE', #2287 ) ;
#2641 = CARTESIAN_POINT ( 'NONE',  ( -37.00000000000000711, -73.57658473601189542, -59.00000000000000000 ) ) ;
#2642 = ORIENTED_EDGE ( 'NONE', *, *, #7478, .F. ) ;
#2643 = VERTEX_POINT ( 'NONE', #480 ) ;
#2644 = CARTESIAN_POINT ( 'NONE',  ( 37.00000000000000711, -73.57658473601189542, 59.00000000000000000 ) ) ;
#2645 = ORIENTED_EDGE ( 'NONE', *, *, #1692, .T. ) ;
#2646 = ORIENTED_EDGE ( 'NONE', *, *, #2896, .T. ) ;
#2647 = ADVANCED_FACE ( 'NONE', ( #5538 ), #2944, .T. ) ;
#2648 = CARTESIAN_POINT ( 'NONE',  ( 37.00000000000000711, -56.57658473601188831, 29.99999999999973355 ) ) ;
#2649 = COORDINATED_UNIVERSAL_TIME_OFFSET ( 2, 0, .AHEAD. ) ;
#2650 = VECTOR ( 'NONE', #1856, 1000.000000000000000 ) ;
#2651 = EDGE_LOOP ( 'NONE', ( #5066, #4557 ) ) ;
#2652 = DIRECTION ( 'NONE',  ( 0.000000000000000000, 0.000000000000000000, -1.000000000000000000 ) ) ;
#2653 = CARTESIAN_POINT ( 'NONE',  ( 37.00000000000000711, -56.57658473601188831, -53.00000000000000000 ) ) ;
#2654 = DIRECTION ( 'NONE',  ( 0.000000000000000000, 1.000000000000000000, 0.000000000000000000 ) ) ;
#2655 = CARTESIAN_POINT ( 'NONE',  ( 37.00000000000000711, -56.57658473601188831, -1.000000000000000888 ) ) ;
#2656 = LINE ( 'NONE', #7706, #7283 ) ;
#2657 = VECTOR ( 'NONE', #5005, 1000.000000000000000 ) ;
#2658 = AXIS2_PLACEMENT_3D ( 'NONE', #6665, #3005, #616 ) ;
#2659 = APPROVAL_DATE_TIME ( #7106, #4724 ) ;
#2660 = ADVANCED_FACE ( 'NONE', ( #3914 ), #7711, .F. ) ;
#2661 = ORIENTED_EDGE ( 'NONE', *, *, #475, .F. ) ;
#2662 = VERTEX_POINT ( 'NONE', #7680 ) ;
#2663 = VECTOR ( 'NONE', #3368, 1000.000000000000000 ) ;
#2664 = EDGE_CURVE ( 'NONE', #1973, #3359, #7503, .T. ) ;
#2665 = LINE ( 'NONE', #7534, #3220 ) ;
#2666 = PLANE ( 'NONE',  #1386 ) ;
#2667 = EDGE_CURVE ( 'NONE', #3340, #1689, #1283, .T. ) ;
#2668 = ORIENTED_EDGE ( 'NONE', *, *, #3750, .F. ) ;
#2669 = AXIS2_PLACEMENT_3D ( 'NONE', #900, #385, #6947 ) ;
#2670 = VECTOR ( 'NONE', #1199, 1000.000000000000000 ) ;
#2671 = DIRECTION ( 'NONE',  ( 0.000000000000000000, 0.000000000000000000, 1.000000000000000000 ) ) ;
#2672 = DIRECTION ( 'NONE',  ( -0.000000000000000000, -0.000000000000000000, -1.000000000000000000 ) ) ;
#2673 = CARTESIAN_POINT ( 'NONE',  ( -36.00000000000000711, -76.73886239618028071, 1.000000000000000000 ) ) ;
#2674 = EDGE_LOOP ( 'NONE', ( #2897, #311, #4427, #5050 ) ) ;
#2675 = ADVANCED_FACE ( 'NONE', ( #5834 ), #4093, .T. ) ;
#2676 = CIRCLE ( 'NONE', #5856, 0.5000000000000004441 ) ;
#2677 = EDGE_CURVE ( 'NONE', #5122, #299, #7418, .T. ) ;
#2678 = EDGE_CURVE ( 'NONE', #1577, #6280, #4487, .T. ) ;
#2679 = CC_DESIGN_APPROVAL ( #2940, ( #5672 ) ) ;
#2680 = DIRECTION ( 'NONE',  ( 0.000000000000000000, 0.000000000000000000, 1.000000000000000000 ) ) ;
#2681 = DIRECTION ( 'NONE',  ( -1.000000000000000000, 0.000000000000000000, -8.673617379884027583E-16 ) ) ;
#2682 = DIRECTION ( 'NONE',  ( 0.000000000000000000, 1.000000000000000000, 0.000000000000000000 ) ) ;
#2683 = CARTESIAN_POINT ( 'NONE',  ( -37.00000000000000711, -73.57658473601189542, -22.00000000000026645 ) ) ;
#2684 = ORIENTED_EDGE ( 'NONE', *, *, #7794, .T. ) ;
#2685 = FACE_OUTER_BOUND ( 'NONE', #69, .T. ) ;
#2686 = ADVANCED_FACE ( 'NONE', ( #444 ), #4144, .T. ) ;
#2687 = CARTESIAN_POINT ( 'NONE',  ( 37.00000000000000711, -56.57658473601188831, 1.000000000000000888 ) ) ;
#2688 = LINE ( 'NONE', #2599, #4485 ) ;
#2689 = CARTESIAN_POINT ( 'NONE',  ( 37.00000000000009237, -76.73886239618028071, 24.99999999999999645 ) ) ;
#2690 = CARTESIAN_POINT ( 'NONE',  ( 31.00000000000000000, -73.57658473601189542, -40.00000000000000000 ) ) ;
#2691 = FACE_OUTER_BOUND ( 'NONE', #2994, .T. ) ;
#2692 = ORIENTED_EDGE ( 'NONE', *, *, #5732, .F. ) ;
#2693 = CARTESIAN_POINT ( 'NONE',  ( -37.00000000000000711, -56.57658473601188831, -1.000000000000000888 ) ) ;
#2694 = ADVANCED_FACE ( 'NONE', ( #1939 ), #7242, .T. ) ;
#2695 = CARTESIAN_POINT ( 'NONE',  ( 34.48502089982753915, 102.9609899238837158, 112.7371566806151577 ) ) ;
#2696 = ORIENTED_EDGE ( 'NONE', *, *, #5557, .T. ) ;
#2697 = ORIENTED_EDGE ( 'NONE', *, *, #5519, .F. ) ;
#2698 = CARTESIAN_POINT ( 'NONE',  ( -37.00000000000000711, -56.57658473601188831, 56.99999999999996447 ) ) ;
#2699 = CARTESIAN_POINT ( 'NONE',  ( -37.00000000000000711, -56.57658473601188831, -59.00000000000000000 ) ) ;
#2700 = ORIENTED_EDGE ( 'NONE', *, *, #7181, .F. ) ;
#2701 = FACE_OUTER_BOUND ( 'NONE', #5634, .T. ) ;
#2702 = PERSON_AND_ORGANIZATION ( #1820, #6598 ) ;
#2703 = EDGE_LOOP ( 'NONE', ( #2244, #5023, #2100, #7723 ) ) ;
#2704 = CARTESIAN_POINT ( 'NONE',  ( -37.00000000000009237, -76.73886239618028071, -30.00000000000000000 ) ) ;
#2705 = DIRECTION ( 'NONE',  ( 0.000000000000000000, 0.000000000000000000, -1.000000000000000000 ) ) ;
#2706 = CARTESIAN_POINT ( 'NONE',  ( -37.00000000000000711, -14.99999999999998046, -1.000000000000000000 ) ) ;
#2707 = ORIENTED_EDGE ( 'NONE', *, *, #1107, .T. ) ;
#2708 = PLANE ( 'NONE',  #1321 ) ;
#2709 = VECTOR ( 'NONE', #5425, 1000.000000000000114 ) ;
#2710 = CARTESIAN_POINT ( 'NONE',  ( 37.00000000000009237, -73.57658473601189542, 24.99999999999999645 ) ) ;
#2711 = EDGE_CURVE ( 'NONE', #2290, #6644, #7138, .T. ) ;
#2712 = ORIENTED_EDGE ( 'NONE', *, *, #4773, .T. ) ;
#2713 = ORIENTED_EDGE ( 'NONE', *, *, #861, .F. ) ;
#2714 = ADVANCED_FACE ( 'NONE', ( #2691 ), #3176, .T. ) ;
#2715 = CIRCLE ( 'NONE', #2229, 0.5000000000000004441 ) ;
#2716 = PLANE ( 'NONE',  #4127 ) ;
#2717 = DIRECTION ( 'NONE',  ( -1.000000000000000000, 0.000000000000000000, 0.000000000000000000 ) ) ;
#2718 = LINE ( 'NONE', #3423, #4722 ) ;
#2719 = ORIENTED_EDGE ( 'NONE', *, *, #2887, .F. ) ;
#2720 = CARTESIAN_POINT ( 'NONE',  ( 35.00000000000000000, 0.000000000000000000, -53.00000000000000000 ) ) ;
#2721 =( NAMED_UNIT ( * ) SI_UNIT ( $, .STERADIAN. ) SOLID_ANGLE_UNIT ( ) );
#2722 = ORIENTED_EDGE ( 'NONE', *, *, #5930, .F. ) ;
#2723 = VECTOR ( 'NONE', #4450, 1000.000000000000000 ) ;
#2724 = EDGE_CURVE ( 'NONE', #1642, #4262, #2126, .T. ) ;
#2725 = DIRECTION ( 'NONE',  ( 0.000000000000000000, -1.000000000000000000, 0.000000000000000000 ) ) ;
#2726 = DIRECTION ( 'NONE',  ( 0.000000000000000000, 0.000000000000000000, -1.000000000000000000 ) ) ;
#2727 = EDGE_CURVE ( 'NONE', #4781, #5248, #3829, .T. ) ;
#2728 = LINE ( 'NONE', #2519, #3590 ) ;
#2729 = ADVANCED_FACE ( 'NONE', ( #4027 ), #7688, .T. ) ;
#2730 = PRODUCT_DEFINITION_FORMATION_WITH_SPECIFIED_SOURCE ( 'ANY', '', #646, .NOT_KNOWN. ) ;
#2731 = PLANE ( 'NONE',  #7235 ) ;
#2732 = VERTEX_POINT ( 'NONE', #183 ) ;
#2733 = VERTEX_POINT ( 'NONE', #608 ) ;
#2734 = FACE_OUTER_BOUND ( 'NONE', #2212, .T. ) ;
#2735 = DIRECTION ( 'NONE',  ( 0.000000000000000000, 0.000000000000000000, 1.000000000000000000 ) ) ;
#2736 = CARTESIAN_POINT ( 'NONE',  ( 37.00000000000009237, -76.73886239618028071, -27.00000000000000000 ) ) ;
#2737 = LINE ( 'NONE', #3600, #939 ) ;
#2738 = DIRECTION ( 'NONE',  ( 0.000000000000000000, 0.000000000000000000, -1.000000000000000000 ) ) ;
#2739 = EDGE_CURVE ( 'NONE', #6951, #3741, #5726, .T. ) ;
#2740 = ADVANCED_FACE ( 'NONE', ( #533 ), #2225, .F. ) ;
#2741 = ORIENTED_EDGE ( 'NONE', *, *, #4453, .F. ) ;
#2742 = ORIENTED_EDGE ( 'NONE', *, *, #4246, .T. ) ;
#2743 = ORIENTED_EDGE ( 'NONE', *, *, #2411, .F. ) ;
#2744 = LINE ( 'NONE', #7488, #388 ) ;
#2745 = PERSON_AND_ORGANIZATION ( #1820, #6598 ) ;
#2746 = CARTESIAN_POINT ( 'NONE',  ( 0.000000000000000000, 0.000000000000000000, -53.00000000000000000 ) ) ;
#2747 = DIRECTION ( 'NONE',  ( 0.000000000000000000, -1.000000000000000000, 0.000000000000000000 ) ) ;
#2748 = CARTESIAN_POINT ( 'NONE',  ( 37.00000000000000711, -73.57658473601189542, -59.00000000000000000 ) ) ;
#2749 = EDGE_LOOP ( 'NONE', ( #2455, #3907, #7281, #7572 ) ) ;
#2750 = ORIENTED_EDGE ( 'NONE', *, *, #2875, .F. ) ;
#2751 = ORIENTED_EDGE ( 'NONE', *, *, #1165, .T. ) ;
#2752 = ORIENTED_EDGE ( 'NONE', *, *, #710, .T. ) ;
#2753 = VECTOR ( 'NONE', #2017, 1000.000000000000000 ) ;
#2755 = CARTESIAN_POINT ( 'NONE',  ( -37.00000000000000711, -73.57658473601189542, -59.00000000000000000 ) ) ;
#2754 = ITEM_DEFINED_TRANSFORMATION ( 'NONE', 'NONE', #6832,  #5227 ) ;
#2756 = DIRECTION ( 'NONE',  ( -0.9486832980505137680, 0.000000000000000000, 0.3162277660168382742 ) ) ;
#2757 = DIRECTION ( 'NONE',  ( 0.000000000000000000, 0.000000000000000000, -1.000000000000000000 ) ) ;
#2758 = ORIENTED_EDGE ( 'NONE', *, *, #3033, .T. ) ;
#2759 = DIRECTION ( 'NONE',  ( 0.000000000000000000, 0.000000000000000000, 1.000000000000000000 ) ) ;
#2760 = VECTOR ( 'NONE', #3703, 1000.000000000000000 ) ;
#2761 = ADVANCED_FACE ( 'NONE', ( #4306 ), #4845, .T. ) ;
#2762 = VECTOR ( 'NONE', #7162, 1000.000000000000114 ) ;
#2763 = DIRECTION ( 'NONE',  ( 0.000000000000000000, 1.000000000000000000, 0.000000000000000000 ) ) ;
#2764 = CARTESIAN_POINT ( 'NONE',  ( -37.00000000000000711, -56.57658473601188831, 54.99999999999999289 ) ) ;
#2765 = VERTEX_POINT ( 'NONE', #1799 ) ;
#2766 = EDGE_CURVE ( 'NONE', #1649, #121, #2893, .T. ) ;
#2767 = CARTESIAN_POINT ( 'NONE',  ( -37.00000000000000711, -56.57658473601188831, -59.00000000000000000 ) ) ;
#2768 = LINE ( 'NONE', #2687, #3132 ) ;
#2769 = AXIS2_PLACEMENT_3D ( 'NONE', #381, #7003, #3997 ) ;
#2770 = ADVANCED_FACE ( 'NONE', ( #3556 ), #2337, .T. ) ;
#2771 = ORIENTED_EDGE ( 'NONE', *, *, #752, .T. ) ;
#2773 = CIRCLE ( 'NONE', #6567, 3.500000000000003109 ) ;
#2772 = DIRECTION ( 'NONE',  ( 0.3162277660168381077, 0.000000000000000000, 0.9486832980505137680 ) ) ;
#2774 = PLANE ( 'NONE',  #6658 ) ;
#2775 = EDGE_CURVE ( 'NONE', #3417, #4703, #7319, .T. ) ;
#2776 = EDGE_CURVE ( 'NONE', #4493, #3113, #5365, .T. ) ;
#2777 = AXIS2_PLACEMENT_3D ( 'NONE', #876, #4552, #5109 ) ;
#2778 = ORIENTED_EDGE ( 'NONE', *, *, #895, .T. ) ;
#2779 = DIRECTION ( 'NONE',  ( -0.000000000000000000, -1.000000000000000000, -0.000000000000000000 ) ) ;
#2780 = ADVANCED_FACE ( 'NONE', ( #2410 ), #4194, .F. ) ;
#2781 = LINE ( 'NONE', #1478, #525 ) ;
#2782 = DIRECTION ( 'NONE',  ( 0.000000000000000000, 0.000000000000000000, -1.000000000000000000 ) ) ;
#2783 = DIRECTION ( 'NONE',  ( 0.000000000000000000, 1.000000000000000000, 0.000000000000000000 ) ) ;
#2784 = CARTESIAN_POINT ( 'NONE',  ( 37.00000000000000711, -56.57658473601188831, -59.00000000000000000 ) ) ;
#2785 = DIRECTION ( 'NONE',  ( 0.000000000000000000, 0.000000000000000000, -1.000000000000000000 ) ) ;
#2786 = EDGE_CURVE ( 'NONE', #245, #1689, #1854, .T. ) ;
#2787 = EDGE_CURVE ( 'NONE', #507, #7429, #3735, .T. ) ;
#2788 = EDGE_CURVE ( 'NONE', #1202, #4783, #5067, .T. ) ;
#2789 = ORIENTED_EDGE ( 'NONE', *, *, #5659, .T. ) ;
#2790 = COORDINATED_UNIVERSAL_TIME_OFFSET ( 2, 0, .AHEAD. ) ;
#2791 = CC_DESIGN_DATE_AND_TIME_ASSIGNMENT ( #1528, #4156, ( #522 ) ) ;
#2792 = DIRECTION ( 'NONE',  ( 0.000000000000000000, 1.000000000000000000, 0.000000000000000000 ) ) ;
#2793 = PLANE ( 'NONE',  #7225 ) ;
#2794 = CARTESIAN_POINT ( 'NONE',  ( 36.00000000000009237, -76.73886239618028071, -24.99999999999999645 ) ) ;
#2795 = PLANE ( 'NONE',  #259 ) ;
#2796 = CARTESIAN_POINT ( 'NONE',  ( 33.99999999999996447, 17.99999999999999645, -1.000000000000000000 ) ) ;
#2797 = ORIENTED_EDGE ( 'NONE', *, *, #4460, .T. ) ;
#2798 = VECTOR ( 'NONE', #5266, 1000.000000000000000 ) ;
#2799 = ORIENTED_EDGE ( 'NONE', *, *, #47, .T. ) ;
#2800 = ORIENTED_EDGE ( 'NONE', *, *, #696, .T. ) ;
#2801 = CARTESIAN_POINT ( 'NONE',  ( -36.00000000000000711, -76.73886239618028071, 1.000000000000000000 ) ) ;
#2802 = AXIS2_PLACEMENT_3D ( 'NONE', #5593, #2566, #6117 ) ;
#2803 = COORDINATED_UNIVERSAL_TIME_OFFSET ( 2, 0, .AHEAD. ) ;
#2804 = CARTESIAN_POINT ( 'NONE',  ( -35.00000000000000000, -71.57658473601189542, -53.00000000000000000 ) ) ;
#2805 = DIRECTION ( 'NONE',  ( 0.000000000000000000, -1.000000000000000000, 0.000000000000000000 ) ) ;
#2806 = VERTEX_POINT ( 'NONE', #6004 ) ;
#2807 = VERTEX_POINT ( 'NONE', #3115 ) ;
#2808 = VERTEX_POINT ( 'NONE', #4915 ) ;
#2809 = VECTOR ( 'NONE', #5666, 1000.000000000000000 ) ;
#2810 = SHAPE_DEFINITION_REPRESENTATION ( #7107, #7587 ) ;
#2811 = EDGE_CURVE ( 'NONE', #4314, #4556, #1098, .T. ) ;
#2812 = DIRECTION ( 'NONE',  ( 0.000000000000000000, 0.000000000000000000, 1.000000000000000000 ) ) ;
#2813 = CARTESIAN_POINT ( 'NONE',  ( 37.00000000000000711, -73.57658473601189542, -59.00000000000000000 ) ) ;
#2814 = ADVANCED_FACE ( 'NONE', ( #2501, #894 ), #7297, .F. ) ;
#2815 = CARTESIAN_POINT ( 'NONE',  ( -37.00000000000000711, -56.57658473601188831, -59.00000000000000000 ) ) ;
#2816 = ORIENTED_EDGE ( 'NONE', *, *, #2215, .T. ) ;
#2817 = VECTOR ( 'NONE', #4098, 1000.000000000000000 ) ;
#2818 = AXIS2_PLACEMENT_3D ( 'NONE', #1531, #1032, #3311 ) ;
#2819 = LINE ( 'NONE', #5465, #4235 ) ;
#2820 = DIRECTION ( 'NONE',  ( 0.000000000000000000, 1.000000000000000000, 0.000000000000000000 ) ) ;
#2821 = CARTESIAN_POINT ( 'NONE',  ( 37.00000000000000711, -56.57658473601188831, 29.99999999999973355 ) ) ;
#2822 = ORIENTED_EDGE ( 'NONE', *, *, #3381, .F. ) ;
#2823 = CARTESIAN_POINT ( 'NONE',  ( -34.00000000000000000, 14.99999999999999645, 1.500000000000000000 ) ) ;
#2824 = ORIENTED_EDGE ( 'NONE', *, *, #6741, .F. ) ;
#2825 = ADVANCED_FACE ( 'NONE', ( #715 ), #1194, .T. ) ;
#2826 = VECTOR ( 'NONE', #965, 1000.000000000000000 ) ;
#2827 = CIRCLE ( 'NONE', #353, 1.500000000000001332 ) ;
#2828 = EDGE_CURVE ( 'NONE', #6846, #507, #624, .T. ) ;
#2829 = AXIS2_PLACEMENT_3D ( 'NONE', #7336, #4383, #6712 ) ;
#2830 = DIRECTION ( 'NONE',  ( 1.000000000000000000, 0.000000000000000000, 0.000000000000000000 ) ) ;
#2831 = VERTEX_POINT ( 'NONE', #751 ) ;
#2832 = DIRECTION ( 'NONE',  ( -1.000000000000000000, 0.000000000000000000, 0.000000000000000000 ) ) ;
#2833 = CARTESIAN_POINT ( 'NONE',  ( 34.49999999999998579, 14.99999999999997335, 1.500000000000000000 ) ) ;
#2834 = LINE ( 'NONE', #7402, #3006 ) ;
#2835 = FACE_BOUND ( 'NONE', #6986, .T. ) ;
#2836 = ORIENTED_EDGE ( 'NONE', *, *, #5014, .T. ) ;
#2837 = SECURITY_CLASSIFICATION_LEVEL ( 'unclassified' ) ;
#2838 = EDGE_LOOP ( 'NONE', ( #4993, #2988, #7489, #155 ) ) ;
#2839 = EDGE_CURVE ( 'NONE', #6644, #1341, #4889, .T. ) ;
#2840 = ORIENTED_EDGE ( 'NONE', *, *, #657, .T. ) ;
#2841 = CARTESIAN_POINT ( 'NONE',  ( 31.00000000000000000, -73.57658473601189542, -40.00000000000000000 ) ) ;
#2842 = EDGE_CURVE ( 'NONE', #5820, #1613, #805, .T. ) ;
#2843 = EDGE_LOOP ( 'NONE', ( #3213, #427, #4943, #4790 ) ) ;
#2844 = ORIENTED_EDGE ( 'NONE', *, *, #6878, .F. ) ;
#2845 = APPROVAL ( #4793, 'UNSPECIFIED' ) ;
#2846 = PLANE ( 'NONE',  #1278 ) ;
#2847 = FACE_OUTER_BOUND ( 'NONE', #1144, .T. ) ;
#2848 = ORIENTED_EDGE ( 'NONE', *, *, #1352, .F. ) ;
#2849 = VERTEX_POINT ( 'NONE', #7320 ) ;
#2850 = VERTEX_POINT ( 'NONE', #3062 ) ;
#2851 = DIRECTION ( 'NONE',  ( 0.000000000000000000, 0.000000000000000000, 1.000000000000000000 ) ) ;
#2852 = ORIENTED_EDGE ( 'NONE', *, *, #1839, .F. ) ;
#2853 = CARTESIAN_POINT ( 'NONE',  ( -37.00000000000009237, -73.57658473601189542, 27.00000000000000000 ) ) ;
#2854 = CYLINDRICAL_SURFACE ( 'NONE', #7575, 3.500000000000003109 ) ;
#2855 = AXIS2_PLACEMENT_3D ( 'NONE', #2403, #7821, #7212 ) ;
#2856 = EDGE_LOOP ( 'NONE', ( #3078, #6, #473, #2719, #4599, #4435, #5353, #2343 ) ) ;
#2857 = VERTEX_POINT ( 'NONE', #3089 ) ;
#2858 = CARTESIAN_POINT ( 'NONE',  ( -37.00000000000000711, -73.57658473601189542, -59.00000000000000000 ) ) ;
#2859 = LINE ( 'NONE', #7487, #1071 ) ;
#2860 = LINE ( 'NONE', #2755, #7286 ) ;
#2861 = COORDINATED_UNIVERSAL_TIME_OFFSET ( 2, 0, .AHEAD. ) ;
#2862 = CARTESIAN_POINT ( 'NONE',  ( 0.000000000000000000, 15.49999999999999467, 1.500000000000000000 ) ) ;
#2863 = ORIENTED_EDGE ( 'NONE', *, *, #7374, .T. ) ;
#2864 = AXIS2_PLACEMENT_3D ( 'NONE', #1201, #71, #45 ) ;
#2865 = EDGE_LOOP ( 'NONE', ( #2163, #7178, #5922, #4989 ) ) ;
#2866 = CIRCLE ( 'NONE', #1198, 3.000000000000002665 ) ;
#2867 = CARTESIAN_POINT ( 'NONE',  ( 37.00000000000000711, -73.57658473601189542, -59.00000000000000000 ) ) ;
#2868 = ADVANCED_FACE ( 'NONE', ( #5633 ), #4319, .T. ) ;
#2869 = VECTOR ( 'NONE', #732, 1000.000000000000000 ) ;
#2870 = DIRECTION ( 'NONE',  ( 0.000000000000000000, -0.7071067811865516806, 0.7071067811865434649 ) ) ;
#2871 = CARTESIAN_POINT ( 'NONE',  ( 31.00000000000000000, -56.57658473601188831, 40.00000000000000000 ) ) ;
#2872 = ORIENTED_EDGE ( 'NONE', *, *, #4920, .F. ) ;
#2873 = LINE ( 'NONE', #4980, #1443 ) ;
#2874 = CARTESIAN_POINT ( 'NONE',  ( 37.00000000000009237, -76.73886239618028071, -24.99999999999999645 ) ) ;
#2875 = EDGE_CURVE ( 'NONE', #4473, #6299, #5455, .T. ) ;
#2876 = DIRECTION ( 'NONE',  ( -0.000000000000000000, -1.000000000000000000, -0.000000000000000000 ) ) ;
#2877 = EDGE_CURVE ( 'NONE', #2133, #7663, #5271, .T. ) ;
#2878 = PLANE ( 'NONE',  #3230 ) ;
#2879 = ORIENTED_EDGE ( 'NONE', *, *, #802, .T. ) ;
#2880 = AXIS2_PLACEMENT_3D ( 'NONE', #7232, #4184, #3551 ) ;
#2881 = LINE ( 'NONE', #694, #3231 ) ;
#2882 = DIRECTION ( 'NONE',  ( 0.000000000000000000, -1.000000000000000000, 0.000000000000000000 ) ) ;
#2883 = DIRECTION ( 'NONE',  ( -0.000000000000000000, -1.000000000000000000, -0.000000000000000000 ) ) ;
#2884 = VERTEX_POINT ( 'NONE', #5518 ) ;
#2885 = VECTOR ( 'NONE', #1631, 1000.000000000000000 ) ;
#2886 = EDGE_CURVE ( 'NONE', #6812, #5156, #2037, .T. ) ;
#2887 = EDGE_CURVE ( 'NONE', #6651, #757, #246, .T. ) ;
#2888 = CC_DESIGN_APPROVAL ( #59, ( #7077 ) ) ;
#2889 = CARTESIAN_POINT ( 'NONE',  ( -37.00000000000000711, 0.000000000000000000, 51.00000000000000000 ) ) ;
#2890 = APPROVAL_STATUS ( 'not_yet_approved' ) ;
#2891 = VECTOR ( 'NONE', #2820, 1000.000000000000000 ) ;
#2892 = CARTESIAN_POINT ( 'NONE',  ( -35.00000000000000000, -71.57658473601189542, -54.99999999999994316 ) ) ;
#2893 = CIRCLE ( 'NONE', #873, 3.500000000000003109 ) ;
#2894 = CARTESIAN_POINT ( 'NONE',  ( -40.00000000000000711, -76.57658473601189542, -59.00000000000000000 ) ) ;
#2895 = ORIENTED_EDGE ( 'NONE', *, *, #3548, .T. ) ;
#2896 = EDGE_CURVE ( 'NONE', #2058, #4376, #64, .T. ) ;
#2897 = ORIENTED_EDGE ( 'NONE', *, *, #1117, .F. ) ;
#2898 = CARTESIAN_POINT ( 'NONE',  ( -36.00000000000000711, -56.57658473601188831, 1.000000000000000000 ) ) ;
#2899 = CARTESIAN_POINT ( 'NONE',  ( 36.99999999999999289, 14.99999999999997335, 1.000000000000000000 ) ) ;
#2900 = VERTEX_POINT ( 'NONE', #4374 ) ;
#2901 = LINE ( 'NONE', #932, #6686 ) ;
#2902 = CARTESIAN_POINT ( 'NONE',  ( -37.00000000000000711, -73.57658473601189542, 24.99999999999999289 ) ) ;
#2903 = ADVANCED_FACE ( 'NONE', ( #3061 ), #154, .T. ) ;
#2904 = PERSON_AND_ORGANIZATION ( #1820, #6598 ) ;
#2905 = ORIENTED_EDGE ( 'NONE', *, *, #6314, .T. ) ;
#2906 = LINE ( 'NONE', #2237, #1873 ) ;
#2907 = CARTESIAN_POINT ( 'NONE',  ( 37.00000000000000711, -56.57658473601188831, -1.000000000000000888 ) ) ;
#2908 = ORIENTED_EDGE ( 'NONE', *, *, #1931, .F. ) ;
#2909 = DIRECTION ( 'NONE',  ( -0.3162277660168382187, 0.000000000000000000, 0.9486832980505136570 ) ) ;
#2910 = APPROVAL_STATUS ( 'not_yet_approved' ) ;
#2911 = LINE ( 'NONE', #7507, #4995 ) ;
#2912 = DIRECTION ( 'NONE',  ( 1.000000000000000000, 0.000000000000000000, 0.000000000000000000 ) ) ;
#2913 = LINE ( 'NONE', #4645, #3491 ) ;
#2914 = CARTESIAN_POINT ( 'NONE',  ( -36.00000000000009237, -76.73886239618028071, 27.00000000000000000 ) ) ;
#2915 = EDGE_LOOP ( 'NONE', ( #6763, #774, #2844, #4535 ) ) ;
#2916 = ORIENTED_EDGE ( 'NONE', *, *, #3248, .F. ) ;
#2917 = LINE ( 'NONE', #6144, #830 ) ;
#2918 = CARTESIAN_POINT ( 'NONE',  ( -31.00000000000000000, -46.67708979940022118, 41.50000000000000000 ) ) ;
#2919 = FACE_OUTER_BOUND ( 'NONE', #7154, .T. ) ;
#2920 = ORIENTED_EDGE ( 'NONE', *, *, #2476, .F. ) ;
#2921 = FACE_OUTER_BOUND ( 'NONE', #7239, .T. ) ;
#2922 = EDGE_CURVE ( 'NONE', #6288, #6978, #2597, .T. ) ;
#2923 = VECTOR ( 'NONE', #3707, 1000.000000000000000 ) ;
#2924 = AXIS2_PLACEMENT_3D ( 'NONE', #700, #1869, #3042 ) ;
#2925 = CARTESIAN_POINT ( 'NONE',  ( -37.00000000000000711, -56.57658473601188831, -51.00000000000000000 ) ) ;
#2926 = CARTESIAN_POINT ( 'NONE',  ( 37.00000000000000711, -56.57658473601188831, -1.000000000000000888 ) ) ;
#2927 = CARTESIAN_POINT ( 'NONE',  ( 36.99999999999999289, -14.99999999999998046, -1.000000000000000000 ) ) ;
#2928 = PRODUCT_DEFINITION_SHAPE ( 'NONE', 'NONE',  #7830 ) ;
#2929 = ORIENTED_EDGE ( 'NONE', *, *, #648, .F. ) ;
#2930 = VERTEX_POINT ( 'NONE', #4344 ) ;
#2931 = ORIENTED_EDGE ( 'NONE', *, *, #5153, .T. ) ;
#2932 = VECTOR ( 'NONE', #5927, 1000.000000000000000 ) ;
#2933 = VECTOR ( 'NONE', #7744, 1000.000000000000000 ) ;
#2934 = PERSON_AND_ORGANIZATION_ROLE ( 'design_supplier' ) ;
#2935 = EDGE_CURVE ( 'NONE', #4314, #1520, #7501, .T. ) ;
#2936 = EDGE_CURVE ( 'NONE', #4076, #6149, #153, .T. ) ;
#2937 = ORIENTED_EDGE ( 'NONE', *, *, #7279, .T. ) ;
#2938 = CARTESIAN_POINT ( 'NONE',  ( -31.00000000000000000, -73.57658473601189542, -43.50000000000000711 ) ) ;
#2939 = ORIENTED_EDGE ( 'NONE', *, *, #4875, .T. ) ;
#2940 = APPROVAL ( #4770, 'UNKNOWN' ) ;
#2941 = FACE_OUTER_BOUND ( 'NONE', #1813, .T. ) ;
#2942 = CALENDAR_DATE ( 2022, 27, 1 ) ;
#2943 = DIRECTION ( 'NONE',  ( 1.000000000000000000, 0.000000000000000000, 0.000000000000000000 ) ) ;
#2944 = PLANE ( 'NONE',  #3625 ) ;
#2945 = CARTESIAN_POINT ( 'NONE',  ( -37.00000000000000711, -56.57658473601188831, -59.00000000000000000 ) ) ;
#2946 = ORIENTED_EDGE ( 'NONE', *, *, #2604, .T. ) ;
#2947 = ORIENTED_EDGE ( 'NONE', *, *, #6042, .F. ) ;
#2948 = LINE ( 'NONE', #4847, #131 ) ;
#2949 = AXIS2_PLACEMENT_3D ( 'NONE', #7346, #2539, #6776 ) ;
#2950 = VECTOR ( 'NONE', #4218, 1000.000000000000000 ) ;
#2951 = ORIENTED_EDGE ( 'NONE', *, *, #2168, .F. ) ;
#2952 = DIRECTION ( 'NONE',  ( -1.000000000000000000, 0.000000000000000000, 0.000000000000000000 ) ) ;
#2954 = VECTOR ( 'NONE', #3337, 1000.000000000000000 ) ;
#2953 = DIRECTION ( 'NONE',  ( 0.000000000000000000, 0.000000000000000000, 1.000000000000000000 ) ) ;
#2955 = EDGE_LOOP ( 'NONE', ( #4182, #4527, #7364, #3968 ) ) ;
#2956 = CARTESIAN_POINT ( 'NONE',  ( 37.00000000000000711, -73.57658473601189542, -4.000000000000000888 ) ) ;
#2957 = SECURITY_CLASSIFICATION_LEVEL ( 'unclassified' ) ;
#2958 = VECTOR ( 'NONE', #128, 1000.000000000000000 ) ;
#2959 = CARTESIAN_POINT ( 'NONE',  ( -37.00000000000000711, -73.57658473601189542, 59.00000000000000000 ) ) ;
#2960 = CARTESIAN_POINT ( 'NONE',  ( 0.000000000000000000, 0.000000000000000000, -54.99999999999999289 ) ) ;
#2961 = EDGE_LOOP ( 'NONE', ( #326, #6337, #4513, #5946 ) ) ;
#2962 = FACE_OUTER_BOUND ( 'NONE', #4388, .T. ) ;
#2963 = CARTESIAN_POINT ( 'NONE',  ( -37.00000000000000711, -56.57658473601188831, -54.99999999999999289 ) ) ;
#2964 = DIRECTION ( 'NONE',  ( -1.000000000000000000, 0.000000000000000000, 0.000000000000000000 ) ) ;
#2965 = DIRECTION ( 'NONE',  ( 1.000000000000000000, 0.000000000000000000, 0.000000000000000000 ) ) ;
#2966 = EDGE_CURVE ( 'NONE', #1852, #7655, #6587, .T. ) ;
#2967 = DIRECTION ( 'NONE',  ( 0.000000000000000000, -1.000000000000000000, 0.000000000000000000 ) ) ;
#2968 = AXIS2_PLACEMENT_3D ( 'NONE', #7331, #4952, #4924 ) ;
#2969 = VERTEX_POINT ( 'NONE', #6320 ) ;
#2970 = VECTOR ( 'NONE', #2783, 1000.000000000000000 ) ;
#2971 = CARTESIAN_POINT ( 'NONE',  ( -37.00000000000000711, -73.57658473601189542, -59.00000000000000000 ) ) ;
#2972 = CARTESIAN_POINT ( 'NONE',  ( -40.00000000000000711, -56.57658473601188831, -59.00000000000000000 ) ) ;
#2973 = VERTEX_POINT ( 'NONE', #3214 ) ;
#2974 = EDGE_CURVE ( 'NONE', #5729, #3980, #5448, .T. ) ;
#2975 = FACE_OUTER_BOUND ( 'NONE', #1961, .T. ) ;
#2976 = EDGE_CURVE ( 'NONE', #3325, #2106, #6103, .T. ) ;
#2977 = ORIENTED_EDGE ( 'NONE', *, *, #2461, .T. ) ;
#2978 = CC_DESIGN_SECURITY_CLASSIFICATION ( #4206, ( #2730 ) ) ;
#2979 = CARTESIAN_POINT ( 'NONE',  ( 33.99999999999996447, 15.49999999999999467, 1.500000000000000000 ) ) ;
#2980 = PERSON_AND_ORGANIZATION_ROLE ( 'classification_officer' ) ;
#2981 = LOCAL_TIME ( 13, 37, 31.00000000000000000, #1003 ) ;
#2982 = CARTESIAN_POINT ( 'NONE',  ( -34.50000000000000000, 0.000000000000000000, 1.500000000000000000 ) ) ;
#2983 = EDGE_LOOP ( 'NONE', ( #4796, #5749, #2129, #3921 ) ) ;
#2984 = CARTESIAN_POINT ( 'NONE',  ( -37.00000000000009237, -76.73886239618028071, -27.00000000000000000 ) ) ;
#2986 = ORIENTED_EDGE ( 'NONE', *, *, #1208, .T. ) ;
#2985 = DIRECTION ( 'NONE',  ( -0.000000000000000000, -0.000000000000000000, -1.000000000000000000 ) ) ;
#2987 = CARTESIAN_POINT ( 'NONE',  ( 37.00000000000009237, -73.57658473601189542, -27.00000000000000000 ) ) ;
#2988 = ORIENTED_EDGE ( 'NONE', *, *, #6123, .F. ) ;
#2989 = VECTOR ( 'NONE', #1709, 1000.000000000000000 ) ;
#2990 = EDGE_CURVE ( 'NONE', #7673, #1400, #7033, .T. ) ;
#2991 = CARTESIAN_POINT ( 'NONE',  ( 36.00000000000009237, -76.73886239618028071, -27.00000000000000000 ) ) ;
#2992 = ORIENTED_EDGE ( 'NONE', *, *, #149, .T. ) ;
#2993 = DIRECTION ( 'NONE',  ( 0.000000000000000000, -1.000000000000000000, 0.000000000000000000 ) ) ;
#2994 = EDGE_LOOP ( 'NONE', ( #4035, #7270, #899, #210, #952, #7209, #2627, #289 ) ) ;
#2995 = LINE ( 'NONE', #6959, #6787 ) ;
#2996 = VECTOR ( 'NONE', #5638, 1000.000000000000000 ) ;
#2997 = DIRECTION ( 'NONE',  ( 0.000000000000000000, 0.000000000000000000, 1.000000000000000000 ) ) ;
#2998 = AXIS2_PLACEMENT_3D ( 'NONE', #3091, #6703, #1288 ) ;
#2999 = ORIENTED_EDGE ( 'NONE', *, *, #4497, .T. ) ;
#3000 = CARTESIAN_POINT ( 'NONE',  ( -37.00000000000009237, -56.57658473601188831, -27.00000000000000000 ) ) ;
#3001 = FACE_OUTER_BOUND ( 'NONE', #344, .T. ) ;
#3002 = VECTOR ( 'NONE', #4777, 1000.000000000000000 ) ;
#3003 = CARTESIAN_POINT ( 'NONE',  ( 37.00000000000009237, -73.57658473601189542, 24.99999999999999645 ) ) ;
#3004 = ORIENTED_EDGE ( 'NONE', *, *, #5433, .F. ) ;
#3005 = DIRECTION ( 'NONE',  ( 0.000000000000000000, -1.000000000000000000, 0.000000000000000000 ) ) ;
#3006 = VECTOR ( 'NONE', #5043, 1000.000000000000000 ) ;
#3007 = CARTESIAN_POINT ( 'NONE',  ( -36.00000000000009237, -56.57658473601188831, -27.00000000000000000 ) ) ;
#3008 = FACE_OUTER_BOUND ( 'NONE', #1431, .T. ) ;
#3009 = EDGE_CURVE ( 'NONE', #7463, #3898, #4978, .T. ) ;
#3010 = AXIS2_PLACEMENT_3D ( 'NONE', #180, #779, #1937 ) ;
#3011 = ORIENTED_EDGE ( 'NONE', *, *, #6180, .F. ) ;
#3012 = ORIENTED_EDGE ( 'NONE', *, *, #5287, .F. ) ;
#3013 = ORIENTED_EDGE ( 'NONE', *, *, #7698, .T. ) ;
#3014 = DIRECTION ( 'NONE',  ( -1.000000000000000000, -0.000000000000000000, -0.000000000000000000 ) ) ;
#3015 = VERTEX_POINT ( 'NONE', #6240 ) ;
#3016 = CYLINDRICAL_SURFACE ( 'NONE', #4868, 1.499999999999994449 ) ;
#3017 = PLANE ( 'NONE',  #4316 ) ;
#3018 = EDGE_LOOP ( 'NONE', ( #6437, #4232, #3189, #2824 ) ) ;
#3019 = VERTEX_POINT ( 'NONE', #5011 ) ;
#3020 = EDGE_CURVE ( 'NONE', #6613, #5024, #7799, .T. ) ;
#3021 = ORIENTED_EDGE ( 'NONE', *, *, #1877, .F. ) ;
#3022 = EDGE_CURVE ( 'NONE', #1852, #5226, #1848, .T. ) ;
#3023 = VERTEX_POINT ( 'NONE', #1486 ) ;
#3024 = AXIS2_PLACEMENT_3D ( 'NONE', #4193, #5421, #4806 ) ;
#3025 = DIRECTION ( 'NONE',  ( 0.000000000000000000, 1.000000000000000000, 0.000000000000000000 ) ) ;
#3026 = FACE_OUTER_BOUND ( 'NONE', #6518, .T. ) ;
#3027 = DATE_AND_TIME ( #2942, #4850 ) ;
#3028 = DIRECTION ( 'NONE',  ( 0.000000000000000000, -1.000000000000000000, 0.000000000000000000 ) ) ;
#3029 = ORIENTED_EDGE ( 'NONE', *, *, #3504, .T. ) ;
#3030 = FACE_OUTER_BOUND ( 'NONE', #7008, .T. ) ;
#3031 = SECURITY_CLASSIFICATION_LEVEL ( 'unclassified' ) ;
#3032 = VECTOR ( 'NONE', #4728, 1000.000000000000000 ) ;
#3033 = EDGE_CURVE ( 'NONE', #18, #2621, #1189, .T. ) ;
#3034 = EDGE_CURVE ( 'NONE', #663, #491, #4882, .T. ) ;
#3035 = COORDINATED_UNIVERSAL_TIME_OFFSET ( 2, 0, .AHEAD. ) ;
#3036 = DIRECTION ( 'NONE',  ( 0.000000000000000000, 0.000000000000000000, -1.000000000000000000 ) ) ;
#3037 = ORIENTED_EDGE ( 'NONE', *, *, #3593, .F. ) ;
#3038 = ORIENTED_EDGE ( 'NONE', *, *, #7491, .T. ) ;
#3039 = VECTOR ( 'NONE', #6887, 1000.000000000000114 ) ;
#3040 = LINE ( 'NONE', #5868, #3875 ) ;
#3041 = DIRECTION ( 'NONE',  ( 0.000000000000000000, 1.000000000000000000, 0.000000000000000000 ) ) ;
#3042 = DIRECTION ( 'NONE',  ( 0.000000000000000000, 0.000000000000000000, -1.000000000000000000 ) ) ;
#3043 = DESIGN_CONTEXT ( 'detailed design', #3446, 'design' ) ;
#3044 = DIRECTION ( 'NONE',  ( 0.000000000000000000, -0.000000000000000000, -1.000000000000000000 ) ) ;
#3045 = ORIENTED_EDGE ( 'NONE', *, *, #597, .T. ) ;
#3046 = AXIS2_PLACEMENT_3D ( 'NONE', #2858, #3569, #4198 ) ;
#3047 = LINE ( 'NONE', #6976, #428 ) ;
#3048 = DIRECTION ( 'NONE',  ( 0.000000000000000000, 1.000000000000000000, 0.000000000000000000 ) ) ;
#3049 = CARTESIAN_POINT ( 'NONE',  ( 31.00000000000000000, -73.57658473601189542, -41.49999999999999289 ) ) ;
#3050 = ORIENTED_EDGE ( 'NONE', *, *, #5934, .F. ) ;
#3051 = CYLINDRICAL_SURFACE ( 'NONE', #6244, 1.499999999999994449 ) ;
#3052 = CARTESIAN_POINT ( 'NONE',  ( 0.000000000000000000, 15.49999999999999467, 1.500000000000000000 ) ) ;
#3053 = DATE_TIME_ROLE ( 'classification_date' ) ;
#3054 = ORIENTED_EDGE ( 'NONE', *, *, #4053, .F. ) ;
#3055 = DIRECTION ( 'NONE',  ( 0.000000000000000000, -1.000000000000000000, 0.000000000000000000 ) ) ;
#3056 = LINE ( 'NONE', #7450, #2214 ) ;
#3057 = CARTESIAN_POINT ( 'NONE',  ( 37.00000000000009237, -73.57658473601189542, 30.00000000000000000 ) ) ;
#3058 = FACE_OUTER_BOUND ( 'NONE', #35, .T. ) ;
#3059 = DIRECTION ( 'NONE',  ( 0.000000000000000000, 0.000000000000000000, -1.000000000000000000 ) ) ;
#3060 = DIRECTION ( 'NONE',  ( -0.9486832980505137680, 0.000000000000000000, -0.3162277660168382742 ) ) ;
#3061 = FACE_OUTER_BOUND ( 'NONE', #516, .T. ) ;
#3062 = CARTESIAN_POINT ( 'NONE',  ( -35.00000000000000000, -56.57658473601188831, -54.99999999999999289 ) ) ;
#3063 = EDGE_CURVE ( 'NONE', #1552, #2180, #3056, .T. ) ;
#3064 = VERTEX_POINT ( 'NONE', #2590 ) ;
#3065 = CARTESIAN_POINT ( 'NONE',  ( 0.000000000000000000, -56.57658473601188831, -53.00000000000000000 ) ) ;
#3066 = PLANE ( 'NONE',  #6696 ) ;
#3067 = ORIENTED_EDGE ( 'NONE', *, *, #5029, .F. ) ;
#3068 = DIRECTION ( 'NONE',  ( 0.000000000000000000, 1.000000000000000000, 0.000000000000000000 ) ) ;
#3069 = EDGE_LOOP ( 'NONE', ( #1047, #6609, #114, #2316, #6586, #4890, #5319, #5810 ) ) ;
#3070 = CARTESIAN_POINT ( 'NONE',  ( 37.00000000000000711, -73.57658473601189542, -59.00000000000000000 ) ) ;
#3071 = ORIENTED_EDGE ( 'NONE', *, *, #5986, .F. ) ;
#3072 = VECTOR ( 'NONE', #7428, 1000.000000000000114 ) ;
#3073 = ORIENTED_EDGE ( 'NONE', *, *, #1789, .T. ) ;
#3074 = PERSON_AND_ORGANIZATION ( #1820, #6598 ) ;
#3075 = EDGE_CURVE ( 'NONE', #1972, #6146, #3145, .T. ) ;
#3076 = EDGE_CURVE ( 'NONE', #5410, #6916, #7705, .T. ) ;
#3077 = CC_DESIGN_PERSON_AND_ORGANIZATION_ASSIGNMENT ( #6456, #1146, ( #5672 ) ) ;
#3078 = ORIENTED_EDGE ( 'NONE', *, *, #3833, .F. ) ;
#3079 = CARTESIAN_POINT ( 'NONE',  ( 35.00000000000000000, -71.57658473601189542, 54.99999999999999289 ) ) ;
#3080 = LINE ( 'NONE', #1360, #7727 ) ;
#3081 = DIRECTION ( 'NONE',  ( 1.000000000000000000, 0.000000000000000000, 0.000000000000000000 ) ) ;
#3082 = DIRECTION ( 'NONE',  ( -1.000000000000000000, 0.000000000000000000, 0.000000000000000000 ) ) ;
#3083 = DIRECTION ( 'NONE',  ( -0.000000000000000000, 1.000000000000000000, -0.000000000000000000 ) ) ;
#3084 = ORIENTED_EDGE ( 'NONE', *, *, #7132, .F. ) ;
#3085 = AXIS2_PLACEMENT_3D ( 'NONE', #1918, #3694, #2516 ) ;
#3086 = VECTOR ( 'NONE', #3716, 1000.000000000000000 ) ;
#3087 = CARTESIAN_POINT ( 'NONE',  ( 38.00000000000002842, 0.000000000000000000, 57.99999999999999289 ) ) ;
#3088 = CIRCLE ( 'NONE', #7520, 3.000000000000002665 ) ;
#3089 = CARTESIAN_POINT ( 'NONE',  ( 37.00000000000000711, -73.57658473601189542, -1.000000000000001332 ) ) ;
#3090 = CARTESIAN_POINT ( 'NONE',  ( 31.00000000000000000, -73.57658473601189542, 36.50000000000000000 ) ) ;
#3091 = CARTESIAN_POINT ( 'NONE',  ( -31.00000000000000000, -56.57658473601188831, 40.00000000000000000 ) ) ;
#3092 = VERTEX_POINT ( 'NONE', #2644 ) ;
#3093 = ORIENTED_EDGE ( 'NONE', *, *, #7531, .F. ) ;
#3094 = VECTOR ( 'NONE', #3817, 1000.000000000000000 ) ;
#3095 = CARTESIAN_POINT ( 'NONE',  ( -37.00000000000000711, -73.57658473601189542, -59.00000000000000000 ) ) ;
#3096 = FACE_OUTER_BOUND ( 'NONE', #6833, .T. ) ;
#3097 = CARTESIAN_POINT ( 'NONE',  ( -37.00000000000000711, 14.99999999999997513, -1.000000000000000000 ) ) ;
#3098 = PLANE ( 'NONE',  #1769 ) ;
#3099 = ORIENTED_EDGE ( 'NONE', *, *, #464, .T. ) ;
#3100 = VECTOR ( 'NONE', #4648, 1000.000000000000000 ) ;
#3101 = FACE_OUTER_BOUND ( 'NONE', #1272, .T. ) ;
#3102 = CARTESIAN_POINT ( 'NONE',  ( -37.00000000000000711, -73.57658473601189542, -59.00000000000000000 ) ) ;
#3103 = DIRECTION ( 'NONE',  ( 0.000000000000000000, 0.000000000000000000, 1.000000000000000000 ) ) ;
#3104 = ORIENTED_EDGE ( 'NONE', *, *, #7794, .F. ) ;
#3105 = ORIENTED_EDGE ( 'NONE', *, *, #6219, .F. ) ;
#3106 = DIRECTION ( 'NONE',  ( 0.3162277660168382187, 0.000000000000000000, -0.9486832980505136570 ) ) ;
#3107 = VERTEX_POINT ( 'NONE', #6871 ) ;
#3108 = EDGE_CURVE ( 'NONE', #4888, #124, #1279, .T. ) ;
#3109 = ORIENTED_EDGE ( 'NONE', *, *, #1827, .T. ) ;
#3110 = EDGE_CURVE ( 'NONE', #5025, #6512, #6386, .T. ) ;
#3111 = LINE ( 'NONE', #6765, #7465 ) ;
#3112 = DIRECTION ( 'NONE',  ( 0.000000000000000000, 1.000000000000000000, 0.000000000000000000 ) ) ;
#3113 = VERTEX_POINT ( 'NONE', #7053 ) ;
#3114 = VERTEX_POINT ( 'NONE', #6974 ) ;
#3115 = CARTESIAN_POINT ( 'NONE',  ( 37.00000000000000711, -73.57658473601189542, 51.00000000000000000 ) ) ;
#3116 = ORIENTED_EDGE ( 'NONE', *, *, #2786, .F. ) ;
#3117 = LINE ( 'NONE', #4111, #6640 ) ;
#3118 = PERSON_AND_ORGANIZATION ( #1967, #302 ) ;
#3119 = DIRECTION ( 'NONE',  ( 1.000000000000000000, 0.000000000000000000, 8.673617379884027583E-16 ) ) ;
#3120 = EDGE_CURVE ( 'NONE', #4286, #6397, #6849, .T. ) ;
#3121 = EDGE_CURVE ( 'NONE', #4227, #1417, #5824, .T. ) ;
#3122 = VERTEX_POINT ( 'NONE', #357 ) ;
#3123 = APPROVAL ( #2910, 'UNSPECIFIED' ) ;
#3124 = CARTESIAN_POINT ( 'NONE',  ( 0.000000000000000000, 0.000000000000000000, 51.00000000000000000 ) ) ;
#3125 = ORIENTED_EDGE ( 'NONE', *, *, #7390, .F. ) ;
#3127 = CIRCLE ( 'NONE', #3638, 0.5000000000000004441 ) ;
#3126 = PLANE ( 'NONE',  #248 ) ;
#3128 = LINE ( 'NONE', #7317, #1347 ) ;
#3129 = ADVANCED_FACE ( 'NONE', ( #5628 ), #5142, .T. ) ;
#3130 = ORIENTED_EDGE ( 'NONE', *, *, #3148, .F. ) ;
#3131 = DIRECTION ( 'NONE',  ( 1.000000000000000000, 0.000000000000000000, 0.000000000000000000 ) ) ;
#3132 = VECTOR ( 'NONE', #3824, 1000.000000000000000 ) ;
#3133 = EDGE_CURVE ( 'NONE', #1243, #5630, #6667, .T. ) ;
#3134 = PLANE ( 'NONE',  #7304 ) ;
#3135 = AXIS2_PLACEMENT_3D ( 'NONE', #5724, #7561, #2101 ) ;
#3136 = VERTEX_POINT ( 'NONE', #3380 ) ;
#3137 = VECTOR ( 'NONE', #743, 1000.000000000000000 ) ;
#3138 = DIRECTION ( 'NONE',  ( 0.000000000000000000, 0.000000000000000000, 1.000000000000000000 ) ) ;
#3139 = CARTESIAN_POINT ( 'NONE',  ( 37.00000000000009237, -73.57658473601189542, 24.99999999999999645 ) ) ;
#3140 = ORIENTED_EDGE ( 'NONE', *, *, #1979, .F. ) ;
#3141 = VECTOR ( 'NONE', #6186, 1000.000000000000000 ) ;
#3142 = CARTESIAN_POINT ( 'NONE',  ( -31.00000000000000000, -73.57658473601189542, -40.00000000000000000 ) ) ;
#3143 = DIRECTION ( 'NONE',  ( 0.000000000000000000, 0.000000000000000000, -1.000000000000000000 ) ) ;
#3144 = VERTEX_POINT ( 'NONE', #386 ) ;
#3145 = LINE ( 'NONE', #4496, #618 ) ;
#3146 = ORIENTED_EDGE ( 'NONE', *, *, #247, .F. ) ;
#3147 = PLANE ( 'NONE',  #6484 ) ;
#3148 = EDGE_CURVE ( 'NONE', #7519, #1388, #798, .T. ) ;
#3149 = CARTESIAN_POINT ( 'NONE',  ( 31.00000000000000000, -46.67708979940022118, -38.50000000000000711 ) ) ;
#3150 = ORIENTED_EDGE ( 'NONE', *, *, #5614, .F. ) ;
#3151 = FACE_OUTER_BOUND ( 'NONE', #650, .T. ) ;
#3152 = DIRECTION ( 'NONE',  ( 0.000000000000000000, 0.000000000000000000, -1.000000000000000000 ) ) ;
#3153 = VERTEX_POINT ( 'NONE', #3347 ) ;
#3154 = FACE_BOUND ( 'NONE', #5418, .T. ) ;
#3155 = EDGE_CURVE ( 'NONE', #2036, #3297, #5263, .T. ) ;
#3156 = APPROVAL_PERSON_ORGANIZATION ( #5171, #711, #2275 ) ;
#3157 = DIRECTION ( 'NONE',  ( 0.7071067811865507924, 0.000000000000000000, 0.7071067811865442421 ) ) ;
#3158 = ADVANCED_FACE ( 'NONE', ( #3236 ), #5862, .T. ) ;
#3159 = CARTESIAN_POINT ( 'NONE',  ( 37.00000000000000711, -56.57658473601188831, 52.99999999999999289 ) ) ;
#3160 = EDGE_LOOP ( 'NONE', ( #5586, #3993, #6056, #6139 ) ) ;
#3161 = EDGE_CURVE ( 'NONE', #971, #2603, #989, .T. ) ;
#3162 = VERTEX_POINT ( 'NONE', #1512 ) ;
#3163 = DIRECTION ( 'NONE',  ( 0.000000000000000000, 0.000000000000000000, -1.000000000000000000 ) ) ;
#3164 = EDGE_CURVE ( 'NONE', #1302, #4227, #1663, .T. ) ;
#3165 = ORIENTED_EDGE ( 'NONE', *, *, #4351, .F. ) ;
#3166 = AXIS2_PLACEMENT_3D ( 'NONE', #622, #4295, #5563 ) ;
#3167 = CARTESIAN_POINT ( 'NONE',  ( 0.000000000000000000, -56.57658473601188831, -53.00000000000000000 ) ) ;
#3168 = VECTOR ( 'NONE', #6119, 1000.000000000000000 ) ;
#3169 = ORIENTED_EDGE ( 'NONE', *, *, #5434, .F. ) ;
#3170 = DIRECTION ( 'NONE',  ( -0.000000000000000000, -1.000000000000000000, 0.000000000000000000 ) ) ;
#3171 = EDGE_LOOP ( 'NONE', ( #3975, #1119, #5937, #2268 ) ) ;
#3172 = LINE ( 'NONE', #1722, #2817 ) ;
#3173 = EDGE_CURVE ( 'NONE', #7509, #4988, #3342, .T. ) ;
#3174 = AXIS2_PLACEMENT_3D ( 'NONE', #1551, #403, #3896 ) ;
#3175 = FACE_OUTER_BOUND ( 'NONE', #5026, .T. ) ;
#3176 = PLANE ( 'NONE',  #1589 ) ;
#3177 = VERTEX_POINT ( 'NONE', #5745 ) ;
#3178 = LINE ( 'NONE', #7527, #2826 ) ;
#3179 = DIRECTION ( 'NONE',  ( 0.000000000000000000, 0.000000000000000000, 1.000000000000000000 ) ) ;
#3180 = LINE ( 'NONE', #5926, #3271 ) ;
#3181 = ORIENTED_EDGE ( 'NONE', *, *, #4663, .F. ) ;
#3182 = DIRECTION ( 'NONE',  ( 0.000000000000000000, -1.000000000000000000, 0.000000000000000000 ) ) ;
#3183 = CARTESIAN_POINT ( 'NONE',  ( -37.00000000000000711, 0.000000000000000000, -51.00000000000000000 ) ) ;
#3184 = LINE ( 'NONE', #5088, #1314 ) ;
#3185 = DIRECTION ( 'NONE',  ( 0.000000000000000000, -1.000000000000000000, 0.000000000000000000 ) ) ;
#3186 = LINE ( 'NONE', #6687, #4927 ) ;
#3187 = ORIENTED_EDGE ( 'NONE', *, *, #959, .F. ) ;
#3188 = ORIENTED_EDGE ( 'NONE', *, *, #7074, .T. ) ;
#3189 = ORIENTED_EDGE ( 'NONE', *, *, #1364, .T. ) ;
#3190 = LINE ( 'NONE', #6250, #6235 ) ;
#3191 = DIRECTION ( 'NONE',  ( -0.000000000000000000, 0.000000000000000000, 1.000000000000000000 ) ) ;
#3192 = PERSON_AND_ORGANIZATION ( #1820, #6598 ) ;
#3193 = CARTESIAN_POINT ( 'NONE',  ( -37.00000000000000711, -73.57658473601189542, -51.00000000000000000 ) ) ;
#3194 = ORIENTED_EDGE ( 'NONE', *, *, #6124, .T. ) ;
#3195 = AXIS2_PLACEMENT_3D ( 'NONE', #2801, #7022, #1650 ) ;
#3196 = ADVANCED_FACE ( 'NONE', ( #4212 ), #984, .T. ) ;
#3197 = ORIENTED_EDGE ( 'NONE', *, *, #1678, .T. ) ;
#3198 = ORIENTED_EDGE ( 'NONE', *, *, #6682, .F. ) ;
#3199 = ORIENTED_EDGE ( 'NONE', *, *, #2572, .F. ) ;
#3200 = ORIENTED_EDGE ( 'NONE', *, *, #1509, .T. ) ;
#3201 = LINE ( 'NONE', #2979, #6816 ) ;
#3202 = COORDINATED_UNIVERSAL_TIME_OFFSET ( 2, 0, .AHEAD. ) ;
#3203 = CARTESIAN_POINT ( 'NONE',  ( -34.00000000000000000, 14.99999999999999645, -1.000000000000000000 ) ) ;
#3204 = CARTESIAN_POINT ( 'NONE',  ( 33.99999999999996447, 17.99999999999999645, 1.000000000000000000 ) ) ;
#3205 = ORIENTED_EDGE ( 'NONE', *, *, #3923, .T. ) ;
#3206 = EDGE_CURVE ( 'NONE', #668, #3407, #2589, .T. ) ;
#3207 = LINE ( 'NONE', #4785, #3887 ) ;
#3208 = AXIS2_PLACEMENT_3D ( 'NONE', #4287, #3131, #2556 ) ;
#3209 = VECTOR ( 'NONE', #3589, 1000.000000000000000 ) ;
#3211 = DIRECTION ( 'NONE',  ( 0.000000000000000000, 0.000000000000000000, 1.000000000000000000 ) ) ;
#3210 = LOCAL_TIME ( 13, 37, 31.00000000000000000, #6595 ) ;
#3212 = DIRECTION ( 'NONE',  ( -0.3162277660168382187, 0.000000000000000000, 0.9486832980505136570 ) ) ;
#3213 = ORIENTED_EDGE ( 'NONE', *, *, #149, .F. ) ;
#3214 = CARTESIAN_POINT ( 'NONE',  ( 35.00000000000000000, -56.57658473601188831, -51.00000000000000000 ) ) ;
#3215 = CARTESIAN_POINT ( 'NONE',  ( -31.00000000000000000, -73.57658473601189542, 36.50000000000000000 ) ) ;
#3216 = ORIENTED_EDGE ( 'NONE', *, *, #3452, .T. ) ;
#3217 = EDGE_LOOP ( 'NONE', ( #7151, #5653, #756, #976 ) ) ;
#3218 = CARTESIAN_POINT ( 'NONE',  ( 31.00000000000000000, -73.57658473601189542, -38.50000000000000711 ) ) ;
#3219 = COORDINATED_UNIVERSAL_TIME_OFFSET ( 2, 0, .AHEAD. ) ;
#3220 = VECTOR ( 'NONE', #937, 1000.000000000000000 ) ;
#3221 = EDGE_CURVE ( 'NONE', #5567, #7306, #5058, .T. ) ;
#3222 = EDGE_CURVE ( 'NONE', #6892, #7362, #3822, .T. ) ;
#3223 = CC_DESIGN_PERSON_AND_ORGANIZATION_ASSIGNMENT ( #3118, #1836, ( #7482 ) ) ;
#3224 = CARTESIAN_POINT ( 'NONE',  ( 35.00000000000000000, -71.57658473601189542, 53.00000000000000000 ) ) ;
#3225 = CARTESIAN_POINT ( 'NONE',  ( 35.00000000000000000, -56.57658473601188831, 54.99999999999999289 ) ) ;
#3226 = ORIENTED_EDGE ( 'NONE', *, *, #2990, .F. ) ;
#3227 = LINE ( 'NONE', #3476, #6363 ) ;
#3228 = EDGE_LOOP ( 'NONE', ( #4710, #3356, #2916, #7638 ) ) ;
#3229 = CARTESIAN_POINT ( 'NONE',  ( -31.00000000000000000, -46.67708979940022118, 40.00000000000000000 ) ) ;
#3230 = AXIS2_PLACEMENT_3D ( 'NONE', #4651, #7121, #5327 ) ;
#3231 = VECTOR ( 'NONE', #5534, 1000.000000000000000 ) ;
#3232 = CARTESIAN_POINT ( 'NONE',  ( 37.00000000000000711, -73.57658473601189542, -59.00000000000000000 ) ) ;
#3233 = EDGE_LOOP ( 'NONE', ( #5441, #3205, #48, #5242, #5964, #5223, #4067, #7205 ) ) ;
#3234 = PLANE ( 'NONE',  #740 ) ;
#3235 = ADVANCED_FACE ( 'NONE', ( #56 ), #1015, .T. ) ;
#3236 = FACE_OUTER_BOUND ( 'NONE', #3345, .T. ) ;
#3237 = CARTESIAN_POINT ( 'NONE',  ( 0.000000000000000000, -56.57658473601188831, -53.00000000000000000 ) ) ;
#3238 = DIRECTION ( 'NONE',  ( -1.000000000000000000, 0.000000000000000000, 0.000000000000000000 ) ) ;
#3239 = VECTOR ( 'NONE', #617, 1000.000000000000000 ) ;
#3240 = VERTEX_POINT ( 'NONE', #4634 ) ;
#3241 = VECTOR ( 'NONE', #3763, 1000.000000000000000 ) ;
#3242 = DIRECTION ( 'NONE',  ( 0.000000000000000000, 1.000000000000000000, 0.000000000000000000 ) ) ;
#3243 = VERTEX_POINT ( 'NONE', #2899 ) ;
#3244 = CARTESIAN_POINT ( 'NONE',  ( 40.00000000000000711, -56.57658473601188831, 59.00000000000000000 ) ) ;
#3245 = DIRECTION ( 'NONE',  ( -0.7071067811865442421, -0.000000000000000000, 0.7071067811865507924 ) ) ;
#3246 = ORIENTED_EDGE ( 'NONE', *, *, #5608, .T. ) ;
#3247 = ORIENTED_EDGE ( 'NONE', *, *, #5582, .T. ) ;
#3248 = EDGE_CURVE ( 'NONE', #7545, #6108, #6017, .T. ) ;
#3249 = ORIENTED_EDGE ( 'NONE', *, *, #7075, .F. ) ;
#3250 = VECTOR ( 'NONE', #5290, 1000.000000000000114 ) ;
#3251 = AXIS2_PLACEMENT_3D ( 'NONE', #7111, #4080, #4629 ) ;
#3252 = PLANE ( 'NONE',  #5759 ) ;
#3253 = ADVANCED_FACE ( 'NONE', ( #2685 ), #1502, .F. ) ;
#3254 = PERSON_AND_ORGANIZATION ( #1820, #6598 ) ;
#3255 = DIRECTION ( 'NONE',  ( 0.000000000000000000, 1.000000000000000000, 0.000000000000000000 ) ) ;
#3256 = DIRECTION ( 'NONE',  ( -1.000000000000000000, 0.000000000000000000, -0.000000000000000000 ) ) ;
#3257 = VERTEX_POINT ( 'NONE', #5135 ) ;
#3258 = CLOSED_SHELL ( 'NONE', ( #321, #2761, #2122, #3339, #7005, #3966, #6953, #3813, #3858, #765, #1462, #5878, #4480, #947, #5637, #6788, #6875, #5303, #3945 ) ) ;
#3259 = CIRCLE ( 'NONE', #5584, 3.500000000000003109 ) ;
#3260 = CARTESIAN_POINT ( 'NONE',  ( 36.00000000000000711, -56.57658473601188831, 1.000000000000000000 ) ) ;
#3261 = DIRECTION ( 'NONE',  ( 1.000000000000000000, 0.000000000000000000, 0.000000000000000000 ) ) ;
#3262 = EDGE_CURVE ( 'NONE', #7403, #4977, #6281, .T. ) ;
#3263 = CARTESIAN_POINT ( 'NONE',  ( 37.00000000000009237, -76.73886239618028071, -22.00000000000000000 ) ) ;
#3264 = EDGE_CURVE ( 'NONE', #5678, #6699, #1091, .T. ) ;
#3265 = ADVANCED_FACE ( 'NONE', ( #3456 ), #2716, .F. ) ;
#3266 = PRODUCT_DEFINITION_FORMATION_WITH_SPECIFIED_SOURCE ( 'ANY', '', #6074, .NOT_KNOWN. ) ;
#3267 = CARTESIAN_POINT ( 'NONE',  ( 25.33333333333340676, -61.90991806934531638, 45.33333333333325754 ) ) ;
#3268 = ORIENTED_EDGE ( 'NONE', *, *, #7280, .T. ) ;
#3269 = ORIENTED_EDGE ( 'NONE', *, *, #5334, .F. ) ;
#3270 = FACE_OUTER_BOUND ( 'NONE', #1904, .T. ) ;
#3271 = VECTOR ( 'NONE', #503, 1000.000000000000000 ) ;
#3272 = CARTESIAN_POINT ( 'NONE',  ( -35.00000000000000000, -56.57658473601188831, -53.00000000000000000 ) ) ;
#3273 = DIRECTION ( 'NONE',  ( -0.000000000000000000, -1.000000000000000000, -0.000000000000000000 ) ) ;
#3274 = CARTESIAN_POINT ( 'NONE',  ( -40.00000000000000711, -56.57658473601188831, -59.00000000000000000 ) ) ;
#3275 = CARTESIAN_POINT ( 'NONE',  ( -37.00000000000000711, -73.57658473601189542, -59.00000000000000000 ) ) ;
#3276 = VERTEX_POINT ( 'NONE', #3204 ) ;
#3277 = CARTESIAN_POINT ( 'NONE',  ( -34.00000000000000000, -15.00000000000000355, 1.000000000000000000 ) ) ;
#3278 = EDGE_CURVE ( 'NONE', #2850, #2640, #2781, .T. ) ;
#3279 = ADVANCED_FACE ( 'NONE', ( #335 ), #2633, .F. ) ;
#3280 = VECTOR ( 'NONE', #7300, 1000.000000000000000 ) ;
#3281 = VECTOR ( 'NONE', #4248, 1000.000000000000000 ) ;
#3282 = ORIENTED_EDGE ( 'NONE', *, *, #1274, .T. ) ;
#3283 = CARTESIAN_POINT ( 'NONE',  ( 37.00000000000009237, -56.57658473601188831, 27.00000000000000000 ) ) ;
#3284 = FACE_OUTER_BOUND ( 'NONE', #4500, .T. ) ;
#3285 = VECTOR ( 'NONE', #1190, 1000.000000000000000 ) ;
#3286 = VERTEX_POINT ( 'NONE', #5054 ) ;
#3287 = DIRECTION ( 'NONE',  ( 0.000000000000000000, 0.000000000000000000, 1.000000000000000000 ) ) ;
#3288 = ORIENTED_EDGE ( 'NONE', *, *, #5104, .T. ) ;
#3289 = ORIENTED_EDGE ( 'NONE', *, *, #4003, .F. ) ;
#3290 = CARTESIAN_POINT ( 'NONE',  ( 37.00000000000000711, -56.57658473601188831, -59.00000000000000000 ) ) ;
#3291 = CARTESIAN_POINT ( 'NONE',  ( 37.00000000000000711, -73.57658473601189542, -59.00000000000000000 ) ) ;
#3292 = ORIENTED_EDGE ( 'NONE', *, *, #2711, .F. ) ;
#3293 = DIRECTION ( 'NONE',  ( 1.000000000000000000, 0.000000000000000000, 0.000000000000000000 ) ) ;
#3294 = DATE_AND_TIME ( #5682, #4078 ) ;
#3295 = LINE ( 'NONE', #2341, #1721 ) ;
#3296 = ADVANCED_FACE ( 'NONE', ( #4203 ), #5077, .F. ) ;
#3297 = VERTEX_POINT ( 'NONE', #3872 ) ;
#3298 = ORIENTED_EDGE ( 'NONE', *, *, #5830, .F. ) ;
#3299 = DIRECTION ( 'NONE',  ( 0.000000000000000000, 0.000000000000000000, -1.000000000000000000 ) ) ;
#3300 = ORIENTED_EDGE ( 'NONE', *, *, #105, .T. ) ;
#3301 = DIRECTION ( 'NONE',  ( 1.000000000000000000, 0.000000000000000000, 0.000000000000000000 ) ) ;
#3302 = CARTESIAN_POINT ( 'NONE',  ( -37.00000000000000711, -73.57658473601189542, -53.00000000000000000 ) ) ;
#3303 = DIRECTION ( 'NONE',  ( 0.000000000000000000, 0.000000000000000000, -1.000000000000000000 ) ) ;
#3304 = LOCAL_TIME ( 13, 37, 31.00000000000000000, #3420 ) ;
#3305 = DIRECTION ( 'NONE',  ( 0.000000000000000000, 0.000000000000000000, 1.000000000000000000 ) ) ;
#3306 = APPROVAL_PERSON_ORGANIZATION ( #3118, #1076, #13 ) ;
#3307 = ADVANCED_FACE ( 'NONE', ( #3643 ), #893, .F. ) ;
#3308 = ORIENTED_EDGE ( 'NONE', *, *, #1268, .T. ) ;
#3309 = ORIENTED_EDGE ( 'NONE', *, *, #4392, .F. ) ;
#3310 = VECTOR ( 'NONE', #3048, 1000.000000000000000 ) ;
#3311 = DIRECTION ( 'NONE',  ( 0.000000000000000000, 0.000000000000000000, -1.000000000000000000 ) ) ;
#3312 = VECTOR ( 'NONE', #4644, 1000.000000000000000 ) ;
#3313 = DIRECTION ( 'NONE',  ( 0.000000000000000000, -0.000000000000000000, -1.000000000000000000 ) ) ;
#3314 = CARTESIAN_POINT ( 'NONE',  ( 0.000000000000000000, 0.000000000000000000, -51.00000000000000000 ) ) ;
#3315 = EDGE_CURVE ( 'NONE', #6570, #2082, #3819, .T. ) ;
#3316 = EDGE_LOOP ( 'NONE', ( #2415, #5670, #2872, #442 ) ) ;
#3317 = AXIS2_PLACEMENT_3D ( 'NONE', #101, #3060, #5537 ) ;
#3318 = CIRCLE ( 'NONE', #4958, 3.000000000000002665 ) ;
#3319 = DIRECTION ( 'NONE',  ( -1.000000000000000000, 0.000000000000000000, 0.000000000000000000 ) ) ;
#3320 = ADVANCED_FACE ( 'NONE', ( #432 ), #2666, .F. ) ;
#3321 = CARTESIAN_POINT ( 'NONE',  ( 34.48502089982676466, 42.52553113401300067, 58.73715668061539930 ) ) ;
#3322 = CARTESIAN_POINT ( 'NONE',  ( 35.00000000000000000, -56.57658473601188831, -54.99999999999994316 ) ) ;
#3323 = DIRECTION ( 'NONE',  ( 0.000000000000000000, 1.000000000000000000, 0.000000000000000000 ) ) ;
#3324 = CARTESIAN_POINT ( 'NONE',  ( -37.00000000000000711, -73.57658473601189542, -59.00000000000000000 ) ) ;
#3325 = VERTEX_POINT ( 'NONE', #5656 ) ;
#3326 = VECTOR ( 'NONE', #6100, 1000.000000000000000 ) ;
#3327 = EDGE_CURVE ( 'NONE', #5281, #6659, #2496, .T. ) ;
#3328 = AXIS2_PLACEMENT_3D ( 'NONE', #3391, #4567, #4008 ) ;
#3329 = CC_DESIGN_DATE_AND_TIME_ASSIGNMENT ( #5128, #6013, ( #5672 ) ) ;
#3330 = CARTESIAN_POINT ( 'NONE',  ( 36.99999999999999289, -15.00000000000000355, -1.000000000000000000 ) ) ;
#3331 = CARTESIAN_POINT ( 'NONE',  ( 37.00000000000000711, 0.000000000000000000, 51.00000000000000000 ) ) ;
#3332 = DIRECTION ( 'NONE',  ( 0.000000000000000000, 0.000000000000000000, 1.000000000000000000 ) ) ;
#3333 = DIRECTION ( 'NONE',  ( 0.000000000000000000, -1.000000000000000000, 0.000000000000000000 ) ) ;
#3334 = DIRECTION ( 'NONE',  ( -0.000000000000000000, 0.000000000000000000, 1.000000000000000000 ) ) ;
#3335 = EDGE_LOOP ( 'NONE', ( #3395, #1991, #3045, #942 ) ) ;
#3336 = LINE ( 'NONE', #5587, #147 ) ;
#3337 = DIRECTION ( 'NONE',  ( 0.000000000000000000, 0.000000000000000000, 1.000000000000000000 ) ) ;
#3339 = ADVANCED_FACE ( 'NONE', ( #7218 ), #836, .T. ) ;
#3338 = AXIS2_PLACEMENT_3D ( 'NONE', #7028, #2756, #5777 ) ;
#3340 = VERTEX_POINT ( 'NONE', #272 ) ;
#3341 = CARTESIAN_POINT ( 'NONE',  ( -31.00000000000000000, -46.67708979940022118, 36.50000000000000000 ) ) ;
#3342 = LINE ( 'NONE', #7583, #4018 ) ;
#3343 = ORIENTED_EDGE ( 'NONE', *, *, #2123, .T. ) ;
#3344 =( NAMED_UNIT ( * ) SI_UNIT ( $, .STERADIAN. ) SOLID_ANGLE_UNIT ( ) );
#3345 = EDGE_LOOP ( 'NONE', ( #6627, #4406, #5681, #666 ) ) ;
#3346 = DIRECTION ( 'NONE',  ( 0.000000000000000000, 0.000000000000000000, 1.000000000000000000 ) ) ;
#3347 = CARTESIAN_POINT ( 'NONE',  ( 31.00000000000000000, -56.57658473601188831, -41.49999999999999289 ) ) ;
#3348 = ORIENTED_EDGE ( 'NONE', *, *, #3121, .T. ) ;
#3349 = ADVANCED_FACE ( 'NONE', ( #7791 ), #2034, .T. ) ;
#3350 = DIRECTION ( 'NONE',  ( 0.000000000000000000, -1.000000000000000000, 0.000000000000000000 ) ) ;
#3351 = CARTESIAN_POINT ( 'NONE',  ( -36.00000000000000711, -56.57658473601188831, -1.000000000000000000 ) ) ;
#3352 = FACE_OUTER_BOUND ( 'NONE', #5173, .T. ) ;
#3353 = PERSON_AND_ORGANIZATION ( #1820, #6598 ) ;
#3354 = EDGE_LOOP ( 'NONE', ( #2349, #943, #1006, #2447 ) ) ;
#3355 = CARTESIAN_POINT ( 'NONE',  ( 38.00000000000002842, -56.57658473601188831, 57.99999999999999289 ) ) ;
#3356 = ORIENTED_EDGE ( 'NONE', *, *, #3442, .T. ) ;
#3357 = CARTESIAN_POINT ( 'NONE',  ( 35.00000000000000000, -56.57658473601188831, -51.00000000000000000 ) ) ;
#3358 = DIRECTION ( 'NONE',  ( 0.000000000000000000, 0.000000000000000000, -1.000000000000000000 ) ) ;
#3359 = VERTEX_POINT ( 'NONE', #5102 ) ;
#3360 = DIRECTION ( 'NONE',  ( -0.000000000000000000, -1.000000000000000000, -0.000000000000000000 ) ) ;
#3361 = ORIENTED_EDGE ( 'NONE', *, *, #5381, .F. ) ;
#3362 = FACE_OUTER_BOUND ( 'NONE', #3316, .T. ) ;
#3363 = DIRECTION ( 'NONE',  ( 0.000000000000000000, -1.000000000000000000, 0.000000000000000000 ) ) ;
#3364 = ADVANCED_FACE ( 'NONE', ( #6844 ), #461, .T. ) ;
#3365 = EDGE_CURVE ( 'NONE', #7255, #2051, #2022, .T. ) ;
#3366 = ORIENTED_EDGE ( 'NONE', *, *, #1009, .F. ) ;
#3367 = AXIS2_PLACEMENT_3D ( 'NONE', #278, #7525, #960 ) ;
#3368 = DIRECTION ( 'NONE',  ( -1.000000000000000000, 0.000000000000000000, -8.673617379884027583E-16 ) ) ;
#3369 = FACE_OUTER_BOUND ( 'NONE', #6501, .T. ) ;
#3370 = DIRECTION ( 'NONE',  ( 0.000000000000000000, 1.000000000000000000, 0.000000000000000000 ) ) ;
#3371 = CARTESIAN_POINT ( 'NONE',  ( -40.00000000000000711, -76.57658473601189542, -59.00000000000000000 ) ) ;
#3372 = VECTOR ( 'NONE', #3014, 1000.000000000000000 ) ;
#3373 = ORIENTED_EDGE ( 'NONE', *, *, #7573, .T. ) ;
#3374 = VERTEX_POINT ( 'NONE', #6312 ) ;
#3375 = DIRECTION ( 'NONE',  ( -6.982962677686266711E-15, 0.000000000000000000, -1.000000000000000000 ) ) ;
#3376 = EDGE_LOOP ( 'NONE', ( #1674, #1327, #4807, #5335 ) ) ;
#3377 = LINE ( 'NONE', #6323, #6218 ) ;
#3378 = EDGE_CURVE ( 'NONE', #5981, #971, #3905, .T. ) ;
#3379 = PLANE ( 'NONE',  #4440 ) ;
#3380 = CARTESIAN_POINT ( 'NONE',  ( -34.50000000000000000, 14.99999999999999289, 1.500000000000000000 ) ) ;
#3381 = EDGE_CURVE ( 'NONE', #5194, #3023, #4580, .T. ) ;
#3382 = CIRCLE ( 'NONE', #6730, 3.000000000000002665 ) ;
#3383 = CC_DESIGN_PERSON_AND_ORGANIZATION_ASSIGNMENT ( #3254, #4718, ( #1270 ) ) ;
#3384 = CARTESIAN_POINT ( 'NONE',  ( -31.00000000000000000, -56.57658473601188831, 40.00000000000000000 ) ) ;
#3385 = ADVANCED_FACE ( 'NONE', ( #3447 ), #7602, .F. ) ;
#3386 = ORIENTED_EDGE ( 'NONE', *, *, #4766, .T. ) ;
#3387 = VECTOR ( 'NONE', #166, 1000.000000000000000 ) ;
#3388 = DIRECTION ( 'NONE',  ( 0.000000000000000000, 0.000000000000000000, 1.000000000000000000 ) ) ;
#3389 = DIRECTION ( 'NONE',  ( 0.000000000000000000, 0.000000000000000000, -1.000000000000000000 ) ) ;
#3390 = VECTOR ( 'NONE', #1977, 1000.000000000000000 ) ;
#3391 = CARTESIAN_POINT ( 'NONE',  ( 31.00000000000000000, -46.67708979940022118, 40.00000000000000000 ) ) ;
#3392 = CARTESIAN_POINT ( 'NONE',  ( -34.50000000000000000, 0.000000000000000000, 1.000000000000000000 ) ) ;
#3393 = EDGE_CURVE ( 'NONE', #6961, #3696, #7128, .T. ) ;
#3394 = AXIS2_PLACEMENT_3D ( 'NONE', #603, #1186, #27 ) ;
#3395 = ORIENTED_EDGE ( 'NONE', *, *, #2014, .T. ) ;
#3396 = EDGE_LOOP ( 'NONE', ( #5627, #2848, #1141, #6997 ) ) ;
#3397 = ORIENTED_EDGE ( 'NONE', *, *, #2604, .F. ) ;
#3398 = ADVANCED_FACE ( 'NONE', ( #983 ), #6370, .T. ) ;
#3399 = VECTOR ( 'NONE', #2832, 1000.000000000000000 ) ;
#3400 = DIRECTION ( 'NONE',  ( 1.000000000000000000, 0.000000000000000000, -0.000000000000000000 ) ) ;
#3401 = ORIENTED_EDGE ( 'NONE', *, *, #1766, .T. ) ;
#3402 = CARTESIAN_POINT ( 'NONE',  ( 31.00000000000000000, -46.67708979940022118, -40.00000000000000000 ) ) ;
#3403 = DIRECTION ( 'NONE',  ( 0.000000000000000000, 0.000000000000000000, -1.000000000000000000 ) ) ;
#3404 = EDGE_LOOP ( 'NONE', ( #4759, #5144, #1369, #2009 ) ) ;
#3405 = EDGE_LOOP ( 'NONE', ( #575, #3288, #1751, #387 ) ) ;
#3406 = ORIENTED_EDGE ( 'NONE', *, *, #5461, .F. ) ;
#3407 = VERTEX_POINT ( 'NONE', #1592 ) ;
#3408 = VECTOR ( 'NONE', #3410, 1000.000000000000000 ) ;
#3409 = AXIS2_PLACEMENT_3D ( 'NONE', #4997, #2747, #3313 ) ;
#3410 = DIRECTION ( 'NONE',  ( -0.000000000000000000, -1.000000000000000000, -0.000000000000000000 ) ) ;
#3411 = ADVANCED_FACE ( 'NONE', ( #707 ), #1005, .F. ) ;
#3412 =( NAMED_UNIT ( * ) PLANE_ANGLE_UNIT ( ) SI_UNIT ( $, .RADIAN. ) );
#3413 = DIRECTION ( 'NONE',  ( -0.000000000000000000, 0.000000000000000000, 1.000000000000000000 ) ) ;
#3414 = ORIENTED_EDGE ( 'NONE', *, *, #7433, .T. ) ;
#3415 = DIRECTION ( 'NONE',  ( 0.000000000000000000, 0.000000000000000000, -1.000000000000000000 ) ) ;
#3416 = ORIENTED_EDGE ( 'NONE', *, *, #7599, .T. ) ;
#3417 = VERTEX_POINT ( 'NONE', #2833 ) ;
#3418 = CARTESIAN_POINT ( 'NONE',  ( -35.00000000000000000, -71.57658473601189542, 54.99999999999999289 ) ) ;
#3419 = CIRCLE ( 'NONE', #5096, 3.500000000000003109 ) ;
#3420 = COORDINATED_UNIVERSAL_TIME_OFFSET ( 2, 0, .AHEAD. ) ;
#3421 = EDGE_CURVE ( 'NONE', #1233, #7757, #6661, .T. ) ;
#3422 = DIRECTION ( 'NONE',  ( 0.000000000000000000, -0.000000000000000000, -1.000000000000000000 ) ) ;
#3423 = CARTESIAN_POINT ( 'NONE',  ( 37.00000000000000711, -73.57658473601189542, 56.99999999999995026 ) ) ;
#3424 = CARTESIAN_POINT ( 'NONE',  ( -37.00000000000000711, -73.57658473601189542, -59.00000000000000000 ) ) ;
#3425 = CARTESIAN_POINT ( 'NONE',  ( -36.00000000000009237, -73.57658473601189542, 24.99999999999999645 ) ) ;
#3426 = ORIENTED_EDGE ( 'NONE', *, *, #4096, .F. ) ;
#3427 = EDGE_CURVE ( 'NONE', #7414, #5410, #1842, .T. ) ;
#3428 = ORIENTED_EDGE ( 'NONE', *, *, #1560, .F. ) ;
#3429 = DIRECTION ( 'NONE',  ( -1.000000000000000000, -0.000000000000000000, -0.000000000000000000 ) ) ;
#3430 = LINE ( 'NONE', #7467, #3039 ) ;
#3431 = AXIS2_PLACEMENT_3D ( 'NONE', #5037, #5590, #4371 ) ;
#3432 = DATE_AND_TIME ( #499, #2562 ) ;
#3433 = VERTEX_POINT ( 'NONE', #7071 ) ;
#3434 = PLANE ( 'NONE',  #5262 ) ;
#3436 = VECTOR ( 'NONE', #3055, 1000.000000000000000 ) ;
#3435 = PLANE ( 'NONE',  #4338 ) ;
#3437 = DIRECTION ( 'NONE',  ( 0.000000000000000000, -0.000000000000000000, -1.000000000000000000 ) ) ;
#3438 = CARTESIAN_POINT ( 'NONE',  ( -0.000000000000000000, -56.57658473601188831, 51.00000000000000000 ) ) ;
#3439 = EDGE_CURVE ( 'NONE', #6961, #3607, #4012, .T. ) ;
#3440 = PRODUCT_DEFINITION_SHAPE ( 'NONE', 'NONE',  #310 ) ;
#3441 = EDGE_CURVE ( 'NONE', #7108, #1746, #5623, .T. ) ;
#3442 = EDGE_CURVE ( 'NONE', #7335, #6108, #2397, .T. ) ;
#3443 = AXIS2_PLACEMENT_3D ( 'NONE', #4373, #1997, #1459 ) ;
#3444 = ORIENTED_EDGE ( 'NONE', *, *, #4353, .F. ) ;
#3445 = CARTESIAN_POINT ( 'NONE',  ( -37.00000000000000711, -73.57658473601189542, -26.99999999999999645 ) ) ;
#3446 = APPLICATION_CONTEXT ( 'configuration controlled 3d designs of mechanical parts and assemblies' ) ;
#3447 = FACE_OUTER_BOUND ( 'NONE', #2703, .T. ) ;
#3448 = DIRECTION ( 'NONE',  ( -0.000000000000000000, 1.000000000000000000, -0.000000000000000000 ) ) ;
#3449 = ADVANCED_FACE ( 'NONE', ( #330 ), #1346, .F. ) ;
#3450 = DIRECTION ( 'NONE',  ( 0.000000000000000000, 0.000000000000000000, 1.000000000000000000 ) ) ;
#3451 = DIRECTION ( 'NONE',  ( -1.000000000000000000, 0.000000000000000000, 0.000000000000000000 ) ) ;
#3452 = EDGE_CURVE ( 'NONE', #1388, #6237, #5717, .T. ) ;
#3453 = EDGE_CURVE ( 'NONE', #1834, #3015, #2304, .T. ) ;
#3454 = ORIENTED_EDGE ( 'NONE', *, *, #5014, .F. ) ;
#3455 = AXIS2_PLACEMENT_3D ( 'NONE', #7674, #2302, #5865 ) ;
#3456 = FACE_OUTER_BOUND ( 'NONE', #6256, .T. ) ;
#3457 = CARTESIAN_POINT ( 'NONE',  ( -40.00000000000000711, -76.57658473601189542, -59.00000000000000000 ) ) ;
#3458 = CARTESIAN_POINT ( 'NONE',  ( 40.00000000000000711, -56.57658473601188831, 59.00000000000000000 ) ) ;
#3459 = DIRECTION ( 'NONE',  ( 0.000000000000000000, -0.000000000000000000, -1.000000000000000000 ) ) ;
#3460 = CARTESIAN_POINT ( 'NONE',  ( 36.99999999999999289, -15.00000000000000355, 1.000000000000000000 ) ) ;
#3461 = CARTESIAN_POINT ( 'NONE',  ( 37.00000000000009237, -73.57658473601189542, 27.00000000000000000 ) ) ;
#3462 = ADVANCED_FACE ( 'NONE', ( #6761 ), #793, .F. ) ;
#3463 = LINE ( 'NONE', #7035, #4592 ) ;
#3464 = ORIENTED_EDGE ( 'NONE', *, *, #5392, .T. ) ;
#3465 = VECTOR ( 'NONE', #1890, 1000.000000000000000 ) ;
#3466 = ORIENTED_EDGE ( 'NONE', *, *, #3796, .T. ) ;
#3467 = AXIS2_PLACEMENT_3D ( 'NONE', #3424, #5207, #7650 ) ;
#3468 = CARTESIAN_POINT ( 'NONE',  ( 31.00000000000000000, -46.67708979940022118, 40.00000000000000000 ) ) ;
#3469 = DIRECTION ( 'NONE',  ( 0.000000000000000000, 0.000000000000000000, -1.000000000000000000 ) ) ;
#3470 = ORIENTED_EDGE ( 'NONE', *, *, #7698, .F. ) ;
#3471 = VERTEX_POINT ( 'NONE', #6152 ) ;
#3472 = VECTOR ( 'NONE', #4471, 1000.000000000000000 ) ;
#3473 = DIRECTION ( 'NONE',  ( 0.000000000000000000, 1.000000000000000000, 0.000000000000000000 ) ) ;
#3474 = APPROVAL_STATUS ( 'not_yet_approved' ) ;
#3475 = CALENDAR_DATE ( 2022, 27, 1 ) ;
#3476 = CARTESIAN_POINT ( 'NONE',  ( -31.00000000000000000, -46.67708979940022118, -41.50000000000000000 ) ) ;
#3477 = ORIENTED_EDGE ( 'NONE', *, *, #5900, .F. ) ;
#3478 = EDGE_CURVE ( 'NONE', #3471, #2973, #1362, .T. ) ;
#3479 = DIRECTION ( 'NONE',  ( 1.000000000000000000, 0.000000000000000000, 0.000000000000000000 ) ) ;
#3480 = CARTESIAN_POINT ( 'NONE',  ( -36.00000000000009237, -73.57658473601189542, 27.00000000000000000 ) ) ;
#3481 = ORIENTED_EDGE ( 'NONE', *, *, #6492, .F. ) ;
#3482 = FACE_OUTER_BOUND ( 'NONE', #1052, .T. ) ;
#3483 = AXIS2_PLACEMENT_3D ( 'NONE', #6094, #3609, #3580 ) ;
#3484 = FACE_OUTER_BOUND ( 'NONE', #3228, .T. ) ;
#3485 = CARTESIAN_POINT ( 'NONE',  ( 37.00000000000000711, -56.57658473601188831, -59.00000000000000000 ) ) ;
#3486 = DIRECTION ( 'NONE',  ( 0.3162277660168382742, 0.000000000000000000, -0.9486832980505137680 ) ) ;
#3487 = CARTESIAN_POINT ( 'NONE',  ( 37.00000000000000711, -73.57658473601189542, -59.00000000000000000 ) ) ;
#3488 = ORIENTED_EDGE ( 'NONE', *, *, #6601, .T. ) ;
#3489 = CARTESIAN_POINT ( 'NONE',  ( 35.00000000000000000, -71.57658473601189542, 53.00000000000000000 ) ) ;
#3490 = LINE ( 'NONE', #1016, #5568 ) ;
#3491 = VECTOR ( 'NONE', #1608, 1000.000000000000000 ) ;
#3492 = EDGE_CURVE ( 'NONE', #7511, #5874, #1554, .T. ) ;
#3493 = DIRECTION ( 'NONE',  ( 1.000000000000000000, 0.000000000000000000, 0.000000000000000000 ) ) ;
#3494 = CARTESIAN_POINT ( 'NONE',  ( -36.00000000000009948, -73.57658473601189542, 25.00000000000000000 ) ) ;
#3495 = ORIENTED_EDGE ( 'NONE', *, *, #2125, .F. ) ;
#3496 = PLANE ( 'NONE',  #3542 ) ;
#3497 = LINE ( 'NONE', #3765, #3280 ) ;
#3498 = LOCAL_TIME ( 13, 37, 31.00000000000000000, #2442 ) ;
#3499 = CARTESIAN_POINT ( 'NONE',  ( -40.00000000000000711, -56.57658473601188831, -59.00000000000000000 ) ) ;
#3500 = ADVANCED_FACE ( 'NONE', ( #2962 ), #7289, .T. ) ;
#3501 = MECHANICAL_CONTEXT ( 'NONE', #438, 'mechanical' ) ;
#3502 = ORIENTED_EDGE ( 'NONE', *, *, #4303, .F. ) ;
#3503 = EDGE_CURVE ( 'NONE', #5826, #5676, #5443, .T. ) ;
#3504 = EDGE_CURVE ( 'NONE', #998, #6149, #3732, .T. ) ;
#3505 = DIRECTION ( 'NONE',  ( 1.000000000000000000, 0.000000000000000000, 0.000000000000000000 ) ) ;
#3506 = CARTESIAN_POINT ( 'NONE',  ( 33.99999999999998579, -15.00000000000000355, 1.000000000000000000 ) ) ;
#3507 = AXIS2_PLACEMENT_3D ( 'NONE', #7061, #2876, #5267 ) ;
#3508 = FACE_OUTER_BOUND ( 'NONE', #7182, .T. ) ;
#3509 = PLANE ( 'NONE',  #7198 ) ;
#3510 = CC_DESIGN_PERSON_AND_ORGANIZATION_ASSIGNMENT ( #5118, #2452, ( #2127 ) ) ;
#3511 = LINE ( 'NONE', #7176, #6142 ) ;
#3512 = ORIENTED_EDGE ( 'NONE', *, *, #6682, .T. ) ;
#3513 = ORIENTED_EDGE ( 'NONE', *, *, #2168, .T. ) ;
#3514 = EDGE_LOOP ( 'NONE', ( #4632, #5971, #1142, #5680 ) ) ;
#3515 = DIRECTION ( 'NONE',  ( 0.000000000000000000, 1.000000000000000000, 0.000000000000000000 ) ) ;
#3516 = DIRECTION ( 'NONE',  ( 0.000000000000000000, 0.000000000000000000, 1.000000000000000000 ) ) ;
#3517 = CARTESIAN_POINT ( 'NONE',  ( 36.00000000000009237, -76.73886239618028071, -24.99999999999999645 ) ) ;
#3518 = ORIENTED_EDGE ( 'NONE', *, *, #4876, .F. ) ;
#3519 = LOCAL_TIME ( 13, 37, 31.00000000000000000, #7095 ) ;
#3520 = LINE ( 'NONE', #539, #4269 ) ;
#3521 = CARTESIAN_POINT ( 'NONE',  ( -37.00000000000000711, -73.57658473601189542, 59.00000000000000000 ) ) ;
#3522 = AXIS2_PLACEMENT_3D ( 'NONE', #1463, #3836, #822 ) ;
#3523 = EDGE_LOOP ( 'NONE', ( #3621, #2700, #7822, #3414 ) ) ;
#3524 = DIRECTION ( 'NONE',  ( 0.000000000000000000, -1.000000000000000000, 0.000000000000000000 ) ) ;
#3525 = LINE ( 'NONE', #2612, #301 ) ;
#3526 = CARTESIAN_POINT ( 'NONE',  ( 37.00000000000000711, -73.57658473601189542, -59.00000000000000000 ) ) ;
#3527 = CALENDAR_DATE ( 2022, 27, 1 ) ;
#3528 = ORIENTED_EDGE ( 'NONE', *, *, #6781, .F. ) ;
#3529 = ORIENTED_EDGE ( 'NONE', *, *, #1737, .F. ) ;
#3530 = LINE ( 'NONE', #3070, #2760 ) ;
#3531 = APPLICATION_PROTOCOL_DEFINITION ( 'international standard', 'config_control_design', 1994, #3446 ) ;
#3532 = LINE ( 'NONE', #1263, #6253 ) ;
#3533 = CARTESIAN_POINT ( 'NONE',  ( 31.00000000000000000, -56.57658473601188831, 36.50000000000000000 ) ) ;
#3534 = CARTESIAN_POINT ( 'NONE',  ( -37.00000000000009237, -76.73886239618028071, -30.00000000000000000 ) ) ;
#3535 = DIRECTION ( 'NONE',  ( 0.000000000000000000, 0.000000000000000000, -1.000000000000000000 ) ) ;
#3536 = ORIENTED_EDGE ( 'NONE', *, *, #2828, .F. ) ;
#3537 = VECTOR ( 'NONE', #541, 1000.000000000000000 ) ;
#3538 = DIRECTION ( 'NONE',  ( 0.000000000000000000, 0.000000000000000000, -1.000000000000000000 ) ) ;
#3539 = EDGE_CURVE ( 'NONE', #5497, #6202, #6012, .T. ) ;
#3540 = DIRECTION ( 'NONE',  ( 0.000000000000000000, 0.000000000000000000, 1.000000000000000000 ) ) ;
#3541 = EDGE_LOOP ( 'NONE', ( #1057, #1988, #6178, #2622 ) ) ;
#3542 = AXIS2_PLACEMENT_3D ( 'NONE', #4071, #4687, #7765 ) ;
#3543 = DATE_AND_TIME ( #887, #5257 ) ;
#3544 = PLANE ( 'NONE',  #1858 ) ;
#3545 = DIRECTION ( 'NONE',  ( -0.000000000000000000, -0.000000000000000000, -1.000000000000000000 ) ) ;
#3546 = VERTEX_POINT ( 'NONE', #1884 ) ;
#3547 = LINE ( 'NONE', #5556, #3141 ) ;
#3548 = EDGE_CURVE ( 'NONE', #9, #3177, #3547, .T. ) ;
#3549 = EDGE_CURVE ( 'NONE', #7663, #6888, #1934, .T. ) ;
#3550 = CC_DESIGN_APPROVAL ( #6383, ( #2730 ) ) ;
#3551 = DIRECTION ( 'NONE',  ( 0.000000000000000000, 0.000000000000000000, -1.000000000000000000 ) ) ;
#3552 = APPROVAL_STATUS ( 'not_yet_approved' ) ;
#3553 = ORIENTED_EDGE ( 'NONE', *, *, #4966, .T. ) ;
#3554 = DIRECTION ( 'NONE',  ( -0.000000000000000000, -1.000000000000000000, -0.000000000000000000 ) ) ;
#3555 = PLANE ( 'NONE',  #5847 ) ;
#3556 = FACE_OUTER_BOUND ( 'NONE', #1604, .T. ) ;
#3557 = EDGE_LOOP ( 'NONE', ( #2661, #4066, #435, #112, #4507, #5990, #6335, #5622 ) ) ;
#3558 = EDGE_CURVE ( 'NONE', #2621, #1419, #5151, .T. ) ;
#3559 = AXIS2_PLACEMENT_3D ( 'NONE', #7031, #7617, #2121 ) ;
#3560 = EDGE_LOOP ( 'NONE', ( #2296, #3197 ) ) ;
#3561 = CARTESIAN_POINT ( 'NONE',  ( 31.00000000000000000, -56.57658473601188831, -36.50000000000000000 ) ) ;
#3562 = DIRECTION ( 'NONE',  ( 0.000000000000000000, 0.000000000000000000, 1.000000000000000000 ) ) ;
#3563 = CARTESIAN_POINT ( 'NONE',  ( -31.00000000000000000, -46.67708979940022118, -38.50000000000000000 ) ) ;
#3564 = ORIENTED_EDGE ( 'NONE', *, *, #844, .F. ) ;
#3565 = VERTEX_POINT ( 'NONE', #4983 ) ;
#3566 = LINE ( 'NONE', #6095, #1767 ) ;
#3567 = DATE_AND_TIME ( #5737, #4794 ) ;
#3568 = ORIENTED_EDGE ( 'NONE', *, *, #4721, .T. ) ;
#3569 = DIRECTION ( 'NONE',  ( 1.000000000000000000, 0.000000000000000000, 0.000000000000000000 ) ) ;
#3570 = ORIENTED_EDGE ( 'NONE', *, *, #4649, .T. ) ;
#3571 = CARTESIAN_POINT ( 'NONE',  ( -36.00000000000009237, -56.57658473601188831, 24.99999999999999645 ) ) ;
#3572 = LINE ( 'NONE', #4366, #918 ) ;
#3573 = CARTESIAN_POINT ( 'NONE',  ( -37.00000000000000711, -73.57658473601189542, -56.99999999999996447 ) ) ;
#3574 = PLANE ( 'NONE',  #2493 ) ;
#3575 = DESIGN_CONTEXT ( 'detailed design', #3661, 'design' ) ;
#3576 = ORIENTED_EDGE ( 'NONE', *, *, #5203, .T. ) ;
#3577 = DIRECTION ( 'NONE',  ( 1.000000000000000000, 0.000000000000000000, 0.000000000000000000 ) ) ;
#3578 = DATE_TIME_ROLE ( 'classification_date' ) ;
#3579 = VECTOR ( 'NONE', #568, 1000.000000000000000 ) ;
#3580 = DIRECTION ( 'NONE',  ( 0.000000000000000000, 0.000000000000000000, 1.000000000000000000 ) ) ;
#3581 = LINE ( 'NONE', #5517, #4905 ) ;
#3582 = DIRECTION ( 'NONE',  ( 0.000000000000000000, 0.000000000000000000, -1.000000000000000000 ) ) ;
#3583 = CARTESIAN_POINT ( 'NONE',  ( -36.00000000000000711, -56.57658473601188831, 1.000000000000000000 ) ) ;
#3584 = EDGE_CURVE ( 'NONE', #267, #5281, #3336, .T. ) ;
#3585 = ORIENTED_EDGE ( 'NONE', *, *, #2318, .T. ) ;
#3586 = AXIS2_PLACEMENT_3D ( 'NONE', #2297, #7719, #494 ) ;
#3587 = ORIENTED_EDGE ( 'NONE', *, *, #5930, .T. ) ;
#3588 = VECTOR ( 'NONE', #1044, 1000.000000000000114 ) ;
#3589 = DIRECTION ( 'NONE',  ( -1.000000000000000000, 0.000000000000000000, 0.000000000000000000 ) ) ;
#3590 = VECTOR ( 'NONE', #706, 1000.000000000000000 ) ;
#3591 = CARTESIAN_POINT ( 'NONE',  ( 37.00000000000009237, -73.57658473601189542, -24.99999999999999645 ) ) ;
#3592 = ORIENTED_EDGE ( 'NONE', *, *, #7358, .T. ) ;
#3593 = EDGE_CURVE ( 'NONE', #6593, #4070, #611, .T. ) ;
#3594 = FACE_OUTER_BOUND ( 'NONE', #5015, .T. ) ;
#3595 = EDGE_CURVE ( 'NONE', #2106, #775, #5816, .T. ) ;
#3596 = EDGE_CURVE ( 'NONE', #1621, #5160, #6375, .T. ) ;
#3597 = LINE ( 'NONE', #1368, #5770 ) ;
#3598 = CARTESIAN_POINT ( 'NONE',  ( -36.00000000000000711, -56.57658473601188831, 1.000000000000000000 ) ) ;
#3599 = DIRECTION ( 'NONE',  ( 0.000000000000000000, 0.000000000000000000, 1.000000000000000000 ) ) ;
#3600 = CARTESIAN_POINT ( 'NONE',  ( -40.00000000000000711, -76.57658473601189542, 59.00000000000000000 ) ) ;
#3601 = ORIENTED_EDGE ( 'NONE', *, *, #5333, .F. ) ;
#3602 = ORIENTED_EDGE ( 'NONE', *, *, #5, .T. ) ;
#3603 = ORIENTED_EDGE ( 'NONE', *, *, #1258, .F. ) ;
#3604 = ORIENTED_EDGE ( 'NONE', *, *, #4039, .T. ) ;
#3605 = CYLINDRICAL_SURFACE ( 'NONE', #7170, 1.499999999999994449 ) ;
#3606 = PERSON_AND_ORGANIZATION_ROLE ( 'classification_officer' ) ;
#3607 = VERTEX_POINT ( 'NONE', #5000 ) ;
#3608 = EDGE_CURVE ( 'NONE', #4059, #7362, #5354, .T. ) ;
#3609 = DIRECTION ( 'NONE',  ( 0.000000000000000000, 1.000000000000000000, 0.000000000000000000 ) ) ;
#3610 = VERTEX_POINT ( 'NONE', #1990 ) ;
#3611 = PLANE ( 'NONE',  #176 ) ;
#3612 = ORIENTED_EDGE ( 'NONE', *, *, #4482, .F. ) ;
#3613 = CARTESIAN_POINT ( 'NONE',  ( 0.000000000000000000, -56.57658473601188831, -51.00000000000000000 ) ) ;
#3614 = ORIENTED_EDGE ( 'NONE', *, *, #1409, .F. ) ;
#3615 = CARTESIAN_POINT ( 'NONE',  ( 31.00000000000000000, -46.67708979940022118, 40.00000000000000000 ) ) ;
#3616 = VERTEX_POINT ( 'NONE', #1403 ) ;
#3617 = LINE ( 'NONE', #6109, #5500 ) ;
#3618 = ORGANIZATION ( 'NAUO-ORG2', 'UNSPECIFIED', 'UNSPECIFIED' ) ;
#3619 = ORIENTED_EDGE ( 'NONE', *, *, #5782, .T. ) ;
#3620 = DIRECTION ( 'NONE',  ( 0.9486832980505137680, 0.000000000000000000, -0.3162277660168382742 ) ) ;
#3621 = ORIENTED_EDGE ( 'NONE', *, *, #6314, .F. ) ;
#3622 = DIRECTION ( 'NONE',  ( 1.000000000000000000, 0.000000000000000000, 0.000000000000000000 ) ) ;
#3623 = VECTOR ( 'NONE', #6008, 1000.000000000000114 ) ;
#3624 = DIRECTION ( 'NONE',  ( 0.000000000000000000, 0.000000000000000000, -1.000000000000000000 ) ) ;
#3625 = AXIS2_PLACEMENT_3D ( 'NONE', #1082, #4702, #3486 ) ;
#3626 = LINE ( 'NONE', #3668, #2007 ) ;
#3627 = ORIENTED_EDGE ( 'NONE', *, *, #5016, .T. ) ;
#3628 = VERTEX_POINT ( 'NONE', #2559 ) ;
#3629 = CARTESIAN_POINT ( 'NONE',  ( 37.00000000000009237, -56.57658473601188831, -24.99999999999999645 ) ) ;
#3631 = FACE_OUTER_BOUND ( 'NONE', #4618, .T. ) ;
#3630 = CARTESIAN_POINT ( 'NONE',  ( -40.00000000000000711, -56.57658473601188831, -59.00000000000000000 ) ) ;
#3632 = VECTOR ( 'NONE', #5702, 1000.000000000000000 ) ;
#3633 = DIRECTION ( 'NONE',  ( 0.000000000000000000, 1.000000000000000000, 0.000000000000000000 ) ) ;
#3634 = VERTEX_POINT ( 'NONE', #148 ) ;
#3635 = CARTESIAN_POINT ( 'NONE',  ( -40.00000000000000711, -76.57658473601189542, 59.00000000000000000 ) ) ;
#3636 = APPROVAL_ROLE ( '' ) ;
#3637 = LINE ( 'NONE', #1810, #3725 ) ;
#3638 = AXIS2_PLACEMENT_3D ( 'NONE', #685, #4871, #6084 ) ;
#3639 = CARTESIAN_POINT ( 'NONE',  ( 33.99999999999998579, 14.99999999999999645, -1.000000000000000000 ) ) ;
#3640 = CARTESIAN_POINT ( 'NONE',  ( -36.00000000000000711, -76.73886239618028071, -1.000000000000000000 ) ) ;
#3641 = DIRECTION ( 'NONE',  ( 0.000000000000000000, 0.000000000000000000, 1.000000000000000000 ) ) ;
#3642 = VERTEX_POINT ( 'NONE', #2506 ) ;
#3643 = FACE_OUTER_BOUND ( 'NONE', #3789, .T. ) ;
#3644 = CARTESIAN_POINT ( 'NONE',  ( 0.000000000000000000, -73.57658473601189542, -51.00000000000000000 ) ) ;
#3645 = CARTESIAN_POINT ( 'NONE',  ( 0.000000000000000000, 0.000000000000000000, -53.00000000000000000 ) ) ;
#3646 = EDGE_CURVE ( 'NONE', #5168, #334, #7591, .T. ) ;
#3647 = DIRECTION ( 'NONE',  ( 0.000000000000000000, 0.000000000000000000, -1.000000000000000000 ) ) ;
#3648 = ORIENTED_EDGE ( 'NONE', *, *, #5769, .F. ) ;
#3649 = VECTOR ( 'NONE', #3939, 1000.000000000000000 ) ;
#3650 = DIRECTION ( 'NONE',  ( 0.000000000000000000, 1.000000000000000000, 0.000000000000000000 ) ) ;
#3651 = CARTESIAN_POINT ( 'NONE',  ( 35.00000000000000000, -56.57658473601188831, 53.00000000000000000 ) ) ;
#3652 = ORIENTED_EDGE ( 'NONE', *, *, #5222, .F. ) ;
#3653 = EDGE_CURVE ( 'NONE', #1200, #7737, #4382, .T. ) ;
#3654 = VECTOR ( 'NONE', #6419, 1000.000000000000000 ) ;
#3655 = EDGE_CURVE ( 'NONE', #1416, #6669, #4685, .T. ) ;
#3656 = EDGE_LOOP ( 'NONE', ( #3146, #3570, #3602, #5488 ) ) ;
#3657 = CALENDAR_DATE ( 2022, 27, 1 ) ;
#3658 = APPROVAL ( #6065, 'UNKNOWN' ) ;
#3659 = ORIENTED_EDGE ( 'NONE', *, *, #959, .T. ) ;
#3660 = DIRECTION ( 'NONE',  ( 0.000000000000000000, 0.000000000000000000, 1.000000000000000000 ) ) ;
#3661 = APPLICATION_CONTEXT ( 'configuration controlled 3d designs of mechanical parts and assemblies' ) ;
#3662 = DIRECTION ( 'NONE',  ( -0.000000000000000000, -1.000000000000000000, -0.000000000000000000 ) ) ;
#3663 = VERTEX_POINT ( 'NONE', #6748 ) ;
#3664 = DIRECTION ( 'NONE',  ( 0.000000000000000000, -0.000000000000000000, -1.000000000000000000 ) ) ;
#3665 = ORIENTED_EDGE ( 'NONE', *, *, #4384, .F. ) ;
#3666 = LINE ( 'NONE', #5087, #1205 ) ;
#3667 = CALENDAR_DATE ( 2022, 27, 1 ) ;
#3668 = CARTESIAN_POINT ( 'NONE',  ( -33.99999999999997868, 17.99999999999999645, 1.000000000000000000 ) ) ;
#3669 = DIRECTION ( 'NONE',  ( 1.000000000000000000, 0.000000000000000000, 0.000000000000000000 ) ) ;
#3670 = DIRECTION ( 'NONE',  ( -1.000000000000000000, 0.000000000000000000, -0.000000000000000000 ) ) ;
#3671 = ORIENTED_EDGE ( 'NONE', *, *, #3940, .F. ) ;
#3672 = CARTESIAN_POINT ( 'NONE',  ( 36.00000000000009237, -73.57658473601189542, -27.00000000000000000 ) ) ;
#3673 = ORIENTED_EDGE ( 'NONE', *, *, #6877, .T. ) ;
#3674 = VECTOR ( 'NONE', #7268, 1000.000000000000000 ) ;
#3675 = LINE ( 'NONE', #5806, #553 ) ;
#3676 = CARTESIAN_POINT ( 'NONE',  ( 34.49999999999998579, -15.00000000000000000, 1.500000000000000000 ) ) ;
#3677 = CARTESIAN_POINT ( 'NONE',  ( 33.99999999999996447, -18.00000000000000355, -1.000000000000000000 ) ) ;
#3678 = AXIS2_PLACEMENT_3D ( 'NONE', #7504, #5753, #3059 ) ;
#3679 = ORIENTED_EDGE ( 'NONE', *, *, #1164, .T. ) ;
#3680 = CARTESIAN_POINT ( 'NONE',  ( 31.00000000000000000, -73.57658473601189542, -43.50000000000000711 ) ) ;
#3681 = FACE_OUTER_BOUND ( 'NONE', #7453, .T. ) ;
#3682 = VECTOR ( 'NONE', #4506, 1000.000000000000114 ) ;
#3683 = DIRECTION ( 'NONE',  ( 0.000000000000000000, -1.000000000000000000, 0.000000000000000000 ) ) ;
#3684 = EDGE_LOOP ( 'NONE', ( #408, #6325, #369, #892, #7731, #758, #3125, #5456 ) ) ;
#3685 = VECTOR ( 'NONE', #4472, 1000.000000000000000 ) ;
#3686 = DIRECTION ( 'NONE',  ( 1.000000000000000000, 0.000000000000000000, 0.000000000000000000 ) ) ;
#3687 = LINE ( 'NONE', #3290, #98 ) ;
#3688 = EDGE_CURVE ( 'NONE', #3864, #1881, #2881, .T. ) ;
#3689 = ORIENTED_EDGE ( 'NONE', *, *, #3749, .F. ) ;
#3690 = DIRECTION ( 'NONE',  ( 0.000000000000000000, 0.000000000000000000, 1.000000000000000000 ) ) ;
#3691 = PLANE ( 'NONE',  #4548 ) ;
#3692 = CYLINDRICAL_SURFACE ( 'NONE', #3507, 1.500000000000001332 ) ;
#3693 = FACE_BOUND ( 'NONE', #5734, .T. ) ;
#3694 = DIRECTION ( 'NONE',  ( -0.000000000000000000, -0.000000000000000000, -1.000000000000000000 ) ) ;
#3695 = DIRECTION ( 'NONE',  ( 0.000000000000000000, -1.000000000000000000, 0.000000000000000000 ) ) ;
#3696 = VERTEX_POINT ( 'NONE', #3756 ) ;
#3697 = EDGE_LOOP ( 'NONE', ( #843, #1772, #5606, #3804, #3012, #338, #4961, #2038 ) ) ;
#3698 = EDGE_CURVE ( 'NONE', #7519, #3064, #1657, .T. ) ;
#3699 = ORIENTED_EDGE ( 'NONE', *, *, #658, .T. ) ;
#3700 = EDGE_CURVE ( 'NONE', #5248, #1746, #1454, .T. ) ;
#3701 = ORIENTED_EDGE ( 'NONE', *, *, #2069, .F. ) ;
#3702 = AXIS2_PLACEMENT_3D ( 'NONE', #382, #6317, #5743 ) ;
#3703 = DIRECTION ( 'NONE',  ( 0.000000000000000000, 0.000000000000000000, 1.000000000000000000 ) ) ;
#3704 = DATE_AND_TIME ( #7287, #3210 ) ;
#3705 = LINE ( 'NONE', #2398, #4941 ) ;
#3706 = CARTESIAN_POINT ( 'NONE',  ( 31.00000000000000000, -46.67708979940022118, 36.50000000000000000 ) ) ;
#3707 = DIRECTION ( 'NONE',  ( 0.000000000000000000, 1.000000000000000000, 0.000000000000000000 ) ) ;
#3708 = ORIENTED_EDGE ( 'NONE', *, *, #3823, .F. ) ;
#3709 = VECTOR ( 'NONE', #4091, 1000.000000000000000 ) ;
#3710 = DIRECTION ( 'NONE',  ( 0.000000000000000000, -1.000000000000000000, 0.000000000000000000 ) ) ;
#3711 = FACE_OUTER_BOUND ( 'NONE', #2202, .T. ) ;
#3712 = EDGE_CURVE ( 'NONE', #7483, #5525, #4197, .T. ) ;
#3713 = PERSON_AND_ORGANIZATION ( #1820, #6598 ) ;
#3714 = CARTESIAN_POINT ( 'NONE',  ( -31.00000000000000000, -73.57658473601189542, -40.00000000000000000 ) ) ;
#3715 = AXIS2_PLACEMENT_3D ( 'NONE', #3487, #1666, #5351 ) ;
#3716 = DIRECTION ( 'NONE',  ( 0.000000000000000000, 1.000000000000000000, 0.000000000000000000 ) ) ;
#3717 = ORIENTED_EDGE ( 'NONE', *, *, #3121, .F. ) ;
#3718 = ORIENTED_EDGE ( 'NONE', *, *, #6255, .T. ) ;
#3719 = VECTOR ( 'NONE', #7102, 1000.000000000000000 ) ;
#3720 = VECTOR ( 'NONE', #5444, 1000.000000000000000 ) ;
#3721 = DIRECTION ( 'NONE',  ( -1.000000000000000000, -0.000000000000000000, -0.000000000000000000 ) ) ;
#3722 = PLANE ( 'NONE',  #1311 ) ;
#3723 = ORIENTED_EDGE ( 'NONE', *, *, #6112, .T. ) ;
#3724 = AXIS2_PLACEMENT_3D ( 'NONE', #7597, #7126, #4054 ) ;
#3725 = VECTOR ( 'NONE', #2344, 1000.000000000000000 ) ;
#3726 = DIRECTION ( 'NONE',  ( -0.000000000000000000, -0.000000000000000000, -1.000000000000000000 ) ) ;
#3727 = ORIENTED_EDGE ( 'NONE', *, *, #7026, .T. ) ;
#3728 = CIRCLE ( 'NONE', #437, 3.500000000000003109 ) ;
#3729 = VERTEX_POINT ( 'NONE', #7341 ) ;
#3730 = AXIS2_PLACEMENT_3D ( 'NONE', #7747, #4134, #1736 ) ;
#3731 = DIRECTION ( 'NONE',  ( -0.000000000000000000, -1.000000000000000000, -0.000000000000000000 ) ) ;
#3732 = LINE ( 'NONE', #1786, #2209 ) ;
#3733 = EDGE_LOOP ( 'NONE', ( #7236, #6705, #465, #6248 ) ) ;
#3734 = ADVANCED_FACE ( 'NONE', ( #1355 ), #3051, .F. ) ;
#3735 = LINE ( 'NONE', #4779, #6941 ) ;
#3736 = CARTESIAN_POINT ( 'NONE',  ( -36.00000000000000711, -73.57658473601189542, -1.000000000000000000 ) ) ;
#3737 = EDGE_CURVE ( 'NONE', #2930, #188, #698, .T. ) ;
#3738 = CARTESIAN_POINT ( 'NONE',  ( -31.00000000000000000, -46.67708979940022118, -40.00000000000000000 ) ) ;
#3739 = CARTESIAN_POINT ( 'NONE',  ( -31.00000000000000000, -56.57658473601188831, 36.50000000000000000 ) ) ;
#3740 = ORIENTED_EDGE ( 'NONE', *, *, #2067, .F. ) ;
#3741 = VERTEX_POINT ( 'NONE', #4436 ) ;
#3742 = EDGE_LOOP ( 'NONE', ( #3778, #3109, #1191, #6101 ) ) ;
#3743 = CARTESIAN_POINT ( 'NONE',  ( -31.00000000000000000, -46.67708979940022118, -40.00000000000000000 ) ) ;
#3744 = FACE_OUTER_BOUND ( 'NONE', #795, .T. ) ;
#3745 = CARTESIAN_POINT ( 'NONE',  ( -34.00000000000000000, -15.50000000000000355, 1.000000000000000000 ) ) ;
#3746 = CARTESIAN_POINT ( 'NONE',  ( -37.00000000000000711, -73.57658473601189542, -59.00000000000000000 ) ) ;
#3747 = CARTESIAN_POINT ( 'NONE',  ( 37.00000000000000711, -73.57658473601189542, -59.00000000000000000 ) ) ;
#3748 = COORDINATED_UNIVERSAL_TIME_OFFSET ( 2, 0, .AHEAD. ) ;
#3749 = EDGE_CURVE ( 'NONE', #5630, #1243, #2773, .T. ) ;
#3750 = EDGE_CURVE ( 'NONE', #2545, #7306, #6179, .T. ) ;
#3751 = EDGE_CURVE ( 'NONE', #5740, #4955, #4874, .T. ) ;
#3752 = VERTEX_POINT ( 'NONE', #2635 ) ;
#3753 = SECURITY_CLASSIFICATION ( '', '', #2957 ) ;
#3754 = ORIENTED_EDGE ( 'NONE', *, *, #519, .T. ) ;
#3755 = CIRCLE ( 'NONE', #5032, 3.000000000000002665 ) ;
#3756 = CARTESIAN_POINT ( 'NONE',  ( 34.49999999999998579, 14.99999999999997335, 1.000000000000000000 ) ) ;
#3757 = VERTEX_POINT ( 'NONE', #6261 ) ;
#3758 = AXIS2_PLACEMENT_3D ( 'NONE', #3815, #567, #2087 ) ;
#3759 = APPROVAL_DATE_TIME ( #6701, #6222 ) ;
#3760 = CARTESIAN_POINT ( 'NONE',  ( -35.00000000000000000, -71.57658473601189542, -54.99999999999994316 ) ) ;
#3761 = CARTESIAN_POINT ( 'NONE',  ( -36.00000000000009237, -76.73886239618028071, 24.99999999999999645 ) ) ;
#3762 = FACE_OUTER_BOUND ( 'NONE', #6767, .T. ) ;
#3763 = DIRECTION ( 'NONE',  ( -1.000000000000000000, 0.000000000000000000, 0.000000000000000000 ) ) ;
#3764 = CARTESIAN_POINT ( 'NONE',  ( 37.00000000000009237, -73.57658473601189542, -24.99999999999999645 ) ) ;
#3765 = CARTESIAN_POINT ( 'NONE',  ( 37.00000000000000711, -73.57658473601189542, -59.00000000000000000 ) ) ;
#3766 = ORIENTED_EDGE ( 'NONE', *, *, #4337, .T. ) ;
#3767 = FACE_OUTER_BOUND ( 'NONE', #2507, .T. ) ;
#3768 = CARTESIAN_POINT ( 'NONE',  ( 31.00000000000000000, -56.57658473601188831, -43.50000000000000711 ) ) ;
#3769 = LINE ( 'NONE', #855, #1130 ) ;
#3770 = DIRECTION ( 'NONE',  ( 0.000000000000000000, 0.000000000000000000, 1.000000000000000000 ) ) ;
#3771 = CARTESIAN_POINT ( 'NONE',  ( 35.00000000000000000, -56.57658473601188831, -54.99999999999994316 ) ) ;
#3772 = DIRECTION ( 'NONE',  ( 0.000000000000000000, -1.000000000000000000, 0.000000000000000000 ) ) ;
#3773 = VERTEX_POINT ( 'NONE', #2609 ) ;
#3774 = ADVANCED_FACE ( 'NONE', ( #6275 ), #2774, .T. ) ;
#3775 = CIRCLE ( 'NONE', #2526, 3.500000000000003109 ) ;
#3776 = CIRCLE ( 'NONE', #2266, 0.5000000000000004441 ) ;
#3777 = DIRECTION ( 'NONE',  ( 0.000000000000000000, 0.000000000000000000, 1.000000000000000000 ) ) ;
#3778 = ORIENTED_EDGE ( 'NONE', *, *, #4825, .F. ) ;
#3779 = EDGE_CURVE ( 'NONE', #3884, #6507, #5918, .T. ) ;
#3780 = CARTESIAN_POINT ( 'NONE',  ( 35.00000000000000000, -56.57658473601188831, -54.99999999999994316 ) ) ;
#3781 = VERTEX_POINT ( 'NONE', #1536 ) ;
#3782 = VERTEX_POINT ( 'NONE', #980 ) ;
#3783 = CARTESIAN_POINT ( 'NONE',  ( 37.00000000000009237, -73.57658473601189542, -24.99999999999999645 ) ) ;
#3784 = ORIENTED_EDGE ( 'NONE', *, *, #4908, .T. ) ;
#3785 = EDGE_CURVE ( 'NONE', #4131, #6217, #6099, .T. ) ;
#3786 = VECTOR ( 'NONE', #7578, 1000.000000000000000 ) ;
#3787 = ORIENTED_EDGE ( 'NONE', *, *, #2057, .T. ) ;
#3788 = CARTESIAN_POINT ( 'NONE',  ( 37.00000000000000711, -56.57658473601188831, -59.00000000000000000 ) ) ;
#3789 = EDGE_LOOP ( 'NONE', ( #2439, #1481, #7361, #7201, #864, #3298, #213, #549 ) ) ;
#3790 = ORIENTED_EDGE ( 'NONE', *, *, #1398, .T. ) ;
#3791 = ORIENTED_EDGE ( 'NONE', *, *, #5944, .F. ) ;
#3792 = CARTESIAN_POINT ( 'NONE',  ( 33.99999999999996447, -18.00000000000000355, 1.000000000000000000 ) ) ;
#3793 = VECTOR ( 'NONE', #7366, 1000.000000000000000 ) ;
#3794 = COORDINATED_UNIVERSAL_TIME_OFFSET ( 2, 0, .AHEAD. ) ;
#3795 = EDGE_CURVE ( 'NONE', #4703, #3144, #5713, .T. ) ;
#3796 = EDGE_CURVE ( 'NONE', #5168, #4280, #5146, .T. ) ;
#3797 = EDGE_LOOP ( 'NONE', ( #4641, #5363 ) ) ;
#3798 = PRODUCT_DEFINITION ( 'UNKNOWN', '', #2730, #7475 ) ;
#3799 = DIRECTION ( 'NONE',  ( 0.000000000000000000, 0.000000000000000000, 1.000000000000000000 ) ) ;
#3800 = PLANE ( 'NONE',  #7797 ) ;
#3801 = VECTOR ( 'NONE', #554, 1000.000000000000000 ) ;
#3802 = LINE ( 'NONE', #5370, #29 ) ;
#3803 = CARTESIAN_POINT ( 'NONE',  ( 37.00000000000009237, -76.73886239618028071, 27.00000000000000000 ) ) ;
#3804 = ORIENTED_EDGE ( 'NONE', *, *, #320, .T. ) ;
#3805 = DIRECTION ( 'NONE',  ( -1.000000000000000000, 0.000000000000000000, 0.000000000000000000 ) ) ;
#3806 = VERTEX_POINT ( 'NONE', #4819 ) ;
#3807 = LINE ( 'NONE', #1500, #4570 ) ;
#3808 = EDGE_CURVE ( 'NONE', #7566, #3286, #6007, .T. ) ;
#3809 = AXIS2_PLACEMENT_3D ( 'NONE', #5403, #2438, #3647 ) ;
#3810 = CARTESIAN_POINT ( 'NONE',  ( 37.00000000000009237, -73.57658473601189542, 27.00000000000000000 ) ) ;
#3811 = EDGE_LOOP ( 'NONE', ( #7447, #2041, #5938, #3188 ) ) ;
#3812 = FACE_OUTER_BOUND ( 'NONE', #6546, .T. ) ;
#3813 = ADVANCED_FACE ( 'NONE', ( #2300 ), #3574, .T. ) ;
#3814 = DIRECTION ( 'NONE',  ( 0.000000000000000000, 1.000000000000000000, 0.000000000000000000 ) ) ;
#3815 = CARTESIAN_POINT ( 'NONE',  ( -31.00000000000000000, -46.67708979940022118, -40.00000000000000000 ) ) ;
#3816 = AXIS2_PLACEMENT_3D ( 'NONE', #3371, #2805, #3437 ) ;
#3817 = DIRECTION ( 'NONE',  ( 0.000000000000000000, 0.000000000000000000, 1.000000000000000000 ) ) ;
#3818 = VERTEX_POINT ( 'NONE', #4740 ) ;
#3819 = LINE ( 'NONE', #5765, #5533 ) ;
#3820 = CARTESIAN_POINT ( 'NONE',  ( -37.00000000000009237, -56.57658473601188831, 30.00000000000000000 ) ) ;
#3821 = ORIENTED_EDGE ( 'NONE', *, *, #5617, .T. ) ;
#3822 = LINE ( 'NONE', #1542, #2029 ) ;
#3823 = EDGE_CURVE ( 'NONE', #6280, #1577, #2492, .T. ) ;
#3824 = DIRECTION ( 'NONE',  ( -1.000000000000000000, 0.000000000000000000, -8.673617379884027583E-16 ) ) ;
#3825 = ORIENTED_EDGE ( 'NONE', *, *, #3155, .T. ) ;
#3826 = LINE ( 'NONE', #262, #6106 ) ;
#3827 = DIRECTION ( 'NONE',  ( -0.7071067811865442421, -0.000000000000000000, -0.7071067811865507924 ) ) ;
#3828 = ORIENTED_EDGE ( 'NONE', *, *, #159, .F. ) ;
#3829 = LINE ( 'NONE', #1917, #5933 ) ;
#3830 = ORIENTED_EDGE ( 'NONE', *, *, #5626, .T. ) ;
#3831 = CARTESIAN_POINT ( 'NONE',  ( -37.00000000000000711, -56.57658473601188831, -3.999999999999996447 ) ) ;
#3832 = ORIENTED_EDGE ( 'NONE', *, *, #2886, .T. ) ;
#3833 = EDGE_CURVE ( 'NONE', #2469, #2765, #5811, .T. ) ;
#3834 = EDGE_CURVE ( 'NONE', #3696, #6028, #2676, .T. ) ;
#3835 = EDGE_LOOP ( 'NONE', ( #4818, #1624, #2491, #6635 ) ) ;
#3836 = DIRECTION ( 'NONE',  ( 0.000000000000000000, -1.000000000000000000, 0.000000000000000000 ) ) ;
#3837 = LINE ( 'NONE', #2673, #4897 ) ;
#3838 = COORDINATED_UNIVERSAL_TIME_OFFSET ( 2, 0, .AHEAD. ) ;
#3839 = CARTESIAN_POINT ( 'NONE',  ( 35.00000000000000000, -71.57658473601189542, -53.00000000000000000 ) ) ;
#3840 = VERTEX_POINT ( 'NONE', #7439 ) ;
#3841 = DIRECTION ( 'NONE',  ( 0.000000000000000000, 0.000000000000000000, 1.000000000000000000 ) ) ;
#3842 = FACE_OUTER_BOUND ( 'NONE', #4421, .T. ) ;
#3843 = EDGE_CURVE ( 'NONE', #6968, #6812, #4113, .T. ) ;
#3844 = AXIS2_PLACEMENT_3D ( 'NONE', #4348, #5974, #4946 ) ;
#3845 = ADVANCED_FACE ( 'NONE', ( #1175, #6927 ), #588, .F. ) ;
#3846 = CIRCLE ( 'NONE', #1168, 1.499999999999994449 ) ;
#3847 = ORIENTED_EDGE ( 'NONE', *, *, #7020, .F. ) ;
#3848 = CARTESIAN_POINT ( 'NONE',  ( -36.00000000000000711, -73.57658473601189542, -1.000000000000000888 ) ) ;
#3849 = LINE ( 'NONE', #2894, #4820 ) ;
#3850 = CALENDAR_DATE ( 2022, 27, 1 ) ;
#3851 = ORIENTED_EDGE ( 'NONE', *, *, #2525, .T. ) ;
#3852 = PLANE ( 'NONE',  #4100 ) ;
#3853 = DIRECTION ( 'NONE',  ( 1.000000000000000000, -0.000000000000000000, -0.000000000000000000 ) ) ;
#3854 = FACE_OUTER_BOUND ( 'NONE', #4970, .T. ) ;
#3855 = DIRECTION ( 'NONE',  ( 0.000000000000000000, 1.000000000000000000, 0.000000000000000000 ) ) ;
#3856 = CIRCLE ( 'NONE', #4298, 3.500000000000003109 ) ;
#3857 = DIRECTION ( 'NONE',  ( 0.3162277660168382187, 0.000000000000000000, -0.9486832980505136570 ) ) ;
#3858 = ADVANCED_FACE ( 'NONE', ( #3901 ), #6128, .T. ) ;
#3859 = ORIENTED_EDGE ( 'NONE', *, *, #708, .T. ) ;
#3860 = FACE_OUTER_BOUND ( 'NONE', #2602, .T. ) ;
#3861 = DIRECTION ( 'NONE',  ( 0.3162277660168381077, 0.000000000000000000, 0.9486832980505137680 ) ) ;
#3862 = LINE ( 'NONE', #2804, #3974 ) ;
#3863 = CARTESIAN_POINT ( 'NONE',  ( 37.00000000000000711, -73.57658473601189542, -54.99999999999999289 ) ) ;
#3864 = VERTEX_POINT ( 'NONE', #6226 ) ;
#3865 = ORIENTED_EDGE ( 'NONE', *, *, #4767, .F. ) ;
#3866 = ORIENTED_EDGE ( 'NONE', *, *, #3593, .T. ) ;
#3867 = ORIENTED_EDGE ( 'NONE', *, *, #4813, .T. ) ;
#3868 = ADVANCED_FACE ( 'NONE', ( #4771 ), #1980, .T. ) ;
#3869 = DATE_AND_TIME ( #501, #1054 ) ;
#3870 = LINE ( 'NONE', #145, #6901 ) ;
#3871 = PLANE ( 'NONE',  #4140 ) ;
#3872 = CARTESIAN_POINT ( 'NONE',  ( 31.00000000000000000, -56.57658473601188831, -38.50000000000000711 ) ) ;
#3873 = ORIENTED_EDGE ( 'NONE', *, *, #7491, .F. ) ;
#3874 = EDGE_CURVE ( 'NONE', #3107, #2603, #2579, .T. ) ;
#3875 = VECTOR ( 'NONE', #2792, 1000.000000000000000 ) ;
#3876 = AXIS2_PLACEMENT_3D ( 'NONE', #3645, #3538, #4170 ) ;
#3877 = VECTOR ( 'NONE', #6349, 1000.000000000000000 ) ;
#3879 = DIRECTION ( 'NONE',  ( 0.000000000000000000, -1.000000000000000000, 0.000000000000000000 ) ) ;
#3878 = SHAPE_DEFINITION_REPRESENTATION ( #3440, #4811 ) ;
#3880 = ADVANCED_FACE ( 'NONE', ( #6369 ), #673, .F. ) ;
#3881 = CARTESIAN_POINT ( 'NONE',  ( 34.49999999999998579, -15.00000000000000000, 1.500000000000000000 ) ) ;
#3882 = DIRECTION ( 'NONE',  ( 1.000000000000000000, 0.000000000000000000, 0.000000000000000000 ) ) ;
#3883 = CARTESIAN_POINT ( 'NONE',  ( -31.00000000000000000, -56.57658473601188831, 38.50000000000000000 ) ) ;
#3884 = VERTEX_POINT ( 'NONE', #4942 ) ;
#3885 = ORIENTED_EDGE ( 'NONE', *, *, #3075, .F. ) ;
#3886 = DIRECTION ( 'NONE',  ( 0.000000000000000000, 0.000000000000000000, 1.000000000000000000 ) ) ;
#3887 = VECTOR ( 'NONE', #514, 1000.000000000000000 ) ;
#3888 = PLANE ( 'NONE',  #3724 ) ;
#3889 = LINE ( 'NONE', #4356, #2869 ) ;
#3890 = EDGE_CURVE ( 'NONE', #3107, #1475, #7210, .T. ) ;
#3891 = EDGE_CURVE ( 'NONE', #6090, #2051, #1087, .T. ) ;
#3892 = SECURITY_CLASSIFICATION ( '', '', #1174 ) ;
#3893 = DIRECTION ( 'NONE',  ( -0.000000000000000000, -1.000000000000000000, -0.000000000000000000 ) ) ;
#3894 = DIRECTION ( 'NONE',  ( 0.000000000000000000, 0.000000000000000000, -1.000000000000000000 ) ) ;
#3895 = ORIENTED_EDGE ( 'NONE', *, *, #548, .T. ) ;
#3896 = DIRECTION ( 'NONE',  ( 1.000000000000000000, 0.000000000000000000, 0.000000000000000000 ) ) ;
#3897 = CIRCLE ( 'NONE', #6105, 3.500000000000003109 ) ;
#3898 = VERTEX_POINT ( 'NONE', #2653 ) ;
#3900 = ADVANCED_FACE ( 'NONE', ( #2111 ), #192, .T. ) ;
#3899 = AXIS2_PLACEMENT_3D ( 'NONE', #2360, #3622, #2413 ) ;
#3901 = FACE_OUTER_BOUND ( 'NONE', #2074, .T. ) ;
#3902 = ORIENTED_EDGE ( 'NONE', *, *, #2571, .T. ) ;
#3903 = DIRECTION ( 'NONE',  ( 0.000000000000000000, 0.000000000000000000, -1.000000000000000000 ) ) ;
#3904 = CARTESIAN_POINT ( 'NONE',  ( -31.00000000000000000, -73.57658473601189542, 40.00000000000000000 ) ) ;
#3905 = LINE ( 'NONE', #4689, #7310 ) ;
#3906 = EDGE_CURVE ( 'NONE', #3971, #4339, #3728, .T. ) ;
#3907 = ORIENTED_EDGE ( 'NONE', *, *, #1877, .T. ) ;
#3908 = CARTESIAN_POINT ( 'NONE',  ( 34.49999999999998579, 14.99999999999997335, 1.500000000000000000 ) ) ;
#3909 = DIRECTION ( 'NONE',  ( 0.000000000000000000, -1.000000000000000000, 0.000000000000000000 ) ) ;
#3910 = ADVANCED_FACE ( 'NONE', ( #5526 ), #2182, .T. ) ;
#3911 = ORIENTED_EDGE ( 'NONE', *, *, #6132, .F. ) ;
#3912 = CARTESIAN_POINT ( 'NONE',  ( 36.00000000000000711, -76.73886239618028071, -1.000000000000000000 ) ) ;
#3913 = ORIENTED_EDGE ( 'NONE', *, *, #2023, .F. ) ;
#3914 = FACE_OUTER_BOUND ( 'NONE', #935, .T. ) ;
#3915 = DIRECTION ( 'NONE',  ( -0.000000000000000000, 0.000000000000000000, 1.000000000000000000 ) ) ;
#3916 = CARTESIAN_POINT ( 'NONE',  ( -37.00000000000000711, -56.57658473601188831, -56.99999999999996447 ) ) ;
#3917 = VERTEX_POINT ( 'NONE', #1234 ) ;
#3918 = DIRECTION ( 'NONE',  ( 1.000000000000000000, 0.000000000000000000, 0.000000000000000000 ) ) ;
#3919 = DIRECTION ( 'NONE',  ( -0.000000000000000000, -0.000000000000000000, -1.000000000000000000 ) ) ;
#3920 = ADVANCED_FACE ( 'NONE', ( #518 ), #6751, .T. ) ;
#3921 = ORIENTED_EDGE ( 'NONE', *, *, #6089, .T. ) ;
#3922 = ORIENTED_EDGE ( 'NONE', *, *, #4117, .T. ) ;
#3923 = EDGE_CURVE ( 'NONE', #3019, #2395, #6573, .T. ) ;
#3924 = ORIENTED_EDGE ( 'NONE', *, *, #2423, .F. ) ;
#3925 = VECTOR ( 'NONE', #4026, 1000.000000000000000 ) ;
#3926 = MANIFOLD_SOLID_BREP ( 'Boss-Extrude2', #2039 ) ;
#3927 = AXIS2_PLACEMENT_3D ( 'NONE', #2315, #4625, #7070 ) ;
#3928 = APPROVAL_DATE_TIME ( #3567, #10 ) ;
#3929 = DIRECTION ( 'NONE',  ( -0.000000000000000000, -0.000000000000000000, -1.000000000000000000 ) ) ;
#3930 = DIRECTION ( 'NONE',  ( 0.000000000000000000, 0.000000000000000000, 1.000000000000000000 ) ) ;
#3931 = ORIENTED_EDGE ( 'NONE', *, *, #2664, .T. ) ;
#3932 = ORIENTED_EDGE ( 'NONE', *, *, #509, .T. ) ;
#3933 = ORIENTED_EDGE ( 'NONE', *, *, #1979, .T. ) ;
#3934 = FACE_OUTER_BOUND ( 'NONE', #809, .T. ) ;
#3935 = DIRECTION ( 'NONE',  ( 0.000000000000000000, 1.000000000000000000, 0.000000000000000000 ) ) ;
#3936 = DIRECTION ( 'NONE',  ( 0.000000000000000000, -1.000000000000000000, 0.000000000000000000 ) ) ;
#3937 = EDGE_CURVE ( 'NONE', #1034, #2081, #4962, .T. ) ;
#3938 = CARTESIAN_POINT ( 'NONE',  ( 37.00000000000009237, -76.73886239618028071, -24.99999999999999645 ) ) ;
#3939 = DIRECTION ( 'NONE',  ( 0.000000000000000000, 0.000000000000000000, 1.000000000000000000 ) ) ;
#3940 = EDGE_CURVE ( 'NONE', #267, #4397, #3047, .T. ) ;
#3941 = DIRECTION ( 'NONE',  ( 0.000000000000000000, 0.000000000000000000, -1.000000000000000000 ) ) ;
#3942 = CC_DESIGN_SECURITY_CLASSIFICATION ( #4768, ( #3266 ) ) ;
#3943 = DIRECTION ( 'NONE',  ( 0.000000000000000000, -1.000000000000000000, 0.000000000000000000 ) ) ;
#3944 = EDGE_LOOP ( 'NONE', ( #2634, #4318, #482, #2419 ) ) ;
#3945 = ADVANCED_FACE ( 'NONE', ( #789 ), #2362, .T. ) ;
#3946 = VECTOR ( 'NONE', #2132, 1000.000000000000000 ) ;
#3947 = LINE ( 'NONE', #3183, #5393 ) ;
#3948 = PLANE ( 'NONE',  #341 ) ;
#3949 = CARTESIAN_POINT ( 'NONE',  ( -33.99999999999997868, -18.00000000000000355, 1.000000000000000000 ) ) ;
#3950 = CARTESIAN_POINT ( 'NONE',  ( -37.00000000000000711, 0.000000000000000000, -53.00000000000000000 ) ) ;
#3951 = ORIENTED_EDGE ( 'NONE', *, *, #2277, .T. ) ;
#3952 = DIRECTION ( 'NONE',  ( 0.000000000000000000, 1.000000000000000000, 0.000000000000000000 ) ) ;
#3953 = EDGE_CURVE ( 'NONE', #7393, #217, #43, .T. ) ;
#3954 = VECTOR ( 'NONE', #6357, 1000.000000000000000 ) ;
#3955 = LINE ( 'NONE', #5543, #6135 ) ;
#3956 = ADVANCED_FACE ( 'NONE', ( #6917 ), #3888, .T. ) ;
#3957 = DIRECTION ( 'NONE',  ( -0.3162277660168381077, 0.000000000000000000, 0.9486832980505137680 ) ) ;
#3958 = ORIENTED_EDGE ( 'NONE', *, *, #2616, .T. ) ;
#3959 = DIRECTION ( 'NONE',  ( 8.673617379884027583E-16, -0.000000000000000000, 1.000000000000000000 ) ) ;
#3960 = DIRECTION ( 'NONE',  ( -0.000000000000000000, -0.000000000000000000, -1.000000000000000000 ) ) ;
#3961 = LINE ( 'NONE', #5149, #5491 ) ;
#3962 = VECTOR ( 'NONE', #1950, 1000.000000000000114 ) ;
#3963 = AXIS2_PLACEMENT_3D ( 'NONE', #2222, #7642, #1096 ) ;
#3964 = EDGE_LOOP ( 'NONE', ( #6502, #4726, #7370, #5591 ) ) ;
#3965 = CARTESIAN_POINT ( 'NONE',  ( 37.00000000000000711, -56.57658473601188831, -4.000000000000000888 ) ) ;
#3966 = ADVANCED_FACE ( 'NONE', ( #2391 ), #1658, .T. ) ;
#3967 = ORIENTED_EDGE ( 'NONE', *, *, #5424, .T. ) ;
#3968 = ORIENTED_EDGE ( 'NONE', *, *, #2125, .T. ) ;
#3969 = PLANE ( 'NONE',  #410 ) ;
#3970 = CARTESIAN_POINT ( 'NONE',  ( 40.00000000000000711, -76.57658473601189542, -59.00000000000000000 ) ) ;
#3971 = VERTEX_POINT ( 'NONE', #3533 ) ;
#3972 = CARTESIAN_POINT ( 'NONE',  ( 31.00000000000000000, -56.57658473601188831, 41.49999999999999289 ) ) ;
#3973 = PLANE ( 'NONE',  #3559 ) ;
#3974 = VECTOR ( 'NONE', #6343, 1000.000000000000000 ) ;
#3975 = ORIENTED_EDGE ( 'NONE', *, *, #4814, .T. ) ;
#3976 = ORIENTED_EDGE ( 'NONE', *, *, #3992, .T. ) ;
#3977 = ORIENTED_EDGE ( 'NONE', *, *, #2877, .T. ) ;
#3978 = ORIENTED_EDGE ( 'NONE', *, *, #908, .F. ) ;
#3979 = DIRECTION ( 'NONE',  ( 0.000000000000000000, 0.000000000000000000, 1.000000000000000000 ) ) ;
#3980 = VERTEX_POINT ( 'NONE', #5364 ) ;
#3981 = DIRECTION ( 'NONE',  ( 1.000000000000000000, 0.000000000000000000, 0.000000000000000000 ) ) ;
#3982 = EDGE_CURVE ( 'NONE', #7538, #1863, #231, .T. ) ;
#3983 = LINE ( 'NONE', #897, #1152 ) ;
#3984 = AXIS2_PLACEMENT_3D ( 'NONE', #5339, #3473, #6550 ) ;
#3985 = CONTEXT_DEPENDENT_SHAPE_REPRESENTATION ( #7770, #2166 ) ;
#3986 = VERTEX_POINT ( 'NONE', #7082 ) ;
#3987 = VECTOR ( 'NONE', #7691, 1000.000000000000000 ) ;
#3988 = VECTOR ( 'NONE', #3515, 1000.000000000000000 ) ;
#3989 = DIRECTION ( 'NONE',  ( 1.000000000000000000, 0.000000000000000000, -8.673617379884027583E-16 ) ) ;
#3990 = DIRECTION ( 'NONE',  ( 0.000000000000000000, 0.000000000000000000, -1.000000000000000000 ) ) ;
#3991 = EDGE_CURVE ( 'NONE', #5430, #245, #3227, .T. ) ;
#3992 = EDGE_CURVE ( 'NONE', #2733, #317, #1652, .T. ) ;
#3993 = ORIENTED_EDGE ( 'NONE', *, *, #3595, .F. ) ;
#3994 =( GEOMETRIC_REPRESENTATION_CONTEXT ( 3 ) GLOBAL_UNCERTAINTY_ASSIGNED_CONTEXT ( ( #1231 ) ) GLOBAL_UNIT_ASSIGNED_CONTEXT ( ( #7611, #3412, #6408 ) ) REPRESENTATION_CONTEXT ( 'NONE', 'WORKASPACE' ) );
#3995 = ORIENTED_EDGE ( 'NONE', *, *, #3108, .F. ) ;
#3996 = VECTOR ( 'NONE', #2531, 1000.000000000000000 ) ;
#3997 = DIRECTION ( 'NONE',  ( 1.000000000000000000, 0.000000000000000000, 0.000000000000000000 ) ) ;
#3998 = DIRECTION ( 'NONE',  ( 0.3162277660168382187, 0.000000000000000000, 0.9486832980505136570 ) ) ;
#3999 = CARTESIAN_POINT ( 'NONE',  ( -36.00000000000009237, -76.73886239618028071, 27.00000000000000000 ) ) ;
#4000 = ADVANCED_FACE ( 'NONE', ( #7117 ), #7699, .F. ) ;
#4001 = ORIENTED_EDGE ( 'NONE', *, *, #5222, .T. ) ;
#4002 = PERSON_AND_ORGANIZATION ( #1820, #6598 ) ;
#4003 = EDGE_CURVE ( 'NONE', #3092, #4059, #5438, .T. ) ;
#4004 = AXIS2_PLACEMENT_3D ( 'NONE', #5846, #6454, #4569 ) ;
#4005 = DIRECTION ( 'NONE',  ( 0.7071067811865442421, 0.000000000000000000, 0.7071067811865507924 ) ) ;
#4006 = DIRECTION ( 'NONE',  ( 8.673617379884027583E-16, 0.000000000000000000, -1.000000000000000000 ) ) ;
#4007 = CARTESIAN_POINT ( 'NONE',  ( -37.00000000000000711, -73.57658473601189542, 51.00000000000000000 ) ) ;
#4008 = DIRECTION ( 'NONE',  ( 0.000000000000000000, 0.000000000000000000, -1.000000000000000000 ) ) ;
#4009 = CARTESIAN_POINT ( 'NONE',  ( -37.00000000000009237, -73.57658473601189542, -27.00000000000000000 ) ) ;
#4010 = ORIENTED_EDGE ( 'NONE', *, *, #3222, .F. ) ;
#4011 = ADVANCED_FACE ( 'NONE', ( #2203 ), #7722, .F. ) ;
#4012 = CIRCLE ( 'NONE', #185, 0.5000000000000004441 ) ;
#4013 = CARTESIAN_POINT ( 'NONE',  ( 37.00000000000000711, -76.73886239618028071, 1.000000000000000888 ) ) ;
#4014 = DIRECTION ( 'NONE',  ( 1.000000000000000000, 0.000000000000000000, 0.000000000000000000 ) ) ;
#4015 = VERTEX_POINT ( 'NONE', #4695 ) ;
#4016 = CARTESIAN_POINT ( 'NONE',  ( 34.49999999999998579, 14.99999999999997335, 1.500000000000000000 ) ) ;
#4017 = DIRECTION ( 'NONE',  ( -1.000000000000000000, 0.000000000000000000, -0.000000000000000000 ) ) ;
#4018 = VECTOR ( 'NONE', #5829, 1000.000000000000000 ) ;
#4019 = APPROVAL_STATUS ( 'not_yet_approved' ) ;
#4020 = ORIENTED_EDGE ( 'NONE', *, *, #889, .T. ) ;
#4021 = EDGE_LOOP ( 'NONE', ( #1046, #2696, #6458, #3865 ) ) ;
#4022 = VECTOR ( 'NONE', #6057, 1000.000000000000000 ) ;
#4023 = DIRECTION ( 'NONE',  ( 0.000000000000000000, 1.000000000000000000, 0.000000000000000000 ) ) ;
#4024 = DIRECTION ( 'NONE',  ( 0.000000000000000000, 0.000000000000000000, 1.000000000000000000 ) ) ;
#4025 = ORIENTED_EDGE ( 'NONE', *, *, #2887, .T. ) ;
#4026 = DIRECTION ( 'NONE',  ( -0.000000000000000000, -1.000000000000000000, -0.000000000000000000 ) ) ;
#4027 = FACE_OUTER_BOUND ( 'NONE', #5234, .T. ) ;
#4028 = CARTESIAN_POINT ( 'NONE',  ( 40.00000000000000711, -76.57658473601189542, -59.00000000000000000 ) ) ;
#4029 = ORIENTED_EDGE ( 'NONE', *, *, #6543, .T. ) ;
#4030 = AXIS2_PLACEMENT_3D ( 'NONE', #741, #6159, #7396 ) ;
#4031 = EDGE_LOOP ( 'NONE', ( #6715, #2004, #40, #6541 ) ) ;
#4032 = ORIENTED_EDGE ( 'NONE', *, *, #657, .F. ) ;
#4033 = CARTESIAN_POINT ( 'NONE',  ( -35.00000000000000000, -71.57658473601189542, 53.00000000000000000 ) ) ;
#4034 = CARTESIAN_POINT ( 'NONE',  ( -37.00000000000000711, -73.57658473601189542, -56.99999999999996447 ) ) ;
#4035 = ORIENTED_EDGE ( 'NONE', *, *, #4546, .F. ) ;
#4036 = CARTESIAN_POINT ( 'NONE',  ( 37.00000000000009237, -56.57658473601188831, 22.00000000000000000 ) ) ;
#4037 = VECTOR ( 'NONE', #7749, 1000.000000000000000 ) ;
#4038 = ADVANCED_FACE ( 'NONE', ( #5048 ), #4083, .F. ) ;
#4039 = EDGE_CURVE ( 'NONE', #788, #6148, #605, .T. ) ;
#4040 = CARTESIAN_POINT ( 'NONE',  ( 37.00000000000000711, -73.57658473601189542, -1.000000000000000888 ) ) ;
#4041 = ORIENTED_EDGE ( 'NONE', *, *, #7234, .F. ) ;
#4042 = AXIS2_PLACEMENT_3D ( 'NONE', #2161, #4598, #770 ) ;
#4043 = CARTESIAN_POINT ( 'NONE',  ( -34.00000000000000000, 14.99999999999999645, 1.000000000000000000 ) ) ;
#4044 = ORIENTED_EDGE ( 'NONE', *, *, #5, .F. ) ;
#4045 = VECTOR ( 'NONE', #1787, 1000.000000000000000 ) ;
#4046 = CARTESIAN_POINT ( 'NONE',  ( -37.00000000000009237, -73.57658473601189542, -24.99999999999999645 ) ) ;
#4047 = LINE ( 'NONE', #1381, #4614 ) ;
#4048 = ORIENTED_EDGE ( 'NONE', *, *, #5669, .F. ) ;
#4049 = ORIENTED_EDGE ( 'NONE', *, *, #6839, .T. ) ;
#4050 = ADVANCED_FACE ( 'NONE', ( #2107 ), #7134, .T. ) ;
#4051 = PERSON_AND_ORGANIZATION_ROLE ( 'classification_officer' ) ;
#4052 = VECTOR ( 'NONE', #6698, 1000.000000000000000 ) ;
#4053 = EDGE_CURVE ( 'NONE', #439, #6131, #2485, .T. ) ;
#4054 = DIRECTION ( 'NONE',  ( 0.000000000000000000, 0.000000000000000000, -1.000000000000000000 ) ) ;
#4055 = EDGE_CURVE ( 'NONE', #6895, #6231, #6263, .T. ) ;
#4056 = LINE ( 'NONE', #7779, #7067 ) ;
#4057 = PRODUCT_RELATED_PRODUCT_CATEGORY ( 'detail', '', ( #6724 ) ) ;
#4058 = CARTESIAN_POINT ( 'NONE',  ( 0.000000000000000000, -73.57658473601189542, -53.00000000000000000 ) ) ;
#4059 = VERTEX_POINT ( 'NONE', #5288 ) ;
#4060 = VECTOR ( 'NONE', #6803, 1000.000000000000000 ) ;
#4061 = CARTESIAN_POINT ( 'NONE',  ( 34.49999999999998579, -15.00000000000000000, 1.000000000000000000 ) ) ;
#4062 = DIRECTION ( 'NONE',  ( 1.000000000000000000, 0.000000000000000000, 0.000000000000000000 ) ) ;
#4063 = FACE_OUTER_BOUND ( 'NONE', #3964, .T. ) ;
#4064 = CARTESIAN_POINT ( 'NONE',  ( -31.00000000000000000, -56.57658473601188831, -40.00000000000000000 ) ) ;
#4065 = CARTESIAN_POINT ( 'NONE',  ( -40.00000000000000711, -56.57658473601188831, -59.00000000000000000 ) ) ;
#4066 = ORIENTED_EDGE ( 'NONE', *, *, #4875, .F. ) ;
#4067 = ORIENTED_EDGE ( 'NONE', *, *, #6877, .F. ) ;
#4068 = VECTOR ( 'NONE', #2026, 1000.000000000000000 ) ;
#4069 = FACE_BOUND ( 'NONE', #2352, .T. ) ;
#4070 = VERTEX_POINT ( 'NONE', #422 ) ;
#4071 = CARTESIAN_POINT ( 'NONE',  ( -40.00000000000000711, -76.57658473601189542, -59.00000000000000000 ) ) ;
#4072 = DIRECTION ( 'NONE',  ( 0.000000000000000000, -0.000000000000000000, 1.000000000000000000 ) ) ;
#4073 = ORIENTED_EDGE ( 'NONE', *, *, #7478, .T. ) ;
#4074 = EDGE_LOOP ( 'NONE', ( #5040, #5652 ) ) ;
#4075 = ORIENTED_EDGE ( 'NONE', *, *, #3890, .T. ) ;
#4076 = VERTEX_POINT ( 'NONE', #1630 ) ;
#4077 = AXIS2_PLACEMENT_3D ( 'NONE', #7497, #1535, #7548 ) ;
#4078 = LOCAL_TIME ( 13, 37, 31.00000000000000000, #2649 ) ;
#4079 = FACE_OUTER_BOUND ( 'NONE', #2636, .T. ) ;
#4080 = DIRECTION ( 'NONE',  ( -0.000000000000000000, 0.000000000000000000, 1.000000000000000000 ) ) ;
#4081 = APPLICATION_PROTOCOL_DEFINITION ( 'international standard', 'config_control_design', 1994, #438 ) ;
#4082 = ORIENTED_EDGE ( 'NONE', *, *, #7700, .T. ) ;
#4083 = PLANE ( 'NONE',  #394 ) ;
#4084 = CARTESIAN_POINT ( 'NONE',  ( -40.00000000000000711, -76.57658473601189542, 59.00000000000000000 ) ) ;
#4085 = ORIENTED_EDGE ( 'NONE', *, *, #362, .F. ) ;
#4086 = CARTESIAN_POINT ( 'NONE',  ( -37.00000000000009237, -56.57658473601188831, -22.00000000000000000 ) ) ;
#4087 = LINE ( 'NONE', #4992, #4285 ) ;
#4088 = FACE_OUTER_BOUND ( 'NONE', #2357, .T. ) ;
#4089 = PERSON_AND_ORGANIZATION ( #1820, #6598 ) ;
#4090 = EDGE_CURVE ( 'NONE', #6116, #6296, #5252, .T. ) ;
#4091 = DIRECTION ( 'NONE',  ( 1.000000000000000000, 0.000000000000000000, 0.000000000000000000 ) ) ;
#4092 = CARTESIAN_POINT ( 'NONE',  ( 37.00000000000000711, -73.57658473601189542, -59.00000000000000000 ) ) ;
#4093 = PLANE ( 'NONE',  #5250 ) ;
#4094 = CARTESIAN_POINT ( 'NONE',  ( 37.00000000000000711, -73.57658473601189542, -59.00000000000000000 ) ) ;
#4095 = ORIENTED_EDGE ( 'NONE', *, *, #7464, .F. ) ;
#4096 = EDGE_CURVE ( 'NONE', #4280, #5274, #7301, .T. ) ;
#4097 = ORIENTED_EDGE ( 'NONE', *, *, #1352, .T. ) ;
#4098 = DIRECTION ( 'NONE',  ( 0.000000000000000000, 1.000000000000000000, 0.000000000000000000 ) ) ;
#4099 = LINE ( 'NONE', #411, #416 ) ;
#4100 = AXIS2_PLACEMENT_3D ( 'NONE', #4442, #3157, #151 ) ;
#4101 = ADVANCED_FACE ( 'NONE', ( #3812 ), #6574, .F. ) ;
#4102 = LINE ( 'NONE', #6881, #3632 ) ;
#4103 = ORIENTED_EDGE ( 'NONE', *, *, #6839, .F. ) ;
#4104 = PLANE ( 'NONE',  #2108 ) ;
#4106 = LINE ( 'NONE', #5390, #3436 ) ;
#4105 = CARTESIAN_POINT ( 'NONE',  ( 33.99999999999998579, 14.99999999999999645, 1.000000000000000000 ) ) ;
#4107 = EDGE_CURVE ( 'NONE', #1944, #3741, #5615, .T. ) ;
#4108 = EDGE_CURVE ( 'NONE', #5558, #300, #3637, .T. ) ;
#4109 = CC_DESIGN_PERSON_AND_ORGANIZATION_ASSIGNMENT ( #6720, #6692, ( #5008 ) ) ;
#4110 = ORIENTED_EDGE ( 'NONE', *, *, #3796, .F. ) ;
#4111 = CARTESIAN_POINT ( 'NONE',  ( 36.00000000000009237, -73.57658473601189542, -27.00000000000000000 ) ) ;
#4112 = PERSON_AND_ORGANIZATION_ROLE ( 'classification_officer' ) ;
#4113 = LINE ( 'NONE', #2578, #882 ) ;
#4114 = DIRECTION ( 'NONE',  ( 0.5773502691896245098, 0.5773502691896230665, 0.5773502691896296168 ) ) ;
#4115 = CARTESIAN_POINT ( 'NONE',  ( -37.00000000000000711, -73.57658473601189542, 56.99999999999996447 ) ) ;
#4116 = CARTESIAN_POINT ( 'NONE',  ( -37.00000000000000711, -76.73886239618028071, 1.000000000000000888 ) ) ;
#4117 = EDGE_CURVE ( 'NONE', #7108, #4781, #3897, .T. ) ;
#4118 = ORIENTED_EDGE ( 'NONE', *, *, #474, .T. ) ;
#4119 = VECTOR ( 'NONE', #6200, 1000.000000000000000 ) ;
#4120 = CARTESIAN_POINT ( 'NONE',  ( -36.00000000000000711, -76.73886239618028071, -1.000000000000000000 ) ) ;
#4121 = CARTESIAN_POINT ( 'NONE',  ( -37.00000000000000711, -56.57658473601188831, -53.00000000000000000 ) ) ;
#4122 = CARTESIAN_POINT ( 'NONE',  ( 37.00000000000000711, -56.57658473601188831, 59.00000000000000000 ) ) ;
#4123 = CARTESIAN_POINT ( 'NONE',  ( -37.00000000000000711, -56.57658473601188831, 53.00000000000000000 ) ) ;
#4124 = LINE ( 'NONE', #5870, #3654 ) ;
#4125 = VECTOR ( 'NONE', #702, 1000.000000000000000 ) ;
#4126 = ORIENTED_EDGE ( 'NONE', *, *, #1509, .F. ) ;
#4127 = AXIS2_PLACEMENT_3D ( 'NONE', #3232, #6285, #5157 ) ;
#4128 = DIRECTION ( 'NONE',  ( 0.000000000000000000, 1.000000000000000000, 0.000000000000000000 ) ) ;
#4129 = ORIENTED_EDGE ( 'NONE', *, *, #3504, .F. ) ;
#4130 = ORIENTED_EDGE ( 'NONE', *, *, #7125, .T. ) ;
#4131 = VERTEX_POINT ( 'NONE', #44 ) ;
#4132 = LINE ( 'NONE', #986, #1682 ) ;
#4133 = CALENDAR_DATE ( 2022, 27, 1 ) ;
#4134 = DIRECTION ( 'NONE',  ( 0.000000000000000000, 0.000000000000000000, 1.000000000000000000 ) ) ;
#4135 = DIRECTION ( 'NONE',  ( 1.000000000000000000, 0.000000000000000000, 0.000000000000000000 ) ) ;
#4136 = DIRECTION ( 'NONE',  ( 0.000000000000000000, 1.000000000000000000, 0.000000000000000000 ) ) ;
#4137 = EDGE_LOOP ( 'NONE', ( #2458, #7494, #3536, #146 ) ) ;
#4138 = ORIENTED_EDGE ( 'NONE', *, *, #2461, .F. ) ;
#4139 = VECTOR ( 'NONE', #4683, 1000.000000000000000 ) ;
#4140 = AXIS2_PLACEMENT_3D ( 'NONE', #6282, #6912, #5684 ) ;
#4141 = SHAPE_REPRESENTATION_RELATIONSHIP ( 'NONE' , 'NONE' ,  #6942, #6615 ) ;
#4142 = DIRECTION ( 'NONE',  ( 0.000000000000000000, 0.000000000000000000, 1.000000000000000000 ) ) ;
#4143 = CARTESIAN_POINT ( 'NONE',  ( -31.00000000000000000, -73.57658473601189542, 41.50000000000000000 ) ) ;
#4144 = PLANE ( 'NONE',  #1287 ) ;
#4145 = ORIENTED_EDGE ( 'NONE', *, *, #4149, .F. ) ;
#4146 = VECTOR ( 'NONE', #3952, 1000.000000000000000 ) ;
#4147 = CARTESIAN_POINT ( 'NONE',  ( 0.000000000000000000, 0.000000000000000000, 1.500000000000000000 ) ) ;
#4148 = VECTOR ( 'NONE', #3853, 1000.000000000000000 ) ;
#4149 = EDGE_CURVE ( 'NONE', #6234, #881, #6093, .T. ) ;
#4150 = AXIS2_PLACEMENT_3D ( 'NONE', #7423, #747, #4987 ) ;
#4151 = CARTESIAN_POINT ( 'NONE',  ( -38.00000000000002842, 0.000000000000000000, 57.99999999999999289 ) ) ;
#4152 = ORIENTED_EDGE ( 'NONE', *, *, #1956, .F. ) ;
#4153 = VECTOR ( 'NONE', #7781, 1000.000000000000000 ) ;
#4154 = VECTOR ( 'NONE', #4350, 1000.000000000000000 ) ;
#4155 = DIRECTION ( 'NONE',  ( 0.000000000000000000, 0.000000000000000000, 1.000000000000000000 ) ) ;
#4156 = DATE_TIME_ROLE ( 'classification_date' ) ;
#4157 = VERTEX_POINT ( 'NONE', #4159 ) ;
#4158 = EDGE_CURVE ( 'NONE', #7306, #2171, #4106, .T. ) ;
#4159 = CARTESIAN_POINT ( 'NONE',  ( -37.00000000000000711, -73.57658473601189542, -54.99999999999999289 ) ) ;
#4160 = DIRECTION ( 'NONE',  ( -0.000000000000000000, 0.000000000000000000, 1.000000000000000000 ) ) ;
#4161 = EDGE_CURVE ( 'NONE', #3782, #5630, #515, .T. ) ;
#4162 = VECTOR ( 'NONE', #6278, 1000.000000000000000 ) ;
#4163 = DIRECTION ( 'NONE',  ( 0.000000000000000000, 0.000000000000000000, 1.000000000000000000 ) ) ;
#4164 = CC_DESIGN_SECURITY_CLASSIFICATION ( #3753, ( #7831 ) ) ;
#4165 = CARTESIAN_POINT ( 'NONE',  ( -37.00000000000000711, -14.99999999999998046, -1.000000000000000000 ) ) ;
#4166 = LINE ( 'NONE', #3, #1504 ) ;
#4167 = ORIENTED_EDGE ( 'NONE', *, *, #1561, .F. ) ;
#4168 = VERTEX_POINT ( 'NONE', #2959 ) ;
#4169 = ORIENTED_EDGE ( 'NONE', *, *, #2886, .F. ) ;
#4170 = DIRECTION ( 'NONE',  ( 1.000000000000000000, 0.000000000000000000, 0.000000000000000000 ) ) ;
#4171 = ORIENTED_EDGE ( 'NONE', *, *, #6770, .T. ) ;
#4172 = CARTESIAN_POINT ( 'NONE',  ( 33.99999999999998579, 14.99999999999999645, 1.500000000000000000 ) ) ;
#4173 = VECTOR ( 'NONE', #3929, 1000.000000000000000 ) ;
#4174 = DIRECTION ( 'NONE',  ( -0.3162277660168381077, 0.000000000000000000, -0.9486832980505137680 ) ) ;
#4175 = AXIS2_PLACEMENT_3D ( 'NONE', #5350, #6582, #7093 ) ;
#4176 = EDGE_LOOP ( 'NONE', ( #3426, #4110, #5535, #2184, #1822, #1244, #194, #5512 ) ) ;
#4177 = ORIENTED_EDGE ( 'NONE', *, *, #1274, .F. ) ;
#4178 = EDGE_LOOP ( 'NONE', ( #1804, #5033, #171, #1407 ) ) ;
#4179 = EDGE_LOOP ( 'NONE', ( #6717, #7227 ) ) ;
#4180 = CIRCLE ( 'NONE', #3586, 3.500000000000003109 ) ;
#4181 = CARTESIAN_POINT ( 'NONE',  ( -33.99999999999997868, 17.99999999999999645, -1.000000000000000000 ) ) ;
#4182 = ORIENTED_EDGE ( 'NONE', *, *, #1320, .T. ) ;
#4183 = VECTOR ( 'NONE', #1271, 1000.000000000000000 ) ;
#4184 = DIRECTION ( 'NONE',  ( -0.000000000000000000, 1.000000000000000000, -0.000000000000000000 ) ) ;
#4185 = MECHANICAL_CONTEXT ( 'NONE', #5256, 'mechanical' ) ;
#4186 = VECTOR ( 'NONE', #2436, 1000.000000000000000 ) ;
#4187 = DIRECTION ( 'NONE',  ( 1.000000000000000000, 0.000000000000000000, 0.000000000000000000 ) ) ;
#4188 = DIRECTION ( 'NONE',  ( -0.3162277660168382187, 0.000000000000000000, 0.9486832980505136570 ) ) ;
#4189 = CARTESIAN_POINT ( 'NONE',  ( -37.00000000000000711, -73.57658473601189542, -59.00000000000000000 ) ) ;
#4190 = ORIENTED_EDGE ( 'NONE', *, *, #2378, .F. ) ;
#4191 = LINE ( 'NONE', #4931, #1349 ) ;
#4192 = DIRECTION ( 'NONE',  ( -1.000000000000000000, 0.000000000000000000, 0.000000000000000000 ) ) ;
#4193 = CARTESIAN_POINT ( 'NONE',  ( 0.000000000000000000, 0.000000000000000000, 59.00000000000000000 ) ) ;
#4194 = PLANE ( 'NONE',  #1033 ) ;
#4195 = EDGE_CURVE ( 'NONE', #4783, #4015, #319, .T. ) ;
#4196 = ORIENTED_EDGE ( 'NONE', *, *, #2776, .F. ) ;
#4197 = LINE ( 'NONE', #4412, #7785 ) ;
#4198 = DIRECTION ( 'NONE',  ( 0.000000000000000000, 0.000000000000000000, -1.000000000000000000 ) ) ;
#4199 = DIRECTION ( 'NONE',  ( 0.000000000000000000, 0.000000000000000000, 1.000000000000000000 ) ) ;
#4200 = DIRECTION ( 'NONE',  ( 1.000000000000000000, 0.000000000000000000, 0.000000000000000000 ) ) ;
#4201 = ORIENTED_EDGE ( 'NONE', *, *, #6726, .F. ) ;
#4202 = DIRECTION ( 'NONE',  ( -1.000000000000000000, 0.000000000000000000, 0.000000000000000000 ) ) ;
#4203 = FACE_OUTER_BOUND ( 'NONE', #4712, .T. ) ;
#4204 = EDGE_CURVE ( 'NONE', #3153, #5042, #1079, .T. ) ;
#4205 = EDGE_CURVE ( 'NONE', #5122, #7172, #6657, .T. ) ;
#4206 = SECURITY_CLASSIFICATION ( '', '', #2837 ) ;
#4207 = DIRECTION ( 'NONE',  ( 0.000000000000000000, 0.000000000000000000, 1.000000000000000000 ) ) ;
#4208 = APPROVAL_ROLE ( '' ) ;
#4209 = ORIENTED_EDGE ( 'NONE', *, *, #4494, .F. ) ;
#4210 = CARTESIAN_POINT ( 'NONE',  ( 0.000000000000000000, -71.57658473601189542, -51.00000000000000000 ) ) ;
#4211 = CARTESIAN_POINT ( 'NONE',  ( -37.00000000000000711, -56.57658473601188831, -30.00000000000000000 ) ) ;
#4212 = FACE_OUTER_BOUND ( 'NONE', #5108, .T. ) ;
#4213 = CARTESIAN_POINT ( 'NONE',  ( 37.00000000000009237, -76.73886239618028071, -22.00000000000000000 ) ) ;
#4214 = EDGE_CURVE ( 'NONE', #2808, #7630, #6476, .T. ) ;
#4215 = AXIS2_PLACEMENT_3D ( 'NONE', #6193, #6756, #5520 ) ;
#4216 = ORIENTED_EDGE ( 'NONE', *, *, #2123, .F. ) ;
#4217 = VECTOR ( 'NONE', #992, 1000.000000000000000 ) ;
#4218 = DIRECTION ( 'NONE',  ( 0.000000000000000000, 1.000000000000000000, 0.000000000000000000 ) ) ;
#4219 = CARTESIAN_POINT ( 'NONE',  ( 31.00000000000000000, -46.67708979940022118, -40.00000000000000000 ) ) ;
#4220 = ORIENTED_EDGE ( 'NONE', *, *, #5334, .T. ) ;
#4221 = VECTOR ( 'NONE', #7060, 1000.000000000000114 ) ;
#4222 = ORIENTED_EDGE ( 'NONE', *, *, #1815, .T. ) ;
#4223 = DIRECTION ( 'NONE',  ( -0.9486832980505137680, 0.000000000000000000, -0.3162277660168382742 ) ) ;
#4224 = PERSON_AND_ORGANIZATION ( #1820, #6598 ) ;
#4225 = ORIENTED_EDGE ( 'NONE', *, *, #57, .F. ) ;
#4226 = ORIENTED_EDGE ( 'NONE', *, *, #5900, .T. ) ;
#4227 = VERTEX_POINT ( 'NONE', #6620 ) ;
#4228 = LINE ( 'NONE', #7526, #2236 ) ;
#4229 = DIRECTION ( 'NONE',  ( 0.000000000000000000, -0.000000000000000000, -1.000000000000000000 ) ) ;
#4230 = CARTESIAN_POINT ( 'NONE',  ( 31.00000000000000000, -73.57658473601189542, 40.00000000000000000 ) ) ;
#4231 = ORIENTED_EDGE ( 'NONE', *, *, #5167, .T. ) ;
#4232 = ORIENTED_EDGE ( 'NONE', *, *, #6576, .T. ) ;
#4233 = VECTOR ( 'NONE', #7258, 1000.000000000000000 ) ;
#4234 = DIRECTION ( 'NONE',  ( 0.000000000000000000, -1.000000000000000000, 0.000000000000000000 ) ) ;
#4235 = VECTOR ( 'NONE', #4341, 1000.000000000000114 ) ;
#4236 = DIRECTION ( 'NONE',  ( 1.000000000000000000, 0.000000000000000000, -0.000000000000000000 ) ) ;
#4237 = CARTESIAN_POINT ( 'NONE',  ( 31.00000000000000000, -73.57658473601189542, -41.49999999999999289 ) ) ;
#4238 = EDGE_CURVE ( 'NONE', #1090, #921, #1838, .T. ) ;
#4239 = ORIENTED_EDGE ( 'NONE', *, *, #174, .F. ) ;
#4240 = AXIS2_PLACEMENT_3D ( 'NONE', #7669, #7079, #1069 ) ;
#4241 = FACE_OUTER_BOUND ( 'NONE', #2983, .T. ) ;
#4242 = DIRECTION ( 'NONE',  ( 1.000000000000000000, 0.000000000000000000, 8.673617379884027583E-16 ) ) ;
#4243 = CARTESIAN_POINT ( 'NONE',  ( 36.00000000000009237, -56.57658473601188831, 27.00000000000000000 ) ) ;
#4244 = VECTOR ( 'NONE', #3301, 1000.000000000000000 ) ;
#4245 = ORIENTED_EDGE ( 'NONE', *, *, #4773, .F. ) ;
#4246 = EDGE_CURVE ( 'NONE', #4168, #4543, #4869, .T. ) ;
#4247 = VECTOR ( 'NONE', #6297, 1000.000000000000000 ) ;
#4248 = DIRECTION ( 'NONE',  ( 0.000000000000000000, 1.000000000000000000, 0.000000000000000000 ) ) ;
#4249 = EDGE_CURVE ( 'NONE', #5906, #769, #5707, .T. ) ;
#4250 = EDGE_CURVE ( 'NONE', #2133, #6790, #7693, .T. ) ;
#4251 = FACE_OUTER_BOUND ( 'NONE', #6333, .T. ) ;
#4252 = CARTESIAN_POINT ( 'NONE',  ( -31.00000000000000000, -73.57658473601189542, -38.50000000000000000 ) ) ;
#4253 = DIRECTION ( 'NONE',  ( 0.000000000000000000, -1.000000000000000000, 0.000000000000000000 ) ) ;
#4254 = ORIENTED_EDGE ( 'NONE', *, *, #763, .F. ) ;
#4255 = EDGE_LOOP ( 'NONE', ( #2169, #1615, #7656, #3977 ) ) ;
#4256 = EDGE_LOOP ( 'NONE', ( #3701, #3791, #629, #4763, #4698, #6605, #4032, #4843, #1741, #1084, #6910, #532, #2457, #2999, #512, #1903, #3373, #2448, #1987, #7461, #1000, #6071, #3568, #2433, #6897, #1383, #7682, #1995, #7456, #4769, #2293, #5243, #2179, #1384, #6527, #6238, #733, #6713, #1846, #2099 ) ) ;
#4257 = LINE ( 'NONE', #7661, #2177 ) ;
#4258 = APPROVAL_ROLE ( '' ) ;
#4259 = VERTEX_POINT ( 'NONE', #637 ) ;
#4260 = EDGE_CURVE ( 'NONE', #2361, #5826, #1267, .T. ) ;
#4261 = CARTESIAN_POINT ( 'NONE',  ( 36.99999999999999289, 14.99999999999997335, -1.000000000000000000 ) ) ;
#4262 = VERTEX_POINT ( 'NONE', #1255 ) ;
#4263 = PLANE ( 'NONE',  #82 ) ;
#4264 = ORIENTED_EDGE ( 'NONE', *, *, #7476, .F. ) ;
#4265 = DIRECTION ( 'NONE',  ( 0.000000000000000000, 0.000000000000000000, 1.000000000000000000 ) ) ;
#4266 = DIRECTION ( 'NONE',  ( 0.000000000000000000, 1.000000000000000000, 0.000000000000000000 ) ) ;
#4267 = EDGE_LOOP ( 'NONE', ( #1343, #2840, #4899, #5095 ) ) ;
#4268 = CALENDAR_DATE ( 2022, 27, 1 ) ;
#4269 = VECTOR ( 'NONE', #5361, 1000.000000000000000 ) ;
#4270 = CARTESIAN_POINT ( 'NONE',  ( 31.00000000000000000, -73.57658473601189542, -43.50000000000000711 ) ) ;
#4271 = CARTESIAN_POINT ( 'NONE',  ( 36.99999999999999289, -14.99999999999998046, -1.000000000000000000 ) ) ;
#4272 = ORIENTED_EDGE ( 'NONE', *, *, #1411, .F. ) ;
#4273 = ORIENTED_EDGE ( 'NONE', *, *, #6041, .T. ) ;
#4274 = CARTESIAN_POINT ( 'NONE',  ( 37.00000000000000711, -56.57658473601188831, 24.99999999999999289 ) ) ;
#4275 = VECTOR ( 'NONE', #4326, 1000.000000000000000 ) ;
#4276 = AXIS2_PLACEMENT_3D ( 'NONE', #6168, #1308, #3163 ) ;
#4277 = FACE_OUTER_BOUND ( 'NONE', #6209, .T. ) ;
#4278 = LOCAL_TIME ( 13, 37, 31.00000000000000000, #5901 ) ;
#4279 = DIRECTION ( 'NONE',  ( -1.000000000000000000, 0.000000000000000000, 0.000000000000000000 ) ) ;
#4280 = VERTEX_POINT ( 'NONE', #4261 ) ;
#4281 = DIRECTION ( 'NONE',  ( -0.3162277660168382742, -0.000000000000000000, 0.9486832980505137680 ) ) ;
#4282 = ORIENTED_EDGE ( 'NONE', *, *, #2935, .F. ) ;
#4284 = LINE ( 'NONE', #4573, #5245 ) ;
#4283 = DIRECTION ( 'NONE',  ( 0.000000000000000000, 0.000000000000000000, -1.000000000000000000 ) ) ;
#4285 = VECTOR ( 'NONE', #5727, 1000.000000000000114 ) ;
#4286 = VERTEX_POINT ( 'NONE', #2487 ) ;
#4287 = CARTESIAN_POINT ( 'NONE',  ( -37.00000000000000711, -73.57658473601189542, -59.00000000000000000 ) ) ;
#4288 = VECTOR ( 'NONE', #6494, 1000.000000000000114 ) ;
#4289 = AXIS2_PLACEMENT_3D ( 'NONE', #5258, #5861, #1687 ) ;
#4290 = PLANE ( 'NONE',  #7809 ) ;
#4291 = CARTESIAN_POINT ( 'NONE',  ( 31.00000000000000000, -73.57658473601189542, 40.00000000000000000 ) ) ;
#4292 = ORIENTED_EDGE ( 'NONE', *, *, #67, .F. ) ;
#4293 = VECTOR ( 'NONE', #4202, 1000.000000000000000 ) ;
#4294 = PLANE ( 'NONE',  #5888 ) ;
#4295 = DIRECTION ( 'NONE',  ( 1.000000000000000000, 0.000000000000000000, 0.000000000000000000 ) ) ;
#4296 = CARTESIAN_POINT ( 'NONE',  ( 36.00000000000009237, -76.73886239618028071, 27.00000000000000000 ) ) ;
#4297 = EDGE_CURVE ( 'NONE', #334, #3243, #140, .T. ) ;
#4298 = AXIS2_PLACEMENT_3D ( 'NONE', #2076, #5174, #7535 ) ;
#4299 = CARTESIAN_POINT ( 'NONE',  ( -31.00000000000000000, -56.57658473601188831, 40.00000000000000000 ) ) ;
#4300 = ORIENTED_EDGE ( 'NONE', *, *, #4404, .T. ) ;
#4301 = VECTOR ( 'NONE', #4516, 1000.000000000000000 ) ;
#4302 = CARTESIAN_POINT ( 'NONE',  ( -35.00000000000000000, -56.57658473601188831, 54.99999999999999289 ) ) ;
#4303 = EDGE_CURVE ( 'NONE', #1714, #334, #4467, .T. ) ;
#4304 = VECTOR ( 'NONE', #7135, 1000.000000000000000 ) ;
#4305 = EDGE_CURVE ( 'NONE', #1689, #245, #6746, .T. ) ;
#4306 = FACE_OUTER_BOUND ( 'NONE', #3160, .T. ) ;
#4307 = CC_DESIGN_PERSON_AND_ORGANIZATION_ASSIGNMENT ( #295, #2376, ( #4455 ) ) ;
#4308 = EDGE_LOOP ( 'NONE', ( #7408, #5689, #7308, #2530 ) ) ;
#4309 = DIRECTION ( 'NONE',  ( -0.000000000000000000, -1.000000000000000000, -0.000000000000000000 ) ) ;
#4310 = CARTESIAN_POINT ( 'NONE',  ( 37.00000000000000711, -73.57658473601189542, -59.00000000000000000 ) ) ;
#4311 = ORIENTED_EDGE ( 'NONE', *, *, #2678, .F. ) ;
#4312 = DIRECTION ( 'NONE',  ( 1.000000000000000000, 0.000000000000000000, -0.000000000000000000 ) ) ;
#4313 = CARTESIAN_POINT ( 'NONE',  ( 36.99999999999999289, -15.00000000000000355, -1.000000000000000000 ) ) ;
#4314 = VERTEX_POINT ( 'NONE', #6818 ) ;
#4315 = VECTOR ( 'NONE', #4696, 1000.000000000000000 ) ;
#4316 = AXIS2_PLACEMENT_3D ( 'NONE', #6025, #649, #7169 ) ;
#4317 = PERSON_AND_ORGANIZATION ( #1820, #6598 ) ;
#4318 = ORIENTED_EDGE ( 'NONE', *, *, #2839, .T. ) ;
#4319 = PLANE ( 'NONE',  #2638 ) ;
#4320 = ORIENTED_EDGE ( 'NONE', *, *, #7358, .F. ) ;
#4321 = DIRECTION ( 'NONE',  ( 0.000000000000000000, 0.000000000000000000, -1.000000000000000000 ) ) ;
#4322 = CARTESIAN_POINT ( 'NONE',  ( -37.00000000000000711, -73.57658473601189542, -30.00000000000000000 ) ) ;
#4323 = FACE_OUTER_BOUND ( 'NONE', #5601, .T. ) ;
#4324 = PRODUCT_DEFINITION_SHAPE ( 'NONE', 'NONE',  #7077 ) ;
#4325 = DIRECTION ( 'NONE',  ( -0.000000000000000000, -1.000000000000000000, -0.000000000000000000 ) ) ;
#4326 = DIRECTION ( 'NONE',  ( 0.000000000000000000, 1.000000000000000000, 0.000000000000000000 ) ) ;
#4327 = ORIENTED_EDGE ( 'NONE', *, *, #6279, .T. ) ;
#4328 = DIRECTION ( 'NONE',  ( -0.000000000000000000, -0.000000000000000000, -1.000000000000000000 ) ) ;
#4329 = LINE ( 'NONE', #1612, #4146 ) ;
#4330 = DIRECTION ( 'NONE',  ( 1.000000000000000000, 0.000000000000000000, 0.000000000000000000 ) ) ;
#4331 = ADVANCED_FACE ( 'NONE', ( #1449 ), #3134, .T. ) ;
#4332 = LINE ( 'NONE', #2874, #5957 ) ;
#4333 = DIRECTION ( 'NONE',  ( -0.000000000000000000, -1.000000000000000000, -0.000000000000000000 ) ) ;
#4334 = EDGE_LOOP ( 'NONE', ( #4982, #2852 ) ) ;
#4335 = LINE ( 'NONE', #1442, #1127 ) ;
#4336 = LINE ( 'NONE', #731, #3281 ) ;
#4337 = EDGE_CURVE ( 'NONE', #489, #1224, #3318, .T. ) ;
#4338 = AXIS2_PLACEMENT_3D ( 'NONE', #5882, #1115, #7105 ) ;
#4339 = VERTEX_POINT ( 'NONE', #7339 ) ;
#4340 = CARTESIAN_POINT ( 'NONE',  ( -37.00000000000000711, -56.57658473601188831, -1.000000000000000888 ) ) ;
#4341 = DIRECTION ( 'NONE',  ( -0.7071067811865442421, -0.000000000000000000, -0.7071067811865507924 ) ) ;
#4342 = VERTEX_POINT ( 'NONE', #4310 ) ;
#4343 = VECTOR ( 'NONE', #3360, 1000.000000000000000 ) ;
#4344 = CARTESIAN_POINT ( 'NONE',  ( -31.00000000000000000, -56.57658473601188831, -43.50000000000000711 ) ) ;
#4345 = VECTOR ( 'NONE', #7226, 1000.000000000000114 ) ;
#4346 = CARTESIAN_POINT ( 'NONE',  ( -35.00000000000000000, -71.57658473601189542, -54.99999999999994316 ) ) ;
#4347 = DIRECTION ( 'NONE',  ( -0.000000000000000000, -1.000000000000000000, -0.000000000000000000 ) ) ;
#4348 = CARTESIAN_POINT ( 'NONE',  ( 37.00000000000000711, -73.57658473601189542, -59.00000000000000000 ) ) ;
#4349 = ORIENTED_EDGE ( 'NONE', *, *, #4161, .T. ) ;
#4350 = DIRECTION ( 'NONE',  ( 0.000000000000000000, 0.000000000000000000, 1.000000000000000000 ) ) ;
#4351 = EDGE_CURVE ( 'NONE', #5163, #3986, #2873, .T. ) ;
#4352 = ORIENTED_EDGE ( 'NONE', *, *, #3937, .F. ) ;
#4353 = EDGE_CURVE ( 'NONE', #7183, #400, #4191, .T. ) ;
#4354 = VECTOR ( 'NONE', #1216, 1000.000000000000000 ) ;
#4355 = CC_DESIGN_PERSON_AND_ORGANIZATION_ASSIGNMENT ( #4957, #1706, ( #2730 ) ) ;
#4356 = CARTESIAN_POINT ( 'NONE',  ( -31.00000000000000000, -46.67708979940022118, 41.50000000000000000 ) ) ;
#4357 = CYLINDRICAL_SURFACE ( 'NONE', #7269, 1.499999999999994449 ) ;
#4358 = CARTESIAN_POINT ( 'NONE',  ( 37.00000000000000711, -56.57658473601188831, -54.99999999999999289 ) ) ;
#4359 = DIRECTION ( 'NONE',  ( -1.000000000000000000, 0.000000000000000000, 0.000000000000000000 ) ) ;
#4360 = ORIENTED_EDGE ( 'NONE', *, *, #2628, .F. ) ;
#4361 = ORIENTED_EDGE ( 'NONE', *, *, #2677, .F. ) ;
#4362 = ORIENTED_EDGE ( 'NONE', *, *, #2572, .T. ) ;
#4363 = CARTESIAN_POINT ( 'NONE',  ( -34.50000000000000000, 14.99999999999999289, 1.000000000000000000 ) ) ;
#4364 = FACE_OUTER_BOUND ( 'NONE', #3217, .T. ) ;
#4365 = EDGE_CURVE ( 'NONE', #4741, #2088, #5699, .T. ) ;
#4366 = CARTESIAN_POINT ( 'NONE',  ( -37.00000000000009237, -76.73886239618028071, 27.00000000000000000 ) ) ;
#4367 = AXIS2_PLACEMENT_3D ( 'NONE', #5948, #7085, #7055 ) ;
#4368 = ORIENTED_EDGE ( 'NONE', *, *, #6643, .T. ) ;
#4369 = LINE ( 'NONE', #2314, #3719 ) ;
#4370 = CYLINDRICAL_SURFACE ( 'NONE', #7217, 3.000000000000002665 ) ;
#4371 = DIRECTION ( 'NONE',  ( 0.000000000000000000, 0.000000000000000000, -1.000000000000000000 ) ) ;
#4372 = ADVANCED_FACE ( 'NONE', ( #5432 ), #692, .F. ) ;
#4373 = CARTESIAN_POINT ( 'NONE',  ( 36.00000000000009237, -76.73886239618028071, 27.00000000000000000 ) ) ;
#4374 = CARTESIAN_POINT ( 'NONE',  ( 37.00000000000000711, -73.57658473601189542, -51.00000000000000000 ) ) ;
#4375 = DIRECTION ( 'NONE',  ( 0.000000000000000000, 0.000000000000000000, 1.000000000000000000 ) ) ;
#4376 = VERTEX_POINT ( 'NONE', #2504 ) ;
#4377 = CARTESIAN_POINT ( 'NONE',  ( 33.99999999999996447, -18.00000000000000355, -1.000000000000000000 ) ) ;
#4378 = LINE ( 'NONE', #68, #7580 ) ;
#4379 = DIRECTION ( 'NONE',  ( 1.000000000000000000, 0.000000000000000000, 0.000000000000000000 ) ) ;
#4380 = DIRECTION ( 'NONE',  ( 0.000000000000000000, 1.000000000000000000, 0.000000000000000000 ) ) ;
#4381 = ORIENTED_EDGE ( 'NONE', *, *, #3120, .F. ) ;
#4382 = LINE ( 'NONE', #96, #4474 ) ;
#4383 = DIRECTION ( 'NONE',  ( -0.000000000000000000, -1.000000000000000000, -0.000000000000000000 ) ) ;
#4384 = EDGE_CURVE ( 'NONE', #1302, #18, #5999, .T. ) ;
#4385 = ORIENTED_EDGE ( 'NONE', *, *, #6861, .F. ) ;
#4386 = AXIS2_PLACEMENT_3D ( 'NONE', #5839, #7091, #1607 ) ;
#4387 = VECTOR ( 'NONE', #5485, 1000.000000000000000 ) ;
#4388 = EDGE_LOOP ( 'NONE', ( #6594, #5788, #7615, #6053 ) ) ;
#4389 = PLANE ( 'NONE',  #996 ) ;
#4390 = CARTESIAN_POINT ( 'NONE',  ( 37.00000000000000711, -56.57658473601188831, -22.00000000000000000 ) ) ;
#4391 = VECTOR ( 'NONE', #7477, 1000.000000000000000 ) ;
#4392 = EDGE_CURVE ( 'NONE', #6202, #921, #37, .T. ) ;
#4393 = CARTESIAN_POINT ( 'NONE',  ( 33.99999999999998579, -15.00000000000000355, 1.000000000000000000 ) ) ;
#4394 = EDGE_CURVE ( 'NONE', #7414, #5375, #4378, .T. ) ;
#4395 = DIRECTION ( 'NONE',  ( 0.000000000000000000, -1.000000000000000000, 0.000000000000000000 ) ) ;
#4396 = AXIS2_PLACEMENT_3D ( 'NONE', #2695, #1484, #2095 ) ;
#4397 = VERTEX_POINT ( 'NONE', #4959 ) ;
#4398 = VECTOR ( 'NONE', #879, 1000.000000000000000 ) ;
#4399 = VERTEX_POINT ( 'NONE', #2583 ) ;
#4400 = CARTESIAN_POINT ( 'NONE',  ( -37.00000000000000711, -71.57658473601189542, -56.99999999999996447 ) ) ;
#4401 = CARTESIAN_POINT ( 'NONE',  ( -36.00000000000009237, -76.73886239618028071, -24.99999999999999645 ) ) ;
#4402 = DIRECTION ( 'NONE',  ( 0.000000000000000000, 1.000000000000000000, -0.000000000000000000 ) ) ;
#4403 = APPROVAL_PERSON_ORGANIZATION ( #6027, #2320, #4693 ) ;
#4404 = EDGE_CURVE ( 'NONE', #3297, #7383, #1645, .T. ) ;
#4405 = ADVANCED_FACE ( 'NONE', ( #2570 ), #6184, .T. ) ;
#4406 = ORIENTED_EDGE ( 'NONE', *, *, #7795, .T. ) ;
#4407 = ORIENTED_EDGE ( 'NONE', *, *, #7741, .T. ) ;
#4408 = ORIENTED_EDGE ( 'NONE', *, *, #6446, .T. ) ;
#4409 = CARTESIAN_POINT ( 'NONE',  ( -40.00000000000000711, -56.57658473601188831, -59.00000000000000000 ) ) ;
#4410 = LINE ( 'NONE', #6354, #5283 ) ;
#4411 = CARTESIAN_POINT ( 'NONE',  ( -37.00000000000000711, -73.57658473601189542, -59.00000000000000000 ) ) ;
#4412 = CARTESIAN_POINT ( 'NONE',  ( 37.00000000000000711, 0.000000000000000000, 53.00000000000000000 ) ) ;
#4413 = EDGE_LOOP ( 'NONE', ( #4152, #6254, #727, #910 ) ) ;
#4414 = AXIS2_PLACEMENT_3D ( 'NONE', #7150, #4784, #2392 ) ;
#4415 = ORIENTED_EDGE ( 'NONE', *, *, #1547, .T. ) ;
#4416 = LINE ( 'NONE', #7037, #6415 ) ;
#4417 = CARTESIAN_POINT ( 'NONE',  ( 35.00000000000000000, -56.57658473601188831, 54.99999999999999289 ) ) ;
#4418 = FACE_OUTER_BOUND ( 'NONE', #697, .T. ) ;
#4419 = PLANE ( 'NONE',  #1085 ) ;
#4420 = CARTESIAN_POINT ( 'NONE',  ( -36.00000000000000711, -56.57658473601188831, -1.000000000000000000 ) ) ;
#4421 = EDGE_LOOP ( 'NONE', ( #5706, #506, #7189, #208 ) ) ;
#4422 = ADVANCED_FACE ( 'NONE', ( #7207 ), #784, .F. ) ;
#4423 = LINE ( 'NONE', #4558, #2060 ) ;
#4424 = VECTOR ( 'NONE', #4565, 1000.000000000000000 ) ;
#4425 = PLANE ( 'NONE',  #1261 ) ;
#4426 = DIRECTION ( 'NONE',  ( 0.000000000000000000, 1.000000000000000000, 0.000000000000000000 ) ) ;
#4427 = ORIENTED_EDGE ( 'NONE', *, *, #6268, .T. ) ;
#4428 = AXIS2_PLACEMENT_3D ( 'NONE', #1245, #191, #115 ) ;
#4429 = LINE ( 'NONE', #2593, #6706 ) ;
#4430 = FACE_OUTER_BOUND ( 'NONE', #7756, .T. ) ;
#4431 = DIRECTION ( 'NONE',  ( 0.000000000000000000, -0.000000000000000000, 1.000000000000000000 ) ) ;
#4432 = VERTEX_POINT ( 'NONE', #4514 ) ;
#4433 = VERTEX_POINT ( 'NONE', #4484 ) ;
#4434 = DIRECTION ( 'NONE',  ( -0.000000000000000000, 0.000000000000000000, 1.000000000000000000 ) ) ;
#4435 = ORIENTED_EDGE ( 'NONE', *, *, #895, .F. ) ;
#4436 = CARTESIAN_POINT ( 'NONE',  ( 31.00000000000000000, -73.57658473601189542, 41.49999999999999289 ) ) ;
#4437 = ORIENTED_EDGE ( 'NONE', *, *, #6180, .T. ) ;
#4438 = EDGE_CURVE ( 'NONE', #2969, #7673, #2011, .T. ) ;
#4439 = CIRCLE ( 'NONE', #3927, 0.5000000000000004441 ) ;
#4440 = AXIS2_PLACEMENT_3D ( 'NONE', #5744, #6409, #6973 ) ;
#4441 = EDGE_LOOP ( 'NONE', ( #2400, #2230, #4073, #5907 ) ) ;
#4442 = CARTESIAN_POINT ( 'NONE',  ( 35.00000000000000000, -56.57658473601188831, -54.99999999999994316 ) ) ;
#4443 = ADVANCED_FACE ( 'NONE', ( #1068 ), #3871, .T. ) ;
#4444 = DIRECTION ( 'NONE',  ( 0.000000000000000000, 1.000000000000000000, 0.000000000000000000 ) ) ;
#4445 = EDGE_LOOP ( 'NONE', ( #7517, #2535, #3477, #5474 ) ) ;
#4446 = ORIENTED_EDGE ( 'NONE', *, *, #2264, .T. ) ;
#4447 = DIRECTION ( 'NONE',  ( 0.000000000000000000, 0.000000000000000000, 1.000000000000000000 ) ) ;
#4448 = VERTEX_POINT ( 'NONE', #242 ) ;
#4449 = DIRECTION ( 'NONE',  ( 0.000000000000000000, 0.000000000000000000, 1.000000000000000000 ) ) ;
#4450 = DIRECTION ( 'NONE',  ( 0.000000000000000000, 1.000000000000000000, 0.000000000000000000 ) ) ;
#4451 = LINE ( 'NONE', #3499, #2463 ) ;
#4452 = CALENDAR_DATE ( 2022, 27, 1 ) ;
#4453 = EDGE_CURVE ( 'NONE', #7753, #2662, #3430, .T. ) ;
#4454 = ORIENTED_EDGE ( 'NONE', *, *, #5570, .F. ) ;
#4455 = PRODUCT_DEFINITION_FORMATION_WITH_SPECIFIED_SOURCE ( 'ANY', '', #6724, .NOT_KNOWN. ) ;
#4456 = DIRECTION ( 'NONE',  ( 0.000000000000000000, 1.000000000000000000, 0.000000000000000000 ) ) ;
#4457 = CARTESIAN_POINT ( 'NONE',  ( -36.00000000000009237, -76.73886239618028071, -24.99999999999999645 ) ) ;
#4458 = FACE_OUTER_BOUND ( 'NONE', #3233, .T. ) ;
#4459 = VECTOR ( 'NONE', #1819, 1000.000000000000000 ) ;
#4460 = EDGE_CURVE ( 'NONE', #1224, #2806, #3675, .T. ) ;
#4461 = ORIENTED_EDGE ( 'NONE', *, *, #5346, .T. ) ;
#4462 = ORIENTED_EDGE ( 'NONE', *, *, #7075, .T. ) ;
#4463 = VECTOR ( 'NONE', #268, 1000.000000000000000 ) ;
#4464 = VECTOR ( 'NONE', #164, 1000.000000000000114 ) ;
#4465 = CARTESIAN_POINT ( 'NONE',  ( 37.00000000000000711, -73.57658473601189542, -59.00000000000000000 ) ) ;
#4466 = ORIENTED_EDGE ( 'NONE', *, *, #4801, .T. ) ;
#4467 = CIRCLE ( 'NONE', #4030, 3.000000000000002665 ) ;
#4468 = CARTESIAN_POINT ( 'NONE',  ( 36.00000000000000711, -56.57658473601188831, -1.000000000000000000 ) ) ;
#4469 = DIRECTION ( 'NONE',  ( 0.000000000000000000, 0.000000000000000000, 1.000000000000000000 ) ) ;
#4470 = ADVANCED_FACE ( 'NONE', ( #6257 ), #6230, .T. ) ;
#4471 = DIRECTION ( 'NONE',  ( 0.000000000000000000, 1.000000000000000000, 0.000000000000000000 ) ) ;
#4472 = DIRECTION ( 'NONE',  ( 1.000000000000000000, 0.000000000000000000, 0.000000000000000000 ) ) ;
#4473 = VERTEX_POINT ( 'NONE', #3848 ) ;
#4474 = VECTOR ( 'NONE', #6207, 1000.000000000000114 ) ;
#4475 = DIRECTION ( 'NONE',  ( 1.000000000000000000, 0.000000000000000000, -0.000000000000000000 ) ) ;
#4476 = PLANE ( 'NONE',  #7637 ) ;
#4477 = DIRECTION ( 'NONE',  ( 0.000000000000000000, 1.000000000000000000, 0.000000000000000000 ) ) ;
#4478 = ORIENTED_EDGE ( 'NONE', *, *, #5544, .F. ) ;
#4479 = EDGE_CURVE ( 'NONE', #6108, #2010, #2768, .T. ) ;
#4480 = ADVANCED_FACE ( 'NONE', ( #7110 ), #5654, .F. ) ;
#4481 = VECTOR ( 'NONE', #4447, 1000.000000000000000 ) ;
#4482 = EDGE_CURVE ( 'NONE', #6846, #3884, #2482, .T. ) ;
#4483 = AXIS2_PLACEMENT_3D ( 'NONE', #1470, #2680, #4475 ) ;
#4484 = CARTESIAN_POINT ( 'NONE',  ( -37.00000000000000711, -73.57658473601189542, -26.99999999999999645 ) ) ;
#4485 = VECTOR ( 'NONE', #6856, 1000.000000000000000 ) ;
#4486 = CARTESIAN_POINT ( 'NONE',  ( -33.99999999999997868, -18.00000000000000355, -1.000000000000000000 ) ) ;
#4487 = CIRCLE ( 'NONE', #777, 1.499999999999994449 ) ;
#4488 = ORIENTED_EDGE ( 'NONE', *, *, #3022, .T. ) ;
#4489 = VERTEX_POINT ( 'NONE', #198 ) ;
#4490 = DIRECTION ( 'NONE',  ( -1.000000000000000000, 0.000000000000000000, -0.000000000000000000 ) ) ;
#4491 =( NAMED_UNIT ( * ) SI_UNIT ( $, .STERADIAN. ) SOLID_ANGLE_UNIT ( ) );
#4493 = VERTEX_POINT ( 'NONE', #5712 ) ;
#4492 = EDGE_CURVE ( 'NONE', #847, #7775, #4668, .T. ) ;
#4494 = EDGE_CURVE ( 'NONE', #2806, #6846, #2866, .T. ) ;
#4495 = CARTESIAN_POINT ( 'NONE',  ( -33.99999999999997868, 15.49999999999999467, 1.000000000000000000 ) ) ;
#4496 = CARTESIAN_POINT ( 'NONE',  ( 33.99999999999996447, -15.50000000000000178, 1.500000000000000000 ) ) ;
#4497 = EDGE_CURVE ( 'NONE', #7509, #5481, #7685, .T. ) ;
#4498 = ORIENTED_EDGE ( 'NONE', *, *, #2055, .T. ) ;
#4499 = PRODUCT_RELATED_PRODUCT_CATEGORY ( 'detail', '', ( #5422 ) ) ;
#4500 = EDGE_LOOP ( 'NONE', ( #6414, #498, #1495, #3766 ) ) ;
#4501 = FACE_OUTER_BOUND ( 'NONE', #7626, .T. ) ;
#4502 = ADVANCED_FACE ( 'NONE', ( #7018 ), #3252, .F. ) ;
#4503 = COORDINATED_UNIVERSAL_TIME_OFFSET ( 2, 0, .AHEAD. ) ;
#4504 = EDGE_LOOP ( 'NONE', ( #5988, #1285 ) ) ;
#4505 = DIRECTION ( 'NONE',  ( 0.000000000000000000, 1.000000000000000000, 0.000000000000000000 ) ) ;
#4506 = DIRECTION ( 'NONE',  ( 0.3162277660168382742, -0.000000000000000000, -0.9486832980505137680 ) ) ;
#4507 = ORIENTED_EDGE ( 'NONE', *, *, #4930, .F. ) ;
#4508 = ORIENTED_EDGE ( 'NONE', *, *, #7513, .F. ) ;
#4509 = VECTOR ( 'NONE', #2619, 1000.000000000000000 ) ;
#4510 = EDGE_CURVE ( 'NONE', #1471, #2469, #3807, .T. ) ;
#4511 = AXIS2_PLACEMENT_3D ( 'NONE', #6604, #6668, #7238 ) ;
#4512 = ADVANCED_FACE ( 'NONE', ( #599 ), #1539, .T. ) ;
#4513 = ORIENTED_EDGE ( 'NONE', *, *, #2378, .T. ) ;
#4514 = CARTESIAN_POINT ( 'NONE',  ( 37.00000000000009237, -73.57658473601189542, 22.00000000000000000 ) ) ;
#4515 = VECTOR ( 'NONE', #5758, 1000.000000000000000 ) ;
#4516 = DIRECTION ( 'NONE',  ( -1.000000000000000000, 0.000000000000000000, 0.000000000000000000 ) ) ;
#4517 = DIRECTION ( 'NONE',  ( 0.000000000000000000, 0.000000000000000000, -1.000000000000000000 ) ) ;
#4518 = VECTOR ( 'NONE', #4972, 1000.000000000000000 ) ;
#4519 = ORIENTED_EDGE ( 'NONE', *, *, #2616, .F. ) ;
#4520 = CARTESIAN_POINT ( 'NONE',  ( 37.00000000000000711, -73.57658473601189542, -59.00000000000000000 ) ) ;
#4521 = ADVANCED_FACE ( 'NONE', ( #6835 ), #5277, .T. ) ;
#4522 = DIRECTION ( 'NONE',  ( 1.000000000000000000, 0.000000000000000000, 0.000000000000000000 ) ) ;
#4523 = FACE_OUTER_BOUND ( 'NONE', #3376, .T. ) ;
#4524 = DIRECTION ( 'NONE',  ( 1.000000000000000000, 0.000000000000000000, 0.000000000000000000 ) ) ;
#4525 = CYLINDRICAL_SURFACE ( 'NONE', #2669, 3.500000000000003109 ) ;
#4526 = DIRECTION ( 'NONE',  ( 0.000000000000000000, -1.000000000000000000, 0.000000000000000000 ) ) ;
#4527 = ORIENTED_EDGE ( 'NONE', *, *, #6376, .F. ) ;
#4528 = FACE_OUTER_BOUND ( 'NONE', #564, .T. ) ;
#4529 = DIRECTION ( 'NONE',  ( 0.000000000000000000, 0.000000000000000000, 1.000000000000000000 ) ) ;
#4530 = CARTESIAN_POINT ( 'NONE',  ( 31.00000000000000000, -56.57658473601188831, 40.00000000000000000 ) ) ;
#4531 = LINE ( 'NONE', #7385, #2923 ) ;
#4532 = CARTESIAN_POINT ( 'NONE',  ( -37.00000000000000711, -14.99999999999998046, -1.000000000000000000 ) ) ;
#4533 = DIRECTION ( 'NONE',  ( -0.000000000000000000, -1.000000000000000000, -0.000000000000000000 ) ) ;
#4534 = VERTEX_POINT ( 'NONE', #7444 ) ;
#4535 = ORIENTED_EDGE ( 'NONE', *, *, #832, .T. ) ;
#4536 = ORIENTED_EDGE ( 'NONE', *, *, #614, .F. ) ;
#4537 = LINE ( 'NONE', #417, #2933 ) ;
#4538 = EDGE_CURVE ( 'NONE', #1059, #7063, #6086, .T. ) ;
#4539 = DIRECTION ( 'NONE',  ( 0.000000000000000000, 0.000000000000000000, 1.000000000000000000 ) ) ;
#4540 = ADVANCED_FACE ( 'NONE', ( #5908 ), #2137, .T. ) ;
#4541 = DIRECTION ( 'NONE',  ( 0.000000000000000000, 0.000000000000000000, -1.000000000000000000 ) ) ;
#4542 = DIRECTION ( 'NONE',  ( 0.000000000000000000, 0.000000000000000000, -1.000000000000000000 ) ) ;
#4543 = VERTEX_POINT ( 'NONE', #7605 ) ;
#4544 = EDGE_CURVE ( 'NONE', #4259, #7127, #4099, .T. ) ;
#4545 = ORIENTED_EDGE ( 'NONE', *, *, #2727, .T. ) ;
#4546 = EDGE_CURVE ( 'NONE', #2521, #3177, #5044, .T. ) ;
#4547 = ORIENTED_EDGE ( 'NONE', *, *, #2023, .T. ) ;
#4548 = AXIS2_PLACEMENT_3D ( 'NONE', #1282, #77, #6775 ) ;
#4549 = FACE_OUTER_BOUND ( 'NONE', #7323, .T. ) ;
#4551 = CARTESIAN_POINT ( 'NONE',  ( 37.00000000000000711, -73.57658473601189542, -59.00000000000000000 ) ) ;
#4550 = DATE_AND_TIME ( #3527, #956 ) ;
#4552 = DIRECTION ( 'NONE',  ( 0.000000000000000000, 0.000000000000000000, 1.000000000000000000 ) ) ;
#4553 = DIRECTION ( 'NONE',  ( 0.000000000000000000, 0.000000000000000000, 1.000000000000000000 ) ) ;
#4554 = ADVANCED_FACE ( 'NONE', ( #1170 ), #5249, .F. ) ;
#4555 = DIRECTION ( 'NONE',  ( 0.000000000000000000, 0.000000000000000000, -1.000000000000000000 ) ) ;
#4556 = VERTEX_POINT ( 'NONE', #5798 ) ;
#4557 = ORIENTED_EDGE ( 'NONE', *, *, #362, .T. ) ;
#4558 = CARTESIAN_POINT ( 'NONE',  ( 0.000000000000000000, 15.49999999999999467, 1.000000000000000000 ) ) ;
#4559 = LINE ( 'NONE', #6808, #6358 ) ;
#4560 = LINE ( 'NONE', #100, #4186 ) ;
#4561 = EDGE_CURVE ( 'NONE', #139, #6968, #4284, .T. ) ;
#4562 = EDGE_CURVE ( 'NONE', #2806, #7811, #1832, .T. ) ;
#4563 = APPROVAL ( #7187, 'UNKNOWN' ) ;
#4564 = DIRECTION ( 'NONE',  ( 0.000000000000000000, -0.000000000000000000, -1.000000000000000000 ) ) ;
#4565 = DIRECTION ( 'NONE',  ( -1.000000000000000000, 0.000000000000000000, 0.000000000000000000 ) ) ;
#4566 = CARTESIAN_POINT ( 'NONE',  ( -36.00000000000009237, -56.57658473601188831, 24.99999999999999645 ) ) ;
#4567 = DIRECTION ( 'NONE',  ( -0.000000000000000000, -1.000000000000000000, -0.000000000000000000 ) ) ;
#4568 = ORIENTED_EDGE ( 'NONE', *, *, #5333, .T. ) ;
#4569 = DIRECTION ( 'NONE',  ( 0.000000000000000000, 0.000000000000000000, -1.000000000000000000 ) ) ;
#4570 = VECTOR ( 'NONE', #5052, 1000.000000000000000 ) ;
#4571 = ADVANCED_FACE ( 'NONE', ( #7485 ), #922, .T. ) ;
#4572 = ORIENTED_EDGE ( 'NONE', *, *, #2787, .T. ) ;
#4573 = CARTESIAN_POINT ( 'NONE',  ( -37.00000000000000711, -73.57658473601189542, -54.99999999999999289 ) ) ;
#4574 = AXIS2_PLACEMENT_3D ( 'NONE', #583, #1213, #1138 ) ;
#4576 = VECTOR ( 'NONE', #5358, 1000.000000000000000 ) ;
#4575 = CARTESIAN_POINT ( 'NONE',  ( 36.00000000000000711, -73.57658473601189542, 1.000000000000000000 ) ) ;
#4577 = DIRECTION ( 'NONE',  ( 0.000000000000000000, 1.000000000000000000, 0.000000000000000000 ) ) ;
#4578 = ORIENTED_EDGE ( 'NONE', *, *, #307, .T. ) ;
#4579 = DIRECTION ( 'NONE',  ( -1.000000000000000000, 0.000000000000000000, 0.000000000000000000 ) ) ;
#4580 = LINE ( 'NONE', #6464, #1753 ) ;
#4581 = CARTESIAN_POINT ( 'NONE',  ( -36.00000000000000711, -76.73886239618028071, -1.000000000000000000 ) ) ;
#4582 = PLANE ( 'NONE',  #5685 ) ;
#4583 = DIRECTION ( 'NONE',  ( 0.000000000000000000, 1.000000000000000000, 0.000000000000000000 ) ) ;
#4584 = ADVANCED_FACE ( 'NONE', ( #4765 ), #6399, .T. ) ;
#4585 = ORIENTED_EDGE ( 'NONE', *, *, #1826, .T. ) ;
#4586 = VECTOR ( 'NONE', #2097, 1000.000000000000000 ) ;
#4587 = PLANE ( 'NONE',  #49 ) ;
#4588 = DIRECTION ( 'NONE',  ( 0.000000000000000000, 0.000000000000000000, 1.000000000000000000 ) ) ;
#4589 = CARTESIAN_POINT ( 'NONE',  ( -37.00000000000000711, -73.57658473601189542, -59.00000000000000000 ) ) ;
#4590 = CARTESIAN_POINT ( 'NONE',  ( 34.49999999999998579, -15.00000000000000000, 1.500000000000000000 ) ) ;
#4591 = ORIENTED_EDGE ( 'NONE', *, *, #2411, .T. ) ;
#4592 = VECTOR ( 'NONE', #6391, 1000.000000000000000 ) ;
#4593 = ORIENTED_EDGE ( 'NONE', *, *, #3063, .F. ) ;
#4594 = ADVANCED_FACE ( 'NONE', ( #3631 ), #5819, .T. ) ;
#4595 = EDGE_CURVE ( 'NONE', #7335, #3634, #6174, .T. ) ;
#4596 = DIRECTION ( 'NONE',  ( 0.000000000000000000, 1.000000000000000000, 0.000000000000000000 ) ) ;
#4597 = APPROVAL_DATE_TIME ( #5837, #2320 ) ;
#4598 = DIRECTION ( 'NONE',  ( 0.000000000000000000, -1.000000000000000000, 0.000000000000000000 ) ) ;
#4599 = ORIENTED_EDGE ( 'NONE', *, *, #209, .F. ) ;
#4600 = EDGE_LOOP ( 'NONE', ( #4748, #816, #2220, #6422 ) ) ;
#4601 = ORIENTED_EDGE ( 'NONE', *, *, #3492, .F. ) ;
#4602 = CYLINDRICAL_SURFACE ( 'NONE', #1790, 1.500000000000001332 ) ;
#4603 = CARTESIAN_POINT ( 'NONE',  ( -35.00000000000000000, 0.000000000000000000, -51.00000000000000000 ) ) ;
#4604 = ADVANCED_FACE ( 'NONE', ( #7395 ), #3434, .F. ) ;
#4605 = DIRECTION ( 'NONE',  ( 1.000000000000000000, 0.000000000000000000, 0.000000000000000000 ) ) ;
#4606 = EDGE_CURVE ( 'NONE', #788, #3433, #226, .T. ) ;
#4607 = CARTESIAN_POINT ( 'NONE',  ( 36.00000000000009237, -76.73886239618028071, -24.99999999999999645 ) ) ;
#4608 = DIRECTION ( 'NONE',  ( 0.000000000000000000, 0.000000000000000000, -1.000000000000000000 ) ) ;
#4609 = EDGE_CURVE ( 'NONE', #6827, #6060, #7777, .T. ) ;
#4610 = CC_DESIGN_PERSON_AND_ORGANIZATION_ASSIGNMENT ( #6653, #4112, ( #4206 ) ) ;
#4611 = PLANE ( 'NONE',  #7340 ) ;
#4612 = ORIENTED_EDGE ( 'NONE', *, *, #7223, .F. ) ;
#4613 = LINE ( 'NONE', #7539, #7632 ) ;
#4614 = VECTOR ( 'NONE', #7400, 1000.000000000000000 ) ;
#4615 = DIRECTION ( 'NONE',  ( -0.000000000000000000, -1.000000000000000000, -0.000000000000000000 ) ) ;
#4616 = CARTESIAN_POINT ( 'NONE',  ( 37.00000000000009237, -76.73886239618028071, 30.00000000000000000 ) ) ;
#4617 = DIRECTION ( 'NONE',  ( 0.000000000000000000, -1.000000000000000000, 0.000000000000000000 ) ) ;
#4618 = EDGE_LOOP ( 'NONE', ( #1936, #5270, #2508, #5752 ) ) ;
#4619 = EDGE_CURVE ( 'NONE', #5876, #4489, #7293, .T. ) ;
#4620 = AXIS2_PLACEMENT_3D ( 'NONE', #2914, #1785, #6525 ) ;
#4621 = FACE_BOUND ( 'NONE', #4179, .T. ) ;
#4622 = FACE_OUTER_BOUND ( 'NONE', #214, .T. ) ;
#4623 = PLANE ( 'NONE',  #5368 ) ;
#4624 = ORIENTED_EDGE ( 'NONE', *, *, #1599, .F. ) ;
#4625 = DIRECTION ( 'NONE',  ( -0.000000000000000000, 0.000000000000000000, 1.000000000000000000 ) ) ;
#4626 = VECTOR ( 'NONE', #3695, 1000.000000000000000 ) ;
#4627 = VECTOR ( 'NONE', #6058, 1000.000000000000000 ) ;
#4628 = AXIS2_PLACEMENT_3D ( 'NONE', #5279, #979, #3990 ) ;
#4629 = DIRECTION ( 'NONE',  ( 1.000000000000000000, 0.000000000000000000, 0.000000000000000000 ) ) ;
#4630 = APPROVAL_ROLE ( '' ) ;
#4631 = VERTEX_POINT ( 'NONE', #3494 ) ;
#4632 = ORIENTED_EDGE ( 'NONE', *, *, #3751, .F. ) ;
#4633 = CARTESIAN_POINT ( 'NONE',  ( 37.00000000000000711, -73.57658473601189542, 1.000000000000000888 ) ) ;
#4634 = CARTESIAN_POINT ( 'NONE',  ( 37.00000000000000711, -73.57658473601189542, 56.99999999999996447 ) ) ;
#4635 = VERTEX_POINT ( 'NONE', #2925 ) ;
#4636 = LINE ( 'NONE', #6882, #5671 ) ;
#4637 = ADVANCED_FACE ( 'NONE', ( #5797 ), #3544, .F. ) ;
#4638 = PLANE ( 'NONE',  #4620 ) ;
#4639 = DIRECTION ( 'NONE',  ( -1.000000000000000000, 0.000000000000000000, 8.673617379884027583E-16 ) ) ;
#4640 = LINE ( 'NONE', #2194, #2359 ) ;
#4641 = ORIENTED_EDGE ( 'NONE', *, *, #4920, .T. ) ;
#4642 = ORIENTED_EDGE ( 'NONE', *, *, #3558, .T. ) ;
#4643 = ORIENTED_EDGE ( 'NONE', *, *, #7784, .T. ) ;
#4644 = DIRECTION ( 'NONE',  ( 1.000000000000000000, 0.000000000000000000, 0.000000000000000000 ) ) ;
#4645 = CARTESIAN_POINT ( 'NONE',  ( 0.000000000000000000, -56.57658473601188831, -51.00000000000000000 ) ) ;
#4646 = CARTESIAN_POINT ( 'NONE',  ( -37.00000000000000711, -73.57658473601189542, -59.00000000000000000 ) ) ;
#4647 = ORIENTED_EDGE ( 'NONE', *, *, #6979, .F. ) ;
#4648 = DIRECTION ( 'NONE',  ( 0.000000000000000000, 0.000000000000000000, 1.000000000000000000 ) ) ;
#4649 = EDGE_CURVE ( 'NONE', #4339, #3971, #3419, .T. ) ;
#4650 = VECTOR ( 'NONE', #1781, 1000.000000000000000 ) ;
#4651 = CARTESIAN_POINT ( 'NONE',  ( 0.000000000000000000, 0.000000000000000000, -59.00000000000000000 ) ) ;
#4652 = AXIS2_PLACEMENT_3D ( 'NONE', #1304, #4863, #2407 ) ;
#4653 = CONTEXT_DEPENDENT_SHAPE_REPRESENTATION ( #5993, #7350 ) ;
#4654 = ADVANCED_FACE ( 'NONE', ( #7010 ), #4623, .T. ) ;
#4655 = ORIENTED_EDGE ( 'NONE', *, *, #1009, .T. ) ;
#4656 = VECTOR ( 'NONE', #6034, 1000.000000000000000 ) ;
#4657 = CYLINDRICAL_SURFACE ( 'NONE', #4386, 0.5000000000000004441 ) ;
#4658 = CARTESIAN_POINT ( 'NONE',  ( -37.00000000000000711, 0.000000000000000000, 53.00000000000000000 ) ) ;
#4659 = DATE_AND_TIME ( #5508, #4857 ) ;
#4660 = DIRECTION ( 'NONE',  ( -0.000000000000000000, -1.000000000000000000, -0.000000000000000000 ) ) ;
#4661 = EDGE_CURVE ( 'NONE', #2326, #6709, #3207, .T. ) ;
#4662 = ORIENTED_EDGE ( 'NONE', *, *, #6267, .T. ) ;
#4663 = EDGE_CURVE ( 'NONE', #7127, #5679, #1911, .T. ) ;
#4664 = EDGE_CURVE ( 'NONE', #5497, #2639, #6563, .T. ) ;
#4665 = EDGE_LOOP ( 'NONE', ( #1457, #3104, #1635, #4360 ) ) ;
#4666 = AXIS2_PLACEMENT_3D ( 'NONE', #1507, #3375, #2200 ) ;
#4667 = VERTEX_POINT ( 'NONE', #7175 ) ;
#4668 = LINE ( 'NONE', #2059, #5514 ) ;
#4669 = DIRECTION ( 'NONE',  ( -1.000000000000000000, -0.000000000000000000, -0.000000000000000000 ) ) ;
#4670 = PERSON_AND_ORGANIZATION_ROLE ( 'creator' ) ;
#4671 = VECTOR ( 'NONE', #4456, 1000.000000000000000 ) ;
#4672 = DIRECTION ( 'NONE',  ( 0.000000000000000000, 0.000000000000000000, -1.000000000000000000 ) ) ;
#4673 = DIRECTION ( 'NONE',  ( 0.000000000000000000, 1.000000000000000000, 0.000000000000000000 ) ) ;
#4674 = DIRECTION ( 'NONE',  ( 0.000000000000000000, 1.000000000000000000, 0.000000000000000000 ) ) ;
#4675 = ORIENTED_EDGE ( 'NONE', *, *, #1107, .F. ) ;
#4676 = EDGE_CURVE ( 'NONE', #3642, #6131, #4369, .T. ) ;
#4677 = VECTOR ( 'NONE', #4234, 1000.000000000000000 ) ;
#4678 = EDGE_CURVE ( 'NONE', #2141, #3729, #5426, .T. ) ;
#4679 = AXIS2_PLACEMENT_3D ( 'NONE', #5486, #1758, #4772 ) ;
#4680 = CARTESIAN_POINT ( 'NONE',  ( 0.000000000000000000, -73.57658473601189542, 53.00000000000000000 ) ) ;
#4681 = CARTESIAN_POINT ( 'NONE',  ( -37.00000000000000711, -73.57658473601189542, -59.00000000000000000 ) ) ;
#4682 = PLANE ( 'NONE',  #5404 ) ;
#4683 = DIRECTION ( 'NONE',  ( 0.000000000000000000, 1.000000000000000000, 0.000000000000000000 ) ) ;
#4684 = VERTEX_POINT ( 'NONE', #5330 ) ;
#4685 = LINE ( 'NONE', #3810, #143 ) ;
#4686 = CARTESIAN_POINT ( 'NONE',  ( 37.00000000000000711, -56.57658473601188831, -59.00000000000000000 ) ) ;
#4687 = DIRECTION ( 'NONE',  ( 1.000000000000000000, 0.000000000000000000, 0.000000000000000000 ) ) ;
#4688 = ORIENTED_EDGE ( 'NONE', *, *, #2227, .F. ) ;
#4689 = CARTESIAN_POINT ( 'NONE',  ( -40.00000000000000711, -76.57658473601189542, -59.00000000000000000 ) ) ;
#4690 = VECTOR ( 'NONE', #5641, 1000.000000000000000 ) ;
#4691 = DIRECTION ( 'NONE',  ( 0.000000000000000000, 0.000000000000000000, -1.000000000000000000 ) ) ;
#4692 = ADVANCED_FACE ( 'NONE', ( #2291 ), #5236, .T. ) ;
#4693 = APPROVAL_ROLE ( '' ) ;
#4694 = LINE ( 'NONE', #4532, #2499 ) ;
#4695 = CARTESIAN_POINT ( 'NONE',  ( -31.00000000000000000, -73.57658473601189542, -41.50000000000000000 ) ) ;
#4696 = DIRECTION ( 'NONE',  ( 0.000000000000000000, 1.000000000000000000, 0.000000000000000000 ) ) ;
#4697 = DATE_AND_TIME ( #3657, #2981 ) ;
#4698 = ORIENTED_EDGE ( 'NONE', *, *, #5544, .T. ) ;
#4699 = EDGE_LOOP ( 'NONE', ( #7397, #202, #5396, #7657 ) ) ;
#4700 = PLANE ( 'NONE',  #6534 ) ;
#4701 = CARTESIAN_POINT ( 'NONE',  ( 37.00000000000000711, -56.57658473601188831, -54.99999999999999289 ) ) ;
#4702 = DIRECTION ( 'NONE',  ( 0.9486832980505137680, -0.000000000000000000, 0.3162277660168382742 ) ) ;
#4703 = VERTEX_POINT ( 'NONE', #5306 ) ;
#4704 = CARTESIAN_POINT ( 'NONE',  ( -37.00000000000009237, -76.73886239618028071, 27.00000000000000000 ) ) ;
#4705 = ORIENTED_EDGE ( 'NONE', *, *, #1151, .T. ) ;
#4706 = LINE ( 'NONE', #6830, #5940 ) ;
#4707 = CARTESIAN_POINT ( 'NONE',  ( -37.00000000000000711, -56.57658473601188831, -59.00000000000000000 ) ) ;
#4708 = ORIENTED_EDGE ( 'NONE', *, *, #7266, .T. ) ;
#4709 = DATE_AND_TIME ( #2422, #76 ) ;
#4710 = ORIENTED_EDGE ( 'NONE', *, *, #5273, .T. ) ;
#4711 = EDGE_CURVE ( 'NONE', #6916, #2171, #687, .T. ) ;
#4712 = EDGE_LOOP ( 'NONE', ( #5640, #1522, #4933, #7216 ) ) ;
#4713 = AXIS2_PLACEMENT_3D ( 'NONE', #5371, #5349, #1744 ) ;
#4714 = FACE_OUTER_BOUND ( 'NONE', #7442, .T. ) ;
#4715 = DIRECTION ( 'NONE',  ( 0.000000000000000000, 0.000000000000000000, 1.000000000000000000 ) ) ;
#4716 = DIRECTION ( 'NONE',  ( 0.000000000000000000, 1.000000000000000000, 0.000000000000000000 ) ) ;
#4717 = ORIENTED_EDGE ( 'NONE', *, *, #738, .F. ) ;
#4718 = PERSON_AND_ORGANIZATION_ROLE ( 'classification_officer' ) ;
#4719 = LINE ( 'NONE', #5511, #1491 ) ;
#4720 = EDGE_CURVE ( 'NONE', #2807, #4131, #1345, .T. ) ;
#4721 = EDGE_CURVE ( 'NONE', #7563, #6850, #2374, .T. ) ;
#4722 = VECTOR ( 'NONE', #6478, 1000.000000000000000 ) ;
#4723 = CARTESIAN_POINT ( 'NONE',  ( 33.99999999999998579, -15.00000000000000355, -1.000000000000000000 ) ) ;
#4724 = APPROVAL ( #563, 'UNSPECIFIED' ) ;
#4725 = CARTESIAN_POINT ( 'NONE',  ( -37.00000000000000711, -56.57658473601188831, -59.00000000000000000 ) ) ;
#4726 = ORIENTED_EDGE ( 'NONE', *, *, #3558, .F. ) ;
#4727 = LINE ( 'NONE', #2945, #2253 ) ;
#4728 = DIRECTION ( 'NONE',  ( 0.000000000000000000, 1.000000000000000000, 0.000000000000000000 ) ) ;
#4729 = CARTESIAN_POINT ( 'NONE',  ( -34.00000000000000000, -15.00000000000000355, 1.000000000000000000 ) ) ;
#4730 = VECTOR ( 'NONE', #7272, 1000.000000000000000 ) ;
#4731 = CARTESIAN_POINT ( 'NONE',  ( 37.00000000000009237, -76.73886239618028071, 27.00000000000000000 ) ) ;
#4732 = DIRECTION ( 'NONE',  ( -1.000000000000000000, 0.000000000000000000, 0.000000000000000000 ) ) ;
#4733 = CARTESIAN_POINT ( 'NONE',  ( 31.00000000000000000, -56.57658473601188831, 40.00000000000000000 ) ) ;
#4734 = ADVANCED_FACE ( 'NONE', ( #5338 ), #4104, .T. ) ;
#4735 = ORIENTED_EDGE ( 'NONE', *, *, #4609, .T. ) ;
#4736 = CYLINDRICAL_SURFACE ( 'NONE', #1632, 3.000000000000002665 ) ;
#4737 = CYLINDRICAL_SURFACE ( 'NONE', #5276, 0.5000000000000004441 ) ;
#4738 = DIRECTION ( 'NONE',  ( 0.000000000000000000, 0.000000000000000000, 1.000000000000000000 ) ) ;
#4739 = ORIENTED_EDGE ( 'NONE', *, *, #4758, .F. ) ;
#4740 = CARTESIAN_POINT ( 'NONE',  ( -37.00000000000000711, -73.57658473601189542, 53.00000000000000000 ) ) ;
#4741 = VERTEX_POINT ( 'NONE', #6513 ) ;
#4742 = EDGE_LOOP ( 'NONE', ( #1426, #7621 ) ) ;
#4743 = ORIENTED_EDGE ( 'NONE', *, *, #750, .F. ) ;
#4744 = LINE ( 'NONE', #466, #4650 ) ;
#4745 = DIRECTION ( 'NONE',  ( 0.000000000000000000, -1.000000000000000000, 0.000000000000000000 ) ) ;
#4746 = MECHANICAL_CONTEXT ( 'NONE', #5285, 'mechanical' ) ;
#4747 = CARTESIAN_POINT ( 'NONE',  ( 35.00000000000000000, -71.57658473601189542, -54.99999999999994316 ) ) ;
#4748 = ORIENTED_EDGE ( 'NONE', *, *, #58, .F. ) ;
#4749 = CARTESIAN_POINT ( 'NONE',  ( 37.00000000000009237, -76.73886239618028071, 27.00000000000000000 ) ) ;
#4750 = EDGE_LOOP ( 'NONE', ( #3717, #2494, #5588, #1259 ) ) ;
#4751 = CARTESIAN_POINT ( 'NONE',  ( 40.00000000000000711, -76.57658473601189542, -59.00000000000000000 ) ) ;
#4752 = FACE_OUTER_BOUND ( 'NONE', #4984, .T. ) ;
#4753 = CARTESIAN_POINT ( 'NONE',  ( -37.00000000000009237, -76.73886239618028071, 27.00000000000000000 ) ) ;
#4754 = CARTESIAN_POINT ( 'NONE',  ( 31.00000000000000000, -46.67708979940022118, 43.50000000000000711 ) ) ;
#4755 = CARTESIAN_POINT ( 'NONE',  ( 40.00000000000000711, -76.57658473601189542, -59.00000000000000000 ) ) ;
#4756 = DIRECTION ( 'NONE',  ( 0.3162277660168381077, 0.000000000000000000, 0.9486832980505137680 ) ) ;
#4757 = ORIENTED_EDGE ( 'NONE', *, *, #1116, .F. ) ;
#4758 = EDGE_CURVE ( 'NONE', #7757, #3696, #5603, .T. ) ;
#4759 = ORIENTED_EDGE ( 'NONE', *, *, #1871, .F. ) ;
#4760 = CARTESIAN_POINT ( 'NONE',  ( 35.00000000000000000, 0.000000000000000000, 51.00000000000000000 ) ) ;
#4761 = VECTOR ( 'NONE', #5911, 1000.000000000000114 ) ;
#4762 = LINE ( 'NONE', #7824, #2950 ) ;
#4763 = ORIENTED_EDGE ( 'NONE', *, *, #5645, .F. ) ;
#4764 = DIRECTION ( 'NONE',  ( 0.000000000000000000, 0.000000000000000000, 1.000000000000000000 ) ) ;
#4765 = FACE_OUTER_BOUND ( 'NONE', #6154, .T. ) ;
#4766 = EDGE_CURVE ( 'NONE', #6512, #6412, #2102, .T. ) ;
#4767 = EDGE_CURVE ( 'NONE', #5460, #4399, #1824, .T. ) ;
#4768 = SECURITY_CLASSIFICATION ( '', '', #2219 ) ;
#4769 = ORIENTED_EDGE ( 'NONE', *, *, #2157, .F. ) ;
#4770 = APPROVAL_STATUS ( 'not_yet_approved' ) ;
#4771 = FACE_OUTER_BOUND ( 'NONE', #3541, .T. ) ;
#4772 = DIRECTION ( 'NONE',  ( -0.000000000000000000, 0.000000000000000000, 1.000000000000000000 ) ) ;
#4773 = EDGE_CURVE ( 'NONE', #4448, #3752, #28, .T. ) ;
#4774 = ORIENTED_EDGE ( 'NONE', *, *, #1691, .F. ) ;
#4775 = AXIS2_PLACEMENT_3D ( 'NONE', #1106, #451, #993 ) ;
#4776 = VECTOR ( 'NONE', #4577, 1000.000000000000000 ) ;
#4777 = DIRECTION ( 'NONE',  ( 0.000000000000000000, 0.000000000000000000, 1.000000000000000000 ) ) ;
#4778 = CARTESIAN_POINT ( 'NONE',  ( -37.00000000000000711, -56.57658473601188831, 54.99999999999999289 ) ) ;
#4779 = CARTESIAN_POINT ( 'NONE',  ( -37.00000000000000711, -14.99999999999998046, 1.000000000000000000 ) ) ;
#4780 = CARTESIAN_POINT ( 'NONE',  ( -40.00000000000000711, -56.57658473601188831, -59.00000000000000000 ) ) ;
#4781 = VERTEX_POINT ( 'NONE', #485 ) ;
#4782 = VECTOR ( 'NONE', #332, 1000.000000000000000 ) ;
#4783 = VERTEX_POINT ( 'NONE', #4252 ) ;
#4784 = DIRECTION ( 'NONE',  ( 1.000000000000000000, 0.000000000000000000, 0.000000000000000000 ) ) ;
#4785 = CARTESIAN_POINT ( 'NONE',  ( 37.00000000000000711, -73.57658473601189542, -59.00000000000000000 ) ) ;
#4786 = AXIS2_PLACEMENT_3D ( 'NONE', #497, #3505, #4672 ) ;
#4787 = DIRECTION ( 'NONE',  ( 0.000000000000000000, 0.000000000000000000, 1.000000000000000000 ) ) ;
#4788 = ORIENTED_EDGE ( 'NONE', *, *, #4649, .F. ) ;
#4789 = VECTOR ( 'NONE', #16, 1000.000000000000000 ) ;
#4790 = ORIENTED_EDGE ( 'NONE', *, *, #548, .F. ) ;
#4791 = CIRCLE ( 'NONE', #531, 3.500000000000003109 ) ;
#4792 = CARTESIAN_POINT ( 'NONE',  ( 37.00000000000000711, -56.57658473601188831, -59.00000000000000000 ) ) ;
#4793 = APPROVAL_STATUS ( 'not_yet_approved' ) ;
#4794 = LOCAL_TIME ( 13, 37, 31.00000000000000000, #2323 ) ;
#4795 = DIRECTION ( 'NONE',  ( 0.000000000000000000, -1.000000000000000000, 0.000000000000000000 ) ) ;
#4796 = ORIENTED_EDGE ( 'NONE', *, *, #4158, .F. ) ;
#4797 = DIRECTION ( 'NONE',  ( -0.000000000000000000, 0.7071067811865516806, 0.7071067811865434649 ) ) ;
#4798 = ORIENTED_EDGE ( 'NONE', *, *, #1513, .T. ) ;
#4799 = DIRECTION ( 'NONE',  ( 0.000000000000000000, 0.000000000000000000, 1.000000000000000000 ) ) ;
#4800 = EDGE_LOOP ( 'NONE', ( #150, #1240 ) ) ;
#4801 = EDGE_CURVE ( 'NONE', #598, #3325, #6738, .T. ) ;
#4802 = VECTOR ( 'NONE', #1845, 1000.000000000000000 ) ;
#4803 = AXIS2_PLACEMENT_3D ( 'NONE', #6944, #2779, #3903 ) ;
#4804 = SHAPE_REPRESENTATION_RELATIONSHIP ( 'NONE' , 'NONE' ,  #4811, #7315 ) ;
#4805 = DIRECTION ( 'NONE',  ( 0.000000000000000000, 1.000000000000000000, 0.000000000000000000 ) ) ;
#4806 = DIRECTION ( 'NONE',  ( 1.000000000000000000, 0.000000000000000000, -0.000000000000000000 ) ) ;
#4807 = ORIENTED_EDGE ( 'NONE', *, *, #4538, .T. ) ;
#4808 = PLANE ( 'NONE',  #1374 ) ;
#4809 = ORIENTED_EDGE ( 'NONE', *, *, #4494, .T. ) ;
#4810 = CIRCLE ( 'NONE', #3174, 0.5000000000000004441 ) ;
#4811 = SHAPE_REPRESENTATION ( 'right side', ( #5227 ), #3994 ) ;
#4812 = CYLINDRICAL_SURFACE ( 'NONE', #4150, 3.500000000000003109 ) ;
#4813 = EDGE_CURVE ( 'NONE', #1972, #1233, #3127, .T. ) ;
#4814 = EDGE_CURVE ( 'NONE', #881, #5282, #966, .T. ) ;
#4815 = CARTESIAN_POINT ( 'NONE',  ( -31.00000000000000000, -46.67708979940022118, 40.00000000000000000 ) ) ;
#4816 = AXIS2_PLACEMENT_3D ( 'NONE', #5265, #4062, #3389 ) ;
#4817 = CARTESIAN_POINT ( 'NONE',  ( -37.00000000000000711, -76.73886239618028071, -4.000000000000000888 ) ) ;
#4818 = ORIENTED_EDGE ( 'NONE', *, *, #6088, .T. ) ;
#4819 = CARTESIAN_POINT ( 'NONE',  ( -37.00000000000000711, -56.57658473601188831, -51.00000000000000000 ) ) ;
#4820 = VECTOR ( 'NONE', #4674, 1000.000000000000000 ) ;
#4821 = VECTOR ( 'NONE', #5297, 1000.000000000000000 ) ;
#4822 = DIRECTION ( 'NONE',  ( -0.000000000000000000, -0.000000000000000000, 1.000000000000000000 ) ) ;
#4823 = APPLICATION_PROTOCOL_DEFINITION ( 'international standard', 'config_control_design', 1994, #613 ) ;
#4824 = ORIENTED_EDGE ( 'NONE', *, *, #2571, .F. ) ;
#4825 = EDGE_CURVE ( 'NONE', #3122, #4977, #2006, .T. ) ;
#4826 = AXIS2_PLACEMENT_3D ( 'NONE', #5731, #919, #6930 ) ;
#4827 = ORIENTED_EDGE ( 'NONE', *, *, #4861, .T. ) ;
#4828 = VECTOR ( 'NONE', #704, 1000.000000000000000 ) ;
#4829 = CARTESIAN_POINT ( 'NONE',  ( -34.00000000000000000, -15.00000000000000355, -1.000000000000000000 ) ) ;
#4830 = LINE ( 'NONE', #734, #3962 ) ;
#4831 = ORIENTED_EDGE ( 'NONE', *, *, #763, .T. ) ;
#4832 = ORIENTED_EDGE ( 'NONE', *, *, #5827, .T. ) ;
#4833 = VERTEX_POINT ( 'NONE', #5449 ) ;
#4834 = CARTESIAN_POINT ( 'NONE',  ( -37.00000000000000711, -73.57658473601189542, -59.00000000000000000 ) ) ;
#4835 = DIRECTION ( 'NONE',  ( -0.000000000000000000, 0.000000000000000000, -1.000000000000000000 ) ) ;
#4836 = VECTOR ( 'NONE', #2130, 1000.000000000000114 ) ;
#4837 = VECTOR ( 'NONE', #434, 1000.000000000000000 ) ;
#4838 = CARTESIAN_POINT ( 'NONE',  ( -36.00000000000009237, -73.57658473601189542, -27.00000000000000000 ) ) ;
#4839 = DIRECTION ( 'NONE',  ( 0.3162277660168381077, 0.000000000000000000, -0.9486832980505137680 ) ) ;
#4840 = AXIS2_PLACEMENT_3D ( 'NONE', #4172, #547, #5794 ) ;
#4841 = ORIENTED_EDGE ( 'NONE', *, *, #3646, .F. ) ;
#4842 = ORIENTED_EDGE ( 'NONE', *, *, #846, .F. ) ;
#4843 = ORIENTED_EDGE ( 'NONE', *, *, #3891, .T. ) ;
#4844 = ORIENTED_EDGE ( 'NONE', *, *, #6019, .F. ) ;
#4845 = PLANE ( 'NONE',  #4414 ) ;
#4846 = ORIENTED_EDGE ( 'NONE', *, *, #5626, .F. ) ;
#4847 = CARTESIAN_POINT ( 'NONE',  ( 35.00000000000000000, -56.57658473601188831, 54.99999999999999289 ) ) ;
#4848 = FACE_OUTER_BOUND ( 'NONE', #3396, .T. ) ;
#4849 = DIRECTION ( 'NONE',  ( 0.000000000000000000, 0.000000000000000000, 1.000000000000000000 ) ) ;
#4850 = LOCAL_TIME ( 13, 37, 31.00000000000000000, #1818 ) ;
#4851 = EDGE_LOOP ( 'NONE', ( #7089, #6069, #5409, #263 ) ) ;
#4852 = VECTOR ( 'NONE', #3025, 1000.000000000000000 ) ;
#4853 = CARTESIAN_POINT ( 'NONE',  ( -37.00000000000000711, 0.000000000000000000, -51.00000000000000000 ) ) ;
#4854 = PERSON_AND_ORGANIZATION_ROLE ( 'classification_officer' ) ;
#4855 = LINE ( 'NONE', #1868, #133 ) ;
#4856 = AXIS2_PLACEMENT_3D ( 'NONE', #5629, #2012, #6842 ) ;
#4857 = LOCAL_TIME ( 13, 37, 31.00000000000000000, #7472 ) ;
#4858 = ORIENTED_EDGE ( 'NONE', *, *, #6919, .F. ) ;
#4859 = EDGE_LOOP ( 'NONE', ( #1696, #7116, #6346, #6449 ) ) ;
#4860 = VECTOR ( 'NONE', #2830, 1000.000000000000000 ) ;
#4861 = EDGE_CURVE ( 'NONE', #7715, #2662, #6646, .T. ) ;
#4862 = CYLINDRICAL_SURFACE ( 'NONE', #4895, 3.500000000000003109 ) ;
#4863 = DIRECTION ( 'NONE',  ( -0.000000000000000000, -0.000000000000000000, -1.000000000000000000 ) ) ;
#4864 = DIRECTION ( 'NONE',  ( 0.000000000000000000, 0.000000000000000000, -1.000000000000000000 ) ) ;
#4865 = EDGE_CURVE ( 'NONE', #6968, #1376, #3530, .T. ) ;
#4866 = CARTESIAN_POINT ( 'NONE',  ( -36.00000000000000711, -73.57658473601189542, -1.000000000000000000 ) ) ;
#4867 = EDGE_LOOP ( 'NONE', ( #6194, #4478, #1378, #4001 ) ) ;
#4868 = AXIS2_PLACEMENT_3D ( 'NONE', #3402, #377, #1371 ) ;
#4869 = LINE ( 'NONE', #1225, #5345 ) ;
#4870 = CARTESIAN_POINT ( 'NONE',  ( 33.99999999999996447, 15.49999999999999467, 1.500000000000000000 ) ) ;
#4871 = DIRECTION ( 'NONE',  ( -0.000000000000000000, 0.000000000000000000, 1.000000000000000000 ) ) ;
#4872 = DIRECTION ( 'NONE',  ( 0.000000000000000000, 1.000000000000000000, 0.000000000000000000 ) ) ;
#4873 = ORIENTED_EDGE ( 'NONE', *, *, #3982, .T. ) ;
#4874 = LINE ( 'NONE', #5657, #7697 ) ;
#4875 = EDGE_CURVE ( 'NONE', #2373, #5875, #5132, .T. ) ;
#4876 = EDGE_CURVE ( 'NONE', #3064, #6237, #313, .T. ) ;
#4877 = CC_DESIGN_SECURITY_CLASSIFICATION ( #3892, ( #2127 ) ) ;
#4878 = CARTESIAN_POINT ( 'NONE',  ( -37.00000000000000711, -73.57658473601189542, -3.999999999999996447 ) ) ;
#4879 = APPLICATION_PROTOCOL_DEFINITION ( 'international standard', 'config_control_design', 1994, #3661 ) ;
#4880 = VERTEX_POINT ( 'NONE', #2971 ) ;
#4881 = DIRECTION ( 'NONE',  ( 0.000000000000000000, 0.000000000000000000, -1.000000000000000000 ) ) ;
#4882 = LINE ( 'NONE', #6269, #7411 ) ;
#4883 = AXIS2_PLACEMENT_3D ( 'NONE', #6016, #7288, #3664 ) ;
#4884 = LINE ( 'NONE', #1659, #160 ) ;
#4885 = CARTESIAN_POINT ( 'NONE',  ( 31.00000000000000000, -46.67708979940022118, 36.50000000000000000 ) ) ;
#4886 = CARTESIAN_POINT ( 'NONE',  ( -36.00000000000000711, -56.57658473601188831, -1.000000000000000000 ) ) ;
#4887 = DIRECTION ( 'NONE',  ( 1.000000000000000000, 0.000000000000000000, 0.000000000000000000 ) ) ;
#4888 = VERTEX_POINT ( 'NONE', #60 ) ;
#4889 = LINE ( 'NONE', #3139, #6764 ) ;
#4890 = ORIENTED_EDGE ( 'NONE', *, *, #4055, .F. ) ;
#4891 = CARTESIAN_POINT ( 'NONE',  ( -36.00000000000009237, -73.57658473601189542, 26.99999999999999645 ) ) ;
#4892 = ORIENTED_EDGE ( 'NONE', *, *, #3110, .T. ) ;
#4893 = DIRECTION ( 'NONE',  ( 1.000000000000000000, 0.000000000000000000, -0.000000000000000000 ) ) ;
#4894 = ORIENTED_EDGE ( 'NONE', *, *, #4305, .T. ) ;
#4895 = AXIS2_PLACEMENT_3D ( 'NONE', #3743, #5624, #6197 ) ;
#4896 = VERTEX_POINT ( 'NONE', #2479 ) ;
#4897 = VECTOR ( 'NONE', #1515, 1000.000000000000000 ) ;
#4898 = CARTESIAN_POINT ( 'NONE',  ( 3.954149099653018085E-16, -15.50000000000000178, 1.500000000000000000 ) ) ;
#4899 = ORIENTED_EDGE ( 'NONE', *, *, #3063, .T. ) ;
#4900 = DATE_AND_TIME ( #7052, #907 ) ;
#4901 = ORIENTED_EDGE ( 'NONE', *, *, #2425, .F. ) ;
#4902 = ORIENTED_EDGE ( 'NONE', *, *, #1574, .F. ) ;
#4903 = LINE ( 'NONE', #4760, #5384 ) ;
#4904 = CARTESIAN_POINT ( 'NONE',  ( -36.00000000000000711, -76.73886239618028071, 1.000000000000000000 ) ) ;
#4905 = VECTOR ( 'NONE', #7318, 1000.000000000000000 ) ;
#4906 = CARTESIAN_POINT ( 'NONE',  ( 0.000000000000000000, -56.57658473601188831, 51.00000000000000000 ) ) ;
#4907 = CARTESIAN_POINT ( 'NONE',  ( 0.000000000000000000, -56.57658473601188831, 53.00000000000000000 ) ) ;
#4908 = EDGE_CURVE ( 'NONE', #5024, #7090, #409, .T. ) ;
#4909 = ORIENTED_EDGE ( 'NONE', *, *, #6031, .F. ) ;
#4910 = AXIS2_PLACEMENT_3D ( 'NONE', #303, #7552, #2094 ) ;
#4911 = VECTOR ( 'NONE', #282, 1000.000000000000000 ) ;
#4912 = CARTESIAN_POINT ( 'NONE',  ( -35.00000000000000000, -56.57658473601188831, 51.00000000000000000 ) ) ;
#4913 = DIRECTION ( 'NONE',  ( -0.3162277660168382742, 0.000000000000000000, -0.9486832980505137680 ) ) ;
#4914 = VECTOR ( 'NONE', #3979, 1000.000000000000000 ) ;
#4915 = CARTESIAN_POINT ( 'NONE',  ( -35.00000000000000000, -71.57658473601189542, -51.00000000000000000 ) ) ;
#4916 = ORIENTED_EDGE ( 'NONE', *, *, #7314, .T. ) ;
#4917 = LINE ( 'NONE', #5643, #4247 ) ;
#4918 = CARTESIAN_POINT ( 'NONE',  ( -37.00000000000000711, -14.99999999999998046, 1.000000000000000000 ) ) ;
#4919 = EDGE_CURVE ( 'NONE', #2662, #1594, #5991, .T. ) ;
#4920 = EDGE_CURVE ( 'NONE', #5874, #7511, #6459, .T. ) ;
#4921 = VECTOR ( 'NONE', #1511, 1000.000000000000000 ) ;
#4922 = CC_DESIGN_APPROVAL ( #2320, ( #3798 ) ) ;
#4923 = CARTESIAN_POINT ( 'NONE',  ( 36.00000000000009237, -76.73886239618028071, 24.99999999999999645 ) ) ;
#4924 = DIRECTION ( 'NONE',  ( 0.000000000000000000, 0.000000000000000000, -1.000000000000000000 ) ) ;
#4925 = ORIENTED_EDGE ( 'NONE', *, *, #119, .T. ) ;
#4926 = VECTOR ( 'NONE', #4533, 1000.000000000000000 ) ;
#4927 = VECTOR ( 'NONE', #1849, 1000.000000000000000 ) ;
#4928 = CARTESIAN_POINT ( 'NONE',  ( 33.99999999999996447, 17.99999999999999645, 1.000000000000000000 ) ) ;
#4929 = EDGE_LOOP ( 'NONE', ( #2515, #1040, #5757, #2951, #6943, #3754, #6356, #1681 ) ) ;
#4930 = EDGE_CURVE ( 'NONE', #4376, #6239, #2948, .T. ) ;
#4931 = CARTESIAN_POINT ( 'NONE',  ( 36.00000000000009237, -73.57658473601189542, -24.99999999999999645 ) ) ;
#4932 = AXIS2_PLACEMENT_3D ( 'NONE', #4291, #3083, #2490 ) ;
#4933 = ORIENTED_EDGE ( 'NONE', *, *, #4394, .F. ) ;
#4934 = DIRECTION ( 'NONE',  ( 0.000000000000000000, 1.000000000000000000, 0.000000000000000000 ) ) ;
#4935 = EDGE_LOOP ( 'NONE', ( #4454, #6046, #1067, #1872 ) ) ;
#4936 = CARTESIAN_POINT ( 'NONE',  ( -31.00000000000000000, -73.57658473601189542, 40.00000000000000000 ) ) ;
#4937 = ORIENTED_EDGE ( 'NONE', *, *, #212, .T. ) ;
#4938 = CARTESIAN_POINT ( 'NONE',  ( -31.00000000000000000, -46.67708979940022118, 38.50000000000000000 ) ) ;
#4939 = ORIENTED_EDGE ( 'NONE', *, *, #6815, .T. ) ;
#4940 = PERSON_AND_ORGANIZATION ( #1820, #6598 ) ;
#4941 = VECTOR ( 'NONE', #3660, 1000.000000000000000 ) ;
#4942 = CARTESIAN_POINT ( 'NONE',  ( -37.00000000000000711, -14.99999999999998046, -1.000000000000000000 ) ) ;
#4943 = ORIENTED_EDGE ( 'NONE', *, *, #5732, .T. ) ;
#4944 = CARTESIAN_POINT ( 'NONE',  ( 37.00000000000000711, -56.57658473601188831, 54.99999999999999289 ) ) ;
#4945 = DIRECTION ( 'NONE',  ( -0.7071067811865507924, 0.000000000000000000, 0.7071067811865442421 ) ) ;
#4946 = DIRECTION ( 'NONE',  ( 0.000000000000000000, 0.000000000000000000, -1.000000000000000000 ) ) ;
#4947 = VECTOR ( 'NONE', #7522, 1000.000000000000000 ) ;
#4948 = PERSON_AND_ORGANIZATION ( #152, #3618 ) ;
#4949 = DIRECTION ( 'NONE',  ( -8.673617379884027583E-16, 0.000000000000000000, 1.000000000000000000 ) ) ;
#4950 = ORIENTED_EDGE ( 'NONE', *, *, #4664, .T. ) ;
#4951 = ORIENTED_EDGE ( 'NONE', *, *, #6931, .T. ) ;
#4953 = VECTOR ( 'NONE', #4738, 1000.000000000000000 ) ;
#4952 = DIRECTION ( 'NONE',  ( 0.000000000000000000, -1.000000000000000000, 0.000000000000000000 ) ) ;
#4954 = VECTOR ( 'NONE', #1888, 1000.000000000000114 ) ;
#4955 = VERTEX_POINT ( 'NONE', #3598 ) ;
#4956 = DIRECTION ( 'NONE',  ( 0.000000000000000000, -0.000000000000000000, -1.000000000000000000 ) ) ;
#4957 = PERSON_AND_ORGANIZATION ( #1820, #6598 ) ;
#4958 = AXIS2_PLACEMENT_3D ( 'NONE', #6792, #1933, #1301 ) ;
#4959 = CARTESIAN_POINT ( 'NONE',  ( -37.00000000000009237, -56.57658473601188831, -22.00000000000000000 ) ) ;
#4960 = CARTESIAN_POINT ( 'NONE',  ( 40.00000000000000711, -76.57658473601189542, 59.00000000000000000 ) ) ;
#4961 = ORIENTED_EDGE ( 'NONE', *, *, #2260, .F. ) ;
#4962 = LINE ( 'NONE', #5445, #3326 ) ;
#4963 = CARTESIAN_POINT ( 'NONE',  ( 37.00000000000000711, -73.57658473601189542, 59.00000000000000000 ) ) ;
#4964 = EDGE_CURVE ( 'NONE', #7563, #2361, #776, .T. ) ;
#4965 = DIRECTION ( 'NONE',  ( -0.9486832980505137680, 0.000000000000000000, 0.3162277660168382742 ) ) ;
#4966 = EDGE_CURVE ( 'NONE', #1746, #5248, #7386, .T. ) ;
#4967 = CARTESIAN_POINT ( 'NONE',  ( 37.00000000000000711, -56.57658473601188831, 51.00000000000000000 ) ) ;
#4968 =( GEOMETRIC_REPRESENTATION_CONTEXT ( 3 ) GLOBAL_UNCERTAINTY_ASSIGNED_CONTEXT ( ( #5211 ) ) GLOBAL_UNIT_ASSIGNED_CONTEXT ( ( #7524, #7004, #2721 ) ) REPRESENTATION_CONTEXT ( 'NONE', 'WORKASPACE' ) );
#4969 = DIRECTION ( 'NONE',  ( -0.3162277660168381077, 0.000000000000000000, -0.9486832980505137680 ) ) ;
#4970 = EDGE_LOOP ( 'NONE', ( #6994, #6987 ) ) ;
#4971 = DESIGN_CONTEXT ( 'detailed design', #613, 'design' ) ;
#4972 = DIRECTION ( 'NONE',  ( 0.000000000000000000, 0.000000000000000000, 1.000000000000000000 ) ) ;
#4973 = VECTOR ( 'NONE', #3255, 1000.000000000000000 ) ;
#4974 = CARTESIAN_POINT ( 'NONE',  ( -37.00000000000000711, -73.57658473601189542, -54.99999999999999289 ) ) ;
#4975 = DIRECTION ( 'NONE',  ( 1.000000000000000000, 0.000000000000000000, 0.000000000000000000 ) ) ;
#4976 = EDGE_CURVE ( 'NONE', #6299, #7775, #220, .T. ) ;
#4977 = VERTEX_POINT ( 'NONE', #6639 ) ;
#4978 = LINE ( 'NONE', #1461, #1559 ) ;
#4979 = CC_DESIGN_DATE_AND_TIME_ASSIGNMENT ( #3027, #3578, ( #3753 ) ) ;
#4980 = CARTESIAN_POINT ( 'NONE',  ( -40.00000000000000711, -56.57658473601188831, 59.00000000000000000 ) ) ;
#4981 = ORIENTED_EDGE ( 'NONE', *, *, #1178, .T. ) ;
#4982 = ORIENTED_EDGE ( 'NONE', *, *, #1547, .F. ) ;
#4983 = CARTESIAN_POINT ( 'NONE',  ( -40.00000000000000711, -76.57658473601189542, -59.00000000000000000 ) ) ;
#4984 = EDGE_LOOP ( 'NONE', ( #896, #927, #5599, #6068 ) ) ;
#4985 = VECTOR ( 'NONE', #4188, 1000.000000000000114 ) ;
#4986 = APPROVAL_PERSON_ORGANIZATION ( #2904, #10, #7745 ) ;
#4987 = DIRECTION ( 'NONE',  ( 0.000000000000000000, 0.000000000000000000, -1.000000000000000000 ) ) ;
#4988 = VERTEX_POINT ( 'NONE', #2574 ) ;
#4989 = ORIENTED_EDGE ( 'NONE', *, *, #7542, .F. ) ;
#4990 = ORIENTED_EDGE ( 'NONE', *, *, #3503, .T. ) ;
#4991 = VECTOR ( 'NONE', #53, 1000.000000000000000 ) ;
#4992 = CARTESIAN_POINT ( 'NONE',  ( 36.00000000000000711, -73.57658473601189542, -1.000000000000000000 ) ) ;
#4993 = ORIENTED_EDGE ( 'NONE', *, *, #6270, .T. ) ;
#4994 = CARTESIAN_POINT ( 'NONE',  ( 31.00000000000000000, -46.67708979940022118, 40.00000000000000000 ) ) ;
#4995 = VECTOR ( 'NONE', #3919, 1000.000000000000000 ) ;
#4996 = SHAPE_DEFINITION_REPRESENTATION ( #4324, #2358 ) ;
#4997 = CARTESIAN_POINT ( 'NONE',  ( 37.00000000000000711, -56.57658473601188831, -59.00000000000000000 ) ) ;
#4998 = ORIENTED_EDGE ( 'NONE', *, *, #7531, .T. ) ;
#4999 = LINE ( 'NONE', #7750, #3588 ) ;
#5000 = CARTESIAN_POINT ( 'NONE',  ( 33.99999999999996447, 15.49999999999999467, 1.500000000000000000 ) ) ;
#5001 = LINE ( 'NONE', #2991, #190 ) ;
#5002 = EDGE_CURVE ( 'NONE', #3546, #6060, #1732, .T. ) ;
#5003 = AXIS2_PLACEMENT_3D ( 'NONE', #1588, #1292, #2652 ) ;
#5004 = ORIENTED_EDGE ( 'NONE', *, *, #1178, .F. ) ;
#5005 = DIRECTION ( 'NONE',  ( 0.000000000000000000, 1.000000000000000000, 0.000000000000000000 ) ) ;
#5006 = ADVANCED_FACE ( 'NONE', ( #7574 ), #2547, .F. ) ;
#5007 = CARTESIAN_POINT ( 'NONE',  ( -34.50000000000000000, 14.99999999999999289, 1.000000000000000000 ) ) ;
#5008 = PRODUCT ( 'lower case', 'lower case', '', ( #4185 ) ) ;
#5009 = EDGE_LOOP ( 'NONE', ( #81, #1353, #5446, #3289, #2389, #6785, #3165, #4216 ) ) ;
#5010 = CIRCLE ( 'NONE', #1981, 1.500000000000001332 ) ;
#5011 = CARTESIAN_POINT ( 'NONE',  ( 40.00000000000000711, -76.57658473601189542, 59.00000000000000000 ) ) ;
#5012 = FACE_OUTER_BOUND ( 'NONE', #3354, .T. ) ;
#5013 = EDGE_LOOP ( 'NONE', ( #4462, #2235, #7149, #4025 ) ) ;
#5014 = EDGE_CURVE ( 'NONE', #5431, #5460, #4559, .T. ) ;
#5015 = EDGE_LOOP ( 'NONE', ( #2712, #5405 ) ) ;
#5016 = EDGE_CURVE ( 'NONE', #757, #2167, #1637, .T. ) ;
#5017 = EDGE_LOOP ( 'NONE', ( #6811, #1806 ) ) ;
#5018 = VERTEX_POINT ( 'NONE', #1342 ) ;
#5019 = PRODUCT_RELATED_PRODUCT_CATEGORY ( 'detail', '', ( #646 ) ) ;
#5020 = FACE_BOUND ( 'NONE', #383, .T. ) ;
#5021 = DIRECTION ( 'NONE',  ( 0.000000000000000000, 1.000000000000000000, 0.000000000000000000 ) ) ;
#5022 = EDGE_LOOP ( 'NONE', ( #1702, #3269, #4385, #5307 ) ) ;
#5023 = ORIENTED_EDGE ( 'NONE', *, *, #7599, .F. ) ;
#5024 = VERTEX_POINT ( 'NONE', #2520 ) ;
#5025 = VERTEX_POINT ( 'NONE', #7405 ) ;
#5026 = EDGE_LOOP ( 'NONE', ( #3150, #187, #224, #3723 ) ) ;
#5027 = DIRECTION ( 'NONE',  ( 0.3162277660168381077, 0.000000000000000000, 0.9486832980505137680 ) ) ;
#5028 = VECTOR ( 'NONE', #4669, 1000.000000000000000 ) ;
#5029 = EDGE_CURVE ( 'NONE', #6160, #1594, #7203, .T. ) ;
#5030 = CONTEXT_DEPENDENT_SHAPE_REPRESENTATION ( #7254, #2928 ) ;
#5031 = DIRECTION ( 'NONE',  ( 0.000000000000000000, 0.000000000000000000, 1.000000000000000000 ) ) ;
#5032 = AXIS2_PLACEMENT_3D ( 'NONE', #2119, #4449, #6322 ) ;
#5033 = ORIENTED_EDGE ( 'NONE', *, *, #6042, .T. ) ;
#5034 = ORIENTED_EDGE ( 'NONE', *, *, #4562, .F. ) ;
#5035 = VECTOR ( 'NONE', #4281, 1000.000000000000114 ) ;
#5036 = VECTOR ( 'NONE', #6607, 1000.000000000000000 ) ;
#5037 = CARTESIAN_POINT ( 'NONE',  ( -31.00000000000000000, -46.67708979940022118, 40.00000000000000000 ) ) ;
#5038 = CARTESIAN_POINT ( 'NONE',  ( -37.00000000000000711, -73.57658473601189542, -59.00000000000000000 ) ) ;
#5039 = CARTESIAN_POINT ( 'NONE',  ( 37.00000000000000711, -76.73886239618028071, 1.000000000000000888 ) ) ;
#5040 = ORIENTED_EDGE ( 'NONE', *, *, #5987, .F. ) ;
#5041 = AXIS2_PLACEMENT_3D ( 'NONE', #6757, #4347, #7774 ) ;
#5042 = VERTEX_POINT ( 'NONE', #218 ) ;
#5043 = DIRECTION ( 'NONE',  ( 1.000000000000000000, 0.000000000000000000, -0.000000000000000000 ) ) ;
#5044 = LINE ( 'NONE', #323, #4860 ) ;
#5045 = VECTOR ( 'NONE', #447, 1000.000000000000000 ) ;
#5046 = CARTESIAN_POINT ( 'NONE',  ( -35.00000000000000000, -56.57658473601188831, 53.00000000000000000 ) ) ;
#5047 = ORIENTED_EDGE ( 'NONE', *, *, #4260, .F. ) ;
#5048 = FACE_OUTER_BOUND ( 'NONE', #6304, .T. ) ;
#5049 = EDGE_CURVE ( 'NONE', #2640, #439, #7486, .T. ) ;
#5050 = ORIENTED_EDGE ( 'NONE', *, *, #7787, .T. ) ;
#5051 = AXIS2_PLACEMENT_3D ( 'NONE', #1445, #3893, #3299 ) ;
#5052 = DIRECTION ( 'NONE',  ( 0.000000000000000000, 0.000000000000000000, 1.000000000000000000 ) ) ;
#5053 = VECTOR ( 'NONE', #3960, 1000.000000000000000 ) ;
#5054 = CARTESIAN_POINT ( 'NONE',  ( -31.00000000000000000, -73.57658473601189542, -36.50000000000000000 ) ) ;
#5055 = EDGE_LOOP ( 'NONE', ( #4020, #2822, #4167, #136 ) ) ;
#5056 = CARTESIAN_POINT ( 'NONE',  ( 34.49999999999998579, -15.00000000000000000, 1.000000000000000000 ) ) ;
#5057 = EDGE_CURVE ( 'NONE', #7383, #6749, #5690, .T. ) ;
#5058 = LINE ( 'NONE', #6353, #4782 ) ;
#5059 = EDGE_CURVE ( 'NONE', #5729, #3752, #3889, .T. ) ;
#5060 = CARTESIAN_POINT ( 'NONE',  ( -31.00000000000000000, -56.57658473601188831, 40.00000000000000000 ) ) ;
#5061 = EDGE_CURVE ( 'NONE', #6131, #2850, #1433, .T. ) ;
#5062 = AXIS2_PLACEMENT_3D ( 'NONE', #111, #6122, #6707 ) ;
#5063 = DIRECTION ( 'NONE',  ( 0.000000000000000000, 0.000000000000000000, -1.000000000000000000 ) ) ;
#5064 = ADVANCED_FACE ( 'NONE', ( #6259 ), #4862, .T. ) ;
#5065 = VECTOR ( 'NONE', #7014, 1000.000000000000000 ) ;
#5066 = ORIENTED_EDGE ( 'NONE', *, *, #6019, .T. ) ;
#5067 = LINE ( 'NONE', #676, #1001 ) ;
#5068 = DIRECTION ( 'NONE',  ( 0.000000000000000000, 0.000000000000000000, -1.000000000000000000 ) ) ;
#5069 = EDGE_CURVE ( 'NONE', #6669, #2326, #870, .T. ) ;
#5070 = ORIENTED_EDGE ( 'NONE', *, *, #3452, .F. ) ;
#5071 = ORIENTED_EDGE ( 'NONE', *, *, #7338, .F. ) ;
#5072 = ADVANCED_FACE ( 'NONE', ( #3030 ), #6176, .F. ) ;
#5073 = CIRCLE ( 'NONE', #6750, 3.000000000000002665 ) ;
#5074 = EDGE_LOOP ( 'NONE', ( #4190, #3300, #4082, #1764 ) ) ;
#5075 = CARTESIAN_POINT ( 'NONE',  ( -37.00000000000000711, -14.99999999999998046, -1.000000000000000000 ) ) ;
#5076 = LOCAL_TIME ( 13, 37, 31.00000000000000000, #6300 ) ;
#5077 = PLANE ( 'NONE',  #4077 ) ;
#5078 = CARTESIAN_POINT ( 'NONE',  ( -31.00000000000000000, -46.67708979940022118, -43.50000000000000711 ) ) ;
#5079 = ORIENTED_EDGE ( 'NONE', *, *, #6782, .F. ) ;
#5080 = VERTEX_POINT ( 'NONE', #759 ) ;
#5081 = AXIS2_PLACEMENT_3D ( 'NONE', #856, #827, #3894 ) ;
#5082 = LINE ( 'NONE', #6170, #6306 ) ;
#5083 = ADVANCED_FACE ( 'NONE', ( #6087 ), #4425, .T. ) ;
#5084 = DIRECTION ( 'NONE',  ( 0.000000000000000000, 0.000000000000000000, -1.000000000000000000 ) ) ;
#5085 = LINE ( 'NONE', #7142, #3372 ) ;
#5086 = DIRECTION ( 'NONE',  ( 0.000000000000000000, -1.000000000000000000, 0.000000000000000000 ) ) ;
#5087 = CARTESIAN_POINT ( 'NONE',  ( 37.00000000000000711, -56.57658473601188831, -59.00000000000000000 ) ) ;
#5088 = CARTESIAN_POINT ( 'NONE',  ( 31.00000000000000000, -46.67708979940022118, -41.49999999999999289 ) ) ;
#5089 = ORIENTED_EDGE ( 'NONE', *, *, #6878, .T. ) ;
#5090 = LINE ( 'NONE', #1256, #1876 ) ;
#5091 = LINE ( 'NONE', #1945, #4914 ) ;
#5092 = ORIENTED_EDGE ( 'NONE', *, *, #7784, .F. ) ;
#5093 = DIRECTION ( 'NONE',  ( 0.000000000000000000, 0.000000000000000000, 1.000000000000000000 ) ) ;
#5094 = CARTESIAN_POINT ( 'NONE',  ( 37.00000000000009237, -56.57658473601188831, 27.00000000000000000 ) ) ;
#5095 = ORIENTED_EDGE ( 'NONE', *, *, #7636, .F. ) ;
#5096 = AXIS2_PLACEMENT_3D ( 'NONE', #6591, #2882, #1700 ) ;
#5097 = LINE ( 'NONE', #4778, #5960 ) ;
#5098 = VECTOR ( 'NONE', #4279, 1000.000000000000000 ) ;
#5099 = DIRECTION ( 'NONE',  ( -1.000000000000000000, 0.000000000000000000, 0.000000000000000000 ) ) ;
#5100 = ADVANCED_FACE ( 'NONE', ( #7675 ), #1420, .F. ) ;
#5101 = VERTEX_POINT ( 'NONE', #1947 ) ;
#5102 = CARTESIAN_POINT ( 'NONE',  ( -37.00000000000000711, -56.57658473601188831, -30.00000000000000000 ) ) ;
#5103 = VECTOR ( 'NONE', #1549, 1000.000000000000000 ) ;
#5104 = EDGE_CURVE ( 'NONE', #6110, #3773, #4087, .T. ) ;
#5105 = LINE ( 'NONE', #2445, #2 ) ;
#5106 = ORIENTED_EDGE ( 'NONE', *, *, #2366, .T. ) ;
#5107 = CARTESIAN_POINT ( 'NONE',  ( -37.00000000000000711, -56.57658473601188831, 51.00000000000000000 ) ) ;
#5108 = EDGE_LOOP ( 'NONE', ( #7237, #6274, #619, #1830 ) ) ;
#5109 = DIRECTION ( 'NONE',  ( 1.000000000000000000, 0.000000000000000000, 0.000000000000000000 ) ) ;
#5110 = ORIENTED_EDGE ( 'NONE', *, *, #5434, .T. ) ;
#5111 = ORIENTED_EDGE ( 'NONE', *, *, #3539, .T. ) ;
#5112 = PLANE ( 'NONE',  #5427 ) ;
#5113 = CARTESIAN_POINT ( 'NONE',  ( 0.000000000000000000, -56.57658473601188831, 53.00000000000000000 ) ) ;
#5114 = EDGE_LOOP ( 'NONE', ( #5004, #2752, #2992, #6820 ) ) ;
#5115 = ORIENTED_EDGE ( 'NONE', *, *, #67, .T. ) ;
#5116 = ADVANCED_FACE ( 'NONE', ( #858 ), #6078, .F. ) ;
#5117 = DIRECTION ( 'NONE',  ( 0.3162277660168382187, 0.000000000000000000, 0.9486832980505136570 ) ) ;
#5118 = PERSON_AND_ORGANIZATION ( #1820, #6598 ) ;
#5119 = LINE ( 'NONE', #6130, #2274 ) ;
#5120 = EDGE_CURVE ( 'NONE', #7172, #2808, #2665, .T. ) ;
#5121 = EDGE_CURVE ( 'NONE', #2290, #322, #4102, .T. ) ;
#5122 = VERTEX_POINT ( 'NONE', #3272 ) ;
#5123 = CC_DESIGN_SECURITY_CLASSIFICATION ( #522, ( #7829 ) ) ;
#5124 = PLANE ( 'NONE',  #1958 ) ;
#5125 = DIRECTION ( 'NONE',  ( 0.000000000000000000, 0.000000000000000000, 1.000000000000000000 ) ) ;
#5126 = CYLINDRICAL_SURFACE ( 'NONE', #4910, 0.5000000000000004441 ) ;
#5127 = CARTESIAN_POINT ( 'NONE',  ( 37.00000000000000711, -73.57658473601189542, -59.00000000000000000 ) ) ;
#5128 = DATE_AND_TIME ( #772, #2371 ) ;
#5129 = ADVANCED_FACE ( 'NONE', ( #1833 ), #3948, .T. ) ;
#5130 = VERTEX_POINT ( 'NONE', #3839 ) ;
#5131 = ORIENTED_EDGE ( 'NONE', *, *, #7036, .T. ) ;
#5132 = LINE ( 'NONE', #4302, #1530 ) ;
#5133 = DIRECTION ( 'NONE',  ( 0.000000000000000000, 0.000000000000000000, -1.000000000000000000 ) ) ;
#5134 = LINE ( 'NONE', #672, #4954 ) ;
#5135 = CARTESIAN_POINT ( 'NONE',  ( 37.00000000000000711, -73.57658473601189542, -4.000000000000000888 ) ) ;
#5136 = CARTESIAN_POINT ( 'NONE',  ( 0.000000000000000000, -56.57658473601188831, -51.00000000000000000 ) ) ;
#5137 = ORIENTED_EDGE ( 'NONE', *, *, #4003, .T. ) ;
#5138 = VECTOR ( 'NONE', #1177, 1000.000000000000000 ) ;
#5139 =( NAMED_UNIT ( * ) PLANE_ANGLE_UNIT ( ) SI_UNIT ( $, .RADIAN. ) );
#5140 = EDGE_CURVE ( 'NONE', #400, #6110, #1262, .T. ) ;
#5141 = CARTESIAN_POINT ( 'NONE',  ( 36.99999999999999289, -15.00000000000000355, -1.000000000000000000 ) ) ;
#5142 = PLANE ( 'NONE',  #132 ) ;
#5143 = CARTESIAN_POINT ( 'NONE',  ( -34.00000000000000000, -15.00000000000000355, 1.000000000000000000 ) ) ;
#5144 = ORIENTED_EDGE ( 'NONE', *, *, #1058, .F. ) ;
#5145 = ADVANCED_FACE ( 'NONE', ( #5909 ), #6330, .F. ) ;
#5146 = LINE ( 'NONE', #2927, #325 ) ;
#5147 = CARTESIAN_POINT ( 'NONE',  ( -37.00000000000000711, -73.57658473601189542, -1.000000000000000888 ) ) ;
#5148 = CARTESIAN_POINT ( 'NONE',  ( 37.00000000000000711, -73.57658473601189542, -59.00000000000000000 ) ) ;
#5149 = CARTESIAN_POINT ( 'NONE',  ( 37.00000000000009237, -73.57658473601189542, -24.99999999999999645 ) ) ;
#5150 = ORIENTED_EDGE ( 'NONE', *, *, #3843, .T. ) ;
#5151 = LINE ( 'NONE', #5612, #7404 ) ;
#5152 = ADVANCED_FACE ( 'NONE', ( #4458 ), #6276, .T. ) ;
#5153 = EDGE_CURVE ( 'NONE', #589, #3359, #38, .T. ) ;
#5154 = DIRECTION ( 'NONE',  ( 1.000000000000000000, 0.000000000000000000, 0.000000000000000000 ) ) ;
#5155 = CARTESIAN_POINT ( 'NONE',  ( 31.00000000000000000, -46.67708979940022118, 40.00000000000000000 ) ) ;
#5156 = VERTEX_POINT ( 'NONE', #239 ) ;
#5157 = DIRECTION ( 'NONE',  ( 0.000000000000000000, 0.000000000000000000, -1.000000000000000000 ) ) ;
#5158 = ORIENTED_EDGE ( 'NONE', *, *, #7029, .T. ) ;
#5159 = VECTOR ( 'NONE', #7780, 1000.000000000000000 ) ;
#5160 = VERTEX_POINT ( 'NONE', #6360 ) ;
#5161 = DIRECTION ( 'NONE',  ( 0.000000000000000000, 0.000000000000000000, 1.000000000000000000 ) ) ;
#5162 = ADVANCED_FACE ( 'NONE', ( #7101 ), #5124, .F. ) ;
#5163 = VERTEX_POINT ( 'NONE', #912 ) ;
#5164 = EDGE_CURVE ( 'NONE', #6110, #7081, #228, .T. ) ;
#5165 = CARTESIAN_POINT ( 'NONE',  ( -37.00000000000000711, -73.57658473601189542, -59.00000000000000000 ) ) ;
#5166 = CARTESIAN_POINT ( 'NONE',  ( 31.00000000000000000, -56.57658473601188831, -40.00000000000000000 ) ) ;
#5167 = EDGE_CURVE ( 'NONE', #4262, #788, #6470, .T. ) ;
#5168 = VERTEX_POINT ( 'NONE', #3330 ) ;
#5169 = CC_DESIGN_PERSON_AND_ORGANIZATION_ASSIGNMENT ( #7148, #5362, ( #6924 ) ) ;
#5170 = VECTOR ( 'NONE', #639, 1000.000000000000000 ) ;
#5171 = PERSON_AND_ORGANIZATION ( #1820, #6598 ) ;
#5172 = ORIENTED_EDGE ( 'NONE', *, *, #1839, .T. ) ;
#5173 = EDGE_LOOP ( 'NONE', ( #4177, #5312, #5436, #5337 ) ) ;
#5174 = DIRECTION ( 'NONE',  ( -0.000000000000000000, 1.000000000000000000, -0.000000000000000000 ) ) ;
#5175 = CARTESIAN_POINT ( 'NONE',  ( 37.00000000000000711, -56.57658473601188831, -59.00000000000000000 ) ) ;
#5176 = ORIENTED_EDGE ( 'NONE', *, *, #559, .T. ) ;
#5177 = DIRECTION ( 'NONE',  ( -0.000000000000000000, -1.000000000000000000, -0.000000000000000000 ) ) ;
#5178 = LINE ( 'NONE', #4838, #2709 ) ;
#5179 = PLANE ( 'NONE',  #4826 ) ;
#5180 = EDGE_CURVE ( 'NONE', #6014, #322, #2859, .T. ) ;
#5181 = AXIS2_PLACEMENT_3D ( 'NONE', #5352, #6562, #1027 ) ;
#5182 = ORIENTED_EDGE ( 'NONE', *, *, #5886, .T. ) ;
#5183 = EDGE_LOOP ( 'NONE', ( #5784, #7321, #1788, #3512, #2110, #1290, #3247, #7342, #5973, #446, #7746, #6896, #5047, #2477, #6736, #158, #4892, #3386, #1605, #2836, #6725, #4774, #2384, #1568, #3406, #2354, #3895, #1946, #2281, #2467, #3652, #1510, #5530, #4624, #2929, #5300 ) ) ;
#5184 = DIRECTION ( 'NONE',  ( 0.000000000000000000, -0.000000000000000000, -1.000000000000000000 ) ) ;
#5185 = ADVANCED_FACE ( 'NONE', ( #6905 ), #7113, .T. ) ;
#5186 = VECTOR ( 'NONE', #6334, 1000.000000000000000 ) ;
#5187 = CARTESIAN_POINT ( 'NONE',  ( -37.00000000000000711, -56.57658473601188831, 21.99999999999999289 ) ) ;
#5188 = DIRECTION ( 'NONE',  ( -0.000000000000000000, 0.000000000000000000, 1.000000000000000000 ) ) ;
#5189 = LINE ( 'NONE', #6138, #7246 ) ;
#5190 = AXIS2_PLACEMENT_3D ( 'NONE', #1181, #4265, #4236 ) ;
#5191 = ORIENTED_EDGE ( 'NONE', *, *, #3584, .F. ) ;
#5192 = CARTESIAN_POINT ( 'NONE',  ( 33.99999999999996447, 17.99999999999999645, -1.000000000000000000 ) ) ;
#5193 = DIRECTION ( 'NONE',  ( -0.000000000000000000, 1.000000000000000000, -0.000000000000000000 ) ) ;
#5194 = VERTEX_POINT ( 'NONE', #2625 ) ;
#5195 = VECTOR ( 'NONE', #2759, 1000.000000000000000 ) ;
#5196 = DIRECTION ( 'NONE',  ( 0.000000000000000000, 0.000000000000000000, -1.000000000000000000 ) ) ;
#5197 = CARTESIAN_POINT ( 'NONE',  ( 37.00000000000000711, -73.57658473601189542, -56.99999999999996447 ) ) ;
#5198 = CYLINDRICAL_SURFACE ( 'NONE', #6033, 3.000000000000002665 ) ;
#5199 = ADVANCED_FACE ( 'NONE', ( #679 ), #5673, .T. ) ;
#5200 = CARTESIAN_POINT ( 'NONE',  ( 37.00000000000000711, -56.57658473601188831, -59.00000000000000000 ) ) ;
#5201 = DIRECTION ( 'NONE',  ( 1.000000000000000000, 0.000000000000000000, 0.000000000000000000 ) ) ;
#5202 = ORIENTED_EDGE ( 'NONE', *, *, #994, .T. ) ;
#5203 = EDGE_CURVE ( 'NONE', #6148, #7790, #3040, .T. ) ;
#5204 = LINE ( 'NONE', #2288, #5406 ) ;
#5205 = DIRECTION ( 'NONE',  ( -0.000000000000000000, -0.000000000000000000, 1.000000000000000000 ) ) ;
#5206 = VECTOR ( 'NONE', #2953, 1000.000000000000000 ) ;
#5207 = DIRECTION ( 'NONE',  ( 0.000000000000000000, -1.000000000000000000, 0.000000000000000000 ) ) ;
#5208 = CARTESIAN_POINT ( 'NONE',  ( -31.00000000000000000, -73.57658473601189542, -41.50000000000000000 ) ) ;
#5209 = EDGE_CURVE ( 'NONE', #2521, #7375, #7295, .T. ) ;
#5210 = CARTESIAN_POINT ( 'NONE',  ( 31.00000000000000000, -73.57658473601189542, -36.50000000000000000 ) ) ;
#5211 = UNCERTAINTY_MEASURE_WITH_UNIT (LENGTH_MEASURE( 1.000000000000000082E-05 ), #7524, 'distance_accuracy_value', 'NONE');
#5212 = ADVANCED_FACE ( 'NONE', ( #1444 ), #4700, .T. ) ;
#5213 = ORIENTED_EDGE ( 'NONE', *, *, #6829, .T. ) ;
#5214 = ORIENTED_EDGE ( 'NONE', *, *, #6555, .T. ) ;
#5215 = ORIENTED_EDGE ( 'NONE', *, *, #5180, .T. ) ;
#5216 = ORIENTED_EDGE ( 'NONE', *, *, #5571, .T. ) ;
#5217 = FACE_OUTER_BOUND ( 'NONE', #714, .T. ) ;
#5218 = CARTESIAN_POINT ( 'NONE',  ( 37.00000000000000711, -73.57658473601189542, -59.00000000000000000 ) ) ;
#5219 = ORIENTED_EDGE ( 'NONE', *, *, #7224, .T. ) ;
#5220 = CARTESIAN_POINT ( 'NONE',  ( -37.00000000000009237, -76.73886239618028071, 24.99999999999999645 ) ) ;
#5221 = ORIENTED_EDGE ( 'NONE', *, *, #2328, .T. ) ;
#5222 = EDGE_CURVE ( 'NONE', #3806, #2196, #1060, .T. ) ;
#5223 = ORIENTED_EDGE ( 'NONE', *, *, #1455, .T. ) ;
#5224 = EDGE_CURVE ( 'NONE', #6669, #7538, #2656, .T. ) ;
#5225 = ORIENTED_EDGE ( 'NONE', *, *, #305, .T. ) ;
#5226 = VERTEX_POINT ( 'NONE', #478 ) ;
#5227 = AXIS2_PLACEMENT_3D ( 'NONE', #1597, #6436, #329 ) ;
#5228 = VECTOR ( 'NONE', #1808, 1000.000000000000000 ) ;
#5229 = COORDINATED_UNIVERSAL_TIME_OFFSET ( 2, 0, .AHEAD. ) ;
#5230 =( NAMED_UNIT ( * ) SI_UNIT ( $, .STERADIAN. ) SOLID_ANGLE_UNIT ( ) );
#5231 = CARTESIAN_POINT ( 'NONE',  ( 0.000000000000000000, -71.57658473601189542, -53.00000000000000000 ) ) ;
#5232 = CARTESIAN_POINT ( 'NONE',  ( 36.00000000000009237, -76.73886239618028071, -27.00000000000000000 ) ) ;
#5233 = CARTESIAN_POINT ( 'NONE',  ( -37.00000000000000711, -73.57658473601189542, -24.99999999999999289 ) ) ;
#5234 = EDGE_LOOP ( 'NONE', ( #2692, #99, #3464, #6664 ) ) ;
#5235 = ORIENTED_EDGE ( 'NONE', *, *, #1406, .T. ) ;
#5236 = CYLINDRICAL_SURFACE ( 'NONE', #5923, 3.500000000000003109 ) ;
#5237 = LINE ( 'NONE', #699, #6359 ) ;
#5238 = EDGE_CURVE ( 'NONE', #1852, #7483, #5898, .T. ) ;
#5239 = AXIS2_PLACEMENT_3D ( 'NONE', #4065, #1110, #5977 ) ;
#5240 = DIRECTION ( 'NONE',  ( 0.000000000000000000, 0.000000000000000000, 1.000000000000000000 ) ) ;
#5241 = DIRECTION ( 'NONE',  ( 0.000000000000000000, -0.000000000000000000, -1.000000000000000000 ) ) ;
#5242 = ORIENTED_EDGE ( 'NONE', *, *, #5571, .F. ) ;
#5243 = ORIENTED_EDGE ( 'NONE', *, *, #6430, .F. ) ;
#5244 = CARTESIAN_POINT ( 'NONE',  ( 37.00000000000000711, -73.57658473601189542, -59.00000000000000000 ) ) ;
#5245 = VECTOR ( 'NONE', #5154, 1000.000000000000000 ) ;
#5246 = VECTOR ( 'NONE', #5093, 1000.000000000000000 ) ;
#5247 = ADVANCED_FACE ( 'NONE', ( #1648 ), #7059, .T. ) ;
#5248 = VERTEX_POINT ( 'NONE', #1080 ) ;
#5249 = PLANE ( 'NONE',  #2008 ) ;
#5250 = AXIS2_PLACEMENT_3D ( 'NONE', #3517, #7728, #504 ) ;
#5252 = LINE ( 'NONE', #1014, #1921 ) ;
#5251 = DIRECTION ( 'NONE',  ( 0.000000000000000000, -1.000000000000000000, 0.000000000000000000 ) ) ;
#5253 = ORIENTED_EDGE ( 'NONE', *, *, #3700, .F. ) ;
#5254 = DIRECTION ( 'NONE',  ( 0.000000000000000000, 0.000000000000000000, 1.000000000000000000 ) ) ;
#5255 = ADVANCED_FACE ( 'NONE', ( #2282 ), #4587, .F. ) ;
#5256 = APPLICATION_CONTEXT ( 'configuration controlled 3d designs of mechanical parts and assemblies' ) ;
#5257 = LOCAL_TIME ( 13, 37, 31.00000000000000000, #2790 ) ;
#5258 = CARTESIAN_POINT ( 'NONE',  ( -34.00000000000000000, 14.99999999999999645, 1.000000000000000000 ) ) ;
#5259 = DIRECTION ( 'NONE',  ( 0.000000000000000000, 1.000000000000000000, 0.000000000000000000 ) ) ;
#5260 = CARTESIAN_POINT ( 'NONE',  ( -37.00000000000000711, -73.57658473601189542, -51.00000000000000000 ) ) ;
#5261 = ORIENTED_EDGE ( 'NONE', *, *, #1406, .F. ) ;
#5262 = AXIS2_PLACEMENT_3D ( 'NONE', #7659, #2192, #5184 ) ;
#5263 = CIRCLE ( 'NONE', #7543, 1.499999999999994449 ) ;
#5264 = CARTESIAN_POINT ( 'NONE',  ( -31.00000000000000000, -46.67708979940022118, -36.50000000000000000 ) ) ;
#5265 = CARTESIAN_POINT ( 'NONE',  ( 37.00000000000000711, -73.57658473601189542, -59.00000000000000000 ) ) ;
#5266 = DIRECTION ( 'NONE',  ( 0.000000000000000000, 0.000000000000000000, 1.000000000000000000 ) ) ;
#5267 = DIRECTION ( 'NONE',  ( 0.000000000000000000, 0.000000000000000000, -1.000000000000000000 ) ) ;
#5268 = ORIENTED_EDGE ( 'NONE', *, *, #3906, .T. ) ;
#5269 = LINE ( 'NONE', #5175, #4217 ) ;
#5270 = ORIENTED_EDGE ( 'NONE', *, *, #2069, .T. ) ;
#5271 = LINE ( 'NONE', #6191, #4125 ) ;
#5272 = ORIENTED_EDGE ( 'NONE', *, *, #5768, .F. ) ;
#5273 = EDGE_CURVE ( 'NONE', #2857, #7335, #5515, .T. ) ;
#5274 = VERTEX_POINT ( 'NONE', #5903 ) ;
#5275 = DIRECTION ( 'NONE',  ( -0.000000000000000000, -1.000000000000000000, -0.000000000000000000 ) ) ;
#5276 = AXIS2_PLACEMENT_3D ( 'NONE', #1318, #4328, #2576 ) ;
#5277 = PLANE ( 'NONE',  #6714 ) ;
#5278 = CARTESIAN_POINT ( 'NONE',  ( -37.00000000000000711, -73.57658473601189542, -59.00000000000000000 ) ) ;
#5279 = CARTESIAN_POINT ( 'NONE',  ( -37.00000000000000711, -73.57658473601189542, -59.00000000000000000 ) ) ;
#5280 = VERTEX_POINT ( 'NONE', #2204 ) ;
#5281 = VERTEX_POINT ( 'NONE', #6387 ) ;
#5282 = VERTEX_POINT ( 'NONE', #4061 ) ;
#5283 = VECTOR ( 'NONE', #6410, 1000.000000000000000 ) ;
#5284 = DIRECTION ( 'NONE',  ( 1.000000000000000000, 0.000000000000000000, 0.000000000000000000 ) ) ;
#5285 = APPLICATION_CONTEXT ( 'configuration controlled 3d designs of mechanical parts and assemblies' ) ;
#5286 = LOCAL_TIME ( 13, 37, 31.00000000000000000, #167 ) ;
#5287 = EDGE_CURVE ( 'NONE', #4667, #625, #6655, .T. ) ;
#5288 = CARTESIAN_POINT ( 'NONE',  ( 37.00000000000000711, -56.57658473601188831, 59.00000000000000000 ) ) ;
#5289 = EDGE_CURVE ( 'NONE', #1894, #5080, #6729, .T. ) ;
#5290 = DIRECTION ( 'NONE',  ( -0.3162277660168382187, 0.000000000000000000, 0.9486832980505136570 ) ) ;
#5291 = CC_DESIGN_DATE_AND_TIME_ASSIGNMENT ( #4550, #1857, ( #7482 ) ) ;
#5292 = DIRECTION ( 'NONE',  ( 1.000000000000000000, 0.000000000000000000, 0.000000000000000000 ) ) ;
#5293 = ORIENTED_EDGE ( 'NONE', *, *, #2628, .T. ) ;
#5294 = VECTOR ( 'NONE', #1310, 1000.000000000000000 ) ;
#5295 = FACE_OUTER_BOUND ( 'NONE', #7558, .T. ) ;
#5296 = CARTESIAN_POINT ( 'NONE',  ( -37.00000000000000711, -56.57658473601188831, -59.00000000000000000 ) ) ;
#5297 = DIRECTION ( 'NONE',  ( 0.000000000000000000, 0.000000000000000000, 1.000000000000000000 ) ) ;
#5298 = CARTESIAN_POINT ( 'NONE',  ( 31.00000000000000000, -73.57658473601189542, 40.00000000000000000 ) ) ;
#5299 = CARTESIAN_POINT ( 'NONE',  ( -37.00000000000000711, -73.57658473601189542, -59.00000000000000000 ) ) ;
#5300 = ORIENTED_EDGE ( 'NONE', *, *, #7026, .F. ) ;
#5301 = DIRECTION ( 'NONE',  ( 0.000000000000000000, -1.000000000000000000, 0.000000000000000000 ) ) ;
#5302 = AXIS2_PLACEMENT_3D ( 'NONE', #7347, #6215, #6728 ) ;
#5303 = ADVANCED_FACE ( 'NONE', ( #1250 ), #4657, .T. ) ;
#5304 = LINE ( 'NONE', #4725, #7641 ) ;
#5305 = VECTOR ( 'NONE', #286, 1000.000000000000000 ) ;
#5306 = CARTESIAN_POINT ( 'NONE',  ( 33.99999999999996447, 15.49999999999999467, 1.500000000000000000 ) ) ;
#5307 = ORIENTED_EDGE ( 'NONE', *, *, #5120, .T. ) ;
#5308 = VECTOR ( 'NONE', #4756, 1000.000000000000114 ) ;
#5309 = VECTOR ( 'NONE', #4553, 1000.000000000000000 ) ;
#5310 = CARTESIAN_POINT ( 'NONE',  ( 37.00000000000000711, -73.57658473601189542, 4.000000000000000888 ) ) ;
#5311 = DATE_TIME_ROLE ( 'classification_date' ) ;
#5312 = ORIENTED_EDGE ( 'NONE', *, *, #2724, .T. ) ;
#5313 = DIRECTION ( 'NONE',  ( -1.000000000000000000, 0.000000000000000000, 0.000000000000000000 ) ) ;
#5314 = VECTOR ( 'NONE', #6506, 1000.000000000000000 ) ;
#5315 = DIRECTION ( 'NONE',  ( 0.000000000000000000, 0.000000000000000000, -1.000000000000000000 ) ) ;
#5316 = LINE ( 'NONE', #4575, #1993 ) ;
#5317 = ORIENTED_EDGE ( 'NONE', *, *, #3441, .F. ) ;
#5318 = ORIENTED_EDGE ( 'NONE', *, *, #2475, .T. ) ;
#5319 = ORIENTED_EDGE ( 'NONE', *, *, #6181, .F. ) ;
#5320 = CARTESIAN_POINT ( 'NONE',  ( -37.00000000000000711, -73.57658473601189542, -56.99999999999996447 ) ) ;
#5321 = CARTESIAN_POINT ( 'NONE',  ( -36.00000000000009237, -56.57658473601188831, -27.00000000000000000 ) ) ;
#5322 = ORIENTED_EDGE ( 'NONE', *, *, #1969, .F. ) ;
#5323 = CARTESIAN_POINT ( 'NONE',  ( 33.99999999999998579, 14.99999999999999645, -1.000000000000000000 ) ) ;
#5324 = EDGE_CURVE ( 'NONE', #2857, #7545, #420, .T. ) ;
#5325 = COORDINATED_UNIVERSAL_TIME_OFFSET ( 2, 0, .AHEAD. ) ;
#5326 = LINE ( 'NONE', #12, #1430 ) ;
#5327 = DIRECTION ( 'NONE',  ( 1.000000000000000000, 0.000000000000000000, -0.000000000000000000 ) ) ;
#5328 = ORIENTED_EDGE ( 'NONE', *, *, #6909, .F. ) ;
#5329 = VECTOR ( 'NONE', #3170, 1000.000000000000000 ) ;
#5330 = CARTESIAN_POINT ( 'NONE',  ( 40.00000000000000711, -56.57658473601188831, -59.00000000000000000 ) ) ;
#5331 = LINE ( 'NONE', #4520, #4947 ) ;
#5332 = PERSON_AND_ORGANIZATION ( #1820, #6598 ) ;
#5333 = EDGE_CURVE ( 'NONE', #4376, #5558, #5428, .T. ) ;
#5334 = EDGE_CURVE ( 'NONE', #3162, #7630, #221, .T. ) ;
#5335 = ORIENTED_EDGE ( 'NONE', *, *, #7634, .F. ) ;
#5336 = CC_DESIGN_PERSON_AND_ORGANIZATION_ASSIGNMENT ( #2702, #2246, ( #3266 ) ) ;
#5337 = ORIENTED_EDGE ( 'NONE', *, *, #6588, .F. ) ;
#5338 = FACE_OUTER_BOUND ( 'NONE', #415, .T. ) ;
#5339 = CARTESIAN_POINT ( 'NONE',  ( -31.00000000000000000, -73.57658473601189542, 40.00000000000000000 ) ) ;
#5340 = ADVANCED_FACE ( 'NONE', ( #7011 ), #4370, .T. ) ;
#5341 = APPROVAL_STATUS ( 'not_yet_approved' ) ;
#5342 = VECTOR ( 'NONE', #4142, 1000.000000000000000 ) ;
#5343 = DIRECTION ( 'NONE',  ( 1.000000000000000000, 0.000000000000000000, 0.000000000000000000 ) ) ;
#5344 = ORIENTED_EDGE ( 'NONE', *, *, #511, .F. ) ;
#5345 = VECTOR ( 'NONE', #4187, 1000.000000000000000 ) ;
#5346 = EDGE_CURVE ( 'NONE', #6777, #3092, #1825, .T. ) ;
#5347 = AXIS2_PLACEMENT_3D ( 'NONE', #5299, #7145, #7681 ) ;
#5348 = CARTESIAN_POINT ( 'NONE',  ( 36.00000000000009237, -56.57658473601188831, -24.99999999999999645 ) ) ;
#5349 = DIRECTION ( 'NONE',  ( 0.000000000000000000, -1.000000000000000000, 0.000000000000000000 ) ) ;
#5350 = CARTESIAN_POINT ( 'NONE',  ( -37.00000000000000711, -73.57658473601189542, -59.00000000000000000 ) ) ;
#5351 = DIRECTION ( 'NONE',  ( 0.000000000000000000, 0.000000000000000000, -1.000000000000000000 ) ) ;
#5352 = CARTESIAN_POINT ( 'NONE',  ( -34.00000000000000000, 14.99999999999999645, -1.000000000000000000 ) ) ;
#5353 = ORIENTED_EDGE ( 'NONE', *, *, #1425, .F. ) ;
#5354 = LINE ( 'NONE', #7416, #2958 ) ;
#5355 = DIRECTION ( 'NONE',  ( 0.000000000000000000, 0.000000000000000000, -1.000000000000000000 ) ) ;
#5356 = CARTESIAN_POINT ( 'NONE',  ( 34.49999999999998579, 0.000000000000000000, 1.500000000000000000 ) ) ;
#5357 = ORIENTED_EDGE ( 'NONE', *, *, #363, .F. ) ;
#5358 = DIRECTION ( 'NONE',  ( -0.000000000000000000, -1.000000000000000000, -0.000000000000000000 ) ) ;
#5359 = VECTOR ( 'NONE', #2382, 1000.000000000000000 ) ;
#5360 = MANIFOLD_SOLID_BREP ( 'Boss-Extrude5', #767 ) ;
#5361 = DIRECTION ( 'NONE',  ( -1.000000000000000000, 0.000000000000000000, 0.000000000000000000 ) ) ;
#5362 = PERSON_AND_ORGANIZATION_ROLE ( 'design_supplier' ) ;
#5363 = ORIENTED_EDGE ( 'NONE', *, *, #3492, .T. ) ;
#5364 = CARTESIAN_POINT ( 'NONE',  ( -31.00000000000000000, -56.57658473601188831, 38.50000000000000000 ) ) ;
#5365 = LINE ( 'NONE', #7248, #1673 ) ;
#5366 = PLANE ( 'NONE',  #1840 ) ;
#5367 = ORIENTED_EDGE ( 'NONE', *, *, #889, .F. ) ;
#5368 = AXIS2_PLACEMENT_3D ( 'NONE', #4151, #7736, #3524 ) ;
#5369 = ORIENTED_EDGE ( 'NONE', *, *, #2476, .T. ) ;
#5370 = CARTESIAN_POINT ( 'NONE',  ( -37.00000000000009237, -76.73886239618028071, -27.00000000000000000 ) ) ;
#5371 = CARTESIAN_POINT ( 'NONE',  ( -40.00000000000000711, -56.57658473601188831, -59.00000000000000000 ) ) ;
#5372 = PLANE ( 'NONE',  #4175 ) ;
#5373 = ORIENTED_EDGE ( 'NONE', *, *, #6643, .F. ) ;
#5374 = DIRECTION ( 'NONE',  ( -0.3162277660168382742, -0.000000000000000000, 0.9486832980505137680 ) ) ;
#5375 = VERTEX_POINT ( 'NONE', #1185 ) ;
#5376 = FACE_OUTER_BOUND ( 'NONE', #6241, .T. ) ;
#5377 = EDGE_CURVE ( 'NONE', #4833, #6296, #967, .T. ) ;
#5378 = PERSON_AND_ORGANIZATION ( #1820, #6598 ) ;
#5379 = ORIENTED_EDGE ( 'NONE', *, *, #4544, .T. ) ;
#5380 = EDGE_CURVE ( 'NONE', #572, #4059, #412, .T. ) ;
#5381 = EDGE_CURVE ( 'NONE', #4076, #3864, #2377, .T. ) ;
#5382 = DIRECTION ( 'NONE',  ( -0.000000000000000000, -1.000000000000000000, -0.000000000000000000 ) ) ;
#5383 = ORIENTED_EDGE ( 'NONE', *, *, #4096, .T. ) ;
#5384 = VECTOR ( 'NONE', #6509, 1000.000000000000000 ) ;
#5385 = VERTEX_POINT ( 'NONE', #2963 ) ;
#5386 = DIRECTION ( 'NONE',  ( -0.000000000000000000, -0.000000000000000000, -1.000000000000000000 ) ) ;
#5387 = APPROVAL_ROLE ( '' ) ;
#5388 = VECTOR ( 'NONE', #3686, 1000.000000000000000 ) ;
#5389 = EDGE_CURVE ( 'NONE', #5281, #274, #1533, .T. ) ;
#5390 = CARTESIAN_POINT ( 'NONE',  ( 35.00000000000000000, 0.000000000000000000, -51.00000000000000000 ) ) ;
#5391 = CARTESIAN_POINT ( 'NONE',  ( 37.00000000000009237, -73.57658473601189542, 22.00000000000000000 ) ) ;
#5392 = EDGE_CURVE ( 'NONE', #6090, #6690, #3802, .T. ) ;
#5393 = VECTOR ( 'NONE', #3814, 1000.000000000000000 ) ;
#5394 = CC_DESIGN_DATE_AND_TIME_ASSIGNMENT ( #3704, #1252, ( #310 ) ) ;
#5395 = ORIENTED_EDGE ( 'NONE', *, *, #4337, .F. ) ;
#5396 = ORIENTED_EDGE ( 'NONE', *, *, #1909, .F. ) ;
#5397 = FACE_OUTER_BOUND ( 'NONE', #1167, .T. ) ;
#5398 = DIRECTION ( 'NONE',  ( 1.000000000000000000, 0.000000000000000000, 0.000000000000000000 ) ) ;
#5399 = PLANE ( 'NONE',  #4713 ) ;
#5400 = LINE ( 'NONE', #1523, #1975 ) ;
#5401 = DIRECTION ( 'NONE',  ( 0.000000000000000000, -0.000000000000000000, -1.000000000000000000 ) ) ;
#5402 = CARTESIAN_POINT ( 'NONE',  ( 37.00000000000009237, -76.73886239618028071, -27.00000000000000000 ) ) ;
#5403 = CARTESIAN_POINT ( 'NONE',  ( -31.00000000000000000, -56.57658473601188831, -40.00000000000000000 ) ) ;
#5404 = AXIS2_PLACEMENT_3D ( 'NONE', #449, #1156, #3459 ) ;
#5405 = ORIENTED_EDGE ( 'NONE', *, *, #5975, .T. ) ;
#5406 = VECTOR ( 'NONE', #4732, 1000.000000000000000 ) ;
#5407 = LINE ( 'NONE', #5451, #6229 ) ;
#5408 = ORIENTED_EDGE ( 'NONE', *, *, #6286, .F. ) ;
#5409 = ORIENTED_EDGE ( 'NONE', *, *, #1020, .F. ) ;
#5410 = VERTEX_POINT ( 'NONE', #6580 ) ;
#5411 = FACE_OUTER_BOUND ( 'NONE', #4665, .T. ) ;
#5412 = APPROVAL_STATUS ( 'not_yet_approved' ) ;
#5413 = EDGE_LOOP ( 'NONE', ( #1489, #7645, #2142, #4461 ) ) ;
#5414 = ORIENTED_EDGE ( 'NONE', *, *, #3453, .F. ) ;
#5415 = CARTESIAN_POINT ( 'NONE',  ( 37.00000000000009237, -56.57658473601188831, -24.99999999999999645 ) ) ;
#5416 = ORIENTED_EDGE ( 'NONE', *, *, #7325, .T. ) ;
#5417 = ORIENTED_EDGE ( 'NONE', *, *, #3688, .F. ) ;
#5418 = EDGE_LOOP ( 'NONE', ( #3825, #1875 ) ) ;
#5419 = FACE_OUTER_BOUND ( 'NONE', #7806, .T. ) ;
#5420 = ORGANIZATION ( 'NAUO-ORG3', 'UNSPECIFIED', 'UNSPECIFIED' ) ;
#5421 = DIRECTION ( 'NONE',  ( 0.000000000000000000, 0.000000000000000000, 1.000000000000000000 ) ) ;
#5422 = PRODUCT ( '118x80x40 Plastic Enclosure_F', '118x80x40 Plastic Enclosure_F', '', ( #3501 ) ) ;
#5423 = ORIENTED_EDGE ( 'NONE', *, *, #6555, .F. ) ;
#5424 = EDGE_CURVE ( 'NONE', #6204, #124, #6462, .T. ) ;
#5425 = DIRECTION ( 'NONE',  ( -0.3162277660168382187, 0.000000000000000000, -0.9486832980505136570 ) ) ;
#5426 = LINE ( 'NONE', #5958, #4761 ) ;
#5427 = AXIS2_PLACEMENT_3D ( 'NONE', #5231, #5719, #2096 ) ;
#5428 = LINE ( 'NONE', #3355, #688 ) ;
#5429 = ORIENTED_EDGE ( 'NONE', *, *, #247, .T. ) ;
#5430 = VERTEX_POINT ( 'NONE', #1716 ) ;
#5431 = VERTEX_POINT ( 'NONE', #502 ) ;
#5432 = FACE_OUTER_BOUND ( 'NONE', #4750, .T. ) ;
#5433 = EDGE_CURVE ( 'NONE', #2594, #1973, #4762, .T. ) ;
#5434 = EDGE_CURVE ( 'NONE', #4473, #847, #7204, .T. ) ;
#5435 = CC_DESIGN_DATE_AND_TIME_ASSIGNMENT ( #6954, #5311, ( #4768 ) ) ;
#5436 = ORIENTED_EDGE ( 'NONE', *, *, #6599, .T. ) ;
#5437 = CARTESIAN_POINT ( 'NONE',  ( 3.954149099653018085E-16, -15.50000000000000178, 1.000000000000000000 ) ) ;
#5438 = LINE ( 'NONE', #469, #5522 ) ;
#5439 = CARTESIAN_POINT ( 'NONE',  ( -37.00000000000000711, -56.57658473601188831, -1.000000000000000888 ) ) ;
#5440 = DIRECTION ( 'NONE',  ( 0.000000000000000000, 0.000000000000000000, -1.000000000000000000 ) ) ;
#5441 = ORIENTED_EDGE ( 'NONE', *, *, #6123, .T. ) ;
#5442 = AXIS2_PLACEMENT_3D ( 'NONE', #7006, #5833, #3941 ) ;
#5443 = LINE ( 'NONE', #4906, #4387 ) ;
#5444 = DIRECTION ( 'NONE',  ( 0.000000000000000000, 1.000000000000000000, 0.000000000000000000 ) ) ;
#5445 = CARTESIAN_POINT ( 'NONE',  ( -13.14113842132956123, -49.71772315734150283, 33.14113842132930188 ) ) ;
#5446 = ORIENTED_EDGE ( 'NONE', *, *, #3608, .F. ) ;
#5447 = CARTESIAN_POINT ( 'NONE',  ( -37.00000000000000711, -56.57658473601188831, -3.999999999999996447 ) ) ;
#5448 = CIRCLE ( 'NONE', #6289, 1.500000000000001332 ) ;
#5449 = CARTESIAN_POINT ( 'NONE',  ( -37.00000000000000711, -73.57658473601189542, 26.99999999999999645 ) ) ;
#5450 = AXIS2_PLACEMENT_3D ( 'NONE', #4936, #201, #3152 ) ;
#5451 = CARTESIAN_POINT ( 'NONE',  ( 0.000000000000000000, -73.57658473601189542, -51.00000000000000000 ) ) ;
#5452 = ORIENTED_EDGE ( 'NONE', *, *, #4676, .F. ) ;
#5453 = VECTOR ( 'NONE', #7406, 1000.000000000000000 ) ;
#5454 = ORIENTED_EDGE ( 'NONE', *, *, #683, .F. ) ;
#5455 = LINE ( 'NONE', #3736, #6853 ) ;
#5456 = ORIENTED_EDGE ( 'NONE', *, *, #6163, .F. ) ;
#5457 = PERSON_AND_ORGANIZATION_ROLE ( 'classification_officer' ) ;
#5458 = VERTEX_POINT ( 'NONE', #3561 ) ;
#5459 = DIRECTION ( 'NONE',  ( 0.000000000000000000, 0.000000000000000000, -1.000000000000000000 ) ) ;
#5460 = VERTEX_POINT ( 'NONE', #2898 ) ;
#5461 = EDGE_CURVE ( 'NONE', #1002, #7063, #7771, .T. ) ;
#5462 = LINE ( 'NONE', #2324, #538 ) ;
#5463 = AXIS2_PLACEMENT_3D ( 'NONE', #6301, #3915, #2104 ) ;
#5464 = LOCAL_TIME ( 13, 37, 31.00000000000000000, #3838 ) ;
#5465 = CARTESIAN_POINT ( 'NONE',  ( -35.00000000000000000, -56.57658473601188831, -54.99999999999994316 ) ) ;
#5466 = VERTEX_POINT ( 'NONE', #1792 ) ;
#5467 = CARTESIAN_POINT ( 'NONE',  ( 35.00000000000000000, -56.57658473601188831, -53.00000000000000000 ) ) ;
#5468 = LINE ( 'NONE', #667, #3086 ) ;
#5469 = LINE ( 'NONE', #1438, #1212 ) ;
#5470 = PLANE ( 'NONE',  #6590 ) ;
#5471 = EDGE_CURVE ( 'NONE', #7262, #2553, #2193, .T. ) ;
#5472 = EDGE_CURVE ( 'NONE', #6888, #3114, #2103, .T. ) ;
#5473 = AXIS2_PLACEMENT_3D ( 'NONE', #6049, #3620, #7825 ) ;
#5474 = ORIENTED_EDGE ( 'NONE', *, *, #6642, .T. ) ;
#5475 = CARTESIAN_POINT ( 'NONE',  ( 37.00000000000000711, -73.57658473601189542, 51.00000000000000000 ) ) ;
#5476 = ORIENTED_EDGE ( 'NONE', *, *, #7266, .F. ) ;
#5477 = VECTOR ( 'NONE', #3332, 1000.000000000000000 ) ;
#5478 = VECTOR ( 'NONE', #6628, 1000.000000000000000 ) ;
#5479 = PLANE ( 'NONE',  #7420 ) ;
#5480 =( REPRESENTATION_RELATIONSHIP ('NONE','NONE', #7604, #6942 ) REPRESENTATION_RELATIONSHIP_WITH_TRANSFORMATION ( #30 )SHAPE_REPRESENTATION_RELATIONSHIP( ) );
#5481 = VERTEX_POINT ( 'NONE', #7118 ) ;
#5482 = EDGE_CURVE ( 'NONE', #3240, #6475, #778, .T. ) ;
#5483 = AXIS2_PLACEMENT_3D ( 'NONE', #4189, #7193, #2459 ) ;
#5484 = LINE ( 'NONE', #3167, #7449 ) ;
#5485 = DIRECTION ( 'NONE',  ( 1.000000000000000000, 0.000000000000000000, 0.000000000000000000 ) ) ;
#5486 = CARTESIAN_POINT ( 'NONE',  ( 35.00000000000000000, 0.000000000000000000, -53.00000000000000000 ) ) ;
#5487 = VECTOR ( 'NONE', #3273, 1000.000000000000000 ) ;
#5488 = ORIENTED_EDGE ( 'NONE', *, *, #2766, .T. ) ;
#5489 = CARTESIAN_POINT ( 'NONE',  ( 3.954149099653018085E-16, -15.50000000000000178, 1.500000000000000000 ) ) ;
#5490 = CARTESIAN_POINT ( 'NONE',  ( -37.00000000000000711, -73.57658473601189542, -59.00000000000000000 ) ) ;
#5491 = VECTOR ( 'NONE', #1472, 1000.000000000000000 ) ;
#5492 = FACE_OUTER_BOUND ( 'NONE', #5017, .T. ) ;
#5493 = DIRECTION ( 'NONE',  ( -0.000000000000000000, -1.000000000000000000, -0.000000000000000000 ) ) ;
#5494 = ORIENTED_EDGE ( 'NONE', *, *, #1162, .F. ) ;
#5495 = EDGE_LOOP ( 'NONE', ( #200, #3585, #1266, #6577 ) ) ;
#5496 = ORIENTED_EDGE ( 'NONE', *, *, #1968, .T. ) ;
#5497 = VERTEX_POINT ( 'NONE', #6558 ) ;
#5498 = DIRECTION ( 'NONE',  ( 0.000000000000000000, 0.000000000000000000, 1.000000000000000000 ) ) ;
#5499 = PERSON_AND_ORGANIZATION ( #1820, #6598 ) ;
#5500 = VECTOR ( 'NONE', #4309, 1000.000000000000000 ) ;
#5501 = CARTESIAN_POINT ( 'NONE',  ( 35.00000000000000000, -71.57658473601189542, -54.99999999999999289 ) ) ;
#5502 = ORIENTED_EDGE ( 'NONE', *, *, #1465, .T. ) ;
#5503 = ORIENTED_EDGE ( 'NONE', *, *, #5471, .T. ) ;
#5504 = VECTOR ( 'NONE', #2735, 1000.000000000000000 ) ;
#5505 = DIRECTION ( 'NONE',  ( 0.000000000000000000, 0.000000000000000000, 1.000000000000000000 ) ) ;
#5506 = VECTOR ( 'NONE', #249, 1000.000000000000000 ) ;
#5507 = AXIS2_PLACEMENT_3D ( 'NONE', #7813, #3650, #4199 ) ;
#5508 = CALENDAR_DATE ( 2022, 27, 1 ) ;
#5509 = DIRECTION ( 'NONE',  ( 0.3162277660168381077, 0.000000000000000000, -0.9486832980505137680 ) ) ;
#5510 = ORIENTED_EDGE ( 'NONE', *, *, #258, .T. ) ;
#5511 = CARTESIAN_POINT ( 'NONE',  ( 37.00000000000000711, -73.57658473601189542, -59.00000000000000000 ) ) ;
#5512 = ORIENTED_EDGE ( 'NONE', *, *, #6642, .F. ) ;
#5513 = ORIENTED_EDGE ( 'NONE', *, *, #6421, .F. ) ;
#5514 = VECTOR ( 'NONE', #7495, 1000.000000000000114 ) ;
#5515 = LINE ( 'NONE', #397, #2090 ) ;
#5516 = DIRECTION ( 'NONE',  ( -0.7071067811865507924, 0.000000000000000000, 0.7071067811865442421 ) ) ;
#5517 = CARTESIAN_POINT ( 'NONE',  ( -37.00000000000000711, -73.57658473601189542, -59.00000000000000000 ) ) ;
#5518 = CARTESIAN_POINT ( 'NONE',  ( 40.00000000000000711, -76.57658473601189542, -59.00000000000000000 ) ) ;
#5519 = EDGE_CURVE ( 'NONE', #7811, #507, #315, .T. ) ;
#5520 = DIRECTION ( 'NONE',  ( 1.000000000000000000, 0.000000000000000000, 0.000000000000000000 ) ) ;
#5521 = ORIENTED_EDGE ( 'NONE', *, *, #2922, .F. ) ;
#5522 = VECTOR ( 'NONE', #1073, 1000.000000000000000 ) ;
#5523 = PLANE ( 'NONE',  #7378 ) ;
#5524 = DIRECTION ( 'NONE',  ( 1.000000000000000000, -0.000000000000000000, -0.000000000000000000 ) ) ;
#5525 = VERTEX_POINT ( 'NONE', #2387 ) ;
#5526 = FACE_OUTER_BOUND ( 'NONE', #4441, .T. ) ;
#5527 = EDGE_CURVE ( 'NONE', #668, #3471, #592, .T. ) ;
#5528 = EDGE_CURVE ( 'NONE', #3015, #7511, #6822, .T. ) ;
#5529 = SECURITY_CLASSIFICATION ( '', '', #2428 ) ;
#5530 = ORIENTED_EDGE ( 'NONE', *, *, #3427, .F. ) ;
#5531 = DIRECTION ( 'NONE',  ( 0.7071067811865507924, 0.000000000000000000, 0.7071067811865442421 ) ) ;
#5532 = DIRECTION ( 'NONE',  ( -1.000000000000000000, 0.000000000000000000, 0.000000000000000000 ) ) ;
#5533 = VECTOR ( 'NONE', #3930, 1000.000000000000000 ) ;
#5534 = DIRECTION ( 'NONE',  ( 0.000000000000000000, 0.000000000000000000, 1.000000000000000000 ) ) ;
#5535 = ORIENTED_EDGE ( 'NONE', *, *, #1725, .F. ) ;
#5536 = CARTESIAN_POINT ( 'NONE',  ( 37.00000000000000711, -56.57658473601188831, 56.99999999999996447 ) ) ;
#5537 = DIRECTION ( 'NONE',  ( -0.3162277660168382742, 0.000000000000000000, 0.9486832980505137680 ) ) ;
#5538 = FACE_OUTER_BOUND ( 'NONE', #3733, .T. ) ;
#5539 = CARTESIAN_POINT ( 'NONE',  ( -37.00000000000000711, 14.99999999999997513, -1.000000000000000000 ) ) ;
#5540 = ORIENTED_EDGE ( 'NONE', *, *, #7020, .T. ) ;
#5541 = CARTESIAN_POINT ( 'NONE',  ( -37.00000000000009237, -76.73886239618028071, -27.00000000000000000 ) ) ;
#5542 = ORIENTED_EDGE ( 'NONE', *, *, #3646, .T. ) ;
#5543 = CARTESIAN_POINT ( 'NONE',  ( -34.00000000000000000, -15.50000000000000355, 1.500000000000000000 ) ) ;
#5544 = EDGE_CURVE ( 'NONE', #199, #88, #1913, .T. ) ;
#5545 = ORIENTED_EDGE ( 'NONE', *, *, #3206, .T. ) ;
#5546 = CARTESIAN_POINT ( 'NONE',  ( 31.00000000000000000, -73.57658473601189542, -40.00000000000000000 ) ) ;
#5547 = ORIENTED_EDGE ( 'NONE', *, *, #4663, .T. ) ;
#5548 = FACE_OUTER_BOUND ( 'NONE', #2865, .T. ) ;
#5549 = CARTESIAN_POINT ( 'NONE',  ( 0.000000000000000000, 0.000000000000000000, 1.500000000000000000 ) ) ;
#5550 = CARTESIAN_POINT ( 'NONE',  ( 33.99999999999998579, 14.99999999999999645, 1.000000000000000000 ) ) ;
#5551 = LOCAL_TIME ( 13, 37, 31.00000000000000000, #3748 ) ;
#5552 = ORIENTED_EDGE ( 'NONE', *, *, #1969, .T. ) ;
#5553 = DIRECTION ( 'NONE',  ( 0.000000000000000000, -1.000000000000000000, 0.000000000000000000 ) ) ;
#5554 = LINE ( 'NONE', #1795, #4991 ) ;
#5555 = DIRECTION ( 'NONE',  ( -0.000000000000000000, -1.000000000000000000, -0.000000000000000000 ) ) ;
#5556 = CARTESIAN_POINT ( 'NONE',  ( 37.00000000000000711, -73.57658473601189542, -59.00000000000000000 ) ) ;
#5557 = EDGE_CURVE ( 'NONE', #217, #5481, #4855, .T. ) ;
#5558 = VERTEX_POINT ( 'NONE', #5536 ) ;
#5559 = AXIS2_PLACEMENT_3D ( 'NONE', #2550, #3772, #4283 ) ;
#5560 = VECTOR ( 'NONE', #3305, 1000.000000000000000 ) ;
#5561 = PLANE ( 'NONE',  #6671 ) ;
#5562 = ADVANCED_FACE ( 'NONE', ( #7387 ), #7344, .T. ) ;
#5563 = DIRECTION ( 'NONE',  ( 0.000000000000000000, 0.000000000000000000, -1.000000000000000000 ) ) ;
#5564 = VECTOR ( 'NONE', #2466, 1000.000000000000000 ) ;
#5565 = DIRECTION ( 'NONE',  ( 0.000000000000000000, 1.000000000000000000, 0.000000000000000000 ) ) ;
#5566 = DIRECTION ( 'NONE',  ( 0.000000000000000000, -1.000000000000000000, 0.000000000000000000 ) ) ;
#5567 = VERTEX_POINT ( 'NONE', #6115 ) ;
#5568 = VECTOR ( 'NONE', #3451, 1000.000000000000000 ) ;
#5569 = CARTESIAN_POINT ( 'NONE',  ( 37.00000000000009237, -76.73886239618028071, 30.00000000000000000 ) ) ;
#5570 = EDGE_CURVE ( 'NONE', #5481, #4399, #3532, .T. ) ;
#5571 = EDGE_CURVE ( 'NONE', #4543, #396, #510, .T. ) ;
#5572 = VECTOR ( 'NONE', #4715, 1000.000000000000000 ) ;
#5573 = CC_DESIGN_PERSON_AND_ORGANIZATION_ASSIGNMENT ( #1296, #1070, ( #7077 ) ) ;
#5574 = CARTESIAN_POINT ( 'NONE',  ( 37.00000000000009237, -76.73886239618028071, 24.99999999999999645 ) ) ;
#5575 = CARTESIAN_POINT ( 'NONE',  ( -33.99999999999997868, 17.99999999999999645, -1.000000000000000000 ) ) ;
#5576 = CARTESIAN_POINT ( 'NONE',  ( -37.00000000000000711, 14.99999999999997513, -1.000000000000000000 ) ) ;
#5577 = ORIENTED_EDGE ( 'NONE', *, *, #6379, .T. ) ;
#5578 = ORIENTED_EDGE ( 'NONE', *, *, #5614, .T. ) ;
#5579 = VECTOR ( 'NONE', #7459, 1000.000000000000000 ) ;
#5580 = VECTOR ( 'NONE', #6352, 1000.000000000000000 ) ;
#5581 = DIRECTION ( 'NONE',  ( 0.000000000000000000, -0.000000000000000000, -1.000000000000000000 ) ) ;
#5582 = EDGE_CURVE ( 'NONE', #1898, #2167, #5134, .T. ) ;
#5583 = DIRECTION ( 'NONE',  ( 0.3162277660168382187, 0.000000000000000000, 0.9486832980505136570 ) ) ;
#5584 = AXIS2_PLACEMENT_3D ( 'NONE', #4733, #2993, #7808 ) ;
#5585 = ORIENTED_EDGE ( 'NONE', *, *, #3009, .T. ) ;
#5586 = ORIENTED_EDGE ( 'NONE', *, *, #7716, .T. ) ;
#5587 = CARTESIAN_POINT ( 'NONE',  ( -36.00000000000009237, -73.57658473601189542, -24.99999999999999645 ) ) ;
#5588 = ORIENTED_EDGE ( 'NONE', *, *, #4384, .T. ) ;
#5589 = VECTOR ( 'NONE', #2241, 1000.000000000000000 ) ;
#5590 = DIRECTION ( 'NONE',  ( -0.000000000000000000, -1.000000000000000000, -0.000000000000000000 ) ) ;
#5591 = ORIENTED_EDGE ( 'NONE', *, *, #5471, .F. ) ;
#5592 = EDGE_LOOP ( 'NONE', ( #4901, #1855, #6466, #1919 ) ) ;
#5593 = CARTESIAN_POINT ( 'NONE',  ( -38.00000000000002842, 0.000000000000000000, 57.99999999999999289 ) ) ;
#5594 = ORIENTED_EDGE ( 'NONE', *, *, #520, .F. ) ;
#5595 = DIRECTION ( 'NONE',  ( -0.000000000000000000, 1.000000000000000000, -0.000000000000000000 ) ) ;
#5596 = DIRECTION ( 'NONE',  ( 0.000000000000000000, 0.000000000000000000, 1.000000000000000000 ) ) ;
#5597 = VECTOR ( 'NONE', #6823, 1000.000000000000114 ) ;
#5598 = CALENDAR_DATE ( 2022, 27, 1 ) ;
#5599 = ORIENTED_EDGE ( 'NONE', *, *, #3439, .F. ) ;
#5600 = CARTESIAN_POINT ( 'NONE',  ( -37.00000000000000711, -73.57658473601189542, -59.00000000000000000 ) ) ;
#5601 = EDGE_LOOP ( 'NONE', ( #17, #6395, #5344, #6345 ) ) ;
#5603 = LINE ( 'NONE', #1775, #3801 ) ;
#5602 = DIRECTION ( 'NONE',  ( 1.000000000000000000, 0.000000000000000000, 0.000000000000000000 ) ) ;
#5604 = VECTOR ( 'NONE', #5205, 1000.000000000000000 ) ;
#5605 = ADVANCED_FACE ( 'NONE', ( #6914 ), #6164, .T. ) ;
#5606 = ORIENTED_EDGE ( 'NONE', *, *, #2990, .T. ) ;
#5607 = CARTESIAN_POINT ( 'NONE',  ( 35.00000000000000000, -56.57658473601188831, -53.00000000000000000 ) ) ;
#5608 = EDGE_CURVE ( 'NONE', #2850, #5385, #4560, .T. ) ;
#5609 = VECTOR ( 'NONE', #6747, 1000.000000000000000 ) ;
#5610 = AXIS2_PLACEMENT_3D ( 'NONE', #355, #928, #4579 ) ;
#5611 = DIRECTION ( 'NONE',  ( 1.000000000000000000, 0.000000000000000000, 0.000000000000000000 ) ) ;
#5612 = CARTESIAN_POINT ( 'NONE',  ( -35.00000000000000000, -71.57658473601189542, -54.99999999999999289 ) ) ;
#5613 = EDGE_LOOP ( 'NONE', ( #4519, #801, #1172, #2367 ) ) ;
#5614 = EDGE_CURVE ( 'NONE', #4556, #4896, #3128, .T. ) ;
#5615 = LINE ( 'NONE', #593, #1742 ) ;
#5616 = CARTESIAN_POINT ( 'NONE',  ( 37.00000000000009237, -56.57658473601188831, 27.00000000000000000 ) ) ;
#5617 = EDGE_CURVE ( 'NONE', #5385, #6769, #5237, .T. ) ;
#5618 = DIRECTION ( 'NONE',  ( 0.000000000000000000, 1.000000000000000000, 0.000000000000000000 ) ) ;
#5619 = EDGE_CURVE ( 'NONE', #7783, #6699, #5994, .T. ) ;
#5620 = CARTESIAN_POINT ( 'NONE',  ( 37.00000000000000711, -56.57658473601188831, 1.000000000000000888 ) ) ;
#5621 = AXIS2_PLACEMENT_3D ( 'NONE', #2564, #819, #5084 ) ;
#5622 = ORIENTED_EDGE ( 'NONE', *, *, #6681, .F. ) ;
#5623 = LINE ( 'NONE', #3341, #6935 ) ;
#5624 = DIRECTION ( 'NONE',  ( -0.000000000000000000, -1.000000000000000000, -0.000000000000000000 ) ) ;
#5625 = CARTESIAN_POINT ( 'NONE',  ( -37.00000000000000711, -73.57658473601189542, -59.00000000000000000 ) ) ;
#5626 = EDGE_CURVE ( 'NONE', #6262, #7811, #3626, .T. ) ;
#5627 = ORIENTED_EDGE ( 'NONE', *, *, #5709, .T. ) ;
#5628 = FACE_OUTER_BOUND ( 'NONE', #3835, .T. ) ;
#5629 = CARTESIAN_POINT ( 'NONE',  ( 33.99999999999998579, 14.99999999999999645, 1.500000000000000000 ) ) ;
#5630 = VERTEX_POINT ( 'NONE', #4270 ) ;
#5631 = CIRCLE ( 'NONE', #23, 1.500000000000001332 ) ;
#5632 = ORIENTED_EDGE ( 'NONE', *, *, #3906, .F. ) ;
#5633 = FACE_OUTER_BOUND ( 'NONE', #3742, .T. ) ;
#5634 = EDGE_LOOP ( 'NONE', ( #2645, #1078, #5150, #3832, #4327, #6405, #6903, #3246 ) ) ;
#5635 = AXIS2_PLACEMENT_3D ( 'NONE', #3506, #4160, #2912 ) ;
#5636 = PLANE ( 'NONE',  #3010 ) ;
#5637 = ADVANCED_FACE ( 'NONE', ( #7577 ), #643, .F. ) ;
#5638 = DIRECTION ( 'NONE',  ( 1.000000000000000000, 0.000000000000000000, 0.000000000000000000 ) ) ;
#5639 = ORIENTED_EDGE ( 'NONE', *, *, #4510, .T. ) ;
#5640 = ORIENTED_EDGE ( 'NONE', *, *, #3076, .T. ) ;
#5641 = DIRECTION ( 'NONE',  ( -1.000000000000000000, 0.000000000000000000, 0.000000000000000000 ) ) ;
#5642 = EDGE_LOOP ( 'NONE', ( #2642, #1188, #6719, #5513 ) ) ;
#5643 = CARTESIAN_POINT ( 'NONE',  ( 31.00000000000000000, -46.67708979940022118, 41.49999999999999289 ) ) ;
#5644 = LINE ( 'NONE', #6295, #3072 ) ;
#5645 = EDGE_CURVE ( 'NONE', #199, #2900, #7764, .T. ) ;
#5646 = CARTESIAN_POINT ( 'NONE',  ( -35.00000000000000000, -71.57658473601189542, 54.99999999999999289 ) ) ;
#5647 = VERTEX_POINT ( 'NONE', #24 ) ;
#5648 = CARTESIAN_POINT ( 'NONE',  ( -37.00000000000000711, -56.57658473601188831, -59.00000000000000000 ) ) ;
#5649 = VECTOR ( 'NONE', #4799, 1000.000000000000000 ) ;
#5650 = AXIS2_PLACEMENT_3D ( 'NONE', #3714, #6766, #7309 ) ;
#5651 = VECTOR ( 'NONE', #6189, 1000.000000000000000 ) ;
#5652 = ORIENTED_EDGE ( 'NONE', *, *, #2317, .F. ) ;
#5653 = ORIENTED_EDGE ( 'NONE', *, *, #1117, .T. ) ;
#5654 = PLANE ( 'NONE',  #7677 ) ;
#5655 = LINE ( 'NONE', #19, #4052 ) ;
#5656 = CARTESIAN_POINT ( 'NONE',  ( 33.99999999999996447, -18.00000000000000355, 1.000000000000000000 ) ) ;
#5657 = CARTESIAN_POINT ( 'NONE',  ( -36.00000000000000711, -76.73886239618028071, 1.000000000000000000 ) ) ;
#5658 = LINE ( 'NONE', #4681, #3002 ) ;
#5659 = EDGE_CURVE ( 'NONE', #3663, #6234, #2186, .T. ) ;
#5660 = EDGE_LOOP ( 'NONE', ( #74, #3995, #2512, #954 ) ) ;
#5661 = CARTESIAN_POINT ( 'NONE',  ( -37.00000000000000711, -73.57658473601189542, -59.00000000000000000 ) ) ;
#5662 = PLANE ( 'NONE',  #1727 ) ;
#5663 = LINE ( 'NONE', #6003, #4626 ) ;
#5664 = CARTESIAN_POINT ( 'NONE',  ( 35.00000000000000000, -71.57658473601189542, -54.99999999999999289 ) ) ;
#5665 = LINE ( 'NONE', #5141, #4921 ) ;
#5666 = DIRECTION ( 'NONE',  ( 0.000000000000000000, 0.000000000000000000, 1.000000000000000000 ) ) ;
#5667 = ORIENTED_EDGE ( 'NONE', *, *, #3548, .F. ) ;
#5668 = EDGE_CURVE ( 'NONE', #5567, #5130, #2369, .T. ) ;
#5669 = EDGE_CURVE ( 'NONE', #1388, #847, #771, .T. ) ;
#5670 = ORIENTED_EDGE ( 'NONE', *, *, #5528, .T. ) ;
#5671 = VECTOR ( 'NONE', #5021, 1000.000000000000000 ) ;
#5672 = SECURITY_CLASSIFICATION ( '', '', #7793 ) ;
#5673 = PLANE ( 'NONE',  #6817 ) ;
#5674 = LINE ( 'NONE', #6368, #3786 ) ;
#5675 = DIRECTION ( 'NONE',  ( 0.000000000000000000, 0.000000000000000000, -1.000000000000000000 ) ) ;
#5676 = VERTEX_POINT ( 'NONE', #4912 ) ;
#5677 = ADVANCED_FACE ( 'NONE', ( #126 ), #1063, .T. ) ;
#5678 = VERTEX_POINT ( 'NONE', #6212 ) ;
#5679 = VERTEX_POINT ( 'NONE', #5616 ) ;
#5680 = ORIENTED_EDGE ( 'NONE', *, *, #474, .F. ) ;
#5681 = ORIENTED_EDGE ( 'NONE', *, *, #3108, .T. ) ;
#5682 = CALENDAR_DATE ( 2022, 27, 1 ) ;
#5683 = LINE ( 'NONE', #3635, #850 ) ;
#5684 = DIRECTION ( 'NONE',  ( -0.3162277660168382742, 0.000000000000000000, 0.9486832980505137680 ) ) ;
#5685 = AXIS2_PLACEMENT_3D ( 'NONE', #6473, #1660, #1634 ) ;
#5686 = EDGE_LOOP ( 'NONE', ( #5639, #6059, #4201, #5910 ) ) ;
#5687 = CARTESIAN_POINT ( 'NONE',  ( -36.00000000000009237, -76.73886239618028071, -24.99999999999999645 ) ) ;
#5688 = ORIENTED_EDGE ( 'NONE', *, *, #6364, .T. ) ;
#5689 = ORIENTED_EDGE ( 'NONE', *, *, #349, .F. ) ;
#5690 = CIRCLE ( 'NONE', #6307, 1.499999999999994449 ) ;
#5691 = CYLINDRICAL_SURFACE ( 'NONE', #4803, 3.500000000000003109 ) ;
#5693 = DIRECTION ( 'NONE',  ( 1.000000000000000000, 0.000000000000000000, 0.000000000000000000 ) ) ;
#5692 = CALENDAR_DATE ( 2022, 27, 1 ) ;
#5694 = DIRECTION ( 'NONE',  ( 0.000000000000000000, 0.000000000000000000, -1.000000000000000000 ) ) ;
#5695 = ORIENTED_EDGE ( 'NONE', *, *, #4055, .T. ) ;
#5696 = AXIS2_PLACEMENT_3D ( 'NONE', #3124, #3191, #1366 ) ;
#5697 = ORIENTED_EDGE ( 'NONE', *, *, #6826, .F. ) ;
#5698 = CARTESIAN_POINT ( 'NONE',  ( -31.00000000000000000, -73.57658473601189542, -40.00000000000000000 ) ) ;
#5699 = LINE ( 'NONE', #1350, #973 ) ;
#5700 = ADVANCED_FACE ( 'NONE', ( #2941 ), #1905, .T. ) ;
#5701 = VECTOR ( 'NONE', #990, 1000.000000000000000 ) ;
#5702 = DIRECTION ( 'NONE',  ( 0.000000000000000000, 1.000000000000000000, 0.000000000000000000 ) ) ;
#5703 = DIRECTION ( 'NONE',  ( 0.000000000000000000, 1.000000000000000000, 0.000000000000000000 ) ) ;
#5704 = CARTESIAN_POINT ( 'NONE',  ( 36.00000000000009237, -56.57658473601188831, -27.00000000000000000 ) ) ;
#5705 = DIRECTION ( 'NONE',  ( -0.000000000000000000, 0.7071067811865516806, 0.7071067811865434649 ) ) ;
#5706 = ORIENTED_EDGE ( 'NONE', *, *, #7029, .F. ) ;
#5707 = LINE ( 'NONE', #5439, #5138 ) ;
#5708 = ADVANCED_FACE ( 'NONE', ( #4364 ), #2472, .T. ) ;
#5709 = EDGE_CURVE ( 'NONE', #5282, #6293, #1435, .T. ) ;
#5710 = ORIENTED_EDGE ( 'NONE', *, *, #2711, .T. ) ;
#5711 = AXIS2_PLACEMENT_3D ( 'NONE', #7384, #4379, #2598 ) ;
#5712 = CARTESIAN_POINT ( 'NONE',  ( -37.00000000000000711, -56.57658473601188831, 51.00000000000000000 ) ) ;
#5713 = LINE ( 'NONE', #2862, #4293 ) ;
#5714 = DIRECTION ( 'NONE',  ( 0.000000000000000000, -0.000000000000000000, -1.000000000000000000 ) ) ;
#5715 = EDGE_LOOP ( 'NONE', ( #2947, #1423, #4130, #2908 ) ) ;
#5716 = PLANE ( 'NONE',  #5610 ) ;
#5717 = LINE ( 'NONE', #2551, #4119 ) ;
#5718 = EDGE_CURVE ( 'NONE', #3144, #6895, #3525, .T. ) ;
#5719 = DIRECTION ( 'NONE',  ( 0.000000000000000000, -1.000000000000000000, 0.000000000000000000 ) ) ;
#5720 = CARTESIAN_POINT ( 'NONE',  ( -37.00000000000009237, -56.57658473601188831, 24.99999999999999645 ) ) ;
#5721 = EDGE_CURVE ( 'NONE', #7081, #2643, #7001, .T. ) ;
#5722 = CARTESIAN_POINT ( 'NONE',  ( 31.00000000000000000, -46.67708979940022118, -36.50000000000000000 ) ) ;
#5723 = APPROVAL ( #5341, 'UNSPECIFIED' ) ;
#5724 = CARTESIAN_POINT ( 'NONE',  ( -35.00000000000000000, 0.000000000000000000, 53.00000000000000000 ) ) ;
#5725 = LINE ( 'NONE', #6495, #4304 ) ;
#5726 = CIRCLE ( 'NONE', #4574, 1.499999999999994449 ) ;
#5727 = DIRECTION ( 'NONE',  ( -0.3162277660168381077, 0.000000000000000000, 0.9486832980505137680 ) ) ;
#5728 = DIRECTION ( 'NONE',  ( -1.000000000000000000, 0.000000000000000000, 0.000000000000000000 ) ) ;
#5729 = VERTEX_POINT ( 'NONE', #6847 ) ;
#5730 = CARTESIAN_POINT ( 'NONE',  ( 31.00000000000000000, -73.57658473601189542, 40.00000000000000000 ) ) ;
#5731 = CARTESIAN_POINT ( 'NONE',  ( -37.00000000000000711, -73.57658473601189542, -59.00000000000000000 ) ) ;
#5732 = EDGE_CURVE ( 'NONE', #2051, #3757, #500, .T. ) ;
#5733 = ORIENTED_EDGE ( 'NONE', *, *, #2727, .F. ) ;
#5734 = EDGE_LOOP ( 'NONE', ( #3689, #2262 ) ) ;
#5735 = LINE ( 'NONE', #3534, #4315 ) ;
#5736 = ADVANCED_FACE ( 'NONE', ( #4088 ), #3234, .T. ) ;
#5737 = CALENDAR_DATE ( 2022, 27, 1 ) ;
#5738 = ORIENTED_EDGE ( 'NONE', *, *, #4720, .F. ) ;
#5739 = ORIENTED_EDGE ( 'NONE', *, *, #1956, .T. ) ;
#5740 = VERTEX_POINT ( 'NONE', #7399 ) ;
#5741 = AXIS2_PLACEMENT_3D ( 'NONE', #2424, #3028, #39 ) ;
#5742 = LINE ( 'NONE', #430, #1114 ) ;
#5743 = DIRECTION ( 'NONE',  ( -1.000000000000000000, -2.210032505332104483E-17, 6.980527267330671748E-15 ) ) ;
#5744 = CARTESIAN_POINT ( 'NONE',  ( 35.00000000000000000, -71.57658473601189542, -54.99999999999994316 ) ) ;
#5745 = CARTESIAN_POINT ( 'NONE',  ( 37.00000000000000711, -73.57658473601189542, -53.00000000000000000 ) ) ;
#5746 = ADVANCED_FACE ( 'NONE', ( #5419 ), #5636, .T. ) ;
#5747 = DIRECTION ( 'NONE',  ( -0.000000000000000000, -1.000000000000000000, -0.000000000000000000 ) ) ;
#5748 = PLANE ( 'NONE',  #863 ) ;
#5749 = ORIENTED_EDGE ( 'NONE', *, *, #3221, .F. ) ;
#5750 = VECTOR ( 'NONE', #3429, 1000.000000000000000 ) ;
#5751 = FACE_BOUND ( 'NONE', #3560, .T. ) ;
#5752 = ORIENTED_EDGE ( 'NONE', *, *, #7752, .F. ) ;
#5753 = DIRECTION ( 'NONE',  ( -0.000000000000000000, -1.000000000000000000, -0.000000000000000000 ) ) ;
#5754 = CARTESIAN_POINT ( 'NONE',  ( 36.00000000000009237, -73.57658473601189542, -24.99999999999999645 ) ) ;
#5755 = CARTESIAN_POINT ( 'NONE',  ( -38.00000000000002842, -56.57658473601188831, 57.99999999999999289 ) ) ;
#5756 = CARTESIAN_POINT ( 'NONE',  ( -35.00000000000000000, -56.57658473601188831, -51.00000000000000000 ) ) ;
#5757 = ORIENTED_EDGE ( 'NONE', *, *, #174, .T. ) ;
#5758 = DIRECTION ( 'NONE',  ( 0.000000000000000000, 0.000000000000000000, 1.000000000000000000 ) ) ;
#5759 = AXIS2_PLACEMENT_3D ( 'NONE', #813, #890, #5133 ) ;
#5760 = ADVANCED_FACE ( 'NONE', ( #2283 ), #5561, .F. ) ;
#5761 = LINE ( 'NONE', #6583, #4828 ) ;
#5762 = CIRCLE ( 'NONE', #5818, 3.500000000000003109 ) ;
#5763 = DIRECTION ( 'NONE',  ( -0.9486832980505137680, 0.000000000000000000, -0.3162277660168381077 ) ) ;
#5764 = ORIENTED_EDGE ( 'NONE', *, *, #1527, .F. ) ;
#5765 = CARTESIAN_POINT ( 'NONE',  ( 37.00000000000000711, -56.57658473601188831, -59.00000000000000000 ) ) ;
#5766 = ORIENTED_EDGE ( 'NONE', *, *, #3075, .T. ) ;
#5767 = FACE_OUTER_BOUND ( 'NONE', #1432, .T. ) ;
#5768 = EDGE_CURVE ( 'NONE', #598, #225, #680, .T. ) ;
#5769 = EDGE_CURVE ( 'NONE', #6812, #4286, #7380, .T. ) ;
#5770 = VECTOR ( 'NONE', #5602, 1000.000000000000000 ) ;
#5771 = AXIS2_PLACEMENT_3D ( 'NONE', #3904, #5193, #6918 ) ;
#5772 = PLANE ( 'NONE',  #455 ) ;
#5773 = CARTESIAN_POINT ( 'NONE',  ( 36.00000000000000711, -56.57658473601188831, 1.000000000000000000 ) ) ;
#5774 = ORIENTED_EDGE ( 'NONE', *, *, #339, .F. ) ;
#5775 = ORIENTED_EDGE ( 'NONE', *, *, #6828, .T. ) ;
#5776 = DIRECTION ( 'NONE',  ( 0.000000000000000000, -0.000000000000000000, -1.000000000000000000 ) ) ;
#5777 = DIRECTION ( 'NONE',  ( 0.3162277660168382742, 0.000000000000000000, 0.9486832980505137680 ) ) ;
#5778 = ORIENTED_EDGE ( 'NONE', *, *, #1330, .T. ) ;
#5779 = CARTESIAN_POINT ( 'NONE',  ( -36.00000000000009237, -56.57658473601188831, -27.00000000000000000 ) ) ;
#5780 = FACE_OUTER_BOUND ( 'NONE', #2505, .T. ) ;
#5781 = ADVANCED_FACE ( 'NONE', ( #4549 ), #3852, .F. ) ;
#5782 = EDGE_CURVE ( 'NONE', #3114, #6146, #859, .T. ) ;
#5783 = EDGE_CURVE ( 'NONE', #6288, #6280, #7471, .T. ) ;
#5784 = ORIENTED_EDGE ( 'NONE', *, *, #7584, .T. ) ;
#5785 = ORIENTED_EDGE ( 'NONE', *, *, #5782, .F. ) ;
#5786 = PRODUCT_RELATED_PRODUCT_CATEGORY ( 'detail', '', ( #5008 ) ) ;
#5787 = CARTESIAN_POINT ( 'NONE',  ( 38.00000000000002842, 0.000000000000000000, 57.99999999999999289 ) ) ;
#5788 = ORIENTED_EDGE ( 'NONE', *, *, #558, .T. ) ;
#5789 = CARTESIAN_POINT ( 'NONE',  ( 35.00000000000000000, 0.000000000000000000, -51.00000000000000000 ) ) ;
#5790 = CARTESIAN_POINT ( 'NONE',  ( 33.99999999999996447, -18.00000000000000355, -1.000000000000000000 ) ) ;
#5791 = EDGE_LOOP ( 'NONE', ( #4320, #6883, #6837, #4688 ) ) ;
#5792 = CYLINDRICAL_SURFACE ( 'NONE', #2769, 3.000000000000002665 ) ;
#5793 = DIRECTION ( 'NONE',  ( 0.3162277660168382742, 0.000000000000000000, 0.9486832980505137680 ) ) ;
#5794 = DIRECTION ( 'NONE',  ( 1.000000000000000000, 0.000000000000000000, 0.000000000000000000 ) ) ;
#5795 = ADVANCED_FACE ( 'NONE', ( #1338 ), #4389, .T. ) ;
#5796 = ORIENTED_EDGE ( 'NONE', *, *, #6220, .T. ) ;
#5797 = FACE_OUTER_BOUND ( 'NONE', #828, .T. ) ;
#5798 = CARTESIAN_POINT ( 'NONE',  ( 37.00000000000000711, -56.57658473601188831, -26.99999999999999645 ) ) ;
#5799 = AXIS2_PLACEMENT_3D ( 'NONE', #4271, #4887, #4864 ) ;
#5800 = PERSON_AND_ORGANIZATION ( #1820, #6598 ) ;
#5801 = CARTESIAN_POINT ( 'NONE',  ( 33.99999999999998579, 14.99999999999999645, 1.000000000000000000 ) ) ;
#5802 = CARTESIAN_POINT ( 'NONE',  ( 34.49999999999998579, -15.00000000000000000, 1.500000000000000000 ) ) ;
#5803 = EDGE_LOOP ( 'NONE', ( #5851, #2601, #5739, #6203 ) ) ;
#5804 = VECTOR ( 'NONE', #5555, 1000.000000000000000 ) ;
#5805 = ADVANCED_FACE ( 'NONE', ( #4277 ), #6373, .T. ) ;
#5806 = CARTESIAN_POINT ( 'NONE',  ( -33.99999999999997868, 17.99999999999999645, -1.000000000000000000 ) ) ;
#5807 = CARTESIAN_POINT ( 'NONE',  ( -35.00000000000000000, -71.57658473601189542, -51.00000000000000000 ) ) ;
#5808 = DIRECTION ( 'NONE',  ( 0.000000000000000000, 0.000000000000000000, -1.000000000000000000 ) ) ;
#5809 = DIRECTION ( 'NONE',  ( -1.000000000000000000, 0.000000000000000000, -8.673617379884027583E-16 ) ) ;
#5810 = ORIENTED_EDGE ( 'NONE', *, *, #6446, .F. ) ;
#5811 = LINE ( 'NONE', #2396, #7496 ) ;
#5812 = DIRECTION ( 'NONE',  ( 1.000000000000000000, 0.000000000000000000, 0.000000000000000000 ) ) ;
#5813 = DIRECTION ( 'NONE',  ( 0.000000000000000000, 1.000000000000000000, 0.000000000000000000 ) ) ;
#5814 = PLANE ( 'NONE',  #6980 ) ;
#5815 = ORIENTED_EDGE ( 'NONE', *, *, #1667, .F. ) ;
#5816 = LINE ( 'NONE', #6796, #7025 ) ;
#5817 = EDGE_CURVE ( 'NONE', #2733, #7391, #2860, .T. ) ;
#5818 = AXIS2_PLACEMENT_3D ( 'NONE', #6319, #2725, #2782 ) ;
#5819 = PLANE ( 'NONE',  #1450 ) ;
#5820 = VERTEX_POINT ( 'NONE', #3965 ) ;
#5821 = ADVANCED_FACE ( 'NONE', ( #6347 ), #5716, .T. ) ;
#5822 = CARTESIAN_POINT ( 'NONE',  ( -34.00000000000000000, -15.50000000000000355, 1.500000000000000000 ) ) ;
#5823 = ORIENTED_EDGE ( 'NONE', *, *, #4546, .T. ) ;
#5824 = LINE ( 'NONE', #3322, #241 ) ;
#5825 = CARTESIAN_POINT ( 'NONE',  ( 37.00000000000000711, -73.57658473601189542, 4.000000000000000888 ) ) ;
#5826 = VERTEX_POINT ( 'NONE', #5107 ) ;
#5827 = EDGE_CURVE ( 'NONE', #2239, #1621, #5331, .T. ) ;
#5828 = CIRCLE ( 'NONE', #6052, 3.500000000000003109 ) ;
#5829 = DIRECTION ( 'NONE',  ( 1.000000000000000000, 0.000000000000000000, 8.673617379884027583E-16 ) ) ;
#5830 = EDGE_CURVE ( 'NONE', #299, #2808, #7569, .T. ) ;
#5831 = VERTEX_POINT ( 'NONE', #1505 ) ;
#5832 = ADVANCED_FACE ( 'NONE', ( #6080 ), #5691, .T. ) ;
#5833 = DIRECTION ( 'NONE',  ( 0.000000000000000000, -1.000000000000000000, 0.000000000000000000 ) ) ;
#5834 = FACE_OUTER_BOUND ( 'NONE', #5592, .T. ) ;
#5835 = CC_DESIGN_PERSON_AND_ORGANIZATION_ASSIGNMENT ( #2745, #7112, ( #6724 ) ) ;
#5836 = CARTESIAN_POINT ( 'NONE',  ( -40.00000000000000711, -76.57658473601189542, -59.00000000000000000 ) ) ;
#5837 = DATE_AND_TIME ( #6201, #1379 ) ;
#5838 = ORIENTED_EDGE ( 'NONE', *, *, #5120, .F. ) ;
#5839 = CARTESIAN_POINT ( 'NONE',  ( 33.99999999999998579, -15.00000000000000355, 1.500000000000000000 ) ) ;
#5840 = ORIENTED_EDGE ( 'NONE', *, *, #4205, .F. ) ;
#5841 = CARTESIAN_POINT ( 'NONE',  ( -35.00000000000000000, -56.57658473601188831, -53.00000000000000000 ) ) ;
#5842 = DIRECTION ( 'NONE',  ( -0.000000000000000000, -1.000000000000000000, -0.000000000000000000 ) ) ;
#5843 = ORIENTED_EDGE ( 'NONE', *, *, #7326, .F. ) ;
#5844 = DIRECTION ( 'NONE',  ( 0.000000000000000000, 0.000000000000000000, -1.000000000000000000 ) ) ;
#5845 = FACE_OUTER_BOUND ( 'NONE', #4859, .T. ) ;
#5846 = CARTESIAN_POINT ( 'NONE',  ( 37.00000000000000711, -73.57658473601189542, -59.00000000000000000 ) ) ;
#5847 = AXIS2_PLACEMENT_3D ( 'NONE', #7701, #7190, #7773 ) ;
#5848 = ADVANCED_FACE ( 'NONE', ( #3711 ), #5792, .T. ) ;
#5849 = EDGE_LOOP ( 'NONE', ( #5632, #4788 ) ) ;
#5850 = CARTESIAN_POINT ( 'NONE',  ( 37.00000000000000711, -73.57658473601189542, 1.000000000000000888 ) ) ;
#5851 = ORIENTED_EDGE ( 'NONE', *, *, #7700, .F. ) ;
#5852 = FACE_OUTER_BOUND ( 'NONE', #4800, .T. ) ;
#5853 = DIRECTION ( 'NONE',  ( 1.000000000000000000, 0.000000000000000000, 8.673617379884027583E-16 ) ) ;
#5854 = CARTESIAN_POINT ( 'NONE',  ( -37.00000000000000711, -73.57658473601189542, -59.00000000000000000 ) ) ;
#5855 = LINE ( 'NONE', #7474, #1874 ) ;
#5856 = AXIS2_PLACEMENT_3D ( 'NONE', #5550, #1494, #6332 ) ;
#5857 = ORIENTED_EDGE ( 'NONE', *, *, #5069, .T. ) ;
#5858 = DIRECTION ( 'NONE',  ( 0.000000000000000000, 0.000000000000000000, 1.000000000000000000 ) ) ;
#5859 = APPLICATION_CONTEXT ( 'configuration controlled 3d designs of mechanical parts and assemblies' ) ;
#5860 = VECTOR ( 'NONE', #6096, 1000.000000000000000 ) ;
#5861 = DIRECTION ( 'NONE',  ( -0.000000000000000000, 0.000000000000000000, 1.000000000000000000 ) ) ;
#5862 = PLANE ( 'NONE',  #3338 ) ;
#5863 = LINE ( 'NONE', #4033, #91 ) ;
#5864 = CARTESIAN_POINT ( 'NONE',  ( 37.00000000000000711, -56.57658473601188831, 54.99999999999999289 ) ) ;
#5865 = DIRECTION ( 'NONE',  ( 1.000000000000000000, 0.000000000000000000, -0.000000000000000000 ) ) ;
#5866 = ORIENTED_EDGE ( 'NONE', *, *, #2276, .T. ) ;
#5867 = VECTOR ( 'NONE', #1289, 1000.000000000000000 ) ;
#5868 = CARTESIAN_POINT ( 'NONE',  ( 36.00000000000000711, -76.73886239618028071, 1.000000000000000000 ) ) ;
#5869 = VECTOR ( 'NONE', #6780, 1000.000000000000000 ) ;
#5870 = CARTESIAN_POINT ( 'NONE',  ( -37.00000000000009237, -56.57658473601188831, -27.00000000000000000 ) ) ;
#5871 = EDGE_CURVE ( 'NONE', #2081, #1237, #6156, .T. ) ;
#5872 = ORIENTED_EDGE ( 'NONE', *, *, #5324, .T. ) ;
#5873 = AXIS2_PLACEMENT_3D ( 'NONE', #2720, #4490, #6969 ) ;
#5874 = VERTEX_POINT ( 'NONE', #2063 ) ;
#5875 = VERTEX_POINT ( 'NONE', #982 ) ;
#5876 = VERTEX_POINT ( 'NONE', #1483 ) ;
#5877 = ORIENTED_EDGE ( 'NONE', *, *, #6865, .T. ) ;
#5878 = ADVANCED_FACE ( 'NONE', ( #4752 ), #5126, .T. ) ;
#5879 = CIRCLE ( 'NONE', #1061, 3.000000000000002665 ) ;
#5880 = CARTESIAN_POINT ( 'NONE',  ( -37.00000000000000711, -73.57658473601189542, -59.00000000000000000 ) ) ;
#5881 = ORIENTED_EDGE ( 'NONE', *, *, #6631, .T. ) ;
#5882 = CARTESIAN_POINT ( 'NONE',  ( -35.00000000000000000, 0.000000000000000000, -53.00000000000000000 ) ) ;
#5883 = ORIENTED_EDGE ( 'NONE', *, *, #1735, .T. ) ;
#5884 = EDGE_CURVE ( 'NONE', #6239, #1034, #3983, .T. ) ;
#5885 = ORIENTED_EDGE ( 'NONE', *, *, #6967, .T. ) ;
#5886 = EDGE_CURVE ( 'NONE', #2900, #6613, #2092, .T. ) ;
#5887 = ORIENTED_EDGE ( 'NONE', *, *, #2936, .T. ) ;
#5888 = AXIS2_PLACEMENT_3D ( 'NONE', #3760, #1380, #3935 ) ;
#5889 = APPROVAL_PERSON_ORGANIZATION ( #1065, #6982, #6648 ) ;
#5890 = LINE ( 'NONE', #172, #2650 ) ;
#5892 = CARTESIAN_POINT ( 'NONE',  ( -31.00000000000000000, -56.57658473601188831, -40.00000000000000000 ) ) ;
#5891 = APPROVAL_PERSON_ORGANIZATION ( #4948, #3658, #5387 ) ;
#5893 = ADVANCED_FACE ( 'NONE', ( #2557 ), #6316, .F. ) ;
#5894 = APPROVAL_STATUS ( 'not_yet_approved' ) ;
#5895 = DIRECTION ( 'NONE',  ( 1.000000000000000000, 0.000000000000000000, 0.000000000000000000 ) ) ;
#5896 = ORIENTED_EDGE ( 'NONE', *, *, #7518, .T. ) ;
#5897 = CARTESIAN_POINT ( 'NONE',  ( 37.00000000000009237, -73.57658473601189542, 24.99999999999999645 ) ) ;
#5898 = LINE ( 'NONE', #4680, #3709 ) ;
#5899 = FACE_OUTER_BOUND ( 'NONE', #3697, .T. ) ;
#5900 = EDGE_CURVE ( 'NONE', #5274, #3276, #7195, .T. ) ;
#5901 = COORDINATED_UNIVERSAL_TIME_OFFSET ( 2, 0, .AHEAD. ) ;
#5902 = AXIS2_PLACEMENT_3D ( 'NONE', #4116, #6526, #4639 ) ;
#5903 = CARTESIAN_POINT ( 'NONE',  ( 33.99999999999996447, 17.99999999999999645, -1.000000000000000000 ) ) ;
#5904 = DIRECTION ( 'NONE',  ( -1.000000000000000000, 0.000000000000000000, 0.000000000000000000 ) ) ;
#5905 = DIRECTION ( 'NONE',  ( -0.000000000000000000, -1.000000000000000000, -0.000000000000000000 ) ) ;
#5906 = VERTEX_POINT ( 'NONE', #2693 ) ;
#5907 = ORIENTED_EDGE ( 'NONE', *, *, #4479, .F. ) ;
#5908 = FACE_OUTER_BOUND ( 'NONE', #3405, .T. ) ;
#5909 = FACE_OUTER_BOUND ( 'NONE', #2856, .T. ) ;
#5910 = ORIENTED_EDGE ( 'NONE', *, *, #6545, .T. ) ;
#5911 = DIRECTION ( 'NONE',  ( 0.3162277660168382742, -0.000000000000000000, -0.9486832980505137680 ) ) ;
#5912 = AXIS2_PLACEMENT_3D ( 'NONE', #279, #5086, #7426 ) ;
#5914 = VECTOR ( 'NONE', #3103, 1000.000000000000000 ) ;
#5913 = DIRECTION ( 'NONE',  ( 0.000000000000000000, 0.000000000000000000, 1.000000000000000000 ) ) ;
#5915 = DIRECTION ( 'NONE',  ( -0.000000000000000000, -0.000000000000000000, -1.000000000000000000 ) ) ;
#5916 = ORIENTED_EDGE ( 'NONE', *, *, #597, .F. ) ;
#5917 = APPLICATION_CONTEXT ( 'configuration controlled 3d designs of mechanical parts and assemblies' ) ;
#5918 = CIRCLE ( 'NONE', #1139, 3.000000000000002665 ) ;
#5919 = DIRECTION ( 'NONE',  ( -0.3162277660168381077, 0.000000000000000000, 0.9486832980505137680 ) ) ;
#5920 = CARTESIAN_POINT ( 'NONE',  ( 0.000000000000000000, -74.57658473601190963, 57.99999999999999289 ) ) ;
#5921 = DIRECTION ( 'NONE',  ( 0.000000000000000000, 0.000000000000000000, -1.000000000000000000 ) ) ;
#5922 = ORIENTED_EDGE ( 'NONE', *, *, #1560, .T. ) ;
#5923 = AXIS2_PLACEMENT_3D ( 'NONE', #7713, #1749, #5355 ) ;
#5924 = VECTOR ( 'NONE', #6920, 1000.000000000000000 ) ;
#5925 = CARTESIAN_POINT ( 'NONE',  ( -37.00000000000000711, -56.57658473601188831, -59.00000000000000000 ) ) ;
#5926 = CARTESIAN_POINT ( 'NONE',  ( 37.00000000000000711, -76.73886239618028071, -4.000000000000000888 ) ) ;
#5927 = DIRECTION ( 'NONE',  ( 0.000000000000000000, 1.000000000000000000, 0.000000000000000000 ) ) ;
#5928 = DIRECTION ( 'NONE',  ( 0.000000000000000000, 0.000000000000000000, -1.000000000000000000 ) ) ;
#5929 = DIRECTION ( 'NONE',  ( 0.000000000000000000, 0.000000000000000000, 1.000000000000000000 ) ) ;
#5930 = EDGE_CURVE ( 'NONE', #7790, #6083, #6732, .T. ) ;
#5931 = ADVANCED_FACE ( 'NONE', ( #5899 ), #5772, .T. ) ;
#5932 = LINE ( 'NONE', #6904, #2221 ) ;
#5933 = VECTOR ( 'NONE', #5275, 1000.000000000000000 ) ;
#5934 = EDGE_CURVE ( 'NONE', #188, #5080, #4180, .T. ) ;
#5935 = ORIENTED_EDGE ( 'NONE', *, *, #3393, .F. ) ;
#5936 = CARTESIAN_POINT ( 'NONE',  ( -37.00000000000000711, -73.57658473601189542, -59.00000000000000000 ) ) ;
#5937 = ORIENTED_EDGE ( 'NONE', *, *, #1330, .F. ) ;
#5938 = ORIENTED_EDGE ( 'NONE', *, *, #3795, .F. ) ;
#5939 = EDGE_LOOP ( 'NONE', ( #3011, #580 ) ) ;
#5940 = VECTOR ( 'NONE', #800, 1000.000000000000000 ) ;
#5941 = CARTESIAN_POINT ( 'NONE',  ( -37.00000000000009237, -56.57658473601188831, 27.00000000000000000 ) ) ;
#5942 = DATE_TIME_ROLE ( 'classification_date' ) ;
#5943 = DATE_AND_TIME ( #3475, #5551 ) ;
#5944 = EDGE_CURVE ( 'NONE', #6613, #6037, #3117, .T. ) ;
#5945 = CARTESIAN_POINT ( 'NONE',  ( 36.00000000000009237, -56.57658473601188831, 27.00000000000000000 ) ) ;
#5946 = ORIENTED_EDGE ( 'NONE', *, *, #197, .T. ) ;
#5947 = CC_DESIGN_PERSON_AND_ORGANIZATION_ASSIGNMENT ( #4089, #6039, ( #7139 ) ) ;
#5948 = CARTESIAN_POINT ( 'NONE',  ( -34.00000000000000000, 14.99999999999999645, 1.500000000000000000 ) ) ;
#5949 = ORIENTED_EDGE ( 'NONE', *, *, #2828, .T. ) ;
#5950 = FACE_OUTER_BOUND ( 'NONE', #5183, .T. ) ;
#5951 = CARTESIAN_POINT ( 'NONE',  ( -35.00000000000000000, -56.57658473601188831, -53.00000000000000000 ) ) ;
#5952 = PLANE ( 'NONE',  #2488 ) ;
#5953 = EDGE_LOOP ( 'NONE', ( #6866, #584, #1864, #5213 ) ) ;
#5954 = CARTESIAN_POINT ( 'NONE',  ( 37.00000000000000711, -56.57658473601188831, -56.99999999999996447 ) ) ;
#5955 = AXIS2_PLACEMENT_3D ( 'NONE', #7652, #7732, #3540 ) ;
#5956 = LINE ( 'NONE', #6045, #4045 ) ;
#5957 = VECTOR ( 'NONE', #2233, 1000.000000000000000 ) ;
#5958 = CARTESIAN_POINT ( 'NONE',  ( -36.00000000000009237, -56.57658473601188831, 27.00000000000000000 ) ) ;
#5959 = ORIENTED_EDGE ( 'NONE', *, *, #2678, .T. ) ;
#5960 = VECTOR ( 'NONE', #1920, 1000.000000000000000 ) ;
#5961 = LINE ( 'NONE', #4918, #2070 ) ;
#5962 = DIRECTION ( 'NONE',  ( 0.000000000000000000, 1.000000000000000000, 0.000000000000000000 ) ) ;
#5963 = APPLICATION_PROTOCOL_DEFINITION ( 'international standard', 'config_control_design', 1994, #5859 ) ;
#5964 = ORIENTED_EDGE ( 'NONE', *, *, #4246, .F. ) ;
#5965 = CARTESIAN_POINT ( 'NONE',  ( 0.000000000000000000, 0.000000000000000000, -51.00000000000000000 ) ) ;
#5966 = DIRECTION ( 'NONE',  ( 0.9486832980505137680, 0.000000000000000000, -0.3162277660168381077 ) ) ;
#5967 = CYLINDRICAL_SURFACE ( 'NONE', #1467, 3.500000000000003109 ) ;
#5968 = DIRECTION ( 'NONE',  ( 0.9486832980505137680, -0.000000000000000000, 0.3162277660168382742 ) ) ;
#5969 = LINE ( 'NONE', #3526, #4627 ) ;
#5970 = EDGE_LOOP ( 'NONE', ( #6486, #3495, #4536, #1809 ) ) ;
#5971 = ORIENTED_EDGE ( 'NONE', *, *, #1162, .T. ) ;
#5972 = DIRECTION ( 'NONE',  ( -1.000000000000000000, 0.000000000000000000, 0.000000000000000000 ) ) ;
#5973 = ORIENTED_EDGE ( 'NONE', *, *, #4510, .F. ) ;
#5974 = DIRECTION ( 'NONE',  ( 1.000000000000000000, 0.000000000000000000, 0.000000000000000000 ) ) ;
#5975 = EDGE_CURVE ( 'NONE', #3752, #4448, #21, .T. ) ;
#5976 = APPROVAL_DATE_TIME ( #670, #7184 ) ;
#5977 = DIRECTION ( 'NONE',  ( 0.000000000000000000, -0.000000000000000000, -1.000000000000000000 ) ) ;
#5978 = AXIS2_PLACEMENT_3D ( 'NONE', #4898, #2481, #7305 ) ;
#5979 = ORIENTED_EDGE ( 'NONE', *, *, #559, .F. ) ;
#5980 = ORIENTED_EDGE ( 'NONE', *, *, #4538, .F. ) ;
#5981 = VERTEX_POINT ( 'NONE', #7049 ) ;
#5982 = DIRECTION ( 'NONE',  ( 0.000000000000000000, 0.000000000000000000, -1.000000000000000000 ) ) ;
#5983 = CARTESIAN_POINT ( 'NONE',  ( 0.000000000000000000, -71.57658473601189542, -51.00000000000000000 ) ) ;
#5984 = VECTOR ( 'NONE', #5161, 1000.000000000000000 ) ;
#5985 = ITEM_DEFINED_TRANSFORMATION ( 'NONE', 'NONE', #4666,  #5227 ) ;
#5986 = EDGE_CURVE ( 'NONE', #2582, #4493, #7759, .T. ) ;
#5987 = EDGE_CURVE ( 'NONE', #6612, #7425, #1901, .T. ) ;
#5988 = ORIENTED_EDGE ( 'NONE', *, *, #2618, .F. ) ;
#5989 = CC_DESIGN_PERSON_AND_ORGANIZATION_ASSIGNMENT ( #1111, #4051, ( #4768 ) ) ;
#5990 = ORIENTED_EDGE ( 'NONE', *, *, #2896, .F. ) ;
#5991 = LINE ( 'NONE', #655, #1161 ) ;
#5992 = DIRECTION ( 'NONE',  ( 0.000000000000000000, 0.000000000000000000, 1.000000000000000000 ) ) ;
#5993 =( REPRESENTATION_RELATIONSHIP ('NONE','NONE', #7604, #2358 ) REPRESENTATION_RELATIONSHIP_WITH_TRANSFORMATION ( #7466 )SHAPE_REPRESENTATION_RELATIONSHIP( ) );
#5994 = LINE ( 'NONE', #4885, #2563 ) ;
#5995 = DIRECTION ( 'NONE',  ( 1.000000000000000000, 0.000000000000000000, 0.000000000000000000 ) ) ;
#5996 = CARTESIAN_POINT ( 'NONE',  ( 36.00000000000009237, -73.57658473601189542, 24.99999999999999645 ) ) ;
#5997 = CARTESIAN_POINT ( 'NONE',  ( -37.00000000000000711, -56.57658473601188831, -59.00000000000000000 ) ) ;
#5998 = ORIENTED_EDGE ( 'NONE', *, *, #4205, .T. ) ;
#5999 = LINE ( 'NONE', #773, #3996 ) ;
#6000 = EDGE_CURVE ( 'NONE', #230, #5647, #4451, .T. ) ;
#6001 = CARTESIAN_POINT ( 'NONE',  ( 37.00000000000000711, 0.000000000000000000, -51.00000000000000000 ) ) ;
#6002 = DIRECTION ( 'NONE',  ( 0.000000000000000000, 0.000000000000000000, -1.000000000000000000 ) ) ;
#6003 = CARTESIAN_POINT ( 'NONE',  ( -35.00000000000000000, 0.000000000000000000, 53.00000000000000000 ) ) ;
#6004 = CARTESIAN_POINT ( 'NONE',  ( -33.99999999999997868, 17.99999999999999645, -1.000000000000000000 ) ) ;
#6005 = CARTESIAN_POINT ( 'NONE',  ( -36.00000000000009237, -73.57658473601189542, -26.99999999999999645 ) ) ;
#6006 = ORIENTED_EDGE ( 'NONE', *, *, #5986, .T. ) ;
#6007 = LINE ( 'NONE', #6592, #4576 ) ;
#6008 = DIRECTION ( 'NONE',  ( -0.3162277660168382742, 0.000000000000000000, -0.9486832980505137680 ) ) ;
#6009 = AXIS2_PLACEMENT_3D ( 'NONE', #5965, #6552, #5895 ) ;
#6010 = DIRECTION ( 'NONE',  ( -0.000000000000000000, -0.000000000000000000, -1.000000000000000000 ) ) ;
#6011 = VERTEX_POINT ( 'NONE', #5825 ) ;
#6012 = LINE ( 'NONE', #1228, #2117 ) ;
#6013 = DATE_TIME_ROLE ( 'classification_date' ) ;
#6014 = VERTEX_POINT ( 'NONE', #7129 ) ;
#6015 = CARTESIAN_POINT ( 'NONE',  ( 31.00000000000000000, -46.67708979940022118, -43.50000000000000711 ) ) ;
#6016 = CARTESIAN_POINT ( 'NONE',  ( -40.00000000000000711, -56.57658473601188831, -59.00000000000000000 ) ) ;
#6017 = LINE ( 'NONE', #1104, #1370 ) ;
#6018 = CARTESIAN_POINT ( 'NONE',  ( -34.50000000000000000, -15.00000000000000533, 1.000000000000000000 ) ) ;
#6019 = EDGE_CURVE ( 'NONE', #3616, #1202, #6150, .T. ) ;
#6020 = AXIS2_PLACEMENT_3D ( 'NONE', #6893, #7609, #1458 ) ;
#6021 = EDGE_LOOP ( 'NONE', ( #8, #709, #162, #488 ) ) ;
#6022 = FACE_BOUND ( 'NONE', #6908, .T. ) ;
#6023 = CARTESIAN_POINT ( 'NONE',  ( 31.00000000000000000, -56.57658473601188831, 41.49999999999999289 ) ) ;
#6024 = ORIENTED_EDGE ( 'NONE', *, *, #5224, .F. ) ;
#6025 = CARTESIAN_POINT ( 'NONE',  ( -33.99999999999997868, -18.00000000000000355, -1.000000000000000000 ) ) ;
#6026 = EDGE_CURVE ( 'NONE', #4888, #3257, #4537, .T. ) ;
#6027 = PERSON_AND_ORGANIZATION ( #1820, #6598 ) ;
#6028 = VERTEX_POINT ( 'NONE', #2245 ) ;
#6029 = EDGE_CURVE ( 'NONE', #3729, #6678, #402, .T. ) ;
#6030 = ORIENTED_EDGE ( 'NONE', *, *, #3221, .T. ) ;
#6031 = EDGE_CURVE ( 'NONE', #7391, #1302, #1625, .T. ) ;
#6032 = ORIENTED_EDGE ( 'NONE', *, *, #4297, .T. ) ;
#6033 = AXIS2_PLACEMENT_3D ( 'NONE', #2474, #86, #1847 ) ;
#6034 = DIRECTION ( 'NONE',  ( -1.000000000000000000, -0.000000000000000000, 8.673617379884027583E-16 ) ) ;
#6035 = LINE ( 'NONE', #5722, #7330 ) ;
#6036 = CARTESIAN_POINT ( 'NONE',  ( 36.00000000000009237, -73.57658473601189542, 24.99999999999999645 ) ) ;
#6037 = VERTEX_POINT ( 'NONE', #1595 ) ;
#6038 = DIRECTION ( 'NONE',  ( 0.000000000000000000, -0.000000000000000000, 1.000000000000000000 ) ) ;
#6039 = PERSON_AND_ORGANIZATION_ROLE ( 'creator' ) ;
#6040 = VECTOR ( 'NONE', #7313, 1000.000000000000000 ) ;
#6041 = EDGE_CURVE ( 'NONE', #3840, #3663, #7666, .T. ) ;
#6042 = EDGE_CURVE ( 'NONE', #5042, #722, #1816, .T. ) ;
#6043 = AXIS2_PLACEMENT_3D ( 'NONE', #2073, #6245, #5063 ) ;
#6044 = VECTOR ( 'NONE', #644, 1000.000000000000000 ) ;
#6045 = CARTESIAN_POINT ( 'NONE',  ( -37.00000000000000711, -73.57658473601189542, 1.000000000000000888 ) ) ;
#6046 = ORIENTED_EDGE ( 'NONE', *, *, #4497, .F. ) ;
#6047 = LINE ( 'NONE', #5897, #468 ) ;
#6048 = DIRECTION ( 'NONE',  ( 0.000000000000000000, 1.000000000000000000, 0.000000000000000000 ) ) ;
#6049 = CARTESIAN_POINT ( 'NONE',  ( -36.00000000000009237, -76.73886239618028071, -27.00000000000000000 ) ) ;
#6050 = VECTOR ( 'NONE', #3516, 1000.000000000000000 ) ;
#6051 = CARTESIAN_POINT ( 'NONE',  ( 31.00000000000000000, -73.57658473601189542, 41.49999999999999289 ) ) ;
#6052 = AXIS2_PLACEMENT_3D ( 'NONE', #940, #7536, #3358 ) ;
#6053 = ORIENTED_EDGE ( 'NONE', *, *, #7741, .F. ) ;
#6054 = LINE ( 'NONE', #1132, #5867 ) ;
#6055 = FACE_OUTER_BOUND ( 'NONE', #2961, .T. ) ;
#6056 = ORIENTED_EDGE ( 'NONE', *, *, #6921, .F. ) ;
#6057 = DIRECTION ( 'NONE',  ( -1.000000000000000000, 0.000000000000000000, 0.000000000000000000 ) ) ;
#6058 = DIRECTION ( 'NONE',  ( 0.000000000000000000, 0.000000000000000000, 1.000000000000000000 ) ) ;
#6059 = ORIENTED_EDGE ( 'NONE', *, *, #3833, .T. ) ;
#6060 = VERTEX_POINT ( 'NONE', #6468 ) ;
#6061 = ORIENTED_EDGE ( 'NONE', *, *, #861, .T. ) ;
#6062 = ORIENTED_EDGE ( 'NONE', *, *, #5140, .F. ) ;
#6063 = VECTOR ( 'NONE', #5027, 1000.000000000000114 ) ;
#6064 = CARTESIAN_POINT ( 'NONE',  ( 35.00000000000000000, -56.57658473601188831, 51.00000000000000000 ) ) ;
#6065 = APPROVAL_STATUS ( 'not_yet_approved' ) ;
#6066 = EDGE_LOOP ( 'NONE', ( #6691, #7803, #4841, #3466 ) ) ;
#6067 = EDGE_LOOP ( 'NONE', ( #5214, #6544, #1041, #7274, #7192, #5089, #4937, #3867 ) ) ;
#6068 = ORIENTED_EDGE ( 'NONE', *, *, #3393, .T. ) ;
#6069 = ORIENTED_EDGE ( 'NONE', *, *, #1837, .F. ) ;
#6070 = CARTESIAN_POINT ( 'NONE',  ( -31.00000000000000000, -46.67708979940022118, 43.50000000000000711 ) ) ;
#6071 = ORIENTED_EDGE ( 'NONE', *, *, #994, .F. ) ;
#6072 = VECTOR ( 'NONE', #1251, 1000.000000000000114 ) ;
#6073 = PLANE ( 'NONE',  #3317 ) ;
#6074 = PRODUCT ( 'upper case', 'upper case', '', ( #6551 ) ) ;
#6075 = VERTEX_POINT ( 'NONE', #5310 ) ;
#6076 = EDGE_CURVE ( 'NONE', #5042, #3153, #6246, .T. ) ;
#6077 = CARTESIAN_POINT ( 'NONE',  ( 37.00000000000000711, -56.57658473601188831, -54.99999999999999289 ) ) ;
#6078 = CYLINDRICAL_SURFACE ( 'NONE', #5051, 1.499999999999994449 ) ;
#6079 = AXIS2_PLACEMENT_3D ( 'NONE', #612, #2375, #4155 ) ;
#6080 = FACE_OUTER_BOUND ( 'NONE', #7812, .T. ) ;
#6081 = PERSON_AND_ORGANIZATION ( #1820, #6598 ) ;
#6082 = PLANE ( 'NONE',  #7788 ) ;
#6083 = VERTEX_POINT ( 'NONE', #6520 ) ;
#6084 = DIRECTION ( 'NONE',  ( 1.000000000000000000, 0.000000000000000000, 0.000000000000000000 ) ) ;
#6085 = EDGE_LOOP ( 'NONE', ( #1897, #690, #4239, #80, #3673, #2713, #4362, #2939, #3911, #7556, #781, #4196, #6406, #7704, #1298, #1326, #4407, #4998, #5417, #2707, #4118, #5070, #1448, #2319, #1611, #3268, #6794, #3614, #2977, #3931, #2542, #5318, #4361, #5454, #2270, #293 ) ) ;
#6086 = LINE ( 'NONE', #2030, #2199 ) ;
#6087 = FACE_OUTER_BOUND ( 'NONE', #3018, .T. ) ;
#6088 = EDGE_CURVE ( 'NONE', #2603, #2395, #4744, .T. ) ;
#6089 = EDGE_CURVE ( 'NONE', #5130, #2171, #6453, .T. ) ;
#6090 = VERTEX_POINT ( 'NONE', #3445 ) ;
#6091 = CARTESIAN_POINT ( 'NONE',  ( 40.00000000000000711, -76.57658473601189542, -59.00000000000000000 ) ) ;
#6092 = DATE_TIME_ROLE ( 'classification_date' ) ;
#6093 = LINE ( 'NONE', #7211, #3537 ) ;
#6094 = CARTESIAN_POINT ( 'NONE',  ( -31.00000000000000000, -73.57658473601189542, -40.00000000000000000 ) ) ;
#6095 = CARTESIAN_POINT ( 'NONE',  ( -37.00000000000000711, -73.57658473601189542, -59.00000000000000000 ) ) ;
#6096 = DIRECTION ( 'NONE',  ( 0.000000000000000000, 0.000000000000000000, 1.000000000000000000 ) ) ;
#6097 = ORIENTED_EDGE ( 'NONE', *, *, #794, .F. ) ;
#6098 = AXIS2_PLACEMENT_3D ( 'NONE', #1941, #678, #4321 ) ;
#6099 = LINE ( 'NONE', #3438, #7398 ) ;
#6100 = DIRECTION ( 'NONE',  ( -0.5773502691896245098, -0.5773502691896230665, 0.5773502691896296168 ) ) ;
#6101 = ORIENTED_EDGE ( 'NONE', *, *, #1372, .F. ) ;
#6102 = CARTESIAN_POINT ( 'NONE',  ( -31.00000000000000000, -56.57658473601188831, 36.50000000000000000 ) ) ;
#6103 = CIRCLE ( 'NONE', #7103, 3.000000000000002665 ) ;
#6104 = CARTESIAN_POINT ( 'NONE',  ( 33.99999999999998579, -15.00000000000000355, 1.000000000000000000 ) ) ;
#6105 = AXIS2_PLACEMENT_3D ( 'NONE', #7256, #6695, #4881 ) ;
#6106 = VECTOR ( 'NONE', #2078, 1000.000000000000000 ) ;
#6107 = VECTOR ( 'NONE', #2306, 1000.000000000000000 ) ;
#6108 = VERTEX_POINT ( 'NONE', #7186 ) ;
#6109 = CARTESIAN_POINT ( 'NONE',  ( -31.00000000000000000, -46.67708979940022118, 36.50000000000000000 ) ) ;
#6110 = VERTEX_POINT ( 'NONE', #2956 ) ;
#6111 = ORIENTED_EDGE ( 'NONE', *, *, #4865, .F. ) ;
#6112 = EDGE_CURVE ( 'NONE', #1520, #4896, #493, .T. ) ;
#6113 = LINE ( 'NONE', #1075, #4037 ) ;
#6114 = APPROVAL_DATE_TIME ( #1952, #1779 ) ;
#6115 = CARTESIAN_POINT ( 'NONE',  ( 35.00000000000000000, -56.57658473601188831, -53.00000000000000000 ) ) ;
#6116 = VERTEX_POINT ( 'NONE', #7253 ) ;
#6117 = DIRECTION ( 'NONE',  ( 0.000000000000000000, -1.000000000000000000, 0.000000000000000000 ) ) ;
#6118 = ORIENTED_EDGE ( 'NONE', *, *, #464, .F. ) ;
#6119 = DIRECTION ( 'NONE',  ( 1.000000000000000000, 0.000000000000000000, 0.000000000000000000 ) ) ;
#6120 = CARTESIAN_POINT ( 'NONE',  ( -37.00000000000000711, -73.57658473601189542, -56.99999999999996447 ) ) ;
#6121 = LINE ( 'NONE', #2001, #4509 ) ;
#6122 = DIRECTION ( 'NONE',  ( -2.551063935260011231E-17, 1.000000000000000000, 0.000000000000000000 ) ) ;
#6123 = EDGE_CURVE ( 'NONE', #3917, #3019, #5683, .T. ) ;
#6124 = EDGE_CURVE ( 'NONE', #4, #881, #6340, .T. ) ;
#6125 = CC_DESIGN_APPROVAL ( #5723, ( #4768 ) ) ;
#6126 = ORIENTED_EDGE ( 'NONE', *, *, #4758, .T. ) ;
#6127 = VECTOR ( 'NONE', #2207, 1000.000000000000000 ) ;
#6128 = PLANE ( 'NONE',  #1654 ) ;
#6129 = VECTOR ( 'NONE', #2388, 1000.000000000000000 ) ;
#6130 = CARTESIAN_POINT ( 'NONE',  ( 35.00000000000000000, -56.57658473601188831, -54.99999999999999289 ) ) ;
#6131 = VERTEX_POINT ( 'NONE', #6662 ) ;
#6132 = EDGE_CURVE ( 'NONE', #5226, #5875, #3705, .T. ) ;
#6133 = EDGE_LOOP ( 'NONE', ( #4225, #6192, #1774, #1992 ) ) ;
#6134 = LINE ( 'NONE', #5541, #2066 ) ;
#6135 = VECTOR ( 'NONE', #3726, 1000.000000000000000 ) ;
#6136 = EDGE_LOOP ( 'NONE', ( #3671, #7064, #1017, #633 ) ) ;
#6137 = DIRECTION ( 'NONE',  ( 1.000000000000000000, 2.551063935260011231E-17, 0.000000000000000000 ) ) ;
#6138 = CARTESIAN_POINT ( 'NONE',  ( 34.49999999999998579, 0.000000000000000000, 1.500000000000000000 ) ) ;
#6139 = ORIENTED_EDGE ( 'NONE', *, *, #1309, .T. ) ;
#6140 = FACE_OUTER_BOUND ( 'NONE', #1451, .T. ) ;
#6141 = CARTESIAN_POINT ( 'NONE',  ( 37.00000000000000711, -56.57658473601188831, -54.99999999999999289 ) ) ;
#6142 = VECTOR ( 'NONE', #4787, 1000.000000000000000 ) ;
#6143 = CARTESIAN_POINT ( 'NONE',  ( 36.00000000000000711, -73.57658473601189542, -1.000000000000000000 ) ) ;
#6144 = CARTESIAN_POINT ( 'NONE',  ( -37.00000000000000711, -56.57658473601188831, 1.000000000000000888 ) ) ;
#6145 = ORIENTED_EDGE ( 'NONE', *, *, #7433, .F. ) ;
#6146 = VERTEX_POINT ( 'NONE', #6571 ) ;
#6147 = CARTESIAN_POINT ( 'NONE',  ( -37.00000000000000711, -76.73886239618028071, -1.000000000000000888 ) ) ;
#6148 = VERTEX_POINT ( 'NONE', #6647 ) ;
#6149 = VERTEX_POINT ( 'NONE', #1222 ) ;
#6150 = CIRCLE ( 'NONE', #6423, 1.500000000000001332 ) ;
#6151 = CARTESIAN_POINT ( 'NONE',  ( -33.99999999999997868, 17.99999999999999645, 1.000000000000000000 ) ) ;
#6152 = CARTESIAN_POINT ( 'NONE',  ( 37.00000000000000711, -56.57658473601188831, -51.00000000000000000 ) ) ;
#6153 = ADVANCED_FACE ( 'NONE', ( #3026 ), #1754, .T. ) ;
#6154 = EDGE_LOOP ( 'NONE', ( #3361, #32, #6852, #4675 ) ) ;
#6155 = ORIENTED_EDGE ( 'NONE', *, *, #3992, .F. ) ;
#6156 = LINE ( 'NONE', #275, #3877 ) ;
#6157 = AXIS2_PLACEMENT_3D ( 'NONE', #33, #1214, #5498 ) ;
#6158 = DATE_AND_TIME ( #1154, #1906 ) ;
#6159 = DIRECTION ( 'NONE',  ( 0.000000000000000000, 0.000000000000000000, 1.000000000000000000 ) ) ;
#6160 = VERTEX_POINT ( 'NONE', #3003 ) ;
#6161 = VECTOR ( 'NONE', #785, 1000.000000000000000 ) ;
#6162 = ADVANCED_BREP_SHAPE_REPRESENTATION ( '', ( #5360, #5227 ), #1563 ) ;
#6163 = EDGE_CURVE ( 'NONE', #199, #3806, #585, .T. ) ;
#6164 = CYLINDRICAL_SURFACE ( 'NONE', #1669, 3.500000000000003109 ) ;
#6165 = DIRECTION ( 'NONE',  ( 0.000000000000000000, -0.000000000000000000, -1.000000000000000000 ) ) ;
#6166 = DIRECTION ( 'NONE',  ( -0.3162277660168382742, 0.000000000000000000, -0.9486832980505137680 ) ) ;
#6167 = EDGE_CURVE ( 'NONE', #1224, #6262, #5326, .T. ) ;
#6168 = CARTESIAN_POINT ( 'NONE',  ( 31.00000000000000000, -46.67708979940022118, -40.00000000000000000 ) ) ;
#6169 = EDGE_CURVE ( 'NONE', #6011, #6014, #3295, .T. ) ;
#6170 = CARTESIAN_POINT ( 'NONE',  ( -37.00000000000000711, -56.57658473601188831, -54.99999999999999289 ) ) ;
#6171 = VERTEX_POINT ( 'NONE', #1835 ) ;
#6172 =( GEOMETRIC_REPRESENTATION_CONTEXT ( 3 ) GLOBAL_UNCERTAINTY_ASSIGNED_CONTEXT ( ( #7177 ) ) GLOBAL_UNIT_ASSIGNED_CONTEXT ( ( #276, #6971, #3344 ) ) REPRESENTATION_CONTEXT ( 'NONE', 'WORKASPACE' ) );
#6173 = CARTESIAN_POINT ( 'NONE',  ( -33.99999999999997868, 17.99999999999999645, -1.000000000000000000 ) ) ;
#6174 = LINE ( 'NONE', #5850, #2663 ) ;
#6175 = DIRECTION ( 'NONE',  ( -0.000000000000000000, -0.000000000000000000, -1.000000000000000000 ) ) ;
#6176 = PLANE ( 'NONE',  #5711 ) ;
#6177 = CARTESIAN_POINT ( 'NONE',  ( -31.00000000000000000, -73.57658473601189542, -40.00000000000000000 ) ) ;
#6178 = ORIENTED_EDGE ( 'NONE', *, *, #4825, .T. ) ;
#6179 = LINE ( 'NONE', #5136, #1748 ) ;
#6180 = EDGE_CURVE ( 'NONE', #6699, #5678, #215, .T. ) ;
#6181 = EDGE_CURVE ( 'NONE', #675, #6895, #3520, .T. ) ;
#6182 = PLANE ( 'NONE',  #3208 ) ;
#6183 = ORIENTED_EDGE ( 'NONE', *, *, #7389, .F. ) ;
#6184 = PLANE ( 'NONE',  #6857 ) ;
#6185 = VECTOR ( 'NONE', #378, 1000.000000000000000 ) ;
#6186 = DIRECTION ( 'NONE',  ( 0.000000000000000000, 0.000000000000000000, 1.000000000000000000 ) ) ;
#6187 = ORIENTED_EDGE ( 'NONE', *, *, #7625, .T. ) ;
#6188 = ADVANCED_FACE ( 'NONE', ( #4848 ), #562, .F. ) ;
#6189 = DIRECTION ( 'NONE',  ( 0.000000000000000000, -1.000000000000000000, 0.000000000000000000 ) ) ;
#6190 = VECTOR ( 'NONE', #6214, 1000.000000000000000 ) ;
#6191 = CARTESIAN_POINT ( 'NONE',  ( -34.50000000000000000, 14.99999999999999289, 1.500000000000000000 ) ) ;
#6192 = ORIENTED_EDGE ( 'NONE', *, *, #3173, .T. ) ;
#6193 = CARTESIAN_POINT ( 'NONE',  ( 33.99999999999998579, -15.00000000000000355, -1.000000000000000000 ) ) ;
#6194 = ORIENTED_EDGE ( 'NONE', *, *, #2057, .F. ) ;
#6195 = LINE ( 'NONE', #2152, #5065 ) ;
#6196 = ORIENTED_EDGE ( 'NONE', *, *, #4813, .F. ) ;
#6197 = DIRECTION ( 'NONE',  ( 0.000000000000000000, 0.000000000000000000, -1.000000000000000000 ) ) ;
#6198 = CARTESIAN_POINT ( 'NONE',  ( 37.00000000000009237, -56.57658473601188831, -30.00000000000000000 ) ) ;
#6199 = PLANE ( 'NONE',  #5978 ) ;
#6200 = DIRECTION ( 'NONE',  ( 0.000000000000000000, 0.000000000000000000, 1.000000000000000000 ) ) ;
#6201 = CALENDAR_DATE ( 2022, 27, 1 ) ;
#6202 = VERTEX_POINT ( 'NONE', #6596 ) ;
#6203 = ORIENTED_EDGE ( 'NONE', *, *, #4766, .F. ) ;
#6204 = VERTEX_POINT ( 'NONE', #1173 ) ;
#6205 = LINE ( 'NONE', #5620, #5294 ) ;
#6206 = DIRECTION ( 'NONE',  ( 0.000000000000000000, 0.000000000000000000, -1.000000000000000000 ) ) ;
#6207 = DIRECTION ( 'NONE',  ( 0.3162277660168382742, 0.000000000000000000, 0.9486832980505137680 ) ) ;
#6208 = EDGE_CURVE ( 'NONE', #3607, #6028, #3201, .T. ) ;
#6209 = EDGE_LOOP ( 'NONE', ( #1614, #4902, #3933, #4220 ) ) ;
#6210 = AXIS2_PLACEMENT_3D ( 'NONE', #5165, #1541, #5776 ) ;
#6211 = LINE ( 'NONE', #6070, #4233 ) ;
#6212 = CARTESIAN_POINT ( 'NONE',  ( 31.00000000000000000, -73.57658473601189542, 43.50000000000000711 ) ) ;
#6213 = LINE ( 'NONE', #6825, #7441 ) ;
#6214 = DIRECTION ( 'NONE',  ( 0.000000000000000000, 0.000000000000000000, 1.000000000000000000 ) ) ;
#6215 = DIRECTION ( 'NONE',  ( 0.000000000000000000, 1.000000000000000000, 0.000000000000000000 ) ) ;
#6216 = CARTESIAN_POINT ( 'NONE',  ( -34.50000000000000000, 0.000000000000000000, 1.500000000000000000 ) ) ;
#6217 = VERTEX_POINT ( 'NONE', #6064 ) ;
#6218 = VECTOR ( 'NONE', #312, 1000.000000000000000 ) ;
#6219 = EDGE_CURVE ( 'NONE', #6553, #3433, #296, .T. ) ;
#6220 = EDGE_CURVE ( 'NONE', #1552, #88, #2002, .T. ) ;
#6221 = LINE ( 'NONE', #6389, #4244 ) ;
#6222 = APPROVAL ( #42, 'UNSPECIFIED' ) ;
#6223 = DIRECTION ( 'NONE',  ( 1.000000000000000000, 0.000000000000000000, 0.000000000000000000 ) ) ;
#6224 = DIRECTION ( 'NONE',  ( 1.000000000000000000, -0.000000000000000000, -8.673617379884027583E-16 ) ) ;
#6225 = ORIENTED_EDGE ( 'NONE', *, *, #6496, .T. ) ;
#6226 = CARTESIAN_POINT ( 'NONE',  ( -37.00000000000000711, -56.57658473601188831, 4.000000000000000888 ) ) ;
#6227 = ADVANCED_FACE ( 'NONE', ( #4079 ), #2854, .T. ) ;
#6228 = LINE ( 'NONE', #6758, #4153 ) ;
#6229 = VECTOR ( 'NONE', #4975, 1000.000000000000000 ) ;
#6230 = PLANE ( 'NONE',  #94 ) ;
#6231 = VERTEX_POINT ( 'NONE', #4363 ) ;
#6232 = ORIENTED_EDGE ( 'NONE', *, *, #120, .F. ) ;
#6233 = DIRECTION ( 'NONE',  ( 1.000000000000000000, 0.000000000000000000, 0.000000000000000000 ) ) ;
#6234 = VERTEX_POINT ( 'NONE', #1930 ) ;
#6235 = VECTOR ( 'NONE', #4477, 1000.000000000000000 ) ;
#6236 = CIRCLE ( 'NONE', #2310, 0.5000000000000004441 ) ;
#6237 = VERTEX_POINT ( 'NONE', #1880 ) ;
#6238 = ORIENTED_EDGE ( 'NONE', *, *, #2264, .F. ) ;
#6239 = VERTEX_POINT ( 'NONE', #3079 ) ;
#6240 = CARTESIAN_POINT ( 'NONE',  ( -31.00000000000000000, -56.57658473601188831, 41.50000000000000000 ) ) ;
#6241 = EDGE_LOOP ( 'NONE', ( #1473, #5202, #6676, #6445 ) ) ;
#6242 = ORIENTED_EDGE ( 'NONE', *, *, #7072, .F. ) ;
#6243 = DIRECTION ( 'NONE',  ( 0.000000000000000000, -1.000000000000000000, 0.000000000000000000 ) ) ;
#6244 = AXIS2_PLACEMENT_3D ( 'NONE', #2585, #1935, #6768 ) ;
#6245 = DIRECTION ( 'NONE',  ( 1.000000000000000000, 0.000000000000000000, 0.000000000000000000 ) ) ;
#6246 = CIRCLE ( 'NONE', #4240, 1.499999999999994449 ) ;
#6247 = PERSON_AND_ORGANIZATION ( #748, #1626 ) ;
#6248 = ORIENTED_EDGE ( 'NONE', *, *, #4678, .F. ) ;
#6249 = CARTESIAN_POINT ( 'NONE',  ( 36.00000000000000711, -76.73886239618028071, 1.000000000000000000 ) ) ;
#6250 = CARTESIAN_POINT ( 'NONE',  ( -37.00000000000000711, -76.73886239618028071, -1.000000000000000888 ) ) ;
#6251 = VECTOR ( 'NONE', #1317, 1000.000000000000000 ) ;
#6252 = DIRECTION ( 'NONE',  ( -0.000000000000000000, 0.000000000000000000, 1.000000000000000000 ) ) ;
#6253 = VECTOR ( 'NONE', #3041, 1000.000000000000000 ) ;
#6254 = ORIENTED_EDGE ( 'NONE', *, *, #7573, .F. ) ;
#6255 = EDGE_CURVE ( 'NONE', #2884, #6892, #6721, .T. ) ;
#6256 = EDGE_LOOP ( 'NONE', ( #5545, #236, #3740, #7144 ) ) ;
#6257 = FACE_OUTER_BOUND ( 'NONE', #4445, .T. ) ;
#6258 = UNCERTAINTY_MEASURE_WITH_UNIT (LENGTH_MEASURE( 1.000000000000000082E-05 ), #304, 'distance_accuracy_value', 'NONE');
#6259 = FACE_OUTER_BOUND ( 'NONE', #3335, .T. ) ;
#6260 = DIRECTION ( 'NONE',  ( 0.000000000000000000, 0.000000000000000000, -1.000000000000000000 ) ) ;
#6261 = CARTESIAN_POINT ( 'NONE',  ( -37.00000000000000711, -56.57658473601188831, -24.99999999999999289 ) ) ;
#6262 = VERTEX_POINT ( 'NONE', #4928 ) ;
#6263 = CIRCLE ( 'NONE', #4289, 0.5000000000000004441 ) ;
#6264 = DIRECTION ( 'NONE',  ( -0.000000000000000000, -0.000000000000000000, -1.000000000000000000 ) ) ;
#6265 = ADVANCED_FACE ( 'NONE', ( #117 ), #5479, .T. ) ;
#6266 = CARTESIAN_POINT ( 'NONE',  ( 37.00000000000009237, -56.57658473601188831, 22.00000000000000000 ) ) ;
#6267 = EDGE_CURVE ( 'NONE', #6083, #7753, #3111, .T. ) ;
#6268 = EDGE_CURVE ( 'NONE', #596, #1999, #3617, .T. ) ;
#6269 = CARTESIAN_POINT ( 'NONE',  ( -33.99999999999997868, -18.00000000000000355, -1.000000000000000000 ) ) ;
#6270 = EDGE_CURVE ( 'NONE', #971, #3019, #5890, .T. ) ;
#6271 = DIRECTION ( 'NONE',  ( 0.000000000000000000, 0.000000000000000000, 1.000000000000000000 ) ) ;
#6272 = PRODUCT_DEFINITION ( 'UNKNOWN', '', #6924, #2416 ) ;
#6273 = CARTESIAN_POINT ( 'NONE',  ( -35.00000000000000000, 0.000000000000000000, 51.00000000000000000 ) ) ;
#6274 = ORIENTED_EDGE ( 'NONE', *, *, #5944, .T. ) ;
#6275 = FACE_OUTER_BOUND ( 'NONE', #2843, .T. ) ;
#6276 = PLANE ( 'NONE',  #4483 ) ;
#6277 = DIRECTION ( 'NONE',  ( -0.3162277660168382742, -0.000000000000000000, 0.9486832980505137680 ) ) ;
#6278 = DIRECTION ( 'NONE',  ( 0.000000000000000000, 1.000000000000000000, 0.000000000000000000 ) ) ;
#6279 = EDGE_CURVE ( 'NONE', #5156, #3642, #5119, .T. ) ;
#6280 = VERTEX_POINT ( 'NONE', #2451 ) ;
#6281 = LINE ( 'NONE', #3283, #4301 ) ;
#6282 = CARTESIAN_POINT ( 'NONE',  ( 36.00000000000009237, -76.73886239618028071, -27.00000000000000000 ) ) ;
#6283 = ADVANCED_FACE ( 'NONE', ( #6549 ), #2637, .T. ) ;
#6284 = LINE ( 'NONE', #7436, #7502 ) ;
#6285 = DIRECTION ( 'NONE',  ( 1.000000000000000000, 0.000000000000000000, 0.000000000000000000 ) ) ;
#6286 = EDGE_CURVE ( 'NONE', #2081, #4168, #3870, .T. ) ;
#6287 = VECTOR ( 'NONE', #2513, 1000.000000000000000 ) ;
#6288 = VERTEX_POINT ( 'NONE', #1299 ) ;
#6289 = AXIS2_PLACEMENT_3D ( 'NONE', #5060, #3909, #211 ) ;
#6290 = CARTESIAN_POINT ( 'NONE',  ( -37.00000000000009237, -56.57658473601188831, 24.99999999999999645 ) ) ;
#6291 = ORIENTED_EDGE ( 'NONE', *, *, #519, .F. ) ;
#6292 = CARTESIAN_POINT ( 'NONE',  ( -37.00000000000000711, 0.000000000000000000, 53.00000000000000000 ) ) ;
#6293 = VERTEX_POINT ( 'NONE', #6745 ) ;
#6294 = ADVANCED_FACE ( 'NONE', ( #1045 ), #3147, .F. ) ;
#6295 = CARTESIAN_POINT ( 'NONE',  ( 38.00000000000002842, -56.57658473601188831, 57.99999999999999289 ) ) ;
#6296 = VERTEX_POINT ( 'NONE', #92 ) ;
#6297 = DIRECTION ( 'NONE',  ( -0.000000000000000000, -1.000000000000000000, -0.000000000000000000 ) ) ;
#6298 = FACE_OUTER_BOUND ( 'NONE', #2183, .T. ) ;
#6299 = VERTEX_POINT ( 'NONE', #4878 ) ;
#6300 = COORDINATED_UNIVERSAL_TIME_OFFSET ( 2, 0, .AHEAD. ) ;
#6301 = CARTESIAN_POINT ( 'NONE',  ( 0.000000000000000000, 0.000000000000000000, 54.99999999999999289 ) ) ;
#6302 = DIRECTION ( 'NONE',  ( 0.000000000000000000, -1.000000000000000000, 0.000000000000000000 ) ) ;
#6303 = DIRECTION ( 'NONE',  ( -0.000000000000000000, 1.000000000000000000, -0.000000000000000000 ) ) ;
#6304 = EDGE_LOOP ( 'NONE', ( #4498, #6939, #3665, #7087 ) ) ;
#6305 = CARTESIAN_POINT ( 'NONE',  ( 35.00000000000000000, 0.000000000000000000, 53.00000000000000000 ) ) ;
#6306 = VECTOR ( 'NONE', #4395, 1000.000000000000000 ) ;
#6307 = AXIS2_PLACEMENT_3D ( 'NONE', #5546, #1925, #3770 ) ;
#6308 = ADVANCED_FACE ( 'NONE', ( #2450 ), #1955, .F. ) ;
#6309 = ORIENTED_EDGE ( 'NONE', *, *, #2276, .F. ) ;
#6310 = CARTESIAN_POINT ( 'NONE',  ( 37.00000000000000711, 0.000000000000000000, 53.00000000000000000 ) ) ;
#6311 = LINE ( 'NONE', #3912, #642 ) ;
#6312 = CARTESIAN_POINT ( 'NONE',  ( -36.00000000000009237, -73.57658473601189542, 26.99999999999999645 ) ) ;
#6313 = LINE ( 'NONE', #7241, #6697 ) ;
#6314 = EDGE_CURVE ( 'NONE', #5676, #6593, #6990, .T. ) ;
#6315 = ORIENTED_EDGE ( 'NONE', *, *, #607, .T. ) ;
#6316 = PLANE ( 'NONE',  #6020 ) ;
#6317 = DIRECTION ( 'NONE',  ( 6.980527267330671748E-15, -1.204540304811580464E-16, 1.000000000000000000 ) ) ;
#6318 = LINE ( 'NONE', #7379, #5308 ) ;
#6319 = CARTESIAN_POINT ( 'NONE',  ( -31.00000000000000000, -56.57658473601188831, 40.00000000000000000 ) ) ;
#6320 = CARTESIAN_POINT ( 'NONE',  ( 37.00000000000000711, -73.57658473601189542, 53.00000000000000000 ) ) ;
#6321 = LINE ( 'NONE', #5147, #1497 ) ;
#6322 = DIRECTION ( 'NONE',  ( -1.000000000000000000, 0.000000000000000000, 0.000000000000000000 ) ) ;
#6323 = CARTESIAN_POINT ( 'NONE',  ( 37.00000000000009237, -76.73886239618028071, 27.00000000000000000 ) ) ;
#6324 = ADVANCED_FACE ( 'NONE', ( #7086 ), #6182, .T. ) ;
#6325 = ORIENTED_EDGE ( 'NONE', *, *, #908, .T. ) ;
#6326 = EDGE_CURVE ( 'NONE', #5194, #2133, #6236, .T. ) ;
#6327 = EDGE_CURVE ( 'NONE', #2765, #4534, #661, .T. ) ;
#6328 = LINE ( 'NONE', #4094, #3100 ) ;
#6329 = CC_DESIGN_PERSON_AND_ORGANIZATION_ASSIGNMENT ( #2273, #6663, ( #2127 ) ) ;
#6330 = PLANE ( 'NONE',  #5463 ) ;
#6331 = LINE ( 'NONE', #3651, #569 ) ;
#6332 = DIRECTION ( 'NONE',  ( 1.000000000000000000, 0.000000000000000000, 0.000000000000000000 ) ) ;
#6333 = EDGE_LOOP ( 'NONE', ( #3194, #4145, #6998, #7717 ) ) ;
#6334 = DIRECTION ( 'NONE',  ( 1.000000000000000000, 0.000000000000000000, -0.000000000000000000 ) ) ;
#6335 = ORIENTED_EDGE ( 'NONE', *, *, #7224, .F. ) ;
#6336 = ORIENTED_EDGE ( 'NONE', *, *, #1667, .T. ) ;
#6337 = ORIENTED_EDGE ( 'NONE', *, *, #6533, .F. ) ;
#6338 = ADVANCED_FACE ( 'NONE', ( #5411 ), #3605, .F. ) ;
#6339 = DATE_AND_TIME ( #1720, #3519 ) ;
#6340 = LINE ( 'NONE', #5437, #5228 ) ;
#6341 = DIRECTION ( 'NONE',  ( -0.000000000000000000, -1.000000000000000000, -0.000000000000000000 ) ) ;
#6342 = AXIS2_PLACEMENT_3D ( 'NONE', #7298, #184, #107 ) ;
#6343 = DIRECTION ( 'NONE',  ( -0.000000000000000000, -0.000000000000000000, 1.000000000000000000 ) ) ;
#6344 = DIRECTION ( 'NONE',  ( 0.000000000000000000, 0.000000000000000000, -1.000000000000000000 ) ) ;
#6345 = ORIENTED_EDGE ( 'NONE', *, *, #7369, .T. ) ;
#6346 = ORIENTED_EDGE ( 'NONE', *, *, #4801, .F. ) ;
#6347 = FACE_OUTER_BOUND ( 'NONE', #4176, .T. ) ;
#6349 = DIRECTION ( 'NONE',  ( 0.000000000000000000, 1.000000000000000000, 0.000000000000000000 ) ) ;
#6348 = LOCAL_TIME ( 13, 37, 31.00000000000000000, #3202 ) ;
#6350 = ADVANCED_FACE ( 'NONE', ( #6809, #5780 ), #6938, .F. ) ;
#6351 = PRODUCT_DEFINITION_SHAPE ( 'NONE', 'NONE',  #6272 ) ;
#6352 = DIRECTION ( 'NONE',  ( 0.000000000000000000, 1.000000000000000000, 0.000000000000000000 ) ) ;
#6353 = CARTESIAN_POINT ( 'NONE',  ( 35.00000000000000000, -56.57658473601188831, -53.00000000000000000 ) ) ;
#6354 = CARTESIAN_POINT ( 'NONE',  ( 35.00000000000000000, 0.000000000000000000, -53.00000000000000000 ) ) ;
#6355 = ORIENTED_EDGE ( 'NONE', *, *, #7646, .T. ) ;
#6356 = ORIENTED_EDGE ( 'NONE', *, *, #3874, .T. ) ;
#6357 = DIRECTION ( 'NONE',  ( 0.000000000000000000, 0.000000000000000000, 1.000000000000000000 ) ) ;
#6358 = VECTOR ( 'NONE', #6762, 1000.000000000000114 ) ;
#6359 = VECTOR ( 'NONE', #7261, 1000.000000000000000 ) ;
#6360 = CARTESIAN_POINT ( 'NONE',  ( 36.00000000000009237, -73.57658473601189542, -24.99999999999999645 ) ) ;
#6361 = CARTESIAN_POINT ( 'NONE',  ( 37.00000000000000711, -73.57658473601189542, 56.99999999999996447 ) ) ;
#6362 = ORIENTED_EDGE ( 'NONE', *, *, #509, .F. ) ;
#6363 = VECTOR ( 'NONE', #441, 1000.000000000000000 ) ;
#6364 = EDGE_CURVE ( 'NONE', #1382, #5280, #7267, .T. ) ;
#6365 = VERTEX_POINT ( 'NONE', #1591 ) ;
#6366 = DIRECTION ( 'NONE',  ( 0.000000000000000000, 0.000000000000000000, -1.000000000000000000 ) ) ;
#6367 = ADVANCED_FACE ( 'NONE', ( #4069, #5492 ), #6814, .F. ) ;
#6369 = FACE_OUTER_BOUND ( 'NONE', #2577, .T. ) ;
#6368 = CARTESIAN_POINT ( 'NONE',  ( 40.00000000000000711, -56.57658473601188831, -59.00000000000000000 ) ) ;
#6370 = PLANE ( 'NONE',  #4628 ) ;
#6371 = DIRECTION ( 'NONE',  ( -1.000000000000000000, 0.000000000000000000, 0.000000000000000000 ) ) ;
#6372 = VERTEX_POINT ( 'NONE', #4409 ) ;
#6373 = PLANE ( 'NONE',  #5873 ) ;
#6374 = DIRECTION ( 'NONE',  ( 0.3162277660168382742, -0.000000000000000000, -0.9486832980505137680 ) ) ;
#6375 = LINE ( 'NONE', #3783, #7307 ) ;
#6376 = EDGE_CURVE ( 'NONE', #3663, #4, #7365, .T. ) ;
#6377 = CARTESIAN_POINT ( 'NONE',  ( -34.50000000000000000, -15.00000000000000533, 1.000000000000000000 ) ) ;
#6378 = DIRECTION ( 'NONE',  ( 0.000000000000000000, -1.000000000000000000, 0.000000000000000000 ) ) ;
#6379 = EDGE_CURVE ( 'NONE', #663, #7619, #4640, .T. ) ;
#6380 = ADVANCED_FACE ( 'NONE', ( #2548, #1145, #3693, #5020, #1807 ), #2580, .F. ) ;
#6381 = CARTESIAN_POINT ( 'NONE',  ( -31.00000000000000000, -56.57658473601188831, -40.00000000000000000 ) ) ;
#6382 = DIRECTION ( 'NONE',  ( 0.000000000000000000, 0.000000000000000000, -1.000000000000000000 ) ) ;
#6383 = APPROVAL ( #4019, 'UNSPECIFIED' ) ;
#6384 = CARTESIAN_POINT ( 'NONE',  ( 33.99999999999998579, 14.99999999999999645, 1.000000000000000000 ) ) ;
#6385 = EDGE_LOOP ( 'NONE', ( #1348, #1150, #610, #7329 ) ) ;
#6386 = LINE ( 'NONE', #5720, #4586 ) ;
#6387 = CARTESIAN_POINT ( 'NONE',  ( -36.00000000000009237, -73.57658473601189542, -24.99999999999999289 ) ) ;
#6388 = DIRECTION ( 'NONE',  ( 0.000000000000000000, -1.000000000000000000, 0.000000000000000000 ) ) ;
#6389 = CARTESIAN_POINT ( 'NONE',  ( -37.00000000000000711, -73.57658473601189542, -54.99999999999999289 ) ) ;
#6390 = ORIENTED_EDGE ( 'NONE', *, *, #6694, .T. ) ;
#6391 = DIRECTION ( 'NONE',  ( 1.000000000000000000, 0.000000000000000000, 0.000000000000000000 ) ) ;
#6392 = DIRECTION ( 'NONE',  ( 0.000000000000000000, -0.000000000000000000, -1.000000000000000000 ) ) ;
#6393 = EDGE_CURVE ( 'NONE', #4684, #7362, #5674, .T. ) ;
#6394 = ADVANCED_FACE ( 'NONE', ( #6891 ), #1534, .F. ) ;
#6395 = ORIENTED_EDGE ( 'NONE', *, *, #4609, .F. ) ;
#6396 = CIRCLE ( 'NONE', #5635, 0.5000000000000004441 ) ;
#6397 = VERTEX_POINT ( 'NONE', #5607 ) ;
#6398 = FACE_OUTER_BOUND ( 'NONE', #5715, .T. ) ;
#6399 = PLANE ( 'NONE',  #3195 ) ;
#6400 = COORDINATED_UNIVERSAL_TIME_OFFSET ( 2, 0, .AHEAD. ) ;
#6401 = CARTESIAN_POINT ( 'NONE',  ( -37.00000000000000711, -73.57658473601189542, -59.00000000000000000 ) ) ;
#6402 = DIRECTION ( 'NONE',  ( -0.000000000000000000, -1.000000000000000000, -0.000000000000000000 ) ) ;
#6403 = DIRECTION ( 'NONE',  ( -1.000000000000000000, 0.000000000000000000, 0.000000000000000000 ) ) ;
#6404 = ORIENTED_EDGE ( 'NONE', *, *, #58, .T. ) ;
#6405 = ORIENTED_EDGE ( 'NONE', *, *, #4676, .T. ) ;
#6406 = ORIENTED_EDGE ( 'NONE', *, *, #802, .F. ) ;
#6407 = FACE_OUTER_BOUND ( 'NONE', #109, .T. ) ;
#6408 =( NAMED_UNIT ( * ) SI_UNIT ( $, .STERADIAN. ) SOLID_ANGLE_UNIT ( ) );
#6409 = DIRECTION ( 'NONE',  ( 0.000000000000000000, -0.7071067811865516806, 0.7071067811865434649 ) ) ;
#6410 = DIRECTION ( 'NONE',  ( 0.000000000000000000, -1.000000000000000000, 0.000000000000000000 ) ) ;
#6411 = DIRECTION ( 'NONE',  ( 0.000000000000000000, -1.000000000000000000, 0.000000000000000000 ) ) ;
#6412 = VERTEX_POINT ( 'NONE', #5187 ) ;
#6413 = ADVANCED_FACE ( 'NONE', ( #5217 ), #791, .T. ) ;
#6414 = ORIENTED_EDGE ( 'NONE', *, *, #6167, .T. ) ;
#6415 = VECTOR ( 'NONE', #530, 1000.000000000000000 ) ;
#6416 = LINE ( 'NONE', #1264, #1593 ) ;
#6417 = DIRECTION ( 'NONE',  ( 1.000000000000000000, 0.000000000000000000, 0.000000000000000000 ) ) ;
#6418 = DIRECTION ( 'NONE',  ( 0.000000000000000000, 0.000000000000000000, 1.000000000000000000 ) ) ;
#6419 = DIRECTION ( 'NONE',  ( 1.000000000000000000, 0.000000000000000000, 0.000000000000000000 ) ) ;
#6420 = CARTESIAN_POINT ( 'NONE',  ( -40.00000000000000711, -56.57658473601188831, -59.00000000000000000 ) ) ;
#6421 = EDGE_CURVE ( 'NONE', #2010, #6014, #949, .T. ) ;
#6422 = ORIENTED_EDGE ( 'NONE', *, *, #3688, .T. ) ;
#6423 = AXIS2_PLACEMENT_3D ( 'NONE', #5892, #4745, #2217 ) ;
#6424 = FACE_BOUND ( 'NONE', #4074, .T. ) ;
#6425 = VECTOR ( 'NONE', #938, 1000.000000000000000 ) ;
#6426 = ADVANCED_FACE ( 'NONE', ( #484 ), #3016, .F. ) ;
#6427 = ORIENTED_EDGE ( 'NONE', *, *, #3278, .F. ) ;
#6428 = DIRECTION ( 'NONE',  ( 1.000000000000000000, 0.000000000000000000, 0.000000000000000000 ) ) ;
#6429 = VECTOR ( 'NONE', #481, 1000.000000000000114 ) ;
#6430 = EDGE_CURVE ( 'NONE', #6148, #6075, #5316, .T. ) ;
#6431 = EDGE_CURVE ( 'NONE', #5375, #6916, #3862, .T. ) ;
#6432 = FACE_OUTER_BOUND ( 'NONE', #2915, .T. ) ;
#6433 = AXIS2_PLACEMENT_3D ( 'NONE', #3761, #726, #4913 ) ;
#6434 = CARTESIAN_POINT ( 'NONE',  ( 31.00000000000000000, -46.67708979940022118, -38.50000000000000711 ) ) ;
#6435 = ADVANCED_FACE ( 'NONE', ( #2077 ), #1985, .F. ) ;
#6436 = DIRECTION ( 'NONE',  ( 0.000000000000000000, 0.000000000000000000, 1.000000000000000000 ) ) ;
#6437 = ORIENTED_EDGE ( 'NONE', *, *, #1007, .F. ) ;
#6438 = EDGE_LOOP ( 'NONE', ( #4508, #2799, #4990, #2905, #3866, #6806, #2350, #5738 ) ) ;
#6439 = CARTESIAN_POINT ( 'NONE',  ( -34.00000000000000000, 14.99999999999999645, -1.000000000000000000 ) ) ;
#6440 = ORIENTED_EDGE ( 'NONE', *, *, #1309, .F. ) ;
#6441 = VECTOR ( 'NONE', #4402, 1000.000000000000000 ) ;
#6442 = DIRECTION ( 'NONE',  ( 0.000000000000000000, 0.000000000000000000, 1.000000000000000000 ) ) ;
#6443 = DIRECTION ( 'NONE',  ( -1.000000000000000000, 0.000000000000000000, 0.000000000000000000 ) ) ;
#6444 = VECTOR ( 'NONE', #1064, 1000.000000000000000 ) ;
#6445 = ORIENTED_EDGE ( 'NONE', *, *, #6742, .F. ) ;
#6446 = EDGE_CURVE ( 'NONE', #6293, #675, #4439, .T. ) ;
#6447 = ORIENTED_EDGE ( 'NONE', *, *, #4976, .F. ) ;
#6448 = ORIENTED_EDGE ( 'NONE', *, *, #4238, .F. ) ;
#6449 = ORIENTED_EDGE ( 'NONE', *, *, #5768, .T. ) ;
#6450 = CARTESIAN_POINT ( 'NONE',  ( -37.00000000000000711, -14.99999999999998046, 1.000000000000000000 ) ) ;
#6451 = PLANE ( 'NONE',  #3467 ) ;
#6452 = ORIENTED_EDGE ( 'NONE', *, *, #3034, .T. ) ;
#6453 = LINE ( 'NONE', #7639, #1055 ) ;
#6454 = DIRECTION ( 'NONE',  ( 1.000000000000000000, 0.000000000000000000, 0.000000000000000000 ) ) ;
#6455 = EDGE_LOOP ( 'NONE', ( #4041, #1805, #5823, #5667 ) ) ;
#6456 = PERSON_AND_ORGANIZATION ( #2565, #5420 ) ;
#6457 = ORIENTED_EDGE ( 'NONE', *, *, #1116, .T. ) ;
#6458 = ORIENTED_EDGE ( 'NONE', *, *, #5570, .T. ) ;
#6459 = CIRCLE ( 'NONE', #5507, 1.500000000000001332 ) ;
#6460 = DIRECTION ( 'NONE',  ( 1.000000000000000000, 0.000000000000000000, 0.000000000000000000 ) ) ;
#6461 = AXIS2_PLACEMENT_3D ( 'NONE', #5298, #7143, #1718 ) ;
#6462 = LINE ( 'NONE', #5348, #2762 ) ;
#6463 = DIRECTION ( 'NONE',  ( 1.000000000000000000, -0.000000000000000000, -8.673617379884027583E-16 ) ) ;
#6464 = CARTESIAN_POINT ( 'NONE',  ( -33.99999999999997868, 15.49999999999999467, 1.500000000000000000 ) ) ;
#6465 = EDGE_LOOP ( 'NONE', ( #4916, #178, #6858, #3513 ) ) ;
#6466 = ORIENTED_EDGE ( 'NONE', *, *, #1058, .T. ) ;
#6467 = VECTOR ( 'NONE', #6937, 1000.000000000000000 ) ;
#6468 = CARTESIAN_POINT ( 'NONE',  ( -37.00000000000000711, 14.99999999999997513, 1.000000000000000000 ) ) ;
#6469 = PERSON_AND_ORGANIZATION_ROLE ( 'design_owner' ) ;
#6470 = LINE ( 'NONE', #6854, #5504 ) ;
#6471 = DIRECTION ( 'NONE',  ( -1.000000000000000000, 0.000000000000000000, -8.673617379884027583E-16 ) ) ;
#6472 = ADVANCED_FACE ( 'NONE', ( #7658 ), #4357, .F. ) ;
#6473 = CARTESIAN_POINT ( 'NONE',  ( -37.00000000000000711, -73.57658473601189542, -59.00000000000000000 ) ) ;
#6474 = DIRECTION ( 'NONE',  ( 1.000000000000000000, 0.000000000000000000, 0.000000000000000000 ) ) ;
#6475 = VERTEX_POINT ( 'NONE', #7692 ) ;
#6476 = LINE ( 'NONE', #4210, #691 ) ;
#6477 = CARTESIAN_POINT ( 'NONE',  ( -34.00000000000000000, -15.00000000000000355, -1.000000000000000000 ) ) ;
#6478 = DIRECTION ( 'NONE',  ( 0.000000000000000000, -1.000000000000000000, 0.000000000000000000 ) ) ;
#6479 = CARTESIAN_POINT ( 'NONE',  ( 40.00000000000000711, -56.57658473601188831, -59.00000000000000000 ) ) ;
#6480 = ORIENTED_EDGE ( 'NONE', *, *, #1258, .T. ) ;
#6481 = ADVANCED_FACE ( 'NONE', ( #2847 ), #3435, .F. ) ;
#6482 = VECTOR ( 'NONE', #3599, 1000.000000000000000 ) ;
#6483 = EDGE_CURVE ( 'NONE', #2405, #3113, #577, .T. ) ;
#6484 = AXIS2_PLACEMENT_3D ( 'NONE', #3102, #7284, #4956 ) ;
#6485 = CARTESIAN_POINT ( 'NONE',  ( 0.000000000000000000, -56.57658473601188831, -53.00000000000000000 ) ) ;
#6486 = ORIENTED_EDGE ( 'NONE', *, *, #1219, .T. ) ;
#6487 = DIRECTION ( 'NONE',  ( 1.000000000000000000, 0.000000000000000000, 0.000000000000000000 ) ) ;
#6488 = DIRECTION ( 'NONE',  ( 0.000000000000000000, 0.000000000000000000, 1.000000000000000000 ) ) ;
#6489 = VECTOR ( 'NONE', #1410, 1000.000000000000000 ) ;
#6490 = DIRECTION ( 'NONE',  ( 0.000000000000000000, 1.000000000000000000, -0.000000000000000000 ) ) ;
#6491 = APPROVAL_STATUS ( 'not_yet_approved' ) ;
#6492 = EDGE_CURVE ( 'NONE', #9, #7463, #4257, .T. ) ;
#6493 = VECTOR ( 'NONE', #7594, 1000.000000000000000 ) ;
#6494 = DIRECTION ( 'NONE',  ( 0.3162277660168382742, 0.000000000000000000, 0.9486832980505137680 ) ) ;
#6495 = CARTESIAN_POINT ( 'NONE',  ( 31.00000000000000000, -46.67708979940022118, -43.50000000000000711 ) ) ;
#6496 = EDGE_CURVE ( 'NONE', #3898, #5567, #1238, .T. ) ;
#6497 = ORIENTED_EDGE ( 'NONE', *, *, #2348, .T. ) ;
#6498 = CARTESIAN_POINT ( 'NONE',  ( 31.00000000000000000, -56.57658473601188831, 43.50000000000000711 ) ) ;
#6499 = VECTOR ( 'NONE', #3212, 1000.000000000000114 ) ;
#6500 = CARTESIAN_POINT ( 'NONE',  ( -36.00000000000009237, -76.73886239618028071, -24.99999999999999645 ) ) ;
#6501 = EDGE_LOOP ( 'NONE', ( #5225, #5896, #255, #6804 ) ) ;
#6502 = ORIENTED_EDGE ( 'NONE', *, *, #7584, .F. ) ;
#6503 = DIRECTION ( 'NONE',  ( 0.000000000000000000, 0.000000000000000000, -1.000000000000000000 ) ) ;
#6504 = CARTESIAN_POINT ( 'NONE',  ( 31.00000000000000000, -73.57658473601189542, -36.50000000000000000 ) ) ;
#6505 = EDGE_LOOP ( 'NONE', ( #7292, #1622, #3859, #3648 ) ) ;
#6506 = DIRECTION ( 'NONE',  ( -1.000000000000000000, 0.000000000000000000, 0.000000000000000000 ) ) ;
#6507 = VERTEX_POINT ( 'NONE', #1089 ) ;
#6508 = LINE ( 'NONE', #359, #3925 ) ;
#6509 = DIRECTION ( 'NONE',  ( 0.000000000000000000, -1.000000000000000000, 0.000000000000000000 ) ) ;
#6510 = AXIS2_PLACEMENT_3D ( 'NONE', #2871, #7084, #5315 ) ;
#6511 = APPROVAL_PERSON_ORGANIZATION ( #257, #59, #7080 ) ;
#6512 = VERTEX_POINT ( 'NONE', #2211 ) ;
#6513 = CARTESIAN_POINT ( 'NONE',  ( -31.00000000000000000, -56.57658473601188831, -43.50000000000000711 ) ) ;
#6514 = LINE ( 'NONE', #4731, #2509 ) ;
#6515 = CARTESIAN_POINT ( 'NONE',  ( -35.00000000000000000, -71.57658473601189542, 51.00000000000000000 ) ) ;
#6516 = VECTOR ( 'NONE', #797, 1000.000000000000000 ) ;
#6517 = AXIS2_PLACEMENT_3D ( 'NONE', #3639, #1859, #2454 ) ;
#6518 = EDGE_LOOP ( 'NONE', ( #1313, #1429, #716, #3529 ) ) ;
#6519 = MANIFOLD_SOLID_BREP ( 'Boss-Extrude5', #2460 ) ;
#6520 = CARTESIAN_POINT ( 'NONE',  ( 37.00000000000000711, -56.57658473601188831, 3.999999999999986233 ) ) ;
#6521 = ADVANCED_FACE ( 'NONE', ( #7562 ), #3496, .F. ) ;
#6522 = SECURITY_CLASSIFICATION_LEVEL ( 'unclassified' ) ;
#6523 = LINE ( 'NONE', #6925, #4911 ) ;
#6524 = LINE ( 'NONE', #2543, #1878 ) ;
#6525 = DIRECTION ( 'NONE',  ( 0.3162277660168382742, 0.000000000000000000, -0.9486832980505137680 ) ) ;
#6526 = DIRECTION ( 'NONE',  ( -8.673617379884027583E-16, 0.000000000000000000, -1.000000000000000000 ) ) ;
#6527 = ORIENTED_EDGE ( 'NONE', *, *, #2724, .F. ) ;
#6528 = LINE ( 'NONE', #6216, #7351 ) ;
#6529 = DIRECTION ( 'NONE',  ( 0.000000000000000000, 0.000000000000000000, -1.000000000000000000 ) ) ;
#6530 = LINE ( 'NONE', #5094, #4424 ) ;
#6531 = CARTESIAN_POINT ( 'NONE',  ( 31.00000000000000000, -46.67708979940022118, -40.00000000000000000 ) ) ;
#6532 = PLANE ( 'NONE',  #5347 ) ;
#6533 = EDGE_CURVE ( 'NONE', #5018, #4833, #7458, .T. ) ;
#6534 = AXIS2_PLACEMENT_3D ( 'NONE', #3457, #7034, #3422 ) ;
#6535 = ORIENTED_EDGE ( 'NONE', *, *, #6029, .F. ) ;
#6536 = LINE ( 'NONE', #2307, #566 ) ;
#6537 = LINE ( 'NONE', #7738, #1984 ) ;
#6538 = DIRECTION ( 'NONE',  ( 1.000000000000000000, 0.000000000000000000, -0.000000000000000000 ) ) ;
#6539 = ORIENTED_EDGE ( 'NONE', *, *, #1513, .F. ) ;
#6540 = CARTESIAN_POINT ( 'NONE',  ( -33.99999999999997868, -18.00000000000000355, 1.000000000000000000 ) ) ;
#6541 = ORIENTED_EDGE ( 'NONE', *, *, #4721, .F. ) ;
#6542 = EDGE_CURVE ( 'NONE', #3243, #3276, #5879, .T. ) ;
#6543 = EDGE_CURVE ( 'NONE', #491, #1714, #7185, .T. ) ;
#6544 = ORIENTED_EDGE ( 'NONE', *, *, #3439, .T. ) ;
#6545 = EDGE_CURVE ( 'NONE', #3818, #1471, #6632, .T. ) ;
#6546 = EDGE_LOOP ( 'NONE', ( #866, #3913, #342, #766 ) ) ;
#6547 = CC_DESIGN_DATE_AND_TIME_ASSIGNMENT ( #6863, #419, ( #7077 ) ) ;
#6548 = APPROVAL_DATE_TIME ( #1900, #6982 ) ;
#6549 = FACE_OUTER_BOUND ( 'NONE', #7606, .T. ) ;
#6550 = DIRECTION ( 'NONE',  ( 0.000000000000000000, 0.000000000000000000, 1.000000000000000000 ) ) ;
#6551 = MECHANICAL_CONTEXT ( 'NONE', #1628, 'mechanical' ) ;
#6552 = DIRECTION ( 'NONE',  ( 0.000000000000000000, 0.000000000000000000, -1.000000000000000000 ) ) ;
#6553 = VERTEX_POINT ( 'NONE', #2926 ) ;
#6554 = VECTOR ( 'NONE', #327, 1000.000000000000114 ) ;
#6555 = EDGE_CURVE ( 'NONE', #1233, #6961, #204, .T. ) ;
#6556 = LOCAL_TIME ( 13, 37, 31.00000000000000000, #5229 ) ;
#6557 = AXIS2_PLACEMENT_3D ( 'NONE', #5698, #7484, #6873 ) ;
#6558 = CARTESIAN_POINT ( 'NONE',  ( -35.00000000000000000, -71.57658473601189542, 53.00000000000000000 ) ) ;
#6559 = DIRECTION ( 'NONE',  ( 1.000000000000000000, 0.000000000000000000, 0.000000000000000000 ) ) ;
#6560 = EDGE_LOOP ( 'NONE', ( #6452, #3873, #2632, #7694 ) ) ;
#6561 = ORIENTED_EDGE ( 'NONE', *, *, #5718, .T. ) ;
#6562 = DIRECTION ( 'NONE',  ( 0.000000000000000000, 0.000000000000000000, 1.000000000000000000 ) ) ;
#6563 = LINE ( 'NONE', #6566, #3987 ) ;
#6564 = VECTOR ( 'NONE', #2285, 1000.000000000000000 ) ;
#6565 = ORIENTED_EDGE ( 'NONE', *, *, #3698, .F. ) ;
#6566 = CARTESIAN_POINT ( 'NONE',  ( 0.000000000000000000, -71.57658473601189542, 53.00000000000000000 ) ) ;
#6567 = AXIS2_PLACEMENT_3D ( 'NONE', #2690, #6915, #4517 ) ;
#6569 = VECTOR ( 'NONE', #1907, 1000.000000000000000 ) ;
#6568 = DIRECTION ( 'NONE',  ( 0.000000000000000000, 0.000000000000000000, 1.000000000000000000 ) ) ;
#6570 = VERTEX_POINT ( 'NONE', #2269 ) ;
#6571 = CARTESIAN_POINT ( 'NONE',  ( 33.99999999999996447, -15.50000000000000178, 1.000000000000000000 ) ) ;
#6572 = PERSON_AND_ORGANIZATION_ROLE ( 'creator' ) ;
#6573 = LINE ( 'NONE', #4960, #3137 ) ;
#6574 = PLANE ( 'NONE',  #790 ) ;
#6575 = DIRECTION ( 'NONE',  ( -0.000000000000000000, -0.000000000000000000, -1.000000000000000000 ) ) ;
#6576 = EDGE_CURVE ( 'NONE', #6475, #1898, #760, .T. ) ;
#6577 = ORIENTED_EDGE ( 'NONE', *, *, #4090, .F. ) ;
#6578 = AXIS2_PLACEMENT_3D ( 'NONE', #6104, #2443, #609 ) ;
#6579 = VECTOR ( 'NONE', #6819, 1000.000000000000000 ) ;
#6580 = CARTESIAN_POINT ( 'NONE',  ( -35.00000000000000000, -56.57658473601188831, -51.00000000000000000 ) ) ;
#6581 = DIRECTION ( 'NONE',  ( 1.000000000000000000, 0.000000000000000000, 0.000000000000000000 ) ) ;
#6582 = DIRECTION ( 'NONE',  ( 1.000000000000000000, 0.000000000000000000, 0.000000000000000000 ) ) ;
#6583 = CARTESIAN_POINT ( 'NONE',  ( -37.00000000000009237, -73.57658473601189542, 24.99999999999999645 ) ) ;
#6584 = DIRECTION ( 'NONE',  ( 0.000000000000000000, 0.000000000000000000, -1.000000000000000000 ) ) ;
#6585 = CARTESIAN_POINT ( 'NONE',  ( 37.00000000000000711, -73.57658473601189542, -53.00000000000000000 ) ) ;
#6586 = ORIENTED_EDGE ( 'NONE', *, *, #1219, .F. ) ;
#6587 = LINE ( 'NONE', #2617, #6190 ) ;
#6588 = EDGE_CURVE ( 'NONE', #1613, #6553, #1798, .T. ) ;
#6589 = EDGE_CURVE ( 'NONE', #4342, #1501, #5969, .T. ) ;
#6590 = AXIS2_PLACEMENT_3D ( 'NONE', #682, #1242, #31 ) ;
#6591 = CARTESIAN_POINT ( 'NONE',  ( 31.00000000000000000, -56.57658473601188831, 40.00000000000000000 ) ) ;
#6592 = CARTESIAN_POINT ( 'NONE',  ( -31.00000000000000000, -46.67708979940022118, -36.50000000000000000 ) ) ;
#6593 = VERTEX_POINT ( 'NONE', #6515 ) ;
#6594 = ORIENTED_EDGE ( 'NONE', *, *, #6364, .F. ) ;
#6595 = COORDINATED_UNIVERSAL_TIME_OFFSET ( 2, 0, .AHEAD. ) ;
#6596 = CARTESIAN_POINT ( 'NONE',  ( -35.00000000000000000, -71.57658473601189542, 51.00000000000000000 ) ) ;
#6597 = APPROVAL_ROLE ( '' ) ;
#6598 = ORGANIZATION ( 'UNSPECIFIED', 'UNSPECIFIED', '' ) ;
#6599 = EDGE_CURVE ( 'NONE', #4262, #6553, #6537, .T. ) ;
#6600 = EDGE_CURVE ( 'NONE', #3240, #3092, #3186, .T. ) ;
#6601 = EDGE_CURVE ( 'NONE', #6075, #6083, #1711, .T. ) ;
#6602 = CARTESIAN_POINT ( 'NONE',  ( -37.00000000000009237, -56.57658473601188831, 30.00000000000000000 ) ) ;
#6603 = ORIENTED_EDGE ( 'NONE', *, *, #7215, .T. ) ;
#6604 = CARTESIAN_POINT ( 'NONE',  ( 0.000000000000000000, -71.57658473601189542, 53.00000000000000000 ) ) ;
#6605 = ORIENTED_EDGE ( 'NONE', *, *, #6220, .F. ) ;
#6606 = LINE ( 'NONE', #4866, #2327 ) ;
#6607 = DIRECTION ( 'NONE',  ( -0.000000000000000000, -1.000000000000000000, 0.000000000000000000 ) ) ;
#6608 = DIRECTION ( 'NONE',  ( 0.000000000000000000, 0.000000000000000000, -1.000000000000000000 ) ) ;
#6609 = ORIENTED_EDGE ( 'NONE', *, *, #4814, .F. ) ;
#6610 = LINE ( 'NONE', #4938, #6040 ) ;
#6611 = FACE_OUTER_BOUND ( 'NONE', #395, .T. ) ;
#6612 = VERTEX_POINT ( 'NONE', #3680 ) ;
#6613 = VERTEX_POINT ( 'NONE', #7789 ) ;
#6614 = CARTESIAN_POINT ( 'NONE',  ( -37.00000000000000711, -73.57658473601189542, -59.00000000000000000 ) ) ;
#6615 = ADVANCED_BREP_SHAPE_REPRESENTATION ( '', ( #6519, #5227 ), #6172 ) ;
#6616 = LINE ( 'NONE', #4213, #1791 ) ;
#6617 = FACE_OUTER_BOUND ( 'NONE', #4851, .T. ) ;
#6618 = APPROVAL_ROLE ( '' ) ;
#6619 = ORIENTED_EDGE ( 'NONE', *, *, #3808, .T. ) ;
#6620 = CARTESIAN_POINT ( 'NONE',  ( 37.00000000000000711, -56.57658473601188831, -56.99999999999996447 ) ) ;
#6621 = VECTOR ( 'NONE', #3245, 1000.000000000000114 ) ;
#6622 = DIRECTION ( 'NONE',  ( -0.3162277660168382187, 0.000000000000000000, -0.9486832980505136570 ) ) ;
#6623 = CARTESIAN_POINT ( 'NONE',  ( -37.00000000000000711, -73.57658473601189542, -3.999999999999996447 ) ) ;
#6624 = FACE_OUTER_BOUND ( 'NONE', #1803, .T. ) ;
#6625 = ORIENTED_EDGE ( 'NONE', *, *, #4492, .F. ) ;
#6626 = ORIENTED_EDGE ( 'NONE', *, *, #3700, .T. ) ;
#6627 = ORIENTED_EDGE ( 'NONE', *, *, #6957, .F. ) ;
#6628 = DIRECTION ( 'NONE',  ( -0.000000000000000000, -1.000000000000000000, -0.000000000000000000 ) ) ;
#6629 = DIRECTION ( 'NONE',  ( 0.000000000000000000, 1.000000000000000000, 0.000000000000000000 ) ) ;
#6630 = LINE ( 'NONE', #1976, #6441 ) ;
#6631 = EDGE_CURVE ( 'NONE', #5981, #3917, #7451, .T. ) ;
#6632 = LINE ( 'NONE', #4658, #6444 ) ;
#6633 = CARTESIAN_POINT ( 'NONE',  ( -31.00000000000000000, -46.67708979940022118, 40.00000000000000000 ) ) ;
#6634 = ORIENTED_EDGE ( 'NONE', *, *, #3478, .F. ) ;
#6635 = ORIENTED_EDGE ( 'NONE', *, *, #3161, .T. ) ;
#6636 = ORIENTED_EDGE ( 'NONE', *, *, #3890, .F. ) ;
#6637 = ORIENTED_EDGE ( 'NONE', *, *, #7279, .F. ) ;
#6638 = ORIENTED_EDGE ( 'NONE', *, *, #4460, .F. ) ;
#6639 = CARTESIAN_POINT ( 'NONE',  ( 36.00000000000009237, -56.57658473601188831, 27.00000000000000000 ) ) ;
#6640 = VECTOR ( 'NONE', #2909, 1000.000000000000114 ) ;
#6641 = APPROVAL_PERSON_ORGANIZATION ( #6456, #2940, #6597 ) ;
#6642 = EDGE_CURVE ( 'NONE', #5274, #110, #1137, .T. ) ;
#6643 = EDGE_CURVE ( 'NONE', #439, #1501, #106, .T. ) ;
#6644 = VERTEX_POINT ( 'NONE', #6036 ) ;
#6645 = CC_DESIGN_DATE_AND_TIME_ASSIGNMENT ( #4697, #1733, ( #3798 ) ) ;
#6646 = LINE ( 'NONE', #4923, #508 ) ;
#6647 = CARTESIAN_POINT ( 'NONE',  ( 36.00000000000000711, -73.57658473601189542, 1.000000000000000000 ) ) ;
#6648 = APPROVAL_ROLE ( '' ) ;
#6649 = APPROVAL_PERSON_ORGANIZATION ( #5800, #7184, #4630 ) ;
#6650 = CARTESIAN_POINT ( 'NONE',  ( -35.00000000000000000, -71.57658473601189542, 54.99999999999999289 ) ) ;
#6651 = VERTEX_POINT ( 'NONE', #586 ) ;
#6652 = ORIENTED_EDGE ( 'NONE', *, *, #6326, .F. ) ;
#6653 = PERSON_AND_ORGANIZATION ( #1820, #6598 ) ;
#6654 = AXIS2_PLACEMENT_3D ( 'NONE', #5920, #4797, #4135 ) ;
#6655 = LINE ( 'NONE', #1023, #5045 ) ;
#6656 = EDGE_LOOP ( 'NONE', ( #4578, #2568, #7327, #1209 ) ) ;
#6657 = LINE ( 'NONE', #2379, #2670 ) ;
#6658 = AXIS2_PLACEMENT_3D ( 'NONE', #2162, #6996, #4017 ) ;
#6659 = VERTEX_POINT ( 'NONE', #7277 ) ;
#6660 = DIRECTION ( 'NONE',  ( 0.000000000000000000, 1.000000000000000000, 0.000000000000000000 ) ) ;
#6661 = LINE ( 'NONE', #5802, #5053 ) ;
#6662 = CARTESIAN_POINT ( 'NONE',  ( -35.00000000000000000, -71.57658473601189542, -54.99999999999999289 ) ) ;
#6663 = PERSON_AND_ORGANIZATION_ROLE ( 'design_supplier' ) ;
#6664 = ORIENTED_EDGE ( 'NONE', *, *, #1126, .T. ) ;
#6665 = CARTESIAN_POINT ( 'NONE',  ( 31.00000000000000000, -56.57658473601188831, -40.00000000000000000 ) ) ;
#6666 = PLANE ( 'NONE',  #4883 ) ;
#6667 = CIRCLE ( 'NONE', #1747, 3.500000000000003109 ) ;
#6668 = DIRECTION ( 'NONE',  ( 0.000000000000000000, 1.000000000000000000, 0.000000000000000000 ) ) ;
#6669 = VERTEX_POINT ( 'NONE', #1248 ) ;
#6670 = EDGE_CURVE ( 'NONE', #4157, #2521, #6801, .T. ) ;
#6671 = AXIS2_PLACEMENT_3D ( 'NONE', #5661, #3182, #6165 ) ;
#6672 = ORIENTED_EDGE ( 'NONE', *, *, #5769, .T. ) ;
#6673 = LINE ( 'NONE', #1227, #3239 ) ;
#6674 = CARTESIAN_POINT ( 'NONE',  ( -37.00000000000000711, -73.57658473601189542, -59.00000000000000000 ) ) ;
#6675 = CARTESIAN_POINT ( 'NONE',  ( 35.00000000000000000, -71.57658473601189542, -51.00000000000000000 ) ) ;
#6676 = ORIENTED_EDGE ( 'NONE', *, *, #7581, .T. ) ;
#6677 = VECTOR ( 'NONE', #1586, 1000.000000000000000 ) ;
#6678 = VERTEX_POINT ( 'NONE', #7815 ) ;
#6679 = ORIENTED_EDGE ( 'NONE', *, *, #2739, .F. ) ;
#6680 = DIRECTION ( 'NONE',  ( 0.000000000000000000, -0.000000000000000000, 1.000000000000000000 ) ) ;
#6681 = EDGE_CURVE ( 'NONE', #7655, #3628, #4166, .T. ) ;
#6682 = EDGE_CURVE ( 'NONE', #6372, #5163, #1609, .T. ) ;
#6683 = ORIENTED_EDGE ( 'NONE', *, *, #294, .F. ) ;
#6684 = CC_DESIGN_APPROVAL ( #3123, ( #6924 ) ) ;
#6685 = CARTESIAN_POINT ( 'NONE',  ( -37.00000000000000711, -76.73886239618028071, 1.000000000000000888 ) ) ;
#6686 = VECTOR ( 'NONE', #4673, 1000.000000000000000 ) ;
#6687 = CARTESIAN_POINT ( 'NONE',  ( 37.00000000000000711, -73.57658473601189542, -59.00000000000000000 ) ) ;
#6688 = DIRECTION ( 'NONE',  ( 0.000000000000000000, 1.000000000000000000, 0.000000000000000000 ) ) ;
#6689 = APPROVAL_DATE_TIME ( #4709, #3123 ) ;
#6690 = VERTEX_POINT ( 'NONE', #3000 ) ;
#6691 = ORIENTED_EDGE ( 'NONE', *, *, #1072, .T. ) ;
#6692 = PERSON_AND_ORGANIZATION_ROLE ( 'design_owner' ) ;
#6693 = VECTOR ( 'NONE', #4375, 1000.000000000000000 ) ;
#6694 = EDGE_CURVE ( 'NONE', #2733, #2553, #3511, .T. ) ;
#6695 = DIRECTION ( 'NONE',  ( 0.000000000000000000, -1.000000000000000000, 0.000000000000000000 ) ) ;
#6696 = AXIS2_PLACEMENT_3D ( 'NONE', #6731, #108, #5401 ) ;
#6697 = VECTOR ( 'NONE', #1717, 1000.000000000000114 ) ;
#6698 = DIRECTION ( 'NONE',  ( 0.000000000000000000, 0.000000000000000000, 1.000000000000000000 ) ) ;
#6699 = VERTEX_POINT ( 'NONE', #2370 ) ;
#6700 = FACE_OUTER_BOUND ( 'NONE', #6455, .T. ) ;
#6701 = DATE_AND_TIME ( #3850, #3498 ) ;
#6702 = DIRECTION ( 'NONE',  ( 0.000000000000000000, 0.000000000000000000, -1.000000000000000000 ) ) ;
#6703 = DIRECTION ( 'NONE',  ( 0.000000000000000000, -1.000000000000000000, 0.000000000000000000 ) ) ;
#6704 = DIRECTION ( 'NONE',  ( 0.000000000000000000, 0.000000000000000000, -1.000000000000000000 ) ) ;
#6705 = ORIENTED_EDGE ( 'NONE', *, *, #909, .T. ) ;
#6706 = VECTOR ( 'NONE', #235, 1000.000000000000000 ) ;
#6707 = DIRECTION ( 'NONE',  ( -1.000000000000000000, -2.551063935260011231E-17, 0.000000000000000000 ) ) ;
#6708 = VECTOR ( 'NONE', #653, 1000.000000000000000 ) ;
#6709 = VERTEX_POINT ( 'NONE', #5475 ) ;
#6710 = VECTOR ( 'NONE', #6224, 1000.000000000000000 ) ;
#6711 = LINE ( 'NONE', #713, #287 ) ;
#6712 = DIRECTION ( 'NONE',  ( 0.000000000000000000, 0.000000000000000000, -1.000000000000000000 ) ) ;
#6713 = ORIENTED_EDGE ( 'NONE', *, *, #7795, .F. ) ;
#6714 = AXIS2_PLACEMENT_3D ( 'NONE', #5880, #374, #1555 ) ;
#6715 = ORIENTED_EDGE ( 'NONE', *, *, #4964, .T. ) ;
#6716 = DIRECTION ( 'NONE',  ( -1.000000000000000000, 0.000000000000000000, 8.673617379884027583E-16 ) ) ;
#6717 = ORIENTED_EDGE ( 'NONE', *, *, #7787, .F. ) ;
#6718 = DIRECTION ( 'NONE',  ( 0.000000000000000000, 1.000000000000000000, 0.000000000000000000 ) ) ;
#6719 = ORIENTED_EDGE ( 'NONE', *, *, #6169, .T. ) ;
#6720 = PERSON_AND_ORGANIZATION ( #1820, #6598 ) ;
#6721 = LINE ( 'NONE', #6091, #1247 ) ;
#6722 = DIRECTION ( 'NONE',  ( 0.000000000000000000, 0.000000000000000000, 1.000000000000000000 ) ) ;
#6723 = DIRECTION ( 'NONE',  ( 0.000000000000000000, 0.000000000000000000, -1.000000000000000000 ) ) ;
#6724 = PRODUCT ( 'right side', 'right side', '', ( #7051 ) ) ;
#6725 = ORIENTED_EDGE ( 'NONE', *, *, #4767, .T. ) ;
#6726 = EDGE_CURVE ( 'NONE', #3818, #2765, #5105, .T. ) ;
#6727 = EDGE_LOOP ( 'NONE', ( #398, #2554, #4827, #2741 ) ) ;
#6728 = DIRECTION ( 'NONE',  ( 0.000000000000000000, 0.000000000000000000, 1.000000000000000000 ) ) ;
#6729 = LINE ( 'NONE', #5264, #2013 ) ;
#6730 = AXIS2_PLACEMENT_3D ( 'NONE', #4729, #3562, #2964 ) ;
#6731 = CARTESIAN_POINT ( 'NONE',  ( -37.00000000000000711, -73.57658473601189542, -59.00000000000000000 ) ) ;
#6732 = LINE ( 'NONE', #3260, #6554 ) ;
#6733 = APPROVAL_PERSON_ORGANIZATION ( #3713, #4724, #634 ) ;
#6734 = DIRECTION ( 'NONE',  ( 1.000000000000000000, 0.000000000000000000, 0.000000000000000000 ) ) ;
#6735 = ORIENTED_EDGE ( 'NONE', *, *, #2775, .F. ) ;
#6736 = ORIENTED_EDGE ( 'NONE', *, *, #4090, .T. ) ;
#6738 = LINE ( 'NONE', #3677, #6821 ) ;
#6737 = DIRECTION ( 'NONE',  ( 1.000000000000000000, 0.000000000000000000, 0.000000000000000000 ) ) ;
#6739 = DIRECTION ( 'NONE',  ( 0.000000000000000000, -0.000000000000000000, 1.000000000000000000 ) ) ;
#6740 = VECTOR ( 'NONE', #6048, 1000.000000000000000 ) ;
#6741 = EDGE_CURVE ( 'NONE', #6777, #3986, #7751, .T. ) ;
#6742 = EDGE_CURVE ( 'NONE', #2361, #6116, #1891, .T. ) ;
#6743 = CC_DESIGN_PERSON_AND_ORGANIZATION_ASSIGNMENT ( #1300, #7233, ( #310 ) ) ;
#6744 = EDGE_LOOP ( 'NONE', ( #7528, #853 ) ) ;
#6745 = CARTESIAN_POINT ( 'NONE',  ( 34.49999999999998579, 14.99999999999997335, 1.000000000000000000 ) ) ;
#6746 = CIRCLE ( 'NONE', #5650, 1.500000000000001332 ) ;
#6747 = DIRECTION ( 'NONE',  ( 1.000000000000000000, 0.000000000000000000, 0.000000000000000000 ) ) ;
#6748 = CARTESIAN_POINT ( 'NONE',  ( -34.00000000000000000, -15.50000000000000355, 1.500000000000000000 ) ) ;
#6749 = VERTEX_POINT ( 'NONE', #3049 ) ;
#6750 = AXIS2_PLACEMENT_3D ( 'NONE', #5143, #6271, #6898 ) ;
#6751 = CYLINDRICAL_SURFACE ( 'NONE', #3678, 3.500000000000003109 ) ;
#6752 = CARTESIAN_POINT ( 'NONE',  ( 35.00000000000000000, 0.000000000000000000, -53.00000000000000000 ) ) ;
#6753 = ADVANCED_FACE ( 'NONE', ( #2835, #3008 ), #1217, .F. ) ;
#6754 = DIRECTION ( 'NONE',  ( 1.000000000000000000, 0.000000000000000000, 0.000000000000000000 ) ) ;
#6755 = DIRECTION ( 'NONE',  ( 0.3162277660168382742, 0.000000000000000000, 0.9486832980505137680 ) ) ;
#6756 = DIRECTION ( 'NONE',  ( 0.000000000000000000, 0.000000000000000000, 1.000000000000000000 ) ) ;
#6757 = CARTESIAN_POINT ( 'NONE',  ( -31.00000000000000000, -46.67708979940022118, -40.00000000000000000 ) ) ;
#6758 = CARTESIAN_POINT ( 'NONE',  ( 36.00000000000009237, -76.73886239618028071, -27.00000000000000000 ) ) ;
#6759 = ORIENTED_EDGE ( 'NONE', *, *, #2561, .T. ) ;
#6760 = CARTESIAN_POINT ( 'NONE',  ( 37.00000000000000711, -56.57658473601188831, -59.00000000000000000 ) ) ;
#6761 = FACE_OUTER_BOUND ( 'NONE', #664, .T. ) ;
#6762 = DIRECTION ( 'NONE',  ( 0.3162277660168381077, -0.000000000000000000, -0.9486832980505137680 ) ) ;
#6763 = ORIENTED_EDGE ( 'NONE', *, *, #5472, .T. ) ;
#6764 = VECTOR ( 'NONE', #7373, 1000.000000000000000 ) ;
#6765 = CARTESIAN_POINT ( 'NONE',  ( 37.00000000000000711, -56.57658473601188831, -59.00000000000000000 ) ) ;
#6766 = DIRECTION ( 'NONE',  ( 0.000000000000000000, 1.000000000000000000, 0.000000000000000000 ) ) ;
#6767 = EDGE_LOOP ( 'NONE', ( #7424, #5172, #1927, #1731 ) ) ;
#6768 = DIRECTION ( 'NONE',  ( 0.000000000000000000, 0.000000000000000000, -1.000000000000000000 ) ) ;
#6769 = VERTEX_POINT ( 'NONE', #535 ) ;
#6770 = EDGE_CURVE ( 'NONE', #406, #1090, #6331, .T. ) ;
#6771 = FACE_OUTER_BOUND ( 'NONE', #4021, .T. ) ;
#6772 = AXIS2_PLACEMENT_3D ( 'NONE', #1195, #6038, #1120 ) ;
#6773 = APPROVAL_PERSON_ORGANIZATION ( #5378, #5723, #7670 ) ;
#6774 = DIRECTION ( 'NONE',  ( 0.000000000000000000, 0.000000000000000000, 1.000000000000000000 ) ) ;
#6775 = DIRECTION ( 'NONE',  ( -0.3162277660168382742, 0.000000000000000000, -0.9486832980505137680 ) ) ;
#6776 = DIRECTION ( 'NONE',  ( 0.000000000000000000, -0.000000000000000000, -1.000000000000000000 ) ) ;
#6777 = VERTEX_POINT ( 'NONE', #36 ) ;
#6778 = DIRECTION ( 'NONE',  ( 0.000000000000000000, 0.000000000000000000, 1.000000000000000000 ) ) ;
#6779 = LINE ( 'NONE', #5467, #4802 ) ;
#6780 = DIRECTION ( 'NONE',  ( 1.000000000000000000, 0.000000000000000000, 0.000000000000000000 ) ) ;
#6781 = EDGE_CURVE ( 'NONE', #1662, #6892, #2737, .T. ) ;
#6782 = EDGE_CURVE ( 'NONE', #951, #668, #5407, .T. ) ;
#6783 = CC_DESIGN_DATE_AND_TIME_ASSIGNMENT ( #3432, #5942, ( #4206 ) ) ;
#6784 = DIRECTION ( 'NONE',  ( 0.000000000000000000, 1.000000000000000000, 0.000000000000000000 ) ) ;
#6785 = ORIENTED_EDGE ( 'NONE', *, *, #6741, .T. ) ;
#6786 = DIRECTION ( 'NONE',  ( -0.000000000000000000, -1.000000000000000000, -0.000000000000000000 ) ) ;
#6787 = VECTOR ( 'NONE', #5793, 1000.000000000000114 ) ;
#6788 = ADVANCED_FACE ( 'NONE', ( #6432 ), #4737, .T. ) ;
#6789 = VECTOR ( 'NONE', #4469, 1000.000000000000000 ) ;
#6790 = VERTEX_POINT ( 'NONE', #2522 ) ;
#6791 = EDGE_CURVE ( 'NONE', #4076, #5740, #4830, .T. ) ;
#6792 = CARTESIAN_POINT ( 'NONE',  ( 33.99999999999998579, 14.99999999999999645, -1.000000000000000000 ) ) ;
#6793 = AXIS2_PLACEMENT_3D ( 'NONE', #6949, #4555, #962 ) ;
#6794 = ORIENTED_EDGE ( 'NONE', *, *, #7542, .T. ) ;
#6795 = LINE ( 'NONE', #4165, #2435 ) ;
#6796 = CARTESIAN_POINT ( 'NONE',  ( 36.99999999999999289, -14.99999999999998046, 1.000000000000000000 ) ) ;
#6797 = LINE ( 'NONE', #1548, #5572 ) ;
#6798 = ORIENTED_EDGE ( 'NONE', *, *, #1737, .T. ) ;
#6799 = DIRECTION ( 'NONE',  ( 1.000000000000000000, 0.000000000000000000, 0.000000000000000000 ) ) ;
#6800 = LINE ( 'NONE', #3225, #5103 ) ;
#6801 = LINE ( 'NONE', #6614, #5206 ) ;
#6802 = PLANE ( 'NONE',  #6098 ) ;
#6803 = DIRECTION ( 'NONE',  ( 0.000000000000000000, -1.000000000000000000, 0.000000000000000000 ) ) ;
#6804 = ORIENTED_EDGE ( 'NONE', *, *, #5619, .F. ) ;
#6805 = EDGE_LOOP ( 'NONE', ( #4858, #3067, #7349, #677 ) ) ;
#6806 = ORIENTED_EDGE ( 'NONE', *, *, #1465, .F. ) ;
#6807 = ORIENTED_EDGE ( 'NONE', *, *, #4392, .T. ) ;
#6808 = CARTESIAN_POINT ( 'NONE',  ( -36.00000000000000711, -56.57658473601188831, 1.000000000000000000 ) ) ;
#6809 = FACE_BOUND ( 'NONE', #3069, .T. ) ;
#6810 = ORIENTED_EDGE ( 'NONE', *, *, #607, .F. ) ;
#6811 = ORIENTED_EDGE ( 'NONE', *, *, #4117, .F. ) ;
#6812 = VERTEX_POINT ( 'NONE', #4358 ) ;
#6813 = ORIENTED_EDGE ( 'NONE', *, *, #1815, .F. ) ;
#6814 = PLANE ( 'NONE',  #4042 ) ;
#6815 = EDGE_CURVE ( 'NONE', #3023, #7663, #7649, .T. ) ;
#6816 = VECTOR ( 'NONE', #5386, 1000.000000000000000 ) ;
#6817 = AXIS2_PLACEMENT_3D ( 'NONE', #6249, #2048, #3861 ) ;
#6818 = CARTESIAN_POINT ( 'NONE',  ( 37.00000000000009237, -73.57658473601189542, -27.00000000000000000 ) ) ;
#6819 = DIRECTION ( 'NONE',  ( 0.000000000000000000, -1.000000000000000000, 0.000000000000000000 ) ) ;
#6820 = ORIENTED_EDGE ( 'NONE', *, *, #7786, .F. ) ;
#6821 = VECTOR ( 'NONE', #2997, 1000.000000000000000 ) ;
#6822 = LINE ( 'NONE', #2918, #2292 ) ;
#6823 = DIRECTION ( 'NONE',  ( -0.3162277660168381077, -0.000000000000000000, 0.9486832980505137680 ) ) ;
#6824 = ADVANCED_FACE ( 'NONE', ( #6055 ), #3098, .T. ) ;
#6825 = CARTESIAN_POINT ( 'NONE',  ( 35.00000000000000000, -56.57658473601188831, 53.00000000000000000 ) ) ;
#6826 = EDGE_CURVE ( 'NONE', #7393, #5431, #6711, .T. ) ;
#6827 = VERTEX_POINT ( 'NONE', #6151 ) ;
#6828 = EDGE_CURVE ( 'NONE', #1894, #2930, #7356, .T. ) ;
#6829 = EDGE_CURVE ( 'NONE', #4432, #7753, #4531, .T. ) ;
#6830 = CARTESIAN_POINT ( 'NONE',  ( 25.33333333333340676, -61.90991806934531638, 45.33333333333325754 ) ) ;
#6831 = ORIENTED_EDGE ( 'NONE', *, *, #5433, .T. ) ;
#6832 = AXIS2_PLACEMENT_3D ( 'NONE', #3321, #3287, #4522 ) ;
#6833 = EDGE_LOOP ( 'NONE', ( #350, #3847, #641, #142 ) ) ;
#6834 = DIRECTION ( 'NONE',  ( 1.000000000000000000, 0.000000000000000000, 0.000000000000000000 ) ) ;
#6835 = FACE_OUTER_BOUND ( 'NONE', #1427, .T. ) ;
#6836 = CARTESIAN_POINT ( 'NONE',  ( -31.00000000000000000, -73.57658473601189542, -43.50000000000000711 ) ) ;
#6837 = ORIENTED_EDGE ( 'NONE', *, *, #6957, .T. ) ;
#6838 = VECTOR ( 'NONE', #4114, 1000.000000000000000 ) ;
#6839 = EDGE_CURVE ( 'NONE', #1944, #782, #1325, .T. ) ;
#6840 = AXIS2_PLACEMENT_3D ( 'NONE', #426, #6474, #3535 ) ;
#6841 = ORIENTED_EDGE ( 'NONE', *, *, #5209, .F. ) ;
#6842 = DIRECTION ( 'NONE',  ( -1.000000000000000000, 0.000000000000000000, 0.000000000000000000 ) ) ;
#6843 = ADVANCED_FACE ( 'NONE', ( #4430 ), #3126, .T. ) ;
#6844 = FACE_OUTER_BOUND ( 'NONE', #7600, .T. ) ;
#6845 = DIRECTION ( 'NONE',  ( 0.000000000000000000, -0.000000000000000000, -1.000000000000000000 ) ) ;
#6846 = VERTEX_POINT ( 'NONE', #5576 ) ;
#6847 = CARTESIAN_POINT ( 'NONE',  ( -31.00000000000000000, -56.57658473601188831, 41.50000000000000000 ) ) ;
#6848 = CARTESIAN_POINT ( 'NONE',  ( 31.00000000000000000, -56.57658473601188831, 36.50000000000000000 ) ) ;
#6849 = LINE ( 'NONE', #3237, #1757 ) ;
#6850 = VERTEX_POINT ( 'NONE', #7353 ) ;
#6851 = LINE ( 'NONE', #3274, #5453 ) ;
#6852 = ORIENTED_EDGE ( 'NONE', *, *, #3751, .T. ) ;
#6853 = VECTOR ( 'NONE', #1359, 1000.000000000000114 ) ;
#6854 = CARTESIAN_POINT ( 'NONE',  ( 37.00000000000000711, -73.57658473601189542, -59.00000000000000000 ) ) ;
#6855 = ORIENTED_EDGE ( 'NONE', *, *, #2112, .F. ) ;
#6856 = DIRECTION ( 'NONE',  ( 0.000000000000000000, 0.000000000000000000, 1.000000000000000000 ) ) ;
#6857 = AXIS2_PLACEMENT_3D ( 'NONE', #4904, #1277, #5509 ) ;
#6858 = ORIENTED_EDGE ( 'NONE', *, *, #2525, .F. ) ;
#6859 = ORIENTED_EDGE ( 'NONE', *, *, #2308, .F. ) ;
#6860 = LINE ( 'NONE', #6923, #2809 ) ;
#6861 = EDGE_CURVE ( 'NONE', #7172, #3162, #3597, .T. ) ;
#6862 = DIRECTION ( 'NONE',  ( 0.000000000000000000, 0.000000000000000000, -1.000000000000000000 ) ) ;
#6863 = DATE_AND_TIME ( #1770, #5464 ) ;
#6864 = DIRECTION ( 'NONE',  ( -8.673617379884027583E-16, 0.000000000000000000, 1.000000000000000000 ) ) ;
#6865 = EDGE_CURVE ( 'NONE', #1101, #2807, #6984, .T. ) ;
#6866 = ORIENTED_EDGE ( 'NONE', *, *, #6267, .F. ) ;
#6867 = AXIS2_PLACEMENT_3D ( 'NONE', #5801, #2139, #3805 ) ;
#6868 = CIRCLE ( 'NONE', #3809, 3.500000000000003109 ) ;
#6869 = DIRECTION ( 'NONE',  ( 0.000000000000000000, 0.000000000000000000, 1.000000000000000000 ) ) ;
#6870 = LINE ( 'NONE', #1965, #5651 ) ;
#6871 = CARTESIAN_POINT ( 'NONE',  ( 37.00000000000000711, -56.57658473601188831, -59.00000000000000000 ) ) ;
#6872 = CARTESIAN_POINT ( 'NONE',  ( -37.00000000000000711, -56.57658473601188831, 21.99999999999999289 ) ) ;
#6873 = DIRECTION ( 'NONE',  ( 0.000000000000000000, 0.000000000000000000, -1.000000000000000000 ) ) ;
#6874 = ORIENTED_EDGE ( 'NONE', *, *, #2877, .F. ) ;
#6875 = ADVANCED_FACE ( 'NONE', ( #3101 ), #6199, .F. ) ;
#6876 = FACE_OUTER_BOUND ( 'NONE', #6956, .T. ) ;
#6877 = EDGE_CURVE ( 'NONE', #5647, #2154, #2347, .T. ) ;
#6878 = EDGE_CURVE ( 'NONE', #6790, #2311, #3776, .T. ) ;
#6879 = VECTOR ( 'NONE', #883, 1000.000000000000000 ) ;
#6880 = CC_DESIGN_PERSON_AND_ORGANIZATION_ASSIGNMENT ( #6907, #4854, ( #5529 ) ) ;
#6881 = CARTESIAN_POINT ( 'NONE',  ( 37.00000000000009237, -76.73886239618028071, 22.00000000000000000 ) ) ;
#6882 = CARTESIAN_POINT ( 'NONE',  ( -37.00000000000009237, -76.73886239618028071, 22.00000000000000000 ) ) ;
#6883 = ORIENTED_EDGE ( 'NONE', *, *, #3596, .T. ) ;
#6884 = FACE_OUTER_BOUND ( 'NONE', #5495, .T. ) ;
#6885 = FACE_OUTER_BOUND ( 'NONE', #5803, .T. ) ;
#6886 = ADVANCED_FACE ( 'NONE', ( #5012 ), #1295, .F. ) ;
#6887 = DIRECTION ( 'NONE',  ( -0.3162277660168382742, -0.000000000000000000, 0.9486832980505137680 ) ) ;
#6888 = VERTEX_POINT ( 'NONE', #6377 ) ;
#6889 = DIRECTION ( 'NONE',  ( 0.000000000000000000, -1.000000000000000000, 0.000000000000000000 ) ) ;
#6890 = LINE ( 'NONE', #2655, #6710 ) ;
#6891 = FACE_OUTER_BOUND ( 'NONE', #168, .T. ) ;
#6892 = VERTEX_POINT ( 'NONE', #2146 ) ;
#6893 = CARTESIAN_POINT ( 'NONE',  ( 37.00000000000000711, -56.57658473601188831, -59.00000000000000000 ) ) ;
#6894 = ADVANCED_FACE ( 'NONE', ( #7164 ), #3969, .T. ) ;
#6895 = VERTEX_POINT ( 'NONE', #4495 ) ;
#6896 = ORIENTED_EDGE ( 'NONE', *, *, #3503, .F. ) ;
#6897 = ORIENTED_EDGE ( 'NONE', *, *, #6865, .F. ) ;
#6898 = DIRECTION ( 'NONE',  ( -1.000000000000000000, 0.000000000000000000, 0.000000000000000000 ) ) ;
#6899 = LOCAL_TIME ( 13, 37, 31.00000000000000000, #3035 ) ;
#6900 = CARTESIAN_POINT ( 'NONE',  ( 31.00000000000000000, -73.57658473601189542, -40.00000000000000000 ) ) ;
#6901 = VECTOR ( 'NONE', #737, 1000.000000000000000 ) ;
#6902 = ORIENTED_EDGE ( 'NONE', *, *, #3020, .T. ) ;
#6903 = ORIENTED_EDGE ( 'NONE', *, *, #5061, .T. ) ;
#6904 = CARTESIAN_POINT ( 'NONE',  ( -35.00000000000000000, -56.57658473601188831, 54.99999999999999289 ) ) ;
#6905 = FACE_OUTER_BOUND ( 'NONE', #2955, .T. ) ;
#6906 = VECTOR ( 'NONE', #3879, 1000.000000000000000 ) ;
#6907 = PERSON_AND_ORGANIZATION ( #1820, #6598 ) ;
#6908 = EDGE_LOOP ( 'NONE', ( #450, #7454 ) ) ;
#6909 = EDGE_CURVE ( 'NONE', #1529, #3729, #7551, .T. ) ;
#6910 = ORIENTED_EDGE ( 'NONE', *, *, #1019, .T. ) ;
#6911 = VECTOR ( 'NONE', #4764, 1000.000000000000000 ) ;
#6912 = DIRECTION ( 'NONE',  ( -0.9486832980505137680, 0.000000000000000000, -0.3162277660168382742 ) ) ;
#6913 = ADVANCED_FACE ( 'NONE', ( #6624 ), #4525, .T. ) ;
#6914 = FACE_OUTER_BOUND ( 'NONE', #2674, .T. ) ;
#6915 = DIRECTION ( 'NONE',  ( -0.000000000000000000, 1.000000000000000000, -0.000000000000000000 ) ) ;
#6916 = VERTEX_POINT ( 'NONE', #5807 ) ;
#6917 = FACE_OUTER_BOUND ( 'NONE', #7171, .T. ) ;
#6918 = DIRECTION ( 'NONE',  ( 0.000000000000000000, 0.000000000000000000, -1.000000000000000000 ) ) ;
#6919 = EDGE_CURVE ( 'NONE', #1594, #7403, #2156, .T. ) ;
#6920 = DIRECTION ( 'NONE',  ( 0.000000000000000000, 1.000000000000000000, -0.000000000000000000 ) ) ;
#6921 = EDGE_CURVE ( 'NONE', #225, #2106, #5665, .T. ) ;
#6922 = ADVANCED_FACE ( 'NONE', ( #1885 ), #5112, .F. ) ;
#6923 = CARTESIAN_POINT ( 'NONE',  ( -37.00000000000000711, -56.57658473601188831, -59.00000000000000000 ) ) ;
#6924 = PRODUCT_DEFINITION_FORMATION_WITH_SPECIFIED_SOURCE ( 'ANY', '', #5422, .NOT_KNOWN. ) ;
#6925 = CARTESIAN_POINT ( 'NONE',  ( -34.50000000000000000, -15.00000000000000533, 1.500000000000000000 ) ) ;
#6926 = ORIENTED_EDGE ( 'NONE', *, *, #6000, .F. ) ;
#6927 = FACE_OUTER_BOUND ( 'NONE', #5849, .T. ) ;
#6928 = CARTESIAN_POINT ( 'NONE',  ( 31.00000000000000000, -56.57658473601188831, 40.00000000000000000 ) ) ;
#6929 = DIRECTION ( 'NONE',  ( -0.000000000000000000, 1.000000000000000000, -0.000000000000000000 ) ) ;
#6930 = DIRECTION ( 'NONE',  ( 0.000000000000000000, 0.000000000000000000, -1.000000000000000000 ) ) ;
#6931 = EDGE_CURVE ( 'NONE', #4781, #7108, #5762, .T. ) ;
#6932 = ORIENTED_EDGE ( 'NONE', *, *, #7419, .T. ) ;
#6933 = AXIS2_PLACEMENT_3D ( 'NONE', #1695, #5905, #429 ) ;
#6934 = ADVANCED_FACE ( 'NONE', ( #7076 ), #3379, .F. ) ;
#6935 = VECTOR ( 'NONE', #6402, 1000.000000000000000 ) ;
#6936 = EDGE_LOOP ( 'NONE', ( #4939, #6874, #6652, #1755 ) ) ;
#6937 = DIRECTION ( 'NONE',  ( 0.000000000000000000, 1.000000000000000000, 0.000000000000000000 ) ) ;
#6938 = PLANE ( 'NONE',  #6867 ) ;
#6939 = ORIENTED_EDGE ( 'NONE', *, *, #3033, .F. ) ;
#6940 = DIRECTION ( 'NONE',  ( 1.000000000000000000, 0.000000000000000000, 0.000000000000000000 ) ) ;
#6941 = VECTOR ( 'NONE', #1158, 1000.000000000000000 ) ;
#6942 = SHAPE_REPRESENTATION ( 'lower case', ( #5227 ), #6172 ) ;
#6943 = ORIENTED_EDGE ( 'NONE', *, *, #2514, .T. ) ;
#6944 = CARTESIAN_POINT ( 'NONE',  ( 31.00000000000000000, -46.67708979940022118, -40.00000000000000000 ) ) ;
#6945 = CARTESIAN_POINT ( 'NONE',  ( 0.000000000000000000, 0.000000000000000000, 0.000000000000000000 ) ) ;
#6946 = ORIENTED_EDGE ( 'NONE', *, *, #5975, .F. ) ;
#6947 = DIRECTION ( 'NONE',  ( 0.000000000000000000, 0.000000000000000000, -1.000000000000000000 ) ) ;
#6948 = ORIENTED_EDGE ( 'NONE', *, *, #5582, .F. ) ;
#6949 = CARTESIAN_POINT ( 'NONE',  ( 37.00000000000009237, -76.73886239618028071, -24.99999999999999645 ) ) ;
#6950 = DIRECTION ( 'NONE',  ( 0.000000000000000000, 0.000000000000000000, -1.000000000000000000 ) ) ;
#6951 = VERTEX_POINT ( 'NONE', #2201 ) ;
#6952 = FACE_OUTER_BOUND ( 'NONE', #5791, .T. ) ;
#6953 = ADVANCED_FACE ( 'NONE', ( #1316 ), #7742, .T. ) ;
#6954 = DATE_AND_TIME ( #7332, #724 ) ;
#6955 = ORIENTED_EDGE ( 'NONE', *, *, #4976, .T. ) ;
#6956 = EDGE_LOOP ( 'NONE', ( #7612, #5322, #2418, #5079, #1112, #4126, #3603, #7047, #579, #5191, #6497, #2750, #3084, #1066, #5494, #1147, #5887, #4129, #7683, #4643, #5357, #7032, #2198, #5369, #1620, #1636, #2502, #2552, #745, #3292, #944, #684, #7660, #1887, #4757, #1329, #6062, #3444, #6683, #4282 ) ) ;
#6957 = EDGE_CURVE ( 'NONE', #5160, #6204, #7541, .T. ) ;
#6958 = FACE_OUTER_BOUND ( 'NONE', #3171, .T. ) ;
#6959 = CARTESIAN_POINT ( 'NONE',  ( 36.00000000000009237, -56.57658473601188831, 27.00000000000000000 ) ) ;
#6960 = ADVANCED_FACE ( 'NONE', ( #2630 ), #7027, .F. ) ;
#6961 = VERTEX_POINT ( 'NONE', #3908 ) ;
#6962 = DIRECTION ( 'NONE',  ( 0.000000000000000000, -0.000000000000000000, 1.000000000000000000 ) ) ;
#6963 = LINE ( 'NONE', #3583, #7819 ) ;
#6964 = CARTESIAN_POINT ( 'NONE',  ( -31.00000000000000000, -46.67708979940022118, -40.00000000000000000 ) ) ;
#6965 = CIRCLE ( 'NONE', #2924, 1.500000000000001332 ) ;
#6966 = EDGE_CURVE ( 'NONE', #5466, #1999, #560, .T. ) ;
#6967 = EDGE_CURVE ( 'NONE', #5525, #2058, #3687, .T. ) ;
#6968 = VERTEX_POINT ( 'NONE', #1986 ) ;
#6969 = DIRECTION ( 'NONE',  ( -0.000000000000000000, 0.000000000000000000, 1.000000000000000000 ) ) ;
#6970 = ADVANCED_FACE ( 'NONE', ( #4063 ), #4294, .F. ) ;
#6971 =( NAMED_UNIT ( * ) PLANE_ANGLE_UNIT ( ) SI_UNIT ( $, .RADIAN. ) );
#6972 = FACE_OUTER_BOUND ( 'NONE', #3514, .T. ) ;
#6973 = DIRECTION ( 'NONE',  ( -1.000000000000000000, 0.000000000000000000, 0.000000000000000000 ) ) ;
#6974 = CARTESIAN_POINT ( 'NONE',  ( -34.00000000000000000, -15.50000000000000355, 1.000000000000000000 ) ) ;
#6975 = LINE ( 'NONE', #2736, #2256 ) ;
#6976 = CARTESIAN_POINT ( 'NONE',  ( -37.00000000000009237, -76.73886239618028071, -22.00000000000000000 ) ) ;
#6977 = PLANE ( 'NONE',  #1021 ) ;
#6978 = VERTEX_POINT ( 'NONE', #6023 ) ;
#6979 = EDGE_CURVE ( 'NONE', #4433, #274, #6797, .T. ) ;
#6980 = AXIS2_PLACEMENT_3D ( 'NONE', #970, #3981, #916 ) ;
#6981 = FACE_OUTER_BOUND ( 'NONE', #4699, .T. ) ;
#6982 = APPROVAL ( #1196, 'UNSPECIFIED' ) ;
#6983 = CARTESIAN_POINT ( 'NONE',  ( 31.00000000000000000, -46.67708979940022118, -41.49999999999999289 ) ) ;
#6984 = LINE ( 'NONE', #141, #3390 ) ;
#6985 = CARTESIAN_POINT ( 'NONE',  ( -37.00000000000000711, -73.57658473601189542, -24.99999999999999289 ) ) ;
#6986 = EDGE_LOOP ( 'NONE', ( #2190, #2231 ) ) ;
#6987 = ORIENTED_EDGE ( 'NONE', *, *, #4195, .T. ) ;
#6988 = EDGE_LOOP ( 'NONE', ( #2684, #4049 ) ) ;
#6989 = ORIENTED_EDGE ( 'NONE', *, *, #3315, .T. ) ;
#6990 = LINE ( 'NONE', #7394, #2265 ) ;
#6991 = DIRECTION ( 'NONE',  ( 1.000000000000000000, -0.000000000000000000, -0.000000000000000000 ) ) ;
#6993 = ADVANCED_FACE ( 'NONE', ( #6885 ), #5470, .T. ) ;
#6992 = AXIS2_PLACEMENT_3D ( 'NONE', #5232, #901, #2118 ) ;
#6994 = ORIENTED_EDGE ( 'NONE', *, *, #159, .T. ) ;
#6995 = CARTESIAN_POINT ( 'NONE',  ( 36.00000000000000711, -56.57658473601188831, 1.000000000000000000 ) ) ;
#6996 = DIRECTION ( 'NONE',  ( 0.000000000000000000, 0.000000000000000000, -1.000000000000000000 ) ) ;
#6997 = ORIENTED_EDGE ( 'NONE', *, *, #7730, .T. ) ;
#6998 = ORIENTED_EDGE ( 'NONE', *, *, #5659, .F. ) ;
#6999 = ORIENTED_EDGE ( 'NONE', *, *, #5721, .T. ) ;
#7000 = ORIENTED_EDGE ( 'NONE', *, *, #1176, .T. ) ;
#7001 = LINE ( 'NONE', #4468, #5597 ) ;
#7003 = DIRECTION ( 'NONE',  ( 0.000000000000000000, 0.000000000000000000, 1.000000000000000000 ) ) ;
#7002 = COORDINATED_UNIVERSAL_TIME_OFFSET ( 2, 0, .AHEAD. ) ;
#7004 =( NAMED_UNIT ( * ) PLANE_ANGLE_UNIT ( ) SI_UNIT ( $, .RADIAN. ) );
#7005 = ADVANCED_FACE ( 'NONE', ( #6617 ), #5198, .T. ) ;
#7006 = CARTESIAN_POINT ( 'NONE',  ( 31.00000000000000000, -56.57658473601188831, -40.00000000000000000 ) ) ;
#7007 = ORIENTED_EDGE ( 'NONE', *, *, #3022, .F. ) ;
#7008 = EDGE_LOOP ( 'NONE', ( #3366, #5843, #5877, #963 ) ) ;
#7009 = CARTESIAN_POINT ( 'NONE',  ( 37.00000000000000711, -73.57658473601189542, 1.000000000000000888 ) ) ;
#7010 = FACE_OUTER_BOUND ( 'NONE', #1092, .T. ) ;
#7011 = FACE_OUTER_BOUND ( 'NONE', #6560, .T. ) ;
#7012 = CARTESIAN_POINT ( 'NONE',  ( -37.00000000000000711, 0.000000000000000000, -53.00000000000000000 ) ) ;
#7013 = DIRECTION ( 'NONE',  ( 0.000000000000000000, -1.000000000000000000, 0.000000000000000000 ) ) ;
#7014 = DIRECTION ( 'NONE',  ( 1.000000000000000000, 0.000000000000000000, 0.000000000000000000 ) ) ;
#7015 = VERTEX_POINT ( 'NONE', #3676 ) ;
#7016 = ORIENTED_EDGE ( 'NONE', *, *, #1837, .T. ) ;
#7017 = PLANE ( 'NONE',  #4004 ) ;
#7018 = FACE_OUTER_BOUND ( 'NONE', #7796, .T. ) ;
#7019 = ADVANCED_FACE ( 'NONE', ( #4251 ), #7302, .F. ) ;
#7020 = EDGE_CURVE ( 'NONE', #6060, #4489, #5961, .T. ) ;
#7021 = ORIENTED_EDGE ( 'NONE', *, *, #6089, .F. ) ;
#7022 = DIRECTION ( 'NONE',  ( 0.9486832980505137680, -0.000000000000000000, 0.3162277660168381077 ) ) ;
#7023 = VECTOR ( 'NONE', #6471, 1000.000000000000000 ) ;
#7024 = ORIENTED_EDGE ( 'NONE', *, *, #5153, .F. ) ;
#7025 = VECTOR ( 'NONE', #6718, 1000.000000000000000 ) ;
#7026 = EDGE_CURVE ( 'NONE', #1419, #1643, #280, .T. ) ;
#7027 = PLANE ( 'NONE',  #6210 ) ;
#7028 = CARTESIAN_POINT ( 'NONE',  ( 36.00000000000009237, -76.73886239618028071, -24.99999999999999645 ) ) ;
#7029 = EDGE_CURVE ( 'NONE', #1863, #1677, #479, .T. ) ;
#7030 = CC_DESIGN_APPROVAL ( #6222, ( #310 ) ) ;
#7031 = CARTESIAN_POINT ( 'NONE',  ( 36.00000000000000711, -76.73886239618028071, 1.000000000000000000 ) ) ;
#7032 = ORIENTED_EDGE ( 'NONE', *, *, #909, .F. ) ;
#7033 = LINE ( 'NONE', #5113, #4690 ) ;
#7034 = DIRECTION ( 'NONE',  ( 0.000000000000000000, -1.000000000000000000, 0.000000000000000000 ) ) ;
#7035 = CARTESIAN_POINT ( 'NONE',  ( 0.000000000000000000, -56.57658473601188831, -51.00000000000000000 ) ) ;
#7036 = EDGE_CURVE ( 'NONE', #2311, #3114, #3955, .T. ) ;
#7037 = CARTESIAN_POINT ( 'NONE',  ( 0.000000000000000000, -56.57658473601188831, 53.00000000000000000 ) ) ;
#7038 = ORIENTED_EDGE ( 'NONE', *, *, #7132, .T. ) ;
#7039 = LINE ( 'NONE', #4907, #4398 ) ;
#7040 = ORIENTED_EDGE ( 'NONE', *, *, #658, .F. ) ;
#7041 = ADVANCED_FACE ( 'NONE', ( #2919 ), #2495, .T. ) ;
#7042 = VECTOR ( 'NONE', #79, 1000.000000000000114 ) ;
#7043 = ORIENTED_EDGE ( 'NONE', *, *, #1455, .F. ) ;
#7044 = EDGE_LOOP ( 'NONE', ( #393, #6097 ) ) ;
#7045 = CARTESIAN_POINT ( 'NONE',  ( 37.00000000000009237, -76.73886239618028071, -27.00000000000000000 ) ) ;
#7046 = ORIENTED_EDGE ( 'NONE', *, *, #7123, .F. ) ;
#7047 = ORIENTED_EDGE ( 'NONE', *, *, #6979, .T. ) ;
#7048 = VECTOR ( 'NONE', #3450, 1000.000000000000000 ) ;
#7049 = CARTESIAN_POINT ( 'NONE',  ( -40.00000000000000711, -76.57658473601189542, -59.00000000000000000 ) ) ;
#7050 = ADVANCED_FACE ( 'NONE', ( #373 ), #6082, .T. ) ;
#7051 = MECHANICAL_CONTEXT ( 'NONE', #5917, 'mechanical' ) ;
#7052 = CALENDAR_DATE ( 2022, 27, 1 ) ;
#7053 = CARTESIAN_POINT ( 'NONE',  ( -35.00000000000000000, -56.57658473601188831, 51.00000000000000000 ) ) ;
#7054 = CARTESIAN_POINT ( 'NONE',  ( -31.00000000000000000, -73.57658473601189542, 36.50000000000000000 ) ) ;
#7055 = DIRECTION ( 'NONE',  ( -1.000000000000000000, 0.000000000000000000, 0.000000000000000000 ) ) ;
#7056 = ORIENTED_EDGE ( 'NONE', *, *, #1372, .T. ) ;
#7057 = LINE ( 'NONE', #1229, #1590 ) ;
#7058 = LINE ( 'NONE', #2145, #2243 ) ;
#7059 = PLANE ( 'NONE',  #7778 ) ;
#7060 = DIRECTION ( 'NONE',  ( -0.3162277660168382742, 0.000000000000000000, -0.9486832980505137680 ) ) ;
#7061 = CARTESIAN_POINT ( 'NONE',  ( -31.00000000000000000, -46.67708979940022118, 40.00000000000000000 ) ) ;
#7062 = EDGE_CURVE ( 'NONE', #3917, #5647, #4336, .T. ) ;
#7063 = VERTEX_POINT ( 'NONE', #5447 ) ;
#7064 = ORIENTED_EDGE ( 'NONE', *, *, #3584, .T. ) ;
#7065 = AXIS2_PLACEMENT_3D ( 'NONE', #2025, #2497, #712 ) ;
#7066 = FACE_OUTER_BOUND ( 'NONE', #6136, .T. ) ;
#7067 = VECTOR ( 'NONE', #2943, 1000.000000000000000 ) ;
#7068 = CARTESIAN_POINT ( 'NONE',  ( -37.00000000000000711, -56.57658473601188831, 1.000000000000000888 ) ) ;
#7069 = ORIENTED_EDGE ( 'NONE', *, *, #4606, .T. ) ;
#7070 = DIRECTION ( 'NONE',  ( 1.000000000000000000, 0.000000000000000000, 0.000000000000000000 ) ) ;
#7071 = CARTESIAN_POINT ( 'NONE',  ( 37.00000000000000711, -56.57658473601188831, 1.000000000000000888 ) ) ;
#7072 = EDGE_CURVE ( 'NONE', #352, #2582, #2340, .T. ) ;
#7073 = LINE ( 'NONE', #5836, #7739 ) ;
#7074 = EDGE_CURVE ( 'NONE', #4703, #675, #1037, .T. ) ;
#7075 = EDGE_CURVE ( 'NONE', #757, #6475, #2728, .T. ) ;
#7076 = FACE_OUTER_BOUND ( 'NONE', #7654, .T. ) ;
#7077 = PRODUCT_DEFINITION ( 'UNKNOWN', '', #3266, #3043 ) ;
#7078 = MANIFOLD_SOLID_BREP ( 'Boss-Extrude2', #3258 ) ;
#7079 = DIRECTION ( 'NONE',  ( 0.000000000000000000, -1.000000000000000000, 0.000000000000000000 ) ) ;
#7080 = APPROVAL_ROLE ( '' ) ;
#7081 = VERTEX_POINT ( 'NONE', #1896 ) ;
#7082 = CARTESIAN_POINT ( 'NONE',  ( -37.00000000000000711, -56.57658473601188831, 59.00000000000000000 ) ) ;
#7083 = LINE ( 'NONE', #1367, #1797 ) ;
#7084 = DIRECTION ( 'NONE',  ( 0.000000000000000000, -1.000000000000000000, 0.000000000000000000 ) ) ;
#7085 = DIRECTION ( 'NONE',  ( -0.000000000000000000, -0.000000000000000000, -1.000000000000000000 ) ) ;
#7086 = FACE_OUTER_BOUND ( 'NONE', #4935, .T. ) ;
#7087 = ORIENTED_EDGE ( 'NONE', *, *, #7432, .F. ) ;
#7088 = EDGE_CURVE ( 'NONE', #3407, #177, #7352, .T. ) ;
#7089 = ORIENTED_EDGE ( 'NONE', *, *, #7389, .T. ) ;
#7090 = VERTEX_POINT ( 'NONE', #7324 ) ;
#7091 = DIRECTION ( 'NONE',  ( -0.000000000000000000, -0.000000000000000000, -1.000000000000000000 ) ) ;
#7092 = DIRECTION ( 'NONE',  ( 1.000000000000000000, -0.000000000000000000, -0.000000000000000000 ) ) ;
#7093 = DIRECTION ( 'NONE',  ( 0.000000000000000000, 0.000000000000000000, -1.000000000000000000 ) ) ;
#7094 = ORIENTED_EDGE ( 'NONE', *, *, #3874, .F. ) ;
#7095 = COORDINATED_UNIVERSAL_TIME_OFFSET ( 2, 0, .AHEAD. ) ;
#7096 = VECTOR ( 'NONE', #5962, 1000.000000000000000 ) ;
#7097 = PLANE ( 'NONE',  #5239 ) ;
#7098 = ADVANCED_FACE ( 'NONE', ( #7259 ), #5523, .T. ) ;
#7099 = EDGE_LOOP ( 'NONE', ( #5695, #1811, #1393, #6561 ) ) ;
#7100 = ORIENTED_EDGE ( 'NONE', *, *, #6167, .F. ) ;
#7101 = FACE_OUTER_BOUND ( 'NONE', #3797, .T. ) ;
#7102 = DIRECTION ( 'NONE',  ( -1.000000000000000000, 0.000000000000000000, 0.000000000000000000 ) ) ;
#7103 = AXIS2_PLACEMENT_3D ( 'NONE', #4393, #878, #821 ) ;
#7104 = VECTOR ( 'NONE', #3138, 1000.000000000000000 ) ;
#7105 = DIRECTION ( 'NONE',  ( -0.000000000000000000, 0.000000000000000000, 1.000000000000000000 ) ) ;
#7106 = DATE_AND_TIME ( #681, #6899 ) ;
#7107 = PRODUCT_DEFINITION_SHAPE ( 'NONE', 'NONE',  #3798 ) ;
#7108 = VERTEX_POINT ( 'NONE', #6102 ) ;
#7109 = ORIENTED_EDGE ( 'NONE', *, *, #463, .T. ) ;
#7110 = FACE_OUTER_BOUND ( 'NONE', #5055, .T. ) ;
#7111 = CARTESIAN_POINT ( 'NONE',  ( -34.00000000000000000, -15.00000000000000355, 1.500000000000000000 ) ) ;
#7112 = PERSON_AND_ORGANIZATION_ROLE ( 'design_owner' ) ;
#7113 = CYLINDRICAL_SURFACE ( 'NONE', #1401, 0.5000000000000004441 ) ;
#7114 = CARTESIAN_POINT ( 'NONE',  ( 36.99999999999999289, -15.00000000000000355, 1.000000000000000000 ) ) ;
#7115 = PLANE ( 'NONE',  #3455 ) ;
#7116 = ORIENTED_EDGE ( 'NONE', *, *, #2976, .F. ) ;
#7117 = FACE_OUTER_BOUND ( 'NONE', #6805, .T. ) ;
#7118 = CARTESIAN_POINT ( 'NONE',  ( -37.00000000000000711, -73.57658473601189542, 1.000000000000000888 ) ) ;
#7119 = CARTESIAN_POINT ( 'NONE',  ( -35.00000000000000000, 0.000000000000000000, 53.00000000000000000 ) ) ;
#7120 = DIRECTION ( 'NONE',  ( -0.000000000000000000, -1.000000000000000000, -0.000000000000000000 ) ) ;
#7121 = DIRECTION ( 'NONE',  ( 0.000000000000000000, 0.000000000000000000, 1.000000000000000000 ) ) ;
#7122 = ORIENTED_EDGE ( 'NONE', *, *, #2842, .F. ) ;
#7123 = EDGE_CURVE ( 'NONE', #5226, #2405, #654, .T. ) ;
#7124 = VECTOR ( 'NONE', #3799, 1000.000000000000000 ) ;
#7125 = EDGE_CURVE ( 'NONE', #3153, #1026, #831, .T. ) ;
#7126 = DIRECTION ( 'NONE',  ( 1.000000000000000000, 0.000000000000000000, 0.000000000000000000 ) ) ;
#7127 = VERTEX_POINT ( 'NONE', #2128 ) ;
#7128 = LINE ( 'NONE', #4016, #2584 ) ;
#7129 = CARTESIAN_POINT ( 'NONE',  ( 37.00000000000000711, -56.57658473601188831, 3.999999999999986233 ) ) ;
#7130 = ADVANCED_FACE ( 'NONE', ( #3096 ), #4476, .T. ) ;
#7131 = DATE_TIME_ROLE ( 'classification_date' ) ;
#7132 = EDGE_CURVE ( 'NONE', #7519, #4473, #6321, .T. ) ;
#7133 = ORIENTED_EDGE ( 'NONE', *, *, #1424, .F. ) ;
#7134 = PLANE ( 'NONE',  #3730 ) ;
#7135 = DIRECTION ( 'NONE',  ( -0.000000000000000000, -1.000000000000000000, -0.000000000000000000 ) ) ;
#7136 = EDGE_CURVE ( 'NONE', #2973, #7630, #931, .T. ) ;
#7137 = CARTESIAN_POINT ( 'NONE',  ( -40.00000000000000711, -76.57658473601189542, -59.00000000000000000 ) ) ;
#7138 = LINE ( 'NONE', #701, #6499 ) ;
#7139 = PRODUCT_DEFINITION ( 'UNKNOWN', '', #2127, #4971 ) ;
#7140 = EDGE_LOOP ( 'NONE', ( #6362, #6480, #6831, #4138 ) ) ;
#7141 = ORIENTED_EDGE ( 'NONE', *, *, #3653, .T. ) ;
#7142 = CARTESIAN_POINT ( 'NONE',  ( -37.00000000000009237, -56.57658473601188831, -24.99999999999999645 ) ) ;
#7143 = DIRECTION ( 'NONE',  ( 0.000000000000000000, 1.000000000000000000, 0.000000000000000000 ) ) ;
#7144 = ORIENTED_EDGE ( 'NONE', *, *, #5527, .F. ) ;
#7145 = DIRECTION ( 'NONE',  ( 0.000000000000000000, -1.000000000000000000, 0.000000000000000000 ) ) ;
#7146 = LINE ( 'NONE', #2071, #256 ) ;
#7147 = AXIS2_PLACEMENT_3D ( 'NONE', #6381, #3350, #2757 ) ;
#7148 = PERSON_AND_ORGANIZATION ( #1820, #6598 ) ;
#7149 = ORIENTED_EDGE ( 'NONE', *, *, #752, .F. ) ;
#7150 = CARTESIAN_POINT ( 'NONE',  ( 36.99999999999999289, -14.99999999999998046, -1.000000000000000000 ) ) ;
#7151 = ORIENTED_EDGE ( 'NONE', *, *, #421, .T. ) ;
#7152 = CARTESIAN_POINT ( 'NONE',  ( 35.00000000000000000, 0.000000000000000000, 53.00000000000000000 ) ) ;
#7153 = LINE ( 'NONE', #6077, #3674 ) ;
#7154 = EDGE_LOOP ( 'NONE', ( #2333, #2289, #5235, #2412, #170, #5979, #7046, #7007 ) ) ;
#7155 = PERSON_AND_ORGANIZATION_ROLE ( 'design_owner' ) ;
#7156 = LINE ( 'NONE', #4009, #5186 ) ;
#7157 = CARTESIAN_POINT ( 'NONE',  ( -37.00000000000000711, -73.57658473601189542, -59.00000000000000000 ) ) ;
#7158 = LINE ( 'NONE', #2018, #2615 ) ;
#7159 = CARTESIAN_POINT ( 'NONE',  ( -37.00000000000000711, -73.57658473601189542, -59.00000000000000000 ) ) ;
#7160 = ORIENTED_EDGE ( 'NONE', *, *, #6543, .F. ) ;
#7161 = FACE_OUTER_BOUND ( 'NONE', #486, .T. ) ;
#7162 = DIRECTION ( 'NONE',  ( 0.3162277660168382742, 0.000000000000000000, 0.9486832980505137680 ) ) ;
#7163 = CARTESIAN_POINT ( 'NONE',  ( 0.000000000000000000, -73.57658473601189542, 51.00000000000000000 ) ) ;
#7164 = FACE_OUTER_BOUND ( 'NONE', #6385, .T. ) ;
#7165 = DIRECTION ( 'NONE',  ( 0.000000000000000000, 0.000000000000000000, -1.000000000000000000 ) ) ;
#7166 = DIRECTION ( 'NONE',  ( 0.000000000000000000, 1.000000000000000000, 0.000000000000000000 ) ) ;
#7167 = CARTESIAN_POINT ( 'NONE',  ( 0.000000000000000000, 0.000000000000000000, -59.00000000000000000 ) ) ;
#7168 = EDGE_CURVE ( 'NONE', #2239, #6570, #6975, .T. ) ;
#7169 = DIRECTION ( 'NONE',  ( 0.000000000000000000, -0.000000000000000000, -1.000000000000000000 ) ) ;
#7170 = AXIS2_PLACEMENT_3D ( 'NONE', #5155, #413, #4541 ) ;
#7171 = EDGE_LOOP ( 'NONE', ( #845, #615, #1780, #4488 ) ) ;
#7172 = VERTEX_POINT ( 'NONE', #7567 ) ;
#7173 = LINE ( 'NONE', #2626, #5579 ) ;
#7174 = VECTOR ( 'NONE', #4872, 1000.000000000000000 ) ;
#7175 = CARTESIAN_POINT ( 'NONE',  ( -35.00000000000000000, -71.57658473601189542, 53.00000000000000000 ) ) ;
#7176 = CARTESIAN_POINT ( 'NONE',  ( -37.00000000000000711, -73.57658473601189542, -59.00000000000000000 ) ) ;
#7177 = UNCERTAINTY_MEASURE_WITH_UNIT (LENGTH_MEASURE( 1.000000000000000082E-05 ), #276, 'distance_accuracy_value', 'NONE');
#7178 = ORIENTED_EDGE ( 'NONE', *, *, #5389, .T. ) ;
#7179 = EDGE_CURVE ( 'NONE', #3136, #6231, #3769, .T. ) ;
#7180 = VERTEX_POINT ( 'NONE', #3768 ) ;
#7181 = EDGE_CURVE ( 'NONE', #1723, #5676, #5400, .T. ) ;
#7182 = EDGE_LOOP ( 'NONE', ( #762, #5594, #4264, #7191 ) ) ;
#7183 = VERTEX_POINT ( 'NONE', #5754 ) ;
#7184 = APPROVAL ( #467, 'UNSPECIFIED' ) ;
#7185 = LINE ( 'NONE', #6540, #5589 ) ;
#7186 = CARTESIAN_POINT ( 'NONE',  ( 37.00000000000000711, -56.57658473601188831, 1.000000000000000888 ) ) ;
#7187 = APPROVAL_STATUS ( 'not_yet_approved' ) ;
#7188 = DIRECTION ( 'NONE',  ( 1.000000000000000000, 0.000000000000000000, 0.000000000000000000 ) ) ;
#7189 = ORIENTED_EDGE ( 'NONE', *, *, #4661, .T. ) ;
#7190 = DIRECTION ( 'NONE',  ( 8.673617379884027583E-16, -0.000000000000000000, 1.000000000000000000 ) ) ;
#7191 = ORIENTED_EDGE ( 'NONE', *, *, #6726, .T. ) ;
#7192 = ORIENTED_EDGE ( 'NONE', *, *, #4250, .T. ) ;
#7193 = DIRECTION ( 'NONE',  ( 0.000000000000000000, -1.000000000000000000, 0.000000000000000000 ) ) ;
#7194 = EDGE_LOOP ( 'NONE', ( #5881, #1707, #6926, #122 ) ) ;
#7195 = LINE ( 'NONE', #5192, #1525 ) ;
#7196 = EDGE_CURVE ( 'NONE', #2088, #3286, #3856, .T. ) ;
#7197 = LOCAL_TIME ( 13, 37, 31.00000000000000000, #7381 ) ;
#7198 = AXIS2_PLACEMENT_3D ( 'NONE', #4749, #2301, #7724 ) ;
#7199 = CARTESIAN_POINT ( 'NONE',  ( -34.00000000000000000, -15.00000000000000355, 1.000000000000000000 ) ) ;
#7200 = PLANE ( 'NONE',  #6433 ) ;
#7201 = ORIENTED_EDGE ( 'NONE', *, *, #7136, .T. ) ;
#7202 = CARTESIAN_POINT ( 'NONE',  ( 0.000000000000000000, 15.49999999999999467, 1.500000000000000000 ) ) ;
#7203 = LINE ( 'NONE', #5574, #2483 ) ;
#7204 = LINE ( 'NONE', #4120, #3720 ) ;
#7205 = ORIENTED_EDGE ( 'NONE', *, *, #7062, .F. ) ;
#7206 = AXIS2_PLACEMENT_3D ( 'NONE', #3314, #6344, #6940 ) ;
#7207 = FACE_OUTER_BOUND ( 'NONE', #7291, .T. ) ;
#7208 = DIRECTION ( 'NONE',  ( 0.000000000000000000, 1.000000000000000000, 0.000000000000000000 ) ) ;
#7209 = ORIENTED_EDGE ( 'NONE', *, *, #5668, .F. ) ;
#7210 = LINE ( 'NONE', #5200, #6482 ) ;
#7211 = CARTESIAN_POINT ( 'NONE',  ( 33.99999999999996447, -15.50000000000000178, 1.500000000000000000 ) ) ;
#7212 = DIRECTION ( 'NONE',  ( 0.000000000000000000, 0.000000000000000000, -1.000000000000000000 ) ) ;
#7213 = CARTESIAN_POINT ( 'NONE',  ( -34.50000000000000000, 0.000000000000000000, 1.000000000000000000 ) ) ;
#7214 = CARTESIAN_POINT ( 'NONE',  ( 36.99999999999999289, 14.99999999999997335, -1.000000000000000000 ) ) ;
#7215 = EDGE_CURVE ( 'NONE', #5679, #7538, #6530, .T. ) ;
#7216 = ORIENTED_EDGE ( 'NONE', *, *, #3427, .T. ) ;
#7217 = AXIS2_PLACEMENT_3D ( 'NONE', #6477, #7592, #5812 ) ;
#7218 = FACE_OUTER_BOUND ( 'NONE', #1670, .T. ) ;
#7219 = DIRECTION ( 'NONE',  ( 0.000000000000000000, 1.000000000000000000, 0.000000000000000000 ) ) ;
#7220 = PLANE ( 'NONE',  #3024 ) ;
#7221 = ORIENTED_EDGE ( 'NONE', *, *, #2776, .T. ) ;
#7222 = VECTOR ( 'NONE', #799, 1000.000000000000000 ) ;
#7223 = EDGE_CURVE ( 'NONE', #6709, #1677, #1601, .T. ) ;
#7224 = EDGE_CURVE ( 'NONE', #3628, #2058, #6524, .T. ) ;
#7225 = AXIS2_PLACEMENT_3D ( 'NONE', #1665, #7013, #5241 ) ;
#7226 = DIRECTION ( 'NONE',  ( 0.3162277660168382742, -0.000000000000000000, -0.9486832980505137680 ) ) ;
#7227 = ORIENTED_EDGE ( 'NONE', *, *, #6966, .F. ) ;
#7228 = VECTOR ( 'NONE', #969, 1000.000000000000000 ) ;
#7229 = ORIENTED_EDGE ( 'NONE', *, *, #1574, .T. ) ;
#7230 = VECTOR ( 'NONE', #137, 1000.000000000000000 ) ;
#7231 = ORIENTED_EDGE ( 'NONE', *, *, #6431, .T. ) ;
#7232 = CARTESIAN_POINT ( 'NONE',  ( 31.00000000000000000, -73.57658473601189542, 40.00000000000000000 ) ) ;
#7233 = PERSON_AND_ORGANIZATION_ROLE ( 'creator' ) ;
#7234 = EDGE_CURVE ( 'NONE', #4157, #9, #6221, .T. ) ;
#7235 = AXIS2_PLACEMENT_3D ( 'NONE', #1488, #5201, #6950 ) ;
#7236 = ORIENTED_EDGE ( 'NONE', *, *, #1853, .F. ) ;
#7237 = ORIENTED_EDGE ( 'NONE', *, *, #3020, .F. ) ;
#7238 = DIRECTION ( 'NONE',  ( 0.000000000000000000, -0.000000000000000000, 1.000000000000000000 ) ) ;
#7239 = EDGE_LOOP ( 'NONE', ( #3481, #2895, #5496, #348 ) ) ;
#7240 = LINE ( 'NONE', #4084, #2421 ) ;
#7241 = CARTESIAN_POINT ( 'NONE',  ( -36.00000000000009237, -56.57658473601188831, 24.99999999999999645 ) ) ;
#7242 = PLANE ( 'NONE',  #5799 ) ;
#7243 = ORIENTED_EDGE ( 'NONE', *, *, #2348, .F. ) ;
#7244 = AXIS2_PLACEMENT_3D ( 'NONE', #2105, #6303, #5068 ) ;
#7245 = VECTOR ( 'NONE', #640, 1000.000000000000000 ) ;
#7246 = VECTOR ( 'NONE', #2511, 1000.000000000000000 ) ;
#7247 = DIRECTION ( 'NONE',  ( -0.000000000000000000, 0.000000000000000000, 1.000000000000000000 ) ) ;
#7248 = CARTESIAN_POINT ( 'NONE',  ( 0.000000000000000000, -56.57658473601188831, 51.00000000000000000 ) ) ;
#7249 = DIRECTION ( 'NONE',  ( -1.000000000000000000, 0.000000000000000000, 0.000000000000000000 ) ) ;
#7250 = ORIENTED_EDGE ( 'NONE', *, *, #1692, .F. ) ;
#7251 = FACE_OUTER_BOUND ( 'NONE', #1910, .T. ) ;
#7252 = FACE_OUTER_BOUND ( 'NONE', #5686, .T. ) ;
#7253 = CARTESIAN_POINT ( 'NONE',  ( -36.00000000000009237, -56.57658473601188831, 27.00000000000000000 ) ) ;
#7254 =( REPRESENTATION_RELATIONSHIP ('NONE','NONE', #7604, #7587 ) REPRESENTATION_RELATIONSHIP_WITH_TRANSFORMATION ( #5985 )SHAPE_REPRESENTATION_RELATIONSHIP( ) );
#7255 = VERTEX_POINT ( 'NONE', #7505 ) ;
#7256 = CARTESIAN_POINT ( 'NONE',  ( -31.00000000000000000, -56.57658473601188831, 40.00000000000000000 ) ) ;
#7257 = LINE ( 'NONE', #186, #2532 ) ;
#7258 = DIRECTION ( 'NONE',  ( -0.000000000000000000, -1.000000000000000000, -0.000000000000000000 ) ) ;
#7259 = FACE_OUTER_BOUND ( 'NONE', #6133, .T. ) ;
#7260 = ORIENTED_EDGE ( 'NONE', *, *, #161, .F. ) ;
#7261 = DIRECTION ( 'NONE',  ( 0.000000000000000000, 0.000000000000000000, 1.000000000000000000 ) ) ;
#7262 = VERTEX_POINT ( 'NONE', #3916 ) ;
#7263 = CARTESIAN_POINT ( 'NONE',  ( 37.00000000000000711, -56.57658473601188831, 59.00000000000000000 ) ) ;
#7264 = DIRECTION ( 'NONE',  ( 0.000000000000000000, 0.000000000000000000, 1.000000000000000000 ) ) ;
#7265 = LINE ( 'NONE', #885, #2345 ) ;
#7266 = EDGE_CURVE ( 'NONE', #2545, #5024, #5091, .T. ) ;
#7267 = LINE ( 'NONE', #5220, #11 ) ;
#7268 = DIRECTION ( 'NONE',  ( -1.000000000000000000, 0.000000000000000000, 0.000000000000000000 ) ) ;
#7269 = AXIS2_PLACEMENT_3D ( 'NONE', #3468, #2883, #1651 ) ;
#7270 = ORIENTED_EDGE ( 'NONE', *, *, #5209, .T. ) ;
#7271 = ORIENTED_EDGE ( 'NONE', *, *, #3441, .T. ) ;
#7272 = DIRECTION ( 'NONE',  ( 0.000000000000000000, 0.000000000000000000, 1.000000000000000000 ) ) ;
#7273 = ORIENTED_EDGE ( 'NONE', *, *, #1409, .T. ) ;
#7274 = ORIENTED_EDGE ( 'NONE', *, *, #6326, .T. ) ;
#7275 = CALENDAR_DATE ( 2022, 27, 1 ) ;
#7276 = VECTOR ( 'NONE', #2427, 1000.000000000000000 ) ;
#7277 = CARTESIAN_POINT ( 'NONE',  ( -36.00000000000009237, -56.57658473601188831, -24.99999999999999645 ) ) ;
#7278 = ORIENTED_EDGE ( 'NONE', *, *, #4365, .F. ) ;
#7279 = EDGE_CURVE ( 'NONE', #1796, #3325, #2248, .T. ) ;
#7280 = EDGE_CURVE ( 'NONE', #4397, #6659, #645, .T. ) ;
#7281 = ORIENTED_EDGE ( 'NONE', *, *, #2317, .T. ) ;
#7282 = CC_DESIGN_APPROVAL ( #2845, ( #4455 ) ) ;
#7283 = VECTOR ( 'NONE', #2254, 1000.000000000000000 ) ;
#7284 = DIRECTION ( 'NONE',  ( 0.000000000000000000, -1.000000000000000000, 0.000000000000000000 ) ) ;
#7285 = APPROVAL_STATUS ( 'not_yet_approved' ) ;
#7286 = VECTOR ( 'NONE', #5693, 1000.000000000000000 ) ;
#7287 = CALENDAR_DATE ( 2022, 27, 1 ) ;
#7288 = DIRECTION ( 'NONE',  ( 0.000000000000000000, -1.000000000000000000, 0.000000000000000000 ) ) ;
#7289 = PLANE ( 'NONE',  #5190 ) ;
#7290 = DIRECTION ( 'NONE',  ( -0.000000000000000000, -1.000000000000000000, -0.000000000000000000 ) ) ;
#7291 = EDGE_LOOP ( 'NONE', ( #867, #5414, #1712, #4601 ) ) ;
#7292 = ORIENTED_EDGE ( 'NONE', *, *, #3843, .F. ) ;
#7293 = LINE ( 'NONE', #1619, #2954 ) ;
#7294 = AXIS2_PLACEMENT_3D ( 'NONE', #7760, #1668, #2259 ) ;
#7295 = LINE ( 'NONE', #7012, #5701 ) ;
#7296 = DIRECTION ( 'NONE',  ( 0.000000000000000000, 0.000000000000000000, -1.000000000000000000 ) ) ;
#7297 = PLANE ( 'NONE',  #2949 ) ;
#7298 = CARTESIAN_POINT ( 'NONE',  ( -31.00000000000000000, -56.57658473601188831, 40.00000000000000000 ) ) ;
#7299 = ORIENTED_EDGE ( 'NONE', *, *, #6589, .T. ) ;
#7300 = DIRECTION ( 'NONE',  ( 0.000000000000000000, 0.000000000000000000, 1.000000000000000000 ) ) ;
#7301 = CIRCLE ( 'NONE', #6517, 3.000000000000002665 ) ;
#7302 = PLANE ( 'NONE',  #5062 ) ;
#7303 = CARTESIAN_POINT ( 'NONE',  ( 36.00000000000009237, -76.73886239618028071, 27.00000000000000000 ) ) ;
#7304 = AXIS2_PLACEMENT_3D ( 'NONE', #7360, #5611, #6206 ) ;
#7305 = DIRECTION ( 'NONE',  ( -1.000000000000000000, -2.551063935260011231E-17, 0.000000000000000000 ) ) ;
#7306 = VERTEX_POINT ( 'NONE', #3357 ) ;
#7307 = VECTOR ( 'NONE', #3082, 1000.000000000000000 ) ;
#7308 = ORIENTED_EDGE ( 'NONE', *, *, #5238, .F. ) ;
#7309 = DIRECTION ( 'NONE',  ( 0.000000000000000000, 0.000000000000000000, 1.000000000000000000 ) ) ;
#7310 = VECTOR ( 'NONE', #6487, 1000.000000000000000 ) ;
#7311 = ORIENTED_EDGE ( 'NONE', *, *, #1575, .F. ) ;
#7312 = DIRECTION ( 'NONE',  ( -1.000000000000000000, 0.000000000000000000, 0.000000000000000000 ) ) ;
#7313 = DIRECTION ( 'NONE',  ( -0.000000000000000000, -1.000000000000000000, -0.000000000000000000 ) ) ;
#7314 = EDGE_CURVE ( 'NONE', #7417, #2640, #273, .T. ) ;
#7315 = ADVANCED_BREP_SHAPE_REPRESENTATION ( '', ( #3926, #5227 ), #3994 ) ;
#7316 = LINE ( 'NONE', #5625, #999 ) ;
#7317 = CARTESIAN_POINT ( 'NONE',  ( 37.00000000000000711, -56.57658473601188831, -59.00000000000000000 ) ) ;
#7318 = DIRECTION ( 'NONE',  ( 0.000000000000000000, 0.000000000000000000, 1.000000000000000000 ) ) ;
#7319 = CIRCLE ( 'NONE', #4840, 0.5000000000000004441 ) ;
#7320 = CARTESIAN_POINT ( 'NONE',  ( 37.00000000000000711, -56.57658473601188831, -59.00000000000000000 ) ) ;
#7321 = ORIENTED_EDGE ( 'NONE', *, *, #717, .F. ) ;
#7322 = PLANE ( 'NONE',  #3844 ) ;
#7323 = EDGE_LOOP ( 'NONE', ( #6232, #7549, #6315, #1249 ) ) ;
#7324 = CARTESIAN_POINT ( 'NONE',  ( 36.00000000000009237, -56.57658473601188831, -27.00000000000000000 ) ) ;
#7325 = EDGE_CURVE ( 'NONE', #3980, #5729, #2827, .T. ) ;
#7326 = EDGE_CURVE ( 'NONE', #1101, #343, #7446, .T. ) ;
#7327 = ORIENTED_EDGE ( 'NONE', *, *, #3133, .T. ) ;
#7328 = CC_DESIGN_PERSON_AND_ORGANIZATION_ASSIGNMENT ( #4317, #517, ( #3266 ) ) ;
#7329 = ORIENTED_EDGE ( 'NONE', *, *, #1789, .F. ) ;
#7330 = VECTOR ( 'NONE', #5747, 1000.000000000000000 ) ;
#7331 = CARTESIAN_POINT ( 'NONE',  ( -31.00000000000000000, -56.57658473601188831, -40.00000000000000000 ) ) ;
#7332 = CALENDAR_DATE ( 2022, 27, 1 ) ;
#7333 = DIRECTION ( 'NONE',  ( 1.000000000000000000, 0.000000000000000000, 0.000000000000000000 ) ) ;
#7334 = ORIENTED_EDGE ( 'NONE', *, *, #4561, .F. ) ;
#7335 = VERTEX_POINT ( 'NONE', #448 ) ;
#7336 = CARTESIAN_POINT ( 'NONE',  ( -31.00000000000000000, -46.67708979940022118, -40.00000000000000000 ) ) ;
#7337 = LINE ( 'NONE', #3489, #354 ) ;
#7338 = EDGE_CURVE ( 'NONE', #3257, #5820, #3180, .T. ) ;
#7339 = CARTESIAN_POINT ( 'NONE',  ( 31.00000000000000000, -56.57658473601188831, 43.50000000000000711 ) ) ;
#7340 = AXIS2_PLACEMENT_3D ( 'NONE', #6384, #1603, #6443 ) ;
#7341 = CARTESIAN_POINT ( 'NONE',  ( -36.00000000000009237, -56.57658473601188831, 27.00000000000000000 ) ) ;
#7342 = ORIENTED_EDGE ( 'NONE', *, *, #2228, .T. ) ;
#7343 = LINE ( 'NONE', #2334, #5750 ) ;
#7344 = PLANE ( 'NONE',  #297 ) ;
#7345 = FACE_OUTER_BOUND ( 'NONE', #7044, .T. ) ;
#7346 = CARTESIAN_POINT ( 'NONE',  ( -40.00000000000000711, -56.57658473601188831, -59.00000000000000000 ) ) ;
#7347 = CARTESIAN_POINT ( 'NONE',  ( 31.00000000000000000, -73.57658473601189542, -40.00000000000000000 ) ) ;
#7348 = AXIS2_PLACEMENT_3D ( 'NONE', #4230, #6688, #3841 ) ;
#7349 = ORIENTED_EDGE ( 'NONE', *, *, #2581, .T. ) ;
#7350 = PRODUCT_DEFINITION_SHAPE ( 'NONE', 'NONE',  #7831 ) ;
#7351 = VECTOR ( 'NONE', #2045, 1000.000000000000000 ) ;
#7352 = LINE ( 'NONE', #2417, #2534 ) ;
#7353 = CARTESIAN_POINT ( 'NONE',  ( -37.00000000000000711, -73.57658473601189542, 51.00000000000000000 ) ) ;
#7354 = EDGE_LOOP ( 'NONE', ( #2743, #7816, #2986, #5216 ) ) ;
#7355 = FACE_OUTER_BOUND ( 'NONE', #1562, .T. ) ;
#7356 = CIRCLE ( 'NONE', #2968, 3.500000000000003109 ) ;
#7357 = DIRECTION ( 'NONE',  ( 0.000000000000000000, 0.000000000000000000, -1.000000000000000000 ) ) ;
#7358 = EDGE_CURVE ( 'NONE', #1621, #2082, #4332, .T. ) ;
#7359 = AXIS2_PLACEMENT_3D ( 'NONE', #574, #2353, #4192 ) ;
#7360 = CARTESIAN_POINT ( 'NONE',  ( -37.00000000000000711, -73.57658473601189542, -59.00000000000000000 ) ) ;
#7361 = ORIENTED_EDGE ( 'NONE', *, *, #3478, .T. ) ;
#7362 = VERTEX_POINT ( 'NONE', #3458 ) ;
#7363 = DIRECTION ( 'NONE',  ( 0.000000000000000000, 1.000000000000000000, 0.000000000000000000 ) ) ;
#7364 = ORIENTED_EDGE ( 'NONE', *, *, #6041, .F. ) ;
#7365 = LINE ( 'NONE', #5822, #4173 ) ;
#7366 = DIRECTION ( 'NONE',  ( -0.000000000000000000, -1.000000000000000000, -0.000000000000000000 ) ) ;
#7367 = ADVANCED_FACE ( 'NONE', ( #1492 ), #1081, .F. ) ;
#7368 = CARTESIAN_POINT ( 'NONE',  ( 33.99999999999996447, -18.00000000000000355, -1.000000000000000000 ) ) ;
#7369 = EDGE_CURVE ( 'NONE', #110, #3546, #3088, .T. ) ;
#7370 = ORIENTED_EDGE ( 'NONE', *, *, #2055, .F. ) ;
#7371 = EDGE_CURVE ( 'NONE', #1723, #4667, #7735, .T. ) ;
#7372 = ORIENTED_EDGE ( 'NONE', *, *, #570, .T. ) ;
#7373 = DIRECTION ( 'NONE',  ( 1.000000000000000000, 0.000000000000000000, 0.000000000000000000 ) ) ;
#7374 = EDGE_CURVE ( 'NONE', #124, #5820, #1221, .T. ) ;
#7375 = VERTEX_POINT ( 'NONE', #4121 ) ;
#7376 = ORIENTED_EDGE ( 'NONE', *, *, #6492, .T. ) ;
#7377 = CARTESIAN_POINT ( 'NONE',  ( -37.00000000000000711, -56.57658473601188831, -59.00000000000000000 ) ) ;
#7378 = AXIS2_PLACEMENT_3D ( 'NONE', #6147, #4949, #3119 ) ;
#7379 = CARTESIAN_POINT ( 'NONE',  ( 36.00000000000000711, -73.57658473601189542, 1.000000000000000000 ) ) ;
#7380 = LINE ( 'NONE', #746, #7104 ) ;
#7381 = COORDINATED_UNIVERSAL_TIME_OFFSET ( 2, 0, .AHEAD. ) ;
#7382 = DIRECTION ( 'NONE',  ( 1.000000000000000000, 0.000000000000000000, 8.673617379884027583E-16 ) ) ;
#7383 = VERTEX_POINT ( 'NONE', #1640 ) ;
#7384 = CARTESIAN_POINT ( 'NONE',  ( 37.00000000000000711, -73.57658473601189542, -59.00000000000000000 ) ) ;
#7386 = CIRCLE ( 'NONE', #4428, 3.500000000000003109 ) ;
#7385 = CARTESIAN_POINT ( 'NONE',  ( 37.00000000000009237, -76.73886239618028071, 22.00000000000000000 ) ) ;
#7387 = FACE_OUTER_BOUND ( 'NONE', #1235, .T. ) ;
#7388 = EDGE_CURVE ( 'NONE', #2326, #1863, #1307, .T. ) ;
#7389 = EDGE_CURVE ( 'NONE', #6507, #1796, #1030, .T. ) ;
#7390 = EDGE_CURVE ( 'NONE', #3806, #5410, #2913, .T. ) ;
#7391 = VERTEX_POINT ( 'NONE', #4092 ) ;
#7392 = CC_DESIGN_APPROVAL ( #1076, ( #7482 ) ) ;
#7393 = VERTEX_POINT ( 'NONE', #1578 ) ;
#7394 = CARTESIAN_POINT ( 'NONE',  ( -35.00000000000000000, 0.000000000000000000, 51.00000000000000000 ) ) ;
#7395 = FACE_OUTER_BOUND ( 'NONE', #6744, .T. ) ;
#7396 = DIRECTION ( 'NONE',  ( 1.000000000000000000, 0.000000000000000000, 0.000000000000000000 ) ) ;
#7397 = ORIENTED_EDGE ( 'NONE', *, *, #3937, .T. ) ;
#7398 = VECTOR ( 'NONE', #6371, 1000.000000000000000 ) ;
#7399 = CARTESIAN_POINT ( 'NONE',  ( -36.00000000000000711, -73.57658473601189542, 1.000000000000000000 ) ) ;
#7400 = DIRECTION ( 'NONE',  ( 0.000000000000000000, 0.000000000000000000, 1.000000000000000000 ) ) ;
#7401 = DIRECTION ( 'NONE',  ( -1.000000000000000000, 0.000000000000000000, 0.000000000000000000 ) ) ;
#7402 = CARTESIAN_POINT ( 'NONE',  ( -37.00000000000009237, -73.57658473601189542, -27.00000000000000000 ) ) ;
#7403 = VERTEX_POINT ( 'NONE', #1024 ) ;
#7404 = VECTOR ( 'NONE', #7363, 1000.000000000000000 ) ;
#7405 = CARTESIAN_POINT ( 'NONE',  ( -37.00000000000009237, -56.57658473601188831, 24.99999999999999645 ) ) ;
#7406 = DIRECTION ( 'NONE',  ( 1.000000000000000000, 0.000000000000000000, 0.000000000000000000 ) ) ;
#7407 = CARTESIAN_POINT ( 'NONE',  ( 31.00000000000000000, -56.57658473601188831, -36.50000000000000000 ) ) ;
#7408 = ORIENTED_EDGE ( 'NONE', *, *, #6681, .T. ) ;
#7409 = DIRECTION ( 'NONE',  ( -0.000000000000000000, 0.000000000000000000, -1.000000000000000000 ) ) ;
#7410 = ADVANCED_FACE ( 'NONE', ( #2624 ), #2793, .F. ) ;
#7411 = VECTOR ( 'NONE', #2019, 1000.000000000000000 ) ;
#7412 = DIRECTION ( 'NONE',  ( 0.000000000000000000, -0.000000000000000000, -1.000000000000000000 ) ) ;
#7413 = DIRECTION ( 'NONE',  ( 0.000000000000000000, 0.000000000000000000, 1.000000000000000000 ) ) ;
#7414 = VERTEX_POINT ( 'NONE', #5841 ) ;
#7415 = LINE ( 'NONE', #5148, #1466 ) ;
#7416 = CARTESIAN_POINT ( 'NONE',  ( 37.00000000000000711, -56.57658473601188831, 59.00000000000000000 ) ) ;
#7417 = VERTEX_POINT ( 'NONE', #2255 ) ;
#7418 = LINE ( 'NONE', #5951, #6107 ) ;
#7419 = EDGE_CURVE ( 'NONE', #572, #3240, #2718, .T. ) ;
#7420 = AXIS2_PLACEMENT_3D ( 'NONE', #66, #2503, #2529 ) ;
#7421 = COORDINATED_UNIVERSAL_TIME_OFFSET ( 2, 0, .AHEAD. ) ;
#7422 = CARTESIAN_POINT ( 'NONE',  ( 33.99999999999998579, -15.00000000000000355, -1.000000000000000000 ) ) ;
#7423 = CARTESIAN_POINT ( 'NONE',  ( -31.00000000000000000, -46.67708979940022118, -40.00000000000000000 ) ) ;
#7424 = ORIENTED_EDGE ( 'NONE', *, *, #3808, .F. ) ;
#7425 = VERTEX_POINT ( 'NONE', #6504 ) ;
#7426 = DIRECTION ( 'NONE',  ( 0.000000000000000000, 0.000000000000000000, -1.000000000000000000 ) ) ;
#7427 = ORIENTED_EDGE ( 'NONE', *, *, #2514, .F. ) ;
#7428 = DIRECTION ( 'NONE',  ( 0.7071067811865442421, 0.000000000000000000, 0.7071067811865507924 ) ) ;
#7429 = VERTEX_POINT ( 'NONE', #6450 ) ;
#7430 = CARTESIAN_POINT ( 'NONE',  ( -37.00000000000000711, -56.57658473601188831, -59.00000000000000000 ) ) ;
#7431 = FACE_OUTER_BOUND ( 'NONE', #5013, .T. ) ;
#7432 = EDGE_CURVE ( 'NONE', #2553, #1302, #470, .T. ) ;
#7433 = EDGE_CURVE ( 'NONE', #4667, #6593, #5863, .T. ) ;
#7434 = AXIS2_PLACEMENT_3D ( 'NONE', #6945, #7554, #4605 ) ;
#7435 = DIRECTION ( 'NONE',  ( 0.000000000000000000, 0.000000000000000000, -1.000000000000000000 ) ) ;
#7436 = CARTESIAN_POINT ( 'NONE',  ( -37.00000000000009237, -76.73886239618028071, 24.99999999999999645 ) ) ;
#7437 = ORIENTED_EDGE ( 'NONE', *, *, #1777, .F. ) ;
#7438 = CARTESIAN_POINT ( 'NONE',  ( -37.00000000000000711, -73.57658473601189542, -59.00000000000000000 ) ) ;
#7439 = CARTESIAN_POINT ( 'NONE',  ( -34.50000000000000000, -15.00000000000000533, 1.500000000000000000 ) ) ;
#7440 = CYLINDRICAL_SURFACE ( 'NONE', #476, 3.500000000000003109 ) ;
#7441 = VECTOR ( 'NONE', #207, 1000.000000000000000 ) ;
#7442 = EDGE_LOOP ( 'NONE', ( #7455, #7469, #3116, #1866 ) ) ;
#7443 = ORIENTED_EDGE ( 'NONE', *, *, #5059, .T. ) ;
#7444 = CARTESIAN_POINT ( 'NONE',  ( 37.00000000000000711, -73.57658473601189542, 54.99999999999999289 ) ) ;
#7445 = FACE_BOUND ( 'NONE', #2271, .T. ) ;
#7446 = LINE ( 'NONE', #5569, #6879 ) ;
#7447 = ORIENTED_EDGE ( 'NONE', *, *, #6181, .T. ) ;
#7448 = CARTESIAN_POINT ( 'NONE',  ( -37.00000000000000711, -73.57658473601189542, -59.00000000000000000 ) ) ;
#7449 = VECTOR ( 'NONE', #6834, 1000.000000000000000 ) ;
#7450 = CARTESIAN_POINT ( 'NONE',  ( -36.00000000000009237, -76.73886239618028071, -27.00000000000000000 ) ) ;
#7451 = LINE ( 'NONE', #556, #196 ) ;
#7452 = AXIS2_PLACEMENT_3D ( 'NONE', #4486, #871, #5714 ) ;
#7453 = EDGE_LOOP ( 'NONE', ( #3309, #2363, #4950, #5106 ) ) ;
#7454 = ORIENTED_EDGE ( 'NONE', *, *, #2080, .T. ) ;
#7455 = ORIENTED_EDGE ( 'NONE', *, *, #2215, .F. ) ;
#7456 = ORIENTED_EDGE ( 'NONE', *, *, #961, .F. ) ;
#7457 = DIRECTION ( 'NONE',  ( 0.000000000000000000, -1.000000000000000000, 0.000000000000000000 ) ) ;
#7458 = LINE ( 'NONE', #5854, #1421 ) ;
#7459 = DIRECTION ( 'NONE',  ( 1.000000000000000000, 2.551063935260011231E-17, 0.000000000000000000 ) ) ;
#7460 = ORIENTED_EDGE ( 'NONE', *, *, #212, .F. ) ;
#7461 = ORIENTED_EDGE ( 'NONE', *, *, #6533, .T. ) ;
#7462 = ORIENTED_EDGE ( 'NONE', *, *, #6542, .F. ) ;
#7463 = VERTEX_POINT ( 'NONE', #4701 ) ;
#7464 = EDGE_CURVE ( 'NONE', #951, #589, #5658, .T. ) ;
#7465 = VECTOR ( 'NONE', #5505, 1000.000000000000000 ) ;
#7466 = ITEM_DEFINED_TRANSFORMATION ( 'NONE', 'NONE', #3702,  #5227 ) ;
#7467 = CARTESIAN_POINT ( 'NONE',  ( 36.00000000000009237, -56.57658473601188831, 24.99999999999999645 ) ) ;
#7468 = ADVANCED_FACE ( 'NONE', ( #1123 ), #7220, .T. ) ;
#7469 = ORIENTED_EDGE ( 'NONE', *, *, #2667, .T. ) ;
#7470 = VECTOR ( 'NONE', #3388, 1000.000000000000000 ) ;
#7471 = LINE ( 'NONE', #206, #3793 ) ;
#7473 = DIRECTION ( 'NONE',  ( 1.000000000000000000, 0.000000000000000000, 0.000000000000000000 ) ) ;
#7472 = COORDINATED_UNIVERSAL_TIME_OFFSET ( 2, 0, .AHEAD. ) ;
#7474 = CARTESIAN_POINT ( 'NONE',  ( -36.00000000000009237, -76.73886239618028071, 24.99999999999999645 ) ) ;
#7475 = DESIGN_CONTEXT ( 'detailed design', #1121, 'design' ) ;
#7476 = EDGE_CURVE ( 'NONE', #3818, #2969, #4056, .T. ) ;
#7477 = DIRECTION ( 'NONE',  ( 0.000000000000000000, 1.000000000000000000, 0.000000000000000000 ) ) ;
#7478 = EDGE_CURVE ( 'NONE', #3634, #2010, #2061, .T. ) ;
#7479 = ADVANCED_FACE ( 'NONE', ( #5751, #7345 ), #5399, .F. ) ;
#7480 = CARTESIAN_POINT ( 'NONE',  ( -37.00000000000000711, -73.57658473601189542, 53.00000000000000000 ) ) ;
#7481 = ORIENTED_EDGE ( 'NONE', *, *, #7234, .T. ) ;
#7482 = SECURITY_CLASSIFICATION ( '', '', #1782 ) ;
#7483 = VERTEX_POINT ( 'NONE', #25 ) ;
#7484 = DIRECTION ( 'NONE',  ( -0.000000000000000000, 1.000000000000000000, -0.000000000000000000 ) ) ;
#7485 = FACE_OUTER_BOUND ( 'NONE', #4031, .T. ) ;
#7486 = LINE ( 'NONE', #4400, #5329 ) ;
#7487 = CARTESIAN_POINT ( 'NONE',  ( 37.00000000000000711, -56.57658473601188831, -59.00000000000000000 ) ) ;
#7488 = CARTESIAN_POINT ( 'NONE',  ( -35.00000000000000000, -71.57658473601189542, 54.99999999999999289 ) ) ;
#7489 = ORIENTED_EDGE ( 'NONE', *, *, #6631, .F. ) ;
#7490 = VECTOR ( 'NONE', #3554, 1000.000000000000000 ) ;
#7491 = EDGE_CURVE ( 'NONE', #4489, #491, #3382, .T. ) ;
#7492 = AXIS2_PLACEMENT_3D ( 'NONE', #6500, #5968, #2325 ) ;
#7493 = ADVANCED_FACE ( 'NONE', ( #1699 ), #7643, .T. ) ;
#7494 = ORIENTED_EDGE ( 'NONE', *, *, #2787, .F. ) ;
#7495 = DIRECTION ( 'NONE',  ( -0.3162277660168381077, 0.000000000000000000, -0.9486832980505137680 ) ) ;
#7496 = VECTOR ( 'NONE', #2446, 1000.000000000000000 ) ;
#7497 = CARTESIAN_POINT ( 'NONE',  ( -35.00000000000000000, 0.000000000000000000, -53.00000000000000000 ) ) ;
#7498 = ORIENTED_EDGE ( 'NONE', *, *, #3315, .F. ) ;
#7499 = CARTESIAN_POINT ( 'NONE',  ( 0.000000000000000000, 0.000000000000000000, 53.00000000000000000 ) ) ;
#7500 = CARTESIAN_POINT ( 'NONE',  ( -37.00000000000000711, -73.57658473601189542, 54.99999999999999289 ) ) ;
#7501 = LINE ( 'NONE', #3291, #4481 ) ;
#7502 = VECTOR ( 'NONE', #2654, 1000.000000000000000 ) ;
#7503 = LINE ( 'NONE', #5321, #4221 ) ;
#7504 = CARTESIAN_POINT ( 'NONE',  ( -31.00000000000000000, -46.67708979940022118, 40.00000000000000000 ) ) ;
#7505 = CARTESIAN_POINT ( 'NONE',  ( -36.00000000000009237, -73.57658473601189542, -24.99999999999999289 ) ) ;
#7506 = DIRECTION ( 'NONE',  ( 0.000000000000000000, -1.000000000000000000, 0.000000000000000000 ) ) ;
#7507 = CARTESIAN_POINT ( 'NONE',  ( 34.49999999999998579, 14.99999999999997335, 1.500000000000000000 ) ) ;
#7508 = ORIENTED_EDGE ( 'NONE', *, *, #5057, .T. ) ;
#7509 = VERTEX_POINT ( 'NONE', #600 ) ;
#7510 = ADVANCED_FACE ( 'NONE', ( #4622 ), #2330, .T. ) ;
#7511 = VERTEX_POINT ( 'NONE', #4143 ) ;
#7512 = VECTOR ( 'NONE', #5259, 1000.000000000000000 ) ;
#7513 = EDGE_CURVE ( 'NONE', #6850, #2807, #1794, .T. ) ;
#7514 = DIRECTION ( 'NONE',  ( 0.000000000000000000, -0.000000000000000000, -1.000000000000000000 ) ) ;
#7515 = LOCAL_TIME ( 13, 37, 31.00000000000000000, #1867 ) ;
#7516 = DIRECTION ( 'NONE',  ( -0.000000000000000000, 1.000000000000000000, -0.000000000000000000 ) ) ;
#7517 = ORIENTED_EDGE ( 'NONE', *, *, #511, .T. ) ;
#7518 = EDGE_CURVE ( 'NONE', #2089, #5678, #2437, .T. ) ;
#7519 = VERTEX_POINT ( 'NONE', #1103 ) ;
#7520 = AXIS2_PLACEMENT_3D ( 'NONE', #399, #6418, #5904 ) ;
#7521 = LINE ( 'NONE', #3521, #4139 ) ;
#7522 = DIRECTION ( 'NONE',  ( 0.000000000000000000, 0.000000000000000000, 1.000000000000000000 ) ) ;
#7523 = ADVANCED_FACE ( 'NONE', ( #7252 ), #2355, .T. ) ;
#7524 =( LENGTH_UNIT ( ) NAMED_UNIT ( * ) SI_UNIT ( .MILLI., .METRE. ) );
#7525 = DIRECTION ( 'NONE',  ( 1.000000000000000000, 0.000000000000000000, 0.000000000000000000 ) ) ;
#7526 = CARTESIAN_POINT ( 'NONE',  ( 37.00000000000009237, -56.57658473601188831, -24.99999999999999645 ) ) ;
#7527 = CARTESIAN_POINT ( 'NONE',  ( 0.000000000000000000, -71.57658473601189542, -53.00000000000000000 ) ) ;
#7528 = ORIENTED_EDGE ( 'NONE', *, *, #1617, .T. ) ;
#7529 = LINE ( 'NONE', #340, #6127 ) ;
#7530 = EDGE_CURVE ( 'NONE', #6037, #7090, #5001, .T. ) ;
#7531 = EDGE_CURVE ( 'NONE', #2586, #1881, #6313, .T. ) ;
#7532 = VECTOR ( 'NONE', #5813, 1000.000000000000000 ) ;
#7533 = CC_DESIGN_APPROVAL ( #1739, ( #7139 ) ) ;
#7534 = CARTESIAN_POINT ( 'NONE',  ( -35.00000000000000000, -71.57658473601189542, -53.00000000000000000 ) ) ;
#7535 = DIRECTION ( 'NONE',  ( 0.000000000000000000, 0.000000000000000000, -1.000000000000000000 ) ) ;
#7536 = DIRECTION ( 'NONE',  ( 0.000000000000000000, -1.000000000000000000, 0.000000000000000000 ) ) ;
#7537 = DIRECTION ( 'NONE',  ( 0.000000000000000000, -0.000000000000000000, -1.000000000000000000 ) ) ;
#7538 = VERTEX_POINT ( 'NONE', #4243 ) ;
#7539 = CARTESIAN_POINT ( 'NONE',  ( 36.00000000000000711, -76.73886239618028071, -1.000000000000000000 ) ) ;
#7540 = LINE ( 'NONE', #2620, #2723 ) ;
#7541 = LINE ( 'NONE', #4607, #1705 ) ;
#7542 = EDGE_CURVE ( 'NONE', #6659, #2172, #5085, .T. ) ;
#7544 = ADVANCED_FACE ( 'NONE', ( #1397 ), #1207, .T. ) ;
#7543 = AXIS2_PLACEMENT_3D ( 'NONE', #5166, #6378, #2726 ) ;
#7545 = VERTEX_POINT ( 'NONE', #527 ) ;
#7546 = CARTESIAN_POINT ( 'NONE',  ( -37.00000000000000711, -76.73886239618028071, -1.000000000000000888 ) ) ;
#7547 = CARTESIAN_POINT ( 'NONE',  ( -34.00000000000000000, 14.99999999999999645, 1.500000000000000000 ) ) ;
#7548 = DIRECTION ( 'NONE',  ( -0.000000000000000000, 0.000000000000000000, 1.000000000000000000 ) ) ;
#7549 = ORIENTED_EDGE ( 'NONE', *, *, #1629, .F. ) ;
#7550 = LINE ( 'NONE', #3425, #6429 ) ;
#7551 = LINE ( 'NONE', #3999, #5580 ) ;
#7552 = DIRECTION ( 'NONE',  ( -0.000000000000000000, -0.000000000000000000, -1.000000000000000000 ) ) ;
#7553 = ORIENTED_EDGE ( 'NONE', *, *, #708, .F. ) ;
#7554 = DIRECTION ( 'NONE',  ( 0.000000000000000000, 0.000000000000000000, 1.000000000000000000 ) ) ;
#7555 = ORIENTED_EDGE ( 'NONE', *, *, #4195, .F. ) ;
#7556 = ORIENTED_EDGE ( 'NONE', *, *, #7123, .T. ) ;
#7557 = CARTESIAN_POINT ( 'NONE',  ( -40.00000000000000711, -56.57658473601188831, 59.00000000000000000 ) ) ;
#7558 = EDGE_LOOP ( 'NONE', ( #6024, #5857, #384, #1962 ) ) ;
#7559 = ADVANCED_FACE ( 'NONE', ( #4418 ), #7200, .T. ) ;
#7560 = CARTESIAN_POINT ( 'NONE',  ( -35.00000000000000000, -71.57658473601189542, -54.99999999999994316 ) ) ;
#7561 = DIRECTION ( 'NONE',  ( 1.000000000000000000, 0.000000000000000000, -0.000000000000000000 ) ) ;
#7562 = FACE_OUTER_BOUND ( 'NONE', #7194, .T. ) ;
#7563 = VERTEX_POINT ( 'NONE', #1938 ) ;
#7564 = ORIENTED_EDGE ( 'NONE', *, *, #363, .T. ) ;
#7565 = CARTESIAN_POINT ( 'NONE',  ( -34.00000000000000000, -15.00000000000000355, 1.500000000000000000 ) ) ;
#7566 = VERTEX_POINT ( 'NONE', #1236 ) ;
#7567 = CARTESIAN_POINT ( 'NONE',  ( -35.00000000000000000, -71.57658473601189542, -53.00000000000000000 ) ) ;
#7568 = CARTESIAN_POINT ( 'NONE',  ( -37.00000000000000711, -56.57658473601188831, -59.00000000000000000 ) ) ;
#7569 = LINE ( 'NONE', #4603, #6906 ) ;
#7570 = APPROVAL_PERSON_ORGANIZATION ( #6247, #4563, #6618 ) ;
#7571 = ADVANCED_FACE ( 'NONE', ( #182 ), #3691, .T. ) ;
#7572 = ORIENTED_EDGE ( 'NONE', *, *, #2277, .F. ) ;
#7573 = EDGE_CURVE ( 'NONE', #7393, #5831, #3581, .T. ) ;
#7574 = FACE_OUTER_BOUND ( 'NONE', #6438, .T. ) ;
#7575 = AXIS2_PLACEMENT_3D ( 'NONE', #7817, #4333, #7357 ) ;
#7576 = CARTESIAN_POINT ( 'NONE',  ( 36.00000000000000711, -76.73886239618028071, -1.000000000000000000 ) ) ;
#7577 = FACE_OUTER_BOUND ( 'NONE', #4255, .T. ) ;
#7578 = DIRECTION ( 'NONE',  ( 0.000000000000000000, 0.000000000000000000, 1.000000000000000000 ) ) ;
#7579 = ORIENTED_EDGE ( 'NONE', *, *, #5987, .T. ) ;
#7580 = VECTOR ( 'NONE', #175, 1000.000000000000000 ) ;
#7581 = EDGE_CURVE ( 'NONE', #3374, #6116, #365, .T. ) ;
#7582 = DIRECTION ( 'NONE',  ( -1.000000000000000000, 0.000000000000000000, -0.000000000000000000 ) ) ;
#7583 = CARTESIAN_POINT ( 'NONE',  ( -37.00000000000000711, -73.57658473601189542, -1.000000000000000888 ) ) ;
#7584 = EDGE_CURVE ( 'NONE', #1419, #7262, #2819, .T. ) ;
#7585 = PLANE ( 'NONE',  #6793 ) ;
#7586 = CC_DESIGN_APPROVAL ( #711, ( #6272 ) ) ;
#7587 = SHAPE_REPRESENTATION ( 'side', ( #5227 ), #4968 ) ;
#7588 = DIRECTION ( 'NONE',  ( -1.000000000000000000, 0.000000000000000000, 0.000000000000000000 ) ) ;
#7589 = ORIENTED_EDGE ( 'NONE', *, *, #5934, .T. ) ;
#7590 = ADVANCED_FACE ( 'NONE', ( #7820 ), #1844, .T. ) ;
#7591 = LINE ( 'NONE', #4313, #1546 ) ;
#7592 = DIRECTION ( 'NONE',  ( 0.000000000000000000, 0.000000000000000000, 1.000000000000000000 ) ) ;
#7593 = CARTESIAN_POINT ( 'NONE',  ( -37.00000000000000711, -56.57658473601188831, -59.00000000000000000 ) ) ;
#7594 = DIRECTION ( 'NONE',  ( 0.000000000000000000, 1.000000000000000000, 0.000000000000000000 ) ) ;
#7595 = DIRECTION ( 'NONE',  ( 0.000000000000000000, -0.000000000000000000, -1.000000000000000000 ) ) ;
#7596 = EDGE_CURVE ( 'NONE', #2180, #2196, #6416, .T. ) ;
#7597 = CARTESIAN_POINT ( 'NONE',  ( -37.00000000000000711, -73.57658473601189542, -59.00000000000000000 ) ) ;
#7598 = DIRECTION ( 'NONE',  ( -0.000000000000000000, 0.000000000000000000, 1.000000000000000000 ) ) ;
#7599 = EDGE_CURVE ( 'NONE', #5430, #3340, #6965, .T. ) ;
#7600 = EDGE_LOOP ( 'NONE', ( #3718, #3528, #988, #1557 ) ) ;
#7601 = AXIS2_PLACEMENT_3D ( 'NONE', #4723, #4163, #3479 ) ;
#7602 = CYLINDRICAL_SURFACE ( 'NONE', #1538, 1.500000000000001332 ) ;
#7603 = ADVANCED_FACE ( 'NONE', ( #3484 ), #674, .F. ) ;
#7604 = SHAPE_REPRESENTATION ( '118x80x40 Plastic Enclosure_F', ( #7434, #4396, #6832, #4666, #3702 ), #425 ) ;
#7605 = CARTESIAN_POINT ( 'NONE',  ( 37.00000000000000711, -73.57658473601189542, 59.00000000000000000 ) ) ;
#7606 = EDGE_LOOP ( 'NONE', ( #4415, #6619, #1760, #7278 ) ) ;
#7607 = CARTESIAN_POINT ( 'NONE',  ( 37.00000000000000711, -76.73886239618028071, 1.000000000000000888 ) ) ;
#7608 = APPROVAL_PERSON_ORGANIZATION ( #1468, #6383, #7696 ) ;
#7609 = DIRECTION ( 'NONE',  ( 0.000000000000000000, -1.000000000000000000, 0.000000000000000000 ) ) ;
#7610 = ADVANCED_FACE ( 'NONE', ( #736 ), #3722, .T. ) ;
#7611 =( LENGTH_UNIT ( ) NAMED_UNIT ( * ) SI_UNIT ( .MILLI., .METRE. ) );
#7612 = ORIENTED_EDGE ( 'NONE', *, *, #1828, .F. ) ;
#7613 = LINE ( 'NONE', #4646, #7228 ) ;
#7614 = DIRECTION ( 'NONE',  ( -0.000000000000000000, 1.000000000000000000, -0.000000000000000000 ) ) ;
#7615 = ORIENTED_EDGE ( 'NONE', *, *, #1411, .T. ) ;
#7616 = CARTESIAN_POINT ( 'NONE',  ( 36.00000000000000711, -56.57658473601188831, 1.000000000000000000 ) ) ;
#7617 = DIRECTION ( 'NONE',  ( -0.9486832980505137680, 0.000000000000000000, 0.3162277660168381077 ) ) ;
#7618 = PERSON_AND_ORGANIZATION ( #1820, #6598 ) ;
#7619 = VERTEX_POINT ( 'NONE', #7368 ) ;
#7620 = DIRECTION ( 'NONE',  ( 1.000000000000000000, 0.000000000000000000, 0.000000000000000000 ) ) ;
#7621 = ORIENTED_EDGE ( 'NONE', *, *, #1165, .F. ) ;
#7622 = CARTESIAN_POINT ( 'NONE',  ( 37.00000000000000711, -73.57658473601189542, -59.00000000000000000 ) ) ;
#7623 = ORIENTED_EDGE ( 'NONE', *, *, #3712, .F. ) ;
#7624 = DIRECTION ( 'NONE',  ( 0.000000000000000000, -1.000000000000000000, 0.000000000000000000 ) ) ;
#7625 = EDGE_CURVE ( 'NONE', #396, #2395, #926, .T. ) ;
#7626 = EDGE_LOOP ( 'NONE', ( #792, #3604, #3576, #5815 ) ) ;
#7627 = CIRCLE ( 'NONE', #6510, 1.499999999999994449 ) ;
#7628 = CARTESIAN_POINT ( 'NONE',  ( 37.00000000000000711, -73.57658473601189542, -56.99999999999996447 ) ) ;
#7629 = AXIS2_PLACEMENT_3D ( 'NONE', #2587, #3211, #796 ) ;
#7630 = VERTEX_POINT ( 'NONE', #6675 ) ;
#7631 = ADVANCED_FACE ( 'NONE', ( #2527 ), #6073, .T. ) ;
#7632 = VECTOR ( 'NONE', #972, 1000.000000000000000 ) ;
#7633 = VECTOR ( 'NONE', #1916, 1000.000000000000114 ) ;
#7634 = EDGE_CURVE ( 'NONE', #769, #7063, #1784, .T. ) ;
#7635 = EDGE_CURVE ( 'NONE', #7015, #3417, #5189, .T. ) ;
#7636 = EDGE_CURVE ( 'NONE', #6690, #2180, #1022, .T. ) ;
#7637 = AXIS2_PLACEMENT_3D ( 'NONE', #2706, #5728, #4588 ) ;
#7638 = ORIENTED_EDGE ( 'NONE', *, *, #5324, .F. ) ;
#7639 = CARTESIAN_POINT ( 'NONE',  ( 35.00000000000000000, -71.57658473601189542, -53.00000000000000000 ) ) ;
#7640 =( LENGTH_UNIT ( ) NAMED_UNIT ( * ) SI_UNIT ( .MILLI., .METRE. ) );
#7641 = VECTOR ( 'NONE', #1661, 1000.000000000000000 ) ;
#7642 = DIRECTION ( 'NONE',  ( -1.000000000000000000, 0.000000000000000000, 0.000000000000000000 ) ) ;
#7643 = CYLINDRICAL_SURFACE ( 'NONE', #1414, 3.500000000000003109 ) ;
#7644 = ADVANCED_FACE ( 'NONE', ( #3175 ), #5662, .F. ) ;
#7645 = ORIENTED_EDGE ( 'NONE', *, *, #5482, .T. ) ;
#7646 = EDGE_CURVE ( 'NONE', #1417, #18, #6870, .T. ) ;
#7647 = AXIS2_PLACEMENT_3D ( 'NONE', #2823, #7598, #995 ) ;
#7648 = LINE ( 'NONE', #254, #3685 ) ;
#7649 = CIRCLE ( 'NONE', #551, 0.5000000000000004441 ) ;
#7650 = DIRECTION ( 'NONE',  ( 0.000000000000000000, -0.000000000000000000, -1.000000000000000000 ) ) ;
#7651 = DIRECTION ( 'NONE',  ( 0.000000000000000000, -1.000000000000000000, 0.000000000000000000 ) ) ;
#7652 = CARTESIAN_POINT ( 'NONE',  ( 34.49999999999998579, 0.000000000000000000, 1.500000000000000000 ) ) ;
#7653 = ADVANCED_FACE ( 'NONE', ( #6611 ), #842, .F. ) ;
#7654 = EDGE_LOOP ( 'NONE', ( #917, #5452, #6810, #5373 ) ) ;
#7655 = VERTEX_POINT ( 'NONE', #7500 ) ;
#7656 = ORIENTED_EDGE ( 'NONE', *, *, #4250, .F. ) ;
#7657 = ORIENTED_EDGE ( 'NONE', *, *, #5884, .T. ) ;
#7658 = FACE_OUTER_BOUND ( 'NONE', #1319, .T. ) ;
#7659 = CARTESIAN_POINT ( 'NONE',  ( -37.00000000000000711, -73.57658473601189542, -59.00000000000000000 ) ) ;
#7660 = ORIENTED_EDGE ( 'NONE', *, *, #4595, .F. ) ;
#7661 = CARTESIAN_POINT ( 'NONE',  ( 37.00000000000000711, -73.57658473601189542, -54.99999999999999289 ) ) ;
#7662 = CARTESIAN_POINT ( 'NONE',  ( -34.00000000000000000, -15.00000000000000355, -1.000000000000000000 ) ) ;
#7663 = VERTEX_POINT ( 'NONE', #5007 ) ;
#7664 = EDGE_LOOP ( 'NONE', ( #3169, #2032, #6955, #6625 ) ) ;
#7665 = VERTEX_POINT ( 'NONE', #4417 ) ;
#7666 = CIRCLE ( 'NONE', #3251, 0.5000000000000004441 ) ;
#7667 = ADVANCED_BREP_SHAPE_REPRESENTATION ( '', ( #7078, #5227 ), #4968 ) ;
#7669 = CARTESIAN_POINT ( 'NONE',  ( 31.00000000000000000, -56.57658473601188831, -40.00000000000000000 ) ) ;
#7668 = CALENDAR_DATE ( 2022, 27, 1 ) ;
#7670 = APPROVAL_ROLE ( '' ) ;
#7671 = DIRECTION ( 'NONE',  ( -1.000000000000000000, -0.000000000000000000, -0.000000000000000000 ) ) ;
#7672 = DIRECTION ( 'NONE',  ( -1.000000000000000000, 0.000000000000000000, 0.000000000000000000 ) ) ;
#7673 = VERTEX_POINT ( 'NONE', #3159 ) ;
#7674 = CARTESIAN_POINT ( 'NONE',  ( -37.00000000000009237, -76.73886239618028071, 24.99999999999999645 ) ) ;
#7675 = FACE_OUTER_BOUND ( 'NONE', #5660, .T. ) ;
#7676 = VECTOR ( 'NONE', #6137, 1000.000000000000000 ) ;
#7677 = AXIS2_PLACEMENT_3D ( 'NONE', #1452, #227, #7514 ) ;
#7678 = APPROVAL_PERSON_ORGANIZATION ( #4940, #1739, #3636 ) ;
#7679 = DIRECTION ( 'NONE',  ( 0.000000000000000000, -1.000000000000000000, 0.000000000000000000 ) ) ;
#7680 = CARTESIAN_POINT ( 'NONE',  ( 36.00000000000009237, -56.57658473601188831, 24.99999999999999645 ) ) ;
#7681 = DIRECTION ( 'NONE',  ( 0.000000000000000000, -0.000000000000000000, -1.000000000000000000 ) ) ;
#7682 = ORIENTED_EDGE ( 'NONE', *, *, #351, .F. ) ;
#7683 = ORIENTED_EDGE ( 'NONE', *, *, #558, .F. ) ;
#7684 = DIRECTION ( 'NONE',  ( -0.000000000000000000, -0.000000000000000000, -1.000000000000000000 ) ) ;
#7685 = LINE ( 'NONE', #4411, #868 ) ;
#7686 = VECTOR ( 'NONE', #2763, 1000.000000000000000 ) ;
#7687 = EDGE_CURVE ( 'NONE', #2849, #4684, #462, .T. ) ;
#7688 = PLANE ( 'NONE',  #3046 ) ;
#7689 = ORIENTED_EDGE ( 'NONE', *, *, #2080, .F. ) ;
#7690 = AXIS2_PLACEMENT_3D ( 'NONE', #6401, #324, #7412 ) ;
#7691 = DIRECTION ( 'NONE',  ( 1.000000000000000000, 0.000000000000000000, 0.000000000000000000 ) ) ;
#7693 = LINE ( 'NONE', #2982, #4677 ) ;
#7692 = CARTESIAN_POINT ( 'NONE',  ( -37.00000000000000711, -73.57658473601189542, 56.99999999999996447 ) ) ;
#7694 = ORIENTED_EDGE ( 'NONE', *, *, #2170, .T. ) ;
#7695 = ADVANCED_FACE ( 'NONE', ( #3762 ), #4812, .T. ) ;
#7696 = APPROVAL_ROLE ( '' ) ;
#7697 = VECTOR ( 'NONE', #2035, 1000.000000000000000 ) ;
#7698 = EDGE_CURVE ( 'NONE', #2849, #4227, #5469, .T. ) ;
#7699 = PLANE ( 'NONE',  #4786 ) ;
#7700 = EDGE_CURVE ( 'NONE', #4631, #6512, #5855, .T. ) ;
#7701 = CARTESIAN_POINT ( 'NONE',  ( 37.00000000000000711, -76.73886239618028071, -1.000000000000000888 ) ) ;
#7702 = CC_DESIGN_SECURITY_CLASSIFICATION ( #5529, ( #4455 ) ) ;
#7703 = PLANE ( 'NONE',  #5902 ) ;
#7704 = ORIENTED_EDGE ( 'NONE', *, *, #4678, .T. ) ;
#7705 = LINE ( 'NONE', #2068, #436 ) ;
#7706 = CARTESIAN_POINT ( 'NONE',  ( 36.00000000000009237, -76.73886239618028071, 27.00000000000000000 ) ) ;
#7707 = DIRECTION ( 'NONE',  ( -0.000000000000000000, -0.000000000000000000, -1.000000000000000000 ) ) ;
#7708 = DIRECTION ( 'NONE',  ( 0.000000000000000000, -1.000000000000000000, 0.000000000000000000 ) ) ;
#7709 = CARTESIAN_POINT ( 'NONE',  ( 37.00000000000009237, -73.57658473601189542, -22.00000000000000000 ) ) ;
#7710 = LINE ( 'NONE', #1861, #4789 ) ;
#7711 = CYLINDRICAL_SURFACE ( 'NONE', #923, 1.499999999999994449 ) ;
#7712 = ORIENTED_EDGE ( 'NONE', *, *, #717, .T. ) ;
#7713 = CARTESIAN_POINT ( 'NONE',  ( -31.00000000000000000, -46.67708979940022118, 40.00000000000000000 ) ) ;
#7714 = DIRECTION ( 'NONE',  ( 0.000000000000000000, 1.000000000000000000, 0.000000000000000000 ) ) ;
#7715 = VERTEX_POINT ( 'NONE', #2588 ) ;
#7716 = EDGE_CURVE ( 'NONE', #489, #775, #4047, .T. ) ;
#7717 = ORIENTED_EDGE ( 'NONE', *, *, #6376, .T. ) ;
#7718 = LINE ( 'NONE', #7560, #1294 ) ;
#7719 = DIRECTION ( 'NONE',  ( -0.000000000000000000, 1.000000000000000000, -0.000000000000000000 ) ) ;
#7720 = APPLICATION_PROTOCOL_DEFINITION ( 'international standard', 'config_control_design', 1994, #5285 ) ;
#7721 = COORDINATED_UNIVERSAL_TIME_OFFSET ( 2, 0, .AHEAD. ) ;
#7722 = PLANE ( 'NONE',  #6009 ) ;
#7723 = ORIENTED_EDGE ( 'NONE', *, *, #4305, .F. ) ;
#7724 = DIRECTION ( 'NONE',  ( -1.000000000000000000, 0.000000000000000000, -0.000000000000000000 ) ) ;
#7725 = DIRECTION ( 'NONE',  ( 1.000000000000000000, 0.000000000000000000, -0.000000000000000000 ) ) ;
#7726 = EDGE_LOOP ( 'NONE', ( #240, #5293 ) ) ;
#7727 = VECTOR ( 'NONE', #7401, 1000.000000000000000 ) ;
#7728 = DIRECTION ( 'NONE',  ( -0.9486832980505137680, 0.000000000000000000, 0.3162277660168382742 ) ) ;
#7729 = PLANE ( 'NONE',  #3715 ) ;
#7730 = EDGE_CURVE ( 'NONE', #7015, #5282, #266, .T. ) ;
#7731 = ORIENTED_EDGE ( 'NONE', *, *, #4711, .F. ) ;
#7732 = DIRECTION ( 'NONE',  ( -1.000000000000000000, 0.000000000000000000, 0.000000000000000000 ) ) ;
#7733 = ADVANCED_FACE ( 'NONE', ( #5295 ), #233, .T. ) ;
#7734 = CIRCLE ( 'NONE', #7647, 0.5000000000000004441 ) ;
#7735 = LINE ( 'NONE', #7119, #7826 ) ;
#7736 = DIRECTION ( 'NONE',  ( 0.7071067811865507924, 0.000000000000000000, 0.7071067811865442421 ) ) ;
#7737 = VERTEX_POINT ( 'NONE', #4390 ) ;
#7738 = CARTESIAN_POINT ( 'NONE',  ( 37.00000000000000711, -76.73886239618028071, -1.000000000000000888 ) ) ;
#7739 = VECTOR ( 'NONE', #390, 1000.000000000000000 ) ;
#7740 = EDGE_CURVE ( 'NONE', #951, #4635, #3947, .T. ) ;
#7741 = EDGE_CURVE ( 'NONE', #5280, #2586, #2151, .T. ) ;
#7742 = CYLINDRICAL_SURFACE ( 'NONE', #2414, 3.000000000000002665 ) ;
#7743 = PRODUCT_RELATED_PRODUCT_CATEGORY ( 'detail', '', ( #6074 ) ) ;
#7744 = DIRECTION ( 'NONE',  ( 0.000000000000000000, 0.000000000000000000, 1.000000000000000000 ) ) ;
#7745 = APPROVAL_ROLE ( '' ) ;
#7746 = ORIENTED_EDGE ( 'NONE', *, *, #7181, .T. ) ;
#7747 = CARTESIAN_POINT ( 'NONE',  ( -37.00000000000009237, -76.73886239618028071, -27.00000000000000000 ) ) ;
#7748 = LINE ( 'NONE', #1394, #3387 ) ;
#7749 = DIRECTION ( 'NONE',  ( 0.000000000000000000, 0.000000000000000000, 1.000000000000000000 ) ) ;
#7750 = CARTESIAN_POINT ( 'NONE',  ( -36.00000000000009237, -73.57658473601189542, 27.00000000000000000 ) ) ;
#7751 = LINE ( 'NONE', #2394, #1230 ) ;
#7752 = EDGE_CURVE ( 'NONE', #7090, #6570, #2430, .T. ) ;
#7753 = VERTEX_POINT ( 'NONE', #6266 ) ;
#7754 = AXIS2_PLACEMENT_3D ( 'NONE', #1943, #529, #4969 ) ;
#7755 = VERTEX_POINT ( 'NONE', #2614 ) ;
#7756 = EDGE_LOOP ( 'NONE', ( #720, #15, #2484, #3308, #2021, #4273, #2789, #5778 ) ) ;
#7757 = VERTEX_POINT ( 'NONE', #5056 ) ;
#7758 = LINE ( 'NONE', #3706, #4354 ) ;
#7759 = LINE ( 'NONE', #2889, #1518 ) ;
#7760 = CARTESIAN_POINT ( 'NONE',  ( -40.00000000000000711, -56.57658473601188831, -59.00000000000000000 ) ) ;
#7761 = ORIENTED_EDGE ( 'NONE', *, *, #3953, .T. ) ;
#7762 = EDGE_LOOP ( 'NONE', ( #5733, #4951, #7271, #3553 ) ) ;
#7763 = DIRECTION ( 'NONE',  ( -0.000000000000000000, 0.000000000000000000, -1.000000000000000000 ) ) ;
#7764 = LINE ( 'NONE', #3644, #4459 ) ;
#7765 = DIRECTION ( 'NONE',  ( 0.000000000000000000, 0.000000000000000000, -1.000000000000000000 ) ) ;
#7766 = LOCAL_TIME ( 13, 37, 31.00000000000000000, #7002 ) ;
#7767 = EDGE_LOOP ( 'NONE', ( #7334, #5115, #3659, #6111 ) ) ;
#7768 = VECTOR ( 'NONE', #2393, 1000.000000000000000 ) ;
#7769 = CARTESIAN_POINT ( 'NONE',  ( -36.00000000000009237, -73.57658473601189542, -27.00000000000000000 ) ) ;
#7770 =( REPRESENTATION_RELATIONSHIP ('NONE','NONE', #7604, #4811 ) REPRESENTATION_RELATIONSHIP_WITH_TRANSFORMATION ( #2754 )SHAPE_REPRESENTATION_RELATIONSHIP( ) );
#7771 = LINE ( 'NONE', #5925, #6564 ) ;
#7772 = CARTESIAN_POINT ( 'NONE',  ( 37.00000000000000711, -73.57658473601189542, -59.00000000000000000 ) ) ;
#7773 = DIRECTION ( 'NONE',  ( 1.000000000000000000, 0.000000000000000000, -8.673617379884027583E-16 ) ) ;
#7774 = DIRECTION ( 'NONE',  ( 0.000000000000000000, 0.000000000000000000, -1.000000000000000000 ) ) ;
#7775 = VERTEX_POINT ( 'NONE', #3831 ) ;
#7776 = EDGE_CURVE ( 'NONE', #1400, #6217, #6213, .T. ) ;
#7777 = CIRCLE ( 'NONE', #1713, 3.000000000000002665 ) ;
#7778 = AXIS2_PLACEMENT_3D ( 'NONE', #968, #7620, #6503 ) ;
#7779 = CARTESIAN_POINT ( 'NONE',  ( 0.000000000000000000, -73.57658473601189542, 53.00000000000000000 ) ) ;
#7780 = DIRECTION ( 'NONE',  ( -0.000000000000000000, -1.000000000000000000, -0.000000000000000000 ) ) ;
#7781 = DIRECTION ( 'NONE',  ( 0.000000000000000000, 1.000000000000000000, 0.000000000000000000 ) ) ;
#7782 = DIRECTION ( 'NONE',  ( 0.000000000000000000, 0.000000000000000000, 1.000000000000000000 ) ) ;
#7783 = VERTEX_POINT ( 'NONE', #6848 ) ;
#7784 = EDGE_CURVE ( 'NONE', #1382, #3781, #820, .T. ) ;
#7785 = VECTOR ( 'NONE', #1960, 1000.000000000000000 ) ;
#7786 = EDGE_CURVE ( 'NONE', #1002, #2732, #7158, .T. ) ;
#7787 = EDGE_CURVE ( 'NONE', #1999, #5466, #2336, .T. ) ;
#7788 = AXIS2_PLACEMENT_3D ( 'NONE', #1315, #6680, #4893 ) ;
#7789 = CARTESIAN_POINT ( 'NONE',  ( 37.00000000000009237, -73.57658473601189542, -30.00000000000000000 ) ) ;
#7790 = VERTEX_POINT ( 'NONE', #5773 ) ;
#7791 = FACE_OUTER_BOUND ( 'NONE', #6021, .T. ) ;
#7792 = DIRECTION ( 'NONE',  ( 0.000000000000000000, 1.000000000000000000, 0.000000000000000000 ) ) ;
#7793 = SECURITY_CLASSIFICATION_LEVEL ( 'unclassified' ) ;
#7794 = EDGE_CURVE ( 'NONE', #782, #1944, #3846, .T. ) ;
#7795 = EDGE_CURVE ( 'NONE', #5160, #4888, #7058, .T. ) ;
#7796 = EDGE_LOOP ( 'NONE', ( #5219, #1759, #7623, #1679 ) ) ;
#7797 = AXIS2_PLACEMENT_3D ( 'NONE', #761, #193, #787 ) ;
#7798 = DIRECTION ( 'NONE',  ( 1.000000000000000000, 0.000000000000000000, 0.000000000000000000 ) ) ;
#7799 = LINE ( 'NONE', #1439, #1460 ) ;
#7800 = CC_DESIGN_APPROVAL ( #4563, ( #3753 ) ) ;
#7801 = CARTESIAN_POINT ( 'NONE',  ( 35.00000000000000000, -56.57658473601188831, 51.00000000000000000 ) ) ;
#7802 = EDGE_LOOP ( 'NONE', ( #905, #1134, #1998, #6841 ) ) ;
#7803 = ORIENTED_EDGE ( 'NONE', *, *, #4297, .F. ) ;
#7804 = CYLINDRICAL_SURFACE ( 'NONE', #5081, 3.500000000000003109 ) ;
#7805 = DIRECTION ( 'NONE',  ( 0.000000000000000000, 0.000000000000000000, -1.000000000000000000 ) ) ;
#7806 = EDGE_LOOP ( 'NONE', ( #5071, #4446, #3282, #7122 ) ) ;
#7807 = CARTESIAN_POINT ( 'NONE',  ( -31.00000000000000000, -73.57658473601189542, -40.00000000000000000 ) ) ;
#7808 = DIRECTION ( 'NONE',  ( 0.000000000000000000, 0.000000000000000000, -1.000000000000000000 ) ) ;
#7809 = AXIS2_PLACEMENT_3D ( 'NONE', #7546, #6864, #5853 ) ;
#7810 = CALENDAR_DATE ( 2022, 27, 1 ) ;
#7811 = VERTEX_POINT ( 'NONE', #1564 ) ;
#7812 = EDGE_LOOP ( 'NONE', ( #651, #3902, #4349, #945 ) ) ;
#7813 = CARTESIAN_POINT ( 'NONE',  ( -31.00000000000000000, -73.57658473601189542, 40.00000000000000000 ) ) ;
#7814 = CYLINDRICAL_SURFACE ( 'NONE', #3085, 0.5000000000000004441 ) ;
#7815 = CARTESIAN_POINT ( 'NONE',  ( -37.00000000000000711, -56.57658473601188831, 26.99999999999999645 ) ) ;
#7816 = ORIENTED_EDGE ( 'NONE', *, *, #4108, .T. ) ;
#7817 = CARTESIAN_POINT ( 'NONE',  ( 31.00000000000000000, -46.67708979940022118, 40.00000000000000000 ) ) ;
#7818 = PERSON_AND_ORGANIZATION_ROLE ( 'design_supplier' ) ;
#7819 = VECTOR ( 'NONE', #1149, 1000.000000000000114 ) ;
#7820 = FACE_OUTER_BOUND ( 'NONE', #1940, .T. ) ;
#7821 = DIRECTION ( 'NONE',  ( -0.000000000000000000, -1.000000000000000000, -0.000000000000000000 ) ) ;
#7822 = ORIENTED_EDGE ( 'NONE', *, *, #7371, .T. ) ;
#7823 = LINE ( 'NONE', #4058, #825 ) ;
#7824 = CARTESIAN_POINT ( 'NONE',  ( -36.00000000000009237, -76.73886239618028071, -27.00000000000000000 ) ) ;
#7825 = DIRECTION ( 'NONE',  ( -0.3162277660168382742, 0.000000000000000000, -0.9486832980505137680 ) ) ;
#7826 = VECTOR ( 'NONE', #2286, 1000.000000000000000 ) ;
#7827 = ORIENTED_EDGE ( 'NONE', *, *, #6828, .F. ) ;
#7828 = NEXT_ASSEMBLY_USAGE_OCCURRENCE ( 'NAUO1', ' ', ' ', #6272, #7139, $ ) ;
#7829 = NEXT_ASSEMBLY_USAGE_OCCURRENCE ( 'NAUO2', ' ', ' ', #6272, #310, $ ) ;
#7830 = NEXT_ASSEMBLY_USAGE_OCCURRENCE ( 'NAUO3', ' ', ' ', #6272, #3798, $ ) ;
#7831 = NEXT_ASSEMBLY_USAGE_OCCURRENCE ( 'NAUO4', ' ', ' ', #6272, #7077, $ ) ;
ENDSEC;
END-ISO-10303-21;
