ISO-10303-21;
HEADER;
/* Generated by software containing ST-Developer
 * from STEP Tools, Inc. (www.steptools.com) 
 */
/* OPTION: using custom renumber hook */

FILE_DESCRIPTION(
/* description */ ('STEP AP214'),
/* implementation_level */ '2;1');

FILE_NAME(
/* name */ '0ZRG0120FF1E',
/* time_stamp */ '2026-09-18T00:18:56+02:00',
/* author */ ('License CC BY-ND 4.0'),
/* organization */ ('CADENAS'),
/* preprocessor_version */ 'ST-DEVELOPER v20',
/* originating_system */ 'PARTsolutions',
/* authorisation */ '  ');

FILE_SCHEMA (('AUTOMOTIVE_DESIGN {1 0 10303 214 3 1 1}'));
ENDSEC;

DATA;
#10=PROPERTY_DEFINITION_REPRESENTATION(#14,#12);
#11=PROPERTY_DEFINITION_REPRESENTATION(#15,#13);
#12=REPRESENTATION('',(#16),#13757);
#13=REPRESENTATION('',(#17),#13757);
#14=PROPERTY_DEFINITION('pmi validation property','',#13770);
#15=PROPERTY_DEFINITION('pmi validation property','',#13770);
#16=VALUE_REPRESENTATION_ITEM('number of annotations',COUNT_MEASURE(0.));
#17=VALUE_REPRESENTATION_ITEM('number of views',COUNT_MEASURE(0.));
#18=CONTEXT_DEPENDENT_SHAPE_REPRESENTATION(#26,#13772);
#19=CONTEXT_DEPENDENT_SHAPE_REPRESENTATION(#27,#13774);
#20=CONTEXT_DEPENDENT_SHAPE_REPRESENTATION(#28,#13776);
#21=CONTEXT_DEPENDENT_SHAPE_REPRESENTATION(#29,#13778);
#22=NEXT_ASSEMBLY_USAGE_OCCURRENCE('NAUO1','0ZRG0120FF1E_PART1',
'0ZRG0120FF1E_PART1',#13779,#13780,'');
#23=NEXT_ASSEMBLY_USAGE_OCCURRENCE('NAUO2','0ZRG0120FF1E_PART2',
'0ZRG0120FF1E_PART2',#13779,#13781,'');
#24=NEXT_ASSEMBLY_USAGE_OCCURRENCE('NAUO3','0ZRG0120FF1E_PART3',
'0ZRG0120FF1E_PART3',#13779,#13782,'');
#25=NEXT_ASSEMBLY_USAGE_OCCURRENCE('NAUO4','0ZRG0120FF1E_PART4',
'0ZRG0120FF1E_PART4',#13779,#13783,'');
#26=(
REPRESENTATION_RELATIONSHIP(' ',' ',#6610,#6609)
REPRESENTATION_RELATIONSHIP_WITH_TRANSFORMATION(#30)
SHAPE_REPRESENTATION_RELATIONSHIP()
);
#27=(
REPRESENTATION_RELATIONSHIP(' ',' ',#6611,#6609)
REPRESENTATION_RELATIONSHIP_WITH_TRANSFORMATION(#31)
SHAPE_REPRESENTATION_RELATIONSHIP()
);
#28=(
REPRESENTATION_RELATIONSHIP(' ',' ',#6612,#6609)
REPRESENTATION_RELATIONSHIP_WITH_TRANSFORMATION(#32)
SHAPE_REPRESENTATION_RELATIONSHIP()
);
#29=(
REPRESENTATION_RELATIONSHIP(' ',' ',#6613,#6609)
REPRESENTATION_RELATIONSHIP_WITH_TRANSFORMATION(#33)
SHAPE_REPRESENTATION_RELATIONSHIP()
);
#30=ITEM_DEFINED_TRANSFORMATION(' ',' ',#6614,#6807);
#31=ITEM_DEFINED_TRANSFORMATION(' ',' ',#6614,#6832);
#32=ITEM_DEFINED_TRANSFORMATION(' ',' ',#6614,#6857);
#33=ITEM_DEFINED_TRANSFORMATION(' ',' ',#6614,#6863);
#34=SHAPE_REPRESENTATION_RELATIONSHIP('','',#6610,#38);
#35=SHAPE_REPRESENTATION_RELATIONSHIP('','',#6611,#39);
#36=SHAPE_REPRESENTATION_RELATIONSHIP('','',#6612,#40);
#37=SHAPE_REPRESENTATION_RELATIONSHIP('','',#6613,#41);
#38=ADVANCED_BREP_SHAPE_REPRESENTATION('',(#6600),#13758);
#39=ADVANCED_BREP_SHAPE_REPRESENTATION('',(#6601),#13759);
#40=ADVANCED_BREP_SHAPE_REPRESENTATION('',(#6602),#13760);
#41=ADVANCED_BREP_SHAPE_REPRESENTATION('',(#6603),#13761);
#42=TOROIDAL_SURFACE('',#6764,0.499999999988574,0.255);
#43=TOROIDAL_SURFACE('',#6776,0.499999999988574,0.255);
#44=TOROIDAL_SURFACE('',#6783,0.255,0.15);
#45=TOROIDAL_SURFACE('',#6790,0.255,0.15);
#46=TOROIDAL_SURFACE('',#6791,2.1,0.7);
#47=TOROIDAL_SURFACE('',#6795,0.499999999988572,0.405);
#48=TOROIDAL_SURFACE('',#6797,0.499999999988572,0.405);
#49=TOROIDAL_SURFACE('',#6798,2.1,0.7);
#50=TOROIDAL_SURFACE('',#6819,0.499999999988574,0.255);
#51=TOROIDAL_SURFACE('',#6823,0.400000000000125,0.255);
#52=TOROIDAL_SURFACE('',#6827,0.7,0.255);
#53=TOROIDAL_SURFACE('',#6844,0.499999999988574,0.255);
#54=TOROIDAL_SURFACE('',#6848,0.400000000000125,0.255);
#55=TOROIDAL_SURFACE('',#6852,0.7,0.255);
#56=(
BOUNDED_SURFACE()
B_SPLINE_SURFACE(2,2,((#12370,#12371,#12372,#12373,#12374),(#12375,#12376,
#12377,#12378,#12379),(#12380,#12381,#12382,#12383,#12384)),
 .TOROIDAL_SURF.,.F.,.F.,.F.)
B_SPLINE_SURFACE_WITH_KNOTS((3,3),(3,2,3),(-1.18404177991944E-15,1.50326322455701),
(-1.34757307644238,-2.22044604925031E-16,1.34757307644238),
 .PIECEWISE_BEZIER_KNOTS.)
GEOMETRIC_REPRESENTATION_ITEM()
RATIONAL_B_SPLINE_SURFACE(((1.,0.781464665164563,1.,0.781464665164563,1.),
(0.730575725261224,0.57091911451862,0.730575725261224,0.57091911451862,
0.730575725261224),(1.,0.781464665164563,1.,0.781464665164563,1.)))
REPRESENTATION_ITEM('')
SURFACE()
);
#57=(
BOUNDED_SURFACE()
B_SPLINE_SURFACE(2,2,((#12554,#12555,#12556,#12557,#12558),(#12559,#12560,
#12561,#12562,#12563),(#12564,#12565,#12566,#12567,#12568)),
 .TOROIDAL_SURF.,.F.,.F.,.F.)
B_SPLINE_SURFACE_WITH_KNOTS((3,3),(3,2,3),(-1.01478781371099E-15,1.50326322455701),
(-1.34757307644238,0.,1.34757307644238),.PIECEWISE_BEZIER_KNOTS.)
GEOMETRIC_REPRESENTATION_ITEM()
RATIONAL_B_SPLINE_SURFACE(((1.,0.781464665164563,1.,0.781464665164563,1.),
(0.730575725261224,0.57091911451862,0.730575725261224,0.57091911451862,
0.730575725261224),(1.,0.781464665164563,1.,0.781464665164563,1.)))
REPRESENTATION_ITEM('')
SURFACE()
);
#58=(
BOUNDED_SURFACE()
B_SPLINE_SURFACE(2,2,((#13526,#13527,#13528,#13529,#13530),(#13531,#13532,
#13533,#13534,#13535),(#13536,#13537,#13538,#13539,#13540)),
 .TOROIDAL_SURF.,.F.,.F.,.F.)
B_SPLINE_SURFACE_WITH_KNOTS((3,3),(3,2,3),(-1.01478781371099E-15,1.50326322455701),
(-1.34757307644238,0.,1.34757307644238),.PIECEWISE_BEZIER_KNOTS.)
GEOMETRIC_REPRESENTATION_ITEM()
RATIONAL_B_SPLINE_SURFACE(((1.,0.781464665164563,1.,0.781464665164563,1.),
(0.730575725261222,0.570919114518619,0.730575725261222,0.570919114518619,
0.730575725261222),(1.,0.781464665164563,1.,0.781464665164563,1.)))
REPRESENTATION_ITEM('')
SURFACE()
);
#59=(
BOUNDED_SURFACE()
B_SPLINE_SURFACE(2,2,((#13707,#13708,#13709,#13710,#13711),(#13712,#13713,
#13714,#13715,#13716),(#13717,#13718,#13719,#13720,#13721)),
 .TOROIDAL_SURF.,.F.,.F.,.F.)
B_SPLINE_SURFACE_WITH_KNOTS((3,3),(3,2,3),(-1.18404177991944E-15,1.50326322455701),
(-1.34757307644238,-2.22044604925031E-16,1.34757307644238),
 .PIECEWISE_BEZIER_KNOTS.)
GEOMETRIC_REPRESENTATION_ITEM()
RATIONAL_B_SPLINE_SURFACE(((1.,0.781464665164563,1.,0.781464665164563,1.),
(0.730575725261224,0.57091911451862,0.730575725261224,0.57091911451862,
0.730575725261224),(1.,0.781464665164563,1.,0.781464665164563,1.)))
REPRESENTATION_ITEM('')
SURFACE()
);
#60=CIRCLE('',#6664,0.5);
#61=CIRCLE('',#6667,0.405);
#62=CIRCLE('',#6672,0.405);
#63=CIRCLE('',#6745,0.5);
#64=CIRCLE('',#6749,2.1);
#65=CIRCLE('',#6759,2.5);
#66=CIRCLE('',#6760,0.355);
#67=CIRCLE('',#6763,0.255);
#68=CIRCLE('',#6765,0.255);
#69=CIRCLE('',#6768,2.5);
#70=CIRCLE('',#6772,0.355);
#71=CIRCLE('',#6775,0.255);
#72=CIRCLE('',#6777,0.255);
#73=CIRCLE('',#6780,0.5);
#74=CIRCLE('',#6782,0.5);
#75=CIRCLE('',#6784,0.405);
#76=CIRCLE('',#6786,2.1);
#77=CIRCLE('',#6788,2.8);
#78=CIRCLE('',#6789,2.8);
#79=CIRCLE('',#6792,2.8);
#80=CIRCLE('',#6794,0.405);
#81=CIRCLE('',#6799,2.8);
#82=CIRCLE('',#6809,2.5);
#83=CIRCLE('',#6810,2.5);
#84=CIRCLE('',#6814,0.355);
#85=CIRCLE('',#6818,0.255);
#86=CIRCLE('',#6820,0.255);
#87=CIRCLE('',#6822,0.255);
#88=CIRCLE('',#6824,0.255);
#89=CIRCLE('',#6826,0.255);
#90=CIRCLE('',#6828,0.255);
#91=CIRCLE('',#6830,0.255);
#92=CIRCLE('',#6834,2.5);
#93=CIRCLE('',#6835,2.5);
#94=CIRCLE('',#6839,0.355);
#95=CIRCLE('',#6843,0.255);
#96=CIRCLE('',#6845,0.255);
#97=CIRCLE('',#6847,0.255);
#98=CIRCLE('',#6849,0.255);
#99=CIRCLE('',#6851,0.255);
#100=CIRCLE('',#6853,0.255);
#101=CIRCLE('',#6855,0.255);
#102=CIRCLE('',#6859,2.5);
#103=CIRCLE('',#6861,2.5);
#104=CYLINDRICAL_SURFACE('',#6633,0.51);
#105=CYLINDRICAL_SURFACE('',#6634,0.395);
#106=CYLINDRICAL_SURFACE('',#6657,0.395);
#107=CYLINDRICAL_SURFACE('',#6658,0.51);
#108=CYLINDRICAL_SURFACE('',#6659,0.51);
#109=CYLINDRICAL_SURFACE('',#6660,0.51);
#110=CYLINDRICAL_SURFACE('',#6661,0.395);
#111=CYLINDRICAL_SURFACE('',#6662,0.5);
#112=CYLINDRICAL_SURFACE('',#6665,0.5);
#113=CYLINDRICAL_SURFACE('',#6666,0.405);
#114=CYLINDRICAL_SURFACE('',#6668,0.405);
#115=CYLINDRICAL_SURFACE('',#6669,0.405);
#116=CYLINDRICAL_SURFACE('',#6678,0.404);
#117=CYLINDRICAL_SURFACE('',#6679,0.5);
#118=CYLINDRICAL_SURFACE('',#6680,0.5);
#119=CYLINDRICAL_SURFACE('',#6696,0.501);
#120=CYLINDRICAL_SURFACE('',#6709,0.405);
#121=CYLINDRICAL_SURFACE('',#6711,0.501);
#122=CYLINDRICAL_SURFACE('',#6713,0.501);
#123=CYLINDRICAL_SURFACE('',#6732,0.405);
#124=CYLINDRICAL_SURFACE('',#6734,0.501);
#125=CYLINDRICAL_SURFACE('',#6736,0.5);
#126=CYLINDRICAL_SURFACE('',#6738,0.5);
#127=CYLINDRICAL_SURFACE('',#6739,0.5);
#128=CYLINDRICAL_SURFACE('',#6740,0.5);
#129=CYLINDRICAL_SURFACE('',#6742,0.5);
#130=CYLINDRICAL_SURFACE('',#6743,0.5);
#131=CYLINDRICAL_SURFACE('',#6744,0.5);
#132=CYLINDRICAL_SURFACE('',#6747,0.5);
#133=CYLINDRICAL_SURFACE('',#6756,0.3);
#134=CYLINDRICAL_SURFACE('',#6757,0.3);
#135=CYLINDRICAL_SURFACE('',#6761,0.355);
#136=CYLINDRICAL_SURFACE('',#6762,0.255);
#137=CYLINDRICAL_SURFACE('',#6766,0.255);
#138=CYLINDRICAL_SURFACE('',#6767,2.5);
#139=CYLINDRICAL_SURFACE('',#6769,0.3);
#140=CYLINDRICAL_SURFACE('',#6770,0.3);
#141=CYLINDRICAL_SURFACE('',#6773,0.355);
#142=CYLINDRICAL_SURFACE('',#6774,0.255);
#143=CYLINDRICAL_SURFACE('',#6778,0.255);
#144=CYLINDRICAL_SURFACE('',#6779,0.5);
#145=CYLINDRICAL_SURFACE('',#6781,0.5);
#146=CYLINDRICAL_SURFACE('',#6787,2.8);
#147=CYLINDRICAL_SURFACE('',#6793,0.405);
#148=CYLINDRICAL_SURFACE('',#6796,0.405);
#149=CYLINDRICAL_SURFACE('',#6800,2.8);
#150=CYLINDRICAL_SURFACE('',#6808,2.5);
#151=CYLINDRICAL_SURFACE('',#6811,0.3);
#152=CYLINDRICAL_SURFACE('',#6812,0.3);
#153=CYLINDRICAL_SURFACE('',#6815,0.355);
#154=CYLINDRICAL_SURFACE('',#6817,0.255);
#155=CYLINDRICAL_SURFACE('',#6821,0.255);
#156=CYLINDRICAL_SURFACE('',#6825,0.255);
#157=CYLINDRICAL_SURFACE('',#6829,0.255);
#158=CYLINDRICAL_SURFACE('',#6833,2.5);
#159=CYLINDRICAL_SURFACE('',#6836,0.3);
#160=CYLINDRICAL_SURFACE('',#6837,0.3);
#161=CYLINDRICAL_SURFACE('',#6840,0.355);
#162=CYLINDRICAL_SURFACE('',#6842,0.255);
#163=CYLINDRICAL_SURFACE('',#6846,0.255);
#164=CYLINDRICAL_SURFACE('',#6850,0.255);
#165=CYLINDRICAL_SURFACE('',#6854,0.255);
#166=CYLINDRICAL_SURFACE('',#6860,2.5);
#167=ELLIPSE('',#6617,0.746568715403723,0.405);
#168=ELLIPSE('',#6618,0.728134919961656,0.395);
#169=ELLIPSE('',#6620,0.746568715403723,0.405);
#170=ELLIPSE('',#6621,0.728134919961655,0.395);
#171=ELLIPSE('',#6623,0.482104114677895,0.405);
#172=ELLIPSE('',#6624,0.470200309377206,0.395);
#173=ELLIPSE('',#6626,0.595190265034438,0.5);
#174=ELLIPSE('',#6627,0.607094070335127,0.51);
#175=ELLIPSE('',#6629,0.746568715403723,0.405);
#176=ELLIPSE('',#6630,0.921689772103361,0.5);
#177=ELLIPSE('',#6631,0.940123567545429,0.51);
#178=ELLIPSE('',#6632,0.728134919961655,0.395);
#179=ELLIPSE('',#6636,0.746568715403723,0.405);
#180=ELLIPSE('',#6637,0.728134919961656,0.395);
#181=ELLIPSE('',#6639,0.482104114677895,0.405);
#182=ELLIPSE('',#6640,0.470200309377206,0.395);
#183=ELLIPSE('',#6642,0.746568715403723,0.405);
#184=ELLIPSE('',#6643,0.728134919961656,0.395);
#185=ELLIPSE('',#6645,0.481603992984733,0.405);
#186=ELLIPSE('',#6646,0.469712536367826,0.395);
#187=ELLIPSE('',#6647,0.606464287462257,0.51);
#188=ELLIPSE('',#6648,0.59457283084535,0.5);
#189=ELLIPSE('',#6650,0.524306678979349,0.5);
#190=ELLIPSE('',#6651,0.534792812558936,0.51);
#191=ELLIPSE('',#6653,0.746568715403722,0.405);
#192=ELLIPSE('',#6654,0.921689772103361,0.5);
#193=ELLIPSE('',#6655,0.940123567545428,0.51);
#194=ELLIPSE('',#6656,0.728134919961655,0.395);
#195=ELLIPSE('',#6663,0.595190265034438,0.5);
#196=ELLIPSE('',#6670,0.482104114677895,0.405);
#197=ELLIPSE('',#6671,0.746568715403723,0.405);
#198=ELLIPSE('',#6673,0.482104114677895,0.405);
#199=ELLIPSE('',#6692,0.596380645564507,0.501);
#200=ELLIPSE('',#6697,0.596380645564507,0.501);
#201=ELLIPSE('',#6699,0.640820889825605,0.5);
#202=ELLIPSE('',#6700,0.642102531605257,0.501);
#203=ELLIPSE('',#6702,0.595190265034438,0.5);
#204=ELLIPSE('',#6703,0.596380645564507,0.501);
#205=ELLIPSE('',#6706,0.595190265034438,0.5);
#206=ELLIPSE('',#6707,0.596380645564507,0.501);
#207=ELLIPSE('',#6708,0.482104114677895,0.405);
#208=ELLIPSE('',#6712,0.923533151647568,0.501);
#209=ELLIPSE('',#6721,0.921689772103362,0.5);
#210=ELLIPSE('',#6722,0.923533151647569,0.501);
#211=ELLIPSE('',#6727,0.595190265034438,0.5);
#212=ELLIPSE('',#6728,0.596380645564507,0.501);
#213=ELLIPSE('',#6729,0.482104114677895,0.405);
#214=ELLIPSE('',#6733,0.746568715403722,0.405);
#215=ELLIPSE('',#6735,0.923533151647568,0.501);
#216=ELLIPSE('',#6737,0.595190265034438,0.5);
#217=ELLIPSE('',#6741,0.921689772103361,0.5);
#218=ELLIPSE('',#6746,0.921689772103361,0.5);
#219=LINE('',#7664,#441);
#220=LINE('',#7671,#442);
#221=LINE('',#7677,#443);
#222=LINE('',#7713,#444);
#223=LINE('',#7748,#445);
#224=LINE('',#7784,#446);
#225=LINE('',#7793,#447);
#226=LINE('',#7799,#448);
#227=LINE('',#7807,#449);
#228=LINE('',#7816,#450);
#229=LINE('',#7834,#451);
#230=LINE('',#7846,#452);
#231=LINE('',#7887,#453);
#232=LINE('',#7923,#454);
#233=LINE('',#7959,#455);
#234=LINE('',#7992,#456);
#235=LINE('',#8031,#457);
#236=LINE('',#8062,#458);
#237=LINE('',#8111,#459);
#238=LINE('',#8145,#460);
#239=LINE('',#8198,#461);
#240=LINE('',#8231,#462);
#241=LINE('',#8237,#463);
#242=LINE('',#8243,#464);
#243=LINE('',#8249,#465);
#244=LINE('',#8257,#466);
#245=LINE('',#8264,#467);
#246=LINE('',#8268,#468);
#247=LINE('',#8302,#469);
#248=LINE('',#8323,#470);
#249=LINE('',#8349,#471);
#250=LINE('',#8395,#472);
#251=LINE('',#8434,#473);
#252=LINE('',#8474,#474);
#253=LINE('',#8523,#475);
#254=LINE('',#8567,#476);
#255=LINE('',#8598,#477);
#256=LINE('',#8642,#478);
#257=LINE('',#8678,#479);
#258=LINE('',#8696,#480);
#259=LINE('',#8699,#481);
#260=LINE('',#8707,#482);
#261=LINE('',#8756,#483);
#262=LINE('',#8810,#484);
#263=LINE('',#8814,#485);
#264=LINE('',#8850,#486);
#265=LINE('',#8852,#487);
#266=LINE('',#8854,#488);
#267=LINE('',#8860,#489);
#268=LINE('',#8864,#490);
#269=LINE('',#8920,#491);
#270=LINE('',#8955,#492);
#271=LINE('',#8975,#493);
#272=LINE('',#8985,#494);
#273=LINE('',#9043,#495);
#274=LINE('',#9070,#496);
#275=LINE('',#9097,#497);
#276=LINE('',#9124,#498);
#277=LINE('',#9151,#499);
#278=LINE('',#9178,#500);
#279=LINE('',#9204,#501);
#280=LINE('',#9239,#502);
#281=LINE('',#9241,#503);
#282=LINE('',#9242,#504);
#283=LINE('',#9244,#505);
#284=LINE('',#9246,#506);
#285=LINE('',#9281,#507);
#286=LINE('',#9308,#508);
#287=LINE('',#9335,#509);
#288=LINE('',#9337,#510);
#289=LINE('',#9339,#511);
#290=LINE('',#9341,#512);
#291=LINE('',#9426,#513);
#292=LINE('',#9525,#514);
#293=LINE('',#9552,#515);
#294=LINE('',#9579,#516);
#295=LINE('',#9644,#517);
#296=LINE('',#9747,#518);
#297=LINE('',#9870,#519);
#298=LINE('',#9926,#520);
#299=LINE('',#9960,#521);
#300=LINE('',#10006,#522);
#301=LINE('',#10033,#523);
#302=LINE('',#10053,#524);
#303=LINE('',#10063,#525);
#304=LINE('',#10090,#526);
#305=LINE('',#10117,#527);
#306=LINE('',#10144,#528);
#307=LINE('',#10171,#529);
#308=LINE('',#10235,#530);
#309=LINE('',#10459,#531);
#310=LINE('',#10484,#532);
#311=LINE('',#10533,#533);
#312=LINE('',#10620,#534);
#313=LINE('',#10630,#535);
#314=LINE('',#10657,#536);
#315=LINE('',#10659,#537);
#316=LINE('',#10661,#538);
#317=LINE('',#10663,#539);
#318=LINE('',#10665,#540);
#319=LINE('',#10667,#541);
#320=LINE('',#10669,#542);
#321=LINE('',#10671,#543);
#322=LINE('',#10673,#544);
#323=LINE('',#10675,#545);
#324=LINE('',#10701,#546);
#325=LINE('',#10728,#547);
#326=LINE('',#10755,#548);
#327=LINE('',#10782,#549);
#328=LINE('',#10784,#550);
#329=LINE('',#10786,#551);
#330=LINE('',#10788,#552);
#331=LINE('',#10809,#553);
#332=LINE('',#10811,#554);
#333=LINE('',#10813,#555);
#334=LINE('',#10815,#556);
#335=LINE('',#10817,#557);
#336=LINE('',#10819,#558);
#337=LINE('',#10821,#559);
#338=LINE('',#10823,#560);
#339=LINE('',#10844,#561);
#340=LINE('',#10846,#562);
#341=LINE('',#10848,#563);
#342=LINE('',#10898,#564);
#343=LINE('',#10901,#565);
#344=LINE('',#10903,#566);
#345=LINE('',#10905,#567);
#346=LINE('',#10907,#568);
#347=LINE('',#10908,#569);
#348=LINE('',#10910,#570);
#349=LINE('',#10911,#571);
#350=LINE('',#10912,#572);
#351=LINE('',#10951,#573);
#352=LINE('',#10973,#574);
#353=LINE('',#10983,#575);
#354=LINE('',#11010,#576);
#355=LINE('',#11037,#577);
#356=LINE('',#11064,#578);
#357=LINE('',#11091,#579);
#358=LINE('',#11142,#580);
#359=LINE('',#11149,#581);
#360=LINE('',#11179,#582);
#361=LINE('',#11185,#583);
#362=LINE('',#11188,#584);
#363=LINE('',#11190,#585);
#364=LINE('',#11262,#586);
#365=LINE('',#11272,#587);
#366=LINE('',#11291,#588);
#367=LINE('',#11318,#589);
#368=LINE('',#11345,#590);
#369=LINE('',#11415,#591);
#370=LINE('',#11466,#592);
#371=LINE('',#11475,#593);
#372=LINE('',#11486,#594);
#373=LINE('',#11487,#595);
#374=LINE('',#11495,#596);
#375=LINE('',#11514,#597);
#376=LINE('',#11525,#598);
#377=LINE('',#11528,#599);
#378=LINE('',#11530,#600);
#379=LINE('',#11532,#601);
#380=LINE('',#11534,#602);
#381=LINE('',#11536,#603);
#382=LINE('',#11538,#604);
#383=LINE('',#11540,#605);
#384=LINE('',#11542,#606);
#385=LINE('',#11544,#607);
#386=LINE('',#11546,#608);
#387=LINE('',#11547,#609);
#388=LINE('',#11563,#610);
#389=LINE('',#11591,#611);
#390=LINE('',#11601,#612);
#391=LINE('',#11658,#613);
#392=LINE('',#11668,#614);
#393=LINE('',#11695,#615);
#394=LINE('',#11722,#616);
#395=LINE('',#11749,#617);
#396=LINE('',#11776,#618);
#397=LINE('',#11800,#619);
#398=LINE('',#11905,#620);
#399=LINE('',#11907,#621);
#400=LINE('',#11910,#622);
#401=LINE('',#11912,#623);
#402=LINE('',#11914,#624);
#403=LINE('',#11916,#625);
#404=LINE('',#11917,#626);
#405=LINE('',#11924,#627);
#406=LINE('',#11926,#628);
#407=LINE('',#11952,#629);
#408=LINE('',#11961,#630);
#409=LINE('',#12047,#631);
#410=LINE('',#12062,#632);
#411=LINE('',#12064,#633);
#412=LINE('',#12071,#634);
#413=LINE('',#12159,#635);
#414=LINE('',#12172,#636);
#415=LINE('',#12176,#637);
#416=LINE('',#12185,#638);
#417=LINE('',#12186,#639);
#418=LINE('',#12207,#640);
#419=LINE('',#12222,#641);
#420=LINE('',#12224,#642);
#421=LINE('',#12252,#643);
#422=LINE('',#12259,#644);
#423=LINE('',#12366,#645);
#424=LINE('',#12367,#646);
#425=LINE('',#12449,#647);
#426=LINE('',#12450,#648);
#427=LINE('',#12551,#649);
#428=LINE('',#12552,#650);
#429=LINE('',#12590,#651);
#430=LINE('',#12597,#652);
#431=LINE('',#12655,#653);
#432=LINE('',#12659,#654);
#433=LINE('',#13421,#655);
#434=LINE('',#13422,#656);
#435=LINE('',#13523,#657);
#436=LINE('',#13524,#658);
#437=LINE('',#13602,#659);
#438=LINE('',#13603,#660);
#439=LINE('',#13704,#661);
#440=LINE('',#13705,#662);
#441=VECTOR('',#6868,1000.);
#442=VECTOR('',#6869,1000.);
#443=VECTOR('',#6876,1000.);
#444=VECTOR('',#6877,1000.);
#445=VECTOR('',#6878,1000.);
#446=VECTOR('',#6879,1000.);
#447=VECTOR('',#6884,1000.);
#448=VECTOR('',#6891,1000.);
#449=VECTOR('',#6900,1000.);
#450=VECTOR('',#6913,1000.);
#451=VECTOR('',#6916,1000.);
#452=VECTOR('',#6917,1000.);
#453=VECTOR('',#6918,1000.);
#454=VECTOR('',#6919,1000.);
#455=VECTOR('',#6920,1000.);
#456=VECTOR('',#6921,1000.);
#457=VECTOR('',#6922,1000.);
#458=VECTOR('',#6923,1000.);
#459=VECTOR('',#6924,1000.);
#460=VECTOR('',#6925,1000.);
#461=VECTOR('',#6926,1000.);
#462=VECTOR('',#6927,1000.);
#463=VECTOR('',#6934,1000.);
#464=VECTOR('',#6941,1000.);
#465=VECTOR('',#6948,1000.);
#466=VECTOR('',#6957,1000.);
#467=VECTOR('',#6964,1000.);
#468=VECTOR('',#6967,1000.);
#469=VECTOR('',#6968,1000.);
#470=VECTOR('',#6969,1000.);
#471=VECTOR('',#6970,1000.);
#472=VECTOR('',#6971,1000.);
#473=VECTOR('',#6972,1000.);
#474=VECTOR('',#6973,1000.);
#475=VECTOR('',#6974,1000.);
#476=VECTOR('',#6975,1000.);
#477=VECTOR('',#6976,1000.);
#478=VECTOR('',#6977,1000.);
#479=VECTOR('',#6978,1000.);
#480=VECTOR('',#6991,1000.);
#481=VECTOR('',#6996,1000.);
#482=VECTOR('',#7003,1000.);
#483=VECTOR('',#7004,1000.);
#484=VECTOR('',#7007,1000.);
#485=VECTOR('',#7010,1000.);
#486=VECTOR('',#7017,1000.);
#487=VECTOR('',#7020,1000.);
#488=VECTOR('',#7023,1000.);
#489=VECTOR('',#7028,1000.);
#490=VECTOR('',#7031,1000.);
#491=VECTOR('',#7032,1000.);
#492=VECTOR('',#7035,1000.);
#493=VECTOR('',#7036,1000.);
#494=VECTOR('',#7037,1000.);
#495=VECTOR('',#7038,1000.);
#496=VECTOR('',#7039,1000.);
#497=VECTOR('',#7040,1000.);
#498=VECTOR('',#7041,1000.);
#499=VECTOR('',#7042,1000.);
#500=VECTOR('',#7043,1000.);
#501=VECTOR('',#7044,1000.);
#502=VECTOR('',#7045,1000.);
#503=VECTOR('',#7048,1000.);
#504=VECTOR('',#7049,1000.);
#505=VECTOR('',#7052,1000.);
#506=VECTOR('',#7053,1000.);
#507=VECTOR('',#7054,1000.);
#508=VECTOR('',#7055,1000.);
#509=VECTOR('',#7056,1000.);
#510=VECTOR('',#7059,1000.);
#511=VECTOR('',#7060,1000.);
#512=VECTOR('',#7061,1000.);
#513=VECTOR('',#7064,1000.);
#514=VECTOR('',#7065,1000.);
#515=VECTOR('',#7066,1000.);
#516=VECTOR('',#7067,1000.);
#517=VECTOR('',#7068,1000.);
#518=VECTOR('',#7069,1000.);
#519=VECTOR('',#7074,1000.);
#520=VECTOR('',#7077,1000.);
#521=VECTOR('',#7080,1000.);
#522=VECTOR('',#7081,1000.);
#523=VECTOR('',#7082,1000.);
#524=VECTOR('',#7083,1000.);
#525=VECTOR('',#7084,1000.);
#526=VECTOR('',#7085,1000.);
#527=VECTOR('',#7086,1000.);
#528=VECTOR('',#7087,1000.);
#529=VECTOR('',#7088,1000.);
#530=VECTOR('',#7089,1000.);
#531=VECTOR('',#7092,1000.);
#532=VECTOR('',#7093,1000.);
#533=VECTOR('',#7094,1000.);
#534=VECTOR('',#7095,1000.);
#535=VECTOR('',#7096,1000.);
#536=VECTOR('',#7097,1000.);
#537=VECTOR('',#7100,1000.);
#538=VECTOR('',#7101,1000.);
#539=VECTOR('',#7102,1000.);
#540=VECTOR('',#7105,1000.);
#541=VECTOR('',#7106,1000.);
#542=VECTOR('',#7107,1000.);
#543=VECTOR('',#7110,1000.);
#544=VECTOR('',#7111,1000.);
#545=VECTOR('',#7112,1000.);
#546=VECTOR('',#7113,1000.);
#547=VECTOR('',#7114,1000.);
#548=VECTOR('',#7115,1000.);
#549=VECTOR('',#7116,1000.);
#550=VECTOR('',#7119,1000.);
#551=VECTOR('',#7120,1000.);
#552=VECTOR('',#7121,1000.);
#553=VECTOR('',#7124,1000.);
#554=VECTOR('',#7125,1000.);
#555=VECTOR('',#7126,1000.);
#556=VECTOR('',#7129,1000.);
#557=VECTOR('',#7130,1000.);
#558=VECTOR('',#7131,1000.);
#559=VECTOR('',#7134,1000.);
#560=VECTOR('',#7135,1000.);
#561=VECTOR('',#7138,1000.);
#562=VECTOR('',#7139,1000.);
#563=VECTOR('',#7140,1000.);
#564=VECTOR('',#7147,1000.);
#565=VECTOR('',#7148,1000.);
#566=VECTOR('',#7149,1000.);
#567=VECTOR('',#7150,1000.);
#568=VECTOR('',#7153,1000.);
#569=VECTOR('',#7154,1000.);
#570=VECTOR('',#7157,1000.);
#571=VECTOR('',#7158,1000.);
#572=VECTOR('',#7159,1000.);
#573=VECTOR('',#7168,1000.);
#574=VECTOR('',#7171,1000.);
#575=VECTOR('',#7172,1000.);
#576=VECTOR('',#7173,1000.);
#577=VECTOR('',#7174,1000.);
#578=VECTOR('',#7175,1000.);
#579=VECTOR('',#7176,1000.);
#580=VECTOR('',#7177,1000.);
#581=VECTOR('',#7178,1000.);
#582=VECTOR('',#7179,1000.);
#583=VECTOR('',#7188,1000.);
#584=VECTOR('',#7189,1000.);
#585=VECTOR('',#7190,1000.);
#586=VECTOR('',#7191,1000.);
#587=VECTOR('',#7192,1000.);
#588=VECTOR('',#7193,1000.);
#589=VECTOR('',#7194,1000.);
#590=VECTOR('',#7195,1000.);
#591=VECTOR('',#7196,1000.);
#592=VECTOR('',#7197,1000.);
#593=VECTOR('',#7202,1000.);
#594=VECTOR('',#7211,1000.);
#595=VECTOR('',#7212,1000.);
#596=VECTOR('',#7215,1000.);
#597=VECTOR('',#7220,1000.);
#598=VECTOR('',#7225,1000.);
#599=VECTOR('',#7226,1000.);
#600=VECTOR('',#7227,1000.);
#601=VECTOR('',#7228,1000.);
#602=VECTOR('',#7231,1000.);
#603=VECTOR('',#7232,1000.);
#604=VECTOR('',#7233,1000.);
#605=VECTOR('',#7236,1000.);
#606=VECTOR('',#7237,1000.);
#607=VECTOR('',#7238,1000.);
#608=VECTOR('',#7241,1000.);
#609=VECTOR('',#7242,1000.);
#610=VECTOR('',#7245,1000.);
#611=VECTOR('',#7246,1000.);
#612=VECTOR('',#7247,1000.);
#613=VECTOR('',#7248,1000.);
#614=VECTOR('',#7249,1000.);
#615=VECTOR('',#7250,1000.);
#616=VECTOR('',#7251,1000.);
#617=VECTOR('',#7252,1000.);
#618=VECTOR('',#7253,1000.);
#619=VECTOR('',#7260,1000.);
#620=VECTOR('',#7263,1000.);
#621=VECTOR('',#7266,1000.);
#622=VECTOR('',#7267,1000.);
#623=VECTOR('',#7268,1000.);
#624=VECTOR('',#7269,1000.);
#625=VECTOR('',#7272,1000.);
#626=VECTOR('',#7273,1000.);
#627=VECTOR('',#7282,1000.);
#628=VECTOR('',#7285,1000.);
#629=VECTOR('',#7288,1000.);
#630=VECTOR('',#7289,1000.);
#631=VECTOR('',#7300,1000.);
#632=VECTOR('',#7305,1000.);
#633=VECTOR('',#7308,1000.);
#634=VECTOR('',#7309,1000.);
#635=VECTOR('',#7316,1000.);
#636=VECTOR('',#7319,1000.);
#637=VECTOR('',#7324,1000.);
#638=VECTOR('',#7329,1000.);
#639=VECTOR('',#7330,1000.);
#640=VECTOR('',#7333,1000.);
#641=VECTOR('',#7334,1000.);
#642=VECTOR('',#7337,1000.);
#643=VECTOR('',#7352,1000.);
#644=VECTOR('',#7353,1000.);
#645=VECTOR('',#7356,1000.);
#646=VECTOR('',#7357,1000.);
#647=VECTOR('',#7382,1000.);
#648=VECTOR('',#7383,1000.);
#649=VECTOR('',#7386,1000.);
#650=VECTOR('',#7387,1000.);
#651=VECTOR('',#7408,1000.);
#652=VECTOR('',#7409,1000.);
#653=VECTOR('',#7412,1000.);
#654=VECTOR('',#7415,1000.);
#655=VECTOR('',#7474,1000.);
#656=VECTOR('',#7475,1000.);
#657=VECTOR('',#7478,1000.);
#658=VECTOR('',#7479,1000.);
#659=VECTOR('',#7528,1000.);
#660=VECTOR('',#7529,1000.);
#661=VECTOR('',#7532,1000.);
#662=VECTOR('',#7533,1000.);
#663=B_SPLINE_SURFACE_WITH_KNOTS('',3,1,((#7603,#7604),(#7605,#7606),(#7607,
#7608),(#7609,#7610),(#7611,#7612),(#7613,#7614),(#7615,#7616)),
 .SURF_OF_LINEAR_EXTRUSION.,.F.,.F.,.F.,(4,3,4),(2,2),(0.0128030301521683,
0.0135326113191686,0.0135983011806251),(0.090719718655995,0.0912491466429684),
 .PIECEWISE_BEZIER_KNOTS.);
#664=B_SPLINE_SURFACE_WITH_KNOTS('',3,1,((#7633,#7634),(#7635,#7636),(#7637,
#7638),(#7639,#7640),(#7641,#7642)),.SURF_OF_LINEAR_EXTRUSION.,.F.,.F.,
 .F.,(4,1,4),(2,2),(0.,0.00543752837020408,0.0100889415345469),(0.0839872614853569,
0.0854183309140858),.UNSPECIFIED.);
#665=B_SPLINE_SURFACE_WITH_KNOTS('',3,1,((#7678,#7679),(#7680,#7681),(#7682,
#7683),(#7684,#7685),(#7686,#7687)),.SURF_OF_LINEAR_EXTRUSION.,.F.,.F.,
 .F.,(4,1,4),(2,2),(0.,0.00772656576343844,0.0150849390678953),(0.0839760753352972,
0.0880731317236859),.UNSPECIFIED.);
#666=B_SPLINE_SURFACE_WITH_KNOTS('',3,1,((#7714,#7715),(#7716,#7717),(#7718,
#7719),(#7720,#7721),(#7722,#7723)),.SURF_OF_LINEAR_EXTRUSION.,.F.,.F.,
 .F.,(4,1,4),(2,2),(0.,0.0066184414635071,0.0121343345563541),(0.0869215045221413,
0.0946829017809772),.UNSPECIFIED.);
#667=B_SPLINE_SURFACE_WITH_KNOTS('',3,1,((#7754,#7755),(#7756,#7757),(#7758,
#7759),(#7760,#7761),(#7762,#7763)),.SURF_OF_LINEAR_EXTRUSION.,.F.,.F.,
 .F.,(4,1,4),(2,2),(0.,0.00465099056396713,0.0100827229073045),(0.084376428268896,
0.088288859136084),.UNSPECIFIED.);
#668=B_SPLINE_SURFACE_WITH_KNOTS('',3,1,((#7818,#7819),(#7820,#7821),(#7822,
#7823),(#7824,#7825),(#7826,#7827)),.SURF_OF_LINEAR_EXTRUSION.,.F.,.F.,
 .F.,(4,1,4),(2,2),(0.,0.00395506115983781,0.0083557512364818),(0.0905084310537651,
0.0936706029213816),.UNSPECIFIED.);
#669=B_SPLINE_SURFACE_WITH_KNOTS('',3,1,((#7852,#7853),(#7854,#7855),(#7856,
#7857),(#7858,#7859),(#7860,#7861)),.SURF_OF_LINEAR_EXTRUSION.,.F.,.F.,
 .F.,(4,1,4),(2,2),(0.,0.00478677451946872,0.00986898505283436),(0.0868279784121286,
0.0917549445369608),.UNSPECIFIED.);
#670=B_SPLINE_SURFACE_WITH_KNOTS('',3,1,((#7888,#7889),(#7890,#7891),(#7892,
#7893),(#7894,#7895),(#7896,#7897)),.SURF_OF_LINEAR_EXTRUSION.,.F.,.F.,
 .F.,(4,1,4),(2,2),(0.,0.00594057807026588,0.0112056699267529),(0.0842478380955738,
0.0879572393987207),.UNSPECIFIED.);
#671=B_SPLINE_SURFACE_WITH_KNOTS('',3,1,((#7924,#7925),(#7926,#7927),(#7928,
#7929),(#7930,#7931),(#7932,#7933)),.SURF_OF_LINEAR_EXTRUSION.,.F.,.F.,
 .F.,(4,1,4),(2,2),(0.,0.00474505939435515,0.0090949127734345),(0.0839905087116026,
0.0852843805130732),.UNSPECIFIED.);
#672=B_SPLINE_SURFACE_WITH_KNOTS('',3,1,((#7960,#7961),(#7962,#7963),(#7964,
#7965),(#7966,#7967),(#7968,#7969)),.SURF_OF_LINEAR_EXTRUSION.,.F.,.F.,
 .F.,(4,1,4),(2,2),(0.,0.00416028422664208,0.00824225656351732),(0.0842208723251221,
0.0868302541475354),.UNSPECIFIED.);
#673=B_SPLINE_SURFACE_WITH_KNOTS('',3,1,((#7993,#7994),(#7995,#7996),(#7997,
#7998),(#7999,#8000),(#8001,#8002)),.SURF_OF_LINEAR_EXTRUSION.,.F.,.F.,
 .F.,(4,1,4),(2,2),(0.,0.00705927582555563,0.0144072745156952),(0.0857334498222037,
0.091544107620649),.UNSPECIFIED.);
#674=B_SPLINE_SURFACE_WITH_KNOTS('',3,1,((#8032,#8033,#8034),(#8035,#8036,
#8037),(#8038,#8039,#8040),(#8041,#8042,#8043),(#8044,#8045,#8046)),
 .SURF_OF_LINEAR_EXTRUSION.,.F.,.F.,.F.,(4,1,4),(2,1,2),(0.,0.00863249867353091,
0.0161013379157417),(0.0902901742305709,0.0950979277219805,0.0951975325748792),
 .UNSPECIFIED.);
#675=B_SPLINE_SURFACE_WITH_KNOTS('',3,1,((#8068,#8069,#8070),(#8071,#8072,
#8073),(#8074,#8075,#8076),(#8077,#8078,#8079),(#8080,#8081,#8082),(#8083,
#8084,#8085),(#8086,#8087,#8088),(#8089,#8090,#8091),(#8092,#8093,#8094),
(#8095,#8096,#8097),(#8098,#8099,#8100)),.SURF_OF_LINEAR_EXTRUSION.,.F.,
 .F.,.F.,(4,3,1,3,4),(2,1,2),(-6.71569282822075E-5,0.,0.00676845623063039,
0.0134313856564415,0.0135369562176233),(0.0923693914785435,0.0951362575023592,
0.0952178646474409),.UNSPECIFIED.);
#676=B_SPLINE_SURFACE_WITH_KNOTS('',3,1,((#8112,#8113,#8114),(#8115,#8116,
#8117),(#8118,#8119,#8120),(#8121,#8122,#8123),(#8124,#8125,#8126)),
 .SURF_OF_LINEAR_EXTRUSION.,.F.,.F.,.F.,(4,1,4),(2,1,2),(0.,0.00675153530827845,
0.0135273592888381),(0.0869926364393773,0.0935066767707018,0.0935966551887542),
 .UNSPECIFIED.);
#677=B_SPLINE_SURFACE_WITH_KNOTS('',3,1,((#8166,#8167),(#8168,#8169),(#8170,
#8171),(#8172,#8173),(#8174,#8175)),.SURF_OF_LINEAR_EXTRUSION.,.F.,.F.,
 .F.,(4,1,4),(2,2),(0.,0.0059728855156674,0.0120288032200216),(0.0842002135357017,
0.0881378169704166),.UNSPECIFIED.);
#678=B_SPLINE_SURFACE_WITH_KNOTS('',3,1,((#8199,#8200),(#8201,#8202),(#8203,
#8204),(#8205,#8206),(#8207,#8208)),.SURF_OF_LINEAR_EXTRUSION.,.F.,.F.,
 .F.,(4,1,4),(2,2),(0.,0.00557719032504006,0.0100311948472814),(0.0839529641395736,
0.0854268313548434),.UNSPECIFIED.);
#679=B_SPLINE_SURFACE_WITH_KNOTS('',3,1,((#8269,#8270),(#8271,#8272),(#8273,
#8274),(#8275,#8276),(#8277,#8278)),.SURF_OF_LINEAR_EXTRUSION.,.F.,.F.,
 .F.,(4,1,4),(2,2),(0.,0.00509124033626922,0.00930860783293482),(0.0916522101905611,
0.0936655107189994),.UNSPECIFIED.);
#680=B_SPLINE_SURFACE_WITH_KNOTS('',3,1,((#8287,#8288),(#8289,#8290),(#8291,
#8292),(#8293,#8294),(#8295,#8296)),.SURF_OF_LINEAR_EXTRUSION.,.F.,.F.,
 .F.,(4,1,4),(2,2),(0.,0.00591858100251821,0.0126951513129372),(0.0960808854111497,
0.0978991878095075),.UNSPECIFIED.);
#681=B_SPLINE_SURFACE_WITH_KNOTS('',3,1,((#8308,#8309),(#8310,#8311),(#8312,
#8313),(#8314,#8315),(#8316,#8317)),.SURF_OF_LINEAR_EXTRUSION.,.F.,.F.,
 .F.,(4,1,4),(2,2),(0.,0.00621408606995381,0.011914187209804),(0.0948916402748655,
0.0978790596838493),.UNSPECIFIED.);
#682=B_SPLINE_SURFACE_WITH_KNOTS('',3,1,((#8329,#8330),(#8331,#8332),(#8333,
#8334),(#8335,#8336),(#8337,#8338)),.SURF_OF_LINEAR_EXTRUSION.,.F.,.F.,
 .F.,(4,1,4),(2,2),(0.,0.00725409975360828,0.0140105188523568),(0.0887983452598929,
0.096063179220942),.UNSPECIFIED.);
#683=B_SPLINE_SURFACE_WITH_KNOTS('',3,1,((#8362,#8363),(#8364,#8365),(#8366,
#8367),(#8368,#8369),(#8370,#8371)),.SURF_OF_LINEAR_EXTRUSION.,.F.,.F.,
 .F.,(4,1,4),(2,2),(0.,0.00921280091565389,0.0191194647137155),(0.0839866596152865,
0.0900171427393259),.UNSPECIFIED.);
#684=B_SPLINE_SURFACE_WITH_KNOTS('',3,1,((#8401,#8402),(#8403,#8404),(#8405,
#8406),(#8407,#8408),(#8409,#8410)),.SURF_OF_LINEAR_EXTRUSION.,.F.,.F.,
 .F.,(4,1,4),(2,2),(0.,0.00931177605012836,0.0182425826445151),(0.0839691296150586,
0.088464756789113),.UNSPECIFIED.);
#685=B_SPLINE_SURFACE_WITH_KNOTS('',3,1,((#8440,#8441,#8442),(#8443,#8444,
#8445),(#8446,#8447,#8448),(#8449,#8450,#8451),(#8452,#8453,#8454),(#8455,
#8456,#8457),(#8458,#8459,#8460),(#8461,#8462,#8463)),
 .SURF_OF_LINEAR_EXTRUSION.,.F.,.F.,.F.,(4,3,1,4),(2,1,2),(-0.000118086666421021,
0.,0.00993566299724733,0.0196757758012088),(0.0872915584812082,0.0963816274553824,
0.0964754165139198),.UNSPECIFIED.);
#686=B_SPLINE_SURFACE_WITH_KNOTS('',3,1,((#8485,#8486,#8487),(#8488,#8489,
#8490),(#8491,#8492,#8493),(#8494,#8495,#8496),(#8497,#8498,#8499),(#8500,
#8501,#8502),(#8503,#8504,#8505),(#8506,#8507,#8508),(#8509,#8510,#8511),
(#8512,#8513,#8514),(#8515,#8516,#8517)),.SURF_OF_LINEAR_EXTRUSION.,.F.,
 .F.,.F.,(4,3,1,3,4),(2,1,2),(-9.7065498024908E-5,0.,0.00941439725822849,
0.01929731571071,0.0194130996049816),(0.0952030740264908,0.0988247623699691,
0.0989251095730592),.UNSPECIFIED.);
#687=B_SPLINE_SURFACE_WITH_KNOTS('',3,1,((#8529,#8530,#8531),(#8532,#8533,
#8534),(#8535,#8536,#8537),(#8538,#8539,#8540),(#8541,#8542,#8543),(#8544,
#8545,#8546),(#8547,#8548,#8549),(#8550,#8551,#8552),(#8553,#8554,#8555),
(#8556,#8557,#8558),(#8559,#8560,#8561)),.SURF_OF_LINEAR_EXTRUSION.,.F.,
 .F.,.F.,(4,3,1,3,4),(2,1,2),(-9.85013067841274E-5,0.,0.00915779352239544,
0.0182541654266865,0.0183644750319481),(0.0964101921998524,0.0988404181218609,
0.0989413648110376),.UNSPECIFIED.);
#688=B_SPLINE_SURFACE_WITH_KNOTS('',3,1,((#8573,#8574,#8575),(#8576,#8577,
#8578),(#8579,#8580,#8581),(#8582,#8583,#8584),(#8585,#8586,#8587)),
 .SURF_OF_LINEAR_EXTRUSION.,.F.,.F.,.F.,(4,1,4),(2,1,2),(0.,0.00990400855071272,
0.0193997694411219),(0.088933348883899,0.0975510256849997,0.0976471877802819),
 .UNSPECIFIED.);
#689=B_SPLINE_SURFACE_WITH_KNOTS('',3,1,((#8612,#8613),(#8614,#8615),(#8616,
#8617),(#8618,#8619),(#8620,#8621)),.SURF_OF_LINEAR_EXTRUSION.,.F.,.F.,
 .F.,(4,1,4),(2,2),(0.,0.00763620923494445,0.0152117092950118),(0.0843352789639949,
0.0901637125866518),.UNSPECIFIED.);
#690=B_SPLINE_SURFACE_WITH_KNOTS('',3,1,((#8648,#8649),(#8650,#8651),(#8652,
#8653),(#8654,#8655),(#8656,#8657)),.SURF_OF_LINEAR_EXTRUSION.,.F.,.F.,
 .F.,(4,1,4),(2,2),(0.,0.00841691389678298,0.0163431335434723),(0.0839639778438296,
0.0865245104953202),.UNSPECIFIED.);
#691=B_SPLINE_SURFACE_WITH_KNOTS('',3,1,((#8956,#8957),(#8958,#8959),(#8960,
#8961),(#8962,#8963),(#8964,#8965)),.SURF_OF_LINEAR_EXTRUSION.,.F.,.F.,
 .F.,(4,1,4),(2,2),(0.,0.00570526559786464,0.0102449499616147),(0.1,0.1001),
 .UNSPECIFIED.);
#692=B_SPLINE_SURFACE_WITH_KNOTS('',3,1,((#8986,#8987),(#8988,#8989),(#8990,
#8991),(#8992,#8993),(#8994,#8995)),.SURF_OF_LINEAR_EXTRUSION.,.F.,.F.,
 .F.,(4,1,4),(2,2),(0.,0.00600871027561461,0.0120700192306036),(0.1,0.1001),
 .UNSPECIFIED.);
#693=B_SPLINE_SURFACE_WITH_KNOTS('',3,1,((#9013,#9014),(#9015,#9016),(#9017,
#9018),(#9019,#9020),(#9021,#9022)),.SURF_OF_LINEAR_EXTRUSION.,.F.,.F.,
 .F.,(4,1,4),(2,2),(0.,0.010119607546067,0.0193517822327399),(0.1,0.1001),
 .UNSPECIFIED.);
#694=B_SPLINE_SURFACE_WITH_KNOTS('',3,1,((#9044,#9045),(#9046,#9047),(#9048,
#9049),(#9050,#9051),(#9052,#9053)),.SURF_OF_LINEAR_EXTRUSION.,.F.,.F.,
 .F.,(4,1,4),(2,2),(0.,0.00957290208825227,0.0206812912821741),(0.1,0.1001),
 .UNSPECIFIED.);
#695=B_SPLINE_SURFACE_WITH_KNOTS('',3,1,((#9071,#9072),(#9073,#9074),(#9075,
#9076),(#9077,#9078),(#9079,#9080)),.SURF_OF_LINEAR_EXTRUSION.,.F.,.F.,
 .F.,(4,1,4),(2,2),(0.,0.0114830346272669,0.0213147161221814),(0.1,0.1001),
 .UNSPECIFIED.);
#696=B_SPLINE_SURFACE_WITH_KNOTS('',3,1,((#9098,#9099),(#9100,#9101),(#9102,
#9103),(#9104,#9105),(#9106,#9107)),.SURF_OF_LINEAR_EXTRUSION.,.F.,.F.,
 .F.,(4,1,4),(2,2),(0.,0.0092395549335855,0.0189279105436969),(0.1,0.1001),
 .UNSPECIFIED.);
#697=B_SPLINE_SURFACE_WITH_KNOTS('',3,1,((#9125,#9126),(#9127,#9128),(#9129,
#9130),(#9131,#9132),(#9133,#9134)),.SURF_OF_LINEAR_EXTRUSION.,.F.,.F.,
 .F.,(4,1,4),(2,2),(0.,0.00940015458967825,0.0184216731589894),(0.1,0.1001),
 .UNSPECIFIED.);
#698=B_SPLINE_SURFACE_WITH_KNOTS('',3,1,((#9152,#9153),(#9154,#9155),(#9156,
#9157),(#9158,#9159),(#9160,#9161)),.SURF_OF_LINEAR_EXTRUSION.,.F.,.F.,
 .F.,(4,1,4),(2,2),(0.,0.00963320505340207,0.0208984542022626),(0.1,0.1001),
 .UNSPECIFIED.);
#699=B_SPLINE_SURFACE_WITH_KNOTS('',3,1,((#9179,#9180),(#9181,#9182),(#9183,
#9184),(#9185,#9186),(#9187,#9188)),.SURF_OF_LINEAR_EXTRUSION.,.F.,.F.,
 .F.,(4,1,4),(2,2),(0.,0.000955054617805722,0.00229250573655188),(0.1,0.1001),
 .UNSPECIFIED.);
#700=B_SPLINE_SURFACE_WITH_KNOTS('',3,3,((#9205,#9206,#9207,#9208),(#9209,
#9210,#9211,#9212),(#9213,#9214,#9215,#9216),(#9217,#9218,#9219,#9220)),
 .UNSPECIFIED.,.F.,.F.,.F.,(4,4),(4,4),(-7.22820100840533E-5,0.011707291530541),
(0.1,0.1001),.UNSPECIFIED.);
#701=B_SPLINE_SURFACE_WITH_KNOTS('',3,3,((#9247,#9248,#9249,#9250),(#9251,
#9252,#9253,#9254),(#9255,#9256,#9257,#9258),(#9259,#9260,#9261,#9262)),
 .UNSPECIFIED.,.F.,.F.,.F.,(4,4),(4,4),(-7.99262959461191E-5,0.0117518927268717),
(0.1,0.1001),.UNSPECIFIED.);
#702=B_SPLINE_SURFACE_WITH_KNOTS('',3,1,((#9282,#9283),(#9284,#9285),(#9286,
#9287),(#9288,#9289),(#9290,#9291)),.SURF_OF_LINEAR_EXTRUSION.,.F.,.F.,
 .F.,(4,1,4),(2,2),(0.,0.0044247286757382,0.00855675242335185),(0.1,0.1001),
 .UNSPECIFIED.);
#703=B_SPLINE_SURFACE_WITH_KNOTS('',3,1,((#9309,#9310),(#9311,#9312),(#9313,
#9314),(#9315,#9316),(#9317,#9318)),.SURF_OF_LINEAR_EXTRUSION.,.F.,.F.,
 .F.,(4,1,4),(2,2),(0.,0.00440062864810211,0.00963787519041103),(0.1,0.1001),
 .UNSPECIFIED.);
#704=B_SPLINE_SURFACE_WITH_KNOTS('',3,3,((#9342,#9343,#9344,#9345),(#9346,
#9347,#9348,#9349),(#9350,#9351,#9352,#9353),(#9354,#9355,#9356,#9357)),
 .UNSPECIFIED.,.F.,.F.,.F.,(4,4),(4,4),(0.,0.0146819238677182),(0.1,0.1001),
 .UNSPECIFIED.);
#705=B_SPLINE_SURFACE_WITH_KNOTS('',3,1,((#9407,#9408),(#9409,#9410),(#9411,
#9412),(#9413,#9414)),.SURF_OF_LINEAR_EXTRUSION.,.F.,.F.,.F.,(4,4),(2,2),
(0.020399834378254,0.0242679279231211),(0.1,0.1001),
 .PIECEWISE_BEZIER_KNOTS.);
#706=B_SPLINE_SURFACE_WITH_KNOTS('',3,3,((#9427,#9428,#9429,#9430),(#9431,
#9432,#9433,#9434),(#9435,#9436,#9437,#9438),(#9439,#9440,#9441,#9442)),
 .UNSPECIFIED.,.F.,.F.,.F.,(4,4),(4,4),(0.,0.0236410229788004),(0.1,0.1001),
 .UNSPECIFIED.);
#707=B_SPLINE_SURFACE_WITH_KNOTS('',3,1,((#9464,#9465),(#9466,#9467),(#9468,
#9469),(#9470,#9471),(#9472,#9473),(#9474,#9475),(#9476,#9477),(#9478,#9479)),
 .SURF_OF_LINEAR_EXTRUSION.,.F.,.F.,.F.,(4,3,1,4),(2,2),(-3.12130649568774E-5,
0.,0.00563448109772922,0.00624261299137547),(0.1,0.1001),.UNSPECIFIED.);
#708=B_SPLINE_SURFACE_WITH_KNOTS('',3,1,((#9496,#9497),(#9498,#9499),(#9500,
#9501),(#9502,#9503),(#9504,#9505)),.SURF_OF_LINEAR_EXTRUSION.,.F.,.F.,
 .F.,(4,1,4),(2,2),(0.00308578591240447,0.00648738094110883,0.0135879322218953),
(0.1,0.1001),.UNSPECIFIED.);
#709=B_SPLINE_SURFACE_WITH_KNOTS('',3,1,((#9526,#9527),(#9528,#9529),(#9530,
#9531),(#9532,#9533),(#9534,#9535)),.SURF_OF_LINEAR_EXTRUSION.,.F.,.F.,
 .F.,(4,1,4),(2,2),(0.,0.00921685833586742,0.0179772064637884),(0.1,0.1001),
 .UNSPECIFIED.);
#710=B_SPLINE_SURFACE_WITH_KNOTS('',3,1,((#9553,#9554),(#9555,#9556),(#9557,
#9558),(#9559,#9560),(#9561,#9562)),.SURF_OF_LINEAR_EXTRUSION.,.F.,.F.,
 .F.,(4,1,4),(2,2),(0.,0.012603099883418,0.0296658681460237),(0.1,0.1001),
 .UNSPECIFIED.);
#711=B_SPLINE_SURFACE_WITH_KNOTS('',3,1,((#9580,#9581),(#9582,#9583),(#9584,
#9585),(#9586,#9587),(#9588,#9589)),.SURF_OF_LINEAR_EXTRUSION.,.F.,.F.,
 .F.,(4,1,4),(2,2),(0.,0.0112212986679975,0.0155679168753304),(0.1,0.1001),
 .UNSPECIFIED.);
#712=B_SPLINE_SURFACE_WITH_KNOTS('',3,1,((#9608,#9609),(#9610,#9611),(#9612,
#9613),(#9614,#9615),(#9616,#9617),(#9618,#9619),(#9620,#9621),(#9622,#9623)),
 .SURF_OF_LINEAR_EXTRUSION.,.F.,.F.,.F.,(4,1,3,4),(2,2),(0.,0.00621962894771561,
0.011920424233144,0.0120204473579563),(0.0898026247110921,0.0933636087380679),
 .UNSPECIFIED.);
#713=B_SPLINE_SURFACE_WITH_KNOTS('',3,1,((#9673,#9674),(#9675,#9676),(#9677,
#9678),(#9679,#9680),(#9681,#9682),(#9683,#9684),(#9685,#9686),(#9687,#9688)),
 .SURF_OF_LINEAR_EXTRUSION.,.F.,.F.,.F.,(4,3,1,4),(2,2),(-0.00015518170378307,
0.,0.0144197126895851,0.0235204265175648),(0.0897909269722272,0.0953249296210851),
 .UNSPECIFIED.);
#714=B_SPLINE_SURFACE_WITH_KNOTS('',3,3,((#9723,#9724,#9725,#9726),(#9727,
#9728,#9729,#9730),(#9731,#9732,#9733,#9734),(#9735,#9736,#9737,#9738)),
 .UNSPECIFIED.,.F.,.F.,.F.,(4,4),(4,4),(-6.83822573219195E-15,0.000734886408382194),
(0.0908715935494765,0.0912651814763768),.UNSPECIFIED.);
#715=B_SPLINE_SURFACE_WITH_KNOTS('',3,1,((#9748,#9749),(#9750,#9751),(#9752,
#9753),(#9754,#9755),(#9756,#9757),(#9758,#9759),(#9760,#9761),(#9762,#9763)),
 .SURF_OF_LINEAR_EXTRUSION.,.F.,.F.,.F.,(4,3,1,4),(2,2),(-0.000102347857708839,
0.,0.00730041841884636,0.016649618493747),(0.0868259750292472,0.091019177244208),
 .UNSPECIFIED.);
#716=B_SPLINE_SURFACE_WITH_KNOTS('',3,1,((#9768,#9769),(#9770,#9771),(#9772,
#9773),(#9774,#9775),(#9776,#9777),(#9778,#9779),(#9780,#9781),(#9782,#9783),
(#9784,#9785),(#9786,#9787),(#9788,#9789)),.SURF_OF_LINEAR_EXTRUSION.,.F.,
 .F.,.F.,(4,3,1,3,4),(2,2),(-5.6868258812956E-5,0.,0.00534461201845619,
0.0113165034203186,0.0113736517625912),(0.0861126275136611,0.0869612441628499),
 .UNSPECIFIED.);
#717=B_SPLINE_SURFACE_WITH_KNOTS('',3,1,((#9794,#9795),(#9796,#9797),(#9798,
#9799),(#9800,#9801),(#9802,#9803),(#9804,#9805),(#9806,#9807),(#9808,#9809)),
 .SURF_OF_LINEAR_EXTRUSION.,.F.,.F.,.F.,(4,3,1,4),(2,2),(-0.00010770615725065,
0.,0.00646836317098975,0.0129282954080149),(0.0911191951022535,0.0974548494199732),
 .UNSPECIFIED.);
#718=B_SPLINE_SURFACE_WITH_KNOTS('',3,3,((#9937,#9938,#9939,#9940),(#9941,
#9942,#9943,#9944),(#9945,#9946,#9947,#9948),(#9949,#9950,#9951,#9952)),
 .UNSPECIFIED.,.F.,.F.,.F.,(4,4),(4,4),(0.,0.011922103508001),(0.1,0.1001),
 .UNSPECIFIED.);
#719=B_SPLINE_SURFACE_WITH_KNOTS('',3,3,((#9972,#9973,#9974,#9975),(#9976,
#9977,#9978,#9979),(#9980,#9981,#9982,#9983),(#9984,#9985,#9986,#9987)),
 .UNSPECIFIED.,.F.,.F.,.F.,(4,4),(4,4),(-0.000153136472609425,0.0234721375535622),
(0.1,0.1001),.UNSPECIFIED.);
#720=B_SPLINE_SURFACE_WITH_KNOTS('',3,1,((#10007,#10008),(#10009,#10010),
(#10011,#10012),(#10013,#10014),(#10015,#10016)),
 .SURF_OF_LINEAR_EXTRUSION.,.F.,.F.,.F.,(4,1,4),(2,2),(0.,0.0144197132107748,
0.0235204233226521),(0.1,0.1001),.UNSPECIFIED.);
#721=B_SPLINE_SURFACE_WITH_KNOTS('',3,1,((#10034,#10035),(#10036,#10037),
(#10038,#10039),(#10040,#10041),(#10042,#10043)),
 .SURF_OF_LINEAR_EXTRUSION.,.F.,.F.,.F.,(4,1,4),(2,2),(0.,0.00534461374079622,
0.0113165051426586),(0.1,0.1001),.UNSPECIFIED.);
#722=B_SPLINE_SURFACE_WITH_KNOTS('',3,1,((#10064,#10065),(#10066,#10067),
(#10068,#10069),(#10070,#10071),(#10072,#10073)),
 .SURF_OF_LINEAR_EXTRUSION.,.F.,.F.,.F.,(4,1,4),(2,2),(0.,0.00730041781580072,
0.016649617733736),(0.1,0.1001),.UNSPECIFIED.);
#723=B_SPLINE_SURFACE_WITH_KNOTS('',3,1,((#10091,#10092),(#10093,#10094),
(#10095,#10096),(#10097,#10098),(#10099,#10100)),
 .SURF_OF_LINEAR_EXTRUSION.,.F.,.F.,.F.,(4,1,4),(2,2),(0.,0.0111494452882222,
0.0201087667085908),(0.1,0.1001),.UNSPECIFIED.);
#724=B_SPLINE_SURFACE_WITH_KNOTS('',3,1,((#10118,#10119),(#10120,#10121),
(#10122,#10123),(#10124,#10125),(#10126,#10127)),
 .SURF_OF_LINEAR_EXTRUSION.,.F.,.F.,.F.,(4,1,4),(2,2),(0.,0.00741459558185747,
0.0140744019492825),(0.1,0.1001),.UNSPECIFIED.);
#725=B_SPLINE_SURFACE_WITH_KNOTS('',3,1,((#10145,#10146),(#10147,#10148),
(#10149,#10150),(#10151,#10152),(#10153,#10154)),
 .SURF_OF_LINEAR_EXTRUSION.,.F.,.F.,.F.,(4,1,4),(2,2),(0.,0.00648739730694762,
0.0135879412163553),(0.1,0.1001),.UNSPECIFIED.);
#726=B_SPLINE_SURFACE_WITH_KNOTS('',3,3,((#10172,#10173,#10174,#10175),
(#10176,#10177,#10178,#10179),(#10180,#10181,#10182,#10183),(#10184,#10185,
#10186,#10187)),.UNSPECIFIED.,.F.,.F.,.F.,(4,4),(4,4),(0.,0.0181088448959802),
(0.1,0.1001),.UNSPECIFIED.);
#727=B_SPLINE_SURFACE_WITH_KNOTS('',3,1,((#10209,#10210),(#10211,#10212),
(#10213,#10214),(#10215,#10216),(#10217,#10218)),
 .SURF_OF_LINEAR_EXTRUSION.,.F.,.F.,.F.,(4,1,4),(2,2),(0.,0.00621963437448851,
0.0119204260521347),(0.1,0.1001),.UNSPECIFIED.);
#728=B_SPLINE_SURFACE_WITH_KNOTS('',3,3,((#10236,#10237,#10238,#10239),
(#10240,#10241,#10242,#10243),(#10244,#10245,#10246,#10247),(#10248,#10249,
#10250,#10251)),.UNSPECIFIED.,.F.,.F.,.F.,(4,4),(4,4),(0.,0.011133369309616),
(0.1,0.1001),.UNSPECIFIED.);
#729=B_SPLINE_SURFACE_WITH_KNOTS('',3,1,((#10273,#10274),(#10275,#10276),
(#10277,#10278),(#10279,#10280),(#10281,#10282)),
 .SURF_OF_LINEAR_EXTRUSION.,.F.,.F.,.F.,(4,1,4),(2,2),(0.,0.0143899235442472,
0.0234962741889481),(0.1,0.1001),.UNSPECIFIED.);
#730=B_SPLINE_SURFACE_WITH_KNOTS('',3,3,((#10298,#10299,#10300,#10301),
(#10302,#10303,#10304,#10305),(#10306,#10307,#10308,#10309),(#10310,#10311,
#10312,#10313)),.UNSPECIFIED.,.F.,.F.,.F.,(4,4),(4,4),(0.,0.0203376941615121),
(0.1,0.1001),.UNSPECIFIED.);
#731=B_SPLINE_SURFACE_WITH_KNOTS('',3,1,((#10331,#10332),(#10333,#10334),
(#10335,#10336),(#10337,#10338),(#10339,#10340)),
 .SURF_OF_LINEAR_EXTRUSION.,.F.,.F.,.F.,(4,1,4),(2,2),(0.,0.0064683664469059,
0.0135325998521116),(0.1,0.1001),.UNSPECIFIED.);
#732=B_SPLINE_SURFACE_WITH_KNOTS('',3,1,((#10363,#10364),(#10365,#10366),
(#10367,#10368),(#10369,#10370),(#10371,#10372)),
 .SURF_OF_LINEAR_EXTRUSION.,.F.,.F.,.F.,(4,1,4),(2,2),(0.,0.00476667059169683,
0.00967438857531172),(0.1,0.1001),.UNSPECIFIED.);
#733=B_SPLINE_SURFACE_WITH_KNOTS('',3,3,((#10437,#10438,#10439,#10440),
(#10441,#10442,#10443,#10444),(#10445,#10446,#10447,#10448),(#10449,#10450,
#10451,#10452)),.UNSPECIFIED.,.F.,.F.,.F.,(4,4),(4,4),(-7.03465753437238E-5,
0.0069719091878116),(0.0995167503087811,0.100103445272),.UNSPECIFIED.);
#734=B_SPLINE_SURFACE_WITH_KNOTS('',3,1,((#10485,#10486),(#10487,#10488),
(#10489,#10490),(#10491,#10492),(#10493,#10494),(#10495,#10496),(#10497,
#10498),(#10499,#10500)),.SURF_OF_LINEAR_EXTRUSION.,.F.,.F.,.F.,(4,1,3,
4),(2,2),(0.,0.00332200721242542,0.00661987704529175,0.00663642673790498),
(0.0985617043669201,0.0996275146477209),.UNSPECIFIED.);
#735=B_SPLINE_SURFACE_WITH_KNOTS('',3,3,((#10534,#10535,#10536,#10537),
(#10538,#10539,#10540,#10541),(#10542,#10543,#10544,#10545),(#10546,#10547,
#10548,#10549)),.UNSPECIFIED.,.F.,.F.,.F.,(4,4),(4,4),(0.,0.00920624881584972),
(0.0980867700995935,0.0986744500483072),.UNSPECIFIED.);
#736=B_SPLINE_SURFACE_WITH_KNOTS('',3,1,((#10601,#10602),(#10603,#10604),
(#10605,#10606),(#10607,#10608),(#10609,#10610)),
 .SURF_OF_LINEAR_EXTRUSION.,.F.,.F.,.F.,(4,1,4),(2,2),(0.,0.00368027138641138,
0.00660023036647889),(0.1,0.1001),.UNSPECIFIED.);
#737=B_SPLINE_SURFACE_WITH_KNOTS('',3,1,((#10631,#10632),(#10633,#10634),
(#10635,#10636),(#10637,#10638),(#10639,#10640)),
 .SURF_OF_LINEAR_EXTRUSION.,.F.,.F.,.F.,(4,1,4),(2,2),(0.,0.00575917047771278,
0.0120984039881626),(0.1,0.1001),.UNSPECIFIED.);
#738=B_SPLINE_SURFACE_WITH_KNOTS('',3,1,((#10676,#10677),(#10678,#10679),
(#10680,#10681),(#10682,#10683),(#10684,#10685)),
 .SURF_OF_LINEAR_EXTRUSION.,.F.,.F.,.F.,(4,1,4),(2,2),(0.,0.00668118722397259,
0.0117381818031515),(0.1,0.1001),.UNSPECIFIED.);
#739=B_SPLINE_SURFACE_WITH_KNOTS('',3,1,((#10702,#10703),(#10704,#10705),
(#10706,#10707),(#10708,#10709),(#10710,#10711)),
 .SURF_OF_LINEAR_EXTRUSION.,.F.,.F.,.F.,(4,1,4),(2,2),(0.,0.00377709462554314,
0.0066550838911959),(0.1,0.1001),.UNSPECIFIED.);
#740=B_SPLINE_SURFACE_WITH_KNOTS('',3,1,((#10729,#10730),(#10731,#10732),
(#10733,#10734),(#10735,#10736),(#10737,#10738)),
 .SURF_OF_LINEAR_EXTRUSION.,.F.,.F.,.F.,(4,1,4),(2,2),(0.,0.00238223246712618,
0.00463401432887653),(0.1,0.1001),.UNSPECIFIED.);
#741=B_SPLINE_SURFACE_WITH_KNOTS('',3,1,((#10756,#10757),(#10758,#10759),
(#10760,#10761),(#10762,#10763),(#10764,#10765)),
 .SURF_OF_LINEAR_EXTRUSION.,.F.,.F.,.F.,(4,1,4),(2,2),(0.,0.00209215479007196,
0.00517309713695382),(0.1,0.1001),.UNSPECIFIED.);
#742=B_SPLINE_SURFACE_WITH_KNOTS('',3,1,((#10789,#10790),(#10791,#10792),
(#10793,#10794),(#10795,#10796),(#10797,#10798)),
 .SURF_OF_LINEAR_EXTRUSION.,.F.,.F.,.F.,(4,1,4),(2,2),(0.,0.00566776865492172,
0.0100533082235105),(0.0999993830825427,0.1001),.UNSPECIFIED.);
#743=B_SPLINE_SURFACE_WITH_KNOTS('',3,1,((#10824,#10825),(#10826,#10827),
(#10828,#10829),(#10830,#10831)),.SURF_OF_LINEAR_EXTRUSION.,.F.,.F.,.F.,
(4,4),(2,2),(0.0090458308802121,0.0164859746942804),(0.1,0.1001),
 .UNSPECIFIED.);
#744=B_SPLINE_SURFACE_WITH_KNOTS('',3,1,((#10849,#10850),(#10851,#10852),
(#10853,#10854),(#10855,#10856),(#10857,#10858),(#10859,#10860),(#10861,
#10862),(#10863,#10864)),.SURF_OF_LINEAR_EXTRUSION.,.F.,.F.,.F.,(4,3,1,
4),(2,2),(-5.5272620978949E-5,0.,0.00547981704009685,0.0110545241957898),
(0.0942919857885705,0.0959853370676126),.UNSPECIFIED.);
#745=B_SPLINE_SURFACE_WITH_KNOTS('',3,1,((#10869,#10870),(#10871,#10872),
(#10873,#10874),(#10875,#10876),(#10877,#10878),(#10879,#10880),(#10881,
#10882),(#10883,#10884),(#10885,#10886),(#10887,#10888),(#10889,#10890)),
 .SURF_OF_LINEAR_EXTRUSION.,.F.,.F.,.F.,(4,3,1,3,4),(2,2),(-7.2036854748901E-5,
0.,0.00825019143181392,0.0144073709497802,0.0144801281730766),(0.0956996122088381,
0.0992442083182067),.UNSPECIFIED.);
#746=B_SPLINE_SURFACE_WITH_KNOTS('',3,1,((#10954,#10955),(#10956,#10957),
(#10958,#10959),(#10960,#10961),(#10962,#10963)),
 .SURF_OF_LINEAR_EXTRUSION.,.F.,.F.,.F.,(4,1,4),(2,2),(0.,0.00794980262837608,
0.0170077470497383),(0.1,0.1001),.UNSPECIFIED.);
#747=B_SPLINE_SURFACE_WITH_KNOTS('',3,1,((#10984,#10985),(#10986,#10987),
(#10988,#10989),(#10990,#10991),(#10992,#10993)),
 .SURF_OF_LINEAR_EXTRUSION.,.F.,.F.,.F.,(4,1,4),(2,2),(0.,0.00913199650890838,
0.0172247272183668),(0.1,0.1001),.UNSPECIFIED.);
#748=B_SPLINE_SURFACE_WITH_KNOTS('',3,1,((#11011,#11012),(#11013,#11014),
(#11015,#11016),(#11017,#11018),(#11019,#11020)),
 .SURF_OF_LINEAR_EXTRUSION.,.F.,.F.,.F.,(4,1,4),(2,2),(0.,0.00765043575664572,
0.0153831999689994),(0.1,0.1001),.UNSPECIFIED.);
#749=B_SPLINE_SURFACE_WITH_KNOTS('',3,1,((#11038,#11039),(#11040,#11041),
(#11042,#11043),(#11044,#11045),(#11046,#11047)),
 .SURF_OF_LINEAR_EXTRUSION.,.F.,.F.,.F.,(4,1,4),(2,2),(0.,0.00418820298513256,
0.00848084101234224),(0.1,0.1001),.UNSPECIFIED.);
#750=B_SPLINE_SURFACE_WITH_KNOTS('',3,1,((#11065,#11066),(#11067,#11068),
(#11069,#11070),(#11071,#11072),(#11073,#11074)),
 .SURF_OF_LINEAR_EXTRUSION.,.F.,.F.,.F.,(4,1,4),(2,2),(0.,0.00475205520722787,
0.0103098857508256),(0.1,0.1001),.UNSPECIFIED.);
#751=B_SPLINE_SURFACE_WITH_KNOTS('',3,1,((#11092,#11093),(#11094,#11095),
(#11096,#11097),(#11098,#11099),(#11100,#11101)),
 .SURF_OF_LINEAR_EXTRUSION.,.F.,.F.,.F.,(4,1,4),(2,2),(0.,0.00751664822084734,
0.0107268463418362),(0.1,0.1001),.UNSPECIFIED.);
#752=B_SPLINE_SURFACE_WITH_KNOTS('',3,1,((#11114,#11115),(#11116,#11117),
(#11118,#11119),(#11120,#11121),(#11122,#11123)),
 .SURF_OF_LINEAR_EXTRUSION.,.F.,.F.,.F.,(4,1,4),(2,2),(0.,0.00836814558621913,
0.0132790087137622),(0.0955840613178865,0.0995786612312912),
 .UNSPECIFIED.);
#753=B_SPLINE_SURFACE_WITH_KNOTS('',3,1,((#11150,#11151),(#11152,#11153),
(#11154,#11155),(#11156,#11157),(#11158,#11159)),
 .SURF_OF_LINEAR_EXTRUSION.,.F.,.F.,.F.,(4,1,4),(2,2),(0.,0.00306799471977842,
0.00591087032257825),(0.0926495455809757,0.0957356502030368),
 .UNSPECIFIED.);
#754=B_SPLINE_SURFACE_WITH_KNOTS('',3,1,((#11191,#11192),(#11193,#11194),
(#11195,#11196),(#11197,#11198),(#11199,#11200)),
 .SURF_OF_LINEAR_EXTRUSION.,.F.,.F.,.F.,(4,1,4),(2,2),(0.0038468519639441,
0.00525251129236448,0.0112046999521451),(0.0997332332421015,0.100102187475693),
 .UNSPECIFIED.);
#755=B_SPLINE_SURFACE_WITH_KNOTS('',3,1,((#11243,#11244),(#11245,#11246),
(#11247,#11248),(#11249,#11250),(#11251,#11252)),
 .SURF_OF_LINEAR_EXTRUSION.,.F.,.F.,.F.,(4,1,4),(2,2),(0.,0.00566369977722987,
0.0108292501298649),(0.1,0.1001),.UNSPECIFIED.);
#756=B_SPLINE_SURFACE_WITH_KNOTS('',3,1,((#11273,#11274),(#11275,#11276),
(#11277,#11278),(#11279,#11280),(#11281,#11282)),
 .SURF_OF_LINEAR_EXTRUSION.,.F.,.F.,.F.,(4,1,4),(2,2),(0.,0.00496331872350435,
0.010353256723076),(0.1,0.1001),.UNSPECIFIED.);
#757=B_SPLINE_SURFACE_WITH_KNOTS('',3,1,((#11300,#11301),(#11302,#11303),
(#11304,#11305),(#11306,#11307),(#11308,#11309)),
 .SURF_OF_LINEAR_EXTRUSION.,.F.,.F.,.F.,(4,1,4),(2,2),(0.,0.00479696948212981,
0.00957076085108411),(0.1,0.1001),.UNSPECIFIED.);
#758=B_SPLINE_SURFACE_WITH_KNOTS('',3,1,((#11327,#11328),(#11329,#11330),
(#11331,#11332),(#11333,#11334),(#11335,#11336)),
 .SURF_OF_LINEAR_EXTRUSION.,.F.,.F.,.F.,(4,1,4),(2,2),(0.,0.00610988689399749,
0.0112286734770762),(0.1,0.1001),.UNSPECIFIED.);
#759=B_SPLINE_SURFACE_WITH_KNOTS('',3,1,((#11354,#11355),(#11356,#11357),
(#11358,#11359),(#11360,#11361),(#11362,#11363)),
 .SURF_OF_LINEAR_EXTRUSION.,.F.,.F.,.F.,(4,1,4),(2,2),(0.0115466319895132,
0.012718106769481,0.0214260965397008),(0.1,0.1001),.UNSPECIFIED.);
#760=B_SPLINE_SURFACE_WITH_KNOTS('',3,1,((#11373,#11374),(#11375,#11376),
(#11377,#11378),(#11379,#11380),(#11381,#11382),(#11383,#11384),(#11385,
#11386),(#11387,#11388)),.SURF_OF_LINEAR_EXTRUSION.,.F.,.F.,.F.,(4,3,1,
4),(2,2),(-7.73405564218425E-5,0.,0.00685947786911954,0.0154681112843685),
(0.0922721767746805,0.0988023806596975),.UNSPECIFIED.);
#761=B_SPLINE_SURFACE_WITH_KNOTS('',3,1,((#11416,#11417),(#11418,#11419),
(#11420,#11421),(#11422,#11423),(#11424,#11425),(#11426,#11427),(#11428,
#11429)),.SURF_OF_LINEAR_EXTRUSION.,.F.,.F.,.F.,(4,3,4),(2,2),(0.00908516665745732,
0.0109364940801733,0.0109917233752782),(0.0911523686648417,0.0924047313942881),
 .PIECEWISE_BEZIER_KNOTS.);
#762=B_SPLINE_SURFACE_WITH_KNOTS('',3,1,((#11444,#11445),(#11446,#11447),
(#11448,#11449),(#11450,#11451),(#11452,#11453),(#11454,#11455),(#11456,
#11457),(#11458,#11459),(#11460,#11461),(#11462,#11463),(#11464,#11465)),
 .SURF_OF_LINEAR_EXTRUSION.,.F.,.F.,.F.,(4,3,1,3,4),(2,2),(-1.52069016008483E-5,
0.,0.00305075064521996,0.00608276064033932,0.0061488739419306),(0.0854590489282059,
0.0869703562439053),.UNSPECIFIED.);
#763=B_SPLINE_SURFACE_WITH_KNOTS('',3,1,((#11549,#11550),(#11551,#11552),
(#11553,#11554),(#11555,#11556)),.SURF_OF_LINEAR_EXTRUSION.,.F.,.F.,.F.,
(4,4),(2,2),(0.,0.00138632006804409),(0.0999835527233249,0.100100703251046),
 .UNSPECIFIED.);
#764=B_SPLINE_SURFACE_WITH_KNOTS('',3,1,((#11572,#11573),(#11574,#11575),
(#11576,#11577),(#11578,#11579),(#11580,#11581)),
 .SURF_OF_LINEAR_EXTRUSION.,.F.,.F.,.F.,(4,1,4),(2,2),(0.,0.00868663535430785,
0.0154000098363932),(0.1,0.1001),.UNSPECIFIED.);
#765=B_SPLINE_SURFACE_WITH_KNOTS('',3,3,((#11602,#11603,#11604,#11605),
(#11606,#11607,#11608,#11609),(#11610,#11611,#11612,#11613),(#11614,#11615,
#11616,#11617)),.UNSPECIFIED.,.F.,.F.,.F.,(4,4),(4,4),(0.,0.010987958734198),
(0.1,0.1001),.UNSPECIFIED.);
#766=B_SPLINE_SURFACE_WITH_KNOTS('',3,1,((#11639,#11640),(#11641,#11642),
(#11643,#11644),(#11645,#11646),(#11647,#11648)),
 .SURF_OF_LINEAR_EXTRUSION.,.F.,.F.,.F.,(4,1,4),(2,2),(0.,0.00457840832224963,
0.00910831036354175),(0.1,0.1001),.UNSPECIFIED.);
#767=B_SPLINE_SURFACE_WITH_KNOTS('',3,1,((#11669,#11670),(#11671,#11672),
(#11673,#11674),(#11675,#11676),(#11677,#11678)),
 .SURF_OF_LINEAR_EXTRUSION.,.F.,.F.,.F.,(4,1,4),(2,2),(0.,0.00443225228709456,
0.00874563710405365),(0.1,0.1001),.UNSPECIFIED.);
#768=B_SPLINE_SURFACE_WITH_KNOTS('',3,1,((#11696,#11697),(#11698,#11699),
(#11700,#11701),(#11702,#11703),(#11704,#11705)),
 .SURF_OF_LINEAR_EXTRUSION.,.F.,.F.,.F.,(4,1,4),(2,2),(0.,0.00446877611273406,
0.00929571508329638),(0.1,0.1001),.UNSPECIFIED.);
#769=B_SPLINE_SURFACE_WITH_KNOTS('',3,1,((#11723,#11724),(#11725,#11726),
(#11727,#11728),(#11729,#11730),(#11731,#11732)),
 .SURF_OF_LINEAR_EXTRUSION.,.F.,.F.,.F.,(4,1,4),(2,2),(0.,0.00511967138889416,
0.0104573710253206),(0.1,0.1001),.UNSPECIFIED.);
#770=B_SPLINE_SURFACE_WITH_KNOTS('',3,1,((#11750,#11751),(#11752,#11753),
(#11754,#11755),(#11756,#11757),(#11758,#11759)),
 .SURF_OF_LINEAR_EXTRUSION.,.F.,.F.,.F.,(4,1,4),(2,2),(0.,0.011667084898045,
0.021528324708357),(0.1,0.1001),.UNSPECIFIED.);
#771=B_SPLINE_SURFACE_WITH_KNOTS('',3,1,((#11777,#11778),(#11779,#11780),
(#11781,#11782),(#11783,#11784)),.SURF_OF_LINEAR_EXTRUSION.,.F.,.F.,.F.,
(4,4),(2,2),(0.,0.00152044369592755),(0.1,0.1001),.UNSPECIFIED.);
#772=B_SPLINE_SURFACE_WITH_KNOTS('',3,3,((#11801,#11802,#11803,#11804),
(#11805,#11806,#11807,#11808),(#11809,#11810,#11811,#11812),(#11813,#11814,
#11815,#11816)),.UNSPECIFIED.,.F.,.F.,.F.,(4,4),(4,4),(-8.1056559202678E-5,
0.0111912852983349),(0.0985079082729732,0.100093680556037),
 .UNSPECIFIED.);
#773=B_SPLINE_SURFACE_WITH_KNOTS('',3,1,((#11862,#11863),(#11864,#11865),
(#11866,#11867),(#11868,#11869),(#11870,#11871)),
 .SURF_OF_LINEAR_EXTRUSION.,.F.,.F.,.F.,(4,1,4),(2,2),(0.00106726053363238,
0.00803796354476435,0.0159244417955784),(0.0999999999999997,0.1001),
 .UNSPECIFIED.);
#774=B_SPLINE_SURFACE_WITH_KNOTS('',3,3,((#11962,#11963,#11964,#11965),
(#11966,#11967,#11968,#11969),(#11970,#11971,#11972,#11973),(#11974,#11975,
#11976,#11977)),.UNSPECIFIED.,.F.,.F.,.F.,(4,4),(4,4),(0.484774446643321,
1.00320258602521),(0.296878502816263,0.314805787907799),.UNSPECIFIED.);
#775=B_SPLINE_SURFACE_WITH_KNOTS('',3,3,((#12072,#12073,#12074,#12075,#12076,
#12077,#12078,#12079,#12080),(#12081,#12082,#12083,#12084,#12085,#12086,
#12087,#12088,#12089),(#12090,#12091,#12092,#12093,#12094,#12095,#12096,
#12097,#12098),(#12099,#12100,#12101,#12102,#12103,#12104,#12105,#12106,
#12107),(#12108,#12109,#12110,#12111,#12112,#12113,#12114,#12115,#12116),
(#12117,#12118,#12119,#12120,#12121,#12122,#12123,#12124,#12125),(#12126,
#12127,#12128,#12129,#12130,#12131,#12132,#12133,#12134)),.UNSPECIFIED.,
 .F.,.F.,.F.,(4,3,4),(4,1,1,1,1,1,4),(0.,1.,1.00625723000561),(0.29699800760467,
0.318212105614996,0.339426203625323,0.360640301635649,0.403068497656301,
0.424282595666628,0.445496693676954),.UNSPECIFIED.);
#776=B_SPLINE_SURFACE_WITH_KNOTS('',3,3,((#12260,#12261,#12262,#12263,#12264,
#12265,#12266,#12267,#12268,#12269,#12270,#12271,#12272,#12273),(#12274,
#12275,#12276,#12277,#12278,#12279,#12280,#12281,#12282,#12283,#12284,#12285,
#12286,#12287),(#12288,#12289,#12290,#12291,#12292,#12293,#12294,#12295,
#12296,#12297,#12298,#12299,#12300,#12301),(#12302,#12303,#12304,#12305,
#12306,#12307,#12308,#12309,#12310,#12311,#12312,#12313,#12314,#12315),
(#12316,#12317,#12318,#12319,#12320,#12321,#12322,#12323,#12324,#12325,
#12326,#12327,#12328,#12329)),.UNSPECIFIED.,.F.,.F.,.F.,(4,1,4),(4,1,1,
1,1,1,1,1,1,1,1,4),(0.,0.5,1.),(0.,0.0270587228653007,0.0541174457306014,
0.0676468071632517,0.081176168595902,0.0879408493122272,0.0947055300285524,
0.101470210744878,0.108234891461203,0.135293614326503,0.162352337191804,
0.189411060057105),.UNSPECIFIED.);
#777=B_SPLINE_SURFACE_WITH_KNOTS('',3,3,((#12451,#12452,#12453,#12454,#12455,
#12456,#12457,#12458,#12459,#12460,#12461,#12462,#12463,#12464),(#12465,
#12466,#12467,#12468,#12469,#12470,#12471,#12472,#12473,#12474,#12475,#12476,
#12477,#12478),(#12479,#12480,#12481,#12482,#12483,#12484,#12485,#12486,
#12487,#12488,#12489,#12490,#12491,#12492),(#12493,#12494,#12495,#12496,
#12497,#12498,#12499,#12500,#12501,#12502,#12503,#12504,#12505,#12506),
(#12507,#12508,#12509,#12510,#12511,#12512,#12513,#12514,#12515,#12516,
#12517,#12518,#12519,#12520)),.UNSPECIFIED.,.F.,.F.,.F.,(4,1,4),(4,1,1,
1,1,1,1,1,1,1,1,4),(0.,0.5,1.),(0.,0.0270587228653007,0.0541174457306014,
0.0676468071632517,0.081176168595902,0.0879408493122272,0.0947055300285524,
0.101470210744878,0.108234891461203,0.135293614326503,0.162352337191804,
0.189411060057105),.UNSPECIFIED.);
#778=B_SPLINE_SURFACE_WITH_KNOTS('',3,3,((#12598,#12599,#12600,#12601,#12602,
#12603,#12604,#12605,#12606),(#12607,#12608,#12609,#12610,#12611,#12612,
#12613,#12614,#12615),(#12616,#12617,#12618,#12619,#12620,#12621,#12622,
#12623,#12624),(#12625,#12626,#12627,#12628,#12629,#12630,#12631,#12632,
#12633)),.UNSPECIFIED.,.F.,.F.,.F.,(4,4),(4,1,1,1,1,1,4),(0.,1.),(-0.148498686072284,
-0.127284588061957,-0.106070490051631,-0.084856392041305,-0.0424281960206525,
-0.0212140980103263,-2.77555756156289E-17),.UNSPECIFIED.);
#779=B_SPLINE_SURFACE_WITH_KNOTS('',3,3,((#12660,#12661,#12662,#12663,#12664,
#12665,#12666,#12667,#12668,#12669,#12670,#12671,#12672,#12673,#12674,#12675,
#12676,#12677),(#12678,#12679,#12680,#12681,#12682,#12683,#12684,#12685,
#12686,#12687,#12688,#12689,#12690,#12691,#12692,#12693,#12694,#12695),
(#12696,#12697,#12698,#12699,#12700,#12701,#12702,#12703,#12704,#12705,
#12706,#12707,#12708,#12709,#12710,#12711,#12712,#12713),(#12714,#12715,
#12716,#12717,#12718,#12719,#12720,#12721,#12722,#12723,#12724,#12725,#12726,
#12727,#12728,#12729,#12730,#12731),(#12732,#12733,#12734,#12735,#12736,
#12737,#12738,#12739,#12740,#12741,#12742,#12743,#12744,#12745,#12746,#12747,
#12748,#12749)),.UNSPECIFIED.,.F.,.F.,.F.,(4,1,4),(4,1,1,1,1,1,1,1,1,1,
1,1,1,1,1,4),(0.,0.5,1.),(0.,0.0411174996734578,0.0822349993469157,0.123352499020373,
0.164469998693831,0.205587498367289,0.236425623122383,0.246704998040747,
0.287822497714205,0.328939997387663,0.370057497061121,0.411174996734578,
0.452292496408036,0.493409996081494,0.534527495754952,0.57564499542841),
 .UNSPECIFIED.);
#780=B_SPLINE_SURFACE_WITH_KNOTS('',3,3,((#12826,#12827,#12828,#12829),
(#12830,#12831,#12832,#12833),(#12834,#12835,#12836,#12837),(#12838,#12839,
#12840,#12841)),.UNSPECIFIED.,.F.,.F.,.F.,(4,4),(4,4),(0.960554065969166,
1.),(0.302493654115433,0.303822204495683),.PIECEWISE_BEZIER_KNOTS.);
#781=B_SPLINE_SURFACE_WITH_KNOTS('',3,3,((#12846,#12847,#12848,#12849,#12850,
#12851,#12852,#12853,#12854,#12855,#12856,#12857,#12858,#12859,#12860,#12861),
(#12862,#12863,#12864,#12865,#12866,#12867,#12868,#12869,#12870,#12871,
#12872,#12873,#12874,#12875,#12876,#12877),(#12878,#12879,#12880,#12881,
#12882,#12883,#12884,#12885,#12886,#12887,#12888,#12889,#12890,#12891,#12892,
#12893),(#12894,#12895,#12896,#12897,#12898,#12899,#12900,#12901,#12902,
#12903,#12904,#12905,#12906,#12907,#12908,#12909),(#12910,#12911,#12912,
#12913,#12914,#12915,#12916,#12917,#12918,#12919,#12920,#12921,#12922,#12923,
#12924,#12925)),.UNSPECIFIED.,.F.,.F.,.F.,(4,1,4),(4,1,1,1,1,1,1,1,1,1,
1,1,1,4),(0.,0.5,1.),(0.,0.0411171604211268,0.0822343208422536,0.12335148126338,
0.164468641684507,0.205585802105634,0.246702962526761,0.277540832842606,
0.328937283369014,0.370054443790141,0.411171604211268,0.493405925053522,
0.534523085474648,0.575640245895775),.UNSPECIFIED.);
#782=B_SPLINE_SURFACE_WITH_KNOTS('',3,3,((#12965,#12966,#12967,#12968,#12969,
#12970,#12971),(#12972,#12973,#12974,#12975,#12976,#12977,#12978),(#12979,
#12980,#12981,#12982,#12983,#12984,#12985),(#12986,#12987,#12988,#12989,
#12990,#12991,#12992),(#12993,#12994,#12995,#12996,#12997,#12998,#12999),
(#13000,#13001,#13002,#13003,#13004,#13005,#13006),(#13007,#13008,#13009,
#13010,#13011,#13012,#13013),(#13014,#13015,#13016,#13017,#13018,#13019,
#13020),(#13021,#13022,#13023,#13024,#13025,#13026,#13027),(#13028,#13029,
#13030,#13031,#13032,#13033,#13034),(#13035,#13036,#13037,#13038,#13039,
#13040,#13041),(#13042,#13043,#13044,#13045,#13046,#13047,#13048),(#13049,
#13050,#13051,#13052,#13053,#13054,#13055),(#13056,#13057,#13058,#13059,
#13060,#13061,#13062),(#13063,#13064,#13065,#13066,#13067,#13068,#13069),
(#13070,#13071,#13072,#13073,#13074,#13075,#13076)),.UNSPECIFIED.,.T.,.F.,
 .F.,(4,1,2,1,2,1,1,2,1,1,4),(4,3,4),(0.,0.125,0.25,0.375,0.5,0.5625,0.65625,
0.75,0.8125,0.875,1.),(0.,1.,1.00748715616737),.UNSPECIFIED.);
#783=B_SPLINE_SURFACE_WITH_KNOTS('',3,3,((#13091,#13092,#13093,#13094,#13095,
#13096,#13097),(#13098,#13099,#13100,#13101,#13102,#13103,#13104),(#13105,
#13106,#13107,#13108,#13109,#13110,#13111),(#13112,#13113,#13114,#13115,
#13116,#13117,#13118),(#13119,#13120,#13121,#13122,#13123,#13124,#13125),
(#13126,#13127,#13128,#13129,#13130,#13131,#13132),(#13133,#13134,#13135,
#13136,#13137,#13138,#13139),(#13140,#13141,#13142,#13143,#13144,#13145,
#13146),(#13147,#13148,#13149,#13150,#13151,#13152,#13153),(#13154,#13155,
#13156,#13157,#13158,#13159,#13160),(#13161,#13162,#13163,#13164,#13165,
#13166,#13167),(#13168,#13169,#13170,#13171,#13172,#13173,#13174),(#13175,
#13176,#13177,#13178,#13179,#13180,#13181),(#13182,#13183,#13184,#13185,
#13186,#13187,#13188),(#13189,#13190,#13191,#13192,#13193,#13194,#13195),
(#13196,#13197,#13198,#13199,#13200,#13201,#13202)),.UNSPECIFIED.,.T.,.F.,
 .F.,(4,1,2,1,2,1,1,2,1,1,4),(4,3,4),(0.,0.125,0.25,0.375,0.5,0.5625,0.65625,
0.75,0.8125,0.875,1.),(0.,1.,1.00748715616737),.UNSPECIFIED.);
#784=B_SPLINE_SURFACE_WITH_KNOTS('',3,1,((#13221,#13222),(#13223,#13224),
(#13225,#13226),(#13227,#13228)),.SURF_OF_LINEAR_EXTRUSION.,.F.,.F.,.F.,
(4,4),(2,2),(0.,0.00116280988119148),(0.0999850666999655,0.100100685409442),
 .PIECEWISE_BEZIER_KNOTS.);
#785=B_SPLINE_SURFACE_WITH_KNOTS('',3,1,((#13229,#13230),(#13231,#13232),
(#13233,#13234),(#13235,#13236),(#13237,#13238),(#13239,#13240),(#13241,
#13242),(#13243,#13244)),.SURF_OF_LINEAR_EXTRUSION.,.F.,.F.,.F.,(4,1,3,
4),(2,2),(0.00141579894269508,0.00887416118168429,0.0174407921994447,0.0175536158269951),
(0.0975814890912104,0.100115020939819),.UNSPECIFIED.);
#786=B_SPLINE_SURFACE_WITH_KNOTS('',3,1,((#13245,#13246),(#13247,#13248),
(#13249,#13250),(#13251,#13252),(#13253,#13254),(#13255,#13256),(#13257,
#13258)),.SURF_OF_LINEAR_EXTRUSION.,.F.,.F.,.F.,(4,3,4),(2,2),(0.00966682471818089,
0.0111912838095009,0.0112192620190247),(0.0999759973179352,0.100100739578621),
 .PIECEWISE_BEZIER_KNOTS.);
#787=B_SPLINE_SURFACE_WITH_KNOTS('',3,1,((#13259,#13260),(#13261,#13262),
(#13263,#13264),(#13265,#13266),(#13267,#13268)),
 .SURF_OF_LINEAR_EXTRUSION.,.F.,.F.,.F.,(4,1,4),(2,2),(0.00129401919002403,
0.0068280027829947,0.0153831699514773),(0.1,0.1001),.UNSPECIFIED.);
#788=B_SPLINE_SURFACE_WITH_KNOTS('',3,1,((#13269,#13270),(#13271,#13272),
(#13273,#13274),(#13275,#13276)),.SURF_OF_LINEAR_EXTRUSION.,.F.,.F.,.F.,
(4,4),(2,2),(0.,0.0116751885687518),(0.0986522833456608,0.100108634492968),
 .UNSPECIFIED.);
#789=B_SPLINE_SURFACE_WITH_KNOTS('',3,1,((#13277,#13278),(#13279,#13280),
(#13281,#13282),(#13283,#13284)),.SURF_OF_LINEAR_EXTRUSION.,.F.,.F.,.F.,
(4,4),(2,2),(0.,0.00391408212864665),(0.1,0.1001),.UNSPECIFIED.);
#790=B_SPLINE_SURFACE_WITH_KNOTS('',3,1,((#13287,#13288),(#13289,#13290),
(#13291,#13292),(#13293,#13294),(#13295,#13296),(#13297,#13298),(#13299,
#13300)),.SURF_OF_LINEAR_EXTRUSION.,.F.,.F.,.F.,(4,3,4),(2,2),(0.0106182360119843,
0.0181017215792769,0.0181469758832251),(0.0994499990083226,0.100103876745477),
 .PIECEWISE_BEZIER_KNOTS.);
#791=B_SPLINE_SURFACE_WITH_KNOTS('',3,1,((#13301,#13302),(#13303,#13304),
(#13305,#13306),(#13307,#13308)),.SURF_OF_LINEAR_EXTRUSION.,.F.,.F.,.F.,
(4,4),(2,2),(0.0149663840466732,0.0168584074390825),(0.1,0.1001),
 .PIECEWISE_BEZIER_KNOTS.);
#792=B_SPLINE_SURFACE_WITH_KNOTS('',3,3,((#13310,#13311,#13312,#13313),
(#13314,#13315,#13316,#13317),(#13318,#13319,#13320,#13321),(#13322,#13323,
#13324,#13325)),.UNSPECIFIED.,.F.,.F.,.F.,(4,4),(4,4),(-6.72545425747093E-5,
0.00914474672837778),(0.0991715481861772,0.100105543129251),
 .UNSPECIFIED.);
#793=B_SPLINE_SURFACE_WITH_KNOTS('',3,1,((#13327,#13328),(#13329,#13330),
(#13331,#13332),(#13333,#13334),(#13335,#13336),(#13337,#13338),(#13339,
#13340),(#13341,#13342)),.SURF_OF_LINEAR_EXTRUSION.,.F.,.F.,.F.,(4,1,3,
4),(2,2),(0.000597373638411782,0.0111494452882222,0.0201087674977894,0.0202767282787704),
(0.0911186819751572,0.0975569710927972),.UNSPECIFIED.);
#794=B_SPLINE_SURFACE_WITH_KNOTS('',3,1,((#13343,#13344),(#13345,#13346),
(#13347,#13348),(#13349,#13350),(#13351,#13352),(#13353,#13354),(#13355,
#13356)),.SURF_OF_LINEAR_EXTRUSION.,.F.,.F.,.F.,(4,3,4),(2,2),(0.01544666967906,
0.0202077522109088,0.0202376512786311),(0.0998797240233729,0.100101335423346),
 .PIECEWISE_BEZIER_KNOTS.);
#795=B_SPLINE_SURFACE_WITH_KNOTS('',3,1,((#13357,#13358),(#13359,#13360),
(#13361,#13362),(#13363,#13364),(#13365,#13366),(#13367,#13368),(#13369,
#13370)),.SURF_OF_LINEAR_EXTRUSION.,.F.,.F.,.F.,(4,3,4),(2,2),(-3.39698305547383E-5,
0.,0.00316733297328758),(0.0998971540481705,0.10010120981681),
 .PIECEWISE_BEZIER_KNOTS.);
#796=B_SPLINE_SURFACE_WITH_KNOTS('',3,1,((#13371,#13372),(#13373,#13374),
(#13375,#13376),(#13377,#13378),(#13379,#13380),(#13381,#13382),(#13383,
#13384)),.SURF_OF_LINEAR_EXTRUSION.,.F.,.F.,.F.,(4,3,4),(2,2),(0.00617144459524989,
0.011861399351403,0.011890232057295),(0.0996872289365123,0.100102463511097),
 .PIECEWISE_BEZIER_KNOTS.);
#797=B_SPLINE_SURFACE_WITH_KNOTS('',3,3,((#13423,#13424,#13425,#13426,#13427,
#13428,#13429,#13430,#13431,#13432,#13433,#13434,#13435,#13436),(#13437,
#13438,#13439,#13440,#13441,#13442,#13443,#13444,#13445,#13446,#13447,#13448,
#13449,#13450),(#13451,#13452,#13453,#13454,#13455,#13456,#13457,#13458,
#13459,#13460,#13461,#13462,#13463,#13464),(#13465,#13466,#13467,#13468,
#13469,#13470,#13471,#13472,#13473,#13474,#13475,#13476,#13477,#13478),
(#13479,#13480,#13481,#13482,#13483,#13484,#13485,#13486,#13487,#13488,
#13489,#13490,#13491,#13492)),.UNSPECIFIED.,.F.,.F.,.F.,(4,1,4),(4,1,1,
1,1,1,1,1,1,1,1,4),(0.,0.5,1.),(0.,0.0270587228653007,0.0541174457306014,
0.0676468071632517,0.081176168595902,0.0879408493122272,0.0947055300285524,
0.101470210744878,0.108234891461203,0.135293614326503,0.162352337191804,
0.189411060057105),.UNSPECIFIED.);
#798=B_SPLINE_SURFACE_WITH_KNOTS('',3,3,((#13604,#13605,#13606,#13607,#13608,
#13609,#13610,#13611,#13612,#13613,#13614,#13615,#13616,#13617),(#13618,
#13619,#13620,#13621,#13622,#13623,#13624,#13625,#13626,#13627,#13628,#13629,
#13630,#13631),(#13632,#13633,#13634,#13635,#13636,#13637,#13638,#13639,
#13640,#13641,#13642,#13643,#13644,#13645),(#13646,#13647,#13648,#13649,
#13650,#13651,#13652,#13653,#13654,#13655,#13656,#13657,#13658,#13659),
(#13660,#13661,#13662,#13663,#13664,#13665,#13666,#13667,#13668,#13669,
#13670,#13671,#13672,#13673)),.UNSPECIFIED.,.F.,.F.,.F.,(4,1,4),(4,1,1,
1,1,1,1,1,1,1,1,4),(0.,0.5,1.),(0.,0.0270587228653007,0.0541174457306014,
0.0676468071632517,0.081176168595902,0.0879408493122272,0.0947055300285524,
0.101470210744878,0.108234891461203,0.135293614326503,0.162352337191804,
0.189411060057105),.UNSPECIFIED.);
#799=ORIENTED_EDGE('',*,*,#2217,.F.);
#800=ORIENTED_EDGE('',*,*,#2218,.F.);
#801=ORIENTED_EDGE('',*,*,#2219,.F.);
#802=ORIENTED_EDGE('',*,*,#2220,.F.);
#803=ORIENTED_EDGE('',*,*,#2221,.F.);
#804=ORIENTED_EDGE('',*,*,#2222,.T.);
#805=ORIENTED_EDGE('',*,*,#2223,.F.);
#806=ORIENTED_EDGE('',*,*,#2224,.F.);
#807=ORIENTED_EDGE('',*,*,#2225,.F.);
#808=ORIENTED_EDGE('',*,*,#2224,.T.);
#809=ORIENTED_EDGE('',*,*,#2226,.F.);
#810=ORIENTED_EDGE('',*,*,#2227,.F.);
#811=ORIENTED_EDGE('',*,*,#2228,.F.);
#812=ORIENTED_EDGE('',*,*,#2227,.T.);
#813=ORIENTED_EDGE('',*,*,#2229,.F.);
#814=ORIENTED_EDGE('',*,*,#2230,.F.);
#815=ORIENTED_EDGE('',*,*,#2231,.F.);
#816=ORIENTED_EDGE('',*,*,#2230,.T.);
#817=ORIENTED_EDGE('',*,*,#2232,.F.);
#818=ORIENTED_EDGE('',*,*,#2233,.F.);
#819=ORIENTED_EDGE('',*,*,#2234,.F.);
#820=ORIENTED_EDGE('',*,*,#2235,.F.);
#821=ORIENTED_EDGE('',*,*,#2236,.F.);
#822=ORIENTED_EDGE('',*,*,#2237,.T.);
#823=ORIENTED_EDGE('',*,*,#2238,.F.);
#824=ORIENTED_EDGE('',*,*,#2222,.F.);
#825=ORIENTED_EDGE('',*,*,#2239,.F.);
#826=ORIENTED_EDGE('',*,*,#2240,.T.);
#827=ORIENTED_EDGE('',*,*,#2241,.F.);
#828=ORIENTED_EDGE('',*,*,#2237,.F.);
#829=ORIENTED_EDGE('',*,*,#2242,.F.);
#830=ORIENTED_EDGE('',*,*,#2243,.T.);
#831=ORIENTED_EDGE('',*,*,#2244,.F.);
#832=ORIENTED_EDGE('',*,*,#2240,.F.);
#833=ORIENTED_EDGE('',*,*,#2245,.F.);
#834=ORIENTED_EDGE('',*,*,#2234,.T.);
#835=ORIENTED_EDGE('',*,*,#2246,.F.);
#836=ORIENTED_EDGE('',*,*,#2247,.F.);
#837=ORIENTED_EDGE('',*,*,#2248,.F.);
#838=ORIENTED_EDGE('',*,*,#2249,.F.);
#839=ORIENTED_EDGE('',*,*,#2247,.T.);
#840=ORIENTED_EDGE('',*,*,#2250,.F.);
#841=ORIENTED_EDGE('',*,*,#2251,.F.);
#842=ORIENTED_EDGE('',*,*,#2243,.F.);
#843=ORIENTED_EDGE('',*,*,#2250,.T.);
#844=ORIENTED_EDGE('',*,*,#2246,.T.);
#845=ORIENTED_EDGE('',*,*,#2233,.T.);
#846=ORIENTED_EDGE('',*,*,#2252,.T.);
#847=ORIENTED_EDGE('',*,*,#2251,.T.);
#848=ORIENTED_EDGE('',*,*,#2252,.F.);
#849=ORIENTED_EDGE('',*,*,#2232,.T.);
#850=ORIENTED_EDGE('',*,*,#2229,.T.);
#851=ORIENTED_EDGE('',*,*,#2226,.T.);
#852=ORIENTED_EDGE('',*,*,#2223,.T.);
#853=ORIENTED_EDGE('',*,*,#2238,.T.);
#854=ORIENTED_EDGE('',*,*,#2241,.T.);
#855=ORIENTED_EDGE('',*,*,#2244,.T.);
#856=ORIENTED_EDGE('',*,*,#2253,.F.);
#857=ORIENTED_EDGE('',*,*,#2254,.T.);
#858=ORIENTED_EDGE('',*,*,#2255,.F.);
#859=ORIENTED_EDGE('',*,*,#2256,.F.);
#860=ORIENTED_EDGE('',*,*,#2257,.F.);
#861=ORIENTED_EDGE('',*,*,#2258,.F.);
#862=ORIENTED_EDGE('',*,*,#2259,.F.);
#863=ORIENTED_EDGE('',*,*,#2257,.T.);
#864=ORIENTED_EDGE('',*,*,#2260,.F.);
#865=ORIENTED_EDGE('',*,*,#2261,.F.);
#866=ORIENTED_EDGE('',*,*,#2262,.F.);
#867=ORIENTED_EDGE('',*,*,#2261,.T.);
#868=ORIENTED_EDGE('',*,*,#2263,.F.);
#869=ORIENTED_EDGE('',*,*,#2264,.F.);
#870=ORIENTED_EDGE('',*,*,#2265,.F.);
#871=ORIENTED_EDGE('',*,*,#2264,.T.);
#872=ORIENTED_EDGE('',*,*,#2266,.F.);
#873=ORIENTED_EDGE('',*,*,#2267,.F.);
#874=ORIENTED_EDGE('',*,*,#2268,.F.);
#875=ORIENTED_EDGE('',*,*,#2267,.T.);
#876=ORIENTED_EDGE('',*,*,#2269,.F.);
#877=ORIENTED_EDGE('',*,*,#2270,.F.);
#878=ORIENTED_EDGE('',*,*,#2271,.F.);
#879=ORIENTED_EDGE('',*,*,#2270,.T.);
#880=ORIENTED_EDGE('',*,*,#2272,.F.);
#881=ORIENTED_EDGE('',*,*,#2273,.F.);
#882=ORIENTED_EDGE('',*,*,#2274,.F.);
#883=ORIENTED_EDGE('',*,*,#2273,.T.);
#884=ORIENTED_EDGE('',*,*,#2275,.F.);
#885=ORIENTED_EDGE('',*,*,#2276,.F.);
#886=ORIENTED_EDGE('',*,*,#2277,.F.);
#887=ORIENTED_EDGE('',*,*,#2278,.F.);
#888=ORIENTED_EDGE('',*,*,#2279,.F.);
#889=ORIENTED_EDGE('',*,*,#2277,.T.);
#890=ORIENTED_EDGE('',*,*,#2280,.F.);
#891=ORIENTED_EDGE('',*,*,#2281,.F.);
#892=ORIENTED_EDGE('',*,*,#2282,.F.);
#893=ORIENTED_EDGE('',*,*,#2281,.T.);
#894=ORIENTED_EDGE('',*,*,#2283,.F.);
#895=ORIENTED_EDGE('',*,*,#2284,.F.);
#896=ORIENTED_EDGE('',*,*,#2285,.F.);
#897=ORIENTED_EDGE('',*,*,#2286,.F.);
#898=ORIENTED_EDGE('',*,*,#2287,.F.);
#899=ORIENTED_EDGE('',*,*,#2285,.T.);
#900=ORIENTED_EDGE('',*,*,#2288,.F.);
#901=ORIENTED_EDGE('',*,*,#2289,.F.);
#902=ORIENTED_EDGE('',*,*,#2290,.F.);
#903=ORIENTED_EDGE('',*,*,#2289,.T.);
#904=ORIENTED_EDGE('',*,*,#2291,.F.);
#905=ORIENTED_EDGE('',*,*,#2292,.F.);
#906=ORIENTED_EDGE('',*,*,#2293,.F.);
#907=ORIENTED_EDGE('',*,*,#2292,.T.);
#908=ORIENTED_EDGE('',*,*,#2294,.F.);
#909=ORIENTED_EDGE('',*,*,#2295,.F.);
#910=ORIENTED_EDGE('',*,*,#2296,.F.);
#911=ORIENTED_EDGE('',*,*,#2295,.T.);
#912=ORIENTED_EDGE('',*,*,#2297,.F.);
#913=ORIENTED_EDGE('',*,*,#2298,.F.);
#914=ORIENTED_EDGE('',*,*,#2299,.F.);
#915=ORIENTED_EDGE('',*,*,#2298,.T.);
#916=ORIENTED_EDGE('',*,*,#2300,.F.);
#917=ORIENTED_EDGE('',*,*,#2301,.F.);
#918=ORIENTED_EDGE('',*,*,#2302,.F.);
#919=ORIENTED_EDGE('',*,*,#2301,.T.);
#920=ORIENTED_EDGE('',*,*,#2303,.F.);
#921=ORIENTED_EDGE('',*,*,#2304,.F.);
#922=ORIENTED_EDGE('',*,*,#2305,.F.);
#923=ORIENTED_EDGE('',*,*,#2306,.F.);
#924=ORIENTED_EDGE('',*,*,#2307,.F.);
#925=ORIENTED_EDGE('',*,*,#2308,.T.);
#926=ORIENTED_EDGE('',*,*,#2309,.F.);
#927=ORIENTED_EDGE('',*,*,#2310,.F.);
#928=ORIENTED_EDGE('',*,*,#2311,.F.);
#929=ORIENTED_EDGE('',*,*,#2310,.T.);
#930=ORIENTED_EDGE('',*,*,#2312,.F.);
#931=ORIENTED_EDGE('',*,*,#2254,.F.);
#932=ORIENTED_EDGE('',*,*,#2313,.F.);
#933=ORIENTED_EDGE('',*,*,#2314,.T.);
#934=ORIENTED_EDGE('',*,*,#2315,.F.);
#935=ORIENTED_EDGE('',*,*,#2308,.F.);
#936=ORIENTED_EDGE('',*,*,#2316,.F.);
#937=ORIENTED_EDGE('',*,*,#2317,.T.);
#938=ORIENTED_EDGE('',*,*,#2318,.F.);
#939=ORIENTED_EDGE('',*,*,#2314,.F.);
#940=ORIENTED_EDGE('',*,*,#2319,.F.);
#941=ORIENTED_EDGE('',*,*,#2320,.F.);
#942=ORIENTED_EDGE('',*,*,#2321,.T.);
#943=ORIENTED_EDGE('',*,*,#2322,.F.);
#944=ORIENTED_EDGE('',*,*,#2323,.F.);
#945=ORIENTED_EDGE('',*,*,#2317,.F.);
#946=ORIENTED_EDGE('',*,*,#2324,.F.);
#947=ORIENTED_EDGE('',*,*,#2325,.T.);
#948=ORIENTED_EDGE('',*,*,#2326,.F.);
#949=ORIENTED_EDGE('',*,*,#2321,.F.);
#950=ORIENTED_EDGE('',*,*,#2327,.F.);
#951=ORIENTED_EDGE('',*,*,#2328,.T.);
#952=ORIENTED_EDGE('',*,*,#2329,.F.);
#953=ORIENTED_EDGE('',*,*,#2325,.F.);
#954=ORIENTED_EDGE('',*,*,#2330,.F.);
#955=ORIENTED_EDGE('',*,*,#2331,.F.);
#956=ORIENTED_EDGE('',*,*,#2332,.T.);
#957=ORIENTED_EDGE('',*,*,#2333,.F.);
#958=ORIENTED_EDGE('',*,*,#2334,.F.);
#959=ORIENTED_EDGE('',*,*,#2328,.F.);
#960=ORIENTED_EDGE('',*,*,#2335,.F.);
#961=ORIENTED_EDGE('',*,*,#2336,.T.);
#962=ORIENTED_EDGE('',*,*,#2337,.F.);
#963=ORIENTED_EDGE('',*,*,#2332,.F.);
#964=ORIENTED_EDGE('',*,*,#2338,.F.);
#965=ORIENTED_EDGE('',*,*,#2339,.T.);
#966=ORIENTED_EDGE('',*,*,#2340,.F.);
#967=ORIENTED_EDGE('',*,*,#2336,.F.);
#968=ORIENTED_EDGE('',*,*,#2341,.F.);
#969=ORIENTED_EDGE('',*,*,#2342,.F.);
#970=ORIENTED_EDGE('',*,*,#2343,.T.);
#971=ORIENTED_EDGE('',*,*,#2344,.F.);
#972=ORIENTED_EDGE('',*,*,#2345,.F.);
#973=ORIENTED_EDGE('',*,*,#2339,.F.);
#974=ORIENTED_EDGE('',*,*,#2346,.F.);
#975=ORIENTED_EDGE('',*,*,#2347,.T.);
#976=ORIENTED_EDGE('',*,*,#2348,.F.);
#977=ORIENTED_EDGE('',*,*,#2343,.F.);
#978=ORIENTED_EDGE('',*,*,#2349,.F.);
#979=ORIENTED_EDGE('',*,*,#2350,.T.);
#980=ORIENTED_EDGE('',*,*,#2351,.F.);
#981=ORIENTED_EDGE('',*,*,#2347,.F.);
#982=ORIENTED_EDGE('',*,*,#2352,.F.);
#983=ORIENTED_EDGE('',*,*,#2353,.F.);
#984=ORIENTED_EDGE('',*,*,#2305,.T.);
#985=ORIENTED_EDGE('',*,*,#2354,.F.);
#986=ORIENTED_EDGE('',*,*,#2355,.F.);
#987=ORIENTED_EDGE('',*,*,#2350,.F.);
#988=ORIENTED_EDGE('',*,*,#2284,.T.);
#989=ORIENTED_EDGE('',*,*,#2356,.F.);
#990=ORIENTED_EDGE('',*,*,#2344,.T.);
#991=ORIENTED_EDGE('',*,*,#2348,.T.);
#992=ORIENTED_EDGE('',*,*,#2351,.T.);
#993=ORIENTED_EDGE('',*,*,#2355,.T.);
#994=ORIENTED_EDGE('',*,*,#2357,.F.);
#995=ORIENTED_EDGE('',*,*,#2303,.T.);
#996=ORIENTED_EDGE('',*,*,#2300,.T.);
#997=ORIENTED_EDGE('',*,*,#2297,.T.);
#998=ORIENTED_EDGE('',*,*,#2294,.T.);
#999=ORIENTED_EDGE('',*,*,#2291,.T.);
#1000=ORIENTED_EDGE('',*,*,#2288,.T.);
#1001=ORIENTED_EDGE('',*,*,#2304,.T.);
#1002=ORIENTED_EDGE('',*,*,#2357,.T.);
#1003=ORIENTED_EDGE('',*,*,#2354,.T.);
#1004=ORIENTED_EDGE('',*,*,#2255,.T.);
#1005=ORIENTED_EDGE('',*,*,#2312,.T.);
#1006=ORIENTED_EDGE('',*,*,#2309,.T.);
#1007=ORIENTED_EDGE('',*,*,#2315,.T.);
#1008=ORIENTED_EDGE('',*,*,#2318,.T.);
#1009=ORIENTED_EDGE('',*,*,#2323,.T.);
#1010=ORIENTED_EDGE('',*,*,#2358,.T.);
#1011=ORIENTED_EDGE('',*,*,#2276,.T.);
#1012=ORIENTED_EDGE('',*,*,#2359,.T.);
#1013=ORIENTED_EDGE('',*,*,#2333,.T.);
#1014=ORIENTED_EDGE('',*,*,#2337,.T.);
#1015=ORIENTED_EDGE('',*,*,#2340,.T.);
#1016=ORIENTED_EDGE('',*,*,#2345,.T.);
#1017=ORIENTED_EDGE('',*,*,#2356,.T.);
#1018=ORIENTED_EDGE('',*,*,#2283,.T.);
#1019=ORIENTED_EDGE('',*,*,#2280,.T.);
#1020=ORIENTED_EDGE('',*,*,#2256,.T.);
#1021=ORIENTED_EDGE('',*,*,#2358,.F.);
#1022=ORIENTED_EDGE('',*,*,#2322,.T.);
#1023=ORIENTED_EDGE('',*,*,#2326,.T.);
#1024=ORIENTED_EDGE('',*,*,#2329,.T.);
#1025=ORIENTED_EDGE('',*,*,#2334,.T.);
#1026=ORIENTED_EDGE('',*,*,#2359,.F.);
#1027=ORIENTED_EDGE('',*,*,#2275,.T.);
#1028=ORIENTED_EDGE('',*,*,#2272,.T.);
#1029=ORIENTED_EDGE('',*,*,#2269,.T.);
#1030=ORIENTED_EDGE('',*,*,#2266,.T.);
#1031=ORIENTED_EDGE('',*,*,#2263,.T.);
#1032=ORIENTED_EDGE('',*,*,#2260,.T.);
#1033=ORIENTED_EDGE('',*,*,#2331,.T.);
#1034=ORIENTED_EDGE('',*,*,#2360,.T.);
#1035=ORIENTED_EDGE('',*,*,#2361,.T.);
#1036=ORIENTED_EDGE('',*,*,#2362,.F.);
#1037=ORIENTED_EDGE('',*,*,#2363,.F.);
#1038=ORIENTED_EDGE('',*,*,#2364,.T.);
#1039=ORIENTED_EDGE('',*,*,#2365,.T.);
#1040=ORIENTED_EDGE('',*,*,#2366,.T.);
#1041=ORIENTED_EDGE('',*,*,#2367,.T.);
#1042=ORIENTED_EDGE('',*,*,#2368,.T.);
#1043=ORIENTED_EDGE('',*,*,#2369,.T.);
#1044=ORIENTED_EDGE('',*,*,#2370,.T.);
#1045=ORIENTED_EDGE('',*,*,#2371,.T.);
#1046=ORIENTED_EDGE('',*,*,#2372,.T.);
#1047=ORIENTED_EDGE('',*,*,#2373,.T.);
#1048=ORIENTED_EDGE('',*,*,#2374,.T.);
#1049=ORIENTED_EDGE('',*,*,#2375,.T.);
#1050=ORIENTED_EDGE('',*,*,#2376,.T.);
#1051=ORIENTED_EDGE('',*,*,#2341,.T.);
#1052=ORIENTED_EDGE('',*,*,#2338,.T.);
#1053=ORIENTED_EDGE('',*,*,#2335,.T.);
#1054=ORIENTED_EDGE('',*,*,#2278,.T.);
#1055=ORIENTED_EDGE('',*,*,#2279,.T.);
#1056=ORIENTED_EDGE('',*,*,#2282,.T.);
#1057=ORIENTED_EDGE('',*,*,#2377,.F.);
#1058=ORIENTED_EDGE('',*,*,#2378,.F.);
#1059=ORIENTED_EDGE('',*,*,#2379,.T.);
#1060=ORIENTED_EDGE('',*,*,#2380,.T.);
#1061=ORIENTED_EDGE('',*,*,#2381,.F.);
#1062=ORIENTED_EDGE('',*,*,#2352,.T.);
#1063=ORIENTED_EDGE('',*,*,#2349,.T.);
#1064=ORIENTED_EDGE('',*,*,#2346,.T.);
#1065=ORIENTED_EDGE('',*,*,#2342,.T.);
#1066=ORIENTED_EDGE('',*,*,#2376,.F.);
#1067=ORIENTED_EDGE('',*,*,#2258,.T.);
#1068=ORIENTED_EDGE('',*,*,#2259,.T.);
#1069=ORIENTED_EDGE('',*,*,#2262,.T.);
#1070=ORIENTED_EDGE('',*,*,#2265,.T.);
#1071=ORIENTED_EDGE('',*,*,#2268,.T.);
#1072=ORIENTED_EDGE('',*,*,#2271,.T.);
#1073=ORIENTED_EDGE('',*,*,#2274,.T.);
#1074=ORIENTED_EDGE('',*,*,#2377,.T.);
#1075=ORIENTED_EDGE('',*,*,#2286,.T.);
#1076=ORIENTED_EDGE('',*,*,#2287,.T.);
#1077=ORIENTED_EDGE('',*,*,#2290,.T.);
#1078=ORIENTED_EDGE('',*,*,#2293,.T.);
#1079=ORIENTED_EDGE('',*,*,#2296,.T.);
#1080=ORIENTED_EDGE('',*,*,#2299,.T.);
#1081=ORIENTED_EDGE('',*,*,#2302,.T.);
#1082=ORIENTED_EDGE('',*,*,#2382,.F.);
#1083=ORIENTED_EDGE('',*,*,#2248,.T.);
#1084=ORIENTED_EDGE('',*,*,#2242,.T.);
#1085=ORIENTED_EDGE('',*,*,#2239,.T.);
#1086=ORIENTED_EDGE('',*,*,#2236,.T.);
#1087=ORIENTED_EDGE('',*,*,#2221,.T.);
#1088=ORIENTED_EDGE('',*,*,#2225,.T.);
#1089=ORIENTED_EDGE('',*,*,#2228,.T.);
#1090=ORIENTED_EDGE('',*,*,#2231,.T.);
#1091=ORIENTED_EDGE('',*,*,#2383,.F.);
#1092=ORIENTED_EDGE('',*,*,#2384,.T.);
#1093=ORIENTED_EDGE('',*,*,#2385,.T.);
#1094=ORIENTED_EDGE('',*,*,#2386,.F.);
#1095=ORIENTED_EDGE('',*,*,#2387,.F.);
#1096=ORIENTED_EDGE('',*,*,#2388,.F.);
#1097=ORIENTED_EDGE('',*,*,#2219,.T.);
#1098=ORIENTED_EDGE('',*,*,#2389,.F.);
#1099=ORIENTED_EDGE('',*,*,#2390,.F.);
#1100=ORIENTED_EDGE('',*,*,#2391,.T.);
#1101=ORIENTED_EDGE('',*,*,#2392,.T.);
#1102=ORIENTED_EDGE('',*,*,#2393,.T.);
#1103=ORIENTED_EDGE('',*,*,#2394,.T.);
#1104=ORIENTED_EDGE('',*,*,#2395,.T.);
#1105=ORIENTED_EDGE('',*,*,#2360,.F.);
#1106=ORIENTED_EDGE('',*,*,#2330,.T.);
#1107=ORIENTED_EDGE('',*,*,#2327,.T.);
#1108=ORIENTED_EDGE('',*,*,#2324,.T.);
#1109=ORIENTED_EDGE('',*,*,#2320,.T.);
#1110=ORIENTED_EDGE('',*,*,#2396,.F.);
#1111=ORIENTED_EDGE('',*,*,#2397,.T.);
#1112=ORIENTED_EDGE('',*,*,#2398,.T.);
#1113=ORIENTED_EDGE('',*,*,#2399,.F.);
#1114=ORIENTED_EDGE('',*,*,#2400,.F.);
#1115=ORIENTED_EDGE('',*,*,#2401,.F.);
#1116=ORIENTED_EDGE('',*,*,#2402,.T.);
#1117=ORIENTED_EDGE('',*,*,#2403,.F.);
#1118=ORIENTED_EDGE('',*,*,#2404,.F.);
#1119=ORIENTED_EDGE('',*,*,#2405,.F.);
#1120=ORIENTED_EDGE('',*,*,#2404,.T.);
#1121=ORIENTED_EDGE('',*,*,#2406,.F.);
#1122=ORIENTED_EDGE('',*,*,#2407,.F.);
#1123=ORIENTED_EDGE('',*,*,#2408,.F.);
#1124=ORIENTED_EDGE('',*,*,#2409,.F.);
#1125=ORIENTED_EDGE('',*,*,#2410,.F.);
#1126=ORIENTED_EDGE('',*,*,#2409,.T.);
#1127=ORIENTED_EDGE('',*,*,#2411,.F.);
#1128=ORIENTED_EDGE('',*,*,#2412,.F.);
#1129=ORIENTED_EDGE('',*,*,#2413,.F.);
#1130=ORIENTED_EDGE('',*,*,#2412,.T.);
#1131=ORIENTED_EDGE('',*,*,#2414,.F.);
#1132=ORIENTED_EDGE('',*,*,#2415,.F.);
#1133=ORIENTED_EDGE('',*,*,#2416,.F.);
#1134=ORIENTED_EDGE('',*,*,#2415,.T.);
#1135=ORIENTED_EDGE('',*,*,#2417,.F.);
#1136=ORIENTED_EDGE('',*,*,#2418,.F.);
#1137=ORIENTED_EDGE('',*,*,#2419,.F.);
#1138=ORIENTED_EDGE('',*,*,#2418,.T.);
#1139=ORIENTED_EDGE('',*,*,#2420,.F.);
#1140=ORIENTED_EDGE('',*,*,#2421,.F.);
#1141=ORIENTED_EDGE('',*,*,#2422,.F.);
#1142=ORIENTED_EDGE('',*,*,#2421,.T.);
#1143=ORIENTED_EDGE('',*,*,#2423,.F.);
#1144=ORIENTED_EDGE('',*,*,#2424,.F.);
#1145=ORIENTED_EDGE('',*,*,#2425,.F.);
#1146=ORIENTED_EDGE('',*,*,#2424,.T.);
#1147=ORIENTED_EDGE('',*,*,#2426,.F.);
#1148=ORIENTED_EDGE('',*,*,#2427,.F.);
#1149=ORIENTED_EDGE('',*,*,#2428,.F.);
#1150=ORIENTED_EDGE('',*,*,#2429,.F.);
#1151=ORIENTED_EDGE('',*,*,#2430,.F.);
#1152=ORIENTED_EDGE('',*,*,#2431,.F.);
#1153=ORIENTED_EDGE('',*,*,#2430,.T.);
#1154=ORIENTED_EDGE('',*,*,#2432,.F.);
#1155=ORIENTED_EDGE('',*,*,#2402,.F.);
#1156=ORIENTED_EDGE('',*,*,#2433,.F.);
#1157=ORIENTED_EDGE('',*,*,#2427,.T.);
#1158=ORIENTED_EDGE('',*,*,#2434,.F.);
#1159=ORIENTED_EDGE('',*,*,#2435,.F.);
#1160=ORIENTED_EDGE('',*,*,#2436,.F.);
#1161=ORIENTED_EDGE('',*,*,#2437,.F.);
#1162=ORIENTED_EDGE('',*,*,#2438,.F.);
#1163=ORIENTED_EDGE('',*,*,#2437,.T.);
#1164=ORIENTED_EDGE('',*,*,#2439,.F.);
#1165=ORIENTED_EDGE('',*,*,#2440,.F.);
#1166=ORIENTED_EDGE('',*,*,#2441,.F.);
#1167=ORIENTED_EDGE('',*,*,#2440,.T.);
#1168=ORIENTED_EDGE('',*,*,#2442,.F.);
#1169=ORIENTED_EDGE('',*,*,#2443,.F.);
#1170=ORIENTED_EDGE('',*,*,#2444,.F.);
#1171=ORIENTED_EDGE('',*,*,#2443,.T.);
#1172=ORIENTED_EDGE('',*,*,#2445,.F.);
#1173=ORIENTED_EDGE('',*,*,#2446,.F.);
#1174=ORIENTED_EDGE('',*,*,#2447,.F.);
#1175=ORIENTED_EDGE('',*,*,#2446,.T.);
#1176=ORIENTED_EDGE('',*,*,#2448,.F.);
#1177=ORIENTED_EDGE('',*,*,#2439,.T.);
#1178=ORIENTED_EDGE('',*,*,#2436,.T.);
#1179=ORIENTED_EDGE('',*,*,#2449,.F.);
#1180=ORIENTED_EDGE('',*,*,#2450,.F.);
#1181=ORIENTED_EDGE('',*,*,#2434,.T.);
#1182=ORIENTED_EDGE('',*,*,#2426,.T.);
#1183=ORIENTED_EDGE('',*,*,#2423,.T.);
#1184=ORIENTED_EDGE('',*,*,#2420,.T.);
#1185=ORIENTED_EDGE('',*,*,#2417,.T.);
#1186=ORIENTED_EDGE('',*,*,#2414,.T.);
#1187=ORIENTED_EDGE('',*,*,#2411,.T.);
#1188=ORIENTED_EDGE('',*,*,#2408,.T.);
#1189=ORIENTED_EDGE('',*,*,#2451,.F.);
#1190=ORIENTED_EDGE('',*,*,#2452,.F.);
#1191=ORIENTED_EDGE('',*,*,#2448,.T.);
#1192=ORIENTED_EDGE('',*,*,#2445,.T.);
#1193=ORIENTED_EDGE('',*,*,#2442,.T.);
#1194=ORIENTED_EDGE('',*,*,#2453,.F.);
#1195=ORIENTED_EDGE('',*,*,#2454,.F.);
#1196=ORIENTED_EDGE('',*,*,#2406,.T.);
#1197=ORIENTED_EDGE('',*,*,#2403,.T.);
#1198=ORIENTED_EDGE('',*,*,#2432,.T.);
#1199=ORIENTED_EDGE('',*,*,#2429,.T.);
#1200=ORIENTED_EDGE('',*,*,#2455,.F.);
#1201=ORIENTED_EDGE('',*,*,#2456,.F.);
#1202=ORIENTED_EDGE('',*,*,#2457,.F.);
#1203=ORIENTED_EDGE('',*,*,#2458,.F.);
#1204=ORIENTED_EDGE('',*,*,#2457,.T.);
#1205=ORIENTED_EDGE('',*,*,#2459,.F.);
#1206=ORIENTED_EDGE('',*,*,#2460,.F.);
#1207=ORIENTED_EDGE('',*,*,#2461,.F.);
#1208=ORIENTED_EDGE('',*,*,#2462,.F.);
#1209=ORIENTED_EDGE('',*,*,#2463,.F.);
#1210=ORIENTED_EDGE('',*,*,#2464,.F.);
#1211=ORIENTED_EDGE('',*,*,#2465,.F.);
#1212=ORIENTED_EDGE('',*,*,#2464,.T.);
#1213=ORIENTED_EDGE('',*,*,#2466,.F.);
#1214=ORIENTED_EDGE('',*,*,#2467,.F.);
#1215=ORIENTED_EDGE('',*,*,#2468,.F.);
#1216=ORIENTED_EDGE('',*,*,#2467,.T.);
#1217=ORIENTED_EDGE('',*,*,#2469,.F.);
#1218=ORIENTED_EDGE('',*,*,#2470,.F.);
#1219=ORIENTED_EDGE('',*,*,#2471,.F.);
#1220=ORIENTED_EDGE('',*,*,#2470,.T.);
#1221=ORIENTED_EDGE('',*,*,#2472,.F.);
#1222=ORIENTED_EDGE('',*,*,#2473,.F.);
#1223=ORIENTED_EDGE('',*,*,#2474,.F.);
#1224=ORIENTED_EDGE('',*,*,#2475,.T.);
#1225=ORIENTED_EDGE('',*,*,#2476,.F.);
#1226=ORIENTED_EDGE('',*,*,#2477,.F.);
#1227=ORIENTED_EDGE('',*,*,#2478,.F.);
#1228=ORIENTED_EDGE('',*,*,#2479,.F.);
#1229=ORIENTED_EDGE('',*,*,#2480,.F.);
#1230=ORIENTED_EDGE('',*,*,#2481,.F.);
#1231=ORIENTED_EDGE('',*,*,#2475,.F.);
#1232=ORIENTED_EDGE('',*,*,#2482,.F.);
#1233=ORIENTED_EDGE('',*,*,#2395,.F.);
#1234=ORIENTED_EDGE('',*,*,#2483,.T.);
#1235=ORIENTED_EDGE('',*,*,#2394,.F.);
#1236=ORIENTED_EDGE('',*,*,#2484,.F.);
#1237=ORIENTED_EDGE('',*,*,#2483,.F.);
#1238=ORIENTED_EDGE('',*,*,#2393,.F.);
#1239=ORIENTED_EDGE('',*,*,#2485,.F.);
#1240=ORIENTED_EDGE('',*,*,#2486,.F.);
#1241=ORIENTED_EDGE('',*,*,#2487,.F.);
#1242=ORIENTED_EDGE('',*,*,#2476,.T.);
#1243=ORIENTED_EDGE('',*,*,#2481,.T.);
#1244=ORIENTED_EDGE('',*,*,#2488,.F.);
#1245=ORIENTED_EDGE('',*,*,#2482,.T.);
#1246=ORIENTED_EDGE('',*,*,#2484,.T.);
#1247=ORIENTED_EDGE('',*,*,#2485,.T.);
#1248=ORIENTED_EDGE('',*,*,#2392,.F.);
#1249=ORIENTED_EDGE('',*,*,#2391,.F.);
#1250=ORIENTED_EDGE('',*,*,#2390,.T.);
#1251=ORIENTED_EDGE('',*,*,#2389,.T.);
#1252=ORIENTED_EDGE('',*,*,#2220,.T.);
#1253=ORIENTED_EDGE('',*,*,#2489,.F.);
#1254=ORIENTED_EDGE('',*,*,#2490,.T.);
#1255=ORIENTED_EDGE('',*,*,#2491,.T.);
#1256=ORIENTED_EDGE('',*,*,#2492,.T.);
#1257=ORIENTED_EDGE('',*,*,#2363,.T.);
#1258=ORIENTED_EDGE('',*,*,#2362,.T.);
#1259=ORIENTED_EDGE('',*,*,#2493,.T.);
#1260=ORIENTED_EDGE('',*,*,#2488,.T.);
#1261=ORIENTED_EDGE('',*,*,#2480,.T.);
#1262=ORIENTED_EDGE('',*,*,#2494,.F.);
#1263=ORIENTED_EDGE('',*,*,#2495,.F.);
#1264=ORIENTED_EDGE('',*,*,#2496,.F.);
#1265=ORIENTED_EDGE('',*,*,#2497,.F.);
#1266=ORIENTED_EDGE('',*,*,#2498,.F.);
#1267=ORIENTED_EDGE('',*,*,#2477,.T.);
#1268=ORIENTED_EDGE('',*,*,#2489,.T.);
#1269=ORIENTED_EDGE('',*,*,#2486,.T.);
#1270=ORIENTED_EDGE('',*,*,#2499,.F.);
#1271=ORIENTED_EDGE('',*,*,#2500,.F.);
#1272=ORIENTED_EDGE('',*,*,#2501,.T.);
#1273=ORIENTED_EDGE('',*,*,#2502,.T.);
#1274=ORIENTED_EDGE('',*,*,#2456,.T.);
#1275=ORIENTED_EDGE('',*,*,#2502,.F.);
#1276=ORIENTED_EDGE('',*,*,#2472,.T.);
#1277=ORIENTED_EDGE('',*,*,#2469,.T.);
#1278=ORIENTED_EDGE('',*,*,#2466,.T.);
#1279=ORIENTED_EDGE('',*,*,#2463,.T.);
#1280=ORIENTED_EDGE('',*,*,#2491,.F.);
#1281=ORIENTED_EDGE('',*,*,#2461,.T.);
#1282=ORIENTED_EDGE('',*,*,#2503,.F.);
#1283=ORIENTED_EDGE('',*,*,#2504,.F.);
#1284=ORIENTED_EDGE('',*,*,#2459,.T.);
#1285=ORIENTED_EDGE('',*,*,#2505,.F.);
#1286=ORIENTED_EDGE('',*,*,#2506,.T.);
#1287=ORIENTED_EDGE('',*,*,#2507,.F.);
#1288=ORIENTED_EDGE('',*,*,#2508,.F.);
#1289=ORIENTED_EDGE('',*,*,#2509,.F.);
#1290=ORIENTED_EDGE('',*,*,#2510,.F.);
#1291=ORIENTED_EDGE('',*,*,#2511,.F.);
#1292=ORIENTED_EDGE('',*,*,#2510,.T.);
#1293=ORIENTED_EDGE('',*,*,#2512,.F.);
#1294=ORIENTED_EDGE('',*,*,#2513,.F.);
#1295=ORIENTED_EDGE('',*,*,#2514,.F.);
#1296=ORIENTED_EDGE('',*,*,#2515,.T.);
#1297=ORIENTED_EDGE('',*,*,#2516,.F.);
#1298=ORIENTED_EDGE('',*,*,#2517,.F.);
#1299=ORIENTED_EDGE('',*,*,#2518,.F.);
#1300=ORIENTED_EDGE('',*,*,#2517,.T.);
#1301=ORIENTED_EDGE('',*,*,#2519,.F.);
#1302=ORIENTED_EDGE('',*,*,#2520,.F.);
#1303=ORIENTED_EDGE('',*,*,#2521,.F.);
#1304=ORIENTED_EDGE('',*,*,#2520,.T.);
#1305=ORIENTED_EDGE('',*,*,#2522,.F.);
#1306=ORIENTED_EDGE('',*,*,#2523,.F.);
#1307=ORIENTED_EDGE('',*,*,#2524,.F.);
#1308=ORIENTED_EDGE('',*,*,#2523,.T.);
#1309=ORIENTED_EDGE('',*,*,#2525,.F.);
#1310=ORIENTED_EDGE('',*,*,#2526,.F.);
#1311=ORIENTED_EDGE('',*,*,#2527,.F.);
#1312=ORIENTED_EDGE('',*,*,#2526,.T.);
#1313=ORIENTED_EDGE('',*,*,#2528,.F.);
#1314=ORIENTED_EDGE('',*,*,#2529,.F.);
#1315=ORIENTED_EDGE('',*,*,#2530,.F.);
#1316=ORIENTED_EDGE('',*,*,#2529,.T.);
#1317=ORIENTED_EDGE('',*,*,#2531,.F.);
#1318=ORIENTED_EDGE('',*,*,#2532,.F.);
#1319=ORIENTED_EDGE('',*,*,#2513,.T.);
#1320=ORIENTED_EDGE('',*,*,#2533,.F.);
#1321=ORIENTED_EDGE('',*,*,#2534,.F.);
#1322=ORIENTED_EDGE('',*,*,#2535,.F.);
#1323=ORIENTED_EDGE('',*,*,#2534,.T.);
#1324=ORIENTED_EDGE('',*,*,#2536,.F.);
#1325=ORIENTED_EDGE('',*,*,#2537,.F.);
#1326=ORIENTED_EDGE('',*,*,#2538,.F.);
#1327=ORIENTED_EDGE('',*,*,#2506,.F.);
#1328=ORIENTED_EDGE('',*,*,#2539,.F.);
#1329=ORIENTED_EDGE('',*,*,#2540,.F.);
#1330=ORIENTED_EDGE('',*,*,#2541,.F.);
#1331=ORIENTED_EDGE('',*,*,#2542,.F.);
#1332=ORIENTED_EDGE('',*,*,#2543,.F.);
#1333=ORIENTED_EDGE('',*,*,#2544,.F.);
#1334=ORIENTED_EDGE('',*,*,#2515,.F.);
#1335=ORIENTED_EDGE('',*,*,#2531,.T.);
#1336=ORIENTED_EDGE('',*,*,#2528,.T.);
#1337=ORIENTED_EDGE('',*,*,#2525,.T.);
#1338=ORIENTED_EDGE('',*,*,#2522,.T.);
#1339=ORIENTED_EDGE('',*,*,#2519,.T.);
#1340=ORIENTED_EDGE('',*,*,#2516,.T.);
#1341=ORIENTED_EDGE('',*,*,#2544,.T.);
#1342=ORIENTED_EDGE('',*,*,#2545,.F.);
#1343=ORIENTED_EDGE('',*,*,#2546,.F.);
#1344=ORIENTED_EDGE('',*,*,#2542,.T.);
#1345=ORIENTED_EDGE('',*,*,#2547,.F.);
#1346=ORIENTED_EDGE('',*,*,#2548,.F.);
#1347=ORIENTED_EDGE('',*,*,#2540,.T.);
#1348=ORIENTED_EDGE('',*,*,#2549,.F.);
#1349=ORIENTED_EDGE('',*,*,#2550,.F.);
#1350=ORIENTED_EDGE('',*,*,#2536,.T.);
#1351=ORIENTED_EDGE('',*,*,#2533,.T.);
#1352=ORIENTED_EDGE('',*,*,#2512,.T.);
#1353=ORIENTED_EDGE('',*,*,#2509,.T.);
#1354=ORIENTED_EDGE('',*,*,#2551,.F.);
#1355=ORIENTED_EDGE('',*,*,#2552,.F.);
#1356=ORIENTED_EDGE('',*,*,#2507,.T.);
#1357=ORIENTED_EDGE('',*,*,#2538,.T.);
#1358=ORIENTED_EDGE('',*,*,#2553,.F.);
#1359=ORIENTED_EDGE('',*,*,#2554,.F.);
#1360=ORIENTED_EDGE('',*,*,#2555,.F.);
#1361=ORIENTED_EDGE('',*,*,#2556,.T.);
#1362=ORIENTED_EDGE('',*,*,#2557,.F.);
#1363=ORIENTED_EDGE('',*,*,#2558,.F.);
#1364=ORIENTED_EDGE('',*,*,#2559,.F.);
#1365=ORIENTED_EDGE('',*,*,#2558,.T.);
#1366=ORIENTED_EDGE('',*,*,#2560,.F.);
#1367=ORIENTED_EDGE('',*,*,#2561,.F.);
#1368=ORIENTED_EDGE('',*,*,#2562,.F.);
#1369=ORIENTED_EDGE('',*,*,#2561,.T.);
#1370=ORIENTED_EDGE('',*,*,#2563,.F.);
#1371=ORIENTED_EDGE('',*,*,#2564,.F.);
#1372=ORIENTED_EDGE('',*,*,#2565,.T.);
#1373=ORIENTED_EDGE('',*,*,#2566,.F.);
#1374=ORIENTED_EDGE('',*,*,#2567,.F.);
#1375=ORIENTED_EDGE('',*,*,#2568,.F.);
#1376=ORIENTED_EDGE('',*,*,#2567,.T.);
#1377=ORIENTED_EDGE('',*,*,#2569,.F.);
#1378=ORIENTED_EDGE('',*,*,#2570,.F.);
#1379=ORIENTED_EDGE('',*,*,#2571,.F.);
#1380=ORIENTED_EDGE('',*,*,#2570,.T.);
#1381=ORIENTED_EDGE('',*,*,#2572,.F.);
#1382=ORIENTED_EDGE('',*,*,#2573,.F.);
#1383=ORIENTED_EDGE('',*,*,#2574,.F.);
#1384=ORIENTED_EDGE('',*,*,#2573,.T.);
#1385=ORIENTED_EDGE('',*,*,#2575,.F.);
#1386=ORIENTED_EDGE('',*,*,#2576,.F.);
#1387=ORIENTED_EDGE('',*,*,#2577,.F.);
#1388=ORIENTED_EDGE('',*,*,#2576,.T.);
#1389=ORIENTED_EDGE('',*,*,#2578,.F.);
#1390=ORIENTED_EDGE('',*,*,#2579,.F.);
#1391=ORIENTED_EDGE('',*,*,#2580,.F.);
#1392=ORIENTED_EDGE('',*,*,#2579,.T.);
#1393=ORIENTED_EDGE('',*,*,#2581,.F.);
#1394=ORIENTED_EDGE('',*,*,#2582,.F.);
#1395=ORIENTED_EDGE('',*,*,#2583,.F.);
#1396=ORIENTED_EDGE('',*,*,#2582,.T.);
#1397=ORIENTED_EDGE('',*,*,#2584,.F.);
#1398=ORIENTED_EDGE('',*,*,#2585,.F.);
#1399=ORIENTED_EDGE('',*,*,#2586,.F.);
#1400=ORIENTED_EDGE('',*,*,#2585,.T.);
#1401=ORIENTED_EDGE('',*,*,#2587,.F.);
#1402=ORIENTED_EDGE('',*,*,#2588,.F.);
#1403=ORIENTED_EDGE('',*,*,#2589,.F.);
#1404=ORIENTED_EDGE('',*,*,#2588,.T.);
#1405=ORIENTED_EDGE('',*,*,#2590,.F.);
#1406=ORIENTED_EDGE('',*,*,#2591,.F.);
#1407=ORIENTED_EDGE('',*,*,#2592,.F.);
#1408=ORIENTED_EDGE('',*,*,#2591,.T.);
#1409=ORIENTED_EDGE('',*,*,#2593,.F.);
#1410=ORIENTED_EDGE('',*,*,#2594,.F.);
#1411=ORIENTED_EDGE('',*,*,#2556,.F.);
#1412=ORIENTED_EDGE('',*,*,#2595,.F.);
#1413=ORIENTED_EDGE('',*,*,#2596,.F.);
#1414=ORIENTED_EDGE('',*,*,#2597,.F.);
#1415=ORIENTED_EDGE('',*,*,#2598,.T.);
#1416=ORIENTED_EDGE('',*,*,#2599,.F.);
#1417=ORIENTED_EDGE('',*,*,#2600,.F.);
#1418=ORIENTED_EDGE('',*,*,#2601,.T.);
#1419=ORIENTED_EDGE('',*,*,#2602,.F.);
#1420=ORIENTED_EDGE('',*,*,#2598,.F.);
#1421=ORIENTED_EDGE('',*,*,#2603,.F.);
#1422=ORIENTED_EDGE('',*,*,#2604,.F.);
#1423=ORIENTED_EDGE('',*,*,#2601,.F.);
#1424=ORIENTED_EDGE('',*,*,#2605,.F.);
#1425=ORIENTED_EDGE('',*,*,#2606,.F.);
#1426=ORIENTED_EDGE('',*,*,#2565,.F.);
#1427=ORIENTED_EDGE('',*,*,#2607,.F.);
#1428=ORIENTED_EDGE('',*,*,#2594,.T.);
#1429=ORIENTED_EDGE('',*,*,#2608,.F.);
#1430=ORIENTED_EDGE('',*,*,#2609,.F.);
#1431=ORIENTED_EDGE('',*,*,#2370,.F.);
#1432=ORIENTED_EDGE('',*,*,#2610,.F.);
#1433=ORIENTED_EDGE('',*,*,#2367,.F.);
#1434=ORIENTED_EDGE('',*,*,#2611,.F.);
#1435=ORIENTED_EDGE('',*,*,#2366,.F.);
#1436=ORIENTED_EDGE('',*,*,#2612,.F.);
#1437=ORIENTED_EDGE('',*,*,#2613,.F.);
#1438=ORIENTED_EDGE('',*,*,#2614,.T.);
#1439=ORIENTED_EDGE('',*,*,#2615,.F.);
#1440=ORIENTED_EDGE('',*,*,#2616,.F.);
#1441=ORIENTED_EDGE('',*,*,#2617,.F.);
#1442=ORIENTED_EDGE('',*,*,#2609,.T.);
#1443=ORIENTED_EDGE('',*,*,#2618,.F.);
#1444=ORIENTED_EDGE('',*,*,#2614,.F.);
#1445=ORIENTED_EDGE('',*,*,#2596,.T.);
#1446=ORIENTED_EDGE('',*,*,#2599,.T.);
#1447=ORIENTED_EDGE('',*,*,#2602,.T.);
#1448=ORIENTED_EDGE('',*,*,#2604,.T.);
#1449=ORIENTED_EDGE('',*,*,#2619,.F.);
#1450=ORIENTED_EDGE('',*,*,#2620,.T.);
#1451=ORIENTED_EDGE('',*,*,#2615,.T.);
#1452=ORIENTED_EDGE('',*,*,#2618,.T.);
#1453=ORIENTED_EDGE('',*,*,#2608,.T.);
#1454=ORIENTED_EDGE('',*,*,#2593,.T.);
#1455=ORIENTED_EDGE('',*,*,#2590,.T.);
#1456=ORIENTED_EDGE('',*,*,#2587,.T.);
#1457=ORIENTED_EDGE('',*,*,#2584,.T.);
#1458=ORIENTED_EDGE('',*,*,#2581,.T.);
#1459=ORIENTED_EDGE('',*,*,#2578,.T.);
#1460=ORIENTED_EDGE('',*,*,#2575,.T.);
#1461=ORIENTED_EDGE('',*,*,#2572,.T.);
#1462=ORIENTED_EDGE('',*,*,#2569,.T.);
#1463=ORIENTED_EDGE('',*,*,#2566,.T.);
#1464=ORIENTED_EDGE('',*,*,#2606,.T.);
#1465=ORIENTED_EDGE('',*,*,#2621,.F.);
#1466=ORIENTED_EDGE('',*,*,#2557,.T.);
#1467=ORIENTED_EDGE('',*,*,#2621,.T.);
#1468=ORIENTED_EDGE('',*,*,#2622,.T.);
#1469=ORIENTED_EDGE('',*,*,#2372,.F.);
#1470=ORIENTED_EDGE('',*,*,#2371,.F.);
#1471=ORIENTED_EDGE('',*,*,#2610,.T.);
#1472=ORIENTED_EDGE('',*,*,#2369,.F.);
#1473=ORIENTED_EDGE('',*,*,#2368,.F.);
#1474=ORIENTED_EDGE('',*,*,#2611,.T.);
#1475=ORIENTED_EDGE('',*,*,#2612,.T.);
#1476=ORIENTED_EDGE('',*,*,#2619,.T.);
#1477=ORIENTED_EDGE('',*,*,#2623,.T.);
#1478=ORIENTED_EDGE('',*,*,#2624,.F.);
#1479=ORIENTED_EDGE('',*,*,#2625,.F.);
#1480=ORIENTED_EDGE('',*,*,#2563,.T.);
#1481=ORIENTED_EDGE('',*,*,#2560,.T.);
#1482=ORIENTED_EDGE('',*,*,#2626,.F.);
#1483=ORIENTED_EDGE('',*,*,#2627,.T.);
#1484=ORIENTED_EDGE('',*,*,#2628,.F.);
#1485=ORIENTED_EDGE('',*,*,#2629,.F.);
#1486=ORIENTED_EDGE('',*,*,#2630,.T.);
#1487=ORIENTED_EDGE('',*,*,#2631,.F.);
#1488=ORIENTED_EDGE('',*,*,#2632,.F.);
#1489=ORIENTED_EDGE('',*,*,#2633,.F.);
#1490=ORIENTED_EDGE('',*,*,#2632,.T.);
#1491=ORIENTED_EDGE('',*,*,#2634,.F.);
#1492=ORIENTED_EDGE('',*,*,#2635,.F.);
#1493=ORIENTED_EDGE('',*,*,#2636,.F.);
#1494=ORIENTED_EDGE('',*,*,#2635,.T.);
#1495=ORIENTED_EDGE('',*,*,#2637,.F.);
#1496=ORIENTED_EDGE('',*,*,#2638,.F.);
#1497=ORIENTED_EDGE('',*,*,#2639,.F.);
#1498=ORIENTED_EDGE('',*,*,#2638,.T.);
#1499=ORIENTED_EDGE('',*,*,#2640,.F.);
#1500=ORIENTED_EDGE('',*,*,#2641,.F.);
#1501=ORIENTED_EDGE('',*,*,#2642,.F.);
#1502=ORIENTED_EDGE('',*,*,#2641,.T.);
#1503=ORIENTED_EDGE('',*,*,#2643,.F.);
#1504=ORIENTED_EDGE('',*,*,#2644,.F.);
#1505=ORIENTED_EDGE('',*,*,#2645,.F.);
#1506=ORIENTED_EDGE('',*,*,#2644,.T.);
#1507=ORIENTED_EDGE('',*,*,#2646,.F.);
#1508=ORIENTED_EDGE('',*,*,#2647,.F.);
#1509=ORIENTED_EDGE('',*,*,#2648,.T.);
#1510=ORIENTED_EDGE('',*,*,#2649,.F.);
#1511=ORIENTED_EDGE('',*,*,#2650,.F.);
#1512=ORIENTED_EDGE('',*,*,#2651,.F.);
#1513=ORIENTED_EDGE('',*,*,#2650,.T.);
#1514=ORIENTED_EDGE('',*,*,#2652,.F.);
#1515=ORIENTED_EDGE('',*,*,#2653,.F.);
#1516=ORIENTED_EDGE('',*,*,#2654,.F.);
#1517=ORIENTED_EDGE('',*,*,#2653,.T.);
#1518=ORIENTED_EDGE('',*,*,#2655,.F.);
#1519=ORIENTED_EDGE('',*,*,#2656,.F.);
#1520=ORIENTED_EDGE('',*,*,#2657,.T.);
#1521=ORIENTED_EDGE('',*,*,#2658,.F.);
#1522=ORIENTED_EDGE('',*,*,#2659,.F.);
#1523=ORIENTED_EDGE('',*,*,#2660,.F.);
#1524=ORIENTED_EDGE('',*,*,#2627,.F.);
#1525=ORIENTED_EDGE('',*,*,#2661,.F.);
#1526=ORIENTED_EDGE('',*,*,#2662,.T.);
#1527=ORIENTED_EDGE('',*,*,#2663,.F.);
#1528=ORIENTED_EDGE('',*,*,#2664,.F.);
#1529=ORIENTED_EDGE('',*,*,#2665,.F.);
#1530=ORIENTED_EDGE('',*,*,#2666,.T.);
#1531=ORIENTED_EDGE('',*,*,#2667,.F.);
#1532=ORIENTED_EDGE('',*,*,#2662,.F.);
#1533=ORIENTED_EDGE('',*,*,#2668,.F.);
#1534=ORIENTED_EDGE('',*,*,#2669,.T.);
#1535=ORIENTED_EDGE('',*,*,#2670,.F.);
#1536=ORIENTED_EDGE('',*,*,#2666,.F.);
#1537=ORIENTED_EDGE('',*,*,#2671,.F.);
#1538=ORIENTED_EDGE('',*,*,#2672,.T.);
#1539=ORIENTED_EDGE('',*,*,#2673,.F.);
#1540=ORIENTED_EDGE('',*,*,#2669,.F.);
#1541=ORIENTED_EDGE('',*,*,#2674,.F.);
#1542=ORIENTED_EDGE('',*,*,#2675,.F.);
#1543=ORIENTED_EDGE('',*,*,#2672,.F.);
#1544=ORIENTED_EDGE('',*,*,#2676,.F.);
#1545=ORIENTED_EDGE('',*,*,#2677,.F.);
#1546=ORIENTED_EDGE('',*,*,#2678,.F.);
#1547=ORIENTED_EDGE('',*,*,#2679,.F.);
#1548=ORIENTED_EDGE('',*,*,#2680,.F.);
#1549=ORIENTED_EDGE('',*,*,#2398,.F.);
#1550=ORIENTED_EDGE('',*,*,#2681,.T.);
#1551=ORIENTED_EDGE('',*,*,#2682,.F.);
#1552=ORIENTED_EDGE('',*,*,#2397,.F.);
#1553=ORIENTED_EDGE('',*,*,#2683,.F.);
#1554=ORIENTED_EDGE('',*,*,#2684,.T.);
#1555=ORIENTED_EDGE('',*,*,#2685,.F.);
#1556=ORIENTED_EDGE('',*,*,#2686,.T.);
#1557=ORIENTED_EDGE('',*,*,#2681,.F.);
#1558=ORIENTED_EDGE('',*,*,#2399,.T.);
#1559=ORIENTED_EDGE('',*,*,#2682,.T.);
#1560=ORIENTED_EDGE('',*,*,#2686,.F.);
#1561=ORIENTED_EDGE('',*,*,#2687,.F.);
#1562=ORIENTED_EDGE('',*,*,#2688,.T.);
#1563=ORIENTED_EDGE('',*,*,#2689,.F.);
#1564=ORIENTED_EDGE('',*,*,#2658,.T.);
#1565=ORIENTED_EDGE('',*,*,#2690,.T.);
#1566=ORIENTED_EDGE('',*,*,#2691,.T.);
#1567=ORIENTED_EDGE('',*,*,#2692,.T.);
#1568=ORIENTED_EDGE('',*,*,#2677,.T.);
#1569=ORIENTED_EDGE('',*,*,#2680,.T.);
#1570=ORIENTED_EDGE('',*,*,#2687,.T.);
#1571=ORIENTED_EDGE('',*,*,#2685,.T.);
#1572=ORIENTED_EDGE('',*,*,#2693,.T.);
#1573=ORIENTED_EDGE('',*,*,#2689,.T.);
#1574=ORIENTED_EDGE('',*,*,#2655,.T.);
#1575=ORIENTED_EDGE('',*,*,#2652,.T.);
#1576=ORIENTED_EDGE('',*,*,#2649,.T.);
#1577=ORIENTED_EDGE('',*,*,#2694,.F.);
#1578=ORIENTED_EDGE('',*,*,#2695,.F.);
#1579=ORIENTED_EDGE('',*,*,#2628,.T.);
#1580=ORIENTED_EDGE('',*,*,#2660,.T.);
#1581=ORIENTED_EDGE('',*,*,#2696,.T.);
#1582=ORIENTED_EDGE('',*,*,#2697,.T.);
#1583=ORIENTED_EDGE('',*,*,#2696,.F.);
#1584=ORIENTED_EDGE('',*,*,#2698,.T.);
#1585=ORIENTED_EDGE('',*,*,#2663,.T.);
#1586=ORIENTED_EDGE('',*,*,#2667,.T.);
#1587=ORIENTED_EDGE('',*,*,#2670,.T.);
#1588=ORIENTED_EDGE('',*,*,#2673,.T.);
#1589=ORIENTED_EDGE('',*,*,#2675,.T.);
#1590=ORIENTED_EDGE('',*,*,#2691,.F.);
#1591=ORIENTED_EDGE('',*,*,#2646,.T.);
#1592=ORIENTED_EDGE('',*,*,#2643,.T.);
#1593=ORIENTED_EDGE('',*,*,#2640,.T.);
#1594=ORIENTED_EDGE('',*,*,#2637,.T.);
#1595=ORIENTED_EDGE('',*,*,#2634,.T.);
#1596=ORIENTED_EDGE('',*,*,#2631,.T.);
#1597=ORIENTED_EDGE('',*,*,#2699,.F.);
#1598=ORIENTED_EDGE('',*,*,#2700,.T.);
#1599=ORIENTED_EDGE('',*,*,#2701,.F.);
#1600=ORIENTED_EDGE('',*,*,#2702,.F.);
#1601=ORIENTED_EDGE('',*,*,#2703,.F.);
#1602=ORIENTED_EDGE('',*,*,#2702,.T.);
#1603=ORIENTED_EDGE('',*,*,#2704,.F.);
#1604=ORIENTED_EDGE('',*,*,#2705,.F.);
#1605=ORIENTED_EDGE('',*,*,#2706,.F.);
#1606=ORIENTED_EDGE('',*,*,#2705,.T.);
#1607=ORIENTED_EDGE('',*,*,#2707,.F.);
#1608=ORIENTED_EDGE('',*,*,#2708,.F.);
#1609=ORIENTED_EDGE('',*,*,#2709,.F.);
#1610=ORIENTED_EDGE('',*,*,#2708,.T.);
#1611=ORIENTED_EDGE('',*,*,#2710,.F.);
#1612=ORIENTED_EDGE('',*,*,#2700,.F.);
#1613=ORIENTED_EDGE('',*,*,#2707,.T.);
#1614=ORIENTED_EDGE('',*,*,#2704,.T.);
#1615=ORIENTED_EDGE('',*,*,#2701,.T.);
#1616=ORIENTED_EDGE('',*,*,#2710,.T.);
#1617=ORIENTED_EDGE('',*,*,#2711,.F.);
#1618=ORIENTED_EDGE('',*,*,#2712,.T.);
#1619=ORIENTED_EDGE('',*,*,#2713,.F.);
#1620=ORIENTED_EDGE('',*,*,#2714,.F.);
#1621=ORIENTED_EDGE('',*,*,#2715,.T.);
#1622=ORIENTED_EDGE('',*,*,#2716,.F.);
#1623=ORIENTED_EDGE('',*,*,#2717,.F.);
#1624=ORIENTED_EDGE('',*,*,#2718,.F.);
#1625=ORIENTED_EDGE('',*,*,#2717,.T.);
#1626=ORIENTED_EDGE('',*,*,#2719,.F.);
#1627=ORIENTED_EDGE('',*,*,#2720,.F.);
#1628=ORIENTED_EDGE('',*,*,#2721,.T.);
#1629=ORIENTED_EDGE('',*,*,#2722,.F.);
#1630=ORIENTED_EDGE('',*,*,#2723,.F.);
#1631=ORIENTED_EDGE('',*,*,#2724,.F.);
#1632=ORIENTED_EDGE('',*,*,#2723,.T.);
#1633=ORIENTED_EDGE('',*,*,#2725,.F.);
#1634=ORIENTED_EDGE('',*,*,#2726,.F.);
#1635=ORIENTED_EDGE('',*,*,#2727,.F.);
#1636=ORIENTED_EDGE('',*,*,#2726,.T.);
#1637=ORIENTED_EDGE('',*,*,#2728,.F.);
#1638=ORIENTED_EDGE('',*,*,#2729,.F.);
#1639=ORIENTED_EDGE('',*,*,#2730,.F.);
#1640=ORIENTED_EDGE('',*,*,#2729,.T.);
#1641=ORIENTED_EDGE('',*,*,#2731,.F.);
#1642=ORIENTED_EDGE('',*,*,#2732,.F.);
#1643=ORIENTED_EDGE('',*,*,#2733,.F.);
#1644=ORIENTED_EDGE('',*,*,#2732,.T.);
#1645=ORIENTED_EDGE('',*,*,#2734,.F.);
#1646=ORIENTED_EDGE('',*,*,#2735,.F.);
#1647=ORIENTED_EDGE('',*,*,#2736,.F.);
#1648=ORIENTED_EDGE('',*,*,#2735,.T.);
#1649=ORIENTED_EDGE('',*,*,#2737,.F.);
#1650=ORIENTED_EDGE('',*,*,#2738,.F.);
#1651=ORIENTED_EDGE('',*,*,#2739,.F.);
#1652=ORIENTED_EDGE('',*,*,#2740,.F.);
#1653=ORIENTED_EDGE('',*,*,#2741,.F.);
#1654=ORIENTED_EDGE('',*,*,#2742,.F.);
#1655=ORIENTED_EDGE('',*,*,#2712,.F.);
#1656=ORIENTED_EDGE('',*,*,#2743,.F.);
#1657=ORIENTED_EDGE('',*,*,#2744,.F.);
#1658=ORIENTED_EDGE('',*,*,#2721,.F.);
#1659=ORIENTED_EDGE('',*,*,#2745,.F.);
#1660=ORIENTED_EDGE('',*,*,#2746,.F.);
#1661=ORIENTED_EDGE('',*,*,#2747,.F.);
#1662=ORIENTED_EDGE('',*,*,#2748,.F.);
#1663=ORIENTED_EDGE('',*,*,#2749,.T.);
#1664=ORIENTED_EDGE('',*,*,#2750,.F.);
#1665=ORIENTED_EDGE('',*,*,#2751,.F.);
#1666=ORIENTED_EDGE('',*,*,#2752,.F.);
#1667=ORIENTED_EDGE('',*,*,#2753,.F.);
#1668=ORIENTED_EDGE('',*,*,#2749,.F.);
#1669=ORIENTED_EDGE('',*,*,#2384,.F.);
#1670=ORIENTED_EDGE('',*,*,#2754,.F.);
#1671=ORIENTED_EDGE('',*,*,#2740,.T.);
#1672=ORIENTED_EDGE('',*,*,#2755,.F.);
#1673=ORIENTED_EDGE('',*,*,#2756,.T.);
#1674=ORIENTED_EDGE('',*,*,#2757,.F.);
#1675=ORIENTED_EDGE('',*,*,#2758,.T.);
#1676=ORIENTED_EDGE('',*,*,#2750,.T.);
#1677=ORIENTED_EDGE('',*,*,#2753,.T.);
#1678=ORIENTED_EDGE('',*,*,#2759,.F.);
#1679=ORIENTED_EDGE('',*,*,#2760,.F.);
#1680=ORIENTED_EDGE('',*,*,#2761,.F.);
#1681=ORIENTED_EDGE('',*,*,#2719,.T.);
#1682=ORIENTED_EDGE('',*,*,#2716,.T.);
#1683=ORIENTED_EDGE('',*,*,#2762,.T.);
#1684=ORIENTED_EDGE('',*,*,#2763,.F.);
#1685=ORIENTED_EDGE('',*,*,#2737,.T.);
#1686=ORIENTED_EDGE('',*,*,#2734,.T.);
#1687=ORIENTED_EDGE('',*,*,#2731,.T.);
#1688=ORIENTED_EDGE('',*,*,#2728,.T.);
#1689=ORIENTED_EDGE('',*,*,#2725,.T.);
#1690=ORIENTED_EDGE('',*,*,#2722,.T.);
#1691=ORIENTED_EDGE('',*,*,#2744,.T.);
#1692=ORIENTED_EDGE('',*,*,#2764,.F.);
#1693=ORIENTED_EDGE('',*,*,#2765,.F.);
#1694=ORIENTED_EDGE('',*,*,#2766,.T.);
#1695=ORIENTED_EDGE('',*,*,#2746,.T.);
#1696=ORIENTED_EDGE('',*,*,#2759,.T.);
#1697=ORIENTED_EDGE('',*,*,#2218,.T.);
#1698=ORIENTED_EDGE('',*,*,#2767,.F.);
#1699=ORIENTED_EDGE('',*,*,#2764,.T.);
#1700=ORIENTED_EDGE('',*,*,#2768,.F.);
#1701=ORIENTED_EDGE('',*,*,#2756,.F.);
#1702=ORIENTED_EDGE('',*,*,#2769,.F.);
#1703=ORIENTED_EDGE('',*,*,#2770,.T.);
#1704=ORIENTED_EDGE('',*,*,#2765,.T.);
#1705=ORIENTED_EDGE('',*,*,#2767,.T.);
#1706=ORIENTED_EDGE('',*,*,#2771,.T.);
#1707=ORIENTED_EDGE('',*,*,#2769,.T.);
#1708=ORIENTED_EDGE('',*,*,#2755,.T.);
#1709=ORIENTED_EDGE('',*,*,#2739,.T.);
#1710=ORIENTED_EDGE('',*,*,#2772,.F.);
#1711=ORIENTED_EDGE('',*,*,#2773,.F.);
#1712=ORIENTED_EDGE('',*,*,#2774,.T.);
#1713=ORIENTED_EDGE('',*,*,#2763,.T.);
#1714=ORIENTED_EDGE('',*,*,#2713,.T.);
#1715=ORIENTED_EDGE('',*,*,#2742,.T.);
#1716=ORIENTED_EDGE('',*,*,#2775,.F.);
#1717=ORIENTED_EDGE('',*,*,#2776,.F.);
#1718=ORIENTED_EDGE('',*,*,#2777,.F.);
#1719=ORIENTED_EDGE('',*,*,#2778,.F.);
#1720=ORIENTED_EDGE('',*,*,#2779,.F.);
#1721=ORIENTED_EDGE('',*,*,#2780,.F.);
#1722=ORIENTED_EDGE('',*,*,#2781,.T.);
#1723=ORIENTED_EDGE('',*,*,#2555,.T.);
#1724=ORIENTED_EDGE('',*,*,#2559,.T.);
#1725=ORIENTED_EDGE('',*,*,#2562,.T.);
#1726=ORIENTED_EDGE('',*,*,#2625,.T.);
#1727=ORIENTED_EDGE('',*,*,#2624,.T.);
#1728=ORIENTED_EDGE('',*,*,#2782,.T.);
#1729=ORIENTED_EDGE('',*,*,#2783,.T.);
#1730=ORIENTED_EDGE('',*,*,#2500,.T.);
#1731=ORIENTED_EDGE('',*,*,#2499,.T.);
#1732=ORIENTED_EDGE('',*,*,#2487,.T.);
#1733=ORIENTED_EDGE('',*,*,#2388,.T.);
#1734=ORIENTED_EDGE('',*,*,#2784,.T.);
#1735=ORIENTED_EDGE('',*,*,#2785,.T.);
#1736=ORIENTED_EDGE('',*,*,#2473,.T.);
#1737=ORIENTED_EDGE('',*,*,#2498,.T.);
#1738=ORIENTED_EDGE('',*,*,#2497,.T.);
#1739=ORIENTED_EDGE('',*,*,#2496,.T.);
#1740=ORIENTED_EDGE('',*,*,#2786,.T.);
#1741=ORIENTED_EDGE('',*,*,#2787,.T.);
#1742=ORIENTED_EDGE('',*,*,#2495,.T.);
#1743=ORIENTED_EDGE('',*,*,#2494,.T.);
#1744=ORIENTED_EDGE('',*,*,#2479,.T.);
#1745=ORIENTED_EDGE('',*,*,#2788,.T.);
#1746=ORIENTED_EDGE('',*,*,#2217,.T.);
#1747=ORIENTED_EDGE('',*,*,#2789,.T.);
#1748=ORIENTED_EDGE('',*,*,#2784,.F.);
#1749=ORIENTED_EDGE('',*,*,#2790,.F.);
#1750=ORIENTED_EDGE('',*,*,#2791,.F.);
#1751=ORIENTED_EDGE('',*,*,#2792,.T.);
#1752=ORIENTED_EDGE('',*,*,#2791,.T.);
#1753=ORIENTED_EDGE('',*,*,#2386,.T.);
#1754=ORIENTED_EDGE('',*,*,#2711,.T.);
#1755=ORIENTED_EDGE('',*,*,#2793,.T.);
#1756=ORIENTED_EDGE('',*,*,#2794,.T.);
#1757=ORIENTED_EDGE('',*,*,#2780,.T.);
#1758=ORIENTED_EDGE('',*,*,#2779,.T.);
#1759=ORIENTED_EDGE('',*,*,#2778,.T.);
#1760=ORIENTED_EDGE('',*,*,#2777,.T.);
#1761=ORIENTED_EDGE('',*,*,#2776,.T.);
#1762=ORIENTED_EDGE('',*,*,#2775,.T.);
#1763=ORIENTED_EDGE('',*,*,#2741,.T.);
#1764=ORIENTED_EDGE('',*,*,#2795,.T.);
#1765=ORIENTED_EDGE('',*,*,#2647,.T.);
#1766=ORIENTED_EDGE('',*,*,#2651,.T.);
#1767=ORIENTED_EDGE('',*,*,#2654,.T.);
#1768=ORIENTED_EDGE('',*,*,#2796,.T.);
#1769=ORIENTED_EDGE('',*,*,#2253,.T.);
#1770=ORIENTED_EDGE('',*,*,#2382,.T.);
#1771=ORIENTED_EDGE('',*,*,#2306,.T.);
#1772=ORIENTED_EDGE('',*,*,#2353,.T.);
#1773=ORIENTED_EDGE('',*,*,#2381,.T.);
#1774=ORIENTED_EDGE('',*,*,#2797,.F.);
#1775=ORIENTED_EDGE('',*,*,#2798,.T.);
#1776=ORIENTED_EDGE('',*,*,#2799,.T.);
#1777=ORIENTED_EDGE('',*,*,#2683,.T.);
#1778=ORIENTED_EDGE('',*,*,#2396,.T.);
#1779=ORIENTED_EDGE('',*,*,#2319,.T.);
#1780=ORIENTED_EDGE('',*,*,#2316,.T.);
#1781=ORIENTED_EDGE('',*,*,#2313,.T.);
#1782=ORIENTED_EDGE('',*,*,#2307,.T.);
#1783=ORIENTED_EDGE('',*,*,#2311,.T.);
#1784=ORIENTED_EDGE('',*,*,#2249,.T.);
#1785=ORIENTED_EDGE('',*,*,#2400,.T.);
#1786=ORIENTED_EDGE('',*,*,#2679,.T.);
#1787=ORIENTED_EDGE('',*,*,#2676,.T.);
#1788=ORIENTED_EDGE('',*,*,#2800,.T.);
#1789=ORIENTED_EDGE('',*,*,#2801,.T.);
#1790=ORIENTED_EDGE('',*,*,#2659,.T.);
#1791=ORIENTED_EDGE('',*,*,#2626,.T.);
#1792=ORIENTED_EDGE('',*,*,#2695,.T.);
#1793=ORIENTED_EDGE('',*,*,#2694,.T.);
#1794=ORIENTED_EDGE('',*,*,#2802,.T.);
#1795=ORIENTED_EDGE('',*,*,#2803,.T.);
#1796=ORIENTED_EDGE('',*,*,#2773,.T.);
#1797=ORIENTED_EDGE('',*,*,#2772,.T.);
#1798=ORIENTED_EDGE('',*,*,#2738,.T.);
#1799=ORIENTED_EDGE('',*,*,#2754,.T.);
#1800=ORIENTED_EDGE('',*,*,#2383,.T.);
#1801=ORIENTED_EDGE('',*,*,#2235,.T.);
#1802=ORIENTED_EDGE('',*,*,#2245,.T.);
#1803=ORIENTED_EDGE('',*,*,#2462,.T.);
#1804=ORIENTED_EDGE('',*,*,#2465,.T.);
#1805=ORIENTED_EDGE('',*,*,#2468,.T.);
#1806=ORIENTED_EDGE('',*,*,#2471,.T.);
#1807=ORIENTED_EDGE('',*,*,#2785,.F.);
#1808=ORIENTED_EDGE('',*,*,#2789,.F.);
#1809=ORIENTED_EDGE('',*,*,#2752,.T.);
#1810=ORIENTED_EDGE('',*,*,#2748,.T.);
#1811=ORIENTED_EDGE('',*,*,#2804,.T.);
#1812=ORIENTED_EDGE('',*,*,#2805,.F.);
#1813=ORIENTED_EDGE('',*,*,#2743,.T.);
#1814=ORIENTED_EDGE('',*,*,#2720,.T.);
#1815=ORIENTED_EDGE('',*,*,#2724,.T.);
#1816=ORIENTED_EDGE('',*,*,#2727,.T.);
#1817=ORIENTED_EDGE('',*,*,#2730,.T.);
#1818=ORIENTED_EDGE('',*,*,#2733,.T.);
#1819=ORIENTED_EDGE('',*,*,#2736,.T.);
#1820=ORIENTED_EDGE('',*,*,#2802,.F.);
#1821=ORIENTED_EDGE('',*,*,#2806,.T.);
#1822=ORIENTED_EDGE('',*,*,#2629,.T.);
#1823=ORIENTED_EDGE('',*,*,#2633,.T.);
#1824=ORIENTED_EDGE('',*,*,#2636,.T.);
#1825=ORIENTED_EDGE('',*,*,#2639,.T.);
#1826=ORIENTED_EDGE('',*,*,#2642,.T.);
#1827=ORIENTED_EDGE('',*,*,#2645,.T.);
#1828=ORIENTED_EDGE('',*,*,#2796,.F.);
#1829=ORIENTED_EDGE('',*,*,#2807,.T.);
#1830=ORIENTED_EDGE('',*,*,#2656,.T.);
#1831=ORIENTED_EDGE('',*,*,#2798,.F.);
#1832=ORIENTED_EDGE('',*,*,#2808,.F.);
#1833=ORIENTED_EDGE('',*,*,#2374,.F.);
#1834=ORIENTED_EDGE('',*,*,#2605,.T.);
#1835=ORIENTED_EDGE('',*,*,#2564,.T.);
#1836=ORIENTED_EDGE('',*,*,#2568,.T.);
#1837=ORIENTED_EDGE('',*,*,#2571,.T.);
#1838=ORIENTED_EDGE('',*,*,#2574,.T.);
#1839=ORIENTED_EDGE('',*,*,#2577,.T.);
#1840=ORIENTED_EDGE('',*,*,#2580,.T.);
#1841=ORIENTED_EDGE('',*,*,#2583,.T.);
#1842=ORIENTED_EDGE('',*,*,#2586,.T.);
#1843=ORIENTED_EDGE('',*,*,#2589,.T.);
#1844=ORIENTED_EDGE('',*,*,#2592,.T.);
#1845=ORIENTED_EDGE('',*,*,#2607,.T.);
#1846=ORIENTED_EDGE('',*,*,#2617,.T.);
#1847=ORIENTED_EDGE('',*,*,#2613,.T.);
#1848=ORIENTED_EDGE('',*,*,#2809,.T.);
#1849=ORIENTED_EDGE('',*,*,#2365,.F.);
#1850=ORIENTED_EDGE('',*,*,#2433,.T.);
#1851=ORIENTED_EDGE('',*,*,#2450,.T.);
#1852=ORIENTED_EDGE('',*,*,#2449,.T.);
#1853=ORIENTED_EDGE('',*,*,#2435,.T.);
#1854=ORIENTED_EDGE('',*,*,#2438,.T.);
#1855=ORIENTED_EDGE('',*,*,#2441,.T.);
#1856=ORIENTED_EDGE('',*,*,#2444,.T.);
#1857=ORIENTED_EDGE('',*,*,#2447,.T.);
#1858=ORIENTED_EDGE('',*,*,#2452,.T.);
#1859=ORIENTED_EDGE('',*,*,#2451,.T.);
#1860=ORIENTED_EDGE('',*,*,#2407,.T.);
#1861=ORIENTED_EDGE('',*,*,#2410,.T.);
#1862=ORIENTED_EDGE('',*,*,#2413,.T.);
#1863=ORIENTED_EDGE('',*,*,#2416,.T.);
#1864=ORIENTED_EDGE('',*,*,#2419,.T.);
#1865=ORIENTED_EDGE('',*,*,#2422,.T.);
#1866=ORIENTED_EDGE('',*,*,#2425,.T.);
#1867=ORIENTED_EDGE('',*,*,#2550,.T.);
#1868=ORIENTED_EDGE('',*,*,#2549,.T.);
#1869=ORIENTED_EDGE('',*,*,#2539,.T.);
#1870=ORIENTED_EDGE('',*,*,#2548,.T.);
#1871=ORIENTED_EDGE('',*,*,#2547,.T.);
#1872=ORIENTED_EDGE('',*,*,#2541,.T.);
#1873=ORIENTED_EDGE('',*,*,#2546,.T.);
#1874=ORIENTED_EDGE('',*,*,#2545,.T.);
#1875=ORIENTED_EDGE('',*,*,#2543,.T.);
#1876=ORIENTED_EDGE('',*,*,#2514,.T.);
#1877=ORIENTED_EDGE('',*,*,#2518,.T.);
#1878=ORIENTED_EDGE('',*,*,#2521,.T.);
#1879=ORIENTED_EDGE('',*,*,#2524,.T.);
#1880=ORIENTED_EDGE('',*,*,#2527,.T.);
#1881=ORIENTED_EDGE('',*,*,#2530,.T.);
#1882=ORIENTED_EDGE('',*,*,#2706,.T.);
#1883=ORIENTED_EDGE('',*,*,#2709,.T.);
#1884=ORIENTED_EDGE('',*,*,#2699,.T.);
#1885=ORIENTED_EDGE('',*,*,#2703,.T.);
#1886=ORIENTED_EDGE('',*,*,#2532,.T.);
#1887=ORIENTED_EDGE('',*,*,#2535,.T.);
#1888=ORIENTED_EDGE('',*,*,#2554,.T.);
#1889=ORIENTED_EDGE('',*,*,#2553,.T.);
#1890=ORIENTED_EDGE('',*,*,#2537,.T.);
#1891=ORIENTED_EDGE('',*,*,#2505,.T.);
#1892=ORIENTED_EDGE('',*,*,#2552,.T.);
#1893=ORIENTED_EDGE('',*,*,#2551,.T.);
#1894=ORIENTED_EDGE('',*,*,#2508,.T.);
#1895=ORIENTED_EDGE('',*,*,#2511,.T.);
#1896=ORIENTED_EDGE('',*,*,#2810,.T.);
#1897=ORIENTED_EDGE('',*,*,#2714,.T.);
#1898=ORIENTED_EDGE('',*,*,#2718,.T.);
#1899=ORIENTED_EDGE('',*,*,#2761,.T.);
#1900=ORIENTED_EDGE('',*,*,#2760,.T.);
#1901=ORIENTED_EDGE('',*,*,#2793,.F.);
#1902=ORIENTED_EDGE('',*,*,#2811,.T.);
#1903=ORIENTED_EDGE('',*,*,#2801,.F.);
#1904=ORIENTED_EDGE('',*,*,#2674,.T.);
#1905=ORIENTED_EDGE('',*,*,#2671,.T.);
#1906=ORIENTED_EDGE('',*,*,#2668,.T.);
#1907=ORIENTED_EDGE('',*,*,#2665,.T.);
#1908=ORIENTED_EDGE('',*,*,#2661,.T.);
#1909=ORIENTED_EDGE('',*,*,#2595,.T.);
#1910=ORIENTED_EDGE('',*,*,#2781,.F.);
#1911=ORIENTED_EDGE('',*,*,#2603,.T.);
#1912=ORIENTED_EDGE('',*,*,#2600,.T.);
#1913=ORIENTED_EDGE('',*,*,#2597,.T.);
#1914=ORIENTED_EDGE('',*,*,#2454,.T.);
#1915=ORIENTED_EDGE('',*,*,#2453,.T.);
#1916=ORIENTED_EDGE('',*,*,#2428,.T.);
#1917=ORIENTED_EDGE('',*,*,#2431,.T.);
#1918=ORIENTED_EDGE('',*,*,#2401,.T.);
#1919=ORIENTED_EDGE('',*,*,#2405,.T.);
#1920=ORIENTED_EDGE('',*,*,#2455,.T.);
#1921=ORIENTED_EDGE('',*,*,#2458,.T.);
#1922=ORIENTED_EDGE('',*,*,#2504,.T.);
#1923=ORIENTED_EDGE('',*,*,#2503,.T.);
#1924=ORIENTED_EDGE('',*,*,#2460,.T.);
#1925=ORIENTED_EDGE('',*,*,#2786,.F.);
#1926=ORIENTED_EDGE('',*,*,#2812,.T.);
#1927=ORIENTED_EDGE('',*,*,#2813,.F.);
#1928=ORIENTED_EDGE('',*,*,#2814,.F.);
#1929=ORIENTED_EDGE('',*,*,#2815,.F.);
#1930=ORIENTED_EDGE('',*,*,#2812,.F.);
#1931=ORIENTED_EDGE('',*,*,#2816,.F.);
#1932=ORIENTED_EDGE('',*,*,#2817,.F.);
#1933=ORIENTED_EDGE('',*,*,#2818,.F.);
#1934=ORIENTED_EDGE('',*,*,#2819,.F.);
#1935=ORIENTED_EDGE('',*,*,#2820,.F.);
#1936=ORIENTED_EDGE('',*,*,#2817,.T.);
#1937=ORIENTED_EDGE('',*,*,#2821,.F.);
#1938=ORIENTED_EDGE('',*,*,#2820,.T.);
#1939=ORIENTED_EDGE('',*,*,#2822,.F.);
#1940=ORIENTED_EDGE('',*,*,#2813,.T.);
#1941=ORIENTED_EDGE('',*,*,#2818,.T.);
#1942=ORIENTED_EDGE('',*,*,#2816,.T.);
#1943=ORIENTED_EDGE('',*,*,#2823,.F.);
#1944=ORIENTED_EDGE('',*,*,#2821,.T.);
#1945=ORIENTED_EDGE('',*,*,#2823,.T.);
#1946=ORIENTED_EDGE('',*,*,#2815,.T.);
#1947=ORIENTED_EDGE('',*,*,#2824,.F.);
#1948=ORIENTED_EDGE('',*,*,#2825,.F.);
#1949=ORIENTED_EDGE('',*,*,#2826,.F.);
#1950=ORIENTED_EDGE('',*,*,#2827,.F.);
#1951=ORIENTED_EDGE('',*,*,#2825,.T.);
#1952=ORIENTED_EDGE('',*,*,#2828,.F.);
#1953=ORIENTED_EDGE('',*,*,#2827,.T.);
#1954=ORIENTED_EDGE('',*,*,#2814,.T.);
#1955=ORIENTED_EDGE('',*,*,#2822,.T.);
#1956=ORIENTED_EDGE('',*,*,#2819,.T.);
#1957=ORIENTED_EDGE('',*,*,#2824,.T.);
#1958=ORIENTED_EDGE('',*,*,#2826,.T.);
#1959=ORIENTED_EDGE('',*,*,#2829,.T.);
#1960=ORIENTED_EDGE('',*,*,#2830,.T.);
#1961=ORIENTED_EDGE('',*,*,#2831,.T.);
#1962=ORIENTED_EDGE('',*,*,#2832,.T.);
#1963=ORIENTED_EDGE('',*,*,#2833,.T.);
#1964=ORIENTED_EDGE('',*,*,#2834,.T.);
#1965=ORIENTED_EDGE('',*,*,#2835,.F.);
#1966=ORIENTED_EDGE('',*,*,#2830,.F.);
#1967=ORIENTED_EDGE('',*,*,#2836,.F.);
#1968=ORIENTED_EDGE('',*,*,#2834,.F.);
#1969=ORIENTED_EDGE('',*,*,#2837,.F.);
#1970=ORIENTED_EDGE('',*,*,#2838,.F.);
#1971=ORIENTED_EDGE('',*,*,#2839,.F.);
#1972=ORIENTED_EDGE('',*,*,#2832,.F.);
#1973=ORIENTED_EDGE('',*,*,#2840,.F.);
#1974=ORIENTED_EDGE('',*,*,#2838,.T.);
#1975=ORIENTED_EDGE('',*,*,#2841,.F.);
#1976=ORIENTED_EDGE('',*,*,#2840,.T.);
#1977=ORIENTED_EDGE('',*,*,#2831,.F.);
#1978=ORIENTED_EDGE('',*,*,#2835,.T.);
#1979=ORIENTED_EDGE('',*,*,#2839,.T.);
#1980=ORIENTED_EDGE('',*,*,#2837,.T.);
#1981=ORIENTED_EDGE('',*,*,#2842,.F.);
#1982=ORIENTED_EDGE('',*,*,#2841,.T.);
#1983=ORIENTED_EDGE('',*,*,#2842,.T.);
#1984=ORIENTED_EDGE('',*,*,#2836,.T.);
#1985=ORIENTED_EDGE('',*,*,#2833,.F.);
#1986=ORIENTED_EDGE('',*,*,#2843,.F.);
#1987=ORIENTED_EDGE('',*,*,#2829,.F.);
#1988=ORIENTED_EDGE('',*,*,#2844,.F.);
#1989=ORIENTED_EDGE('',*,*,#2843,.T.);
#1990=ORIENTED_EDGE('',*,*,#2845,.F.);
#1991=ORIENTED_EDGE('',*,*,#2844,.T.);
#1992=ORIENTED_EDGE('',*,*,#2846,.T.);
#1993=ORIENTED_EDGE('',*,*,#2847,.T.);
#1994=ORIENTED_EDGE('',*,*,#2848,.T.);
#1995=ORIENTED_EDGE('',*,*,#2849,.T.);
#1996=ORIENTED_EDGE('',*,*,#2850,.F.);
#1997=ORIENTED_EDGE('',*,*,#2851,.T.);
#1998=ORIENTED_EDGE('',*,*,#2848,.F.);
#1999=ORIENTED_EDGE('',*,*,#2852,.F.);
#2000=ORIENTED_EDGE('',*,*,#2850,.T.);
#2001=ORIENTED_EDGE('',*,*,#2853,.T.);
#2002=ORIENTED_EDGE('',*,*,#2854,.T.);
#2003=ORIENTED_EDGE('',*,*,#2855,.T.);
#2004=ORIENTED_EDGE('',*,*,#2856,.F.);
#2005=ORIENTED_EDGE('',*,*,#2857,.F.);
#2006=ORIENTED_EDGE('',*,*,#2854,.F.);
#2007=ORIENTED_EDGE('',*,*,#2858,.F.);
#2008=ORIENTED_EDGE('',*,*,#2859,.F.);
#2009=ORIENTED_EDGE('',*,*,#2846,.F.);
#2010=ORIENTED_EDGE('',*,*,#2860,.F.);
#2011=ORIENTED_EDGE('',*,*,#2861,.F.);
#2012=ORIENTED_EDGE('',*,*,#2862,.F.);
#2013=ORIENTED_EDGE('',*,*,#2852,.T.);
#2014=ORIENTED_EDGE('',*,*,#2863,.T.);
#2015=ORIENTED_EDGE('',*,*,#2849,.F.);
#2016=ORIENTED_EDGE('',*,*,#2851,.F.);
#2017=ORIENTED_EDGE('',*,*,#2855,.F.);
#2018=ORIENTED_EDGE('',*,*,#2864,.F.);
#2019=ORIENTED_EDGE('',*,*,#2856,.T.);
#2020=ORIENTED_EDGE('',*,*,#2865,.F.);
#2021=ORIENTED_EDGE('',*,*,#2866,.T.);
#2022=ORIENTED_EDGE('',*,*,#2867,.F.);
#2023=ORIENTED_EDGE('',*,*,#2868,.T.);
#2024=ORIENTED_EDGE('',*,*,#2805,.T.);
#2025=ORIENTED_EDGE('',*,*,#2745,.T.);
#2026=ORIENTED_EDGE('',*,*,#2866,.F.);
#2027=ORIENTED_EDGE('',*,*,#2869,.F.);
#2028=ORIENTED_EDGE('',*,*,#2797,.T.);
#2029=ORIENTED_EDGE('',*,*,#2380,.F.);
#2030=ORIENTED_EDGE('',*,*,#2379,.F.);
#2031=ORIENTED_EDGE('',*,*,#2375,.F.);
#2032=ORIENTED_EDGE('',*,*,#2870,.F.);
#2033=ORIENTED_EDGE('',*,*,#2871,.F.);
#2034=ORIENTED_EDGE('',*,*,#2872,.F.);
#2035=ORIENTED_EDGE('',*,*,#2790,.T.);
#2036=ORIENTED_EDGE('',*,*,#2387,.T.);
#2037=ORIENTED_EDGE('',*,*,#2860,.T.);
#2038=ORIENTED_EDGE('',*,*,#2864,.T.);
#2039=ORIENTED_EDGE('',*,*,#2857,.T.);
#2040=ORIENTED_EDGE('',*,*,#2867,.T.);
#2041=ORIENTED_EDGE('',*,*,#2872,.T.);
#2042=ORIENTED_EDGE('',*,*,#2873,.T.);
#2043=ORIENTED_EDGE('',*,*,#2874,.F.);
#2044=ORIENTED_EDGE('',*,*,#2859,.T.);
#2045=ORIENTED_EDGE('',*,*,#2858,.T.);
#2046=ORIENTED_EDGE('',*,*,#2853,.F.);
#2047=ORIENTED_EDGE('',*,*,#2863,.F.);
#2048=ORIENTED_EDGE('',*,*,#2847,.F.);
#2049=ORIENTED_EDGE('',*,*,#2875,.F.);
#2050=ORIENTED_EDGE('',*,*,#2876,.F.);
#2051=ORIENTED_EDGE('',*,*,#2845,.T.);
#2052=ORIENTED_EDGE('',*,*,#2875,.T.);
#2053=ORIENTED_EDGE('',*,*,#2876,.T.);
#2054=ORIENTED_EDGE('',*,*,#2874,.T.);
#2055=ORIENTED_EDGE('',*,*,#2474,.T.);
#2056=ORIENTED_EDGE('',*,*,#2788,.F.);
#2057=ORIENTED_EDGE('',*,*,#2478,.T.);
#2058=ORIENTED_EDGE('',*,*,#2877,.F.);
#2059=ORIENTED_EDGE('',*,*,#2878,.F.);
#2060=ORIENTED_EDGE('',*,*,#2828,.T.);
#2061=ORIENTED_EDGE('',*,*,#2877,.T.);
#2062=ORIENTED_EDGE('',*,*,#2878,.T.);
#2063=ORIENTED_EDGE('',*,*,#2378,.T.);
#2064=ORIENTED_EDGE('',*,*,#2862,.T.);
#2065=ORIENTED_EDGE('',*,*,#2879,.T.);
#2066=ORIENTED_EDGE('',*,*,#2870,.T.);
#2067=ORIENTED_EDGE('',*,*,#2808,.T.);
#2068=ORIENTED_EDGE('',*,*,#2869,.T.);
#2069=ORIENTED_EDGE('',*,*,#2865,.T.);
#2070=ORIENTED_EDGE('',*,*,#2861,.T.);
#2071=ORIENTED_EDGE('',*,*,#2873,.F.);
#2072=ORIENTED_EDGE('',*,*,#2871,.T.);
#2073=ORIENTED_EDGE('',*,*,#2879,.F.);
#2074=ORIENTED_EDGE('',*,*,#2771,.F.);
#2075=ORIENTED_EDGE('',*,*,#2792,.F.);
#2076=ORIENTED_EDGE('',*,*,#2385,.F.);
#2077=ORIENTED_EDGE('',*,*,#2757,.T.);
#2078=ORIENTED_EDGE('',*,*,#2768,.T.);
#2079=ORIENTED_EDGE('',*,*,#2758,.F.);
#2080=ORIENTED_EDGE('',*,*,#2804,.F.);
#2081=ORIENTED_EDGE('',*,*,#2751,.T.);
#2082=ORIENTED_EDGE('',*,*,#2766,.F.);
#2083=ORIENTED_EDGE('',*,*,#2868,.F.);
#2084=ORIENTED_EDGE('',*,*,#2747,.T.);
#2085=ORIENTED_EDGE('',*,*,#2803,.F.);
#2086=ORIENTED_EDGE('',*,*,#2774,.F.);
#2087=ORIENTED_EDGE('',*,*,#2794,.F.);
#2088=ORIENTED_EDGE('',*,*,#2770,.F.);
#2089=ORIENTED_EDGE('',*,*,#2810,.F.);
#2090=ORIENTED_EDGE('',*,*,#2762,.F.);
#2091=ORIENTED_EDGE('',*,*,#2715,.F.);
#2092=ORIENTED_EDGE('',*,*,#2692,.F.);
#2093=ORIENTED_EDGE('',*,*,#2800,.F.);
#2094=ORIENTED_EDGE('',*,*,#2678,.T.);
#2095=ORIENTED_EDGE('',*,*,#2698,.F.);
#2096=ORIENTED_EDGE('',*,*,#2811,.F.);
#2097=ORIENTED_EDGE('',*,*,#2664,.T.);
#2098=ORIENTED_EDGE('',*,*,#2799,.F.);
#2099=ORIENTED_EDGE('',*,*,#2693,.F.);
#2100=ORIENTED_EDGE('',*,*,#2684,.F.);
#2101=ORIENTED_EDGE('',*,*,#2807,.F.);
#2102=ORIENTED_EDGE('',*,*,#2688,.F.);
#2103=ORIENTED_EDGE('',*,*,#2657,.F.);
#2104=ORIENTED_EDGE('',*,*,#2795,.F.);
#2105=ORIENTED_EDGE('',*,*,#2690,.F.);
#2106=ORIENTED_EDGE('',*,*,#2648,.F.);
#2107=ORIENTED_EDGE('',*,*,#2806,.F.);
#2108=ORIENTED_EDGE('',*,*,#2697,.F.);
#2109=ORIENTED_EDGE('',*,*,#2630,.F.);
#2110=ORIENTED_EDGE('',*,*,#2620,.F.);
#2111=ORIENTED_EDGE('',*,*,#2809,.F.);
#2112=ORIENTED_EDGE('',*,*,#2616,.T.);
#2113=ORIENTED_EDGE('',*,*,#2622,.F.);
#2114=ORIENTED_EDGE('',*,*,#2373,.F.);
#2115=ORIENTED_EDGE('',*,*,#2623,.F.);
#2116=ORIENTED_EDGE('',*,*,#2782,.F.);
#2117=ORIENTED_EDGE('',*,*,#2361,.F.);
#2118=ORIENTED_EDGE('',*,*,#2493,.F.);
#2119=ORIENTED_EDGE('',*,*,#2783,.F.);
#2120=ORIENTED_EDGE('',*,*,#2501,.F.);
#2121=ORIENTED_EDGE('',*,*,#2492,.F.);
#2122=ORIENTED_EDGE('',*,*,#2364,.F.);
#2123=ORIENTED_EDGE('',*,*,#2787,.F.);
#2124=ORIENTED_EDGE('',*,*,#2490,.F.);
#2125=ORIENTED_EDGE('',*,*,#2880,.F.);
#2126=ORIENTED_EDGE('',*,*,#2881,.F.);
#2127=ORIENTED_EDGE('',*,*,#2882,.F.);
#2128=ORIENTED_EDGE('',*,*,#2883,.F.);
#2129=ORIENTED_EDGE('',*,*,#2884,.F.);
#2130=ORIENTED_EDGE('',*,*,#2885,.T.);
#2131=ORIENTED_EDGE('',*,*,#2886,.T.);
#2132=ORIENTED_EDGE('',*,*,#2887,.T.);
#2133=ORIENTED_EDGE('',*,*,#2880,.T.);
#2134=ORIENTED_EDGE('',*,*,#2888,.T.);
#2135=ORIENTED_EDGE('',*,*,#2886,.F.);
#2136=ORIENTED_EDGE('',*,*,#2889,.T.);
#2137=ORIENTED_EDGE('',*,*,#2890,.F.);
#2138=ORIENTED_EDGE('',*,*,#2891,.F.);
#2139=ORIENTED_EDGE('',*,*,#2882,.T.);
#2140=ORIENTED_EDGE('',*,*,#2892,.T.);
#2141=ORIENTED_EDGE('',*,*,#2890,.T.);
#2142=ORIENTED_EDGE('',*,*,#2893,.T.);
#2143=ORIENTED_EDGE('',*,*,#2893,.F.);
#2144=ORIENTED_EDGE('',*,*,#2889,.F.);
#2145=ORIENTED_EDGE('',*,*,#2888,.F.);
#2146=ORIENTED_EDGE('',*,*,#2883,.T.);
#2147=ORIENTED_EDGE('',*,*,#2891,.T.);
#2148=ORIENTED_EDGE('',*,*,#2894,.T.);
#2149=ORIENTED_EDGE('',*,*,#2892,.F.);
#2150=ORIENTED_EDGE('',*,*,#2881,.T.);
#2151=ORIENTED_EDGE('',*,*,#2887,.F.);
#2152=ORIENTED_EDGE('',*,*,#2894,.F.);
#2153=ORIENTED_EDGE('',*,*,#2885,.F.);
#2154=ORIENTED_EDGE('',*,*,#2884,.T.);
#2155=ORIENTED_EDGE('',*,*,#2895,.T.);
#2156=ORIENTED_EDGE('',*,*,#2895,.F.);
#2157=ORIENTED_EDGE('',*,*,#2896,.T.);
#2158=ORIENTED_EDGE('',*,*,#2896,.F.);
#2159=ORIENTED_EDGE('',*,*,#2897,.T.);
#2160=ORIENTED_EDGE('',*,*,#2897,.F.);
#2161=ORIENTED_EDGE('',*,*,#2898,.T.);
#2162=ORIENTED_EDGE('',*,*,#2898,.F.);
#2163=ORIENTED_EDGE('',*,*,#2899,.T.);
#2164=ORIENTED_EDGE('',*,*,#2899,.F.);
#2165=ORIENTED_EDGE('',*,*,#2900,.T.);
#2166=ORIENTED_EDGE('',*,*,#2900,.F.);
#2167=ORIENTED_EDGE('',*,*,#2901,.F.);
#2168=ORIENTED_EDGE('',*,*,#2901,.T.);
#2169=ORIENTED_EDGE('',*,*,#2902,.F.);
#2170=ORIENTED_EDGE('',*,*,#2903,.F.);
#2171=ORIENTED_EDGE('',*,*,#2904,.F.);
#2172=ORIENTED_EDGE('',*,*,#2905,.F.);
#2173=ORIENTED_EDGE('',*,*,#2906,.F.);
#2174=ORIENTED_EDGE('',*,*,#2907,.T.);
#2175=ORIENTED_EDGE('',*,*,#2908,.T.);
#2176=ORIENTED_EDGE('',*,*,#2909,.T.);
#2177=ORIENTED_EDGE('',*,*,#2902,.T.);
#2178=ORIENTED_EDGE('',*,*,#2910,.T.);
#2179=ORIENTED_EDGE('',*,*,#2908,.F.);
#2180=ORIENTED_EDGE('',*,*,#2911,.T.);
#2181=ORIENTED_EDGE('',*,*,#2912,.F.);
#2182=ORIENTED_EDGE('',*,*,#2913,.F.);
#2183=ORIENTED_EDGE('',*,*,#2904,.T.);
#2184=ORIENTED_EDGE('',*,*,#2914,.T.);
#2185=ORIENTED_EDGE('',*,*,#2912,.T.);
#2186=ORIENTED_EDGE('',*,*,#2915,.T.);
#2187=ORIENTED_EDGE('',*,*,#2915,.F.);
#2188=ORIENTED_EDGE('',*,*,#2911,.F.);
#2189=ORIENTED_EDGE('',*,*,#2910,.F.);
#2190=ORIENTED_EDGE('',*,*,#2905,.T.);
#2191=ORIENTED_EDGE('',*,*,#2913,.T.);
#2192=ORIENTED_EDGE('',*,*,#2916,.T.);
#2193=ORIENTED_EDGE('',*,*,#2914,.F.);
#2194=ORIENTED_EDGE('',*,*,#2903,.T.);
#2195=ORIENTED_EDGE('',*,*,#2909,.F.);
#2196=ORIENTED_EDGE('',*,*,#2916,.F.);
#2197=ORIENTED_EDGE('',*,*,#2907,.F.);
#2198=ORIENTED_EDGE('',*,*,#2906,.T.);
#2199=ORIENTED_EDGE('',*,*,#2917,.T.);
#2200=ORIENTED_EDGE('',*,*,#2917,.F.);
#2201=ORIENTED_EDGE('',*,*,#2918,.T.);
#2202=ORIENTED_EDGE('',*,*,#2918,.F.);
#2203=ORIENTED_EDGE('',*,*,#2919,.T.);
#2204=ORIENTED_EDGE('',*,*,#2919,.F.);
#2205=ORIENTED_EDGE('',*,*,#2920,.T.);
#2206=ORIENTED_EDGE('',*,*,#2920,.F.);
#2207=ORIENTED_EDGE('',*,*,#2921,.T.);
#2208=ORIENTED_EDGE('',*,*,#2921,.F.);
#2209=ORIENTED_EDGE('',*,*,#2922,.T.);
#2210=ORIENTED_EDGE('',*,*,#2922,.F.);
#2211=ORIENTED_EDGE('',*,*,#2923,.F.);
#2212=ORIENTED_EDGE('',*,*,#2923,.T.);
#2213=ORIENTED_EDGE('',*,*,#2924,.T.);
#2214=ORIENTED_EDGE('',*,*,#2925,.F.);
#2215=ORIENTED_EDGE('',*,*,#2924,.F.);
#2216=ORIENTED_EDGE('',*,*,#2925,.T.);
#2217=EDGE_CURVE('',#2926,#2927,#3389,.T.);
#2218=EDGE_CURVE('',#2927,#2926,#3390,.T.);
#2219=EDGE_CURVE('',#2928,#2929,#3391,.T.);
#2220=EDGE_CURVE('',#2929,#2928,#3392,.T.);
#2221=EDGE_CURVE('',#2930,#2931,#3393,.T.);
#2222=EDGE_CURVE('',#2930,#2932,#219,.T.);
#2223=EDGE_CURVE('',#2933,#2932,#3394,.T.);
#2224=EDGE_CURVE('',#2931,#2933,#220,.T.);
#2225=EDGE_CURVE('',#2931,#2934,#167,.T.);
#2226=EDGE_CURVE('',#2935,#2933,#168,.T.);
#2227=EDGE_CURVE('',#2934,#2935,#221,.T.);
#2228=EDGE_CURVE('',#2934,#2936,#3395,.T.);
#2229=EDGE_CURVE('',#2937,#2935,#3396,.T.);
#2230=EDGE_CURVE('',#2936,#2937,#222,.T.);
#2231=EDGE_CURVE('',#2936,#2938,#3397,.T.);
#2232=EDGE_CURVE('',#2939,#2937,#3398,.T.);
#2233=EDGE_CURVE('',#2940,#2939,#3399,.T.);
#2234=EDGE_CURVE('',#2941,#2940,#223,.T.);
#2235=EDGE_CURVE('',#2938,#2941,#3400,.T.);
#2236=EDGE_CURVE('',#2942,#2930,#3401,.T.);
#2237=EDGE_CURVE('',#2942,#2943,#224,.T.);
#2238=EDGE_CURVE('',#2932,#2943,#3402,.T.);
#2239=EDGE_CURVE('',#2944,#2942,#169,.T.);
#2240=EDGE_CURVE('',#2944,#2945,#225,.T.);
#2241=EDGE_CURVE('',#2943,#2945,#170,.T.);
#2242=EDGE_CURVE('',#2946,#2944,#171,.T.);
#2243=EDGE_CURVE('',#2946,#2947,#226,.T.);
#2244=EDGE_CURVE('',#2945,#2947,#172,.T.);
#2245=EDGE_CURVE('',#2941,#2948,#173,.T.);
#2246=EDGE_CURVE('',#2949,#2940,#174,.T.);
#2247=EDGE_CURVE('',#2948,#2949,#227,.T.);
#2248=EDGE_CURVE('',#2950,#2946,#175,.T.);
#2249=EDGE_CURVE('',#2948,#2950,#176,.T.);
#2250=EDGE_CURVE('',#2951,#2949,#177,.T.);
#2251=EDGE_CURVE('',#2947,#2951,#178,.T.);
#2252=EDGE_CURVE('',#2939,#2951,#228,.T.);
#2253=EDGE_CURVE('',#2952,#2953,#3403,.T.);
#2254=EDGE_CURVE('',#2952,#2954,#229,.T.);
#2255=EDGE_CURVE('',#2955,#2954,#3404,.T.);
#2256=EDGE_CURVE('',#2956,#2955,#3405,.T.);
#2257=EDGE_CURVE('',#2957,#2956,#230,.T.);
#2258=EDGE_CURVE('',#2953,#2957,#3406,.T.);
#2259=EDGE_CURVE('',#2957,#2958,#3407,.T.);
#2260=EDGE_CURVE('',#2959,#2956,#3408,.T.);
#2261=EDGE_CURVE('',#2958,#2959,#231,.T.);
#2262=EDGE_CURVE('',#2958,#2960,#3409,.T.);
#2263=EDGE_CURVE('',#2961,#2959,#3410,.T.);
#2264=EDGE_CURVE('',#2960,#2961,#232,.T.);
#2265=EDGE_CURVE('',#2960,#2962,#3411,.T.);
#2266=EDGE_CURVE('',#2963,#2961,#3412,.T.);
#2267=EDGE_CURVE('',#2962,#2963,#233,.T.);
#2268=EDGE_CURVE('',#2962,#2964,#3413,.T.);
#2269=EDGE_CURVE('',#2965,#2963,#3414,.T.);
#2270=EDGE_CURVE('',#2964,#2965,#234,.T.);
#2271=EDGE_CURVE('',#2964,#2966,#3415,.T.);
#2272=EDGE_CURVE('',#2967,#2965,#3416,.T.);
#2273=EDGE_CURVE('',#2966,#2967,#235,.T.);
#2274=EDGE_CURVE('',#2966,#2968,#3417,.T.);
#2275=EDGE_CURVE('',#2969,#2967,#3418,.T.);
#2276=EDGE_CURVE('',#2970,#2969,#3419,.T.);
#2277=EDGE_CURVE('',#2971,#2970,#236,.T.);
#2278=EDGE_CURVE('',#2968,#2971,#3420,.T.);
#2279=EDGE_CURVE('',#2971,#2972,#3421,.T.);
#2280=EDGE_CURVE('',#2973,#2970,#3422,.T.);
#2281=EDGE_CURVE('',#2972,#2973,#237,.T.);
#2282=EDGE_CURVE('',#2972,#2974,#3423,.T.);
#2283=EDGE_CURVE('',#2975,#2973,#3424,.T.);
#2284=EDGE_CURVE('',#2976,#2975,#3425,.T.);
#2285=EDGE_CURVE('',#2977,#2976,#238,.T.);
#2286=EDGE_CURVE('',#2974,#2977,#3426,.T.);
#2287=EDGE_CURVE('',#2977,#2978,#3427,.T.);
#2288=EDGE_CURVE('',#2979,#2976,#3428,.T.);
#2289=EDGE_CURVE('',#2978,#2979,#239,.T.);
#2290=EDGE_CURVE('',#2978,#2980,#3429,.T.);
#2291=EDGE_CURVE('',#2981,#2979,#3430,.T.);
#2292=EDGE_CURVE('',#2980,#2981,#240,.T.);
#2293=EDGE_CURVE('',#2980,#2982,#179,.T.);
#2294=EDGE_CURVE('',#2983,#2981,#180,.T.);
#2295=EDGE_CURVE('',#2982,#2983,#241,.T.);
#2296=EDGE_CURVE('',#2982,#2984,#181,.T.);
#2297=EDGE_CURVE('',#2985,#2983,#182,.T.);
#2298=EDGE_CURVE('',#2984,#2985,#242,.T.);
#2299=EDGE_CURVE('',#2984,#2986,#183,.T.);
#2300=EDGE_CURVE('',#2987,#2985,#184,.T.);
#2301=EDGE_CURVE('',#2986,#2987,#243,.T.);
#2302=EDGE_CURVE('',#2986,#2988,#185,.T.);
#2303=EDGE_CURVE('',#2989,#2987,#186,.T.);
#2304=EDGE_CURVE('',#2990,#2989,#187,.T.);
#2305=EDGE_CURVE('',#2991,#2990,#244,.T.);
#2306=EDGE_CURVE('',#2988,#2991,#188,.T.);
#2307=EDGE_CURVE('',#2992,#2993,#189,.T.);
#2308=EDGE_CURVE('',#2992,#2994,#245,.T.);
#2309=EDGE_CURVE('',#2995,#2994,#190,.T.);
#2310=EDGE_CURVE('',#2993,#2995,#246,.T.);
#2311=EDGE_CURVE('',#2993,#2952,#3431,.T.);
#2312=EDGE_CURVE('',#2954,#2995,#3432,.T.);
#2313=EDGE_CURVE('',#2996,#2992,#3433,.T.);
#2314=EDGE_CURVE('',#2996,#2997,#247,.T.);
#2315=EDGE_CURVE('',#2994,#2997,#3434,.T.);
#2316=EDGE_CURVE('',#2998,#2996,#3435,.T.);
#2317=EDGE_CURVE('',#2998,#2999,#248,.T.);
#2318=EDGE_CURVE('',#2997,#2999,#3436,.T.);
#2319=EDGE_CURVE('',#3000,#2998,#3437,.T.);
#2320=EDGE_CURVE('',#3001,#3000,#3438,.T.);
#2321=EDGE_CURVE('',#3001,#3002,#249,.T.);
#2322=EDGE_CURVE('',#3003,#3002,#3439,.T.);
#2323=EDGE_CURVE('',#2999,#3003,#3440,.T.);
#2324=EDGE_CURVE('',#3004,#3001,#3441,.T.);
#2325=EDGE_CURVE('',#3004,#3005,#250,.T.);
#2326=EDGE_CURVE('',#3002,#3005,#3442,.T.);
#2327=EDGE_CURVE('',#3006,#3004,#3443,.T.);
#2328=EDGE_CURVE('',#3006,#3007,#251,.T.);
#2329=EDGE_CURVE('',#3005,#3007,#3444,.T.);
#2330=EDGE_CURVE('',#3008,#3006,#3445,.T.);
#2331=EDGE_CURVE('',#3009,#3008,#3446,.T.);
#2332=EDGE_CURVE('',#3009,#3010,#252,.T.);
#2333=EDGE_CURVE('',#3011,#3010,#3447,.T.);
#2334=EDGE_CURVE('',#3007,#3011,#3448,.T.);
#2335=EDGE_CURVE('',#3012,#3009,#3449,.T.);
#2336=EDGE_CURVE('',#3012,#3013,#253,.T.);
#2337=EDGE_CURVE('',#3010,#3013,#3450,.T.);
#2338=EDGE_CURVE('',#3014,#3012,#3451,.T.);
#2339=EDGE_CURVE('',#3014,#3015,#254,.T.);
#2340=EDGE_CURVE('',#3013,#3015,#3452,.T.);
#2341=EDGE_CURVE('',#3016,#3014,#3453,.T.);
#2342=EDGE_CURVE('',#3017,#3016,#3454,.T.);
#2343=EDGE_CURVE('',#3017,#3018,#255,.T.);
#2344=EDGE_CURVE('',#3019,#3018,#3455,.T.);
#2345=EDGE_CURVE('',#3015,#3019,#3456,.T.);
#2346=EDGE_CURVE('',#3020,#3017,#3457,.T.);
#2347=EDGE_CURVE('',#3020,#3021,#256,.T.);
#2348=EDGE_CURVE('',#3018,#3021,#3458,.T.);
#2349=EDGE_CURVE('',#3022,#3020,#3459,.T.);
#2350=EDGE_CURVE('',#3022,#3023,#257,.T.);
#2351=EDGE_CURVE('',#3021,#3023,#3460,.T.);
#2352=EDGE_CURVE('',#3024,#3022,#191,.T.);
#2353=EDGE_CURVE('',#2991,#3024,#192,.T.);
#2354=EDGE_CURVE('',#3025,#2990,#193,.T.);
#2355=EDGE_CURVE('',#3023,#3025,#194,.T.);
#2356=EDGE_CURVE('',#3019,#2975,#3461,.F.);
#2357=EDGE_CURVE('',#2989,#3025,#258,.T.);
#2358=EDGE_CURVE('',#3003,#2955,#259,.T.);
#2359=EDGE_CURVE('',#2969,#3011,#3462,.T.);
#2360=EDGE_CURVE('',#3008,#3026,#260,.T.);
#2361=EDGE_CURVE('',#3026,#3027,#3463,.T.);
#2362=EDGE_CURVE('',#3028,#3027,#3464,.F.);
#2363=EDGE_CURVE('',#3029,#3028,#3465,.F.);
#2364=EDGE_CURVE('',#3029,#3030,#3466,.T.);
#2365=EDGE_CURVE('',#3030,#3031,#261,.T.);
#2366=EDGE_CURVE('',#3031,#3032,#195,.T.);
#2367=EDGE_CURVE('',#3032,#3033,#3467,.T.);
#2368=EDGE_CURVE('',#3033,#3034,#3468,.T.);
#2369=EDGE_CURVE('',#3034,#3035,#3469,.T.);
#2370=EDGE_CURVE('',#3035,#3036,#3470,.T.);
#2371=EDGE_CURVE('',#3036,#3037,#3471,.T.);
#2372=EDGE_CURVE('',#3037,#3038,#3472,.T.);
#2373=EDGE_CURVE('',#3038,#3039,#3473,.T.);
#2374=EDGE_CURVE('',#3039,#3040,#262,.T.);
#2375=EDGE_CURVE('',#3040,#3041,#60,.T.);
#2376=EDGE_CURVE('',#3041,#3016,#263,.T.);
#2377=EDGE_CURVE('',#2968,#2974,#3474,.F.);
#2378=EDGE_CURVE('',#3042,#3042,#61,.T.);
#2379=EDGE_CURVE('',#3041,#3043,#3475,.T.);
#2380=EDGE_CURVE('',#3043,#3044,#3476,.T.);
#2381=EDGE_CURVE('',#3024,#3044,#264,.T.);
#2382=EDGE_CURVE('',#2953,#2988,#265,.T.);
#2383=EDGE_CURVE('',#3045,#2938,#266,.T.);
#2384=EDGE_CURVE('',#3045,#3046,#196,.T.);
#2385=EDGE_CURVE('',#3046,#3047,#197,.T.);
#2386=EDGE_CURVE('',#3048,#3047,#267,.T.);
#2387=EDGE_CURVE('',#3049,#3048,#62,.T.);
#2388=EDGE_CURVE('',#2928,#3049,#268,.T.);
#2389=EDGE_CURVE('',#3050,#2929,#3477,.F.);
#2390=EDGE_CURVE('',#3051,#3050,#3478,.F.);
#2391=EDGE_CURVE('',#3051,#3052,#3479,.T.);
#2392=EDGE_CURVE('',#3052,#3053,#3480,.T.);
#2393=EDGE_CURVE('',#3053,#3054,#3481,.T.);
#2394=EDGE_CURVE('',#3054,#3055,#3482,.T.);
#2395=EDGE_CURVE('',#3055,#3026,#3483,.T.);
#2396=EDGE_CURVE('',#3056,#3000,#269,.T.);
#2397=EDGE_CURVE('',#3056,#3057,#198,.T.);
#2398=EDGE_CURVE('',#3057,#3058,#3484,.T.);
#2399=EDGE_CURVE('',#3059,#3058,#3485,.F.);
#2400=EDGE_CURVE('',#2950,#3059,#270,.T.);
#2401=EDGE_CURVE('',#3060,#3061,#3486,.T.);
#2402=EDGE_CURVE('',#3060,#3062,#271,.T.);
#2403=EDGE_CURVE('',#3063,#3062,#3487,.T.);
#2404=EDGE_CURVE('',#3061,#3063,#272,.T.);
#2405=EDGE_CURVE('',#3061,#3064,#3488,.T.);
#2406=EDGE_CURVE('',#3064,#3063,#3489,.T.);
#2407=EDGE_CURVE('',#3065,#3066,#3490,.T.);
#2408=EDGE_CURVE('',#3067,#3065,#3491,.T.);
#2409=EDGE_CURVE('',#3066,#3067,#273,.T.);
#2410=EDGE_CURVE('',#3066,#3068,#3492,.T.);
#2411=EDGE_CURVE('',#3069,#3067,#3493,.T.);
#2412=EDGE_CURVE('',#3068,#3069,#274,.T.);
#2413=EDGE_CURVE('',#3068,#3070,#3494,.T.);
#2414=EDGE_CURVE('',#3071,#3069,#3495,.T.);
#2415=EDGE_CURVE('',#3070,#3071,#275,.T.);
#2416=EDGE_CURVE('',#3070,#3072,#3496,.T.);
#2417=EDGE_CURVE('',#3073,#3071,#3497,.T.);
#2418=EDGE_CURVE('',#3072,#3073,#276,.T.);
#2419=EDGE_CURVE('',#3072,#3074,#3498,.T.);
#2420=EDGE_CURVE('',#3075,#3073,#3499,.T.);
#2421=EDGE_CURVE('',#3074,#3075,#277,.T.);
#2422=EDGE_CURVE('',#3074,#3076,#3500,.T.);
#2423=EDGE_CURVE('',#3077,#3075,#3501,.T.);
#2424=EDGE_CURVE('',#3076,#3077,#278,.T.);
#2425=EDGE_CURVE('',#3076,#3078,#3502,.T.);
#2426=EDGE_CURVE('',#3079,#3077,#3503,.T.);
#2427=EDGE_CURVE('',#3078,#3079,#279,.T.);
#2428=EDGE_CURVE('',#3080,#3081,#3504,.T.);
#2429=EDGE_CURVE('',#3082,#3080,#3505,.T.);
#2430=EDGE_CURVE('',#3081,#3082,#280,.T.);
#2431=EDGE_CURVE('',#3081,#3060,#281,.T.);
#2432=EDGE_CURVE('',#3062,#3082,#282,.T.);
#2433=EDGE_CURVE('',#3078,#3083,#283,.T.);
#2434=EDGE_CURVE('',#3083,#3079,#284,.T.);
#2435=EDGE_CURVE('',#3084,#3085,#3506,.T.);
#2436=EDGE_CURVE('',#3086,#3084,#3507,.T.);
#2437=EDGE_CURVE('',#3085,#3086,#285,.T.);
#2438=EDGE_CURVE('',#3085,#3087,#3508,.T.);
#2439=EDGE_CURVE('',#3088,#3086,#3509,.T.);
#2440=EDGE_CURVE('',#3087,#3088,#286,.T.);
#2441=EDGE_CURVE('',#3087,#3089,#3510,.T.);
#2442=EDGE_CURVE('',#3090,#3088,#3511,.T.);
#2443=EDGE_CURVE('',#3089,#3090,#287,.T.);
#2444=EDGE_CURVE('',#3089,#3091,#288,.T.);
#2445=EDGE_CURVE('',#3092,#3090,#289,.T.);
#2446=EDGE_CURVE('',#3091,#3092,#290,.T.);
#2447=EDGE_CURVE('',#3091,#3093,#3512,.T.);
#2448=EDGE_CURVE('',#3093,#3092,#3513,.T.);
#2449=EDGE_CURVE('',#3094,#3084,#3514,.F.);
#2450=EDGE_CURVE('',#3083,#3094,#3515,.F.);
#2451=EDGE_CURVE('',#3095,#3065,#3516,.F.);
#2452=EDGE_CURVE('',#3093,#3095,#3517,.F.);
#2453=EDGE_CURVE('',#3096,#3080,#3518,.F.);
#2454=EDGE_CURVE('',#3064,#3096,#3519,.F.);
#2455=EDGE_CURVE('',#3097,#3098,#3520,.T.);
#2456=EDGE_CURVE('',#3099,#3097,#3521,.T.);
#2457=EDGE_CURVE('',#3098,#3099,#291,.T.);
#2458=EDGE_CURVE('',#3098,#3100,#3522,.T.);
#2459=EDGE_CURVE('',#3100,#3099,#3523,.T.);
#2460=EDGE_CURVE('',#3101,#3102,#3524,.T.);
#2461=EDGE_CURVE('',#3102,#3101,#3525,.T.);
#2462=EDGE_CURVE('',#3030,#3103,#3526,.T.);
#2463=EDGE_CURVE('',#3104,#3030,#3527,.T.);
#2464=EDGE_CURVE('',#3103,#3104,#292,.T.);
#2465=EDGE_CURVE('',#3103,#3105,#3528,.T.);
#2466=EDGE_CURVE('',#3106,#3104,#3529,.T.);
#2467=EDGE_CURVE('',#3105,#3106,#293,.T.);
#2468=EDGE_CURVE('',#3105,#3107,#3530,.T.);
#2469=EDGE_CURVE('',#3108,#3106,#3531,.T.);
#2470=EDGE_CURVE('',#3107,#3108,#294,.T.);
#2471=EDGE_CURVE('',#3107,#3109,#3532,.T.);
#2472=EDGE_CURVE('',#3109,#3108,#3533,.T.);
#2473=EDGE_CURVE('',#3110,#3111,#3534,.T.);
#2474=EDGE_CURVE('',#3112,#3110,#3535,.T.);
#2475=EDGE_CURVE('',#3112,#3113,#295,.T.);
#2476=EDGE_CURVE('',#3114,#3113,#3536,.T.);
#2477=EDGE_CURVE('',#3111,#3114,#3537,.T.);
#2478=EDGE_CURVE('',#3115,#3112,#3538,.T.);
#2479=EDGE_CURVE('',#3116,#3115,#3539,.T.);
#2480=EDGE_CURVE('',#3117,#3116,#3540,.T.);
#2481=EDGE_CURVE('',#3113,#3117,#3541,.T.);
#2482=EDGE_CURVE('',#3026,#3118,#3542,.T.);
#2483=EDGE_CURVE('',#3055,#3118,#296,.T.);
#2484=EDGE_CURVE('',#3118,#3054,#3543,.T.);
#2485=EDGE_CURVE('',#3054,#3053,#3544,.T.);
#2486=EDGE_CURVE('',#2928,#3119,#3545,.T.);
#2487=EDGE_CURVE('',#3119,#2928,#3546,.T.);
#2488=EDGE_CURVE('',#3026,#3117,#3547,.F.);
#2489=EDGE_CURVE('',#3114,#2928,#3548,.F.);
#2490=EDGE_CURVE('',#3120,#3102,#3549,.T.);
#2491=EDGE_CURVE('',#3102,#3030,#297,.T.);
#2492=EDGE_CURVE('',#3030,#3029,#3550,.T.);
#2493=EDGE_CURVE('',#3027,#3026,#3551,.T.);
#2494=EDGE_CURVE('',#3121,#3116,#3552,.F.);
#2495=EDGE_CURVE('',#3120,#3121,#3553,.F.);
#2496=EDGE_CURVE('',#3122,#3097,#3554,.F.);
#2497=EDGE_CURVE('',#3123,#3122,#3555,.F.);
#2498=EDGE_CURVE('',#3111,#3123,#3556,.F.);
#2499=EDGE_CURVE('',#3124,#3119,#3557,.F.);
#2500=EDGE_CURVE('',#3125,#3124,#3558,.F.);
#2501=EDGE_CURVE('',#3125,#3109,#3559,.T.);
#2502=EDGE_CURVE('',#3109,#3097,#298,.T.);
#2503=EDGE_CURVE('',#3126,#3101,#3560,.F.);
#2504=EDGE_CURVE('',#3100,#3126,#3561,.F.);
#2505=EDGE_CURVE('',#3127,#3128,#3562,.T.);
#2506=EDGE_CURVE('',#3127,#3129,#299,.T.);
#2507=EDGE_CURVE('',#3128,#3129,#3563,.T.);
#2508=EDGE_CURVE('',#3130,#3131,#3564,.T.);
#2509=EDGE_CURVE('',#3132,#3130,#3565,.T.);
#2510=EDGE_CURVE('',#3131,#3132,#300,.T.);
#2511=EDGE_CURVE('',#3131,#3133,#3566,.T.);
#2512=EDGE_CURVE('',#3134,#3132,#3567,.T.);
#2513=EDGE_CURVE('',#3133,#3134,#301,.T.);
#2514=EDGE_CURVE('',#3135,#3136,#3568,.T.);
#2515=EDGE_CURVE('',#3135,#3137,#302,.T.);
#2516=EDGE_CURVE('',#3138,#3137,#3569,.T.);
#2517=EDGE_CURVE('',#3136,#3138,#303,.T.);
#2518=EDGE_CURVE('',#3136,#3139,#3570,.T.);
#2519=EDGE_CURVE('',#3140,#3138,#3571,.T.);
#2520=EDGE_CURVE('',#3139,#3140,#304,.T.);
#2521=EDGE_CURVE('',#3139,#3141,#3572,.T.);
#2522=EDGE_CURVE('',#3142,#3140,#3573,.T.);
#2523=EDGE_CURVE('',#3141,#3142,#305,.T.);
#2524=EDGE_CURVE('',#3141,#3143,#3574,.T.);
#2525=EDGE_CURVE('',#3144,#3142,#3575,.T.);
#2526=EDGE_CURVE('',#3143,#3144,#306,.T.);
#2527=EDGE_CURVE('',#3143,#3145,#3576,.T.);
#2528=EDGE_CURVE('',#3146,#3144,#3577,.T.);
#2529=EDGE_CURVE('',#3145,#3146,#307,.T.);
#2530=EDGE_CURVE('',#3145,#3147,#3578,.T.);
#2531=EDGE_CURVE('',#3147,#3146,#3579,.T.);
#2532=EDGE_CURVE('',#3133,#3148,#3580,.T.);
#2533=EDGE_CURVE('',#3149,#3134,#3581,.T.);
#2534=EDGE_CURVE('',#3148,#3149,#308,.T.);
#2535=EDGE_CURVE('',#3148,#3150,#3582,.T.);
#2536=EDGE_CURVE('',#3150,#3149,#3583,.T.);
#2537=EDGE_CURVE('',#3151,#3127,#3584,.T.);
#2538=EDGE_CURVE('',#3129,#3151,#3585,.T.);
#2539=EDGE_CURVE('',#3152,#3153,#3586,.T.);
#2540=EDGE_CURVE('',#3153,#3152,#3587,.T.);
#2541=EDGE_CURVE('',#3154,#3155,#3588,.T.);
#2542=EDGE_CURVE('',#3155,#3154,#3589,.T.);
#2543=EDGE_CURVE('',#3156,#3135,#3590,.T.);
#2544=EDGE_CURVE('',#3137,#3156,#3591,.T.);
#2545=EDGE_CURVE('',#3157,#3156,#3592,.F.);
#2546=EDGE_CURVE('',#3155,#3157,#3593,.F.);
#2547=EDGE_CURVE('',#3158,#3154,#3594,.F.);
#2548=EDGE_CURVE('',#3153,#3158,#3595,.F.);
#2549=EDGE_CURVE('',#3159,#3152,#3596,.F.);
#2550=EDGE_CURVE('',#3147,#3159,#3597,.F.);
#2551=EDGE_CURVE('',#3160,#3130,#3598,.F.);
#2552=EDGE_CURVE('',#3128,#3160,#3599,.F.);
#2553=EDGE_CURVE('',#3161,#3151,#3600,.F.);
#2554=EDGE_CURVE('',#3150,#3161,#3601,.F.);
#2555=EDGE_CURVE('',#3162,#3163,#3602,.T.);
#2556=EDGE_CURVE('',#3162,#3164,#309,.T.);
#2557=EDGE_CURVE('',#3165,#3164,#3603,.T.);
#2558=EDGE_CURVE('',#3163,#3165,#310,.T.);
#2559=EDGE_CURVE('',#3163,#3166,#3604,.T.);
#2560=EDGE_CURVE('',#3167,#3165,#3605,.T.);
#2561=EDGE_CURVE('',#3166,#3167,#311,.T.);
#2562=EDGE_CURVE('',#3166,#3168,#3606,.T.);
#2563=EDGE_CURVE('',#3168,#3167,#3607,.T.);
#2564=EDGE_CURVE('',#3169,#3170,#3608,.T.);
#2565=EDGE_CURVE('',#3169,#3171,#312,.T.);
#2566=EDGE_CURVE('',#3172,#3171,#3609,.T.);
#2567=EDGE_CURVE('',#3170,#3172,#313,.T.);
#2568=EDGE_CURVE('',#3170,#3173,#3610,.T.);
#2569=EDGE_CURVE('',#3174,#3172,#3611,.T.);
#2570=EDGE_CURVE('',#3173,#3174,#314,.T.);
#2571=EDGE_CURVE('',#3173,#3175,#315,.T.);
#2572=EDGE_CURVE('',#3176,#3174,#316,.T.);
#2573=EDGE_CURVE('',#3175,#3176,#317,.T.);
#2574=EDGE_CURVE('',#3175,#3177,#318,.T.);
#2575=EDGE_CURVE('',#3178,#3176,#319,.T.);
#2576=EDGE_CURVE('',#3177,#3178,#320,.T.);
#2577=EDGE_CURVE('',#3177,#3179,#321,.T.);
#2578=EDGE_CURVE('',#3180,#3178,#322,.T.);
#2579=EDGE_CURVE('',#3179,#3180,#323,.T.);
#2580=EDGE_CURVE('',#3179,#3181,#3612,.T.);
#2581=EDGE_CURVE('',#3182,#3180,#3613,.T.);
#2582=EDGE_CURVE('',#3181,#3182,#324,.T.);
#2583=EDGE_CURVE('',#3181,#3183,#3614,.T.);
#2584=EDGE_CURVE('',#3184,#3182,#3615,.T.);
#2585=EDGE_CURVE('',#3183,#3184,#325,.T.);
#2586=EDGE_CURVE('',#3183,#3185,#3616,.T.);
#2587=EDGE_CURVE('',#3186,#3184,#3617,.T.);
#2588=EDGE_CURVE('',#3185,#3186,#326,.T.);
#2589=EDGE_CURVE('',#3185,#3187,#3618,.T.);
#2590=EDGE_CURVE('',#3188,#3186,#3619,.T.);
#2591=EDGE_CURVE('',#3187,#3188,#327,.T.);
#2592=EDGE_CURVE('',#3187,#3189,#328,.T.);
#2593=EDGE_CURVE('',#3190,#3188,#329,.T.);
#2594=EDGE_CURVE('',#3189,#3190,#330,.T.);
#2595=EDGE_CURVE('',#3191,#3162,#3620,.T.);
#2596=EDGE_CURVE('',#3164,#3191,#3621,.T.);
#2597=EDGE_CURVE('',#3192,#3191,#331,.T.);
#2598=EDGE_CURVE('',#3192,#3193,#332,.T.);
#2599=EDGE_CURVE('',#3191,#3193,#333,.T.);
#2600=EDGE_CURVE('',#3194,#3192,#334,.T.);
#2601=EDGE_CURVE('',#3194,#3195,#335,.T.);
#2602=EDGE_CURVE('',#3193,#3195,#336,.T.);
#2603=EDGE_CURVE('',#3196,#3194,#337,.T.);
#2604=EDGE_CURVE('',#3195,#3196,#338,.T.);
#2605=EDGE_CURVE('',#3039,#3169,#3622,.T.);
#2606=EDGE_CURVE('',#3171,#3039,#3623,.T.);
#2607=EDGE_CURVE('',#3189,#3197,#339,.T.);
#2608=EDGE_CURVE('',#3198,#3190,#340,.T.);
#2609=EDGE_CURVE('',#3197,#3198,#341,.T.);
#2610=EDGE_CURVE('',#3036,#3035,#3624,.T.);
#2611=EDGE_CURVE('',#3033,#3032,#3625,.T.);
#2612=EDGE_CURVE('',#3032,#3031,#199,.T.);
#2613=EDGE_CURVE('',#3199,#3200,#342,.T.);
#2614=EDGE_CURVE('',#3199,#3201,#343,.T.);
#2615=EDGE_CURVE('',#3202,#3201,#344,.T.);
#2616=EDGE_CURVE('',#3200,#3202,#345,.T.);
#2617=EDGE_CURVE('',#3197,#3199,#346,.T.);
#2618=EDGE_CURVE('',#3201,#3198,#347,.T.);
#2619=EDGE_CURVE('',#3031,#3196,#348,.T.);
#2620=EDGE_CURVE('',#3031,#3202,#349,.T.);
#2621=EDGE_CURVE('',#3164,#3039,#350,.T.);
#2622=EDGE_CURVE('',#3039,#3038,#3626,.T.);
#2623=EDGE_CURVE('',#3196,#3203,#200,.T.);
#2624=EDGE_CURVE('',#3204,#3203,#3627,.F.);
#2625=EDGE_CURVE('',#3168,#3204,#3628,.F.);
#2626=EDGE_CURVE('',#3205,#3206,#201,.T.);
#2627=EDGE_CURVE('',#3205,#3207,#351,.T.);
#2628=EDGE_CURVE('',#3206,#3207,#202,.T.);
#2629=EDGE_CURVE('',#3208,#3209,#3629,.T.);
#2630=EDGE_CURVE('',#3208,#3210,#352,.T.);
#2631=EDGE_CURVE('',#3211,#3210,#3630,.T.);
#2632=EDGE_CURVE('',#3209,#3211,#353,.T.);
#2633=EDGE_CURVE('',#3209,#3212,#3631,.T.);
#2634=EDGE_CURVE('',#3213,#3211,#3632,.T.);
#2635=EDGE_CURVE('',#3212,#3213,#354,.T.);
#2636=EDGE_CURVE('',#3212,#3214,#3633,.T.);
#2637=EDGE_CURVE('',#3215,#3213,#3634,.T.);
#2638=EDGE_CURVE('',#3214,#3215,#355,.T.);
#2639=EDGE_CURVE('',#3214,#3216,#3635,.T.);
#2640=EDGE_CURVE('',#3217,#3215,#3636,.T.);
#2641=EDGE_CURVE('',#3216,#3217,#356,.T.);
#2642=EDGE_CURVE('',#3216,#3218,#3637,.T.);
#2643=EDGE_CURVE('',#3219,#3217,#3638,.T.);
#2644=EDGE_CURVE('',#3218,#3219,#357,.T.);
#2645=EDGE_CURVE('',#3218,#3220,#3639,.T.);
#2646=EDGE_CURVE('',#3220,#3219,#3640,.T.);
#2647=EDGE_CURVE('',#3221,#3222,#3641,.T.);
#2648=EDGE_CURVE('',#3221,#3223,#358,.T.);
#2649=EDGE_CURVE('',#3224,#3223,#3642,.T.);
#2650=EDGE_CURVE('',#3222,#3224,#359,.T.);
#2651=EDGE_CURVE('',#3222,#3225,#3643,.T.);
#2652=EDGE_CURVE('',#3226,#3224,#3644,.T.);
#2653=EDGE_CURVE('',#3225,#3226,#360,.T.);
#2654=EDGE_CURVE('',#3225,#3227,#203,.T.);
#2655=EDGE_CURVE('',#3227,#3226,#204,.T.);
#2656=EDGE_CURVE('',#3228,#3229,#361,.T.);
#2657=EDGE_CURVE('',#3228,#3230,#362,.T.);
#2658=EDGE_CURVE('',#3229,#3230,#363,.T.);
#2659=EDGE_CURVE('',#3231,#3205,#3645,.T.);
#2660=EDGE_CURVE('',#3207,#3231,#3646,.T.);
#2661=EDGE_CURVE('',#3232,#3233,#3647,.T.);
#2662=EDGE_CURVE('',#3232,#3234,#364,.T.);
#2663=EDGE_CURVE('',#3235,#3234,#3648,.T.);
#2664=EDGE_CURVE('',#3233,#3235,#365,.T.);
#2665=EDGE_CURVE('',#3236,#3232,#3649,.T.);
#2666=EDGE_CURVE('',#3236,#3237,#366,.T.);
#2667=EDGE_CURVE('',#3234,#3237,#3650,.T.);
#2668=EDGE_CURVE('',#3238,#3236,#3651,.T.);
#2669=EDGE_CURVE('',#3238,#3239,#367,.T.);
#2670=EDGE_CURVE('',#3237,#3239,#3652,.T.);
#2671=EDGE_CURVE('',#3240,#3238,#3653,.T.);
#2672=EDGE_CURVE('',#3240,#3241,#368,.T.);
#2673=EDGE_CURVE('',#3239,#3241,#3654,.T.);
#2674=EDGE_CURVE('',#3242,#3240,#3655,.T.);
#2675=EDGE_CURVE('',#3241,#3242,#3656,.T.);
#2676=EDGE_CURVE('',#3243,#3244,#3657,.T.);
#2677=EDGE_CURVE('',#3245,#3243,#3658,.T.);
#2678=EDGE_CURVE('',#3244,#3245,#369,.T.);
#2679=EDGE_CURVE('',#3059,#3243,#3659,.T.);
#2680=EDGE_CURVE('',#3243,#3059,#3660,.T.);
#2681=EDGE_CURVE('',#3057,#3246,#370,.T.);
#2682=EDGE_CURVE('',#3058,#3246,#3661,.T.);
#2683=EDGE_CURVE('',#3247,#3056,#205,.T.);
#2684=EDGE_CURVE('',#3247,#3248,#371,.T.);
#2685=EDGE_CURVE('',#3249,#3248,#206,.T.);
#2686=EDGE_CURVE('',#3249,#3246,#207,.T.);
#2687=EDGE_CURVE('',#3059,#3249,#3662,.F.);
#2688=EDGE_CURVE('',#3230,#3227,#372,.T.);
#2689=EDGE_CURVE('',#3229,#3227,#373,.T.);
#2690=EDGE_CURVE('',#3223,#3220,#3663,.T.);
#2691=EDGE_CURVE('',#3220,#3242,#374,.T.);
#2692=EDGE_CURVE('',#3242,#3245,#3664,.T.);
#2693=EDGE_CURVE('',#3248,#3229,#208,.T.);
#2694=EDGE_CURVE('',#3250,#3251,#3665,.F.);
#2695=EDGE_CURVE('',#3206,#3250,#3666,.F.);
#2696=EDGE_CURVE('',#3231,#3251,#375,.T.);
#2697=EDGE_CURVE('',#3210,#3251,#3667,.T.);
#2698=EDGE_CURVE('',#3231,#3235,#3668,.T.);
#2699=EDGE_CURVE('',#3252,#3253,#376,.T.);
#2700=EDGE_CURVE('',#3252,#3254,#377,.T.);
#2701=EDGE_CURVE('',#3255,#3254,#378,.T.);
#2702=EDGE_CURVE('',#3253,#3255,#379,.T.);
#2703=EDGE_CURVE('',#3253,#3256,#380,.T.);
#2704=EDGE_CURVE('',#3257,#3255,#381,.T.);
#2705=EDGE_CURVE('',#3256,#3257,#382,.T.);
#2706=EDGE_CURVE('',#3256,#3258,#383,.T.);
#2707=EDGE_CURVE('',#3259,#3257,#384,.T.);
#2708=EDGE_CURVE('',#3258,#3259,#385,.T.);
#2709=EDGE_CURVE('',#3258,#3252,#386,.T.);
#2710=EDGE_CURVE('',#3254,#3259,#387,.T.);
#2711=EDGE_CURVE('',#3260,#3261,#3669,.T.);
#2712=EDGE_CURVE('',#3260,#3262,#388,.T.);
#2713=EDGE_CURVE('',#3261,#3262,#3670,.T.);
#2714=EDGE_CURVE('',#3263,#3264,#3671,.T.);
#2715=EDGE_CURVE('',#3263,#3265,#389,.T.);
#2716=EDGE_CURVE('',#3266,#3265,#3672,.T.);
#2717=EDGE_CURVE('',#3264,#3266,#390,.T.);
#2718=EDGE_CURVE('',#3264,#3267,#3673,.T.);
#2719=EDGE_CURVE('',#3267,#3266,#3674,.T.);
#2720=EDGE_CURVE('',#3268,#3269,#3675,.T.);
#2721=EDGE_CURVE('',#3268,#3270,#391,.T.);
#2722=EDGE_CURVE('',#3271,#3270,#3676,.T.);
#2723=EDGE_CURVE('',#3269,#3271,#392,.T.);
#2724=EDGE_CURVE('',#3269,#3272,#3677,.T.);
#2725=EDGE_CURVE('',#3273,#3271,#3678,.T.);
#2726=EDGE_CURVE('',#3272,#3273,#393,.T.);
#2727=EDGE_CURVE('',#3272,#3274,#3679,.T.);
#2728=EDGE_CURVE('',#3275,#3273,#3680,.T.);
#2729=EDGE_CURVE('',#3274,#3275,#394,.T.);
#2730=EDGE_CURVE('',#3274,#3276,#3681,.T.);
#2731=EDGE_CURVE('',#3277,#3275,#3682,.T.);
#2732=EDGE_CURVE('',#3276,#3277,#395,.T.);
#2733=EDGE_CURVE('',#3276,#3278,#3683,.T.);
#2734=EDGE_CURVE('',#3279,#3277,#3684,.T.);
#2735=EDGE_CURVE('',#3278,#3279,#396,.T.);
#2736=EDGE_CURVE('',#3278,#3280,#3685,.T.);
#2737=EDGE_CURVE('',#3280,#3279,#3686,.T.);
#2738=EDGE_CURVE('',#3281,#3282,#209,.T.);
#2739=EDGE_CURVE('',#3283,#3281,#210,.T.);
#2740=EDGE_CURVE('',#3282,#3283,#397,.T.);
#2741=EDGE_CURVE('',#3284,#3260,#3687,.T.);
#2742=EDGE_CURVE('',#3262,#3284,#3688,.T.);
#2743=EDGE_CURVE('',#3285,#3268,#3689,.T.);
#2744=EDGE_CURVE('',#3270,#3285,#3690,.T.);
#2745=EDGE_CURVE('',#3286,#3287,#3691,.T.);
#2746=EDGE_CURVE('',#3288,#3286,#3692,.T.);
#2747=EDGE_CURVE('',#3287,#3288,#398,.T.);
#2748=EDGE_CURVE('',#3289,#3290,#399,.T.);
#2749=EDGE_CURVE('',#3289,#3291,#400,.T.);
#2750=EDGE_CURVE('',#3292,#3291,#401,.T.);
#2751=EDGE_CURVE('',#3290,#3292,#402,.T.);
#2752=EDGE_CURVE('',#2927,#3289,#403,.T.);
#2753=EDGE_CURVE('',#3291,#2927,#404,.T.);
#2754=EDGE_CURVE('',#3282,#3045,#211,.T.);
#2755=EDGE_CURVE('',#3293,#3283,#212,.T.);
#2756=EDGE_CURVE('',#3293,#3294,#213,.T.);
#2757=EDGE_CURVE('',#3046,#3294,#405,.T.);
#2758=EDGE_CURVE('',#3286,#3292,#406,.T.);
#2759=EDGE_CURVE('',#3286,#2927,#3693,.T.);
#2760=EDGE_CURVE('',#3295,#3296,#3694,.F.);
#2761=EDGE_CURVE('',#3267,#3295,#3695,.F.);
#2762=EDGE_CURVE('',#3265,#3261,#3696,.T.);
#2763=EDGE_CURVE('',#3280,#3261,#407,.T.);
#2764=EDGE_CURVE('',#3297,#3285,#3697,.T.);
#2765=EDGE_CURVE('',#3296,#3297,#408,.T.);
#2766=EDGE_CURVE('',#3285,#3288,#3698,.T.);
#2767=EDGE_CURVE('',#3297,#2926,#3699,.T.);
#2768=EDGE_CURVE('',#3294,#3298,#214,.T.);
#2769=EDGE_CURVE('',#3298,#3293,#3700,.F.);
#2770=EDGE_CURVE('',#3299,#3296,#3701,.T.);
#2771=EDGE_CURVE('',#2926,#3298,#215,.T.);
#2772=EDGE_CURVE('',#3300,#3281,#3702,.F.);
#2773=EDGE_CURVE('',#3301,#3300,#3703,.F.);
#2774=EDGE_CURVE('',#3301,#3280,#3704,.T.);
#2775=EDGE_CURVE('',#3302,#3284,#3705,.F.);
#2776=EDGE_CURVE('',#3303,#3302,#3706,.F.);
#2777=EDGE_CURVE('',#3304,#3303,#3707,.F.);
#2778=EDGE_CURVE('',#3305,#3304,#3708,.F.);
#2779=EDGE_CURVE('',#3306,#3305,#3709,.F.);
#2780=EDGE_CURVE('',#3299,#3306,#3710,.F.);
#2781=EDGE_CURVE('',#3196,#3162,#409,.T.);
#2782=EDGE_CURVE('',#3203,#3196,#216,.T.);
#2783=EDGE_CURVE('',#3109,#3125,#3711,.T.);
#2784=EDGE_CURVE('',#3049,#3307,#3712,.T.);
#2785=EDGE_CURVE('',#3307,#3109,#410,.T.);
#2786=EDGE_CURVE('',#3097,#3102,#411,.T.);
#2787=EDGE_CURVE('',#3102,#3120,#3713,.T.);
#2788=EDGE_CURVE('',#3115,#3110,#412,.T.);
#2789=EDGE_CURVE('',#2927,#3307,#3714,.T.);
#2790=EDGE_CURVE('',#3048,#3049,#3715,.T.);
#2791=EDGE_CURVE('',#2926,#3048,#3716,.T.);
#2792=EDGE_CURVE('',#3047,#2926,#217,.T.);
#2793=EDGE_CURVE('',#3261,#3296,#413,.T.);
#2794=EDGE_CURVE('',#3296,#3299,#3717,.T.);
#2795=EDGE_CURVE('',#3220,#3221,#3718,.T.);
#2796=EDGE_CURVE('',#3227,#3220,#414,.T.);
#2797=EDGE_CURVE('',#3308,#3044,#63,.T.);
#2798=EDGE_CURVE('',#3308,#3229,#415,.T.);
#2799=EDGE_CURVE('',#3229,#3247,#218,.T.);
#2800=EDGE_CURVE('',#3244,#3242,#3719,.T.);
#2801=EDGE_CURVE('',#3242,#3231,#416,.T.);
#2802=EDGE_CURVE('',#3251,#3280,#417,.T.);
#2803=EDGE_CURVE('',#3280,#3301,#3720,.T.);
#2804=EDGE_CURVE('',#3290,#3286,#418,.T.);
#2805=EDGE_CURVE('',#3285,#3286,#3721,.T.);
#2806=EDGE_CURVE('',#3251,#3208,#3722,.T.);
#2807=EDGE_CURVE('',#3227,#3228,#419,.T.);
#2808=EDGE_CURVE('',#3040,#3308,#64,.T.);
#2809=EDGE_CURVE('',#3200,#3031,#420,.T.);
#2810=EDGE_CURVE('',#3261,#3263,#3723,.T.);
#2811=EDGE_CURVE('',#3233,#3231,#3724,.T.);
#2812=EDGE_CURVE('',#3309,#3310,#3725,.T.);
#2813=EDGE_CURVE('',#3311,#3310,#421,.T.);
#2814=EDGE_CURVE('',#3312,#3311,#3726,.T.);
#2815=EDGE_CURVE('',#3309,#3312,#422,.T.);
#2816=EDGE_CURVE('',#3313,#3309,#3727,.F.);
#2817=EDGE_CURVE('',#3314,#3313,#3728,.T.);
#2818=EDGE_CURVE('',#3310,#3314,#3729,.T.);
#2819=EDGE_CURVE('',#3315,#3316,#3730,.T.);
#2820=EDGE_CURVE('',#3314,#3315,#423,.T.);
#2821=EDGE_CURVE('',#3316,#3313,#424,.T.);
#2822=EDGE_CURVE('',#3311,#3315,#65,.T.);
#2823=EDGE_CURVE('',#3313,#3309,#66,.T.);
#2824=EDGE_CURVE('',#3316,#3312,#3731,.T.);
#2825=EDGE_CURVE('',#3317,#3317,#67,.T.);
#2826=EDGE_CURVE('',#3318,#3318,#3732,.T.);
#2827=EDGE_CURVE('',#3319,#3319,#68,.T.);
#2828=EDGE_CURVE('',#3320,#3320,#3733,.T.);
#2829=EDGE_CURVE('',#3321,#3321,#3734,.T.);
#2830=EDGE_CURVE('',#3322,#3323,#3735,.T.);
#2831=EDGE_CURVE('',#3323,#3324,#69,.T.);
#2832=EDGE_CURVE('',#3324,#3325,#3736,.T.);
#2833=EDGE_CURVE('',#3325,#3322,#3737,.T.);
#2834=EDGE_CURVE('',#3326,#3327,#3738,.T.);
#2835=EDGE_CURVE('',#3323,#3327,#425,.T.);
#2836=EDGE_CURVE('',#3326,#3322,#426,.T.);
#2837=EDGE_CURVE('',#3328,#3326,#3739,.F.);
#2838=EDGE_CURVE('',#3329,#3328,#3740,.T.);
#2839=EDGE_CURVE('',#3327,#3329,#3741,.T.);
#2840=EDGE_CURVE('',#3329,#3324,#427,.T.);
#2841=EDGE_CURVE('',#3325,#3328,#428,.T.);
#2842=EDGE_CURVE('',#3328,#3326,#70,.T.);
#2843=EDGE_CURVE('',#3330,#3330,#71,.T.);
#2844=EDGE_CURVE('',#3331,#3331,#72,.T.);
#2845=EDGE_CURVE('',#3332,#3332,#3742,.T.);
#2846=EDGE_CURVE('',#3333,#3334,#73,.T.);
#2847=EDGE_CURVE('',#3334,#3335,#429,.T.);
#2848=EDGE_CURVE('',#3335,#3336,#3743,.T.);
#2849=EDGE_CURVE('',#3336,#3333,#430,.T.);
#2850=EDGE_CURVE('',#3337,#3338,#3744,.T.);
#2851=EDGE_CURVE('',#3337,#3336,#3745,.T.);
#2852=EDGE_CURVE('',#3338,#3335,#3746,.T.);
#2853=EDGE_CURVE('',#3338,#3339,#431,.T.);
#2854=EDGE_CURVE('',#3339,#3340,#74,.T.);
#2855=EDGE_CURVE('',#3340,#3337,#432,.T.);
#2856=EDGE_CURVE('',#3341,#3342,#3747,.T.);
#2857=EDGE_CURVE('',#3340,#3341,#3748,.T.);
#2858=EDGE_CURVE('',#3343,#3339,#3749,.T.);
#2859=EDGE_CURVE('',#3334,#3343,#3750,.T.);
#2860=EDGE_CURVE('',#3344,#3333,#3751,.T.);
#2861=EDGE_CURVE('',#3345,#3344,#3752,.T.);
#2862=EDGE_CURVE('',#3342,#3345,#3753,.T.);
#2863=EDGE_CURVE('',#3335,#3338,#75,.T.);
#2864=EDGE_CURVE('',#3333,#3340,#76,.T.);
#2865=EDGE_CURVE('',#3346,#3342,#77,.T.);
#2866=EDGE_CURVE('',#3346,#3347,#3754,.T.);
#2867=EDGE_CURVE('',#3341,#3347,#78,.T.);
#2868=EDGE_CURVE('',#3287,#3285,#3755,.T.);
#2869=EDGE_CURVE('',#3308,#3346,#3756,.T.);
#2870=EDGE_CURVE('',#3348,#3040,#3757,.T.);
#2871=EDGE_CURVE('',#3349,#3348,#3758,.T.);
#2872=EDGE_CURVE('',#3347,#3349,#3759,.T.);
#2873=EDGE_CURVE('',#3349,#3344,#79,.T.);
#2874=EDGE_CURVE('',#3350,#3350,#80,.T.);
#2875=EDGE_CURVE('',#3351,#3352,#3760,.T.);
#2876=EDGE_CURVE('',#3352,#3351,#3761,.T.);
#2877=EDGE_CURVE('',#3353,#3354,#3762,.T.);
#2878=EDGE_CURVE('',#3354,#3353,#3763,.T.);
#2879=EDGE_CURVE('',#3345,#3348,#81,.T.);
#2880=EDGE_CURVE('',#3355,#3356,#3764,.T.);
#2881=EDGE_CURVE('',#3357,#3355,#3765,.T.);
#2882=EDGE_CURVE('',#3358,#3357,#3766,.T.);
#2883=EDGE_CURVE('',#3356,#3358,#82,.T.);
#2884=EDGE_CURVE('',#3359,#3359,#3767,.F.);
#2885=EDGE_CURVE('',#3359,#3359,#83,.T.);
#2886=EDGE_CURVE('',#3360,#3361,#3768,.T.);
#2887=EDGE_CURVE('',#3361,#3355,#433,.T.);
#2888=EDGE_CURVE('',#3356,#3360,#434,.T.);
#2889=EDGE_CURVE('',#3360,#3362,#3769,.T.);
#2890=EDGE_CURVE('',#3363,#3362,#3770,.T.);
#2891=EDGE_CURVE('',#3361,#3363,#3771,.F.);
#2892=EDGE_CURVE('',#3357,#3363,#435,.T.);
#2893=EDGE_CURVE('',#3362,#3358,#436,.T.);
#2894=EDGE_CURVE('',#3363,#3361,#84,.T.);
#2895=EDGE_CURVE('',#3364,#3364,#85,.T.);
#2896=EDGE_CURVE('',#3365,#3365,#86,.T.);
#2897=EDGE_CURVE('',#3366,#3366,#87,.T.);
#2898=EDGE_CURVE('',#3367,#3367,#88,.T.);
#2899=EDGE_CURVE('',#3368,#3368,#89,.T.);
#2900=EDGE_CURVE('',#3369,#3369,#90,.T.);
#2901=EDGE_CURVE('',#3370,#3370,#91,.T.);
#2902=EDGE_CURVE('',#3371,#3372,#3772,.T.);
#2903=EDGE_CURVE('',#3373,#3371,#3773,.T.);
#2904=EDGE_CURVE('',#3374,#3373,#3774,.T.);
#2905=EDGE_CURVE('',#3372,#3374,#92,.T.);
#2906=EDGE_CURVE('',#3375,#3375,#3775,.F.);
#2907=EDGE_CURVE('',#3375,#3375,#93,.T.);
#2908=EDGE_CURVE('',#3376,#3377,#3776,.T.);
#2909=EDGE_CURVE('',#3377,#3371,#437,.T.);
#2910=EDGE_CURVE('',#3372,#3376,#438,.T.);
#2911=EDGE_CURVE('',#3376,#3378,#3777,.T.);
#2912=EDGE_CURVE('',#3379,#3378,#3778,.T.);
#2913=EDGE_CURVE('',#3377,#3379,#3779,.F.);
#2914=EDGE_CURVE('',#3373,#3379,#439,.T.);
#2915=EDGE_CURVE('',#3378,#3374,#440,.T.);
#2916=EDGE_CURVE('',#3379,#3377,#94,.T.);
#2917=EDGE_CURVE('',#3380,#3380,#95,.T.);
#2918=EDGE_CURVE('',#3381,#3381,#96,.T.);
#2919=EDGE_CURVE('',#3382,#3382,#97,.T.);
#2920=EDGE_CURVE('',#3383,#3383,#98,.T.);
#2921=EDGE_CURVE('',#3384,#3384,#99,.T.);
#2922=EDGE_CURVE('',#3385,#3385,#100,.T.);
#2923=EDGE_CURVE('',#3386,#3386,#101,.T.);
#2924=EDGE_CURVE('',#3387,#3387,#102,.T.);
#2925=EDGE_CURVE('',#3388,#3388,#103,.T.);
#2926=VERTEX_POINT('',#7592);
#2927=VERTEX_POINT('',#7593);
#2928=VERTEX_POINT('',#7621);
#2929=VERTEX_POINT('',#7622);
#2930=VERTEX_POINT('',#7662);
#2931=VERTEX_POINT('',#7663);
#2932=VERTEX_POINT('',#7665);
#2933=VERTEX_POINT('',#7670);
#2934=VERTEX_POINT('',#7674);
#2935=VERTEX_POINT('',#7676);
#2936=VERTEX_POINT('',#7707);
#2937=VERTEX_POINT('',#7712);
#2938=VERTEX_POINT('',#7737);
#2939=VERTEX_POINT('',#7742);
#2940=VERTEX_POINT('',#7747);
#2941=VERTEX_POINT('',#7749);
#2942=VERTEX_POINT('',#7783);
#2943=VERTEX_POINT('',#7785);
#2944=VERTEX_POINT('',#7792);
#2945=VERTEX_POINT('',#7794);
#2946=VERTEX_POINT('',#7798);
#2947=VERTEX_POINT('',#7800);
#2948=VERTEX_POINT('',#7804);
#2949=VERTEX_POINT('',#7806);
#2950=VERTEX_POINT('',#7810);
#2951=VERTEX_POINT('',#7813);
#2952=VERTEX_POINT('',#7832);
#2953=VERTEX_POINT('',#7833);
#2954=VERTEX_POINT('',#7835);
#2955=VERTEX_POINT('',#7840);
#2956=VERTEX_POINT('',#7845);
#2957=VERTEX_POINT('',#7847);
#2958=VERTEX_POINT('',#7881);
#2959=VERTEX_POINT('',#7886);
#2960=VERTEX_POINT('',#7917);
#2961=VERTEX_POINT('',#7922);
#2962=VERTEX_POINT('',#7953);
#2963=VERTEX_POINT('',#7958);
#2964=VERTEX_POINT('',#7986);
#2965=VERTEX_POINT('',#7991);
#2966=VERTEX_POINT('',#8025);
#2967=VERTEX_POINT('',#8030);
#2968=VERTEX_POINT('',#8051);
#2969=VERTEX_POINT('',#8056);
#2970=VERTEX_POINT('',#8061);
#2971=VERTEX_POINT('',#8063);
#2972=VERTEX_POINT('',#8105);
#2973=VERTEX_POINT('',#8110);
#2974=VERTEX_POINT('',#8134);
#2975=VERTEX_POINT('',#8139);
#2976=VERTEX_POINT('',#8144);
#2977=VERTEX_POINT('',#8146);
#2978=VERTEX_POINT('',#8192);
#2979=VERTEX_POINT('',#8197);
#2980=VERTEX_POINT('',#8225);
#2981=VERTEX_POINT('',#8230);
#2982=VERTEX_POINT('',#8234);
#2983=VERTEX_POINT('',#8236);
#2984=VERTEX_POINT('',#8240);
#2985=VERTEX_POINT('',#8242);
#2986=VERTEX_POINT('',#8246);
#2987=VERTEX_POINT('',#8248);
#2988=VERTEX_POINT('',#8252);
#2989=VERTEX_POINT('',#8254);
#2990=VERTEX_POINT('',#8256);
#2991=VERTEX_POINT('',#8258);
#2992=VERTEX_POINT('',#8262);
#2993=VERTEX_POINT('',#8263);
#2994=VERTEX_POINT('',#8265);
#2995=VERTEX_POINT('',#8267);
#2996=VERTEX_POINT('',#8301);
#2997=VERTEX_POINT('',#8303);
#2998=VERTEX_POINT('',#8322);
#2999=VERTEX_POINT('',#8324);
#3000=VERTEX_POINT('',#8343);
#3001=VERTEX_POINT('',#8348);
#3002=VERTEX_POINT('',#8350);
#3003=VERTEX_POINT('',#8357);
#3004=VERTEX_POINT('',#8394);
#3005=VERTEX_POINT('',#8396);
#3006=VERTEX_POINT('',#8433);
#3007=VERTEX_POINT('',#8435);
#3008=VERTEX_POINT('',#8468);
#3009=VERTEX_POINT('',#8473);
#3010=VERTEX_POINT('',#8475);
#3011=VERTEX_POINT('',#8480);
#3012=VERTEX_POINT('',#8522);
#3013=VERTEX_POINT('',#8524);
#3014=VERTEX_POINT('',#8566);
#3015=VERTEX_POINT('',#8568);
#3016=VERTEX_POINT('',#8592);
#3017=VERTEX_POINT('',#8597);
#3018=VERTEX_POINT('',#8599);
#3019=VERTEX_POINT('',#8607);
#3020=VERTEX_POINT('',#8641);
#3021=VERTEX_POINT('',#8643);
#3022=VERTEX_POINT('',#8677);
#3023=VERTEX_POINT('',#8679);
#3024=VERTEX_POINT('',#8686);
#3025=VERTEX_POINT('',#8689);
#3026=VERTEX_POINT('',#8708);
#3027=VERTEX_POINT('',#8737);
#3028=VERTEX_POINT('',#8742);
#3029=VERTEX_POINT('',#8747);
#3030=VERTEX_POINT('',#8755);
#3031=VERTEX_POINT('',#8757);
#3032=VERTEX_POINT('',#8759);
#3033=VERTEX_POINT('',#8764);
#3034=VERTEX_POINT('',#8769);
#3035=VERTEX_POINT('',#8774);
#3036=VERTEX_POINT('',#8779);
#3037=VERTEX_POINT('',#8784);
#3038=VERTEX_POINT('',#8789);
#3039=VERTEX_POINT('',#8809);
#3040=VERTEX_POINT('',#8811);
#3041=VERTEX_POINT('',#8813);
#3042=VERTEX_POINT('',#8822);
#3043=VERTEX_POINT('',#8830);
#3044=VERTEX_POINT('',#8849);
#3045=VERTEX_POINT('',#8855);
#3046=VERTEX_POINT('',#8857);
#3047=VERTEX_POINT('',#8859);
#3048=VERTEX_POINT('',#8861);
#3049=VERTEX_POINT('',#8863);
#3050=VERTEX_POINT('',#8869);
#3051=VERTEX_POINT('',#8874);
#3052=VERTEX_POINT('',#8879);
#3053=VERTEX_POINT('',#8884);
#3054=VERTEX_POINT('',#8910);
#3055=VERTEX_POINT('',#8915);
#3056=VERTEX_POINT('',#8921);
#3057=VERTEX_POINT('',#8923);
#3058=VERTEX_POINT('',#8949);
#3059=VERTEX_POINT('',#8954);
#3060=VERTEX_POINT('',#8973);
#3061=VERTEX_POINT('',#8974);
#3062=VERTEX_POINT('',#8976);
#3063=VERTEX_POINT('',#8984);
#3064=VERTEX_POINT('',#9003);
#3065=VERTEX_POINT('',#9033);
#3066=VERTEX_POINT('',#9034);
#3067=VERTEX_POINT('',#9042);
#3068=VERTEX_POINT('',#9061);
#3069=VERTEX_POINT('',#9069);
#3070=VERTEX_POINT('',#9088);
#3071=VERTEX_POINT('',#9096);
#3072=VERTEX_POINT('',#9115);
#3073=VERTEX_POINT('',#9123);
#3074=VERTEX_POINT('',#9142);
#3075=VERTEX_POINT('',#9150);
#3076=VERTEX_POINT('',#9169);
#3077=VERTEX_POINT('',#9177);
#3078=VERTEX_POINT('',#9195);
#3079=VERTEX_POINT('',#9203);
#3080=VERTEX_POINT('',#9226);
#3081=VERTEX_POINT('',#9227);
#3082=VERTEX_POINT('',#9238);
#3083=VERTEX_POINT('',#9245);
#3084=VERTEX_POINT('',#9268);
#3085=VERTEX_POINT('',#9269);
#3086=VERTEX_POINT('',#9280);
#3087=VERTEX_POINT('',#9299);
#3088=VERTEX_POINT('',#9307);
#3089=VERTEX_POINT('',#9326);
#3090=VERTEX_POINT('',#9334);
#3091=VERTEX_POINT('',#9338);
#3092=VERTEX_POINT('',#9340);
#3093=VERTEX_POINT('',#9368);
#3094=VERTEX_POINT('',#9384);
#3095=VERTEX_POINT('',#9393);
#3096=VERTEX_POINT('',#9402);
#3097=VERTEX_POINT('',#9419);
#3098=VERTEX_POINT('',#9420);
#3099=VERTEX_POINT('',#9425);
#3100=VERTEX_POINT('',#9453);
#3101=VERTEX_POINT('',#9490);
#3102=VERTEX_POINT('',#9491);
#3103=VERTEX_POINT('',#9516);
#3104=VERTEX_POINT('',#9524);
#3105=VERTEX_POINT('',#9543);
#3106=VERTEX_POINT('',#9551);
#3107=VERTEX_POINT('',#9570);
#3108=VERTEX_POINT('',#9578);
#3109=VERTEX_POINT('',#9597);
#3110=VERTEX_POINT('',#9637);
#3111=VERTEX_POINT('',#9638);
#3112=VERTEX_POINT('',#9643);
#3113=VERTEX_POINT('',#9645);
#3114=VERTEX_POINT('',#9668);
#3115=VERTEX_POINT('',#9693);
#3116=VERTEX_POINT('',#9713);
#3117=VERTEX_POINT('',#9718);
#3118=VERTEX_POINT('',#9746);
#3119=VERTEX_POINT('',#9814);
#3120=VERTEX_POINT('',#9869);
#3121=VERTEX_POINT('',#9886);
#3122=VERTEX_POINT('',#9896);
#3123=VERTEX_POINT('',#9901);
#3124=VERTEX_POINT('',#9910);
#3125=VERTEX_POINT('',#9915);
#3126=VERTEX_POINT('',#9932);
#3127=VERTEX_POINT('',#9958);
#3128=VERTEX_POINT('',#9959);
#3129=VERTEX_POINT('',#9961);
#3130=VERTEX_POINT('',#9993);
#3131=VERTEX_POINT('',#9994);
#3132=VERTEX_POINT('',#10005);
#3133=VERTEX_POINT('',#10024);
#3134=VERTEX_POINT('',#10032);
#3135=VERTEX_POINT('',#10051);
#3136=VERTEX_POINT('',#10052);
#3137=VERTEX_POINT('',#10054);
#3138=VERTEX_POINT('',#10062);
#3139=VERTEX_POINT('',#10081);
#3140=VERTEX_POINT('',#10089);
#3141=VERTEX_POINT('',#10108);
#3142=VERTEX_POINT('',#10116);
#3143=VERTEX_POINT('',#10135);
#3144=VERTEX_POINT('',#10143);
#3145=VERTEX_POINT('',#10162);
#3146=VERTEX_POINT('',#10170);
#3147=VERTEX_POINT('',#10198);
#3148=VERTEX_POINT('',#10226);
#3149=VERTEX_POINT('',#10234);
#3150=VERTEX_POINT('',#10262);
#3151=VERTEX_POINT('',#10290);
#3152=VERTEX_POINT('',#10319);
#3153=VERTEX_POINT('',#10320);
#3154=VERTEX_POINT('',#10351);
#3155=VERTEX_POINT('',#10352);
#3156=VERTEX_POINT('',#10383);
#3157=VERTEX_POINT('',#10396);
#3158=VERTEX_POINT('',#10405);
#3159=VERTEX_POINT('',#10414);
#3160=VERTEX_POINT('',#10423);
#3161=VERTEX_POINT('',#10432);
#3162=VERTEX_POINT('',#10457);
#3163=VERTEX_POINT('',#10458);
#3164=VERTEX_POINT('',#10460);
#3165=VERTEX_POINT('',#10483);
#3166=VERTEX_POINT('',#10523);
#3167=VERTEX_POINT('',#10532);
#3168=VERTEX_POINT('',#10575);
#3169=VERTEX_POINT('',#10618);
#3170=VERTEX_POINT('',#10619);
#3171=VERTEX_POINT('',#10621);
#3172=VERTEX_POINT('',#10629);
#3173=VERTEX_POINT('',#10648);
#3174=VERTEX_POINT('',#10656);
#3175=VERTEX_POINT('',#10660);
#3176=VERTEX_POINT('',#10662);
#3177=VERTEX_POINT('',#10666);
#3178=VERTEX_POINT('',#10668);
#3179=VERTEX_POINT('',#10672);
#3180=VERTEX_POINT('',#10674);
#3181=VERTEX_POINT('',#10693);
#3182=VERTEX_POINT('',#10700);
#3183=VERTEX_POINT('',#10719);
#3184=VERTEX_POINT('',#10727);
#3185=VERTEX_POINT('',#10746);
#3186=VERTEX_POINT('',#10754);
#3187=VERTEX_POINT('',#10773);
#3188=VERTEX_POINT('',#10781);
#3189=VERTEX_POINT('',#10785);
#3190=VERTEX_POINT('',#10787);
#3191=VERTEX_POINT('',#10803);
#3192=VERTEX_POINT('',#10810);
#3193=VERTEX_POINT('',#10812);
#3194=VERTEX_POINT('',#10816);
#3195=VERTEX_POINT('',#10818);
#3196=VERTEX_POINT('',#10822);
#3197=VERTEX_POINT('',#10845);
#3198=VERTEX_POINT('',#10847);
#3199=VERTEX_POINT('',#10899);
#3200=VERTEX_POINT('',#10900);
#3201=VERTEX_POINT('',#10902);
#3202=VERTEX_POINT('',#10904);
#3203=VERTEX_POINT('',#10937);
#3204=VERTEX_POINT('',#10942);
#3205=VERTEX_POINT('',#10949);
#3206=VERTEX_POINT('',#10950);
#3207=VERTEX_POINT('',#10952);
#3208=VERTEX_POINT('',#10971);
#3209=VERTEX_POINT('',#10972);
#3210=VERTEX_POINT('',#10974);
#3211=VERTEX_POINT('',#10982);
#3212=VERTEX_POINT('',#11001);
#3213=VERTEX_POINT('',#11009);
#3214=VERTEX_POINT('',#11028);
#3215=VERTEX_POINT('',#11036);
#3216=VERTEX_POINT('',#11055);
#3217=VERTEX_POINT('',#11063);
#3218=VERTEX_POINT('',#11082);
#3219=VERTEX_POINT('',#11090);
#3220=VERTEX_POINT('',#11109);
#3221=VERTEX_POINT('',#11140);
#3222=VERTEX_POINT('',#11141);
#3223=VERTEX_POINT('',#11143);
#3224=VERTEX_POINT('',#11148);
#3225=VERTEX_POINT('',#11173);
#3226=VERTEX_POINT('',#11178);
#3227=VERTEX_POINT('',#11182);
#3228=VERTEX_POINT('',#11186);
#3229=VERTEX_POINT('',#11187);
#3230=VERTEX_POINT('',#11189);
#3231=VERTEX_POINT('',#11223);
#3232=VERTEX_POINT('',#11260);
#3233=VERTEX_POINT('',#11261);
#3234=VERTEX_POINT('',#11263);
#3235=VERTEX_POINT('',#11271);
#3236=VERTEX_POINT('',#11290);
#3237=VERTEX_POINT('',#11292);
#3238=VERTEX_POINT('',#11317);
#3239=VERTEX_POINT('',#11319);
#3240=VERTEX_POINT('',#11344);
#3241=VERTEX_POINT('',#11346);
#3242=VERTEX_POINT('',#11368);
#3243=VERTEX_POINT('',#11408);
#3244=VERTEX_POINT('',#11409);
#3245=VERTEX_POINT('',#11414);
#3246=VERTEX_POINT('',#11467);
#3247=VERTEX_POINT('',#11474);
#3248=VERTEX_POINT('',#11476);
#3249=VERTEX_POINT('',#11478);
#3250=VERTEX_POINT('',#11508);
#3251=VERTEX_POINT('',#11509);
#3252=VERTEX_POINT('',#11526);
#3253=VERTEX_POINT('',#11527);
#3254=VERTEX_POINT('',#11529);
#3255=VERTEX_POINT('',#11531);
#3256=VERTEX_POINT('',#11535);
#3257=VERTEX_POINT('',#11537);
#3258=VERTEX_POINT('',#11541);
#3259=VERTEX_POINT('',#11543);
#3260=VERTEX_POINT('',#11561);
#3261=VERTEX_POINT('',#11562);
#3262=VERTEX_POINT('',#11564);
#3263=VERTEX_POINT('',#11589);
#3264=VERTEX_POINT('',#11590);
#3265=VERTEX_POINT('',#11592);
#3266=VERTEX_POINT('',#11600);
#3267=VERTEX_POINT('',#11628);
#3268=VERTEX_POINT('',#11656);
#3269=VERTEX_POINT('',#11657);
#3270=VERTEX_POINT('',#11659);
#3271=VERTEX_POINT('',#11667);
#3272=VERTEX_POINT('',#11686);
#3273=VERTEX_POINT('',#11694);
#3274=VERTEX_POINT('',#11713);
#3275=VERTEX_POINT('',#11721);
#3276=VERTEX_POINT('',#11740);
#3277=VERTEX_POINT('',#11748);
#3278=VERTEX_POINT('',#11767);
#3279=VERTEX_POINT('',#11775);
#3280=VERTEX_POINT('',#11789);
#3281=VERTEX_POINT('',#11796);
#3282=VERTEX_POINT('',#11797);
#3283=VERTEX_POINT('',#11799);
#3284=VERTEX_POINT('',#11839);
#3285=VERTEX_POINT('',#11882);
#3286=VERTEX_POINT('',#11898);
#3287=VERTEX_POINT('',#11899);
#3288=VERTEX_POINT('',#11904);
#3289=VERTEX_POINT('',#11908);
#3290=VERTEX_POINT('',#11909);
#3291=VERTEX_POINT('',#11911);
#3292=VERTEX_POINT('',#11913);
#3293=VERTEX_POINT('',#11921);
#3294=VERTEX_POINT('',#11923);
#3295=VERTEX_POINT('',#11939);
#3296=VERTEX_POINT('',#11940);
#3297=VERTEX_POINT('',#11960);
#3298=VERTEX_POINT('',#11988);
#3299=VERTEX_POINT('',#12001);
#3300=VERTEX_POINT('',#12007);
#3301=VERTEX_POINT('',#12012);
#3302=VERTEX_POINT('',#12021);
#3303=VERTEX_POINT('',#12026);
#3304=VERTEX_POINT('',#12031);
#3305=VERTEX_POINT('',#12036);
#3306=VERTEX_POINT('',#12041);
#3307=VERTEX_POINT('',#12061);
#3308=VERTEX_POINT('',#12175);
#3309=VERTEX_POINT('',#12250);
#3310=VERTEX_POINT('',#12251);
#3311=VERTEX_POINT('',#12253);
#3312=VERTEX_POINT('',#12258);
#3313=VERTEX_POINT('',#12339);
#3314=VERTEX_POINT('',#12344);
#3315=VERTEX_POINT('',#12364);
#3316=VERTEX_POINT('',#12365);
#3317=VERTEX_POINT('',#12394);
#3318=VERTEX_POINT('',#12402);
#3319=VERTEX_POINT('',#12405);
#3320=VERTEX_POINT('',#12414);
#3321=VERTEX_POINT('',#12423);
#3322=VERTEX_POINT('',#12428);
#3323=VERTEX_POINT('',#12429);
#3324=VERTEX_POINT('',#12431);
#3325=VERTEX_POINT('',#12436);
#3326=VERTEX_POINT('',#12447);
#3327=VERTEX_POINT('',#12448);
#3328=VERTEX_POINT('',#12530);
#3329=VERTEX_POINT('',#12535);
#3330=VERTEX_POINT('',#12573);
#3331=VERTEX_POINT('',#12576);
#3332=VERTEX_POINT('',#12585);
#3333=VERTEX_POINT('',#12588);
#3334=VERTEX_POINT('',#12589);
#3335=VERTEX_POINT('',#12591);
#3336=VERTEX_POINT('',#12596);
#3337=VERTEX_POINT('',#12638);
#3338=VERTEX_POINT('',#12639);
#3339=VERTEX_POINT('',#12656);
#3340=VERTEX_POINT('',#12658);
#3341=VERTEX_POINT('',#12754);
#3342=VERTEX_POINT('',#12755);
#3343=VERTEX_POINT('',#12785);
#3344=VERTEX_POINT('',#12800);
#3345=VERTEX_POINT('',#12805);
#3346=VERTEX_POINT('',#12819);
#3347=VERTEX_POINT('',#12824);
#3348=VERTEX_POINT('',#12946);
#3349=VERTEX_POINT('',#12951);
#3350=VERTEX_POINT('',#12964);
#3351=VERTEX_POINT('',#13082);
#3352=VERTEX_POINT('',#13083);
#3353=VERTEX_POINT('',#13208);
#3354=VERTEX_POINT('',#13209);
#3355=VERTEX_POINT('',#13391);
#3356=VERTEX_POINT('',#13392);
#3357=VERTEX_POINT('',#13398);
#3358=VERTEX_POINT('',#13403);
#3359=VERTEX_POINT('',#13412);
#3360=VERTEX_POINT('',#13419);
#3361=VERTEX_POINT('',#13420);
#3362=VERTEX_POINT('',#13507);
#3363=VERTEX_POINT('',#13512);
#3364=VERTEX_POINT('',#13546);
#3365=VERTEX_POINT('',#13549);
#3366=VERTEX_POINT('',#13552);
#3367=VERTEX_POINT('',#13555);
#3368=VERTEX_POINT('',#13558);
#3369=VERTEX_POINT('',#13561);
#3370=VERTEX_POINT('',#13564);
#3371=VERTEX_POINT('',#13572);
#3372=VERTEX_POINT('',#13573);
#3373=VERTEX_POINT('',#13579);
#3374=VERTEX_POINT('',#13584);
#3375=VERTEX_POINT('',#13593);
#3376=VERTEX_POINT('',#13600);
#3377=VERTEX_POINT('',#13601);
#3378=VERTEX_POINT('',#13688);
#3379=VERTEX_POINT('',#13693);
#3380=VERTEX_POINT('',#13727);
#3381=VERTEX_POINT('',#13730);
#3382=VERTEX_POINT('',#13733);
#3383=VERTEX_POINT('',#13736);
#3384=VERTEX_POINT('',#13739);
#3385=VERTEX_POINT('',#13742);
#3386=VERTEX_POINT('',#13745);
#3387=VERTEX_POINT('',#13750);
#3388=VERTEX_POINT('',#13753);
#3389=B_SPLINE_CURVE_WITH_KNOTS('',3,(#7588,#7589,#7590,#7591),
 .UNSPECIFIED.,.F.,.F.,(4,4),(2.16840434497101E-19,0.000205620714315163),
 .UNSPECIFIED.);
#3390=B_SPLINE_CURVE_WITH_KNOTS('',3,(#7594,#7595,#7596,#7597,#7598,#7599,
#7600,#7601,#7602),.UNSPECIFIED.,.F.,.F.,(4,2,3,4),(0.,0.00815689502855413,
0.0215868975116201,0.0218027664867363),.UNSPECIFIED.);
#3391=B_SPLINE_CURVE_WITH_KNOTS('',3,(#7617,#7618,#7619,#7620),
 .UNSPECIFIED.,.F.,.F.,(4,4),(0.00887724411571866,0.00960020708017163),
 .UNSPECIFIED.);
#3392=B_SPLINE_CURVE_WITH_KNOTS('',3,(#7623,#7624,#7625,#7626,#7627,#7628,
#7629,#7630,#7631,#7632),.UNSPECIFIED.,.F.,.F.,(4,3,3,4),(-0.013776422100949,
-0.0137325738521646,-0.0131776281177101,-0.0131368959295066),
 .PIECEWISE_BEZIER_KNOTS.);
#3393=B_SPLINE_CURVE_WITH_KNOTS('',3,(#7643,#7644,#7645,#7646,#7647,#7648,
#7649,#7650,#7651,#7652,#7653,#7654,#7655,#7656,#7657,#7658,#7659,#7660,
#7661),.UNSPECIFIED.,.F.,.F.,(4,3,3,3,3,3,4),(0.,0.00480737449869988,0.00507696067937836,
0.00547520611075864,0.00765199546890032,0.00996127494436171,0.0109659165399335),
 .UNSPECIFIED.);
#3394=B_SPLINE_CURVE_WITH_KNOTS('',3,(#7666,#7667,#7668,#7669),
 .UNSPECIFIED.,.F.,.F.,(4,4),(0.,0.000101208196378055),.UNSPECIFIED.);
#3395=B_SPLINE_CURVE_WITH_KNOTS('',3,(#7688,#7689,#7690,#7691,#7692,#7693,
#7694,#7695,#7696,#7697,#7698,#7699,#7700,#7701,#7702,#7703,#7704,#7705,
#7706),.UNSPECIFIED.,.F.,.F.,(4,3,3,3,3,3,4),(0.,0.00510313449367825,0.00757876168340821,
0.00776606818193526,0.0116128014717425,0.0152132843456357,0.0154595347615497),
 .UNSPECIFIED.);
#3396=B_SPLINE_CURVE_WITH_KNOTS('',3,(#7708,#7709,#7710,#7711),
 .UNSPECIFIED.,.F.,.F.,(4,4),(1.65437492554297E-16,0.000155115627101283),
 .UNSPECIFIED.);
#3397=B_SPLINE_CURVE_WITH_KNOTS('',3,(#7724,#7725,#7726,#7727,#7728,#7729,
#7730,#7731,#7732,#7733,#7734,#7735,#7736),.UNSPECIFIED.,.F.,.F.,(4,3,3,
3,4),(0.,0.00334675551675031,0.0067534756232124,0.00741328162879063,0.00912494294033229),
 .UNSPECIFIED.);
#3398=B_SPLINE_CURVE_WITH_KNOTS('',3,(#7738,#7739,#7740,#7741),
 .UNSPECIFIED.,.F.,.F.,(4,4),(8.52892309525418E-18,8.41407729737777E-5),
 .UNSPECIFIED.);
#3399=B_SPLINE_CURVE_WITH_KNOTS('',3,(#7743,#7744,#7745,#7746),
 .UNSPECIFIED.,.F.,.F.,(4,4),(0.,5.40515415773536E-5),.UNSPECIFIED.);
#3400=B_SPLINE_CURVE_WITH_KNOTS('',3,(#7750,#7751,#7752,#7753),
 .UNSPECIFIED.,.F.,.F.,(4,4),(9.89603544784724E-16,4.71556353285496E-5),
 .UNSPECIFIED.);
#3401=B_SPLINE_CURVE_WITH_KNOTS('',3,(#7764,#7765,#7766,#7767,#7768,#7769,
#7770,#7771,#7772,#7773,#7774,#7775,#7776,#7777,#7778,#7779,#7780,#7781,
#7782),.UNSPECIFIED.,.F.,.F.,(4,3,3,3,3,3,4),(0.,0.00184550501361063,0.00354772824569316,
0.00440546161105071,0.00472200175355804,0.00790223877875129,0.00884859912401944),
 .UNSPECIFIED.);
#3402=B_SPLINE_CURVE_WITH_KNOTS('',3,(#7786,#7787,#7788,#7789),
 .UNSPECIFIED.,.F.,.F.,(4,4),(1.95457326293297E-19,0.000105059757256993),
 .UNSPECIFIED.);
#3403=B_SPLINE_CURVE_WITH_KNOTS('',3,(#7828,#7829,#7830,#7831),
 .UNSPECIFIED.,.F.,.F.,(4,4),(2.47235545762467E-11,6.70599096605817E-5),
 .UNSPECIFIED.);
#3404=B_SPLINE_CURVE_WITH_KNOTS('',3,(#7836,#7837,#7838,#7839),
 .UNSPECIFIED.,.F.,.F.,(4,4),(1.93962456277697E-15,7.84720401943822E-5),
 .UNSPECIFIED.);
#3405=B_SPLINE_CURVE_WITH_KNOTS('',3,(#7841,#7842,#7843,#7844),
 .UNSPECIFIED.,.F.,.F.,(4,4),(-0.00902968048473057,-0.00833955416847068),
 .UNSPECIFIED.);
#3406=B_SPLINE_CURVE_WITH_KNOTS('',3,(#7848,#7849,#7850,#7851),
 .UNSPECIFIED.,.F.,.F.,(4,4),(0.00685213444345312,0.00860979288807376),
 .UNSPECIFIED.);
#3407=B_SPLINE_CURVE_WITH_KNOTS('',3,(#7862,#7863,#7864,#7865,#7866,#7867,
#7868,#7869,#7870,#7871,#7872,#7873,#7874,#7875,#7876,#7877,#7878,#7879,
#7880),.UNSPECIFIED.,.F.,.F.,(4,3,3,3,3,3,4),(0.,0.00205948296892343,0.00411136954842198,
0.00486324749685422,0.00499655104064801,0.00773944659594188,0.00959363409747064),
 .UNSPECIFIED.);
#3408=B_SPLINE_CURVE_WITH_KNOTS('',3,(#7882,#7883,#7884,#7885),
 .UNSPECIFIED.,.F.,.F.,(4,4),(8.92250961083736E-17,0.000105614235023155),
 .UNSPECIFIED.);
#3409=B_SPLINE_CURVE_WITH_KNOTS('',3,(#7898,#7899,#7900,#7901,#7902,#7903,
#7904,#7905,#7906,#7907,#7908,#7909,#7910,#7911,#7912,#7913,#7914,#7915,
#7916),.UNSPECIFIED.,.F.,.F.,(4,3,3,3,3,3,4),(0.,0.00295484324014209,0.00575597261745512,
0.00611057376711569,0.00808735843357062,0.0102715662574669,0.0119922423674794),
 .UNSPECIFIED.);
#3410=B_SPLINE_CURVE_WITH_KNOTS('',3,(#7918,#7919,#7920,#7921),
 .UNSPECIFIED.,.F.,.F.,(4,4),(5.42101086242752E-20,0.000115499248455044),
 .UNSPECIFIED.);
#3411=B_SPLINE_CURVE_WITH_KNOTS('',3,(#7934,#7935,#7936,#7937,#7938,#7939,
#7940,#7941,#7942,#7943,#7944,#7945,#7946,#7947,#7948,#7949,#7950,#7951,
#7952),.UNSPECIFIED.,.F.,.F.,(4,3,3,3,3,3,4),(0.,0.00323070353748278,0.00458163355126863,
0.00478039261862145,0.00656890532723527,0.00841214377816977,0.00953424938543079),
 .UNSPECIFIED.);
#3412=B_SPLINE_CURVE_WITH_KNOTS('',3,(#7954,#7955,#7956,#7957),
 .UNSPECIFIED.,.F.,.F.,(4,4),(1.21217487951527E-19,9.13278872488948E-5),
 .UNSPECIFIED.);
#3413=B_SPLINE_CURVE_WITH_KNOTS('',3,(#7970,#7971,#7972,#7973,#7974,#7975,
#7976,#7977,#7978,#7979,#7980,#7981,#7982,#7983,#7984,#7985),
 .UNSPECIFIED.,.F.,.F.,(4,3,3,3,3,4),(0.,0.00322032640250712,0.00423643489715096,
0.00427736402341038,0.00669126330110756,0.00862175146242285),
 .UNSPECIFIED.);
#3414=B_SPLINE_CURVE_WITH_KNOTS('',3,(#7987,#7988,#7989,#7990),
 .UNSPECIFIED.,.F.,.F.,(4,4),(7.59715556148315E-18,8.40659362588605E-5),
 .UNSPECIFIED.);
#3415=B_SPLINE_CURVE_WITH_KNOTS('',3,(#8003,#8004,#8005,#8006,#8007,#8008,
#8009,#8010,#8011,#8012,#8013,#8014,#8015,#8016,#8017,#8018,#8019,#8020,
#8021,#8022,#8023,#8024),.UNSPECIFIED.,.F.,.F.,(4,3,3,3,3,3,3,4),(0.,0.00315494449559007,
0.00618202843785166,0.00765924148167976,0.00780311890957391,0.0117837430925463,
0.0149870482347224,0.015926608526673),.UNSPECIFIED.);
#3416=B_SPLINE_CURVE_WITH_KNOTS('',3,(#8026,#8027,#8028,#8029),
 .UNSPECIFIED.,.F.,.F.,(4,4),(0.,0.000151704841793244),.UNSPECIFIED.);
#3417=B_SPLINE_CURVE_WITH_KNOTS('',3,(#8047,#8048,#8049,#8050),
 .UNSPECIFIED.,.F.,.F.,(4,4),(0.,0.00270855526245533),.UNSPECIFIED.);
#3418=B_SPLINE_CURVE_WITH_KNOTS('',3,(#8052,#8053,#8054,#8055),
 .UNSPECIFIED.,.F.,.F.,(4,4),(-0.00252668468182262,-0.000951009273985084),
 .UNSPECIFIED.);
#3419=B_SPLINE_CURVE_WITH_KNOTS('',3,(#8057,#8058,#8059,#8060),
 .UNSPECIFIED.,.F.,.F.,(4,4),(1.63249176546359E-17,0.000152129572312648),
 .UNSPECIFIED.);
#3420=B_SPLINE_CURVE_WITH_KNOTS('',3,(#8064,#8065,#8066,#8067),
 .UNSPECIFIED.,.F.,.F.,(4,4),(4.09645170140665E-18,0.000139839844886127),
 .UNSPECIFIED.);
#3421=B_SPLINE_CURVE_WITH_KNOTS('',3,(#8101,#8102,#8103,#8104),
 .UNSPECIFIED.,.F.,.F.,(4,4),(2.05648019112879E-16,0.000136813075923354),
 .UNSPECIFIED.);
#3422=B_SPLINE_CURVE_WITH_KNOTS('',3,(#8106,#8107,#8108,#8109),
 .UNSPECIFIED.,.F.,.F.,(4,4),(7.85988437233773E-17,0.000136890841009351),
 .UNSPECIFIED.);
#3423=B_SPLINE_CURVE_WITH_KNOTS('',3,(#8127,#8128,#8129,#8130,#8131,#8132,
#8133),.UNSPECIFIED.,.F.,.F.,(4,3,4),(1.16438518104868E-16,3.22089749533007E-5,
3.28086369037343E-5),.PIECEWISE_BEZIER_KNOTS.);
#3424=B_SPLINE_CURVE_WITH_KNOTS('',3,(#8135,#8136,#8137,#8138),
 .UNSPECIFIED.,.F.,.F.,(4,4),(2.05912800073623E-17,4.23785365059519E-5),
 .UNSPECIFIED.);
#3425=B_SPLINE_CURVE_WITH_KNOTS('',3,(#8140,#8141,#8142,#8143),
 .UNSPECIFIED.,.F.,.F.,(4,4),(1.09974341312323E-16,0.000103405114067978),
 .UNSPECIFIED.);
#3426=B_SPLINE_CURVE_WITH_KNOTS('',3,(#8147,#8148,#8149,#8150,#8151,#8152,
#8153,#8154,#8155,#8156,#8157,#8158,#8159,#8160,#8161,#8162,#8163,#8164,
#8165),.UNSPECIFIED.,.F.,.F.,(4,3,3,3,3,3,4),(0.0031409180354103,0.00641690965519037,
0.00685905396180321,0.00687192513811004,0.00956592666630091,0.0119847192876752,
0.0133004334007349),.UNSPECIFIED.);
#3427=B_SPLINE_CURVE_WITH_KNOTS('',3,(#8176,#8177,#8178,#8179,#8180,#8181,
#8182,#8183,#8184,#8185,#8186,#8187,#8188,#8189,#8190,#8191),
 .UNSPECIFIED.,.F.,.F.,(4,3,3,3,3,4),(0.,0.00291959484459986,0.0061480743998984,
0.00617802492668827,0.00931013790173755,0.0122612941922102),
 .UNSPECIFIED.);
#3428=B_SPLINE_CURVE_WITH_KNOTS('',3,(#8193,#8194,#8195,#8196),
 .UNSPECIFIED.,.F.,.F.,(4,4),(0.,0.00012409546718014),.UNSPECIFIED.);
#3429=B_SPLINE_CURVE_WITH_KNOTS('',3,(#8209,#8210,#8211,#8212,#8213,#8214,
#8215,#8216,#8217,#8218,#8219,#8220,#8221,#8222,#8223,#8224),
 .UNSPECIFIED.,.F.,.F.,(4,3,3,3,3,4),(0.,0.00502570955383441,0.00559530657274158,
0.00736626418798743,0.00926735193907271,0.011168439690158),
 .UNSPECIFIED.);
#3430=B_SPLINE_CURVE_WITH_KNOTS('',3,(#8226,#8227,#8228,#8229),
 .UNSPECIFIED.,.F.,.F.,(4,4),(0.,0.000100694043422192),.UNSPECIFIED.);
#3431=B_SPLINE_CURVE_WITH_KNOTS('',3,(#8279,#8280,#8281,#8282),
 .UNSPECIFIED.,.F.,.F.,(4,4),(1.0842021724855E-19,9.36310280899515E-5),
 .UNSPECIFIED.);
#3432=B_SPLINE_CURVE_WITH_KNOTS('',3,(#8283,#8284,#8285,#8286),
 .UNSPECIFIED.,.F.,.F.,(4,4),(0.,9.35402121469169E-5),.UNSPECIFIED.);
#3433=B_SPLINE_CURVE_WITH_KNOTS('',3,(#8297,#8298,#8299,#8300),
 .UNSPECIFIED.,.F.,.F.,(4,4),(0.,0.000127499744742685),.UNSPECIFIED.);
#3434=B_SPLINE_CURVE_WITH_KNOTS('',3,(#8304,#8305,#8306,#8307),
 .UNSPECIFIED.,.F.,.F.,(4,4),(2.05212292804813E-17,0.000127495274785829),
 .UNSPECIFIED.);
#3435=B_SPLINE_CURVE_WITH_KNOTS('',3,(#8318,#8319,#8320,#8321),
 .UNSPECIFIED.,.F.,.F.,(4,4),(1.27046876601543E-10,0.000120599424945815),
 .UNSPECIFIED.);
#3436=B_SPLINE_CURVE_WITH_KNOTS('',3,(#8325,#8326,#8327,#8328),
 .UNSPECIFIED.,.F.,.F.,(4,4),(1.53329341668337E-19,0.000120680595062579),
 .UNSPECIFIED.);
#3437=B_SPLINE_CURVE_WITH_KNOTS('',3,(#8339,#8340,#8341,#8342),
 .UNSPECIFIED.,.F.,.F.,(4,4),(8.47017291230242E-17,0.00010051569331417),
 .UNSPECIFIED.);
#3438=B_SPLINE_CURVE_WITH_KNOTS('',3,(#8344,#8345,#8346,#8347),
 .UNSPECIFIED.,.F.,.F.,(4,4),(0.,0.0050980741920917),.UNSPECIFIED.);
#3439=B_SPLINE_CURVE_WITH_KNOTS('',3,(#8351,#8352,#8353,#8354,#8355,#8356),
 .UNSPECIFIED.,.F.,.F.,(4,2,4),(-0.00579899078963435,-0.00422164103803114,
-0.00116118812005024),.UNSPECIFIED.);
#3440=B_SPLINE_CURVE_WITH_KNOTS('',3,(#8358,#8359,#8360,#8361),
 .UNSPECIFIED.,.F.,.F.,(4,4),(0.,0.000108592366180232),.UNSPECIFIED.);
#3441=B_SPLINE_CURVE_WITH_KNOTS('',3,(#8372,#8373,#8374,#8375,#8376,#8377,
#8378,#8379,#8380,#8381,#8382,#8383,#8384,#8385,#8386,#8387,#8388,#8389,
#8390,#8391,#8392,#8393),.UNSPECIFIED.,.F.,.F.,(4,3,3,3,3,3,3,4),(0.,0.00348370307796501,
0.00634737609046603,0.00900258554669701,0.00932064594818245,0.0138743073368182,
0.0171856538982584,0.018427968725454),.UNSPECIFIED.);
#3442=B_SPLINE_CURVE_WITH_KNOTS('',3,(#8397,#8398,#8399,#8400),
 .UNSPECIFIED.,.F.,.F.,(4,4),(1.0842021724855E-19,0.000199637364556679),
 .UNSPECIFIED.);
#3443=B_SPLINE_CURVE_WITH_KNOTS('',3,(#8411,#8412,#8413,#8414,#8415,#8416,
#8417,#8418,#8419,#8420,#8421,#8422,#8423,#8424,#8425,#8426,#8427,#8428,
#8429,#8430,#8431,#8432),.UNSPECIFIED.,.F.,.F.,(4,3,3,3,3,3,3,4),(0.,0.00343876846856865,
0.00808501690847289,0.00946733397678991,0.00970816498140376,0.0127100184670334,
0.016047146690018,0.0191688425772674),.UNSPECIFIED.);
#3444=B_SPLINE_CURVE_WITH_KNOTS('',3,(#8436,#8437,#8438,#8439),
 .UNSPECIFIED.,.F.,.F.,(4,4),(2.71050543121376E-20,0.000185476246140362),
 .UNSPECIFIED.);
#3445=B_SPLINE_CURVE_WITH_KNOTS('',3,(#8464,#8465,#8466,#8467),
 .UNSPECIFIED.,.F.,.F.,(4,4),(5.76537305761128E-15,9.44562549929229E-5),
 .UNSPECIFIED.);
#3446=B_SPLINE_CURVE_WITH_KNOTS('',3,(#8469,#8470,#8471,#8472),
 .UNSPECIFIED.,.F.,.F.,(4,4),(4.34993356749503E-10,0.000118019405927216),
 .UNSPECIFIED.);
#3447=B_SPLINE_CURVE_WITH_KNOTS('',3,(#8476,#8477,#8478,#8479),
 .UNSPECIFIED.,.F.,.F.,(4,4),(1.46984404837852E-17,0.000126001829837345),
 .UNSPECIFIED.);
#3448=B_SPLINE_CURVE_WITH_KNOTS('',3,(#8481,#8482,#8483,#8484),
 .UNSPECIFIED.,.F.,.F.,(4,4),(1.35525271560688E-20,8.64315869150167E-5),
 .UNSPECIFIED.);
#3449=B_SPLINE_CURVE_WITH_KNOTS('',3,(#8518,#8519,#8520,#8521),
 .UNSPECIFIED.,.F.,.F.,(4,4),(7.15874603492556E-11,0.000195202038150955),
 .UNSPECIFIED.);
#3450=B_SPLINE_CURVE_WITH_KNOTS('',3,(#8525,#8526,#8527,#8528),
 .UNSPECIFIED.,.F.,.F.,(4,4),(4.58963041572642E-17,0.000195239827608642),
 .UNSPECIFIED.);
#3451=B_SPLINE_CURVE_WITH_KNOTS('',3,(#8562,#8563,#8564,#8565),
 .UNSPECIFIED.,.F.,.F.,(4,4),(6.41936404577709E-11,0.000184266260739577),
 .UNSPECIFIED.);
#3452=B_SPLINE_CURVE_WITH_KNOTS('',3,(#8569,#8570,#8571,#8572),
 .UNSPECIFIED.,.F.,.F.,(4,4),(4.91080454621119E-19,0.000184426645826008),
 .UNSPECIFIED.);
#3453=B_SPLINE_CURVE_WITH_KNOTS('',3,(#8588,#8589,#8590,#8591),
 .UNSPECIFIED.,.F.,.F.,(4,4),(2.42434975903054E-19,0.000158972541812453),
 .UNSPECIFIED.);
#3454=B_SPLINE_CURVE_WITH_KNOTS('',3,(#8593,#8594,#8595,#8596),
 .UNSPECIFIED.,.F.,.F.,(4,4),(2.42434975903054E-19,4.89778404102367E-5),
 .UNSPECIFIED.);
#3455=B_SPLINE_CURVE_WITH_KNOTS('',3,(#8600,#8601,#8602,#8603,#8604,#8605,
#8606),.UNSPECIFIED.,.F.,.F.,(4,3,4),(-0.00538753091548442,-0.00327796683731781,
-0.00116840275915121),.UNSPECIFIED.);
#3456=B_SPLINE_CURVE_WITH_KNOTS('',3,(#8608,#8609,#8610,#8611),
 .UNSPECIFIED.,.F.,.F.,(4,4),(3.43388519087209E-17,0.000168085767664845),
 .UNSPECIFIED.);
#3457=B_SPLINE_CURVE_WITH_KNOTS('',3,(#8622,#8623,#8624,#8625,#8626,#8627,
#8628,#8629,#8630,#8631,#8632,#8633,#8634,#8635,#8636,#8637,#8638,#8639,
#8640),.UNSPECIFIED.,.F.,.F.,(4,3,3,3,3,3,4),(0.,0.00420758931679837,0.00787287496977523,
0.00791205161710103,0.0123357062687176,0.015768933802077,0.0160150148424642),
 .UNSPECIFIED.);
#3458=B_SPLINE_CURVE_WITH_KNOTS('',3,(#8644,#8645,#8646,#8647),
 .UNSPECIFIED.,.F.,.F.,(4,4),(5.42101086242752E-20,0.00016005195546951),
 .UNSPECIFIED.);
#3459=B_SPLINE_CURVE_WITH_KNOTS('',3,(#8658,#8659,#8660,#8661,#8662,#8663,
#8664,#8665,#8666,#8667,#8668,#8669,#8670,#8671,#8672,#8673,#8674,#8675,
#8676),.UNSPECIFIED.,.F.,.F.,(4,3,3,3,3,3,4),(0.,0.00443110812907179,0.00833304626734034,
0.00859558699747086,0.0119166703914026,0.0151817245574872,0.0171283716113474),
 .UNSPECIFIED.);
#3460=B_SPLINE_CURVE_WITH_KNOTS('',3,(#8680,#8681,#8682,#8683),
 .UNSPECIFIED.,.F.,.F.,(4,4),(0.,0.000165074626535623),.UNSPECIFIED.);
#3461=B_SPLINE_CURVE_WITH_KNOTS('',3,(#8692,#8693,#8694,#8695),
 .UNSPECIFIED.,.F.,.F.,(4,4),(0.,1.),.UNSPECIFIED.);
#3462=B_SPLINE_CURVE_WITH_KNOTS('',3,(#8701,#8702,#8703,#8704),
 .UNSPECIFIED.,.F.,.F.,(4,4),(0.,1.),.UNSPECIFIED.);
#3463=B_SPLINE_CURVE_WITH_KNOTS('',3,(#8709,#8710,#8711,#8712,#8713,#8714,
#8715,#8716,#8717,#8718,#8719,#8720,#8721,#8722,#8723,#8724,#8725,#8726,
#8727,#8728,#8729,#8730,#8731,#8732,#8733,#8734,#8735,#8736),
 .UNSPECIFIED.,.F.,.F.,(4,3,3,3,3,3,3,3,3,4),(0.000456700729251818,0.000660219986383958,
0.00464546741244263,0.0094386350623715,0.0100637770228169,0.0110681321928088,
0.0138734176475204,0.0170791054292167,0.0208106414846156,0.0210121456995979),
 .UNSPECIFIED.);
#3464=B_SPLINE_CURVE_WITH_KNOTS('',3,(#8738,#8739,#8740,#8741),
 .UNSPECIFIED.,.F.,.F.,(4,4),(0.00323156968079035,1.),.UNSPECIFIED.);
#3465=B_SPLINE_CURVE_WITH_KNOTS('',3,(#8743,#8744,#8745,#8746),
 .UNSPECIFIED.,.F.,.F.,(4,4),(7.92120719588944E-5,1.),.UNSPECIFIED.);
#3466=B_SPLINE_CURVE_WITH_KNOTS('',3,(#8748,#8749,#8750,#8751,#8752,#8753,
#8754),.UNSPECIFIED.,.F.,.F.,(4,3,4),(0.,0.00241708549287712,0.00317085553804463),
 .UNSPECIFIED.);
#3467=B_SPLINE_CURVE_WITH_KNOTS('',3,(#8760,#8761,#8762,#8763),
 .UNSPECIFIED.,.F.,.F.,(4,4),(0.,0.00014785842658563),.UNSPECIFIED.);
#3468=B_SPLINE_CURVE_WITH_KNOTS('',3,(#8765,#8766,#8767,#8768),
 .UNSPECIFIED.,.F.,.F.,(4,4),(0.,0.998954157864689),.UNSPECIFIED.);
#3469=B_SPLINE_CURVE_WITH_KNOTS('',3,(#8770,#8771,#8772,#8773),
 .UNSPECIFIED.,.F.,.F.,(4,4),(0.,1.),.UNSPECIFIED.);
#3470=B_SPLINE_CURVE_WITH_KNOTS('',3,(#8775,#8776,#8777,#8778),
 .UNSPECIFIED.,.F.,.F.,(4,4),(3.24303479813428E-8,0.000112447820928374),
 .UNSPECIFIED.);
#3471=B_SPLINE_CURVE_WITH_KNOTS('',3,(#8780,#8781,#8782,#8783),
 .UNSPECIFIED.,.F.,.F.,(4,4),(0.,0.995366453476848),.UNSPECIFIED.);
#3472=B_SPLINE_CURVE_WITH_KNOTS('',3,(#8785,#8786,#8787,#8788),
 .UNSPECIFIED.,.F.,.F.,(4,4),(0.,0.999899184261509),.UNSPECIFIED.);
#3473=B_SPLINE_CURVE_WITH_KNOTS('',3,(#8790,#8791,#8792,#8793,#8794,#8795,
#8796,#8797,#8798,#8799,#8800,#8801,#8802,#8803,#8804,#8805,#8806,#8807,
#8808),.UNSPECIFIED.,.F.,.F.,(4,3,3,3,3,3,4),(0.,0.00184506191100308,0.0035887854315293,
0.00519830497651935,0.00660312561452091,0.00722474048630036,0.0078662531996373),
 .UNSPECIFIED.);
#3474=B_SPLINE_CURVE_WITH_KNOTS('',3,(#8816,#8817,#8818,#8819),
 .UNSPECIFIED.,.F.,.F.,(4,4),(0.,1.),.UNSPECIFIED.);
#3475=B_SPLINE_CURVE_WITH_KNOTS('',3,(#8823,#8824,#8825,#8826,#8827,#8828,
#8829),.UNSPECIFIED.,.F.,.F.,(4,1,1,1,4),(0.,0.25,0.5,0.75,1.),
 .UNSPECIFIED.);
#3476=B_SPLINE_CURVE_WITH_KNOTS('',3,(#8831,#8832,#8833,#8834,#8835,#8836,
#8837,#8838,#8839,#8840,#8841,#8842,#8843,#8844,#8845,#8846,#8847,#8848),
 .UNSPECIFIED.,.F.,.F.,(4,1,1,1,1,1,1,1,1,1,1,1,1,1,1,4),(0.,0.125,0.1875,
0.25,0.3125,0.34375,0.375,0.40625,0.4375,0.5,0.5625,0.625,0.75,0.8125,0.875,
1.),.UNSPECIFIED.);
#3477=B_SPLINE_CURVE_WITH_KNOTS('',3,(#8865,#8866,#8867,#8868),
 .UNSPECIFIED.,.F.,.F.,(4,4),(1.30160596067736E-5,1.),.UNSPECIFIED.);
#3478=B_SPLINE_CURVE_WITH_KNOTS('',3,(#8870,#8871,#8872,#8873),
 .UNSPECIFIED.,.F.,.F.,(4,4),(0.,1.),.UNSPECIFIED.);
#3479=B_SPLINE_CURVE_WITH_KNOTS('',3,(#8875,#8876,#8877,#8878),
 .UNSPECIFIED.,.F.,.F.,(4,4),(0.,1.),.UNSPECIFIED.);
#3480=B_SPLINE_CURVE_WITH_KNOTS('',3,(#8880,#8881,#8882,#8883),
 .UNSPECIFIED.,.F.,.F.,(4,4),(0.000152074501913449,1.),.UNSPECIFIED.);
#3481=B_SPLINE_CURVE_WITH_KNOTS('',3,(#8885,#8886,#8887,#8888,#8889,#8890,
#8891,#8892,#8893,#8894,#8895,#8896,#8897,#8898,#8899,#8900,#8901,#8902,
#8903,#8904,#8905,#8906,#8907,#8908,#8909),.UNSPECIFIED.,.F.,.F.,(4,3,3,
3,3,3,3,3,4),(0.,0.00218050649856445,0.00444676900639021,0.00598181612848896,
0.00633978484041122,0.00940747415392671,0.0120071851395834,0.0131742860770936,
0.0133060289378645),.UNSPECIFIED.);
#3482=B_SPLINE_CURVE_WITH_KNOTS('',3,(#8911,#8912,#8913,#8914),
 .UNSPECIFIED.,.F.,.F.,(4,4),(3.00853893133056E-18,0.000171260984783836),
 .UNSPECIFIED.);
#3483=B_SPLINE_CURVE_WITH_KNOTS('',3,(#8916,#8917,#8918,#8919),
 .UNSPECIFIED.,.F.,.F.,(4,4),(6.60038713455859E-8,7.9532876192489E-6),
 .UNSPECIFIED.);
#3484=B_SPLINE_CURVE_WITH_KNOTS('',3,(#8924,#8925,#8926,#8927,#8928,#8929,
#8930,#8931,#8932,#8933,#8934,#8935,#8936,#8937,#8938,#8939,#8940,#8941,
#8942,#8943,#8944,#8945,#8946,#8947,#8948),.UNSPECIFIED.,.F.,.F.,(4,3,3,
3,3,3,3,3,4),(0.,0.00119138190071589,0.00334624301768497,0.00379749504369346,
0.00381146365348321,0.00585174762035378,0.00744515285239152,0.00786000176624771,
0.00793860178391019),.UNSPECIFIED.);
#3485=B_SPLINE_CURVE_WITH_KNOTS('',3,(#8950,#8951,#8952,#8953),
 .UNSPECIFIED.,.F.,.F.,(4,4),(0.,1.),.UNSPECIFIED.);
#3486=B_SPLINE_CURVE_WITH_KNOTS('',3,(#8966,#8967,#8968,#8969,#8970,#8971,
#8972),.UNSPECIFIED.,.F.,.F.,(4,3,4),(0.,0.00585598478842785,0.0105155965317153),
 .UNSPECIFIED.);
#3487=B_SPLINE_CURVE_WITH_KNOTS('',3,(#8977,#8978,#8979,#8980,#8981,#8982,
#8983),.UNSPECIFIED.,.F.,.F.,(4,3,4),(-0.0105155965317153,-0.00585598478842785,
0.),.UNSPECIFIED.);
#3488=B_SPLINE_CURVE_WITH_KNOTS('',3,(#8996,#8997,#8998,#8999,#9000,#9001,
#9002),.UNSPECIFIED.,.F.,.F.,(4,3,4),(0.,0.00625442174039237,0.012563593054105),
 .UNSPECIFIED.);
#3489=B_SPLINE_CURVE_WITH_KNOTS('',3,(#9004,#9005,#9006,#9007,#9008,#9009,
#9010,#9011,#9012),.UNSPECIFIED.,.F.,.F.,(4,3,2,4),(-0.012689228984646,
-0.012563593054105,-0.00628191478782499,0.),.UNSPECIFIED.);
#3490=B_SPLINE_CURVE_WITH_KNOTS('',3,(#9023,#9024,#9025,#9026,#9027,#9028,
#9029,#9030,#9031,#9032),.UNSPECIFIED.,.F.,.F.,(4,3,3,4),(-0.00019937724996499,
0.,0.0104260139918603,0.019937724996499),.PIECEWISE_BEZIER_KNOTS.);
#3491=B_SPLINE_CURVE_WITH_KNOTS('',3,(#9035,#9036,#9037,#9038,#9039,#9040,
#9041),.UNSPECIFIED.,.F.,.F.,(4,3,4),(-0.019937724996499,-0.0104260139918603,
0.),.UNSPECIFIED.);
#3492=B_SPLINE_CURVE_WITH_KNOTS('',3,(#9054,#9055,#9056,#9057,#9058,#9059,
#9060),.UNSPECIFIED.,.F.,.F.,(4,3,4),(0.,0.0107288113046603,0.0231785167818083),
 .UNSPECIFIED.);
#3493=B_SPLINE_CURVE_WITH_KNOTS('',3,(#9062,#9063,#9064,#9065,#9066,#9067,
#9068),.UNSPECIFIED.,.F.,.F.,(4,3,4),(-0.0231785167818083,-0.0107288113046603,
0.),.UNSPECIFIED.);
#3494=B_SPLINE_CURVE_WITH_KNOTS('',3,(#9081,#9082,#9083,#9084,#9085,#9086,
#9087),.UNSPECIFIED.,.F.,.F.,(4,3,4),(0.,0.0118248056875234,0.0219491088036113),
 .UNSPECIFIED.);
#3495=B_SPLINE_CURVE_WITH_KNOTS('',3,(#9089,#9090,#9091,#9092,#9093,#9094,
#9095),.UNSPECIFIED.,.F.,.F.,(4,3,4),(-0.0219491088036113,-0.0118248056875234,
0.),.UNSPECIFIED.);
#3496=B_SPLINE_CURVE_WITH_KNOTS('',3,(#9108,#9109,#9110,#9111,#9112,#9113,
#9114),.UNSPECIFIED.,.F.,.F.,(4,3,4),(0.,0.00988339883688245,0.020246872321976),
 .UNSPECIFIED.);
#3497=B_SPLINE_CURVE_WITH_KNOTS('',3,(#9116,#9117,#9118,#9119,#9120,#9121,
#9122),.UNSPECIFIED.,.F.,.F.,(4,3,4),(-0.020246872321976,-0.00988339883688245,
0.),.UNSPECIFIED.);
#3498=B_SPLINE_CURVE_WITH_KNOTS('',3,(#9135,#9136,#9137,#9138,#9139,#9140,
#9141),.UNSPECIFIED.,.F.,.F.,(4,3,4),(0.,0.00967196012331916,0.0189543359631773),
 .UNSPECIFIED.);
#3499=B_SPLINE_CURVE_WITH_KNOTS('',3,(#9143,#9144,#9145,#9146,#9147,#9148,
#9149),.UNSPECIFIED.,.F.,.F.,(4,3,4),(-0.0189543359631773,-0.00967196012331916,
0.),.UNSPECIFIED.);
#3500=B_SPLINE_CURVE_WITH_KNOTS('',3,(#9162,#9163,#9164,#9165,#9166,#9167,
#9168),.UNSPECIFIED.,.F.,.F.,(4,3,4),(0.,0.0108153189351395,0.0234629540423884),
 .UNSPECIFIED.);
#3501=B_SPLINE_CURVE_WITH_KNOTS('',3,(#9170,#9171,#9172,#9173,#9174,#9175,
#9176),.UNSPECIFIED.,.F.,.F.,(4,3,4),(-0.0234629540423884,-0.0108153189351395,
3.46944695195361E-18),.UNSPECIFIED.);
#3502=B_SPLINE_CURVE_WITH_KNOTS('',3,(#9189,#9190,#9191,#9192,#9193,#9194),
 .UNSPECIFIED.,.F.,.F.,(4,2,4),(0.,0.000229248669044568,0.000441242794838792),
 .UNSPECIFIED.);
#3503=B_SPLINE_CURVE_WITH_KNOTS('',3,(#9196,#9197,#9198,#9199,#9200,#9201,
#9202),.UNSPECIFIED.,.F.,.F.,(4,3,4),(-0.000441242794838792,-0.00018382111855394,
0.),.UNSPECIFIED.);
#3504=B_SPLINE_CURVE_WITH_KNOTS('',3,(#9221,#9222,#9223,#9224,#9225),
 .UNSPECIFIED.,.F.,.F.,(4,1,4),(0.,0.00559206105537461,0.011707291530541),
 .UNSPECIFIED.);
#3505=B_SPLINE_CURVE_WITH_KNOTS('',3,(#9228,#9229,#9230,#9231,#9232,#9233,
#9234,#9235,#9236,#9237),.UNSPECIFIED.,.F.,.F.,(4,3,3,4),(-0.0127784206725027,
-0.00610369259238856,0.,0.000127784206725027),.PIECEWISE_BEZIER_KNOTS.);
#3506=B_SPLINE_CURVE_WITH_KNOTS('',3,(#9263,#9264,#9265,#9266,#9267),
 .UNSPECIFIED.,.F.,.F.,(4,1,4),(0.,0.00582168098653007,0.0117518927268717),
 .UNSPECIFIED.);
#3507=B_SPLINE_CURVE_WITH_KNOTS('',3,(#9270,#9271,#9272,#9273,#9274,#9275,
#9276,#9277,#9278,#9279),.UNSPECIFIED.,.F.,.F.,(4,3,3,4),(-0.0122762385817586,
-0.00608143270182448,0.,0.000122762385817586),.PIECEWISE_BEZIER_KNOTS.);
#3508=B_SPLINE_CURVE_WITH_KNOTS('',3,(#9292,#9293,#9294,#9295,#9296,#9297,
#9298),.UNSPECIFIED.,.F.,.F.,(4,3,4),(0.,0.00450520212394267,0.00871237583518153),
 .UNSPECIFIED.);
#3509=B_SPLINE_CURVE_WITH_KNOTS('',3,(#9300,#9301,#9302,#9303,#9304,#9305,
#9306),.UNSPECIFIED.,.F.,.F.,(4,3,4),(-0.00871237583518153,-0.00450520212394267,
0.),.UNSPECIFIED.);
#3510=B_SPLINE_CURVE_WITH_KNOTS('',3,(#9319,#9320,#9321,#9322,#9323,#9324,
#9325),.UNSPECIFIED.,.F.,.F.,(4,3,4),(0.,0.00492513085202882,0.010786594426405),
 .UNSPECIFIED.);
#3511=B_SPLINE_CURVE_WITH_KNOTS('',3,(#9327,#9328,#9329,#9330,#9331,#9332,
#9333),.UNSPECIFIED.,.F.,.F.,(4,3,4),(-0.010786594426405,-0.00492513085202882,
0.),.UNSPECIFIED.);
#3512=B_SPLINE_CURVE_WITH_KNOTS('',3,(#9358,#9359,#9360,#9361,#9362,#9363,
#9364,#9365,#9366,#9367),.UNSPECIFIED.,.F.,.F.,(4,3,3,4),(0.,0.00767855323818191,
0.0148594244666354,0.0150080187113018),.PIECEWISE_BEZIER_KNOTS.);
#3513=B_SPLINE_CURVE_WITH_KNOTS('',3,(#9369,#9370,#9371,#9372,#9373,#9374,
#9375,#9376,#9377,#9378),.UNSPECIFIED.,.F.,.F.,(4,3,3,4),(-0.0150080187113018,
-0.0148594244666354,-0.00767855323818191,-1.73472347597681E-18),
 .PIECEWISE_BEZIER_KNOTS.);
#3514=B_SPLINE_CURVE_WITH_KNOTS('',3,(#9380,#9381,#9382,#9383),
 .UNSPECIFIED.,.F.,.F.,(4,4),(0.00119193872722247,0.998423988889844),
 .UNSPECIFIED.);
#3515=B_SPLINE_CURVE_WITH_KNOTS('',3,(#9385,#9386,#9387,#9388),
 .UNSPECIFIED.,.F.,.F.,(4,4),(0.,1.),.UNSPECIFIED.);
#3516=B_SPLINE_CURVE_WITH_KNOTS('',3,(#9389,#9390,#9391,#9392),
 .UNSPECIFIED.,.F.,.F.,(4,4),(3.19901157792998E-6,0.998589779222513),
 .UNSPECIFIED.);
#3517=B_SPLINE_CURVE_WITH_KNOTS('',3,(#9394,#9395,#9396,#9397),
 .UNSPECIFIED.,.F.,.F.,(4,4),(0.,0.998133570911872),.UNSPECIFIED.);
#3518=B_SPLINE_CURVE_WITH_KNOTS('',3,(#9398,#9399,#9400,#9401),
 .UNSPECIFIED.,.F.,.F.,(4,4),(0.000107182021285341,0.998239271422365),
 .UNSPECIFIED.);
#3519=B_SPLINE_CURVE_WITH_KNOTS('',3,(#9403,#9404,#9405,#9406),
 .UNSPECIFIED.,.F.,.F.,(4,4),(0.,0.999976428023299),.UNSPECIFIED.);
#3520=B_SPLINE_CURVE_WITH_KNOTS('',3,(#9415,#9416,#9417,#9418),
 .UNSPECIFIED.,.F.,.F.,(4,4),(0.0230627399273952,0.02726129153899),
 .UNSPECIFIED.);
#3521=B_SPLINE_CURVE_WITH_KNOTS('',3,(#9421,#9422,#9423,#9424),
 .UNSPECIFIED.,.F.,.F.,(4,4),(-0.0287385568886079,-0.0243020715828793),
 .UNSPECIFIED.);
#3522=B_SPLINE_CURVE_WITH_KNOTS('',3,(#9443,#9444,#9445,#9446,#9447,#9448,
#9449,#9450,#9451,#9452),.UNSPECIFIED.,.F.,.F.,(4,3,3,4),(0.,0.0151038943266882,
0.0246620635815852,0.0249086842174011),.PIECEWISE_BEZIER_KNOTS.);
#3523=B_SPLINE_CURVE_WITH_KNOTS('',3,(#9454,#9455,#9456,#9457,#9458,#9459,
#9460,#9461,#9462,#9463),.UNSPECIFIED.,.F.,.F.,(4,3,3,4),(-0.0249086842174011,
-0.0246620635815852,-0.0151038943266882,-3.46944695195361E-18),
 .PIECEWISE_BEZIER_KNOTS.);
#3524=B_SPLINE_CURVE_WITH_KNOTS('',3,(#9480,#9481,#9482,#9483,#9484,#9485,
#9486,#9487,#9488,#9489),.UNSPECIFIED.,.F.,.F.,(4,3,3,4),(-6.92886571692263E-5,
0.,0.00629140495214699,0.00692886571692263),.PIECEWISE_BEZIER_KNOTS.);
#3525=B_SPLINE_CURVE_WITH_KNOTS('',3,(#9492,#9493,#9494,#9495),
 .UNSPECIFIED.,.F.,.F.,(4,4),(0.,6.24315058581589E-5),.UNSPECIFIED.);
#3526=B_SPLINE_CURVE_WITH_KNOTS('',3,(#9506,#9507,#9508,#9509,#9510,#9511,
#9512,#9513,#9514,#9515),.UNSPECIFIED.,.F.,.F.,(4,3,3,4),(0.0032517958503676,
0.00336616130694042,0.00702401000260739,0.0148027069642228),
 .UNSPECIFIED.);
#3527=B_SPLINE_CURVE_WITH_KNOTS('',3,(#9517,#9518,#9519,#9520,#9521,#9522,
#9523),.UNSPECIFIED.,.F.,.F.,(4,3,4),(-0.0154681639791666,-0.00736428627902659,
-0.00355352483556939),.UNSPECIFIED.);
#3528=B_SPLINE_CURVE_WITH_KNOTS('',3,(#9536,#9537,#9538,#9539,#9540,#9541,
#9542),.UNSPECIFIED.,.F.,.F.,(4,3,4),(0.,0.00954217986416604,0.0186117363728118),
 .UNSPECIFIED.);
#3529=B_SPLINE_CURVE_WITH_KNOTS('',3,(#9544,#9545,#9546,#9547,#9548,#9549,
#9550),.UNSPECIFIED.,.F.,.F.,(4,3,4),(-0.0186117363728118,-0.00954217986416604,
0.),.UNSPECIFIED.);
#3530=B_SPLINE_CURVE_WITH_KNOTS('',3,(#9563,#9564,#9565,#9566,#9567,#9568,
#9569),.UNSPECIFIED.,.F.,.F.,(4,3,4),(0.,0.014338924283329,0.0337517468781411),
 .UNSPECIFIED.);
#3531=B_SPLINE_CURVE_WITH_KNOTS('',3,(#9571,#9572,#9573,#9574,#9575,#9576,
#9577),.UNSPECIFIED.,.F.,.F.,(4,3,4),(-0.0337517468781411,-0.014338924283329,
0.),.UNSPECIFIED.);
#3532=B_SPLINE_CURVE_WITH_KNOTS('',3,(#9590,#9591,#9592,#9593,#9594,#9595,
#9596),.UNSPECIFIED.,.F.,.F.,(4,3,4),(0.,0.0114625982674802,0.0158078371892574),
 .UNSPECIFIED.);
#3533=B_SPLINE_CURVE_WITH_KNOTS('',3,(#9598,#9599,#9600,#9601,#9602,#9603,
#9604,#9605,#9606,#9607),.UNSPECIFIED.,.F.,.F.,(4,3,3,4),(-0.0159055383440519,
-0.015748057766388,-0.0114192509391649,0.),.UNSPECIFIED.);
#3534=B_SPLINE_CURVE_WITH_KNOTS('',3,(#9624,#9625,#9626,#9627,#9628,#9629,
#9630,#9631,#9632,#9633,#9634,#9635,#9636),.UNSPECIFIED.,.F.,.F.,(4,3,3,
3,4),(0.00708190938308086,0.00799464841331829,0.00932433525922168,0.00975469952078324,
0.00978298313361001),.PIECEWISE_BEZIER_KNOTS.);
#3535=B_SPLINE_CURVE_WITH_KNOTS('',3,(#9639,#9640,#9641,#9642),
 .UNSPECIFIED.,.F.,.F.,(4,4),(0.,7.4776668545453E-5),.UNSPECIFIED.);
#3536=B_SPLINE_CURVE_WITH_KNOTS('',3,(#9646,#9647,#9648,#9649,#9650,#9651,
#9652,#9653,#9654,#9655,#9656,#9657,#9658,#9659,#9660,#9661,#9662,#9663,
#9664,#9665,#9666,#9667),.UNSPECIFIED.,.F.,.F.,(4,3,3,3,3,3,3,4),(-0.00981375118998888,
-0.00843263510261532,-0.00818738478475518,-0.00606203715723499,-0.00350849042799916,
-0.00335342209231784,-0.00109609709950273,-0.000124917168924108),
 .UNSPECIFIED.);
#3537=B_SPLINE_CURVE_WITH_KNOTS('',3,(#9669,#9670,#9671,#9672),
 .UNSPECIFIED.,.F.,.F.,(4,4),(1.08012876232009E-18,5.20106835166851E-5),
 .UNSPECIFIED.);
#3538=B_SPLINE_CURVE_WITH_KNOTS('',3,(#9689,#9690,#9691,#9692),
 .UNSPECIFIED.,.F.,.F.,(4,4),(1.15391404571836E-15,9.06674044871707E-5),
 .UNSPECIFIED.);
#3539=B_SPLINE_CURVE_WITH_KNOTS('',3,(#9694,#9695,#9696,#9697,#9698,#9699,
#9700,#9701,#9702,#9703,#9704,#9705,#9706,#9707,#9708,#9709,#9710,#9711,
#9712),.UNSPECIFIED.,.F.,.F.,(4,3,3,3,3,3,4),(-0.00016972948084813,0.,0.00378363222210094,
0.0127606267913913,0.0133451363799057,0.0167917086606131,0.016972948084813),
 .PIECEWISE_BEZIER_KNOTS.);
#3540=B_SPLINE_CURVE_WITH_KNOTS('',3,(#9714,#9715,#9716,#9717),
 .UNSPECIFIED.,.F.,.F.,(4,4),(1.0842021724855E-19,0.000152917372405621),
 .UNSPECIFIED.);
#3541=B_SPLINE_CURVE_WITH_KNOTS('',3,(#9719,#9720,#9721,#9722),
 .UNSPECIFIED.,.F.,.F.,(4,4),(5.42101086242752E-20,8.88619364046254E-5),
 .UNSPECIFIED.);
#3542=B_SPLINE_CURVE_WITH_KNOTS('',3,(#9739,#9740,#9741,#9742,#9743,#9744,
#9745),.UNSPECIFIED.,.F.,.F.,(4,3,4),(-0.000972258533437607,-0.000912867050881123,
-0.000215172861143449),.UNSPECIFIED.);
#3543=B_SPLINE_CURVE_WITH_KNOTS('',3,(#9764,#9765,#9766,#9767),
 .UNSPECIFIED.,.F.,.F.,(4,4),(1.02563166132915E-12,0.000171782943181715),
 .UNSPECIFIED.);
#3544=B_SPLINE_CURVE_WITH_KNOTS('',3,(#9790,#9791,#9792,#9793),
 .UNSPECIFIED.,.F.,.F.,(4,4),(9.52926747452404E-19,0.000113585505030725),
 .UNSPECIFIED.);
#3545=B_SPLINE_CURVE_WITH_KNOTS('',3,(#9810,#9811,#9812,#9813),
 .UNSPECIFIED.,.F.,.F.,(4,4),(2.4842192620252E-19,0.000143215044893422),
 .UNSPECIFIED.);
#3546=B_SPLINE_CURVE_WITH_KNOTS('',3,(#9815,#9816,#9817,#9818,#9819,#9820,
#9821,#9822,#9823,#9824,#9825,#9826,#9827,#9828,#9829,#9830,#9831,#9832,
#9833,#9834,#9835,#9836,#9837,#9838,#9839,#9840,#9841,#9842,#9843,#9844,
#9845),.UNSPECIFIED.,.F.,.F.,(4,3,3,3,3,3,3,3,3,3,4),(-0.000129686664186491,
0.,0.00252004721696824,0.00460950677496232,0.00658063399749939,0.0066989663329564,
0.00697126129275478,0.0100302534188773,0.0127852052739879,0.0129686664186491,
0.0130996499494775),.PIECEWISE_BEZIER_KNOTS.);
#3547=B_SPLINE_CURVE_WITH_KNOTS('',3,(#9847,#9848,#9849,#9850),
 .UNSPECIFIED.,.F.,.F.,(4,4),(3.76406843252138E-5,1.),.UNSPECIFIED.);
#3548=B_SPLINE_CURVE_WITH_KNOTS('',3,(#9851,#9852,#9853,#9854),
 .UNSPECIFIED.,.F.,.F.,(4,4),(0.,1.),.UNSPECIFIED.);
#3549=B_SPLINE_CURVE_WITH_KNOTS('',3,(#9856,#9857,#9858,#9859,#9860,#9861,
#9862,#9863,#9864,#9865,#9866,#9867,#9868),.UNSPECIFIED.,.F.,.F.,(4,3,3,
3,4),(-0.0114860801128332,-0.0114299656024256,-0.00914091797507604,-0.00850591926549367,
-0.00602417718757304),.PIECEWISE_BEZIER_KNOTS.);
#3550=B_SPLINE_CURVE_WITH_KNOTS('',3,(#9871,#9872,#9873,#9874,#9875,#9876,
#9877),.UNSPECIFIED.,.F.,.F.,(4,3,4),(-0.00334900861937517,-0.000138645759267985,
-7.86171424430089E-5),.UNSPECIFIED.);
#3551=B_SPLINE_CURVE_WITH_KNOTS('',3,(#9878,#9879,#9880,#9881),
 .UNSPECIFIED.,.F.,.F.,(4,4),(6.31175397439861E-19,0.000204590053770601),
 .UNSPECIFIED.);
#3552=B_SPLINE_CURVE_WITH_KNOTS('',3,(#9882,#9883,#9884,#9885),
 .UNSPECIFIED.,.F.,.F.,(4,4),(1.91956179620904E-6,1.),.UNSPECIFIED.);
#3553=B_SPLINE_CURVE_WITH_KNOTS('',3,(#9887,#9888,#9889,#9890),
 .UNSPECIFIED.,.F.,.F.,(4,4),(1.61041476774115E-6,1.),.UNSPECIFIED.);
#3554=B_SPLINE_CURVE_WITH_KNOTS('',3,(#9892,#9893,#9894,#9895),
 .UNSPECIFIED.,.F.,.F.,(4,4),(0.,0.999998893232428),.UNSPECIFIED.);
#3555=B_SPLINE_CURVE_WITH_KNOTS('',3,(#9897,#9898,#9899,#9900),
 .UNSPECIFIED.,.F.,.F.,(4,4),(0.,1.),.UNSPECIFIED.);
#3556=B_SPLINE_CURVE_WITH_KNOTS('',3,(#9902,#9903,#9904,#9905),
 .UNSPECIFIED.,.F.,.F.,(4,4),(0.,1.),.UNSPECIFIED.);
#3557=B_SPLINE_CURVE_WITH_KNOTS('',3,(#9906,#9907,#9908,#9909),
 .UNSPECIFIED.,.F.,.F.,(4,4),(0.,1.),.UNSPECIFIED.);
#3558=B_SPLINE_CURVE_WITH_KNOTS('',3,(#9911,#9912,#9913,#9914),
 .UNSPECIFIED.,.F.,.F.,(4,4),(2.63347108531311E-6,1.),.UNSPECIFIED.);
#3559=B_SPLINE_CURVE_WITH_KNOTS('',3,(#9916,#9917,#9918,#9919,#9920,#9921,
#9922,#9923,#9924,#9925),.UNSPECIFIED.,.F.,.F.,(4,3,3,4),(-0.0191164097830932,
-0.0190529118802955,-0.0158255507816078,-0.0141652221346369),
 .PIECEWISE_BEZIER_KNOTS.);
#3560=B_SPLINE_CURVE_WITH_KNOTS('',3,(#9928,#9929,#9930,#9931),
 .UNSPECIFIED.,.F.,.F.,(4,4),(0.00330607750742362,1.),.UNSPECIFIED.);
#3561=B_SPLINE_CURVE_WITH_KNOTS('',3,(#9933,#9934,#9935,#9936),
 .UNSPECIFIED.,.F.,.F.,(4,4),(0.00292806949924123,0.9998331520609),
 .UNSPECIFIED.);
#3562=B_SPLINE_CURVE_WITH_KNOTS('',3,(#9953,#9954,#9955,#9956,#9957),
 .UNSPECIFIED.,.F.,.F.,(4,1,4),(0.,0.00621456795221022,0.0118475402646501),
 .UNSPECIFIED.);
#3563=B_SPLINE_CURVE_WITH_KNOTS('',3,(#9962,#9963,#9964,#9965,#9966,#9967,
#9968,#9969,#9970,#9971),.UNSPECIFIED.,.F.,.F.,(4,3,3,4),(-0.0124753554723242,
-0.0123518371013111,-0.0064790943340167,0.),.PIECEWISE_BEZIER_KNOTS.);
#3564=B_SPLINE_CURVE_WITH_KNOTS('',3,(#9988,#9989,#9990,#9991,#9992),
 .UNSPECIFIED.,.F.,.F.,(4,1,4),(0.,0.0091119726002648,0.0234721375535622),
 .UNSPECIFIED.);
#3565=B_SPLINE_CURVE_WITH_KNOTS('',3,(#9995,#9996,#9997,#9998,#9999,#10000,
#10001,#10002,#10003,#10004),.UNSPECIFIED.,.F.,.F.,(4,3,3,4),(-0.0261332265632656,
-0.0101450174215109,0.,0.000261332265632656),.PIECEWISE_BEZIER_KNOTS.);
#3566=B_SPLINE_CURVE_WITH_KNOTS('',3,(#10017,#10018,#10019,#10020,#10021,
#10022,#10023),.UNSPECIFIED.,.F.,.F.,(4,3,4),(0.,0.0151408958373278,0.024696765765912),
 .UNSPECIFIED.);
#3567=B_SPLINE_CURVE_WITH_KNOTS('',3,(#10025,#10026,#10027,#10028,#10029,
#10030,#10031),.UNSPECIFIED.,.F.,.F.,(4,3,4),(-0.024696765765912,-0.0151408958373278,
0.),.UNSPECIFIED.);
#3568=B_SPLINE_CURVE_WITH_KNOTS('',3,(#10044,#10045,#10046,#10047,#10048,
#10049,#10050),.UNSPECIFIED.,.F.,.F.,(4,3,4),(0.,0.00580099376442762,0.0122828288350537),
 .UNSPECIFIED.);
#3569=B_SPLINE_CURVE_WITH_KNOTS('',3,(#10055,#10056,#10057,#10058,#10059,
#10060,#10061),.UNSPECIFIED.,.F.,.F.,(4,3,4),(-0.0122828288350537,-0.00580099376442762,
0.),.UNSPECIFIED.);
#3570=B_SPLINE_CURVE_WITH_KNOTS('',3,(#10074,#10075,#10076,#10077,#10078,
#10079,#10080),.UNSPECIFIED.,.F.,.F.,(4,3,4),(0.,0.00819424223570445,0.0186881085828852),
 .UNSPECIFIED.);
#3571=B_SPLINE_CURVE_WITH_KNOTS('',3,(#10082,#10083,#10084,#10085,#10086,
#10087,#10088),.UNSPECIFIED.,.F.,.F.,(4,3,4),(-0.0186881085828852,-0.00819424223570445,
0.),.UNSPECIFIED.);
#3572=B_SPLINE_CURVE_WITH_KNOTS('',3,(#10101,#10102,#10103,#10104,#10105,
#10106,#10107),.UNSPECIFIED.,.F.,.F.,(4,3,4),(0.,0.0113067766058703,0.020392524212283),
 .UNSPECIFIED.);
#3573=B_SPLINE_CURVE_WITH_KNOTS('',3,(#10109,#10110,#10111,#10112,#10113,
#10114,#10115),.UNSPECIFIED.,.F.,.F.,(4,3,4),(-0.020392524212283,-0.0113067766058703,
0.),.UNSPECIFIED.);
#3574=B_SPLINE_CURVE_WITH_KNOTS('',3,(#10128,#10129,#10130,#10131,#10132,
#10133,#10134),.UNSPECIFIED.,.F.,.F.,(4,3,4),(0.,0.00753230232193421,0.0142978331470721),
 .UNSPECIFIED.);
#3575=B_SPLINE_CURVE_WITH_KNOTS('',3,(#10136,#10137,#10138,#10139,#10140,
#10141,#10142),.UNSPECIFIED.,.F.,.F.,(4,3,4),(-0.0142978331470721,-0.00753230232193421,
0.),.UNSPECIFIED.);
#3576=B_SPLINE_CURVE_WITH_KNOTS('',3,(#10155,#10156,#10157,#10158,#10159,
#10160,#10161),.UNSPECIFIED.,.F.,.F.,(4,3,4),(0.,0.00706736275369296,0.0148026866720488),
 .UNSPECIFIED.);
#3577=B_SPLINE_CURVE_WITH_KNOTS('',3,(#10163,#10164,#10165,#10166,#10167,
#10168,#10169),.UNSPECIFIED.,.F.,.F.,(4,3,4),(-0.0148026866720488,-0.00706736275369296,
0.),.UNSPECIFIED.);
#3578=B_SPLINE_CURVE_WITH_KNOTS('',3,(#10188,#10189,#10190,#10191,#10192,
#10193,#10194,#10195,#10196,#10197),.UNSPECIFIED.,.F.,.F.,(4,3,3,4),(0.,
0.0095421647355265,0.018611725487649,0.0187978427425255),
 .PIECEWISE_BEZIER_KNOTS.);
#3579=B_SPLINE_CURVE_WITH_KNOTS('',3,(#10199,#10200,#10201,#10202,#10203,
#10204,#10205,#10206,#10207,#10208),.UNSPECIFIED.,.F.,.F.,(4,3,3,4),(-0.0187978427425255,
-0.018611725487649,-0.0095421647355265,0.),.PIECEWISE_BEZIER_KNOTS.);
#3580=B_SPLINE_CURVE_WITH_KNOTS('',3,(#10219,#10220,#10221,#10222,#10223,
#10224,#10225),.UNSPECIFIED.,.F.,.F.,(4,3,4),(0.,0.00647936840678797,0.0124182270704627),
 .UNSPECIFIED.);
#3581=B_SPLINE_CURVE_WITH_KNOTS('',3,(#10227,#10228,#10229,#10230,#10231,
#10232,#10233),.UNSPECIFIED.,.F.,.F.,(4,3,4),(-0.0124182270704627,-0.00647936840678797,
0.),.UNSPECIFIED.);
#3582=B_SPLINE_CURVE_WITH_KNOTS('',3,(#10252,#10253,#10254,#10255,#10256,
#10257,#10258,#10259,#10260,#10261),.UNSPECIFIED.,.F.,.F.,(4,3,3,4),(0.,
0.0058842824170076,0.01189337666626,0.0120123104329226),
 .PIECEWISE_BEZIER_KNOTS.);
#3583=B_SPLINE_CURVE_WITH_KNOTS('',3,(#10263,#10264,#10265,#10266,#10267,
#10268,#10269,#10270,#10271,#10272),.UNSPECIFIED.,.F.,.F.,(4,3,3,4),(-0.0120123104329226,
-0.01189337666626,-0.0058842824170076,-1.73472347597681E-18),
 .PIECEWISE_BEZIER_KNOTS.);
#3584=B_SPLINE_CURVE_WITH_KNOTS('',3,(#10283,#10284,#10285,#10286,#10287,
#10288,#10289),.UNSPECIFIED.,.F.,.F.,(4,3,4),(0.,0.0151038950250753,0.0246620670178706),
 .UNSPECIFIED.);
#3585=B_SPLINE_CURVE_WITH_KNOTS('',3,(#10291,#10292,#10293,#10294,#10295,
#10296,#10297),.UNSPECIFIED.,.F.,.F.,(4,3,4),(-0.0246620670178706,-0.0151038950250753,
0.),.UNSPECIFIED.);
#3586=B_SPLINE_CURVE_WITH_KNOTS('',3,(#10314,#10315,#10316,#10317,#10318),
 .UNSPECIFIED.,.F.,.F.,(4,1,4),(0.,0.0112212989860278,0.02020775014623),
 .UNSPECIFIED.);
#3587=B_SPLINE_CURVE_WITH_KNOTS('',3,(#10321,#10322,#10323,#10324,#10325,
#10326,#10327,#10328,#10329,#10330),.UNSPECIFIED.,.F.,.F.,(4,3,3,4),(-0.0207050220794484,
-0.02050002186084,-0.0113835965338036,0.),.PIECEWISE_BEZIER_KNOTS.);
#3588=B_SPLINE_CURVE_WITH_KNOTS('',3,(#10341,#10342,#10343,#10344,#10345,
#10346,#10347,#10348,#10349,#10350),.UNSPECIFIED.,.F.,.F.,(4,3,3,4),(-0.000147231067882906,
0.,0.00703740973533119,0.0147231067882906),.PIECEWISE_BEZIER_KNOTS.);
#3589=B_SPLINE_CURVE_WITH_KNOTS('',3,(#10353,#10354,#10355,#10356,#10357,
#10358,#10359,#10360,#10361,#10362),.UNSPECIFIED.,.F.,.F.,(4,3,3,4),(-0.0148703378561735,
-0.0147231067882906,-0.00703740973533119,0.),.PIECEWISE_BEZIER_KNOTS.);
#3590=B_SPLINE_CURVE_WITH_KNOTS('',3,(#10373,#10374,#10375,#10376,#10377,
#10378,#10379,#10380,#10381,#10382),.UNSPECIFIED.,.F.,.F.,(4,3,3,4),(-0.000100341473749162,
0.,0.00494392744641474,0.0100341473749162),.PIECEWISE_BEZIER_KNOTS.);
#3591=B_SPLINE_CURVE_WITH_KNOTS('',3,(#10384,#10385,#10386,#10387,#10388,
#10389,#10390),.UNSPECIFIED.,.F.,.F.,(4,3,4),(-0.0100341473749162,-0.00494392744641474,
0.),.UNSPECIFIED.);
#3592=B_SPLINE_CURVE_WITH_KNOTS('',3,(#10392,#10393,#10394,#10395),
 .UNSPECIFIED.,.F.,.F.,(4,4),(2.56661018542735E-5,0.997384807934069),
 .UNSPECIFIED.);
#3593=B_SPLINE_CURVE_WITH_KNOTS('',3,(#10397,#10398,#10399,#10400),
 .UNSPECIFIED.,.F.,.F.,(4,4),(0.,0.999951730159338),.UNSPECIFIED.);
#3594=B_SPLINE_CURVE_WITH_KNOTS('',3,(#10401,#10402,#10403,#10404),
 .UNSPECIFIED.,.F.,.F.,(4,4),(2.00986619226788E-5,1.),.UNSPECIFIED.);
#3595=B_SPLINE_CURVE_WITH_KNOTS('',3,(#10406,#10407,#10408,#10409),
 .UNSPECIFIED.,.F.,.F.,(4,4),(0.00202411949448387,0.999004370695874),
 .UNSPECIFIED.);
#3596=B_SPLINE_CURVE_WITH_KNOTS('',3,(#10410,#10411,#10412,#10413),
 .UNSPECIFIED.,.F.,.F.,(4,4),(1.38739205261407E-5,1.),.UNSPECIFIED.);
#3597=B_SPLINE_CURVE_WITH_KNOTS('',3,(#10415,#10416,#10417,#10418),
 .UNSPECIFIED.,.F.,.F.,(4,4),(0.00481480485325309,0.998621412518051),
 .UNSPECIFIED.);
#3598=B_SPLINE_CURVE_WITH_KNOTS('',3,(#10419,#10420,#10421,#10422),
 .UNSPECIFIED.,.F.,.F.,(4,4),(0.00154915102045752,1.),.UNSPECIFIED.);
#3599=B_SPLINE_CURVE_WITH_KNOTS('',3,(#10424,#10425,#10426,#10427),
 .UNSPECIFIED.,.F.,.F.,(4,4),(0.00251279590730079,0.999820347670324),
 .UNSPECIFIED.);
#3600=B_SPLINE_CURVE_WITH_KNOTS('',3,(#10428,#10429,#10430,#10431),
 .UNSPECIFIED.,.F.,.F.,(4,4),(0.,1.),.UNSPECIFIED.);
#3601=B_SPLINE_CURVE_WITH_KNOTS('',3,(#10433,#10434,#10435,#10436),
 .UNSPECIFIED.,.F.,.F.,(4,4),(0.00791478827797867,0.999181541747026),
 .UNSPECIFIED.);
#3602=B_SPLINE_CURVE_WITH_KNOTS('',3,(#10453,#10454,#10455,#10456),
 .UNSPECIFIED.,.F.,.F.,(4,4),(0.,7.013397945823E-5),.UNSPECIFIED.);
#3603=B_SPLINE_CURVE_WITH_KNOTS('',3,(#10461,#10462,#10463,#10464,#10465,
#10466,#10467,#10468,#10469,#10470,#10471,#10472,#10473,#10474,#10475,#10476,
#10477,#10478,#10479,#10480,#10481,#10482),.UNSPECIFIED.,.F.,.F.,(4,3,3,
3,3,3,3,4),(-0.00732840027525976,-0.00562743784277172,-0.00394121773534823,
-0.00369318007422097,-0.00362756256636836,-0.000570756978268719,0.,7.32840027525976E-5),
 .PIECEWISE_BEZIER_KNOTS.);
#3604=B_SPLINE_CURVE_WITH_KNOTS('',3,(#10501,#10502,#10503,#10504,#10505,
#10506,#10507,#10508,#10509,#10510,#10511,#10512,#10513,#10514,#10515,#10516,
#10517,#10518,#10519,#10520,#10521,#10522),.UNSPECIFIED.,.F.,.F.,(4,3,3,
3,3,3,3,4),(0.,0.00146758618368593,0.00347685025270652,0.00360060665958301,
0.00361447358033891,0.00557953343502771,0.00711753785144306,0.00749582722644414),
 .UNSPECIFIED.);
#3605=B_SPLINE_CURVE_WITH_KNOTS('',3,(#10524,#10525,#10526,#10527,#10528,
#10529,#10530,#10531),.UNSPECIFIED.,.F.,.F.,(4,2,2,4),(-0.00698632634797583,
-0.00486284328056488,-0.00247268037641854,0.),.UNSPECIFIED.);
#3606=B_SPLINE_CURVE_WITH_KNOTS('',3,(#10550,#10551,#10552,#10553,#10554,
#10555,#10556,#10557,#10558,#10559,#10560,#10561,#10562,#10563,#10564,#10565,
#10566,#10567,#10568,#10569,#10570,#10571,#10572,#10573,#10574),
 .UNSPECIFIED.,.F.,.F.,(4,3,3,3,3,3,3,3,4),(0.,0.0016779465169693,0.00441715098681521,
0.00504255366512121,0.00508768243399495,0.00714383244475838,0.00994140544598054,
0.0102529105438393,0.0103554396492777),.PIECEWISE_BEZIER_KNOTS.);
#3607=B_SPLINE_CURVE_WITH_KNOTS('',3,(#10576,#10577,#10578,#10579,#10580,
#10581,#10582,#10583,#10584,#10585,#10586,#10587,#10588,#10589,#10590,#10591,
#10592,#10593,#10594,#10595,#10596,#10597,#10598,#10599,#10600),
 .UNSPECIFIED.,.F.,.F.,(4,3,3,3,3,3,3,3,4),(-0.0103175917292905,-0.00764104556238058,
-0.00697215516213545,-0.00572353097059481,-0.00516889551576323,-0.00392409313022385,
-0.00341573977821292,-0.00110336901823248,0.),.UNSPECIFIED.);
#3608=B_SPLINE_CURVE_WITH_KNOTS('',3,(#10611,#10612,#10613,#10614,#10615,
#10616,#10617),.UNSPECIFIED.,.F.,.F.,(4,3,4),(0.,0.00373245770339652,0.00669382175632905),
 .UNSPECIFIED.);
#3609=B_SPLINE_CURVE_WITH_KNOTS('',3,(#10622,#10623,#10624,#10625,#10626,
#10627,#10628),.UNSPECIFIED.,.F.,.F.,(4,3,4),(-0.00669382175632905,-0.00373245770339652,
0.),.UNSPECIFIED.);
#3610=B_SPLINE_CURVE_WITH_KNOTS('',3,(#10641,#10642,#10643,#10644,#10645,
#10646,#10647),.UNSPECIFIED.,.F.,.F.,(4,3,4),(0.,0.00619618174498426,0.0130164422506676),
 .UNSPECIFIED.);
#3611=B_SPLINE_CURVE_WITH_KNOTS('',3,(#10649,#10650,#10651,#10652,#10653,
#10654,#10655),.UNSPECIFIED.,.F.,.F.,(4,3,4),(-0.0130164422506675,-0.00619618174498426,
1.73472347597681E-18),.UNSPECIFIED.);
#3612=B_SPLINE_CURVE_WITH_KNOTS('',3,(#10686,#10687,#10688,#10689,#10690,
#10691,#10692),.UNSPECIFIED.,.F.,.F.,(4,3,4),(0.,0.00678380010670035,0.0119184624377791),
 .UNSPECIFIED.);
#3613=B_SPLINE_CURVE_WITH_KNOTS('',3,(#10694,#10695,#10696,#10697,#10698,
#10699),.UNSPECIFIED.,.F.,.F.,(4,2,4),(-0.0119184624377791,-0.00587118756861012,
0.),.UNSPECIFIED.);
#3614=B_SPLINE_CURVE_WITH_KNOTS('',3,(#10712,#10713,#10714,#10715,#10716,
#10717,#10718),.UNSPECIFIED.,.F.,.F.,(4,3,4),(0.,0.00384882546189196,0.00678147064631153),
 .UNSPECIFIED.);
#3615=B_SPLINE_CURVE_WITH_KNOTS('',3,(#10720,#10721,#10722,#10723,#10724,
#10725,#10726),.UNSPECIFIED.,.F.,.F.,(4,3,4),(-0.00678147064631153,-0.00384882546189196,
0.),.UNSPECIFIED.);
#3616=B_SPLINE_CURVE_WITH_KNOTS('',3,(#10739,#10740,#10741,#10742,#10743,
#10744,#10745),.UNSPECIFIED.,.F.,.F.,(4,3,4),(0.,0.00239469384399007,0.00465825469993253),
 .UNSPECIFIED.);
#3617=B_SPLINE_CURVE_WITH_KNOTS('',3,(#10747,#10748,#10749,#10750,#10751,
#10752,#10753),.UNSPECIFIED.,.F.,.F.,(4,3,4),(-0.00465825469993253,-0.00239469384399007,
0.),.UNSPECIFIED.);
#3618=B_SPLINE_CURVE_WITH_KNOTS('',3,(#10766,#10767,#10768,#10769,#10770,
#10771,#10772),.UNSPECIFIED.,.F.,.F.,(4,3,4),(0.,0.00233822221874683,0.0057815276014759),
 .UNSPECIFIED.);
#3619=B_SPLINE_CURVE_WITH_KNOTS('',3,(#10774,#10775,#10776,#10777,#10778,
#10779,#10780),.UNSPECIFIED.,.F.,.F.,(4,3,4),(-0.0057815276014759,-0.00233822221874683,
0.),.UNSPECIFIED.);
#3620=B_SPLINE_CURVE_WITH_KNOTS('',3,(#10799,#10800,#10801,#10802),
 .UNSPECIFIED.,.F.,.F.,(4,4),(0.,0.000100305869204118),.UNSPECIFIED.);
#3621=B_SPLINE_CURVE_WITH_KNOTS('',3,(#10804,#10805,#10806,#10807),
 .UNSPECIFIED.,.F.,.F.,(4,4),(0.,0.00010032834750152),.UNSPECIFIED.);
#3622=B_SPLINE_CURVE_WITH_KNOTS('',3,(#10832,#10833,#10834,#10835,#10836,
#10837,#10838),.UNSPECIFIED.,.F.,.F.,(4,3,4),(0.0102567470873015,0.0103396298773239,
0.0186279088795652),.PIECEWISE_BEZIER_KNOTS.);
#3623=B_SPLINE_CURVE_WITH_KNOTS('',3,(#10839,#10840,#10841,#10842),
 .UNSPECIFIED.,.F.,.F.,(4,4),(-0.0195430956973127,-0.0108349884164077),
 .UNSPECIFIED.);
#3624=B_SPLINE_CURVE_WITH_KNOTS('',3,(#10865,#10866,#10867,#10868),
 .UNSPECIFIED.,.F.,.F.,(4,4),(3.11649194988037E-18,0.000112363966608684),
 .UNSPECIFIED.);
#3625=B_SPLINE_CURVE_WITH_KNOTS('',3,(#10891,#10892,#10893,#10894),
 .UNSPECIFIED.,.F.,.F.,(4,4),(3.47970207021216E-18,0.00014830338796727),
 .UNSPECIFIED.);
#3626=B_SPLINE_CURVE_WITH_KNOTS('',3,(#10914,#10915,#10916,#10917,#10918,
#10919,#10920,#10921,#10922,#10923,#10924,#10925,#10926,#10927,#10928,#10929,
#10930,#10931,#10932,#10933,#10934,#10935),.UNSPECIFIED.,.F.,.F.,(4,3,3,
3,3,3,3,4),(-0.00822831221180177,-0.00749629278179898,-0.00691023280101498,
-0.00519297906695017,-0.00339004865370851,-0.00142609998574672,-0.000169769976174983,
-8.91845538187151E-5),.PIECEWISE_BEZIER_KNOTS.);
#3627=B_SPLINE_CURVE_WITH_KNOTS('',3,(#10938,#10939,#10940,#10941),
 .UNSPECIFIED.,.F.,.F.,(4,4),(7.02950302046963E-5,0.993753386147126),
 .UNSPECIFIED.);
#3628=B_SPLINE_CURVE_WITH_KNOTS('',3,(#10943,#10944,#10945,#10946),
 .UNSPECIFIED.,.F.,.F.,(4,4),(0.,0.999832603215587),.UNSPECIFIED.);
#3629=B_SPLINE_CURVE_WITH_KNOTS('',3,(#10964,#10965,#10966,#10967,#10968,
#10969,#10970),.UNSPECIFIED.,.F.,.F.,(4,3,4),(0.,0.00883313776890787,0.0188975475054986),
 .UNSPECIFIED.);
#3630=B_SPLINE_CURVE_WITH_KNOTS('',3,(#10975,#10976,#10977,#10978,#10979,
#10980,#10981),.UNSPECIFIED.,.F.,.F.,(4,3,4),(-0.0188975475054986,-0.00883313776890787,
0.),.UNSPECIFIED.);
#3631=B_SPLINE_CURVE_WITH_KNOTS('',3,(#10994,#10995,#10996,#10997,#10998,
#10999,#11000),.UNSPECIFIED.,.F.,.F.,(4,3,4),(0.,0.00939029826567552,0.0177119347305465),
 .UNSPECIFIED.);
#3632=B_SPLINE_CURVE_WITH_KNOTS('',3,(#11002,#11003,#11004,#11005,#11006,
#11007,#11008),.UNSPECIFIED.,.F.,.F.,(4,3,4),(-0.0177119347305465,-0.00939029826567552,
0.),.UNSPECIFIED.);
#3633=B_SPLINE_CURVE_WITH_KNOTS('',3,(#11021,#11022,#11023,#11024,#11025,
#11026,#11027),.UNSPECIFIED.,.F.,.F.,(4,3,4),(0.,0.00793819141304779,0.0159618079000311),
 .UNSPECIFIED.);
#3634=B_SPLINE_CURVE_WITH_KNOTS('',3,(#11029,#11030,#11031,#11032,#11033,
#11034,#11035),.UNSPECIFIED.,.F.,.F.,(4,3,4),(-0.0159618079000314,-0.00793819141304794,
0.),.UNSPECIFIED.);
#3635=B_SPLINE_CURVE_WITH_KNOTS('',3,(#11048,#11049,#11050,#11051,#11052,
#11053,#11054),.UNSPECIFIED.,.F.,.F.,(4,3,4),(0.,0.00431138408017522,0.00873027478775653),
 .UNSPECIFIED.);
#3636=B_SPLINE_CURVE_WITH_KNOTS('',3,(#11056,#11057,#11058,#11059,#11060,
#11061,#11062),.UNSPECIFIED.,.F.,.F.,(4,3,4),(-0.00873027478775653,-0.00431138408017522,
0.),.UNSPECIFIED.);
#3637=B_SPLINE_CURVE_WITH_KNOTS('',3,(#11075,#11076,#11077,#11078,#11079,
#11080,#11081),.UNSPECIFIED.,.F.,.F.,(4,3,4),(0.,0.00524859798832641,0.0113871668682118),
 .UNSPECIFIED.);
#3638=B_SPLINE_CURVE_WITH_KNOTS('',3,(#11083,#11084,#11085,#11086,#11087,
#11088,#11089),.UNSPECIFIED.,.F.,.F.,(4,3,4),(-0.0113871668682118,-0.00524859798832641,
-1.73472347597681E-18),.UNSPECIFIED.);
#3639=B_SPLINE_CURVE_WITH_KNOTS('',3,(#11102,#11103,#11104,#11105,#11106,
#11107,#11108),.UNSPECIFIED.,.F.,.F.,(4,3,4),(0.,0.00855598985545823,0.0121372448730928),
 .UNSPECIFIED.);
#3640=B_SPLINE_CURVE_WITH_KNOTS('',3,(#11110,#11111,#11112,#11113),
 .UNSPECIFIED.,.F.,.F.,(4,4),(2.07523072077304E-20,0.000106620832908798),
 .UNSPECIFIED.);
#3641=B_SPLINE_CURVE_WITH_KNOTS('',3,(#11124,#11125,#11126,#11127,#11128,
#11129,#11130,#11131,#11132,#11133,#11134,#11135,#11136,#11137,#11138,#11139),
 .UNSPECIFIED.,.F.,.F.,(4,3,3,3,3,4),(0.,0.0057749515007348,0.00679711437237359,
0.0086125630114489,0.0127549844022098,0.013964257010937),.UNSPECIFIED.);
#3642=B_SPLINE_CURVE_WITH_KNOTS('',3,(#11144,#11145,#11146,#11147),
 .UNSPECIFIED.,.F.,.F.,(4,4),(0.,0.000138649501159838),.UNSPECIFIED.);
#3643=B_SPLINE_CURVE_WITH_KNOTS('',3,(#11160,#11161,#11162,#11163,#11164,
#11165,#11166,#11167,#11168,#11169,#11170,#11171,#11172),.UNSPECIFIED.,
 .F.,.F.,(4,3,3,3,4),(0.,0.00327198668178767,0.00340029363199762,0.00559673054156034,
0.0066779663020001),.UNSPECIFIED.);
#3644=B_SPLINE_CURVE_WITH_KNOTS('',3,(#11174,#11175,#11176,#11177),
 .UNSPECIFIED.,.F.,.F.,(4,4),(1.07876754090678E-18,6.59775037092686E-5),
 .UNSPECIFIED.);
#3645=B_SPLINE_CURVE_WITH_KNOTS('',3,(#11201,#11202,#11203,#11204,#11205,
#11206,#11207,#11208,#11209,#11210,#11211,#11212,#11213,#11214,#11215,#11216,
#11217,#11218,#11219,#11220,#11221,#11222),.UNSPECIFIED.,.F.,.F.,(4,3,3,
3,3,3,3,4),(0.00401045771774508,0.00408916734762389,0.00548854546620754,
0.00583860667980939,0.0075136798162689,0.0097369050758869,0.0113249262688087,
0.0119601303355049),.UNSPECIFIED.);
#3646=B_SPLINE_CURVE_WITH_KNOTS('',3,(#11224,#11225,#11226,#11227,#11228,
#11229,#11230,#11231,#11232,#11233,#11234,#11235,#11236,#11237,#11238,#11239,
#11240,#11241,#11242),.UNSPECIFIED.,.F.,.F.,(4,3,3,3,3,3,4),(-0.0116635300440078,
-0.0100300308752054,-0.00806096737565258,-0.00632717279242407,-0.00583898616562557,
-0.005441081002399,-0.00406440368679721),.UNSPECIFIED.);
#3647=B_SPLINE_CURVE_WITH_KNOTS('',3,(#11253,#11254,#11255,#11256,#11257,
#11258,#11259),.UNSPECIFIED.,.F.,.F.,(4,3,4),(0.,0.00582500018408322,0.011137663803006),
 .UNSPECIFIED.);
#3648=B_SPLINE_CURVE_WITH_KNOTS('',3,(#11264,#11265,#11266,#11267,#11268,
#11269,#11270),.UNSPECIFIED.,.F.,.F.,(4,3,4),(-0.011137663803006,-0.00582500018408322,
0.),.UNSPECIFIED.);
#3649=B_SPLINE_CURVE_WITH_KNOTS('',3,(#11283,#11284,#11285,#11286,#11287,
#11288,#11289),.UNSPECIFIED.,.F.,.F.,(4,3,4),(0.,0.00540847934556066,0.0112818414986874),
 .UNSPECIFIED.);
#3650=B_SPLINE_CURVE_WITH_KNOTS('',3,(#11293,#11294,#11295,#11296,#11297,
#11298,#11299),.UNSPECIFIED.,.F.,.F.,(4,3,4),(-0.0112818414986874,-0.00540847934556066,
0.),.UNSPECIFIED.);
#3651=B_SPLINE_CURVE_WITH_KNOTS('',3,(#11310,#11311,#11312,#11313,#11314,
#11315,#11316),.UNSPECIFIED.,.F.,.F.,(4,3,4),(0.,0.0049257487631908,0.00982769717436087),
 .UNSPECIFIED.);
#3652=B_SPLINE_CURVE_WITH_KNOTS('',3,(#11320,#11321,#11322,#11323,#11324,
#11325,#11326),.UNSPECIFIED.,.F.,.F.,(4,3,4),(-0.00982769717436087,-0.0049257487631908,
1.73472347597681E-18),.UNSPECIFIED.);
#3653=B_SPLINE_CURVE_WITH_KNOTS('',3,(#11337,#11338,#11339,#11340,#11341,
#11342,#11343),.UNSPECIFIED.,.F.,.F.,(4,3,4),(0.,0.00625590498238945,0.0114970236879305),
 .UNSPECIFIED.);
#3654=B_SPLINE_CURVE_WITH_KNOTS('',3,(#11347,#11348,#11349,#11350,#11351,
#11352,#11353),.UNSPECIFIED.,.F.,.F.,(4,3,4),(-0.0114970236879305,-0.00625590498238945,
0.),.UNSPECIFIED.);
#3655=B_SPLINE_CURVE_WITH_KNOTS('',3,(#11364,#11365,#11366,#11367),
 .UNSPECIFIED.,.F.,.F.,(4,4),(0.,9.82065077225442E-5),.UNSPECIFIED.);
#3656=B_SPLINE_CURVE_WITH_KNOTS('',3,(#11369,#11370,#11371,#11372),
 .UNSPECIFIED.,.F.,.F.,(4,4),(4.22446439008908E-10,9.82067263356885E-5),
 .UNSPECIFIED.);
#3657=B_SPLINE_CURVE_WITH_KNOTS('',3,(#11389,#11390,#11391,#11392,#11393,
#11394,#11395,#11396,#11397,#11398,#11399,#11400,#11401,#11402,#11403,#11404,
#11405,#11406,#11407),.UNSPECIFIED.,.F.,.F.,(4,3,3,3,3,3,4),(0.,0.0027832600478513,
0.00531717146792166,0.0069287205562725,0.00763913021181351,0.0115957429148122,
0.0141964236881219),.UNSPECIFIED.);
#3658=B_SPLINE_CURVE_WITH_KNOTS('',3,(#11410,#11411,#11412,#11413),
 .UNSPECIFIED.,.F.,.F.,(4,4),(1.27054942088145E-21,0.000167832609436838),
 .UNSPECIFIED.);
#3659=B_SPLINE_CURVE_WITH_KNOTS('',3,(#11430,#11431,#11432,#11433,#11434,
#11435,#11436,#11437,#11438,#11439),.UNSPECIFIED.,.F.,.F.,(4,3,3,4),(0.00830551934565409,
0.00841243410021662,0.013253651996288,0.0134466492268514),.UNSPECIFIED.);
#3660=B_SPLINE_CURVE_WITH_KNOTS('',3,(#11440,#11441,#11442,#11443),
 .UNSPECIFIED.,.F.,.F.,(4,4),(-0.0197657924208406,-0.0147430024988266),
 .UNSPECIFIED.);
#3661=B_SPLINE_CURVE_WITH_KNOTS('',3,(#11468,#11469,#11470,#11471),
 .UNSPECIFIED.,.F.,.F.,(4,4),(4.89642134308209E-18,6.24416441305492E-5),
 .UNSPECIFIED.);
#3662=B_SPLINE_CURVE_WITH_KNOTS('',3,(#11481,#11482,#11483,#11484),
 .UNSPECIFIED.,.F.,.F.,(4,4),(0.,1.),.UNSPECIFIED.);
#3663=B_SPLINE_CURVE_WITH_KNOTS('',3,(#11489,#11490,#11491,#11492,#11493,
#11494),.UNSPECIFIED.,.F.,.F.,(4,2,4),(-0.0142061255501406,-0.0134879911787843,
-0.00880804632631657),.UNSPECIFIED.);
#3664=B_SPLINE_CURVE_WITH_KNOTS('',3,(#11496,#11497,#11498,#11499,#11500,
#11501),.UNSPECIFIED.,.F.,.F.,(4,2,4),(-0.0120014097744533,-0.0109835414487519,
-0.000220746604544885),.UNSPECIFIED.);
#3665=B_SPLINE_CURVE_WITH_KNOTS('',3,(#11504,#11505,#11506,#11507),
 .UNSPECIFIED.,.F.,.F.,(4,4),(0.,0.998904207279256),.UNSPECIFIED.);
#3666=B_SPLINE_CURVE_WITH_KNOTS('',3,(#11510,#11511,#11512,#11513),
 .UNSPECIFIED.,.F.,.F.,(4,4),(0.,1.),.UNSPECIFIED.);
#3667=B_SPLINE_CURVE_WITH_KNOTS('',3,(#11516,#11517,#11518,#11519),
 .UNSPECIFIED.,.F.,.F.,(4,4),(-0.0184157378437736,-0.0164747931148479),
 .UNSPECIFIED.);
#3668=B_SPLINE_CURVE_WITH_KNOTS('',3,(#11520,#11521,#11522,#11523),
 .UNSPECIFIED.,.F.,.F.,(4,4),(-0.00434586935853765,0.),.UNSPECIFIED.);
#3669=B_SPLINE_CURVE_WITH_KNOTS('',3,(#11557,#11558,#11559,#11560),
 .UNSPECIFIED.,.F.,.F.,(4,4),(0.,0.00140962254705287),.UNSPECIFIED.);
#3670=B_SPLINE_CURVE_WITH_KNOTS('',3,(#11565,#11566,#11567,#11568,#11569,
#11570,#11571),.UNSPECIFIED.,.F.,.F.,(4,3,4),(-0.00163932433558292,-0.0015777009712704,
-0.000156594800760108),.UNSPECIFIED.);
#3671=B_SPLINE_CURVE_WITH_KNOTS('',3,(#11582,#11583,#11584,#11585,#11586,
#11587,#11588),.UNSPECIFIED.,.F.,.F.,(4,3,4),(0.,0.00898263368334041,0.015924767350981),
 .UNSPECIFIED.);
#3672=B_SPLINE_CURVE_WITH_KNOTS('',3,(#11593,#11594,#11595,#11596,#11597,
#11598,#11599),.UNSPECIFIED.,.F.,.F.,(4,3,4),(-0.015924767350981,-0.00898263368334041,
0.),.UNSPECIFIED.);
#3673=B_SPLINE_CURVE_WITH_KNOTS('',3,(#11618,#11619,#11620,#11621,#11622,
#11623,#11624,#11625,#11626,#11627),.UNSPECIFIED.,.F.,.F.,(4,3,3,4),(0.,
0.00580167964908652,0.0112884779407174,0.0114013627201246),
 .PIECEWISE_BEZIER_KNOTS.);
#3674=B_SPLINE_CURVE_WITH_KNOTS('',3,(#11629,#11630,#11631,#11632,#11633,
#11634,#11635,#11636,#11637,#11638),.UNSPECIFIED.,.F.,.F.,(4,3,3,4),(-0.0114013627201246,
-0.0112884779407174,-0.00580167964908652,-1.73472347597681E-18),
 .PIECEWISE_BEZIER_KNOTS.);
#3675=B_SPLINE_CURVE_WITH_KNOTS('',3,(#11649,#11650,#11651,#11652,#11653,
#11654,#11655),.UNSPECIFIED.,.F.,.F.,(4,3,4),(0.,0.00461139160763289,0.0091739274904852),
 .UNSPECIFIED.);
#3676=B_SPLINE_CURVE_WITH_KNOTS('',3,(#11660,#11661,#11662,#11663,#11664,
#11665,#11666),.UNSPECIFIED.,.F.,.F.,(4,3,4),(-0.0091739274904852,-0.00461139160763289,
0.),.UNSPECIFIED.);
#3677=B_SPLINE_CURVE_WITH_KNOTS('',3,(#11679,#11680,#11681,#11682,#11683,
#11684,#11685),.UNSPECIFIED.,.F.,.F.,(4,3,4),(0.,0.00447400227003008,0.00882801738753112),
 .UNSPECIFIED.);
#3678=B_SPLINE_CURVE_WITH_KNOTS('',3,(#11687,#11688,#11689,#11690,#11691,
#11692,#11693),.UNSPECIFIED.,.F.,.F.,(4,3,4),(-0.00882801738753112,-0.00447400227003008,
0.),.UNSPECIFIED.);
#3679=B_SPLINE_CURVE_WITH_KNOTS('',3,(#11706,#11707,#11708,#11709,#11710,
#11711,#11712),.UNSPECIFIED.,.F.,.F.,(4,3,4),(0.,0.00476997173806008,0.00992224651980931),
 .UNSPECIFIED.);
#3680=B_SPLINE_CURVE_WITH_KNOTS('',3,(#11714,#11715,#11716,#11717,#11718,
#11719,#11720),.UNSPECIFIED.,.F.,.F.,(4,3,4),(-0.00992224651980931,-0.00476997173806008,
0.),.UNSPECIFIED.);
#3681=B_SPLINE_CURVE_WITH_KNOTS('',3,(#11733,#11734,#11735,#11736,#11737,
#11738,#11739),.UNSPECIFIED.,.F.,.F.,(4,3,4),(0.,0.00532905816269627,0.0108850615966712),
 .UNSPECIFIED.);
#3682=B_SPLINE_CURVE_WITH_KNOTS('',3,(#11741,#11742,#11743,#11744,#11745,
#11746,#11747),.UNSPECIFIED.,.F.,.F.,(4,3,4),(-0.0108850615966712,-0.00532905816269627,
0.),.UNSPECIFIED.);
#3683=B_SPLINE_CURVE_WITH_KNOTS('',3,(#11760,#11761,#11762,#11763,#11764,
#11765,#11766),.UNSPECIFIED.,.F.,.F.,(4,3,4),(0.,0.0120133066716166,0.0221671796432176),
 .UNSPECIFIED.);
#3684=B_SPLINE_CURVE_WITH_KNOTS('',3,(#11768,#11769,#11770,#11771,#11772,
#11773,#11774),.UNSPECIFIED.,.F.,.F.,(4,3,4),(-0.0221671796432176,-0.0120133066716166,
0.),.UNSPECIFIED.);
#3685=B_SPLINE_CURVE_WITH_KNOTS('',3,(#11785,#11786,#11787,#11788),
 .UNSPECIFIED.,.F.,.F.,(4,4),(0.,0.00155583773363039),.UNSPECIFIED.);
#3686=B_SPLINE_CURVE_WITH_KNOTS('',3,(#11790,#11791,#11792,#11793),
 .UNSPECIFIED.,.F.,.F.,(4,4),(-0.00155583773362943,0.),.UNSPECIFIED.);
#3687=B_SPLINE_CURVE_WITH_KNOTS('',3,(#11817,#11818,#11819,#11820,#11821,
#11822,#11823,#11824,#11825,#11826,#11827,#11828,#11829,#11830,#11831,#11832,
#11833,#11834,#11835,#11836,#11837,#11838),.UNSPECIFIED.,.F.,.F.,(4,3,3,
3,3,3,3,4),(0.,0.00178787831541804,0.00356650089078213,0.00523542321830328,
0.00534512346614622,0.00553071901142134,0.00872106463834203,0.0106719788077551),
 .UNSPECIFIED.);
#3688=B_SPLINE_CURVE_WITH_KNOTS('',3,(#11840,#11841,#11842,#11843,#11844,
#11845,#11846,#11847,#11848,#11849,#11850,#11851,#11852,#11853,#11854,#11855,
#11856,#11857,#11858,#11859,#11860,#11861),.UNSPECIFIED.,.F.,.F.,(4,3,3,
3,3,3,3,4),(-0.0111315359667833,-0.0088054415572141,-0.00571823827021722,
-0.00557649678854498,-0.00369278443393975,-0.00169866364659179,-0.00011809042103664,
-7.95596557917341E-6),.PIECEWISE_BEZIER_KNOTS.);
#3689=B_SPLINE_CURVE_WITH_KNOTS('',3,(#11872,#11873,#11874,#11875,#11876,
#11877,#11878,#11879,#11880,#11881),.UNSPECIFIED.,.F.,.F.,(4,3,3,4),(0.00104532751474881,
0.00119803025401518,0.00831242472942911,0.016468304180652),
 .UNSPECIFIED.);
#3690=B_SPLINE_CURVE_WITH_KNOTS('',3,(#11883,#11884,#11885,#11886,#11887,
#11888,#11889,#11890,#11891,#11892),.UNSPECIFIED.,.F.,.F.,(4,3,3,4),(-0.0174713493926957,
-0.0088741466420019,-0.00137478472518378,-0.00121381907850866),
 .UNSPECIFIED.);
#3691=B_SPLINE_CURVE_WITH_KNOTS('',3,(#11894,#11895,#11896,#11897),
 .UNSPECIFIED.,.F.,.F.,(4,4),(-0.00818989487463367,-0.00639736967239825),
 .UNSPECIFIED.);
#3692=B_SPLINE_CURVE_WITH_KNOTS('',3,(#11900,#11901,#11902,#11903),
 .UNSPECIFIED.,.F.,.F.,(4,4),(9.83190187295159E-13,1.76609276900979E-5),
 .UNSPECIFIED.);
#3693=B_SPLINE_CURVE_WITH_KNOTS('',3,(#11927,#11928,#11929,#11930,#11931,
#11932,#11933),.UNSPECIFIED.,.F.,.F.,(4,3,4),(0.303712368661562,0.303822204495683,
0.314805787907799),.UNSPECIFIED.);
#3694=B_SPLINE_CURVE_WITH_KNOTS('',3,(#11935,#11936,#11937,#11938),
 .UNSPECIFIED.,.F.,.F.,(4,4),(2.23126245315596E-5,0.997445803823017),
 .UNSPECIFIED.);
#3695=B_SPLINE_CURVE_WITH_KNOTS('',3,(#11941,#11942,#11943,#11944),
 .UNSPECIFIED.,.F.,.F.,(4,4),(0.,0.99989942754626),.UNSPECIFIED.);
#3696=B_SPLINE_CURVE_WITH_KNOTS('',3,(#11945,#11946,#11947,#11948,#11949,
#11950,#11951),.UNSPECIFIED.,.F.,.F.,(4,3,4),(-0.0183380001990298,-0.00813101237295498,
-0.0016287901303549),.UNSPECIFIED.);
#3697=B_SPLINE_CURVE_WITH_KNOTS('',3,(#11953,#11954,#11955,#11956,#11957,
#11958,#11959),.UNSPECIFIED.,.F.,.F.,(4,3,4),(0.29699800760467,0.302586721434068,
0.302646741900345),.UNSPECIFIED.);
#3698=B_SPLINE_CURVE_WITH_KNOTS('',3,(#11978,#11979,#11980,#11981),
 .UNSPECIFIED.,.F.,.F.,(4,4),(-0.00136399669518007,-0.000164750134510528),
 .UNSPECIFIED.);
#3699=B_SPLINE_CURVE_WITH_KNOTS('',3,(#11982,#11983,#11984,#11985),
 .UNSPECIFIED.,.F.,.F.,(4,4),(2.68085860283128E-15,1.00101058272139),
 .UNSPECIFIED.);
#3700=B_SPLINE_CURVE_WITH_KNOTS('',3,(#11989,#11990,#11991,#11992),
 .UNSPECIFIED.,.F.,.F.,(4,4),(0.,1.),.UNSPECIFIED.);
#3701=B_SPLINE_CURVE_WITH_KNOTS('',3,(#11994,#11995,#11996,#11997,#11998,
#11999,#12000),.UNSPECIFIED.,.F.,.F.,(4,3,4),(-0.010240787317704,-0.0101914272937599,
-0.00889352573901099),.PIECEWISE_BEZIER_KNOTS.);
#3702=B_SPLINE_CURVE_WITH_KNOTS('',3,(#12003,#12004,#12005,#12006),
 .UNSPECIFIED.,.F.,.F.,(4,4),(0.000861733676794065,1.),.UNSPECIFIED.);
#3703=B_SPLINE_CURVE_WITH_KNOTS('',3,(#12008,#12009,#12010,#12011),
 .UNSPECIFIED.,.F.,.F.,(4,4),(0.00344028044239941,1.),.UNSPECIFIED.);
#3704=B_SPLINE_CURVE_WITH_KNOTS('',3,(#12013,#12014,#12015,#12016),
 .UNSPECIFIED.,.F.,.F.,(4,4),(5.42101086242752E-20,0.000162355314195107),
 .UNSPECIFIED.);
#3705=B_SPLINE_CURVE_WITH_KNOTS('',3,(#12017,#12018,#12019,#12020),
 .UNSPECIFIED.,.F.,.F.,(4,4),(5.96883750404674E-5,0.996915505900896),
 .UNSPECIFIED.);
#3706=B_SPLINE_CURVE_WITH_KNOTS('',3,(#12022,#12023,#12024,#12025),
 .UNSPECIFIED.,.F.,.F.,(4,4),(0.,0.998691484751356),.UNSPECIFIED.);
#3707=B_SPLINE_CURVE_WITH_KNOTS('',3,(#12027,#12028,#12029,#12030),
 .UNSPECIFIED.,.F.,.F.,(4,4),(0.,1.),.UNSPECIFIED.);
#3708=B_SPLINE_CURVE_WITH_KNOTS('',3,(#12032,#12033,#12034,#12035),
 .UNSPECIFIED.,.F.,.F.,(4,4),(0.00178284179936766,1.),.UNSPECIFIED.);
#3709=B_SPLINE_CURVE_WITH_KNOTS('',3,(#12037,#12038,#12039,#12040),
 .UNSPECIFIED.,.F.,.F.,(4,4),(0.0026743883001178,1.),.UNSPECIFIED.);
#3710=B_SPLINE_CURVE_WITH_KNOTS('',3,(#12042,#12043,#12044,#12045),
 .UNSPECIFIED.,.F.,.F.,(4,4),(0.,0.999977587367235),.UNSPECIFIED.);
#3711=B_SPLINE_CURVE_WITH_KNOTS('',3,(#12050,#12051,#12052,#12053,#12054,
#12055,#12056),.UNSPECIFIED.,.F.,.F.,(4,3,4),(0.0142592962393349,0.0172602320966025,
0.0192999590127284),.UNSPECIFIED.);
#3712=B_SPLINE_CURVE_WITH_KNOTS('',3,(#12057,#12058,#12059,#12060),
 .UNSPECIFIED.,.F.,.F.,(4,4),(0.,1.),.UNSPECIFIED.);
#3713=B_SPLINE_CURVE_WITH_KNOTS('',3,(#12065,#12066,#12067,#12068,#12069,
#12070),.UNSPECIFIED.,.F.,.F.,(4,2,4),(0.00593650101474424,0.00841609568521681,
0.0111970585259989),.UNSPECIFIED.);
#3714=B_SPLINE_CURVE_WITH_KNOTS('',3,(#12135,#12136,#12137,#12138,#12139,
#12140,#12141,#12142,#12143,#12144,#12145,#12146),.UNSPECIFIED.,.F.,.F.,
(4,3,1,1,1,1,1,4),(0.313498878850107,0.314805787907799,0.318212105614996,
0.339426203625323,0.360640301635649,0.403068497656301,0.424282595666628,
0.445496693676954),.UNSPECIFIED.);
#3715=B_SPLINE_CURVE_WITH_KNOTS('',3,(#12147,#12148,#12149,#12150,#12151),
 .UNSPECIFIED.,.F.,.F.,(4,1,4),(0.,0.5,1.),.UNSPECIFIED.);
#3716=B_SPLINE_CURVE_WITH_KNOTS('',3,(#12152,#12153,#12154,#12155),
 .UNSPECIFIED.,.F.,.F.,(4,4),(0.,1.),.UNSPECIFIED.);
#3717=B_SPLINE_CURVE_WITH_KNOTS('',3,(#12160,#12161,#12162,#12163,#12164,
#12165,#12166),.UNSPECIFIED.,.F.,.F.,(4,3,4),(0.0185986399871292,0.0187471646690042,
0.0225691800482568),.PIECEWISE_BEZIER_KNOTS.);
#3718=B_SPLINE_CURVE_WITH_KNOTS('',3,(#12168,#12169,#12170,#12171),
 .UNSPECIFIED.,.F.,.F.,(4,4),(0.00880699665261015,0.0142166197499671),
 .UNSPECIFIED.);
#3719=B_SPLINE_CURVE_WITH_KNOTS('',3,(#12179,#12180,#12181,#12182,#12183,
#12184),.UNSPECIFIED.,.F.,.F.,(4,2,4),(0.,0.0108554205653318,0.01177875466349),
 .UNSPECIFIED.);
#3720=B_SPLINE_CURVE_WITH_KNOTS('',3,(#12187,#12188,#12189,#12190,#12191,
#12192,#12193,#12194,#12195,#12196,#12197,#12198,#12199,#12200,#12201,#12202,
#12203,#12204,#12205),.UNSPECIFIED.,.F.,.F.,(4,3,3,3,3,3,4),(0.00156453762518697,
0.00615786350568877,0.00916953699796523,0.00933353021984873,0.0127488833502063,
0.0157939248149122,0.0188389662796181),.UNSPECIFIED.);
#3721=B_SPLINE_CURVE_WITH_KNOTS('',3,(#12208,#12209,#12210,#12211,#12212,
#12213,#12214),.UNSPECIFIED.,.F.,.F.,(4,3,4),(0.302526727454533,0.302586721434068,
0.303822204495683),.UNSPECIFIED.);
#3722=B_SPLINE_CURVE_WITH_KNOTS('',3,(#12215,#12216,#12217,#12218,#12219,
#12220,#12221),.UNSPECIFIED.,.F.,.F.,(4,3,4),(0.0154491681147565,0.0155067677266198,
0.0173435201487941),.UNSPECIFIED.);
#3723=B_SPLINE_CURVE_WITH_KNOTS('',3,(#12227,#12228,#12229,#12230,#12231,
#12232,#12233,#12234,#12235,#12236),.UNSPECIFIED.,.F.,.F.,(4,3,3,4),(0.00129369852656403,
0.00145382275511427,0.00768489721158706,0.0174662456101384),
 .UNSPECIFIED.);
#3724=B_SPLINE_CURVE_WITH_KNOTS('',3,(#12238,#12239,#12240,#12241),
 .UNSPECIFIED.,.F.,.F.,(4,4),(0.,0.00431119090726167),.UNSPECIFIED.);
#3725=B_SPLINE_CURVE_WITH_KNOTS('',3,(#12246,#12247,#12248,#12249),
 .UNSPECIFIED.,.F.,.F.,(4,4),(0.,1.),.UNSPECIFIED.);
#3726=B_SPLINE_CURVE_WITH_KNOTS('',3,(#12254,#12255,#12256,#12257),
 .UNSPECIFIED.,.F.,.F.,(4,4),(1.15252271840046E-18,0.00040422007432317),
 .UNSPECIFIED.);
#3727=B_SPLINE_CURVE_WITH_KNOTS('',3,(#12330,#12331,#12332,#12333,#12334,
#12335,#12336,#12337,#12338),.UNSPECIFIED.,.F.,.F.,(4,1,1,1,1,1,4),(0.,
0.25,0.375,0.5,0.625,0.75,1.),.UNSPECIFIED.);
#3728=B_SPLINE_CURVE_WITH_KNOTS('',3,(#12340,#12341,#12342,#12343),
 .UNSPECIFIED.,.F.,.F.,(4,4),(0.,1.),.UNSPECIFIED.);
#3729=B_SPLINE_CURVE_WITH_KNOTS('',3,(#12345,#12346,#12347,#12348,#12349,
#12350,#12351,#12352,#12353,#12354,#12355,#12356,#12357,#12358),
 .UNSPECIFIED.,.F.,.F.,(4,1,1,1,1,1,1,1,1,1,1,4),(-0.189411060057105,-0.162352337191804,
-0.135293614326503,-0.108234891461203,-0.101470210744878,-0.0947055300285524,
-0.0879408493122272,-0.081176168595902,-0.0676468071632517,-0.0541174457306014,
-0.0270587228653007,0.),.UNSPECIFIED.);
#3730=B_SPLINE_CURVE_WITH_KNOTS('',3,(#12360,#12361,#12362,#12363),
 .UNSPECIFIED.,.F.,.F.,(4,4),(9.83282311216535E-19,0.000413309231034806),
 .UNSPECIFIED.);
#3731=B_SPLINE_CURVE_WITH_KNOTS('',3,(#12387,#12388,#12389,#12390,#12391),
 .UNSPECIFIED.,.F.,.F.,(4,1,4),(2.05802552727674E-13,0.000477816857341566,
0.00095563371447733),.UNSPECIFIED.);
#3732=B_SPLINE_CURVE_WITH_KNOTS('',3,(#12395,#12396,#12397,#12398,#12399,
#12400,#12401),.UNSPECIFIED.,.T.,.F.,(1,1,1,1,1,1,1,1,1,1,1),(-0.00119896412026875,
-0.000799309413512502,-0.000399654706756251,0.,0.000399654706756251,0.000799309413512502,
0.00119896412026875,0.001598618827025,0.00199827353378125,0.00239792824053751,
0.00279758294729376),.UNSPECIFIED.);
#3733=B_SPLINE_CURVE_WITH_KNOTS('',3,(#12407,#12408,#12409,#12410,#12411,
#12412,#12413),.UNSPECIFIED.,.T.,.F.,(1,1,1,1,1,1,1,1,1,1,1),(-0.00119689349435529,
-0.000797928996236862,-0.000398964498118431,0.,0.000398964498118431,0.000797928996236862,
0.00119689349435529,0.00159585799247372,0.00199482249059215,0.00239378698871058,
0.00279275148682902),.UNSPECIFIED.);
#3734=B_SPLINE_CURVE_WITH_KNOTS('',3,(#12416,#12417,#12418,#12419,#12420,
#12421,#12422),.UNSPECIFIED.,.T.,.F.,(1,1,1,1,1,1,1,1,1,1,1),(-0.0011989641161944,
-0.000799309410796263,-0.000399654705398132,0.,0.000399654705398132,0.000799309410796263,
0.0011989641161944,0.00159861882159253,0.00199827352699066,0.00239792823238879,
0.00279758293778692),.UNSPECIFIED.);
#3735=B_SPLINE_CURVE_WITH_KNOTS('',3,(#12424,#12425,#12426,#12427),
 .UNSPECIFIED.,.F.,.F.,(4,4),(1.24565346027112E-18,0.000404220074429269),
 .UNSPECIFIED.);
#3736=B_SPLINE_CURVE_WITH_KNOTS('',3,(#12432,#12433,#12434,#12435),
 .UNSPECIFIED.,.F.,.F.,(4,4),(9.83282311216535E-19,0.000413309231026983),
 .UNSPECIFIED.);
#3737=B_SPLINE_CURVE_WITH_KNOTS('',3,(#12437,#12438,#12439,#12440,#12441),
 .UNSPECIFIED.,.F.,.F.,(4,1,4),(2.05802213516832E-13,0.000477816857292516,
0.000955633714379231),.UNSPECIFIED.);
#3738=B_SPLINE_CURVE_WITH_KNOTS('',3,(#12443,#12444,#12445,#12446),
 .UNSPECIFIED.,.F.,.F.,(4,4),(0.,1.),.UNSPECIFIED.);
#3739=B_SPLINE_CURVE_WITH_KNOTS('',3,(#12521,#12522,#12523,#12524,#12525,
#12526,#12527,#12528,#12529),.UNSPECIFIED.,.F.,.F.,(4,1,1,1,1,1,4),(0.,
0.25,0.375,0.5,0.625,0.75,1.),.UNSPECIFIED.);
#3740=B_SPLINE_CURVE_WITH_KNOTS('',3,(#12531,#12532,#12533,#12534),
 .UNSPECIFIED.,.F.,.F.,(4,4),(0.,1.),.UNSPECIFIED.);
#3741=B_SPLINE_CURVE_WITH_KNOTS('',3,(#12536,#12537,#12538,#12539,#12540,
#12541,#12542,#12543,#12544,#12545,#12546,#12547,#12548,#12549),
 .UNSPECIFIED.,.F.,.F.,(4,1,1,1,1,1,1,1,1,1,1,4),(-0.189411060057105,-0.162352337191804,
-0.135293614326503,-0.108234891461203,-0.101470210744878,-0.0947055300285524,
-0.0879408493122272,-0.081176168595902,-0.0676468071632517,-0.0541174457306014,
-0.0270587228653007,0.),.UNSPECIFIED.);
#3742=B_SPLINE_CURVE_WITH_KNOTS('',3,(#12578,#12579,#12580,#12581,#12582,
#12583,#12584),.UNSPECIFIED.,.T.,.F.,(1,1,1,1,1,1,1,1,1,1,1),(-0.00119689349435528,
-0.000797928996236855,-0.000398964498118428,0.,0.000398964498118428,0.000797928996236855,
0.00119689349435528,0.00159585799247371,0.00199482249059214,0.00239378698871057,
0.00279275148682899),.UNSPECIFIED.);
#3743=B_SPLINE_CURVE_WITH_KNOTS('',3,(#12592,#12593,#12594,#12595),
 .UNSPECIFIED.,.F.,.F.,(4,4),(0.,1.),.UNSPECIFIED.);
#3744=B_SPLINE_CURVE_WITH_KNOTS('',3,(#12634,#12635,#12636,#12637),
 .UNSPECIFIED.,.F.,.F.,(4,4),(0.,1.),.UNSPECIFIED.);
#3745=B_SPLINE_CURVE_WITH_KNOTS('',3,(#12640,#12641,#12642,#12643,#12644,
#12645,#12646,#12647,#12648),.UNSPECIFIED.,.F.,.F.,(4,1,1,1,1,1,4),(-0.148498686072284,
-0.127284588061957,-0.106070490051631,-0.084856392041305,-0.0424281960206525,
-0.0212140980103263,-2.77555756156289E-17),.UNSPECIFIED.);
#3746=B_SPLINE_CURVE_WITH_KNOTS('',3,(#12649,#12650,#12651,#12652,#12653),
 .UNSPECIFIED.,.F.,.F.,(4,1,4),(0.,0.5,1.),.UNSPECIFIED.);
#3747=B_SPLINE_CURVE_WITH_KNOTS('',3,(#12750,#12751,#12752,#12753),
 .UNSPECIFIED.,.F.,.F.,(4,4),(0.,1.),.UNSPECIFIED.);
#3748=B_SPLINE_CURVE_WITH_KNOTS('',3,(#12756,#12757,#12758,#12759,#12760,
#12761,#12762,#12763,#12764,#12765,#12766,#12767,#12768),.UNSPECIFIED.,
 .F.,.F.,(4,1,1,1,1,1,1,1,1,1,4),(0.,0.125,0.25,0.3125,0.375,0.4375,0.5,
0.5625,0.625,0.75,1.),.UNSPECIFIED.);
#3749=B_SPLINE_CURVE_WITH_KNOTS('',3,(#12769,#12770,#12771,#12772,#12773,
#12774,#12775,#12776,#12777,#12778,#12779,#12780,#12781,#12782,#12783,#12784),
 .UNSPECIFIED.,.F.,.F.,(4,1,1,1,1,1,1,1,1,1,1,1,1,4),(0.,0.125,0.1875,0.25,
0.3125,0.375,0.4375,0.5,0.5625,0.625,0.75,0.8125,0.875,1.),
 .UNSPECIFIED.);
#3750=B_SPLINE_CURVE_WITH_KNOTS('',3,(#12786,#12787,#12788,#12789,#12790,
#12791,#12792),.UNSPECIFIED.,.F.,.F.,(4,1,1,1,4),(0.,0.25,0.5,0.75,1.),
 .UNSPECIFIED.);
#3751=B_SPLINE_CURVE_WITH_KNOTS('',3,(#12793,#12794,#12795,#12796,#12797,
#12798,#12799),.UNSPECIFIED.,.F.,.F.,(4,1,1,1,4),(0.,0.25,0.5,0.75,1.),
 .UNSPECIFIED.);
#3752=B_SPLINE_CURVE_WITH_KNOTS('',3,(#12801,#12802,#12803,#12804),
 .UNSPECIFIED.,.F.,.F.,(4,4),(0.,1.),.UNSPECIFIED.);
#3753=B_SPLINE_CURVE_WITH_KNOTS('',3,(#12806,#12807,#12808,#12809,#12810,
#12811,#12812),.UNSPECIFIED.,.F.,.F.,(4,1,1,1,4),(6.39064887825647E-19,
0.000331057111709967,0.000662114223419934,0.000993171335129901,0.00132422844683987),
 .UNSPECIFIED.);
#3754=B_SPLINE_CURVE_WITH_KNOTS('',3,(#12820,#12821,#12822,#12823),
 .UNSPECIFIED.,.F.,.F.,(4,4),(0.,1.),.UNSPECIFIED.);
#3755=B_SPLINE_CURVE_WITH_KNOTS('',3,(#12842,#12843,#12844,#12845),
 .UNSPECIFIED.,.F.,.F.,(4,4),(-0.00119686641914413,0.),.UNSPECIFIED.);
#3756=B_SPLINE_CURVE_WITH_KNOTS('',3,(#12926,#12927,#12928,#12929,#12930,
#12931,#12932,#12933,#12934,#12935,#12936,#12937,#12938),.UNSPECIFIED.,
 .F.,.F.,(4,1,1,1,1,1,1,1,1,1,4),(0.,0.125,0.25,0.3125,0.375,0.4375,0.5,
0.5625,0.625,0.75,1.),.UNSPECIFIED.);
#3757=B_SPLINE_CURVE_WITH_KNOTS('',3,(#12939,#12940,#12941,#12942,#12943,
#12944,#12945),.UNSPECIFIED.,.F.,.F.,(4,1,1,1,4),(0.,0.25,0.5,0.75,1.),
 .UNSPECIFIED.);
#3758=B_SPLINE_CURVE_WITH_KNOTS('',3,(#12947,#12948,#12949,#12950),
 .UNSPECIFIED.,.F.,.F.,(4,4),(0.,1.),.UNSPECIFIED.);
#3759=B_SPLINE_CURVE_WITH_KNOTS('',3,(#12952,#12953,#12954,#12955,#12956,
#12957,#12958),.UNSPECIFIED.,.F.,.F.,(4,1,1,1,4),(1.71097971655578E-18,
0.000330919943344888,0.000661839886689773,0.000992759830034659,0.00132367977337955),
 .UNSPECIFIED.);
#3760=B_SPLINE_CURVE_WITH_KNOTS('',3,(#13077,#13078,#13079,#13080,#13081),
 .UNSPECIFIED.,.F.,.F.,(4,1,4),(2.46210900159174E-7,0.50000012310545,1.),
 .UNSPECIFIED.);
#3761=B_SPLINE_CURVE_WITH_KNOTS('',3,(#13084,#13085,#13086,#13087,#13088),
 .UNSPECIFIED.,.F.,.F.,(4,1,4),(0.,0.5,1.),.UNSPECIFIED.);
#3762=B_SPLINE_CURVE_WITH_KNOTS('',3,(#13203,#13204,#13205,#13206,#13207),
 .UNSPECIFIED.,.F.,.F.,(4,1,4),(0.,0.5,1.),.UNSPECIFIED.);
#3763=B_SPLINE_CURVE_WITH_KNOTS('',3,(#13210,#13211,#13212,#13213,#13214),
 .UNSPECIFIED.,.F.,.F.,(4,1,4),(0.,0.5,1.),.UNSPECIFIED.);
#3764=B_SPLINE_CURVE_WITH_KNOTS('',3,(#13387,#13388,#13389,#13390),
 .UNSPECIFIED.,.F.,.F.,(4,4),(3.90914652586594E-19,0.000404192077377992),
 .UNSPECIFIED.);
#3765=B_SPLINE_CURVE_WITH_KNOTS('',3,(#13393,#13394,#13395,#13396,#13397),
 .UNSPECIFIED.,.F.,.F.,(4,1,4),(1.0842021724855E-19,0.000477805418579244,
0.000955610837158488),.UNSPECIFIED.);
#3766=B_SPLINE_CURVE_WITH_KNOTS('',3,(#13399,#13400,#13401,#13402),
 .UNSPECIFIED.,.F.,.F.,(4,4),(5.52836803418328E-19,0.000413359738573151),
 .UNSPECIFIED.);
#3767=B_SPLINE_CURVE_WITH_KNOTS('',3,(#13405,#13406,#13407,#13408,#13409,
#13410,#13411),.UNSPECIFIED.,.T.,.F.,(1,1,1,1,1,1,1,1,1,1,1),(-0.0011987917052707,
-0.000799194470180468,-0.000399597235090234,0.,0.000399597235090234,0.000799194470180468,
0.0011987917052707,0.00159838894036094,0.00199798617545117,0.0023975834105414,
0.00279718064563164),.UNSPECIFIED.);
#3768=B_SPLINE_CURVE_WITH_KNOTS('',3,(#13415,#13416,#13417,#13418),
 .UNSPECIFIED.,.F.,.F.,(4,4),(0.,1.),.UNSPECIFIED.);
#3769=B_SPLINE_CURVE_WITH_KNOTS('',3,(#13493,#13494,#13495,#13496,#13497,
#13498,#13499,#13500,#13501,#13502,#13503,#13504,#13505,#13506),
 .UNSPECIFIED.,.F.,.F.,(4,1,1,1,1,1,1,1,1,1,1,4),(-0.189411060057105,-0.162352337191804,
-0.135293614326503,-0.108234891461203,-0.101470210744878,-0.0947055300285524,
-0.0879408493122272,-0.081176168595902,-0.0676468071632517,-0.0541174457306014,
-0.0270587228653007,0.),.UNSPECIFIED.);
#3770=B_SPLINE_CURVE_WITH_KNOTS('',3,(#13508,#13509,#13510,#13511),
 .UNSPECIFIED.,.F.,.F.,(4,4),(0.,1.),.UNSPECIFIED.);
#3771=B_SPLINE_CURVE_WITH_KNOTS('',3,(#13513,#13514,#13515,#13516,#13517,
#13518,#13519,#13520,#13521),.UNSPECIFIED.,.F.,.F.,(4,1,1,1,1,1,4),(0.,
0.25,0.375,0.5,0.625,0.75,1.),.UNSPECIFIED.);
#3772=B_SPLINE_CURVE_WITH_KNOTS('',3,(#13568,#13569,#13570,#13571),
 .UNSPECIFIED.,.F.,.F.,(4,4),(1.15252271840046E-18,0.000404092010828603),
 .UNSPECIFIED.);
#3773=B_SPLINE_CURVE_WITH_KNOTS('',3,(#13574,#13575,#13576,#13577,#13578),
 .UNSPECIFIED.,.F.,.F.,(4,1,4),(1.0842021724855E-19,0.000477906205828156,
0.000955812411656312),.UNSPECIFIED.);
#3774=B_SPLINE_CURVE_WITH_KNOTS('',3,(#13580,#13581,#13582,#13583),
 .UNSPECIFIED.,.F.,.F.,(4,4),(1.0842021724855E-19,0.000413258806789214),
 .UNSPECIFIED.);
#3775=B_SPLINE_CURVE_WITH_KNOTS('',3,(#13586,#13587,#13588,#13589,#13590,
#13591,#13592),.UNSPECIFIED.,.T.,.F.,(1,1,1,1,1,1,1,1,1,1,1),(-7.20377356997273E-7,
0.000398939901124406,0.000798600179605808,0.00119826045808721,0.00159792073656861,
0.00199758101505002,0.00239724129353142,0.00279690157201282,0.00319656185049423,
0.00359622212897563,0.00399588240745703),.UNSPECIFIED.);
#3776=B_SPLINE_CURVE_WITH_KNOTS('',3,(#13596,#13597,#13598,#13599),
 .UNSPECIFIED.,.F.,.F.,(4,4),(0.,1.),.UNSPECIFIED.);
#3777=B_SPLINE_CURVE_WITH_KNOTS('',3,(#13674,#13675,#13676,#13677,#13678,
#13679,#13680,#13681,#13682,#13683,#13684,#13685,#13686,#13687),
 .UNSPECIFIED.,.F.,.F.,(4,1,1,1,1,1,1,1,1,1,1,4),(-0.189411060057105,-0.162352337191804,
-0.135293614326503,-0.108234891461203,-0.101470210744878,-0.0947055300285524,
-0.0879408493122272,-0.081176168595902,-0.0676468071632517,-0.0541174457306014,
-0.0270587228653007,0.),.UNSPECIFIED.);
#3778=B_SPLINE_CURVE_WITH_KNOTS('',3,(#13689,#13690,#13691,#13692),
 .UNSPECIFIED.,.F.,.F.,(4,4),(0.,1.),.UNSPECIFIED.);
#3779=B_SPLINE_CURVE_WITH_KNOTS('',3,(#13694,#13695,#13696,#13697,#13698,
#13699,#13700,#13701,#13702),.UNSPECIFIED.,.F.,.F.,(4,1,1,1,1,1,4),(0.,
0.25,0.375,0.5,0.625,0.75,1.),.UNSPECIFIED.);
#3780=EDGE_LOOP('',(#799,#800));
#3781=EDGE_LOOP('',(#801,#802));
#3782=EDGE_LOOP('',(#803,#804,#805,#806));
#3783=EDGE_LOOP('',(#807,#808,#809,#810));
#3784=EDGE_LOOP('',(#811,#812,#813,#814));
#3785=EDGE_LOOP('',(#815,#816,#817,#818,#819,#820));
#3786=EDGE_LOOP('',(#821,#822,#823,#824));
#3787=EDGE_LOOP('',(#825,#826,#827,#828));
#3788=EDGE_LOOP('',(#829,#830,#831,#832));
#3789=EDGE_LOOP('',(#833,#834,#835,#836));
#3790=EDGE_LOOP('',(#837,#838,#839,#840,#841,#842));
#3791=EDGE_LOOP('',(#843,#844,#845,#846));
#3792=EDGE_LOOP('',(#847,#848,#849,#850,#851,#852,#853,#854,#855));
#3793=EDGE_LOOP('',(#856,#857,#858,#859,#860,#861));
#3794=EDGE_LOOP('',(#862,#863,#864,#865));
#3795=EDGE_LOOP('',(#866,#867,#868,#869));
#3796=EDGE_LOOP('',(#870,#871,#872,#873));
#3797=EDGE_LOOP('',(#874,#875,#876,#877));
#3798=EDGE_LOOP('',(#878,#879,#880,#881));
#3799=EDGE_LOOP('',(#882,#883,#884,#885,#886,#887));
#3800=EDGE_LOOP('',(#888,#889,#890,#891));
#3801=EDGE_LOOP('',(#892,#893,#894,#895,#896,#897));
#3802=EDGE_LOOP('',(#898,#899,#900,#901));
#3803=EDGE_LOOP('',(#902,#903,#904,#905));
#3804=EDGE_LOOP('',(#906,#907,#908,#909));
#3805=EDGE_LOOP('',(#910,#911,#912,#913));
#3806=EDGE_LOOP('',(#914,#915,#916,#917));
#3807=EDGE_LOOP('',(#918,#919,#920,#921,#922,#923));
#3808=EDGE_LOOP('',(#924,#925,#926,#927));
#3809=EDGE_LOOP('',(#928,#929,#930,#931));
#3810=EDGE_LOOP('',(#932,#933,#934,#935));
#3811=EDGE_LOOP('',(#936,#937,#938,#939));
#3812=EDGE_LOOP('',(#940,#941,#942,#943,#944,#945));
#3813=EDGE_LOOP('',(#946,#947,#948,#949));
#3814=EDGE_LOOP('',(#950,#951,#952,#953));
#3815=EDGE_LOOP('',(#954,#955,#956,#957,#958,#959));
#3816=EDGE_LOOP('',(#960,#961,#962,#963));
#3817=EDGE_LOOP('',(#964,#965,#966,#967));
#3818=EDGE_LOOP('',(#968,#969,#970,#971,#972,#973));
#3819=EDGE_LOOP('',(#974,#975,#976,#977));
#3820=EDGE_LOOP('',(#978,#979,#980,#981));
#3821=EDGE_LOOP('',(#982,#983,#984,#985,#986,#987));
#3822=EDGE_LOOP('',(#988,#989,#990,#991,#992,#993,#994,#995,#996,#997,#998,
#999,#1000));
#3823=EDGE_LOOP('',(#1001,#1002,#1003));
#3824=EDGE_LOOP('',(#1004,#1005,#1006,#1007,#1008,#1009,#1010));
#3825=EDGE_LOOP('',(#1011,#1012,#1013,#1014,#1015,#1016,#1017,#1018,#1019));
#3826=EDGE_LOOP('',(#1020,#1021,#1022,#1023,#1024,#1025,#1026,#1027,#1028,
#1029,#1030,#1031,#1032));
#3827=EDGE_LOOP('',(#1033,#1034,#1035,#1036,#1037,#1038,#1039,#1040,#1041,
#1042,#1043,#1044,#1045,#1046,#1047,#1048,#1049,#1050,#1051,#1052,#1053));
#3828=EDGE_LOOP('',(#1054,#1055,#1056,#1057));
#3829=EDGE_LOOP('',(#1058));
#3830=EDGE_LOOP('',(#1059,#1060,#1061,#1062,#1063,#1064,#1065,#1066));
#3831=EDGE_LOOP('',(#1067,#1068,#1069,#1070,#1071,#1072,#1073,#1074,#1075,
#1076,#1077,#1078,#1079,#1080,#1081,#1082));
#3832=EDGE_LOOP('',(#1083,#1084,#1085,#1086,#1087,#1088,#1089,#1090,#1091,
#1092,#1093,#1094,#1095,#1096,#1097,#1098,#1099,#1100,#1101,#1102,#1103,
#1104,#1105,#1106,#1107,#1108,#1109,#1110,#1111,#1112,#1113,#1114));
#3833=EDGE_LOOP('',(#1115,#1116,#1117,#1118));
#3834=EDGE_LOOP('',(#1119,#1120,#1121));
#3835=EDGE_LOOP('',(#1122,#1123,#1124));
#3836=EDGE_LOOP('',(#1125,#1126,#1127,#1128));
#3837=EDGE_LOOP('',(#1129,#1130,#1131,#1132));
#3838=EDGE_LOOP('',(#1133,#1134,#1135,#1136));
#3839=EDGE_LOOP('',(#1137,#1138,#1139,#1140));
#3840=EDGE_LOOP('',(#1141,#1142,#1143,#1144));
#3841=EDGE_LOOP('',(#1145,#1146,#1147,#1148));
#3842=EDGE_LOOP('',(#1149,#1150,#1151));
#3843=EDGE_LOOP('',(#1152,#1153,#1154,#1155));
#3844=EDGE_LOOP('',(#1156,#1157,#1158));
#3845=EDGE_LOOP('',(#1159,#1160,#1161));
#3846=EDGE_LOOP('',(#1162,#1163,#1164,#1165));
#3847=EDGE_LOOP('',(#1166,#1167,#1168,#1169));
#3848=EDGE_LOOP('',(#1170,#1171,#1172,#1173));
#3849=EDGE_LOOP('',(#1174,#1175,#1176));
#3850=EDGE_LOOP('',(#1177,#1178,#1179,#1180,#1181,#1182,#1183,#1184,#1185,
#1186,#1187,#1188,#1189,#1190,#1191,#1192,#1193));
#3851=EDGE_LOOP('',(#1194,#1195,#1196,#1197,#1198,#1199));
#3852=EDGE_LOOP('',(#1200,#1201,#1202));
#3853=EDGE_LOOP('',(#1203,#1204,#1205));
#3854=EDGE_LOOP('',(#1206,#1207));
#3855=EDGE_LOOP('',(#1208,#1209,#1210));
#3856=EDGE_LOOP('',(#1211,#1212,#1213,#1214));
#3857=EDGE_LOOP('',(#1215,#1216,#1217,#1218));
#3858=EDGE_LOOP('',(#1219,#1220,#1221));
#3859=EDGE_LOOP('',(#1222,#1223,#1224,#1225,#1226));
#3860=EDGE_LOOP('',(#1227,#1228,#1229,#1230,#1231));
#3861=EDGE_LOOP('',(#1232,#1233,#1234));
#3862=EDGE_LOOP('',(#1235,#1236,#1237));
#3863=EDGE_LOOP('',(#1238,#1239));
#3864=EDGE_LOOP('',(#1240,#1241));
#3865=EDGE_LOOP('',(#1242,#1243,#1244,#1245,#1246,#1247,#1248,#1249,#1250,
#1251,#1252,#1253));
#3866=EDGE_LOOP('',(#1254,#1255,#1256,#1257,#1258,#1259,#1260,#1261,#1262,
#1263));
#3867=EDGE_LOOP('',(#1264,#1265,#1266,#1267,#1268,#1269,#1270,#1271,#1272,
#1273));
#3868=EDGE_LOOP('',(#1274,#1275,#1276,#1277,#1278,#1279,#1280,#1281,#1282,
#1283,#1284));
#3869=EDGE_LOOP('',(#1285,#1286,#1287));
#3870=EDGE_LOOP('',(#1288,#1289,#1290));
#3871=EDGE_LOOP('',(#1291,#1292,#1293,#1294));
#3872=EDGE_LOOP('',(#1295,#1296,#1297,#1298));
#3873=EDGE_LOOP('',(#1299,#1300,#1301,#1302));
#3874=EDGE_LOOP('',(#1303,#1304,#1305,#1306));
#3875=EDGE_LOOP('',(#1307,#1308,#1309,#1310));
#3876=EDGE_LOOP('',(#1311,#1312,#1313,#1314));
#3877=EDGE_LOOP('',(#1315,#1316,#1317));
#3878=EDGE_LOOP('',(#1318,#1319,#1320,#1321));
#3879=EDGE_LOOP('',(#1322,#1323,#1324));
#3880=EDGE_LOOP('',(#1325,#1326,#1327));
#3881=EDGE_LOOP('',(#1328,#1329));
#3882=EDGE_LOOP('',(#1330,#1331));
#3883=EDGE_LOOP('',(#1332,#1333,#1334));
#3884=EDGE_LOOP('',(#1335,#1336,#1337,#1338,#1339,#1340,#1341,#1342,#1343,
#1344,#1345,#1346,#1347,#1348,#1349));
#3885=EDGE_LOOP('',(#1350,#1351,#1352,#1353,#1354,#1355,#1356,#1357,#1358,
#1359));
#3886=EDGE_LOOP('',(#1360,#1361,#1362,#1363));
#3887=EDGE_LOOP('',(#1364,#1365,#1366,#1367));
#3888=EDGE_LOOP('',(#1368,#1369,#1370));
#3889=EDGE_LOOP('',(#1371,#1372,#1373,#1374));
#3890=EDGE_LOOP('',(#1375,#1376,#1377,#1378));
#3891=EDGE_LOOP('',(#1379,#1380,#1381,#1382));
#3892=EDGE_LOOP('',(#1383,#1384,#1385,#1386));
#3893=EDGE_LOOP('',(#1387,#1388,#1389,#1390));
#3894=EDGE_LOOP('',(#1391,#1392,#1393,#1394));
#3895=EDGE_LOOP('',(#1395,#1396,#1397,#1398));
#3896=EDGE_LOOP('',(#1399,#1400,#1401,#1402));
#3897=EDGE_LOOP('',(#1403,#1404,#1405,#1406));
#3898=EDGE_LOOP('',(#1407,#1408,#1409,#1410));
#3899=EDGE_LOOP('',(#1411,#1412,#1413));
#3900=EDGE_LOOP('',(#1414,#1415,#1416));
#3901=EDGE_LOOP('',(#1417,#1418,#1419,#1420));
#3902=EDGE_LOOP('',(#1421,#1422,#1423));
#3903=EDGE_LOOP('',(#1424,#1425,#1426));
#3904=EDGE_LOOP('',(#1427,#1428,#1429,#1430));
#3905=EDGE_LOOP('',(#1431,#1432));
#3906=EDGE_LOOP('',(#1433,#1434));
#3907=EDGE_LOOP('',(#1435,#1436));
#3908=EDGE_LOOP('',(#1437,#1438,#1439,#1440));
#3909=EDGE_LOOP('',(#1441,#1442,#1443,#1444));
#3910=EDGE_LOOP('',(#1445,#1446,#1447,#1448,#1449,#1450,#1451,#1452,#1453,
#1454,#1455,#1456,#1457,#1458,#1459,#1460,#1461,#1462,#1463,#1464,#1465));
#3911=EDGE_LOOP('',(#1466,#1467,#1468,#1469,#1470,#1471,#1472,#1473,#1474,
#1475,#1476,#1477,#1478,#1479,#1480,#1481));
#3912=EDGE_LOOP('',(#1482,#1483,#1484));
#3913=EDGE_LOOP('',(#1485,#1486,#1487,#1488));
#3914=EDGE_LOOP('',(#1489,#1490,#1491,#1492));
#3915=EDGE_LOOP('',(#1493,#1494,#1495,#1496));
#3916=EDGE_LOOP('',(#1497,#1498,#1499,#1500));
#3917=EDGE_LOOP('',(#1501,#1502,#1503,#1504));
#3918=EDGE_LOOP('',(#1505,#1506,#1507));
#3919=EDGE_LOOP('',(#1508,#1509,#1510,#1511));
#3920=EDGE_LOOP('',(#1512,#1513,#1514,#1515));
#3921=EDGE_LOOP('',(#1516,#1517,#1518));
#3922=EDGE_LOOP('',(#1519,#1520,#1521));
#3923=EDGE_LOOP('',(#1522,#1523,#1524));
#3924=EDGE_LOOP('',(#1525,#1526,#1527,#1528));
#3925=EDGE_LOOP('',(#1529,#1530,#1531,#1532));
#3926=EDGE_LOOP('',(#1533,#1534,#1535,#1536));
#3927=EDGE_LOOP('',(#1537,#1538,#1539,#1540));
#3928=EDGE_LOOP('',(#1541,#1542,#1543));
#3929=EDGE_LOOP('',(#1544,#1545,#1546));
#3930=EDGE_LOOP('',(#1547,#1548));
#3931=EDGE_LOOP('',(#1549,#1550,#1551));
#3932=EDGE_LOOP('',(#1552,#1553,#1554,#1555,#1556,#1557));
#3933=EDGE_LOOP('',(#1558,#1559,#1560,#1561));
#3934=EDGE_LOOP('',(#1562,#1563,#1564));
#3935=EDGE_LOOP('',(#1565,#1566,#1567,#1568,#1569,#1570,#1571,#1572,#1573,
#1574,#1575,#1576));
#3936=EDGE_LOOP('',(#1577,#1578,#1579,#1580,#1581));
#3937=EDGE_LOOP('',(#1582,#1583,#1584,#1585,#1586,#1587,#1588,#1589,#1590,
#1591,#1592,#1593,#1594,#1595,#1596));
#3938=EDGE_LOOP('',(#1597,#1598,#1599,#1600));
#3939=EDGE_LOOP('',(#1601,#1602,#1603,#1604));
#3940=EDGE_LOOP('',(#1605,#1606,#1607,#1608));
#3941=EDGE_LOOP('',(#1609,#1610,#1611,#1612));
#3942=EDGE_LOOP('',(#1613,#1614,#1615,#1616));
#3943=EDGE_LOOP('',(#1617,#1618,#1619));
#3944=EDGE_LOOP('',(#1620,#1621,#1622,#1623));
#3945=EDGE_LOOP('',(#1624,#1625,#1626));
#3946=EDGE_LOOP('',(#1627,#1628,#1629,#1630));
#3947=EDGE_LOOP('',(#1631,#1632,#1633,#1634));
#3948=EDGE_LOOP('',(#1635,#1636,#1637,#1638));
#3949=EDGE_LOOP('',(#1639,#1640,#1641,#1642));
#3950=EDGE_LOOP('',(#1643,#1644,#1645,#1646));
#3951=EDGE_LOOP('',(#1647,#1648,#1649));
#3952=EDGE_LOOP('',(#1650,#1651,#1652));
#3953=EDGE_LOOP('',(#1653,#1654,#1655));
#3954=EDGE_LOOP('',(#1656,#1657,#1658));
#3955=EDGE_LOOP('',(#1659,#1660,#1661));
#3956=EDGE_LOOP('',(#1662,#1663,#1664,#1665));
#3957=EDGE_LOOP('',(#1666,#1667,#1668));
#3958=EDGE_LOOP('',(#1669,#1670,#1671,#1672,#1673,#1674));
#3959=EDGE_LOOP('',(#1675,#1676,#1677,#1678));
#3960=EDGE_LOOP('',(#1679,#1680,#1681,#1682,#1683,#1684,#1685,#1686,#1687,
#1688,#1689,#1690,#1691,#1692,#1693));
#3961=EDGE_LOOP('',(#1694,#1695,#1696,#1697,#1698,#1699));
#3962=EDGE_LOOP('',(#1700,#1701,#1702));
#3963=EDGE_LOOP('',(#1703,#1704,#1705,#1706,#1707,#1708,#1709,#1710,#1711,
#1712,#1713,#1714,#1715,#1716,#1717,#1718,#1719,#1720,#1721));
#3964=EDGE_LOOP('',(#1722,#1723,#1724,#1725,#1726,#1727,#1728));
#3965=EDGE_LOOP('',(#1729,#1730,#1731,#1732,#1733,#1734,#1735));
#3966=EDGE_LOOP('',(#1736,#1737,#1738,#1739,#1740,#1741,#1742,#1743,#1744,
#1745));
#3967=EDGE_LOOP('',(#1746,#1747,#1748,#1749,#1750));
#3968=EDGE_LOOP('',(#1751,#1752,#1753));
#3969=EDGE_LOOP('',(#1754,#1755,#1756,#1757,#1758,#1759,#1760,#1761,#1762,
#1763));
#3970=EDGE_LOOP('',(#1764,#1765,#1766,#1767,#1768));
#3971=EDGE_LOOP('',(#1769,#1770,#1771,#1772,#1773,#1774,#1775,#1776,#1777,
#1778,#1779,#1780,#1781,#1782,#1783));
#3972=EDGE_LOOP('',(#1784,#1785,#1786,#1787,#1788,#1789,#1790,#1791,#1792,
#1793,#1794,#1795,#1796,#1797,#1798,#1799,#1800,#1801,#1802));
#3973=EDGE_LOOP('',(#1803,#1804,#1805,#1806,#1807,#1808,#1809,#1810,#1811,
#1812,#1813,#1814,#1815,#1816,#1817,#1818,#1819,#1820,#1821,#1822,#1823,
#1824,#1825,#1826,#1827,#1828,#1829,#1830,#1831,#1832,#1833,#1834,#1835,
#1836,#1837,#1838,#1839,#1840,#1841,#1842,#1843,#1844,#1845,#1846,#1847,
#1848,#1849));
#3974=EDGE_LOOP('',(#1850,#1851,#1852,#1853,#1854,#1855,#1856,#1857,#1858,
#1859,#1860,#1861,#1862,#1863,#1864,#1865,#1866));
#3975=EDGE_LOOP('',(#1867,#1868,#1869,#1870,#1871,#1872,#1873,#1874,#1875,
#1876,#1877,#1878,#1879,#1880,#1881));
#3976=EDGE_LOOP('',(#1882,#1883,#1884,#1885));
#3977=EDGE_LOOP('',(#1886,#1887,#1888,#1889,#1890,#1891,#1892,#1893,#1894,
#1895));
#3978=EDGE_LOOP('',(#1896,#1897,#1898,#1899,#1900,#1901));
#3979=EDGE_LOOP('',(#1902,#1903,#1904,#1905,#1906,#1907,#1908));
#3980=EDGE_LOOP('',(#1909,#1910,#1911,#1912,#1913));
#3981=EDGE_LOOP('',(#1914,#1915,#1916,#1917,#1918,#1919));
#3982=EDGE_LOOP('',(#1920,#1921,#1922,#1923,#1924,#1925));
#3983=EDGE_LOOP('',(#1926,#1927,#1928,#1929));
#3984=EDGE_LOOP('',(#1930,#1931,#1932,#1933));
#3985=EDGE_LOOP('',(#1934,#1935,#1936,#1937));
#3986=EDGE_LOOP('',(#1938,#1939,#1940,#1941));
#3987=EDGE_LOOP('',(#1942,#1943));
#3988=EDGE_LOOP('',(#1944,#1945,#1946,#1947));
#3989=EDGE_LOOP('',(#1948));
#3990=EDGE_LOOP('',(#1949));
#3991=EDGE_LOOP('',(#1950));
#3992=EDGE_LOOP('',(#1951));
#3993=EDGE_LOOP('',(#1952));
#3994=EDGE_LOOP('',(#1953));
#3995=EDGE_LOOP('',(#1954,#1955,#1956,#1957));
#3996=EDGE_LOOP('',(#1958));
#3997=EDGE_LOOP('',(#1959));
#3998=EDGE_LOOP('',(#1960,#1961,#1962,#1963));
#3999=EDGE_LOOP('',(#1964,#1965,#1966,#1967));
#4000=EDGE_LOOP('',(#1968,#1969,#1970,#1971));
#4001=EDGE_LOOP('',(#1972,#1973,#1974,#1975));
#4002=EDGE_LOOP('',(#1976,#1977,#1978,#1979));
#4003=EDGE_LOOP('',(#1980,#1981));
#4004=EDGE_LOOP('',(#1982,#1983,#1984,#1985));
#4005=EDGE_LOOP('',(#1986));
#4006=EDGE_LOOP('',(#1987));
#4007=EDGE_LOOP('',(#1988));
#4008=EDGE_LOOP('',(#1989));
#4009=EDGE_LOOP('',(#1990));
#4010=EDGE_LOOP('',(#1991));
#4011=EDGE_LOOP('',(#1992,#1993,#1994,#1995));
#4012=EDGE_LOOP('',(#1996,#1997,#1998,#1999));
#4013=EDGE_LOOP('',(#2000,#2001,#2002,#2003));
#4014=EDGE_LOOP('',(#2004,#2005,#2006,#2007,#2008,#2009,#2010,#2011,#2012));
#4015=EDGE_LOOP('',(#2013,#2014));
#4016=EDGE_LOOP('',(#2015,#2016,#2017,#2018));
#4017=EDGE_LOOP('',(#2019,#2020,#2021,#2022));
#4018=EDGE_LOOP('',(#2023,#2024,#2025));
#4019=EDGE_LOOP('',(#2026,#2027,#2028,#2029,#2030,#2031,#2032,#2033,#2034));
#4020=EDGE_LOOP('',(#2035,#2036));
#4021=EDGE_LOOP('',(#2037,#2038,#2039,#2040,#2041,#2042));
#4022=EDGE_LOOP('',(#2043));
#4023=EDGE_LOOP('',(#2044,#2045,#2046,#2047,#2048));
#4024=EDGE_LOOP('',(#2049,#2050));
#4025=EDGE_LOOP('',(#2051));
#4026=EDGE_LOOP('',(#2052,#2053));
#4027=EDGE_LOOP('',(#2054));
#4028=EDGE_LOOP('',(#2055,#2056,#2057));
#4029=EDGE_LOOP('',(#2058,#2059));
#4030=EDGE_LOOP('',(#2060));
#4031=EDGE_LOOP('',(#2061,#2062));
#4032=EDGE_LOOP('',(#2063));
#4033=EDGE_LOOP('',(#2064,#2065,#2066,#2067,#2068,#2069));
#4034=EDGE_LOOP('',(#2070,#2071,#2072,#2073));
#4035=EDGE_LOOP('',(#2074,#2075,#2076,#2077,#2078));
#4036=EDGE_LOOP('',(#2079,#2080,#2081));
#4037=EDGE_LOOP('',(#2082,#2083,#2084));
#4038=EDGE_LOOP('',(#2085,#2086));
#4039=EDGE_LOOP('',(#2087,#2088));
#4040=EDGE_LOOP('',(#2089,#2090,#2091));
#4041=EDGE_LOOP('',(#2092,#2093,#2094));
#4042=EDGE_LOOP('',(#2095,#2096,#2097));
#4043=EDGE_LOOP('',(#2098,#2099,#2100));
#4044=EDGE_LOOP('',(#2101,#2102,#2103));
#4045=EDGE_LOOP('',(#2104,#2105,#2106));
#4046=EDGE_LOOP('',(#2107,#2108,#2109));
#4047=EDGE_LOOP('',(#2110,#2111,#2112));
#4048=EDGE_LOOP('',(#2113,#2114));
#4049=EDGE_LOOP('',(#2115,#2116));
#4050=EDGE_LOOP('',(#2117,#2118));
#4051=EDGE_LOOP('',(#2119,#2120));
#4052=EDGE_LOOP('',(#2121,#2122));
#4053=EDGE_LOOP('',(#2123,#2124));
#4054=EDGE_LOOP('',(#2125,#2126,#2127,#2128));
#4055=EDGE_LOOP('',(#2129,#2130));
#4056=EDGE_LOOP('',(#2131,#2132,#2133,#2134));
#4057=EDGE_LOOP('',(#2135,#2136,#2137,#2138));
#4058=EDGE_LOOP('',(#2139,#2140,#2141,#2142));
#4059=EDGE_LOOP('',(#2143,#2144,#2145,#2146));
#4060=EDGE_LOOP('',(#2147,#2148));
#4061=EDGE_LOOP('',(#2149,#2150,#2151,#2152));
#4062=EDGE_LOOP('',(#2153));
#4063=EDGE_LOOP('',(#2154));
#4064=EDGE_LOOP('',(#2155));
#4065=EDGE_LOOP('',(#2156));
#4066=EDGE_LOOP('',(#2157));
#4067=EDGE_LOOP('',(#2158));
#4068=EDGE_LOOP('',(#2159));
#4069=EDGE_LOOP('',(#2160));
#4070=EDGE_LOOP('',(#2161));
#4071=EDGE_LOOP('',(#2162));
#4072=EDGE_LOOP('',(#2163));
#4073=EDGE_LOOP('',(#2164));
#4074=EDGE_LOOP('',(#2165));
#4075=EDGE_LOOP('',(#2166));
#4076=EDGE_LOOP('',(#2167));
#4077=EDGE_LOOP('',(#2168));
#4078=EDGE_LOOP('',(#2169,#2170,#2171,#2172));
#4079=EDGE_LOOP('',(#2173,#2174));
#4080=EDGE_LOOP('',(#2175,#2176,#2177,#2178));
#4081=EDGE_LOOP('',(#2179,#2180,#2181,#2182));
#4082=EDGE_LOOP('',(#2183,#2184,#2185,#2186));
#4083=EDGE_LOOP('',(#2187,#2188,#2189,#2190));
#4084=EDGE_LOOP('',(#2191,#2192));
#4085=EDGE_LOOP('',(#2193,#2194,#2195,#2196));
#4086=EDGE_LOOP('',(#2197));
#4087=EDGE_LOOP('',(#2198));
#4088=EDGE_LOOP('',(#2199));
#4089=EDGE_LOOP('',(#2200));
#4090=EDGE_LOOP('',(#2201));
#4091=EDGE_LOOP('',(#2202));
#4092=EDGE_LOOP('',(#2203));
#4093=EDGE_LOOP('',(#2204));
#4094=EDGE_LOOP('',(#2205));
#4095=EDGE_LOOP('',(#2206));
#4096=EDGE_LOOP('',(#2207));
#4097=EDGE_LOOP('',(#2208));
#4098=EDGE_LOOP('',(#2209));
#4099=EDGE_LOOP('',(#2210));
#4100=EDGE_LOOP('',(#2211));
#4101=EDGE_LOOP('',(#2212));
#4102=EDGE_LOOP('',(#2213));
#4103=EDGE_LOOP('',(#2214));
#4104=EDGE_LOOP('',(#2215));
#4105=EDGE_LOOP('',(#2216));
#4106=FACE_BOUND('',#3780,.T.);
#4107=FACE_BOUND('',#3781,.T.);
#4108=FACE_BOUND('',#3782,.T.);
#4109=FACE_BOUND('',#3783,.T.);
#4110=FACE_BOUND('',#3784,.T.);
#4111=FACE_BOUND('',#3785,.T.);
#4112=FACE_BOUND('',#3786,.T.);
#4113=FACE_BOUND('',#3787,.T.);
#4114=FACE_BOUND('',#3788,.T.);
#4115=FACE_BOUND('',#3789,.T.);
#4116=FACE_BOUND('',#3790,.T.);
#4117=FACE_BOUND('',#3791,.T.);
#4118=FACE_BOUND('',#3792,.T.);
#4119=FACE_BOUND('',#3793,.T.);
#4120=FACE_BOUND('',#3794,.T.);
#4121=FACE_BOUND('',#3795,.T.);
#4122=FACE_BOUND('',#3796,.T.);
#4123=FACE_BOUND('',#3797,.T.);
#4124=FACE_BOUND('',#3798,.T.);
#4125=FACE_BOUND('',#3799,.T.);
#4126=FACE_BOUND('',#3800,.T.);
#4127=FACE_BOUND('',#3801,.T.);
#4128=FACE_BOUND('',#3802,.T.);
#4129=FACE_BOUND('',#3803,.T.);
#4130=FACE_BOUND('',#3804,.T.);
#4131=FACE_BOUND('',#3805,.T.);
#4132=FACE_BOUND('',#3806,.T.);
#4133=FACE_BOUND('',#3807,.T.);
#4134=FACE_BOUND('',#3808,.T.);
#4135=FACE_BOUND('',#3809,.T.);
#4136=FACE_BOUND('',#3810,.T.);
#4137=FACE_BOUND('',#3811,.T.);
#4138=FACE_BOUND('',#3812,.T.);
#4139=FACE_BOUND('',#3813,.T.);
#4140=FACE_BOUND('',#3814,.T.);
#4141=FACE_BOUND('',#3815,.T.);
#4142=FACE_BOUND('',#3816,.T.);
#4143=FACE_BOUND('',#3817,.T.);
#4144=FACE_BOUND('',#3818,.T.);
#4145=FACE_BOUND('',#3819,.T.);
#4146=FACE_BOUND('',#3820,.T.);
#4147=FACE_BOUND('',#3821,.T.);
#4148=FACE_BOUND('',#3822,.T.);
#4149=FACE_BOUND('',#3823,.T.);
#4150=FACE_BOUND('',#3824,.T.);
#4151=FACE_BOUND('',#3825,.T.);
#4152=FACE_BOUND('',#3826,.T.);
#4153=FACE_BOUND('',#3827,.T.);
#4154=FACE_BOUND('',#3828,.T.);
#4155=FACE_BOUND('',#3829,.T.);
#4156=FACE_BOUND('',#3830,.T.);
#4157=FACE_BOUND('',#3831,.T.);
#4158=FACE_BOUND('',#3832,.T.);
#4159=FACE_BOUND('',#3833,.T.);
#4160=FACE_BOUND('',#3834,.T.);
#4161=FACE_BOUND('',#3835,.T.);
#4162=FACE_BOUND('',#3836,.T.);
#4163=FACE_BOUND('',#3837,.T.);
#4164=FACE_BOUND('',#3838,.T.);
#4165=FACE_BOUND('',#3839,.T.);
#4166=FACE_BOUND('',#3840,.T.);
#4167=FACE_BOUND('',#3841,.T.);
#4168=FACE_BOUND('',#3842,.T.);
#4169=FACE_BOUND('',#3843,.T.);
#4170=FACE_BOUND('',#3844,.T.);
#4171=FACE_BOUND('',#3845,.T.);
#4172=FACE_BOUND('',#3846,.T.);
#4173=FACE_BOUND('',#3847,.T.);
#4174=FACE_BOUND('',#3848,.T.);
#4175=FACE_BOUND('',#3849,.T.);
#4176=FACE_BOUND('',#3850,.T.);
#4177=FACE_BOUND('',#3851,.T.);
#4178=FACE_BOUND('',#3852,.T.);
#4179=FACE_BOUND('',#3853,.T.);
#4180=FACE_BOUND('',#3854,.T.);
#4181=FACE_BOUND('',#3855,.T.);
#4182=FACE_BOUND('',#3856,.T.);
#4183=FACE_BOUND('',#3857,.T.);
#4184=FACE_BOUND('',#3858,.T.);
#4185=FACE_BOUND('',#3859,.T.);
#4186=FACE_BOUND('',#3860,.T.);
#4187=FACE_BOUND('',#3861,.T.);
#4188=FACE_BOUND('',#3862,.T.);
#4189=FACE_BOUND('',#3863,.T.);
#4190=FACE_BOUND('',#3864,.T.);
#4191=FACE_BOUND('',#3865,.T.);
#4192=FACE_BOUND('',#3866,.T.);
#4193=FACE_BOUND('',#3867,.T.);
#4194=FACE_BOUND('',#3868,.T.);
#4195=FACE_BOUND('',#3869,.T.);
#4196=FACE_BOUND('',#3870,.T.);
#4197=FACE_BOUND('',#3871,.T.);
#4198=FACE_BOUND('',#3872,.T.);
#4199=FACE_BOUND('',#3873,.T.);
#4200=FACE_BOUND('',#3874,.T.);
#4201=FACE_BOUND('',#3875,.T.);
#4202=FACE_BOUND('',#3876,.T.);
#4203=FACE_BOUND('',#3877,.T.);
#4204=FACE_BOUND('',#3878,.T.);
#4205=FACE_BOUND('',#3879,.T.);
#4206=FACE_BOUND('',#3880,.T.);
#4207=FACE_BOUND('',#3881,.T.);
#4208=FACE_BOUND('',#3882,.T.);
#4209=FACE_BOUND('',#3883,.T.);
#4210=FACE_BOUND('',#3884,.T.);
#4211=FACE_BOUND('',#3885,.T.);
#4212=FACE_BOUND('',#3886,.T.);
#4213=FACE_BOUND('',#3887,.T.);
#4214=FACE_BOUND('',#3888,.T.);
#4215=FACE_BOUND('',#3889,.T.);
#4216=FACE_BOUND('',#3890,.T.);
#4217=FACE_BOUND('',#3891,.T.);
#4218=FACE_BOUND('',#3892,.T.);
#4219=FACE_BOUND('',#3893,.T.);
#4220=FACE_BOUND('',#3894,.T.);
#4221=FACE_BOUND('',#3895,.T.);
#4222=FACE_BOUND('',#3896,.T.);
#4223=FACE_BOUND('',#3897,.T.);
#4224=FACE_BOUND('',#3898,.T.);
#4225=FACE_BOUND('',#3899,.T.);
#4226=FACE_BOUND('',#3900,.T.);
#4227=FACE_BOUND('',#3901,.T.);
#4228=FACE_BOUND('',#3902,.T.);
#4229=FACE_BOUND('',#3903,.T.);
#4230=FACE_BOUND('',#3904,.T.);
#4231=FACE_BOUND('',#3905,.T.);
#4232=FACE_BOUND('',#3906,.T.);
#4233=FACE_BOUND('',#3907,.T.);
#4234=FACE_BOUND('',#3908,.T.);
#4235=FACE_BOUND('',#3909,.T.);
#4236=FACE_BOUND('',#3910,.T.);
#4237=FACE_BOUND('',#3911,.T.);
#4238=FACE_BOUND('',#3912,.T.);
#4239=FACE_BOUND('',#3913,.T.);
#4240=FACE_BOUND('',#3914,.T.);
#4241=FACE_BOUND('',#3915,.T.);
#4242=FACE_BOUND('',#3916,.T.);
#4243=FACE_BOUND('',#3917,.T.);
#4244=FACE_BOUND('',#3918,.T.);
#4245=FACE_BOUND('',#3919,.T.);
#4246=FACE_BOUND('',#3920,.T.);
#4247=FACE_BOUND('',#3921,.T.);
#4248=FACE_BOUND('',#3922,.T.);
#4249=FACE_BOUND('',#3923,.T.);
#4250=FACE_BOUND('',#3924,.T.);
#4251=FACE_BOUND('',#3925,.T.);
#4252=FACE_BOUND('',#3926,.T.);
#4253=FACE_BOUND('',#3927,.T.);
#4254=FACE_BOUND('',#3928,.T.);
#4255=FACE_BOUND('',#3929,.T.);
#4256=FACE_BOUND('',#3930,.T.);
#4257=FACE_BOUND('',#3931,.T.);
#4258=FACE_BOUND('',#3932,.T.);
#4259=FACE_BOUND('',#3933,.T.);
#4260=FACE_BOUND('',#3934,.T.);
#4261=FACE_BOUND('',#3935,.T.);
#4262=FACE_BOUND('',#3936,.T.);
#4263=FACE_BOUND('',#3937,.T.);
#4264=FACE_BOUND('',#3938,.T.);
#4265=FACE_BOUND('',#3939,.T.);
#4266=FACE_BOUND('',#3940,.T.);
#4267=FACE_BOUND('',#3941,.T.);
#4268=FACE_BOUND('',#3942,.T.);
#4269=FACE_BOUND('',#3943,.T.);
#4270=FACE_BOUND('',#3944,.T.);
#4271=FACE_BOUND('',#3945,.T.);
#4272=FACE_BOUND('',#3946,.T.);
#4273=FACE_BOUND('',#3947,.T.);
#4274=FACE_BOUND('',#3948,.T.);
#4275=FACE_BOUND('',#3949,.T.);
#4276=FACE_BOUND('',#3950,.T.);
#4277=FACE_BOUND('',#3951,.T.);
#4278=FACE_BOUND('',#3952,.T.);
#4279=FACE_BOUND('',#3953,.T.);
#4280=FACE_BOUND('',#3954,.T.);
#4281=FACE_BOUND('',#3955,.T.);
#4282=FACE_BOUND('',#3956,.T.);
#4283=FACE_BOUND('',#3957,.T.);
#4284=FACE_BOUND('',#3958,.T.);
#4285=FACE_BOUND('',#3959,.T.);
#4286=FACE_BOUND('',#3960,.T.);
#4287=FACE_BOUND('',#3961,.T.);
#4288=FACE_BOUND('',#3962,.T.);
#4289=FACE_BOUND('',#3963,.T.);
#4290=FACE_BOUND('',#3964,.T.);
#4291=FACE_BOUND('',#3965,.T.);
#4292=FACE_BOUND('',#3966,.T.);
#4293=FACE_BOUND('',#3967,.T.);
#4294=FACE_BOUND('',#3968,.T.);
#4295=FACE_BOUND('',#3969,.T.);
#4296=FACE_BOUND('',#3970,.T.);
#4297=FACE_BOUND('',#3971,.T.);
#4298=FACE_BOUND('',#3972,.T.);
#4299=FACE_BOUND('',#3973,.T.);
#4300=FACE_BOUND('',#3974,.T.);
#4301=FACE_BOUND('',#3975,.T.);
#4302=FACE_BOUND('',#3976,.T.);
#4303=FACE_BOUND('',#3977,.T.);
#4304=FACE_BOUND('',#3978,.T.);
#4305=FACE_BOUND('',#3979,.T.);
#4306=FACE_BOUND('',#3980,.T.);
#4307=FACE_BOUND('',#3981,.T.);
#4308=FACE_BOUND('',#3982,.T.);
#4309=FACE_BOUND('',#3983,.T.);
#4310=FACE_BOUND('',#3984,.T.);
#4311=FACE_BOUND('',#3985,.T.);
#4312=FACE_BOUND('',#3986,.T.);
#4313=FACE_BOUND('',#3987,.T.);
#4314=FACE_BOUND('',#3988,.T.);
#4315=FACE_BOUND('',#3989,.T.);
#4316=FACE_BOUND('',#3990,.T.);
#4317=FACE_BOUND('',#3991,.T.);
#4318=FACE_BOUND('',#3992,.T.);
#4319=FACE_BOUND('',#3993,.T.);
#4320=FACE_BOUND('',#3994,.T.);
#4321=FACE_BOUND('',#3995,.T.);
#4322=FACE_BOUND('',#3996,.T.);
#4323=FACE_BOUND('',#3997,.T.);
#4324=FACE_BOUND('',#3998,.T.);
#4325=FACE_BOUND('',#3999,.T.);
#4326=FACE_BOUND('',#4000,.T.);
#4327=FACE_BOUND('',#4001,.T.);
#4328=FACE_BOUND('',#4002,.T.);
#4329=FACE_BOUND('',#4003,.T.);
#4330=FACE_BOUND('',#4004,.T.);
#4331=FACE_BOUND('',#4005,.T.);
#4332=FACE_BOUND('',#4006,.T.);
#4333=FACE_BOUND('',#4007,.T.);
#4334=FACE_BOUND('',#4008,.T.);
#4335=FACE_BOUND('',#4009,.T.);
#4336=FACE_BOUND('',#4010,.T.);
#4337=FACE_BOUND('',#4011,.T.);
#4338=FACE_BOUND('',#4012,.T.);
#4339=FACE_BOUND('',#4013,.T.);
#4340=FACE_BOUND('',#4014,.T.);
#4341=FACE_BOUND('',#4015,.T.);
#4342=FACE_BOUND('',#4016,.T.);
#4343=FACE_BOUND('',#4017,.T.);
#4344=FACE_BOUND('',#4018,.T.);
#4345=FACE_BOUND('',#4019,.T.);
#4346=FACE_BOUND('',#4020,.T.);
#4347=FACE_BOUND('',#4021,.T.);
#4348=FACE_BOUND('',#4022,.T.);
#4349=FACE_BOUND('',#4023,.T.);
#4350=FACE_BOUND('',#4024,.T.);
#4351=FACE_BOUND('',#4025,.T.);
#4352=FACE_BOUND('',#4026,.T.);
#4353=FACE_BOUND('',#4027,.T.);
#4354=FACE_BOUND('',#4028,.T.);
#4355=FACE_BOUND('',#4029,.T.);
#4356=FACE_BOUND('',#4030,.T.);
#4357=FACE_BOUND('',#4031,.T.);
#4358=FACE_BOUND('',#4032,.T.);
#4359=FACE_BOUND('',#4033,.T.);
#4360=FACE_BOUND('',#4034,.T.);
#4361=FACE_BOUND('',#4035,.T.);
#4362=FACE_BOUND('',#4036,.T.);
#4363=FACE_BOUND('',#4037,.T.);
#4364=FACE_BOUND('',#4038,.T.);
#4365=FACE_BOUND('',#4039,.T.);
#4366=FACE_BOUND('',#4040,.T.);
#4367=FACE_BOUND('',#4041,.T.);
#4368=FACE_BOUND('',#4042,.T.);
#4369=FACE_BOUND('',#4043,.T.);
#4370=FACE_BOUND('',#4044,.T.);
#4371=FACE_BOUND('',#4045,.T.);
#4372=FACE_BOUND('',#4046,.T.);
#4373=FACE_BOUND('',#4047,.T.);
#4374=FACE_BOUND('',#4048,.T.);
#4375=FACE_BOUND('',#4049,.T.);
#4376=FACE_BOUND('',#4050,.T.);
#4377=FACE_BOUND('',#4051,.T.);
#4378=FACE_BOUND('',#4052,.T.);
#4379=FACE_BOUND('',#4053,.T.);
#4380=FACE_BOUND('',#4054,.T.);
#4381=FACE_BOUND('',#4055,.T.);
#4382=FACE_BOUND('',#4056,.T.);
#4383=FACE_BOUND('',#4057,.T.);
#4384=FACE_BOUND('',#4058,.T.);
#4385=FACE_BOUND('',#4059,.T.);
#4386=FACE_BOUND('',#4060,.T.);
#4387=FACE_BOUND('',#4061,.T.);
#4388=FACE_BOUND('',#4062,.T.);
#4389=FACE_BOUND('',#4063,.T.);
#4390=FACE_BOUND('',#4064,.T.);
#4391=FACE_BOUND('',#4065,.T.);
#4392=FACE_BOUND('',#4066,.T.);
#4393=FACE_BOUND('',#4067,.T.);
#4394=FACE_BOUND('',#4068,.T.);
#4395=FACE_BOUND('',#4069,.T.);
#4396=FACE_BOUND('',#4070,.T.);
#4397=FACE_BOUND('',#4071,.T.);
#4398=FACE_BOUND('',#4072,.T.);
#4399=FACE_BOUND('',#4073,.T.);
#4400=FACE_BOUND('',#4074,.T.);
#4401=FACE_BOUND('',#4075,.T.);
#4402=FACE_BOUND('',#4076,.T.);
#4403=FACE_BOUND('',#4077,.T.);
#4404=FACE_BOUND('',#4078,.T.);
#4405=FACE_BOUND('',#4079,.T.);
#4406=FACE_BOUND('',#4080,.T.);
#4407=FACE_BOUND('',#4081,.T.);
#4408=FACE_BOUND('',#4082,.T.);
#4409=FACE_BOUND('',#4083,.T.);
#4410=FACE_BOUND('',#4084,.T.);
#4411=FACE_BOUND('',#4085,.T.);
#4412=FACE_BOUND('',#4086,.T.);
#4413=FACE_BOUND('',#4087,.T.);
#4414=FACE_BOUND('',#4088,.T.);
#4415=FACE_BOUND('',#4089,.T.);
#4416=FACE_BOUND('',#4090,.T.);
#4417=FACE_BOUND('',#4091,.T.);
#4418=FACE_BOUND('',#4092,.T.);
#4419=FACE_BOUND('',#4093,.T.);
#4420=FACE_BOUND('',#4094,.T.);
#4421=FACE_BOUND('',#4095,.T.);
#4422=FACE_BOUND('',#4096,.T.);
#4423=FACE_BOUND('',#4097,.T.);
#4424=FACE_BOUND('',#4098,.T.);
#4425=FACE_BOUND('',#4099,.T.);
#4426=FACE_BOUND('',#4100,.T.);
#4427=FACE_BOUND('',#4101,.T.);
#4428=FACE_BOUND('',#4102,.T.);
#4429=FACE_BOUND('',#4103,.T.);
#4430=FACE_BOUND('',#4104,.T.);
#4431=FACE_BOUND('',#4105,.T.);
#4432=PLANE('',#6615);
#4433=PLANE('',#6616);
#4434=PLANE('',#6619);
#4435=PLANE('',#6622);
#4436=PLANE('',#6625);
#4437=PLANE('',#6628);
#4438=PLANE('',#6635);
#4439=PLANE('',#6638);
#4440=PLANE('',#6641);
#4441=PLANE('',#6644);
#4442=PLANE('',#6649);
#4443=PLANE('',#6652);
#4444=PLANE('',#6674);
#4445=PLANE('',#6675);
#4446=PLANE('',#6676);
#4447=PLANE('',#6677);
#4448=PLANE('',#6681);
#4449=PLANE('',#6682);
#4450=PLANE('',#6683);
#4451=PLANE('',#6684);
#4452=PLANE('',#6685);
#4453=PLANE('',#6686);
#4454=PLANE('',#6687);
#4455=PLANE('',#6688);
#4456=PLANE('',#6689);
#4457=PLANE('',#6690);
#4458=PLANE('',#6691);
#4459=PLANE('',#6693);
#4460=PLANE('',#6694);
#4461=PLANE('',#6695);
#4462=PLANE('',#6698);
#4463=PLANE('',#6701);
#4464=PLANE('',#6704);
#4465=PLANE('',#6705);
#4466=PLANE('',#6710);
#4467=PLANE('',#6714);
#4468=PLANE('',#6715);
#4469=PLANE('',#6716);
#4470=PLANE('',#6717);
#4471=PLANE('',#6718);
#4472=PLANE('',#6719);
#4473=PLANE('',#6720);
#4474=PLANE('',#6723);
#4475=PLANE('',#6724);
#4476=PLANE('',#6725);
#4477=PLANE('',#6726);
#4478=PLANE('',#6730);
#4479=PLANE('',#6731);
#4480=PLANE('',#6748);
#4481=PLANE('',#6750);
#4482=PLANE('',#6751);
#4483=PLANE('',#6752);
#4484=PLANE('',#6753);
#4485=PLANE('',#6754);
#4486=PLANE('',#6755);
#4487=PLANE('',#6758);
#4488=PLANE('',#6771);
#4489=PLANE('',#6785);
#4490=PLANE('',#6801);
#4491=PLANE('',#6802);
#4492=PLANE('',#6803);
#4493=PLANE('',#6804);
#4494=PLANE('',#6805);
#4495=PLANE('',#6806);
#4496=PLANE('',#6813);
#4497=PLANE('',#6816);
#4498=PLANE('',#6831);
#4499=PLANE('',#6838);
#4500=PLANE('',#6841);
#4501=PLANE('',#6856);
#4502=PLANE('',#6858);
#4503=PLANE('',#6862);
#4504=STYLED_ITEM('',(#4761),#6307);
#4505=STYLED_ITEM('',(#4762),#6308);
#4506=STYLED_ITEM('',(#4763),#6309);
#4507=STYLED_ITEM('',(#4764),#6310);
#4508=STYLED_ITEM('',(#4765),#6311);
#4509=STYLED_ITEM('',(#4766),#6312);
#4510=STYLED_ITEM('',(#4767),#6313);
#4511=STYLED_ITEM('',(#4768),#6314);
#4512=STYLED_ITEM('',(#4769),#6315);
#4513=STYLED_ITEM('',(#4770),#6316);
#4514=STYLED_ITEM('',(#4771),#6317);
#4515=STYLED_ITEM('',(#4772),#6318);
#4516=STYLED_ITEM('',(#4773),#6319);
#4517=STYLED_ITEM('',(#4774),#6320);
#4518=STYLED_ITEM('',(#4775),#6321);
#4519=STYLED_ITEM('',(#4776),#6322);
#4520=STYLED_ITEM('',(#4777),#6323);
#4521=STYLED_ITEM('',(#4778),#6324);
#4522=STYLED_ITEM('',(#4779),#6325);
#4523=STYLED_ITEM('',(#4780),#6326);
#4524=STYLED_ITEM('',(#4781),#6327);
#4525=STYLED_ITEM('',(#4782),#6328);
#4526=STYLED_ITEM('',(#4783),#6329);
#4527=STYLED_ITEM('',(#4784),#6330);
#4528=STYLED_ITEM('',(#4785),#6331);
#4529=STYLED_ITEM('',(#4786),#6332);
#4530=STYLED_ITEM('',(#4787),#6333);
#4531=STYLED_ITEM('',(#4788),#6334);
#4532=STYLED_ITEM('',(#4789),#6335);
#4533=STYLED_ITEM('',(#4790),#6336);
#4534=STYLED_ITEM('',(#4791),#6337);
#4535=STYLED_ITEM('',(#4792),#6338);
#4536=STYLED_ITEM('',(#4793),#6339);
#4537=STYLED_ITEM('',(#4794),#6340);
#4538=STYLED_ITEM('',(#4795),#6341);
#4539=STYLED_ITEM('',(#4796),#6342);
#4540=STYLED_ITEM('',(#4797),#6343);
#4541=STYLED_ITEM('',(#4798),#6344);
#4542=STYLED_ITEM('',(#4799),#6345);
#4543=STYLED_ITEM('',(#4800),#6346);
#4544=STYLED_ITEM('',(#4801),#6347);
#4545=STYLED_ITEM('',(#4802),#6348);
#4546=STYLED_ITEM('',(#4803),#6349);
#4547=STYLED_ITEM('',(#4804),#6350);
#4548=STYLED_ITEM('',(#4805),#6351);
#4549=STYLED_ITEM('',(#4806),#6352);
#4550=STYLED_ITEM('',(#4807),#6353);
#4551=STYLED_ITEM('',(#4808),#6354);
#4552=STYLED_ITEM('',(#4809),#6355);
#4553=STYLED_ITEM('',(#4810),#6356);
#4554=STYLED_ITEM('',(#4811),#6357);
#4555=STYLED_ITEM('',(#4812),#6358);
#4556=STYLED_ITEM('',(#4813),#6359);
#4557=STYLED_ITEM('',(#4814),#6360);
#4558=STYLED_ITEM('',(#4815),#6361);
#4559=STYLED_ITEM('',(#4816),#6362);
#4560=STYLED_ITEM('',(#4817),#6363);
#4561=STYLED_ITEM('',(#4818),#6364);
#4562=STYLED_ITEM('',(#4819),#6365);
#4563=STYLED_ITEM('',(#4820),#6366);
#4564=STYLED_ITEM('',(#4821),#6367);
#4565=STYLED_ITEM('',(#4822),#6368);
#4566=STYLED_ITEM('',(#4823),#6369);
#4567=STYLED_ITEM('',(#4824),#6370);
#4568=STYLED_ITEM('',(#4825),#6371);
#4569=STYLED_ITEM('',(#4826),#6372);
#4570=STYLED_ITEM('',(#4827),#6373);
#4571=STYLED_ITEM('',(#4828),#6374);
#4572=STYLED_ITEM('',(#4829),#6375);
#4573=STYLED_ITEM('',(#4830),#6376);
#4574=STYLED_ITEM('',(#4831),#6377);
#4575=STYLED_ITEM('',(#4832),#6378);
#4576=STYLED_ITEM('',(#4833),#6379);
#4577=STYLED_ITEM('',(#4834),#6380);
#4578=STYLED_ITEM('',(#4835),#6381);
#4579=STYLED_ITEM('',(#4836),#6382);
#4580=STYLED_ITEM('',(#4837),#6383);
#4581=STYLED_ITEM('',(#4838),#6384);
#4582=STYLED_ITEM('',(#4839),#6385);
#4583=STYLED_ITEM('',(#4840),#6386);
#4584=STYLED_ITEM('',(#4841),#6387);
#4585=STYLED_ITEM('',(#4842),#6388);
#4586=STYLED_ITEM('',(#4843),#6389);
#4587=STYLED_ITEM('',(#4844),#6390);
#4588=STYLED_ITEM('',(#4845),#6391);
#4589=STYLED_ITEM('',(#4846),#6392);
#4590=STYLED_ITEM('',(#4847),#6393);
#4591=STYLED_ITEM('',(#4848),#6394);
#4592=STYLED_ITEM('',(#4849),#6395);
#4593=STYLED_ITEM('',(#4850),#6396);
#4594=STYLED_ITEM('',(#4851),#6397);
#4595=STYLED_ITEM('',(#4852),#6398);
#4596=STYLED_ITEM('',(#4853),#6399);
#4597=STYLED_ITEM('',(#4854),#6400);
#4598=STYLED_ITEM('',(#4855),#6401);
#4599=STYLED_ITEM('',(#4856),#6402);
#4600=STYLED_ITEM('',(#4857),#6403);
#4601=STYLED_ITEM('',(#4858),#6404);
#4602=STYLED_ITEM('',(#4859),#6405);
#4603=STYLED_ITEM('',(#4860),#6406);
#4604=STYLED_ITEM('',(#4861),#6407);
#4605=STYLED_ITEM('',(#4862),#6408);
#4606=STYLED_ITEM('',(#4863),#6409);
#4607=STYLED_ITEM('',(#4864),#6410);
#4608=STYLED_ITEM('',(#4865),#6411);
#4609=STYLED_ITEM('',(#4866),#6412);
#4610=STYLED_ITEM('',(#4867),#6413);
#4611=STYLED_ITEM('',(#4868),#6414);
#4612=STYLED_ITEM('',(#4869),#6415);
#4613=STYLED_ITEM('',(#4870),#6416);
#4614=STYLED_ITEM('',(#4871),#6417);
#4615=STYLED_ITEM('',(#4872),#6418);
#4616=STYLED_ITEM('',(#4873),#6419);
#4617=STYLED_ITEM('',(#4874),#6420);
#4618=STYLED_ITEM('',(#4875),#6421);
#4619=STYLED_ITEM('',(#4876),#6422);
#4620=STYLED_ITEM('',(#4877),#6423);
#4621=STYLED_ITEM('',(#4878),#6424);
#4622=STYLED_ITEM('',(#4879),#6425);
#4623=STYLED_ITEM('',(#4880),#6426);
#4624=STYLED_ITEM('',(#4881),#6427);
#4625=STYLED_ITEM('',(#4882),#6428);
#4626=STYLED_ITEM('',(#4883),#6429);
#4627=STYLED_ITEM('',(#4884),#6430);
#4628=STYLED_ITEM('',(#4885),#6431);
#4629=STYLED_ITEM('',(#4886),#6432);
#4630=STYLED_ITEM('',(#4887),#6433);
#4631=STYLED_ITEM('',(#4888),#6434);
#4632=STYLED_ITEM('',(#4889),#6435);
#4633=STYLED_ITEM('',(#4890),#6436);
#4634=STYLED_ITEM('',(#4891),#6437);
#4635=STYLED_ITEM('',(#4892),#6438);
#4636=STYLED_ITEM('',(#4893),#6439);
#4637=STYLED_ITEM('',(#4894),#6440);
#4638=STYLED_ITEM('',(#4895),#6441);
#4639=STYLED_ITEM('',(#4896),#6442);
#4640=STYLED_ITEM('',(#4897),#6443);
#4641=STYLED_ITEM('',(#4898),#6444);
#4642=STYLED_ITEM('',(#4899),#6445);
#4643=STYLED_ITEM('',(#4900),#6446);
#4644=STYLED_ITEM('',(#4901),#6447);
#4645=STYLED_ITEM('',(#4902),#6448);
#4646=STYLED_ITEM('',(#4903),#6449);
#4647=STYLED_ITEM('',(#4904),#6450);
#4648=STYLED_ITEM('',(#4905),#6451);
#4649=STYLED_ITEM('',(#4906),#6452);
#4650=STYLED_ITEM('',(#4907),#6453);
#4651=STYLED_ITEM('',(#4908),#6454);
#4652=STYLED_ITEM('',(#4909),#6455);
#4653=STYLED_ITEM('',(#4910),#6456);
#4654=STYLED_ITEM('',(#4911),#6457);
#4655=STYLED_ITEM('',(#4912),#6458);
#4656=STYLED_ITEM('',(#4913),#6459);
#4657=STYLED_ITEM('',(#4914),#6460);
#4658=STYLED_ITEM('',(#4915),#6461);
#4659=STYLED_ITEM('',(#4916),#6462);
#4660=STYLED_ITEM('',(#4917),#6463);
#4661=STYLED_ITEM('',(#4918),#6464);
#4662=STYLED_ITEM('',(#4919),#6465);
#4663=STYLED_ITEM('',(#4920),#6466);
#4664=STYLED_ITEM('',(#4921),#6467);
#4665=STYLED_ITEM('',(#4922),#6468);
#4666=STYLED_ITEM('',(#4923),#6469);
#4667=STYLED_ITEM('',(#4924),#6470);
#4668=STYLED_ITEM('',(#4925),#6471);
#4669=STYLED_ITEM('',(#4926),#6472);
#4670=STYLED_ITEM('',(#4927),#6473);
#4671=STYLED_ITEM('',(#4928),#6474);
#4672=STYLED_ITEM('',(#4929),#6475);
#4673=STYLED_ITEM('',(#4930),#6476);
#4674=STYLED_ITEM('',(#4931),#6477);
#4675=STYLED_ITEM('',(#4932),#6478);
#4676=STYLED_ITEM('',(#4933),#6479);
#4677=STYLED_ITEM('',(#4934),#6480);
#4678=STYLED_ITEM('',(#4935),#6481);
#4679=STYLED_ITEM('',(#4936),#6482);
#4680=STYLED_ITEM('',(#4937),#6483);
#4681=STYLED_ITEM('',(#4938),#6484);
#4682=STYLED_ITEM('',(#4939),#6485);
#4683=STYLED_ITEM('',(#4940),#6486);
#4684=STYLED_ITEM('',(#4941),#6487);
#4685=STYLED_ITEM('',(#4942),#6488);
#4686=STYLED_ITEM('',(#4943),#6489);
#4687=STYLED_ITEM('',(#4944),#6490);
#4688=STYLED_ITEM('',(#4945),#6491);
#4689=STYLED_ITEM('',(#4946),#6492);
#4690=STYLED_ITEM('',(#4947),#6493);
#4691=STYLED_ITEM('',(#4948),#6494);
#4692=STYLED_ITEM('',(#4949),#6495);
#4693=STYLED_ITEM('',(#4950),#6496);
#4694=STYLED_ITEM('',(#4951),#6497);
#4695=STYLED_ITEM('',(#4952),#6498);
#4696=STYLED_ITEM('',(#4953),#6499);
#4697=STYLED_ITEM('',(#4954),#6500);
#4698=STYLED_ITEM('',(#4955),#6501);
#4699=STYLED_ITEM('',(#4956),#6502);
#4700=STYLED_ITEM('',(#4957),#6503);
#4701=STYLED_ITEM('',(#4958),#6504);
#4702=STYLED_ITEM('',(#4959),#6505);
#4703=STYLED_ITEM('',(#4960),#6506);
#4704=STYLED_ITEM('',(#4961),#6507);
#4705=STYLED_ITEM('',(#4962),#6508);
#4706=STYLED_ITEM('',(#4963),#6509);
#4707=STYLED_ITEM('',(#4964),#6510);
#4708=STYLED_ITEM('',(#4965),#6511);
#4709=STYLED_ITEM('',(#4966),#6512);
#4710=STYLED_ITEM('',(#4967),#6513);
#4711=STYLED_ITEM('',(#4968),#6514);
#4712=STYLED_ITEM('',(#4969),#6515);
#4713=STYLED_ITEM('',(#4970),#6516);
#4714=STYLED_ITEM('',(#4971),#6517);
#4715=STYLED_ITEM('',(#4972),#6518);
#4716=STYLED_ITEM('',(#4973),#6519);
#4717=STYLED_ITEM('',(#4974),#6520);
#4718=STYLED_ITEM('',(#4975),#6521);
#4719=STYLED_ITEM('',(#4976),#6522);
#4720=STYLED_ITEM('',(#4977),#6523);
#4721=STYLED_ITEM('',(#4978),#6524);
#4722=STYLED_ITEM('',(#4979),#6525);
#4723=STYLED_ITEM('',(#4980),#6526);
#4724=STYLED_ITEM('',(#4981),#6527);
#4725=STYLED_ITEM('',(#4982),#6528);
#4726=STYLED_ITEM('',(#4983),#6529);
#4727=STYLED_ITEM('',(#4984),#6530);
#4728=STYLED_ITEM('',(#4985),#6531);
#4729=STYLED_ITEM('',(#4986),#6532);
#4730=STYLED_ITEM('',(#4987),#6533);
#4731=STYLED_ITEM('',(#4988),#6534);
#4732=STYLED_ITEM('',(#4989),#6535);
#4733=STYLED_ITEM('',(#4990),#6536);
#4734=STYLED_ITEM('',(#4991),#6537);
#4735=STYLED_ITEM('',(#4992),#6538);
#4736=STYLED_ITEM('',(#4993),#6539);
#4737=STYLED_ITEM('',(#4994),#6540);
#4738=STYLED_ITEM('',(#4995),#6541);
#4739=STYLED_ITEM('',(#4996),#6542);
#4740=STYLED_ITEM('',(#4997),#6543);
#4741=STYLED_ITEM('',(#4998),#6544);
#4742=STYLED_ITEM('',(#4999),#6545);
#4743=STYLED_ITEM('',(#5000),#6546);
#4744=STYLED_ITEM('',(#5001),#6547);
#4745=STYLED_ITEM('',(#5002),#6548);
#4746=STYLED_ITEM('',(#5003),#6549);
#4747=STYLED_ITEM('',(#5004),#6550);
#4748=STYLED_ITEM('',(#5005),#6551);
#4749=STYLED_ITEM('',(#5006),#6552);
#4750=STYLED_ITEM('',(#5007),#6553);
#4751=STYLED_ITEM('',(#5008),#6554);
#4752=STYLED_ITEM('',(#5009),#6555);
#4753=STYLED_ITEM('',(#5010),#6556);
#4754=STYLED_ITEM('',(#5011),#6557);
#4755=STYLED_ITEM('',(#5012),#6558);
#4756=STYLED_ITEM('',(#5013),#6559);
#4757=STYLED_ITEM('',(#5014),#6560);
#4758=STYLED_ITEM('',(#5015),#6601);
#4759=STYLED_ITEM('',(#5016),#6602);
#4760=STYLED_ITEM('',(#5017),#6603);
#4761=PRESENTATION_STYLE_ASSIGNMENT((#5018));
#4762=PRESENTATION_STYLE_ASSIGNMENT((#5019));
#4763=PRESENTATION_STYLE_ASSIGNMENT((#5020));
#4764=PRESENTATION_STYLE_ASSIGNMENT((#5021));
#4765=PRESENTATION_STYLE_ASSIGNMENT((#5022));
#4766=PRESENTATION_STYLE_ASSIGNMENT((#5023));
#4767=PRESENTATION_STYLE_ASSIGNMENT((#5024));
#4768=PRESENTATION_STYLE_ASSIGNMENT((#5025));
#4769=PRESENTATION_STYLE_ASSIGNMENT((#5026));
#4770=PRESENTATION_STYLE_ASSIGNMENT((#5027));
#4771=PRESENTATION_STYLE_ASSIGNMENT((#5028));
#4772=PRESENTATION_STYLE_ASSIGNMENT((#5029));
#4773=PRESENTATION_STYLE_ASSIGNMENT((#5030));
#4774=PRESENTATION_STYLE_ASSIGNMENT((#5031));
#4775=PRESENTATION_STYLE_ASSIGNMENT((#5032));
#4776=PRESENTATION_STYLE_ASSIGNMENT((#5033));
#4777=PRESENTATION_STYLE_ASSIGNMENT((#5034));
#4778=PRESENTATION_STYLE_ASSIGNMENT((#5035));
#4779=PRESENTATION_STYLE_ASSIGNMENT((#5036));
#4780=PRESENTATION_STYLE_ASSIGNMENT((#5037));
#4781=PRESENTATION_STYLE_ASSIGNMENT((#5038));
#4782=PRESENTATION_STYLE_ASSIGNMENT((#5039));
#4783=PRESENTATION_STYLE_ASSIGNMENT((#5040));
#4784=PRESENTATION_STYLE_ASSIGNMENT((#5041));
#4785=PRESENTATION_STYLE_ASSIGNMENT((#5042));
#4786=PRESENTATION_STYLE_ASSIGNMENT((#5043));
#4787=PRESENTATION_STYLE_ASSIGNMENT((#5044));
#4788=PRESENTATION_STYLE_ASSIGNMENT((#5045));
#4789=PRESENTATION_STYLE_ASSIGNMENT((#5046));
#4790=PRESENTATION_STYLE_ASSIGNMENT((#5047));
#4791=PRESENTATION_STYLE_ASSIGNMENT((#5048));
#4792=PRESENTATION_STYLE_ASSIGNMENT((#5049));
#4793=PRESENTATION_STYLE_ASSIGNMENT((#5050));
#4794=PRESENTATION_STYLE_ASSIGNMENT((#5051));
#4795=PRESENTATION_STYLE_ASSIGNMENT((#5052));
#4796=PRESENTATION_STYLE_ASSIGNMENT((#5053));
#4797=PRESENTATION_STYLE_ASSIGNMENT((#5054));
#4798=PRESENTATION_STYLE_ASSIGNMENT((#5055));
#4799=PRESENTATION_STYLE_ASSIGNMENT((#5056));
#4800=PRESENTATION_STYLE_ASSIGNMENT((#5057));
#4801=PRESENTATION_STYLE_ASSIGNMENT((#5058));
#4802=PRESENTATION_STYLE_ASSIGNMENT((#5059));
#4803=PRESENTATION_STYLE_ASSIGNMENT((#5060));
#4804=PRESENTATION_STYLE_ASSIGNMENT((#5061));
#4805=PRESENTATION_STYLE_ASSIGNMENT((#5062));
#4806=PRESENTATION_STYLE_ASSIGNMENT((#5063));
#4807=PRESENTATION_STYLE_ASSIGNMENT((#5064));
#4808=PRESENTATION_STYLE_ASSIGNMENT((#5065));
#4809=PRESENTATION_STYLE_ASSIGNMENT((#5066));
#4810=PRESENTATION_STYLE_ASSIGNMENT((#5067));
#4811=PRESENTATION_STYLE_ASSIGNMENT((#5068));
#4812=PRESENTATION_STYLE_ASSIGNMENT((#5069));
#4813=PRESENTATION_STYLE_ASSIGNMENT((#5070));
#4814=PRESENTATION_STYLE_ASSIGNMENT((#5071));
#4815=PRESENTATION_STYLE_ASSIGNMENT((#5072));
#4816=PRESENTATION_STYLE_ASSIGNMENT((#5073));
#4817=PRESENTATION_STYLE_ASSIGNMENT((#5074));
#4818=PRESENTATION_STYLE_ASSIGNMENT((#5075));
#4819=PRESENTATION_STYLE_ASSIGNMENT((#5076));
#4820=PRESENTATION_STYLE_ASSIGNMENT((#5077));
#4821=PRESENTATION_STYLE_ASSIGNMENT((#5078));
#4822=PRESENTATION_STYLE_ASSIGNMENT((#5079));
#4823=PRESENTATION_STYLE_ASSIGNMENT((#5080));
#4824=PRESENTATION_STYLE_ASSIGNMENT((#5081));
#4825=PRESENTATION_STYLE_ASSIGNMENT((#5082));
#4826=PRESENTATION_STYLE_ASSIGNMENT((#5083));
#4827=PRESENTATION_STYLE_ASSIGNMENT((#5084));
#4828=PRESENTATION_STYLE_ASSIGNMENT((#5085));
#4829=PRESENTATION_STYLE_ASSIGNMENT((#5086));
#4830=PRESENTATION_STYLE_ASSIGNMENT((#5087));
#4831=PRESENTATION_STYLE_ASSIGNMENT((#5088));
#4832=PRESENTATION_STYLE_ASSIGNMENT((#5089));
#4833=PRESENTATION_STYLE_ASSIGNMENT((#5090));
#4834=PRESENTATION_STYLE_ASSIGNMENT((#5091));
#4835=PRESENTATION_STYLE_ASSIGNMENT((#5092));
#4836=PRESENTATION_STYLE_ASSIGNMENT((#5093));
#4837=PRESENTATION_STYLE_ASSIGNMENT((#5094));
#4838=PRESENTATION_STYLE_ASSIGNMENT((#5095));
#4839=PRESENTATION_STYLE_ASSIGNMENT((#5096));
#4840=PRESENTATION_STYLE_ASSIGNMENT((#5097));
#4841=PRESENTATION_STYLE_ASSIGNMENT((#5098));
#4842=PRESENTATION_STYLE_ASSIGNMENT((#5099));
#4843=PRESENTATION_STYLE_ASSIGNMENT((#5100));
#4844=PRESENTATION_STYLE_ASSIGNMENT((#5101));
#4845=PRESENTATION_STYLE_ASSIGNMENT((#5102));
#4846=PRESENTATION_STYLE_ASSIGNMENT((#5103));
#4847=PRESENTATION_STYLE_ASSIGNMENT((#5104));
#4848=PRESENTATION_STYLE_ASSIGNMENT((#5105));
#4849=PRESENTATION_STYLE_ASSIGNMENT((#5106));
#4850=PRESENTATION_STYLE_ASSIGNMENT((#5107));
#4851=PRESENTATION_STYLE_ASSIGNMENT((#5108));
#4852=PRESENTATION_STYLE_ASSIGNMENT((#5109));
#4853=PRESENTATION_STYLE_ASSIGNMENT((#5110));
#4854=PRESENTATION_STYLE_ASSIGNMENT((#5111));
#4855=PRESENTATION_STYLE_ASSIGNMENT((#5112));
#4856=PRESENTATION_STYLE_ASSIGNMENT((#5113));
#4857=PRESENTATION_STYLE_ASSIGNMENT((#5114));
#4858=PRESENTATION_STYLE_ASSIGNMENT((#5115));
#4859=PRESENTATION_STYLE_ASSIGNMENT((#5116));
#4860=PRESENTATION_STYLE_ASSIGNMENT((#5117));
#4861=PRESENTATION_STYLE_ASSIGNMENT((#5118));
#4862=PRESENTATION_STYLE_ASSIGNMENT((#5119));
#4863=PRESENTATION_STYLE_ASSIGNMENT((#5120));
#4864=PRESENTATION_STYLE_ASSIGNMENT((#5121));
#4865=PRESENTATION_STYLE_ASSIGNMENT((#5122));
#4866=PRESENTATION_STYLE_ASSIGNMENT((#5123));
#4867=PRESENTATION_STYLE_ASSIGNMENT((#5124));
#4868=PRESENTATION_STYLE_ASSIGNMENT((#5125));
#4869=PRESENTATION_STYLE_ASSIGNMENT((#5126));
#4870=PRESENTATION_STYLE_ASSIGNMENT((#5127));
#4871=PRESENTATION_STYLE_ASSIGNMENT((#5128));
#4872=PRESENTATION_STYLE_ASSIGNMENT((#5129));
#4873=PRESENTATION_STYLE_ASSIGNMENT((#5130));
#4874=PRESENTATION_STYLE_ASSIGNMENT((#5131));
#4875=PRESENTATION_STYLE_ASSIGNMENT((#5132));
#4876=PRESENTATION_STYLE_ASSIGNMENT((#5133));
#4877=PRESENTATION_STYLE_ASSIGNMENT((#5134));
#4878=PRESENTATION_STYLE_ASSIGNMENT((#5135));
#4879=PRESENTATION_STYLE_ASSIGNMENT((#5136));
#4880=PRESENTATION_STYLE_ASSIGNMENT((#5137));
#4881=PRESENTATION_STYLE_ASSIGNMENT((#5138));
#4882=PRESENTATION_STYLE_ASSIGNMENT((#5139));
#4883=PRESENTATION_STYLE_ASSIGNMENT((#5140));
#4884=PRESENTATION_STYLE_ASSIGNMENT((#5141));
#4885=PRESENTATION_STYLE_ASSIGNMENT((#5142));
#4886=PRESENTATION_STYLE_ASSIGNMENT((#5143));
#4887=PRESENTATION_STYLE_ASSIGNMENT((#5144));
#4888=PRESENTATION_STYLE_ASSIGNMENT((#5145));
#4889=PRESENTATION_STYLE_ASSIGNMENT((#5146));
#4890=PRESENTATION_STYLE_ASSIGNMENT((#5147));
#4891=PRESENTATION_STYLE_ASSIGNMENT((#5148));
#4892=PRESENTATION_STYLE_ASSIGNMENT((#5149));
#4893=PRESENTATION_STYLE_ASSIGNMENT((#5150));
#4894=PRESENTATION_STYLE_ASSIGNMENT((#5151));
#4895=PRESENTATION_STYLE_ASSIGNMENT((#5152));
#4896=PRESENTATION_STYLE_ASSIGNMENT((#5153));
#4897=PRESENTATION_STYLE_ASSIGNMENT((#5154));
#4898=PRESENTATION_STYLE_ASSIGNMENT((#5155));
#4899=PRESENTATION_STYLE_ASSIGNMENT((#5156));
#4900=PRESENTATION_STYLE_ASSIGNMENT((#5157));
#4901=PRESENTATION_STYLE_ASSIGNMENT((#5158));
#4902=PRESENTATION_STYLE_ASSIGNMENT((#5159));
#4903=PRESENTATION_STYLE_ASSIGNMENT((#5160));
#4904=PRESENTATION_STYLE_ASSIGNMENT((#5161));
#4905=PRESENTATION_STYLE_ASSIGNMENT((#5162));
#4906=PRESENTATION_STYLE_ASSIGNMENT((#5163));
#4907=PRESENTATION_STYLE_ASSIGNMENT((#5164));
#4908=PRESENTATION_STYLE_ASSIGNMENT((#5165));
#4909=PRESENTATION_STYLE_ASSIGNMENT((#5166));
#4910=PRESENTATION_STYLE_ASSIGNMENT((#5167));
#4911=PRESENTATION_STYLE_ASSIGNMENT((#5168));
#4912=PRESENTATION_STYLE_ASSIGNMENT((#5169));
#4913=PRESENTATION_STYLE_ASSIGNMENT((#5170));
#4914=PRESENTATION_STYLE_ASSIGNMENT((#5171));
#4915=PRESENTATION_STYLE_ASSIGNMENT((#5172));
#4916=PRESENTATION_STYLE_ASSIGNMENT((#5173));
#4917=PRESENTATION_STYLE_ASSIGNMENT((#5174));
#4918=PRESENTATION_STYLE_ASSIGNMENT((#5175));
#4919=PRESENTATION_STYLE_ASSIGNMENT((#5176));
#4920=PRESENTATION_STYLE_ASSIGNMENT((#5177));
#4921=PRESENTATION_STYLE_ASSIGNMENT((#5178));
#4922=PRESENTATION_STYLE_ASSIGNMENT((#5179));
#4923=PRESENTATION_STYLE_ASSIGNMENT((#5180));
#4924=PRESENTATION_STYLE_ASSIGNMENT((#5181));
#4925=PRESENTATION_STYLE_ASSIGNMENT((#5182));
#4926=PRESENTATION_STYLE_ASSIGNMENT((#5183));
#4927=PRESENTATION_STYLE_ASSIGNMENT((#5184));
#4928=PRESENTATION_STYLE_ASSIGNMENT((#5185));
#4929=PRESENTATION_STYLE_ASSIGNMENT((#5186));
#4930=PRESENTATION_STYLE_ASSIGNMENT((#5187));
#4931=PRESENTATION_STYLE_ASSIGNMENT((#5188));
#4932=PRESENTATION_STYLE_ASSIGNMENT((#5189));
#4933=PRESENTATION_STYLE_ASSIGNMENT((#5190));
#4934=PRESENTATION_STYLE_ASSIGNMENT((#5191));
#4935=PRESENTATION_STYLE_ASSIGNMENT((#5192));
#4936=PRESENTATION_STYLE_ASSIGNMENT((#5193));
#4937=PRESENTATION_STYLE_ASSIGNMENT((#5194));
#4938=PRESENTATION_STYLE_ASSIGNMENT((#5195));
#4939=PRESENTATION_STYLE_ASSIGNMENT((#5196));
#4940=PRESENTATION_STYLE_ASSIGNMENT((#5197));
#4941=PRESENTATION_STYLE_ASSIGNMENT((#5198));
#4942=PRESENTATION_STYLE_ASSIGNMENT((#5199));
#4943=PRESENTATION_STYLE_ASSIGNMENT((#5200));
#4944=PRESENTATION_STYLE_ASSIGNMENT((#5201));
#4945=PRESENTATION_STYLE_ASSIGNMENT((#5202));
#4946=PRESENTATION_STYLE_ASSIGNMENT((#5203));
#4947=PRESENTATION_STYLE_ASSIGNMENT((#5204));
#4948=PRESENTATION_STYLE_ASSIGNMENT((#5205));
#4949=PRESENTATION_STYLE_ASSIGNMENT((#5206));
#4950=PRESENTATION_STYLE_ASSIGNMENT((#5207));
#4951=PRESENTATION_STYLE_ASSIGNMENT((#5208));
#4952=PRESENTATION_STYLE_ASSIGNMENT((#5209));
#4953=PRESENTATION_STYLE_ASSIGNMENT((#5210));
#4954=PRESENTATION_STYLE_ASSIGNMENT((#5211));
#4955=PRESENTATION_STYLE_ASSIGNMENT((#5212));
#4956=PRESENTATION_STYLE_ASSIGNMENT((#5213));
#4957=PRESENTATION_STYLE_ASSIGNMENT((#5214));
#4958=PRESENTATION_STYLE_ASSIGNMENT((#5215));
#4959=PRESENTATION_STYLE_ASSIGNMENT((#5216));
#4960=PRESENTATION_STYLE_ASSIGNMENT((#5217));
#4961=PRESENTATION_STYLE_ASSIGNMENT((#5218));
#4962=PRESENTATION_STYLE_ASSIGNMENT((#5219));
#4963=PRESENTATION_STYLE_ASSIGNMENT((#5220));
#4964=PRESENTATION_STYLE_ASSIGNMENT((#5221));
#4965=PRESENTATION_STYLE_ASSIGNMENT((#5222));
#4966=PRESENTATION_STYLE_ASSIGNMENT((#5223));
#4967=PRESENTATION_STYLE_ASSIGNMENT((#5224));
#4968=PRESENTATION_STYLE_ASSIGNMENT((#5225));
#4969=PRESENTATION_STYLE_ASSIGNMENT((#5226));
#4970=PRESENTATION_STYLE_ASSIGNMENT((#5227));
#4971=PRESENTATION_STYLE_ASSIGNMENT((#5228));
#4972=PRESENTATION_STYLE_ASSIGNMENT((#5229));
#4973=PRESENTATION_STYLE_ASSIGNMENT((#5230));
#4974=PRESENTATION_STYLE_ASSIGNMENT((#5231));
#4975=PRESENTATION_STYLE_ASSIGNMENT((#5232));
#4976=PRESENTATION_STYLE_ASSIGNMENT((#5233));
#4977=PRESENTATION_STYLE_ASSIGNMENT((#5234));
#4978=PRESENTATION_STYLE_ASSIGNMENT((#5235));
#4979=PRESENTATION_STYLE_ASSIGNMENT((#5236));
#4980=PRESENTATION_STYLE_ASSIGNMENT((#5237));
#4981=PRESENTATION_STYLE_ASSIGNMENT((#5238));
#4982=PRESENTATION_STYLE_ASSIGNMENT((#5239));
#4983=PRESENTATION_STYLE_ASSIGNMENT((#5240));
#4984=PRESENTATION_STYLE_ASSIGNMENT((#5241));
#4985=PRESENTATION_STYLE_ASSIGNMENT((#5242));
#4986=PRESENTATION_STYLE_ASSIGNMENT((#5243));
#4987=PRESENTATION_STYLE_ASSIGNMENT((#5244));
#4988=PRESENTATION_STYLE_ASSIGNMENT((#5245));
#4989=PRESENTATION_STYLE_ASSIGNMENT((#5246));
#4990=PRESENTATION_STYLE_ASSIGNMENT((#5247));
#4991=PRESENTATION_STYLE_ASSIGNMENT((#5248));
#4992=PRESENTATION_STYLE_ASSIGNMENT((#5249));
#4993=PRESENTATION_STYLE_ASSIGNMENT((#5250));
#4994=PRESENTATION_STYLE_ASSIGNMENT((#5251));
#4995=PRESENTATION_STYLE_ASSIGNMENT((#5252));
#4996=PRESENTATION_STYLE_ASSIGNMENT((#5253));
#4997=PRESENTATION_STYLE_ASSIGNMENT((#5254));
#4998=PRESENTATION_STYLE_ASSIGNMENT((#5255));
#4999=PRESENTATION_STYLE_ASSIGNMENT((#5256));
#5000=PRESENTATION_STYLE_ASSIGNMENT((#5257));
#5001=PRESENTATION_STYLE_ASSIGNMENT((#5258));
#5002=PRESENTATION_STYLE_ASSIGNMENT((#5259));
#5003=PRESENTATION_STYLE_ASSIGNMENT((#5260));
#5004=PRESENTATION_STYLE_ASSIGNMENT((#5261));
#5005=PRESENTATION_STYLE_ASSIGNMENT((#5262));
#5006=PRESENTATION_STYLE_ASSIGNMENT((#5263));
#5007=PRESENTATION_STYLE_ASSIGNMENT((#5264));
#5008=PRESENTATION_STYLE_ASSIGNMENT((#5265));
#5009=PRESENTATION_STYLE_ASSIGNMENT((#5266));
#5010=PRESENTATION_STYLE_ASSIGNMENT((#5267));
#5011=PRESENTATION_STYLE_ASSIGNMENT((#5268));
#5012=PRESENTATION_STYLE_ASSIGNMENT((#5269));
#5013=PRESENTATION_STYLE_ASSIGNMENT((#5270));
#5014=PRESENTATION_STYLE_ASSIGNMENT((#5271));
#5015=PRESENTATION_STYLE_ASSIGNMENT((#5272));
#5016=PRESENTATION_STYLE_ASSIGNMENT((#5273));
#5017=PRESENTATION_STYLE_ASSIGNMENT((#5274));
#5018=SURFACE_STYLE_USAGE(.BOTH.,#5275);
#5019=SURFACE_STYLE_USAGE(.BOTH.,#5276);
#5020=SURFACE_STYLE_USAGE(.BOTH.,#5277);
#5021=SURFACE_STYLE_USAGE(.BOTH.,#5278);
#5022=SURFACE_STYLE_USAGE(.BOTH.,#5279);
#5023=SURFACE_STYLE_USAGE(.BOTH.,#5280);
#5024=SURFACE_STYLE_USAGE(.BOTH.,#5281);
#5025=SURFACE_STYLE_USAGE(.BOTH.,#5282);
#5026=SURFACE_STYLE_USAGE(.BOTH.,#5283);
#5027=SURFACE_STYLE_USAGE(.BOTH.,#5284);
#5028=SURFACE_STYLE_USAGE(.BOTH.,#5285);
#5029=SURFACE_STYLE_USAGE(.BOTH.,#5286);
#5030=SURFACE_STYLE_USAGE(.BOTH.,#5287);
#5031=SURFACE_STYLE_USAGE(.BOTH.,#5288);
#5032=SURFACE_STYLE_USAGE(.BOTH.,#5289);
#5033=SURFACE_STYLE_USAGE(.BOTH.,#5290);
#5034=SURFACE_STYLE_USAGE(.BOTH.,#5291);
#5035=SURFACE_STYLE_USAGE(.BOTH.,#5292);
#5036=SURFACE_STYLE_USAGE(.BOTH.,#5293);
#5037=SURFACE_STYLE_USAGE(.BOTH.,#5294);
#5038=SURFACE_STYLE_USAGE(.BOTH.,#5295);
#5039=SURFACE_STYLE_USAGE(.BOTH.,#5296);
#5040=SURFACE_STYLE_USAGE(.BOTH.,#5297);
#5041=SURFACE_STYLE_USAGE(.BOTH.,#5298);
#5042=SURFACE_STYLE_USAGE(.BOTH.,#5299);
#5043=SURFACE_STYLE_USAGE(.BOTH.,#5300);
#5044=SURFACE_STYLE_USAGE(.BOTH.,#5301);
#5045=SURFACE_STYLE_USAGE(.BOTH.,#5302);
#5046=SURFACE_STYLE_USAGE(.BOTH.,#5303);
#5047=SURFACE_STYLE_USAGE(.BOTH.,#5304);
#5048=SURFACE_STYLE_USAGE(.BOTH.,#5305);
#5049=SURFACE_STYLE_USAGE(.BOTH.,#5306);
#5050=SURFACE_STYLE_USAGE(.BOTH.,#5307);
#5051=SURFACE_STYLE_USAGE(.BOTH.,#5308);
#5052=SURFACE_STYLE_USAGE(.BOTH.,#5309);
#5053=SURFACE_STYLE_USAGE(.BOTH.,#5310);
#5054=SURFACE_STYLE_USAGE(.BOTH.,#5311);
#5055=SURFACE_STYLE_USAGE(.BOTH.,#5312);
#5056=SURFACE_STYLE_USAGE(.BOTH.,#5313);
#5057=SURFACE_STYLE_USAGE(.BOTH.,#5314);
#5058=SURFACE_STYLE_USAGE(.BOTH.,#5315);
#5059=SURFACE_STYLE_USAGE(.BOTH.,#5316);
#5060=SURFACE_STYLE_USAGE(.BOTH.,#5317);
#5061=SURFACE_STYLE_USAGE(.BOTH.,#5318);
#5062=SURFACE_STYLE_USAGE(.BOTH.,#5319);
#5063=SURFACE_STYLE_USAGE(.BOTH.,#5320);
#5064=SURFACE_STYLE_USAGE(.BOTH.,#5321);
#5065=SURFACE_STYLE_USAGE(.BOTH.,#5322);
#5066=SURFACE_STYLE_USAGE(.BOTH.,#5323);
#5067=SURFACE_STYLE_USAGE(.BOTH.,#5324);
#5068=SURFACE_STYLE_USAGE(.BOTH.,#5325);
#5069=SURFACE_STYLE_USAGE(.BOTH.,#5326);
#5070=SURFACE_STYLE_USAGE(.BOTH.,#5327);
#5071=SURFACE_STYLE_USAGE(.BOTH.,#5328);
#5072=SURFACE_STYLE_USAGE(.BOTH.,#5329);
#5073=SURFACE_STYLE_USAGE(.BOTH.,#5330);
#5074=SURFACE_STYLE_USAGE(.BOTH.,#5331);
#5075=SURFACE_STYLE_USAGE(.BOTH.,#5332);
#5076=SURFACE_STYLE_USAGE(.BOTH.,#5333);
#5077=SURFACE_STYLE_USAGE(.BOTH.,#5334);
#5078=SURFACE_STYLE_USAGE(.BOTH.,#5335);
#5079=SURFACE_STYLE_USAGE(.BOTH.,#5336);
#5080=SURFACE_STYLE_USAGE(.BOTH.,#5337);
#5081=SURFACE_STYLE_USAGE(.BOTH.,#5338);
#5082=SURFACE_STYLE_USAGE(.BOTH.,#5339);
#5083=SURFACE_STYLE_USAGE(.BOTH.,#5340);
#5084=SURFACE_STYLE_USAGE(.BOTH.,#5341);
#5085=SURFACE_STYLE_USAGE(.BOTH.,#5342);
#5086=SURFACE_STYLE_USAGE(.BOTH.,#5343);
#5087=SURFACE_STYLE_USAGE(.BOTH.,#5344);
#5088=SURFACE_STYLE_USAGE(.BOTH.,#5345);
#5089=SURFACE_STYLE_USAGE(.BOTH.,#5346);
#5090=SURFACE_STYLE_USAGE(.BOTH.,#5347);
#5091=SURFACE_STYLE_USAGE(.BOTH.,#5348);
#5092=SURFACE_STYLE_USAGE(.BOTH.,#5349);
#5093=SURFACE_STYLE_USAGE(.BOTH.,#5350);
#5094=SURFACE_STYLE_USAGE(.BOTH.,#5351);
#5095=SURFACE_STYLE_USAGE(.BOTH.,#5352);
#5096=SURFACE_STYLE_USAGE(.BOTH.,#5353);
#5097=SURFACE_STYLE_USAGE(.BOTH.,#5354);
#5098=SURFACE_STYLE_USAGE(.BOTH.,#5355);
#5099=SURFACE_STYLE_USAGE(.BOTH.,#5356);
#5100=SURFACE_STYLE_USAGE(.BOTH.,#5357);
#5101=SURFACE_STYLE_USAGE(.BOTH.,#5358);
#5102=SURFACE_STYLE_USAGE(.BOTH.,#5359);
#5103=SURFACE_STYLE_USAGE(.BOTH.,#5360);
#5104=SURFACE_STYLE_USAGE(.BOTH.,#5361);
#5105=SURFACE_STYLE_USAGE(.BOTH.,#5362);
#5106=SURFACE_STYLE_USAGE(.BOTH.,#5363);
#5107=SURFACE_STYLE_USAGE(.BOTH.,#5364);
#5108=SURFACE_STYLE_USAGE(.BOTH.,#5365);
#5109=SURFACE_STYLE_USAGE(.BOTH.,#5366);
#5110=SURFACE_STYLE_USAGE(.BOTH.,#5367);
#5111=SURFACE_STYLE_USAGE(.BOTH.,#5368);
#5112=SURFACE_STYLE_USAGE(.BOTH.,#5369);
#5113=SURFACE_STYLE_USAGE(.BOTH.,#5370);
#5114=SURFACE_STYLE_USAGE(.BOTH.,#5371);
#5115=SURFACE_STYLE_USAGE(.BOTH.,#5372);
#5116=SURFACE_STYLE_USAGE(.BOTH.,#5373);
#5117=SURFACE_STYLE_USAGE(.BOTH.,#5374);
#5118=SURFACE_STYLE_USAGE(.BOTH.,#5375);
#5119=SURFACE_STYLE_USAGE(.BOTH.,#5376);
#5120=SURFACE_STYLE_USAGE(.BOTH.,#5377);
#5121=SURFACE_STYLE_USAGE(.BOTH.,#5378);
#5122=SURFACE_STYLE_USAGE(.BOTH.,#5379);
#5123=SURFACE_STYLE_USAGE(.BOTH.,#5380);
#5124=SURFACE_STYLE_USAGE(.BOTH.,#5381);
#5125=SURFACE_STYLE_USAGE(.BOTH.,#5382);
#5126=SURFACE_STYLE_USAGE(.BOTH.,#5383);
#5127=SURFACE_STYLE_USAGE(.BOTH.,#5384);
#5128=SURFACE_STYLE_USAGE(.BOTH.,#5385);
#5129=SURFACE_STYLE_USAGE(.BOTH.,#5386);
#5130=SURFACE_STYLE_USAGE(.BOTH.,#5387);
#5131=SURFACE_STYLE_USAGE(.BOTH.,#5388);
#5132=SURFACE_STYLE_USAGE(.BOTH.,#5389);
#5133=SURFACE_STYLE_USAGE(.BOTH.,#5390);
#5134=SURFACE_STYLE_USAGE(.BOTH.,#5391);
#5135=SURFACE_STYLE_USAGE(.BOTH.,#5392);
#5136=SURFACE_STYLE_USAGE(.BOTH.,#5393);
#5137=SURFACE_STYLE_USAGE(.BOTH.,#5394);
#5138=SURFACE_STYLE_USAGE(.BOTH.,#5395);
#5139=SURFACE_STYLE_USAGE(.BOTH.,#5396);
#5140=SURFACE_STYLE_USAGE(.BOTH.,#5397);
#5141=SURFACE_STYLE_USAGE(.BOTH.,#5398);
#5142=SURFACE_STYLE_USAGE(.BOTH.,#5399);
#5143=SURFACE_STYLE_USAGE(.BOTH.,#5400);
#5144=SURFACE_STYLE_USAGE(.BOTH.,#5401);
#5145=SURFACE_STYLE_USAGE(.BOTH.,#5402);
#5146=SURFACE_STYLE_USAGE(.BOTH.,#5403);
#5147=SURFACE_STYLE_USAGE(.BOTH.,#5404);
#5148=SURFACE_STYLE_USAGE(.BOTH.,#5405);
#5149=SURFACE_STYLE_USAGE(.BOTH.,#5406);
#5150=SURFACE_STYLE_USAGE(.BOTH.,#5407);
#5151=SURFACE_STYLE_USAGE(.BOTH.,#5408);
#5152=SURFACE_STYLE_USAGE(.BOTH.,#5409);
#5153=SURFACE_STYLE_USAGE(.BOTH.,#5410);
#5154=SURFACE_STYLE_USAGE(.BOTH.,#5411);
#5155=SURFACE_STYLE_USAGE(.BOTH.,#5412);
#5156=SURFACE_STYLE_USAGE(.BOTH.,#5413);
#5157=SURFACE_STYLE_USAGE(.BOTH.,#5414);
#5158=SURFACE_STYLE_USAGE(.BOTH.,#5415);
#5159=SURFACE_STYLE_USAGE(.BOTH.,#5416);
#5160=SURFACE_STYLE_USAGE(.BOTH.,#5417);
#5161=SURFACE_STYLE_USAGE(.BOTH.,#5418);
#5162=SURFACE_STYLE_USAGE(.BOTH.,#5419);
#5163=SURFACE_STYLE_USAGE(.BOTH.,#5420);
#5164=SURFACE_STYLE_USAGE(.BOTH.,#5421);
#5165=SURFACE_STYLE_USAGE(.BOTH.,#5422);
#5166=SURFACE_STYLE_USAGE(.BOTH.,#5423);
#5167=SURFACE_STYLE_USAGE(.BOTH.,#5424);
#5168=SURFACE_STYLE_USAGE(.BOTH.,#5425);
#5169=SURFACE_STYLE_USAGE(.BOTH.,#5426);
#5170=SURFACE_STYLE_USAGE(.BOTH.,#5427);
#5171=SURFACE_STYLE_USAGE(.BOTH.,#5428);
#5172=SURFACE_STYLE_USAGE(.BOTH.,#5429);
#5173=SURFACE_STYLE_USAGE(.BOTH.,#5430);
#5174=SURFACE_STYLE_USAGE(.BOTH.,#5431);
#5175=SURFACE_STYLE_USAGE(.BOTH.,#5432);
#5176=SURFACE_STYLE_USAGE(.BOTH.,#5433);
#5177=SURFACE_STYLE_USAGE(.BOTH.,#5434);
#5178=SURFACE_STYLE_USAGE(.BOTH.,#5435);
#5179=SURFACE_STYLE_USAGE(.BOTH.,#5436);
#5180=SURFACE_STYLE_USAGE(.BOTH.,#5437);
#5181=SURFACE_STYLE_USAGE(.BOTH.,#5438);
#5182=SURFACE_STYLE_USAGE(.BOTH.,#5439);
#5183=SURFACE_STYLE_USAGE(.BOTH.,#5440);
#5184=SURFACE_STYLE_USAGE(.BOTH.,#5441);
#5185=SURFACE_STYLE_USAGE(.BOTH.,#5442);
#5186=SURFACE_STYLE_USAGE(.BOTH.,#5443);
#5187=SURFACE_STYLE_USAGE(.BOTH.,#5444);
#5188=SURFACE_STYLE_USAGE(.BOTH.,#5445);
#5189=SURFACE_STYLE_USAGE(.BOTH.,#5446);
#5190=SURFACE_STYLE_USAGE(.BOTH.,#5447);
#5191=SURFACE_STYLE_USAGE(.BOTH.,#5448);
#5192=SURFACE_STYLE_USAGE(.BOTH.,#5449);
#5193=SURFACE_STYLE_USAGE(.BOTH.,#5450);
#5194=SURFACE_STYLE_USAGE(.BOTH.,#5451);
#5195=SURFACE_STYLE_USAGE(.BOTH.,#5452);
#5196=SURFACE_STYLE_USAGE(.BOTH.,#5453);
#5197=SURFACE_STYLE_USAGE(.BOTH.,#5454);
#5198=SURFACE_STYLE_USAGE(.BOTH.,#5455);
#5199=SURFACE_STYLE_USAGE(.BOTH.,#5456);
#5200=SURFACE_STYLE_USAGE(.BOTH.,#5457);
#5201=SURFACE_STYLE_USAGE(.BOTH.,#5458);
#5202=SURFACE_STYLE_USAGE(.BOTH.,#5459);
#5203=SURFACE_STYLE_USAGE(.BOTH.,#5460);
#5204=SURFACE_STYLE_USAGE(.BOTH.,#5461);
#5205=SURFACE_STYLE_USAGE(.BOTH.,#5462);
#5206=SURFACE_STYLE_USAGE(.BOTH.,#5463);
#5207=SURFACE_STYLE_USAGE(.BOTH.,#5464);
#5208=SURFACE_STYLE_USAGE(.BOTH.,#5465);
#5209=SURFACE_STYLE_USAGE(.BOTH.,#5466);
#5210=SURFACE_STYLE_USAGE(.BOTH.,#5467);
#5211=SURFACE_STYLE_USAGE(.BOTH.,#5468);
#5212=SURFACE_STYLE_USAGE(.BOTH.,#5469);
#5213=SURFACE_STYLE_USAGE(.BOTH.,#5470);
#5214=SURFACE_STYLE_USAGE(.BOTH.,#5471);
#5215=SURFACE_STYLE_USAGE(.BOTH.,#5472);
#5216=SURFACE_STYLE_USAGE(.BOTH.,#5473);
#5217=SURFACE_STYLE_USAGE(.BOTH.,#5474);
#5218=SURFACE_STYLE_USAGE(.BOTH.,#5475);
#5219=SURFACE_STYLE_USAGE(.BOTH.,#5476);
#5220=SURFACE_STYLE_USAGE(.BOTH.,#5477);
#5221=SURFACE_STYLE_USAGE(.BOTH.,#5478);
#5222=SURFACE_STYLE_USAGE(.BOTH.,#5479);
#5223=SURFACE_STYLE_USAGE(.BOTH.,#5480);
#5224=SURFACE_STYLE_USAGE(.BOTH.,#5481);
#5225=SURFACE_STYLE_USAGE(.BOTH.,#5482);
#5226=SURFACE_STYLE_USAGE(.BOTH.,#5483);
#5227=SURFACE_STYLE_USAGE(.BOTH.,#5484);
#5228=SURFACE_STYLE_USAGE(.BOTH.,#5485);
#5229=SURFACE_STYLE_USAGE(.BOTH.,#5486);
#5230=SURFACE_STYLE_USAGE(.BOTH.,#5487);
#5231=SURFACE_STYLE_USAGE(.BOTH.,#5488);
#5232=SURFACE_STYLE_USAGE(.BOTH.,#5489);
#5233=SURFACE_STYLE_USAGE(.BOTH.,#5490);
#5234=SURFACE_STYLE_USAGE(.BOTH.,#5491);
#5235=SURFACE_STYLE_USAGE(.BOTH.,#5492);
#5236=SURFACE_STYLE_USAGE(.BOTH.,#5493);
#5237=SURFACE_STYLE_USAGE(.BOTH.,#5494);
#5238=SURFACE_STYLE_USAGE(.BOTH.,#5495);
#5239=SURFACE_STYLE_USAGE(.BOTH.,#5496);
#5240=SURFACE_STYLE_USAGE(.BOTH.,#5497);
#5241=SURFACE_STYLE_USAGE(.BOTH.,#5498);
#5242=SURFACE_STYLE_USAGE(.BOTH.,#5499);
#5243=SURFACE_STYLE_USAGE(.BOTH.,#5500);
#5244=SURFACE_STYLE_USAGE(.BOTH.,#5501);
#5245=SURFACE_STYLE_USAGE(.BOTH.,#5502);
#5246=SURFACE_STYLE_USAGE(.BOTH.,#5503);
#5247=SURFACE_STYLE_USAGE(.BOTH.,#5504);
#5248=SURFACE_STYLE_USAGE(.BOTH.,#5505);
#5249=SURFACE_STYLE_USAGE(.BOTH.,#5506);
#5250=SURFACE_STYLE_USAGE(.BOTH.,#5507);
#5251=SURFACE_STYLE_USAGE(.BOTH.,#5508);
#5252=SURFACE_STYLE_USAGE(.BOTH.,#5509);
#5253=SURFACE_STYLE_USAGE(.BOTH.,#5510);
#5254=SURFACE_STYLE_USAGE(.BOTH.,#5511);
#5255=SURFACE_STYLE_USAGE(.BOTH.,#5512);
#5256=SURFACE_STYLE_USAGE(.BOTH.,#5513);
#5257=SURFACE_STYLE_USAGE(.BOTH.,#5514);
#5258=SURFACE_STYLE_USAGE(.BOTH.,#5515);
#5259=SURFACE_STYLE_USAGE(.BOTH.,#5516);
#5260=SURFACE_STYLE_USAGE(.BOTH.,#5517);
#5261=SURFACE_STYLE_USAGE(.BOTH.,#5518);
#5262=SURFACE_STYLE_USAGE(.BOTH.,#5519);
#5263=SURFACE_STYLE_USAGE(.BOTH.,#5520);
#5264=SURFACE_STYLE_USAGE(.BOTH.,#5521);
#5265=SURFACE_STYLE_USAGE(.BOTH.,#5522);
#5266=SURFACE_STYLE_USAGE(.BOTH.,#5523);
#5267=SURFACE_STYLE_USAGE(.BOTH.,#5524);
#5268=SURFACE_STYLE_USAGE(.BOTH.,#5525);
#5269=SURFACE_STYLE_USAGE(.BOTH.,#5526);
#5270=SURFACE_STYLE_USAGE(.BOTH.,#5527);
#5271=SURFACE_STYLE_USAGE(.BOTH.,#5528);
#5272=SURFACE_STYLE_USAGE(.BOTH.,#5529);
#5273=SURFACE_STYLE_USAGE(.BOTH.,#5530);
#5274=SURFACE_STYLE_USAGE(.BOTH.,#5531);
#5275=SURFACE_SIDE_STYLE('',(#5532));
#5276=SURFACE_SIDE_STYLE('',(#5533));
#5277=SURFACE_SIDE_STYLE('',(#5534));
#5278=SURFACE_SIDE_STYLE('',(#5535));
#5279=SURFACE_SIDE_STYLE('',(#5536));
#5280=SURFACE_SIDE_STYLE('',(#5537));
#5281=SURFACE_SIDE_STYLE('',(#5538));
#5282=SURFACE_SIDE_STYLE('',(#5539));
#5283=SURFACE_SIDE_STYLE('',(#5540));
#5284=SURFACE_SIDE_STYLE('',(#5541));
#5285=SURFACE_SIDE_STYLE('',(#5542));
#5286=SURFACE_SIDE_STYLE('',(#5543));
#5287=SURFACE_SIDE_STYLE('',(#5544));
#5288=SURFACE_SIDE_STYLE('',(#5545));
#5289=SURFACE_SIDE_STYLE('',(#5546));
#5290=SURFACE_SIDE_STYLE('',(#5547));
#5291=SURFACE_SIDE_STYLE('',(#5548));
#5292=SURFACE_SIDE_STYLE('',(#5549));
#5293=SURFACE_SIDE_STYLE('',(#5550));
#5294=SURFACE_SIDE_STYLE('',(#5551));
#5295=SURFACE_SIDE_STYLE('',(#5552));
#5296=SURFACE_SIDE_STYLE('',(#5553));
#5297=SURFACE_SIDE_STYLE('',(#5554));
#5298=SURFACE_SIDE_STYLE('',(#5555));
#5299=SURFACE_SIDE_STYLE('',(#5556));
#5300=SURFACE_SIDE_STYLE('',(#5557));
#5301=SURFACE_SIDE_STYLE('',(#5558));
#5302=SURFACE_SIDE_STYLE('',(#5559));
#5303=SURFACE_SIDE_STYLE('',(#5560));
#5304=SURFACE_SIDE_STYLE('',(#5561));
#5305=SURFACE_SIDE_STYLE('',(#5562));
#5306=SURFACE_SIDE_STYLE('',(#5563));
#5307=SURFACE_SIDE_STYLE('',(#5564));
#5308=SURFACE_SIDE_STYLE('',(#5565));
#5309=SURFACE_SIDE_STYLE('',(#5566));
#5310=SURFACE_SIDE_STYLE('',(#5567));
#5311=SURFACE_SIDE_STYLE('',(#5568));
#5312=SURFACE_SIDE_STYLE('',(#5569));
#5313=SURFACE_SIDE_STYLE('',(#5570));
#5314=SURFACE_SIDE_STYLE('',(#5571));
#5315=SURFACE_SIDE_STYLE('',(#5572));
#5316=SURFACE_SIDE_STYLE('',(#5573));
#5317=SURFACE_SIDE_STYLE('',(#5574));
#5318=SURFACE_SIDE_STYLE('',(#5575));
#5319=SURFACE_SIDE_STYLE('',(#5576));
#5320=SURFACE_SIDE_STYLE('',(#5577));
#5321=SURFACE_SIDE_STYLE('',(#5578));
#5322=SURFACE_SIDE_STYLE('',(#5579));
#5323=SURFACE_SIDE_STYLE('',(#5580));
#5324=SURFACE_SIDE_STYLE('',(#5581));
#5325=SURFACE_SIDE_STYLE('',(#5582));
#5326=SURFACE_SIDE_STYLE('',(#5583));
#5327=SURFACE_SIDE_STYLE('',(#5584));
#5328=SURFACE_SIDE_STYLE('',(#5585));
#5329=SURFACE_SIDE_STYLE('',(#5586));
#5330=SURFACE_SIDE_STYLE('',(#5587));
#5331=SURFACE_SIDE_STYLE('',(#5588));
#5332=SURFACE_SIDE_STYLE('',(#5589));
#5333=SURFACE_SIDE_STYLE('',(#5590));
#5334=SURFACE_SIDE_STYLE('',(#5591));
#5335=SURFACE_SIDE_STYLE('',(#5592));
#5336=SURFACE_SIDE_STYLE('',(#5593));
#5337=SURFACE_SIDE_STYLE('',(#5594));
#5338=SURFACE_SIDE_STYLE('',(#5595));
#5339=SURFACE_SIDE_STYLE('',(#5596));
#5340=SURFACE_SIDE_STYLE('',(#5597));
#5341=SURFACE_SIDE_STYLE('',(#5598));
#5342=SURFACE_SIDE_STYLE('',(#5599));
#5343=SURFACE_SIDE_STYLE('',(#5600));
#5344=SURFACE_SIDE_STYLE('',(#5601));
#5345=SURFACE_SIDE_STYLE('',(#5602));
#5346=SURFACE_SIDE_STYLE('',(#5603));
#5347=SURFACE_SIDE_STYLE('',(#5604));
#5348=SURFACE_SIDE_STYLE('',(#5605));
#5349=SURFACE_SIDE_STYLE('',(#5606));
#5350=SURFACE_SIDE_STYLE('',(#5607));
#5351=SURFACE_SIDE_STYLE('',(#5608));
#5352=SURFACE_SIDE_STYLE('',(#5609));
#5353=SURFACE_SIDE_STYLE('',(#5610));
#5354=SURFACE_SIDE_STYLE('',(#5611));
#5355=SURFACE_SIDE_STYLE('',(#5612));
#5356=SURFACE_SIDE_STYLE('',(#5613));
#5357=SURFACE_SIDE_STYLE('',(#5614));
#5358=SURFACE_SIDE_STYLE('',(#5615));
#5359=SURFACE_SIDE_STYLE('',(#5616));
#5360=SURFACE_SIDE_STYLE('',(#5617));
#5361=SURFACE_SIDE_STYLE('',(#5618));
#5362=SURFACE_SIDE_STYLE('',(#5619));
#5363=SURFACE_SIDE_STYLE('',(#5620));
#5364=SURFACE_SIDE_STYLE('',(#5621));
#5365=SURFACE_SIDE_STYLE('',(#5622));
#5366=SURFACE_SIDE_STYLE('',(#5623));
#5367=SURFACE_SIDE_STYLE('',(#5624));
#5368=SURFACE_SIDE_STYLE('',(#5625));
#5369=SURFACE_SIDE_STYLE('',(#5626));
#5370=SURFACE_SIDE_STYLE('',(#5627));
#5371=SURFACE_SIDE_STYLE('',(#5628));
#5372=SURFACE_SIDE_STYLE('',(#5629));
#5373=SURFACE_SIDE_STYLE('',(#5630));
#5374=SURFACE_SIDE_STYLE('',(#5631));
#5375=SURFACE_SIDE_STYLE('',(#5632));
#5376=SURFACE_SIDE_STYLE('',(#5633));
#5377=SURFACE_SIDE_STYLE('',(#5634));
#5378=SURFACE_SIDE_STYLE('',(#5635));
#5379=SURFACE_SIDE_STYLE('',(#5636));
#5380=SURFACE_SIDE_STYLE('',(#5637));
#5381=SURFACE_SIDE_STYLE('',(#5638));
#5382=SURFACE_SIDE_STYLE('',(#5639));
#5383=SURFACE_SIDE_STYLE('',(#5640));
#5384=SURFACE_SIDE_STYLE('',(#5641));
#5385=SURFACE_SIDE_STYLE('',(#5642));
#5386=SURFACE_SIDE_STYLE('',(#5643));
#5387=SURFACE_SIDE_STYLE('',(#5644));
#5388=SURFACE_SIDE_STYLE('',(#5645));
#5389=SURFACE_SIDE_STYLE('',(#5646));
#5390=SURFACE_SIDE_STYLE('',(#5647));
#5391=SURFACE_SIDE_STYLE('',(#5648));
#5392=SURFACE_SIDE_STYLE('',(#5649));
#5393=SURFACE_SIDE_STYLE('',(#5650));
#5394=SURFACE_SIDE_STYLE('',(#5651));
#5395=SURFACE_SIDE_STYLE('',(#5652));
#5396=SURFACE_SIDE_STYLE('',(#5653));
#5397=SURFACE_SIDE_STYLE('',(#5654));
#5398=SURFACE_SIDE_STYLE('',(#5655));
#5399=SURFACE_SIDE_STYLE('',(#5656));
#5400=SURFACE_SIDE_STYLE('',(#5657));
#5401=SURFACE_SIDE_STYLE('',(#5658));
#5402=SURFACE_SIDE_STYLE('',(#5659));
#5403=SURFACE_SIDE_STYLE('',(#5660));
#5404=SURFACE_SIDE_STYLE('',(#5661));
#5405=SURFACE_SIDE_STYLE('',(#5662));
#5406=SURFACE_SIDE_STYLE('',(#5663));
#5407=SURFACE_SIDE_STYLE('',(#5664));
#5408=SURFACE_SIDE_STYLE('',(#5665));
#5409=SURFACE_SIDE_STYLE('',(#5666));
#5410=SURFACE_SIDE_STYLE('',(#5667));
#5411=SURFACE_SIDE_STYLE('',(#5668));
#5412=SURFACE_SIDE_STYLE('',(#5669));
#5413=SURFACE_SIDE_STYLE('',(#5670));
#5414=SURFACE_SIDE_STYLE('',(#5671));
#5415=SURFACE_SIDE_STYLE('',(#5672));
#5416=SURFACE_SIDE_STYLE('',(#5673));
#5417=SURFACE_SIDE_STYLE('',(#5674));
#5418=SURFACE_SIDE_STYLE('',(#5675));
#5419=SURFACE_SIDE_STYLE('',(#5676));
#5420=SURFACE_SIDE_STYLE('',(#5677));
#5421=SURFACE_SIDE_STYLE('',(#5678));
#5422=SURFACE_SIDE_STYLE('',(#5679));
#5423=SURFACE_SIDE_STYLE('',(#5680));
#5424=SURFACE_SIDE_STYLE('',(#5681));
#5425=SURFACE_SIDE_STYLE('',(#5682));
#5426=SURFACE_SIDE_STYLE('',(#5683));
#5427=SURFACE_SIDE_STYLE('',(#5684));
#5428=SURFACE_SIDE_STYLE('',(#5685));
#5429=SURFACE_SIDE_STYLE('',(#5686));
#5430=SURFACE_SIDE_STYLE('',(#5687));
#5431=SURFACE_SIDE_STYLE('',(#5688));
#5432=SURFACE_SIDE_STYLE('',(#5689));
#5433=SURFACE_SIDE_STYLE('',(#5690));
#5434=SURFACE_SIDE_STYLE('',(#5691));
#5435=SURFACE_SIDE_STYLE('',(#5692));
#5436=SURFACE_SIDE_STYLE('',(#5693));
#5437=SURFACE_SIDE_STYLE('',(#5694));
#5438=SURFACE_SIDE_STYLE('',(#5695));
#5439=SURFACE_SIDE_STYLE('',(#5696));
#5440=SURFACE_SIDE_STYLE('',(#5697));
#5441=SURFACE_SIDE_STYLE('',(#5698));
#5442=SURFACE_SIDE_STYLE('',(#5699));
#5443=SURFACE_SIDE_STYLE('',(#5700));
#5444=SURFACE_SIDE_STYLE('',(#5701));
#5445=SURFACE_SIDE_STYLE('',(#5702));
#5446=SURFACE_SIDE_STYLE('',(#5703));
#5447=SURFACE_SIDE_STYLE('',(#5704));
#5448=SURFACE_SIDE_STYLE('',(#5705));
#5449=SURFACE_SIDE_STYLE('',(#5706));
#5450=SURFACE_SIDE_STYLE('',(#5707));
#5451=SURFACE_SIDE_STYLE('',(#5708));
#5452=SURFACE_SIDE_STYLE('',(#5709));
#5453=SURFACE_SIDE_STYLE('',(#5710));
#5454=SURFACE_SIDE_STYLE('',(#5711));
#5455=SURFACE_SIDE_STYLE('',(#5712));
#5456=SURFACE_SIDE_STYLE('',(#5713));
#5457=SURFACE_SIDE_STYLE('',(#5714));
#5458=SURFACE_SIDE_STYLE('',(#5715));
#5459=SURFACE_SIDE_STYLE('',(#5716));
#5460=SURFACE_SIDE_STYLE('',(#5717));
#5461=SURFACE_SIDE_STYLE('',(#5718));
#5462=SURFACE_SIDE_STYLE('',(#5719));
#5463=SURFACE_SIDE_STYLE('',(#5720));
#5464=SURFACE_SIDE_STYLE('',(#5721));
#5465=SURFACE_SIDE_STYLE('',(#5722));
#5466=SURFACE_SIDE_STYLE('',(#5723));
#5467=SURFACE_SIDE_STYLE('',(#5724));
#5468=SURFACE_SIDE_STYLE('',(#5725));
#5469=SURFACE_SIDE_STYLE('',(#5726));
#5470=SURFACE_SIDE_STYLE('',(#5727));
#5471=SURFACE_SIDE_STYLE('',(#5728));
#5472=SURFACE_SIDE_STYLE('',(#5729));
#5473=SURFACE_SIDE_STYLE('',(#5730));
#5474=SURFACE_SIDE_STYLE('',(#5731));
#5475=SURFACE_SIDE_STYLE('',(#5732));
#5476=SURFACE_SIDE_STYLE('',(#5733));
#5477=SURFACE_SIDE_STYLE('',(#5734));
#5478=SURFACE_SIDE_STYLE('',(#5735));
#5479=SURFACE_SIDE_STYLE('',(#5736));
#5480=SURFACE_SIDE_STYLE('',(#5737));
#5481=SURFACE_SIDE_STYLE('',(#5738));
#5482=SURFACE_SIDE_STYLE('',(#5739));
#5483=SURFACE_SIDE_STYLE('',(#5740));
#5484=SURFACE_SIDE_STYLE('',(#5741));
#5485=SURFACE_SIDE_STYLE('',(#5742));
#5486=SURFACE_SIDE_STYLE('',(#5743));
#5487=SURFACE_SIDE_STYLE('',(#5744));
#5488=SURFACE_SIDE_STYLE('',(#5745));
#5489=SURFACE_SIDE_STYLE('',(#5746));
#5490=SURFACE_SIDE_STYLE('',(#5747));
#5491=SURFACE_SIDE_STYLE('',(#5748));
#5492=SURFACE_SIDE_STYLE('',(#5749));
#5493=SURFACE_SIDE_STYLE('',(#5750));
#5494=SURFACE_SIDE_STYLE('',(#5751));
#5495=SURFACE_SIDE_STYLE('',(#5752));
#5496=SURFACE_SIDE_STYLE('',(#5753));
#5497=SURFACE_SIDE_STYLE('',(#5754));
#5498=SURFACE_SIDE_STYLE('',(#5755));
#5499=SURFACE_SIDE_STYLE('',(#5756));
#5500=SURFACE_SIDE_STYLE('',(#5757));
#5501=SURFACE_SIDE_STYLE('',(#5758));
#5502=SURFACE_SIDE_STYLE('',(#5759));
#5503=SURFACE_SIDE_STYLE('',(#5760));
#5504=SURFACE_SIDE_STYLE('',(#5761));
#5505=SURFACE_SIDE_STYLE('',(#5762));
#5506=SURFACE_SIDE_STYLE('',(#5763));
#5507=SURFACE_SIDE_STYLE('',(#5764));
#5508=SURFACE_SIDE_STYLE('',(#5765));
#5509=SURFACE_SIDE_STYLE('',(#5766));
#5510=SURFACE_SIDE_STYLE('',(#5767));
#5511=SURFACE_SIDE_STYLE('',(#5768));
#5512=SURFACE_SIDE_STYLE('',(#5769));
#5513=SURFACE_SIDE_STYLE('',(#5770));
#5514=SURFACE_SIDE_STYLE('',(#5771));
#5515=SURFACE_SIDE_STYLE('',(#5772));
#5516=SURFACE_SIDE_STYLE('',(#5773));
#5517=SURFACE_SIDE_STYLE('',(#5774));
#5518=SURFACE_SIDE_STYLE('',(#5775));
#5519=SURFACE_SIDE_STYLE('',(#5776));
#5520=SURFACE_SIDE_STYLE('',(#5777));
#5521=SURFACE_SIDE_STYLE('',(#5778));
#5522=SURFACE_SIDE_STYLE('',(#5779));
#5523=SURFACE_SIDE_STYLE('',(#5780));
#5524=SURFACE_SIDE_STYLE('',(#5781));
#5525=SURFACE_SIDE_STYLE('',(#5782));
#5526=SURFACE_SIDE_STYLE('',(#5783));
#5527=SURFACE_SIDE_STYLE('',(#5784));
#5528=SURFACE_SIDE_STYLE('',(#5785));
#5529=SURFACE_SIDE_STYLE('',(#5786));
#5530=SURFACE_SIDE_STYLE('',(#5787));
#5531=SURFACE_SIDE_STYLE('',(#5788));
#5532=SURFACE_STYLE_FILL_AREA(#5789);
#5533=SURFACE_STYLE_FILL_AREA(#5790);
#5534=SURFACE_STYLE_FILL_AREA(#5791);
#5535=SURFACE_STYLE_FILL_AREA(#5792);
#5536=SURFACE_STYLE_FILL_AREA(#5793);
#5537=SURFACE_STYLE_FILL_AREA(#5794);
#5538=SURFACE_STYLE_FILL_AREA(#5795);
#5539=SURFACE_STYLE_FILL_AREA(#5796);
#5540=SURFACE_STYLE_FILL_AREA(#5797);
#5541=SURFACE_STYLE_FILL_AREA(#5798);
#5542=SURFACE_STYLE_FILL_AREA(#5799);
#5543=SURFACE_STYLE_FILL_AREA(#5800);
#5544=SURFACE_STYLE_FILL_AREA(#5801);
#5545=SURFACE_STYLE_FILL_AREA(#5802);
#5546=SURFACE_STYLE_FILL_AREA(#5803);
#5547=SURFACE_STYLE_FILL_AREA(#5804);
#5548=SURFACE_STYLE_FILL_AREA(#5805);
#5549=SURFACE_STYLE_FILL_AREA(#5806);
#5550=SURFACE_STYLE_FILL_AREA(#5807);
#5551=SURFACE_STYLE_FILL_AREA(#5808);
#5552=SURFACE_STYLE_FILL_AREA(#5809);
#5553=SURFACE_STYLE_FILL_AREA(#5810);
#5554=SURFACE_STYLE_FILL_AREA(#5811);
#5555=SURFACE_STYLE_FILL_AREA(#5812);
#5556=SURFACE_STYLE_FILL_AREA(#5813);
#5557=SURFACE_STYLE_FILL_AREA(#5814);
#5558=SURFACE_STYLE_FILL_AREA(#5815);
#5559=SURFACE_STYLE_FILL_AREA(#5816);
#5560=SURFACE_STYLE_FILL_AREA(#5817);
#5561=SURFACE_STYLE_FILL_AREA(#5818);
#5562=SURFACE_STYLE_FILL_AREA(#5819);
#5563=SURFACE_STYLE_FILL_AREA(#5820);
#5564=SURFACE_STYLE_FILL_AREA(#5821);
#5565=SURFACE_STYLE_FILL_AREA(#5822);
#5566=SURFACE_STYLE_FILL_AREA(#5823);
#5567=SURFACE_STYLE_FILL_AREA(#5824);
#5568=SURFACE_STYLE_FILL_AREA(#5825);
#5569=SURFACE_STYLE_FILL_AREA(#5826);
#5570=SURFACE_STYLE_FILL_AREA(#5827);
#5571=SURFACE_STYLE_FILL_AREA(#5828);
#5572=SURFACE_STYLE_FILL_AREA(#5829);
#5573=SURFACE_STYLE_FILL_AREA(#5830);
#5574=SURFACE_STYLE_FILL_AREA(#5831);
#5575=SURFACE_STYLE_FILL_AREA(#5832);
#5576=SURFACE_STYLE_FILL_AREA(#5833);
#5577=SURFACE_STYLE_FILL_AREA(#5834);
#5578=SURFACE_STYLE_FILL_AREA(#5835);
#5579=SURFACE_STYLE_FILL_AREA(#5836);
#5580=SURFACE_STYLE_FILL_AREA(#5837);
#5581=SURFACE_STYLE_FILL_AREA(#5838);
#5582=SURFACE_STYLE_FILL_AREA(#5839);
#5583=SURFACE_STYLE_FILL_AREA(#5840);
#5584=SURFACE_STYLE_FILL_AREA(#5841);
#5585=SURFACE_STYLE_FILL_AREA(#5842);
#5586=SURFACE_STYLE_FILL_AREA(#5843);
#5587=SURFACE_STYLE_FILL_AREA(#5844);
#5588=SURFACE_STYLE_FILL_AREA(#5845);
#5589=SURFACE_STYLE_FILL_AREA(#5846);
#5590=SURFACE_STYLE_FILL_AREA(#5847);
#5591=SURFACE_STYLE_FILL_AREA(#5848);
#5592=SURFACE_STYLE_FILL_AREA(#5849);
#5593=SURFACE_STYLE_FILL_AREA(#5850);
#5594=SURFACE_STYLE_FILL_AREA(#5851);
#5595=SURFACE_STYLE_FILL_AREA(#5852);
#5596=SURFACE_STYLE_FILL_AREA(#5853);
#5597=SURFACE_STYLE_FILL_AREA(#5854);
#5598=SURFACE_STYLE_FILL_AREA(#5855);
#5599=SURFACE_STYLE_FILL_AREA(#5856);
#5600=SURFACE_STYLE_FILL_AREA(#5857);
#5601=SURFACE_STYLE_FILL_AREA(#5858);
#5602=SURFACE_STYLE_FILL_AREA(#5859);
#5603=SURFACE_STYLE_FILL_AREA(#5860);
#5604=SURFACE_STYLE_FILL_AREA(#5861);
#5605=SURFACE_STYLE_FILL_AREA(#5862);
#5606=SURFACE_STYLE_FILL_AREA(#5863);
#5607=SURFACE_STYLE_FILL_AREA(#5864);
#5608=SURFACE_STYLE_FILL_AREA(#5865);
#5609=SURFACE_STYLE_FILL_AREA(#5866);
#5610=SURFACE_STYLE_FILL_AREA(#5867);
#5611=SURFACE_STYLE_FILL_AREA(#5868);
#5612=SURFACE_STYLE_FILL_AREA(#5869);
#5613=SURFACE_STYLE_FILL_AREA(#5870);
#5614=SURFACE_STYLE_FILL_AREA(#5871);
#5615=SURFACE_STYLE_FILL_AREA(#5872);
#5616=SURFACE_STYLE_FILL_AREA(#5873);
#5617=SURFACE_STYLE_FILL_AREA(#5874);
#5618=SURFACE_STYLE_FILL_AREA(#5875);
#5619=SURFACE_STYLE_FILL_AREA(#5876);
#5620=SURFACE_STYLE_FILL_AREA(#5877);
#5621=SURFACE_STYLE_FILL_AREA(#5878);
#5622=SURFACE_STYLE_FILL_AREA(#5879);
#5623=SURFACE_STYLE_FILL_AREA(#5880);
#5624=SURFACE_STYLE_FILL_AREA(#5881);
#5625=SURFACE_STYLE_FILL_AREA(#5882);
#5626=SURFACE_STYLE_FILL_AREA(#5883);
#5627=SURFACE_STYLE_FILL_AREA(#5884);
#5628=SURFACE_STYLE_FILL_AREA(#5885);
#5629=SURFACE_STYLE_FILL_AREA(#5886);
#5630=SURFACE_STYLE_FILL_AREA(#5887);
#5631=SURFACE_STYLE_FILL_AREA(#5888);
#5632=SURFACE_STYLE_FILL_AREA(#5889);
#5633=SURFACE_STYLE_FILL_AREA(#5890);
#5634=SURFACE_STYLE_FILL_AREA(#5891);
#5635=SURFACE_STYLE_FILL_AREA(#5892);
#5636=SURFACE_STYLE_FILL_AREA(#5893);
#5637=SURFACE_STYLE_FILL_AREA(#5894);
#5638=SURFACE_STYLE_FILL_AREA(#5895);
#5639=SURFACE_STYLE_FILL_AREA(#5896);
#5640=SURFACE_STYLE_FILL_AREA(#5897);
#5641=SURFACE_STYLE_FILL_AREA(#5898);
#5642=SURFACE_STYLE_FILL_AREA(#5899);
#5643=SURFACE_STYLE_FILL_AREA(#5900);
#5644=SURFACE_STYLE_FILL_AREA(#5901);
#5645=SURFACE_STYLE_FILL_AREA(#5902);
#5646=SURFACE_STYLE_FILL_AREA(#5903);
#5647=SURFACE_STYLE_FILL_AREA(#5904);
#5648=SURFACE_STYLE_FILL_AREA(#5905);
#5649=SURFACE_STYLE_FILL_AREA(#5906);
#5650=SURFACE_STYLE_FILL_AREA(#5907);
#5651=SURFACE_STYLE_FILL_AREA(#5908);
#5652=SURFACE_STYLE_FILL_AREA(#5909);
#5653=SURFACE_STYLE_FILL_AREA(#5910);
#5654=SURFACE_STYLE_FILL_AREA(#5911);
#5655=SURFACE_STYLE_FILL_AREA(#5912);
#5656=SURFACE_STYLE_FILL_AREA(#5913);
#5657=SURFACE_STYLE_FILL_AREA(#5914);
#5658=SURFACE_STYLE_FILL_AREA(#5915);
#5659=SURFACE_STYLE_FILL_AREA(#5916);
#5660=SURFACE_STYLE_FILL_AREA(#5917);
#5661=SURFACE_STYLE_FILL_AREA(#5918);
#5662=SURFACE_STYLE_FILL_AREA(#5919);
#5663=SURFACE_STYLE_FILL_AREA(#5920);
#5664=SURFACE_STYLE_FILL_AREA(#5921);
#5665=SURFACE_STYLE_FILL_AREA(#5922);
#5666=SURFACE_STYLE_FILL_AREA(#5923);
#5667=SURFACE_STYLE_FILL_AREA(#5924);
#5668=SURFACE_STYLE_FILL_AREA(#5925);
#5669=SURFACE_STYLE_FILL_AREA(#5926);
#5670=SURFACE_STYLE_FILL_AREA(#5927);
#5671=SURFACE_STYLE_FILL_AREA(#5928);
#5672=SURFACE_STYLE_FILL_AREA(#5929);
#5673=SURFACE_STYLE_FILL_AREA(#5930);
#5674=SURFACE_STYLE_FILL_AREA(#5931);
#5675=SURFACE_STYLE_FILL_AREA(#5932);
#5676=SURFACE_STYLE_FILL_AREA(#5933);
#5677=SURFACE_STYLE_FILL_AREA(#5934);
#5678=SURFACE_STYLE_FILL_AREA(#5935);
#5679=SURFACE_STYLE_FILL_AREA(#5936);
#5680=SURFACE_STYLE_FILL_AREA(#5937);
#5681=SURFACE_STYLE_FILL_AREA(#5938);
#5682=SURFACE_STYLE_FILL_AREA(#5939);
#5683=SURFACE_STYLE_FILL_AREA(#5940);
#5684=SURFACE_STYLE_FILL_AREA(#5941);
#5685=SURFACE_STYLE_FILL_AREA(#5942);
#5686=SURFACE_STYLE_FILL_AREA(#5943);
#5687=SURFACE_STYLE_FILL_AREA(#5944);
#5688=SURFACE_STYLE_FILL_AREA(#5945);
#5689=SURFACE_STYLE_FILL_AREA(#5946);
#5690=SURFACE_STYLE_FILL_AREA(#5947);
#5691=SURFACE_STYLE_FILL_AREA(#5948);
#5692=SURFACE_STYLE_FILL_AREA(#5949);
#5693=SURFACE_STYLE_FILL_AREA(#5950);
#5694=SURFACE_STYLE_FILL_AREA(#5951);
#5695=SURFACE_STYLE_FILL_AREA(#5952);
#5696=SURFACE_STYLE_FILL_AREA(#5953);
#5697=SURFACE_STYLE_FILL_AREA(#5954);
#5698=SURFACE_STYLE_FILL_AREA(#5955);
#5699=SURFACE_STYLE_FILL_AREA(#5956);
#5700=SURFACE_STYLE_FILL_AREA(#5957);
#5701=SURFACE_STYLE_FILL_AREA(#5958);
#5702=SURFACE_STYLE_FILL_AREA(#5959);
#5703=SURFACE_STYLE_FILL_AREA(#5960);
#5704=SURFACE_STYLE_FILL_AREA(#5961);
#5705=SURFACE_STYLE_FILL_AREA(#5962);
#5706=SURFACE_STYLE_FILL_AREA(#5963);
#5707=SURFACE_STYLE_FILL_AREA(#5964);
#5708=SURFACE_STYLE_FILL_AREA(#5965);
#5709=SURFACE_STYLE_FILL_AREA(#5966);
#5710=SURFACE_STYLE_FILL_AREA(#5967);
#5711=SURFACE_STYLE_FILL_AREA(#5968);
#5712=SURFACE_STYLE_FILL_AREA(#5969);
#5713=SURFACE_STYLE_FILL_AREA(#5970);
#5714=SURFACE_STYLE_FILL_AREA(#5971);
#5715=SURFACE_STYLE_FILL_AREA(#5972);
#5716=SURFACE_STYLE_FILL_AREA(#5973);
#5717=SURFACE_STYLE_FILL_AREA(#5974);
#5718=SURFACE_STYLE_FILL_AREA(#5975);
#5719=SURFACE_STYLE_FILL_AREA(#5976);
#5720=SURFACE_STYLE_FILL_AREA(#5977);
#5721=SURFACE_STYLE_FILL_AREA(#5978);
#5722=SURFACE_STYLE_FILL_AREA(#5979);
#5723=SURFACE_STYLE_FILL_AREA(#5980);
#5724=SURFACE_STYLE_FILL_AREA(#5981);
#5725=SURFACE_STYLE_FILL_AREA(#5982);
#5726=SURFACE_STYLE_FILL_AREA(#5983);
#5727=SURFACE_STYLE_FILL_AREA(#5984);
#5728=SURFACE_STYLE_FILL_AREA(#5985);
#5729=SURFACE_STYLE_FILL_AREA(#5986);
#5730=SURFACE_STYLE_FILL_AREA(#5987);
#5731=SURFACE_STYLE_FILL_AREA(#5988);
#5732=SURFACE_STYLE_FILL_AREA(#5989);
#5733=SURFACE_STYLE_FILL_AREA(#5990);
#5734=SURFACE_STYLE_FILL_AREA(#5991);
#5735=SURFACE_STYLE_FILL_AREA(#5992);
#5736=SURFACE_STYLE_FILL_AREA(#5993);
#5737=SURFACE_STYLE_FILL_AREA(#5994);
#5738=SURFACE_STYLE_FILL_AREA(#5995);
#5739=SURFACE_STYLE_FILL_AREA(#5996);
#5740=SURFACE_STYLE_FILL_AREA(#5997);
#5741=SURFACE_STYLE_FILL_AREA(#5998);
#5742=SURFACE_STYLE_FILL_AREA(#5999);
#5743=SURFACE_STYLE_FILL_AREA(#6000);
#5744=SURFACE_STYLE_FILL_AREA(#6001);
#5745=SURFACE_STYLE_FILL_AREA(#6002);
#5746=SURFACE_STYLE_FILL_AREA(#6003);
#5747=SURFACE_STYLE_FILL_AREA(#6004);
#5748=SURFACE_STYLE_FILL_AREA(#6005);
#5749=SURFACE_STYLE_FILL_AREA(#6006);
#5750=SURFACE_STYLE_FILL_AREA(#6007);
#5751=SURFACE_STYLE_FILL_AREA(#6008);
#5752=SURFACE_STYLE_FILL_AREA(#6009);
#5753=SURFACE_STYLE_FILL_AREA(#6010);
#5754=SURFACE_STYLE_FILL_AREA(#6011);
#5755=SURFACE_STYLE_FILL_AREA(#6012);
#5756=SURFACE_STYLE_FILL_AREA(#6013);
#5757=SURFACE_STYLE_FILL_AREA(#6014);
#5758=SURFACE_STYLE_FILL_AREA(#6015);
#5759=SURFACE_STYLE_FILL_AREA(#6016);
#5760=SURFACE_STYLE_FILL_AREA(#6017);
#5761=SURFACE_STYLE_FILL_AREA(#6018);
#5762=SURFACE_STYLE_FILL_AREA(#6019);
#5763=SURFACE_STYLE_FILL_AREA(#6020);
#5764=SURFACE_STYLE_FILL_AREA(#6021);
#5765=SURFACE_STYLE_FILL_AREA(#6022);
#5766=SURFACE_STYLE_FILL_AREA(#6023);
#5767=SURFACE_STYLE_FILL_AREA(#6024);
#5768=SURFACE_STYLE_FILL_AREA(#6025);
#5769=SURFACE_STYLE_FILL_AREA(#6026);
#5770=SURFACE_STYLE_FILL_AREA(#6027);
#5771=SURFACE_STYLE_FILL_AREA(#6028);
#5772=SURFACE_STYLE_FILL_AREA(#6029);
#5773=SURFACE_STYLE_FILL_AREA(#6030);
#5774=SURFACE_STYLE_FILL_AREA(#6031);
#5775=SURFACE_STYLE_FILL_AREA(#6032);
#5776=SURFACE_STYLE_FILL_AREA(#6033);
#5777=SURFACE_STYLE_FILL_AREA(#6034);
#5778=SURFACE_STYLE_FILL_AREA(#6035);
#5779=SURFACE_STYLE_FILL_AREA(#6036);
#5780=SURFACE_STYLE_FILL_AREA(#6037);
#5781=SURFACE_STYLE_FILL_AREA(#6038);
#5782=SURFACE_STYLE_FILL_AREA(#6039);
#5783=SURFACE_STYLE_FILL_AREA(#6040);
#5784=SURFACE_STYLE_FILL_AREA(#6041);
#5785=SURFACE_STYLE_FILL_AREA(#6042);
#5786=SURFACE_STYLE_FILL_AREA(#6043);
#5787=SURFACE_STYLE_FILL_AREA(#6044);
#5788=SURFACE_STYLE_FILL_AREA(#6045);
#5789=FILL_AREA_STYLE('',(#6046));
#5790=FILL_AREA_STYLE('',(#6047));
#5791=FILL_AREA_STYLE('',(#6048));
#5792=FILL_AREA_STYLE('',(#6049));
#5793=FILL_AREA_STYLE('',(#6050));
#5794=FILL_AREA_STYLE('',(#6051));
#5795=FILL_AREA_STYLE('',(#6052));
#5796=FILL_AREA_STYLE('',(#6053));
#5797=FILL_AREA_STYLE('',(#6054));
#5798=FILL_AREA_STYLE('',(#6055));
#5799=FILL_AREA_STYLE('',(#6056));
#5800=FILL_AREA_STYLE('',(#6057));
#5801=FILL_AREA_STYLE('',(#6058));
#5802=FILL_AREA_STYLE('',(#6059));
#5803=FILL_AREA_STYLE('',(#6060));
#5804=FILL_AREA_STYLE('',(#6061));
#5805=FILL_AREA_STYLE('',(#6062));
#5806=FILL_AREA_STYLE('',(#6063));
#5807=FILL_AREA_STYLE('',(#6064));
#5808=FILL_AREA_STYLE('',(#6065));
#5809=FILL_AREA_STYLE('',(#6066));
#5810=FILL_AREA_STYLE('',(#6067));
#5811=FILL_AREA_STYLE('',(#6068));
#5812=FILL_AREA_STYLE('',(#6069));
#5813=FILL_AREA_STYLE('',(#6070));
#5814=FILL_AREA_STYLE('',(#6071));
#5815=FILL_AREA_STYLE('',(#6072));
#5816=FILL_AREA_STYLE('',(#6073));
#5817=FILL_AREA_STYLE('',(#6074));
#5818=FILL_AREA_STYLE('',(#6075));
#5819=FILL_AREA_STYLE('',(#6076));
#5820=FILL_AREA_STYLE('',(#6077));
#5821=FILL_AREA_STYLE('',(#6078));
#5822=FILL_AREA_STYLE('',(#6079));
#5823=FILL_AREA_STYLE('',(#6080));
#5824=FILL_AREA_STYLE('',(#6081));
#5825=FILL_AREA_STYLE('',(#6082));
#5826=FILL_AREA_STYLE('',(#6083));
#5827=FILL_AREA_STYLE('',(#6084));
#5828=FILL_AREA_STYLE('',(#6085));
#5829=FILL_AREA_STYLE('',(#6086));
#5830=FILL_AREA_STYLE('',(#6087));
#5831=FILL_AREA_STYLE('',(#6088));
#5832=FILL_AREA_STYLE('',(#6089));
#5833=FILL_AREA_STYLE('',(#6090));
#5834=FILL_AREA_STYLE('',(#6091));
#5835=FILL_AREA_STYLE('',(#6092));
#5836=FILL_AREA_STYLE('',(#6093));
#5837=FILL_AREA_STYLE('',(#6094));
#5838=FILL_AREA_STYLE('',(#6095));
#5839=FILL_AREA_STYLE('',(#6096));
#5840=FILL_AREA_STYLE('',(#6097));
#5841=FILL_AREA_STYLE('',(#6098));
#5842=FILL_AREA_STYLE('',(#6099));
#5843=FILL_AREA_STYLE('',(#6100));
#5844=FILL_AREA_STYLE('',(#6101));
#5845=FILL_AREA_STYLE('',(#6102));
#5846=FILL_AREA_STYLE('',(#6103));
#5847=FILL_AREA_STYLE('',(#6104));
#5848=FILL_AREA_STYLE('',(#6105));
#5849=FILL_AREA_STYLE('',(#6106));
#5850=FILL_AREA_STYLE('',(#6107));
#5851=FILL_AREA_STYLE('',(#6108));
#5852=FILL_AREA_STYLE('',(#6109));
#5853=FILL_AREA_STYLE('',(#6110));
#5854=FILL_AREA_STYLE('',(#6111));
#5855=FILL_AREA_STYLE('',(#6112));
#5856=FILL_AREA_STYLE('',(#6113));
#5857=FILL_AREA_STYLE('',(#6114));
#5858=FILL_AREA_STYLE('',(#6115));
#5859=FILL_AREA_STYLE('',(#6116));
#5860=FILL_AREA_STYLE('',(#6117));
#5861=FILL_AREA_STYLE('',(#6118));
#5862=FILL_AREA_STYLE('',(#6119));
#5863=FILL_AREA_STYLE('',(#6120));
#5864=FILL_AREA_STYLE('',(#6121));
#5865=FILL_AREA_STYLE('',(#6122));
#5866=FILL_AREA_STYLE('',(#6123));
#5867=FILL_AREA_STYLE('',(#6124));
#5868=FILL_AREA_STYLE('',(#6125));
#5869=FILL_AREA_STYLE('',(#6126));
#5870=FILL_AREA_STYLE('',(#6127));
#5871=FILL_AREA_STYLE('',(#6128));
#5872=FILL_AREA_STYLE('',(#6129));
#5873=FILL_AREA_STYLE('',(#6130));
#5874=FILL_AREA_STYLE('',(#6131));
#5875=FILL_AREA_STYLE('',(#6132));
#5876=FILL_AREA_STYLE('',(#6133));
#5877=FILL_AREA_STYLE('',(#6134));
#5878=FILL_AREA_STYLE('',(#6135));
#5879=FILL_AREA_STYLE('',(#6136));
#5880=FILL_AREA_STYLE('',(#6137));
#5881=FILL_AREA_STYLE('',(#6138));
#5882=FILL_AREA_STYLE('',(#6139));
#5883=FILL_AREA_STYLE('',(#6140));
#5884=FILL_AREA_STYLE('',(#6141));
#5885=FILL_AREA_STYLE('',(#6142));
#5886=FILL_AREA_STYLE('',(#6143));
#5887=FILL_AREA_STYLE('',(#6144));
#5888=FILL_AREA_STYLE('',(#6145));
#5889=FILL_AREA_STYLE('',(#6146));
#5890=FILL_AREA_STYLE('',(#6147));
#5891=FILL_AREA_STYLE('',(#6148));
#5892=FILL_AREA_STYLE('',(#6149));
#5893=FILL_AREA_STYLE('',(#6150));
#5894=FILL_AREA_STYLE('',(#6151));
#5895=FILL_AREA_STYLE('',(#6152));
#5896=FILL_AREA_STYLE('',(#6153));
#5897=FILL_AREA_STYLE('',(#6154));
#5898=FILL_AREA_STYLE('',(#6155));
#5899=FILL_AREA_STYLE('',(#6156));
#5900=FILL_AREA_STYLE('',(#6157));
#5901=FILL_AREA_STYLE('',(#6158));
#5902=FILL_AREA_STYLE('',(#6159));
#5903=FILL_AREA_STYLE('',(#6160));
#5904=FILL_AREA_STYLE('',(#6161));
#5905=FILL_AREA_STYLE('',(#6162));
#5906=FILL_AREA_STYLE('',(#6163));
#5907=FILL_AREA_STYLE('',(#6164));
#5908=FILL_AREA_STYLE('',(#6165));
#5909=FILL_AREA_STYLE('',(#6166));
#5910=FILL_AREA_STYLE('',(#6167));
#5911=FILL_AREA_STYLE('',(#6168));
#5912=FILL_AREA_STYLE('',(#6169));
#5913=FILL_AREA_STYLE('',(#6170));
#5914=FILL_AREA_STYLE('',(#6171));
#5915=FILL_AREA_STYLE('',(#6172));
#5916=FILL_AREA_STYLE('',(#6173));
#5917=FILL_AREA_STYLE('',(#6174));
#5918=FILL_AREA_STYLE('',(#6175));
#5919=FILL_AREA_STYLE('',(#6176));
#5920=FILL_AREA_STYLE('',(#6177));
#5921=FILL_AREA_STYLE('',(#6178));
#5922=FILL_AREA_STYLE('',(#6179));
#5923=FILL_AREA_STYLE('',(#6180));
#5924=FILL_AREA_STYLE('',(#6181));
#5925=FILL_AREA_STYLE('',(#6182));
#5926=FILL_AREA_STYLE('',(#6183));
#5927=FILL_AREA_STYLE('',(#6184));
#5928=FILL_AREA_STYLE('',(#6185));
#5929=FILL_AREA_STYLE('',(#6186));
#5930=FILL_AREA_STYLE('',(#6187));
#5931=FILL_AREA_STYLE('',(#6188));
#5932=FILL_AREA_STYLE('',(#6189));
#5933=FILL_AREA_STYLE('',(#6190));
#5934=FILL_AREA_STYLE('',(#6191));
#5935=FILL_AREA_STYLE('',(#6192));
#5936=FILL_AREA_STYLE('',(#6193));
#5937=FILL_AREA_STYLE('',(#6194));
#5938=FILL_AREA_STYLE('',(#6195));
#5939=FILL_AREA_STYLE('',(#6196));
#5940=FILL_AREA_STYLE('',(#6197));
#5941=FILL_AREA_STYLE('',(#6198));
#5942=FILL_AREA_STYLE('',(#6199));
#5943=FILL_AREA_STYLE('',(#6200));
#5944=FILL_AREA_STYLE('',(#6201));
#5945=FILL_AREA_STYLE('',(#6202));
#5946=FILL_AREA_STYLE('',(#6203));
#5947=FILL_AREA_STYLE('',(#6204));
#5948=FILL_AREA_STYLE('',(#6205));
#5949=FILL_AREA_STYLE('',(#6206));
#5950=FILL_AREA_STYLE('',(#6207));
#5951=FILL_AREA_STYLE('',(#6208));
#5952=FILL_AREA_STYLE('',(#6209));
#5953=FILL_AREA_STYLE('',(#6210));
#5954=FILL_AREA_STYLE('',(#6211));
#5955=FILL_AREA_STYLE('',(#6212));
#5956=FILL_AREA_STYLE('',(#6213));
#5957=FILL_AREA_STYLE('',(#6214));
#5958=FILL_AREA_STYLE('',(#6215));
#5959=FILL_AREA_STYLE('',(#6216));
#5960=FILL_AREA_STYLE('',(#6217));
#5961=FILL_AREA_STYLE('',(#6218));
#5962=FILL_AREA_STYLE('',(#6219));
#5963=FILL_AREA_STYLE('',(#6220));
#5964=FILL_AREA_STYLE('',(#6221));
#5965=FILL_AREA_STYLE('',(#6222));
#5966=FILL_AREA_STYLE('',(#6223));
#5967=FILL_AREA_STYLE('',(#6224));
#5968=FILL_AREA_STYLE('',(#6225));
#5969=FILL_AREA_STYLE('',(#6226));
#5970=FILL_AREA_STYLE('',(#6227));
#5971=FILL_AREA_STYLE('',(#6228));
#5972=FILL_AREA_STYLE('',(#6229));
#5973=FILL_AREA_STYLE('',(#6230));
#5974=FILL_AREA_STYLE('',(#6231));
#5975=FILL_AREA_STYLE('',(#6232));
#5976=FILL_AREA_STYLE('',(#6233));
#5977=FILL_AREA_STYLE('',(#6234));
#5978=FILL_AREA_STYLE('',(#6235));
#5979=FILL_AREA_STYLE('',(#6236));
#5980=FILL_AREA_STYLE('',(#6237));
#5981=FILL_AREA_STYLE('',(#6238));
#5982=FILL_AREA_STYLE('',(#6239));
#5983=FILL_AREA_STYLE('',(#6240));
#5984=FILL_AREA_STYLE('',(#6241));
#5985=FILL_AREA_STYLE('',(#6242));
#5986=FILL_AREA_STYLE('',(#6243));
#5987=FILL_AREA_STYLE('',(#6244));
#5988=FILL_AREA_STYLE('',(#6245));
#5989=FILL_AREA_STYLE('',(#6246));
#5990=FILL_AREA_STYLE('',(#6247));
#5991=FILL_AREA_STYLE('',(#6248));
#5992=FILL_AREA_STYLE('',(#6249));
#5993=FILL_AREA_STYLE('',(#6250));
#5994=FILL_AREA_STYLE('',(#6251));
#5995=FILL_AREA_STYLE('',(#6252));
#5996=FILL_AREA_STYLE('',(#6253));
#5997=FILL_AREA_STYLE('',(#6254));
#5998=FILL_AREA_STYLE('',(#6255));
#5999=FILL_AREA_STYLE('',(#6256));
#6000=FILL_AREA_STYLE('',(#6257));
#6001=FILL_AREA_STYLE('',(#6258));
#6002=FILL_AREA_STYLE('',(#6259));
#6003=FILL_AREA_STYLE('',(#6260));
#6004=FILL_AREA_STYLE('',(#6261));
#6005=FILL_AREA_STYLE('',(#6262));
#6006=FILL_AREA_STYLE('',(#6263));
#6007=FILL_AREA_STYLE('',(#6264));
#6008=FILL_AREA_STYLE('',(#6265));
#6009=FILL_AREA_STYLE('',(#6266));
#6010=FILL_AREA_STYLE('',(#6267));
#6011=FILL_AREA_STYLE('',(#6268));
#6012=FILL_AREA_STYLE('',(#6269));
#6013=FILL_AREA_STYLE('',(#6270));
#6014=FILL_AREA_STYLE('',(#6271));
#6015=FILL_AREA_STYLE('',(#6272));
#6016=FILL_AREA_STYLE('',(#6273));
#6017=FILL_AREA_STYLE('',(#6274));
#6018=FILL_AREA_STYLE('',(#6275));
#6019=FILL_AREA_STYLE('',(#6276));
#6020=FILL_AREA_STYLE('',(#6277));
#6021=FILL_AREA_STYLE('',(#6278));
#6022=FILL_AREA_STYLE('',(#6279));
#6023=FILL_AREA_STYLE('',(#6280));
#6024=FILL_AREA_STYLE('',(#6281));
#6025=FILL_AREA_STYLE('',(#6282));
#6026=FILL_AREA_STYLE('',(#6283));
#6027=FILL_AREA_STYLE('',(#6284));
#6028=FILL_AREA_STYLE('',(#6285));
#6029=FILL_AREA_STYLE('',(#6286));
#6030=FILL_AREA_STYLE('',(#6287));
#6031=FILL_AREA_STYLE('',(#6288));
#6032=FILL_AREA_STYLE('',(#6289));
#6033=FILL_AREA_STYLE('',(#6290));
#6034=FILL_AREA_STYLE('',(#6291));
#6035=FILL_AREA_STYLE('',(#6292));
#6036=FILL_AREA_STYLE('',(#6293));
#6037=FILL_AREA_STYLE('',(#6294));
#6038=FILL_AREA_STYLE('',(#6295));
#6039=FILL_AREA_STYLE('',(#6296));
#6040=FILL_AREA_STYLE('',(#6297));
#6041=FILL_AREA_STYLE('',(#6298));
#6042=FILL_AREA_STYLE('',(#6299));
#6043=FILL_AREA_STYLE('',(#6300));
#6044=FILL_AREA_STYLE('',(#6301));
#6045=FILL_AREA_STYLE('',(#6302));
#6046=FILL_AREA_STYLE_COLOUR('',#6303);
#6047=FILL_AREA_STYLE_COLOUR('',#6303);
#6048=FILL_AREA_STYLE_COLOUR('',#6303);
#6049=FILL_AREA_STYLE_COLOUR('',#6303);
#6050=FILL_AREA_STYLE_COLOUR('',#6303);
#6051=FILL_AREA_STYLE_COLOUR('',#6303);
#6052=FILL_AREA_STYLE_COLOUR('',#6303);
#6053=FILL_AREA_STYLE_COLOUR('',#6303);
#6054=FILL_AREA_STYLE_COLOUR('',#6303);
#6055=FILL_AREA_STYLE_COLOUR('',#6303);
#6056=FILL_AREA_STYLE_COLOUR('',#6303);
#6057=FILL_AREA_STYLE_COLOUR('',#6304);
#6058=FILL_AREA_STYLE_COLOUR('',#6304);
#6059=FILL_AREA_STYLE_COLOUR('',#6303);
#6060=FILL_AREA_STYLE_COLOUR('',#6303);
#6061=FILL_AREA_STYLE_COLOUR('',#6303);
#6062=FILL_AREA_STYLE_COLOUR('',#6303);
#6063=FILL_AREA_STYLE_COLOUR('',#6303);
#6064=FILL_AREA_STYLE_COLOUR('',#6303);
#6065=FILL_AREA_STYLE_COLOUR('',#6303);
#6066=FILL_AREA_STYLE_COLOUR('',#6303);
#6067=FILL_AREA_STYLE_COLOUR('',#6303);
#6068=FILL_AREA_STYLE_COLOUR('',#6303);
#6069=FILL_AREA_STYLE_COLOUR('',#6303);
#6070=FILL_AREA_STYLE_COLOUR('',#6303);
#6071=FILL_AREA_STYLE_COLOUR('',#6303);
#6072=FILL_AREA_STYLE_COLOUR('',#6303);
#6073=FILL_AREA_STYLE_COLOUR('',#6303);
#6074=FILL_AREA_STYLE_COLOUR('',#6303);
#6075=FILL_AREA_STYLE_COLOUR('',#6303);
#6076=FILL_AREA_STYLE_COLOUR('',#6303);
#6077=FILL_AREA_STYLE_COLOUR('',#6303);
#6078=FILL_AREA_STYLE_COLOUR('',#6303);
#6079=FILL_AREA_STYLE_COLOUR('',#6303);
#6080=FILL_AREA_STYLE_COLOUR('',#6303);
#6081=FILL_AREA_STYLE_COLOUR('',#6303);
#6082=FILL_AREA_STYLE_COLOUR('',#6303);
#6083=FILL_AREA_STYLE_COLOUR('',#6303);
#6084=FILL_AREA_STYLE_COLOUR('',#6303);
#6085=FILL_AREA_STYLE_COLOUR('',#6303);
#6086=FILL_AREA_STYLE_COLOUR('',#6303);
#6087=FILL_AREA_STYLE_COLOUR('',#6303);
#6088=FILL_AREA_STYLE_COLOUR('',#6304);
#6089=FILL_AREA_STYLE_COLOUR('',#6304);
#6090=FILL_AREA_STYLE_COLOUR('',#6304);
#6091=FILL_AREA_STYLE_COLOUR('',#6304);
#6092=FILL_AREA_STYLE_COLOUR('',#6304);
#6093=FILL_AREA_STYLE_COLOUR('',#6303);
#6094=FILL_AREA_STYLE_COLOUR('',#6303);
#6095=FILL_AREA_STYLE_COLOUR('',#6303);
#6096=FILL_AREA_STYLE_COLOUR('',#6303);
#6097=FILL_AREA_STYLE_COLOUR('',#6303);
#6098=FILL_AREA_STYLE_COLOUR('',#6303);
#6099=FILL_AREA_STYLE_COLOUR('',#6303);
#6100=FILL_AREA_STYLE_COLOUR('',#6303);
#6101=FILL_AREA_STYLE_COLOUR('',#6303);
#6102=FILL_AREA_STYLE_COLOUR('',#6303);
#6103=FILL_AREA_STYLE_COLOUR('',#6303);
#6104=FILL_AREA_STYLE_COLOUR('',#6303);
#6105=FILL_AREA_STYLE_COLOUR('',#6303);
#6106=FILL_AREA_STYLE_COLOUR('',#6303);
#6107=FILL_AREA_STYLE_COLOUR('',#6303);
#6108=FILL_AREA_STYLE_COLOUR('',#6303);
#6109=FILL_AREA_STYLE_COLOUR('',#6303);
#6110=FILL_AREA_STYLE_COLOUR('',#6303);
#6111=FILL_AREA_STYLE_COLOUR('',#6303);
#6112=FILL_AREA_STYLE_COLOUR('',#6303);
#6113=FILL_AREA_STYLE_COLOUR('',#6303);
#6114=FILL_AREA_STYLE_COLOUR('',#6303);
#6115=FILL_AREA_STYLE_COLOUR('',#6304);
#6116=FILL_AREA_STYLE_COLOUR('',#6303);
#6117=FILL_AREA_STYLE_COLOUR('',#6303);
#6118=FILL_AREA_STYLE_COLOUR('',#6303);
#6119=FILL_AREA_STYLE_COLOUR('',#6303);
#6120=FILL_AREA_STYLE_COLOUR('',#6303);
#6121=FILL_AREA_STYLE_COLOUR('',#6303);
#6122=FILL_AREA_STYLE_COLOUR('',#6303);
#6123=FILL_AREA_STYLE_COLOUR('',#6303);
#6124=FILL_AREA_STYLE_COLOUR('',#6303);
#6125=FILL_AREA_STYLE_COLOUR('',#6303);
#6126=FILL_AREA_STYLE_COLOUR('',#6303);
#6127=FILL_AREA_STYLE_COLOUR('',#6303);
#6128=FILL_AREA_STYLE_COLOUR('',#6303);
#6129=FILL_AREA_STYLE_COLOUR('',#6304);
#6130=FILL_AREA_STYLE_COLOUR('',#6304);
#6131=FILL_AREA_STYLE_COLOUR('',#6304);
#6132=FILL_AREA_STYLE_COLOUR('',#6304);
#6133=FILL_AREA_STYLE_COLOUR('',#6303);
#6134=FILL_AREA_STYLE_COLOUR('',#6303);
#6135=FILL_AREA_STYLE_COLOUR('',#6303);
#6136=FILL_AREA_STYLE_COLOUR('',#6303);
#6137=FILL_AREA_STYLE_COLOUR('',#6303);
#6138=FILL_AREA_STYLE_COLOUR('',#6303);
#6139=FILL_AREA_STYLE_COLOUR('',#6303);
#6140=FILL_AREA_STYLE_COLOUR('',#6303);
#6141=FILL_AREA_STYLE_COLOUR('',#6303);
#6142=FILL_AREA_STYLE_COLOUR('',#6303);
#6143=FILL_AREA_STYLE_COLOUR('',#6303);
#6144=FILL_AREA_STYLE_COLOUR('',#6303);
#6145=FILL_AREA_STYLE_COLOUR('',#6303);
#6146=FILL_AREA_STYLE_COLOUR('',#6303);
#6147=FILL_AREA_STYLE_COLOUR('',#6303);
#6148=FILL_AREA_STYLE_COLOUR('',#6304);
#6149=FILL_AREA_STYLE_COLOUR('',#6303);
#6150=FILL_AREA_STYLE_COLOUR('',#6303);
#6151=FILL_AREA_STYLE_COLOUR('',#6303);
#6152=FILL_AREA_STYLE_COLOUR('',#6303);
#6153=FILL_AREA_STYLE_COLOUR('',#6303);
#6154=FILL_AREA_STYLE_COLOUR('',#6303);
#6155=FILL_AREA_STYLE_COLOUR('',#6303);
#6156=FILL_AREA_STYLE_COLOUR('',#6303);
#6157=FILL_AREA_STYLE_COLOUR('',#6303);
#6158=FILL_AREA_STYLE_COLOUR('',#6303);
#6159=FILL_AREA_STYLE_COLOUR('',#6303);
#6160=FILL_AREA_STYLE_COLOUR('',#6303);
#6161=FILL_AREA_STYLE_COLOUR('',#6303);
#6162=FILL_AREA_STYLE_COLOUR('',#6303);
#6163=FILL_AREA_STYLE_COLOUR('',#6303);
#6164=FILL_AREA_STYLE_COLOUR('',#6303);
#6165=FILL_AREA_STYLE_COLOUR('',#6303);
#6166=FILL_AREA_STYLE_COLOUR('',#6303);
#6167=FILL_AREA_STYLE_COLOUR('',#6303);
#6168=FILL_AREA_STYLE_COLOUR('',#6303);
#6169=FILL_AREA_STYLE_COLOUR('',#6303);
#6170=FILL_AREA_STYLE_COLOUR('',#6303);
#6171=FILL_AREA_STYLE_COLOUR('',#6303);
#6172=FILL_AREA_STYLE_COLOUR('',#6303);
#6173=FILL_AREA_STYLE_COLOUR('',#6304);
#6174=FILL_AREA_STYLE_COLOUR('',#6304);
#6175=FILL_AREA_STYLE_COLOUR('',#6303);
#6176=FILL_AREA_STYLE_COLOUR('',#6303);
#6177=FILL_AREA_STYLE_COLOUR('',#6303);
#6178=FILL_AREA_STYLE_COLOUR('',#6303);
#6179=FILL_AREA_STYLE_COLOUR('',#6303);
#6180=FILL_AREA_STYLE_COLOUR('',#6303);
#6181=FILL_AREA_STYLE_COLOUR('',#6303);
#6182=FILL_AREA_STYLE_COLOUR('',#6303);
#6183=FILL_AREA_STYLE_COLOUR('',#6303);
#6184=FILL_AREA_STYLE_COLOUR('',#6303);
#6185=FILL_AREA_STYLE_COLOUR('',#6303);
#6186=FILL_AREA_STYLE_COLOUR('',#6303);
#6187=FILL_AREA_STYLE_COLOUR('',#6303);
#6188=FILL_AREA_STYLE_COLOUR('',#6303);
#6189=FILL_AREA_STYLE_COLOUR('',#6303);
#6190=FILL_AREA_STYLE_COLOUR('',#6303);
#6191=FILL_AREA_STYLE_COLOUR('',#6303);
#6192=FILL_AREA_STYLE_COLOUR('',#6303);
#6193=FILL_AREA_STYLE_COLOUR('',#6303);
#6194=FILL_AREA_STYLE_COLOUR('',#6303);
#6195=FILL_AREA_STYLE_COLOUR('',#6303);
#6196=FILL_AREA_STYLE_COLOUR('',#6304);
#6197=FILL_AREA_STYLE_COLOUR('',#6304);
#6198=FILL_AREA_STYLE_COLOUR('',#6304);
#6199=FILL_AREA_STYLE_COLOUR('',#6304);
#6200=FILL_AREA_STYLE_COLOUR('',#6304);
#6201=FILL_AREA_STYLE_COLOUR('',#6303);
#6202=FILL_AREA_STYLE_COLOUR('',#6303);
#6203=FILL_AREA_STYLE_COLOUR('',#6303);
#6204=FILL_AREA_STYLE_COLOUR('',#6303);
#6205=FILL_AREA_STYLE_COLOUR('',#6304);
#6206=FILL_AREA_STYLE_COLOUR('',#6303);
#6207=FILL_AREA_STYLE_COLOUR('',#6303);
#6208=FILL_AREA_STYLE_COLOUR('',#6303);
#6209=FILL_AREA_STYLE_COLOUR('',#6303);
#6210=FILL_AREA_STYLE_COLOUR('',#6303);
#6211=FILL_AREA_STYLE_COLOUR('',#6303);
#6212=FILL_AREA_STYLE_COLOUR('',#6303);
#6213=FILL_AREA_STYLE_COLOUR('',#6303);
#6214=FILL_AREA_STYLE_COLOUR('',#6303);
#6215=FILL_AREA_STYLE_COLOUR('',#6303);
#6216=FILL_AREA_STYLE_COLOUR('',#6303);
#6217=FILL_AREA_STYLE_COLOUR('',#6303);
#6218=FILL_AREA_STYLE_COLOUR('',#6303);
#6219=FILL_AREA_STYLE_COLOUR('',#6303);
#6220=FILL_AREA_STYLE_COLOUR('',#6303);
#6221=FILL_AREA_STYLE_COLOUR('',#6303);
#6222=FILL_AREA_STYLE_COLOUR('',#6304);
#6223=FILL_AREA_STYLE_COLOUR('',#6304);
#6224=FILL_AREA_STYLE_COLOUR('',#6304);
#6225=FILL_AREA_STYLE_COLOUR('',#6304);
#6226=FILL_AREA_STYLE_COLOUR('',#6304);
#6227=FILL_AREA_STYLE_COLOUR('',#6303);
#6228=FILL_AREA_STYLE_COLOUR('',#6303);
#6229=FILL_AREA_STYLE_COLOUR('',#6303);
#6230=FILL_AREA_STYLE_COLOUR('',#6303);
#6231=FILL_AREA_STYLE_COLOUR('',#6303);
#6232=FILL_AREA_STYLE_COLOUR('',#6303);
#6233=FILL_AREA_STYLE_COLOUR('',#6303);
#6234=FILL_AREA_STYLE_COLOUR('',#6303);
#6235=FILL_AREA_STYLE_COLOUR('',#6303);
#6236=FILL_AREA_STYLE_COLOUR('',#6303);
#6237=FILL_AREA_STYLE_COLOUR('',#6303);
#6238=FILL_AREA_STYLE_COLOUR('',#6303);
#6239=FILL_AREA_STYLE_COLOUR('',#6303);
#6240=FILL_AREA_STYLE_COLOUR('',#6303);
#6241=FILL_AREA_STYLE_COLOUR('',#6303);
#6242=FILL_AREA_STYLE_COLOUR('',#6303);
#6243=FILL_AREA_STYLE_COLOUR('',#6303);
#6244=FILL_AREA_STYLE_COLOUR('',#6303);
#6245=FILL_AREA_STYLE_COLOUR('',#6303);
#6246=FILL_AREA_STYLE_COLOUR('',#6303);
#6247=FILL_AREA_STYLE_COLOUR('',#6303);
#6248=FILL_AREA_STYLE_COLOUR('',#6303);
#6249=FILL_AREA_STYLE_COLOUR('',#6303);
#6250=FILL_AREA_STYLE_COLOUR('',#6303);
#6251=FILL_AREA_STYLE_COLOUR('',#6303);
#6252=FILL_AREA_STYLE_COLOUR('',#6303);
#6253=FILL_AREA_STYLE_COLOUR('',#6303);
#6254=FILL_AREA_STYLE_COLOUR('',#6303);
#6255=FILL_AREA_STYLE_COLOUR('',#6303);
#6256=FILL_AREA_STYLE_COLOUR('',#6303);
#6257=FILL_AREA_STYLE_COLOUR('',#6303);
#6258=FILL_AREA_STYLE_COLOUR('',#6303);
#6259=FILL_AREA_STYLE_COLOUR('',#6303);
#6260=FILL_AREA_STYLE_COLOUR('',#6303);
#6261=FILL_AREA_STYLE_COLOUR('',#6303);
#6262=FILL_AREA_STYLE_COLOUR('',#6303);
#6263=FILL_AREA_STYLE_COLOUR('',#6303);
#6264=FILL_AREA_STYLE_COLOUR('',#6303);
#6265=FILL_AREA_STYLE_COLOUR('',#6303);
#6266=FILL_AREA_STYLE_COLOUR('',#6303);
#6267=FILL_AREA_STYLE_COLOUR('',#6303);
#6268=FILL_AREA_STYLE_COLOUR('',#6303);
#6269=FILL_AREA_STYLE_COLOUR('',#6303);
#6270=FILL_AREA_STYLE_COLOUR('',#6303);
#6271=FILL_AREA_STYLE_COLOUR('',#6303);
#6272=FILL_AREA_STYLE_COLOUR('',#6303);
#6273=FILL_AREA_STYLE_COLOUR('',#6303);
#6274=FILL_AREA_STYLE_COLOUR('',#6303);
#6275=FILL_AREA_STYLE_COLOUR('',#6303);
#6276=FILL_AREA_STYLE_COLOUR('',#6303);
#6277=FILL_AREA_STYLE_COLOUR('',#6303);
#6278=FILL_AREA_STYLE_COLOUR('',#6303);
#6279=FILL_AREA_STYLE_COLOUR('',#6303);
#6280=FILL_AREA_STYLE_COLOUR('',#6303);
#6281=FILL_AREA_STYLE_COLOUR('',#6303);
#6282=FILL_AREA_STYLE_COLOUR('',#6303);
#6283=FILL_AREA_STYLE_COLOUR('',#6303);
#6284=FILL_AREA_STYLE_COLOUR('',#6303);
#6285=FILL_AREA_STYLE_COLOUR('',#6303);
#6286=FILL_AREA_STYLE_COLOUR('',#6303);
#6287=FILL_AREA_STYLE_COLOUR('',#6303);
#6288=FILL_AREA_STYLE_COLOUR('',#6303);
#6289=FILL_AREA_STYLE_COLOUR('',#6303);
#6290=FILL_AREA_STYLE_COLOUR('',#6303);
#6291=FILL_AREA_STYLE_COLOUR('',#6303);
#6292=FILL_AREA_STYLE_COLOUR('',#6303);
#6293=FILL_AREA_STYLE_COLOUR('',#6303);
#6294=FILL_AREA_STYLE_COLOUR('',#6303);
#6295=FILL_AREA_STYLE_COLOUR('',#6303);
#6296=FILL_AREA_STYLE_COLOUR('',#6303);
#6297=FILL_AREA_STYLE_COLOUR('',#6303);
#6298=FILL_AREA_STYLE_COLOUR('',#6303);
#6299=FILL_AREA_STYLE_COLOUR('',#6303);
#6300=FILL_AREA_STYLE_COLOUR('',#6305);
#6301=FILL_AREA_STYLE_COLOUR('',#6305);
#6302=FILL_AREA_STYLE_COLOUR('',#6306);
#6303=COLOUR_RGB('',0.941176470588235,0.694117647058824,0.117647058823529);
#6304=COLOUR_RGB('',0.768627450980392,0.207843137254902,0.152941176470588);
#6305=COLOUR_RGB('',0.803921568627451,0.796078431372549,0.796078431372549);
#6306=COLOUR_RGB('',0.0980392156862745,0.0980392156862745,0.0980392156862745);
#6307=ADVANCED_FACE('',(#4106),#4432,.F.);
#6308=ADVANCED_FACE('',(#4107),#663,.F.);
#6309=ADVANCED_FACE('',(#4108),#664,.F.);
#6310=ADVANCED_FACE('',(#4109),#4433,.F.);
#6311=ADVANCED_FACE('',(#4110),#665,.F.);
#6312=ADVANCED_FACE('',(#4111),#666,.F.);
#6313=ADVANCED_FACE('',(#4112),#667,.F.);
#6314=ADVANCED_FACE('',(#4113),#4434,.F.);
#6315=ADVANCED_FACE('',(#4114),#4435,.F.);
#6316=ADVANCED_FACE('',(#4115),#4436,.F.);
#6317=ADVANCED_FACE('',(#4116),#4437,.F.);
#6318=ADVANCED_FACE('',(#4117),#104,.F.);
#6319=ADVANCED_FACE('',(#4118),#105,.T.);
#6320=ADVANCED_FACE('',(#4119),#668,.F.);
#6321=ADVANCED_FACE('',(#4120),#669,.F.);
#6322=ADVANCED_FACE('',(#4121),#670,.F.);
#6323=ADVANCED_FACE('',(#4122),#671,.F.);
#6324=ADVANCED_FACE('',(#4123),#672,.F.);
#6325=ADVANCED_FACE('',(#4124),#673,.F.);
#6326=ADVANCED_FACE('',(#4125),#674,.F.);
#6327=ADVANCED_FACE('',(#4126),#675,.F.);
#6328=ADVANCED_FACE('',(#4127),#676,.F.);
#6329=ADVANCED_FACE('',(#4128),#677,.F.);
#6330=ADVANCED_FACE('',(#4129),#678,.F.);
#6331=ADVANCED_FACE('',(#4130),#4438,.F.);
#6332=ADVANCED_FACE('',(#4131),#4439,.F.);
#6333=ADVANCED_FACE('',(#4132),#4440,.F.);
#6334=ADVANCED_FACE('',(#4133),#4441,.F.);
#6335=ADVANCED_FACE('',(#4134),#4442,.F.);
#6336=ADVANCED_FACE('',(#4135),#679,.F.);
#6337=ADVANCED_FACE('',(#4136),#680,.F.);
#6338=ADVANCED_FACE('',(#4137),#681,.F.);
#6339=ADVANCED_FACE('',(#4138),#682,.F.);
#6340=ADVANCED_FACE('',(#4139),#683,.F.);
#6341=ADVANCED_FACE('',(#4140),#684,.F.);
#6342=ADVANCED_FACE('',(#4141),#685,.F.);
#6343=ADVANCED_FACE('',(#4142),#686,.F.);
#6344=ADVANCED_FACE('',(#4143),#687,.F.);
#6345=ADVANCED_FACE('',(#4144),#688,.F.);
#6346=ADVANCED_FACE('',(#4145),#689,.F.);
#6347=ADVANCED_FACE('',(#4146),#690,.F.);
#6348=ADVANCED_FACE('',(#4147),#4443,.F.);
#6349=ADVANCED_FACE('',(#4148),#106,.T.);
#6350=ADVANCED_FACE('',(#4149),#107,.F.);
#6351=ADVANCED_FACE('',(#4150),#108,.F.);
#6352=ADVANCED_FACE('',(#4151),#109,.F.);
#6353=ADVANCED_FACE('',(#4152),#110,.T.);
#6354=ADVANCED_FACE('',(#4153),#111,.F.);
#6355=ADVANCED_FACE('',(#4154),#112,.F.);
#6356=ADVANCED_FACE('',(#4155,#4156),#113,.T.);
#6357=ADVANCED_FACE('',(#4157),#114,.T.);
#6358=ADVANCED_FACE('',(#4158),#115,.T.);
#6359=ADVANCED_FACE('',(#4159),#691,.F.);
#6360=ADVANCED_FACE('',(#4160),#692,.F.);
#6361=ADVANCED_FACE('',(#4161),#693,.F.);
#6362=ADVANCED_FACE('',(#4162),#694,.F.);
#6363=ADVANCED_FACE('',(#4163),#695,.F.);
#6364=ADVANCED_FACE('',(#4164),#696,.F.);
#6365=ADVANCED_FACE('',(#4165),#697,.F.);
#6366=ADVANCED_FACE('',(#4166),#698,.F.);
#6367=ADVANCED_FACE('',(#4167),#699,.F.);
#6368=ADVANCED_FACE('',(#4168),#700,.F.);
#6369=ADVANCED_FACE('',(#4169),#4444,.F.);
#6370=ADVANCED_FACE('',(#4170),#4445,.F.);
#6371=ADVANCED_FACE('',(#4171),#701,.F.);
#6372=ADVANCED_FACE('',(#4172),#702,.F.);
#6373=ADVANCED_FACE('',(#4173),#703,.F.);
#6374=ADVANCED_FACE('',(#4174),#4446,.F.);
#6375=ADVANCED_FACE('',(#4175),#704,.F.);
#6376=ADVANCED_FACE('',(#4176,#4177),#4447,.T.);
#6377=ADVANCED_FACE('',(#4178),#705,.F.);
#6378=ADVANCED_FACE('',(#4179),#706,.F.);
#6379=ADVANCED_FACE('',(#4180),#707,.F.);
#6380=ADVANCED_FACE('',(#4181),#708,.F.);
#6381=ADVANCED_FACE('',(#4182),#709,.F.);
#6382=ADVANCED_FACE('',(#4183),#710,.F.);
#6383=ADVANCED_FACE('',(#4184),#711,.F.);
#6384=ADVANCED_FACE('',(#4185),#712,.F.);
#6385=ADVANCED_FACE('',(#4186),#713,.F.);
#6386=ADVANCED_FACE('',(#4187),#714,.F.);
#6387=ADVANCED_FACE('',(#4188),#715,.F.);
#6388=ADVANCED_FACE('',(#4189),#716,.F.);
#6389=ADVANCED_FACE('',(#4190),#717,.F.);
#6390=ADVANCED_FACE('',(#4191),#116,.T.);
#6391=ADVANCED_FACE('',(#4192),#117,.F.);
#6392=ADVANCED_FACE('',(#4193),#118,.F.);
#6393=ADVANCED_FACE('',(#4194),#4448,.T.);
#6394=ADVANCED_FACE('',(#4195),#718,.F.);
#6395=ADVANCED_FACE('',(#4196),#719,.F.);
#6396=ADVANCED_FACE('',(#4197),#720,.F.);
#6397=ADVANCED_FACE('',(#4198),#721,.F.);
#6398=ADVANCED_FACE('',(#4199),#722,.F.);
#6399=ADVANCED_FACE('',(#4200),#723,.F.);
#6400=ADVANCED_FACE('',(#4201),#724,.F.);
#6401=ADVANCED_FACE('',(#4202),#725,.F.);
#6402=ADVANCED_FACE('',(#4203),#726,.F.);
#6403=ADVANCED_FACE('',(#4204),#727,.F.);
#6404=ADVANCED_FACE('',(#4205),#728,.F.);
#6405=ADVANCED_FACE('',(#4206),#729,.F.);
#6406=ADVANCED_FACE('',(#4207),#730,.F.);
#6407=ADVANCED_FACE('',(#4208),#731,.F.);
#6408=ADVANCED_FACE('',(#4209),#732,.F.);
#6409=ADVANCED_FACE('',(#4210,#4211),#4449,.T.);
#6410=ADVANCED_FACE('',(#4212),#733,.F.);
#6411=ADVANCED_FACE('',(#4213),#734,.F.);
#6412=ADVANCED_FACE('',(#4214),#735,.F.);
#6413=ADVANCED_FACE('',(#4215),#736,.F.);
#6414=ADVANCED_FACE('',(#4216),#737,.F.);
#6415=ADVANCED_FACE('',(#4217),#4450,.F.);
#6416=ADVANCED_FACE('',(#4218),#4451,.F.);
#6417=ADVANCED_FACE('',(#4219),#4452,.F.);
#6418=ADVANCED_FACE('',(#4220),#738,.F.);
#6419=ADVANCED_FACE('',(#4221),#739,.F.);
#6420=ADVANCED_FACE('',(#4222),#740,.F.);
#6421=ADVANCED_FACE('',(#4223),#741,.F.);
#6422=ADVANCED_FACE('',(#4224),#4453,.F.);
#6423=ADVANCED_FACE('',(#4225),#742,.F.);
#6424=ADVANCED_FACE('',(#4226),#4454,.F.);
#6425=ADVANCED_FACE('',(#4227),#4455,.F.);
#6426=ADVANCED_FACE('',(#4228),#4456,.F.);
#6427=ADVANCED_FACE('',(#4229),#743,.F.);
#6428=ADVANCED_FACE('',(#4230),#4457,.F.);
#6429=ADVANCED_FACE('',(#4231),#744,.F.);
#6430=ADVANCED_FACE('',(#4232),#745,.F.);
#6431=ADVANCED_FACE('',(#4233),#4458,.F.);
#6432=ADVANCED_FACE('',(#4234),#4459,.F.);
#6433=ADVANCED_FACE('',(#4235),#4460,.F.);
#6434=ADVANCED_FACE('',(#4236),#4461,.T.);
#6435=ADVANCED_FACE('',(#4237),#119,.F.);
#6436=ADVANCED_FACE('',(#4238),#4462,.F.);
#6437=ADVANCED_FACE('',(#4239),#746,.F.);
#6438=ADVANCED_FACE('',(#4240),#747,.F.);
#6439=ADVANCED_FACE('',(#4241),#748,.F.);
#6440=ADVANCED_FACE('',(#4242),#749,.F.);
#6441=ADVANCED_FACE('',(#4243),#750,.F.);
#6442=ADVANCED_FACE('',(#4244),#751,.F.);
#6443=ADVANCED_FACE('',(#4245),#752,.F.);
#6444=ADVANCED_FACE('',(#4246),#753,.F.);
#6445=ADVANCED_FACE('',(#4247),#4463,.F.);
#6446=ADVANCED_FACE('',(#4248),#4464,.F.);
#6447=ADVANCED_FACE('',(#4249),#754,.F.);
#6448=ADVANCED_FACE('',(#4250),#755,.F.);
#6449=ADVANCED_FACE('',(#4251),#756,.F.);
#6450=ADVANCED_FACE('',(#4252),#757,.F.);
#6451=ADVANCED_FACE('',(#4253),#758,.F.);
#6452=ADVANCED_FACE('',(#4254),#759,.F.);
#6453=ADVANCED_FACE('',(#4255),#760,.F.);
#6454=ADVANCED_FACE('',(#4256),#761,.F.);
#6455=ADVANCED_FACE('',(#4257),#762,.F.);
#6456=ADVANCED_FACE('',(#4258),#4465,.F.);
#6457=ADVANCED_FACE('',(#4259),#120,.T.);
#6458=ADVANCED_FACE('',(#4260),#4466,.T.);
#6459=ADVANCED_FACE('',(#4261),#121,.F.);
#6460=ADVANCED_FACE('',(#4262),#122,.F.);
#6461=ADVANCED_FACE('',(#4263),#4467,.T.);
#6462=ADVANCED_FACE('',(#4264),#4468,.F.);
#6463=ADVANCED_FACE('',(#4265),#4469,.F.);
#6464=ADVANCED_FACE('',(#4266),#4470,.F.);
#6465=ADVANCED_FACE('',(#4267),#4471,.F.);
#6466=ADVANCED_FACE('',(#4268),#4472,.T.);
#6467=ADVANCED_FACE('',(#4269),#763,.F.);
#6468=ADVANCED_FACE('',(#4270),#764,.F.);
#6469=ADVANCED_FACE('',(#4271),#765,.F.);
#6470=ADVANCED_FACE('',(#4272),#766,.F.);
#6471=ADVANCED_FACE('',(#4273),#767,.F.);
#6472=ADVANCED_FACE('',(#4274),#768,.F.);
#6473=ADVANCED_FACE('',(#4275),#769,.F.);
#6474=ADVANCED_FACE('',(#4276),#770,.F.);
#6475=ADVANCED_FACE('',(#4277),#771,.F.);
#6476=ADVANCED_FACE('',(#4278),#4473,.F.);
#6477=ADVANCED_FACE('',(#4279),#772,.F.);
#6478=ADVANCED_FACE('',(#4280),#773,.F.);
#6479=ADVANCED_FACE('',(#4281),#4474,.F.);
#6480=ADVANCED_FACE('',(#4282),#4475,.F.);
#6481=ADVANCED_FACE('',(#4283),#4476,.F.);
#6482=ADVANCED_FACE('',(#4284),#4477,.F.);
#6483=ADVANCED_FACE('',(#4285),#4478,.T.);
#6484=ADVANCED_FACE('',(#4286),#4479,.T.);
#6485=ADVANCED_FACE('',(#4287),#774,.T.);
#6486=ADVANCED_FACE('',(#4288),#123,.T.);
#6487=ADVANCED_FACE('',(#4289),#124,.F.);
#6488=ADVANCED_FACE('',(#4290),#125,.F.);
#6489=ADVANCED_FACE('',(#4291),#126,.F.);
#6490=ADVANCED_FACE('',(#4292),#127,.F.);
#6491=ADVANCED_FACE('',(#4293),#775,.T.);
#6492=ADVANCED_FACE('',(#4294),#128,.F.);
#6493=ADVANCED_FACE('',(#4295),#129,.F.);
#6494=ADVANCED_FACE('',(#4296),#130,.F.);
#6495=ADVANCED_FACE('',(#4297),#131,.F.);
#6496=ADVANCED_FACE('',(#4298),#132,.F.);
#6497=ADVANCED_FACE('',(#4299,#4300,#4301,#4302),#4480,.T.);
#6498=ADVANCED_FACE('',(#4303),#4481,.T.);
#6499=ADVANCED_FACE('',(#4304),#4482,.T.);
#6500=ADVANCED_FACE('',(#4305),#4483,.T.);
#6501=ADVANCED_FACE('',(#4306),#4484,.T.);
#6502=ADVANCED_FACE('',(#4307),#4485,.T.);
#6503=ADVANCED_FACE('',(#4308),#4486,.T.);
#6504=ADVANCED_FACE('',(#4309),#133,.T.);
#6505=ADVANCED_FACE('',(#4310),#776,.F.);
#6506=ADVANCED_FACE('',(#4311),#134,.T.);
#6507=ADVANCED_FACE('',(#4312),#4487,.F.);
#6508=ADVANCED_FACE('',(#4313),#56,.T.);
#6509=ADVANCED_FACE('',(#4314),#135,.F.);
#6510=ADVANCED_FACE('',(#4315,#4316),#136,.F.);
#6511=ADVANCED_FACE('',(#4317,#4318),#42,.F.);
#6512=ADVANCED_FACE('',(#4319,#4320),#137,.F.);
#6513=ADVANCED_FACE('',(#4321,#4322,#4323,#4324),#138,.F.);
#6514=ADVANCED_FACE('',(#4325),#139,.T.);
#6515=ADVANCED_FACE('',(#4326),#777,.F.);
#6516=ADVANCED_FACE('',(#4327),#140,.T.);
#6517=ADVANCED_FACE('',(#4328),#4488,.F.);
#6518=ADVANCED_FACE('',(#4329),#57,.T.);
#6519=ADVANCED_FACE('',(#4330),#141,.F.);
#6520=ADVANCED_FACE('',(#4331,#4332),#142,.F.);
#6521=ADVANCED_FACE('',(#4333,#4334),#43,.F.);
#6522=ADVANCED_FACE('',(#4335,#4336),#143,.F.);
#6523=ADVANCED_FACE('',(#4337),#144,.F.);
#6524=ADVANCED_FACE('',(#4338),#778,.T.);
#6525=ADVANCED_FACE('',(#4339),#145,.F.);
#6526=ADVANCED_FACE('',(#4340),#779,.T.);
#6527=ADVANCED_FACE('',(#4341),#44,.T.);
#6528=ADVANCED_FACE('',(#4342),#4489,.F.);
#6529=ADVANCED_FACE('',(#4343),#146,.T.);
#6530=ADVANCED_FACE('',(#4344),#780,.T.);
#6531=ADVANCED_FACE('',(#4345),#781,.T.);
#6532=ADVANCED_FACE('',(#4346),#45,.T.);
#6533=ADVANCED_FACE('',(#4347),#46,.T.);
#6534=ADVANCED_FACE('',(#4348,#4349),#147,.T.);
#6535=ADVANCED_FACE('',(#4350,#4351),#782,.F.);
#6536=ADVANCED_FACE('',(#4352,#4353),#47,.T.);
#6537=ADVANCED_FACE('',(#4354),#148,.T.);
#6538=ADVANCED_FACE('',(#4355,#4356),#783,.F.);
#6539=ADVANCED_FACE('',(#4357,#4358),#48,.T.);
#6540=ADVANCED_FACE('',(#4359),#49,.T.);
#6541=ADVANCED_FACE('',(#4360),#149,.T.);
#6542=ADVANCED_FACE('',(#4361),#4490,.F.);
#6543=ADVANCED_FACE('',(#4362),#4491,.F.);
#6544=ADVANCED_FACE('',(#4363),#784,.F.);
#6545=ADVANCED_FACE('',(#4364),#785,.F.);
#6546=ADVANCED_FACE('',(#4365),#786,.F.);
#6547=ADVANCED_FACE('',(#4366),#787,.F.);
#6548=ADVANCED_FACE('',(#4367),#788,.F.);
#6549=ADVANCED_FACE('',(#4368),#789,.F.);
#6550=ADVANCED_FACE('',(#4369),#4492,.F.);
#6551=ADVANCED_FACE('',(#4370),#4493,.F.);
#6552=ADVANCED_FACE('',(#4371),#790,.F.);
#6553=ADVANCED_FACE('',(#4372),#791,.F.);
#6554=ADVANCED_FACE('',(#4373),#4494,.F.);
#6555=ADVANCED_FACE('',(#4374),#792,.F.);
#6556=ADVANCED_FACE('',(#4375),#4495,.F.);
#6557=ADVANCED_FACE('',(#4376),#793,.F.);
#6558=ADVANCED_FACE('',(#4377),#794,.F.);
#6559=ADVANCED_FACE('',(#4378),#795,.F.);
#6560=ADVANCED_FACE('',(#4379),#796,.F.);
#6561=ADVANCED_FACE('',(#4380,#4381),#150,.T.);
#6562=ADVANCED_FACE('',(#4382),#151,.F.);
#6563=ADVANCED_FACE('',(#4383),#797,.T.);
#6564=ADVANCED_FACE('',(#4384),#152,.F.);
#6565=ADVANCED_FACE('',(#4385),#4496,.T.);
#6566=ADVANCED_FACE('',(#4386),#58,.F.);
#6567=ADVANCED_FACE('',(#4387),#153,.T.);
#6568=ADVANCED_FACE('',(#4388),#4497,.F.);
#6569=ADVANCED_FACE('',(#4389,#4390),#154,.T.);
#6570=ADVANCED_FACE('',(#4391,#4392),#50,.T.);
#6571=ADVANCED_FACE('',(#4393,#4394),#155,.T.);
#6572=ADVANCED_FACE('',(#4395,#4396),#51,.T.);
#6573=ADVANCED_FACE('',(#4397,#4398),#156,.T.);
#6574=ADVANCED_FACE('',(#4399,#4400),#52,.T.);
#6575=ADVANCED_FACE('',(#4401,#4402),#157,.T.);
#6576=ADVANCED_FACE('',(#4403),#4498,.T.);
#6577=ADVANCED_FACE('',(#4404,#4405),#158,.T.);
#6578=ADVANCED_FACE('',(#4406),#159,.F.);
#6579=ADVANCED_FACE('',(#4407),#798,.T.);
#6580=ADVANCED_FACE('',(#4408),#160,.F.);
#6581=ADVANCED_FACE('',(#4409),#4499,.T.);
#6582=ADVANCED_FACE('',(#4410),#59,.F.);
#6583=ADVANCED_FACE('',(#4411),#161,.T.);
#6584=ADVANCED_FACE('',(#4412),#4500,.F.);
#6585=ADVANCED_FACE('',(#4413,#4414),#162,.T.);
#6586=ADVANCED_FACE('',(#4415,#4416),#53,.T.);
#6587=ADVANCED_FACE('',(#4417,#4418),#163,.T.);
#6588=ADVANCED_FACE('',(#4419,#4420),#54,.T.);
#6589=ADVANCED_FACE('',(#4421,#4422),#164,.T.);
#6590=ADVANCED_FACE('',(#4423,#4424),#55,.T.);
#6591=ADVANCED_FACE('',(#4425,#4426),#165,.T.);
#6592=ADVANCED_FACE('',(#4427),#4501,.T.);
#6593=ADVANCED_FACE('',(#4428),#4502,.F.);
#6594=ADVANCED_FACE('',(#4429,#4430),#166,.T.);
#6595=ADVANCED_FACE('',(#4431),#4503,.T.);
#6596=CLOSED_SHELL('',(#6307,#6308,#6309,#6310,#6311,#6312,#6313,#6314,
#6315,#6316,#6317,#6318,#6319,#6320,#6321,#6322,#6323,#6324,#6325,#6326,
#6327,#6328,#6329,#6330,#6331,#6332,#6333,#6334,#6335,#6336,#6337,#6338,
#6339,#6340,#6341,#6342,#6343,#6344,#6345,#6346,#6347,#6348,#6349,#6350,
#6351,#6352,#6353,#6354,#6355,#6356,#6357,#6358,#6359,#6360,#6361,#6362,
#6363,#6364,#6365,#6366,#6367,#6368,#6369,#6370,#6371,#6372,#6373,#6374,
#6375,#6376,#6377,#6378,#6379,#6380,#6381,#6382,#6383,#6384,#6385,#6386,
#6387,#6388,#6389,#6390,#6391,#6392,#6393,#6394,#6395,#6396,#6397,#6398,
#6399,#6400,#6401,#6402,#6403,#6404,#6405,#6406,#6407,#6408,#6409,#6410,
#6411,#6412,#6413,#6414,#6415,#6416,#6417,#6418,#6419,#6420,#6421,#6422,
#6423,#6424,#6425,#6426,#6427,#6428,#6429,#6430,#6431,#6432,#6433,#6434,
#6435,#6436,#6437,#6438,#6439,#6440,#6441,#6442,#6443,#6444,#6445,#6446,
#6447,#6448,#6449,#6450,#6451,#6452,#6453,#6454,#6455,#6456,#6457,#6458,
#6459,#6460,#6461,#6462,#6463,#6464,#6465,#6466,#6467,#6468,#6469,#6470,
#6471,#6472,#6473,#6474,#6475,#6476,#6477,#6478,#6479,#6480,#6481,#6482,
#6483,#6484,#6485,#6486,#6487,#6488,#6489,#6490,#6491,#6492,#6493,#6494,
#6495,#6496,#6497,#6498,#6499,#6500,#6501,#6502,#6503,#6504,#6505,#6506,
#6507,#6508,#6509,#6510,#6511,#6512,#6513,#6514,#6515,#6516,#6517,#6518,
#6519,#6520,#6521,#6522,#6523,#6524,#6525,#6526,#6527,#6528,#6529,#6530,
#6531,#6532,#6533,#6534,#6535,#6536,#6537,#6538,#6539,#6540,#6541,#6542,
#6543,#6544,#6545,#6546,#6547,#6548,#6549,#6550,#6551,#6552,#6553,#6554,
#6555,#6556,#6557,#6558,#6559,#6560));
#6597=CLOSED_SHELL('',(#6561,#6562,#6563,#6564,#6565,#6566,#6567,#6568,
#6569,#6570,#6571,#6572,#6573,#6574,#6575,#6576));
#6598=CLOSED_SHELL('',(#6577,#6578,#6579,#6580,#6581,#6582,#6583,#6584,
#6585,#6586,#6587,#6588,#6589,#6590,#6591,#6592));
#6599=CLOSED_SHELL('',(#6593,#6594,#6595));
#6600=MANIFOLD_SOLID_BREP('coating',#6596);
#6601=MANIFOLD_SOLID_BREP('electrode',#6597);
#6602=MANIFOLD_SOLID_BREP('electrode',#6598);
#6603=MANIFOLD_SOLID_BREP('pptc',#6599);
#6604=SHAPE_DEFINITION_REPRESENTATION(#13770,#6609);
#6605=SHAPE_DEFINITION_REPRESENTATION(#13771,#6610);
#6606=SHAPE_DEFINITION_REPRESENTATION(#13773,#6611);
#6607=SHAPE_DEFINITION_REPRESENTATION(#13775,#6612);
#6608=SHAPE_DEFINITION_REPRESENTATION(#13777,#6613);
#6609=SHAPE_REPRESENTATION('0ZRG0120FF1E',(#6614,#6807,#6832,#6857,#6863),
#13757);
#6610=SHAPE_REPRESENTATION('0ZRG0120FF1E_PART1',(#6614),#13758);
#6611=SHAPE_REPRESENTATION('0ZRG0120FF1E_PART2',(#6614),#13759);
#6612=SHAPE_REPRESENTATION('0ZRG0120FF1E_PART3',(#6614),#13760);
#6613=SHAPE_REPRESENTATION('0ZRG0120FF1E_PART4',(#6614),#13761);
#6614=AXIS2_PLACEMENT_3D('',#7586,#6864,#6865);
#6615=AXIS2_PLACEMENT_3D('',#7587,#6866,#6867);
#6616=AXIS2_PLACEMENT_3D('',#7672,#6870,#6871);
#6617=AXIS2_PLACEMENT_3D('',#7673,#6872,#6873);
#6618=AXIS2_PLACEMENT_3D('',#7675,#6874,#6875);
#6619=AXIS2_PLACEMENT_3D('',#7790,#6880,#6881);
#6620=AXIS2_PLACEMENT_3D('',#7791,#6882,#6883);
#6621=AXIS2_PLACEMENT_3D('',#7795,#6885,#6886);
#6622=AXIS2_PLACEMENT_3D('',#7796,#6887,#6888);
#6623=AXIS2_PLACEMENT_3D('',#7797,#6889,#6890);
#6624=AXIS2_PLACEMENT_3D('',#7801,#6892,#6893);
#6625=AXIS2_PLACEMENT_3D('',#7802,#6894,#6895);
#6626=AXIS2_PLACEMENT_3D('',#7803,#6896,#6897);
#6627=AXIS2_PLACEMENT_3D('',#7805,#6898,#6899);
#6628=AXIS2_PLACEMENT_3D('',#7808,#6901,#6902);
#6629=AXIS2_PLACEMENT_3D('',#7809,#6903,#6904);
#6630=AXIS2_PLACEMENT_3D('',#7811,#6905,#6906);
#6631=AXIS2_PLACEMENT_3D('',#7812,#6907,#6908);
#6632=AXIS2_PLACEMENT_3D('',#7814,#6909,#6910);
#6633=AXIS2_PLACEMENT_3D('',#7815,#6911,#6912);
#6634=AXIS2_PLACEMENT_3D('',#7817,#6914,#6915);
#6635=AXIS2_PLACEMENT_3D('',#8232,#6928,#6929);
#6636=AXIS2_PLACEMENT_3D('',#8233,#6930,#6931);
#6637=AXIS2_PLACEMENT_3D('',#8235,#6932,#6933);
#6638=AXIS2_PLACEMENT_3D('',#8238,#6935,#6936);
#6639=AXIS2_PLACEMENT_3D('',#8239,#6937,#6938);
#6640=AXIS2_PLACEMENT_3D('',#8241,#6939,#6940);
#6641=AXIS2_PLACEMENT_3D('',#8244,#6942,#6943);
#6642=AXIS2_PLACEMENT_3D('',#8245,#6944,#6945);
#6643=AXIS2_PLACEMENT_3D('',#8247,#6946,#6947);
#6644=AXIS2_PLACEMENT_3D('',#8250,#6949,#6950);
#6645=AXIS2_PLACEMENT_3D('',#8251,#6951,#6952);
#6646=AXIS2_PLACEMENT_3D('',#8253,#6953,#6954);
#6647=AXIS2_PLACEMENT_3D('',#8255,#6955,#6956);
#6648=AXIS2_PLACEMENT_3D('',#8259,#6958,#6959);
#6649=AXIS2_PLACEMENT_3D('',#8260,#6960,#6961);
#6650=AXIS2_PLACEMENT_3D('',#8261,#6962,#6963);
#6651=AXIS2_PLACEMENT_3D('',#8266,#6965,#6966);
#6652=AXIS2_PLACEMENT_3D('',#8684,#6979,#6980);
#6653=AXIS2_PLACEMENT_3D('',#8685,#6981,#6982);
#6654=AXIS2_PLACEMENT_3D('',#8687,#6983,#6984);
#6655=AXIS2_PLACEMENT_3D('',#8688,#6985,#6986);
#6656=AXIS2_PLACEMENT_3D('',#8690,#6987,#6988);
#6657=AXIS2_PLACEMENT_3D('',#8691,#6989,#6990);
#6658=AXIS2_PLACEMENT_3D('',#8697,#6992,#6993);
#6659=AXIS2_PLACEMENT_3D('',#8698,#6994,#6995);
#6660=AXIS2_PLACEMENT_3D('',#8700,#6997,#6998);
#6661=AXIS2_PLACEMENT_3D('',#8705,#6999,#7000);
#6662=AXIS2_PLACEMENT_3D('',#8706,#7001,#7002);
#6663=AXIS2_PLACEMENT_3D('',#8758,#7005,#7006);
#6664=AXIS2_PLACEMENT_3D('',#8812,#7008,#7009);
#6665=AXIS2_PLACEMENT_3D('',#8815,#7011,#7012);
#6666=AXIS2_PLACEMENT_3D('',#8820,#7013,#7014);
#6667=AXIS2_PLACEMENT_3D('',#8821,#7015,#7016);
#6668=AXIS2_PLACEMENT_3D('',#8851,#7018,#7019);
#6669=AXIS2_PLACEMENT_3D('',#8853,#7021,#7022);
#6670=AXIS2_PLACEMENT_3D('',#8856,#7024,#7025);
#6671=AXIS2_PLACEMENT_3D('',#8858,#7026,#7027);
#6672=AXIS2_PLACEMENT_3D('',#8862,#7029,#7030);
#6673=AXIS2_PLACEMENT_3D('',#8922,#7033,#7034);
#6674=AXIS2_PLACEMENT_3D('',#9240,#7046,#7047);
#6675=AXIS2_PLACEMENT_3D('',#9243,#7050,#7051);
#6676=AXIS2_PLACEMENT_3D('',#9336,#7057,#7058);
#6677=AXIS2_PLACEMENT_3D('',#9379,#7062,#7063);
#6678=AXIS2_PLACEMENT_3D('',#9846,#7070,#7071);
#6679=AXIS2_PLACEMENT_3D('',#9855,#7072,#7073);
#6680=AXIS2_PLACEMENT_3D('',#9891,#7075,#7076);
#6681=AXIS2_PLACEMENT_3D('',#9927,#7078,#7079);
#6682=AXIS2_PLACEMENT_3D('',#10391,#7090,#7091);
#6683=AXIS2_PLACEMENT_3D('',#10658,#7098,#7099);
#6684=AXIS2_PLACEMENT_3D('',#10664,#7103,#7104);
#6685=AXIS2_PLACEMENT_3D('',#10670,#7108,#7109);
#6686=AXIS2_PLACEMENT_3D('',#10783,#7117,#7118);
#6687=AXIS2_PLACEMENT_3D('',#10808,#7122,#7123);
#6688=AXIS2_PLACEMENT_3D('',#10814,#7127,#7128);
#6689=AXIS2_PLACEMENT_3D('',#10820,#7132,#7133);
#6690=AXIS2_PLACEMENT_3D('',#10843,#7136,#7137);
#6691=AXIS2_PLACEMENT_3D('',#10895,#7141,#7142);
#6692=AXIS2_PLACEMENT_3D('',#10896,#7143,#7144);
#6693=AXIS2_PLACEMENT_3D('',#10897,#7145,#7146);
#6694=AXIS2_PLACEMENT_3D('',#10906,#7151,#7152);
#6695=AXIS2_PLACEMENT_3D('',#10909,#7155,#7156);
#6696=AXIS2_PLACEMENT_3D('',#10913,#7160,#7161);
#6697=AXIS2_PLACEMENT_3D('',#10936,#7162,#7163);
#6698=AXIS2_PLACEMENT_3D('',#10947,#7164,#7165);
#6699=AXIS2_PLACEMENT_3D('',#10948,#7166,#7167);
#6700=AXIS2_PLACEMENT_3D('',#10953,#7169,#7170);
#6701=AXIS2_PLACEMENT_3D('',#11180,#7180,#7181);
#6702=AXIS2_PLACEMENT_3D('',#11181,#7182,#7183);
#6703=AXIS2_PLACEMENT_3D('',#11183,#7184,#7185);
#6704=AXIS2_PLACEMENT_3D('',#11184,#7186,#7187);
#6705=AXIS2_PLACEMENT_3D('',#11472,#7198,#7199);
#6706=AXIS2_PLACEMENT_3D('',#11473,#7200,#7201);
#6707=AXIS2_PLACEMENT_3D('',#11477,#7203,#7204);
#6708=AXIS2_PLACEMENT_3D('',#11479,#7205,#7206);
#6709=AXIS2_PLACEMENT_3D('',#11480,#7207,#7208);
#6710=AXIS2_PLACEMENT_3D('',#11485,#7209,#7210);
#6711=AXIS2_PLACEMENT_3D('',#11488,#7213,#7214);
#6712=AXIS2_PLACEMENT_3D('',#11502,#7216,#7217);
#6713=AXIS2_PLACEMENT_3D('',#11503,#7218,#7219);
#6714=AXIS2_PLACEMENT_3D('',#11515,#7221,#7222);
#6715=AXIS2_PLACEMENT_3D('',#11524,#7223,#7224);
#6716=AXIS2_PLACEMENT_3D('',#11533,#7229,#7230);
#6717=AXIS2_PLACEMENT_3D('',#11539,#7234,#7235);
#6718=AXIS2_PLACEMENT_3D('',#11545,#7239,#7240);
#6719=AXIS2_PLACEMENT_3D('',#11548,#7243,#7244);
#6720=AXIS2_PLACEMENT_3D('',#11794,#7254,#7255);
#6721=AXIS2_PLACEMENT_3D('',#11795,#7256,#7257);
#6722=AXIS2_PLACEMENT_3D('',#11798,#7258,#7259);
#6723=AXIS2_PLACEMENT_3D('',#11893,#7261,#7262);
#6724=AXIS2_PLACEMENT_3D('',#11906,#7264,#7265);
#6725=AXIS2_PLACEMENT_3D('',#11915,#7270,#7271);
#6726=AXIS2_PLACEMENT_3D('',#11918,#7274,#7275);
#6727=AXIS2_PLACEMENT_3D('',#11919,#7276,#7277);
#6728=AXIS2_PLACEMENT_3D('',#11920,#7278,#7279);
#6729=AXIS2_PLACEMENT_3D('',#11922,#7280,#7281);
#6730=AXIS2_PLACEMENT_3D('',#11925,#7283,#7284);
#6731=AXIS2_PLACEMENT_3D('',#11934,#7286,#7287);
#6732=AXIS2_PLACEMENT_3D('',#11986,#7290,#7291);
#6733=AXIS2_PLACEMENT_3D('',#11987,#7292,#7293);
#6734=AXIS2_PLACEMENT_3D('',#11993,#7294,#7295);
#6735=AXIS2_PLACEMENT_3D('',#12002,#7296,#7297);
#6736=AXIS2_PLACEMENT_3D('',#12046,#7298,#7299);
#6737=AXIS2_PLACEMENT_3D('',#12048,#7301,#7302);
#6738=AXIS2_PLACEMENT_3D('',#12049,#7303,#7304);
#6739=AXIS2_PLACEMENT_3D('',#12063,#7306,#7307);
#6740=AXIS2_PLACEMENT_3D('',#12156,#7310,#7311);
#6741=AXIS2_PLACEMENT_3D('',#12157,#7312,#7313);
#6742=AXIS2_PLACEMENT_3D('',#12158,#7314,#7315);
#6743=AXIS2_PLACEMENT_3D('',#12167,#7317,#7318);
#6744=AXIS2_PLACEMENT_3D('',#12173,#7320,#7321);
#6745=AXIS2_PLACEMENT_3D('',#12174,#7322,#7323);
#6746=AXIS2_PLACEMENT_3D('',#12177,#7325,#7326);
#6747=AXIS2_PLACEMENT_3D('',#12178,#7327,#7328);
#6748=AXIS2_PLACEMENT_3D('',#12206,#7331,#7332);
#6749=AXIS2_PLACEMENT_3D('',#12223,#7335,#7336);
#6750=AXIS2_PLACEMENT_3D('',#12225,#7338,#7339);
#6751=AXIS2_PLACEMENT_3D('',#12226,#7340,#7341);
#6752=AXIS2_PLACEMENT_3D('',#12237,#7342,#7343);
#6753=AXIS2_PLACEMENT_3D('',#12242,#7344,#7345);
#6754=AXIS2_PLACEMENT_3D('',#12243,#7346,#7347);
#6755=AXIS2_PLACEMENT_3D('',#12244,#7348,#7349);
#6756=AXIS2_PLACEMENT_3D('',#12245,#7350,#7351);
#6757=AXIS2_PLACEMENT_3D('',#12359,#7354,#7355);
#6758=AXIS2_PLACEMENT_3D('',#12368,#7358,#7359);
#6759=AXIS2_PLACEMENT_3D('',#12369,#7360,#7361);
#6760=AXIS2_PLACEMENT_3D('',#12385,#7362,#7363);
#6761=AXIS2_PLACEMENT_3D('',#12386,#7364,#7365);
#6762=AXIS2_PLACEMENT_3D('',#12392,#7366,#7367);
#6763=AXIS2_PLACEMENT_3D('',#12393,#7368,#7369);
#6764=AXIS2_PLACEMENT_3D('',#12403,#7370,#7371);
#6765=AXIS2_PLACEMENT_3D('',#12404,#7372,#7373);
#6766=AXIS2_PLACEMENT_3D('',#12406,#7374,#7375);
#6767=AXIS2_PLACEMENT_3D('',#12415,#7376,#7377);
#6768=AXIS2_PLACEMENT_3D('',#12430,#7378,#7379);
#6769=AXIS2_PLACEMENT_3D('',#12442,#7380,#7381);
#6770=AXIS2_PLACEMENT_3D('',#12550,#7384,#7385);
#6771=AXIS2_PLACEMENT_3D('',#12553,#7388,#7389);
#6772=AXIS2_PLACEMENT_3D('',#12569,#7390,#7391);
#6773=AXIS2_PLACEMENT_3D('',#12570,#7392,#7393);
#6774=AXIS2_PLACEMENT_3D('',#12571,#7394,#7395);
#6775=AXIS2_PLACEMENT_3D('',#12572,#7396,#7397);
#6776=AXIS2_PLACEMENT_3D('',#12574,#7398,#7399);
#6777=AXIS2_PLACEMENT_3D('',#12575,#7400,#7401);
#6778=AXIS2_PLACEMENT_3D('',#12577,#7402,#7403);
#6779=AXIS2_PLACEMENT_3D('',#12586,#7404,#7405);
#6780=AXIS2_PLACEMENT_3D('',#12587,#7406,#7407);
#6781=AXIS2_PLACEMENT_3D('',#12654,#7410,#7411);
#6782=AXIS2_PLACEMENT_3D('',#12657,#7413,#7414);
#6783=AXIS2_PLACEMENT_3D('',#12813,#7416,#7417);
#6784=AXIS2_PLACEMENT_3D('',#12814,#7418,#7419);
#6785=AXIS2_PLACEMENT_3D('',#12815,#7420,#7421);
#6786=AXIS2_PLACEMENT_3D('',#12816,#7422,#7423);
#6787=AXIS2_PLACEMENT_3D('',#12817,#7424,#7425);
#6788=AXIS2_PLACEMENT_3D('',#12818,#7426,#7427);
#6789=AXIS2_PLACEMENT_3D('',#12825,#7428,#7429);
#6790=AXIS2_PLACEMENT_3D('',#12959,#7430,#7431);
#6791=AXIS2_PLACEMENT_3D('',#12960,#7432,#7433);
#6792=AXIS2_PLACEMENT_3D('',#12961,#7434,#7435);
#6793=AXIS2_PLACEMENT_3D('',#12962,#7436,#7437);
#6794=AXIS2_PLACEMENT_3D('',#12963,#7438,#7439);
#6795=AXIS2_PLACEMENT_3D('',#13089,#7440,#7441);
#6796=AXIS2_PLACEMENT_3D('',#13090,#7442,#7443);
#6797=AXIS2_PLACEMENT_3D('',#13215,#7444,#7445);
#6798=AXIS2_PLACEMENT_3D('',#13216,#7446,#7447);
#6799=AXIS2_PLACEMENT_3D('',#13217,#7448,#7449);
#6800=AXIS2_PLACEMENT_3D('',#13218,#7450,#7451);
#6801=AXIS2_PLACEMENT_3D('',#13219,#7452,#7453);
#6802=AXIS2_PLACEMENT_3D('',#13220,#7454,#7455);
#6803=AXIS2_PLACEMENT_3D('',#13285,#7456,#7457);
#6804=AXIS2_PLACEMENT_3D('',#13286,#7458,#7459);
#6805=AXIS2_PLACEMENT_3D('',#13309,#7460,#7461);
#6806=AXIS2_PLACEMENT_3D('',#13326,#7462,#7463);
#6807=AXIS2_PLACEMENT_3D('',#13385,#7464,#7465);
#6808=AXIS2_PLACEMENT_3D('',#13386,#7466,#7467);
#6809=AXIS2_PLACEMENT_3D('',#13404,#7468,#7469);
#6810=AXIS2_PLACEMENT_3D('',#13413,#7470,#7471);
#6811=AXIS2_PLACEMENT_3D('',#13414,#7472,#7473);
#6812=AXIS2_PLACEMENT_3D('',#13522,#7476,#7477);
#6813=AXIS2_PLACEMENT_3D('',#13525,#7480,#7481);
#6814=AXIS2_PLACEMENT_3D('',#13541,#7482,#7483);
#6815=AXIS2_PLACEMENT_3D('',#13542,#7484,#7485);
#6816=AXIS2_PLACEMENT_3D('',#13543,#7486,#7487);
#6817=AXIS2_PLACEMENT_3D('',#13544,#7488,#7489);
#6818=AXIS2_PLACEMENT_3D('',#13545,#7490,#7491);
#6819=AXIS2_PLACEMENT_3D('',#13547,#7492,#7493);
#6820=AXIS2_PLACEMENT_3D('',#13548,#7494,#7495);
#6821=AXIS2_PLACEMENT_3D('',#13550,#7496,#7497);
#6822=AXIS2_PLACEMENT_3D('',#13551,#7498,#7499);
#6823=AXIS2_PLACEMENT_3D('',#13553,#7500,#7501);
#6824=AXIS2_PLACEMENT_3D('',#13554,#7502,#7503);
#6825=AXIS2_PLACEMENT_3D('',#13556,#7504,#7505);
#6826=AXIS2_PLACEMENT_3D('',#13557,#7506,#7507);
#6827=AXIS2_PLACEMENT_3D('',#13559,#7508,#7509);
#6828=AXIS2_PLACEMENT_3D('',#13560,#7510,#7511);
#6829=AXIS2_PLACEMENT_3D('',#13562,#7512,#7513);
#6830=AXIS2_PLACEMENT_3D('',#13563,#7514,#7515);
#6831=AXIS2_PLACEMENT_3D('',#13565,#7516,#7517);
#6832=AXIS2_PLACEMENT_3D('',#13566,#7518,#7519);
#6833=AXIS2_PLACEMENT_3D('',#13567,#7520,#7521);
#6834=AXIS2_PLACEMENT_3D('',#13585,#7522,#7523);
#6835=AXIS2_PLACEMENT_3D('',#13594,#7524,#7525);
#6836=AXIS2_PLACEMENT_3D('',#13595,#7526,#7527);
#6837=AXIS2_PLACEMENT_3D('',#13703,#7530,#7531);
#6838=AXIS2_PLACEMENT_3D('',#13706,#7534,#7535);
#6839=AXIS2_PLACEMENT_3D('',#13722,#7536,#7537);
#6840=AXIS2_PLACEMENT_3D('',#13723,#7538,#7539);
#6841=AXIS2_PLACEMENT_3D('',#13724,#7540,#7541);
#6842=AXIS2_PLACEMENT_3D('',#13725,#7542,#7543);
#6843=AXIS2_PLACEMENT_3D('',#13726,#7544,#7545);
#6844=AXIS2_PLACEMENT_3D('',#13728,#7546,#7547);
#6845=AXIS2_PLACEMENT_3D('',#13729,#7548,#7549);
#6846=AXIS2_PLACEMENT_3D('',#13731,#7550,#7551);
#6847=AXIS2_PLACEMENT_3D('',#13732,#7552,#7553);
#6848=AXIS2_PLACEMENT_3D('',#13734,#7554,#7555);
#6849=AXIS2_PLACEMENT_3D('',#13735,#7556,#7557);
#6850=AXIS2_PLACEMENT_3D('',#13737,#7558,#7559);
#6851=AXIS2_PLACEMENT_3D('',#13738,#7560,#7561);
#6852=AXIS2_PLACEMENT_3D('',#13740,#7562,#7563);
#6853=AXIS2_PLACEMENT_3D('',#13741,#7564,#7565);
#6854=AXIS2_PLACEMENT_3D('',#13743,#7566,#7567);
#6855=AXIS2_PLACEMENT_3D('',#13744,#7568,#7569);
#6856=AXIS2_PLACEMENT_3D('',#13746,#7570,#7571);
#6857=AXIS2_PLACEMENT_3D('',#13747,#7572,#7573);
#6858=AXIS2_PLACEMENT_3D('',#13748,#7574,#7575);
#6859=AXIS2_PLACEMENT_3D('',#13749,#7576,#7577);
#6860=AXIS2_PLACEMENT_3D('',#13751,#7578,#7579);
#6861=AXIS2_PLACEMENT_3D('',#13752,#7580,#7581);
#6862=AXIS2_PLACEMENT_3D('',#13754,#7582,#7583);
#6863=AXIS2_PLACEMENT_3D('',#13755,#7584,#7585);
#6864=DIRECTION('',(0.,0.,1.));
#6865=DIRECTION('',(1.,0.,0.));
#6866=DIRECTION('',(-0.999999999999869,-5.11320698087687E-7,0.));
#6867=DIRECTION('',(-5.11320698087687E-7,0.999999999999869,0.));
#6868=DIRECTION('',(0.,0.,-1.));
#6869=DIRECTION('',(0.,0.,-1.));
#6870=DIRECTION('',(-0.999999999999869,-5.11320698525192E-7,0.));
#6871=DIRECTION('',(-5.11320698525192E-7,0.999999999999869,0.));
#6872=DIRECTION('',(-0.999999999999869,-5.11320698525192E-7,0.));
#6873=DIRECTION('',(-5.11320698470887E-7,0.999999999999869,1.65513083052975E-18));
#6874=DIRECTION('',(0.999999999999869,5.11320698525192E-7,0.));
#6875=DIRECTION('',(-5.11320698582655E-7,0.999999999999869,1.65513083052975E-18));
#6876=DIRECTION('',(0.,0.,-1.));
#6877=DIRECTION('',(0.,0.,-1.));
#6878=DIRECTION('',(0.,0.,-1.));
#6879=DIRECTION('',(0.,0.,-1.));
#6880=DIRECTION('',(-0.999999999999869,-5.11320698071589E-7,0.));
#6881=DIRECTION('',(-5.11320698071589E-7,0.999999999999869,0.));
#6882=DIRECTION('',(-0.999999999999869,-5.11320698071589E-7,0.));
#6883=DIRECTION('',(-5.11320698192056E-7,0.999999999999869,1.65513083052976E-18));
#6884=DIRECTION('',(0.,0.,-1.));
#6885=DIRECTION('',(0.999999999999869,5.11320698071589E-7,0.));
#6886=DIRECTION('',(-5.11320698106171E-7,0.999999999999869,1.65513083052976E-18));
#6887=DIRECTION('',(5.11321687583979E-7,-0.999999999999869,0.));
#6888=DIRECTION('',(-0.999999999999869,-5.11321687583979E-7,0.));
#6889=DIRECTION('',(5.11321687583979E-7,-0.999999999999869,0.));
#6890=DIRECTION('',(0.999999999999869,5.11321687510292E-7,2.56307478064002E-18));
#6891=DIRECTION('',(0.,0.,-1.));
#6892=DIRECTION('',(-5.11321687583979E-7,0.999999999999869,0.));
#6893=DIRECTION('',(0.999999999999869,5.11321687532155E-7,2.56307478064002E-18));
#6894=DIRECTION('',(-5.11321687371211E-7,0.999999999999869,0.));
#6895=DIRECTION('',(0.999999999999869,5.11321687371211E-7,0.));
#6896=DIRECTION('',(5.11321687371211E-7,-0.999999999999869,0.));
#6897=DIRECTION('',(-0.999999999999869,-5.11321687310804E-7,1.16582785565314E-16));
#6898=DIRECTION('',(-5.11321687371211E-7,0.999999999999869,0.));
#6899=DIRECTION('',(-0.999999999999869,-5.1132168734338E-7,8.57226364450838E-17));
#6900=DIRECTION('',(0.,0.,-1.));
#6901=DIRECTION('',(0.999999999999869,5.11320698098514E-7,0.));
#6902=DIRECTION('',(5.11320698098514E-7,-0.999999999999869,0.));
#6903=DIRECTION('',(0.999999999999869,5.11320698098514E-7,0.));
#6904=DIRECTION('',(-5.11320698192056E-7,0.999999999999869,1.65513083052976E-18));
#6905=DIRECTION('',(-0.999999999999869,-5.11320698098514E-7,0.));
#6906=DIRECTION('',(5.1132069811031E-7,-0.999999999999869,7.52844841499345E-17));
#6907=DIRECTION('',(0.999999999999869,5.11320698098514E-7,0.));
#6908=DIRECTION('',(5.11320698189964E-7,-0.999999999999869,-3.69041588970267E-17));
#6909=DIRECTION('',(-0.999999999999869,-5.11320698098514E-7,0.));
#6910=DIRECTION('',(-5.11320698106171E-7,0.999999999999869,1.65513083052976E-18));
#6911=DIRECTION('',(0.542482309166912,-0.84006722602476,0.));
#6912=DIRECTION('',(-0.24976682062332,-0.161289569938565,-0.954778618290518));
#6913=DIRECTION('',(0.542482309166912,-0.84006722602476,0.));
#6914=DIRECTION('',(0.542482309166912,-0.84006722602476,0.));
#6915=DIRECTION('',(0.84006722602476,0.542482309166912,3.05103431598443E-18));
#6916=DIRECTION('',(0.,0.,-1.));
#6917=DIRECTION('',(0.,0.,-1.));
#6918=DIRECTION('',(0.,0.,-1.));
#6919=DIRECTION('',(0.,0.,-1.));
#6920=DIRECTION('',(0.,0.,-1.));
#6921=DIRECTION('',(0.,0.,-1.));
#6922=DIRECTION('',(0.,0.,-1.));
#6923=DIRECTION('',(0.,0.,-1.));
#6924=DIRECTION('',(0.,0.,-1.));
#6925=DIRECTION('',(0.,0.,-1.));
#6926=DIRECTION('',(0.,0.,-1.));
#6927=DIRECTION('',(0.,0.,-1.));
#6928=DIRECTION('',(-0.999999999999869,-5.11320698356562E-7,0.));
#6929=DIRECTION('',(-5.11320698356562E-7,0.999999999999869,0.));
#6930=DIRECTION('',(-0.999999999999869,-5.11320698356562E-7,0.));
#6931=DIRECTION('',(-5.11320698377943E-7,0.999999999999869,1.65513083052975E-18));
#6932=DIRECTION('',(0.999999999999869,5.11320698356562E-7,0.));
#6933=DIRECTION('',(-5.11320698392061E-7,0.999999999999869,1.65513083052975E-18));
#6934=DIRECTION('',(0.,0.,-1.));
#6935=DIRECTION('',(5.11321687355813E-7,-0.999999999999869,0.));
#6936=DIRECTION('',(-0.999999999999869,-5.11321687355813E-7,0.));
#6937=DIRECTION('',(5.11321687355813E-7,-0.999999999999869,0.));
#6938=DIRECTION('',(0.999999999999869,5.11321687366363E-7,2.56307478064002E-18));
#6939=DIRECTION('',(-5.11321687355813E-7,0.999999999999869,0.));
#6940=DIRECTION('',(0.999999999999869,5.11321687384582E-7,2.56307478064002E-18));
#6941=DIRECTION('',(0.,0.,-1.));
#6942=DIRECTION('',(-0.999999999999869,-5.11320698180563E-7,0.));
#6943=DIRECTION('',(-5.11320698180563E-7,0.999999999999869,0.));
#6944=DIRECTION('',(-0.999999999999869,-5.11320698180563E-7,0.));
#6945=DIRECTION('',(-5.11320698192056E-7,0.999999999999869,1.65513083052976E-18));
#6946=DIRECTION('',(0.999999999999869,5.11320698180563E-7,0.));
#6947=DIRECTION('',(-5.11320698296764E-7,0.999999999999869,1.65513083052975E-18));
#6948=DIRECTION('',(0.,0.,-1.));
#6949=DIRECTION('',(-0.00161062421343795,0.99999870294398,0.));
#6950=DIRECTION('',(0.99999870294398,0.00161062421343795,0.));
#6951=DIRECTION('',(-0.00161062421343795,0.99999870294398,0.));
#6952=DIRECTION('',(0.99999870294398,0.00161062421343798,2.56573640578779E-18));
#6953=DIRECTION('',(0.00161062421343795,-0.99999870294398,0.));
#6954=DIRECTION('',(0.99999870294398,0.00161062421343797,2.56573640578779E-18));
#6955=DIRECTION('',(-0.00161062421343795,0.99999870294398,0.));
#6956=DIRECTION('',(-0.99999870294398,-0.00161062421343799,8.58116551216431E-17));
#6957=DIRECTION('',(0.,0.,-1.));
#6958=DIRECTION('',(0.00161062421343795,-0.99999870294398,0.));
#6959=DIRECTION('',(-0.99999870294398,-0.00161062421343794,1.16703850965435E-16));
#6960=DIRECTION('',(0.264515901852302,-0.964381323786013,0.));
#6961=DIRECTION('',(-0.964381323786013,-0.264515901852302,0.));
#6962=DIRECTION('',(-0.264515901852302,0.964381323786013,0.));
#6963=DIRECTION('',(-0.964381323786013,-0.264515901852301,1.32344182939171E-16));
#6964=DIRECTION('',(0.,0.,-1.));
#6965=DIRECTION('',(0.264515901852302,-0.964381323786013,0.));
#6966=DIRECTION('',(-0.964381323786013,-0.264515901852302,3.56810297139922E-16));
#6967=DIRECTION('',(0.,0.,-1.));
#6968=DIRECTION('',(0.,0.,-1.));
#6969=DIRECTION('',(0.,0.,-1.));
#6970=DIRECTION('',(0.,0.,-1.));
#6971=DIRECTION('',(0.,0.,-1.));
#6972=DIRECTION('',(0.,0.,-1.));
#6973=DIRECTION('',(0.,0.,-1.));
#6974=DIRECTION('',(0.,0.,-1.));
#6975=DIRECTION('',(0.,0.,-1.));
#6976=DIRECTION('',(0.,0.,-1.));
#6977=DIRECTION('',(0.,0.,-1.));
#6978=DIRECTION('',(0.,0.,-1.));
#6979=DIRECTION('',(0.999999999999869,5.11320698008075E-7,0.));
#6980=DIRECTION('',(5.11320698008075E-7,-0.999999999999869,0.));
#6981=DIRECTION('',(0.999999999999869,5.11320698008075E-7,0.));
#6982=DIRECTION('',(-5.11320698099112E-7,0.999999999999869,1.65513083052976E-18));
#6983=DIRECTION('',(-0.999999999999869,-5.11320698008075E-7,0.));
#6984=DIRECTION('',(5.11320698032834E-7,-0.999999999999869,-1.88211210374836E-17));
#6985=DIRECTION('',(0.999999999999869,5.11320698008075E-7,0.));
#6986=DIRECTION('',(5.11320697956607E-7,-0.999999999999869,-3.69041588970267E-17));
#6987=DIRECTION('',(-0.999999999999869,-5.11320698008075E-7,0.));
#6988=DIRECTION('',(-5.11320698010874E-7,0.999999999999869,1.65513083052976E-18));
#6989=DIRECTION('',(0.542482309166912,-0.84006722602476,0.));
#6990=DIRECTION('',(0.84006722602476,0.542482309166912,3.05103431598443E-18));
#6991=DIRECTION('',(0.542482309166912,-0.84006722602476,0.));
#6992=DIRECTION('',(0.542482309166912,-0.84006722602476,0.));
#6993=DIRECTION('',(-0.24976682062332,-0.161289569938565,-0.954778618290518));
#6994=DIRECTION('',(0.542482309166912,-0.84006722602476,0.));
#6995=DIRECTION('',(-0.24976682062332,-0.161289569938565,-0.954778618290518));
#6996=DIRECTION('',(0.542482309166912,-0.84006722602476,0.));
#6997=DIRECTION('',(-0.542482309166912,0.84006722602476,0.));
#6998=DIRECTION('',(0.249766820623319,0.161289569938564,-0.954778618290519));
#6999=DIRECTION('',(0.542482309166912,-0.84006722602476,0.));
#7000=DIRECTION('',(0.84006722602476,0.542482309166912,3.05103431598443E-18));
#7001=DIRECTION('',(-0.542482309166912,0.84006722602476,0.));
#7002=DIRECTION('',(0.249766820623319,0.161289569938564,-0.954778618290519));
#7003=DIRECTION('',(-0.542482309166912,0.84006722602476,0.));
#7004=DIRECTION('',(0.542482309166912,-0.84006722602476,0.));
#7005=DIRECTION('',(5.11321687712621E-7,-0.999999999999869,0.));
#7006=DIRECTION('',(0.999999999999869,5.11321687670734E-7,2.91456963913285E-17));
#7007=DIRECTION('',(0.542482309166912,-0.84006722602476,0.));
#7008=DIRECTION('',(0.542482309166911,-0.84006722602476,-7.52845437611159E-17));
#7009=DIRECTION('',(-1.38777878078145E-16,0.,-1.));
#7010=DIRECTION('',(-0.542482309166912,0.84006722602476,0.));
#7011=DIRECTION('',(-0.542482309166912,0.84006722602476,0.));
#7012=DIRECTION('',(0.249766820623319,0.161289569938564,-0.954778618290519));
#7013=DIRECTION('',(0.542482309166912,-0.84006722602476,0.));
#7014=DIRECTION('',(0.84006722602476,0.542482309166912,3.05103431598443E-18));
#7015=DIRECTION('',(0.542482309166912,-0.84006722602476,5.73143026216448E-17));
#7016=DIRECTION('',(0.84006722602476,0.542482309166912,3.05103431598443E-18));
#7017=DIRECTION('',(0.542482309166912,-0.84006722602476,0.));
#7018=DIRECTION('',(0.542482309166912,-0.84006722602476,0.));
#7019=DIRECTION('',(0.84006722602476,0.542482309166912,3.05103431598443E-18));
#7020=DIRECTION('',(0.542482309166912,-0.84006722602476,0.));
#7021=DIRECTION('',(0.542482309166912,-0.84006722602476,0.));
#7022=DIRECTION('',(0.84006722602476,0.542482309166912,3.05103431598443E-18));
#7023=DIRECTION('',(0.542482309166912,-0.84006722602476,0.));
#7024=DIRECTION('',(5.11321687561792E-7,-0.999999999999869,0.));
#7025=DIRECTION('',(0.999999999999869,5.11321687561792E-7,0.));
#7026=DIRECTION('',(-0.999999999999869,-5.11320698087687E-7,0.));
#7027=DIRECTION('',(-5.11320698192056E-7,0.999999999999869,1.65513083052976E-18));
#7028=DIRECTION('',(0.542482309166912,-0.84006722602476,0.));
#7029=DIRECTION('',(-0.542482309166912,0.84006722602476,-5.73143026216448E-17));
#7030=DIRECTION('',(-1.28498035257541E-16,-4.28326784191804E-17,1.));
#7031=DIRECTION('',(-0.542482309166912,0.84006722602476,0.));
#7032=DIRECTION('',(0.542482309166912,-0.84006722602476,0.));
#7033=DIRECTION('',(5.11321687583979E-7,-0.999999999999869,0.));
#7034=DIRECTION('',(0.999999999999869,5.11321687583979E-7,0.));
#7035=DIRECTION('',(0.542482309166912,-0.84006722602476,0.));
#7036=DIRECTION('',(0.,0.,-1.));
#7037=DIRECTION('',(0.,0.,-1.));
#7038=DIRECTION('',(0.,0.,-1.));
#7039=DIRECTION('',(0.,0.,-1.));
#7040=DIRECTION('',(0.,0.,-1.));
#7041=DIRECTION('',(0.,0.,-1.));
#7042=DIRECTION('',(0.,0.,-1.));
#7043=DIRECTION('',(0.,0.,-1.));
#7044=DIRECTION('',(0.,0.,-1.));
#7045=DIRECTION('',(0.,0.,-1.));
#7046=DIRECTION('',(-5.11321687727706E-7,0.999999999999869,0.));
#7047=DIRECTION('',(0.999999999999869,5.11321687727705E-7,0.));
#7048=DIRECTION('',(0.999999999999869,5.11321687727705E-7,0.));
#7049=DIRECTION('',(-0.999999999999869,-5.11321687727705E-7,0.));
#7050=DIRECTION('',(5.11321687629752E-7,-0.999999999999869,0.));
#7051=DIRECTION('',(-0.999999999999869,-5.11321687629752E-7,0.));
#7052=DIRECTION('',(-0.999999999999869,-5.11321687629752E-7,0.));
#7053=DIRECTION('',(0.999999999999869,5.11321687629752E-7,0.));
#7054=DIRECTION('',(0.,0.,-1.));
#7055=DIRECTION('',(0.,0.,-1.));
#7056=DIRECTION('',(0.,0.,-1.));
#7057=DIRECTION('',(0.12272127842038,0.992441176001312,0.));
#7058=DIRECTION('',(0.992441176001312,-0.122721278420379,0.));
#7059=DIRECTION('',(0.992441176001312,-0.122721278420379,0.));
#7060=DIRECTION('',(-0.992441176001312,0.122721278420379,0.));
#7061=DIRECTION('',(0.,0.,-1.));
#7062=DIRECTION('',(0.,0.,1.));
#7063=DIRECTION('',(1.,0.,0.));
#7064=DIRECTION('',(0.,0.,-1.));
#7065=DIRECTION('',(0.,0.,-1.));
#7066=DIRECTION('',(0.,0.,-1.));
#7067=DIRECTION('',(0.,0.,-1.));
#7068=DIRECTION('',(0.,0.,-1.));
#7069=DIRECTION('',(0.,0.,-1.));
#7070=DIRECTION('',(0.542482309166912,-0.84006722602476,0.));
#7071=DIRECTION('',(0.84006722602476,0.542482309166912,3.05103431598443E-18));
#7072=DIRECTION('',(-0.542482309166912,0.84006722602476,0.));
#7073=DIRECTION('',(0.249766820623319,0.161289569938564,-0.954778618290519));
#7074=DIRECTION('',(0.542482309166912,-0.84006722602476,0.));
#7075=DIRECTION('',(-0.542482309166912,0.84006722602476,0.));
#7076=DIRECTION('',(0.249766820623319,0.161289569938564,-0.954778618290519));
#7077=DIRECTION('',(0.542482309166912,-0.84006722602476,0.));
#7078=DIRECTION('',(0.,0.,1.));
#7079=DIRECTION('',(1.,0.,0.));
#7080=DIRECTION('',(0.,0.,-1.));
#7081=DIRECTION('',(0.,0.,-1.));
#7082=DIRECTION('',(0.,0.,-1.));
#7083=DIRECTION('',(0.,0.,-1.));
#7084=DIRECTION('',(0.,0.,-1.));
#7085=DIRECTION('',(0.,0.,-1.));
#7086=DIRECTION('',(0.,0.,-1.));
#7087=DIRECTION('',(0.,0.,-1.));
#7088=DIRECTION('',(0.,0.,-1.));
#7089=DIRECTION('',(0.,0.,-1.));
#7090=DIRECTION('',(0.,0.,1.));
#7091=DIRECTION('',(1.,0.,0.));
#7092=DIRECTION('',(0.,0.,-1.));
#7093=DIRECTION('',(0.,0.,-1.));
#7094=DIRECTION('',(0.,0.,-1.));
#7095=DIRECTION('',(0.,0.,-1.));
#7096=DIRECTION('',(0.,0.,-1.));
#7097=DIRECTION('',(0.,0.,-1.));
#7098=DIRECTION('',(0.842616323261494,0.538514374713695,0.));
#7099=DIRECTION('',(0.538514374713695,-0.842616323261494,0.));
#7100=DIRECTION('',(0.538514374713695,-0.842616323261494,0.));
#7101=DIRECTION('',(-0.538514374713695,0.842616323261494,0.));
#7102=DIRECTION('',(0.,0.,-1.));
#7103=DIRECTION('',(5.11321688297072E-7,-0.999999999999869,0.));
#7104=DIRECTION('',(-0.999999999999869,-5.11321688297072E-7,0.));
#7105=DIRECTION('',(-0.999999999999869,-5.11321688297072E-7,0.));
#7106=DIRECTION('',(0.999999999999869,5.11321688297072E-7,0.));
#7107=DIRECTION('',(0.,0.,-1.));
#7108=DIRECTION('',(-0.843775218942503,-0.536696729912277,0.));
#7109=DIRECTION('',(-0.536696729912277,0.843775218942503,0.));
#7110=DIRECTION('',(-0.536696729912277,0.843775218942503,0.));
#7111=DIRECTION('',(0.536696729912277,-0.843775218942503,0.));
#7112=DIRECTION('',(0.,0.,-1.));
#7113=DIRECTION('',(0.,0.,-1.));
#7114=DIRECTION('',(0.,0.,-1.));
#7115=DIRECTION('',(0.,0.,-1.));
#7116=DIRECTION('',(0.,0.,-1.));
#7117=DIRECTION('',(5.11321687597291E-7,-0.999999999999869,0.));
#7118=DIRECTION('',(-0.999999999999869,-5.11321687597291E-7,0.));
#7119=DIRECTION('',(-0.999999999999869,-5.11321687597291E-7,0.));
#7120=DIRECTION('',(0.999999999999869,5.11321687597291E-7,0.));
#7121=DIRECTION('',(0.,0.,-1.));
#7122=DIRECTION('',(-5.113216877783E-7,0.999999999999869,0.));
#7123=DIRECTION('',(0.999999999999869,5.113216877783E-7,0.));
#7124=DIRECTION('',(0.999999999999869,5.113216877783E-7,0.));
#7125=DIRECTION('',(0.,0.,-1.));
#7126=DIRECTION('',(-0.999999999999869,-5.113216877783E-7,0.));
#7127=DIRECTION('',(0.999999999999869,5.11320697834121E-7,0.));
#7128=DIRECTION('',(5.11320697834121E-7,-0.999999999999869,0.));
#7129=DIRECTION('',(5.11320697834121E-7,-0.999999999999869,0.));
#7130=DIRECTION('',(0.,0.,-1.));
#7131=DIRECTION('',(-5.11320697834121E-7,0.999999999999869,0.));
#7132=DIRECTION('',(5.11321687836693E-7,-0.999999999999869,0.));
#7133=DIRECTION('',(-0.999999999999869,-5.11321687836693E-7,0.));
#7134=DIRECTION('',(-0.999999999999869,-5.11321687836693E-7,0.));
#7135=DIRECTION('',(0.999999999999869,5.11321687836693E-7,0.));
#7136=DIRECTION('',(0.999999999999869,5.11320697834121E-7,0.));
#7137=DIRECTION('',(5.11320697834121E-7,-0.999999999999869,0.));
#7138=DIRECTION('',(5.11320697834121E-7,-0.999999999999869,0.));
#7139=DIRECTION('',(-5.11320697834121E-7,0.999999999999869,0.));
#7140=DIRECTION('',(0.,0.,-1.));
#7141=DIRECTION('',(-5.11321687712621E-7,0.999999999999869,0.));
#7142=DIRECTION('',(0.999999999999869,5.11321687712621E-7,0.));
#7143=DIRECTION('',(-5.11321687712621E-7,0.999999999999869,0.));
#7144=DIRECTION('',(0.999999999999869,5.11321687725916E-7,2.03612649440419E-16));
#7145=DIRECTION('',(-0.999999999999869,-5.11320698189433E-7,0.));
#7146=DIRECTION('',(-5.11320698189433E-7,0.999999999999869,0.));
#7147=DIRECTION('',(-5.11320698189433E-7,0.999999999999869,0.));
#7148=DIRECTION('',(0.,0.,-1.));
#7149=DIRECTION('',(5.11320698189433E-7,-0.999999999999869,0.));
#7150=DIRECTION('',(0.,0.,-1.));
#7151=DIRECTION('',(5.11321688297072E-7,-0.999999999999869,0.));
#7152=DIRECTION('',(-0.999999999999869,-5.11321688297072E-7,0.));
#7153=DIRECTION('',(-0.999999999999869,-5.11321688297072E-7,0.));
#7154=DIRECTION('',(0.999999999999869,5.11321688297072E-7,0.));
#7155=DIRECTION('',(0.,0.,1.));
#7156=DIRECTION('',(1.,0.,0.));
#7157=DIRECTION('',(0.542482309166912,-0.84006722602476,0.));
#7158=DIRECTION('',(-0.999999999999869,-5.11321687712621E-7,0.));
#7159=DIRECTION('',(0.542482309166912,-0.84006722602476,0.));
#7160=DIRECTION('',(-0.542482309166912,0.84006722602476,0.));
#7161=DIRECTION('',(0.249766820623319,0.161289569938564,-0.954778618290519));
#7162=DIRECTION('',(5.11321687836693E-7,-0.999999999999869,0.));
#7163=DIRECTION('',(0.999999999999869,5.11321687734564E-7,2.03612649440419E-16));
#7164=DIRECTION('',(-0.102164396107932,-0.99476752870603,0.));
#7165=DIRECTION('',(-0.99476752870603,0.102164396107932,0.));
#7166=DIRECTION('',(0.102164396107932,0.99476752870603,0.));
#7167=DIRECTION('',(-0.99476752870603,0.102164396107932,-2.70703328109185E-17));
#7168=DIRECTION('',(0.,0.,-1.));
#7169=DIRECTION('',(-0.102164396107932,-0.99476752870603,0.));
#7170=DIRECTION('',(-0.99476752870603,0.102164396107932,1.35081501052487E-16));
#7171=DIRECTION('',(0.,0.,-1.));
#7172=DIRECTION('',(0.,0.,-1.));
#7173=DIRECTION('',(0.,0.,-1.));
#7174=DIRECTION('',(0.,0.,-1.));
#7175=DIRECTION('',(0.,0.,-1.));
#7176=DIRECTION('',(0.,0.,-1.));
#7177=DIRECTION('',(0.,0.,-1.));
#7178=DIRECTION('',(0.,0.,-1.));
#7179=DIRECTION('',(0.,0.,-1.));
#7180=DIRECTION('',(-5.11321687615563E-7,0.999999999999869,0.));
#7181=DIRECTION('',(0.999999999999869,5.11321687615563E-7,0.));
#7182=DIRECTION('',(5.11321687615563E-7,-0.999999999999869,0.));
#7183=DIRECTION('',(-0.999999999999869,-5.11321687550757E-7,1.16582785565314E-16));
#7184=DIRECTION('',(-5.11321687615563E-7,0.999999999999869,0.));
#7185=DIRECTION('',(-0.999999999999869,-5.11321687614827E-7,3.49050256183575E-16));
#7186=DIRECTION('',(0.999999999999869,5.11320697933873E-7,0.));
#7187=DIRECTION('',(5.11320697933873E-7,-0.999999999999869,0.));
#7188=DIRECTION('',(5.11320697933873E-7,-0.999999999999869,0.));
#7189=DIRECTION('',(0.,0.,-1.));
#7190=DIRECTION('',(-5.11320697933873E-7,0.999999999999869,0.));
#7191=DIRECTION('',(0.,0.,-1.));
#7192=DIRECTION('',(0.,0.,-1.));
#7193=DIRECTION('',(0.,0.,-1.));
#7194=DIRECTION('',(0.,0.,-1.));
#7195=DIRECTION('',(0.,0.,-1.));
#7196=DIRECTION('',(0.,0.,-1.));
#7197=DIRECTION('',(0.,0.,-1.));
#7198=DIRECTION('',(5.11321687583979E-7,-0.999999999999869,0.));
#7199=DIRECTION('',(-0.999999999999869,-5.11321687583979E-7,0.));
#7200=DIRECTION('',(-5.11321687583979E-7,0.999999999999869,0.));
#7201=DIRECTION('',(0.999999999999869,5.11321687583979E-7,0.));
#7202=DIRECTION('',(0.,0.,-1.));
#7203=DIRECTION('',(5.11321687583979E-7,-0.999999999999869,0.));
#7204=DIRECTION('',(0.999999999999869,5.11321687583979E-7,0.));
#7205=DIRECTION('',(5.11321687583979E-7,-0.999999999999869,0.));
#7206=DIRECTION('',(0.999999999999869,5.11321687583979E-7,0.));
#7207=DIRECTION('',(0.542482309166912,-0.84006722602476,0.));
#7208=DIRECTION('',(0.84006722602476,0.542482309166912,3.05103431598443E-18));
#7209=DIRECTION('',(0.,0.,1.));
#7210=DIRECTION('',(1.,0.,0.));
#7211=DIRECTION('',(-0.999999999999869,-5.11321687615563E-7,0.));
#7212=DIRECTION('',(-0.542482309166912,0.84006722602476,0.));
#7213=DIRECTION('',(0.542482309166912,-0.84006722602476,0.));
#7214=DIRECTION('',(-0.24976682062332,-0.161289569938565,-0.954778618290518));
#7215=DIRECTION('',(-0.542482309166912,0.84006722602476,0.));
#7216=DIRECTION('',(0.999999999999869,5.11320697933873E-7,0.));
#7217=DIRECTION('',(5.1132069798809E-7,-0.999999999999869,-1.87835539296244E-17));
#7218=DIRECTION('',(0.542482309166912,-0.84006722602476,0.));
#7219=DIRECTION('',(-0.24976682062332,-0.161289569938565,-0.954778618290518));
#7220=DIRECTION('',(-0.542482309166912,0.84006722602476,0.));
#7221=DIRECTION('',(0.,0.,1.));
#7222=DIRECTION('',(1.,0.,0.));
#7223=DIRECTION('',(-0.999999999999869,-5.11320698087687E-7,0.));
#7224=DIRECTION('',(-5.11320698087687E-7,0.999999999999869,0.));
#7225=DIRECTION('',(-5.11320698087687E-7,0.999999999999869,0.));
#7226=DIRECTION('',(0.,0.,-1.));
#7227=DIRECTION('',(5.11320698087687E-7,-0.999999999999869,0.));
#7228=DIRECTION('',(0.,0.,-1.));
#7229=DIRECTION('',(-5.11321687561792E-7,0.999999999999869,0.));
#7230=DIRECTION('',(0.999999999999869,5.11321687561792E-7,0.));
#7231=DIRECTION('',(0.999999999999869,5.11321687561792E-7,0.));
#7232=DIRECTION('',(-0.999999999999869,-5.11321687561792E-7,0.));
#7233=DIRECTION('',(0.,0.,-1.));
#7234=DIRECTION('',(0.999999999999869,5.11320698087687E-7,0.));
#7235=DIRECTION('',(5.11320698087687E-7,-0.999999999999869,0.));
#7236=DIRECTION('',(5.11320698087687E-7,-0.999999999999869,0.));
#7237=DIRECTION('',(-5.11320698087687E-7,0.999999999999869,0.));
#7238=DIRECTION('',(0.,0.,-1.));
#7239=DIRECTION('',(5.11321687561792E-7,-0.999999999999869,0.));
#7240=DIRECTION('',(-0.999999999999869,-5.11321687561792E-7,0.));
#7241=DIRECTION('',(-0.999999999999869,-5.11321687561792E-7,0.));
#7242=DIRECTION('',(0.999999999999869,5.11321687561792E-7,0.));
#7243=DIRECTION('',(0.,0.,1.));
#7244=DIRECTION('',(1.,0.,0.));
#7245=DIRECTION('',(0.,0.,-1.));
#7246=DIRECTION('',(0.,0.,-1.));
#7247=DIRECTION('',(0.,0.,-1.));
#7248=DIRECTION('',(0.,0.,-1.));
#7249=DIRECTION('',(0.,0.,-1.));
#7250=DIRECTION('',(0.,0.,-1.));
#7251=DIRECTION('',(0.,0.,-1.));
#7252=DIRECTION('',(0.,0.,-1.));
#7253=DIRECTION('',(0.,0.,-1.));
#7254=DIRECTION('',(0.999999999999869,5.1132069847825E-7,0.));
#7255=DIRECTION('',(5.1132069847825E-7,-0.999999999999869,0.));
#7256=DIRECTION('',(-0.999999999999869,-5.1132069847825E-7,0.));
#7257=DIRECTION('',(5.11320698575165E-7,-0.999999999999869,7.52844841499345E-17));
#7258=DIRECTION('',(0.999999999999869,5.1132069847825E-7,0.));
#7259=DIRECTION('',(5.11320698529338E-7,-0.999999999999869,9.39177696481219E-17));
#7260=DIRECTION('',(0.,0.,-1.));
#7261=DIRECTION('',(0.999999999999869,5.11320698157732E-7,0.));
#7262=DIRECTION('',(5.11320698157732E-7,-0.999999999999869,0.));
#7263=DIRECTION('',(0.,0.,-1.));
#7264=DIRECTION('',(-5.11321687561792E-7,0.999999999999869,0.));
#7265=DIRECTION('',(0.999999999999869,5.11321687561792E-7,0.));
#7266=DIRECTION('',(0.999999999999869,5.11321687561792E-7,0.));
#7267=DIRECTION('',(0.,0.,-1.));
#7268=DIRECTION('',(-0.999999999999869,-5.11321687561792E-7,0.));
#7269=DIRECTION('',(0.,0.,-1.));
#7270=DIRECTION('',(-0.999999999999869,-5.11320698087687E-7,0.));
#7271=DIRECTION('',(-5.11320698087687E-7,0.999999999999869,0.));
#7272=DIRECTION('',(-5.11320698087687E-7,0.999999999999869,0.));
#7273=DIRECTION('',(5.11320698087687E-7,-0.999999999999869,0.));
#7274=DIRECTION('',(5.11321687561792E-7,-0.999999999999869,0.));
#7275=DIRECTION('',(-0.999999999999869,-5.11321687561792E-7,0.));
#7276=DIRECTION('',(-5.11321687561792E-7,0.999999999999869,0.));
#7277=DIRECTION('',(0.999999999999869,5.11321687561792E-7,0.));
#7278=DIRECTION('',(5.11321687561792E-7,-0.999999999999869,0.));
#7279=DIRECTION('',(0.999999999999869,5.11321687561792E-7,0.));
#7280=DIRECTION('',(5.11321687561792E-7,-0.999999999999869,0.));
#7281=DIRECTION('',(0.999999999999869,5.11321687561792E-7,0.));
#7282=DIRECTION('',(0.,0.,-1.));
#7283=DIRECTION('',(0.,0.,1.));
#7284=DIRECTION('',(1.,0.,0.));
#7285=DIRECTION('',(-5.11320698157732E-7,0.999999999999869,0.));
#7286=DIRECTION('',(0.,0.,1.));
#7287=DIRECTION('',(1.,0.,0.));
#7288=DIRECTION('',(-0.542482309166912,0.84006722602476,0.));
#7289=DIRECTION('',(-0.542482309166912,0.84006722602476,0.));
#7290=DIRECTION('',(0.542482309166912,-0.84006722602476,0.));
#7291=DIRECTION('',(0.84006722602476,0.542482309166912,3.05103431598443E-18));
#7292=DIRECTION('',(-0.999999999999869,-5.11320698087687E-7,0.));
#7293=DIRECTION('',(5.11320698087687E-7,-0.999999999999869,0.));
#7294=DIRECTION('',(0.542482309166912,-0.84006722602476,0.));
#7295=DIRECTION('',(-0.24976682062332,-0.161289569938565,-0.954778618290518));
#7296=DIRECTION('',(-0.999999999999869,-5.11320698087687E-7,0.));
#7297=DIRECTION('',(5.11320698065411E-7,-0.999999999999869,9.39177696481219E-17));
#7298=DIRECTION('',(-0.542482309166912,0.84006722602476,0.));
#7299=DIRECTION('',(0.249766820623319,0.161289569938564,-0.954778618290519));
#7300=DIRECTION('',(0.542482309166912,-0.84006722602476,0.));
#7301=DIRECTION('',(-5.11321687836693E-7,0.999999999999869,0.));
#7302=DIRECTION('',(0.999999999999869,5.11321687735054E-7,2.91456963913285E-17));
#7303=DIRECTION('',(-0.542482309166912,0.84006722602476,0.));
#7304=DIRECTION('',(0.249766820623319,0.161289569938564,-0.954778618290519));
#7305=DIRECTION('',(0.542482309166912,-0.84006722602476,0.));
#7306=DIRECTION('',(-0.542482309166912,0.84006722602476,0.));
#7307=DIRECTION('',(0.249766820623319,0.161289569938564,-0.954778618290519));
#7308=DIRECTION('',(0.542482309166912,-0.84006722602476,0.));
#7309=DIRECTION('',(-0.542482309166912,0.84006722602476,0.));
#7310=DIRECTION('',(0.542482309166912,-0.84006722602476,0.));
#7311=DIRECTION('',(-0.24976682062332,-0.161289569938565,-0.954778618290518));
#7312=DIRECTION('',(0.999999999999869,5.11320698087687E-7,0.));
#7313=DIRECTION('',(5.1132069811031E-7,-0.999999999999869,7.52844841499345E-17));
#7314=DIRECTION('',(0.542482309166912,-0.84006722602476,0.));
#7315=DIRECTION('',(-0.24976682062332,-0.161289569938565,-0.954778618290518));
#7316=DIRECTION('',(-0.542482309166912,0.84006722602476,0.));
#7317=DIRECTION('',(0.542482309166912,-0.84006722602476,0.));
#7318=DIRECTION('',(-0.24976682062332,-0.161289569938565,-0.954778618290518));
#7319=DIRECTION('',(-0.542482309166912,0.84006722602476,0.));
#7320=DIRECTION('',(0.542482309166912,-0.84006722602476,0.));
#7321=DIRECTION('',(-0.24976682062332,-0.161289569938565,-0.954778618290518));
#7322=DIRECTION('',(-0.542482309166912,0.84006722602476,3.01138175044464E-16));
#7323=DIRECTION('',(-5.55111512312578E-16,0.,-1.));
#7324=DIRECTION('',(-0.542482309166912,0.84006722602476,0.));
#7325=DIRECTION('',(-0.999999999999869,-5.11320697933873E-7,0.));
#7326=DIRECTION('',(5.11320697960954E-7,-0.999999999999869,-1.88211210374836E-17));
#7327=DIRECTION('',(0.542482309166912,-0.84006722602476,0.));
#7328=DIRECTION('',(-0.24976682062332,-0.161289569938565,-0.954778618290518));
#7329=DIRECTION('',(-0.542482309166912,0.84006722602476,0.));
#7330=DIRECTION('',(-0.542482309166912,0.84006722602476,0.));
#7331=DIRECTION('',(0.,0.,1.));
#7332=DIRECTION('',(1.,0.,0.));
#7333=DIRECTION('',(5.11320698157732E-7,-0.999999999999869,0.));
#7334=DIRECTION('',(0.999999999999869,5.11321687615563E-7,0.));
#7335=DIRECTION('',(0.,0.,-1.));
#7336=DIRECTION('',(1.,0.,0.));
#7337=DIRECTION('',(0.999999999999869,5.11321687712621E-7,0.));
#7338=DIRECTION('',(0.,0.,1.));
#7339=DIRECTION('',(1.,0.,0.));
#7340=DIRECTION('',(0.,0.,1.));
#7341=DIRECTION('',(1.,0.,0.));
#7342=DIRECTION('',(0.,0.,1.));
#7343=DIRECTION('',(1.,0.,0.));
#7344=DIRECTION('',(0.,0.,1.));
#7345=DIRECTION('',(1.,0.,0.));
#7346=DIRECTION('',(0.,0.,1.));
#7347=DIRECTION('',(1.,0.,0.));
#7348=DIRECTION('',(0.,0.,1.));
#7349=DIRECTION('',(1.,0.,0.));
#7350=DIRECTION('',(-0.542482309166912,0.84006722602476,0.));
#7351=DIRECTION('',(-0.524159524667735,-0.338481564932761,-0.781464665164563));
#7352=DIRECTION('',(-0.542482309166912,0.84006722602476,0.));
#7353=DIRECTION('',(0.542482309166912,-0.84006722602476,0.));
#7354=DIRECTION('',(0.542482309166912,-0.84006722602476,0.));
#7355=DIRECTION('',(0.524159524667735,0.338481564932761,-0.781464665164563));
#7356=DIRECTION('',(0.542482309166912,-0.84006722602476,0.));
#7357=DIRECTION('',(-0.542482309166912,0.84006722602476,0.));
#7358=DIRECTION('',(0.,0.,1.));
#7359=DIRECTION('',(1.,0.,0.));
#7360=DIRECTION('',(0.,0.,1.));
#7361=DIRECTION('',(1.,0.,0.));
#7362=DIRECTION('',(-0.542482309166909,0.840067226024762,-6.12323399573676E-17));
#7363=DIRECTION('',(-2.05234890115566E-15,-2.05234890115566E-15,1.));
#7364=DIRECTION('',(-0.542482309166912,0.84006722602476,0.));
#7365=DIRECTION('',(-0.84006722602476,-0.542482309166912,0.));
#7366=DIRECTION('',(-0.542482309166912,0.84006722602476,0.));
#7367=DIRECTION('',(-0.84006722602476,-0.542482309166912,0.));
#7368=DIRECTION('',(-0.542482309166909,0.840067226024762,-6.12323399573676E-17));
#7369=DIRECTION('',(-0.840067226024762,-0.542482309166909,0.));
#7370=DIRECTION('',(0.,0.,1.));
#7371=DIRECTION('',(1.,0.,0.));
#7372=DIRECTION('',(0.798452666771166,0.602057587715672,-6.12323399573676E-17));
#7373=DIRECTION('',(-0.602057587715672,0.798452666771166,0.));
#7374=DIRECTION('',(0.798452666771164,0.602057587715674,0.));
#7375=DIRECTION('',(-0.602057587715674,0.798452666771164,0.));
#7376=DIRECTION('',(0.,0.,-1.));
#7377=DIRECTION('',(-1.,0.,0.));
#7378=DIRECTION('',(1.22464679914735E-16,0.,-1.));
#7379=DIRECTION('',(-1.,0.,-1.22464679914735E-16));
#7380=DIRECTION('',(0.542482309166912,0.84006722602476,6.64349223515323E-17));
#7381=DIRECTION('',(0.524159524667735,-0.338481564932761,0.781464665164563));
#7382=DIRECTION('',(0.542482309166912,0.84006722602476,6.64349223515323E-17));
#7383=DIRECTION('',(-0.542482309166912,-0.84006722602476,-6.64349223515323E-17));
#7384=DIRECTION('',(-0.542482309166912,-0.84006722602476,-6.64349223515323E-17));
#7385=DIRECTION('',(-0.524159524667735,0.338481564932761,0.781464665164563));
#7386=DIRECTION('',(-0.542482309166912,-0.84006722602476,-6.64349223515323E-17));
#7387=DIRECTION('',(0.542482309166912,0.84006722602476,6.64349223515323E-17));
#7388=DIRECTION('',(0.,0.,-1.));
#7389=DIRECTION('',(-1.,0.,0.));
#7390=DIRECTION('',(0.542482309166909,0.840067226024762,1.276672623089E-16));
#7391=DIRECTION('',(2.17481358107039E-15,-2.05234890115566E-15,-1.));
#7392=DIRECTION('',(0.542482309166912,0.84006722602476,6.64349223515323E-17));
#7393=DIRECTION('',(0.84006722602476,-0.542482309166912,1.02878563941982E-16));
#7394=DIRECTION('',(0.542482309166912,0.84006722602476,6.64349223515323E-17));
#7395=DIRECTION('',(0.84006722602476,-0.542482309166912,1.02878563941982E-16));
#7396=DIRECTION('',(0.542482309166909,0.840067226024762,1.276672623089E-16));
#7397=DIRECTION('',(0.840067226024762,-0.542482309166909,1.02878563941982E-16));
#7398=DIRECTION('',(0.,0.,-1.));
#7399=DIRECTION('',(-1.,0.,0.));
#7400=DIRECTION('',(-0.798452666771166,0.602057587715672,-3.654991030583E-17));
#7401=DIRECTION('',(0.602057587715672,0.798452666771166,7.37307897698374E-17));
#7402=DIRECTION('',(-0.798452666771164,0.602057587715674,-9.77822502631974E-17));
#7403=DIRECTION('',(0.602057587715674,0.798452666771164,7.37307897698377E-17));
#7404=DIRECTION('',(0.542482309166912,0.84006722602476,6.64349223515323E-17));
#7405=DIRECTION('',(-0.249766820623319,0.161289569938564,0.954778618290519));
#7406=DIRECTION('',(-0.542482309166911,-0.840067226024761,7.52845437611158E-17));
#7407=DIRECTION('',(1.38777878078144E-16,0.,1.));
#7408=DIRECTION('',(0.542482309166912,0.84006722602476,6.64349223515323E-17));
#7409=DIRECTION('',(-0.542482309166912,-0.84006722602476,0.));
#7410=DIRECTION('',(-0.542482309166912,-0.84006722602476,-6.64349223515323E-17));
#7411=DIRECTION('',(0.24976682062332,-0.161289569938565,0.954778618290518));
#7412=DIRECTION('',(-0.542482309166912,-0.84006722602476,-6.64349223515323E-17));
#7413=DIRECTION('',(-0.542482309166912,-0.84006722602476,0.));
#7414=DIRECTION('',(0.476944039779098,-0.307991665461229,0.823204419889503));
#7415=DIRECTION('',(0.542482309166912,0.84006722602476,0.));
#7416=DIRECTION('',(-0.542482309166912,-0.84006722602476,-1.23749224973177E-16));
#7417=DIRECTION('',(-5.48258283765509E-16,5.48258283765509E-16,-1.));
#7418=DIRECTION('',(0.542482309166912,0.84006722602476,1.23749224973177E-16));
#7419=DIRECTION('',(1.71330713676722E-16,4.28326784191804E-17,-1.));
#7420=DIRECTION('',(0.,0.,1.));
#7421=DIRECTION('',(1.,0.,0.));
#7422=DIRECTION('',(0.,0.,1.));
#7423=DIRECTION('',(1.,0.,0.));
#7424=DIRECTION('',(0.,0.,1.));
#7425=DIRECTION('',(-8.15004247933311E-10,1.,0.));
#7426=DIRECTION('',(0.,0.,1.));
#7427=DIRECTION('',(1.,0.,0.));
#7428=DIRECTION('',(0.,0.,-1.));
#7429=DIRECTION('',(1.,0.,0.));
#7430=DIRECTION('',(0.542482309166912,-0.84006722602476,5.73143026216448E-17));
#7431=DIRECTION('',(0.,0.,1.));
#7432=DIRECTION('',(0.,0.,-1.));
#7433=DIRECTION('',(0.466424761520711,0.884560875146729,0.));
#7434=DIRECTION('',(0.,0.,-1.));
#7435=DIRECTION('',(1.,0.,0.));
#7436=DIRECTION('',(-0.542482309166912,-0.84006722602476,-6.64349223515323E-17));
#7437=DIRECTION('',(-0.84006722602476,0.542482309166912,-1.05929598257966E-16));
#7438=DIRECTION('',(-0.542482309166912,-0.84006722602476,-1.23749224973177E-16));
#7439=DIRECTION('',(-0.84006722602476,0.542482309166912,-1.05929598257966E-16));
#7440=DIRECTION('',(0.,0.,1.));
#7441=DIRECTION('',(1.,0.,0.));
#7442=DIRECTION('',(0.542482309166912,-0.84006722602476,0.));
#7443=DIRECTION('',(0.84006722602476,0.542482309166912,3.05103431598443E-18));
#7444=DIRECTION('',(0.,0.,-1.));
#7445=DIRECTION('',(-1.,0.,0.));
#7446=DIRECTION('',(0.,0.,1.));
#7447=DIRECTION('',(-0.467181089480411,0.884161653563361,0.));
#7448=DIRECTION('',(0.,0.,1.));
#7449=DIRECTION('',(1.,0.,0.));
#7450=DIRECTION('',(0.,0.,1.));
#7451=DIRECTION('',(-8.15004247933311E-10,1.,0.));
#7452=DIRECTION('',(-0.999999999999869,-5.11320698087687E-7,0.));
#7453=DIRECTION('',(-5.11320698087687E-7,0.999999999999869,0.));
#7454=DIRECTION('',(0.999999999999869,5.11320698157732E-7,0.));
#7455=DIRECTION('',(5.11320698157732E-7,-0.999999999999869,0.));
#7456=DIRECTION('',(0.999999999999869,5.11320697933873E-7,0.));
#7457=DIRECTION('',(5.11320697933873E-7,-0.999999999999869,0.));
#7458=DIRECTION('',(-5.11321687615563E-7,0.999999999999869,0.));
#7459=DIRECTION('',(0.999999999999869,5.11321687615563E-7,0.));
#7460=DIRECTION('',(-5.11321687712621E-7,0.999999999999869,0.));
#7461=DIRECTION('',(0.999999999999869,5.11321687712621E-7,0.));
#7462=DIRECTION('',(5.11321687836693E-7,-0.999999999999869,0.));
#7463=DIRECTION('',(-0.999999999999869,-5.11321687836693E-7,0.));
#7464=DIRECTION('',(0.,0.,1.));
#7465=DIRECTION('',(1.,0.,0.));
#7466=DIRECTION('',(0.,0.,-1.));
#7467=DIRECTION('',(-1.,0.,0.));
#7468=DIRECTION('',(1.22464679914735E-16,0.,-1.));
#7469=DIRECTION('',(-1.,0.,-1.22464679914735E-16));
#7470=DIRECTION('',(1.22464679914735E-16,0.,-1.));
#7471=DIRECTION('',(-1.,0.,-1.22464679914735E-16));
#7472=DIRECTION('',(0.542482309166912,0.84006722602476,6.64349223515323E-17));
#7473=DIRECTION('',(0.524159524667735,-0.338481564932761,0.781464665164563));
#7474=DIRECTION('',(-0.542482309166912,-0.84006722602476,-6.64349223515323E-17));
#7475=DIRECTION('',(0.542482309166912,0.84006722602476,6.64349223515323E-17));
#7476=DIRECTION('',(-0.542482309166912,-0.84006722602476,-6.64349223515323E-17));
#7477=DIRECTION('',(-0.524159524667735,0.338481564932761,0.781464665164563));
#7478=DIRECTION('',(0.542482309166912,0.84006722602476,6.64349223515323E-17));
#7479=DIRECTION('',(-0.542482309166912,-0.84006722602476,-6.64349223515323E-17));
#7480=DIRECTION('',(0.,0.,-1.));
#7481=DIRECTION('',(-1.,0.,0.));
#7482=DIRECTION('',(0.542482309166909,0.840067226024762,1.276672623089E-16));
#7483=DIRECTION('',(2.17481358107039E-15,-2.05234890115566E-15,-1.));
#7484=DIRECTION('',(0.542482309166912,0.84006722602476,6.64349223515323E-17));
#7485=DIRECTION('',(0.84006722602476,-0.542482309166912,1.02878563941982E-16));
#7486=DIRECTION('',(0.,0.,-1.));
#7487=DIRECTION('',(-1.,0.,0.));
#7488=DIRECTION('',(0.542482309166912,0.84006722602476,6.64349223515323E-17));
#7489=DIRECTION('',(0.84006722602476,-0.542482309166912,1.02878563941982E-16));
#7490=DIRECTION('',(0.542482309166909,0.840067226024762,1.276672623089E-16));
#7491=DIRECTION('',(0.840067226024762,-0.542482309166909,1.02878563941982E-16));
#7492=DIRECTION('',(0.,0.,-1.));
#7493=DIRECTION('',(-1.,0.,0.));
#7494=DIRECTION('',(-0.798452666771166,0.602057587715672,-3.654991030583E-17));
#7495=DIRECTION('',(0.602057587715672,0.798452666771166,7.37307897698374E-17));
#7496=DIRECTION('',(-0.798452666771164,0.602057587715674,-9.77822502631974E-17));
#7497=DIRECTION('',(0.602057587715674,0.798452666771164,7.37307897698377E-17));
#7498=DIRECTION('',(-0.798452666771166,0.602057587715672,-3.654991030583E-17));
#7499=DIRECTION('',(0.602057587715672,0.798452666771166,7.37307897698374E-17));
#7500=DIRECTION('',(0.,0.,1.));
#7501=DIRECTION('',(1.,0.,0.));
#7502=DIRECTION('',(0.890210782692374,0.455548858387585,1.70251718516435E-16));
#7503=DIRECTION('',(0.455548858387584,-0.890210782692374,5.57886451279586E-17));
#7504=DIRECTION('',(0.890210782692374,0.455548858387584,1.09019378559068E-16));
#7505=DIRECTION('',(0.455548858387584,-0.890210782692374,5.57886451279585E-17));
#7506=DIRECTION('',(0.890210782692374,0.455548858387585,1.70251718516435E-16));
#7507=DIRECTION('',(0.455548858387584,-0.890210782692374,5.57886451279586E-17));
#7508=DIRECTION('',(0.,0.,-1.));
#7509=DIRECTION('',(-1.,0.,0.));
#7510=DIRECTION('',(-7.49879891330929E-33,1.,6.12323399573677E-17));
#7511=DIRECTION('',(1.,0.,1.22464679914735E-16));
#7512=DIRECTION('',(0.,1.,0.));
#7513=DIRECTION('',(1.,0.,1.22464679914735E-16));
#7514=DIRECTION('',(7.49879891330929E-33,-1.,-6.12323399573677E-17));
#7515=DIRECTION('',(1.,0.,1.22464679914735E-16));
#7516=DIRECTION('',(7.49879891330929E-33,-1.,-6.12323399573677E-17));
#7517=DIRECTION('',(1.,0.,1.22464679914735E-16));
#7518=DIRECTION('',(0.,0.,1.));
#7519=DIRECTION('',(1.,0.,0.));
#7520=DIRECTION('',(0.,0.,1.));
#7521=DIRECTION('',(1.,0.,0.));
#7522=DIRECTION('',(0.,0.,1.));
#7523=DIRECTION('',(1.,0.,0.));
#7524=DIRECTION('',(0.,0.,1.));
#7525=DIRECTION('',(1.,0.,0.));
#7526=DIRECTION('',(-0.542482309166912,0.84006722602476,0.));
#7527=DIRECTION('',(-0.524159524667735,-0.338481564932761,-0.781464665164563));
#7528=DIRECTION('',(0.542482309166912,-0.84006722602476,0.));
#7529=DIRECTION('',(-0.542482309166912,0.84006722602476,0.));
#7530=DIRECTION('',(0.542482309166912,-0.84006722602476,0.));
#7531=DIRECTION('',(0.524159524667735,0.338481564932761,-0.781464665164563));
#7532=DIRECTION('',(-0.542482309166912,0.84006722602476,0.));
#7533=DIRECTION('',(0.542482309166912,-0.84006722602476,0.));
#7534=DIRECTION('',(0.,0.,1.));
#7535=DIRECTION('',(1.,0.,0.));
#7536=DIRECTION('',(-0.542482309166909,0.840067226024762,-6.12323399573676E-17));
#7537=DIRECTION('',(-2.05234890115566E-15,-2.05234890115566E-15,1.));
#7538=DIRECTION('',(-0.542482309166912,0.84006722602476,0.));
#7539=DIRECTION('',(-0.84006722602476,-0.542482309166912,0.));
#7540=DIRECTION('',(0.,0.,1.));
#7541=DIRECTION('',(1.,0.,0.));
#7542=DIRECTION('',(-0.542482309166912,0.84006722602476,0.));
#7543=DIRECTION('',(-0.84006722602476,-0.542482309166912,0.));
#7544=DIRECTION('',(-0.542482309166909,0.840067226024762,-6.12323399573676E-17));
#7545=DIRECTION('',(-0.840067226024762,-0.542482309166909,0.));
#7546=DIRECTION('',(0.,0.,1.));
#7547=DIRECTION('',(1.,0.,0.));
#7548=DIRECTION('',(0.798452666771166,0.602057587715672,-6.12323399573676E-17));
#7549=DIRECTION('',(-0.602057587715672,0.798452666771166,0.));
#7550=DIRECTION('',(0.798452666771164,0.602057587715674,0.));
#7551=DIRECTION('',(-0.602057587715674,0.798452666771164,0.));
#7552=DIRECTION('',(0.798452666771166,0.602057587715672,-6.12323399573676E-17));
#7553=DIRECTION('',(-0.602057587715672,0.798452666771166,0.));
#7554=DIRECTION('',(0.,0.,-1.));
#7555=DIRECTION('',(-1.,0.,0.));
#7556=DIRECTION('',(-0.890210782692374,0.455548858387585,-6.12323399573677E-17));
#7557=DIRECTION('',(-0.455548858387584,-0.890210782692374,0.));
#7558=DIRECTION('',(-0.890210782692374,0.455548858387584,0.));
#7559=DIRECTION('',(-0.455548858387584,-0.890210782692374,0.));
#7560=DIRECTION('',(-0.890210782692374,0.455548858387585,-6.12323399573677E-17));
#7561=DIRECTION('',(-0.455548858387584,-0.890210782692374,0.));
#7562=DIRECTION('',(0.,0.,1.));
#7563=DIRECTION('',(1.,0.,0.));
#7564=DIRECTION('',(0.,1.,-6.12323399573677E-17));
#7565=DIRECTION('',(-1.,0.,0.));
#7566=DIRECTION('',(0.,1.,0.));
#7567=DIRECTION('',(-1.,0.,0.));
#7568=DIRECTION('',(0.,-1.,6.12323399573677E-17));
#7569=DIRECTION('',(-1.,0.,0.));
#7570=DIRECTION('',(0.,-1.,6.12323399573677E-17));
#7571=DIRECTION('',(-1.,0.,0.));
#7572=DIRECTION('',(0.,0.,1.));
#7573=DIRECTION('',(1.,0.,0.));
#7574=DIRECTION('',(0.,0.,1.));
#7575=DIRECTION('',(1.,0.,0.));
#7576=DIRECTION('',(0.,0.,-1.));
#7577=DIRECTION('',(1.,0.,0.));
#7578=DIRECTION('',(0.,0.,1.));
#7579=DIRECTION('',(1.,0.,0.));
#7580=DIRECTION('',(0.,0.,1.));
#7581=DIRECTION('',(1.,0.,0.));
#7582=DIRECTION('',(0.,0.,1.));
#7583=DIRECTION('',(1.,0.,0.));
#7584=DIRECTION('',(0.,0.,1.));
#7585=DIRECTION('',(1.,0.,0.));
#7586=CARTESIAN_POINT('',(0.,0.,0.));
#7587=CARTESIAN_POINT('',(-0.585081106579481,0.830108106477998,1.71));
#7588=CARTESIAN_POINT('',(-0.585081276242218,1.16192081960215,0.733955889331006));
#7589=CARTESIAN_POINT('',(-0.58508131077269,1.22945274687172,0.722227759109129));
#7590=CARTESIAN_POINT('',(-0.585081345391935,1.29715823027047,0.709992792659767));
#7591=CARTESIAN_POINT('',(-0.58508138047774,1.36577623344583,0.710000010003389));
#7592=CARTESIAN_POINT('',(-0.585059410970113,1.16181666202885,0.733356137939531));
#7593=CARTESIAN_POINT('',(-0.585086964713952,1.36577628603527,0.709500002700469));
#7594=CARTESIAN_POINT('',(-0.585081380523933,1.36586668835205,0.709));
#7595=CARTESIAN_POINT('',(-0.585081366621302,1.33867703825688,0.708999999975178));
#7596=CARTESIAN_POINT('',(-0.585081352909344,1.31186073680143,0.710648082154101));
#7597=CARTESIAN_POINT('',(-0.585081316180015,1.24002846094559,0.71842278564447));
#7598=CARTESIAN_POINT('',(-0.585081295543398,1.19966857481236,0.726186149952872));
#7599=CARTESIAN_POINT('',(-0.585081276181301,1.1618017387414,0.732746386988492));
#7600=CARTESIAN_POINT('',(-0.585081275870082,1.16119308099142,0.732851833852496));
#7601=CARTESIAN_POINT('',(-0.585081275558862,1.16058442324145,0.732957280716499));
#7602=CARTESIAN_POINT('',(-0.585081275247643,1.15997576549147,0.733062727580503));
#7603=CARTESIAN_POINT('',(-0.822895353778439,0.440039279312852,0.80280281344005));
#7604=CARTESIAN_POINT('',(-0.822895353778439,0.440039279312852,0.797508533570316));
#7605=CARTESIAN_POINT('',(-0.820421637192805,0.440189432439903,0.80280281344005));
#7606=CARTESIAN_POINT('',(-0.820421637192805,0.440189432439903,0.797508533570316));
#7607=CARTESIAN_POINT('',(-0.817945686083723,0.440332866260165,0.80280281344005));
#7608=CARTESIAN_POINT('',(-0.817945686083723,0.440332866260165,0.797508533570316));
#7609=CARTESIAN_POINT('',(-0.815469734974641,0.440476300080427,0.80280281344005));
#7610=CARTESIAN_POINT('',(-0.815469734974641,0.440476300080427,0.797508533570316));
#7611=CARTESIAN_POINT('',(-0.815246805857655,0.440489214541775,0.80280281344005));
#7612=CARTESIAN_POINT('',(-0.815246805857655,0.440489214541775,0.797508533570316));
#7613=CARTESIAN_POINT('',(-0.815023876740669,0.440502129003123,0.80280281344005));
#7614=CARTESIAN_POINT('',(-0.815023876740669,0.440502129003123,0.797508533570316));
#7615=CARTESIAN_POINT('',(-0.814800947623684,0.44051504346447,0.80280281344005));
#7616=CARTESIAN_POINT('',(-0.814800947623684,0.44051504346447,0.797508533570316));
#7617=CARTESIAN_POINT('',(-0.82290567611434,0.44003865271339,0.798397790055249));
#7618=CARTESIAN_POINT('',(-0.820436062847705,0.440188575822649,0.799884654610319));
#7619=CARTESIAN_POINT('',(-0.817956228064833,0.440332255554801,0.801344376143756));
#7620=CARTESIAN_POINT('',(-0.815469734974557,0.440476300080432,0.802777902788195));
#7621=CARTESIAN_POINT('',(-0.822580459309191,0.440058318910365,0.797986187845304));
#7622=CARTESIAN_POINT('',(-0.815222522336098,0.440492055508556,0.802321516749043));
#7623=CARTESIAN_POINT('',(-0.814951025774986,0.440506349317603,0.801878302965592));
#7624=CARTESIAN_POINT('',(-0.81512392884151,0.440496332905213,0.801778281962451));
#7625=CARTESIAN_POINT('',(-0.815296831908034,0.440486316492822,0.801678260959309));
#7626=CARTESIAN_POINT('',(-0.815469734974558,0.440476300080432,0.801578239956168));
#7627=CARTESIAN_POINT('',(-0.817658005245361,0.440349531840317,0.800312368898875));
#7628=CARTESIAN_POINT('',(-0.819923753158671,0.440218438874435,0.798977883024811));
#7629=CARTESIAN_POINT('',(-0.822255242503996,0.440077985107342,0.797574585635359));
#7630=CARTESIAN_POINT('',(-0.822426370340309,0.440067676010578,0.79747158570253));
#7631=CARTESIAN_POINT('',(-0.822597498176622,0.440057366913814,0.797368585769701));
#7632=CARTESIAN_POINT('',(-0.822768626012934,0.440047057817051,0.797265585836872));
#7633=CARTESIAN_POINT('',(-0.343470985946355,0.22608355154971,0.870127385146431));
#7634=CARTESIAN_POINT('',(-0.343470985946355,0.22608355154971,0.855816690859142));
#7635=CARTESIAN_POINT('',(-0.359220414425795,0.217065057871379,0.870127385146431));
#7636=CARTESIAN_POINT('',(-0.359220414425795,0.217065057871379,0.855816690859142));
#7637=CARTESIAN_POINT('',(-0.388442342536054,0.200331893599734,0.870127385146431));
#7638=CARTESIAN_POINT('',(-0.388442342536054,0.200331893599734,0.855816690859142));
#7639=CARTESIAN_POINT('',(-0.419593384589283,0.187563672203449,0.870127385146431));
#7640=CARTESIAN_POINT('',(-0.419593384589283,0.187563672203449,0.855816690859142));
#7641=CARTESIAN_POINT('',(-0.43395528435778,0.18167700184417,0.870127385146431));
#7642=CARTESIAN_POINT('',(-0.43395528435778,0.18167700184417,0.855816690859142));
#7643=CARTESIAN_POINT('',(-0.343470985946355,0.22608355154971,0.866003755006657));
#7644=CARTESIAN_POINT('',(-0.357240224507974,0.218198961255815,0.868246191802517));
#7645=CARTESIAN_POINT('',(-0.371061626498496,0.210279785432024,0.869539595369119));
#7646=CARTESIAN_POINT('',(-0.385337107716693,0.20310693480859,0.869897324822139));
#7647=CARTESIAN_POINT('',(-0.386137642906952,0.202704698326978,0.869917385442959));
#7648=CARTESIAN_POINT('',(-0.38693961218121,0.202304821435876,0.869934503648577));
#7649=CARTESIAN_POINT('',(-0.387743088715561,0.20190744657263,0.869948681794838));
#7650=CARTESIAN_POINT('',(-0.388930022178624,0.201320425667348,0.869969626421747));
#7651=CARTESIAN_POINT('',(-0.390108889126427,0.200744486052913,0.869984069606065));
#7652=CARTESIAN_POINT('',(-0.391279634758158,0.200179795519558,0.869992339314752));
#7653=CARTESIAN_POINT('',(-0.397678871086895,0.197093225663908,0.870037541123606));
#7654=CARTESIAN_POINT('',(-0.403833437188831,0.194338561882194,0.869898300456036));
#7655=CARTESIAN_POINT('',(-0.409671158613809,0.191813256969995,0.869628175627064));
#7656=CARTESIAN_POINT('',(-0.415864192505554,0.18913424956801,0.869341609671096));
#7657=CARTESIAN_POINT('',(-0.421700730426349,0.186713559456135,0.868907742179372));
#7658=CARTESIAN_POINT('',(-0.427120704863319,0.184482404093929,0.868390518237839));
#7659=CARTESIAN_POINT('',(-0.429478640238476,0.183511750040631,0.868165502300439));
#7660=CARTESIAN_POINT('',(-0.431758046235637,0.182577608082509,0.86792470994051));
#7661=CARTESIAN_POINT('',(-0.43395528435778,0.18167700184417,0.867673406312978));
#7662=CARTESIAN_POINT('',(-0.343470985946355,0.22608355154971,0.866003755006657));
#7663=CARTESIAN_POINT('',(-0.43395528435778,0.18167700184417,0.867673406312978));
#7664=CARTESIAN_POINT('',(-0.343470985946355,0.22608355154971,1.71));
#7665=CARTESIAN_POINT('',(-0.343470985946355,0.22608355154971,0.855901536872702));
#7666=CARTESIAN_POINT('',(-0.43395528435778,0.18167700184417,0.857614151746593));
#7667=CARTESIAN_POINT('',(-0.402901982828393,0.19440516125326,0.861256793081084));
#7668=CARTESIAN_POINT('',(-0.372458491494762,0.209484623158108,0.860744399977982));
#7669=CARTESIAN_POINT('',(-0.343470985946355,0.22608355154971,0.855901536872701));
#7670=CARTESIAN_POINT('',(-0.43395528435778,0.18167700184417,0.857614151746593));
#7671=CARTESIAN_POINT('',(-0.43395528435778,0.18167700184417,1.71));
#7672=CARTESIAN_POINT('',(-0.43395528435778,0.18167700184417,1.71));
#7673=CARTESIAN_POINT('',(-0.433955325216646,0.261585492614951,0.465));
#7674=CARTESIAN_POINT('',(-0.433955326839946,0.2647602142198,0.869996338165503));
#7675=CARTESIAN_POINT('',(-0.433955325216646,0.261585492614951,0.465));
#7676=CARTESIAN_POINT('',(-0.433955326839946,0.2647602142198,0.859996245459962));
#7677=CARTESIAN_POINT('',(-0.433955326839946,0.2647602142198,1.71));
#7678=CARTESIAN_POINT('',(-0.433955326839946,0.2647602142198,0.870239246647028));
#7679=CARTESIAN_POINT('',(-0.433955326839946,0.2647602142198,0.829268682763141));
#7680=CARTESIAN_POINT('',(-0.410909082157502,0.276452419425072,0.870239246647028));
#7681=CARTESIAN_POINT('',(-0.410909082157502,0.276452419425072,0.829268682763141));
#7682=CARTESIAN_POINT('',(-0.365914810779714,0.299279663570904,0.870239246647028));
#7683=CARTESIAN_POINT('',(-0.365914810779714,0.299279663570904,0.829268682763141));
#7684=CARTESIAN_POINT('',(-0.32691974143791,0.331279269556499,0.870239246647028));
#7685=CARTESIAN_POINT('',(-0.32691974143791,0.331279269556499,0.829268682763141));
#7686=CARTESIAN_POINT('',(-0.307898101644822,0.346888550136137,0.870239246647028));
#7687=CARTESIAN_POINT('',(-0.307898101644822,0.346888550136137,0.829268682763141));
#7688=CARTESIAN_POINT('',(-0.433955330288668,0.264760212470137,0.869996338181859));
#7689=CARTESIAN_POINT('',(-0.418785637453337,0.272456354031401,0.869924392822075));
#7690=CARTESIAN_POINT('',(-0.403589359349642,0.280167840347683,0.868792149210958));
#7691=CARTESIAN_POINT('',(-0.38889996115274,0.28853214765544,0.866587071675191));
#7692=CARTESIAN_POINT('',(-0.38177385588899,0.292589831539725,0.86551734680124));
#7693=CARTESIAN_POINT('',(-0.374766860634816,0.296800876425973,0.864195140778734));
#7694=CARTESIAN_POINT('',(-0.367937011737079,0.301233676248463,0.86261902243395));
#7695=CARTESIAN_POINT('',(-0.36742026386494,0.301569062859527,0.862499772972783));
#7696=CARTESIAN_POINT('',(-0.366904753204512,0.301905570867355,0.862379124162437));
#7697=CARTESIAN_POINT('',(-0.366390500920633,0.302243225680618,0.86225707854448));
#7698=CARTESIAN_POINT('',(-0.355829247598873,0.309177678146794,0.85975061483306));
#7699=CARTESIAN_POINT('',(-0.345796260329044,0.316592025778228,0.856655015810561));
#7700=CARTESIAN_POINT('',(-0.336104451364966,0.324140015909638,0.852992296518072));
#7701=CARTESIAN_POINT('',(-0.32703306804742,0.331204817951534,0.8495640479001));
#7702=CARTESIAN_POINT('',(-0.318260528055229,0.338386620666632,0.845638963899135));
#7703=CARTESIAN_POINT('',(-0.309660292025703,0.345442584075843,0.841235096523337));
#7704=CARTESIAN_POINT('',(-0.309072089894654,0.345925167658393,0.84093389965311));
#7705=CARTESIAN_POINT('',(-0.308484704926796,0.346407179690851,0.840630463177473));
#7706=CARTESIAN_POINT('',(-0.307898101644822,0.346888550136137,0.840324792871721));
#7707=CARTESIAN_POINT('',(-0.307898101644822,0.346888550136138,0.840324792871721));
#7708=CARTESIAN_POINT('',(-0.307898101644663,0.346888550136239,0.829511591235866));
#7709=CARTESIAN_POINT('',(-0.344868203216187,0.316550645793348,0.849347646842767));
#7710=CARTESIAN_POINT('',(-0.3878300094643,0.28816127948425,0.859771947942865));
#7711=CARTESIAN_POINT('',(-0.433955326839944,0.264760214219801,0.859996245460957));
#7712=CARTESIAN_POINT('',(-0.307898101644743,0.346888550136188,0.82951159123511));
#7713=CARTESIAN_POINT('',(-0.307898101644822,0.346888550136137,1.71));
#7714=CARTESIAN_POINT('',(-0.307898101644822,0.346888550136137,0.840784954778587));
#7715=CARTESIAN_POINT('',(-0.307898101644822,0.346888550136137,0.763170982190228));
#7716=CARTESIAN_POINT('',(-0.29165740740225,0.362018235594434,0.840784954778587));
#7717=CARTESIAN_POINT('',(-0.29165740740225,0.362018235594434,0.763170982190228));
#7718=CARTESIAN_POINT('',(-0.261881512510162,0.389757192884553,0.840784954778587));
#7719=CARTESIAN_POINT('',(-0.261881512510162,0.389757192884553,0.763170982190228));
#7720=CARTESIAN_POINT('',(-0.24099438777252,0.424626218407419,0.840784954778587));
#7721=CARTESIAN_POINT('',(-0.24099438777252,0.424626218407419,0.763170982190228));
#7722=CARTESIAN_POINT('',(-0.23149974704585,0.440476598676947,0.840784954778587));
#7723=CARTESIAN_POINT('',(-0.23149974704585,0.440476598676947,0.763170982190228));
#7724=CARTESIAN_POINT('',(-0.307898101670579,0.346888550112142,0.840324792885771));
#7725=CARTESIAN_POINT('',(-0.300317024493846,0.353951013785548,0.836189348126538));
#7726=CARTESIAN_POINT('',(-0.292884862732609,0.360881469665021,0.831649691359194));
#7727=CARTESIAN_POINT('',(-0.285797503405122,0.36792017636139,0.82672887325673));
#7728=CARTESIAN_POINT('',(-0.278583158227583,0.37508499718741,0.821719887722529));
#7729=CARTESIAN_POINT('',(-0.271723769228374,0.382360127529763,0.816315959779144));
#7730=CARTESIAN_POINT('',(-0.265398906782912,0.389977286581873,0.810541401444482));
#7731=CARTESIAN_POINT('',(-0.264174061119803,0.391452392848711,0.809423125309061));
#7732=CARTESIAN_POINT('',(-0.262981166566145,0.392925978338265,0.808302435598084));
#7733=CARTESIAN_POINT('',(-0.261820382765127,0.394398765494891,0.80717950056766));
#7734=CARTESIAN_POINT('',(-0.25880909049669,0.398219453355897,0.804266395153791));
#7735=CARTESIAN_POINT('',(-0.256012669106924,0.402033783107762,0.801338179154904));
#7736=CARTESIAN_POINT('',(-0.253376315185075,0.405808171620136,0.798397790055249));
#7737=CARTESIAN_POINT('',(-0.253376315187002,0.405808171614872,0.798397790055021));
#7738=CARTESIAN_POINT('',(-0.256927651134441,0.40084194528775,0.790165745856353));
#7739=CARTESIAN_POINT('',(-0.270902502793147,0.381771625155441,0.805397347583575));
#7740=CARTESIAN_POINT('',(-0.288875010615769,0.364610291547867,0.818826744357679));
#7741=CARTESIAN_POINT('',(-0.30789810164476,0.346888550136177,0.829511591234737));
#7742=CARTESIAN_POINT('',(-0.256927651134465,0.400841945287716,0.790165745856265));
#7743=CARTESIAN_POINT('',(-0.23149974704585,0.440476598676947,0.763631144083044));
#7744=CARTESIAN_POINT('',(-0.239809548437294,0.426604192568029,0.771648130489522));
#7745=CARTESIAN_POINT('',(-0.247946625053806,0.413097606146054,0.780377061460555));
#7746=CARTESIAN_POINT('',(-0.25692765113449,0.400841945287682,0.790165745856177));
#7747=CARTESIAN_POINT('',(-0.23149974704585,0.440476598676947,0.763631144083044));
#7748=CARTESIAN_POINT('',(-0.23149974704585,0.440476598676947,1.71));
#7749=CARTESIAN_POINT('',(-0.23149974704585,0.440476598676947,0.775091784933174));
#7750=CARTESIAN_POINT('',(-0.253376315187638,0.405808171616466,0.798397790054794));
#7751=CARTESIAN_POINT('',(-0.245773836913433,0.416692410801872,0.789920902071932));
#7752=CARTESIAN_POINT('',(-0.238707975877133,0.428443160937203,0.782229272135284));
#7753=CARTESIAN_POINT('',(-0.23149974704585,0.440476598676947,0.775091784933175));
#7754=CARTESIAN_POINT('',(-0.262059043579104,0.285292388605685,0.86623571731104));
#7755=CARTESIAN_POINT('',(-0.262059043579104,0.285292388605685,0.827111408639159));
#7756=CARTESIAN_POINT('',(-0.27377602303589,0.275097121739356,0.86623571731104));
#7757=CARTESIAN_POINT('',(-0.27377602303589,0.275097121739356,0.827111408639159));
#7758=CARTESIAN_POINT('',(-0.299176860889362,0.252995152413592,0.86623571731104));
#7759=CARTESIAN_POINT('',(-0.299176860889362,0.252995152413592,0.827111408639159));
#7760=CARTESIAN_POINT('',(-0.327963265707068,0.23550551387206,0.86623571731104));
#7761=CARTESIAN_POINT('',(-0.327963265707068,0.23550551387206,0.827111408639159));
#7762=CARTESIAN_POINT('',(-0.343470985946355,0.22608355154971,0.86623571731104));
#7763=CARTESIAN_POINT('',(-0.343470985946355,0.22608355154971,0.827111408639159));
#7764=CARTESIAN_POINT('',(-0.262059043579104,0.285292388605685,0.838219397227324));
#7765=CARTESIAN_POINT('',(-0.2663422125194,0.281565485222356,0.840587490002535));
#7766=CARTESIAN_POINT('',(-0.270879728942228,0.277611882026588,0.842950596691364));
#7767=CARTESIAN_POINT('',(-0.275727273368081,0.273492970810234,0.845263067854122));
#7768=CARTESIAN_POINT('',(-0.280198462922909,0.269693844656875,0.847396002800241));
#7769=CARTESIAN_POINT('',(-0.284933253560517,0.265753870509708,0.849485859511998));
#7770=CARTESIAN_POINT('',(-0.290001515108333,0.26175688520663,0.851496816857587));
#7771=CARTESIAN_POINT('',(-0.292555361720215,0.259742844045237,0.852510118273707));
#7772=CARTESIAN_POINT('',(-0.29519432006347,0.257714929254792,0.853503386731123));
#7773=CARTESIAN_POINT('',(-0.297930370266308,0.255688009802659,0.854472039263407));
#7774=CARTESIAN_POINT('',(-0.29894008931898,0.254939990198733,0.854829513302535));
#7775=CARTESIAN_POINT('',(-0.299963059758117,0.254192144584109,0.855183634838926));
#7776=CARTESIAN_POINT('',(-0.300999211836155,0.253444304950721,0.855534173528985));
#7777=CARTESIAN_POINT('',(-0.311409294981394,0.245930858876647,0.859055989473264));
#7778=CARTESIAN_POINT('',(-0.322360023230426,0.238993223715823,0.861937847812295));
#7779=CARTESIAN_POINT('',(-0.333493669323966,0.232164576192019,0.864176365864116));
#7780=CARTESIAN_POINT('',(-0.336806768655151,0.230132538586913,0.864842493797232));
#7781=CARTESIAN_POINT('',(-0.340135854167581,0.228109863958937,0.865451653223356));
#7782=CARTESIAN_POINT('',(-0.343470985946376,0.226083551549697,0.866003755006661));
#7783=CARTESIAN_POINT('',(-0.262059043579104,0.285292388605685,0.838219397227324));
#7784=CARTESIAN_POINT('',(-0.262059043579104,0.285292388605685,1.71));
#7785=CARTESIAN_POINT('',(-0.262059043579104,0.285292388605685,0.827343370943538));
#7786=CARTESIAN_POINT('',(-0.343470985946355,0.22608355154971,0.855901536872703));
#7787=CARTESIAN_POINT('',(-0.313812447319957,0.244103068871537,0.850864942673839));
#7788=CARTESIAN_POINT('',(-0.286367282001887,0.264141120167888,0.841186392094858));
#7789=CARTESIAN_POINT('',(-0.262059043579104,0.285292388605685,0.827343370943538));
#7790=CARTESIAN_POINT('',(-0.262058763538585,-0.2623883916858,1.71));
#7791=CARTESIAN_POINT('',(-0.262058895347698,-0.0046067030814001,0.465));
#7792=CARTESIAN_POINT('',(-0.262058763538585,-0.2623883916858,0.84509110014859));
#7793=CARTESIAN_POINT('',(-0.262058763538585,-0.2623883916858,1.71));
#7794=CARTESIAN_POINT('',(-0.262058763530924,-0.262388391680854,0.834417439267645));
#7795=CARTESIAN_POINT('',(-0.262058895347698,-0.0046067030814001,0.465));
#7796=CARTESIAN_POINT('',(-0.17611057940602,-0.26238834773863,1.71));
#7797=CARTESIAN_POINT('',(-0.0955936944824945,-0.2623883065686,0.465));
#7798=CARTESIAN_POINT('',(-0.17611057940602,-0.26238834773863,0.864311760419339));
#7799=CARTESIAN_POINT('',(-0.17611057940602,-0.26238834773863,1.71));
#7800=CARTESIAN_POINT('',(-0.176110579405985,-0.262388347738607,0.854165622851492));
#7801=CARTESIAN_POINT('',(-0.0955936944824945,-0.2623883065686,0.465));
#7802=CARTESIAN_POINT('',(-0.23149974704585,0.440476598676947,1.71));
#7803=CARTESIAN_POINT('',(0.0621525438626826,0.440476748827732,1.21));
#7804=CARTESIAN_POINT('',(-0.17611093879543,0.440476626998446,0.751811161626055));
#7805=CARTESIAN_POINT('',(0.0621525438626826,0.440476748827732,1.21));
#7806=CARTESIAN_POINT('',(-0.176110938784854,0.440476627005275,0.740918971127349));
#7807=CARTESIAN_POINT('',(-0.17611093879543,0.440476626998446,1.71));
#7808=CARTESIAN_POINT('',(-0.17611093879543,0.440476626998446,1.71));
#7809=CARTESIAN_POINT('',(-0.176110643160291,-0.137702858618033,0.465));
#7810=CARTESIAN_POINT('',(-0.17611085988905,0.286157861174887,0.798397790055249));
#7811=CARTESIAN_POINT('',(-0.17611112745542,0.809442700425406,1.21));
#7812=CARTESIAN_POINT('',(-0.17611112745542,0.809442700425406,1.21));
#7813=CARTESIAN_POINT('',(-0.176110854537723,0.275692164389877,0.790165745856354));
#7814=CARTESIAN_POINT('',(-0.176110643160291,-0.137702858618033,0.465));
#7815=CARTESIAN_POINT('',(-0.538415722548798,1.37049365274775,1.21));
#7816=CARTESIAN_POINT('',(-0.781657182836135,1.21341790336252,0.790165745856354));
#7817=CARTESIAN_POINT('',(-0.970050078548881,1.09176119550533,0.465));
#7818=CARTESIAN_POINT('',(0.542511897777449,-0.789536525079801,0.804915689462349));
#7819=CARTESIAN_POINT('',(0.542511897777449,-0.789536525079801,0.773293970786184));
#7820=CARTESIAN_POINT('',(0.533525698116434,-0.779713314662284,0.804915689462349));
#7821=CARTESIAN_POINT('',(0.533525698116434,-0.779713314662284,0.773293970786184));
#7822=CARTESIAN_POINT('',(0.514540796013963,-0.758960082468079,0.804915689462349));
#7823=CARTESIAN_POINT('',(0.514540796013963,-0.758960082468079,0.773293970786184));
#7824=CARTESIAN_POINT('',(0.489075193491336,-0.74692988782761,0.804915689462349));
#7825=CARTESIAN_POINT('',(0.489075193491336,-0.74692988782761,0.773293970786184));
#7826=CARTESIAN_POINT('',(0.475663326485555,-0.740593993342951,0.804915689462349));
#7827=CARTESIAN_POINT('',(0.475663326485555,-0.740593993342951,0.773293970786184));
#7828=CARTESIAN_POINT('',(0.542511930702728,-0.789536561071873,0.785207759461251));
#7829=CARTESIAN_POINT('',(0.527487029527921,-0.773112180208977,0.787512296819063));
#7830=CARTESIAN_POINT('',(0.510868719803379,-0.758244380529019,0.791129084962325));
#7831=CARTESIAN_POINT('',(0.492079742663997,-0.748576389989504,0.798397790046525));
#7832=CARTESIAN_POINT('',(0.542511911369572,-0.789536546052489,0.785207764485925));
#7833=CARTESIAN_POINT('',(0.492079742667052,-0.748576389988452,0.798397790055248));
#7834=CARTESIAN_POINT('',(0.542511897777449,-0.789536525079801,1.71));
#7835=CARTESIAN_POINT('',(0.542511897777449,-0.789536525079801,0.773481451331759));
#7836=CARTESIAN_POINT('',(0.482156397277808,-0.743675167748579,0.790165745864747));
#7837=CARTESIAN_POINT('',(0.504393544704062,-0.754322176961525,0.781265544832782));
#7838=CARTESIAN_POINT('',(0.524896297801509,-0.770280137316108,0.776110771386796));
#7839=CARTESIAN_POINT('',(0.542511897777449,-0.789536525079801,0.773481451331755));
#7840=CARTESIAN_POINT('',(0.482156397281564,-0.743675167743177,0.790165745860551));
#7841=CARTESIAN_POINT('',(0.475663326485555,-0.740593993342951,0.79274266724649));
#7842=CARTESIAN_POINT('',(0.477935815087051,-0.741667538733049,0.791851716549123));
#7843=CARTESIAN_POINT('',(0.480094685798596,-0.742688032991921,0.790991738174854));
#7844=CARTESIAN_POINT('',(0.482156397275314,-0.743675167747384,0.790165745865088));
#7845=CARTESIAN_POINT('',(0.475663326485555,-0.740593993342951,0.792742667246489));
#7846=CARTESIAN_POINT('',(0.475663326485555,-0.740593993342951,1.71));
#7847=CARTESIAN_POINT('',(0.475663326485555,-0.74059399334295,0.804728208916838));
#7848=CARTESIAN_POINT('',(0.492079742667063,-0.748576389988591,0.798397790055248));
#7849=CARTESIAN_POINT('',(0.486828511763972,-0.745874334931748,0.800429901413642));
#7850=CARTESIAN_POINT('',(0.481343163146789,-0.743277202605327,0.802576294108499));
#7851=CARTESIAN_POINT('',(0.475663326485555,-0.740593993342951,0.804728208916837));
#7852=CARTESIAN_POINT('',(0.475663326485555,-0.740593993342951,0.841720215878714));
#7853=CARTESIAN_POINT('',(0.475663326485555,-0.740593993342951,0.792450554630392));
#7854=CARTESIAN_POINT('',(0.46053176216099,-0.735233486820038,0.841720215878714));
#7855=CARTESIAN_POINT('',(0.46053176216099,-0.735233486820038,0.792450554630392));
#7856=CARTESIAN_POINT('',(0.429334725087745,-0.724181627465669,0.841720215878714));
#7857=CARTESIAN_POINT('',(0.429334725087745,-0.724181627465669,0.792450554630392));
#7858=CARTESIAN_POINT('',(0.396248618675953,-0.72288061088698,0.841720215878714));
#7859=CARTESIAN_POINT('',(0.396248618675953,-0.72288061088698,0.792450554630392));
#7860=CARTESIAN_POINT('',(0.379210335852151,-0.722210629108216,0.841720215878714));
#7861=CARTESIAN_POINT('',(0.379210335852151,-0.722210629108216,0.792450554630392));
#7862=CARTESIAN_POINT('',(0.475663326485555,-0.740593993342951,0.804728208916838));
#7863=CARTESIAN_POINT('',(0.469647670750899,-0.73846288772072,0.807257580470528));
#7864=CARTESIAN_POINT('',(0.463458488889009,-0.736265776390569,0.809767504504013));
#7865=CARTESIAN_POINT('',(0.457073413422009,-0.734175864537638,0.812306403206978));
#7866=CARTESIAN_POINT('',(0.450711889263996,-0.732093661310871,0.814835937198726));
#7867=CARTESIAN_POINT('',(0.444155919336971,-0.73011784035454,0.817394232508398));
#7868=CARTESIAN_POINT('',(0.437373511578038,-0.728470649561639,0.820029177484808));
#7869=CARTESIAN_POINT('',(0.43488821688282,-0.727867065305853,0.820994706984776));
#7870=CARTESIAN_POINT('',(0.432372421603243,-0.727308103416921,0.821970528448889));
#7871=CARTESIAN_POINT('',(0.429824218359551,-0.726806419363648,0.822958998075527));
#7872=CARTESIAN_POINT('',(0.429372436892361,-0.726717473727849,0.823134247934148));
#7873=CARTESIAN_POINT('',(0.428919636256642,-0.726630331007515,0.823309895365083));
#7874=CARTESIAN_POINT('',(0.428465826477546,-0.726544955116183,0.823485953499242));
#7875=CARTESIAN_POINT('',(0.419128094031682,-0.724788233980351,0.827108580924699));
#7876=CARTESIAN_POINT('',(0.40963409634145,-0.72382340414186,0.830769484465731));
#7877=CARTESIAN_POINT('',(0.399773609944527,-0.72318967572931,0.834342293265166));
#7878=CARTESIAN_POINT('',(0.393107956707793,-0.722761277608337,0.836757499126168));
#7879=CARTESIAN_POINT('',(0.386274014104415,-0.722488388068377,0.839132448234152));
#7880=CARTESIAN_POINT('',(0.379210335825748,-0.722210629107178,0.841428103262617));
#7881=CARTESIAN_POINT('',(0.379210335852151,-0.722210629108216,0.841428103254037));
#7882=CARTESIAN_POINT('',(0.379210335852222,-0.72221062910817,0.830647530991164));
#7883=CARTESIAN_POINT('',(0.41262660095923,-0.723524628233996,0.819467242299842));
#7884=CARTESIAN_POINT('',(0.444867408435179,-0.729684234375061,0.806164797114573));
#7885=CARTESIAN_POINT('',(0.475663326485555,-0.740593993342951,0.792742667246488));
#7886=CARTESIAN_POINT('',(0.379210335852186,-0.722210629108193,0.83064753099082));
#7887=CARTESIAN_POINT('',(0.379210335852151,-0.722210629108216,1.71));
#7888=CARTESIAN_POINT('',(0.379210335852151,-0.722210629108216,0.867521619044262));
#7889=CARTESIAN_POINT('',(0.379210335852151,-0.722210629108216,0.830427606012793));
#7890=CARTESIAN_POINT('',(0.35928843000088,-0.722803476913412,0.867521619044262));
#7891=CARTESIAN_POINT('',(0.35928843000088,-0.722803476913412,0.830427606012793));
#7892=CARTESIAN_POINT('',(0.321709881475686,-0.723921761488287,0.867521619044262));
#7893=CARTESIAN_POINT('',(0.321709881475686,-0.723921761488287,0.830427606012793));
#7894=CARTESIAN_POINT('',(0.286113191854909,-0.735914201753622,0.867521619044262));
#7895=CARTESIAN_POINT('',(0.286113191854909,-0.735914201753622,0.830427606012793));
#7896=CARTESIAN_POINT('',(0.269387744660288,-0.741548965225431,0.867521619044262));
#7897=CARTESIAN_POINT('',(0.269387744660288,-0.741548965225431,0.830427606012793));
#7898=CARTESIAN_POINT('',(0.379210335852151,-0.722210629108216,0.841428103254037));
#7899=CARTESIAN_POINT('',(0.369888448737435,-0.722488035314103,0.844596331906316));
#7900=CARTESIAN_POINT('',(0.360309905142275,-0.722767590129215,0.847558031057223));
#7901=CARTESIAN_POINT('',(0.350688707958791,-0.723395496029067,0.850286995265503));
#7902=CARTESIAN_POINT('',(0.34156801495232,-0.723990737644043,0.852873996061215));
#7903=CARTESIAN_POINT('',(0.332410080519646,-0.724905009624265,0.85525184629394));
#7904=CARTESIAN_POINT('',(0.323397908077082,-0.72643703940252,0.857398221160199));
#7905=CARTESIAN_POINT('',(0.322257037278698,-0.726630982433171,0.857669935491333));
#7906=CARTESIAN_POINT('',(0.321125011223212,-0.726833654985417,0.857936394737827));
#7907=CARTESIAN_POINT('',(0.320001617401762,-0.727045341132263,0.858197680500092));
#7908=CARTESIAN_POINT('',(0.313739066694416,-0.728225421708948,0.859654262603397));
#7909=CARTESIAN_POINT('',(0.307743871908683,-0.729680637376905,0.860950068573874));
#7910=CARTESIAN_POINT('',(0.301944404189794,-0.731269188352455,0.862099235175841));
#7911=CARTESIAN_POINT('',(0.295536400839207,-0.733024425292691,0.863368983330796));
#7912=CARTESIAN_POINT('',(0.289367526333455,-0.734943389142583,0.864459703975795));
#7913=CARTESIAN_POINT('',(0.283352852532526,-0.736898977255582,0.865390467247352));
#7914=CARTESIAN_POINT('',(0.278614610408517,-0.738439551238628,0.866123704308369));
#7915=CARTESIAN_POINT('',(0.273972350729406,-0.740004422319624,0.866757672150328));
#7916=CARTESIAN_POINT('',(0.269387744660282,-0.741548965225433,0.867301694065814));
#7917=CARTESIAN_POINT('',(0.269387744660287,-0.741548965225431,0.867301694065814));
#7918=CARTESIAN_POINT('',(0.269387744660288,-0.741548965225431,0.857232906636125));
#7919=CARTESIAN_POINT('',(0.305674711137832,-0.729323972325021,0.852816461203723));
#7920=CARTESIAN_POINT('',(0.342856091837903,-0.723292480108525,0.843367533291979));
#7921=CARTESIAN_POINT('',(0.379210335852163,-0.722210629108208,0.83064753099055));
#7922=CARTESIAN_POINT('',(0.269387744660288,-0.741548965225431,0.857232906636126));
#7923=CARTESIAN_POINT('',(0.269387744660288,-0.741548965225431,1.71));
#7924=CARTESIAN_POINT('',(0.269387744660288,-0.741548965225431,0.870094912883973));
#7925=CARTESIAN_POINT('',(0.269387744660288,-0.741548965225431,0.857156194869268));
#7926=CARTESIAN_POINT('',(0.254922362621899,-0.748255418662744,0.870094912883973));
#7927=CARTESIAN_POINT('',(0.254922362621899,-0.748255418662744,0.857156194869268));
#7928=CARTESIAN_POINT('',(0.227196389785803,-0.761109759138234,0.870094912883973));
#7929=CARTESIAN_POINT('',(0.227196389785803,-0.761109759138234,0.857156194869268));
#7930=CARTESIAN_POINT('',(0.205187124850294,-0.782277692960873,0.870094912883973));
#7931=CARTESIAN_POINT('',(0.205187124850294,-0.782277692960873,0.857156194869268));
#7932=CARTESIAN_POINT('',(0.194660682449392,-0.792401749206413,0.870094912883973));
#7933=CARTESIAN_POINT('',(0.194660682449392,-0.792401749206413,0.857156194869268));
#7934=CARTESIAN_POINT('',(0.269387744660288,-0.741548965225431,0.867301694065814));
#7935=CARTESIAN_POINT('',(0.259681525830151,-0.746048971133601,0.868530871764832));
#7936=CARTESIAN_POINT('',(0.249926044043123,-0.750567256846029,0.869341970906957));
#7937=CARTESIAN_POINT('',(0.240602924580924,-0.755809182326028,0.869731147540097));
#7938=CARTESIAN_POINT('',(0.236704429483038,-0.758001111848127,0.869893883114027));
#7939=CARTESIAN_POINT('',(0.232881879984236,-0.760320074703838,0.869982844543512));
#7940=CARTESIAN_POINT('',(0.229172041109948,-0.76281989883824,0.869997750777511));
#7941=CARTESIAN_POINT('',(0.228626221484091,-0.763187691920361,0.869999943895686));
#7942=CARTESIAN_POINT('',(0.228084744762648,-0.763558122065262,0.870000538777751));
#7943=CARTESIAN_POINT('',(0.227547679658288,-0.763931275790385,0.869999564630851));
#7944=CARTESIAN_POINT('',(0.222714955409307,-0.76728906061268,0.869990798871712));
#7945=CARTESIAN_POINT('',(0.218236895190196,-0.770863669056975,0.869854987075885));
#7946=CARTESIAN_POINT('',(0.214006581396398,-0.774489845075219,0.869613409867551));
#7947=CARTESIAN_POINT('',(0.209646826496871,-0.778226976511016,0.869364440767626));
#7948=CARTESIAN_POINT('',(0.205550262653002,-0.782018954260294,0.869003134712229));
#7949=CARTESIAN_POINT('',(0.201631613491283,-0.785731069760062,0.868552786171436));
#7950=CARTESIAN_POINT('',(0.199246063105751,-0.787990888946764,0.868278628141263));
#7951=CARTESIAN_POINT('',(0.196927062107314,-0.790222004687165,0.867971471041433));
#7952=CARTESIAN_POINT('',(0.194660682449392,-0.792401749206413,0.867636570316619));
#7953=CARTESIAN_POINT('',(0.194660682449392,-0.792401749206413,0.867636570316619));
#7954=CARTESIAN_POINT('',(0.194660682449392,-0.792401749206413,0.857576371877282));
#7955=CARTESIAN_POINT('',(0.216486785075654,-0.771409976089385,0.860884243740235));
#7956=CARTESIAN_POINT('',(0.241974100956054,-0.754258503387757,0.860793637859776));
#7957=CARTESIAN_POINT('',(0.269387744660288,-0.741548965225431,0.857232906636131));
#7958=CARTESIAN_POINT('',(0.194660682449392,-0.792401749206413,0.857576371877282));
#7959=CARTESIAN_POINT('',(0.194660682449392,-0.792401749206413,1.71));
#7960=CARTESIAN_POINT('',(0.194660682449392,-0.792401749206413,0.867791276748779));
#7961=CARTESIAN_POINT('',(0.194660682449392,-0.792401749206413,0.841697458524646));
#7962=CARTESIAN_POINT('',(0.185743208616169,-0.803104315154845,0.867791276748779));
#7963=CARTESIAN_POINT('',(0.185743208616169,-0.803104315154845,0.841697458524646));
#7964=CARTESIAN_POINT('',(0.168076120689534,-0.824307985295943,0.867791276748779));
#7965=CARTESIAN_POINT('',(0.168076120689534,-0.824307985295943,0.841697458524646));
#7966=CARTESIAN_POINT('',(0.156316651608812,-0.849273584786045,0.867791276748779));
#7967=CARTESIAN_POINT('',(0.156316651608812,-0.849273584786045,0.841697458524646));
#7968=CARTESIAN_POINT('',(0.150492782002967,-0.861637782103462,0.867791276748779));
#7969=CARTESIAN_POINT('',(0.150492782002967,-0.861637782103462,0.841697458524646));
#7970=CARTESIAN_POINT('',(0.194660682449395,-0.79240174920641,0.86763657031662));
#7971=CARTESIAN_POINT('',(0.187825841808509,-0.80060478227095,0.866530675431608));
#7972=CARTESIAN_POINT('',(0.181174330168648,-0.808596031781872,0.86506220792084));
#7973=CARTESIAN_POINT('',(0.17513928935362,-0.817015166931893,0.863285361806791));
#7974=CARTESIAN_POINT('',(0.173235054977596,-0.819671653782676,0.862724714156679));
#7975=CARTESIAN_POINT('',(0.171392200091917,-0.822370743218669,0.862133364651596));
#7976=CARTESIAN_POINT('',(0.169626310892429,-0.825133790255372,0.861513015732094));
#7977=CARTESIAN_POINT('',(0.169555180395649,-0.825245086540781,0.861488027909056));
#7978=CARTESIAN_POINT('',(0.169484197583683,-0.8253564516348,0.861463002071417));
#7979=CARTESIAN_POINT('',(0.169413363922829,-0.825467885839903,0.861437938340386));
#7980=CARTESIAN_POINT('',(0.16523576868935,-0.83204000139168,0.859959741081762));
#7981=CARTESIAN_POINT('',(0.161576183873659,-0.838852006817617,0.85834973732005));
#7982=CARTESIAN_POINT('',(0.15819159375256,-0.845619653139618,0.856632792231034));
#7983=CARTESIAN_POINT('',(0.155484806762707,-0.851032000384304,0.855259685159583));
#7984=CARTESIAN_POINT('',(0.152952741033356,-0.856415237489145,0.853818180377452));
#7985=CARTESIAN_POINT('',(0.150492782002967,-0.861637782103462,0.852320996373898));
#7986=CARTESIAN_POINT('',(0.150492782002967,-0.861637782103462,0.852320996373898));
#7987=CARTESIAN_POINT('',(0.150492782002963,-0.861637782103465,0.84185216495611));
#7988=CARTESIAN_POINT('',(0.162035049827669,-0.837133305435253,0.849072186232079));
#7989=CARTESIAN_POINT('',(0.176815261467251,-0.81381945095815,0.854614942945769));
#7990=CARTESIAN_POINT('',(0.194660682449392,-0.792401749206413,0.857576371877282));
#7991=CARTESIAN_POINT('',(0.150492782002967,-0.861637782103462,0.84185216495606));
#7992=CARTESIAN_POINT('',(0.150492782002967,-0.861637782103462,1.71));
#7993=CARTESIAN_POINT('',(0.150492782002967,-0.861637782103462,0.852665501777963));
#7994=CARTESIAN_POINT('',(0.150492782002967,-0.861637782103462,0.79455892379351));
#7995=CARTESIAN_POINT('',(0.142694663982462,-0.883985570494747,0.852665501777963));
#7996=CARTESIAN_POINT('',(0.142694663982462,-0.883985570494747,0.79455892379351));
#7997=CARTESIAN_POINT('',(0.126779486589835,-0.929595167021112,0.852665501777963));
#7998=CARTESIAN_POINT('',(0.126779486589835,-0.929595167021112,0.79455892379351));
#7999=CARTESIAN_POINT('',(0.124775525588355,-0.977874071679494,0.852665501777963));
#8000=CARTESIAN_POINT('',(0.124775525588355,-0.977874071679494,0.79455892379351));
#8001=CARTESIAN_POINT('',(0.123753465323041,-1.00249728044842,0.852665501777963));
#8002=CARTESIAN_POINT('',(0.123753465323041,-1.00249728044842,0.79455892379351));
#8003=CARTESIAN_POINT('',(0.150492782004327,-0.861637782099564,0.852320996374893));
#8004=CARTESIAN_POINT('',(0.147124505128846,-0.871290564816956,0.849856268593361));
#8005=CARTESIAN_POINT('',(0.143879032834713,-0.880608400998928,0.847202029381931));
#8006=CARTESIAN_POINT('',(0.140921183078017,-0.889822943811655,0.844405883584191));
#8007=CARTESIAN_POINT('',(0.13808320620881,-0.898664048503886,0.841723057291559));
#8008=CARTESIAN_POINT('',(0.135504406598239,-0.90740898708201,0.838909593446497));
#8009=CARTESIAN_POINT('',(0.133323777073676,-0.916261110048462,0.836007540438445));
#8010=CARTESIAN_POINT('',(0.132259632689548,-0.920580934592819,0.8345913423286));
#8011=CARTESIAN_POINT('',(0.131290706658602,-0.924926360505296,0.833154047353092));
#8012=CARTESIAN_POINT('',(0.130438237830176,-0.929321995744101,0.831700542095985));
#8013=CARTESIAN_POINT('',(0.13035520916826,-0.929750121324743,0.831558973756403));
#8014=CARTESIAN_POINT('',(0.130273289408061,-0.930178724004491,0.831417251640445));
#8015=CARTESIAN_POINT('',(0.130192458538597,-0.930607818914714,0.831275380263072));
#8016=CARTESIAN_POINT('',(0.127956129196115,-0.942479490527332,0.827350257025121));
#8017=CARTESIAN_POINT('',(0.126597483788608,-0.954530571287731,0.823397435926155));
#8018=CARTESIAN_POINT('',(0.125679968477711,-0.966404187751281,0.81940686521156));
#8019=CARTESIAN_POINT('',(0.124941621580761,-0.975959175845012,0.816195555853354));
#8020=CARTESIAN_POINT('',(0.124483507500484,-0.985398198555215,0.812959800551767));
#8021=CARTESIAN_POINT('',(0.124088435289441,-0.994537258323813,0.809694361092285));
#8022=CARTESIAN_POINT('',(0.123972556799733,-0.997217832694103,0.808736576205825));
#8023=CARTESIAN_POINT('',(0.123862408087085,-0.99987265985219,0.80777623757501));
#8024=CARTESIAN_POINT('',(0.123753465323041,-1.00249728044842,0.806813213020887));
#8025=CARTESIAN_POINT('',(0.12375346532304,-1.00249728044842,0.806813213020887));
#8026=CARTESIAN_POINT('',(0.123753465323041,-1.00249728044842,0.79490342919658));
#8027=CARTESIAN_POINT('',(0.125715131239684,-0.955237337918949,0.812870034775348));
#8028=CARTESIAN_POINT('',(0.134307349323993,-0.908021874211325,0.829679504270238));
#8029=CARTESIAN_POINT('',(0.150492782002966,-0.861637782103462,0.841852164956065));
#8030=CARTESIAN_POINT('',(0.123753465323041,-1.00249728044842,0.794903429196579));
#8031=CARTESIAN_POINT('',(0.123753465323041,-1.00249728044842,1.71));
#8032=CARTESIAN_POINT('',(0.123753465323041,-1.00249728044842,0.807098257694291));
#8033=CARTESIAN_POINT('',(0.123753465323041,-1.00249728044842,0.759020722780195));
#8034=CARTESIAN_POINT('',(0.123753465323041,-1.00249728044842,0.758024674251208));
#8035=CARTESIAN_POINT('',(0.124662850441614,-1.03152814329383,0.807098257694291));
#8036=CARTESIAN_POINT('',(0.124662850441614,-1.03152814329383,0.759020722780195));
#8037=CARTESIAN_POINT('',(0.124662850441614,-1.03152814329383,0.758024674251208));
#8038=CARTESIAN_POINT('',(0.126359035711192,-1.08567651334721,0.807098257694291));
#8039=CARTESIAN_POINT('',(0.126359035711192,-1.08567651334721,0.759020722780195));
#8040=CARTESIAN_POINT('',(0.126359035711192,-1.08567651334721,0.758024674251208));
#8041=CARTESIAN_POINT('',(0.146596548179309,-1.13584325939764,0.807098257694291));
#8042=CARTESIAN_POINT('',(0.146596548179309,-1.13584325939764,0.759020722780195));
#8043=CARTESIAN_POINT('',(0.146596548179309,-1.13584325939764,0.758024674251208));
#8044=CARTESIAN_POINT('',(0.155984012008562,-1.15911383253363,0.807098257694291));
#8045=CARTESIAN_POINT('',(0.155984012008562,-1.15911383253363,0.759020722780195));
#8046=CARTESIAN_POINT('',(0.155984012008562,-1.15911383253363,0.758024674251208));
#8047=CARTESIAN_POINT('',(0.123753465323041,-1.00249728044842,0.806813213020887));
#8048=CARTESIAN_POINT('',(0.124022040338168,-1.01107116654861,0.804000673948324));
#8049=CARTESIAN_POINT('',(0.124284492525106,-1.01932366647419,0.801174877536644));
#8050=CARTESIAN_POINT('',(0.124655572822709,-1.02731822958709,0.798397790055249));
#8051=CARTESIAN_POINT('',(0.124647351244119,-1.02714037828062,0.797959593881742));
#8052=CARTESIAN_POINT('',(0.124201817961721,-1.0161498737759,0.790165745856354));
#8053=CARTESIAN_POINT('',(0.124042911538172,-1.01172026880741,0.791730960897547));
#8054=CARTESIAN_POINT('',(0.123900982641544,-1.00720656692488,0.793302847000254));
#8055=CARTESIAN_POINT('',(0.123753465323041,-1.00249728044842,0.794903429196579));
#8056=CARTESIAN_POINT('',(0.124201817961722,-1.0161498737759,0.790165745856353));
#8057=CARTESIAN_POINT('',(0.155947005155312,-1.15902209626389,0.7583156595719));
#8058=CARTESIAN_POINT('',(0.137063672570544,-1.11221218781999,0.763363529517486));
#8059=CARTESIAN_POINT('',(0.125891027124263,-1.06351199055156,0.772410703424678));
#8060=CARTESIAN_POINT('',(0.124190583450527,-1.01583579491074,0.78927679108629));
#8061=CARTESIAN_POINT('',(0.155984066256787,-1.15911391653993,0.759305767453627));
#8062=CARTESIAN_POINT('',(0.155984012008562,-1.15911383253363,1.71));
#8063=CARTESIAN_POINT('',(0.155974670339678,-1.15909067548839,0.769656125414338));
#8064=CARTESIAN_POINT('',(0.124640197482235,-1.02698553179495,0.797513407044203));
#8065=CARTESIAN_POINT('',(0.126667865175215,-1.07105317997216,0.782187482277727));
#8066=CARTESIAN_POINT('',(0.138602440053205,-1.11602667190027,0.774419631005579));
#8067=CARTESIAN_POINT('',(0.155974670326098,-1.15909067544746,0.769656124994761));
#8068=CARTESIAN_POINT('',(0.155630232184511,-1.15852994392319,0.786306085214565));
#8069=CARTESIAN_POINT('',(0.155630232184511,-1.15852994392319,0.758637424976408));
#8070=CARTESIAN_POINT('',(0.155630232184511,-1.15852994392319,0.757821353525591));
#8071=CARTESIAN_POINT('',(0.155748158792528,-1.15872457346001,0.786306085214565));
#8072=CARTESIAN_POINT('',(0.155748158792528,-1.15872457346001,0.758637424976408));
#8073=CARTESIAN_POINT('',(0.155748158792528,-1.15872457346001,0.757821353525591));
#8074=CARTESIAN_POINT('',(0.155866085400545,-1.15891920299682,0.786306085214565));
#8075=CARTESIAN_POINT('',(0.155866085400545,-1.15891920299682,0.758637424976408));
#8076=CARTESIAN_POINT('',(0.155866085400545,-1.15891920299682,0.757821353525591));
#8077=CARTESIAN_POINT('',(0.155984012008562,-1.15911383253363,0.786306085214565));
#8078=CARTESIAN_POINT('',(0.155984012008562,-1.15911383253363,0.758637424976408));
#8079=CARTESIAN_POINT('',(0.155984012008562,-1.15911383253363,0.757821353525591));
#8080=CARTESIAN_POINT('',(0.167869324592188,-1.17872970143651,0.786306085214565));
#8081=CARTESIAN_POINT('',(0.167869324592188,-1.17872970143651,0.758637424976408));
#8082=CARTESIAN_POINT('',(0.167869324592188,-1.17872970143651,0.757821353525591));
#8083=CARTESIAN_POINT('',(0.1914546461956,-1.21765560879901,0.786306085214565));
#8084=CARTESIAN_POINT('',(0.1914546461956,-1.21765560879901,0.758637424976408));
#8085=CARTESIAN_POINT('',(0.1914546461956,-1.21765560879901,0.757821353525591));
#8086=CARTESIAN_POINT('',(0.230460943043704,-1.24108103171307,0.786306085214565));
#8087=CARTESIAN_POINT('',(0.230460943043704,-1.24108103171307,0.758637424976408));
#8088=CARTESIAN_POINT('',(0.230460943043704,-1.24108103171307,0.757821353525591));
#8089=CARTESIAN_POINT('',(0.249810860446791,-1.2527017195288,0.786306085214565));
#8090=CARTESIAN_POINT('',(0.249810860446791,-1.2527017195288,0.758637424976408));
#8091=CARTESIAN_POINT('',(0.249810860446791,-1.2527017195288,0.757821353525591));
#8092=CARTESIAN_POINT('',(0.250117449562257,-1.25288584312604,0.786306085214565));
#8093=CARTESIAN_POINT('',(0.250117449562257,-1.25288584312604,0.758637424976408));
#8094=CARTESIAN_POINT('',(0.250117449562257,-1.25288584312604,0.757821353525591));
#8095=CARTESIAN_POINT('',(0.250424038677721,-1.25306996672328,0.786306085214565));
#8096=CARTESIAN_POINT('',(0.250424038677721,-1.25306996672328,0.758637424976408));
#8097=CARTESIAN_POINT('',(0.250424038677721,-1.25306996672328,0.757821353525591));
#8098=CARTESIAN_POINT('',(0.250730627793187,-1.25325409032051,0.786306085214565));
#8099=CARTESIAN_POINT('',(0.250730627793187,-1.25325409032051,0.758637424976408));
#8100=CARTESIAN_POINT('',(0.250730627793187,-1.25325409032051,0.757821353525591));
#8101=CARTESIAN_POINT('',(0.15597122275381,-1.15909272477153,0.769653947489814));
#8102=CARTESIAN_POINT('',(0.179649582535056,-1.1981721850743,0.768943045132367));
#8103=CARTESIAN_POINT('',(0.212308437525662,-1.23017945547876,0.773928487008405));
#8104=CARTESIAN_POINT('',(0.249909900746284,-1.25276119866649,0.786128845124763));
#8105=CARTESIAN_POINT('',(0.249915955500272,-1.25274660096105,0.786137203406132));
#8106=CARTESIAN_POINT('',(0.250027090163503,-1.25283157734586,0.774387699662952));
#8107=CARTESIAN_POINT('',(0.212184986328087,-1.23010531625646,0.762438268039179));
#8108=CARTESIAN_POINT('',(0.179571622693531,-1.19804351786306,0.757615421572977));
#8109=CARTESIAN_POINT('',(0.155976206322495,-1.15910094980013,0.758305995904765));
#8110=CARTESIAN_POINT('',(0.249810860446791,-1.2527017195288,0.775319440217763));
#8111=CARTESIAN_POINT('',(0.249810860446791,-1.2527017195288,1.71));
#8112=CARTESIAN_POINT('',(0.249810860446791,-1.2527017195288,0.840073635606228));
#8113=CARTESIAN_POINT('',(0.249810860446791,-1.2527017195288,0.774933232292982));
#8114=CARTESIAN_POINT('',(0.249810860446791,-1.2527017195288,0.774033448112458));
#8115=CARTESIAN_POINT('',(0.270681862417901,-1.26161480552799,0.840073635606228));
#8116=CARTESIAN_POINT('',(0.270681862417901,-1.26161480552799,0.774933232292982));
#8117=CARTESIAN_POINT('',(0.270681862417901,-1.26161480552799,0.774033448112458));
#8118=CARTESIAN_POINT('',(0.312498949863933,-1.27947304238497,0.840073635606228));
#8119=CARTESIAN_POINT('',(0.312498949863933,-1.27947304238497,0.774933232292982));
#8120=CARTESIAN_POINT('',(0.312498949863933,-1.27947304238497,0.774033448112458));
#8121=CARTESIAN_POINT('',(0.357901190615742,-1.28199700487221,0.840073635606228));
#8122=CARTESIAN_POINT('',(0.357901190615742,-1.28199700487221,0.774933232292982));
#8123=CARTESIAN_POINT('',(0.357901190615742,-1.28199700487221,0.774033448112458));
#8124=CARTESIAN_POINT('',(0.380643071354512,-1.28326125203102,0.840073635606228));
#8125=CARTESIAN_POINT('',(0.380643071354512,-1.28326125203102,0.774933232292982));
#8126=CARTESIAN_POINT('',(0.380643071354512,-1.28326125203102,0.774033448112458));
#8127=CARTESIAN_POINT('',(0.250099692025067,-1.25282506636632,0.786207602972952));
#8128=CARTESIAN_POINT('',(0.259411997741437,-1.25680190223185,0.789784453222733));
#8129=CARTESIAN_POINT('',(0.268678468938753,-1.26075307121262,0.793500097916857));
#8130=CARTESIAN_POINT('',(0.277961903766544,-1.26434523119542,0.797539020656739));
#8131=CARTESIAN_POINT('',(0.278134741388469,-1.26441210950076,0.797614216725269));
#8132=CARTESIAN_POINT('',(0.278307579010394,-1.2644789878061,0.797689412793798));
#8133=CARTESIAN_POINT('',(0.27848041663232,-1.26454586611144,0.797764608862328));
#8134=CARTESIAN_POINT('',(0.277819797367377,-1.26429017920426,0.797977258618164));
#8135=CARTESIAN_POINT('',(0.286885040401159,-1.26767514020916,0.789315375332491));
#8136=CARTESIAN_POINT('',(0.274605261351377,-1.26327654069591,0.78384041299612));
#8137=CARTESIAN_POINT('',(0.262386427188174,-1.25807213956558,0.779018630511336));
#8138=CARTESIAN_POINT('',(0.250093533981774,-1.252822436563,0.774425022543287));
#8139=CARTESIAN_POINT('',(0.286549080000997,-1.26755459568009,0.790165745856353));
#8140=CARTESIAN_POINT('',(0.380643071354412,-1.28326125203108,0.828855285044797));
#8141=CARTESIAN_POINT('',(0.348040534548609,-1.28144883972446,0.81769870368322));
#8142=CARTESIAN_POINT('',(0.316504116101813,-1.27832077363491,0.803492912943428));
#8143=CARTESIAN_POINT('',(0.286549080001003,-1.26755459568008,0.790165745856348));
#8144=CARTESIAN_POINT('',(0.380643071354455,-1.28326125203106,0.828855285044384));
#8145=CARTESIAN_POINT('',(0.380643071354512,-1.28326125203102,1.71));
#8146=CARTESIAN_POINT('',(0.380643071354513,-1.28326125203102,0.839687427670506));
#8147=CARTESIAN_POINT('',(0.277636986326385,-1.2642193589097,0.798397790055249));
#8148=CARTESIAN_POINT('',(0.287711113160303,-1.26812661766242,0.802779433641245));
#8149=CARTESIAN_POINT('',(0.298159646912486,-1.27175475749528,0.807211507163961));
#8150=CARTESIAN_POINT('',(0.308849262330591,-1.2745200274975,0.811723575698416));
#8151=CARTESIAN_POINT('',(0.310291986594127,-1.27489324224577,0.812332547162662));
#8152=CARTESIAN_POINT('',(0.311739082861571,-1.27525082245755,0.812942975780786));
#8153=CARTESIAN_POINT('',(0.313190194467527,-1.27559145657023,0.813554934237446));
#8154=CARTESIAN_POINT('',(0.313232439510729,-1.27560137317674,0.813572749691015));
#8155=CARTESIAN_POINT('',(0.313274687668072,-1.27561127535733,0.813590565927085));
#8156=CARTESIAN_POINT('',(0.313316938965149,-1.27562116308902,0.813608382936059));
#8157=CARTESIAN_POINT('',(0.322160346605745,-1.27769071474801,0.817337571959702));
#8158=CARTESIAN_POINT('',(0.331140064418465,-1.27913257222491,0.821100620847964));
#8159=CARTESIAN_POINT('',(0.340379827787136,-1.28021069283257,0.824809545924297));
#8160=CARTESIAN_POINT('',(0.348675692219847,-1.28117867675666,0.828139581380471));
#8161=CARTESIAN_POINT('',(0.357182335669701,-1.28184852434202,0.831425986358644));
#8162=CARTESIAN_POINT('',(0.365990082793554,-1.28240799452646,0.834605080647216));
#8163=CARTESIAN_POINT('',(0.370781100052622,-1.28271232107807,0.836334364582209));
#8164=CARTESIAN_POINT('',(0.375661136963435,-1.28298430060068,0.838031896685648));
#8165=CARTESIAN_POINT('',(0.38064307138743,-1.28326125203285,0.839687427681445));
#8166=CARTESIAN_POINT('',(0.380643071354512,-1.28326125203102,0.867997864642983));
#8167=CARTESIAN_POINT('',(0.380643071354512,-1.28326125203102,0.828621830295834));
#8168=CARTESIAN_POINT('',(0.400643321086746,-1.28226989858961,0.867997864642983));
#8169=CARTESIAN_POINT('',(0.400643321086746,-1.28226989858961,0.828621830295834));
#8170=CARTESIAN_POINT('',(0.440921854427,-1.28027341038689,0.867997864642983));
#8171=CARTESIAN_POINT('',(0.440921854427,-1.28027341038689,0.828621830295834));
#8172=CARTESIAN_POINT('',(0.478956859011756,-1.26685714085837,0.867997864642983));
#8173=CARTESIAN_POINT('',(0.478956859011756,-1.26685714085837,0.828621830295834));
#8174=CARTESIAN_POINT('',(0.49810563494872,-1.26010270131205,0.867997864642983));
#8175=CARTESIAN_POINT('',(0.49810563494872,-1.26010270131205,0.828621830295834));
#8176=CARTESIAN_POINT('',(0.380643071354512,-1.28326125203102,0.839687427670506));
#8177=CARTESIAN_POINT('',(0.389802250173978,-1.2828072585277,0.842945467383268));
#8178=CARTESIAN_POINT('',(0.399210085902512,-1.28234608702622,0.845997222681136));
#8179=CARTESIAN_POINT('',(0.408682981114709,-1.28157946117785,0.848817795654866));
#8180=CARTESIAN_POINT('',(0.419158081308365,-1.28073172852666,0.851936777111063));
#8181=CARTESIAN_POINT('',(0.429711344444065,-1.27950341004038,0.854773071766818));
#8182=CARTESIAN_POINT('',(0.44009065493052,-1.27747152446392,0.857293013799047));
#8183=CARTESIAN_POINT('',(0.440186943542995,-1.27745267471055,0.857316391240364));
#8184=CARTESIAN_POINT('',(0.440283217261367,-1.27743375619055,0.857339741455652));
#8185=CARTESIAN_POINT('',(0.440379476023107,-1.27741476927254,0.857363064418033));
#8186=CARTESIAN_POINT('',(0.450445853777511,-1.27542918909622,0.859802091738101));
#8187=CARTESIAN_POINT('',(0.460301473365334,-1.27271061442887,0.861926756314346));
#8188=CARTESIAN_POINT('',(0.470145944552281,-1.26961069703238,0.863702591374638));
#8189=CARTESIAN_POINT('',(0.479421655007546,-1.26668987623265,0.865375828212125));
#8190=CARTESIAN_POINT('',(0.488686423140525,-1.26342518505419,0.866739378168731));
#8191=CARTESIAN_POINT('',(0.498105634948723,-1.26010270131205,0.867764409893889));
#8192=CARTESIAN_POINT('',(0.49810563494872,-1.26010270131205,0.867764409893889));
#8193=CARTESIAN_POINT('',(0.49810563494872,-1.26010270131205,0.857707486403268));
#8194=CARTESIAN_POINT('',(0.45926128855042,-1.27380445385891,0.853372053499185));
#8195=CARTESIAN_POINT('',(0.419485489480151,-1.28133594782748,0.843083372567394));
#8196=CARTESIAN_POINT('',(0.380643071354494,-1.28326125203103,0.828855285043962));
#8197=CARTESIAN_POINT('',(0.49810563494872,-1.26010270131205,0.857707486403268));
#8198=CARTESIAN_POINT('',(0.49810563494872,-1.26010270131205,1.71));
#8199=CARTESIAN_POINT('',(0.49810563494872,-1.26010270131205,0.870470358604263));
#8200=CARTESIAN_POINT('',(0.49810563494872,-1.26010270131205,0.855731686451566));
#8201=CARTESIAN_POINT('',(0.515326923427893,-1.25286391868979,0.870470358604263));
#8202=CARTESIAN_POINT('',(0.515326923427893,-1.25286391868979,0.855731686451566));
#8203=CARTESIAN_POINT('',(0.546301319169818,-1.23984416596323,0.870470358604263));
#8204=CARTESIAN_POINT('',(0.546301319169818,-1.23984416596323,0.855731686451566));
#8205=CARTESIAN_POINT('',(0.573106723609399,-1.21964943039728,0.870470358604263));
#8206=CARTESIAN_POINT('',(0.573106723609399,-1.21964943039728,0.855731686451566));
#8207=CARTESIAN_POINT('',(0.585008734726924,-1.21068265775399,0.870470358604263));
#8208=CARTESIAN_POINT('',(0.585008734726924,-1.21068265775399,0.855731686451566));
#8209=CARTESIAN_POINT('',(0.49810563494872,-1.26010270131205,0.867764409893889));
#8210=CARTESIAN_POINT('',(0.513466474385332,-1.25364593835198,0.86949546823653));
#8211=CARTESIAN_POINT('',(0.529011933732689,-1.24712059005457,0.870233298590886));
#8212=CARTESIAN_POINT('',(0.543626104560749,-1.23896208233872,0.869935752783048));
#8213=CARTESIAN_POINT('',(0.545282425533598,-1.23803742451202,0.869902029941862));
#8214=CARTESIAN_POINT('',(0.546900957752622,-1.23710613033208,0.869855487310278));
#8215=CARTESIAN_POINT('',(0.548480786265783,-1.23616843044459,0.86979736193386));
#8216=CARTESIAN_POINT('',(0.553392696341321,-1.23325298899834,0.869616641925523));
#8217=CARTESIAN_POINT('',(0.557932956623569,-1.23027990985485,0.869323954307171));
#8218=CARTESIAN_POINT('',(0.562149239598218,-1.22738549825994,0.868956478880974));
#8219=CARTESIAN_POINT('',(0.566675335451224,-1.22427840502275,0.868562001325129));
#8220=CARTESIAN_POINT('',(0.570828162402958,-1.22126208457944,0.868081341327172));
#8221=CARTESIAN_POINT('',(0.574634130197688,-1.21844910956776,0.867560491603866));
#8222=CARTESIAN_POINT('',(0.578440097992418,-1.21563613455609,0.867039641880559));
#8223=CARTESIAN_POINT('',(0.581898729076447,-1.2130256830891,0.866478602431902));
#8224=CARTESIAN_POINT('',(0.585008734726924,-1.21068265775399,0.865923365974656));
#8225=CARTESIAN_POINT('',(0.585008734726923,-1.21068265775399,0.865923365974656));
#8226=CARTESIAN_POINT('',(0.585008734726924,-1.21068265775399,0.855819069883302));
#8227=CARTESIAN_POINT('',(0.558461397100251,-1.23068297017451,0.860681164327792));
#8228=CARTESIAN_POINT('',(0.528884592506706,-1.24716509891537,0.861264885326722));
#8229=CARTESIAN_POINT('',(0.49810563494872,-1.26010270131205,0.857707486403269));
#8230=CARTESIAN_POINT('',(0.585008734726924,-1.21068265775399,0.855819069883301));
#8231=CARTESIAN_POINT('',(0.585008734726924,-1.21068265775399,1.71));
#8232=CARTESIAN_POINT('',(0.585008734726924,-1.21068265775399,1.71));
#8233=CARTESIAN_POINT('',(0.585008788753305,-1.31634311846928,0.465));
#8234=CARTESIAN_POINT('',(0.585008668073836,-1.08032789567667,0.849229488112393));
#8235=CARTESIAN_POINT('',(0.585008788753305,-1.31634311846928,0.465));
#8236=CARTESIAN_POINT('',(0.58500866806997,-1.08032789567917,0.838674055223944));
#8237=CARTESIAN_POINT('',(0.585008668073836,-1.08032789567667,1.71));
#8238=CARTESIAN_POINT('',(0.585008668073836,-1.08032789567667,1.71));
#8239=CARTESIAN_POINT('',(0.432599509094537,-1.08032797360678,0.465));
#8240=CARTESIAN_POINT('',(0.379210518964976,-1.08032800090573,0.867508938532157));
#8241=CARTESIAN_POINT('',(0.432599509094537,-1.08032797360678,0.465));
#8242=CARTESIAN_POINT('',(0.379210518964978,-1.08032800090573,0.857445468311585));
#8243=CARTESIAN_POINT('',(0.379210518964976,-1.08032800090573,1.71));
#8244=CARTESIAN_POINT('',(0.379210518964976,-1.08032800090573,1.71));
#8245=CARTESIAN_POINT('',(0.37921047669091,-0.99765177275456,0.465));
#8246=CARTESIAN_POINT('',(0.379210476971053,-0.998199654939402,0.869999890941412));
#8247=CARTESIAN_POINT('',(0.37921047669091,-0.99765177275456,0.465));
#8248=CARTESIAN_POINT('',(0.379210476971074,-0.998199654939389,0.859999888214521));
#8249=CARTESIAN_POINT('',(0.379210476971053,-0.998199654939402,1.71));
#8250=CARTESIAN_POINT('',(0.379210476971053,-0.998199654939403,1.71));
#8251=CARTESIAN_POINT('',(0.379563909816841,-0.998199085691165,0.465));
#8252=CARTESIAN_POINT('',(0.652991855748563,-0.997758695449606,0.798397790055249));
#8253=CARTESIAN_POINT('',(0.379563909816841,-0.998199085691165,0.465));
#8254=CARTESIAN_POINT('',(0.646240548441607,-0.997769569282731,0.790165745856354));
#8255=CARTESIAN_POINT('',(0.990557221096368,-0.99721500379336,1.21));
#8256=CARTESIAN_POINT('',(0.675731663555506,-0.997722070117038,0.774101396565089));
#8257=CARTESIAN_POINT('',(0.675731663555506,-0.997722070117038,1.71));
#8258=CARTESIAN_POINT('',(0.675731663555506,-0.997722070117038,0.785844848579549));
#8259=CARTESIAN_POINT('',(0.990557221096368,-0.99721500379336,1.21));
#8260=CARTESIAN_POINT('',(0.665226865761962,-0.850655214097283,1.71));
#8261=CARTESIAN_POINT('',(0.861202862230918,-0.796901821980689,1.21));
#8262=CARTESIAN_POINT('',(0.665226865761979,-0.850655214097278,0.749083341398482));
#8263=CARTESIAN_POINT('',(0.581666082889272,-0.873574732855983,0.793358532450408));
#8264=CARTESIAN_POINT('',(0.665226865761962,-0.850655214097283,1.71));
#8265=CARTESIAN_POINT('',(0.665226865761934,-0.850655214097301,0.738254129666577));
#8266=CARTESIAN_POINT('',(0.861202862230918,-0.796901821980689,1.21));
#8267=CARTESIAN_POINT('',(0.581666082889337,-0.873574732855965,0.781409154925221));
#8268=CARTESIAN_POINT('',(0.581666082889272,-0.873574732855983,1.71));
#8269=CARTESIAN_POINT('',(0.581666082889272,-0.873574732855983,0.793477898094389));
#8270=CARTESIAN_POINT('',(0.581666082889272,-0.873574732855983,0.773344892810006));
#8271=CARTESIAN_POINT('',(0.57653118067799,-0.857299302526287,0.793477898094389));
#8272=CARTESIAN_POINT('',(0.57653118067799,-0.857299302526287,0.773344892810006));
#8273=CARTESIAN_POINT('',(0.567142743325155,-0.827541996203086,0.793477898094389));
#8274=CARTESIAN_POINT('',(0.567142743325155,-0.827541996203086,0.773344892810006));
#8275=CARTESIAN_POINT('',(0.5501917378553,-0.801386542154728,0.793477898094389));
#8276=CARTESIAN_POINT('',(0.5501917378553,-0.801386542154728,0.773344892810006));
#8277=CARTESIAN_POINT('',(0.542511897777449,-0.789536525079801,0.793477898094389));
#8278=CARTESIAN_POINT('',(0.542511897777449,-0.789536525079801,0.773344892810006));
#8279=CARTESIAN_POINT('',(0.581666082889272,-0.873574732855983,0.793358532450409));
#8280=CARTESIAN_POINT('',(0.57241066798303,-0.844239050445518,0.787958716450952));
#8281=CARTESIAN_POINT('',(0.559512406337101,-0.815768362549364,0.785175939031067));
#8282=CARTESIAN_POINT('',(0.542511924961695,-0.789536567025179,0.785207764460475));
#8283=CARTESIAN_POINT('',(0.542511897777449,-0.789536525079801,0.773481451331758));
#8284=CARTESIAN_POINT('',(0.559485230687066,-0.815726430437006,0.773450530294764));
#8285=CARTESIAN_POINT('',(0.572396495555529,-0.844194129949098,0.776151851151747));
#8286=CARTESIAN_POINT('',(0.581666082889272,-0.873574732855983,0.781409154925262));
#8287=CARTESIAN_POINT('',(0.612225462961932,-0.736057712025137,0.749191145888503));
#8288=CARTESIAN_POINT('',(0.612225462961932,-0.736057712025137,0.731008121904925));
#8289=CARTESIAN_POINT('',(0.623320568991548,-0.752519684073517,0.749191145888503));
#8290=CARTESIAN_POINT('',(0.623320568991548,-0.752519684073517,0.731008121904925));
#8291=CARTESIAN_POINT('',(0.647119187244661,-0.787830044103159,0.749191145888503));
#8292=CARTESIAN_POINT('',(0.647119187244661,-0.787830044103159,0.731008121904925));
#8293=CARTESIAN_POINT('',(0.658925011257029,-0.828790728256517,0.749191145888503));
#8294=CARTESIAN_POINT('',(0.658925011257029,-0.828790728256517,0.731008121904925));
#8295=CARTESIAN_POINT('',(0.665226865761962,-0.850655214097283,0.749191145888503));
#8296=CARTESIAN_POINT('',(0.665226865761962,-0.850655214097283,0.731008121904925));
#8297=CARTESIAN_POINT('',(0.612225489989881,-0.736057752126903,0.742056776086208));
#8298=CARTESIAN_POINT('',(0.635982202117326,-0.771305935421374,0.741742180823206));
#8299=CARTESIAN_POINT('',(0.653550686318668,-0.810144335924523,0.743967426260804));
#8300=CARTESIAN_POINT('',(0.665226865761949,-0.850655214097292,0.749083341398406));
#8301=CARTESIAN_POINT('',(0.612225476475907,-0.73605773207602,0.742056776265165));
#8302=CARTESIAN_POINT('',(0.612225462961932,-0.736057712025137,1.71));
#8303=CARTESIAN_POINT('',(0.612225462961932,-0.736057712025137,0.731386522889434));
#8304=CARTESIAN_POINT('',(0.665226865761906,-0.850655214097319,0.738254129666304));
#8305=CARTESIAN_POINT('',(0.653536921050928,-0.810096576887838,0.733249760656748));
#8306=CARTESIAN_POINT('',(0.635951380432613,-0.771260204834306,0.731079339943646));
#8307=CARTESIAN_POINT('',(0.612225462961932,-0.736057712025137,0.731386522889419));
#8308=CARTESIAN_POINT('',(0.516011163295126,-0.66753804972714,0.761083597251345));
#8309=CARTESIAN_POINT('',(0.516011163295126,-0.66753804972714,0.731209403161507));
#8310=CARTESIAN_POINT('',(0.535082001941244,-0.676199525903022,0.761083597251345));
#8311=CARTESIAN_POINT('',(0.535082001941244,-0.676199525903022,0.731209403161507));
#8312=CARTESIAN_POINT('',(0.57164627532272,-0.692806062650506,0.761083597251345));
#8313=CARTESIAN_POINT('',(0.57164627532272,-0.692806062650506,0.731209403161507));
#8314=CARTESIAN_POINT('',(0.59909376731094,-0.722061189939953,0.761083597251345));
#8315=CARTESIAN_POINT('',(0.59909376731094,-0.722061189939953,0.731209403161507));
#8316=CARTESIAN_POINT('',(0.612225462961932,-0.736057712025137,0.761083597251345));
#8317=CARTESIAN_POINT('',(0.612225462961932,-0.736057712025137,0.731209403161507));
#8318=CARTESIAN_POINT('',(0.516011051187381,-0.667537998810734,0.760906472622592));
#8319=CARTESIAN_POINT('',(0.551483824981562,-0.683648804990401,0.750598906442644));
#8320=CARTESIAN_POINT('',(0.584593957329528,-0.70660645233183,0.744780495585334));
#8321=CARTESIAN_POINT('',(0.612225496466061,-0.736057747735779,0.742056773141521));
#8322=CARTESIAN_POINT('',(0.516011163295126,-0.66753804972714,0.760906440046682));
#8323=CARTESIAN_POINT('',(0.516011163295126,-0.66753804972714,1.71));
#8324=CARTESIAN_POINT('',(0.516011163295126,-0.66753804972714,0.74979892917167));
#8325=CARTESIAN_POINT('',(0.612225462961932,-0.736057712025137,0.731386522889434));
#8326=CARTESIAN_POINT('',(0.584687862844143,-0.706706542270264,0.734040469154924));
#8327=CARTESIAN_POINT('',(0.551616414890228,-0.68370902385942,0.739702586530929));
#8328=CARTESIAN_POINT('',(0.516011163295126,-0.66753804972714,0.749798929169333));
#8329=CARTESIAN_POINT('',(0.378732862118535,-0.642947329648751,0.822016547401071));
#8330=CARTESIAN_POINT('',(0.378732862118535,-0.642947329648751,0.74936820779058));
#8331=CARTESIAN_POINT('',(0.403041414130659,-0.64381834335396,0.822016547401071));
#8332=CARTESIAN_POINT('',(0.403041414130659,-0.64381834335396,0.74936820779058));
#8333=CARTESIAN_POINT('',(0.449990785907627,-0.645500613291235,0.822016547401071));
#8334=CARTESIAN_POINT('',(0.449990785907627,-0.645500613291235,0.74936820779058));
#8335=CARTESIAN_POINT('',(0.49453176465977,-0.660368280318979,0.822016547401071));
#8336=CARTESIAN_POINT('',(0.49453176465977,-0.660368280318979,0.74936820779058));
#8337=CARTESIAN_POINT('',(0.516011163295126,-0.66753804972714,0.822016547401071));
#8338=CARTESIAN_POINT('',(0.516011163295126,-0.66753804972714,0.74936820779058));
#8339=CARTESIAN_POINT('',(0.425567704678837,-0.645578407739467,0.798397790055331));
#8340=CARTESIAN_POINT('',(0.455026528275884,-0.648445467579006,0.782402759561769));
#8341=CARTESIAN_POINT('',(0.485516415598483,-0.657358979406952,0.770742174210394));
#8342=CARTESIAN_POINT('',(0.516011047101739,-0.667538010942079,0.760906477523531));
#8343=CARTESIAN_POINT('',(0.425567704678911,-0.645578407739474,0.79839779005529));
#8344=CARTESIAN_POINT('',(0.378732862118535,-0.64294732964875,0.821585826019981));
#8345=CARTESIAN_POINT('',(0.394268067360549,-0.643503980520932,0.814720746204455));
#8346=CARTESIAN_POINT('',(0.410191294566603,-0.644081909151734,0.806746600991931));
#8347=CARTESIAN_POINT('',(0.425567704678985,-0.645578407739481,0.798397790055249));
#8348=CARTESIAN_POINT('',(0.378732862118535,-0.642947329648751,0.821585826019981));
#8349=CARTESIAN_POINT('',(0.378732862118535,-0.642947329648751,1.71));
#8350=CARTESIAN_POINT('',(0.378732862118535,-0.642947329648751,0.810186111131882));
#8351=CARTESIAN_POINT('',(0.418400904601187,-0.644945865458318,0.790165745856353));
#8352=CARTESIAN_POINT('',(0.414164484366505,-0.644608167267923,0.792493876156122));
#8353=CARTESIAN_POINT('',(0.409795795990166,-0.644320795474007,0.794839800555214));
#8354=CARTESIAN_POINT('',(0.396558040409078,-0.643587931983854,0.801738808448758));
#8355=CARTESIAN_POINT('',(0.387807232493911,-0.643272478631674,0.806043674629731));
#8356=CARTESIAN_POINT('',(0.378732862118535,-0.64294732964875,0.810186111131882));
#8357=CARTESIAN_POINT('',(0.418400904601015,-0.644945865458304,0.790165745855822));
#8358=CARTESIAN_POINT('',(0.516011163295126,-0.66753804972714,0.74979892917167));
#8359=CARTESIAN_POINT('',(0.483080880975636,-0.656546004056562,0.760163855192871));
#8360=CARTESIAN_POINT('',(0.450083488481601,-0.647471382439792,0.772754540304002));
#8361=CARTESIAN_POINT('',(0.418400904600839,-0.64494586545829,0.79016574585529));
#8362=CARTESIAN_POINT('',(0.193944329185238,-0.685921478948526,0.870133403847135));
#8363=CARTESIAN_POINT('',(0.193944329185238,-0.685921478948526,0.809828572606741));
#8364=CARTESIAN_POINT('',(0.222289141097623,-0.673391880091148,0.870133403847135));
#8365=CARTESIAN_POINT('',(0.222289141097623,-0.673391880091148,0.809828572606741));
#8366=CARTESIAN_POINT('',(0.28111355683583,-0.647389014575668,0.870133403847135));
#8367=CARTESIAN_POINT('',(0.28111355683583,-0.647389014575668,0.809828572606741));
#8368=CARTESIAN_POINT('',(0.345415238059794,-0.644463283774359,0.870133403847135));
#8369=CARTESIAN_POINT('',(0.345415238059794,-0.644463283774359,0.809828572606741));
#8370=CARTESIAN_POINT('',(0.378732862118535,-0.642947329648751,0.870133403847135));
#8371=CARTESIAN_POINT('',(0.378732862118535,-0.642947329648751,0.809828572606741));
#8372=CARTESIAN_POINT('',(0.193944329185238,-0.685921478948526,0.869775865321994));
#8373=CARTESIAN_POINT('',(0.204559537267332,-0.681229110572,0.869394341902331));
#8374=CARTESIAN_POINT('',(0.215239794295715,-0.676504389992743,0.86852338012256));
#8375=CARTESIAN_POINT('',(0.226138291608582,-0.672009623991032,0.867136895125405));
#8376=CARTESIAN_POINT('',(0.235097072518779,-0.668314837205664,0.865997176963513));
#8377=CARTESIAN_POINT('',(0.244203203712641,-0.664774936119044,0.864509111205337));
#8378=CARTESIAN_POINT('',(0.253549636584203,-0.661568739636892,0.862658208953103));
#8379=CARTESIAN_POINT('',(0.262215687782879,-0.658595941003535,0.860942044732803));
#8380=CARTESIAN_POINT('',(0.271088182417153,-0.655909416765277,0.858913947254928));
#8381=CARTESIAN_POINT('',(0.280250497235304,-0.653690819202461,0.856562367066196));
#8382=CARTESIAN_POINT('',(0.281348026291913,-0.653425059365734,0.856280677598271));
#8383=CARTESIAN_POINT('',(0.282449727485318,-0.653166070717311,0.855994346476952));
#8384=CARTESIAN_POINT('',(0.283555628887435,-0.652913679957156,0.855703353850712));
#8385=CARTESIAN_POINT('',(0.299388786649097,-0.649300208886873,0.851537221002056));
#8386=CARTESIAN_POINT('',(0.315549380023309,-0.647168332193119,0.846563935456755));
#8387=CARTESIAN_POINT('',(0.33156804438559,-0.64575787367449,0.840854134917428));
#8388=CARTESIAN_POINT('',(0.343216549759151,-0.644732211780224,0.836702063261508));
#8389=CARTESIAN_POINT('',(0.354788902151142,-0.644083391506614,0.832160525742147));
#8390=CARTESIAN_POINT('',(0.366108242133108,-0.643534378432883,0.827256684767691));
#8391=CARTESIAN_POINT('',(0.370354908446268,-0.643328405705727,0.825416915284268));
#8392=CARTESIAN_POINT('',(0.374566066777504,-0.643136919115775,0.823526150924711));
#8393=CARTESIAN_POINT('',(0.378732862118535,-0.642947329648751,0.821585826019981));
#8394=CARTESIAN_POINT('',(0.193944329185237,-0.685921478948525,0.869775865321994));
#8395=CARTESIAN_POINT('',(0.193944329185238,-0.685921478948526,1.71));
#8396=CARTESIAN_POINT('',(0.193944329185238,-0.685921478948526,0.859770187763931));
#8397=CARTESIAN_POINT('',(0.378732862118535,-0.642947329648751,0.810186111131882));
#8398=CARTESIAN_POINT('',(0.318702975989414,-0.645678693487204,0.839063011260964));
#8399=CARTESIAN_POINT('',(0.254937527921756,-0.658959920143368,0.857522456624569));
#8400=CARTESIAN_POINT('',(0.193944329185238,-0.685921478948526,0.859770187763931));
#8401=CARTESIAN_POINT('',(0.0709907431131503,-0.817470035917949,0.870308703849413));
#8402=CARTESIAN_POINT('',(0.0709907431131503,-0.817470035917949,0.82535243210887));
#8403=CARTESIAN_POINT('',(0.0865079065649745,-0.79000289794517,0.870308703849413));
#8404=CARTESIAN_POINT('',(0.0865079065649745,-0.79000289794517,0.82535243210887));
#8405=CARTESIAN_POINT('',(0.11690738515579,-0.736192375464896,0.870308703849413));
#8406=CARTESIAN_POINT('',(0.11690738515579,-0.736192375464896,0.82535243210887));
#8407=CARTESIAN_POINT('',(0.168625365779501,-0.702443512698787,0.870308703849413));
#8408=CARTESIAN_POINT('',(0.168625365779501,-0.702443512698787,0.82535243210887));
#8409=CARTESIAN_POINT('',(0.193944329185238,-0.685921478948526,0.870308703849413));
#8410=CARTESIAN_POINT('',(0.193944329185238,-0.685921478948526,0.82535243210887));
#8411=CARTESIAN_POINT('',(0.0709907431131503,-0.817470035917949,0.836545478292215));
#8412=CARTESIAN_POINT('',(0.0762538641085081,-0.808153715251756,0.840655958093058));
#8413=CARTESIAN_POINT('',(0.0816406468895888,-0.798607340155739,0.844437269098732));
#8414=CARTESIAN_POINT('',(0.0873463722318375,-0.789144589148819,0.847862954077871));
#8415=CARTESIAN_POINT('',(0.0950555907245206,-0.776359113038704,0.852491524926827));
#8416=CARTESIAN_POINT('',(0.103352488230924,-0.763731405195312,0.856470874831224));
#8417=CARTESIAN_POINT('',(0.112781399864514,-0.752094146534164,0.859735744421723));
#8418=CARTESIAN_POINT('',(0.115586619097911,-0.74863191641802,0.860707083991517));
#8419=CARTESIAN_POINT('',(0.118491917626057,-0.745257242202783,0.861615182266711));
#8420=CARTESIAN_POINT('',(0.121510501783992,-0.741990990013113,0.862458320711443));
#8421=CARTESIAN_POINT('',(0.122036407650258,-0.74142193475496,0.862605214563315));
#8422=CARTESIAN_POINT('',(0.122565142783472,-0.7408568241161,0.862749948580282));
#8423=CARTESIAN_POINT('',(0.123096786091746,-0.740295703359156,0.862892523986605));
#8424=CARTESIAN_POINT('',(0.129723488166978,-0.733301577736543,0.864669664272677));
#8425=CARTESIAN_POINT('',(0.136798298673358,-0.726923839703941,0.866111431244595));
#8426=CARTESIAN_POINT('',(0.144143899451348,-0.720939477430828,0.867220195755609));
#8427=CARTESIAN_POINT('',(0.152309924804802,-0.714286726277659,0.868452797333289));
#8428=CARTESIAN_POINT('',(0.160811365669728,-0.708120843554357,0.869273856831137));
#8429=CARTESIAN_POINT('',(0.169453797897893,-0.702181727238853,0.869686631527565));
#8430=CARTESIAN_POINT('',(0.1775383074941,-0.6966260177374,0.870072759055816));
#8431=CARTESIAN_POINT('',(0.185747747597458,-0.691270204939392,0.870101614889415));
#8432=CARTESIAN_POINT('',(0.193944329185238,-0.685921478948526,0.869775865321994));
#8433=CARTESIAN_POINT('',(0.0709907431131503,-0.817470035917949,0.836545478292215));
#8434=CARTESIAN_POINT('',(0.0709907431131503,-0.817470035917949,1.71));
#8435=CARTESIAN_POINT('',(0.0709907431131503,-0.817470035917949,0.825618971269387));
#8436=CARTESIAN_POINT('',(0.193944329185238,-0.685921478948526,0.859770187763931));
#8437=CARTESIAN_POINT('',(0.141695275463507,-0.720016896488963,0.861899305964902));
#8438=CARTESIAN_POINT('',(0.099736110796967,-0.766587477214422,0.848749227426962));
#8439=CARTESIAN_POINT('',(0.0709907431131495,-0.81747003591795,0.825618971269392));
#8440=CARTESIAN_POINT('',(0.0281945756506798,-1.00941601991242,0.837084415187918));
#8441=CARTESIAN_POINT('',(0.0281945756506798,-1.00941601991242,0.746183725446175));
#8442=CARTESIAN_POINT('',(0.0281945756506798,-1.00941601991242,0.7452458348608));
#8443=CARTESIAN_POINT('',(0.0282148845804973,-1.0090197212019,0.837084415187918));
#8444=CARTESIAN_POINT('',(0.0282148845804973,-1.0090197212019,0.746183725446175));
#8445=CARTESIAN_POINT('',(0.0282148845804973,-1.0090197212019,0.7452458348608));
#8446=CARTESIAN_POINT('',(0.0282351935103149,-1.00862342249138,0.837084415187918));
#8447=CARTESIAN_POINT('',(0.0282351935103149,-1.00862342249138,0.746183725446175));
#8448=CARTESIAN_POINT('',(0.0282351935103149,-1.00862342249138,0.7452458348608));
#8449=CARTESIAN_POINT('',(0.0282555024401324,-1.00822712378086,0.837084415187918));
#8450=CARTESIAN_POINT('',(0.0282555024401324,-1.00822712378086,0.746183725446176));
#8451=CARTESIAN_POINT('',(0.0282555024401324,-1.00822712378086,0.745245834860802));
#8452=CARTESIAN_POINT('',(0.0299642701496237,-0.974883050708849,0.837084415187918));
#8453=CARTESIAN_POINT('',(0.0299642701496237,-0.974883050708849,0.746183725446176));
#8454=CARTESIAN_POINT('',(0.0299642701496237,-0.974883050708849,0.745245834860802));
#8455=CARTESIAN_POINT('',(0.0333481742089306,-0.908851170778366,0.837084415187918));
#8456=CARTESIAN_POINT('',(0.0333481742089306,-0.908851170778366,0.746183725446176));
#8457=CARTESIAN_POINT('',(0.0333481742089306,-0.908851170778366,0.745245834860802));
#8458=CARTESIAN_POINT('',(0.0585266332479281,-0.847727920479629,0.837084415187918));
#8459=CARTESIAN_POINT('',(0.0585266332479281,-0.847727920479629,0.746183725446176));
#8460=CARTESIAN_POINT('',(0.0585266332479281,-0.847727920479629,0.745245834860802));
#8461=CARTESIAN_POINT('',(0.0709907431131503,-0.817470035917949,0.837084415187918));
#8462=CARTESIAN_POINT('',(0.0709907431131503,-0.817470035917949,0.746183725446176));
#8463=CARTESIAN_POINT('',(0.0709907431131503,-0.817470035917949,0.745245834860802));
#8464=CARTESIAN_POINT('',(0.0415805735596834,-0.898713917434567,0.798381912548981));
#8465=CARTESIAN_POINT('',(0.0488028760881839,-0.871476173267026,0.812759119964089));
#8466=CARTESIAN_POINT('',(0.0596546979133628,-0.844989429661278,0.825938048973692));
#8467=CARTESIAN_POINT('',(0.0709907431131503,-0.817470035917949,0.836545478292215));
#8468=CARTESIAN_POINT('',(0.0415859363760578,-0.898716475700219,0.798384065240153));
#8469=CARTESIAN_POINT('',(0.0282554595787042,-1.0082279601582,0.757754380394542));
#8470=CARTESIAN_POINT('',(0.0301976785243716,-0.970328431693035,0.768218237200226));
#8471=CARTESIAN_POINT('',(0.0325747189117339,-0.932678039997412,0.780459039997403));
#8472=CARTESIAN_POINT('',(0.0415805732817237,-0.898713918484988,0.798381914114408));
#8473=CARTESIAN_POINT('',(0.0282555230370789,-1.00822754856218,0.757754510815517));
#8474=CARTESIAN_POINT('',(0.0282555024401324,-1.00822712378086,1.71));
#8475=CARTESIAN_POINT('',(0.0282555479033202,-1.00822688132717,0.746722752281914));
#8476=CARTESIAN_POINT('',(0.0437284476794356,-0.890989825707375,0.789368711853915));
#8477=CARTESIAN_POINT('',(0.0332761576007661,-0.926952340867355,0.769828728259184));
#8478=CARTESIAN_POINT('',(0.0303519565049601,-0.967318769717865,0.756757517535512));
#8479=CARTESIAN_POINT('',(0.028268370190091,-1.00797603041814,0.745790365537331));
#8480=CARTESIAN_POINT('',(0.0436141837201739,-0.891383814459696,0.790154953380212));
#8481=CARTESIAN_POINT('',(0.0709907431131503,-0.817470035917949,0.825618971269387));
#8482=CARTESIAN_POINT('',(0.0606582036670749,-0.842553318171477,0.815657601540339));
#8483=CARTESIAN_POINT('',(0.0507454293438312,-0.866741896002305,0.803507458239776));
#8484=CARTESIAN_POINT('',(0.0436141833670322,-0.891383813480533,0.79015495176347));
#8485=CARTESIAN_POINT('',(0.0716172824854605,-1.19582463268463,0.757969259735092));
#8486=CARTESIAN_POINT('',(0.0716172824854605,-1.19582463268463,0.721752376300309));
#8487=CARTESIAN_POINT('',(0.0716172824854605,-1.19582463268463,0.720748904269408));
#8488=CARTESIAN_POINT('',(0.0714880725624026,-1.19552493463787,0.757969259735092));
#8489=CARTESIAN_POINT('',(0.0714880725624026,-1.19552493463787,0.721752376300309));
#8490=CARTESIAN_POINT('',(0.0714880725624026,-1.19552493463787,0.720748904269408));
#8491=CARTESIAN_POINT('',(0.0713588626393448,-1.1952252365911,0.757969259735092));
#8492=CARTESIAN_POINT('',(0.0713588626393448,-1.1952252365911,0.721752376300309));
#8493=CARTESIAN_POINT('',(0.0713588626393448,-1.1952252365911,0.720748904269408));
#8494=CARTESIAN_POINT('',(0.0712296527162869,-1.19492553854433,0.757969259735092));
#8495=CARTESIAN_POINT('',(0.0712296527162869,-1.19492553854433,0.721752376300309));
#8496=CARTESIAN_POINT('',(0.0712296527162869,-1.19492553854433,0.720748904269408));
#8497=CARTESIAN_POINT('',(0.0586975628375574,-1.16585777989479,0.757969259735092));
#8498=CARTESIAN_POINT('',(0.0586975628375574,-1.16585777989479,0.721752376300309));
#8499=CARTESIAN_POINT('',(0.0586975628375574,-1.16585777989479,0.720748904269408));
#8500=CARTESIAN_POINT('',(0.033009705370797,-1.10627566324122,0.757969259735092));
#8501=CARTESIAN_POINT('',(0.033009705370797,-1.10627566324122,0.721752376300309));
#8502=CARTESIAN_POINT('',(0.033009705370797,-1.10627566324122,0.720748904269408));
#8503=CARTESIAN_POINT('',(0.0298656814266184,-1.04143472980802,0.757969259735092));
#8504=CARTESIAN_POINT('',(0.0298656814266184,-1.04143472980802,0.721752376300309));
#8505=CARTESIAN_POINT('',(0.0298656814266184,-1.04143472980802,0.720748904269408));
#8506=CARTESIAN_POINT('',(0.0282555024401324,-1.00822712378086,0.757969259735092));
#8507=CARTESIAN_POINT('',(0.0282555024401324,-1.00822712378086,0.721752376300309));
#8508=CARTESIAN_POINT('',(0.0282555024401324,-1.00822712378086,0.720748904269408));
#8509=CARTESIAN_POINT('',(0.0282366382964661,-1.00783807818024,0.757969259735092));
#8510=CARTESIAN_POINT('',(0.0282366382964661,-1.00783807818024,0.721752376300309));
#8511=CARTESIAN_POINT('',(0.0282366382964661,-1.00783807818024,0.720748904269408));
#8512=CARTESIAN_POINT('',(0.0282177741527998,-1.00744903257961,0.757969259735092));
#8513=CARTESIAN_POINT('',(0.0282177741527998,-1.00744903257961,0.721752376300309));
#8514=CARTESIAN_POINT('',(0.0282177741527998,-1.00744903257961,0.720748904269408));
#8515=CARTESIAN_POINT('',(0.0281989100091336,-1.00705998697899,0.757969259735092));
#8516=CARTESIAN_POINT('',(0.0281989100091336,-1.00705998697899,0.721752376300309));
#8517=CARTESIAN_POINT('',(0.0281989100091336,-1.00705998697899,0.720748904269408));
#8518=CARTESIAN_POINT('',(0.0712297093627891,-1.19492566993398,0.732426845798733));
#8519=CARTESIAN_POINT('',(0.0454861210951571,-1.13521428757254,0.73576475225564));
#8520=CARTESIAN_POINT('',(0.0313248103363676,-1.07152714708229,0.742778564202702));
#8521=CARTESIAN_POINT('',(0.0282555436340258,-1.0082279733435,0.757754410316864));
#8522=CARTESIAN_POINT('',(0.071229681039538,-1.19492560423915,0.732426849471119));
#8523=CARTESIAN_POINT('',(0.0712296527162869,-1.19492553854433,1.71));
#8524=CARTESIAN_POINT('',(0.0712297020684012,-1.19492561456782,0.721967100984926));
#8525=CARTESIAN_POINT('',(0.0282448764809922,-1.0080079787865,0.745773290802022));
#8526=CARTESIAN_POINT('',(0.0313189025928857,-1.07140530846064,0.731122205880721));
#8527=CARTESIAN_POINT('',(0.0454512182662932,-1.13513332382825,0.724238090650523));
#8528=CARTESIAN_POINT('',(0.0712098493309771,-1.19487960525984,0.720969613652387));
#8529=CARTESIAN_POINT('',(0.199330884505411,-1.32318056760239,0.745898078001476));
#8530=CARTESIAN_POINT('',(0.199330884505411,-1.32318056760239,0.721595818781391));
#8531=CARTESIAN_POINT('',(0.199330884505411,-1.32318056760239,0.720586351889624));
#8532=CARTESIAN_POINT('',(0.199047495416541,-1.32300506337047,0.745898078001476));
#8533=CARTESIAN_POINT('',(0.199047495416541,-1.32300506337047,0.721595818781391));
#8534=CARTESIAN_POINT('',(0.199047495416541,-1.32300506337047,0.720586351889624));
#8535=CARTESIAN_POINT('',(0.198764106327672,-1.32282955913856,0.745898078001476));
#8536=CARTESIAN_POINT('',(0.198764106327672,-1.32282955913856,0.721595818781391));
#8537=CARTESIAN_POINT('',(0.198764106327672,-1.32282955913856,0.720586351889624));
#8538=CARTESIAN_POINT('',(0.198480717238803,-1.32265405490664,0.745898078001476));
#8539=CARTESIAN_POINT('',(0.198480717238803,-1.32265405490664,0.721595818781391));
#8540=CARTESIAN_POINT('',(0.198480717238803,-1.32265405490664,0.720586351889624));
#8541=CARTESIAN_POINT('',(0.172133668178308,-1.3063372001291,0.745898078001476));
#8542=CARTESIAN_POINT('',(0.172133668178308,-1.3063372001291,0.721595818781391));
#8543=CARTESIAN_POINT('',(0.172133668178308,-1.3063372001291,0.720586351889624));
#8544=CARTESIAN_POINT('',(0.119616280569693,-1.27381292824809,0.745898078001476));
#8545=CARTESIAN_POINT('',(0.119616280569693,-1.27381292824809,0.721595818781391));
#8546=CARTESIAN_POINT('',(0.119616280569693,-1.27381292824809,0.720586351889624));
#8547=CARTESIAN_POINT('',(0.0873223077461607,-1.22116228214539,0.745898078001476));
#8548=CARTESIAN_POINT('',(0.0873223077461607,-1.22116228214539,0.721595818781391));
#8549=CARTESIAN_POINT('',(0.0873223077461607,-1.22116228214539,0.720586351889624));
#8550=CARTESIAN_POINT('',(0.0712296527162869,-1.19492553854433,0.745898078001476));
#8551=CARTESIAN_POINT('',(0.0712296527162869,-1.19492553854433,0.721595818781391));
#8552=CARTESIAN_POINT('',(0.0712296527162869,-1.19492553854433,0.720586351889624));
#8553=CARTESIAN_POINT('',(0.0710345007982878,-1.19460737160256,0.745898078001476));
#8554=CARTESIAN_POINT('',(0.0710345007982878,-1.19460737160256,0.721595818781391));
#8555=CARTESIAN_POINT('',(0.0710345007982878,-1.19460737160256,0.720586351889624));
#8556=CARTESIAN_POINT('',(0.0708393488802886,-1.19428920466079,0.745898078001476));
#8557=CARTESIAN_POINT('',(0.0708393488802886,-1.19428920466079,0.721595818781391));
#8558=CARTESIAN_POINT('',(0.0708393488802886,-1.19428920466079,0.720586351889624));
#8559=CARTESIAN_POINT('',(0.0706441969622895,-1.19397103771902,0.745898078001476));
#8560=CARTESIAN_POINT('',(0.0706441969622895,-1.19397103771902,0.721595818781391));
#8561=CARTESIAN_POINT('',(0.0706441969622895,-1.19397103771902,0.720586351889624));
#8562=CARTESIAN_POINT('',(0.198480824857523,-1.32265412155543,0.745754008226466));
#8563=CARTESIAN_POINT('',(0.146994696104081,-1.29076851326514,0.735373475605638));
#8564=CARTESIAN_POINT('',(0.103389485026716,-1.24735748796563,0.731984429877199));
#8565=CARTESIAN_POINT('',(0.0712297285819218,-1.19492566223226,0.732426852099818));
#8566=CARTESIAN_POINT('',(0.198480771048163,-1.32265408823104,0.74575399737753));
#8567=CARTESIAN_POINT('',(0.198480717238803,-1.32265405490664,1.71));
#8568=CARTESIAN_POINT('',(0.198480316567989,-1.32265379758714,0.735000584215821));
#8569=CARTESIAN_POINT('',(0.0712260201252281,-1.19491961613065,0.720967149808248));
#8570=CARTESIAN_POINT('',(0.103375266900419,-1.24733430736974,0.720534350745873));
#8571=CARTESIAN_POINT('',(0.147013083799312,-1.29077990085417,0.723854395840406));
#8572=CARTESIAN_POINT('',(0.198618907808613,-1.32273963699418,0.734027909449334));
#8573=CARTESIAN_POINT('',(0.385895624390019,-1.36682189492558,0.82066651116101));
#8574=CARTESIAN_POINT('',(0.385895624390019,-1.36682189492558,0.734489743150003));
#8575=CARTESIAN_POINT('',(0.385895624390019,-1.36682189492558,0.733528122197181));
#8576=CARTESIAN_POINT('',(0.352611228349253,-1.36514144978937,0.82066651116101));
#8577=CARTESIAN_POINT('',(0.352611228349253,-1.36514144978937,0.734489743150003));
#8578=CARTESIAN_POINT('',(0.352611228349253,-1.36514144978937,0.733528122197181));
#8579=CARTESIAN_POINT('',(0.28741443395317,-1.36184982821676,0.82066651116101));
#8580=CARTESIAN_POINT('',(0.28741443395317,-1.36184982821676,0.734489743150003));
#8581=CARTESIAN_POINT('',(0.28741443395317,-1.36184982821676,0.733528122197181));
#8582=CARTESIAN_POINT('',(0.227706459051664,-1.33553472146639,0.82066651116101));
#8583=CARTESIAN_POINT('',(0.227706459051664,-1.33553472146639,0.734489743150003));
#8584=CARTESIAN_POINT('',(0.227706459051664,-1.33553472146639,0.733528122197181));
#8585=CARTESIAN_POINT('',(0.198480717238803,-1.32265405490664,0.82066651116101));
#8586=CARTESIAN_POINT('',(0.198480717238803,-1.32265405490664,0.734489743150003));
#8587=CARTESIAN_POINT('',(0.198480717238803,-1.32265405490664,0.733528122197181));
#8588=CARTESIAN_POINT('',(0.342120959502667,-1.3640958923437,0.798390631386404));
#8589=CARTESIAN_POINT('',(0.29535354953294,-1.36007188182582,0.77280167854858));
#8590=CARTESIAN_POINT('',(0.246307143787972,-1.34373260466829,0.757249684133031));
#8591=CARTESIAN_POINT('',(0.198480837489871,-1.32265410790491,0.745754015432471));
#8592=CARTESIAN_POINT('',(0.342120959414614,-1.3640958922452,0.798390631562823));
#8593=CARTESIAN_POINT('',(0.385895624390019,-1.36682189492558,0.820155581706399));
#8594=CARTESIAN_POINT('',(0.370983917531525,-1.36606904048796,0.813513762019334));
#8595=CARTESIAN_POINT('',(0.356402650982373,-1.36532504057992,0.806206256541381));
#8596=CARTESIAN_POINT('',(0.342107876737117,-1.36409476652168,0.798383471624808));
#8597=CARTESIAN_POINT('',(0.385895624390019,-1.36682189492558,0.820155581706398));
#8598=CARTESIAN_POINT('',(0.385895624390019,-1.36682189492558,1.71));
#8599=CARTESIAN_POINT('',(0.385895624390019,-1.36682189492558,0.808708433439173));
#8600=CARTESIAN_POINT('',(0.349262893063009,-1.36467079298678,0.790165745856353));
#8601=CARTESIAN_POINT('',(0.355252763562547,-1.36512173152708,0.793468116316928));
#8602=CARTESIAN_POINT('',(0.361266922286416,-1.36550113125024,0.796657016091483));
#8603=CARTESIAN_POINT('',(0.36735563883948,-1.36584692801068,0.79974370931147));
#8604=CARTESIAN_POINT('',(0.373444355392544,-1.36619272477112,0.802830402531456));
#8605=CARTESIAN_POINT('',(0.379607744876513,-1.36650443576145,0.805814889196873));
#8606=CARTESIAN_POINT('',(0.385895624390017,-1.36682189492558,0.808708433439173));
#8607=CARTESIAN_POINT('',(0.349262893063011,-1.36467079298678,0.790165745856352));
#8608=CARTESIAN_POINT('',(0.198668435003395,-1.32273678773169,0.734044786965615));
#8609=CARTESIAN_POINT('',(0.248881464945431,-1.34486713763708,0.745849170758112));
#8610=CARTESIAN_POINT('',(0.300690542531844,-1.3610420370325,0.762335561412896));
#8611=CARTESIAN_POINT('',(0.349684422792366,-1.36470240626579,0.789398341575038));
#8612=CARTESIAN_POINT('',(0.534872353572621,-1.33936613122765,0.866647210360051));
#8613=CARTESIAN_POINT('',(0.534872353572621,-1.33936613122765,0.808362874133482));
#8614=CARTESIAN_POINT('',(0.510571627362304,-1.34737394122101,0.866647210360051));
#8615=CARTESIAN_POINT('',(0.510571627362304,-1.34737394122101,0.808362874133482));
#8616=CARTESIAN_POINT('',(0.4621633698885,-1.36332589774298,0.866647210360051));
#8617=CARTESIAN_POINT('',(0.4621633698885,-1.36332589774298,0.808362874133482));
#8618=CARTESIAN_POINT('',(0.411250475947397,-1.36565966718395,0.866647210360051));
#8619=CARTESIAN_POINT('',(0.411250475947397,-1.36565966718395,0.808362874133482));
#8620=CARTESIAN_POINT('',(0.385895624390019,-1.36682189492558,0.866647210360051));
#8621=CARTESIAN_POINT('',(0.385895624390019,-1.36682189492558,0.808362874133482));
#8622=CARTESIAN_POINT('',(0.534872353572637,-1.33936613122765,0.86630165105436));
#8623=CARTESIAN_POINT('',(0.521665662076683,-1.34371812775751,0.864470694434432));
#8624=CARTESIAN_POINT('',(0.508702129980938,-1.34798377230924,0.861984490685181));
#8625=CARTESIAN_POINT('',(0.495739121981115,-1.35170288873878,0.858898410744898));
#8626=CARTESIAN_POINT('',(0.484446877500058,-1.35494265932108,0.856210086462892));
#8627=CARTESIAN_POINT('',(0.473155944067487,-1.35777266972546,0.853066553441283));
#8628=CARTESIAN_POINT('',(0.461706190581556,-1.35989013610784,0.849504413723538));
#8629=CARTESIAN_POINT('',(0.461583809136628,-1.35991276878685,0.849466339558341));
#8630=CARTESIAN_POINT('',(0.461461414883759,-1.35993531871211,0.849428219937684));
#8631=CARTESIAN_POINT('',(0.461339007911823,-1.3599577854574,0.849390054892803));
#8632=CARTESIAN_POINT('',(0.447517351191313,-1.36249463148989,0.845080625938481));
#8633=CARTESIAN_POINT('',(0.433532821656761,-1.36396710241647,0.840192041171416));
#8634=CARTESIAN_POINT('',(0.41973549374132,-1.36496936709848,0.834769267895925));
#8635=CARTESIAN_POINT('',(0.409027296601933,-1.36574723132456,0.83056061781295));
#8636=CARTESIAN_POINT('',(0.398432610542632,-1.3662459584533,0.826030203853899));
#8637=CARTESIAN_POINT('',(0.388110850725852,-1.366720268198,0.821199047386486));
#8638=CARTESIAN_POINT('',(0.387371025191524,-1.36675426496469,0.820852767974992));
#8639=CARTESIAN_POINT('',(0.386632597567085,-1.36678811319867,0.820504943501352));
#8640=CARTESIAN_POINT('',(0.385895624390019,-1.36682189492558,0.820155581706398));
#8641=CARTESIAN_POINT('',(0.534872353572621,-1.33936613122765,0.866301651054358));
#8642=CARTESIAN_POINT('',(0.534872353572621,-1.33936613122765,1.71));
#8643=CARTESIAN_POINT('',(0.534872353572621,-1.33936613122765,0.856207125623952));
#8644=CARTESIAN_POINT('',(0.385895624390019,-1.36682189492558,0.808708433439173));
#8645=CARTESIAN_POINT('',(0.433851610419032,-1.36462366563546,0.832199082126868));
#8646=CARTESIAN_POINT('',(0.484558719512126,-1.35594596584431,0.849051725922024));
#8647=CARTESIAN_POINT('',(0.534872353572621,-1.33936613122765,0.856207125623953));
#8648=CARTESIAN_POINT('',(0.675731796373286,-1.25747642983914,0.870360221561703));
#8649=CARTESIAN_POINT('',(0.675731796373286,-1.25747642983914,0.844754895046798));
#8650=CARTESIAN_POINT('',(0.653177751128306,-1.27434900927808,0.870360221561703));
#8651=CARTESIAN_POINT('',(0.653177751128306,-1.27434900927808,0.844754895046798));
#8652=CARTESIAN_POINT('',(0.609384529776103,-1.30711052048932,0.870360221561703));
#8653=CARTESIAN_POINT('',(0.609384529776103,-1.30711052048932,0.844754895046798));
#8654=CARTESIAN_POINT('',(0.559207566394899,-1.32883164958956,0.870360221561703));
#8655=CARTESIAN_POINT('',(0.559207566394899,-1.32883164958956,0.844754895046798));
#8656=CARTESIAN_POINT('',(0.534872353572621,-1.33936613122765,0.870360221561703));
#8657=CARTESIAN_POINT('',(0.534872353572621,-1.33936613122765,0.844754895046798));
#8658=CARTESIAN_POINT('',(0.675731796373286,-1.25747642983914,0.85529361347456));
#8659=CARTESIAN_POINT('',(0.664332244961687,-1.26600438279265,0.859229066850756));
#8660=CARTESIAN_POINT('',(0.652796685622703,-1.27463976287699,0.86237794695161));
#8661=CARTESIAN_POINT('',(0.640924272832403,-1.28295573211083,0.864736324894542));
#8662=CARTESIAN_POINT('',(0.63046968248833,-1.29027859505279,0.86681306158702));
#8663=CARTESIAN_POINT('',(0.619753076392769,-1.29735237421097,0.868276828415422));
#8664=CARTESIAN_POINT('',(0.60862383191342,-1.30386230108118,0.86912494267335));
#8665=CARTESIAN_POINT('',(0.607875004057141,-1.30430031954612,0.869182007785256));
#8666=CARTESIAN_POINT('',(0.607125884472219,-1.30473485556423,0.869236180748905));
#8667=CARTESIAN_POINT('',(0.606376452143665,-1.30516584356361,0.869287492925851));
#8668=CARTESIAN_POINT('',(0.596896295445692,-1.31061774844328,0.869936580854714));
#8669=CARTESIAN_POINT('',(0.587368234785156,-1.31550561155065,0.870127894213733));
#8670=CARTESIAN_POINT('',(0.577947006378504,-1.32003788020842,0.869924914455936));
#8671=CARTESIAN_POINT('',(0.56868472133171,-1.32449368601261,0.869725359122567));
#8672=CARTESIAN_POINT('',(0.559525744189748,-1.32860588080876,0.869144702503055));
#8673=CARTESIAN_POINT('',(0.550591829075105,-1.33252881501433,0.868243267007793));
#8674=CARTESIAN_POINT('',(0.54526536934344,-1.33486769453219,0.867705825157877));
#8675=CARTESIAN_POINT('',(0.540018418954249,-1.33713844858247,0.867054358483143));
#8676=CARTESIAN_POINT('',(0.534872353572621,-1.33936613122765,0.866301651054358));
#8677=CARTESIAN_POINT('',(0.675731796373286,-1.25747642983914,0.85529361347456));
#8678=CARTESIAN_POINT('',(0.675731796373286,-1.25747642983914,1.71));
#8679=CARTESIAN_POINT('',(0.675731796373286,-1.25747642983954,0.84490670528312));
#8680=CARTESIAN_POINT('',(0.534872353572621,-1.33936613122765,0.856207125623952));
#8681=CARTESIAN_POINT('',(0.585003160323901,-1.31766498289249,0.863728891064924));
#8682=CARTESIAN_POINT('',(0.633267221172622,-1.28924398686191,0.859967513557692));
#8683=CARTESIAN_POINT('',(0.675731796373306,-1.25747642983913,0.844906705283231));
#8684=CARTESIAN_POINT('',(0.675731663555506,-0.997722070117038,1.71));
#8685=CARTESIAN_POINT('',(0.675731898308649,-1.45683343436095,0.465));
#8686=CARTESIAN_POINT('',(0.67573168157989,-1.03297271456803,0.798397790055249));
#8687=CARTESIAN_POINT('',(0.675731414013521,-0.509687875317509,1.21));
#8688=CARTESIAN_POINT('',(0.675731414013521,-0.509687875317509,1.21));
#8689=CARTESIAN_POINT('',(0.675731686931217,-1.04343841135304,0.790165745856354));
#8690=CARTESIAN_POINT('',(0.675731898308649,-1.45683343436095,0.465));
#8691=CARTESIAN_POINT('',(-0.970050078548881,1.09176119550533,0.465));
#8692=CARTESIAN_POINT('',(0.286549080000998,-1.26755459568009,0.790165745856357));
#8693=CARTESIAN_POINT('',(0.307453684355003,-1.29992666144899,0.790165745856357));
#8694=CARTESIAN_POINT('',(0.328358288709008,-1.33229872721788,0.790165745856357));
#8695=CARTESIAN_POINT('',(0.349262893063014,-1.36467079298678,0.790165745856357));
#8696=CARTESIAN_POINT('',(-0.781657182836135,1.21341790336252,0.790165745856354));
#8697=CARTESIAN_POINT('',(-0.538415722548798,1.37049365274775,1.21));
#8698=CARTESIAN_POINT('',(-0.538415722548798,1.37049365274775,1.21));
#8699=CARTESIAN_POINT('',(-0.781657182836135,1.21341790336252,0.790165745856354));
#8700=CARTESIAN_POINT('',(-1.40168443454896,0.813028738262922,1.209));
#8701=CARTESIAN_POINT('',(0.124594923716959,-1.0158960215707,0.78948886225436));
#8702=CARTESIAN_POINT('',(0.097736761428473,-0.974304505112839,0.78948886225436));
#8703=CARTESIAN_POINT('',(0.0708785991399867,-0.932712988654983,0.78948886225436));
#8704=CARTESIAN_POINT('',(0.0440204368515004,-0.891121472197127,0.78948886225436));
#8705=CARTESIAN_POINT('',(-0.970050078548881,1.09176119550533,0.465));
#8706=CARTESIAN_POINT('',(-1.40168443454896,0.813028738262922,1.21));
#8707=CARTESIAN_POINT('',(-1.16321241465942,0.967024570993536,0.798397790055249));
#8708=CARTESIAN_POINT('',(-0.587330728721969,0.0755331254155176,0.797901441702824));
#8709=CARTESIAN_POINT('',(-0.587307423187649,0.0771648469762648,0.79913287564131));
#8710=CARTESIAN_POINT('',(-0.587316571707583,0.0765241535151936,0.798887847112623));
#8711=CARTESIAN_POINT('',(-0.587325720227517,0.0758834600541225,0.798642818583936));
#8712=CARTESIAN_POINT('',(-0.587334868747451,0.0752427665930513,0.798397790055249));
#8713=CARTESIAN_POINT('',(-0.587514012068004,0.062696917111257,0.793599721670859));
#8714=CARTESIAN_POINT('',(-0.58773187289641,0.0496681417535383,0.788854297395251));
#8715=CARTESIAN_POINT('',(-0.58820876561025,0.0363977375775863,0.784175170398344));
#8716=CARTESIAN_POINT('',(-0.588782337708564,0.0204370542880772,0.77854745453688));
#8717=CARTESIAN_POINT('',(-0.589738232908953,0.00412787771818783,0.773015641271002));
#8718=CARTESIAN_POINT('',(-0.591494689683115,-0.0121052318143312,0.767603484531342));
#8719=CARTESIAN_POINT('',(-0.591723773018278,-0.0142224116541464,0.766897611813846));
#8720=CARTESIAN_POINT('',(-0.591966395503183,-0.0163383082623458,0.766193774490174));
#8721=CARTESIAN_POINT('',(-0.592223380305195,-0.0184519939687193,0.76549202525947));
#8722=CARTESIAN_POINT('',(-0.592636253484448,-0.0218478529094155,0.764364591132426));
#8723=CARTESIAN_POINT('',(-0.593080117471381,-0.025188055454881,0.763258911781402));
#8724=CARTESIAN_POINT('',(-0.593556112777401,-0.0284783284051898,0.762174301512757));
#8725=CARTESIAN_POINT('',(-0.594885625233136,-0.0376684586751488,0.7591448538616));
#8726=CARTESIAN_POINT('',(-0.596460300899603,-0.0464698110683196,0.756279777174413));
#8727=CARTESIAN_POINT('',(-0.598170772635736,-0.0550254229977653,0.753564129774248));
#8728=CARTESIAN_POINT('',(-0.600125382401473,-0.0648021894159899,0.750460874212329));
#8729=CARTESIAN_POINT('',(-0.602258807241342,-0.0742578570560868,0.747552748652089));
#8730=CARTESIAN_POINT('',(-0.604482261894149,-0.0835957524689474,0.744817456843372));
#8731=CARTESIAN_POINT('',(-0.60707044320484,-0.0944653991056497,0.741633478645451));
#8732=CARTESIAN_POINT('',(-0.609784250559465,-0.105174972237632,0.73868368670034));
#8733=CARTESIAN_POINT('',(-0.612536310318281,-0.116038008320073,0.735932914350725));
#8734=CARTESIAN_POINT('',(-0.612684922480418,-0.116624615959828,0.735784371709122));
#8735=CARTESIAN_POINT('',(-0.612833534642555,-0.117211223599582,0.73563582906752));
#8736=CARTESIAN_POINT('',(-0.612982146804692,-0.117797831239337,0.735487286425917));
#8737=CARTESIAN_POINT('',(-0.612792244451095,-0.116673380078542,0.735222642352925));
#8738=CARTESIAN_POINT('',(-0.612954273530643,-0.116932083544803,0.735653411695691));
#8739=CARTESIAN_POINT('',(-0.625916746303229,-0.150560160138629,0.725943761166138));
#8740=CARTESIAN_POINT('',(-0.631974073450957,-0.162748440948851,0.723605654200272));
#8741=CARTESIAN_POINT('',(-0.642071469472667,-0.179975068158564,0.719987863893723));
#8742=CARTESIAN_POINT('',(-0.642038371787516,-0.180007139194069,0.719479801026003));
#8743=CARTESIAN_POINT('',(-0.64211729748738,-0.180064099207072,0.719970258166429));
#8744=CARTESIAN_POINT('',(-0.652170401924384,-0.195254641936035,0.716587241716427));
#8745=CARTESIAN_POINT('',(-0.667523616356944,-0.21288855974954,0.712825989485092));
#8746=CARTESIAN_POINT('',(-0.688258022052564,-0.233018211734886,0.711016359105011));
#8747=CARTESIAN_POINT('',(-0.688225128216685,-0.233012338711677,0.710517308465167));
#8748=CARTESIAN_POINT('',(-0.688218354135303,-0.233023040237334,0.711018320776525));
#8749=CARTESIAN_POINT('',(-0.69495296612457,-0.237422975451147,0.710504122202741));
#8750=CARTESIAN_POINT('',(-0.701720572407177,-0.241848092396787,0.710182060741109));
#8751=CARTESIAN_POINT('',(-0.708676822400944,-0.24607580375695,0.710058053257691));
#8752=CARTESIAN_POINT('',(-0.710846134528069,-0.24739421892774,0.710019381424753));
#8753=CARTESIAN_POINT('',(-0.713033897687048,-0.248693120579414,0.709999970523723));
#8754=CARTESIAN_POINT('',(-0.715245209509037,-0.249964627198641,0.71));
#8755=CARTESIAN_POINT('',(-0.715245209468593,-0.249964627180687,0.7095));
#8756=CARTESIAN_POINT('',(-1.40168443454896,0.813028738262922,0.71));
#8757=CARTESIAN_POINT('',(-0.453763541186706,-0.65488507555461,0.7095));
#8758=CARTESIAN_POINT('',(-0.453763541186708,-0.65488507555461,1.21));
#8759=CARTESIAN_POINT('',(-0.342754912239452,-0.654876217688791,0.718265405332874));
#8760=CARTESIAN_POINT('',(-0.342833553377958,-0.654884408537009,0.718760945563082));
#8761=CARTESIAN_POINT('',(-0.294078610762448,-0.655259525000112,0.726492046772447));
#8762=CARTESIAN_POINT('',(-0.246393211516248,-0.661093371549625,0.738825420965299));
#8763=CARTESIAN_POINT('',(-0.200703811320098,-0.673679114289221,0.752793723992091));
#8764=CARTESIAN_POINT('',(-0.200568351457782,-0.673739201341247,0.752296503962914));
#8765=CARTESIAN_POINT('',(-0.200591947197721,-0.67375852540986,0.752816256767592));
#8766=CARTESIAN_POINT('',(-0.18335270805994,-0.68258170874001,0.757109547979723));
#8767=CARTESIAN_POINT('',(-0.168765637195004,-0.691826301536993,0.760662724729403));
#8768=CARTESIAN_POINT('',(-0.156705596712355,-0.701411494682523,0.76313813709942));
#8769=CARTESIAN_POINT('',(-0.156519102337893,-0.701292655800174,0.76268968265458));
#8770=CARTESIAN_POINT('',(-0.156675674488258,-0.701443857173619,0.763141942374028));
#8771=CARTESIAN_POINT('',(-0.145448481580338,-0.711841198612705,0.765045083042025));
#8772=CARTESIAN_POINT('',(-0.134149491785269,-0.724837667641244,0.766323701187951));
#8773=CARTESIAN_POINT('',(-0.122750745060204,-0.740415208765418,0.766912012811879));
#8774=CARTESIAN_POINT('',(-0.122632671376107,-0.74035314254746,0.766417347583496));
#8775=CARTESIAN_POINT('',(-0.122616515994048,-0.740384359993764,0.766979745793402));
#8776=CARTESIAN_POINT('',(-0.105408796173537,-0.773635264152289,0.765105314446666));
#8777=CARTESIAN_POINT('',(-0.095784310332944,-0.809348404179382,0.759088769212181));
#8778=CARTESIAN_POINT('',(-0.0935045018833157,-0.845880673960129,0.751320342898586));
#8779=CARTESIAN_POINT('',(-0.0935024948494728,-0.845912835414515,0.750768534800633));
#8780=CARTESIAN_POINT('',(-0.0935292800852162,-0.846116062723654,0.751255930243876));
#8781=CARTESIAN_POINT('',(-0.0963683637457376,-0.872052189337778,0.744122151890069));
#8782=CARTESIAN_POINT('',(-0.100747749244404,-0.894208373164355,0.73836367957594));
#8783=CARTESIAN_POINT('',(-0.106492002599383,-0.912471325851425,0.73366253360238));
#8784=CARTESIAN_POINT('',(-0.106432870610421,-0.912511423953425,0.733146640946074));
#8785=CARTESIAN_POINT('',(-0.106628782217086,-0.912716341079629,0.733583527091816));
#8786=CARTESIAN_POINT('',(-0.116872486796212,-0.936512058484993,0.726730862494528));
#8787=CARTESIAN_POINT('',(-0.125980992996595,-0.950612921912511,0.722747141289932));
#8788=CARTESIAN_POINT('',(-0.141748586223326,-0.971513367381659,0.718230555696913));
#8789=CARTESIAN_POINT('',(-0.14168844205515,-0.971452205535123,0.717737564244862));
#8790=CARTESIAN_POINT('',(-0.141730928288539,-0.971460532603738,0.718238548767101));
#8791=CARTESIAN_POINT('',(-0.146466557970262,-0.975225389435075,0.717131885787311));
#8792=CARTESIAN_POINT('',(-0.151394494459953,-0.979147706738951,0.716090982790347));
#8793=CARTESIAN_POINT('',(-0.156572083457261,-0.98314885747226,0.715145898401428));
#8794=CARTESIAN_POINT('',(-0.161465297966965,-0.986930248547125,0.714252721935093));
#8795=CARTESIAN_POINT('',(-0.166581292108888,-0.99078249404582,0.713445127624526));
#8796=CARTESIAN_POINT('',(-0.17198671552635,-0.994599245431025,0.712748488314354));
#8797=CARTESIAN_POINT('',(-0.176976115816555,-0.998122244278343,0.712105465167433));
#8798=CARTESIAN_POINT('',(-0.182212029900805,-1.00161517459535,0.71155697517229));
#8799=CARTESIAN_POINT('',(-0.187764646644392,-1.00495545155137,0.711122972102864));
#8800=CARTESIAN_POINT('',(-0.192611080861724,-1.00787091164571,0.710744165600773));
#8801=CARTESIAN_POINT('',(-0.197698895572371,-1.01066983317802,0.710452576901418));
#8802=CARTESIAN_POINT('',(-0.203088300786128,-1.01324103577886,0.710261473804894));
#8803=CARTESIAN_POINT('',(-0.205473042539128,-1.01437875950799,0.710176913168732));
#8804=CARTESIAN_POINT('',(-0.207917092476477,-1.01547133092505,0.710112027085705));
#8805=CARTESIAN_POINT('',(-0.210420743716899,-1.01651990654738,0.710067965033304));
#8806=CARTESIAN_POINT('',(-0.21300453246445,-1.01760204524554,0.710022492631498));
#8807=CARTESIAN_POINT('',(-0.215616638328476,-1.01862264810038,0.710000036463443));
#8808=CARTESIAN_POINT('',(-0.218252974737118,-1.01958767490878,0.71));
#8809=CARTESIAN_POINT('',(-0.218252973895142,-1.01958767458147,0.709500000000014));
#8810=CARTESIAN_POINT('',(-1.40168443454896,0.813028738262922,0.71));
#8811=CARTESIAN_POINT('',(0.448189873722995,-2.05161542134294,0.71));
#8812=CARTESIAN_POINT('',(0.448189873722993,-2.05161542134294,1.21));
#8813=CARTESIAN_POINT('',(0.686661893612542,-1.89761958861233,0.798397790055248));
#8814=CARTESIAN_POINT('',(-1.16321241465942,0.967024570993536,0.798397790055249));
#8815=CARTESIAN_POINT('',(-1.40168443454896,0.813028738262922,1.209));
#8816=CARTESIAN_POINT('',(0.278116175017931,-1.2640987901972,0.797720922121829));
#8817=CARTESIAN_POINT('',(0.227065856032571,-1.18504423093688,0.797720922121829));
#8818=CARTESIAN_POINT('',(0.176015537047212,-1.10598967167656,0.797720922121829));
#8819=CARTESIAN_POINT('',(0.124965218061852,-1.02693511241624,0.797720922121829));
#8820=CARTESIAN_POINT('',(-0.970050078548881,1.09176119550533,0.465));
#8821=CARTESIAN_POINT('',(1.76610997506883,-3.14535095978739,0.465));
#8822=CARTESIAN_POINT('',(2.10633720160886,-2.92564562457479,0.465));
#8823=CARTESIAN_POINT('',(0.686661893612543,-1.89761958861233,0.798397790055248));
#8824=CARTESIAN_POINT('',(0.743197395245155,-1.98524410747692,0.798369424123064));
#8825=CARTESIAN_POINT('',(0.838990803365497,-2.16447398907418,0.789601971600263));
#8826=CARTESIAN_POINT('',(0.959779572400855,-2.50232439324281,0.710937228510535));
#8827=CARTESIAN_POINT('',(1.02461360526242,-2.70328745142958,0.61465708208343));
#8828=CARTESIAN_POINT('',(1.07416001287248,-2.82051265694605,0.517643833599782));
#8829=CARTESIAN_POINT('',(1.10287413477004,-2.86485701545301,0.464498844850341));
#8830=CARTESIAN_POINT('',(1.10304609954707,-2.8649742692415,0.464689593985127));
#8831=CARTESIAN_POINT('',(1.10287426036324,-2.86485720990927,0.464498830588464));
#8832=CARTESIAN_POINT('',(1.14116796802189,-2.92399549675364,0.393535225173914));
#8833=CARTESIAN_POINT('',(1.22606380167537,-2.96176395072282,0.255072821555221));
#8834=CARTESIAN_POINT('',(1.28317752588116,-2.94247851453935,0.179688394342885));
#8835=CARTESIAN_POINT('',(1.40916551873824,-2.88507240931644,0.0799818497644139));
#8836=CARTESIAN_POINT('',(1.51212696705813,-2.83132439875236,0.0582043389250827));
#8837=CARTESIAN_POINT('',(1.58597730920485,-2.79805529112573,0.0613751907365199));
#8838=CARTESIAN_POINT('',(1.61310853142419,-2.78644732652639,0.0630591179552309));
#8839=CARTESIAN_POINT('',(1.7116083273719,-2.74855044316506,0.092515062053983));
#8840=CARTESIAN_POINT('',(1.78414805857035,-2.71959525552189,0.141586036418945));
#8841=CARTESIAN_POINT('',(1.81769883806733,-2.71083182989247,0.164677469803105));
#8842=CARTESIAN_POINT('',(1.88995699107885,-2.65015232737589,0.286278803217069));
#8843=CARTESIAN_POINT('',(1.88778346146614,-2.57146913863939,0.428210029376955));
#8844=CARTESIAN_POINT('',(1.78831740624435,-2.44585541433281,0.578879615649816));
#8845=CARTESIAN_POINT('',(1.61937218433086,-2.28612610227253,0.687119497822829));
#8846=CARTESIAN_POINT('',(1.37919175247711,-2.0602073455615,0.78067717309792));
#8847=CARTESIAN_POINT('',(1.22025430826655,-1.8760460041823,0.798340362340159));
#8848=CARTESIAN_POINT('',(1.13433444637939,-1.74314730636999,0.798397790055245));
#8849=CARTESIAN_POINT('',(1.13433444637939,-1.74314730636999,0.798397790055247));
#8850=CARTESIAN_POINT('',(-0.776887742438346,1.21649782001713,0.798397790055249));
#8851=CARTESIAN_POINT('',(-0.970050078548881,1.09176119550533,0.465));
#8852=CARTESIAN_POINT('',(-0.776887742438346,1.21649782001713,0.798397790055249));
#8853=CARTESIAN_POINT('',(-0.970050078548881,1.09176119550533,0.465));
#8854=CARTESIAN_POINT('',(-0.776887742438346,1.21649782001713,0.798397790055249));
#8855=CARTESIAN_POINT('',(-0.527372511349578,0.830108135985655,0.798397790055249));
#8856=CARTESIAN_POINT('',(-0.801084753566959,0.830107996030649,0.465));
#8857=CARTESIAN_POINT('',(-0.585081106579481,0.830108106477998,0.827074748180577));
#8858=CARTESIAN_POINT('',(-0.585080935545106,0.495612796555781,0.465));
#8859=CARTESIAN_POINT('',(-0.585081152273865,0.919473516348701,0.798397790055249));
#8860=CARTESIAN_POINT('',(-0.776887742438346,1.21649782001713,0.798397790055249));
#8861=CARTESIAN_POINT('',(-0.695515396164724,1.090487736315,0.798397790038586));
#8862=CARTESIAN_POINT('',(-0.888677732173844,0.96575111160162,0.465));
#8863=CARTESIAN_POINT('',(-1.08184006845815,0.84101448730405,0.798397790034719));
#8864=CARTESIAN_POINT('',(-1.16321241465942,0.967024570993536,0.798397790055249));
#8865=CARTESIAN_POINT('',(-0.815454446740704,0.440343782783875,0.802738834807422));
#8866=CARTESIAN_POINT('',(-0.796672034970287,0.43934560340296,0.812822503129198));
#8867=CARTESIAN_POINT('',(-0.780817046479407,0.437985792388355,0.819735245655071));
#8868=CARTESIAN_POINT('',(-0.768482176699551,0.435881610387367,0.824517750354219));
#8869=CARTESIAN_POINT('',(-0.768259232107826,0.436027926426965,0.824092801920143));
#8870=CARTESIAN_POINT('',(-0.768423000514503,0.435924518451795,0.824555598361024));
#8871=CARTESIAN_POINT('',(-0.754726102620252,0.432236726140974,0.82948353593924));
#8872=CARTESIAN_POINT('',(-0.737662355310508,0.426207932992358,0.834750279352704));
#8873=CARTESIAN_POINT('',(-0.717123184361375,0.417908251961044,0.839956285162965));
#8874=CARTESIAN_POINT('',(-0.716943707925058,0.418041996150175,0.83950739249843));
#8875=CARTESIAN_POINT('',(-0.717081680080275,0.417970744548918,0.839984352472952));
#8876=CARTESIAN_POINT('',(-0.702038063866744,0.408278222836951,0.842995542001667));
#8877=CARTESIAN_POINT('',(-0.689112839688046,0.398772952406323,0.845082380421028));
#8878=CARTESIAN_POINT('',(-0.678387683886908,0.389402189893609,0.846482164635542));
#8879=CARTESIAN_POINT('',(-0.678244129146834,0.3894911907055,0.846011546283844));
#8880=CARTESIAN_POINT('',(-0.67838495940374,0.389400365977219,0.846482627845828));
#8881=CARTESIAN_POINT('',(-0.668095284645571,0.379284603215479,0.847607895169494));
#8882=CARTESIAN_POINT('',(-0.657466003004169,0.366935383896335,0.848362680755367));
#8883=CARTESIAN_POINT('',(-0.646511748643106,0.352343257853656,0.848796136744097));
#8884=CARTESIAN_POINT('',(-0.646439455229428,0.352381500502221,0.84829592225804));
#8885=CARTESIAN_POINT('',(-0.646438330673602,0.352379529438915,0.848823540447615));
#8886=CARTESIAN_POINT('',(-0.642837259045306,0.346067381780518,0.84868915516967));
#8887=CARTESIAN_POINT('',(-0.639483321111336,0.340177317427848,0.848563129211105));
#8888=CARTESIAN_POINT('',(-0.636350043346492,0.334466338511553,0.84840743366339));
#8889=CARTESIAN_POINT('',(-0.633093538525366,0.3285307554672,0.848245614846223));
#8890=CARTESIAN_POINT('',(-0.630070134562645,0.322790843368721,0.848051746829308));
#8891=CARTESIAN_POINT('',(-0.62723417208442,0.316980528848403,0.847783135071833));
#8892=CARTESIAN_POINT('',(-0.62531324014227,0.313044927146437,0.847601191583887));
#8893=CARTESIAN_POINT('',(-0.623478070624598,0.309077124453405,0.847384955700445));
#8894=CARTESIAN_POINT('',(-0.621728195121634,0.304988634070884,0.847121159379427));
#8895=CARTESIAN_POINT('',(-0.62132012902985,0.30403520950504,0.847059642812356));
#8896=CARTESIAN_POINT('',(-0.620916784998832,0.303075186451997,0.846995539863958));
#8897=CARTESIAN_POINT('',(-0.620517595162748,0.302107680298575,0.846928682275771));
#8898=CARTESIAN_POINT('',(-0.617096652623817,0.293816429726211,0.846355731897775));
#8899=CARTESIAN_POINT('',(-0.614137690616826,0.285340823354507,0.845593067007384));
#8900=CARTESIAN_POINT('',(-0.611500594650132,0.277073515839219,0.844752551572328));
#8901=CARTESIAN_POINT('',(-0.609265789670162,0.270067392346006,0.844040257403391));
#8902=CARTESIAN_POINT('',(-0.607257393931534,0.263212868782398,0.843272053291742));
#8903=CARTESIAN_POINT('',(-0.605399586841071,0.256744923164689,0.842516021080923));
#8904=CARTESIAN_POINT('',(-0.604565552439187,0.25384123677961,0.842176611851627));
#8905=CARTESIAN_POINT('',(-0.603762383331735,0.251015244479031,0.841839655777968));
#8906=CARTESIAN_POINT('',(-0.602986677672057,0.248286745078992,0.841511312869033));
#8907=CARTESIAN_POINT('',(-0.602899115680255,0.247978750881558,0.841474249378853));
#8908=CARTESIAN_POINT('',(-0.602811553688453,0.247670756684124,0.841437185888672));
#8909=CARTESIAN_POINT('',(-0.602723991696652,0.24736276248669,0.841400122398492));
#8910=CARTESIAN_POINT('',(-0.602971773606707,0.248234320561479,0.840966983144006));
#8911=CARTESIAN_POINT('',(-0.602961833756533,0.248156787031036,0.841491640880554));
#8912=CARTESIAN_POINT('',(-0.592347572378649,0.192633736641103,0.833085394334506));
#8913=CARTESIAN_POINT('',(-0.587687109780547,0.136716733874425,0.820624214175725));
#8914=CARTESIAN_POINT('',(-0.58722943467528,0.0828364781916849,0.801261116722852));
#8915=CARTESIAN_POINT('',(-0.58722943467528,0.0828364781917192,0.801261116722839));
#8916=CARTESIAN_POINT('',(-0.587229434675279,0.082836478191719,0.80126111672284));
#8917=CARTESIAN_POINT('',(-0.587263159836082,0.0803724601679551,0.800344794028492));
#8918=CARTESIAN_POINT('',(-0.587296833274736,0.077912388597849,0.79941788698001));
#8919=CARTESIAN_POINT('',(-0.587331817759516,0.0754566823521034,0.798479560508704));
#8920=CARTESIAN_POINT('',(-0.776887742438346,1.21649782001713,0.798397790055249));
#8921=CARTESIAN_POINT('',(0.178118547734884,-0.262388166613595,0.798397790055249));
#8922=CARTESIAN_POINT('',(-0.0955936944824963,-0.262388306568601,0.465));
#8923=CARTESIAN_POINT('',(0.0330300491281813,-0.26238824205068,0.855319907201134));
#8924=CARTESIAN_POINT('',(0.0330300491066856,-0.262388244551058,0.855319907517405));
#8925=CARTESIAN_POINT('',(0.0330965397960169,-0.258463860239913,0.85471509678159));
#8926=CARTESIAN_POINT('',(0.0331623566980319,-0.254870751401013,0.854142055263121));
#8927=CARTESIAN_POINT('',(0.0332815610721656,-0.251520757486475,0.853580076702317));
#8928=CARTESIAN_POINT('',(0.0334971668914574,-0.24546159910562,0.852563621988242));
#8929=CARTESIAN_POINT('',(0.0338782988295218,-0.240196236041956,0.851583358877526));
#8930=CARTESIAN_POINT('',(0.034567288257516,-0.235173133448865,0.850516767503358));
#8931=CARTESIAN_POINT('',(0.0347115703520011,-0.234121239568498,0.850293411336816));
#8932=CARTESIAN_POINT('',(0.034869510149316,-0.233079996009418,0.850066269413003));
#8933=CARTESIAN_POINT('',(0.035043106158182,-0.232044454231681,0.849834216592977));
#8934=CARTESIAN_POINT('',(0.0350484798623852,-0.23201239879884,0.849827033344799));
#8935=CARTESIAN_POINT('',(0.0350538690344672,-0.231980346308044,0.84981984456935));
#8936=CARTESIAN_POINT('',(0.035059273737036,-0.23194829668772,0.84981265024583));
#8937=CARTESIAN_POINT('',(0.0358486957455916,-0.22726706301627,0.848761832508661));
#8938=CARTESIAN_POINT('',(0.0369629483125628,-0.222645974498819,0.847592651521126));
#8939=CARTESIAN_POINT('',(0.038332039142203,-0.217817383002827,0.84624029252054));
#8940=CARTESIAN_POINT('',(0.039401261136056,-0.214046386867966,0.84518413762146));
#8941=CARTESIAN_POINT('',(0.0406310543191045,-0.210149696278675,0.844016259208096));
#8942=CARTESIAN_POINT('',(0.0419807679068499,-0.205998592074967,0.842705784140506));
#8943=CARTESIAN_POINT('',(0.0423321708046408,-0.204917836824773,0.842364597135786));
#8944=CARTESIAN_POINT('',(0.0426914637555632,-0.203819796225956,0.842013744354033));
#8945=CARTESIAN_POINT('',(0.043057233536222,-0.202702081546245,0.841652680951519));
#8946=CARTESIAN_POINT('',(0.0431265346968613,-0.202490311934146,0.841584271492396));
#8947=CARTESIAN_POINT('',(0.0431958358575006,-0.202278542322048,0.841515862033272));
#8948=CARTESIAN_POINT('',(0.0432651370181399,-0.202066772709949,0.841447452574149));
#8949=CARTESIAN_POINT('',(0.043094095435709,-0.202589439439032,0.840973015728275));
#8950=CARTESIAN_POINT('',(0.043180440223156,-0.202423313888336,0.841551911525607));
#8951=CARTESIAN_POINT('',(0.0571063449040061,-0.170782736096836,0.830122487980599));
#8952=CARTESIAN_POINT('',(0.0723739062169595,-0.14442417193555,0.815528229894802));
#8953=CARTESIAN_POINT('',(0.0885187652518603,-0.123647486089184,0.798401566643591));
#8954=CARTESIAN_POINT('',(0.088257742942282,-0.123816046204393,0.797952466834902));
#8955=CARTESIAN_POINT('',(-0.776887742438346,1.21649782001713,0.798397790055249));
#8956=CARTESIAN_POINT('',(0.307347047598548,1.13235960000613,0.71));
#8957=CARTESIAN_POINT('',(0.307347047598548,1.13235960000613,0.709));
#8958=CARTESIAN_POINT('',(0.305173366071736,1.15155317449472,0.71));
#8959=CARTESIAN_POINT('',(0.305173366071736,1.15155317449472,0.709));
#8960=CARTESIAN_POINT('',(0.301270084429069,1.18601909143533,0.71));
#8961=CARTESIAN_POINT('',(0.301270084429069,1.18601909143533,0.709));
#8962=CARTESIAN_POINT('',(0.282981672929099,1.21534174823377,0.71));
#8963=CARTESIAN_POINT('',(0.282981672929099,1.21534174823377,0.709));
#8964=CARTESIAN_POINT('',(0.274877815317757,1.22833503830061,0.71));
#8965=CARTESIAN_POINT('',(0.274877815317757,1.22833503830061,0.709));
#8966=CARTESIAN_POINT('',(0.307347047598548,1.13235960000613,0.71));
#8967=CARTESIAN_POINT('',(0.305173366071736,1.15155317449472,0.71));
#8968=CARTESIAN_POINT('',(0.302999684544923,1.17074674898331,0.71));
#8969=CARTESIAN_POINT('',(0.29636486317204,1.18834528727921,0.71));
#8970=CARTESIAN_POINT('',(0.29108553054044,1.20234845816694,0.71));
#8971=CARTESIAN_POINT('',(0.282981672929099,1.21534174823377,0.71));
#8972=CARTESIAN_POINT('',(0.274877815317757,1.22833503830061,0.71));
#8973=CARTESIAN_POINT('',(0.307347047598548,1.13235960000613,0.71));
#8974=CARTESIAN_POINT('',(0.274877927754579,1.22833469430664,0.71));
#8975=CARTESIAN_POINT('',(0.307347047598548,1.13235960000613,1.71));
#8976=CARTESIAN_POINT('',(0.307347047598548,1.13235960000613,0.709));
#8977=CARTESIAN_POINT('',(0.274877815317757,1.22833503830061,0.709));
#8978=CARTESIAN_POINT('',(0.282981672929099,1.21534174823377,0.709));
#8979=CARTESIAN_POINT('',(0.29108553054044,1.20234845816694,0.709));
#8980=CARTESIAN_POINT('',(0.29636486317204,1.18834528727921,0.709));
#8981=CARTESIAN_POINT('',(0.302999684544923,1.17074674898331,0.709));
#8982=CARTESIAN_POINT('',(0.305173366071736,1.15155317449472,0.709));
#8983=CARTESIAN_POINT('',(0.307347047598548,1.13235960000613,0.709));
#8984=CARTESIAN_POINT('',(0.274877465899316,1.22833528090866,0.709));
#8985=CARTESIAN_POINT('',(0.274877815317757,1.22833503830061,1.71));
#8986=CARTESIAN_POINT('',(0.274877815317757,1.22833503830061,0.71));
#8987=CARTESIAN_POINT('',(0.274877815317757,1.22833503830061,0.709));
#8988=CARTESIAN_POINT('',(0.26012793040979,1.24281880979182,0.71));
#8989=CARTESIAN_POINT('',(0.26012793040979,1.24281880979182,0.709));
#8990=CARTESIAN_POINT('',(0.230499043956259,1.27191313992453,0.71));
#8991=CARTESIAN_POINT('',(0.230499043956259,1.27191313992453,0.709));
#8992=CARTESIAN_POINT('',(0.189158079347681,1.27596111528966,0.71));
#8993=CARTESIAN_POINT('',(0.189158079347681,1.27596111528966,0.709));
#8994=CARTESIAN_POINT('',(0.168397519301967,1.2779939230973,0.71));
#8995=CARTESIAN_POINT('',(0.168397519301967,1.2779939230973,0.709));
#8996=CARTESIAN_POINT('',(0.274877815317757,1.22833503830061,0.71));
#8997=CARTESIAN_POINT('',(0.26012793040979,1.24281880979182,0.71));
#8998=CARTESIAN_POINT('',(0.245378045501823,1.25730258128302,0.71));
#8999=CARTESIAN_POINT('',(0.227725604873503,1.26557921862244,0.71));
#9000=CARTESIAN_POINT('',(0.209918639393394,1.27392830748203,0.71));
#9001=CARTESIAN_POINT('',(0.189158079347681,1.27596111528966,0.71));
#9002=CARTESIAN_POINT('',(0.168397519301967,1.2779939230973,0.71));
#9003=CARTESIAN_POINT('',(0.168392902624532,1.27802375320201,0.7095));
#9004=CARTESIAN_POINT('',(0.167157267014785,1.27811536464451,0.709));
#9005=CARTESIAN_POINT('',(0.167570684443846,1.27807488412877,0.709));
#9006=CARTESIAN_POINT('',(0.167984101872906,1.27803440361304,0.709));
#9007=CARTESIAN_POINT('',(0.168397519301967,1.2779939230973,0.709));
#9008=CARTESIAN_POINT('',(0.189068001606256,1.27596993541473,0.709));
#9009=CARTESIAN_POINT('',(0.209738483910546,1.27394594773216,0.709));
#9010=CARTESIAN_POINT('',(0.245249486666592,1.25742882069467,0.709));
#9011=CARTESIAN_POINT('',(0.259937034846902,1.24300626126882,0.709));
#9012=CARTESIAN_POINT('',(0.274877815317757,1.22833503830061,0.709));
#9013=CARTESIAN_POINT('',(0.172217666846702,0.818648755685155,0.71));
#9014=CARTESIAN_POINT('',(0.172217666846702,0.818648755685155,0.709));
#9015=CARTESIAN_POINT('',(0.137607010744041,0.820942268637494,0.71));
#9016=CARTESIAN_POINT('',(0.137607010744041,0.820942268637494,0.709));
#9017=CARTESIAN_POINT('',(0.0714208590793708,0.825328166311844,0.71));
#9018=CARTESIAN_POINT('',(0.0714208590793708,0.825328166311844,0.709));
#9019=CARTESIAN_POINT('',(0.0202143453341751,0.867194998640112,0.71));
#9020=CARTESIAN_POINT('',(0.0202143453341751,0.867194998640112,0.709));
#9021=CARTESIAN_POINT('',(-0.00421479893303073,0.88716845147167,0.71));
#9022=CARTESIAN_POINT('',(-0.00421479893303073,0.88716845147167,0.709));
#9023=CARTESIAN_POINT('',(0.174203251396642,0.818517178754925,0.71));
#9024=CARTESIAN_POINT('',(0.173541389879995,0.818561037731668,0.71));
#9025=CARTESIAN_POINT('',(0.172879528363349,0.818604896708412,0.71));
#9026=CARTESIAN_POINT('',(0.172217666846702,0.818648755685155,0.71));
#9027=CARTESIAN_POINT('',(0.137607010744041,0.820942268637494,0.71));
#9028=CARTESIAN_POINT('',(0.102996354641381,0.823235781589833,0.71));
#9029=CARTESIAN_POINT('',(0.072481951043227,0.835778632561734,0.71));
#9030=CARTESIAN_POINT('',(0.0446434896013814,0.847221545808554,0.71));
#9031=CARTESIAN_POINT('',(0.0202143453341751,0.867194998640112,0.71));
#9032=CARTESIAN_POINT('',(-0.00421479893303071,0.88716845147167,0.71));
#9033=CARTESIAN_POINT('',(0.172220568597029,0.818626366218912,0.7095));
#9034=CARTESIAN_POINT('',(-0.00421448110176532,0.887168294163943,0.71));
#9035=CARTESIAN_POINT('',(-0.00421479893303071,0.88716845147167,0.709));
#9036=CARTESIAN_POINT('',(0.0202143453341751,0.867194998640112,0.709));
#9037=CARTESIAN_POINT('',(0.0446434896013814,0.847221545808554,0.709));
#9038=CARTESIAN_POINT('',(0.072481951043227,0.835778632561734,0.709));
#9039=CARTESIAN_POINT('',(0.102996354641381,0.823235781589833,0.709));
#9040=CARTESIAN_POINT('',(0.137607010744041,0.820942268637494,0.709));
#9041=CARTESIAN_POINT('',(0.172217666846702,0.818648755685155,0.709));
#9042=CARTESIAN_POINT('',(-0.00421492827874136,0.887168772508595,0.709));
#9043=CARTESIAN_POINT('',(-0.00421479893303073,0.88716845147167,1.71));
#9044=CARTESIAN_POINT('',(-0.00421479893303073,0.88716845147167,0.71));
#9045=CARTESIAN_POINT('',(-0.00421479893303073,0.88716845147167,0.709));
#9046=CARTESIAN_POINT('',(-0.0231970466893555,0.91364864403257,0.71));
#9047=CARTESIAN_POINT('',(-0.0231970466893555,0.91364864403257,0.709));
#9048=CARTESIAN_POINT('',(-0.0642062820727113,0.970856434367343,0.71));
#9049=CARTESIAN_POINT('',(-0.0642062820727113,0.970856434367343,0.709));
#9050=CARTESIAN_POINT('',(-0.067580115837739,1.04144390129861,0.71));
#9051=CARTESIAN_POINT('',(-0.067580115837739,1.04144390129861,0.709));
#9052=CARTESIAN_POINT('',(-0.0693922782422124,1.07935802591429,0.71));
#9053=CARTESIAN_POINT('',(-0.0693922782422124,1.07935802591429,0.709));
#9054=CARTESIAN_POINT('',(-0.00421479893303073,0.88716845147167,0.71));
#9055=CARTESIAN_POINT('',(-0.0231970466893555,0.91364864403257,0.71));
#9056=CARTESIAN_POINT('',(-0.0421792944456806,0.94012883659347,0.71));
#9057=CARTESIAN_POINT('',(-0.0530979513032413,0.969475698136039,0.71));
#9058=CARTESIAN_POINT('',(-0.0657679534332654,1.00352977668292,0.71));
#9059=CARTESIAN_POINT('',(-0.067580115837739,1.04144390129861,0.71));
#9060=CARTESIAN_POINT('',(-0.0693922782422124,1.07935802591429,0.71));
#9061=CARTESIAN_POINT('',(-0.0693921720184652,1.07935669759385,0.71));
#9062=CARTESIAN_POINT('',(-0.0693922782422124,1.07935802591429,0.709));
#9063=CARTESIAN_POINT('',(-0.067580115837739,1.04144390129861,0.709));
#9064=CARTESIAN_POINT('',(-0.0657679534332654,1.00352977668292,0.709));
#9065=CARTESIAN_POINT('',(-0.0530979513032413,0.969475698136039,0.709));
#9066=CARTESIAN_POINT('',(-0.0421792944456806,0.94012883659347,0.709));
#9067=CARTESIAN_POINT('',(-0.0231970466893555,0.91364864403257,0.709));
#9068=CARTESIAN_POINT('',(-0.00421479893303073,0.88716845147167,0.709));
#9069=CARTESIAN_POINT('',(-0.069392174630608,1.07935934913526,0.709));
#9070=CARTESIAN_POINT('',(-0.0693922782422124,1.07935802591429,1.71));
#9071=CARTESIAN_POINT('',(-0.0693922782422124,1.07935802591429,0.71));
#9072=CARTESIAN_POINT('',(-0.0693922782422124,1.07935802591429,0.709));
#9073=CARTESIAN_POINT('',(-0.0676047337215262,1.11852949148335,0.71));
#9074=CARTESIAN_POINT('',(-0.0676047337215262,1.11852949148335,0.709));
#9075=CARTESIAN_POINT('',(-0.0642867080209227,1.19123924946944,0.71));
#9076=CARTESIAN_POINT('',(-0.0642867080209227,1.19123924946944,0.709));
#9077=CARTESIAN_POINT('',(-0.0226871123472884,1.25060885586633,0.71));
#9078=CARTESIAN_POINT('',(-0.0226871123472884,1.25060885586633,0.709));
#9079=CARTESIAN_POINT('',(-0.00349877445735641,1.27799383520299,0.71));
#9080=CARTESIAN_POINT('',(-0.00349877445735641,1.27799383520299,0.709));
#9081=CARTESIAN_POINT('',(-0.0693922782422124,1.07935802591429,0.71));
#9082=CARTESIAN_POINT('',(-0.0676047337215262,1.11852949148335,0.71));
#9083=CARTESIAN_POINT('',(-0.0658171892008398,1.15770095705242,0.71));
#9084=CARTESIAN_POINT('',(-0.052918879132796,1.19300060396885,0.71));
#9085=CARTESIAN_POINT('',(-0.0418754502372203,1.22322387652967,0.71));
#9086=CARTESIAN_POINT('',(-0.0226871123472884,1.25060885586633,0.71));
#9087=CARTESIAN_POINT('',(-0.00349877445735641,1.27799383520299,0.71));
#9088=CARTESIAN_POINT('',(-0.00349891552069189,1.27799349433728,0.71));
#9089=CARTESIAN_POINT('',(-0.00349877445735641,1.27799383520299,0.709));
#9090=CARTESIAN_POINT('',(-0.0226871123472884,1.25060885586633,0.709));
#9091=CARTESIAN_POINT('',(-0.0418754502372203,1.22322387652967,0.709));
#9092=CARTESIAN_POINT('',(-0.052918879132796,1.19300060396885,0.709));
#9093=CARTESIAN_POINT('',(-0.0658171892008398,1.15770095705242,0.709));
#9094=CARTESIAN_POINT('',(-0.0676047337215262,1.11852949148335,0.709));
#9095=CARTESIAN_POINT('',(-0.0693922782422124,1.07935802591429,0.709));
#9096=CARTESIAN_POINT('',(-0.00349844124892948,1.27799402030668,0.709));
#9097=CARTESIAN_POINT('',(-0.00349877445735641,1.27799383520299,1.71));
#9098=CARTESIAN_POINT('',(-0.00349877445735641,1.27799383520299,0.709999999999999));
#9099=CARTESIAN_POINT('',(-0.00349877445735641,1.27799383520299,0.709));
#9100=CARTESIAN_POINT('',(0.0204948904017976,1.29860225797914,0.709999999999999));
#9101=CARTESIAN_POINT('',(0.0204948904017976,1.29860225797914,0.709));
#9102=CARTESIAN_POINT('',(0.069647684593073,1.34082013379215,0.709999999999999));
#9103=CARTESIAN_POINT('',(0.069647684593073,1.34082013379215,0.709));
#9104=CARTESIAN_POINT('',(0.134332954754618,1.34600732587017,0.709999999999999));
#9105=CARTESIAN_POINT('',(0.134332954754618,1.34600732587017,0.709));
#9106=CARTESIAN_POINT('',(0.167442467746789,1.34866241880047,0.709999999999999));
#9107=CARTESIAN_POINT('',(0.167442467746789,1.34866241880047,0.709));
#9108=CARTESIAN_POINT('',(-0.00349877445735641,1.27799383520299,0.71));
#9109=CARTESIAN_POINT('',(0.0204948904017976,1.29860225797914,0.71));
#9110=CARTESIAN_POINT('',(0.0444885552609516,1.31921068075529,0.71));
#9111=CARTESIAN_POINT('',(0.0721833765816216,1.33099524604455,0.71));
#9112=CARTESIAN_POINT('',(0.101223441762448,1.34335223293988,0.71));
#9113=CARTESIAN_POINT('',(0.134332954754618,1.34600732587017,0.71));
#9114=CARTESIAN_POINT('',(0.167442467746789,1.34866241880047,0.71));
#9115=CARTESIAN_POINT('',(0.167441801854621,1.34866230630879,0.71));
#9116=CARTESIAN_POINT('',(0.167442467746789,1.34866241880047,0.709));
#9117=CARTESIAN_POINT('',(0.134332954754618,1.34600732587017,0.709));
#9118=CARTESIAN_POINT('',(0.101223441762448,1.34335223293988,0.709));
#9119=CARTESIAN_POINT('',(0.0721833765816216,1.33099524604455,0.709));
#9120=CARTESIAN_POINT('',(0.0444885552609516,1.31921068075529,0.709));
#9121=CARTESIAN_POINT('',(0.0204948904017976,1.29860225797914,0.709));
#9122=CARTESIAN_POINT('',(-0.00349877445735641,1.27799383520299,0.709));
#9123=CARTESIAN_POINT('',(0.16744313396671,1.34866230502378,0.709));
#9124=CARTESIAN_POINT('',(0.167442467746789,1.34866241880047,1.71));
#9125=CARTESIAN_POINT('',(0.167442467746789,1.34866241880047,0.71));
#9126=CARTESIAN_POINT('',(0.167442467746789,1.34866241880047,0.709));
#9127=CARTESIAN_POINT('',(0.199560927777141,1.34602224343627,0.71));
#9128=CARTESIAN_POINT('',(0.199560927777141,1.34602224343627,0.709));
#9129=CARTESIAN_POINT('',(0.262504123807013,1.34084823835182,0.71));
#9130=CARTESIAN_POINT('',(0.262504123807013,1.34084823835182,0.709));
#9131=CARTESIAN_POINT('',(0.310234439545946,1.29961790308827,0.71));
#9132=CARTESIAN_POINT('',(0.310234439545946,1.29961790308827,0.709));
#9133=CARTESIAN_POINT('',(0.333609076911485,1.27942645619911,0.71));
#9134=CARTESIAN_POINT('',(0.333609076911485,1.27942645619911,0.709));
#9135=CARTESIAN_POINT('',(0.167442467746789,1.34866241880047,0.71));
#9136=CARTESIAN_POINT('',(0.199560927777141,1.34602224343627,0.71));
#9137=CARTESIAN_POINT('',(0.231679387807493,1.34338206807208,0.71));
#9138=CARTESIAN_POINT('',(0.259836679544849,1.33135345415215,0.71));
#9139=CARTESIAN_POINT('',(0.286859802180406,1.31980934997742,0.71));
#9140=CARTESIAN_POINT('',(0.310234439545946,1.29961790308827,0.71));
#9141=CARTESIAN_POINT('',(0.333609076911485,1.27942645619911,0.71));
#9142=CARTESIAN_POINT('',(0.333608741645799,1.27942664489066,0.71));
#9143=CARTESIAN_POINT('',(0.333609076911485,1.27942645619911,0.709));
#9144=CARTESIAN_POINT('',(0.310234439545946,1.29961790308827,0.709));
#9145=CARTESIAN_POINT('',(0.286859802180406,1.31980934997742,0.709));
#9146=CARTESIAN_POINT('',(0.259836679544849,1.33135345415215,0.709));
#9147=CARTESIAN_POINT('',(0.231679387807493,1.34338206807208,0.709));
#9148=CARTESIAN_POINT('',(0.199560927777141,1.34602224343627,0.709));
#9149=CARTESIAN_POINT('',(0.167442467746789,1.34866241880047,0.709));
#9150=CARTESIAN_POINT('',(0.33360921978163,1.27942611254655,0.709));
#9151=CARTESIAN_POINT('',(0.333609076911485,1.27942645619911,1.71));
#9152=CARTESIAN_POINT('',(0.333609076911485,1.27942645619911,0.71));
#9153=CARTESIAN_POINT('',(0.333609076911485,1.27942645619911,0.709));
#9154=CARTESIAN_POINT('',(0.352379834381286,1.25257586640221,0.71));
#9155=CARTESIAN_POINT('',(0.352379834381286,1.25257586640221,0.709));
#9156=CARTESIAN_POINT('',(0.393101464736896,1.19432569752657,0.71));
#9157=CARTESIAN_POINT('',(0.393101464736896,1.19432569752657,0.709));
#9158=CARTESIAN_POINT('',(0.396329952230501,1.12303805415065,0.71));
#9159=CARTESIAN_POINT('',(0.396329952230501,1.12303805415065,0.709));
#9160=CARTESIAN_POINT('',(0.398070258744918,1.08461066348853,0.71));
#9161=CARTESIAN_POINT('',(0.398070258744918,1.08461066348853,0.709));
#9162=CARTESIAN_POINT('',(0.333609076911485,1.27942645619911,0.71));
#9163=CARTESIAN_POINT('',(0.352379834381286,1.25257586640221,0.71));
#9164=CARTESIAN_POINT('',(0.371150591851088,1.22572527660531,0.71));
#9165=CARTESIAN_POINT('',(0.38195489392788,1.1961045146885,0.71));
#9166=CARTESIAN_POINT('',(0.394589645716084,1.16146544481278,0.71));
#9167=CARTESIAN_POINT('',(0.396329952230501,1.12303805415065,0.71));
#9168=CARTESIAN_POINT('',(0.398070258744918,1.08461066348853,0.71));
#9169=CARTESIAN_POINT('',(0.398070258744918,1.08461066348853,0.71));
#9170=CARTESIAN_POINT('',(0.398070258744918,1.08461066348853,0.709));
#9171=CARTESIAN_POINT('',(0.396329952230501,1.12303805415065,0.709));
#9172=CARTESIAN_POINT('',(0.394589645716084,1.16146544481278,0.709));
#9173=CARTESIAN_POINT('',(0.38195489392788,1.1961045146885,0.709));
#9174=CARTESIAN_POINT('',(0.371150591851088,1.22572527660531,0.709));
#9175=CARTESIAN_POINT('',(0.352379834381286,1.25257586640221,0.709));
#9176=CARTESIAN_POINT('',(0.333609076911485,1.27942645619911,0.709));
#9177=CARTESIAN_POINT('',(0.398070258744918,1.08461066348853,0.709));
#9178=CARTESIAN_POINT('',(0.398070258744918,1.08461066348853,1.71));
#9179=CARTESIAN_POINT('',(0.398070258744918,1.08461066348853,0.71));
#9180=CARTESIAN_POINT('',(0.398070258744918,1.08461066348853,0.709));
#9181=CARTESIAN_POINT('',(0.398039948018728,1.08142721059151,0.71));
#9182=CARTESIAN_POINT('',(0.398039948018728,1.08142721059151,0.709));
#9183=CARTESIAN_POINT('',(0.397967190385419,1.07378567481712,0.71));
#9184=CARTESIAN_POINT('',(0.397967190385419,1.07378567481712,0.709));
#9185=CARTESIAN_POINT('',(0.39773067289144,1.06614735603731,0.71));
#9186=CARTESIAN_POINT('',(0.39773067289144,1.06614735603731,0.709));
#9187=CARTESIAN_POINT('',(0.397592688247877,1.06169114995918,0.71));
#9188=CARTESIAN_POINT('',(0.397592688247877,1.06169114995918,0.709));
#9189=CARTESIAN_POINT('',(0.398070258744918,1.08461066348853,0.71));
#9190=CARTESIAN_POINT('',(0.398062983228978,1.08384653589392,0.71));
#9191=CARTESIAN_POINT('',(0.398002319938327,1.0772801546925,0.71));
#9192=CARTESIAN_POINT('',(0.397829204030627,1.06932939014665,0.71));
#9193=CARTESIAN_POINT('',(0.397616339288973,1.06245495896258,0.71));
#9194=CARTESIAN_POINT('',(0.397592688247877,1.06169114995918,0.71));
#9195=CARTESIAN_POINT('',(0.397592688247877,1.06169114995918,0.71));
#9196=CARTESIAN_POINT('',(0.397592688247877,1.06169114995918,0.709));
#9197=CARTESIAN_POINT('',(0.39773067289144,1.06614735603731,0.709));
#9198=CARTESIAN_POINT('',(0.397868657535004,1.07060356211545,0.709));
#9199=CARTESIAN_POINT('',(0.397950905326766,1.07506086312094,0.709));
#9200=CARTESIAN_POINT('',(0.398009637292537,1.07824375769449,0.709));
#9201=CARTESIAN_POINT('',(0.398039948018728,1.08142721059151,0.709));
#9202=CARTESIAN_POINT('',(0.398070258744918,1.08461066348853,0.709));
#9203=CARTESIAN_POINT('',(0.397592688247877,1.06169114995918,0.709));
#9204=CARTESIAN_POINT('',(0.397592688247877,1.06169114995918,1.71));
#9205=CARTESIAN_POINT('',(0.0693051372850536,1.23893539214202,0.71));
#9206=CARTESIAN_POINT('',(0.0693051372850536,1.23893539214202,0.709666666666667));
#9207=CARTESIAN_POINT('',(0.0693051372850536,1.23893539214202,0.709333333333333));
#9208=CARTESIAN_POINT('',(0.0693051372850536,1.23893539214202,0.709));
#9209=CARTESIAN_POINT('',(0.0440891197968347,1.20779949435513,0.71));
#9210=CARTESIAN_POINT('',(0.0440891197968347,1.20779949435513,0.709666666666667));
#9211=CARTESIAN_POINT('',(0.0440891197968347,1.20779949435513,0.709333333333333));
#9212=CARTESIAN_POINT('',(0.0440891197968347,1.20779949435513,0.709));
#9213=CARTESIAN_POINT('',(0.0292276022299043,1.1721987392847,0.71));
#9214=CARTESIAN_POINT('',(0.0292276022299043,1.1721987392847,0.709666666666667));
#9215=CARTESIAN_POINT('',(0.0292276022299043,1.1721987392847,0.709333333333333));
#9216=CARTESIAN_POINT('',(0.0292276022299043,1.1721987392847,0.709));
#9217=CARTESIAN_POINT('',(0.0241957041337337,1.13235945522471,0.71));
#9218=CARTESIAN_POINT('',(0.0241957041337337,1.13235945522471,0.709666666666667));
#9219=CARTESIAN_POINT('',(0.0241957041337337,1.13235945522471,0.709333333333333));
#9220=CARTESIAN_POINT('',(0.0241957041337337,1.13235945522471,0.709));
#9221=CARTESIAN_POINT('',(0.0688409444794116,1.23836222234006,0.71));
#9222=CARTESIAN_POINT('',(0.0568702641418591,1.22358122531689,0.71));
#9223=CARTESIAN_POINT('',(0.0318089775888541,1.19263638413067,0.71));
#9224=CARTESIAN_POINT('',(0.0268079563073384,1.15304156253125,0.71));
#9225=CARTESIAN_POINT('',(0.0241957041337337,1.13235945522471,0.71));
#9226=CARTESIAN_POINT('',(0.0688096111978523,1.23841420215751,0.7095));
#9227=CARTESIAN_POINT('',(0.0241957041337337,1.13235945522471,0.71));
#9228=CARTESIAN_POINT('',(0.0241957041337337,1.13235945522471,0.709));
#9229=CARTESIAN_POINT('',(0.0268079563073384,1.15304156253125,0.709));
#9230=CARTESIAN_POINT('',(0.0294202084809432,1.17372366983778,0.709));
#9231=CARTESIAN_POINT('',(0.0375057633223025,1.19204569066337,0.709));
#9232=CARTESIAN_POINT('',(0.0448995838043066,1.20880022829373,0.709));
#9233=CARTESIAN_POINT('',(0.0568702641418591,1.22358122531689,0.709));
#9234=CARTESIAN_POINT('',(0.0688409444794116,1.23836222234006,0.709));
#9235=CARTESIAN_POINT('',(0.0690915573449416,1.23867167075192,0.709));
#9236=CARTESIAN_POINT('',(0.0693421702104717,1.23898111916378,0.709));
#9237=CARTESIAN_POINT('',(0.0695927830760017,1.23929056757565,0.709));
#9238=CARTESIAN_POINT('',(0.0241957041337337,1.13235945522471,0.709));
#9239=CARTESIAN_POINT('',(0.0241957041337337,1.13235945522471,1.71));
#9240=CARTESIAN_POINT('',(0.0241957041337337,1.13235945522471,1.71));
#9241=CARTESIAN_POINT('',(0.0120975625668961,1.13235944903867,0.71));
#9242=CARTESIAN_POINT('',(0.0120975625668961,1.13235944903867,0.709));
#9243=CARTESIAN_POINT('',(0.397592688247877,1.06169114995918,1.71));
#9244=CARTESIAN_POINT('',(0.198796072691135,1.06169104831016,0.71));
#9245=CARTESIAN_POINT('',(0.0193024418096966,1.06168331771003,0.7095));
#9246=CARTESIAN_POINT('',(0.198796072691135,1.06169104831016,0.709));
#9247=CARTESIAN_POINT('',(0.0660688972412544,0.934257178622061,0.71));
#9248=CARTESIAN_POINT('',(0.0660688972412544,0.934257178622061,0.709666666666667));
#9249=CARTESIAN_POINT('',(0.0660688972412544,0.934257178622061,0.709333333333333));
#9250=CARTESIAN_POINT('',(0.0660688972412544,0.934257178622061,0.709));
#9251=CARTESIAN_POINT('',(0.0968331294238927,0.907934737452972,0.71));
#9252=CARTESIAN_POINT('',(0.0968331294238927,0.907934737452972,0.709666666666667));
#9253=CARTESIAN_POINT('',(0.0968331294238927,0.907934737452972,0.709333333333333));
#9254=CARTESIAN_POINT('',(0.0968331294238927,0.907934737452972,0.709));
#9255=CARTESIAN_POINT('',(0.132339770157114,0.892870558434984,0.71));
#9256=CARTESIAN_POINT('',(0.132339770157114,0.892870558434984,0.709666666666667));
#9257=CARTESIAN_POINT('',(0.132339770157114,0.892870558434984,0.709333333333333));
#9258=CARTESIAN_POINT('',(0.132339770157114,0.892870558434984,0.709));
#9259=CARTESIAN_POINT('',(0.172695212928719,0.889317214867943,0.71));
#9260=CARTESIAN_POINT('',(0.172695212928719,0.889317214867943,0.709666666666667));
#9261=CARTESIAN_POINT('',(0.172695212928719,0.889317214867943,0.709333333333333));
#9262=CARTESIAN_POINT('',(0.172695212928719,0.889317214867943,0.709));
#9263=CARTESIAN_POINT('',(0.0666923528032207,0.933723738611143,0.71));
#9264=CARTESIAN_POINT('',(0.0818294627621768,0.920772149766045,0.71));
#9265=CARTESIAN_POINT('',(0.112385876424159,0.894627521933928,0.71));
#9266=CARTESIAN_POINT('',(0.152468710135756,0.891098181910973,0.71));
#9267=CARTESIAN_POINT('',(0.172695212928719,0.889317214867943,0.71));
#9268=CARTESIAN_POINT('',(0.0666121260412269,0.933777756762949,0.7095));
#9269=CARTESIAN_POINT('',(0.172694456572159,0.889317337100523,0.71));
#9270=CARTESIAN_POINT('',(0.172695212928719,0.889317214867943,0.709));
#9271=CARTESIAN_POINT('',(0.152468710135756,0.891098181910973,0.709));
#9272=CARTESIAN_POINT('',(0.132242207342793,0.892879148954003,0.709));
#9273=CARTESIAN_POINT('',(0.11444150175066,0.900418848194199,0.709));
#9274=CARTESIAN_POINT('',(0.0969665727211327,0.907820560920947,0.709));
#9275=CARTESIAN_POINT('',(0.0818294627621768,0.920772149766045,0.709));
#9276=CARTESIAN_POINT('',(0.0666923528032207,0.933723738611143,0.709));
#9277=CARTESIAN_POINT('',(0.0663867886666009,0.933985184889464,0.709));
#9278=CARTESIAN_POINT('',(0.066081224529981,0.934246631167785,0.709));
#9279=CARTESIAN_POINT('',(0.0657756603933612,0.934508077446106,0.709));
#9280=CARTESIAN_POINT('',(0.172695909049482,0.889317320885206,0.709));
#9281=CARTESIAN_POINT('',(0.172695212928719,0.889317214867943,1.71));
#9282=CARTESIAN_POINT('',(0.172695212928719,0.889317214867943,0.71));
#9283=CARTESIAN_POINT('',(0.172695212928719,0.889317214867943,0.709));
#9284=CARTESIAN_POINT('',(0.187669966146033,0.890202708769602,0.71));
#9285=CARTESIAN_POINT('',(0.187669966146033,0.890202708769602,0.709));
#9286=CARTESIAN_POINT('',(0.216628861769158,0.89191511932495,0.71));
#9287=CARTESIAN_POINT('',(0.216628861769158,0.89191511932495,0.709));
#9288=CARTESIAN_POINT('',(0.241419595801675,0.906907136647553,0.71));
#9289=CARTESIAN_POINT('',(0.241419595801675,0.906907136647553,0.709));
#9290=CARTESIAN_POINT('',(0.253390948562049,0.914146725750607,0.71));
#9291=CARTESIAN_POINT('',(0.253390948562049,0.914146725750607,0.709));
#9292=CARTESIAN_POINT('',(0.172695212928719,0.889317214867943,0.71));
#9293=CARTESIAN_POINT('',(0.187669966146033,0.890202708769602,0.71));
#9294=CARTESIAN_POINT('',(0.202644719363348,0.891088202671261,0.71));
#9295=CARTESIAN_POINT('',(0.216504921687889,0.895524613987319,0.71));
#9296=CARTESIAN_POINT('',(0.229448243041301,0.899667547544499,0.71));
#9297=CARTESIAN_POINT('',(0.241419595801675,0.906907136647553,0.71));
#9298=CARTESIAN_POINT('',(0.253390948562049,0.914146725750607,0.71));
#9299=CARTESIAN_POINT('',(0.253390546902245,0.914146575809536,0.71));
#9300=CARTESIAN_POINT('',(0.253390948562049,0.914146725750607,0.709));
#9301=CARTESIAN_POINT('',(0.241419595801675,0.906907136647553,0.709));
#9302=CARTESIAN_POINT('',(0.229448243041301,0.899667547544499,0.709));
#9303=CARTESIAN_POINT('',(0.216504921687889,0.895524613987319,0.709));
#9304=CARTESIAN_POINT('',(0.202644719363348,0.891088202671261,0.709));
#9305=CARTESIAN_POINT('',(0.187669966146033,0.890202708769602,0.709));
#9306=CARTESIAN_POINT('',(0.172695212928719,0.889317214867943,0.709));
#9307=CARTESIAN_POINT('',(0.253391186232173,0.91414706425283,0.709));
#9308=CARTESIAN_POINT('',(0.253390948562049,0.914146725750607,1.71));
#9309=CARTESIAN_POINT('',(0.253390948562049,0.914146725750607,0.71));
#9310=CARTESIAN_POINT('',(0.253390948562049,0.914146725750607,0.709));
#9311=CARTESIAN_POINT('',(0.264185334937763,0.924335568683877,0.71));
#9312=CARTESIAN_POINT('',(0.264185334937763,0.924335568683877,0.709));
#9313=CARTESIAN_POINT('',(0.287826263760754,0.946650288779131,0.71));
#9314=CARTESIAN_POINT('',(0.287826263760754,0.946650288779131,0.709));
#9315=CARTESIAN_POINT('',(0.299855521936647,0.976946856050362,0.71));
#9316=CARTESIAN_POINT('',(0.299855521936647,0.976946856050362,0.709));
#9317=CARTESIAN_POINT('',(0.306392252237007,0.993410089807835,0.71));
#9318=CARTESIAN_POINT('',(0.306392252237007,0.993410089807835,0.709));
#9319=CARTESIAN_POINT('',(0.253390948562049,0.914146725750607,0.71));
#9320=CARTESIAN_POINT('',(0.264185334937763,0.924335568683877,0.71));
#9321=CARTESIAN_POINT('',(0.274979721313476,0.934524411617147,0.71));
#9322=CARTESIAN_POINT('',(0.283353292940801,0.94637731943395,0.71));
#9323=CARTESIAN_POINT('',(0.293318791636288,0.960483622292889,0.71));
#9324=CARTESIAN_POINT('',(0.299855521936647,0.976946856050362,0.71));
#9325=CARTESIAN_POINT('',(0.306392252237007,0.993410089807835,0.71));
#9326=CARTESIAN_POINT('',(0.306392252237007,0.993410089807835,0.71));
#9327=CARTESIAN_POINT('',(0.306392252237007,0.993410089807835,0.709));
#9328=CARTESIAN_POINT('',(0.299855521936647,0.976946856050362,0.709));
#9329=CARTESIAN_POINT('',(0.293318791636288,0.960483622292889,0.709));
#9330=CARTESIAN_POINT('',(0.283353292940801,0.94637731943395,0.709));
#9331=CARTESIAN_POINT('',(0.274979721313476,0.934524411617147,0.709));
#9332=CARTESIAN_POINT('',(0.264185334937763,0.924335568683877,0.709));
#9333=CARTESIAN_POINT('',(0.253390948562049,0.914146725750607,0.709));
#9334=CARTESIAN_POINT('',(0.306392252237007,0.993410089807835,0.709));
#9335=CARTESIAN_POINT('',(0.306392252237007,0.993410089807835,1.71));
#9336=CARTESIAN_POINT('',(0.306392252237007,0.993410089807835,1.71));
#9337=CARTESIAN_POINT('',(0.215998858572024,1.00458777277744,0.71));
#9338=CARTESIAN_POINT('',(0.395205264730374,0.982427830408376,0.71));
#9339=CARTESIAN_POINT('',(0.215998858572024,1.00458777277744,0.709));
#9340=CARTESIAN_POINT('',(0.395205264730374,0.982427830408376,0.709));
#9341=CARTESIAN_POINT('',(0.395205264730374,0.982427830408375,1.71));
#9342=CARTESIAN_POINT('',(0.395205264730374,0.982427830408375,0.71));
#9343=CARTESIAN_POINT('',(0.395205264730374,0.982427830408375,0.709666666666667));
#9344=CARTESIAN_POINT('',(0.395205264730374,0.982427830408375,0.709333333333333));
#9345=CARTESIAN_POINT('',(0.395205264730374,0.982427830408375,0.709));
#9346=CARTESIAN_POINT('',(0.379302510609175,0.935201566036247,0.71));
#9347=CARTESIAN_POINT('',(0.379302510609175,0.935201566036247,0.709666666666667));
#9348=CARTESIAN_POINT('',(0.379302510609175,0.935201566036247,0.709333333333333));
#9349=CARTESIAN_POINT('',(0.379302510609175,0.935201566036247,0.709));
#9350=CARTESIAN_POINT('',(0.353183088028118,0.894640502230723,0.71));
#9351=CARTESIAN_POINT('',(0.353183088028118,0.894640502230723,0.709666666666667));
#9352=CARTESIAN_POINT('',(0.353183088028118,0.894640502230723,0.709333333333333));
#9353=CARTESIAN_POINT('',(0.353183088028118,0.894640502230723,0.709));
#9354=CARTESIAN_POINT('',(0.316598096240155,0.860907018088937,0.71));
#9355=CARTESIAN_POINT('',(0.316598096240155,0.860907018088937,0.709666666666667));
#9356=CARTESIAN_POINT('',(0.316598096240155,0.860907018088937,0.709333333333333));
#9357=CARTESIAN_POINT('',(0.316598096240155,0.860907018088937,0.709));
#9358=CARTESIAN_POINT('',(0.395205264730374,0.982427830408375,0.71));
#9359=CARTESIAN_POINT('',(0.387045704588827,0.958196458819016,0.71));
#9360=CARTESIAN_POINT('',(0.378886144447281,0.933965087229657,0.71));
#9361=CARTESIAN_POINT('',(0.365242939212235,0.913311163076108,0.71));
#9362=CARTESIAN_POINT('',(0.3524840122507,0.893995913821679,0.71));
#9363=CARTESIAN_POINT('',(0.33492924383655,0.877809399271025,0.71));
#9364=CARTESIAN_POINT('',(0.3173744754224,0.86162288472037,0.71));
#9365=CARTESIAN_POINT('',(0.317011213435128,0.861287936101057,0.71));
#9366=CARTESIAN_POINT('',(0.316647951447856,0.860952987481744,0.71));
#9367=CARTESIAN_POINT('',(0.316284689460584,0.860618038862431,0.71));
#9368=CARTESIAN_POINT('',(0.317289779654028,0.861470383651428,0.7095));
#9369=CARTESIAN_POINT('',(0.316284689460584,0.860618038862431,0.709));
#9370=CARTESIAN_POINT('',(0.316647951447856,0.860952987481744,0.709));
#9371=CARTESIAN_POINT('',(0.317011213435128,0.861287936101057,0.709));
#9372=CARTESIAN_POINT('',(0.3173744754224,0.86162288472037,0.709));
#9373=CARTESIAN_POINT('',(0.33492924383655,0.877809399271025,0.709));
#9374=CARTESIAN_POINT('',(0.3524840122507,0.893995913821679,0.709));
#9375=CARTESIAN_POINT('',(0.365242939212235,0.913311163076107,0.709));
#9376=CARTESIAN_POINT('',(0.378886144447281,0.933965087229657,0.709));
#9377=CARTESIAN_POINT('',(0.387045704588827,0.958196458819016,0.709));
#9378=CARTESIAN_POINT('',(0.395205264730374,0.982427830408375,0.709));
#9379=CARTESIAN_POINT('',(0.,0.,0.709));
#9380=CARTESIAN_POINT('',(0.0666027472851825,0.933771156061749,0.709));
#9381=CARTESIAN_POINT('',(0.0520054312066361,0.954492320796028,0.709));
#9382=CARTESIAN_POINT('',(0.0407958825060103,0.974463474071567,0.709));
#9383=CARTESIAN_POINT('',(0.0329741011833052,0.993684615888366,0.709));
#9384=CARTESIAN_POINT('',(0.0329819432246582,0.993687775029476,0.7095));
#9385=CARTESIAN_POINT('',(0.0329516472092556,0.99378326146836,0.709));
#9386=CARTESIAN_POINT('',(0.0267429070305493,1.01335012890809,0.709));
#9387=CARTESIAN_POINT('',(0.0221875352087527,1.03598093471205,0.709));
#9388=CARTESIAN_POINT('',(0.019285531743866,1.06167567888024,0.709));
#9389=CARTESIAN_POINT('',(0.172221902515963,0.818604116855413,0.709));
#9390=CARTESIAN_POINT('',(0.202071370840753,0.820393686103803,0.709));
#9391=CARTESIAN_POINT('',(0.228659295128132,0.824430206801116,0.709));
#9392=CARTESIAN_POINT('',(0.251985675378099,0.830713678947352,0.709));
#9393=CARTESIAN_POINT('',(0.251983481636644,0.830721719486162,0.7095));
#9394=CARTESIAN_POINT('',(0.252082028529398,0.830756356951496,0.709));
#9395=CARTESIAN_POINT('',(0.272456206039009,0.837917001678218,0.709));
#9396=CARTESIAN_POINT('',(0.294201246775427,0.848139133696331,0.709));
#9397=CARTESIAN_POINT('',(0.317317150738652,0.861422753005834,0.709));
#9398=CARTESIAN_POINT('',(0.068774635001954,1.23845934333191,0.709));
#9399=CARTESIAN_POINT('',(0.0845709463333992,1.25069861018616,0.709));
#9400=CARTESIAN_POINT('',(0.0997077886528509,1.26014682074355,0.709));
#9401=CARTESIAN_POINT('',(0.114185161960309,1.26680397500408,0.709));
#9402=CARTESIAN_POINT('',(0.114188876552608,1.26679584552472,0.7095));
#9403=CARTESIAN_POINT('',(0.114268506553909,1.26682320042807,0.709));
#9404=CARTESIAN_POINT('',(0.129427434828869,1.27203118766258,0.709));
#9405=CARTESIAN_POINT('',(0.147467833382585,1.27577450039328,0.709));
#9406=CARTESIAN_POINT('',(0.168389702215056,1.27805313862017,0.709));
#9407=CARTESIAN_POINT('',(-0.955311021165513,0.122029833769381,0.71));
#9408=CARTESIAN_POINT('',(-0.955311021165513,0.122029833769381,0.709));
#9409=CARTESIAN_POINT('',(-0.955477834034675,0.108996916090447,0.71));
#9410=CARTESIAN_POINT('',(-0.955477834034675,0.108996916090447,0.709));
#9411=CARTESIAN_POINT('',(-0.955425946322565,0.0959166030209006,0.71));
#9412=CARTESIAN_POINT('',(-0.955425946322565,0.0959166030209006,0.709));
#9413=CARTESIAN_POINT('',(-0.955374058610455,0.0828362899513543,0.71));
#9414=CARTESIAN_POINT('',(-0.955374058610455,0.0828362899513543,0.709));
#9415=CARTESIAN_POINT('',(-0.95531398259646,0.121796635363538,0.71));
#9416=CARTESIAN_POINT('',(-0.955477215095764,0.10884088849916,0.71));
#9417=CARTESIAN_POINT('',(-0.955425636853109,0.0958385892252571,0.71));
#9418=CARTESIAN_POINT('',(-0.955374058610455,0.0828362899513543,0.71));
#9419=CARTESIAN_POINT('',(-0.955313982596459,0.121796635363538,0.7095));
#9420=CARTESIAN_POINT('',(-0.955374058610455,0.0828362899513543,0.71));
#9421=CARTESIAN_POINT('',(-0.955374058610455,0.0828362899513543,0.709));
#9422=CARTESIAN_POINT('',(-0.955425636853109,0.095838589225257,0.709));
#9423=CARTESIAN_POINT('',(-0.955477215095764,0.10884088849916,0.709));
#9424=CARTESIAN_POINT('',(-0.95531398259646,0.121796635363537,0.709));
#9425=CARTESIAN_POINT('',(-0.955374058610455,0.0828362899513543,0.709));
#9426=CARTESIAN_POINT('',(-0.955374058610455,0.0828362899513543,1.71));
#9427=CARTESIAN_POINT('',(-0.955374058610455,0.0828362899513543,0.71));
#9428=CARTESIAN_POINT('',(-0.955374058610455,0.0828362899513543,0.709666666666667));
#9429=CARTESIAN_POINT('',(-0.955374058610455,0.0828362899513543,0.709333333333333));
#9430=CARTESIAN_POINT('',(-0.955374058610455,0.0828362899513543,0.709));
#9431=CARTESIAN_POINT('',(-0.956177438665224,0.00291476165844643,0.71));
#9432=CARTESIAN_POINT('',(-0.956177438665224,0.00291476165844643,0.709666666666667));
#9433=CARTESIAN_POINT('',(-0.956177438665224,0.00291476165844643,0.709333333333333));
#9434=CARTESIAN_POINT('',(-0.956177438665224,0.00291476165844643,0.709));
#9435=CARTESIAN_POINT('',(-0.944662469727144,-0.074452571803645,0.71));
#9436=CARTESIAN_POINT('',(-0.944662469727144,-0.074452571803645,0.709666666666667));
#9437=CARTESIAN_POINT('',(-0.944662469727144,-0.074452571803645,0.709333333333333));
#9438=CARTESIAN_POINT('',(-0.944662469727144,-0.074452571803645,0.709));
#9439=CARTESIAN_POINT('',(-0.914471485093765,-0.147947455899596,0.71));
#9440=CARTESIAN_POINT('',(-0.914471485093765,-0.147947455899596,0.709666666666667));
#9441=CARTESIAN_POINT('',(-0.914471485093765,-0.147947455899596,0.709333333333333));
#9442=CARTESIAN_POINT('',(-0.914471485093765,-0.147947455899596,0.709));
#9443=CARTESIAN_POINT('',(-0.955374058610455,0.0828362899513543,0.71));
#9444=CARTESIAN_POINT('',(-0.955863063591121,0.0341892950879838,0.71));
#9445=CARTESIAN_POINT('',(-0.956352068571787,-0.014457699775387,0.71));
#9446=CARTESIAN_POINT('',(-0.945287016671643,-0.0607089748570663,0.71));
#9447=CARTESIAN_POINT('',(-0.938284740530919,-0.0899780829376461,0.71));
#9448=CARTESIAN_POINT('',(-0.926655394518054,-0.118287773651815,0.71));
#9449=CARTESIAN_POINT('',(-0.91502604850519,-0.146597464365983,0.71));
#9450=CARTESIAN_POINT('',(-0.914725987203561,-0.147327913235164,0.71));
#9451=CARTESIAN_POINT('',(-0.914425925901932,-0.148058362104345,0.71));
#9452=CARTESIAN_POINT('',(-0.914125864600303,-0.148788810973525,0.71));
#9453=CARTESIAN_POINT('',(-0.915081872237321,-0.146661271709288,0.7095));
#9454=CARTESIAN_POINT('',(-0.914125864600303,-0.148788810973525,0.709));
#9455=CARTESIAN_POINT('',(-0.914425925901932,-0.148058362104345,0.709));
#9456=CARTESIAN_POINT('',(-0.914725987203561,-0.147327913235164,0.709));
#9457=CARTESIAN_POINT('',(-0.91502604850519,-0.146597464365983,0.709));
#9458=CARTESIAN_POINT('',(-0.926655394518054,-0.118287773651815,0.709));
#9459=CARTESIAN_POINT('',(-0.938284740530919,-0.0899780829376461,0.709));
#9460=CARTESIAN_POINT('',(-0.945287016671643,-0.0607089748570663,0.709));
#9461=CARTESIAN_POINT('',(-0.956352068571787,-0.014457699775387,0.709));
#9462=CARTESIAN_POINT('',(-0.955863063591121,0.0341892950879838,0.709));
#9463=CARTESIAN_POINT('',(-0.955374058610455,0.0828362899513543,0.709));
#9464=CARTESIAN_POINT('',(-0.81578932972854,-0.203704424924802,0.71));
#9465=CARTESIAN_POINT('',(-0.81578932972854,-0.203704424924802,0.709));
#9466=CARTESIAN_POINT('',(-0.815682688357612,-0.203688745596147,0.71));
#9467=CARTESIAN_POINT('',(-0.815682688357612,-0.203688745596147,0.709));
#9468=CARTESIAN_POINT('',(-0.815576046986683,-0.203673066267492,0.71));
#9469=CARTESIAN_POINT('',(-0.815576046986683,-0.203673066267492,0.709));
#9470=CARTESIAN_POINT('',(-0.815469405615754,-0.203657386938837,0.71));
#9471=CARTESIAN_POINT('',(-0.815469405615754,-0.203657386938837,0.709));
#9472=CARTESIAN_POINT('',(-0.796218851735056,-0.200827005460619,0.71));
#9473=CARTESIAN_POINT('',(-0.796218851735056,-0.200827005460619,0.709));
#9474=CARTESIAN_POINT('',(-0.774890577549302,-0.197691139729595,0.71));
#9475=CARTESIAN_POINT('',(-0.774890577549302,-0.197691139729595,0.709));
#9476=CARTESIAN_POINT('',(-0.757561726394494,-0.187394572580221,0.71));
#9477=CARTESIAN_POINT('',(-0.757561726394494,-0.187394572580221,0.709));
#9478=CARTESIAN_POINT('',(-0.75590786239286,-0.186330201755623,0.71));
#9479=CARTESIAN_POINT('',(-0.75590786239286,-0.186330201755623,0.709));
#9480=CARTESIAN_POINT('',(-0.816105437649125,-0.203750901821472,0.71));
#9481=CARTESIAN_POINT('',(-0.815893426971334,-0.203719730193927,0.71));
#9482=CARTESIAN_POINT('',(-0.815681416293544,-0.203688558566382,0.71));
#9483=CARTESIAN_POINT('',(-0.815469405615754,-0.203657386938837,0.71));
#9484=CARTESIAN_POINT('',(-0.796218851735056,-0.200827005460619,0.71));
#9485=CARTESIAN_POINT('',(-0.776968297854359,-0.197996623982401,0.71));
#9486=CARTESIAN_POINT('',(-0.760975903707246,-0.189332723807868,0.71));
#9487=CARTESIAN_POINT('',(-0.759355514639756,-0.188454875938719,0.71));
#9488=CARTESIAN_POINT('',(-0.757768574639483,-0.187517139735375,0.71));
#9489=CARTESIAN_POINT('',(-0.756212017011373,-0.186525005911734,0.71));
#9490=CARTESIAN_POINT('',(-0.8156891141119,-0.203712755807072,0.709482142579934));
#9491=CARTESIAN_POINT('',(-0.756212013580192,-0.186525003724734,0.7095));
#9492=CARTESIAN_POINT('',(-0.756212013580192,-0.186525003724734,0.709));
#9493=CARTESIAN_POINT('',(-0.773762206794063,-0.197711317605368,0.709));
#9494=CARTESIAN_POINT('',(-0.795109977603453,-0.200663969278743,0.709));
#9495=CARTESIAN_POINT('',(-0.815692433631468,-0.203690178429862,0.709));
#9496=CARTESIAN_POINT('',(-0.714699948735798,-0.249650275353779,0.71));
#9497=CARTESIAN_POINT('',(-0.714699948735798,-0.249650275353779,0.709));
#9498=CARTESIAN_POINT('',(-0.724566181336765,-0.255353186211319,0.71));
#9499=CARTESIAN_POINT('',(-0.724566181336765,-0.255353186211319,0.709));
#9500=CARTESIAN_POINT('',(-0.755719775546177,-0.270884068891768,0.71));
#9501=CARTESIAN_POINT('',(-0.755719775546177,-0.270884068891768,0.709));
#9502=CARTESIAN_POINT('',(-0.791367662707978,-0.272937506740294,0.71));
#9503=CARTESIAN_POINT('',(-0.791367662707978,-0.272937506740294,0.709));
#9504=CARTESIAN_POINT('',(-0.815469369481508,-0.274325845877426,0.71));
#9505=CARTESIAN_POINT('',(-0.815469369481508,-0.274325845877426,0.709));
#9506=CARTESIAN_POINT('',(-0.714336056148891,-0.249441863062373,0.71));
#9507=CARTESIAN_POINT('',(-0.714639107288958,-0.249616117785973,0.71));
#9508=CARTESIAN_POINT('',(-0.714942158429025,-0.249790372509573,0.71));
#9509=CARTESIAN_POINT('',(-0.715245209569092,-0.249964627233173,0.71));
#9510=CARTESIAN_POINT('',(-0.724937954656926,-0.255537965831515,0.71));
#9511=CARTESIAN_POINT('',(-0.734851170416757,-0.260450158983761,0.71));
#9512=CARTESIAN_POINT('',(-0.745218669876763,-0.264000050307442,0.71));
#9513=CARTESIAN_POINT('',(-0.767265955934447,-0.271549167603161,0.71));
#9514=CARTESIAN_POINT('',(-0.791367662707978,-0.272937506740294,0.71));
#9515=CARTESIAN_POINT('',(-0.815469369481508,-0.274325845877426,0.71));
#9516=CARTESIAN_POINT('',(-0.815468717613313,-0.274325734274743,0.71));
#9517=CARTESIAN_POINT('',(-0.815469369481508,-0.274325845877426,0.709));
#9518=CARTESIAN_POINT('',(-0.791367662707978,-0.272937506740294,0.709));
#9519=CARTESIAN_POINT('',(-0.767265955934447,-0.271549167603161,0.709));
#9520=CARTESIAN_POINT('',(-0.745218669876763,-0.264000050307442,0.709));
#9521=CARTESIAN_POINT('',(-0.734851170421528,-0.260450158985394,0.709));
#9522=CARTESIAN_POINT('',(-0.724937954666049,-0.255537965836036,0.709));
#9523=CARTESIAN_POINT('',(-0.715245209582472,-0.249964627240867,0.709));
#9524=CARTESIAN_POINT('',(-0.815470180477315,-0.274325725650554,0.709));
#9525=CARTESIAN_POINT('',(-0.815469369481508,-0.274325845877426,1.71));
#9526=CARTESIAN_POINT('',(-0.815469369481508,-0.274325845877426,0.71));
#9527=CARTESIAN_POINT('',(-0.815469369481508,-0.274325845877426,0.709));
#9528=CARTESIAN_POINT('',(-0.84714183718747,-0.271620962560661,0.71));
#9529=CARTESIAN_POINT('',(-0.84714183718747,-0.271620962560661,0.709));
#9530=CARTESIAN_POINT('',(-0.908918037972935,-0.266345168567308,0.71));
#9531=CARTESIAN_POINT('',(-0.908918037972935,-0.266345168567308,0.709));
#9532=CARTESIAN_POINT('',(-0.95299476844813,-0.222912472899318,0.71));
#9533=CARTESIAN_POINT('',(-0.95299476844813,-0.222912472899318,0.709));
#9534=CARTESIAN_POINT('',(-0.974473495083497,-0.201747586410861,0.71));
#9535=CARTESIAN_POINT('',(-0.974473495083497,-0.201747586410861,0.709));
#9536=CARTESIAN_POINT('',(-0.815469369481508,-0.274325845877426,0.71));
#9537=CARTESIAN_POINT('',(-0.84714183718747,-0.271620962560661,0.71));
#9538=CARTESIAN_POINT('',(-0.878814304893431,-0.268916079243895,0.71));
#9539=CARTESIAN_POINT('',(-0.905834322948966,-0.256181344143684,0.71));
#9540=CARTESIAN_POINT('',(-0.931516041812764,-0.244077359387775,0.71));
#9541=CARTESIAN_POINT('',(-0.95299476844813,-0.222912472899318,0.71));
#9542=CARTESIAN_POINT('',(-0.974473495083497,-0.201747586410861,0.71));
#9543=CARTESIAN_POINT('',(-0.974473224982084,-0.201747737956244,0.71));
#9544=CARTESIAN_POINT('',(-0.974473495083497,-0.201747586410861,0.709));
#9545=CARTESIAN_POINT('',(-0.95299476844813,-0.222912472899318,0.709));
#9546=CARTESIAN_POINT('',(-0.931516041812764,-0.244077359387775,0.709));
#9547=CARTESIAN_POINT('',(-0.905834322948966,-0.256181344143684,0.709));
#9548=CARTESIAN_POINT('',(-0.878814304893431,-0.268916079243895,0.709));
#9549=CARTESIAN_POINT('',(-0.84714183718747,-0.271620962560661,0.709));
#9550=CARTESIAN_POINT('',(-0.815469369481508,-0.274325845877426,0.709));
#9551=CARTESIAN_POINT('',(-0.974473534248886,-0.20174731383115,0.709));
#9552=CARTESIAN_POINT('',(-0.974473495083497,-0.201747586410861,1.71));
#9553=CARTESIAN_POINT('',(-0.974473495083497,-0.201747586410861,0.71));
#9554=CARTESIAN_POINT('',(-0.974473495083497,-0.201747586410861,0.709));
#9555=CARTESIAN_POINT('',(-0.994554004455053,-0.1642154072107,0.71));
#9556=CARTESIAN_POINT('',(-0.994554004455053,-0.1642154072107,0.709));
#9557=CARTESIAN_POINT('',(-1.041820609404,-0.0758701040960391,0.71));
#9558=CARTESIAN_POINT('',(-1.041820609404,-0.0758701040960391,0.709));
#9559=CARTESIAN_POINT('',(-1.04301988704445,0.0248852780774078,0.71));
#9560=CARTESIAN_POINT('',(-1.04301988704445,0.0248852780774078,0.709));
#9561=CARTESIAN_POINT('',(-1.04370966953659,0.0828362447834408,0.71));
#9562=CARTESIAN_POINT('',(-1.04370966953659,0.0828362447834408,0.709));
#9563=CARTESIAN_POINT('',(-0.974473495083497,-0.201747586410861,0.71));
#9564=CARTESIAN_POINT('',(-0.994554004455053,-0.1642154072107,0.71));
#9565=CARTESIAN_POINT('',(-1.01463451382661,-0.126683228010539,0.71));
#9566=CARTESIAN_POINT('',(-1.02640057084972,-0.0869112181754508,0.71));
#9567=CARTESIAN_POINT('',(-1.0423301045523,-0.0330656886286255,0.71));
#9568=CARTESIAN_POINT('',(-1.04301988704445,0.0248852780774078,0.71));
#9569=CARTESIAN_POINT('',(-1.04370966953659,0.0828362447834407,0.71));
#9570=CARTESIAN_POINT('',(-1.04370966953659,0.0828362447834408,0.71));
#9571=CARTESIAN_POINT('',(-1.04370966953659,0.0828362447834407,0.709));
#9572=CARTESIAN_POINT('',(-1.04301988704445,0.0248852780774078,0.709));
#9573=CARTESIAN_POINT('',(-1.0423301045523,-0.0330656886286255,0.709));
#9574=CARTESIAN_POINT('',(-1.02640057084972,-0.0869112181754508,0.709));
#9575=CARTESIAN_POINT('',(-1.01463451382661,-0.126683228010539,0.709));
#9576=CARTESIAN_POINT('',(-0.994554004455053,-0.1642154072107,0.709));
#9577=CARTESIAN_POINT('',(-0.974473495083497,-0.201747586410861,0.709));
#9578=CARTESIAN_POINT('',(-1.04370966953659,0.0828362447834408,0.709));
#9579=CARTESIAN_POINT('',(-1.04370966953659,0.0828362447834408,1.71));
#9580=CARTESIAN_POINT('',(-1.04370966953659,0.0828362447834408,0.71));
#9581=CARTESIAN_POINT('',(-1.04370966953659,0.0828362447834408,0.709));
#9582=CARTESIAN_POINT('',(-1.04320397097612,0.120401888202566,0.71));
#9583=CARTESIAN_POINT('',(-1.04320397097612,0.120401888202566,0.709));
#9584=CARTESIAN_POINT('',(-1.04250238790749,0.17251874485349,0.71));
#9585=CARTESIAN_POINT('',(-1.04250238790749,0.17251874485349,0.709));
#9586=CARTESIAN_POINT('',(-1.0324286490703,0.223354053911571,0.71));
#9587=CARTESIAN_POINT('',(-1.0324286490703,0.223354053911571,0.709));
#9588=CARTESIAN_POINT('',(-1.02923880419781,0.237495873318434,0.71));
#9589=CARTESIAN_POINT('',(-1.02923880419781,0.237495873318434,0.709));
#9590=CARTESIAN_POINT('',(-1.04370966953659,0.0828362447834408,0.71));
#9591=CARTESIAN_POINT('',(-1.04320397097612,0.120401888202566,0.71));
#9592=CARTESIAN_POINT('',(-1.04269827241564,0.157967531621691,0.71));
#9593=CARTESIAN_POINT('',(-1.0373232940237,0.194867350229429,0.71));
#9594=CARTESIAN_POINT('',(-1.03528574854166,0.208855324358798,0.71));
#9595=CARTESIAN_POINT('',(-1.03254848044232,0.222747618491163,0.71));
#9596=CARTESIAN_POINT('',(-1.02944270571148,0.236589523065543,0.71));
#9597=CARTESIAN_POINT('',(-1.02944270422373,0.236589529697035,0.7095));
#9598=CARTESIAN_POINT('',(-1.02910374450246,0.238100214959285,0.709));
#9599=CARTESIAN_POINT('',(-1.02921673157216,0.237596650994588,0.709));
#9600=CARTESIAN_POINT('',(-1.02932971864186,0.237093087029891,0.709));
#9601=CARTESIAN_POINT('',(-1.02944270571156,0.236589523065194,0.709));
#9602=CARTESIAN_POINT('',(-1.03254848044237,0.22274761849093,0.709));
#9603=CARTESIAN_POINT('',(-1.03528574854168,0.20885532435868,0.709));
#9604=CARTESIAN_POINT('',(-1.0373232940237,0.194867350229429,0.709));
#9605=CARTESIAN_POINT('',(-1.04269827241564,0.157967531621691,0.709));
#9606=CARTESIAN_POINT('',(-1.04320397097612,0.120401888202566,0.709));
#9607=CARTESIAN_POINT('',(-1.04370966953659,0.0828362447834408,0.709));
#9608=CARTESIAN_POINT('',(-0.715913074455274,0.312509052955037,0.811973752889079));
#9609=CARTESIAN_POINT('',(-0.715913074455274,0.312509052955037,0.776363912619321));
#9610=CARTESIAN_POINT('',(-0.72971515366883,0.329072546209886,0.811973752889079));
#9611=CARTESIAN_POINT('',(-0.72971515366883,0.329072546209886,0.776363912619321));
#9612=CARTESIAN_POINT('',(-0.756167959922726,0.36081782684325,0.811973752889079));
#9613=CARTESIAN_POINT('',(-0.756167959922726,0.36081782684325,0.776363912619321));
#9614=CARTESIAN_POINT('',(-0.796930497776039,0.366576377429959,0.811973752889079));
#9615=CARTESIAN_POINT('',(-0.796930497776039,0.366576377429959,0.776363912619321));
#9616=CARTESIAN_POINT('',(-0.816424676764246,0.36933033294308,0.811973752889079));
#9617=CARTESIAN_POINT('',(-0.816424676764246,0.36933033294308,0.776363912619321));
#9618=CARTESIAN_POINT('',(-0.816766711270034,0.369378652383127,0.811973752889079));
#9619=CARTESIAN_POINT('',(-0.816766711270034,0.369378652383127,0.776363912619321));
#9620=CARTESIAN_POINT('',(-0.817108745775822,0.369426971823175,0.811973752889079));
#9621=CARTESIAN_POINT('',(-0.817108745775822,0.369426971823175,0.776363912619321));
#9622=CARTESIAN_POINT('',(-0.81745078028161,0.369475291263222,0.811973752889079));
#9623=CARTESIAN_POINT('',(-0.81745078028161,0.369475291263222,0.776363912619321));
#9624=CARTESIAN_POINT('',(-0.770913614400796,0.359525746901291,0.798397790055249));
#9625=CARTESIAN_POINT('',(-0.774751338105783,0.360991759071508,0.796720236221046));
#9626=CARTESIAN_POINT('',(-0.779176167627806,0.362397351355533,0.794713088150312));
#9627=CARTESIAN_POINT('',(-0.784405235650412,0.363698845069347,0.792287679642092));
#9628=CARTESIAN_POINT('',(-0.792022367980049,0.365594718253908,0.78875461075091));
#9629=CARTESIAN_POINT('',(-0.799962434179722,0.366933753565949,0.784997545089171));
#9630=CARTESIAN_POINT('',(-0.808258089783188,0.368159133632515,0.781215617336978));
#9631=CARTESIAN_POINT('',(-0.810943048056599,0.368555738133119,0.779991564809599));
#9632=CARTESIAN_POINT('',(-0.813665219705498,0.368940502625796,0.778764907860575));
#9633=CARTESIAN_POINT('',(-0.816424676764246,0.36933033294308,0.77754239810043));
#9634=CARTESIAN_POINT('',(-0.816606028753787,0.369355952658161,0.777462054550045));
#9635=CARTESIAN_POINT('',(-0.816787380743329,0.369381572373242,0.777381710999659));
#9636=CARTESIAN_POINT('',(-0.81696873273287,0.369407192088323,0.777301367449274));
#9637=CARTESIAN_POINT('',(-0.770913614398574,0.359525746901205,0.798397790055249));
#9638=CARTESIAN_POINT('',(-0.816504779801753,0.369341648719787,0.7769289437468));
#9639=CARTESIAN_POINT('',(-0.715913074455274,0.312509052955037,0.811762627353883));
#9640=CARTESIAN_POINT('',(-0.731842708591492,0.331625765986818,0.809945482024101));
#9641=CARTESIAN_POINT('',(-0.749150869060141,0.351212368455375,0.807896233230937));
#9642=CARTESIAN_POINT('',(-0.770913614397348,0.359525746899974,0.798397790054244));
#9643=CARTESIAN_POINT('',(-0.715913074455274,0.312509052955037,0.811762627353883));
#9644=CARTESIAN_POINT('',(-0.715913074455274,0.312509052955037,1.71));
#9645=CARTESIAN_POINT('',(-0.715913074455274,0.312509052955037,0.810594154651621));
#9646=CARTESIAN_POINT('',(-0.770011938692682,0.359176015457627,0.797574585635359));
#9647=CARTESIAN_POINT('',(-0.767481854890698,0.358179643941674,0.798667768382087));
#9648=CARTESIAN_POINT('',(-0.764976339353271,0.357064721197777,0.799685324213579));
#9649=CARTESIAN_POINT('',(-0.762520741063907,0.35580883674581,0.800611155105063));
#9650=CARTESIAN_POINT('',(-0.76208469382542,0.355585825942492,0.800775557403796));
#9651=CARTESIAN_POINT('',(-0.761649456240933,0.355357986265564,0.800937395618926));
#9652=CARTESIAN_POINT('',(-0.761214935954983,0.355125009701115,0.80109672601876));
#9653=CARTESIAN_POINT('',(-0.75744936832224,0.353106026839689,0.802477488703323));
#9654=CARTESIAN_POINT('',(-0.753735390955537,0.350705401599119,0.803669914088649));
#9655=CARTESIAN_POINT('',(-0.749953474248439,0.347830585073863,0.804710622738801));
#9656=CARTESIAN_POINT('',(-0.745409605324314,0.344376572073748,0.805961005563366));
#9657=CARTESIAN_POINT('',(-0.740771325027245,0.340231397412154,0.806992379793065));
#9658=CARTESIAN_POINT('',(-0.735849438236385,0.335201653011703,0.807868258999431));
#9659=CARTESIAN_POINT('',(-0.735550548545301,0.334896213489429,0.807921448208477));
#9660=CARTESIAN_POINT('',(-0.735250603056299,0.334587529958405,0.8079740639945));
#9661=CARTESIAN_POINT('',(-0.734949553664761,0.334275569522244,0.808026120580935));
#9662=CARTESIAN_POINT('',(-0.730567182704879,0.329734366668188,0.808783907439418));
#9663=CARTESIAN_POINT('',(-0.726330345378711,0.324898312638412,0.809356498006542));
#9664=CARTESIAN_POINT('',(-0.721854725005798,0.319604946297829,0.8098987610187));
#9665=CARTESIAN_POINT('',(-0.719929157045094,0.31732755550495,0.810132061476623));
#9666=CARTESIAN_POINT('',(-0.717959633825493,0.31496507221125,0.810359748242084));
#9667=CARTESIAN_POINT('',(-0.715913074455291,0.312509052955057,0.810594154651619));
#9668=CARTESIAN_POINT('',(-0.770011938692453,0.359176015457574,0.797574585635359));
#9669=CARTESIAN_POINT('',(-0.816351012444801,0.369319926323323,0.776575038154516));
#9670=CARTESIAN_POINT('',(-0.800628273124667,0.367098756380561,0.783542696358282));
#9671=CARTESIAN_POINT('',(-0.785087813250933,0.365099103069657,0.791253605802805));
#9672=CARTESIAN_POINT('',(-0.770081486188072,0.359203371696555,0.797759784587167));
#9673=CARTESIAN_POINT('',(-0.675581387257532,0.0812625156740833,0.812090730277728));
#9674=CARTESIAN_POINT('',(-0.675581387257532,0.0812625156740833,0.756750703789149));
#9675=CARTESIAN_POINT('',(-0.675575940038828,0.081787154790646,0.812090730277728));
#9676=CARTESIAN_POINT('',(-0.675575940038828,0.081787154790646,0.756750703789149));
#9677=CARTESIAN_POINT('',(-0.675570492820124,0.0823117939072086,0.812090730277728));
#9678=CARTESIAN_POINT('',(-0.675570492820124,0.0823117939072086,0.756750703789149));
#9679=CARTESIAN_POINT('',(-0.67556504560142,0.0828364330237713,0.812090730277728));
#9680=CARTESIAN_POINT('',(-0.67556504560142,0.0828364330237713,0.756750703789149));
#9681=CARTESIAN_POINT('',(-0.675058882008965,0.131586673175322,0.812090730277728));
#9682=CARTESIAN_POINT('',(-0.675058882008965,0.131586673175322,0.756750703789149));
#9683=CARTESIAN_POINT('',(-0.674233263368811,0.211104654280892,0.812090730277728));
#9684=CARTESIAN_POINT('',(-0.674233263368811,0.211104654280892,0.756750703789149));
#9685=CARTESIAN_POINT('',(-0.704285153754643,0.284219042138238,0.812090730277728));
#9686=CARTESIAN_POINT('',(-0.704285153754643,0.284219042138238,0.756750703789149));
#9687=CARTESIAN_POINT('',(-0.715913074455274,0.312509052955037,0.812090730277728));
#9688=CARTESIAN_POINT('',(-0.715913074455274,0.312509052955037,0.756750703789149));
#9689=CARTESIAN_POINT('',(-0.685966540893762,0.227979978145922,0.798397790055789));
#9690=CARTESIAN_POINT('',(-0.693018994812951,0.256837607310211,0.805108496742363));
#9691=CARTESIAN_POINT('',(-0.704470311763315,0.28466952010442,0.808450075731594));
#9692=CARTESIAN_POINT('',(-0.715913074455274,0.312509052955037,0.811762627353883));
#9693=CARTESIAN_POINT('',(-0.68596654089405,0.227979978147101,0.798397790055519));
#9694=CARTESIAN_POINT('',(-0.675582096843101,0.0811941732105175,0.757621995613598));
#9695=CARTESIAN_POINT('',(-0.675576413095874,0.0817415931482688,0.757764785913543));
#9696=CARTESIAN_POINT('',(-0.675570729348647,0.08228901308602,0.757907576213489));
#9697=CARTESIAN_POINT('',(-0.67556504560142,0.0828364330237713,0.758050366513434));
#9698=CARTESIAN_POINT('',(-0.675438342750256,0.0950395912797578,0.761233466922256));
#9699=CARTESIAN_POINT('',(-0.67532052707224,0.106836415990345,0.764495038941789));
#9700=CARTESIAN_POINT('',(-0.675362440833422,0.118303162592005,0.767760063940862));
#9701=CARTESIAN_POINT('',(-0.675461884855573,0.145509010287576,0.775506618036173));
#9702=CARTESIAN_POINT('',(-0.676455140755753,0.170857899082275,0.783272609528216));
#9703=CARTESIAN_POINT('',(-0.679847161867614,0.195473966931337,0.790056113270185));
#9704=CARTESIAN_POINT('',(-0.680068022964167,0.197076767019745,0.790497800401696));
#9705=CARTESIAN_POINT('',(-0.680299118201277,0.19867644690622,0.790935322211985));
#9706=CARTESIAN_POINT('',(-0.680540923458671,0.200273304369904,0.791368402123258));
#9707=CARTESIAN_POINT('',(-0.681966705969419,0.209689027867452,0.793922018078112));
#9708=CARTESIAN_POINT('',(-0.683673146185149,0.21841760567638,0.796143169240963));
#9709=CARTESIAN_POINT('',(-0.685652087692922,0.226680317102517,0.798092514651417));
#9710=CARTESIAN_POINT('',(-0.68575615114791,0.22711481518909,0.798195021783426));
#9711=CARTESIAN_POINT('',(-0.685860976387294,0.22754802333766,0.798296777311216));
#9712=CARTESIAN_POINT('',(-0.685966540894338,0.227979978148279,0.798397790055249));
#9713=CARTESIAN_POINT('',(-0.675565046897518,0.0828362728762979,0.757497250287671));
#9714=CARTESIAN_POINT('',(-0.686383628423161,0.22966505046858,0.797787158994395));
#9715=CARTESIAN_POINT('',(-0.674239531002263,0.181211463316928,0.786662287781644));
#9716=CARTESIAN_POINT('',(-0.675051177853922,0.13232931328663,0.76996463770553));
#9717=CARTESIAN_POINT('',(-0.675563913742732,0.0829454464286537,0.757078806712994));
#9718=CARTESIAN_POINT('',(-0.68643705087711,0.229682048424521,0.797654808749915));
#9719=CARTESIAN_POINT('',(-0.715913074455274,0.312509052955037,0.810594154651621));
#9720=CARTESIAN_POINT('',(-0.704700256867796,0.285228962300538,0.807337194708548));
#9721=CARTESIAN_POINT('',(-0.693479207814451,0.25795725641474,0.804045553666013));
#9722=CARTESIAN_POINT('',(-0.686394730370292,0.229709331612465,0.797581958462941));
#9723=CARTESIAN_POINT('',(-0.587229434675279,0.0828364781917536,0.801284064505234));
#9724=CARTESIAN_POINT('',(-0.587229434675279,0.0828364781917536,0.7999721047489));
#9725=CARTESIAN_POINT('',(-0.587229434675279,0.0828364781917536,0.798660144992566));
#9726=CARTESIAN_POINT('',(-0.587229434675279,0.0828364781917536,0.797348185236232));
#9727=CARTESIAN_POINT('',(-0.587263104761192,0.0803764840338169,0.801284064505235));
#9728=CARTESIAN_POINT('',(-0.587263104761192,0.0803764840338169,0.799972104748901));
#9729=CARTESIAN_POINT('',(-0.587263104761192,0.0803764840338169,0.798660144992566));
#9730=CARTESIAN_POINT('',(-0.587263104761192,0.0803764840338169,0.797348185236232));
#9731=CARTESIAN_POINT('',(-0.587296774847105,0.0779164898758802,0.801284064505235));
#9732=CARTESIAN_POINT('',(-0.587296774847105,0.0779164898758802,0.799972104748901));
#9733=CARTESIAN_POINT('',(-0.587296774847105,0.0779164898758802,0.798660144992566));
#9734=CARTESIAN_POINT('',(-0.587296774847105,0.0779164898758802,0.797348185236232));
#9735=CARTESIAN_POINT('',(-0.587331817759516,0.0754566823521034,0.801284064505235));
#9736=CARTESIAN_POINT('',(-0.587331817759516,0.0754566823521034,0.799972104748901));
#9737=CARTESIAN_POINT('',(-0.587331817759516,0.0754566823521034,0.798660144992566));
#9738=CARTESIAN_POINT('',(-0.587331817759516,0.0754566823521034,0.797348185236232));
#9739=CARTESIAN_POINT('',(-0.587328242763764,0.0757064249469011,0.797360335873357));
#9740=CARTESIAN_POINT('',(-0.587325603306837,0.0758932208363652,0.797431752460691));
#9741=CARTESIAN_POINT('',(-0.587322963849911,0.0760800167258294,0.797503169048025));
#9742=CARTESIAN_POINT('',(-0.587320324392984,0.0762668126152935,0.797574585635359));
#9743=CARTESIAN_POINT('',(-0.587289317695012,0.0784611745193267,0.798413543275227));
#9744=CARTESIAN_POINT('',(-0.587259335169707,0.0806518968455375,0.799240695767221));
#9745=CARTESIAN_POINT('',(-0.58722943467528,0.0828364781917535,0.800056023106135));
#9746=CARTESIAN_POINT('',(-0.58722943467528,0.0828364781916849,0.800056836384894));
#9747=CARTESIAN_POINT('',(-0.58722943467528,0.0828364781916849,1.71));
#9748=CARTESIAN_POINT('',(-0.603179226579597,0.249293964270578,0.841740249707528));
#9749=CARTESIAN_POINT('',(-0.603179226579597,0.249293964270578,0.79980822755792));
#9750=CARTESIAN_POINT('',(-0.603115043610417,0.24895822454005,0.841740249707528));
#9751=CARTESIAN_POINT('',(-0.603115043610417,0.24895822454005,0.79980822755792));
#9752=CARTESIAN_POINT('',(-0.603050860641236,0.248622484809521,0.841740249707528));
#9753=CARTESIAN_POINT('',(-0.603050860641236,0.248622484809521,0.79980822755792));
#9754=CARTESIAN_POINT('',(-0.602986677672057,0.248286745078992,0.841740249707528));
#9755=CARTESIAN_POINT('',(-0.602986677672057,0.248286745078992,0.79980822755792));
#9756=CARTESIAN_POINT('',(-0.598408540514427,0.224338608131524,0.841740249707528));
#9757=CARTESIAN_POINT('',(-0.598408540514427,0.224338608131524,0.79980822755792));
#9758=CARTESIAN_POINT('',(-0.587967462659245,0.169721554568948,0.841740249707528));
#9759=CARTESIAN_POINT('',(-0.587967462659245,0.169721554568948,0.79980822755792));
#9760=CARTESIAN_POINT('',(-0.58749483024565,0.114080434928766,0.841740249707528));
#9761=CARTESIAN_POINT('',(-0.58749483024565,0.114080434928766,0.79980822755792));
#9762=CARTESIAN_POINT('',(-0.58722943467528,0.0828364781916849,0.841740249707528));
#9763=CARTESIAN_POINT('',(-0.58722943467528,0.0828364781916849,0.79980822755792));
#9764=CARTESIAN_POINT('',(-0.58722943674212,0.0828367215117653,0.800056110863236));
#9765=CARTESIAN_POINT('',(-0.587687103203382,0.136715959566165,0.819488468104339));
#9766=CARTESIAN_POINT('',(-0.592354182166613,0.192668389906334,0.831994485831354));
#9767=CARTESIAN_POINT('',(-0.602991259686126,0.248310713495947,0.840439076525653));
#9768=CARTESIAN_POINT('',(-0.646721197064317,0.352875352518845,0.84887372486339));
#9769=CARTESIAN_POINT('',(-0.646721197064317,0.352875352518845,0.840387558371501));
#9770=CARTESIAN_POINT('',(-0.646626908267412,0.352710078158869,0.84887372486339));
#9771=CARTESIAN_POINT('',(-0.646626908267412,0.352710078158869,0.840387558371501));
#9772=CARTESIAN_POINT('',(-0.646532619470507,0.352544803798892,0.84887372486339));
#9773=CARTESIAN_POINT('',(-0.646532619470507,0.352544803798892,0.840387558371501));
#9774=CARTESIAN_POINT('',(-0.646438330673602,0.352379529438915,0.84887372486339));
#9775=CARTESIAN_POINT('',(-0.646438330673602,0.352379529438915,0.840387558371501));
#9776=CARTESIAN_POINT('',(-0.637576848932057,0.336846658394279,0.84887372486339));
#9777=CARTESIAN_POINT('',(-0.637576848932057,0.336846658394279,0.840387558371501));
#9778=CARTESIAN_POINT('',(-0.618813842732356,0.303957874756289,0.84887372486339));
#9779=CARTESIAN_POINT('',(-0.618813842732356,0.303957874756289,0.840387558371501));
#9780=CARTESIAN_POINT('',(-0.608453819758503,0.267517098392376,0.84887372486339));
#9781=CARTESIAN_POINT('',(-0.608453819758503,0.267517098392376,0.840387558371501));
#9782=CARTESIAN_POINT('',(-0.602986677672057,0.248286745078992,0.84887372486339));
#9783=CARTESIAN_POINT('',(-0.602986677672057,0.248286745078992,0.840387558371501));
#9784=CARTESIAN_POINT('',(-0.602934359556039,0.248102719158354,0.848873724863389));
#9785=CARTESIAN_POINT('',(-0.602934359556039,0.248102719158354,0.840387558371501));
#9786=CARTESIAN_POINT('',(-0.602882041440021,0.247918693237716,0.848873724863389));
#9787=CARTESIAN_POINT('',(-0.602882041440021,0.247918693237716,0.840387558371501));
#9788=CARTESIAN_POINT('',(-0.602829723324003,0.247734667317079,0.848873724863389));
#9789=CARTESIAN_POINT('',(-0.602829723324003,0.247734667317079,0.840387558371501));
#9790=CARTESIAN_POINT('',(-0.602988620509693,0.248293578897008,0.840436263535067));
#9791=CARTESIAN_POINT('',(-0.613273410531798,0.284469727499178,0.844802043831629));
#9792=CARTESIAN_POINT('',(-0.627688331981529,0.319513546044101,0.847066579797452));
#9793=CARTESIAN_POINT('',(-0.646444302011267,0.352389996313488,0.847768443400387));
#9794=CARTESIAN_POINT('',(-0.943162062083177,0.39881408075463,0.798808048977466));
#9795=CARTESIAN_POINT('',(-0.943162062083177,0.39881408075463,0.735451505800268));
#9796=CARTESIAN_POINT('',(-0.942855788966243,0.399013407928156,0.798808048977466));
#9797=CARTESIAN_POINT('',(-0.942855788966243,0.399013407928156,0.735451505800268));
#9798=CARTESIAN_POINT('',(-0.942549515849309,0.399212735101682,0.798808048977466));
#9799=CARTESIAN_POINT('',(-0.942549515849309,0.399212735101682,0.735451505800268));
#9800=CARTESIAN_POINT('',(-0.942243242732374,0.399412062275208,0.798808048977466));
#9801=CARTESIAN_POINT('',(-0.942243242732374,0.399412062275208,0.735451505800269));
#9802=CARTESIAN_POINT('',(-0.923849811934979,0.411382785037269,0.798808048977466));
#9803=CARTESIAN_POINT('',(-0.923849811934979,0.411382785037269,0.735451505800269));
#9804=CARTESIAN_POINT('',(-0.887086924535258,0.435308627792895,0.798808048977466));
#9805=CARTESIAN_POINT('',(-0.887086924535258,0.435308627792895,0.735451505800269));
#9806=CARTESIAN_POINT('',(-0.843530240348899,0.438805235439787,0.798808048977466));
#9807=CARTESIAN_POINT('',(-0.843530240348899,0.438805235439787,0.735451505800269));
#9808=CARTESIAN_POINT('',(-0.821620995023209,0.440116060595584,0.798808048977466));
#9809=CARTESIAN_POINT('',(-0.821620995023209,0.440116060595584,0.735451505800269));
#9810=CARTESIAN_POINT('',(-0.822407316197213,0.44006881592533,0.797698151985704));
#9811=CARTESIAN_POINT('',(-0.863286841994895,0.437601860114679,0.773034889589352));
#9812=CARTESIAN_POINT('',(-0.904323514104023,0.424090794786935,0.751277869040117));
#9813=CARTESIAN_POINT('',(-0.942246412991578,0.399409999022602,0.735827137479186));
#9814=CARTESIAN_POINT('',(-0.942370134153195,0.399335736079542,0.736249430340014));
#9815=CARTESIAN_POINT('',(-0.943271865919244,0.398742618758537,0.736409331531451));
#9816=CARTESIAN_POINT('',(-0.94292899152362,0.398965766597428,0.736549030733789));
#9817=CARTESIAN_POINT('',(-0.942586117127997,0.399188914436318,0.736688729936126));
#9818=CARTESIAN_POINT('',(-0.942243242732374,0.399412062275208,0.736828429138464));
#9819=CARTESIAN_POINT('',(-0.935580571039182,0.403748229713049,0.739543038140649));
#9820=CARTESIAN_POINT('',(-0.9288718230922,0.408118199751263,0.74250400288054));
#9821=CARTESIAN_POINT('',(-0.921974840362055,0.412298543007824,0.745728819857224));
#9822=CARTESIAN_POINT('',(-0.916256310014771,0.41576461226014,0.74840262874832));
#9823=CARTESIAN_POINT('',(-0.910408551104417,0.419100849759307,0.751257826813582));
#9824=CARTESIAN_POINT('',(-0.904339671325417,0.422147238704708,0.754304387080893));
#9825=CARTESIAN_POINT('',(-0.898614490334513,0.425021101545337,0.757178411540961));
#9826=CARTESIAN_POINT('',(-0.892692786622612,0.427637803656483,0.760222737132043));
#9827=CARTESIAN_POINT('',(-0.886483679997481,0.429821709191977,0.763445736622803));
#9828=CARTESIAN_POINT('',(-0.886110929786509,0.429952815210644,0.763639222386968));
#9829=CARTESIAN_POINT('',(-0.885737138747998,0.43008234628687,0.763833352081159));
#9830=CARTESIAN_POINT('',(-0.885362285200645,0.43021025834996,0.764028127516864));
#9831=CARTESIAN_POINT('',(-0.88449970836387,0.430504597255232,0.764476325967694));
#9832=CARTESIAN_POINT('',(-0.883631505195783,0.430790362564895,0.764927943669983));
#9833=CARTESIAN_POINT('',(-0.882757668566021,0.431067790246637,0.765383002695845));
#9834=CARTESIAN_POINT('',(-0.87294093713327,0.43418442893047,0.770495162212604));
#9835=CARTESIAN_POINT('',(-0.862738968632629,0.436140004764969,0.775867097592228));
#9836=CARTESIAN_POINT('',(-0.852460572305984,0.437468002819813,0.781492269650646));
#9837=CARTESIAN_POINT('',(-0.843203769457149,0.438664008090153,0.786558342905727));
#9838=CARTESIAN_POINT('',(-0.833886846878188,0.439356613134746,0.791829814968443));
#9839=CARTESIAN_POINT('',(-0.824732354220431,0.439926409730446,0.797301909110642));
#9840=CARTESIAN_POINT('',(-0.824122726978246,0.439964354326638,0.797666313538675));
#9841=CARTESIAN_POINT('',(-0.823513813451999,0.440001734446976,0.798031607657096));
#9842=CARTESIAN_POINT('',(-0.82290567611437,0.440038652713388,0.798397790055249));
#9843=CARTESIAN_POINT('',(-0.822471491666986,0.440065010800795,0.798659228865771));
#9844=CARTESIAN_POINT('',(-0.822037307219602,0.440091368888201,0.798920667676294));
#9845=CARTESIAN_POINT('',(-0.821603122772217,0.440117726975608,0.799182106486816));
#9846=CARTESIAN_POINT('',(-0.970050078548881,1.09176119550533,0.465));
#9847=CARTESIAN_POINT('',(-0.68640373205771,0.22970356440506,0.797574585635359));
#9848=CARTESIAN_POINT('',(-0.653295530066404,0.17843347700218,0.797574585635359));
#9849=CARTESIAN_POINT('',(-0.620187328075097,0.127163389599299,0.797574585635359));
#9850=CARTESIAN_POINT('',(-0.587079126083791,0.075893302196419,0.797574585635359));
#9851=CARTESIAN_POINT('',(-0.822341987289444,0.440212314743004,0.797574585635359));
#9852=CARTESIAN_POINT('',(-0.804898637757089,0.413200214981209,0.797574585635359));
#9853=CARTESIAN_POINT('',(-0.787455288224734,0.386188115219414,0.797574585635359));
#9854=CARTESIAN_POINT('',(-0.770011938692379,0.359176015457619,0.797574585635359));
#9855=CARTESIAN_POINT('',(-1.40168443454896,0.813028738262922,1.209));
#9856=CARTESIAN_POINT('',(-0.715534513498952,-0.145897302640554,0.71216310828438));
#9857=CARTESIAN_POINT('',(-0.715660622274875,-0.146051083744621,0.712141943486549));
#9858=CARTESIAN_POINT('',(-0.715786731050798,-0.146204864848687,0.712120778688718));
#9859=CARTESIAN_POINT('',(-0.715912839826721,-0.146358645952754,0.712099613890887));
#9860=CARTESIAN_POINT('',(-0.721057124116437,-0.152631751943315,0.711236250209976));
#9861=CARTESIAN_POINT('',(-0.726212418719456,-0.158922825205425,0.710552102849522));
#9862=CARTESIAN_POINT('',(-0.73163309820599,-0.164884454244264,0.710047827203055));
#9863=CARTESIAN_POINT('',(-0.733136834711025,-0.166538254148399,0.709907937416161));
#9864=CARTESIAN_POINT('',(-0.734661129090385,-0.168166459619374,0.709781889631041));
#9865=CARTESIAN_POINT('',(-0.736211818801809,-0.169760925269097,0.709669697838936));
#9866=CARTESIAN_POINT('',(-0.742272332573792,-0.175992527218805,0.709231222045779));
#9867=CARTESIAN_POINT('',(-0.748860455268889,-0.18183919606468,0.709000992214424));
#9868=CARTESIAN_POINT('',(-0.756212017011373,-0.186525005911734,0.709));
#9869=CARTESIAN_POINT('',(-0.71588531776977,-0.146346190342715,0.712606071848721));
#9870=CARTESIAN_POINT('',(-1.40168443454896,0.813028738262922,0.709));
#9871=CARTESIAN_POINT('',(-0.715245209586453,-0.249964627243155,0.709000000000001));
#9872=CARTESIAN_POINT('',(-0.70605813855471,-0.244682051758678,0.709000000000001));
#9873=CARTESIAN_POINT('',(-0.69715461750135,-0.238861383994457,0.70933535324918));
#9874=CARTESIAN_POINT('',(-0.688218354135303,-0.233023040237334,0.710016284064492));
#9875=CARTESIAN_POINT('',(-0.688051260397672,-0.232913872608763,0.710029016374445));
#9876=CARTESIAN_POINT('',(-0.687884166660041,-0.232804704980193,0.710041748684398));
#9877=CARTESIAN_POINT('',(-0.687717072922409,-0.232695537351622,0.710054480994351));
#9878=CARTESIAN_POINT('',(-0.612677141368842,-0.116593902057072,0.734792355952638));
#9879=CARTESIAN_POINT('',(-0.596398378988332,-0.0523377453547003,0.751015708404983));
#9880=CARTESIAN_POINT('',(-0.588234520622379,0.0119537888795589,0.773168263824198));
#9881=CARTESIAN_POINT('',(-0.587328864863328,0.0756641852730628,0.797559035001978));
#9882=CARTESIAN_POINT('',(-0.675387638765811,0.0829270534470251,0.757144209386587));
#9883=CARTESIAN_POINT('',(-0.675334480907505,0.0411245934746083,0.746421880827252));
#9884=CARTESIAN_POINT('',(-0.677916105744773,0.00536390373119182,0.73796265644653));
#9885=CARTESIAN_POINT('',(-0.683966744365289,-0.0330296472065866,0.730172588029559));
#9886=CARTESIAN_POINT('',(-0.684083892620204,-0.033100061703612,0.73060950726383));
#9887=CARTESIAN_POINT('',(-0.683976039153588,-0.0330279348572954,0.73017051981438));
#9888=CARTESIAN_POINT('',(-0.691055386901917,-0.0730663738039644,0.721852791066891));
#9889=CARTESIAN_POINT('',(-0.701770854799135,-0.110894505304585,0.715596501262833));
#9890=CARTESIAN_POINT('',(-0.715826584003498,-0.146321275378376,0.712116245146742));
#9891=CARTESIAN_POINT('',(-1.40168443454896,0.813028738262922,1.209));
#9892=CARTESIAN_POINT('',(-0.955313982596459,0.121796635363537,0.709));
#9893=CARTESIAN_POINT('',(-0.954484553779907,0.187628316156841,0.709));
#9894=CARTESIAN_POINT('',(-0.938605602811523,0.254119827065996,0.71261329722111));
#9895=CARTESIAN_POINT('',(-0.910763208989876,0.319278299696313,0.730352346565662));
#9896=CARTESIAN_POINT('',(-0.910983892165565,0.319258635999992,0.730770948721837));
#9897=CARTESIAN_POINT('',(-0.910872758444149,0.3193306254765,0.730333130387417));
#9898=CARTESIAN_POINT('',(-0.896821774912122,0.334903781360403,0.73644646032358));
#9899=CARTESIAN_POINT('',(-0.883501519108994,0.346489163299039,0.743009110834696));
#9900=CARTESIAN_POINT('',(-0.86877888300956,0.355373192681417,0.750483841940161));
#9901=CARTESIAN_POINT('',(-0.868917719704372,0.35528069900032,0.750866234807536));
#9902=CARTESIAN_POINT('',(-0.868777309834732,0.355370467165608,0.750483773674052));
#9903=CARTESIAN_POINT('',(-0.853878289741213,0.362102877002113,0.757515322158267));
#9904=CARTESIAN_POINT('',(-0.836305401255682,0.366903453301975,0.766077351819623));
#9905=CARTESIAN_POINT('',(-0.816379883910008,0.36956475223493,0.776638073443527));
#9906=CARTESIAN_POINT('',(-0.942253532586833,0.399419101258761,0.735826781272613));
#9907=CARTESIAN_POINT('',(-0.961020314543936,0.380495257697806,0.726937768327906));
#9908=CARTESIAN_POINT('',(-0.97356988156929,0.365863838259287,0.722368311595046));
#9909=CARTESIAN_POINT('',(-0.987313866054631,0.346079362194353,0.718066851068059));
#9910=CARTESIAN_POINT('',(-0.987389225935819,0.346028601322047,0.718540113772563));
#9911=CARTESIAN_POINT('',(-0.987311970652338,0.346077845155642,0.718066999601718));
#9912=CARTESIAN_POINT('',(-0.998289903255838,0.327807526114947,0.714372745752532));
#9913=CARTESIAN_POINT('',(-1.00860405654318,0.306667715474967,0.711645734208898));
#9914=CARTESIAN_POINT('',(-1.01816087060786,0.282718830536312,0.71019179687101));
#9915=CARTESIAN_POINT('',(-1.01817419792768,0.282693909182701,0.710688896290678));
#9916=CARTESIAN_POINT('',(-1.01801597763866,0.283246395762644,0.710217550529489));
#9917=CARTESIAN_POINT('',(-1.01806533814352,0.283052846121024,0.710207447223653));
#9918=CARTESIAN_POINT('',(-1.01811469864838,0.282859296479405,0.710197343917817));
#9919=CARTESIAN_POINT('',(-1.01816405915324,0.282665746837785,0.71018724061198));
#9920=CARTESIAN_POINT('',(-1.02067286914822,0.272828341876272,0.709673727333775));
#9921=CARTESIAN_POINT('',(-1.02321051393436,0.262889174835996,0.709320533325962));
#9922=CARTESIAN_POINT('',(-1.02568750612263,0.252652440055539,0.709139958908131));
#9923=CARTESIAN_POINT('',(-1.02696180452393,0.247386111470755,0.709047061686634));
#9924=CARTESIAN_POINT('',(-1.02821954100342,0.242040958096922,0.708999850459657));
#9925=CARTESIAN_POINT('',(-1.02944270571066,0.236589523069197,0.709));
#9926=CARTESIAN_POINT('',(-1.40168443454896,0.813028738262922,0.709));
#9927=CARTESIAN_POINT('',(0.,0.,0.709));
#9928=CARTESIAN_POINT('',(-0.815699425389677,-0.203773523177857,0.709));
#9929=CARTESIAN_POINT('',(-0.836259916671859,-0.200284712804504,0.709));
#9930=CARTESIAN_POINT('',(-0.854044280089303,-0.194997947687132,0.709));
#9931=CARTESIAN_POINT('',(-0.869052515642011,-0.187913227825738,0.709));
#9932=CARTESIAN_POINT('',(-0.86919941736343,-0.187843887626834,0.7095));
#9933=CARTESIAN_POINT('',(-0.86920959801527,-0.187860242174976,0.709));
#9934=CARTESIAN_POINT('',(-0.884241923492596,-0.178516408196316,0.709));
#9935=CARTESIAN_POINT('',(-0.899551869358324,-0.164799952378894,0.709));
#9936=CARTESIAN_POINT('',(-0.915139435612454,-0.146710874722709,0.709));
#9937=CARTESIAN_POINT('',(0.716556386715077,-0.146596630102498,0.71));
#9938=CARTESIAN_POINT('',(0.716556386715077,-0.146596630102498,0.709666666666667));
#9939=CARTESIAN_POINT('',(0.716556386715077,-0.146596630102498,0.709333333333333));
#9940=CARTESIAN_POINT('',(0.716556386715077,-0.146596630102498,0.709));
#9941=CARTESIAN_POINT('',(0.742847632834321,-0.178500623929123,0.71));
#9942=CARTESIAN_POINT('',(0.742847632834321,-0.178500623929123,0.709666666666667));
#9943=CARTESIAN_POINT('',(0.742847632834321,-0.178500623929123,0.709333333333333));
#9944=CARTESIAN_POINT('',(0.742847632834321,-0.178500623929123,0.709));
#9945=CARTESIAN_POINT('',(0.776143407795392,-0.197817524205429,0.71));
#9946=CARTESIAN_POINT('',(0.776143407795392,-0.197817524205429,0.709666666666667));
#9947=CARTESIAN_POINT('',(0.776143407795392,-0.197817524205429,0.709333333333333));
#9948=CARTESIAN_POINT('',(0.776143407795392,-0.197817524205429,0.709));
#9949=CARTESIAN_POINT('',(0.816877284657891,-0.203768202915044,0.71));
#9950=CARTESIAN_POINT('',(0.816877284657891,-0.203768202915044,0.709666666666667));
#9951=CARTESIAN_POINT('',(0.816877284657891,-0.203768202915044,0.709333333333333));
#9952=CARTESIAN_POINT('',(0.816877284657891,-0.203768202915044,0.709));
#9953=CARTESIAN_POINT('',(0.716556386715077,-0.146596630102498,0.71));
#9954=CARTESIAN_POINT('',(0.730261076952557,-0.163227045821452,0.71));
#9955=CARTESIAN_POINT('',(0.756387892308299,-0.194931505626754,0.71));
#9956=CARTESIAN_POINT('',(0.796867011277521,-0.200844967589811,0.71));
#9957=CARTESIAN_POINT('',(0.816113010978061,-0.203656552675362,0.71));
#9958=CARTESIAN_POINT('',(0.716556387184671,-0.14659636860035,0.71));
#9959=CARTESIAN_POINT('',(0.816137772718259,-0.203734803779933,0.7095));
#9960=CARTESIAN_POINT('',(0.716556386715077,-0.146596630102498,1.71));
#9961=CARTESIAN_POINT('',(0.716556642777403,-0.14659681482197,0.709));
#9962=CARTESIAN_POINT('',(0.817327384547137,-0.203833956534254,0.709));
#9963=CARTESIAN_POINT('',(0.816922593357445,-0.203774821914623,0.709));
#9964=CARTESIAN_POINT('',(0.816517802167753,-0.203715687294993,0.709));
#9965=CARTESIAN_POINT('',(0.816113010978061,-0.203656552675362,0.709));
#9966=CARTESIAN_POINT('',(0.796867011277521,-0.200844967589811,0.709));
#9967=CARTESIAN_POINT('',(0.777621011576981,-0.198033382504259,0.709));
#9968=CARTESIAN_POINT('',(0.761619457198162,-0.189391549916614,0.709));
#9969=CARTESIAN_POINT('',(0.743965767190037,-0.179857461540405,0.709));
#9970=CARTESIAN_POINT('',(0.730261076952557,-0.163227045821452,0.709));
#9971=CARTESIAN_POINT('',(0.716556386715077,-0.146596630102498,0.709));
#9972=CARTESIAN_POINT('',(0.9150833230699,-0.147786126069167,0.71));
#9973=CARTESIAN_POINT('',(0.9150833230699,-0.147786126069167,0.709666666666667));
#9974=CARTESIAN_POINT('',(0.9150833230699,-0.147786126069167,0.709333333333333));
#9975=CARTESIAN_POINT('',(0.9150833230699,-0.147786126069167,0.709));
#9976=CARTESIAN_POINT('',(0.945239267087537,-0.0743346091593792,0.71));
#9977=CARTESIAN_POINT('',(0.945239267087537,-0.0743346091593792,0.709666666666667));
#9978=CARTESIAN_POINT('',(0.945239267087537,-0.0743346091593792,0.709333333333333));
#9979=CARTESIAN_POINT('',(0.945239267087537,-0.0743346091593792,0.709));
#9980=CARTESIAN_POINT('',(0.956794009288017,0.0029731292859746,0.71));
#9981=CARTESIAN_POINT('',(0.956794009288017,0.0029731292859746,0.709666666666667));
#9982=CARTESIAN_POINT('',(0.956794009288017,0.0029731292859746,0.709333333333333));
#9983=CARTESIAN_POINT('',(0.956794009288017,0.0029731292859746,0.709));
#9984=CARTESIAN_POINT('',(0.956017482751104,0.0828372672873032,0.71));
#9985=CARTESIAN_POINT('',(0.956017482751104,0.0828372672873032,0.709666666666667));
#9986=CARTESIAN_POINT('',(0.956017482751104,0.0828372672873032,0.709333333333333));
#9987=CARTESIAN_POINT('',(0.956017482751104,0.0828372672873032,0.709));
#9988=CARTESIAN_POINT('',(0.915669725778705,-0.146357811689205,0.71));
#9989=CARTESIAN_POINT('',(0.927300496085091,-0.118028480618232,0.71));
#9990=CARTESIAN_POINT('',(0.957260972533129,-0.0450530685017647,0.71));
#9991=CARTESIAN_POINT('',(0.956489479357295,0.03429339878946,0.71));
#9992=CARTESIAN_POINT('',(0.956017482751104,0.0828372672873032,0.71));
#9993=CARTESIAN_POINT('',(0.915642721378457,-0.146480025016921,0.7095));
#9994=CARTESIAN_POINT('',(0.956017482751104,0.0828372672873032,0.71));
#9995=CARTESIAN_POINT('',(0.956017482751104,0.0828372672873032,0.709));
#9996=CARTESIAN_POINT('',(0.956489479357295,0.03429339878946,0.709));
#9997=CARTESIAN_POINT('',(0.956961475963485,-0.0142504697083829,0.709));
#9998=CARTESIAN_POINT('',(0.945930661960896,-0.0604096865893504,0.709));
#9999=CARTESIAN_POINT('',(0.938931266391478,-0.0896991495472588,0.709));
#10000=CARTESIAN_POINT('',(0.927300496085091,-0.118028480618232,0.709));
#10001=CARTESIAN_POINT('',(0.915669725778705,-0.146357811689205,0.709));
#10002=CARTESIAN_POINT('',(0.915370121014225,-0.14708756581037,0.709));
#10003=CARTESIAN_POINT('',(0.915070516249744,-0.147817319931534,0.709));
#10004=CARTESIAN_POINT('',(0.914770911485264,-0.148547074052699,0.709));
#10005=CARTESIAN_POINT('',(0.956017482751104,0.0828372672873032,0.709));
#10006=CARTESIAN_POINT('',(0.956017482751104,0.0828372672873032,1.71));
#10007=CARTESIAN_POINT('',(0.956017482751104,0.0828372672873032,0.71));
#10008=CARTESIAN_POINT('',(0.956017482751104,0.0828372672873032,0.709));
#10009=CARTESIAN_POINT('',(0.956523598644747,0.131587501400598,0.71));
#10010=CARTESIAN_POINT('',(0.956523598644747,0.131587501400598,0.709));
#10011=CARTESIAN_POINT('',(0.957349139339959,0.211105458981496,0.71));
#10012=CARTESIAN_POINT('',(0.957349139339959,0.211105458981496,0.709));
#10013=CARTESIAN_POINT('',(0.927297364120961,0.284219873712509,0.71));
#10014=CARTESIAN_POINT('',(0.927297364120961,0.284219873712509,0.709));
#10015=CARTESIAN_POINT('',(0.915669491150153,0.312509887218588,0.71));
#10016=CARTESIAN_POINT('',(0.915669491150153,0.312509887218588,0.709));
#10017=CARTESIAN_POINT('',(0.956017482751104,0.0828372672873032,0.71));
#10018=CARTESIAN_POINT('',(0.956523598644747,0.131587501400598,0.71));
#10019=CARTESIAN_POINT('',(0.957029714538389,0.180337735513894,0.71));
#10020=CARTESIAN_POINT('',(0.945930366153796,0.226681151366011,0.71));
#10021=CARTESIAN_POINT('',(0.938925237091768,0.25592986020643,0.71));
#10022=CARTESIAN_POINT('',(0.927297364120961,0.284219873712509,0.71));
#10023=CARTESIAN_POINT('',(0.915669491150153,0.312509887218588,0.71));
#10024=CARTESIAN_POINT('',(0.915669487898399,0.312509630770297,0.71));
#10025=CARTESIAN_POINT('',(0.915669491150153,0.312509887218588,0.709));
#10026=CARTESIAN_POINT('',(0.927297364120961,0.284219873712509,0.709));
#10027=CARTESIAN_POINT('',(0.938925237091768,0.25592986020643,0.709));
#10028=CARTESIAN_POINT('',(0.945930366153796,0.226681151366011,0.709));
#10029=CARTESIAN_POINT('',(0.957029714538389,0.180337735513894,0.709));
#10030=CARTESIAN_POINT('',(0.956523598644747,0.131587501400598,0.709));
#10031=CARTESIAN_POINT('',(0.956017482751104,0.0828372672873032,0.709));
#10032=CARTESIAN_POINT('',(0.915669238066137,0.312510064551522,0.709));
#10033=CARTESIAN_POINT('',(0.915669491150153,0.312509887218588,1.71));
#10034=CARTESIAN_POINT('',(0.985144197678922,0.352380363702448,0.71));
#10035=CARTESIAN_POINT('',(0.985144197678922,0.352380363702448,0.709));
#10036=CARTESIAN_POINT('',(0.994005694451214,0.336847493989963,0.71));
#10037=CARTESIAN_POINT('',(0.994005694451214,0.336847493989963,0.709));
#10038=CARTESIAN_POINT('',(1.01276872928568,0.303958718765697,0.71));
#10039=CARTESIAN_POINT('',(1.01276872928568,0.303958718765697,0.709));
#10040=CARTESIAN_POINT('',(1.02312874860667,0.26751793410661,0.71));
#10041=CARTESIAN_POINT('',(1.02312874860667,0.26751793410661,0.709));
#10042=CARTESIAN_POINT('',(1.02859588793337,0.248287579342543,0.71));
#10043=CARTESIAN_POINT('',(1.02859588793337,0.248287579342543,0.709));
#10044=CARTESIAN_POINT('',(0.985144197678922,0.352380363702448,0.71));
#10045=CARTESIAN_POINT('',(0.994005694451214,0.336847493989963,0.71));
#10046=CARTESIAN_POINT('',(1.00286719122351,0.321314624277479,0.71));
#10047=CARTESIAN_POINT('',(1.00985437048379,0.304989468334435,0.71));
#10048=CARTESIAN_POINT('',(1.01766160927998,0.286748288870678,0.71));
#10049=CARTESIAN_POINT('',(1.02312874860667,0.26751793410661,0.71));
#10050=CARTESIAN_POINT('',(1.02859588793337,0.248287579342543,0.71));
#10051=CARTESIAN_POINT('',(0.985143595378322,0.352381083104896,0.71));
#10052=CARTESIAN_POINT('',(1.0285955225238,0.248288603177642,0.71));
#10053=CARTESIAN_POINT('',(0.985144197678922,0.352380363702448,1.71));
#10054=CARTESIAN_POINT('',(0.985144515284611,0.352379645631871,0.709));
#10055=CARTESIAN_POINT('',(1.02859588793337,0.248287579342543,0.709));
#10056=CARTESIAN_POINT('',(1.02312874860667,0.26751793410661,0.709));
#10057=CARTESIAN_POINT('',(1.01766160927998,0.286748288870678,0.709));
#10058=CARTESIAN_POINT('',(1.00985437048379,0.304989468334435,0.709));
#10059=CARTESIAN_POINT('',(1.00286719122351,0.321314624277479,0.709));
#10060=CARTESIAN_POINT('',(0.994005694451214,0.336847493989963,0.709));
#10061=CARTESIAN_POINT('',(0.985144197678922,0.352380363702448,0.709));
#10062=CARTESIAN_POINT('',(1.02859599185267,0.248286604340504,0.709));
#10063=CARTESIAN_POINT('',(1.02859588793337,0.248287579342543,1.71));
#10064=CARTESIAN_POINT('',(1.02859588793337,0.248287579342543,0.71));
#10065=CARTESIAN_POINT('',(1.02859588793337,0.248287579342543,0.709));
#10066=CARTESIAN_POINT('',(1.03317401206796,0.224339442041827,0.71));
#10067=CARTESIAN_POINT('',(1.03317401206796,0.224339442041827,0.709));
#10068=CARTESIAN_POINT('',(1.04361506060817,0.169722385655142,0.71));
#10069=CARTESIAN_POINT('',(1.04361506060817,0.169722385655142,0.709));
#10070=CARTESIAN_POINT('',(1.04408767241664,0.114081268627124,0.71));
#10071=CARTESIAN_POINT('',(1.04408767241664,0.114081268627124,0.709));
#10072=CARTESIAN_POINT('',(1.04435305642434,0.0828373124551979,0.71));
#10073=CARTESIAN_POINT('',(1.04435305642434,0.0828373124551979,0.709));
#10074=CARTESIAN_POINT('',(1.02859588793337,0.248287579342543,0.71));
#10075=CARTESIAN_POINT('',(1.03317401206796,0.224339442041827,0.71));
#10076=CARTESIAN_POINT('',(1.03775213620256,0.200391304741111,0.71));
#10077=CARTESIAN_POINT('',(1.0404137376892,0.176246282465869,0.71));
#10078=CARTESIAN_POINT('',(1.04382228840893,0.14532522479905,0.71));
#10079=CARTESIAN_POINT('',(1.04408767241664,0.114081268627124,0.71));
#10080=CARTESIAN_POINT('',(1.04435305642434,0.0828373124551979,0.71));
#10081=CARTESIAN_POINT('',(1.04435305642434,0.0828373124551979,0.71));
#10082=CARTESIAN_POINT('',(1.04435305642434,0.0828373124551979,0.709));
#10083=CARTESIAN_POINT('',(1.04408767241664,0.114081268627124,0.709));
#10084=CARTESIAN_POINT('',(1.04382228840893,0.14532522479905,0.709));
#10085=CARTESIAN_POINT('',(1.0404137376892,0.176246282465869,0.709));
#10086=CARTESIAN_POINT('',(1.03775213620256,0.200391304741111,0.709));
#10087=CARTESIAN_POINT('',(1.03317401206796,0.224339442041827,0.709));
#10088=CARTESIAN_POINT('',(1.02859588793337,0.248287579342543,0.709));
#10089=CARTESIAN_POINT('',(1.04435305642434,0.0828373124551979,0.709));
#10090=CARTESIAN_POINT('',(1.04435305642434,0.0828373124551979,1.71));
#10091=CARTESIAN_POINT('',(1.04435305642434,0.0828373124551979,0.71));
#10092=CARTESIAN_POINT('',(1.04435305642434,0.0828373124551979,0.709));
#10093=CARTESIAN_POINT('',(1.04384222136554,0.0455151231826678,0.71));
#10094=CARTESIAN_POINT('',(1.04384222136554,0.0455151231826678,0.709));
#10095=CARTESIAN_POINT('',(1.04292089633471,-0.021797929416279,0.71));
#10096=CARTESIAN_POINT('',(1.04292089633471,-0.021797929416279,0.709));
#10097=CARTESIAN_POINT('',(1.02640483466403,-0.0869908990005733,0.71));
#10098=CARTESIAN_POINT('',(1.02640483466403,-0.0869908990005733,0.709));
#10099=CARTESIAN_POINT('',(1.01904621803424,-0.116037174056541,0.71));
#10100=CARTESIAN_POINT('',(1.01904621803424,-0.116037174056541,0.709));
#10101=CARTESIAN_POINT('',(1.04435305642434,0.0828373124551979,0.71));
#10102=CARTESIAN_POINT('',(1.04384222136554,0.0455151231826678,0.71));
#10103=CARTESIAN_POINT('',(1.04333138630674,0.00819293391013736,0.71));
#10104=CARTESIAN_POINT('',(1.03802637832222,-0.028477494141677,0.71));
#10105=CARTESIAN_POINT('',(1.03376345129381,-0.0579446239446062,0.71));
#10106=CARTESIAN_POINT('',(1.02640483466403,-0.0869908990005733,0.71));
#10107=CARTESIAN_POINT('',(1.01904621803424,-0.116037174056541,0.71));
#10108=CARTESIAN_POINT('',(1.01904631205493,-0.116036464947115,0.71));
#10109=CARTESIAN_POINT('',(1.01904621803424,-0.116037174056541,0.709));
#10110=CARTESIAN_POINT('',(1.02640483466403,-0.0869908990005733,0.709));
#10111=CARTESIAN_POINT('',(1.03376345129381,-0.0579446239446062,0.709));
#10112=CARTESIAN_POINT('',(1.03802637832222,-0.028477494141677,0.709));
#10113=CARTESIAN_POINT('',(1.04333138630674,0.00819293391013736,0.709));
#10114=CARTESIAN_POINT('',(1.04384222136554,0.0455151231826678,0.709));
#10115=CARTESIAN_POINT('',(1.04435305642434,0.0828373124551979,0.709));
#10116=CARTESIAN_POINT('',(1.01904584150136,-0.116037981666802,0.709));
#10117=CARTESIAN_POINT('',(1.01904621803424,-0.116037174056541,1.71));
#10118=CARTESIAN_POINT('',(1.01904621803424,-0.116037174056541,0.71));
#10119=CARTESIAN_POINT('',(1.01904621803424,-0.116037174056541,0.709));
#10120=CARTESIAN_POINT('',(1.01006097424364,-0.139412344943479,0.71));
#10121=CARTESIAN_POINT('',(1.01006097424364,-0.139412344943479,0.709));
#10122=CARTESIAN_POINT('',(0.993005164344748,-0.183783146703853,0.71));
#10123=CARTESIAN_POINT('',(0.993005164344748,-0.183783146703853,0.709));
#10124=CARTESIAN_POINT('',(0.95930880914549,-0.217206670823237,0.71));
#10125=CARTESIAN_POINT('',(0.95930880914549,-0.217206670823237,0.709));
#10126=CARTESIAN_POINT('',(0.943364174217221,-0.233022205973802,0.71));
#10127=CARTESIAN_POINT('',(0.943364174217221,-0.233022205973802,0.709));
#10128=CARTESIAN_POINT('',(1.01904621803424,-0.116037174056541,0.71));
#10129=CARTESIAN_POINT('',(1.01006097424364,-0.139412344943479,0.71));
#10130=CARTESIAN_POINT('',(1.00107573045303,-0.162787515830418,0.71));
#10131=CARTESIAN_POINT('',(0.98747218188371,-0.18312445306992,0.71));
#10132=CARTESIAN_POINT('',(0.975253444073759,-0.201391135672672,0.71));
#10133=CARTESIAN_POINT('',(0.95930880914549,-0.217206670823237,0.71));
#10134=CARTESIAN_POINT('',(0.943364174217221,-0.233022205973802,0.71));
#10135=CARTESIAN_POINT('',(0.943364418398756,-0.233021847358845,0.71));
#10136=CARTESIAN_POINT('',(0.943364174217221,-0.233022205973802,0.709));
#10137=CARTESIAN_POINT('',(0.95930880914549,-0.217206670823237,0.709));
#10138=CARTESIAN_POINT('',(0.975253444073759,-0.201391135672672,0.709));
#10139=CARTESIAN_POINT('',(0.98747218188371,-0.18312445306992,0.709));
#10140=CARTESIAN_POINT('',(1.00107573045303,-0.162787515830418,0.709));
#10141=CARTESIAN_POINT('',(1.01006097424364,-0.139412344943479,0.709));
#10142=CARTESIAN_POINT('',(1.01904621803424,-0.116037174056541,0.709));
#10143=CARTESIAN_POINT('',(0.943363743447043,-0.233022398506152,0.709));
#10144=CARTESIAN_POINT('',(0.943364174217221,-0.233022205973802,1.71));
#10145=CARTESIAN_POINT('',(0.943364174217221,-0.233022205973802,0.71));
#10146=CARTESIAN_POINT('',(0.943364174217221,-0.233022205973802,0.709));
#10147=CARTESIAN_POINT('',(0.924935646137249,-0.245062106077197,0.71));
#10148=CARTESIAN_POINT('',(0.924935646137249,-0.245062106077197,0.709));
#10149=CARTESIAN_POINT('',(0.886336845353699,-0.270279839339892,0.71));
#10150=CARTESIAN_POINT('',(0.886336845353699,-0.270279839339892,0.709));
#10151=CARTESIAN_POINT('',(0.840214722989844,-0.272936658470719,0.71));
#10152=CARTESIAN_POINT('',(0.840214722989844,-0.272936658470719,0.709));
#10153=CARTESIAN_POINT('',(0.816113047112307,-0.274325011613951,0.71));
#10154=CARTESIAN_POINT('',(0.816113047112307,-0.274325011613951,0.709));
#10155=CARTESIAN_POINT('',(0.943364174217221,-0.233022205973802,0.71));
#10156=CARTESIAN_POINT('',(0.924935646137249,-0.245062106077197,0.71));
#10157=CARTESIAN_POINT('',(0.906507118057278,-0.257102006180593,0.71));
#10158=CARTESIAN_POINT('',(0.886363672211246,-0.263999216044005,0.71));
#10159=CARTESIAN_POINT('',(0.864316398867382,-0.271548305327486,0.71));
#10160=CARTESIAN_POINT('',(0.840214722989844,-0.272936658470719,0.71));
#10161=CARTESIAN_POINT('',(0.816113047112307,-0.274325011613951,0.71));
#10162=CARTESIAN_POINT('',(0.816113789402502,-0.274324907733869,0.71));
#10163=CARTESIAN_POINT('',(0.816113047112307,-0.274325011613951,0.709));
#10164=CARTESIAN_POINT('',(0.840214722989844,-0.272936658470719,0.709));
#10165=CARTESIAN_POINT('',(0.864316398867382,-0.271548305327486,0.709));
#10166=CARTESIAN_POINT('',(0.886363672211246,-0.263999216044005,0.709));
#10167=CARTESIAN_POINT('',(0.906507118057278,-0.257102006180593,0.709));
#10168=CARTESIAN_POINT('',(0.924935646137249,-0.245062106077197,0.709));
#10169=CARTESIAN_POINT('',(0.943364174217221,-0.233022205973802,0.709));
#10170=CARTESIAN_POINT('',(0.816112236125816,-0.274324891387068,0.709));
#10171=CARTESIAN_POINT('',(0.816113047112307,-0.274325011613951,1.71));
#10172=CARTESIAN_POINT('',(0.816113047112307,-0.274325011613951,0.71));
#10173=CARTESIAN_POINT('',(0.816113047112307,-0.274325011613951,0.709666666666667));
#10174=CARTESIAN_POINT('',(0.816113047112307,-0.274325011613951,0.709333333333333));
#10175=CARTESIAN_POINT('',(0.816113047112307,-0.274325011613951,0.709));
#10176=CARTESIAN_POINT('',(0.753884501223194,-0.269010551833675,0.71));
#10177=CARTESIAN_POINT('',(0.753884501223194,-0.269010551833675,0.709666666666667));
#10178=CARTESIAN_POINT('',(0.753884501223194,-0.269010551833675,0.709333333333333));
#10179=CARTESIAN_POINT('',(0.753884501223194,-0.269010551833675,0.709));
#10180=CARTESIAN_POINT('',(0.700540173321434,-0.244543296107929,0.71));
#10181=CARTESIAN_POINT('',(0.700540173321434,-0.244543296107929,0.709666666666667));
#10182=CARTESIAN_POINT('',(0.700540173321434,-0.244543296107929,0.709333333333333));
#10183=CARTESIAN_POINT('',(0.700540173321434,-0.244543296107929,0.709));
#10184=CARTESIAN_POINT('',(0.656140667750634,-0.200792592236594,0.71));
#10185=CARTESIAN_POINT('',(0.656140667750634,-0.200792592236594,0.709666666666667));
#10186=CARTESIAN_POINT('',(0.656140667750634,-0.200792592236594,0.709333333333333));
#10187=CARTESIAN_POINT('',(0.656140667750634,-0.200792592236594,0.709));
#10188=CARTESIAN_POINT('',(0.816113047112307,-0.274325011613951,0.71));
#10189=CARTESIAN_POINT('',(0.784440629588646,-0.271620114903468,0.71));
#10190=CARTESIAN_POINT('',(0.752768212064985,-0.268915218192985,0.71));
#10191=CARTESIAN_POINT('',(0.725748224030009,-0.256180509880142,0.71));
#10192=CARTESIAN_POINT('',(0.700066480966776,-0.24407652573136,0.71));
#10193=CARTESIAN_POINT('',(0.678587729178224,-0.222911638939358,0.71));
#10194=CARTESIAN_POINT('',(0.657108977389673,-0.201746752147357,0.71));
#10195=CARTESIAN_POINT('',(0.656668210032762,-0.20131242564168,0.71));
#10196=CARTESIAN_POINT('',(0.656227442675851,-0.200878099136002,0.71));
#10197=CARTESIAN_POINT('',(0.655786675318939,-0.200443772630325,0.71));
#10198=CARTESIAN_POINT('',(0.656922954953903,-0.201587725352319,0.7095));
#10199=CARTESIAN_POINT('',(0.655786675318939,-0.200443772630325,0.709));
#10200=CARTESIAN_POINT('',(0.656227442675851,-0.200878099136002,0.709));
#10201=CARTESIAN_POINT('',(0.656668210032762,-0.20131242564168,0.709));
#10202=CARTESIAN_POINT('',(0.657108977389673,-0.201746752147357,0.709));
#10203=CARTESIAN_POINT('',(0.678587729178224,-0.222911638939358,0.709));
#10204=CARTESIAN_POINT('',(0.700066480966776,-0.24407652573136,0.709));
#10205=CARTESIAN_POINT('',(0.725748224030009,-0.256180509880142,0.709));
#10206=CARTESIAN_POINT('',(0.752768212064985,-0.268915218192985,0.709));
#10207=CARTESIAN_POINT('',(0.784440629588646,-0.271620114903468,0.709));
#10208=CARTESIAN_POINT('',(0.816113047112307,-0.274325011613951,0.709));
#10209=CARTESIAN_POINT('',(0.915669491150153,0.312509887218588,0.71));
#10210=CARTESIAN_POINT('',(0.915669491150153,0.312509887218588,0.709));
#10211=CARTESIAN_POINT('',(0.901867385907962,0.329073380142295,0.71));
#10212=CARTESIAN_POINT('',(0.901867385907962,0.329073380142295,0.709));
#10213=CARTESIAN_POINT('',(0.875414548812237,0.360818637286667,0.71));
#10214=CARTESIAN_POINT('',(0.875414548812237,0.360818637286667,0.709));
#10215=CARTESIAN_POINT('',(0.834652013871753,0.366577205450534,0.71));
#10216=CARTESIAN_POINT('',(0.834652013871753,0.366577205450534,0.709));
#10217=CARTESIAN_POINT('',(0.815157851588278,0.369331167206612,0.71));
#10218=CARTESIAN_POINT('',(0.815157851588278,0.369331167206612,0.709));
#10219=CARTESIAN_POINT('',(0.915669491150153,0.312509887218588,0.71));
#10220=CARTESIAN_POINT('',(0.901867385907962,0.329073380142295,0.71));
#10221=CARTESIAN_POINT('',(0.888065280665772,0.345636873066003,0.71));
#10222=CARTESIAN_POINT('',(0.870367555144638,0.355125843964628,0.71));
#10223=CARTESIAN_POINT('',(0.854146176155228,0.363823243694456,0.71));
#10224=CARTESIAN_POINT('',(0.834652013871753,0.366577205450534,0.71));
#10225=CARTESIAN_POINT('',(0.815157851588278,0.369331167206612,0.71));
#10226=CARTESIAN_POINT('',(0.815158223367083,0.369331042442737,0.71));
#10227=CARTESIAN_POINT('',(0.815157851588278,0.369331167206612,0.709));
#10228=CARTESIAN_POINT('',(0.834652013871753,0.366577205450534,0.709));
#10229=CARTESIAN_POINT('',(0.854146176155228,0.363823243694456,0.709));
#10230=CARTESIAN_POINT('',(0.870367555144638,0.355125843964628,0.709));
#10231=CARTESIAN_POINT('',(0.888065280665772,0.345636873066003,0.709));
#10232=CARTESIAN_POINT('',(0.901867385907962,0.329073380142295,0.709));
#10233=CARTESIAN_POINT('',(0.915669491150153,0.312509887218588,0.709));
#10234=CARTESIAN_POINT('',(0.815157477475002,0.369331051736429,0.709));
#10235=CARTESIAN_POINT('',(0.815157851588278,0.369331167206612,1.71));
#10236=CARTESIAN_POINT('',(0.815157851588278,0.369331167206612,0.71));
#10237=CARTESIAN_POINT('',(0.815157851588278,0.369331167206612,0.709666666666667));
#10238=CARTESIAN_POINT('',(0.815157851588278,0.369331167206612,0.709333333333333));
#10239=CARTESIAN_POINT('',(0.815157851588278,0.369331167206612,0.709));
#10240=CARTESIAN_POINT('',(0.776886609309638,0.364903204381544,0.71));
#10241=CARTESIAN_POINT('',(0.776886609309638,0.364903204381544,0.709666666666667));
#10242=CARTESIAN_POINT('',(0.776886609309638,0.364903204381544,0.709333333333333));
#10243=CARTESIAN_POINT('',(0.776886609309638,0.364903204381544,0.709));
#10244=CARTESIAN_POINT('',(0.745331615589659,0.347726665451499,0.71));
#10245=CARTESIAN_POINT('',(0.745331615589659,0.347726665451499,0.709666666666667));
#10246=CARTESIAN_POINT('',(0.745331615589659,0.347726665451499,0.709333333333333));
#10247=CARTESIAN_POINT('',(0.745331615589659,0.347726665451499,0.709));
#10248=CARTESIAN_POINT('',(0.720082645465559,0.318580226802932,0.71));
#10249=CARTESIAN_POINT('',(0.720082645465559,0.318580226802932,0.709666666666667));
#10250=CARTESIAN_POINT('',(0.720082645465559,0.318580226802932,0.709333333333333));
#10251=CARTESIAN_POINT('',(0.720082645465559,0.318580226802932,0.709));
#10252=CARTESIAN_POINT('',(0.815157851588278,0.369331167206612,0.71));
#10253=CARTESIAN_POINT('',(0.796356100910843,0.367155814432857,0.71));
#10254=CARTESIAN_POINT('',(0.777554350233407,0.364980461659102,0.71));
#10255=CARTESIAN_POINT('',(0.761917797190961,0.356797028245611,0.71));
#10256=CARTESIAN_POINT('',(0.745949576377169,0.348440015583877,0.71));
#10257=CARTESIAN_POINT('',(0.733282251604747,0.333817343747907,0.71));
#10258=CARTESIAN_POINT('',(0.720614926832324,0.319194671911938,0.71));
#10259=CARTESIAN_POINT('',(0.720364211402306,0.318905255675816,0.71));
#10260=CARTESIAN_POINT('',(0.720113495972287,0.318615839439693,0.71));
#10261=CARTESIAN_POINT('',(0.719862780542269,0.318326423203571,0.71));
#10262=CARTESIAN_POINT('',(0.720518335659025,0.319115663993818,0.7095));
#10263=CARTESIAN_POINT('',(0.719862780542269,0.318326423203571,0.709));
#10264=CARTESIAN_POINT('',(0.720113495972287,0.318615839439693,0.709));
#10265=CARTESIAN_POINT('',(0.720364211402306,0.318905255675816,0.709));
#10266=CARTESIAN_POINT('',(0.720614926832324,0.319194671911938,0.709));
#10267=CARTESIAN_POINT('',(0.733282251604747,0.333817343747907,0.709));
#10268=CARTESIAN_POINT('',(0.745949576377169,0.348440015583877,0.709));
#10269=CARTESIAN_POINT('',(0.761917797190961,0.356797028245611,0.709));
#10270=CARTESIAN_POINT('',(0.777554350233407,0.364980461659102,0.709));
#10271=CARTESIAN_POINT('',(0.796356100910843,0.367155814432857,0.709));
#10272=CARTESIAN_POINT('',(0.815157851588278,0.369331167206612,0.709));
#10273=CARTESIAN_POINT('',(0.676208395236263,0.0828371242148482,0.71));
#10274=CARTESIAN_POINT('',(0.676208395236263,0.0828371242148482,0.709));
#10275=CARTESIAN_POINT('',(0.675719350333239,0.0341901260981095,0.71));
#10276=CARTESIAN_POINT('',(0.675719350333239,0.0341901260981095,0.709));
#10277=CARTESIAN_POINT('',(0.674920823982711,-0.0452420684306168,0.71));
#10278=CARTESIAN_POINT('',(0.674920823982711,-0.0452420684306168,0.709));
#10279=CARTESIAN_POINT('',(0.70492701529284,-0.118286940844855,0.71));
#10280=CARTESIAN_POINT('',(0.70492701529284,-0.118286940844855,0.709));
#10281=CARTESIAN_POINT('',(0.716556386715077,-0.146596630102498,0.71));
#10282=CARTESIAN_POINT('',(0.716556386715077,-0.146596630102498,0.709));
#10283=CARTESIAN_POINT('',(0.676208395236263,0.0828371242148482,0.71));
#10284=CARTESIAN_POINT('',(0.675719350333239,0.0341901260981095,0.71));
#10285=CARTESIAN_POINT('',(0.675230305430215,-0.0144568720186295,0.71));
#10286=CARTESIAN_POINT('',(0.686295362669269,-0.0607081405936106,0.71));
#10287=CARTESIAN_POINT('',(0.693297643870602,-0.0899772515872124,0.71));
#10288=CARTESIAN_POINT('',(0.70492701529284,-0.118286940844855,0.71));
#10289=CARTESIAN_POINT('',(0.716556386715077,-0.146596630102498,0.71));
#10290=CARTESIAN_POINT('',(0.676168969043442,0.0828375153876311,0.7095));
#10291=CARTESIAN_POINT('',(0.716556386715077,-0.146596630102498,0.709));
#10292=CARTESIAN_POINT('',(0.70492701529284,-0.118286940844855,0.709));
#10293=CARTESIAN_POINT('',(0.693297643870602,-0.0899772515872124,0.709));
#10294=CARTESIAN_POINT('',(0.686295362669269,-0.0607081405936106,0.709));
#10295=CARTESIAN_POINT('',(0.675230305430215,-0.0144568720186295,0.709));
#10296=CARTESIAN_POINT('',(0.675719350333239,0.0341901260981095,0.709));
#10297=CARTESIAN_POINT('',(0.676208395236263,0.0828371242148482,0.709));
#10298=CARTESIAN_POINT('',(0.587872821563026,0.0828370790469538,0.71));
#10299=CARTESIAN_POINT('',(0.587872821563026,0.0828370790469538,0.709666666666667));
#10300=CARTESIAN_POINT('',(0.587872821563026,0.0828370790469538,0.709333333333333));
#10301=CARTESIAN_POINT('',(0.587872821563026,0.0828370790469538,0.709));
#10302=CARTESIAN_POINT('',(0.588789424161175,0.150921755145213,0.71));
#10303=CARTESIAN_POINT('',(0.588789424161175,0.150921755145213,0.709666666666667));
#10304=CARTESIAN_POINT('',(0.588789424161175,0.150921755145213,0.709333333333333));
#10305=CARTESIAN_POINT('',(0.588789424161175,0.150921755145213,0.709));
#10306=CARTESIAN_POINT('',(0.59693142253549,0.218018434027875,0.71));
#10307=CARTESIAN_POINT('',(0.59693142253549,0.218018434027875,0.709666666666667));
#10308=CARTESIAN_POINT('',(0.59693142253549,0.218018434027875,0.709333333333333));
#10309=CARTESIAN_POINT('',(0.59693142253549,0.218018434027875,0.709));
#10310=CARTESIAN_POINT('',(0.613740573142072,0.283929970596131,0.71));
#10311=CARTESIAN_POINT('',(0.613740573142072,0.283929970596131,0.709666666666667));
#10312=CARTESIAN_POINT('',(0.613740573142072,0.283929970596131,0.709333333333333));
#10313=CARTESIAN_POINT('',(0.613740573142072,0.283929970596131,0.709));
#10314=CARTESIAN_POINT('',(0.587872821563026,0.0828370790469538,0.71));
#10315=CARTESIAN_POINT('',(0.58837855597537,0.120402719517212,0.71));
#10316=CARTESIAN_POINT('',(0.589289302107144,0.188052380902342,0.71));
#10317=CARTESIAN_POINT('',(0.605991053688746,0.253542787639111,0.71));
#10318=CARTESIAN_POINT('',(0.61341837606713,0.282666581101667,0.71));
#10319=CARTESIAN_POINT('',(0.587752699651681,0.0828317602950143,0.7095));
#10320=CARTESIAN_POINT('',(0.613390215877861,0.282763287477854,0.7095));
#10321=CARTESIAN_POINT('',(0.613919428614578,0.28463129330377,0.709));
#10322=CARTESIAN_POINT('',(0.613752411098762,0.283976389236402,0.709));
#10323=CARTESIAN_POINT('',(0.613585393582946,0.283321485169035,0.709));
#10324=CARTESIAN_POINT('',(0.61341837606713,0.282666581101667,0.709));
#10325=CARTESIAN_POINT('',(0.605991053688746,0.253542787639111,0.709));
#10326=CARTESIAN_POINT('',(0.598563731310361,0.224418994176554,0.709));
#10327=CARTESIAN_POINT('',(0.594259252955276,0.19486818449297,0.709));
#10328=CARTESIAN_POINT('',(0.588884290387714,0.157968359987471,0.709));
#10329=CARTESIAN_POINT('',(0.58837855597537,0.120402719517212,0.709));
#10330=CARTESIAN_POINT('',(0.587872821563026,0.0828370790469538,0.709));
#10331=CARTESIAN_POINT('',(0.689339285620151,0.39941289653874,0.71));
#10332=CARTESIAN_POINT('',(0.689339285620151,0.39941289653874,0.709));
#10333=CARTESIAN_POINT('',(0.707732728682964,0.411383619666517,0.71));
#10334=CARTESIAN_POINT('',(0.707732728682964,0.411383619666517,0.709));
#10335=CARTESIAN_POINT('',(0.746214021744323,0.436427810863526,0.71));
#10336=CARTESIAN_POINT('',(0.746214021744323,0.436427810863526,0.709));
#10337=CARTESIAN_POINT('',(0.792139071603585,0.439088310836852,0.71));
#10338=CARTESIAN_POINT('',(0.792139071603585,0.439088310836852,0.709));
#10339=CARTESIAN_POINT('',(0.816112681619174,0.440477134343902,0.71));
#10340=CARTESIAN_POINT('',(0.816112681619174,0.440477134343902,0.709));
#10341=CARTESIAN_POINT('',(0.68818484682831,0.39866157080283,0.71));
#10342=CARTESIAN_POINT('',(0.688569659758924,0.3989120127148,0.71));
#10343=CARTESIAN_POINT('',(0.688954472689537,0.39916245462677,0.71));
#10344=CARTESIAN_POINT('',(0.689339285620151,0.39941289653874,0.71));
#10345=CARTESIAN_POINT('',(0.707732728682964,0.411383619666517,0.71));
#10346=CARTESIAN_POINT('',(0.726126171745777,0.423354342794295,0.71));
#10347=CARTESIAN_POINT('',(0.746220280404782,0.430211092613511,0.71));
#10348=CARTESIAN_POINT('',(0.768165461587996,0.437699487329801,0.71));
#10349=CARTESIAN_POINT('',(0.792139071603585,0.439088310836852,0.71));
#10350=CARTESIAN_POINT('',(0.816112681619174,0.440477134343902,0.71));
#10351=CARTESIAN_POINT('',(0.689317294852069,0.399432568942648,0.7095));
#10352=CARTESIAN_POINT('',(0.816119884683343,0.440524251779701,0.7095));
#10353=CARTESIAN_POINT('',(0.817490433114952,0.440556949343102,0.709));
#10354=CARTESIAN_POINT('',(0.817031182616359,0.440530344343368,0.709));
#10355=CARTESIAN_POINT('',(0.816571932117767,0.440503739343635,0.709));
#10356=CARTESIAN_POINT('',(0.816112681619174,0.440477134343902,0.709));
#10357=CARTESIAN_POINT('',(0.792139071603585,0.439088310836852,0.709));
#10358=CARTESIAN_POINT('',(0.768165461587996,0.437699487329801,0.709));
#10359=CARTESIAN_POINT('',(0.746220280404782,0.430211092613511,0.709));
#10360=CARTESIAN_POINT('',(0.726126171745777,0.423354342794295,0.709));
#10361=CARTESIAN_POINT('',(0.707732728682964,0.411383619666517,0.709));
#10362=CARTESIAN_POINT('',(0.689339285620151,0.39941289653874,0.709));
#10363=CARTESIAN_POINT('',(0.914953138496378,0.417796425453236,0.71));
#10364=CARTESIAN_POINT('',(0.914953138496378,0.417796425453236,0.709));
#10365=CARTESIAN_POINT('',(0.928567026759605,0.409299363083821,0.71));
#10366=CARTESIAN_POINT('',(0.928567026759605,0.409299363083821,0.709));
#10367=CARTESIAN_POINT('',(0.956197642835477,0.392053807401082,0.71));
#10368=CARTESIAN_POINT('',(0.956197642835477,0.392053807401082,0.709));
#10369=CARTESIAN_POINT('',(0.975402016246164,0.365732760513218,0.71));
#10370=CARTESIAN_POINT('',(0.975402016246164,0.365732760513218,0.709));
#10371=CARTESIAN_POINT('',(0.985144197678922,0.352380363702448,0.71));
#10372=CARTESIAN_POINT('',(0.985144197678922,0.352380363702448,0.709));
#10373=CARTESIAN_POINT('',(0.914124220014102,0.418313792123718,0.71));
#10374=CARTESIAN_POINT('',(0.914400526174861,0.418141336566891,0.71));
#10375=CARTESIAN_POINT('',(0.914676832335619,0.417968881010063,0.71));
#10376=CARTESIAN_POINT('',(0.914953138496378,0.417796425453236,0.71));
#10377=CARTESIAN_POINT('',(0.928567026759605,0.409299363083821,0.71));
#10378=CARTESIAN_POINT('',(0.942180915022831,0.400802300714406,0.71));
#10379=CARTESIAN_POINT('',(0.953749219894949,0.390102041165297,0.71));
#10380=CARTESIAN_POINT('',(0.965659834813407,0.379085157323988,0.71));
#10381=CARTESIAN_POINT('',(0.975402016246164,0.365732760513218,0.71));
#10382=CARTESIAN_POINT('',(0.985144197678922,0.352380363702448,0.71));
#10383=CARTESIAN_POINT('',(0.914965760364031,0.417829464942647,0.7095));
#10384=CARTESIAN_POINT('',(0.985144197678922,0.352380363702448,0.709));
#10385=CARTESIAN_POINT('',(0.975402016246164,0.365732760513218,0.709));
#10386=CARTESIAN_POINT('',(0.965659834813407,0.379085157323988,0.709));
#10387=CARTESIAN_POINT('',(0.953749219894949,0.390102041165297,0.709));
#10388=CARTESIAN_POINT('',(0.942180915022831,0.400802300714406,0.709));
#10389=CARTESIAN_POINT('',(0.928567026759605,0.409299363083821,0.709));
#10390=CARTESIAN_POINT('',(0.914953138496378,0.417796425453236,0.709));
#10391=CARTESIAN_POINT('',(0.,0.,0.709));
#10392=CARTESIAN_POINT('',(0.914979185202528,0.417861721631876,0.709));
#10393=CARTESIAN_POINT('',(0.897437488223031,0.425162355986327,0.709));
#10394=CARTESIAN_POINT('',(0.881402954784036,0.430728774228271,0.709));
#10395=CARTESIAN_POINT('',(0.866875584885545,0.434560976357711,0.709));
#10396=CARTESIAN_POINT('',(0.866873475039292,0.434552813310661,0.7095));
#10397=CARTESIAN_POINT('',(0.866759174834488,0.434574792369943,0.709));
#10398=CARTESIAN_POINT('',(0.8518458622539,0.437442957066307,0.709));
#10399=CARTESIAN_POINT('',(0.834967028434082,0.439441623567959,0.709));
#10400=CARTESIAN_POINT('',(0.816122673375033,0.4405707918749,0.709));
#10401=CARTESIAN_POINT('',(0.689296669036826,0.399452714259411,0.709));
#10402=CARTESIAN_POINT('',(0.670827907819063,0.380543433257355,0.709));
#10403=CARTESIAN_POINT('',(0.655745627469601,0.362666067200694,0.709));
#10404=CARTESIAN_POINT('',(0.644049827988438,0.34582061608943,0.709));
#10405=CARTESIAN_POINT('',(0.64397795222939,0.345717099009282,0.7095));
#10406=CARTESIAN_POINT('',(0.643970353905419,0.345721705821769,0.709));
#10407=CARTESIAN_POINT('',(0.633249554348189,0.327858876887488,0.709));
#10408=CARTESIAN_POINT('',(0.623040339231098,0.306879110479383,0.709));
#10409=CARTESIAN_POINT('',(0.613342708554147,0.282782406597457,0.709));
#10410=CARTESIAN_POINT('',(0.587632697838677,0.0828287545776007,0.709));
#10411=CARTESIAN_POINT('',(0.58902283951111,0.0273280867875184,0.709));
#10412=CARTESIAN_POINT('',(0.59392499565527,-0.0219254721927743,0.709));
#10413=CARTESIAN_POINT('',(0.602339166271157,-0.0649319223632774,0.709));
#10414=CARTESIAN_POINT('',(0.602463395404234,-0.0655668964958957,0.7095));
#10415=CARTESIAN_POINT('',(0.602419692710717,-0.0655785649082986,0.709));
#10416=CARTESIAN_POINT('',(0.613776935706177,-0.107975361513383,0.709));
#10417=CARTESIAN_POINT('',(0.631939304845305,-0.153314534518459,0.709));
#10418=CARTESIAN_POINT('',(0.656906800128103,-0.201596083923527,0.709));
#10419=CARTESIAN_POINT('',(0.915659316740437,-0.146494436603997,0.709));
#10420=CARTESIAN_POINT('',(0.900234593128508,-0.164256432480948,0.709));
#10421=CARTESIAN_POINT('',(0.884955665308317,-0.178007957372631,0.709));
#10422=CARTESIAN_POINT('',(0.869822533279865,-0.187749011279045,0.709));
#10423=CARTESIAN_POINT('',(0.869713480320351,-0.187819211848642,0.7095));
#10424=CARTESIAN_POINT('',(0.869720890915806,-0.187834773670591,0.709));
#10425=CARTESIAN_POINT('',(0.854718564544154,-0.194952991875081,0.709));
#10426=CARTESIAN_POINT('',(0.836861667600731,-0.200277304034146,0.709));
#10427=CARTESIAN_POINT('',(0.816150200085537,-0.203807710147786,0.709));
#10428=CARTESIAN_POINT('',(0.676129542850622,0.0828379065604141,0.709));
#10429=CARTESIAN_POINT('',(0.676585883332728,0.12883165439636,0.709));
#10430=CARTESIAN_POINT('',(0.679321369201494,0.169255403362541,0.709));
#10431=CARTESIAN_POINT('',(0.684336000456921,0.204109153458956,0.709));
#10432=CARTESIAN_POINT('',(0.684459045756005,0.204964400134557,0.7095));
#10433=CARTESIAN_POINT('',(0.684407981292636,0.204974844296728,0.709));
#10434=CARTESIAN_POINT('',(0.691621260932062,0.240245635817806,0.709));
#10435=CARTESIAN_POINT('',(0.703651327070168,0.278295347991793,0.709));
#10436=CARTESIAN_POINT('',(0.720498179706953,0.319123980818687,0.709));
#10437=CARTESIAN_POINT('',(-0.262713552682434,-0.950977877766451,0.714832496912189));
#10438=CARTESIAN_POINT('',(-0.262713552682434,-0.950977877766451,0.712876847034791));
#10439=CARTESIAN_POINT('',(-0.262713552682434,-0.950977877766451,0.710921197157394));
#10440=CARTESIAN_POINT('',(-0.262713552682434,-0.950977877766451,0.708965547279996));
#10441=CARTESIAN_POINT('',(-0.240849442693368,-0.941367100742902,0.714832496912189));
#10442=CARTESIAN_POINT('',(-0.240849442693368,-0.941367100742902,0.712876847034791));
#10443=CARTESIAN_POINT('',(-0.240849442693368,-0.941367100742902,0.710921197157394));
#10444=CARTESIAN_POINT('',(-0.240849442693368,-0.941367100742902,0.708965547279996));
#10445=CARTESIAN_POINT('',(-0.222348787508205,-0.927441266148781,0.714832496912189));
#10446=CARTESIAN_POINT('',(-0.222348787508205,-0.927441266148781,0.712876847034791));
#10447=CARTESIAN_POINT('',(-0.222348787508205,-0.927441266148781,0.710921197157394));
#10448=CARTESIAN_POINT('',(-0.222348787508205,-0.927441266148781,0.708965547279996));
#10449=CARTESIAN_POINT('',(-0.207624491239957,-0.90867064930435,0.714832496912189));
#10450=CARTESIAN_POINT('',(-0.207624491239957,-0.90867064930435,0.712876847034791));
#10451=CARTESIAN_POINT('',(-0.207624491239957,-0.90867064930435,0.710921197157394));
#10452=CARTESIAN_POINT('',(-0.207624491239957,-0.90867064930435,0.708965547279996));
#10453=CARTESIAN_POINT('',(-0.262058337089989,-0.950689865541645,0.71000033222956));
#10454=CARTESIAN_POINT('',(-0.240654554024155,-0.94128143379624,0.710026943786243));
#10455=CARTESIAN_POINT('',(-0.221938650880353,-0.926918421636893,0.711738504950486));
#10456=CARTESIAN_POINT('',(-0.207624491239957,-0.90867064930435,0.714797712625831));
#10457=CARTESIAN_POINT('',(-0.262350620358773,-0.950768502480007,0.710000340048297));
#10458=CARTESIAN_POINT('',(-0.207624491239957,-0.90867064930435,0.714797712625832));
#10459=CARTESIAN_POINT('',(-0.262058337089989,-0.950689865541645,1.71));
#10460=CARTESIAN_POINT('',(-0.262313575049908,-0.950825869419388,0.709000165783214));
#10461=CARTESIAN_POINT('',(-0.207624491239957,-0.90867064930435,0.713788043855645));
#10462=CARTESIAN_POINT('',(-0.210824884437085,-0.912750528801501,0.713105354174462));
#10463=CARTESIAN_POINT('',(-0.214076995089294,-0.916903134305068,0.712484058808299));
#10464=CARTESIAN_POINT('',(-0.217549221549375,-0.920908793307092,0.711930850893939));
#10465=CARTESIAN_POINT('',(-0.220991354051943,-0.924879735065527,0.711382437659782));
#10466=CARTESIAN_POINT('',(-0.224649777687556,-0.928706299440861,0.710900936757416));
#10467=CARTESIAN_POINT('',(-0.228720147271831,-0.932133939522589,0.710492868798348));
#10468=CARTESIAN_POINT('',(-0.229318885803748,-0.932638134571215,0.710432843288213));
#10469=CARTESIAN_POINT('',(-0.229926594375718,-0.933133625331492,0.710374406682096));
#10470=CARTESIAN_POINT('',(-0.23054395451534,-0.933619526198819,0.710317579733834));
#10471=CARTESIAN_POINT('',(-0.230707275011209,-0.933748069597561,0.710302546360649));
#10472=CARTESIAN_POINT('',(-0.230871271065627,-0.93387594172724,0.710287625639171));
#10473=CARTESIAN_POINT('',(-0.23103593430729,-0.934003153119201,0.710272817953644));
#10474=CARTESIAN_POINT('',(-0.238706815248931,-0.939929329673832,0.709582997981973));
#10475=CARTESIAN_POINT('',(-0.247616087668123,-0.944263921881526,0.709161936019112));
#10476=CARTESIAN_POINT('',(-0.256855085526927,-0.948390444941861,0.709038295266637));
#10477=CARTESIAN_POINT('',(-0.258580161704703,-0.949160936150671,0.709015209460151));
#10478=CARTESIAN_POINT('',(-0.260316653233904,-0.949924275943224,0.709002492698671));
#10479=CARTESIAN_POINT('',(-0.262058337089989,-0.950689865541645,0.709000331566427));
#10480=CARTESIAN_POINT('',(-0.262281965655847,-0.950788165645497,0.709000054081565));
#10481=CARTESIAN_POINT('',(-0.262505594221704,-0.950886465749349,0.708999776596703));
#10482=CARTESIAN_POINT('',(-0.262729222787562,-0.950984765853201,0.708999499111841));
#10483=CARTESIAN_POINT('',(-0.207624491239957,-0.90867064930435,0.713788043855645));
#10484=CARTESIAN_POINT('',(-0.207624491239957,-0.90867064930435,1.71));
#10485=CARTESIAN_POINT('',(-0.207624491239957,-0.90867064930435,0.724382956330799));
#10486=CARTESIAN_POINT('',(-0.207624491239957,-0.90867064930435,0.713724853522791));
#10487=CARTESIAN_POINT('',(-0.202193074732863,-0.898853150604459,0.724382956330799));
#10488=CARTESIAN_POINT('',(-0.202193074732863,-0.898853150604459,0.713724853522791));
#10489=CARTESIAN_POINT('',(-0.191369705859898,-0.879289486190216,0.724382956330799));
#10490=CARTESIAN_POINT('',(-0.191369705859898,-0.879289486190216,0.713724853522791));
#10491=CARTESIAN_POINT('',(-0.189789626656977,-0.856989874326791,0.724382956330799));
#10492=CARTESIAN_POINT('',(-0.189789626656977,-0.856989874326791,0.713724853522791));
#10493=CARTESIAN_POINT('',(-0.189002467695986,-0.84588072279031,0.724382956330799));
#10494=CARTESIAN_POINT('',(-0.189002467695986,-0.84588072279031,0.713724853522791));
#10495=CARTESIAN_POINT('',(-0.188998517497978,-0.845824973760652,0.724382956330799));
#10496=CARTESIAN_POINT('',(-0.188998517497978,-0.845824973760652,0.713724853522791));
#10497=CARTESIAN_POINT('',(-0.188994567299971,-0.845769224730993,0.724382956330799));
#10498=CARTESIAN_POINT('',(-0.188994567299971,-0.845769224730993,0.713724853522791));
#10499=CARTESIAN_POINT('',(-0.188990617101964,-0.845713475701335,0.724382956330799));
#10500=CARTESIAN_POINT('',(-0.188990617101964,-0.845713475701335,0.713724853522791));
#10501=CARTESIAN_POINT('',(-0.207624491239957,-0.90867064930435,0.714797712625832));
#10502=CARTESIAN_POINT('',(-0.205274039643191,-0.904422115709979,0.715394833212333));
#10503=CARTESIAN_POINT('',(-0.203017169463532,-0.900332538709446,0.716025594055648));
#10504=CARTESIAN_POINT('',(-0.200973820295057,-0.896290042960545,0.716670833608843));
#10505=CARTESIAN_POINT('',(-0.1981762823308,-0.890755484549104,0.717554227486869));
#10506=CARTESIAN_POINT('',(-0.19577022543145,-0.88531176517448,0.718464760541858));
#10507=CARTESIAN_POINT('',(-0.194010309723901,-0.879687511712941,0.719353259312684));
#10508=CARTESIAN_POINT('',(-0.193901911406462,-0.879341097615116,0.719407984531279));
#10509=CARTESIAN_POINT('',(-0.193795985091556,-0.878993992487059,0.719462626158725));
#10510=CARTESIAN_POINT('',(-0.193692601876581,-0.878646129487324,0.719517172704949));
#10511=CARTESIAN_POINT('',(-0.193681017774507,-0.878607151395013,0.719523284652226));
#10512=CARTESIAN_POINT('',(-0.193669465867819,-0.878568164673791,0.719529394936408));
#10513=CARTESIAN_POINT('',(-0.193657946288148,-0.878529169346481,0.719535503559558));
#10514=CARTESIAN_POINT('',(-0.192025524501677,-0.873003201933362,0.720401147081387));
#10515=CARTESIAN_POINT('',(-0.191047007186443,-0.867303011273008,0.721233434953771));
#10516=CARTESIAN_POINT('',(-0.190378114286654,-0.861706325697663,0.722038238586347));
#10517=CARTESIAN_POINT('',(-0.189854588129662,-0.857325936412508,0.722668138758749));
#10518=CARTESIAN_POINT('',(-0.189516439535429,-0.853010222937479,0.723281202605098));
#10519=CARTESIAN_POINT('',(-0.189217191230684,-0.84888684066887,0.723880245186191));
#10520=CARTESIAN_POINT('',(-0.189143587765723,-0.847872648716861,0.724027586403929));
#10521=CARTESIAN_POINT('',(-0.189072566451014,-0.846870024482493,0.724174079378583));
#10522=CARTESIAN_POINT('',(-0.189002467055044,-0.845880713744712,0.724319765997945));
#10523=CARTESIAN_POINT('',(-0.189002467482339,-0.845880719775111,0.7243197651099));
#10524=CARTESIAN_POINT('',(-0.189002467695986,-0.84588072279031,0.723290342201634));
#10525=CARTESIAN_POINT('',(-0.189503540235945,-0.852952344982306,0.722251172590458));
#10526=CARTESIAN_POINT('',(-0.190007567096171,-0.860086379193647,0.721258725952056));
#10527=CARTESIAN_POINT('',(-0.192363120216362,-0.874858326414639,0.719105139228092));
#10528=CARTESIAN_POINT('',(-0.194141793420429,-0.881002110489653,0.718135118848475));
#10529=CARTESIAN_POINT('',(-0.199942026831478,-0.894751625557542,0.715899431120602));
#10530=CARTESIAN_POINT('',(-0.203664184427253,-0.901512239166938,0.714792093028695));
#10531=CARTESIAN_POINT('',(-0.207624491239957,-0.90867064930435,0.713788043855645));
#10532=CARTESIAN_POINT('',(-0.189002467695986,-0.84588072279031,0.723290342201633));
#10533=CARTESIAN_POINT('',(-0.189002467695986,-0.84588072279031,1.71));
#10534=CARTESIAN_POINT('',(-0.189002467695986,-0.84588072279031,0.729132299004065));
#10535=CARTESIAN_POINT('',(-0.189002467695986,-0.84588072279031,0.727173365841686));
#10536=CARTESIAN_POINT('',(-0.189002467695986,-0.84588072279031,0.725214432679307));
#10537=CARTESIAN_POINT('',(-0.189002467695986,-0.84588072279031,0.723255499516928));
#10538=CARTESIAN_POINT('',(-0.191896473249839,-0.814408136193455,0.729132299004065));
#10539=CARTESIAN_POINT('',(-0.191896473249839,-0.814408136193455,0.727173365841686));
#10540=CARTESIAN_POINT('',(-0.191896473249839,-0.814408136193455,0.725214432679307));
#10541=CARTESIAN_POINT('',(-0.191896473249839,-0.814408136193455,0.723255499516928));
#10542=CARTESIAN_POINT('',(-0.204112391612087,-0.787072757648318,0.729132299004065));
#10543=CARTESIAN_POINT('',(-0.204112391612087,-0.787072757648318,0.727173365841686));
#10544=CARTESIAN_POINT('',(-0.204112391612087,-0.787072757648318,0.725214432679307));
#10545=CARTESIAN_POINT('',(-0.204112391612087,-0.787072757648318,0.723255499516928));
#10546=CARTESIAN_POINT('',(-0.225457265024146,-0.763788949538574,0.729132299004065));
#10547=CARTESIAN_POINT('',(-0.225457265024146,-0.763788949538574,0.727173365841686));
#10548=CARTESIAN_POINT('',(-0.225457265024146,-0.763788949538574,0.725214432679307));
#10549=CARTESIAN_POINT('',(-0.225457265024146,-0.763788949538574,0.723255499516928));
#10550=CARTESIAN_POINT('',(-0.189002467695986,-0.84588072279031,0.724319764665883));
#10551=CARTESIAN_POINT('',(-0.189511358275963,-0.840346489165452,0.724949583727102));
#10552=CARTESIAN_POINT('',(-0.190009588346941,-0.83497830462377,0.725581775391999));
#10553=CARTESIAN_POINT('',(-0.190674741033382,-0.829799124137431,0.726168780522369));
#10554=CARTESIAN_POINT('',(-0.191760585661565,-0.821344245394368,0.727127051278125));
#10555=CARTESIAN_POINT('',(-0.19328429842439,-0.813389961145387,0.727964901177649));
#10556=CARTESIAN_POINT('',(-0.195893198301058,-0.805980546370906,0.72847542426634));
#10557=CARTESIAN_POINT('',(-0.196488850428623,-0.804288862564293,0.728591984570808));
#10558=CARTESIAN_POINT('',(-0.197141207241443,-0.802625642091603,0.728691482002626));
#10559=CARTESIAN_POINT('',(-0.197858752603877,-0.800991757949965,0.728771454047021));
#10560=CARTESIAN_POINT('',(-0.197910530346348,-0.800873857623739,0.728777224792867));
#10561=CARTESIAN_POINT('',(-0.197962640411472,-0.800756127032485,0.728782890382141));
#10562=CARTESIAN_POINT('',(-0.198015085648307,-0.80063856683995,0.728788451722767));
#10563=CARTESIAN_POINT('',(-0.200404587444483,-0.795282307469732,0.72904183666707));
#10564=CARTESIAN_POINT('',(-0.203485357740586,-0.790277774822366,0.729078813741111));
#10565=CARTESIAN_POINT('',(-0.206994890020478,-0.785451648984996,0.728985255368998));
#10566=CARTESIAN_POINT('',(-0.211769917475552,-0.77888528015371,0.72885796097195));
#10567=CARTESIAN_POINT('',(-0.217346331533201,-0.772652578711905,0.728489019400509));
#10568=CARTESIAN_POINT('',(-0.223118570416505,-0.766341684731713,0.728094719248895));
#10569=CARTESIAN_POINT('',(-0.223761299609782,-0.765638977189849,0.728050814583222));
#10570=CARTESIAN_POINT('',(-0.224406399010998,-0.764935274565985,0.728006595510413));
#10571=CARTESIAN_POINT('',(-0.225052963227789,-0.764229977473623,0.727962360627035));
#10572=CARTESIAN_POINT('',(-0.225265774033171,-0.763997835269706,0.72794780111243));
#10573=CARTESIAN_POINT('',(-0.225478584838554,-0.76376569306579,0.727933241597824));
#10574=CARTESIAN_POINT('',(-0.225691395643936,-0.763533550861873,0.727918682083219));
#10575=CARTESIAN_POINT('',(-0.225059182049455,-0.764223193749012,0.727443342026964));
#10576=CARTESIAN_POINT('',(-0.225052963227789,-0.764229977473623,0.726925175803726));
#10577=CARTESIAN_POINT('',(-0.219378361208321,-0.770420051407058,0.727312571842712));
#10578=CARTESIAN_POINT('',(-0.213820248502584,-0.776492701631739,0.727698874369447));
#10579=CARTESIAN_POINT('',(-0.208950576292874,-0.782836130492083,0.727882387781671));
#10580=CARTESIAN_POINT('',(-0.207733606066959,-0.784421404350528,0.727928249258402));
#10581=CARTESIAN_POINT('',(-0.206559440181849,-0.78602350441656,0.727961445738243));
#10582=CARTESIAN_POINT('',(-0.205437050682077,-0.787648509705802,0.727978829203955));
#10583=CARTESIAN_POINT('',(-0.203341875327144,-0.790681922825178,0.728011279087842));
#10584=CARTESIAN_POINT('',(-0.20153733106643,-0.793630259467454,0.727985343902848));
#10585=CARTESIAN_POINT('',(-0.19996773988799,-0.796618921333467,0.727897188309913));
#10586=CARTESIAN_POINT('',(-0.199270531774411,-0.797946476769781,0.727858029836359));
#10587=CARTESIAN_POINT('',(-0.198620176221729,-0.799282207929105,0.727806594578638));
#10588=CARTESIAN_POINT('',(-0.198015085648307,-0.80063856683995,0.727742546388069));
#10589=CARTESIAN_POINT('',(-0.196657043744022,-0.803682726374216,0.727598799103765));
#10590=CARTESIAN_POINT('',(-0.195523212150793,-0.806829106188697,0.727391518484752));
#10591=CARTESIAN_POINT('',(-0.194539555126789,-0.810193586357733,0.727116904302058));
#10592=CARTESIAN_POINT('',(-0.194137848517619,-0.811567575347128,0.727004757151712));
#10593=CARTESIAN_POINT('',(-0.193761834893719,-0.812978225424832,0.726881380456368));
#10594=CARTESIAN_POINT('',(-0.193408544443661,-0.814434348755878,0.726746515391395));
#10595=CARTESIAN_POINT('',(-0.191801515586145,-0.821057885318225,0.726133048338305));
#10596=CARTESIAN_POINT('',(-0.190820838976311,-0.827959773257063,0.725352591338242));
#10597=CARTESIAN_POINT('',(-0.190038106732286,-0.835225002261714,0.724515442409461));
#10598=CARTESIAN_POINT('',(-0.189664618828626,-0.838691673235431,0.724115989083183));
#10599=CARTESIAN_POINT('',(-0.189337108363786,-0.842241473590477,0.72370362808658));
#10600=CARTESIAN_POINT('',(-0.189002467695986,-0.84588072279031,0.723290342201634));
#10601=CARTESIAN_POINT('',(-0.29070763830532,-1.03639927321511,0.71));
#10602=CARTESIAN_POINT('',(-0.29070763830532,-1.03639927321511,0.709));
#10603=CARTESIAN_POINT('',(-0.279672463050467,-1.04185187248726,0.71));
#10604=CARTESIAN_POINT('',(-0.279672463050467,-1.04185187248726,0.709));
#10605=CARTESIAN_POINT('',(-0.25988188481066,-1.0516306109317,0.71));
#10606=CARTESIAN_POINT('',(-0.25988188481066,-1.0516306109317,0.709));
#10607=CARTESIAN_POINT('',(-0.242521609647317,-1.06523657723123,0.71));
#10608=CARTESIAN_POINT('',(-0.242521609647317,-1.06523657723123,0.709));
#10609=CARTESIAN_POINT('',(-0.234841379027324,-1.07125589190252,0.71));
#10610=CARTESIAN_POINT('',(-0.234841379027324,-1.07125589190252,0.709));
#10611=CARTESIAN_POINT('',(-0.29070763830532,-1.03639927321511,0.71));
#10612=CARTESIAN_POINT('',(-0.279672463050467,-1.04185187248726,0.71));
#10613=CARTESIAN_POINT('',(-0.268637287795614,-1.04730447175941,0.71));
#10614=CARTESIAN_POINT('',(-0.258357729921591,-1.05394701310739,0.71));
#10615=CARTESIAN_POINT('',(-0.250201840267311,-1.05921726255995,0.71));
#10616=CARTESIAN_POINT('',(-0.242521609647317,-1.06523657723123,0.71));
#10617=CARTESIAN_POINT('',(-0.234841379027324,-1.07125589190252,0.71));
#10618=CARTESIAN_POINT('',(-0.290707103932494,-1.03639935135238,0.71));
#10619=CARTESIAN_POINT('',(-0.234841949525499,-1.07125555753519,0.71));
#10620=CARTESIAN_POINT('',(-0.29070763830532,-1.03639927321511,1.71));
#10621=CARTESIAN_POINT('',(-0.290707103932494,-1.03639935135238,0.709));
#10622=CARTESIAN_POINT('',(-0.234841379027324,-1.07125589190252,0.709));
#10623=CARTESIAN_POINT('',(-0.242521609647317,-1.06523657723123,0.709));
#10624=CARTESIAN_POINT('',(-0.250201840267311,-1.05921726255995,0.709));
#10625=CARTESIAN_POINT('',(-0.258357729921591,-1.05394701310739,0.709));
#10626=CARTESIAN_POINT('',(-0.268637287795614,-1.04730447175941,0.709));
#10627=CARTESIAN_POINT('',(-0.279672463050467,-1.04185187248726,0.709));
#10628=CARTESIAN_POINT('',(-0.29070763830532,-1.03639927321511,0.709));
#10629=CARTESIAN_POINT('',(-0.234841007976916,-1.07125639446535,0.709));
#10630=CARTESIAN_POINT('',(-0.234841379027324,-1.07125589190252,1.71));
#10631=CARTESIAN_POINT('',(-0.234841379027324,-1.07125589190252,0.71));
#10632=CARTESIAN_POINT('',(-0.234841379027324,-1.07125589190252,0.709));
#10633=CARTESIAN_POINT('',(-0.221228888172619,-1.08485549472235,0.71));
#10634=CARTESIAN_POINT('',(-0.221228888172619,-1.08485549472235,0.709));
#10635=CARTESIAN_POINT('',(-0.192632857844517,-1.1134244508992,0.71));
#10636=CARTESIAN_POINT('',(-0.192632857844517,-1.1134244508992,0.709));
#10637=CARTESIAN_POINT('',(-0.169884788677599,-1.14685149533729,0.71));
#10638=CARTESIAN_POINT('',(-0.169884788677599,-1.14685149533729,0.709));
#10639=CARTESIAN_POINT('',(-0.157965421255081,-1.16436635436039,0.71));
#10640=CARTESIAN_POINT('',(-0.157965421255081,-1.16436635436039,0.709));
#10641=CARTESIAN_POINT('',(-0.234841379027324,-1.07125589190252,0.71));
#10642=CARTESIAN_POINT('',(-0.221228888172619,-1.08485549472235,0.71));
#10643=CARTESIAN_POINT('',(-0.207616397317915,-1.09845509754217,0.71));
#10644=CARTESIAN_POINT('',(-0.195329066052518,-1.11315555279033,0.71));
#10645=CARTESIAN_POINT('',(-0.181804156100116,-1.12933663631419,0.71));
#10646=CARTESIAN_POINT('',(-0.169884788677599,-1.14685149533729,0.71));
#10647=CARTESIAN_POINT('',(-0.157965421255081,-1.16436635436039,0.71));
#10648=CARTESIAN_POINT('',(-0.157965421255082,-1.16436635436039,0.71));
#10649=CARTESIAN_POINT('',(-0.157965421255081,-1.16436635436039,0.709));
#10650=CARTESIAN_POINT('',(-0.169884788677599,-1.14685149533729,0.709));
#10651=CARTESIAN_POINT('',(-0.181804156100116,-1.12933663631419,0.709));
#10652=CARTESIAN_POINT('',(-0.195329066052518,-1.11315555279033,0.709));
#10653=CARTESIAN_POINT('',(-0.207616397317915,-1.09845509754217,0.709));
#10654=CARTESIAN_POINT('',(-0.221228888172619,-1.08485549472235,0.709));
#10655=CARTESIAN_POINT('',(-0.234841379027324,-1.07125589190252,0.709));
#10656=CARTESIAN_POINT('',(-0.157965421255082,-1.16436635436039,0.709));
#10657=CARTESIAN_POINT('',(-0.157965421255081,-1.16436635436039,1.71));
#10658=CARTESIAN_POINT('',(-0.157965421255081,-1.16436635436039,1.71));
#10659=CARTESIAN_POINT('',(-0.399232636407525,-0.78685425198917,0.71));
#10660=CARTESIAN_POINT('',(-0.036205477032521,-1.35488479052263,0.71));
#10661=CARTESIAN_POINT('',(-0.399232636407525,-0.78685425198917,0.709));
#10662=CARTESIAN_POINT('',(-0.0362054770325209,-1.35488479052263,0.709));
#10663=CARTESIAN_POINT('',(-0.0362054770325193,-1.35488479052263,1.71));
#10664=CARTESIAN_POINT('',(-0.0362054770325193,-1.35488479052263,1.71));
#10665=CARTESIAN_POINT('',(-0.0181023921252751,-1.35488478126613,0.71));
#10666=CARTESIAN_POINT('',(-0.152712962541423,-1.35488485009544,0.71));
#10667=CARTESIAN_POINT('',(-0.0181023921252751,-1.35488478126613,0.709));
#10668=CARTESIAN_POINT('',(-0.152712962541424,-1.35488485009544,0.709));
#10669=CARTESIAN_POINT('',(-0.152712962541423,-1.35488485009544,1.71));
#10670=CARTESIAN_POINT('',(-0.152712962541423,-1.35488485009544,1.71));
#10671=CARTESIAN_POINT('',(-0.437499734734759,-0.907153370347764,0.71));
#10672=CARTESIAN_POINT('',(-0.245346031063048,-1.20925048469521,0.71));
#10673=CARTESIAN_POINT('',(-0.437499734734759,-0.907153370347764,0.709));
#10674=CARTESIAN_POINT('',(-0.245346031063048,-1.20925048469521,0.709));
#10675=CARTESIAN_POINT('',(-0.245346031063048,-1.20925048469521,1.71));
#10676=CARTESIAN_POINT('',(-0.245346031063048,-1.20925048469521,0.71));
#10677=CARTESIAN_POINT('',(-0.245346031063048,-1.20925048469521,0.709));
#10678=CARTESIAN_POINT('',(-0.257451376605501,-1.19054765772689,0.71));
#10679=CARTESIAN_POINT('',(-0.257451376605501,-1.19054765772689,0.709));
#10680=CARTESIAN_POINT('',(-0.278719265380933,-1.15768864991472,0.71));
#10681=CARTESIAN_POINT('',(-0.278719265380933,-1.15768864991472,0.709));
#10682=CARTESIAN_POINT('',(-0.302115313275626,-1.12631426740911,0.71));
#10683=CARTESIAN_POINT('',(-0.302115313275626,-1.12631426740911,0.709));
#10684=CARTESIAN_POINT('',(-0.312194701153731,-1.11279768665439,0.71));
#10685=CARTESIAN_POINT('',(-0.312194701153731,-1.11279768665439,0.709));
#10686=CARTESIAN_POINT('',(-0.245346031063048,-1.20925048469521,0.71));
#10687=CARTESIAN_POINT('',(-0.257451376605501,-1.19054765772689,0.71));
#10688=CARTESIAN_POINT('',(-0.269556722147954,-1.17184483075856,0.71));
#10689=CARTESIAN_POINT('',(-0.282351528709544,-1.15362297876417,0.71));
#10690=CARTESIAN_POINT('',(-0.292035925397522,-1.13983084816384,0.71));
#10691=CARTESIAN_POINT('',(-0.302115313275626,-1.12631426740911,0.71));
#10692=CARTESIAN_POINT('',(-0.312194701153731,-1.11279768665439,0.71));
#10693=CARTESIAN_POINT('',(-0.312194701153731,-1.11279768665439,0.71));
#10694=CARTESIAN_POINT('',(-0.312194701153731,-1.11279768665439,0.709));
#10695=CARTESIAN_POINT('',(-0.298869775637248,-1.13066657254035,0.709));
#10696=CARTESIAN_POINT('',(-0.289149497689511,-1.14370158254571,0.709));
#10697=CARTESIAN_POINT('',(-0.266613919838488,-1.17639147688303,0.709));
#10698=CARTESIAN_POINT('',(-0.255979975450781,-1.1928209807891,0.709));
#10699=CARTESIAN_POINT('',(-0.245346031063048,-1.20925048469521,0.709));
#10700=CARTESIAN_POINT('',(-0.312194701153731,-1.11279768665439,0.709));
#10701=CARTESIAN_POINT('',(-0.312194701153731,-1.11279768665439,1.71));
#10702=CARTESIAN_POINT('',(-0.312194701153731,-1.11279768665439,0.71));
#10703=CARTESIAN_POINT('',(-0.312194701153731,-1.11279768665439,0.709));
#10704=CARTESIAN_POINT('',(-0.320096413734422,-1.10292212680734,0.71));
#10705=CARTESIAN_POINT('',(-0.320096413734422,-1.10292212680734,0.709));
#10706=CARTESIAN_POINT('',(-0.334018903193116,-1.0855218004268,0.71));
#10707=CARTESIAN_POINT('',(-0.334018903193116,-1.0855218004268,0.709));
#10708=CARTESIAN_POINT('',(-0.351617081584928,-1.07189604746481,0.71));
#10709=CARTESIAN_POINT('',(-0.351617081584928,-1.07189604746481,0.709));
#10710=CARTESIAN_POINT('',(-0.359227409168278,-1.06600359420619,0.71));
#10711=CARTESIAN_POINT('',(-0.359227409168278,-1.06600359420619,0.709));
#10712=CARTESIAN_POINT('',(-0.312194701153731,-1.11279768665439,0.71));
#10713=CARTESIAN_POINT('',(-0.320096413734422,-1.10292212680734,0.71));
#10714=CARTESIAN_POINT('',(-0.327998126315113,-1.09304656696029,0.71));
#10715=CARTESIAN_POINT('',(-0.337083827199644,-1.08438684742532,0.71));
#10716=CARTESIAN_POINT('',(-0.344006754001578,-1.07778850072342,0.71));
#10717=CARTESIAN_POINT('',(-0.351617081584928,-1.07189604746481,0.71));
#10718=CARTESIAN_POINT('',(-0.359227409168278,-1.06600359420619,0.71));
#10719=CARTESIAN_POINT('',(-0.359226901857935,-1.06600409153853,0.71));
#10720=CARTESIAN_POINT('',(-0.359227409168278,-1.06600359420619,0.709));
#10721=CARTESIAN_POINT('',(-0.351617081584928,-1.07189604746481,0.709));
#10722=CARTESIAN_POINT('',(-0.344006754001578,-1.07778850072342,0.709));
#10723=CARTESIAN_POINT('',(-0.337083827199644,-1.08438684742532,0.709));
#10724=CARTESIAN_POINT('',(-0.327998126315113,-1.09304656696029,0.709));
#10725=CARTESIAN_POINT('',(-0.320096413734422,-1.10292212680734,0.709));
#10726=CARTESIAN_POINT('',(-0.312194701153731,-1.11279768665439,0.709));
#10727=CARTESIAN_POINT('',(-0.359228056347956,-1.0660033038992,0.709));
#10728=CARTESIAN_POINT('',(-0.359227409168278,-1.06600359420619,1.71));
#10729=CARTESIAN_POINT('',(-0.359227409168278,-1.06600359420619,0.71));
#10730=CARTESIAN_POINT('',(-0.359227409168278,-1.06600359420619,0.709));
#10731=CARTESIAN_POINT('',(-0.36607427271907,-1.06191186100177,0.71));
#10732=CARTESIAN_POINT('',(-0.36607427271907,-1.06191186100177,0.709));
#10733=CARTESIAN_POINT('',(-0.379393066850234,-1.0539524571397,0.71));
#10734=CARTESIAN_POINT('',(-0.379393066850234,-1.0539524571397,0.709));
#10735=CARTESIAN_POINT('',(-0.394260749823789,-1.04953041433798,0.71));
#10736=CARTESIAN_POINT('',(-0.394260749823789,-1.04953041433798,0.709));
#10737=CARTESIAN_POINT('',(-0.401485323696486,-1.04738163466962,0.71));
#10738=CARTESIAN_POINT('',(-0.401485323696486,-1.04738163466962,0.709));
#10739=CARTESIAN_POINT('',(-0.359227409168278,-1.06600359420619,0.71));
#10740=CARTESIAN_POINT('',(-0.36607427271907,-1.06191186100177,0.71));
#10741=CARTESIAN_POINT('',(-0.372921136269861,-1.05782012779736,0.71));
#10742=CARTESIAN_POINT('',(-0.380177330018307,-1.05466322520337,0.71));
#10743=CARTESIAN_POINT('',(-0.387036175951092,-1.05167919400635,0.71));
#10744=CARTESIAN_POINT('',(-0.394260749823789,-1.04953041433798,0.71));
#10745=CARTESIAN_POINT('',(-0.401485323696486,-1.04738163466962,0.71));
#10746=CARTESIAN_POINT('',(-0.401484861532046,-1.04738186755513,0.71));
#10747=CARTESIAN_POINT('',(-0.401485323696486,-1.04738163466962,0.709));
#10748=CARTESIAN_POINT('',(-0.394260749823789,-1.04953041433798,0.709));
#10749=CARTESIAN_POINT('',(-0.387036175951092,-1.05167919400635,0.709));
#10750=CARTESIAN_POINT('',(-0.380177330018307,-1.05466322520337,0.709));
#10751=CARTESIAN_POINT('',(-0.372921136269861,-1.05782012779736,0.709));
#10752=CARTESIAN_POINT('',(-0.36607427271907,-1.06191186100177,0.709));
#10753=CARTESIAN_POINT('',(-0.359227409168278,-1.06600359420619,0.709));
#10754=CARTESIAN_POINT('',(-0.401485708637968,-1.04738169406017,0.709));
#10755=CARTESIAN_POINT('',(-0.401485323696486,-1.04738163466962,1.71));
#10756=CARTESIAN_POINT('',(-0.401485323696486,-1.04738163466962,0.71));
#10757=CARTESIAN_POINT('',(-0.401485323696486,-1.04738163466962,0.709));
#10758=CARTESIAN_POINT('',(-0.408399282917062,-1.04641524183018,0.71));
#10759=CARTESIAN_POINT('',(-0.408399282917062,-1.04641524183018,0.709));
#10760=CARTESIAN_POINT('',(-0.425494854821543,-1.04402572263465,0.71));
#10761=CARTESIAN_POINT('',(-0.425494854821543,-1.04402572263465,0.709));
#10762=CARTESIAN_POINT('',(-0.442767279852968,-1.0440341578236,0.71));
#10763=CARTESIAN_POINT('',(-0.442767279852968,-1.0440341578236,0.709));
#10764=CARTESIAN_POINT('',(-0.453054220983942,-1.04403918157052,0.71));
#10765=CARTESIAN_POINT('',(-0.453054220983942,-1.04403918157052,0.709));
#10766=CARTESIAN_POINT('',(-0.401485323696486,-1.04738163466962,0.71));
#10767=CARTESIAN_POINT('',(-0.408399282917062,-1.04641524183018,0.71));
#10768=CARTESIAN_POINT('',(-0.415313242137639,-1.04544884899074,0.71));
#10769=CARTESIAN_POINT('',(-0.42225612807226,-1.04487467393093,0.71));
#10770=CARTESIAN_POINT('',(-0.432480338721993,-1.04402913407667,0.71));
#10771=CARTESIAN_POINT('',(-0.442767279852968,-1.0440341578236,0.71));
#10772=CARTESIAN_POINT('',(-0.453054220983942,-1.04403918157052,0.71));
#10773=CARTESIAN_POINT('',(-0.453054220983942,-1.04403918157052,0.71));
#10774=CARTESIAN_POINT('',(-0.453054220983942,-1.04403918157052,0.709));
#10775=CARTESIAN_POINT('',(-0.442767279852968,-1.0440341578236,0.709));
#10776=CARTESIAN_POINT('',(-0.432480338721993,-1.04402913407667,0.709));
#10777=CARTESIAN_POINT('',(-0.42225612807226,-1.04487467393093,0.709));
#10778=CARTESIAN_POINT('',(-0.415313242137639,-1.04544884899074,0.709));
#10779=CARTESIAN_POINT('',(-0.408399282917062,-1.04641524183018,0.709));
#10780=CARTESIAN_POINT('',(-0.401485323696486,-1.04738163466962,0.709));
#10781=CARTESIAN_POINT('',(-0.453054220983942,-1.04403918157052,0.709));
#10782=CARTESIAN_POINT('',(-0.453054220983942,-1.04403918157052,1.71));
#10783=CARTESIAN_POINT('',(-0.453054220983942,-1.04403918157052,1.71));
#10784=CARTESIAN_POINT('',(-0.226526843572092,-1.04403906574216,0.71));
#10785=CARTESIAN_POINT('',(-0.560489395270294,-1.04403923650446,0.71));
#10786=CARTESIAN_POINT('',(-0.226526843572092,-1.04403906574216,0.709));
#10787=CARTESIAN_POINT('',(-0.560489395270294,-1.04403923650446,0.709));
#10788=CARTESIAN_POINT('',(-0.560489395270294,-1.04403923650445,1.71));
#10789=CARTESIAN_POINT('',(-0.361376208860599,-0.963820819569047,0.710006169174573));
#10790=CARTESIAN_POINT('',(-0.361376208860599,-0.963820819569047,0.709));
#10791=CARTESIAN_POINT('',(-0.34238828907271,-0.963614022075231,0.710006169174573));
#10792=CARTESIAN_POINT('',(-0.34238828907271,-0.963614022075231,0.709));
#10793=CARTESIAN_POINT('',(-0.308708119366917,-0.963247211241595,0.710006169174573));
#10794=CARTESIAN_POINT('',(-0.308708119366917,-0.963247211241595,0.709));
#10795=CARTESIAN_POINT('',(-0.276227366986783,-0.95450393278832,0.710006169174573));
#10796=CARTESIAN_POINT('',(-0.276227366986783,-0.95450393278832,0.709));
#10797=CARTESIAN_POINT('',(-0.262058337089989,-0.950689865541645,0.710006169174573));
#10798=CARTESIAN_POINT('',(-0.262058337089989,-0.950689865541645,0.709));
#10799=CARTESIAN_POINT('',(-0.361376208860599,-0.963820819569047,0.71));
#10800=CARTESIAN_POINT('',(-0.32794290183836,-0.963456697317667,0.71));
#10801=CARTESIAN_POINT('',(-0.294637018599232,-0.959459326010256,0.71));
#10802=CARTESIAN_POINT('',(-0.262350610238946,-0.950768540075307,0.71));
#10803=CARTESIAN_POINT('',(-0.361376208860599,-0.963820819569047,0.709501542293643));
#10804=CARTESIAN_POINT('',(-0.262330466440958,-0.950763117803614,0.709));
#10805=CARTESIAN_POINT('',(-0.294623767436825,-0.959455782824036,0.709));
#10806=CARTESIAN_POINT('',(-0.327935957066371,-0.963456621682134,0.709));
#10807=CARTESIAN_POINT('',(-0.361376208860599,-0.963820819569047,0.709));
#10808=CARTESIAN_POINT('',(-0.560489436287579,-0.963820921379958,1.71));
#10809=CARTESIAN_POINT('',(-0.280244471732593,-0.96382077808463,0.71));
#10810=CARTESIAN_POINT('',(-0.560489436287579,-0.963820921379958,0.71));
#10811=CARTESIAN_POINT('',(-0.560489436287579,-0.963820921379958,1.71));
#10812=CARTESIAN_POINT('',(-0.560489436287579,-0.963820921379958,0.709));
#10813=CARTESIAN_POINT('',(-0.280244471732593,-0.96382077808463,0.709));
#10814=CARTESIAN_POINT('',(-0.560489554700516,-0.732238398987715,1.71));
#10815=CARTESIAN_POINT('',(-0.560489741904767,-0.366119342788909,0.71));
#10816=CARTESIAN_POINT('',(-0.560489554700516,-0.732238398987715,0.71));
#10817=CARTESIAN_POINT('',(-0.560489554700516,-0.732238398987715,1.71));
#10818=CARTESIAN_POINT('',(-0.560489554700516,-0.732238398987715,0.709));
#10819=CARTESIAN_POINT('',(-0.560489741904767,-0.366119342788909,0.709));
#10820=CARTESIAN_POINT('',(-0.338934284445933,-0.732238285701701,1.71));
#10821=CARTESIAN_POINT('',(-0.169466955018353,-0.73223819904938,0.71));
#10822=CARTESIAN_POINT('',(-0.403811864989822,-0.732238318875015,0.7095));
#10823=CARTESIAN_POINT('',(-0.169466955018353,-0.73223819904938,0.709));
#10824=CARTESIAN_POINT('',(-0.217841233555207,-1.01943643228892,0.71));
#10825=CARTESIAN_POINT('',(-0.217841233555207,-1.01943643228892,0.709));
#10826=CARTESIAN_POINT('',(-0.240841485863148,-1.02791442589203,0.71));
#10827=CARTESIAN_POINT('',(-0.240841485863148,-1.02791442589203,0.709));
#10828=CARTESIAN_POINT('',(-0.265774562084234,-1.03215684955357,0.71));
#10829=CARTESIAN_POINT('',(-0.265774562084234,-1.03215684955357,0.709));
#10830=CARTESIAN_POINT('',(-0.29070763830532,-1.03639927321511,0.71));
#10831=CARTESIAN_POINT('',(-0.29070763830532,-1.03639927321511,0.709));
#10832=CARTESIAN_POINT('',(-0.217566397030137,-1.01933635421575,0.71));
#10833=CARTESIAN_POINT('',(-0.217795256265797,-1.01942012778009,0.71));
#10834=CARTESIAN_POINT('',(-0.218024115501458,-1.01950390134444,0.71));
#10835=CARTESIAN_POINT('',(-0.218252974737118,-1.01958767490878,0.71));
#10836=CARTESIAN_POINT('',(-0.241138898303163,-1.02796503134326,0.71));
#10837=CARTESIAN_POINT('',(-0.265923268304241,-1.03218215227918,0.71));
#10838=CARTESIAN_POINT('',(-0.29070763830532,-1.03639927321511,0.71));
#10839=CARTESIAN_POINT('',(-0.29070763830532,-1.03639927321511,0.709));
#10840=CARTESIAN_POINT('',(-0.265923268304241,-1.03218215227918,0.709));
#10841=CARTESIAN_POINT('',(-0.241138898303163,-1.02796503134326,0.709));
#10842=CARTESIAN_POINT('',(-0.218252974737118,-1.01958767490878,0.709));
#10843=CARTESIAN_POINT('',(-0.560489554700516,-0.732238398987715,1.71));
#10844=CARTESIAN_POINT('',(-0.560489929109019,-2.86590101681058E-7,0.71));
#10845=CARTESIAN_POINT('',(-0.560489236328391,-1.35488505860029,0.71));
#10846=CARTESIAN_POINT('',(-0.560489929109019,-2.86590101681058E-7,0.709));
#10847=CARTESIAN_POINT('',(-0.560489236328391,-1.35488505860029,0.709));
#10848=CARTESIAN_POINT('',(-0.560489236328391,-1.35488505860029,1.71));
#10849=CARTESIAN_POINT('',(-0.122888469495511,-0.739858857578478,0.767080142114295));
#10850=CARTESIAN_POINT('',(-0.122888469495511,-0.739858857578478,0.750146629323874));
#10851=CARTESIAN_POINT('',(-0.122802782527428,-0.740024432606218,0.767080142114295));
#10852=CARTESIAN_POINT('',(-0.122802782527428,-0.740024432606218,0.750146629323874));
#10853=CARTESIAN_POINT('',(-0.122717095559344,-0.740190007633958,0.767080142114295));
#10854=CARTESIAN_POINT('',(-0.122717095559344,-0.740190007633959,0.750146629323874));
#10855=CARTESIAN_POINT('',(-0.122631408591261,-0.740355582661699,0.767080142114295));
#10856=CARTESIAN_POINT('',(-0.122631408591261,-0.740355582661699,0.750146629323874));
#10857=CARTESIAN_POINT('',(-0.114136263988007,-0.756770958707855,0.767080142114295));
#10858=CARTESIAN_POINT('',(-0.114136263988007,-0.756770958707855,0.750146629323874));
#10859=CARTESIAN_POINT('',(-0.0969988703713483,-0.789885964255927,0.767080142114295));
#10860=CARTESIAN_POINT('',(-0.0969988703713483,-0.789885964255927,0.750146629323874));
#10861=CARTESIAN_POINT('',(-0.0946759379288623,-0.827109264610464,0.767080142114295));
#10862=CARTESIAN_POINT('',(-0.0946759379288623,-0.827109264610464,0.750146629323874));
#10863=CARTESIAN_POINT('',(-0.0935045018833157,-0.845880673960129,0.767080142114295));
#10864=CARTESIAN_POINT('',(-0.0935045018833157,-0.845880673960129,0.750146629323874));
#10865=CARTESIAN_POINT('',(-0.0935093737646622,-0.845802605773876,0.750247025644765));
#10866=CARTESIAN_POINT('',(-0.0957922293461197,-0.809221737936267,0.758009112734676));
#10867=CARTESIAN_POINT('',(-0.105455568352646,-0.773544879559313,0.763986789364354));
#10868=CARTESIAN_POINT('',(-0.122645588181693,-0.740328183091709,0.765854596254475));
#10869=CARTESIAN_POINT('',(-0.343478607538133,-0.654879445544088,0.753003877911618));
#10870=CARTESIAN_POINT('',(-0.343478607538133,-0.654879445544088,0.717557916817932));
#10871=CARTESIAN_POINT('',(-0.34323715058219,-0.654881303293773,0.753003877911618));
#10872=CARTESIAN_POINT('',(-0.34323715058219,-0.654881303293773,0.717557916817932));
#10873=CARTESIAN_POINT('',(-0.342995693626246,-0.654883161043459,0.753003877911618));
#10874=CARTESIAN_POINT('',(-0.342995693626246,-0.654883161043459,0.717557916817932));
#10875=CARTESIAN_POINT('',(-0.342754236670303,-0.654885018793144,0.753003877911618));
#10876=CARTESIAN_POINT('',(-0.342754236670303,-0.654885018793144,0.717557916817932));
#10877=CARTESIAN_POINT('',(-0.315100806825001,-0.655097781976521,0.753003877911618));
#10878=CARTESIAN_POINT('',(-0.315100806825001,-0.655097781976521,0.717557916817932));
#10879=CARTESIAN_POINT('',(-0.266809415636349,-0.655469331913598,0.753003877911618));
#10880=CARTESIAN_POINT('',(-0.266809415636349,-0.655469331913598,0.717557916817932));
#10881=CARTESIAN_POINT('',(-0.220327115997555,-0.66827357993748,0.753003877911618));
#10882=CARTESIAN_POINT('',(-0.220327115997555,-0.66827357993748,0.717557916817932));
#10883=CARTESIAN_POINT('',(-0.200462293728345,-0.673745643782467,0.753003877911618));
#10884=CARTESIAN_POINT('',(-0.200462293728345,-0.673745643782467,0.717557916817932));
#10885=CARTESIAN_POINT('',(-0.200227558115169,-0.673810305234988,0.753003877911618));
#10886=CARTESIAN_POINT('',(-0.200227558115169,-0.673810305234988,0.717557916817932));
#10887=CARTESIAN_POINT('',(-0.199992822501993,-0.673874966687508,0.753003877911618));
#10888=CARTESIAN_POINT('',(-0.199992822501993,-0.673874966687508,0.717557916817932));
#10889=CARTESIAN_POINT('',(-0.199758086888817,-0.673939628140029,0.753003877911618));
#10890=CARTESIAN_POINT('',(-0.199758086888817,-0.673939628140029,0.717557916817932));
#10891=CARTESIAN_POINT('',(-0.200418070191675,-0.673757825820283,0.751787539417935));
#10892=CARTESIAN_POINT('',(-0.246145270189191,-0.66116158134108,0.73782479864815));
#10893=CARTESIAN_POINT('',(-0.293844480078944,-0.655261332767437,0.725506631487374));
#10894=CARTESIAN_POINT('',(-0.342676169897496,-0.654885619435786,0.717768070737459));
#10895=CARTESIAN_POINT('',(-0.653122625561482,-0.654885177491233,1.71));
#10896=CARTESIAN_POINT('',(-0.453763541186708,-0.65488507555461,1.21));
#10897=CARTESIAN_POINT('',(-0.65312226763703,-1.35488510596557,1.71));
#10898=CARTESIAN_POINT('',(-0.653122614027344,-0.677442719960428,0.71));
#10899=CARTESIAN_POINT('',(-0.65312226763703,-1.35488510596557,0.71));
#10900=CARTESIAN_POINT('',(-0.653122625561482,-0.654885177491233,0.71));
#10901=CARTESIAN_POINT('',(-0.65312226763703,-1.35488510596556,1.71));
#10902=CARTESIAN_POINT('',(-0.65312226763703,-1.35488510596557,0.709));
#10903=CARTESIAN_POINT('',(-0.653122614027344,-0.677442719960428,0.709));
#10904=CARTESIAN_POINT('',(-0.653122625561482,-0.654885177491233,0.709));
#10905=CARTESIAN_POINT('',(-0.653122625561482,-0.654885177491233,1.71));
#10906=CARTESIAN_POINT('',(-0.0362054770325193,-1.35488479052263,1.71));
#10907=CARTESIAN_POINT('',(6.92781969072048E-7,-1.35488477200963,0.71));
#10908=CARTESIAN_POINT('',(6.92781969072048E-7,-1.35488477200963,0.709));
#10909=CARTESIAN_POINT('',(0.,0.,0.709));
#10910=CARTESIAN_POINT('',(-1.40168443454896,0.813028738262922,0.709));
#10911=CARTESIAN_POINT('',(-0.326561145352329,-0.654885010513266,0.709));
#10912=CARTESIAN_POINT('',(-1.40168443454896,0.813028738262922,0.709));
#10913=CARTESIAN_POINT('',(-1.40168443454896,0.813028738262922,1.21));
#10914=CARTESIAN_POINT('',(-0.218252974737118,-1.01958767490878,0.709000000000001));
#10915=CARTESIAN_POINT('',(-0.215374893312642,-1.01853415771641,0.70900004176693));
#10916=CARTESIAN_POINT('',(-0.212525645008399,-1.01741438399117,0.709026753120623));
#10917=CARTESIAN_POINT('',(-0.209710545353436,-1.0162206048473,0.70908089499796));
#10918=CARTESIAN_POINT('',(-0.207456762291061,-1.0152648592097,0.709124241259571));
#10919=CARTESIAN_POINT('',(-0.205249399851753,-1.01427206301058,0.709184521667008));
#10920=CARTESIAN_POINT('',(-0.203088300786128,-1.01324103577886,0.709261007220917));
#10921=CARTESIAN_POINT('',(-0.196755919183883,-1.01021995360014,0.709485122682404));
#10922=CARTESIAN_POINT('',(-0.190818555500305,-1.00687543194574,0.709848373584155));
#10923=CARTESIAN_POINT('',(-0.185181480727194,-1.00337669126416,0.710332419714184));
#10924=CARTESIAN_POINT('',(-0.179263162805647,-0.999703392521093,0.71084061572036));
#10925=CARTESIAN_POINT('',(-0.173676070219099,-0.995859609067948,0.711481960990394));
#10926=CARTESIAN_POINT('',(-0.168335996168241,-0.991985469130858,0.712235231006238));
#10927=CARTESIAN_POINT('',(-0.162519004429695,-0.987765332894284,0.713055774957));
#10928=CARTESIAN_POINT('',(-0.156995260479709,-0.983508875709859,0.714009128196817));
#10929=CARTESIAN_POINT('',(-0.151682610859573,-0.979338735614611,0.715067856586348));
#10930=CARTESIAN_POINT('',(-0.148284130411994,-0.976671113883328,0.715745120849641));
#10931=CARTESIAN_POINT('',(-0.144972561990642,-0.974037652777462,0.716465505773723));
#10932=CARTESIAN_POINT('',(-0.14173092828854,-0.971460532603738,0.717221829908541));
#10933=CARTESIAN_POINT('',(-0.141522998509726,-0.971295227058157,0.717270343196752));
#10934=CARTESIAN_POINT('',(-0.141315068730911,-0.971129921512575,0.717318856484963));
#10935=CARTESIAN_POINT('',(-0.141107138952097,-0.970964615966994,0.717367369773174));
#10936=CARTESIAN_POINT('',(-0.403811864989824,-0.732238318875015,1.21));
#10937=CARTESIAN_POINT('',(-0.338910669582013,-0.732231485789487,0.71247887838882));
#10938=CARTESIAN_POINT('',(-0.338863594104926,-0.732165614529748,0.711984135513833));
#10939=CARTESIAN_POINT('',(-0.318399688143808,-0.733012867271235,0.713818499563068));
#10940=CARTESIAN_POINT('',(-0.29872122362155,-0.735756331627349,0.716313621479663));
#10941=CARTESIAN_POINT('',(-0.279824099258204,-0.740393359153124,0.719027383018057));
#10942=CARTESIAN_POINT('',(-0.27976003638905,-0.740498865148666,0.719536920090322));
#10943=CARTESIAN_POINT('',(-0.279528540997746,-0.74049609979104,0.719066536905545));
#10944=CARTESIAN_POINT('',(-0.260161640937018,-0.746210943620032,0.721747070474997));
#10945=CARTESIAN_POINT('',(-0.241987012325194,-0.754105929258107,0.72452120730834));
#10946=CARTESIAN_POINT('',(-0.224941816312338,-0.764140477852331,0.726964217906019));
#10947=CARTESIAN_POINT('',(0.137600037721757,0.228948843794499,1.71));
#10948=CARTESIAN_POINT('',(0.203092434734632,0.222222658030087,1.21));
#10949=CARTESIAN_POINT('',(0.137600037721757,0.228948843794499,0.712645792822053));
#10950=CARTESIAN_POINT('',(0.0492469080642811,0.238022867498754,0.724264290475718));
#10951=CARTESIAN_POINT('',(0.137600037721757,0.228948843794499,1.71));
#10952=CARTESIAN_POINT('',(0.137600037721757,0.228948843794499,0.711640483789459));
#10953=CARTESIAN_POINT('',(0.203092434734632,0.222222658030087,1.21));
#10954=CARTESIAN_POINT('',(0.117545377272359,0.388669090464766,0.71));
#10955=CARTESIAN_POINT('',(0.117545377272359,0.388669090464766,0.709));
#10956=CARTESIAN_POINT('',(0.139937315082682,0.403762461580186,0.71));
#10957=CARTESIAN_POINT('',(0.139937315082682,0.403762461580186,0.709));
#10958=CARTESIAN_POINT('',(0.187842455881033,0.436053104512955,0.71));
#10959=CARTESIAN_POINT('',(0.187842455881033,0.436053104512955,0.709));
#10960=CARTESIAN_POINT('',(0.245723329149638,0.438939584164348,0.71));
#10961=CARTESIAN_POINT('',(0.245723329149638,0.438939584164348,0.709));
#10962=CARTESIAN_POINT('',(0.276549383393842,0.440476858453486,0.71));
#10963=CARTESIAN_POINT('',(0.276549383393842,0.440476858453486,0.709));
#10964=CARTESIAN_POINT('',(0.117545377272359,0.388669090464766,0.71));
#10965=CARTESIAN_POINT('',(0.139937315082682,0.403762461580186,0.71));
#10966=CARTESIAN_POINT('',(0.162329252893006,0.418855832695605,0.71));
#10967=CARTESIAN_POINT('',(0.186900726018799,0.427524872316101,0.71));
#10968=CARTESIAN_POINT('',(0.214897274905434,0.437402309875211,0.71));
#10969=CARTESIAN_POINT('',(0.245723329149638,0.438939584164348,0.71));
#10970=CARTESIAN_POINT('',(0.276549383393842,0.440476858453486,0.71));
#10971=CARTESIAN_POINT('',(0.11754547785914,0.388668957271713,0.71));
#10972=CARTESIAN_POINT('',(0.276548251325432,0.440476753744026,0.71));
#10973=CARTESIAN_POINT('',(0.117545377272359,0.388669090464766,1.71));
#10974=CARTESIAN_POINT('',(0.117545705106411,0.388669211228192,0.709));
#10975=CARTESIAN_POINT('',(0.276549383393842,0.440476858453486,0.709));
#10976=CARTESIAN_POINT('',(0.245723329149638,0.438939584164348,0.709));
#10977=CARTESIAN_POINT('',(0.214897274905434,0.437402309875211,0.709));
#10978=CARTESIAN_POINT('',(0.186900726018799,0.427524872316101,0.709));
#10979=CARTESIAN_POINT('',(0.162329252893006,0.418855832695605,0.709));
#10980=CARTESIAN_POINT('',(0.139937315082682,0.403762461580186,0.709));
#10981=CARTESIAN_POINT('',(0.117545377272359,0.388669090464766,0.709));
#10982=CARTESIAN_POINT('',(0.276550534081051,0.440476748963688,0.709));
#10983=CARTESIAN_POINT('',(0.276549383393842,0.440476858453486,1.71));
#10984=CARTESIAN_POINT('',(0.276549383393842,0.440476858453486,0.709999999999999));
#10985=CARTESIAN_POINT('',(0.276549383393842,0.440476858453486,0.709));
#10986=CARTESIAN_POINT('',(0.307702028949063,0.438764979414854,0.709999999999999));
#10987=CARTESIAN_POINT('',(0.307702028949063,0.438764979414854,0.709));
#10988=CARTESIAN_POINT('',(0.366461996859224,0.435536041532267,0.709999999999999));
#10989=CARTESIAN_POINT('',(0.366461996859224,0.435536041532267,0.709));
#10990=CARTESIAN_POINT('',(0.413793373234453,0.400888944367062,0.709999999999999));
#10991=CARTESIAN_POINT('',(0.413793373234453,0.400888944367062,0.709));
#10992=CARTESIAN_POINT('',(0.436031175799147,0.384610624039093,0.709999999999999));
#10993=CARTESIAN_POINT('',(0.436031175799147,0.384610624039093,0.709));
#10994=CARTESIAN_POINT('',(0.276549383393842,0.440476858453486,0.71));
#10995=CARTESIAN_POINT('',(0.307702028949063,0.438764979414854,0.71));
#10996=CARTESIAN_POINT('',(0.338854674504285,0.437053100376223,0.71));
#10997=CARTESIAN_POINT('',(0.366794995050336,0.426510269728447,0.71));
#10998=CARTESIAN_POINT('',(0.391555570669759,0.41716726469503,0.71));
#10999=CARTESIAN_POINT('',(0.413793373234453,0.400888944367062,0.71));
#11000=CARTESIAN_POINT('',(0.436031175799147,0.384610624039093,0.71));
#11001=CARTESIAN_POINT('',(0.436030794491182,0.384610810186133,0.71));
#11002=CARTESIAN_POINT('',(0.436031175799147,0.384610624039093,0.709));
#11003=CARTESIAN_POINT('',(0.413793373234453,0.400888944367062,0.709));
#11004=CARTESIAN_POINT('',(0.391555570669759,0.41716726469503,0.709));
#11005=CARTESIAN_POINT('',(0.366794995050336,0.426510269728447,0.709));
#11006=CARTESIAN_POINT('',(0.338854674504285,0.437053100376223,0.709));
#11007=CARTESIAN_POINT('',(0.307702028949063,0.438764979414854,0.709));
#11008=CARTESIAN_POINT('',(0.276549383393842,0.440476858453486,0.709));
#11009=CARTESIAN_POINT('',(0.436031399922021,0.384610253430263,0.709));
#11010=CARTESIAN_POINT('',(0.436031175799147,0.384610624039093,1.71));
#11011=CARTESIAN_POINT('',(0.436031175799147,0.384610624039093,0.71));
#11012=CARTESIAN_POINT('',(0.436031175799147,0.384610624039093,0.709));
#11013=CARTESIAN_POINT('',(0.453160999068442,0.364801412706332,0.71));
#11014=CARTESIAN_POINT('',(0.453160999068442,0.364801412706332,0.709));
#11015=CARTESIAN_POINT('',(0.487604984374282,0.32496981763734,0.71));
#11016=CARTESIAN_POINT('',(0.487604984374282,0.32496981763734,0.709));
#11017=CARTESIAN_POINT('',(0.492368087871639,0.272509232092651,0.71));
#11018=CARTESIAN_POINT('',(0.492368087871639,0.272509232092651,0.709));
#11019=CARTESIAN_POINT('',(0.494762385308995,0.246138558937742,0.71));
#11020=CARTESIAN_POINT('',(0.494762385308995,0.246138558937742,0.709));
#11021=CARTESIAN_POINT('',(0.436031175799147,0.384610624039093,0.71));
#11022=CARTESIAN_POINT('',(0.453160999068442,0.364801412706332,0.71));
#11023=CARTESIAN_POINT('',(0.470290822337737,0.34499220137357,0.71));
#11024=CARTESIAN_POINT('',(0.480079636318326,0.322059446172156,0.71));
#11025=CARTESIAN_POINT('',(0.489973790434284,0.29887990524756,0.71));
#11026=CARTESIAN_POINT('',(0.492368087871639,0.272509232092651,0.71));
#11027=CARTESIAN_POINT('',(0.494762385308995,0.246138558937742,0.71));
#11028=CARTESIAN_POINT('',(0.494762260020709,0.246139336402842,0.71));
#11029=CARTESIAN_POINT('',(0.494762385308995,0.246138558937742,0.709));
#11030=CARTESIAN_POINT('',(0.492368087871639,0.272509232092651,0.709));
#11031=CARTESIAN_POINT('',(0.489973790434284,0.29887990524756,0.709));
#11032=CARTESIAN_POINT('',(0.480079636318326,0.322059446172156,0.709));
#11033=CARTESIAN_POINT('',(0.470290822337737,0.34499220137357,0.709));
#11034=CARTESIAN_POINT('',(0.453160999068442,0.364801412706332,0.709));
#11035=CARTESIAN_POINT('',(0.436031175799147,0.384610624039093,0.709));
#11036=CARTESIAN_POINT('',(0.494762271524918,0.246137968940884,0.709));
#11037=CARTESIAN_POINT('',(0.494762385308995,0.246138558937742,1.71));
#11038=CARTESIAN_POINT('',(0.494762385308995,0.246138558937742,0.71));
#11039=CARTESIAN_POINT('',(0.494762385308995,0.246138558937742,0.709));
#11040=CARTESIAN_POINT('',(0.494011482915104,0.232110624639146,0.71));
#11041=CARTESIAN_POINT('',(0.494011482915104,0.232110624639146,0.709));
#11042=CARTESIAN_POINT('',(0.492490953981577,0.203704962129401,0.71));
#11043=CARTESIAN_POINT('',(0.492490953981577,0.203704962129401,0.709));
#11044=CARTESIAN_POINT('',(0.48258613873546,0.177033081940799,0.71));
#11045=CARTESIAN_POINT('',(0.48258613873546,0.177033081940799,0.709));
#11046=CARTESIAN_POINT('',(0.477572746016966,0.163532919988918,0.71));
#11047=CARTESIAN_POINT('',(0.477572746016966,0.163532919988918,0.709));
#11048=CARTESIAN_POINT('',(0.494762385308995,0.246138558937742,0.71));
#11049=CARTESIAN_POINT('',(0.494011482915104,0.232110624639146,0.71));
#11050=CARTESIAN_POINT('',(0.493260580521213,0.218082690340549,0.71));
#11051=CARTESIAN_POINT('',(0.490464911722803,0.204477592251362,0.71));
#11052=CARTESIAN_POINT('',(0.487599531453952,0.19053324389268,0.71));
#11053=CARTESIAN_POINT('',(0.48258613873546,0.177033081940799,0.71));
#11054=CARTESIAN_POINT('',(0.477572746016966,0.163532919988918,0.71));
#11055=CARTESIAN_POINT('',(0.477572986255534,0.163533770447641,0.71));
#11056=CARTESIAN_POINT('',(0.477572746016966,0.163532919988918,0.709));
#11057=CARTESIAN_POINT('',(0.48258613873546,0.177033081940799,0.709));
#11058=CARTESIAN_POINT('',(0.487599531453952,0.19053324389268,0.709));
#11059=CARTESIAN_POINT('',(0.490464911722803,0.204477592251362,0.709));
#11060=CARTESIAN_POINT('',(0.493260580521213,0.218082690340549,0.709));
#11061=CARTESIAN_POINT('',(0.494011482915104,0.232110624639146,0.709));
#11062=CARTESIAN_POINT('',(0.494762385308995,0.246138558937742,0.709));
#11063=CARTESIAN_POINT('',(0.477572313049916,0.163532232837384,0.709));
#11064=CARTESIAN_POINT('',(0.477572746016966,0.163532919988918,1.71));
#11065=CARTESIAN_POINT('',(0.477572746016966,0.163532919988918,0.71));
#11066=CARTESIAN_POINT('',(0.477572746016966,0.163532919988918,0.709));
#11067=CARTESIAN_POINT('',(0.470443126444731,0.149323068083637,0.71));
#11068=CARTESIAN_POINT('',(0.470443126444731,0.149323068083637,0.709));
#11069=CARTESIAN_POINT('',(0.454974963716991,0.118493891381992,0.71));
#11070=CARTESIAN_POINT('',(0.454974963716991,0.118493891381992,0.709));
#11071=CARTESIAN_POINT('',(0.432583537212571,0.0922238243629661,0.71));
#11072=CARTESIAN_POINT('',(0.432583537212571,0.0922238243629661,0.709));
#11073=CARTESIAN_POINT('',(0.420512816241583,0.0780622143908083,0.71));
#11074=CARTESIAN_POINT('',(0.420512816241583,0.0780622143908083,0.709));
#11075=CARTESIAN_POINT('',(0.477572746016966,0.163532919988918,0.71));
#11076=CARTESIAN_POINT('',(0.470443126444731,0.149323068083637,0.71));
#11077=CARTESIAN_POINT('',(0.463313506872494,0.135113216178356,0.71));
#11078=CARTESIAN_POINT('',(0.454713044943214,0.121871943811268,0.71));
#11079=CARTESIAN_POINT('',(0.44465425818356,0.106385434335124,0.71));
#11080=CARTESIAN_POINT('',(0.432583537212571,0.0922238243629661,0.71));
#11081=CARTESIAN_POINT('',(0.420512816241583,0.0780622143908083,0.71));
#11082=CARTESIAN_POINT('',(0.420512816241583,0.0780622143908083,0.71));
#11083=CARTESIAN_POINT('',(0.420512816241583,0.0780622143908083,0.709));
#11084=CARTESIAN_POINT('',(0.432583537212571,0.0922238243629661,0.709));
#11085=CARTESIAN_POINT('',(0.44465425818356,0.106385434335124,0.709));
#11086=CARTESIAN_POINT('',(0.454713044943214,0.121871943811268,0.709));
#11087=CARTESIAN_POINT('',(0.463313506872494,0.135113216178356,0.709));
#11088=CARTESIAN_POINT('',(0.470443126444731,0.149323068083637,0.709));
#11089=CARTESIAN_POINT('',(0.477572746016966,0.163532919988918,0.709));
#11090=CARTESIAN_POINT('',(0.420512816241583,0.0780622143908083,0.709));
#11091=CARTESIAN_POINT('',(0.420512816241583,0.0780622143908083,1.71));
#11092=CARTESIAN_POINT('',(0.420512816241583,0.0780622143908083,0.71));
#11093=CARTESIAN_POINT('',(0.420512816241583,0.0780622143908083,0.709));
#11094=CARTESIAN_POINT('',(0.403057794391185,0.0600686790388419,0.71));
#11095=CARTESIAN_POINT('',(0.403057794391185,0.0600686790388419,0.709));
#11096=CARTESIAN_POINT('',(0.378148109677816,0.0343904933374521,0.71));
#11097=CARTESIAN_POINT('',(0.378148109677816,0.0343904933374521,0.709));
#11098=CARTESIAN_POINT('',(0.351820973878384,0.0102201083907623,0.71));
#11099=CARTESIAN_POINT('',(0.351820973878384,0.0102201083907623,0.709));
#11100=CARTESIAN_POINT('',(0.34385366567058,0.00308077988378783,0.71));
#11101=CARTESIAN_POINT('',(0.34385366567058,0.00308077988378783,0.709));
#11102=CARTESIAN_POINT('',(0.420512816241583,0.0780622143908083,0.71));
#11103=CARTESIAN_POINT('',(0.403057794391185,0.0600686790388419,0.71));
#11104=CARTESIAN_POINT('',(0.385602772540787,0.0420751436868757,0.71));
#11105=CARTESIAN_POINT('',(0.367451745604074,0.0248219774416389,0.71));
#11106=CARTESIAN_POINT('',(0.359854324687212,0.0176003713820639,0.71));
#11107=CARTESIAN_POINT('',(0.352134964838323,0.0105084767570099,0.71));
#11108=CARTESIAN_POINT('',(0.344329910191409,0.00350773919720145,0.71));
#11109=CARTESIAN_POINT('',(0.344329910191411,0.00350773919720265,0.709428571428572));
#11110=CARTESIAN_POINT('',(0.344329910191411,0.00350773919720299,0.709));
#11111=CARTESIAN_POINT('',(0.370786895063395,0.0272383107423804,0.709));
#11112=CARTESIAN_POINT('',(0.395766799613159,0.0525527461793004,0.709));
#11113=CARTESIAN_POINT('',(0.420512816241583,0.0780622143908083,0.709));
#11114=CARTESIAN_POINT('',(0.288009518722536,-0.0451302232989143,0.754159386821134));
#11115=CARTESIAN_POINT('',(0.288009518722536,-0.0451302232989143,0.714213387687088));
#11116=CARTESIAN_POINT('',(0.266580012083368,-0.0630041604844306,0.754159386821134));
#11117=CARTESIAN_POINT('',(0.266580012083368,-0.0630041604844306,0.714213387687088));
#11118=CARTESIAN_POINT('',(0.232574556219673,-0.0913674537840331,0.754159386821134));
#11119=CARTESIAN_POINT('',(0.232574556219673,-0.0913674537840331,0.714213387687088));
#11120=CARTESIAN_POINT('',(0.200539089965195,-0.121925943991664,0.754159386821134));
#11121=CARTESIAN_POINT('',(0.200539089965195,-0.121925943991664,0.714213387687088));
#11122=CARTESIAN_POINT('',(0.18869168528357,-0.133227131153211,0.754159386821134));
#11123=CARTESIAN_POINT('',(0.18869168528357,-0.133227131153211,0.714213387687088));
#11124=CARTESIAN_POINT('',(0.288009518722536,-0.0451302232989143,0.715461242369316));
#11125=CARTESIAN_POINT('',(0.273385936990227,-0.0573274701003321,0.718278031984736));
#11126=CARTESIAN_POINT('',(0.25891188307094,-0.0694054067497742,0.722174234215649));
#11127=CARTESIAN_POINT('',(0.24484984059222,-0.0815978509964689,0.72712527232155));
#11128=CARTESIAN_POINT('',(0.242360867703128,-0.0837559061458345,0.728001603027925));
#11129=CARTESIAN_POINT('',(0.23988471459664,-0.0859174505805313,0.728910980458271));
#11130=CARTESIAN_POINT('',(0.237422718909835,-0.088083649504316,0.729853268330253));
#11131=CARTESIAN_POINT('',(0.233050004107691,-0.0919310039693108,0.731526852141868));
#11132=CARTESIAN_POINT('',(0.228740493953286,-0.0957768541638775,0.733296762029923));
#11133=CARTESIAN_POINT('',(0.224503330775447,-0.0996238022569134,0.735158839685398));
#11134=CARTESIAN_POINT('',(0.214835133611267,-0.108401621539014,0.739407657385482));
#11135=CARTESIAN_POINT('',(0.205540463395622,-0.117181654625176,0.744136340760348));
#11136=CARTESIAN_POINT('',(0.196521243397767,-0.125764500503394,0.749295489726007));
#11137=CARTESIAN_POINT('',(0.193888315777265,-0.128270040004663,0.750801569610209));
#11138=CARTESIAN_POINT('',(0.191279084088464,-0.130759022825569,0.752344333632705));
#11139=CARTESIAN_POINT('',(0.18869168528357,-0.133227131153211,0.753922552834174));
#11140=CARTESIAN_POINT('',(0.288009518563027,-0.0451302234340722,0.715461242400211));
#11141=CARTESIAN_POINT('',(0.18869168528357,-0.133227131153211,0.753922552834174));
#11142=CARTESIAN_POINT('',(0.288009518722536,-0.0451302232989143,1.71));
#11143=CARTESIAN_POINT('',(0.288009518722536,-0.0451302232989143,0.714450221674048));
#11144=CARTESIAN_POINT('',(0.18869168528357,-0.133227131153211,0.7528264685994));
#11145=CARTESIAN_POINT('',(0.21932106001762,-0.104009905455879,0.734188456059367));
#11146=CARTESIAN_POINT('',(0.252873071659303,-0.074436854492306,0.721204384804464));
#11147=CARTESIAN_POINT('',(0.288009518722536,-0.0451302232989143,0.714450221674048));
#11148=CARTESIAN_POINT('',(0.18869168528357,-0.133227131153211,0.7528264685994));
#11149=CARTESIAN_POINT('',(0.18869168528357,-0.133227131153211,1.71));
#11150=CARTESIAN_POINT('',(0.18869168528357,-0.133227131153211,0.783504544190243));
#11151=CARTESIAN_POINT('',(0.18869168528357,-0.133227131153211,0.752643497969632));
#11152=CARTESIAN_POINT('',(0.1817875913891,-0.14079625838929,0.783504544190243));
#11153=CARTESIAN_POINT('',(0.1817875913891,-0.14079625838929,0.752643497969632));
#11154=CARTESIAN_POINT('',(0.168486002751406,-0.155379115803982,0.783504544190243));
#11155=CARTESIAN_POINT('',(0.168486002751406,-0.155379115803982,0.752643497969632));
#11156=CARTESIAN_POINT('',(0.157625770854383,-0.171857164522242,0.783504544190243));
#11157=CARTESIAN_POINT('',(0.157625770854383,-0.171857164522242,0.752643497969632));
#11158=CARTESIAN_POINT('',(0.152402464198025,-0.179782400591785,0.783504544190243));
#11159=CARTESIAN_POINT('',(0.152402464198025,-0.179782400591785,0.752643497969632));
#11160=CARTESIAN_POINT('',(0.18869168528357,-0.133227131153211,0.753922552834174));
#11161=CARTESIAN_POINT('',(0.181950385765799,-0.140617782926848,0.758268534492013));
#11162=CARTESIAN_POINT('',(0.175357528495382,-0.147853475664065,0.762891134005845));
#11163=CARTESIAN_POINT('',(0.169341412851378,-0.155539734411575,0.767756565386173));
#11164=CARTESIAN_POINT('',(0.169105498244913,-0.155841141634259,0.767947357318591));
#11165=CARTESIAN_POINT('',(0.168870722893425,-0.15614291985353,0.768138300883414));
#11166=CARTESIAN_POINT('',(0.168637118374261,-0.156445087698519,0.768329398776185));
#11167=CARTESIAN_POINT('',(0.164638133227376,-0.16161778182405,0.771600729474435));
#11168=CARTESIAN_POINT('',(0.160979052173897,-0.166902166812461,0.774917285496216));
#11169=CARTESIAN_POINT('',(0.157476835813419,-0.172126634678107,0.778292589183828));
#11170=CARTESIAN_POINT('',(0.155752806521588,-0.174698473396082,0.779954143419008));
#11171=CARTESIAN_POINT('',(0.154067380441677,-0.177256250944627,0.781629933849958));
#11172=CARTESIAN_POINT('',(0.152402464198025,-0.179782400591785,0.783321573560476));
#11173=CARTESIAN_POINT('',(0.152402464198025,-0.179782400591785,0.783321573560476));
#11174=CARTESIAN_POINT('',(0.152402464198024,-0.179782400591786,0.782150167010769));
#11175=CARTESIAN_POINT('',(0.162978879313193,-0.163734982342817,0.771433412384249));
#11176=CARTESIAN_POINT('',(0.175077381410475,-0.148152825939697,0.761582296650088));
#11177=CARTESIAN_POINT('',(0.18869168528357,-0.133227131153211,0.7528264685994));
#11178=CARTESIAN_POINT('',(0.152402464198025,-0.179782400591785,0.782150167010772));
#11179=CARTESIAN_POINT('',(0.152402464198025,-0.179782400591785,1.71));
#11180=CARTESIAN_POINT('',(0.152402464198025,-0.179782400591785,1.71));
#11181=CARTESIAN_POINT('',(0.462691356907904,-0.179782241934345,1.21));
#11182=CARTESIAN_POINT('',(0.462691356907905,-0.179782241934345,0.7095));
#11183=CARTESIAN_POINT('',(0.462691356907904,-0.179782241934345,1.21));
#11184=CARTESIAN_POINT('',(0.495717618512021,-0.179782225047301,1.71));
#11185=CARTESIAN_POINT('',(0.49571757254877,-0.0898909857883347,0.71));
#11186=CARTESIAN_POINT('',(0.495717618512021,-0.179782225047301,0.71));
#11187=CARTESIAN_POINT('',(0.495717644662627,-0.230925480102998,0.7095));
#11188=CARTESIAN_POINT('',(0.495717618512021,-0.179782225047301,1.71));
#11189=CARTESIAN_POINT('',(0.495717618512021,-0.179782225047301,0.709));
#11190=CARTESIAN_POINT('',(0.49571757254877,-0.0898909857883347,0.709));
#11191=CARTESIAN_POINT('',(0.153222900618132,0.300154655384215,0.712667667578985));
#11192=CARTESIAN_POINT('',(0.153222900618132,0.300154655384215,0.708978125243066));
#11193=CARTESIAN_POINT('',(0.150969075443016,0.296098829651426,0.712667667578985));
#11194=CARTESIAN_POINT('',(0.150969075443016,0.296098829651426,0.708978125243066));
#11195=CARTESIAN_POINT('',(0.140427739664331,0.274391265339128,0.712667667578985));
#11196=CARTESIAN_POINT('',(0.140427739664331,0.274391265339128,0.708978125243066));
#11197=CARTESIAN_POINT('',(0.138864573341077,0.249270490785,0.712667667578985));
#11198=CARTESIAN_POINT('',(0.138864573341077,0.249270490785,0.708978125243066));
#11199=CARTESIAN_POINT('',(0.137600037721757,0.228948843794499,0.712667667578985));
#11200=CARTESIAN_POINT('',(0.137600037721757,0.228948843794499,0.708978125243066));
#11201=CARTESIAN_POINT('',(0.153372416266838,0.300427458767302,0.709999971171212));
#11202=CARTESIAN_POINT('',(0.153252446161044,0.300209808653363,0.709999980780808));
#11203=CARTESIAN_POINT('',(0.153132476055251,0.299992158539425,0.709999990390404));
#11204=CARTESIAN_POINT('',(0.153012505949457,0.299774508425486,0.71));
#11205=CARTESIAN_POINT('',(0.150879558034565,0.295904908131061,0.710000170848961));
#11206=CARTESIAN_POINT('',(0.148935633207669,0.291902109417468,0.710045676860609));
#11207=CARTESIAN_POINT('',(0.147269073166697,0.287680136456313,0.710129669525033));
#11208=CARTESIAN_POINT('',(0.146852175101238,0.286623989472915,0.710150680696819));
#11209=CARTESIAN_POINT('',(0.146452863191994,0.285554039923466,0.71017410026502));
#11210=CARTESIAN_POINT('',(0.146070405370884,0.284469745982632,0.710199821022714));
#11211=CARTESIAN_POINT('',(0.144239515518887,0.279279048699751,0.710322950611517));
#11212=CARTESIAN_POINT('',(0.142851601533852,0.273904426273176,0.710492159715743));
#11213=CARTESIAN_POINT('',(0.141788771085048,0.268522232029066,0.710692078221695));
#11214=CARTESIAN_POINT('',(0.140378139245135,0.261378764716967,0.710957418201558));
#11215=CARTESIAN_POINT('',(0.139531428869093,0.254225279997833,0.711276854877833));
#11216=CARTESIAN_POINT('',(0.138924923812284,0.24749237512608,0.71161445254605));
#11217=CARTESIAN_POINT('',(0.138491705055138,0.242683147819933,0.711855594216014));
#11218=CARTESIAN_POINT('',(0.138180040079443,0.23808888325461,0.712106001734956));
#11219=CARTESIAN_POINT('',(0.137908316532574,0.233852682395114,0.712352578922722));
#11220=CARTESIAN_POINT('',(0.137799627868495,0.232158213816679,0.712451209113));
#11221=CARTESIAN_POINT('',(0.137697856471552,0.230520834390902,0.712549226458801));
#11222=CARTESIAN_POINT('',(0.137600037721757,0.228948843794499,0.712645792822053));
#11223=CARTESIAN_POINT('',(0.153012506716371,0.299774509816823,0.7095));
#11224=CARTESIAN_POINT('',(0.137600037721757,0.228948843794499,0.711640483789458));
#11225=CARTESIAN_POINT('',(0.137873518177196,0.233343795735209,0.711370880932455));
#11226=CARTESIAN_POINT('',(0.138166506136792,0.238134643536077,0.711096770803647));
#11227=CARTESIAN_POINT('',(0.13856190011715,0.243171718270768,0.710831989907838));
#11228=CARTESIAN_POINT('',(0.139038518574959,0.24924354260593,0.710512815948479));
#11229=CARTESIAN_POINT('',(0.139665476249411,0.255672563233889,0.710207197863874));
#11230=CARTESIAN_POINT('',(0.140672794678598,0.26216438153736,0.709939370976896));
#11231=CARTESIAN_POINT('',(0.141559756036882,0.267880540215034,0.709703544754944));
#11232=CARTESIAN_POINT('',(0.142746982334421,0.273643346198388,0.709497018457087));
#11233=CARTESIAN_POINT('',(0.14439025637603,0.279252295114769,0.709336336923266));
#11234=CARTESIAN_POINT('',(0.144852955025016,0.28083161360951,0.709291093630466));
#11235=CARTESIAN_POINT('',(0.145351551763087,0.282398832207772,0.709249485017947));
#11236=CARTESIAN_POINT('',(0.145888676894089,0.283949797053878,0.709211880426504));
#11237=CARTESIAN_POINT('',(0.146326255500701,0.285213318339868,0.709181245172676));
#11238=CARTESIAN_POINT('',(0.146786047861048,0.286456466303505,0.709153708865277));
#11239=CARTESIAN_POINT('',(0.147269073166697,0.287680136456313,0.709129419055476));
#11240=CARTESIAN_POINT('',(0.148940250227472,0.291913805925416,0.709045380864358));
#11241=CARTESIAN_POINT('',(0.150885575249077,0.295915824580014,0.709000204234942));
#11242=CARTESIAN_POINT('',(0.153012505955638,0.299774508436699,0.708999999999999));
#11243=CARTESIAN_POINT('',(0.274639537942032,0.369330890827875,0.71));
#11244=CARTESIAN_POINT('',(0.274639537942032,0.369330890827875,0.709));
#11245=CARTESIAN_POINT('',(0.255300499157114,0.368085223762648,0.71));
#11246=CARTESIAN_POINT('',(0.255300499157114,0.368085223762648,0.709));
#11247=CARTESIAN_POINT('',(0.218323382341176,0.365703451995346,0.71));
#11248=CARTESIAN_POINT('',(0.218323382341176,0.365703451995346,0.709));
#11249=CARTESIAN_POINT('',(0.189209158165346,0.342943261153017,0.71));
#11250=CARTESIAN_POINT('',(0.189209158165346,0.342943261153017,0.709));
#11251=CARTESIAN_POINT('',(0.175321678501043,0.332086654239174,0.71));
#11252=CARTESIAN_POINT('',(0.175321678501043,0.332086654239174,0.709));
#11253=CARTESIAN_POINT('',(0.274639537942032,0.369330890827875,0.71));
#11254=CARTESIAN_POINT('',(0.255300499157114,0.368085223762648,0.71));
#11255=CARTESIAN_POINT('',(0.235961460372197,0.366839556697421,0.71));
#11256=CARTESIAN_POINT('',(0.21877315223629,0.360019797184398,0.71));
#11257=CARTESIAN_POINT('',(0.203096637829649,0.353799868066861,0.71));
#11258=CARTESIAN_POINT('',(0.189209158165346,0.342943261153017,0.71));
#11259=CARTESIAN_POINT('',(0.175321678501043,0.332086654239174,0.71));
#11260=CARTESIAN_POINT('',(0.27464041201452,0.369330780116621,0.71));
#11261=CARTESIAN_POINT('',(0.175322009337689,0.332086812499935,0.71));
#11262=CARTESIAN_POINT('',(0.274639537942032,0.369330890827875,1.71));
#11263=CARTESIAN_POINT('',(0.274638657388124,0.36933078158098,0.709));
#11264=CARTESIAN_POINT('',(0.175321678501043,0.332086654239174,0.709));
#11265=CARTESIAN_POINT('',(0.189209158165346,0.342943261153017,0.709));
#11266=CARTESIAN_POINT('',(0.203096637829649,0.353799868066861,0.709));
#11267=CARTESIAN_POINT('',(0.21877315223629,0.360019797184398,0.709));
#11268=CARTESIAN_POINT('',(0.235961460372197,0.366839556697421,0.709));
#11269=CARTESIAN_POINT('',(0.255300499157114,0.368085223762648,0.709));
#11270=CARTESIAN_POINT('',(0.274639537942032,0.369330890827875,0.709));
#11271=CARTESIAN_POINT('',(0.175321716303638,0.332086472240334,0.709));
#11272=CARTESIAN_POINT('',(0.175321678501043,0.332086654239174,1.71));
#11273=CARTESIAN_POINT('',(0.369898805097478,0.33423535216322,0.71));
#11274=CARTESIAN_POINT('',(0.369898805097478,0.33423535216322,0.709));
#11275=CARTESIAN_POINT('',(0.356423232581971,0.344466761679082,0.71));
#11276=CARTESIAN_POINT('',(0.356423232581971,0.344466761679082,0.709));
#11277=CARTESIAN_POINT('',(0.328313802276242,0.365809015775118,0.71));
#11278=CARTESIAN_POINT('',(0.328313802276242,0.365809015775118,0.709));
#11279=CARTESIAN_POINT('',(0.293015792700402,0.36812511979404,0.71));
#11280=CARTESIAN_POINT('',(0.293015792700402,0.36812511979404,0.709));
#11281=CARTESIAN_POINT('',(0.274639537942032,0.369330890827875,0.71));
#11282=CARTESIAN_POINT('',(0.274639537942032,0.369330890827875,0.709));
#11283=CARTESIAN_POINT('',(0.369898805097478,0.33423535216322,0.71));
#11284=CARTESIAN_POINT('',(0.356423232581971,0.344466761679082,0.71));
#11285=CARTESIAN_POINT('',(0.342947660066465,0.354698171194944,0.71));
#11286=CARTESIAN_POINT('',(0.327819998589828,0.360556965297647,0.71));
#11287=CARTESIAN_POINT('',(0.311392047458773,0.366919348760205,0.71));
#11288=CARTESIAN_POINT('',(0.293015792700402,0.36812511979404,0.71));
#11289=CARTESIAN_POINT('',(0.274639537942032,0.369330890827875,0.71));
#11290=CARTESIAN_POINT('',(0.369899057108988,0.33423495155939,0.71));
#11291=CARTESIAN_POINT('',(0.369898805097478,0.33423535216322,1.71));
#11292=CARTESIAN_POINT('',(0.369898395010127,0.334235573324998,0.709));
#11293=CARTESIAN_POINT('',(0.274639537942032,0.369330890827875,0.709));
#11294=CARTESIAN_POINT('',(0.293015792700402,0.36812511979404,0.709));
#11295=CARTESIAN_POINT('',(0.311392047458773,0.366919348760205,0.709));
#11296=CARTESIAN_POINT('',(0.327819998589828,0.360556965297647,0.709));
#11297=CARTESIAN_POINT('',(0.342947660066465,0.354698171194944,0.709));
#11298=CARTESIAN_POINT('',(0.356423232581971,0.344466761679082,0.709));
#11299=CARTESIAN_POINT('',(0.369898805097478,0.33423535216322,0.709));
#11300=CARTESIAN_POINT('',(0.40642681065912,0.248048544611675,0.71));
#11301=CARTESIAN_POINT('',(0.40642681065912,0.248048544611675,0.709));
#11302=CARTESIAN_POINT('',(0.404919582612345,0.264398285138289,0.71));
#11303=CARTESIAN_POINT('',(0.404919582612345,0.264398285138289,0.709));
#11304=CARTESIAN_POINT('',(0.40191240917973,0.297018767119765,0.71));
#11305=CARTESIAN_POINT('',(0.40191240917973,0.297018767119765,0.709));
#11306=CARTESIAN_POINT('',(0.380552763792925,0.321849868828703,0.71));
#11307=CARTESIAN_POINT('',(0.380552763792925,0.321849868828703,0.709));
#11308=CARTESIAN_POINT('',(0.369898805097478,0.33423535216322,0.71));
#11309=CARTESIAN_POINT('',(0.369898805097478,0.33423535216322,0.709));
#11310=CARTESIAN_POINT('',(0.40642681065912,0.248048544611675,0.71));
#11311=CARTESIAN_POINT('',(0.404919582612345,0.264398285138289,0.71));
#11312=CARTESIAN_POINT('',(0.403412354565571,0.280748025664904,0.71));
#11313=CARTESIAN_POINT('',(0.397294758953745,0.295140977686406,0.71));
#11314=CARTESIAN_POINT('',(0.391206722488372,0.309464385494185,0.71));
#11315=CARTESIAN_POINT('',(0.380552763792925,0.321849868828703,0.71));
#11316=CARTESIAN_POINT('',(0.369898805097478,0.33423535216322,0.71));
#11317=CARTESIAN_POINT('',(0.40642667917149,0.24804815533914,0.71));
#11318=CARTESIAN_POINT('',(0.40642681065912,0.248048544611675,1.71));
#11319=CARTESIAN_POINT('',(0.406426698297613,0.248048980837939,0.709));
#11320=CARTESIAN_POINT('',(0.369898805097478,0.33423535216322,0.709));
#11321=CARTESIAN_POINT('',(0.380552763792925,0.321849868828703,0.709));
#11322=CARTESIAN_POINT('',(0.391206722488372,0.309464385494185,0.709));
#11323=CARTESIAN_POINT('',(0.397294758953745,0.295140977686406,0.709));
#11324=CARTESIAN_POINT('',(0.403412354565571,0.280748025664904,0.709));
#11325=CARTESIAN_POINT('',(0.404919582612345,0.264398285138289,0.709));
#11326=CARTESIAN_POINT('',(0.40642681065912,0.248048544611675,0.709));
#11327=CARTESIAN_POINT('',(0.366317705955417,0.144672016343912,0.71));
#11328=CARTESIAN_POINT('',(0.366317705955417,0.144672016343912,0.709));
#11329=CARTESIAN_POINT('',(0.377987640582184,0.161788052173783,0.71));
#11330=CARTESIAN_POINT('',(0.377987640582184,0.161788052173783,0.709));
#11331=CARTESIAN_POINT('',(0.399434500024301,0.193243688078331,0.71));
#11332=CARTESIAN_POINT('',(0.399434500024301,0.193243688078331,0.709));
#11333=CARTESIAN_POINT('',(0.404237348459455,0.230887813630952,0.71));
#11334=CARTESIAN_POINT('',(0.404237348459455,0.230887813630952,0.709));
#11335=CARTESIAN_POINT('',(0.40642681065912,0.248048544611675,0.71));
#11336=CARTESIAN_POINT('',(0.40642681065912,0.248048544611675,0.709));
#11337=CARTESIAN_POINT('',(0.366317705955417,0.144672016343912,0.71));
#11338=CARTESIAN_POINT('',(0.377987640582184,0.161788052173783,0.71));
#11339=CARTESIAN_POINT('',(0.389657575208951,0.178904088003654,0.71));
#11340=CARTESIAN_POINT('',(0.396399546934875,0.19785241338111,0.71));
#11341=CARTESIAN_POINT('',(0.402047886259791,0.213727082650229,0.71));
#11342=CARTESIAN_POINT('',(0.404237348459455,0.230887813630952,0.71));
#11343=CARTESIAN_POINT('',(0.40642681065912,0.248048544611675,0.71));
#11344=CARTESIAN_POINT('',(0.366317705955417,0.144672016343912,0.71));
#11345=CARTESIAN_POINT('',(0.366317705955417,0.144672016343912,1.71));
#11346=CARTESIAN_POINT('',(0.366317705955417,0.144672016343912,0.709));
#11347=CARTESIAN_POINT('',(0.40642681065912,0.248048544611675,0.709));
#11348=CARTESIAN_POINT('',(0.404237348459455,0.230887813630952,0.709));
#11349=CARTESIAN_POINT('',(0.402047886259791,0.213727082650229,0.709));
#11350=CARTESIAN_POINT('',(0.396399546934875,0.19785241338111,0.709));
#11351=CARTESIAN_POINT('',(0.389657575208951,0.178904088003654,0.709));
#11352=CARTESIAN_POINT('',(0.377987640582184,0.161788052173783,0.709));
#11353=CARTESIAN_POINT('',(0.366317705955417,0.144672016343912,0.709));
#11354=CARTESIAN_POINT('',(0.299372618730359,0.0720631820148185,0.71));
#11355=CARTESIAN_POINT('',(0.299372618730359,0.0720631820148185,0.709));
#11356=CARTESIAN_POINT('',(0.302174016666521,0.0747748506246479,0.71));
#11357=CARTESIAN_POINT('',(0.302174016666521,0.0747748506246479,0.709));
#11358=CARTESIAN_POINT('',(0.325606135655252,0.0978399712363655,0.71));
#11359=CARTESIAN_POINT('',(0.325606135655252,0.0978399712363655,0.709));
#11360=CARTESIAN_POINT('',(0.347244844680692,0.122731789205479,0.71));
#11361=CARTESIAN_POINT('',(0.347244844680692,0.122731789205479,0.709));
#11362=CARTESIAN_POINT('',(0.366317705955417,0.144672016343912,0.71));
#11363=CARTESIAN_POINT('',(0.366317705955417,0.144672016343912,0.709));
#11364=CARTESIAN_POINT('',(0.299795161755366,0.0724725366628268,0.71));
#11365=CARTESIAN_POINT('',(0.323297056480723,0.0952601719582652,0.71));
#11366=CARTESIAN_POINT('',(0.344841005056284,0.119966562394242,0.71));
#11367=CARTESIAN_POINT('',(0.366317705955417,0.144672016343912,0.71));
#11368=CARTESIAN_POINT('',(0.299795161755366,0.0724725366628262,0.709428571428572));
#11369=CARTESIAN_POINT('',(0.366317983109462,0.144672335164597,0.709));
#11370=CARTESIAN_POINT('',(0.344841276757206,0.119966874941995,0.709));
#11371=CARTESIAN_POINT('',(0.323297063905397,0.0952601791572912,0.709));
#11372=CARTESIAN_POINT('',(0.299795161755366,0.0724725366628271,0.709));
#11373=CARTESIAN_POINT('',(0.0991137674445365,-0.11015944986686,0.787278232253195));
#11374=CARTESIAN_POINT('',(0.0991137674445365,-0.11015944986686,0.721976193403025));
#11375=CARTESIAN_POINT('',(0.099289111865119,-0.109970100523414,0.787278232253195));
#11376=CARTESIAN_POINT('',(0.099289111865119,-0.109970100523414,0.721976193403025));
#11377=CARTESIAN_POINT('',(0.0994644562857015,-0.109780751179968,0.787278232253195));
#11378=CARTESIAN_POINT('',(0.0994644562857015,-0.109780751179968,0.721976193403025));
#11379=CARTESIAN_POINT('',(0.0996398007062839,-0.109591401836522,0.787278232253195));
#11380=CARTESIAN_POINT('',(0.0996398007062839,-0.109591401836522,0.721976193403025));
#11381=CARTESIAN_POINT('',(0.115191423659429,-0.0927976562134009,0.787278232253195));
#11382=CARTESIAN_POINT('',(0.115191423659429,-0.0927976562134009,0.721976193403025));
#11383=CARTESIAN_POINT('',(0.150260307775921,-0.054927787524231,0.787278232253195));
#11384=CARTESIAN_POINT('',(0.150260307775921,-0.054927787524231,0.721976193403025));
#11385=CARTESIAN_POINT('',(0.189981865091339,-0.0219449482478967,0.787278232253195));
#11386=CARTESIAN_POINT('',(0.189981865091339,-0.0219449482478967,0.721976193403025));
#11387=CARTESIAN_POINT('',(0.212088528233645,-0.00358865593113739,0.787278232253195));
#11388=CARTESIAN_POINT('',(0.212088528233645,-0.00358865593113739,0.721976193403025));
#11389=CARTESIAN_POINT('',(0.0996397975314117,-0.109591405264975,0.787201202972468));
#11390=CARTESIAN_POINT('',(0.10501738777364,-0.10378430186069,0.782360572750135));
#11391=CARTESIAN_POINT('',(0.110729146564183,-0.0976104598018704,0.777503680900828));
#11392=CARTESIAN_POINT('',(0.116843741235742,-0.0911103237330968,0.772698849543792));
#11393=CARTESIAN_POINT('',(0.122410537367253,-0.0851925263539435,0.768324476744345));
#11394=CARTESIAN_POINT('',(0.128311037940281,-0.0790040856706306,0.763993254218808));
#11395=CARTESIAN_POINT('',(0.13462638134194,-0.0726063203996579,0.759756737378819));
#11396=CARTESIAN_POINT('',(0.13864289345083,-0.0685373885860776,0.757062343724332));
#11397=CARTESIAN_POINT('',(0.142827786560698,-0.0643843997161109,0.75440625725776));
#11398=CARTESIAN_POINT('',(0.147209646385525,-0.0601712293787906,0.751801740637649));
#11399=CARTESIAN_POINT('',(0.149141275742202,-0.0583139624114316,0.750653606976491));
#11400=CARTESIAN_POINT('',(0.151111304746295,-0.0564451307875607,0.749515494670906));
#11401=CARTESIAN_POINT('',(0.15311975099726,-0.0545642261629535,0.748388539846999));
#11402=CARTESIAN_POINT('',(0.164305753169211,-0.0440885645882494,0.742111986963463));
#11403=CARTESIAN_POINT('',(0.176014720785853,-0.0338696183011407,0.736577275932396));
#11404=CARTESIAN_POINT('',(0.188038941979919,-0.0236886213529432,0.731805484797879));
#11405=CARTESIAN_POINT('',(0.195942460272151,-0.0169966540051575,0.728668987397366));
#11406=CARTESIAN_POINT('',(0.203981483754568,-0.0103203493271486,0.725862104227239));
#11407=CARTESIAN_POINT('',(0.212088528233645,-0.00358865593113739,0.723390821068537));
#11408=CARTESIAN_POINT('',(0.0997937592673054,-0.109398553364789,0.786462433416961));
#11409=CARTESIAN_POINT('',(0.212088526437304,-0.00358865740393039,0.723390821613709));
#11410=CARTESIAN_POINT('',(0.212088528233645,-0.0035886559311374,0.722363359641267));
#11411=CARTESIAN_POINT('',(0.17009113788455,-0.0384612356970863,0.735138516019931));
#11412=CARTESIAN_POINT('',(0.132149107304797,-0.0744855465155042,0.756834836639037));
#11413=CARTESIAN_POINT('',(0.0996277542447015,-0.109604410460258,0.786029888361111));
#11414=CARTESIAN_POINT('',(0.212088528233645,-0.00358865593113739,0.722363359641267));
#11415=CARTESIAN_POINT('',(0.212088528233645,-0.00358865593113739,1.71));
#11416=CARTESIAN_POINT('',(0.0881077237151472,-0.124176221466837,0.798476313351582));
#11417=CARTESIAN_POINT('',(0.0881077237151472,-0.124176221466837,0.785952686057118));
#11418=CARTESIAN_POINT('',(0.0919015267838641,-0.119284361540282,0.798476313351582));
#11419=CARTESIAN_POINT('',(0.0919015267838641,-0.119284361540282,0.785952686057118));
#11420=CARTESIAN_POINT('',(0.095770663745074,-0.114437881688402,0.798476313351582));
#11421=CARTESIAN_POINT('',(0.095770663745074,-0.114437881688402,0.785952686057118));
#11422=CARTESIAN_POINT('',(0.0996398007062839,-0.109591401836522,0.798476313351582));
#11423=CARTESIAN_POINT('',(0.0996398007062839,-0.109591401836522,0.785952686057118));
#11424=CARTESIAN_POINT('',(0.0997552258355235,-0.109446820352623,0.798476313351582));
#11425=CARTESIAN_POINT('',(0.0997552258355235,-0.109446820352623,0.785952686057118));
#11426=CARTESIAN_POINT('',(0.0998706509647631,-0.109302238868724,0.798476313351582));
#11427=CARTESIAN_POINT('',(0.0998706509647631,-0.109302238868724,0.785952686057118));
#11428=CARTESIAN_POINT('',(0.0999860760940027,-0.109157657384825,0.798476313351582));
#11429=CARTESIAN_POINT('',(0.0999860760940028,-0.109157657384825,0.785952686057118));
#11430=CARTESIAN_POINT('',(0.088213504894466,-0.124039555699802,0.798725114876065));
#11431=CARTESIAN_POINT('',(0.088316359781192,-0.123907206703178,0.79861600660246));
#11432=CARTESIAN_POINT('',(0.0884192146679181,-0.123774857706554,0.798506898328854));
#11433=CARTESIAN_POINT('',(0.0885220695546441,-0.12364250870993,0.798397790055249));
#11434=CARTESIAN_POINT('',(0.0931794521615061,-0.117649600307292,0.793457247199873));
#11435=CARTESIAN_POINT('',(0.0969540453367384,-0.112955578244873,0.789777651365927));
#11436=CARTESIAN_POINT('',(0.0996398007062839,-0.109591401836522,0.787201200114611));
#11437=CARTESIAN_POINT('',(0.0997468694975303,-0.109457287499205,0.78709848877898));
#11438=CARTESIAN_POINT('',(0.0998539382887768,-0.109323173161888,0.786995777443349));
#11439=CARTESIAN_POINT('',(0.0999610070800232,-0.109189058824571,0.786893066107718));
#11440=CARTESIAN_POINT('',(0.0996398007062839,-0.109591401836522,0.786019074503905));
#11441=CARTESIAN_POINT('',(0.0963194351147352,-0.113750490827594,0.789195427853562));
#11442=CARTESIAN_POINT('',(0.0925059891496554,-0.118506254898031,0.792953176344161));
#11443=CARTESIAN_POINT('',(0.0881531045831786,-0.124117712604898,0.797574585635357));
#11444=CARTESIAN_POINT('',(0.0330274569236347,-0.262541239242485,0.85540951071794));
#11445=CARTESIAN_POINT('',(0.0330274569236347,-0.262541239242485,0.840296437560947));
#11446=CARTESIAN_POINT('',(0.0330283210058336,-0.26249023976182,0.85540951071794));
#11447=CARTESIAN_POINT('',(0.0330283210058336,-0.26249023976182,0.840296437560947));
#11448=CARTESIAN_POINT('',(0.0330291850880325,-0.262439240281156,0.85540951071794));
#11449=CARTESIAN_POINT('',(0.0330291850880325,-0.262439240281156,0.840296437560947));
#11450=CARTESIAN_POINT('',(0.0330300491702314,-0.262388240800491,0.85540951071794));
#11451=CARTESIAN_POINT('',(0.0330300491702314,-0.262388240800491,0.840296437560947));
#11452=CARTESIAN_POINT('',(0.0332033980479339,-0.252156919350042,0.85540951071794));
#11453=CARTESIAN_POINT('',(0.0332033980479339,-0.252156919350042,0.840296437560947));
#11454=CARTESIAN_POINT('',(0.0335490309274973,-0.231757127084173,0.85540951071794));
#11455=CARTESIAN_POINT('',(0.0335490309274973,-0.231757127084173,0.840296437560947));
#11456=CARTESIAN_POINT('',(0.0398943491918675,-0.212367183610024,0.85540951071794));
#11457=CARTESIAN_POINT('',(0.0398943491918675,-0.212367183610024,0.840296437560947));
#11458=CARTESIAN_POINT('',(0.043057233536222,-0.202702081546245,0.85540951071794));
#11459=CARTESIAN_POINT('',(0.043057233536222,-0.202702081546245,0.840296437560947));
#11460=CARTESIAN_POINT('',(0.0431262005669683,-0.202491332964056,0.85540951071794));
#11461=CARTESIAN_POINT('',(0.0431262005669683,-0.202491332964056,0.840296437560947));
#11462=CARTESIAN_POINT('',(0.0431951675977147,-0.202280584381868,0.85540951071794));
#11463=CARTESIAN_POINT('',(0.0431951675977147,-0.202280584381868,0.840296437560947));
#11464=CARTESIAN_POINT('',(0.043264134628461,-0.202069835799679,0.85540951071794));
#11465=CARTESIAN_POINT('',(0.043264134628461,-0.202069835799679,0.840296437560947));
#11466=CARTESIAN_POINT('',(0.0330300491702314,-0.262388240800491,1.71));
#11467=CARTESIAN_POINT('',(0.0330300491702241,-0.262388240800491,0.85404929601267));
#11468=CARTESIAN_POINT('',(0.0430379271684847,-0.202761077741617,0.8403851836555));
#11469=CARTESIAN_POINT('',(0.0368488803025505,-0.221673527982774,0.846498713457107));
#11470=CARTESIAN_POINT('',(0.0333786740807857,-0.241811854193382,0.850873883618053));
#11471=CARTESIAN_POINT('',(0.0330300491702314,-0.262388240800491,0.854049296012668));
#11472=CARTESIAN_POINT('',(-0.17611057940602,-0.26238834773863,1.71));
#11473=CARTESIAN_POINT('',(0.516034896151404,-0.262387993829637,1.21));
#11474=CARTESIAN_POINT('',(0.495717660750066,-0.26238800421828,0.710291396388843));
#11475=CARTESIAN_POINT('',(0.495717660750066,-0.26238800421828,1.71));
#11476=CARTESIAN_POINT('',(0.495717660750066,-0.26238800421828,0.709290814421173));
#11477=CARTESIAN_POINT('',(0.516034896151404,-0.262387993829637,1.21));
#11478=CARTESIAN_POINT('',(0.177420639726336,-0.262402124835985,0.79753659929869));
#11479=CARTESIAN_POINT('',(-0.0957541692176141,-0.262388306650655,0.463766733611464));
#11480=CARTESIAN_POINT('',(-0.431547862207387,0.257608882971495,0.463766733611464));
#11481=CARTESIAN_POINT('',(0.177398699756006,-0.262416292804214,0.797498613151689));
#11482=CARTESIAN_POINT('',(0.147599980734289,-0.216271143359417,0.797498613151689));
#11483=CARTESIAN_POINT('',(0.117801261712571,-0.170125993914621,0.797498613151689));
#11484=CARTESIAN_POINT('',(0.0880025426908539,-0.123980844469825,0.797498613151689));
#11485=CARTESIAN_POINT('',(0.,0.,0.709));
#11486=CARTESIAN_POINT('',(0.0762012780623526,-0.179782439555104,0.709));
#11487=CARTESIAN_POINT('',(-0.538415722548798,1.37049365274775,0.709));
#11488=CARTESIAN_POINT('',(-0.538415722548798,1.37049365274775,1.21));
#11489=CARTESIAN_POINT('',(0.288009518722536,-0.0451302232989142,0.714450221674048));
#11490=CARTESIAN_POINT('',(0.290512701016962,-0.0430091801743793,0.713966365739178));
#11491=CARTESIAN_POINT('',(0.293019559134458,-0.0408850252169203,0.713514551642004));
#11492=CARTESIAN_POINT('',(0.311878644231073,-0.0248890009931293,0.710360117443476));
#11493=CARTESIAN_POINT('',(0.328264568440511,-0.0109020563128346,0.709));
#11494=CARTESIAN_POINT('',(0.344329910191411,0.00350773919720299,0.709));
#11495=CARTESIAN_POINT('',(-0.538415722548798,1.37049365274775,0.709));
#11496=CARTESIAN_POINT('',(0.299795161755366,0.0724725366628261,0.709));
#11497=CARTESIAN_POINT('',(0.297434875040448,0.0701839827619277,0.709));
#11498=CARTESIAN_POINT('',(0.295024790793651,0.0678797019067436,0.709031109356922));
#11499=CARTESIAN_POINT('',(0.266547805935391,0.0410198178319999,0.709786134096498));
#11500=CARTESIAN_POINT('',(0.239091030896535,0.0185502955850956,0.714185624146248));
#11501=CARTESIAN_POINT('',(0.212088528233646,-0.00358865593113672,0.722363359641267));
#11502=CARTESIAN_POINT('',(0.495717644662626,-0.230925480102999,1.21));
#11503=CARTESIAN_POINT('',(-0.538415722548798,1.37049365274775,1.21));
#11504=CARTESIAN_POINT('',(0.104917879086167,0.374223200020842,0.709000000243548));
#11505=CARTESIAN_POINT('',(0.0914830437320044,0.357807002897266,0.709000629837124));
#11506=CARTESIAN_POINT('',(0.0798601857768468,0.338621635222886,0.710223399197961));
#11507=CARTESIAN_POINT('',(0.0701722944474234,0.316746518593558,0.712652302183572));
#11508=CARTESIAN_POINT('',(0.0702213433390937,0.31677211245135,0.713149286199774));
#11509=CARTESIAN_POINT('',(0.104941032209669,0.37420632881486,0.709500000081101));
#11510=CARTESIAN_POINT('',(0.0701631207950417,0.316719495958735,0.712655018184561));
#11511=CARTESIAN_POINT('',(0.0608819032302231,0.293448305933993,0.715135325750444));
#11512=CARTESIAN_POINT('',(0.0538353760563318,0.267179336506141,0.718862954549519));
#11513=CARTESIAN_POINT('',(0.0491451126532245,0.237991094972922,0.723774616460547));
#11514=CARTESIAN_POINT('',(-0.538415722548798,1.37049365274775,0.709));
#11515=CARTESIAN_POINT('',(0.,0.,0.709));
#11516=CARTESIAN_POINT('',(0.117545377272359,0.388669090464766,0.709));
#11517=CARTESIAN_POINT('',(0.113319994198447,0.383856885854771,0.709));
#11518=CARTESIAN_POINT('',(0.109094611124536,0.379044681244775,0.709));
#11519=CARTESIAN_POINT('',(0.104957070375505,0.374191306450217,0.709));
#11520=CARTESIAN_POINT('',(0.1530125059467,0.299774508420483,0.709));
#11521=CARTESIAN_POINT('',(0.159209176145465,0.311016525471515,0.709));
#11522=CARTESIAN_POINT('',(0.167265427323254,0.321551589855345,0.709));
#11523=CARTESIAN_POINT('',(0.175321678501043,0.332086654239174,0.709));
#11524=CARTESIAN_POINT('',(0.501208031022229,0.830108661921193,1.71));
#11525=CARTESIAN_POINT('',(0.501208243248034,0.415054459099725,0.71));
#11526=CARTESIAN_POINT('',(0.501208031022229,0.830108661921193,0.71));
#11527=CARTESIAN_POINT('',(0.501207673097739,1.53010866490133,0.71));
#11528=CARTESIAN_POINT('',(0.501208031022229,0.830108661921193,1.71));
#11529=CARTESIAN_POINT('',(0.501208031022229,0.830108661921193,0.709));
#11530=CARTESIAN_POINT('',(0.501208243248034,0.415054459099725,0.709));
#11531=CARTESIAN_POINT('',(0.501207673097739,1.53010866490133,0.709));
#11532=CARTESIAN_POINT('',(0.501207673097739,1.53010866490133,1.71));
#11533=CARTESIAN_POINT('',(0.501207673097739,1.53010866490133,1.71));
#11534=CARTESIAN_POINT('',(0.250603445360063,1.53010853676196,0.71));
#11535=CARTESIAN_POINT('',(0.58715593173611,1.53010870884854,0.71));
#11536=CARTESIAN_POINT('',(0.250603445360063,1.53010853676196,0.709));
#11537=CARTESIAN_POINT('',(0.58715593173611,1.53010870884854,0.709));
#11538=CARTESIAN_POINT('',(0.58715593173611,1.53010870884854,1.71));
#11539=CARTESIAN_POINT('',(0.58715593173611,1.53010870884854,1.71));
#11540=CARTESIAN_POINT('',(0.58715632292416,0.765054504536962,0.71));
#11541=CARTESIAN_POINT('',(0.5871562896606,0.830108705868402,0.71));
#11542=CARTESIAN_POINT('',(0.58715632292416,0.765054504536962,0.709));
#11543=CARTESIAN_POINT('',(0.5871562896606,0.830108705868402,0.709));
#11544=CARTESIAN_POINT('',(0.5871562896606,0.830108705868402,1.71));
#11545=CARTESIAN_POINT('',(0.5871562896606,0.830108705868402,1.71));
#11546=CARTESIAN_POINT('',(0.293577932604085,0.830108555755421,0.71));
#11547=CARTESIAN_POINT('',(0.293577932604085,0.830108555755421,0.709));
#11548=CARTESIAN_POINT('',(0.,0.,0.709));
#11549=CARTESIAN_POINT('',(-0.274235339783718,0.938259701272245,0.710164472766751));
#11550=CARTESIAN_POINT('',(-0.274235339783718,0.938259701272245,0.708992967489541));
#11551=CARTESIAN_POINT('',(-0.271811464483546,0.942281144196133,0.710164472766751));
#11552=CARTESIAN_POINT('',(-0.271811464483546,0.942281144196133,0.708992967489541));
#11553=CARTESIAN_POINT('',(-0.269387589183375,0.946302587120022,0.710164472766751));
#11554=CARTESIAN_POINT('',(-0.269387589183375,0.946302587120022,0.708992967489541));
#11555=CARTESIAN_POINT('',(-0.267005701871293,0.950336748295577,0.710164472766751));
#11556=CARTESIAN_POINT('',(-0.267005701871293,0.950336748295577,0.708992967489541));
#11557=CARTESIAN_POINT('',(-0.274235339783737,0.938259701272215,0.710157527083289));
#11558=CARTESIAN_POINT('',(-0.271808215221971,0.942286535034502,0.710051485562087));
#11559=CARTESIAN_POINT('',(-0.269406126072856,0.946272187329959,0.709999743098312));
#11560=CARTESIAN_POINT('',(-0.267048331932562,0.950264555432662,0.71));
#11561=CARTESIAN_POINT('',(-0.274235339783724,0.938259701272235,0.710157527083288));
#11562=CARTESIAN_POINT('',(-0.267048336009937,0.950264552825333,0.7095));
#11563=CARTESIAN_POINT('',(-0.274235339783718,0.938259701272245,1.71));
#11564=CARTESIAN_POINT('',(-0.274235339783718,0.938259701272245,0.709157212559177));
#11565=CARTESIAN_POINT('',(-0.266743222148981,0.950781186866693,0.709000022473298));
#11566=CARTESIAN_POINT('',(-0.266844925407466,0.950608976393268,0.709000014982198));
#11567=CARTESIAN_POINT('',(-0.266946628665952,0.950436765919843,0.709000007491099));
#11568=CARTESIAN_POINT('',(-0.267048331924438,0.950264555446418,0.708999999999999));
#11569=CARTESIAN_POINT('',(-0.269393726886358,0.946293182426769,0.70899982724656));
#11570=CARTESIAN_POINT('',(-0.271797238490061,0.94230474649153,0.709050865555367));
#11571=CARTESIAN_POINT('',(-0.274235339783737,0.938259701272215,0.709157212559177));
#11572=CARTESIAN_POINT('',(-0.233171315894311,1.08413285163702,0.71));
#11573=CARTESIAN_POINT('',(-0.233171315894311,1.08413285163702,0.709));
#11574=CARTESIAN_POINT('',(-0.233785967270878,1.11368230440546,0.71));
#11575=CARTESIAN_POINT('',(-0.233785967270878,1.11368230440546,0.709));
#11576=CARTESIAN_POINT('',(-0.234875645478724,1.16606873997379,0.71));
#11577=CARTESIAN_POINT('',(-0.234875645478724,1.16606873997379,0.709));
#11578=CARTESIAN_POINT('',(-0.261122413757511,1.21109415315405,0.71));
#11579=CARTESIAN_POINT('',(-0.261122413757511,1.21109415315405,0.709));
#11580=CARTESIAN_POINT('',(-0.272564249592163,1.23072222242809,0.71));
#11581=CARTESIAN_POINT('',(-0.272564249592163,1.23072222242809,0.709));
#11582=CARTESIAN_POINT('',(-0.233171315894311,1.08413285163702,0.71));
#11583=CARTESIAN_POINT('',(-0.233785967270878,1.11368230440546,0.71));
#11584=CARTESIAN_POINT('',(-0.234400618647446,1.1432317571739,0.71));
#11585=CARTESIAN_POINT('',(-0.243019537457519,1.17043914289039,0.71));
#11586=CARTESIAN_POINT('',(-0.249680577922861,1.19146608388,0.71));
#11587=CARTESIAN_POINT('',(-0.261122413757511,1.21109415315405,0.71));
#11588=CARTESIAN_POINT('',(-0.272564249592163,1.23072222242809,0.71));
#11589=CARTESIAN_POINT('',(-0.233171315894311,1.08413285163702,0.71));
#11590=CARTESIAN_POINT('',(-0.272564146304854,1.23072187950209,0.71));
#11591=CARTESIAN_POINT('',(-0.233171315894311,1.08413285163702,1.71));
#11592=CARTESIAN_POINT('',(-0.233171315894311,1.08413285163702,0.709));
#11593=CARTESIAN_POINT('',(-0.272564249592163,1.23072222242809,0.709));
#11594=CARTESIAN_POINT('',(-0.261122413757511,1.21109415315405,0.709));
#11595=CARTESIAN_POINT('',(-0.249680577922861,1.19146608388,0.709));
#11596=CARTESIAN_POINT('',(-0.243019537457519,1.17043914289039,0.709));
#11597=CARTESIAN_POINT('',(-0.234400618647446,1.1432317571739,0.709));
#11598=CARTESIAN_POINT('',(-0.233785967270878,1.11368230440546,0.709));
#11599=CARTESIAN_POINT('',(-0.233171315894311,1.08413285163702,0.709));
#11600=CARTESIAN_POINT('',(-0.2725645713166,1.23072244339284,0.709));
#11601=CARTESIAN_POINT('',(-0.272564249592163,1.23072222242809,1.71));
#11602=CARTESIAN_POINT('',(-0.272564249592163,1.23072222242809,0.71));
#11603=CARTESIAN_POINT('',(-0.272564249592163,1.23072222242809,0.709666666666667));
#11604=CARTESIAN_POINT('',(-0.272564249592163,1.23072222242809,0.709333333333333));
#11605=CARTESIAN_POINT('',(-0.272564249592163,1.23072222242809,0.709));
#11606=CARTESIAN_POINT('',(-0.299079168666256,1.2577080227933,0.71));
#11607=CARTESIAN_POINT('',(-0.299079168666256,1.2577080227933,0.709666666666667));
#11608=CARTESIAN_POINT('',(-0.299079168666256,1.2577080227933,0.709333333333333));
#11609=CARTESIAN_POINT('',(-0.299079168666256,1.2577080227933,0.709));
#11610=CARTESIAN_POINT('',(-0.331027561370706,1.27356287664356,0.71));
#11611=CARTESIAN_POINT('',(-0.331027561370706,1.27356287664356,0.709666666666667));
#11612=CARTESIAN_POINT('',(-0.331027561370706,1.27356287664356,0.709333333333333));
#11613=CARTESIAN_POINT('',(-0.331027561370706,1.27356287664356,0.709));
#11614=CARTESIAN_POINT('',(-0.368512047960478,1.2780765574006,0.71));
#11615=CARTESIAN_POINT('',(-0.368512047960478,1.2780765574006,0.709666666666667));
#11616=CARTESIAN_POINT('',(-0.368512047960478,1.2780765574006,0.709333333333333));
#11617=CARTESIAN_POINT('',(-0.368512047960478,1.2780765574006,0.709));
#11618=CARTESIAN_POINT('',(-0.272564249592163,1.23072222242809,0.71));
#11619=CARTESIAN_POINT('',(-0.286108076958073,1.24450657607654,0.71));
#11620=CARTESIAN_POINT('',(-0.299651904323984,1.25829092972498,0.71));
#11621=CARTESIAN_POINT('',(-0.316075509394743,1.26617580657676,0.71));
#11622=CARTESIAN_POINT('',(-0.331607736903866,1.2736327382684,0.71));
#11623=CARTESIAN_POINT('',(-0.349715629938629,1.27581319359213,0.71));
#11624=CARTESIAN_POINT('',(-0.367823522973392,1.27799364891585,0.71));
#11625=CARTESIAN_POINT('',(-0.368196072755999,1.2780385093618,0.71));
#11626=CARTESIAN_POINT('',(-0.368568622538607,1.27808336980776,0.71));
#11627=CARTESIAN_POINT('',(-0.368941172321214,1.27812823025371,0.71));
#11628=CARTESIAN_POINT('',(-0.367836140093382,1.2780390735792,0.7095));
#11629=CARTESIAN_POINT('',(-0.368941172321214,1.27812823025371,0.709));
#11630=CARTESIAN_POINT('',(-0.368568622538607,1.27808336980776,0.709));
#11631=CARTESIAN_POINT('',(-0.368196072755999,1.2780385093618,0.709));
#11632=CARTESIAN_POINT('',(-0.367823522973392,1.27799364891585,0.709));
#11633=CARTESIAN_POINT('',(-0.349715629938629,1.27581319359213,0.709));
#11634=CARTESIAN_POINT('',(-0.331607736903866,1.2736327382684,0.709));
#11635=CARTESIAN_POINT('',(-0.316075509394743,1.26617580657676,0.709));
#11636=CARTESIAN_POINT('',(-0.299651904323984,1.25829092972498,0.709));
#11637=CARTESIAN_POINT('',(-0.286108076958073,1.24450657607654,0.709));
#11638=CARTESIAN_POINT('',(-0.272564249592163,1.23072222242809,0.709));
#11639=CARTESIAN_POINT('',(-0.360183733763572,1.34866214901375,0.71));
#11640=CARTESIAN_POINT('',(-0.360183733763572,1.34866214901375,0.709));
#11641=CARTESIAN_POINT('',(-0.344832107495672,1.34789316325648,0.71));
#11642=CARTESIAN_POINT('',(-0.344832107495672,1.34789316325648,0.709));
#11643=CARTESIAN_POINT('',(-0.314291498884244,1.34636333881764,0.71));
#11644=CARTESIAN_POINT('',(-0.314291498884244,1.34636333881764,0.709));
#11645=CARTESIAN_POINT('',(-0.285786137446479,1.33530237626157,0.71));
#11646=CARTESIAN_POINT('',(-0.285786137446479,1.33530237626157,0.709));
#11647=CARTESIAN_POINT('',(-0.271609359338262,1.32980134754586,0.71));
#11648=CARTESIAN_POINT('',(-0.271609359338262,1.32980134754586,0.709));
#11649=CARTESIAN_POINT('',(-0.360183733763572,1.34866214901375,0.71));
#11650=CARTESIAN_POINT('',(-0.344832107495672,1.34789316325648,0.71));
#11651=CARTESIAN_POINT('',(-0.329480481227773,1.34712417749921,0.71));
#11652=CARTESIAN_POINT('',(-0.314643100535179,1.34394696061019,0.71));
#11653=CARTESIAN_POINT('',(-0.299962915554696,1.34080340497727,0.71));
#11654=CARTESIAN_POINT('',(-0.285786137446479,1.33530237626157,0.71));
#11655=CARTESIAN_POINT('',(-0.271609359338262,1.32980134754586,0.71));
#11656=CARTESIAN_POINT('',(-0.360184421894708,1.34866201660763,0.71));
#11657=CARTESIAN_POINT('',(-0.271610256602655,1.32980162354055,0.71));
#11658=CARTESIAN_POINT('',(-0.360183733763572,1.34866214901375,1.71));
#11659=CARTESIAN_POINT('',(-0.360183210771259,1.3486620385244,0.709));
#11660=CARTESIAN_POINT('',(-0.271609359338262,1.32980134754586,0.709));
#11661=CARTESIAN_POINT('',(-0.285786137446479,1.33530237626157,0.709));
#11662=CARTESIAN_POINT('',(-0.299962915554696,1.34080340497727,0.709));
#11663=CARTESIAN_POINT('',(-0.314643100535179,1.34394696061019,0.709));
#11664=CARTESIAN_POINT('',(-0.329480481227773,1.34712417749921,0.709));
#11665=CARTESIAN_POINT('',(-0.344832107495672,1.34789316325648,0.709));
#11666=CARTESIAN_POINT('',(-0.360183733763572,1.34866214901375,0.709));
#11667=CARTESIAN_POINT('',(-0.271608519366852,1.32980084283673,0.709));
#11668=CARTESIAN_POINT('',(-0.271609359338262,1.32980134754586,1.71));
#11669=CARTESIAN_POINT('',(-0.271609359338262,1.32980134754586,0.71));
#11670=CARTESIAN_POINT('',(-0.271609359338262,1.32980134754586,0.709));
#11671=CARTESIAN_POINT('',(-0.258362381455552,1.32295698211891,0.71));
#11672=CARTESIAN_POINT('',(-0.258362381455552,1.32295698211891,0.709));
#11673=CARTESIAN_POINT('',(-0.232223693090511,1.30945180859666,0.71));
#11674=CARTESIAN_POINT('',(-0.232223693090511,1.30945180859666,0.709));
#11675=CARTESIAN_POINT('',(-0.212552613767465,1.28758486790226,0.71));
#11676=CARTESIAN_POINT('',(-0.212552613767465,1.28758486790226,0.709));
#11677=CARTESIAN_POINT('',(-0.202850755129185,1.27680000124676,0.71));
#11678=CARTESIAN_POINT('',(-0.202850755129185,1.27680000124676,0.709));
#11679=CARTESIAN_POINT('',(-0.271609359338262,1.32980134754586,0.71));
#11680=CARTESIAN_POINT('',(-0.258362381455552,1.32295698211891,0.71));
#11681=CARTESIAN_POINT('',(-0.245115403572842,1.31611261669197,0.71));
#11682=CARTESIAN_POINT('',(-0.233529579321855,1.30712059827371,0.71));
#11683=CARTESIAN_POINT('',(-0.222254472405745,1.29836973455776,0.71));
#11684=CARTESIAN_POINT('',(-0.212552613767465,1.28758486790226,0.71));
#11685=CARTESIAN_POINT('',(-0.202850755129185,1.27680000124676,0.71));
#11686=CARTESIAN_POINT('',(-0.202851357438613,1.27680056982857,0.71));
#11687=CARTESIAN_POINT('',(-0.202850755129185,1.27680000124676,0.709));
#11688=CARTESIAN_POINT('',(-0.212552613767465,1.28758486790226,0.709));
#11689=CARTESIAN_POINT('',(-0.222254472405745,1.29836973455776,0.709));
#11690=CARTESIAN_POINT('',(-0.233529579321855,1.30712059827371,0.709));
#11691=CARTESIAN_POINT('',(-0.245115403572842,1.31611261669197,0.709));
#11692=CARTESIAN_POINT('',(-0.258362381455552,1.32295698211891,0.709));
#11693=CARTESIAN_POINT('',(-0.271609359338262,1.32980134754586,0.709));
#11694=CARTESIAN_POINT('',(-0.202850398204988,1.27679935527416,0.709));
#11695=CARTESIAN_POINT('',(-0.202850755129185,1.27680000124676,1.71));
#11696=CARTESIAN_POINT('',(-0.202850755129185,1.27680000124676,0.71));
#11697=CARTESIAN_POINT('',(-0.202850755129185,1.27680000124676,0.709));
#11698=CARTESIAN_POINT('',(-0.194256060036612,1.26454452236928,0.71));
#11699=CARTESIAN_POINT('',(-0.194256060036612,1.26454452236928,0.709));
#11700=CARTESIAN_POINT('',(-0.176377823402492,1.2390513141663,0.71));
#11701=CARTESIAN_POINT('',(-0.176377823402492,1.2390513141663,0.709));
#11702=CARTESIAN_POINT('',(-0.165987969444508,1.20968298077829,0.71));
#11703=CARTESIAN_POINT('',(-0.165987969444508,1.20968298077829,0.709));
#11704=CARTESIAN_POINT('',(-0.160592882512642,1.19443303479126,0.71));
#11705=CARTESIAN_POINT('',(-0.160592882512642,1.19443303479126,0.709));
#11706=CARTESIAN_POINT('',(-0.202850755129185,1.27680000124676,0.71));
#11707=CARTESIAN_POINT('',(-0.194256060036612,1.26454452236928,0.71));
#11708=CARTESIAN_POINT('',(-0.185661364944039,1.2522890434918,0.71));
#11709=CARTESIAN_POINT('',(-0.178797281472712,1.23913799918063,0.71));
#11710=CARTESIAN_POINT('',(-0.171383056376374,1.22493292676532,0.71));
#11711=CARTESIAN_POINT('',(-0.165987969444508,1.20968298077829,0.71));
#11712=CARTESIAN_POINT('',(-0.160592882512642,1.19443303479126,0.71));
#11713=CARTESIAN_POINT('',(-0.160593399487317,1.19443431279707,0.71));
#11714=CARTESIAN_POINT('',(-0.160592882512642,1.19443303479126,0.709));
#11715=CARTESIAN_POINT('',(-0.165987969444508,1.20968298077829,0.709));
#11716=CARTESIAN_POINT('',(-0.171383056376374,1.22493292676532,0.709));
#11717=CARTESIAN_POINT('',(-0.178797281472712,1.23913799918063,0.709));
#11718=CARTESIAN_POINT('',(-0.185661364944039,1.2522890434918,0.709));
#11719=CARTESIAN_POINT('',(-0.194256060036612,1.26454452236928,0.709));
#11720=CARTESIAN_POINT('',(-0.202850755129185,1.27680000124676,0.709));
#11721=CARTESIAN_POINT('',(-0.160592607461404,1.19443175760304,0.709));
#11722=CARTESIAN_POINT('',(-0.160592882512642,1.19443303479126,1.71));
#11723=CARTESIAN_POINT('',(-0.160592882512642,1.19443303479126,0.71));
#11724=CARTESIAN_POINT('',(-0.160592882512642,1.19443303479126,0.709));
#11725=CARTESIAN_POINT('',(-0.156136851462193,1.17789576404752,0.71));
#11726=CARTESIAN_POINT('',(-0.156136851462193,1.17789576404752,0.709));
#11727=CARTESIAN_POINT('',(-0.147035023150328,1.14411696014058,0.71));
#11728=CARTESIAN_POINT('',(-0.147035023150328,1.14411696014058,0.709));
#11729=CARTESIAN_POINT('',(-0.145895049636226,1.10914551793499,0.71));
#11730=CARTESIAN_POINT('',(-0.145895049636226,1.10914551793499,0.709));
#11731=CARTESIAN_POINT('',(-0.145313179087975,1.09129523282087,0.71));
#11732=CARTESIAN_POINT('',(-0.145313179087975,1.09129523282087,0.709));
#11733=CARTESIAN_POINT('',(-0.160592882512642,1.19443303479126,0.71));
#11734=CARTESIAN_POINT('',(-0.156136851462193,1.17789576404752,0.71));
#11735=CARTESIAN_POINT('',(-0.151680820411745,1.16135849330379,0.71));
#11736=CARTESIAN_POINT('',(-0.149133118982801,1.14453536617974,0.71));
#11737=CARTESIAN_POINT('',(-0.146476920184476,1.12699580304911,0.71));
#11738=CARTESIAN_POINT('',(-0.145895049636226,1.10914551793499,0.71));
#11739=CARTESIAN_POINT('',(-0.145313179087975,1.09129523282087,0.71));
#11740=CARTESIAN_POINT('',(-0.145313289264804,1.09129658895587,0.71));
#11741=CARTESIAN_POINT('',(-0.145313179087975,1.09129523282087,0.709));
#11742=CARTESIAN_POINT('',(-0.145895049636226,1.10914551793499,0.709));
#11743=CARTESIAN_POINT('',(-0.146476920184476,1.12699580304911,0.709));
#11744=CARTESIAN_POINT('',(-0.149133118982801,1.14453536617974,0.709));
#11745=CARTESIAN_POINT('',(-0.151680820411745,1.16135849330379,0.709));
#11746=CARTESIAN_POINT('',(-0.156136851462193,1.17789576404752,0.709));
#11747=CARTESIAN_POINT('',(-0.160592882512642,1.19443303479126,0.709));
#11748=CARTESIAN_POINT('',(-0.145313288923732,1.09129348667966,0.709));
#11749=CARTESIAN_POINT('',(-0.145313179087975,1.09129523282087,1.71));
#11750=CARTESIAN_POINT('',(-0.145313179087975,1.09129523282087,0.71));
#11751=CARTESIAN_POINT('',(-0.145313179087975,1.09129523282087,0.709));
#11752=CARTESIAN_POINT('',(-0.146974053666096,1.05152538076273,0.71));
#11753=CARTESIAN_POINT('',(-0.146974053666096,1.05152538076273,0.709));
#11754=CARTESIAN_POINT('',(-0.150038730706684,0.978141301003921,0.71));
#11755=CARTESIAN_POINT('',(-0.150038730706684,0.978141301003921,0.709));
#11756=CARTESIAN_POINT('',(-0.191007877652077,0.917549251812857,0.71));
#11757=CARTESIAN_POINT('',(-0.191007877652077,0.917549251812857,0.709));
#11758=CARTESIAN_POINT('',(-0.20977415827658,0.889794527013515,0.71));
#11759=CARTESIAN_POINT('',(-0.20977415827658,0.889794527013515,0.709));
#11760=CARTESIAN_POINT('',(-0.145313179087975,1.09129523282087,0.71));
#11761=CARTESIAN_POINT('',(-0.146974053666096,1.05152538076273,0.71));
#11762=CARTESIAN_POINT('',(-0.148634928244216,1.01175552870459,0.71));
#11763=CARTESIAN_POINT('',(-0.161428353305692,0.975742698613458,0.71));
#11764=CARTESIAN_POINT('',(-0.172241597027575,0.945303976612198,0.71));
#11765=CARTESIAN_POINT('',(-0.191007877652077,0.917549251812857,0.71));
#11766=CARTESIAN_POINT('',(-0.20977415827658,0.889794527013515,0.71));
#11767=CARTESIAN_POINT('',(-0.209773991939298,0.889794909583612,0.71));
#11768=CARTESIAN_POINT('',(-0.20977415827658,0.889794527013515,0.709));
#11769=CARTESIAN_POINT('',(-0.191007877652077,0.917549251812857,0.709));
#11770=CARTESIAN_POINT('',(-0.172241597027575,0.945303976612198,0.709));
#11771=CARTESIAN_POINT('',(-0.161428353305692,0.975742698613458,0.709));
#11772=CARTESIAN_POINT('',(-0.148634928244216,1.01175552870459,0.709));
#11773=CARTESIAN_POINT('',(-0.146974053666096,1.05152538076273,0.709));
#11774=CARTESIAN_POINT('',(-0.145313179087975,1.09129523282087,0.709));
#11775=CARTESIAN_POINT('',(-0.209774290959382,0.889794628332241,0.709));
#11776=CARTESIAN_POINT('',(-0.20977415827658,0.889794527013515,1.71));
#11777=CARTESIAN_POINT('',(-0.20977415827658,0.889794527013515,0.71));
#11778=CARTESIAN_POINT('',(-0.20977415827658,0.889794527013515,0.709));
#11779=CARTESIAN_POINT('',(-0.213592730981829,0.886239513350043,0.71));
#11780=CARTESIAN_POINT('',(-0.213592730981829,0.886239513350043,0.709));
#11781=CARTESIAN_POINT('',(-0.217411303687077,0.882684499686572,0.71));
#11782=CARTESIAN_POINT('',(-0.217411303687077,0.882684499686572,0.709));
#11783=CARTESIAN_POINT('',(-0.221250222098074,0.879174186768414,0.71));
#11784=CARTESIAN_POINT('',(-0.221250222098074,0.879174186768414,0.709));
#11785=CARTESIAN_POINT('',(-0.20977415827658,0.889794527013515,0.71));
#11786=CARTESIAN_POINT('',(-0.213569956194322,0.886260716214835,0.71));
#11787=CARTESIAN_POINT('',(-0.217365754112064,0.882726905416156,0.71));
#11788=CARTESIAN_POINT('',(-0.221181535863969,0.879237000309044,0.71));
#11789=CARTESIAN_POINT('',(-0.221181535863965,0.879237000309047,0.7095));
#11790=CARTESIAN_POINT('',(-0.221181535863962,0.87923700030905,0.709));
#11791=CARTESIAN_POINT('',(-0.21736575411206,0.88272690541616,0.709));
#11792=CARTESIAN_POINT('',(-0.21356995619432,0.886260716214838,0.709));
#11793=CARTESIAN_POINT('',(-0.20977415827658,0.889794527013515,0.709));
#11794=CARTESIAN_POINT('',(-0.505340406143247,0.893614288556126,1.71));
#11795=CARTESIAN_POINT('',(-0.505340623792291,1.31927482774027,1.21));
#11796=CARTESIAN_POINT('',(-0.505340406083134,0.893496725046959,0.765984358105788));
#11797=CARTESIAN_POINT('',(-0.505340373671243,0.830108147251164,0.786228935023501));
#11798=CARTESIAN_POINT('',(-0.505340623792291,1.31927482774027,1.21));
#11799=CARTESIAN_POINT('',(-0.505340373671243,0.830108147251164,0.785049514047441));
#11800=CARTESIAN_POINT('',(-0.505340373671243,0.830108147251164,1.71));
#11801=CARTESIAN_POINT('',(-0.372471692376716,0.889212365788485,0.724920917270268));
#11802=CARTESIAN_POINT('',(-0.372471692376716,0.889212365788485,0.719635009660055));
#11803=CARTESIAN_POINT('',(-0.372471692376716,0.889212365788485,0.714349102049841));
#11804=CARTESIAN_POINT('',(-0.372471692376716,0.889212365788485,0.709063194439628));
#11805=CARTESIAN_POINT('',(-0.334067918680965,0.894059833715476,0.724920917270268));
#11806=CARTESIAN_POINT('',(-0.334067918680965,0.894059833715476,0.719635009660055));
#11807=CARTESIAN_POINT('',(-0.334067918680965,0.894059833715476,0.714349102049841));
#11808=CARTESIAN_POINT('',(-0.334067918680965,0.894059833715476,0.709063194439628));
#11809=CARTESIAN_POINT('',(-0.301376442604362,0.910518659818559,0.724920917270268));
#11810=CARTESIAN_POINT('',(-0.301376442604362,0.910518659818559,0.719635009660055));
#11811=CARTESIAN_POINT('',(-0.301376442604362,0.91051865981856,0.714349102049841));
#11812=CARTESIAN_POINT('',(-0.301376442604362,0.91051865981856,0.709063194439628));
#11813=CARTESIAN_POINT('',(-0.274235339783718,0.938259701272245,0.724920917270268));
#11814=CARTESIAN_POINT('',(-0.274235339783718,0.938259701272245,0.719635009660055));
#11815=CARTESIAN_POINT('',(-0.274235339783718,0.938259701272245,0.714349102049841));
#11816=CARTESIAN_POINT('',(-0.274235339783718,0.938259701272245,0.709063194439628));
#11817=CARTESIAN_POINT('',(-0.371643236906987,0.889316936535888,0.724844361121725));
#11818=CARTESIAN_POINT('',(-0.365874374656741,0.890045103901805,0.723537928630025));
#11819=CARTESIAN_POINT('',(-0.359982346184832,0.890784911785682,0.722291029446429));
#11820=CARTESIAN_POINT('',(-0.354053487345161,0.891722027988398,0.721112068600207));
#11821=CARTESIAN_POINT('',(-0.348155321856241,0.892654292796085,0.719939211164399));
#11822=CARTESIAN_POINT('',(-0.342220472126914,0.893781352200133,0.71883359046127));
#11823=CARTESIAN_POINT('',(-0.33635748653342,0.895333868098086,0.717803481657697));
#11824=CARTESIAN_POINT('',(-0.330856112774621,0.896790629347951,0.716836906957773));
#11825=CARTESIAN_POINT('',(-0.325418025371378,0.898622011338491,0.715936816702348));
#11826=CARTESIAN_POINT('',(-0.320154865743862,0.901063221834202,0.715110047390097));
#11827=CARTESIAN_POINT('',(-0.319808912007098,0.901223685501085,0.715055702860716));
#11828=CARTESIAN_POINT('',(-0.319463722386631,0.901386800909071,0.715001675121004));
#11829=CARTESIAN_POINT('',(-0.319119332164052,0.901552642124896,0.71494796611251));
#11830=CARTESIAN_POINT('',(-0.318536678137248,0.901833219347696,0.714857098927489));
#11831=CARTESIAN_POINT('',(-0.317956312590568,0.902121599423566,0.714767144056763));
#11832=CARTESIAN_POINT('',(-0.31737815368421,0.902417627377432,0.714678110902502));
#11833=CARTESIAN_POINT('',(-0.307439732286046,0.907506281238513,0.713147651031122));
#11834=CARTESIAN_POINT('',(-0.298520727377814,0.914657391547272,0.711961481528606));
#11835=CARTESIAN_POINT('',(-0.289895855062545,0.922718506038185,0.711166468631709));
#11836=CARTESIAN_POINT('',(-0.284621697470573,0.927647922571893,0.710680313804992));
#11837=CARTESIAN_POINT('',(-0.279458985840309,0.932920589492121,0.710340427719778));
#11838=CARTESIAN_POINT('',(-0.274235339783718,0.938259701272245,0.710157527083288));
#11839=CARTESIAN_POINT('',(-0.371675390346735,0.889312877901003,0.724336349620672));
#11840=CARTESIAN_POINT('',(-0.274235339783718,0.938259701272245,0.709157212559177));
#11841=CARTESIAN_POINT('',(-0.280209206833857,0.932153785290428,0.709365963653112));
#11842=CARTESIAN_POINT('',(-0.286103169295055,0.926136371512683,0.709779592859321));
#11843=CARTESIAN_POINT('',(-0.29217346043967,0.920618443746024,0.710381960592113));
#11844=CARTESIAN_POINT('',(-0.300229978996091,0.913295024426257,0.711181425840388));
#11845=CARTESIAN_POINT('',(-0.308592832322979,0.906842769827019,0.712313348746697));
#11846=CARTESIAN_POINT('',(-0.317841308620916,0.902182361070431,0.713739997638799));
#11847=CARTESIAN_POINT('',(-0.318265929007863,0.901968390195034,0.713805498612699));
#11848=CARTESIAN_POINT('',(-0.318691924299217,0.901758460511454,0.713871517122189));
#11849=CARTESIAN_POINT('',(-0.319119332164051,0.901552642124896,0.713938051326147));
#11850=CARTESIAN_POINT('',(-0.324799486385284,0.898817362142001,0.714822275905441));
#11851=CARTESIAN_POINT('',(-0.330727088530111,0.896804068764053,0.71579758146767));
#11852=CARTESIAN_POINT('',(-0.336768422481861,0.895225784290862,0.716859646503992));
#11853=CARTESIAN_POINT('',(-0.343163852010707,0.893554993169996,0.717983961456466));
#11854=CARTESIAN_POINT('',(-0.349686815074176,0.892371859338011,0.719205504253934));
#11855=CARTESIAN_POINT('',(-0.35620533485157,0.89139011303784,0.72051914810048));
#11856=CARTESIAN_POINT('',(-0.361372021792386,0.890611964629687,0.721560364011241));
#11857=CARTESIAN_POINT('',(-0.366536503395649,0.889961527536346,0.722659441583102));
#11858=CARTESIAN_POINT('',(-0.371643236906987,0.889316936535888,0.723813827906029));
#11859=CARTESIAN_POINT('',(-0.371999074463479,0.889272021388851,0.723894265627615));
#11860=CARTESIAN_POINT('',(-0.37235491201997,0.889227106241815,0.7239747033492));
#11861=CARTESIAN_POINT('',(-0.372710749576462,0.889182191094778,0.724055141070786));
#11862=CARTESIAN_POINT('',(-0.491450912202939,1.288293744329,0.710000000000003));
#11863=CARTESIAN_POINT('',(-0.491450912202939,1.288293744329,0.709));
#11864=CARTESIAN_POINT('',(-0.474682998303479,1.30543383917136,0.710000000000003));
#11865=CARTESIAN_POINT('',(-0.474682998303479,1.30543383917136,0.709));
#11866=CARTESIAN_POINT('',(-0.438056922607373,1.34014955423935,0.710000000000003));
#11867=CARTESIAN_POINT('',(-0.438056922607373,1.34014955423935,0.709));
#11868=CARTESIAN_POINT('',(-0.387186653403378,1.3457103639895,0.710000000000003));
#11869=CARTESIAN_POINT('',(-0.387186653403378,1.3457103639895,0.709));
#11870=CARTESIAN_POINT('',(-0.360183733763572,1.34866214901375,0.710000000000003));
#11871=CARTESIAN_POINT('',(-0.360183733763572,1.34866214901375,0.709));
#11872=CARTESIAN_POINT('',(-0.491858067694238,1.287879093328,0.71));
#11873=CARTESIAN_POINT('',(-0.491502636063891,1.28824167473591,0.71));
#11874=CARTESIAN_POINT('',(-0.491147204433544,1.28860425614383,0.71));
#11875=CARTESIAN_POINT('',(-0.490791772803197,1.28896683755174,0.71));
#11876=CARTESIAN_POINT('',(-0.474232274005226,1.30585944326232,0.71));
#11877=CARTESIAN_POINT('',(-0.45723258418067,1.32185106937762,0.71));
#11878=CARTESIAN_POINT('',(-0.437178918993463,1.33159184229496,0.71));
#11879=CARTESIAN_POINT('',(-0.414189573043184,1.34275857896526,0.71));
#11880=CARTESIAN_POINT('',(-0.387186653403378,1.3457103639895,0.71));
#11881=CARTESIAN_POINT('',(-0.360183733763572,1.34866214901375,0.71));
#11882=CARTESIAN_POINT('',(-0.490811243798511,1.28894697234128,0.709500000640454));
#11883=CARTESIAN_POINT('',(-0.360183733763572,1.34866214901375,0.709));
#11884=CARTESIAN_POINT('',(-0.387186653403378,1.3457103639895,0.709));
#11885=CARTESIAN_POINT('',(-0.414189573043184,1.34275857896526,0.709));
#11886=CARTESIAN_POINT('',(-0.437178918993463,1.33159184229496,0.709));
#11887=CARTESIAN_POINT('',(-0.457232584181034,1.32185106937744,0.709));
#11888=CARTESIAN_POINT('',(-0.474232274005844,1.30585944326174,0.709));
#11889=CARTESIAN_POINT('',(-0.4907917728041,1.28896683755082,0.709));
#11890=CARTESIAN_POINT('',(-0.49114720443445,1.2886042561429,0.709));
#11891=CARTESIAN_POINT('',(-0.491502636064799,1.28824167473498,0.709));
#11892=CARTESIAN_POINT('',(-0.491858067695149,1.28787909332707,0.709));
#11893=CARTESIAN_POINT('',(-0.499133354877212,1.53010815340527,1.71));
#11894=CARTESIAN_POINT('',(-0.499133236237283,1.29808169812384,0.71));
#11895=CARTESIAN_POINT('',(-0.499133233210183,1.29216153774514,0.71));
#11896=CARTESIAN_POINT('',(-0.499131490486325,1.28626183005079,0.710049643847727));
#11897=CARTESIAN_POINT('',(-0.499133227186554,1.28038100856792,0.710142478136147));
#11898=CARTESIAN_POINT('',(-0.499141300585838,1.29804136347136,0.7095));
#11899=CARTESIAN_POINT('',(-0.499133227186554,1.28038100856792,0.710142478136147));
#11900=CARTESIAN_POINT('',(-0.499133227186552,1.28038100456581,0.709141940388786));
#11901=CARTESIAN_POINT('',(-0.499133230196399,1.28626742270994,0.709048928010908));
#11902=CARTESIAN_POINT('',(-0.499133233206611,1.29215419630553,0.709000018839463));
#11903=CARTESIAN_POINT('',(-0.499133236216841,1.29804136185979,0.708999999814895));
#11904=CARTESIAN_POINT('',(-0.499133227186553,1.28038100656687,0.709142067028309));
#11905=CARTESIAN_POINT('',(-0.499133227186554,1.28038100856792,1.71));
#11906=CARTESIAN_POINT('',(0.501207673097739,1.53010866490133,1.71));
#11907=CARTESIAN_POINT('',(-7.82377613649487E-7,1.53010840862258,0.71));
#11908=CARTESIAN_POINT('',(-0.585081464503971,1.53010810945814,0.71));
#11909=CARTESIAN_POINT('',(-0.499133354877212,1.53010815340527,0.71));
#11910=CARTESIAN_POINT('',(-0.585081464503971,1.53010810945814,1.71));
#11911=CARTESIAN_POINT('',(-0.585081464503971,1.53010810945814,0.709));
#11912=CARTESIAN_POINT('',(-7.82377613649487E-7,1.53010840862258,0.709));
#11913=CARTESIAN_POINT('',(-0.499133354877212,1.53010815340527,0.709));
#11914=CARTESIAN_POINT('',(-0.499133354877212,1.53010815340527,1.71));
#11915=CARTESIAN_POINT('',(-0.585081106579481,0.830108106477998,1.71));
#11916=CARTESIAN_POINT('',(-0.585080894353676,0.415053903657068,0.71));
#11917=CARTESIAN_POINT('',(-0.585080894353676,0.415053903657068,0.709));
#11918=CARTESIAN_POINT('',(0.5871562896606,0.830108705868402,1.71));
#11919=CARTESIAN_POINT('',(-0.189456162933058,0.830108308769612,1.21));
#11920=CARTESIAN_POINT('',(-0.189456162933058,0.830108308769612,1.21));
#11921=CARTESIAN_POINT('',(-0.528048344046411,0.830108135640087,0.797574585635359));
#11922=CARTESIAN_POINT('',(-0.801245228302076,0.830107995948595,0.463766733611464));
#11923=CARTESIAN_POINT('',(-0.585081106579481,0.830108106477998,0.825773889104009));
#11924=CARTESIAN_POINT('',(-0.585081106579481,0.830108106477998,1.71));
#11925=CARTESIAN_POINT('',(0.,0.,0.709));
#11926=CARTESIAN_POINT('',(-0.499132963689163,0.765053949094228,0.709));
#11927=CARTESIAN_POINT('',(-0.498412295956482,1.2972231247584,0.709));
#11928=CARTESIAN_POINT('',(-0.498664050214662,1.29748883653072,0.709));
#11929=CARTESIAN_POINT('',(-0.498915804472843,1.29775454830303,0.709));
#11930=CARTESIAN_POINT('',(-0.499167558731023,1.29802026007534,0.709));
#11931=CARTESIAN_POINT('',(-0.524342984549059,1.32459143730659,0.709));
#11932=CARTESIAN_POINT('',(-0.553402267180936,1.34751103668472,0.709));
#11933=CARTESIAN_POINT('',(-0.585081381578297,1.36586668835205,0.709));
#11934=CARTESIAN_POINT('',(0.,0.,0.709));
#11935=CARTESIAN_POINT('',(-0.454266352725982,1.24016876333033,0.709));
#11936=CARTESIAN_POINT('',(-0.441797823070779,1.25169902506262,0.709));
#11937=CARTESIAN_POINT('',(-0.428750377860176,1.26064819985376,0.709));
#11938=CARTESIAN_POINT('',(-0.415124017094171,1.26701628770374,0.709));
#11939=CARTESIAN_POINT('',(-0.415119324141818,1.26700627229303,0.7095));
#11940=CARTESIAN_POINT('',(-0.454246639037955,1.240147445459,0.709500000000111));
#11941=CARTESIAN_POINT('',(-0.415011211142068,1.26704520104414,0.709));
#11942=CARTESIAN_POINT('',(-0.40162659193462,1.27186518790936,0.709));
#11943=CARTESIAN_POINT('',(-0.385903592489099,1.27554421693186,0.709));
#11944=CARTESIAN_POINT('',(-0.367842212805504,1.27808228811164,0.709));
#11945=CARTESIAN_POINT('',(-0.233171315894311,1.08413285163702,0.709));
#11946=CARTESIAN_POINT('',(-0.233968093897727,1.05502650510548,0.709));
#11947=CARTESIAN_POINT('',(-0.234764871901144,1.02592015857394,0.709));
#11948=CARTESIAN_POINT('',(-0.243437278458947,0.999199356826717,0.709));
#11949=CARTESIAN_POINT('',(-0.248961916655631,0.982177234882275,0.709));
#11950=CARTESIAN_POINT('',(-0.257682605479011,0.96612320352899,0.709));
#11951=CARTESIAN_POINT('',(-0.267048331920044,0.950264555453858,0.709));
#11952=CARTESIAN_POINT('',(-0.538415722548798,1.37049365274775,0.709));
#11953=CARTESIAN_POINT('',(-0.457043376173761,1.24448356884403,0.709));
#11954=CARTESIAN_POINT('',(-0.467149304118576,1.26013321992306,0.709));
#11955=CARTESIAN_POINT('',(-0.478464099663077,1.27498423183335,0.709));
#11956=CARTESIAN_POINT('',(-0.490821245592191,1.28891641289989,0.709));
#11957=CARTESIAN_POINT('',(-0.490953956209188,1.28906603874036,0.709));
#11958=CARTESIAN_POINT('',(-0.491086666826185,1.28921566458083,0.709));
#11959=CARTESIAN_POINT('',(-0.491219377443182,1.2893652904213,0.709));
#11960=CARTESIAN_POINT('',(-0.457043376173761,1.24448356884403,0.709));
#11961=CARTESIAN_POINT('',(-0.538415722548798,1.37049365274775,0.709));
#11962=CARTESIAN_POINT('',(-0.585486538678269,1.16070860073617,0.733044491824185));
#11963=CARTESIAN_POINT('',(-0.604433349772265,1.19004890321016,0.733044491824185));
#11964=CARTESIAN_POINT('',(-0.63151880011203,1.21404965483705,0.733455933303779));
#11965=CARTESIAN_POINT('',(-0.663768508973861,1.23006445394815,0.734218436043587));
#11966=CARTESIAN_POINT('',(-0.543568106174237,1.187585931891,0.717142223531884));
#11967=CARTESIAN_POINT('',(-0.566888874253474,1.22369957581643,0.717142223531884));
#11968=CARTESIAN_POINT('',(-0.599674836943527,1.25360156474757,0.717284530865085));
#11969=CARTESIAN_POINT('',(-0.638259005382135,1.27409004874304,0.717546289983928));
#11970=CARTESIAN_POINT('',(-0.499583725366282,1.2157878988467,0.709));
#11971=CARTESIAN_POINT('',(-0.527494303561888,1.25900914607607,0.709));
#11972=CARTESIAN_POINT('',(-0.566222646517389,1.29512975979482,0.709000895615238));
#11973=CARTESIAN_POINT('',(-0.611427877707777,1.32039656939477,0.709));
#11974=CARTESIAN_POINT('',(-0.455579577945074,1.24400253541388,0.709));
#11975=CARTESIAN_POINT('',(-0.488082128619068,1.29433473449585,0.709));
#11976=CARTESIAN_POINT('',(-0.532754834975134,1.33667676274907,0.708999983088619));
#11977=CARTESIAN_POINT('',(-0.58458389607997,1.36672527405078,0.709));
#11978=CARTESIAN_POINT('',(-0.490791772803202,1.28896683755173,0.709));
#11979=CARTESIAN_POINT('',(-0.493581239636741,1.28612125847132,0.709));
#11980=CARTESIAN_POINT('',(-0.496355920711445,1.28325248618713,0.709047296916339));
#11981=CARTESIAN_POINT('',(-0.499133227186554,1.28038100856792,0.709142193667831));
#11982=CARTESIAN_POINT('',(-0.457043376173761,1.24448356884403,0.709));
#11983=CARTESIAN_POINT('',(-0.500453855486654,1.21645079202551,0.709));
#11984=CARTESIAN_POINT('',(-0.543857732139888,1.18842227894441,0.717058111271411));
#11985=CARTESIAN_POINT('',(-0.585206514971425,1.16172086446615,0.73279402286058));
#11986=CARTESIAN_POINT('',(-0.431547862207387,0.257608882971495,0.463766733611464));
#11987=CARTESIAN_POINT('',(-0.58508093541804,0.495364291278175,0.463766733611464));
#11988=CARTESIAN_POINT('',(-0.585081151738732,0.9184269466702,0.797574585635359));
#11989=CARTESIAN_POINT('',(-0.528092223756046,0.830079799852818,0.797498613151689));
#11990=CARTESIAN_POINT('',(-0.547103159653486,0.859519403529522,0.797498613151689));
#11991=CARTESIAN_POINT('',(-0.566114095550927,0.888959007206227,0.797498613151689));
#11992=CARTESIAN_POINT('',(-0.585125031448367,0.918398610882931,0.797498613151689));
#11993=CARTESIAN_POINT('',(-0.538415722548798,1.37049365274775,1.21));
#11994=CARTESIAN_POINT('',(-0.465650836748448,1.22862219735975,0.709249978707911));
#11995=CARTESIAN_POINT('',(-0.465511031197852,1.22876509296633,0.709244041230099));
#11996=CARTESIAN_POINT('',(-0.465371225647256,1.22890798857291,0.709238103752287));
#11997=CARTESIAN_POINT('',(-0.46523142009666,1.22905088417949,0.709232166274475));
#11998=CARTESIAN_POINT('',(-0.46155529056952,1.23280826545946,0.709076042734256));
#11999=CARTESIAN_POINT('',(-0.45790944094819,1.23653360597839,0.709));
#12000=CARTESIAN_POINT('',(-0.454231908095657,1.24012983758032,0.709));
#12001=CARTESIAN_POINT('',(-0.465252027328455,1.22905440281466,0.709732868000328));
#12002=CARTESIAN_POINT('',(-0.585081419840234,1.44275835559922,1.21));
#12003=CARTESIAN_POINT('',(-0.505550530345932,0.893355554012364,0.765552383311766));
#12004=CARTESIAN_POINT('',(-0.484499226228561,0.870036856417531,0.76293309973114));
#12005=CARTESIAN_POINT('',(-0.4640021589895,0.852111750321487,0.75911743085713));
#12006=CARTESIAN_POINT('',(-0.443915245835169,0.839673278714307,0.754480599189637));
#12007=CARTESIAN_POINT('',(-0.443641892107407,0.839707031491913,0.754916995297602));
#12008=CARTESIAN_POINT('',(-0.443718241161299,0.839514877416288,0.75444417521462));
#12009=CARTESIAN_POINT('',(-0.421692351745254,0.829503021840916,0.748461522118786));
#12010=CARTESIAN_POINT('',(-0.395490729367166,0.822334260624309,0.740759570608898));
#12011=CARTESIAN_POINT('',(-0.364654399689535,0.818304981306347,0.733120816458579));
#12012=CARTESIAN_POINT('',(-0.364503969154355,0.81855280633514,0.733562113510336));
#12013=CARTESIAN_POINT('',(-0.364656134021992,0.818629460632748,0.733064631410691));
#12014=CARTESIAN_POINT('',(-0.312885426917306,0.824248327041573,0.718095303787775));
#12015=CARTESIAN_POINT('',(-0.261187909598036,0.842647264027123,0.708999999999946));
#12016=CARTESIAN_POINT('',(-0.221181535863968,0.879237000309045,0.708999999999945));
#12017=CARTESIAN_POINT('',(-0.371782020587479,0.889210366622439,0.723857239854739));
#12018=CARTESIAN_POINT('',(-0.396388790704544,0.893358632445771,0.728446133212216));
#12019=CARTESIAN_POINT('',(-0.41088175516683,0.898364069348092,0.731506618915113));
#12020=CARTESIAN_POINT('',(-0.432833486606768,0.910873553185985,0.735451878190639));
#12021=CARTESIAN_POINT('',(-0.432753314113255,0.910998960215716,0.735933922214056));
#12022=CARTESIAN_POINT('',(-0.432900248881426,0.910891611168414,0.735467549912691));
#12023=CARTESIAN_POINT('',(-0.451175084381917,0.922918352111264,0.738456812805437));
#12024=CARTESIAN_POINT('',(-0.467407563394095,0.937842790804971,0.740570995616562));
#12025=CARTESIAN_POINT('',(-0.481697147349185,0.95560069897683,0.741468799387029));
#12026=CARTESIAN_POINT('',(-0.481523719215333,0.955717224271209,0.74192432253113));
#12027=CARTESIAN_POINT('',(-0.481710675896325,0.955719931228446,0.741448612818712));
#12028=CARTESIAN_POINT('',(-0.489504244139461,0.97583405513009,0.739796444469049));
#12029=CARTESIAN_POINT('',(-0.495750506499818,0.997288872571187,0.737431914304851));
#12030=CARTESIAN_POINT('',(-0.500380057475343,1.02012920288983,0.734604414247254));
#12031=CARTESIAN_POINT('',(-0.500271582774779,1.02033364395449,0.735064153971147));
#12032=CARTESIAN_POINT('',(-0.500408863926006,1.02024749299789,0.7345911219964));
#12033=CARTESIAN_POINT('',(-0.505057230989564,1.04854301854412,0.730785685095641));
#12034=CARTESIAN_POINT('',(-0.505820124229086,1.0598880854565,0.729050810768896));
#12035=CARTESIAN_POINT('',(-0.506436753864339,1.08757920812266,0.725262438708231));
#12036=CARTESIAN_POINT('',(-0.506342370009981,1.08775542377398,0.725733539698344));
#12037=CARTESIAN_POINT('',(-0.506460303527225,1.08779460680044,0.725237095645676));
#12038=CARTESIAN_POINT('',(-0.504782621329496,1.1137993421006,0.721187570609045));
#12039=CARTESIAN_POINT('',(-0.500663051085535,1.13956314004426,0.717424058553273));
#12040=CARTESIAN_POINT('',(-0.49408923390964,1.16509398151278,0.714523388283095));
#12041=CARTESIAN_POINT('',(-0.493980344814722,1.16512171083087,0.715013014764366));
#12042=CARTESIAN_POINT('',(-0.494036082845924,1.16510044541178,0.714516180053202));
#12043=CARTESIAN_POINT('',(-0.486935389078272,1.18720938916994,0.711828970854918));
#12044=CARTESIAN_POINT('',(-0.477325412656326,1.20854338683086,0.70988200861215));
#12045=CARTESIAN_POINT('',(-0.465279771811467,1.22905489864188,0.709233338437252));
#12046=CARTESIAN_POINT('',(-1.40168443454896,0.813028738262922,1.21));
#12047=CARTESIAN_POINT('',(-1.40168443454896,0.813028738262922,0.71));
#12048=CARTESIAN_POINT('',(-0.403811864989824,-0.732238318875015,1.21));
#12049=CARTESIAN_POINT('',(-1.40168443454896,0.813028738262922,1.21));
#12050=CARTESIAN_POINT('',(-1.02944270571048,0.236589523069981,0.71));
#12051=CARTESIAN_POINT('',(-1.02728157168557,0.246221326254993,0.709999382176928));
#12052=CARTESIAN_POINT('',(-1.02502663524434,0.255473264900403,0.71014704379221));
#12053=CARTESIAN_POINT('',(-1.02276648159583,0.264505261578621,0.710429833582086));
#12054=CARTESIAN_POINT('',(-1.02123026207942,0.27064428207328,0.710622044936627));
#12055=CARTESIAN_POINT('',(-1.01969020808538,0.276681497290354,0.710876683876671));
#12056=CARTESIAN_POINT('',(-1.01816405915314,0.282665746838183,0.711189620750462));
#12057=CARTESIAN_POINT('',(-1.08184006830569,0.84101448707606,0.798397790037747));
#12058=CARTESIAN_POINT('',(-1.15142861212933,0.796076947822628,0.741267109458926));
#12059=CARTESIAN_POINT('',(-1.23577835373405,0.741607208751997,0.709999999999999));
#12060=CARTESIAN_POINT('',(-1.32031208817393,0.687018654359209,0.71));
#12061=CARTESIAN_POINT('',(-1.32031208817393,0.687018654359208,0.71));
#12062=CARTESIAN_POINT('',(-1.40168443454896,0.813028738262922,0.71));
#12063=CARTESIAN_POINT('',(-1.40168443454896,0.813028738262922,1.21));
#12064=CARTESIAN_POINT('',(-1.40168443454896,0.813028738262922,0.71));
#12065=CARTESIAN_POINT('',(-0.756212017011373,-0.186525005911734,0.71));
#12066=CARTESIAN_POINT('',(-0.748655981295945,-0.181708866457251,0.71));
#12067=CARTESIAN_POINT('',(-0.741904060949109,-0.175664364860457,0.710245080202552));
#12068=CARTESIAN_POINT('',(-0.728752867684849,-0.16203018671956,0.711227892368213));
#12069=CARTESIAN_POINT('',(-0.722312564133877,-0.154162675945694,0.712029726247479));
#12070=CARTESIAN_POINT('',(-0.715912839826721,-0.146358645952754,0.713105851827974));
#12071=CARTESIAN_POINT('',(-1.16321241465942,0.967024570993536,0.798397790055249));
#12072=CARTESIAN_POINT('',(-0.69551539606331,1.09048773611342,0.798397790055249));
#12073=CARTESIAN_POINT('',(-0.704367913659875,1.10419640416584,0.798397790055249));
#12074=CARTESIAN_POINT('',(-0.735269412888303,1.12289510605604,0.802886753292854));
#12075=CARTESIAN_POINT('',(-0.80822780733907,1.11669235575077,0.818447235985902));
#12076=CARTESIAN_POINT('',(-0.927064441744786,1.0652984296682,0.839620150131539));
#12077=CARTESIAN_POINT('',(-1.04758649197187,0.975540553082617,0.824879393656996));
#12078=CARTESIAN_POINT('',(-1.09495605429808,0.890737533781165,0.802283069817597));
#12079=CARTESIAN_POINT('',(-1.09069310188119,0.854723954200374,0.798397790055249));
#12080=CARTESIAN_POINT('',(-1.08184006828438,0.841014487089822,0.798397790055249));
#12081=CARTESIAN_POINT('',(-0.625926852235526,1.13542527536953,0.741267109465488));
#12082=CARTESIAN_POINT('',(-0.643383204424019,1.1624575105442,0.741267109465488));
#12083=CARTESIAN_POINT('',(-0.698484862106004,1.20299603880758,0.742938382348899));
#12084=CARTESIAN_POINT('',(-0.812846783442964,1.20695017935059,0.748771914661484));
#12085=CARTESIAN_POINT('',(-0.974231255874917,1.14685639935679,0.756946673236624));
#12086=CARTESIAN_POINT('',(-1.12482653341211,1.03052987654956,0.751208890811195));
#12087=CARTESIAN_POINT('',(-1.18336395141064,0.890325935502052,0.742696756802497));
#12088=CARTESIAN_POINT('',(-1.16888598180579,0.823110758677669,0.741267109465488));
#12089=CARTESIAN_POINT('',(-1.15142861211216,0.796076947833712,0.741267109465488));
#12090=CARTESIAN_POINT('',(-0.541577110622276,1.18989501444567,0.71));
#12091=CARTESIAN_POINT('',(-0.569472715073037,1.23309307390907,0.71));
#12092=CARTESIAN_POINT('',(-0.653026791875017,1.30089113604902,0.709991329956234));
#12093=CARTESIAN_POINT('',(-0.817879835241793,1.32185437698903,0.709917920330238));
#12094=CARTESIAN_POINT('',(-1.03723334814049,1.2569851566705,0.709802525177971));
#12095=CARTESIAN_POINT('',(-1.22553597562871,1.1001425302656,0.709884114541791));
#12096=CARTESIAN_POINT('',(-1.2913925670362,0.889135478859936,0.709993698373873));
#12097=CARTESIAN_POINT('',(-1.26367558416999,0.78480778617241,0.71));
#12098=CARTESIAN_POINT('',(-1.23577835372541,0.741607208757568,0.71));
#12099=CARTESIAN_POINT('',(-0.457043376173761,1.24448356884403,0.71));
#12100=CARTESIAN_POINT('',(-0.495404285758877,1.3038877970712,0.71));
#12101=CARTESIAN_POINT('',(-0.607453298191918,1.39903020721305,0.71));
#12102=CARTESIAN_POINT('',(-0.822919942185708,1.43717093093642,0.71));
#12103=CARTESIAN_POINT('',(-1.10056466523063,1.36771196385301,0.71));
#12104=CARTESIAN_POINT('',(-1.3266693771543,1.17000801152818,0.71));
#12105=CARTESIAN_POINT('',(-1.39968304572328,0.887932963356946,0.71));
#12106=CARTESIAN_POINT('',(-1.35867523376012,0.746426345171598,0.71));
#12107=CARTESIAN_POINT('',(-1.32031208817393,0.687018654359206,0.71));
#12108=CARTESIAN_POINT('',(-0.456514429154083,1.24482514198457,0.71));
#12109=CARTESIAN_POINT('',(-0.494940822560504,1.30433077593721,0.71));
#12110=CARTESIAN_POINT('',(-0.607168134359783,1.39964428595386,0.710000054250458));
#12111=CARTESIAN_POINT('',(-0.822951479294109,1.43789249313792,0.710000513591372));
#12112=CARTESIAN_POINT('',(-1.10096094384822,1.36840480695334,0.710001235645382));
#12113=CARTESIAN_POINT('',(-1.3273021921089,1.17044517591389,0.710000725121966));
#12114=CARTESIAN_POINT('',(-1.40036064415584,0.887925438940858,0.710000039430724));
#12115=CARTESIAN_POINT('',(-1.35926966841806,0.746186183667309,0.71));
#12116=CARTESIAN_POINT('',(-1.32084103519361,0.686677081218661,0.71));
#12117=CARTESIAN_POINT('',(-0.455985482134406,1.24516671512512,0.71));
#12118=CARTESIAN_POINT('',(-0.494477359362131,1.30477375480322,0.71));
#12119=CARTESIAN_POINT('',(-0.606882970527649,1.40025836469467,0.710000108500916));
#12120=CARTESIAN_POINT('',(-0.82298301640251,1.43861405533943,0.710001027182745));
#12121=CARTESIAN_POINT('',(-1.10135722246581,1.36909765005367,0.710002471290763));
#12122=CARTESIAN_POINT('',(-1.32793500706349,1.17088234029961,0.710001450243932));
#12123=CARTESIAN_POINT('',(-1.40103824258841,0.887917914524771,0.710000078861448));
#12124=CARTESIAN_POINT('',(-1.359864103076,0.74594602216302,0.71));
#12125=CARTESIAN_POINT('',(-1.32136998221329,0.686335508078117,0.71));
#12126=CARTESIAN_POINT('',(-0.455456535114728,1.24550828826566,0.71));
#12127=CARTESIAN_POINT('',(-0.494013896163758,1.30521673366923,0.71));
#12128=CARTESIAN_POINT('',(-0.606597806695515,1.40087244343548,0.710000162751374));
#12129=CARTESIAN_POINT('',(-0.823014553510911,1.43933561754093,0.710001540774117));
#12130=CARTESIAN_POINT('',(-1.1017535010834,1.36979049315399,0.710003706936145));
#12131=CARTESIAN_POINT('',(-1.32856782201809,1.17131950468532,0.710002175365899));
#12132=CARTESIAN_POINT('',(-1.40171584102097,0.887910390108683,0.710000118292172));
#12133=CARTESIAN_POINT('',(-1.36045853773393,0.745705860658731,0.71));
#12134=CARTESIAN_POINT('',(-1.32189892923296,0.685993934937573,0.71));
#12135=CARTESIAN_POINT('',(-0.573912488731526,1.35917813921171,0.71));
#12136=CARTESIAN_POINT('',(-0.577678751566853,1.36137100333426,0.71));
#12137=CARTESIAN_POINT('',(-0.581445014402181,1.36356386745681,0.71));
#12138=CARTESIAN_POINT('',(-0.585211277237509,1.36575673157936,0.71));
#12139=CARTESIAN_POINT('',(-0.595027635698285,1.3714721957474,0.71));
#12140=CARTESIAN_POINT('',(-0.667743121450429,1.40970238110323,0.71));
#12141=CARTESIAN_POINT('',(-0.822919942185708,1.43717093093642,0.71));
#12142=CARTESIAN_POINT('',(-1.10056466523063,1.36771196385301,0.71));
#12143=CARTESIAN_POINT('',(-1.3266693771543,1.17000801152818,0.71));
#12144=CARTESIAN_POINT('',(-1.39968304572328,0.887932963356946,0.71));
#12145=CARTESIAN_POINT('',(-1.35867523376012,0.746426345171598,0.71));
#12146=CARTESIAN_POINT('',(-1.32031208817393,0.687018654359206,0.71));
#12147=CARTESIAN_POINT('',(-0.695515396185019,1.09048773630189,0.798397790055248));
#12148=CARTESIAN_POINT('',(-0.727564493439102,1.14011773437176,0.798397790134078));
#12149=CARTESIAN_POINT('',(-0.963788077003937,1.08206410091218,0.8673342998603));
#12150=CARTESIAN_POINT('',(-1.11395726799572,0.89074994699879,0.798397790133679));
#12151=CARTESIAN_POINT('',(-1.0818400684061,0.841014487278313,0.798397790055248));
#12152=CARTESIAN_POINT('',(-0.585081283670684,1.16180173390504,0.733796253253998));
#12153=CARTESIAN_POINT('',(-0.62428637838488,1.13648462873441,0.748733143292936));
#12154=CARTESIAN_POINT('',(-0.661628842784291,1.11237033681847,0.770577667015755));
#12155=CARTESIAN_POINT('',(-0.69551539604301,1.09048773612652,0.798397790038587));
#12156=CARTESIAN_POINT('',(-0.538415722548798,1.37049365274775,1.21));
#12157=CARTESIAN_POINT('',(-0.585081419840234,1.44275835559922,1.21));
#12158=CARTESIAN_POINT('',(-0.538415722548798,1.37049365274775,1.21));
#12159=CARTESIAN_POINT('',(-0.538415722548798,1.37049365274775,0.71));
#12160=CARTESIAN_POINT('',(-0.453802928684663,1.24054933330647,0.710000000829369));
#12161=CARTESIAN_POINT('',(-0.453945921821798,1.24040950139762,0.710000000552913));
#12162=CARTESIAN_POINT('',(-0.454088914958932,1.24026966948877,0.710000000276457));
#12163=CARTESIAN_POINT('',(-0.454231908096067,1.24012983757992,0.710000000000001));
#12164=CARTESIAN_POINT('',(-0.457911579126883,1.23653151506959,0.709999992885907));
#12165=CARTESIAN_POINT('',(-0.461557838013931,1.23280566171009,0.710076303079447));
#12166=CARTESIAN_POINT('',(-0.465231425066624,1.22905087909968,0.710232631034441));
#12167=CARTESIAN_POINT('',(-0.538415722548798,1.37049365274775,1.21));
#12168=CARTESIAN_POINT('',(0.344329910191411,0.0035077391972029,0.71));
#12169=CARTESIAN_POINT('',(0.325794329916255,-0.0131177347930977,0.71));
#12170=CARTESIAN_POINT('',(0.306839091686408,-0.0291751982246769,0.711814114237529));
#12171=CARTESIAN_POINT('',(0.28800951824401,-0.0451302237043881,0.715461242462002));
#12172=CARTESIAN_POINT('',(-0.538415722548798,1.37049365274775,0.71));
#12173=CARTESIAN_POINT('',(-0.538415722548798,1.37049365274775,1.21));
#12174=CARTESIAN_POINT('',(1.37280646626893,-1.58915147363938,1.21));
#12175=CARTESIAN_POINT('',(1.37280646626893,-1.58915147363938,0.71));
#12176=CARTESIAN_POINT('',(-0.538415722548798,1.37049365274775,0.71));
#12177=CARTESIAN_POINT('',(0.495717644662626,-0.230925480102999,1.21));
#12178=CARTESIAN_POINT('',(-0.538415722548798,1.37049365274775,1.21));
#12179=CARTESIAN_POINT('',(0.212088522844623,-0.0035886603495164,0.723390822704054));
#12180=CARTESIAN_POINT('',(0.239330394632395,0.0187465463626298,0.715123173376426));
#12181=CARTESIAN_POINT('',(0.2670230057219,0.0414084475191552,0.710712257339455));
#12182=CARTESIAN_POINT('',(0.295463592886015,0.0682994893099974,0.710025739744658));
#12183=CARTESIAN_POINT('',(0.297650920664774,0.0703934624209872,0.71));
#12184=CARTESIAN_POINT('',(0.299795161755365,0.072472536662826,0.71));
#12185=CARTESIAN_POINT('',(-0.538415722548798,1.37049365274775,0.71));
#12186=CARTESIAN_POINT('',(-0.538415722548798,1.37049365274775,0.71));
#12187=CARTESIAN_POINT('',(-0.221181535863699,0.87923700030929,0.71));
#12188=CARTESIAN_POINT('',(-0.23233251341386,0.869038342201497,0.709999975967142));
#12189=CARTESIAN_POINT('',(-0.243511519116865,0.859353879215115,0.710665929951462));
#12190=CARTESIAN_POINT('',(-0.255272727342145,0.851121715379489,0.711930168173421));
#12191=CARTESIAN_POINT('',(-0.262984115554241,0.845724190742043,0.712759082306677));
#12192=CARTESIAN_POINT('',(-0.270944630792267,0.840948455819525,0.713845195168647));
#12193=CARTESIAN_POINT('',(-0.279311700051059,0.837061619770941,0.715169426219951));
#12194=CARTESIAN_POINT('',(-0.279767299437546,0.836849975757447,0.715241532573548));
#12195=CARTESIAN_POINT('',(-0.28022385530802,0.836641088287943,0.715314287493251));
#12196=CARTESIAN_POINT('',(-0.280681381039487,0.836434997143864,0.715387687934908));
#12197=CARTESIAN_POINT('',(-0.29020989643322,0.832142904909905,0.716916339090746));
#12198=CARTESIAN_POINT('',(-0.300157579220778,0.829060388350997,0.718724972463695));
#12199=CARTESIAN_POINT('',(-0.310262288827702,0.826705373161021,0.720786090392353));
#12200=CARTESIAN_POINT('',(-0.319271389370895,0.824605701873812,0.72262373040112));
#12201=CARTESIAN_POINT('',(-0.32840510576688,0.823083873429365,0.724662071629264));
#12202=CARTESIAN_POINT('',(-0.337494377666498,0.821834975295009,0.726881626019397));
#12203=CARTESIAN_POINT('',(-0.346583649566116,0.820586077160652,0.729101180409529));
#12204=CARTESIAN_POINT('',(-0.355628111042541,0.819609305373033,0.731501947961651));
#12205=CARTESIAN_POINT('',(-0.364480883139113,0.818648481259547,0.734064440618376));
#12206=CARTESIAN_POINT('',(0.,0.,0.71));
#12207=CARTESIAN_POINT('',(-0.499132963689163,0.765053949094228,0.71));
#12208=CARTESIAN_POINT('',(-0.490394112797625,1.28851754193761,0.71));
#12209=CARTESIAN_POINT('',(-0.490526666170168,1.28866730709854,0.71));
#12210=CARTESIAN_POINT('',(-0.49065921954271,1.28881707225946,0.71));
#12211=CARTESIAN_POINT('',(-0.490791772915253,1.28896683742039,0.71));
#12212=CARTESIAN_POINT('',(-0.49352150426173,1.29205101888293,0.71));
#12213=CARTESIAN_POINT('',(-0.496302560450638,1.29508982238791,0.71));
#12214=CARTESIAN_POINT('',(-0.499133236346314,1.29808169823908,0.71));
#12215=CARTESIAN_POINT('',(0.104567816921509,0.373734708432961,0.71));
#12216=CARTESIAN_POINT('',(0.104697568072695,0.373886907771875,0.71));
#12217=CARTESIAN_POINT('',(0.104827319223881,0.374039107110789,0.71));
#12218=CARTESIAN_POINT('',(0.104957070375067,0.374191306449703,0.71));
#12219=CARTESIAN_POINT('',(0.109094611124237,0.379044681244435,0.71));
#12220=CARTESIAN_POINT('',(0.113319994198298,0.383856885854601,0.71));
#12221=CARTESIAN_POINT('',(0.117545377272359,0.388669090464766,0.71));
#12222=CARTESIAN_POINT('',(0.0762012780623526,-0.179782439555104,0.71));
#12223=CARTESIAN_POINT('',(0.,0.,0.71));
#12224=CARTESIAN_POINT('',(-0.326561145352329,-0.654885010513266,0.71));
#12225=CARTESIAN_POINT('',(0.,0.,0.71));
#12226=CARTESIAN_POINT('',(0.,0.,0.71));
#12227=CARTESIAN_POINT('',(-0.267770364564258,0.949041963519808,0.71));
#12228=CARTESIAN_POINT('',(-0.267529687016319,0.949449494164266,0.71));
#12229=CARTESIAN_POINT('',(-0.267289009468381,0.949857024808725,0.71));
#12230=CARTESIAN_POINT('',(-0.267048331920442,0.950264555453183,0.71));
#12231=CARTESIAN_POINT('',(-0.257682605479258,0.966123203528534,0.71));
#12232=CARTESIAN_POINT('',(-0.248961916655709,0.982177234882034,0.71));
#12233=CARTESIAN_POINT('',(-0.243437278458947,0.999199356826717,0.71));
#12234=CARTESIAN_POINT('',(-0.234764871901144,1.02592015857394,0.71));
#12235=CARTESIAN_POINT('',(-0.233968093897727,1.05502650510548,0.71));
#12236=CARTESIAN_POINT('',(-0.233171315894311,1.08413285163702,0.71));
#12237=CARTESIAN_POINT('',(0.,0.,0.71));
#12238=CARTESIAN_POINT('',(0.175321678501043,0.332086654239174,0.71));
#12239=CARTESIAN_POINT('',(0.167265427322028,0.321551589853742,0.71));
#12240=CARTESIAN_POINT('',(0.159209176143013,0.311016525468309,0.71));
#12241=CARTESIAN_POINT('',(0.153012505943871,0.299774508415351,0.71));
#12242=CARTESIAN_POINT('',(0.,0.,0.71));
#12243=CARTESIAN_POINT('',(0.,0.,0.71));
#12244=CARTESIAN_POINT('',(0.,0.,0.71));
#12245=CARTESIAN_POINT('',(2.30270188821166,-2.79884104831342,0.61));
#12246=CARTESIAN_POINT('',(-0.543604876576696,1.06954747079038,0.543587786259544));
#12247=CARTESIAN_POINT('',(-0.51854418397396,1.08573067848054,0.412173945897684));
#12248=CARTESIAN_POINT('',(-0.411042785733582,1.15515084504515,0.309999999999999));
#12249=CARTESIAN_POINT('',(-0.297837588114322,1.22825430047312,0.31));
#12250=CARTESIAN_POINT('',(-0.543604876576692,1.06954747079038,0.543587786259542));
#12251=CARTESIAN_POINT('',(-0.29783758811432,1.22825430047311,0.31));
#12252=CARTESIAN_POINT('',(2.30270188821166,-2.79884104831342,0.31));
#12253=CARTESIAN_POINT('',(1.68684279400853,-1.84514535695741,0.31));
#12254=CARTESIAN_POINT('',(1.45831292459891,-2.03059681225688,0.54371079008047));
#12255=CARTESIAN_POINT('',(1.48287177961015,-2.01295938888456,0.410419336179789));
#12256=CARTESIAN_POINT('',(1.58598801279019,-1.93734739421045,0.31));
#12257=CARTESIAN_POINT('',(1.68684279400853,-1.84514535695741,0.31));
#12258=CARTESIAN_POINT('',(1.45831286733656,-2.03059685318603,0.543710774114086));
#12259=CARTESIAN_POINT('',(2.05693459974928,-2.95754787799615,0.543587786259542));
#12260=CARTESIAN_POINT('',(-1.37102141440002,0.535234477525173,0.31));
#12261=CARTESIAN_POINT('',(-1.41995100927693,0.611004965049259,0.31));
#12262=CARTESIAN_POINT('',(-1.4787260109823,0.787811794676643,0.31));
#12263=CARTESIAN_POINT('',(-1.43654742823079,1.01649738546012,0.31));
#12264=CARTESIAN_POINT('',(-1.34103312597246,1.17117344412992,0.31));
#12265=CARTESIAN_POINT('',(-1.26078117072692,1.25126692907362,0.31));
#12266=CARTESIAN_POINT('',(-1.18855100259092,1.30536144706598,0.309999999999999));
#12267=CARTESIAN_POINT('',(-1.13230716654575,1.34295402764427,0.31));
#12268=CARTESIAN_POINT('',(-1.07484882952416,1.37871133458116,0.31));
#12269=CARTESIAN_POINT('',(-0.956595688661255,1.44435203733133,0.31));
#12270=CARTESIAN_POINT('',(-0.754988413229745,1.49731198710872,0.31));
#12271=CARTESIAN_POINT('',(-0.483391934283658,1.4300144351047,0.31));
#12272=CARTESIAN_POINT('',(-0.34676718299124,1.3040247879972,0.31));
#12273=CARTESIAN_POINT('',(-0.29783758811432,1.22825430047311,0.31));
#12274=CARTESIAN_POINT('',(-1.31441881559039,0.571786205239154,0.31));
#12275=CARTESIAN_POINT('',(-1.35719659341928,0.638030225641245,0.31));
#12276=CARTESIAN_POINT('',(-1.4084431185582,0.792717693414187,0.310019887100419));
#12277=CARTESIAN_POINT('',(-1.37092664640661,0.992596766627617,0.310016630986813));
#12278=CARTESIAN_POINT('',(-1.28592864503989,1.12743332361355,0.310001118705513));
#12279=CARTESIAN_POINT('',(-1.21369242467888,1.19689920379053,0.309956610065709));
#12280=CARTESIAN_POINT('',(-1.14612334549403,1.24447417403066,0.309896686864078));
#12281=CARTESIAN_POINT('',(-1.09147034008165,1.27957278723424,0.309861912459546));
#12282=CARTESIAN_POINT('',(-1.03687145985419,1.31496198466658,0.309897126224571));
#12283=CARTESIAN_POINT('',(-0.930576382034311,1.3780853177248,0.30998895027833));
#12284=CARTESIAN_POINT('',(-0.754788470480324,1.42595626188494,0.310013287337605));
#12285=CARTESIAN_POINT('',(-0.516596782415014,1.36817423422558,0.310023020923016));
#12286=CARTESIAN_POINT('',(-0.397217964752849,1.25794659316122,0.31));
#12287=CARTESIAN_POINT('',(-0.35444018692395,1.19170257275913,0.31));
#12288=CARTESIAN_POINT('',(-1.20139817576671,0.644770480515787,0.357110257193683));
#12289=CARTESIAN_POINT('',(-1.23192666017553,0.692045716553329,0.357110257193683));
#12290=CARTESIAN_POINT('',(-1.26822255208494,0.802480534864239,0.357309275367564));
#12291=CARTESIAN_POINT('',(-1.24004748065296,0.944941560455123,0.358285022169175));
#12292=CARTESIAN_POINT('',(-1.17607297000603,1.04020238017713,0.360488113199041));
#12293=CARTESIAN_POINT('',(-1.11985470114804,1.08858548997077,0.363492713343853));
#12294=CARTESIAN_POINT('',(-1.06164825873926,1.12327178086382,0.367505057220918));
#12295=CARTESIAN_POINT('',(-1.01020478886077,1.15347196903498,0.369497549642006));
#12296=CARTESIAN_POINT('',(-0.961254969274364,1.18806188771185,0.367502447202596));
#12297=CARTESIAN_POINT('',(-0.878674741983017,1.24600670908758,0.361482465129412));
#12298=CARTESIAN_POINT('',(-0.754404247176261,1.28365224857838,0.358470881639495));
#12299=CARTESIAN_POINT('',(-0.582791891995623,1.24479838331744,0.3573008279044));
#12300=CARTESIAN_POINT('',(-0.497989311156444,1.16599353352004,0.357110257193683));
#12301=CARTESIAN_POINT('',(-0.467460826747625,1.1187182974825,0.357110257193683));
#12302=CARTESIAN_POINT('',(-1.13778447223901,0.685849703362827,0.477880866078613));
#12303=CARTESIAN_POINT('',(-1.1613572557758,0.722353608726747,0.477880866078613));
#12304=CARTESIAN_POINT('',(-1.18931666619266,0.807903771630166,0.478541785935783));
#12305=CARTESIAN_POINT('',(-1.16756042846286,0.918237532629515,0.481610351098408));
#12306=CARTESIAN_POINT('',(-1.11729756372701,0.993274378925567,0.488444212869623));
#12307=CARTESIAN_POINT('',(-1.07204411550337,1.03295069682689,0.497630372672009));
#12308=CARTESIAN_POINT('',(-1.02125190019955,1.06512650361753,0.509631221853381));
#12309=CARTESIAN_POINT('',(-0.972600306470118,1.09503562973241,0.515475157197386));
#12310=CARTESIAN_POINT('',(-0.924977980063084,1.12726344110911,0.509628219426393));
#12311=CARTESIAN_POINT('',(-0.85064433991201,1.17642715231542,0.491602359442305));
#12312=CARTESIAN_POINT('',(-0.753772202639598,1.20490782253671,0.48216251534751));
#12313=CARTESIAN_POINT('',(-0.619992458838439,1.17530383058514,0.47855949691157));
#12314=CARTESIAN_POINT('',(-0.554647313812109,1.11414297999938,0.477880866078613));
#12315=CARTESIAN_POINT('',(-0.531074530275324,1.07763907463546,0.477880866078613));
#12316=CARTESIAN_POINT('',(-1.12525412593764,0.693941307207907,0.543587786259542));
#12317=CARTESIAN_POINT('',(-1.1474948508817,0.728382437900673,0.543587786259542));
#12318=CARTESIAN_POINT('',(-1.1740321570284,0.808864513883943,0.544426289236014));
#12319=CARTESIAN_POINT('',(-1.15426468299695,0.913196989715061,0.548349403996149));
#12320=CARTESIAN_POINT('',(-1.10779638477312,0.985475606530193,0.557016800778954));
#12321=CARTESIAN_POINT('',(-1.06578113861546,1.02545736713233,0.56858838417213));
#12322=CARTESIAN_POINT('',(-1.01767126152501,1.05991170341393,0.58346813690247));
#12323=CARTESIAN_POINT('',(-0.970125793419027,1.0911931147339,0.590618967022138));
#12324=CARTESIAN_POINT('',(-0.921687200463309,1.12186056610785,0.583468139717581));
#12325=CARTESIAN_POINT('',(-0.845925723518881,1.16591047162797,0.561096420593395));
#12326=CARTESIAN_POINT('',(-0.753442230670567,1.19052808319409,0.549031879173526));
#12327=CARTESIAN_POINT('',(-0.627076244057482,1.16181941432093,0.544482030001396));
#12328=CARTESIAN_POINT('',(-0.565845601520747,1.10398860148314,0.543587786259542));
#12329=CARTESIAN_POINT('',(-0.543604876576692,1.06954747079038,0.543587786259542));
#12330=CARTESIAN_POINT('',(-0.543604876576692,1.06954747079038,0.543587786259542));
#12331=CARTESIAN_POINT('',(-0.582526145228788,1.12981944950271,0.543587786259542));
#12332=CARTESIAN_POINT('',(-0.687535501614064,1.18856932361286,0.547198564859812));
#12333=CARTESIAN_POINT('',(-0.825109662359427,1.17906453561595,0.552948198531012));
#12334=CARTESIAN_POINT('',(-0.971562239296793,1.09279199673624,0.60588785959791));
#12335=CARTESIAN_POINT('',(-1.10850301611783,0.996312205896473,0.552912507785951));
#12336=CARTESIAN_POINT('',(-1.17524052915971,0.873533934220897,0.547273380480957));
#12337=CARTESIAN_POINT('',(-1.16417539458974,0.754213285920248,0.543587786259542));
#12338=CARTESIAN_POINT('',(-1.12525412593764,0.693941307207907,0.543587786259542));
#12339=CARTESIAN_POINT('',(-1.12525412593764,0.693941307207907,0.543587786259542));
#12340=CARTESIAN_POINT('',(-1.37102141440002,0.535234477525175,0.31));
#12341=CARTESIAN_POINT('',(-1.25781621678076,0.608337932953137,0.310000000000001));
#12342=CARTESIAN_POINT('',(-1.15031481854039,0.677758099517748,0.412173945897684));
#12343=CARTESIAN_POINT('',(-1.12525412593765,0.693941307207908,0.543587786259541));
#12344=CARTESIAN_POINT('',(-1.37102141440002,0.535234477525173,0.31));
#12345=CARTESIAN_POINT('',(-0.29783758811432,1.22825430047311,0.31));
#12346=CARTESIAN_POINT('',(-0.34676718299124,1.3040247879972,0.31));
#12347=CARTESIAN_POINT('',(-0.483391934283658,1.4300144351047,0.31));
#12348=CARTESIAN_POINT('',(-0.754988413229745,1.49731198710872,0.31));
#12349=CARTESIAN_POINT('',(-0.956595688661255,1.44435203733133,0.31));
#12350=CARTESIAN_POINT('',(-1.07484882952416,1.37871133458116,0.31));
#12351=CARTESIAN_POINT('',(-1.13230716654575,1.34295402764427,0.31));
#12352=CARTESIAN_POINT('',(-1.18855100259092,1.30536144706598,0.309999999999999));
#12353=CARTESIAN_POINT('',(-1.26078117072692,1.25126692907362,0.31));
#12354=CARTESIAN_POINT('',(-1.34103312597246,1.17117344412992,0.31));
#12355=CARTESIAN_POINT('',(-1.43654742823079,1.01649738546012,0.31));
#12356=CARTESIAN_POINT('',(-1.4787260109823,0.787811794676643,0.31));
#12357=CARTESIAN_POINT('',(-1.41995100927693,0.611004965049259,0.31));
#12358=CARTESIAN_POINT('',(-1.37102141440002,0.535234477525173,0.31));
#12359=CARTESIAN_POINT('',(1.22951806192596,-3.49186087126136,0.61));
#12360=CARTESIAN_POINT('',(0.549528929154706,-2.43885587028469,0.31));
#12361=CARTESIAN_POINT('',(0.685783217988275,-2.40815472293615,0.310000000000001));
#12362=CARTESIAN_POINT('',(0.812906986942137,-2.36435807080418,0.40741754077159));
#12363=CARTESIAN_POINT('',(0.842780596399449,-2.35366116217534,0.543636459611323));
#12364=CARTESIAN_POINT('',(0.549528929154705,-2.43885587028469,0.31));
#12365=CARTESIAN_POINT('',(0.842780606919348,-2.35366115898988,0.543636455703029));
#12366=CARTESIAN_POINT('',(1.22951806192596,-3.49186087126136,0.31));
#12367=CARTESIAN_POINT('',(1.47528535038833,-3.33315404157862,0.543587786259542));
#12368=CARTESIAN_POINT('',(0.,0.,0.31));
#12369=CARTESIAN_POINT('',(0.,0.,0.31));
#12370=CARTESIAN_POINT('',(-1.12525412593764,0.693941307207907,0.543587786259542));
#12371=CARTESIAN_POINT('',(-1.07254216271431,0.727980615782568,0.820000000000001));
#12372=CARTESIAN_POINT('',(-0.834429501257167,0.881744388999141,0.820000000000001));
#12373=CARTESIAN_POINT('',(-0.596316839800027,1.03550816221571,0.820000000000001));
#12374=CARTESIAN_POINT('',(-0.543604876576691,1.06954747079038,0.543587786259542));
#12375=CARTESIAN_POINT('',(-1.25201172829549,0.890233251831565,0.543587786259542));
#12376=CARTESIAN_POINT('',(-1.19929976507215,0.924272560406226,0.820000000000001));
#12377=CARTESIAN_POINT('',(-0.961187103615012,1.0780363336228,0.820000000000001));
#12378=CARTESIAN_POINT('',(-0.723074442157872,1.23180010683937,0.820000000000001));
#12379=CARTESIAN_POINT('',(-0.670362478934536,1.26583941541403,0.543587786259542));
#12380=CARTESIAN_POINT('',(-1.06958016184793,1.02681022362942,0.491978953511023));
#12381=CARTESIAN_POINT('',(-1.05148430149909,1.03849581712038,0.586870445170482));
#12382=CARTESIAN_POINT('',(-0.969740932337091,1.09128246357952,0.586870445170482));
#12383=CARTESIAN_POINT('',(-0.887997563175091,1.14406911003867,0.586870445170482));
#12384=CARTESIAN_POINT('',(-0.869901702826252,1.15575470352962,0.491978953511023));
#12385=CARTESIAN_POINT('',(-0.834429501257167,0.881744388999142,0.465));
#12386=CARTESIAN_POINT('',(1.76610997506881,-3.14535095978739,0.465));
#12387=CARTESIAN_POINT('',(0.842780603905873,-2.35366115791496,0.543636456280312));
#12388=CARTESIAN_POINT('',(0.877346579573164,-2.34128404332924,0.701027856680636));
#12389=CARTESIAN_POINT('',(1.17147118320902,-2.23029113913431,0.938846098740971));
#12390=CARTESIAN_POINT('',(1.42917898819973,-2.05151991921025,0.701265724416903));
#12391=CARTESIAN_POINT('',(1.45831288580095,-2.03059684012039,0.543710779263483));
#12392=CARTESIAN_POINT('',(1.76610997506881,-3.14535095978739,0.465));
#12393=CARTESIAN_POINT('',(1.76610997506881,-3.14535095978739,0.465));
#12394=CARTESIAN_POINT('',(1.5518928324325,-3.28368394862495,0.465));
#12395=CARTESIAN_POINT('',(0.810140429950611,-2.36870105390435,0.463980670804108));
#12396=CARTESIAN_POINT('',(1.1708644113735,-2.22372968554649,0.082428562130974));
#12397=CARTESIAN_POINT('',(1.4900930541654,-2.01147184977816,0.466305508759477));
#12398=CARTESIAN_POINT('',(1.16838603773426,-2.2250323144176,0.847420268599852));
#12399=CARTESIAN_POINT('',(0.810140429950611,-2.36870105390435,0.463980670804108));
#12400=CARTESIAN_POINT('',(1.1708644113735,-2.22372968554649,0.082428562130974));
#12401=CARTESIAN_POINT('',(1.4900930541654,-2.01147184977816,0.466305508759477));
#12402=CARTESIAN_POINT('',(1.16394852160166,-2.21251527431141,0.210000071347914));
#12403=CARTESIAN_POINT('',(1.34607636206604,-3.41659211436466,0.465));
#12404=CARTESIAN_POINT('',(1.64710515591701,-3.81581844774111,0.465));
#12405=CARTESIAN_POINT('',(1.49358047104951,-3.61221301771446,0.465));
#12406=CARTESIAN_POINT('',(0.976720660614095,-4.32130874025426,0.465));
#12407=CARTESIAN_POINT('',(1.45571171637294,-3.96048278533614,0.8475330991198));
#12408=CARTESIAN_POINT('',(1.6864281595787,-4.2650110577848,0.464983407834498));
#12409=CARTESIAN_POINT('',(1.454477318578,-3.96155068943366,0.0825332695422077));
#12410=CARTESIAN_POINT('',(1.22515547074018,-3.65472157533981,0.464883997612669));
#12411=CARTESIAN_POINT('',(1.45571171637294,-3.96048278533614,0.8475330991198));
#12412=CARTESIAN_POINT('',(1.6864281595787,-4.2650110577848,0.464983407834498));
#12413=CARTESIAN_POINT('',(1.454477318578,-3.96155068943366,0.0825332695422077));
#12414=CARTESIAN_POINT('',(1.60931694554429,-4.1636796176515,0.465));
#12415=CARTESIAN_POINT('',(2.57175827820944E-17,0.,-0.21));
#12416=CARTESIAN_POINT('',(-0.81013974888132,-2.36870122861038,-0.46426747308809));
#12417=CARTESIAN_POINT('',(-1.17061017047484,-2.22386351860018,-0.082428713738585));
#12418=CARTESIAN_POINT('',(-1.49009372534741,-2.01147129724224,-0.466017671953183));
#12419=CARTESIAN_POINT('',(-1.16864040721705,-2.22489882275283,-0.84742229239693));
#12420=CARTESIAN_POINT('',(-0.81013974888132,-2.36870122861038,-0.46426747308809));
#12421=CARTESIAN_POINT('',(-1.17061017047484,-2.22386351860018,-0.082428713738585));
#12422=CARTESIAN_POINT('',(-1.49009372534741,-2.01147129724224,-0.466017671953183));
#12423=CARTESIAN_POINT('',(-1.16377902602135,-2.21260443337556,-0.209999999999269));
#12424=CARTESIAN_POINT('',(-1.45831292458013,-2.03059681227036,-0.543710790182378));
#12425=CARTESIAN_POINT('',(-1.48287177956022,-2.01295938892077,-0.410419336236164));
#12426=CARTESIAN_POINT('',(-1.58598801276376,-1.93734739423462,-0.31));
#12427=CARTESIAN_POINT('',(-1.68684279400853,-1.84514535695741,-0.31));
#12428=CARTESIAN_POINT('',(-1.45831286731769,-2.03059685319958,-0.543710774215968));
#12429=CARTESIAN_POINT('',(-1.68684279400853,-1.84514535695741,-0.31));
#12430=CARTESIAN_POINT('',(3.7964050773568E-17,0.,-0.31));
#12431=CARTESIAN_POINT('',(-0.549528929154705,-2.43885587028469,-0.31));
#12432=CARTESIAN_POINT('',(-0.549528929154706,-2.43885587028469,-0.31));
#12433=CARTESIAN_POINT('',(-0.685783217985696,-2.40815472293674,-0.310000000000001));
#12434=CARTESIAN_POINT('',(-0.812906986937644,-2.36435807080577,-0.407417540767459));
#12435=CARTESIAN_POINT('',(-0.842780596397793,-2.35366116217594,-0.543636459603771));
#12436=CARTESIAN_POINT('',(-0.842780606917689,-2.35366115899047,-0.543636455695478));
#12437=CARTESIAN_POINT('',(-0.842780603904213,-2.35366115791556,-0.543636456272761));
#12438=CARTESIAN_POINT('',(-0.87734657956466,-2.34128404333232,-0.701027856657749));
#12439=CARTESIAN_POINT('',(-1.17147118313839,-2.23029113916711,-0.938846098714333));
#12440=CARTESIAN_POINT('',(-1.42917898814599,-2.05151991924844,-0.701265724492046));
#12441=CARTESIAN_POINT('',(-1.45831288578211,-2.03059684013392,-0.543710779365374));
#12442=CARTESIAN_POINT('',(-2.30270188821166,-2.79884104831342,-0.61));
#12443=CARTESIAN_POINT('',(0.543604876576696,1.06954747079038,-0.543587786259543));
#12444=CARTESIAN_POINT('',(0.518544183973959,1.08573067848054,-0.412173945897683));
#12445=CARTESIAN_POINT('',(0.411042785733582,1.15515084504515,-0.309999999999999));
#12446=CARTESIAN_POINT('',(0.297837588114322,1.22825430047312,-0.31));
#12447=CARTESIAN_POINT('',(0.543604876576692,1.06954747079038,-0.543587786259542));
#12448=CARTESIAN_POINT('',(0.297837588114322,1.22825430047311,-0.31));
#12449=CARTESIAN_POINT('',(-2.30270188821166,-2.79884104831342,-0.31));
#12450=CARTESIAN_POINT('',(-2.05693459974928,-2.95754787799615,-0.543587786259542));
#12451=CARTESIAN_POINT('',(1.37102141440002,0.535234477525173,-0.31));
#12452=CARTESIAN_POINT('',(1.41995100927693,0.611004965049259,-0.31));
#12453=CARTESIAN_POINT('',(1.4787260109823,0.787811794676643,-0.31));
#12454=CARTESIAN_POINT('',(1.43654742823079,1.01649738546012,-0.31));
#12455=CARTESIAN_POINT('',(1.34103312597246,1.17117344412992,-0.31));
#12456=CARTESIAN_POINT('',(1.26078117072692,1.25126692907362,-0.31));
#12457=CARTESIAN_POINT('',(1.18855100259092,1.30536144706598,-0.309999999999999));
#12458=CARTESIAN_POINT('',(1.13230716654575,1.34295402764427,-0.309999999999999));
#12459=CARTESIAN_POINT('',(1.07484882952416,1.37871133458116,-0.309999999999999));
#12460=CARTESIAN_POINT('',(0.956595688661255,1.44435203733133,-0.31));
#12461=CARTESIAN_POINT('',(0.754988413229745,1.49731198710872,-0.31));
#12462=CARTESIAN_POINT('',(0.483391934283658,1.4300144351047,-0.31));
#12463=CARTESIAN_POINT('',(0.34676718299124,1.3040247879972,-0.31));
#12464=CARTESIAN_POINT('',(0.29783758811432,1.22825430047311,-0.31));
#12465=CARTESIAN_POINT('',(1.31441881559039,0.571786205239154,-0.31));
#12466=CARTESIAN_POINT('',(1.35719659341928,0.638030225641245,-0.31));
#12467=CARTESIAN_POINT('',(1.4084431185582,0.792717693414187,-0.310019887100418));
#12468=CARTESIAN_POINT('',(1.37092664640661,0.992596766627617,-0.310016630986813));
#12469=CARTESIAN_POINT('',(1.28592864503989,1.12743332361355,-0.310001118705513));
#12470=CARTESIAN_POINT('',(1.21369242467888,1.19689920379053,-0.309956610065709));
#12471=CARTESIAN_POINT('',(1.14612334549403,1.24447417403066,-0.309896686864078));
#12472=CARTESIAN_POINT('',(1.09147034008165,1.27957278723424,-0.309861912459546));
#12473=CARTESIAN_POINT('',(1.0368714598542,1.31496198466658,-0.30989712622457));
#12474=CARTESIAN_POINT('',(0.930576382034311,1.3780853177248,-0.30998895027833));
#12475=CARTESIAN_POINT('',(0.754788470480324,1.42595626188494,-0.310013287337605));
#12476=CARTESIAN_POINT('',(0.516596782415015,1.36817423422558,-0.310023020923016));
#12477=CARTESIAN_POINT('',(0.397217964752849,1.25794659316122,-0.31));
#12478=CARTESIAN_POINT('',(0.35444018692395,1.19170257275913,-0.31));
#12479=CARTESIAN_POINT('',(1.20139817576671,0.644770480515787,-0.357110257193683));
#12480=CARTESIAN_POINT('',(1.23192666017553,0.692045716553329,-0.357110257193683));
#12481=CARTESIAN_POINT('',(1.26822255208494,0.802480534864239,-0.357309275367564));
#12482=CARTESIAN_POINT('',(1.24004748065296,0.944941560455123,-0.358285022169175));
#12483=CARTESIAN_POINT('',(1.17607297000603,1.04020238017713,-0.360488113199041));
#12484=CARTESIAN_POINT('',(1.11985470114804,1.08858548997077,-0.363492713343853));
#12485=CARTESIAN_POINT('',(1.06164825873926,1.12327178086382,-0.367505057220918));
#12486=CARTESIAN_POINT('',(1.01020478886077,1.15347196903498,-0.369497549642006));
#12487=CARTESIAN_POINT('',(0.961254969274364,1.18806188771185,-0.367502447202596));
#12488=CARTESIAN_POINT('',(0.878674741983016,1.24600670908758,-0.361482465129412));
#12489=CARTESIAN_POINT('',(0.754404247176261,1.28365224857838,-0.358470881639495));
#12490=CARTESIAN_POINT('',(0.582791891995623,1.24479838331744,-0.3573008279044));
#12491=CARTESIAN_POINT('',(0.497989311156444,1.16599353352004,-0.357110257193683));
#12492=CARTESIAN_POINT('',(0.467460826747625,1.1187182974825,-0.357110257193683));
#12493=CARTESIAN_POINT('',(1.13778447223901,0.685849703362827,-0.477880866078613));
#12494=CARTESIAN_POINT('',(1.1613572557758,0.722353608726746,-0.477880866078613));
#12495=CARTESIAN_POINT('',(1.18931666619266,0.807903771630166,-0.478541785935783));
#12496=CARTESIAN_POINT('',(1.16756042846286,0.918237532629515,-0.481610351098408));
#12497=CARTESIAN_POINT('',(1.11729756372701,0.993274378925568,-0.488444212869623));
#12498=CARTESIAN_POINT('',(1.07204411550337,1.03295069682689,-0.497630372672008));
#12499=CARTESIAN_POINT('',(1.02125190019955,1.06512650361753,-0.509631221853381));
#12500=CARTESIAN_POINT('',(0.972600306470118,1.09503562973241,-0.515475157197386));
#12501=CARTESIAN_POINT('',(0.924977980063084,1.12726344110911,-0.509628219426393));
#12502=CARTESIAN_POINT('',(0.85064433991201,1.17642715231542,-0.491602359442305));
#12503=CARTESIAN_POINT('',(0.753772202639598,1.20490782253671,-0.48216251534751));
#12504=CARTESIAN_POINT('',(0.619992458838439,1.17530383058514,-0.47855949691157));
#12505=CARTESIAN_POINT('',(0.554647313812109,1.11414297999938,-0.477880866078613));
#12506=CARTESIAN_POINT('',(0.531074530275324,1.07763907463546,-0.477880866078613));
#12507=CARTESIAN_POINT('',(1.12525412593764,0.693941307207907,-0.543587786259542));
#12508=CARTESIAN_POINT('',(1.1474948508817,0.728382437900673,-0.543587786259542));
#12509=CARTESIAN_POINT('',(1.1740321570284,0.808864513883943,-0.544426289236014));
#12510=CARTESIAN_POINT('',(1.15426468299695,0.913196989715061,-0.548349403996149));
#12511=CARTESIAN_POINT('',(1.10779638477312,0.985475606530193,-0.557016800778954));
#12512=CARTESIAN_POINT('',(1.06578113861546,1.02545736713233,-0.56858838417213));
#12513=CARTESIAN_POINT('',(1.01767126152501,1.05991170341393,-0.58346813690247));
#12514=CARTESIAN_POINT('',(0.970125793419027,1.0911931147339,-0.590618967022138));
#12515=CARTESIAN_POINT('',(0.92168720046331,1.12186056610785,-0.583468139717581));
#12516=CARTESIAN_POINT('',(0.845925723518881,1.16591047162797,-0.561096420593395));
#12517=CARTESIAN_POINT('',(0.753442230670567,1.19052808319409,-0.549031879173526));
#12518=CARTESIAN_POINT('',(0.627076244057482,1.16181941432093,-0.544482030001396));
#12519=CARTESIAN_POINT('',(0.565845601520747,1.10398860148314,-0.543587786259542));
#12520=CARTESIAN_POINT('',(0.543604876576692,1.06954747079038,-0.543587786259542));
#12521=CARTESIAN_POINT('',(0.543604876576692,1.06954747079038,-0.543587786259542));
#12522=CARTESIAN_POINT('',(0.582526145228788,1.12981944950271,-0.543587786259542));
#12523=CARTESIAN_POINT('',(0.687535501614064,1.18856932361286,-0.547198564859812));
#12524=CARTESIAN_POINT('',(0.825109662359427,1.17906453561595,-0.552948198531012));
#12525=CARTESIAN_POINT('',(0.971562239296793,1.09279199673624,-0.60588785959791));
#12526=CARTESIAN_POINT('',(1.10850301611783,0.996312205896473,-0.552912507785951));
#12527=CARTESIAN_POINT('',(1.17524052915971,0.873533934220897,-0.547273380480957));
#12528=CARTESIAN_POINT('',(1.16417539458974,0.754213285920248,-0.543587786259542));
#12529=CARTESIAN_POINT('',(1.12525412593764,0.693941307207907,-0.543587786259542));
#12530=CARTESIAN_POINT('',(1.12525412593764,0.693941307207907,-0.543587786259542));
#12531=CARTESIAN_POINT('',(1.37102141440002,0.535234477525175,-0.31));
#12532=CARTESIAN_POINT('',(1.25781621678076,0.608337932953137,-0.310000000000001));
#12533=CARTESIAN_POINT('',(1.15031481854039,0.677758099517748,-0.412173945897684));
#12534=CARTESIAN_POINT('',(1.12525412593765,0.693941307207908,-0.54358778625954));
#12535=CARTESIAN_POINT('',(1.37102141440002,0.535234477525175,-0.31));
#12536=CARTESIAN_POINT('',(0.29783758811432,1.22825430047311,-0.31));
#12537=CARTESIAN_POINT('',(0.34676718299124,1.3040247879972,-0.31));
#12538=CARTESIAN_POINT('',(0.483391934283658,1.4300144351047,-0.31));
#12539=CARTESIAN_POINT('',(0.754988413229745,1.49731198710872,-0.31));
#12540=CARTESIAN_POINT('',(0.956595688661255,1.44435203733133,-0.31));
#12541=CARTESIAN_POINT('',(1.07484882952416,1.37871133458116,-0.309999999999999));
#12542=CARTESIAN_POINT('',(1.13230716654575,1.34295402764427,-0.309999999999999));
#12543=CARTESIAN_POINT('',(1.18855100259092,1.30536144706598,-0.309999999999999));
#12544=CARTESIAN_POINT('',(1.26078117072692,1.25126692907362,-0.31));
#12545=CARTESIAN_POINT('',(1.34103312597246,1.17117344412992,-0.31));
#12546=CARTESIAN_POINT('',(1.43654742823079,1.01649738546012,-0.31));
#12547=CARTESIAN_POINT('',(1.4787260109823,0.787811794676643,-0.31));
#12548=CARTESIAN_POINT('',(1.41995100927693,0.611004965049259,-0.31));
#12549=CARTESIAN_POINT('',(1.37102141440002,0.535234477525173,-0.31));
#12550=CARTESIAN_POINT('',(-1.22951806192596,-3.49186087126136,-0.61));
#12551=CARTESIAN_POINT('',(-1.22951806192596,-3.49186087126136,-0.31));
#12552=CARTESIAN_POINT('',(-1.47528535038833,-3.33315404157862,-0.543587786259542));
#12553=CARTESIAN_POINT('',(3.7964050773568E-17,0.,-0.31));
#12554=CARTESIAN_POINT('',(1.12525412593764,0.693941307207907,-0.543587786259542));
#12555=CARTESIAN_POINT('',(1.07254216271431,0.727980615782568,-0.820000000000001));
#12556=CARTESIAN_POINT('',(0.834429501257167,0.881744388999141,-0.820000000000001));
#12557=CARTESIAN_POINT('',(0.596316839800027,1.03550816221571,-0.820000000000001));
#12558=CARTESIAN_POINT('',(0.543604876576691,1.06954747079038,-0.543587786259542));
#12559=CARTESIAN_POINT('',(1.25201172829549,0.890233251831565,-0.543587786259542));
#12560=CARTESIAN_POINT('',(1.19929976507215,0.924272560406226,-0.820000000000001));
#12561=CARTESIAN_POINT('',(0.961187103615012,1.0780363336228,-0.820000000000001));
#12562=CARTESIAN_POINT('',(0.723074442157872,1.23180010683937,-0.820000000000001));
#12563=CARTESIAN_POINT('',(0.670362478934536,1.26583941541403,-0.543587786259542));
#12564=CARTESIAN_POINT('',(1.06958016184793,1.02681022362942,-0.491978953511023));
#12565=CARTESIAN_POINT('',(1.05148430149909,1.03849581712038,-0.586870445170482));
#12566=CARTESIAN_POINT('',(0.969740932337091,1.09128246357952,-0.586870445170482));
#12567=CARTESIAN_POINT('',(0.887997563175091,1.14406911003867,-0.586870445170482));
#12568=CARTESIAN_POINT('',(0.869901702826252,1.15575470352962,-0.491978953511023));
#12569=CARTESIAN_POINT('',(0.834429501257167,0.881744388999142,-0.465));
#12570=CARTESIAN_POINT('',(-1.76610997506881,-3.14535095978739,-0.465000000000001));
#12571=CARTESIAN_POINT('',(-1.76610997506881,-3.14535095978739,-0.465000000000001));
#12572=CARTESIAN_POINT('',(-1.76610997506881,-3.14535095978739,-0.465000000000001));
#12573=CARTESIAN_POINT('',(-1.5518928324325,-3.28368394862495,-0.465000000000001));
#12574=CARTESIAN_POINT('',(-1.34607636206604,-3.41659211436466,-0.465000000000001));
#12575=CARTESIAN_POINT('',(-1.64710515591701,-3.81581844774111,-0.465000000000001));
#12576=CARTESIAN_POINT('',(-1.49358047104951,-3.61221301771446,-0.465000000000001));
#12577=CARTESIAN_POINT('',(-0.976720660614095,-4.32130874025426,-0.465000000000001));
#12578=CARTESIAN_POINT('',(-1.45571171637294,-3.96048278533614,-0.847533099119802));
#12579=CARTESIAN_POINT('',(-1.6864281595787,-4.2650110577848,-0.464983407834498));
#12580=CARTESIAN_POINT('',(-1.45447731857799,-3.96155068943367,-0.0825332695422082));
#12581=CARTESIAN_POINT('',(-1.22515547074019,-3.65472157533981,-0.464883997612673));
#12582=CARTESIAN_POINT('',(-1.45571171637294,-3.96048278533614,-0.847533099119802));
#12583=CARTESIAN_POINT('',(-1.6864281595787,-4.2650110577848,-0.464983407834498));
#12584=CARTESIAN_POINT('',(-1.45447731857799,-3.96155068943367,-0.0825332695422082));
#12585=CARTESIAN_POINT('',(-1.60931694554429,-4.1636796176515,-0.465));
#12586=CARTESIAN_POINT('',(1.40168443454896,0.813028738262922,-1.21));
#12587=CARTESIAN_POINT('',(-0.448189873722993,-2.05161542134294,-1.21));
#12588=CARTESIAN_POINT('',(-0.448189873722993,-2.05161542134294,-0.71));
#12589=CARTESIAN_POINT('',(-0.686661893612542,-1.89761958861233,-0.798397790055249));
#12590=CARTESIAN_POINT('',(1.16321241465942,0.967024570993536,-0.798397790055249));
#12591=CARTESIAN_POINT('',(1.08184006828438,0.841014487089822,-0.798397790055249));
#12592=CARTESIAN_POINT('',(1.08184006828438,0.841014487089824,-0.798397790055246));
#12593=CARTESIAN_POINT('',(1.15142861211216,0.796076947833714,-0.741267109465485));
#12594=CARTESIAN_POINT('',(1.23577835372541,0.74160720875757,-0.709999999999999));
#12595=CARTESIAN_POINT('',(1.32031208817393,0.687018654359209,-0.71));
#12596=CARTESIAN_POINT('',(1.32031208817393,0.687018654359208,-0.71));
#12597=CARTESIAN_POINT('',(1.40168443454896,0.813028738262922,-0.71));
#12598=CARTESIAN_POINT('',(0.69551539606331,1.09048773611342,-0.798397790055249));
#12599=CARTESIAN_POINT('',(0.704368429660124,1.10419720322397,-0.798397790055249));
#12600=CARTESIAN_POINT('',(0.735270074067442,1.12289627294866,-0.802886800511496));
#12601=CARTESIAN_POINT('',(0.808228041770995,1.11669306212302,-0.818447290687484));
#12602=CARTESIAN_POINT('',(0.92706604135453,1.06529809628367,-0.839620419208494));
#12603=CARTESIAN_POINT('',(1.04758622265168,0.975539977083273,-0.824879292912452));
#12604=CARTESIAN_POINT('',(1.09495565879107,0.890736211787451,-0.802283027565356));
#12605=CARTESIAN_POINT('',(1.09069258588094,0.854723155142247,-0.798397790055249));
#12606=CARTESIAN_POINT('',(1.08184006828438,0.841014487089822,-0.798397790055249));
#12607=CARTESIAN_POINT('',(0.625926852235526,1.13542527536953,-0.741267109465488));
#12608=CARTESIAN_POINT('',(0.64338422192915,1.16245908621348,-0.741267109465488));
#12609=CARTESIAN_POINT('',(0.698486229307339,1.20299830587475,-0.742938399416026));
#12610=CARTESIAN_POINT('',(0.812847353689801,1.20695148987534,-0.748771935499882));
#12611=CARTESIAN_POINT('',(0.974233418263554,1.14685631311069,-0.756946776529677));
#12612=CARTESIAN_POINT('',(1.12482596616287,1.03052879453892,-0.75120885165734));
#12613=CARTESIAN_POINT('',(1.18336299861363,0.890323431606401,-0.742696741730035));
#12614=CARTESIAN_POINT('',(1.16888496430066,0.823109183008383,-0.741267109465488));
#12615=CARTESIAN_POINT('',(1.15142861211216,0.796076947833713,-0.741267109465488));
#12616=CARTESIAN_POINT('',(0.541577110622277,1.18989501444567,-0.71));
#12617=CARTESIAN_POINT('',(0.569474341066851,1.23309559186051,-0.71));
#12618=CARTESIAN_POINT('',(0.653029000933342,1.30089473569284,-0.70999132976714));
#12619=CARTESIAN_POINT('',(0.817880815889273,1.32185643998969,-0.709917920014008));
#12620=CARTESIAN_POINT('',(1.03723631436237,1.2569854090645,-0.70980252350913));
#12621=CARTESIAN_POINT('',(1.22553502633662,1.1001407962425,-0.709884115077766));
#12622=CARTESIAN_POINT('',(1.29139093256043,0.889131559105403,-0.709993698440483));
#12623=CARTESIAN_POINT('',(1.26367395817617,0.784805268220969,-0.71));
#12624=CARTESIAN_POINT('',(1.23577835372541,0.74160720875757,-0.71));
#12625=CARTESIAN_POINT('',(0.457043376173761,1.24448356884403,-0.71));
#12626=CARTESIAN_POINT('',(0.495406521759957,1.30389125965642,-0.71));
#12627=CARTESIAN_POINT('',(0.607456350919553,1.39903514259139,-0.71));
#12628=CARTESIAN_POINT('',(0.822921334323292,1.43717374890514,-0.71));
#12629=CARTESIAN_POINT('',(1.10056844106056,1.36771255708592,-0.71));
#12630=CARTESIAN_POINT('',(1.32666804413078,1.1700056227075,-0.71));
#12631=CARTESIAN_POINT('',(1.39968072785525,0.887927624759699,-0.71));
#12632=CARTESIAN_POINT('',(1.35867299775904,0.746422882586381,-0.71));
#12633=CARTESIAN_POINT('',(1.32031208817393,0.687018654359208,-0.71));
#12634=CARTESIAN_POINT('',(0.457043376173761,1.24448356884403,-0.71));
#12635=CARTESIAN_POINT('',(0.541577110622276,1.18989501444567,-0.710000000000001));
#12636=CARTESIAN_POINT('',(0.625926852235524,1.13542527536953,-0.741267109465488));
#12637=CARTESIAN_POINT('',(0.695515396063307,1.09048773611342,-0.798397790055248));
#12638=CARTESIAN_POINT('',(0.457043376173761,1.24448356884403,-0.71));
#12639=CARTESIAN_POINT('',(0.69551539606331,1.09048773611342,-0.798397790055249));
#12640=CARTESIAN_POINT('',(0.457043376173761,1.24448356884403,-0.71));
#12641=CARTESIAN_POINT('',(0.495406521759957,1.30389125965642,-0.71));
#12642=CARTESIAN_POINT('',(0.607456350919553,1.39903514259139,-0.71));
#12643=CARTESIAN_POINT('',(0.822921334323292,1.43717374890514,-0.71));
#12644=CARTESIAN_POINT('',(1.10056844106056,1.36771255708592,-0.71));
#12645=CARTESIAN_POINT('',(1.32666804413078,1.1700056227075,-0.71));
#12646=CARTESIAN_POINT('',(1.39968072785525,0.887927624759699,-0.71));
#12647=CARTESIAN_POINT('',(1.35867299775904,0.746422882586381,-0.71));
#12648=CARTESIAN_POINT('',(1.32031208817393,0.687018654359208,-0.71));
#12649=CARTESIAN_POINT('',(0.69551539606331,1.09048773611342,-0.798397790055248));
#12650=CARTESIAN_POINT('',(0.727582427305152,1.14014550656413,-0.798397790055247));
#12651=CARTESIAN_POINT('',(0.963794243359764,1.08207364989328,-0.867316739370146));
#12652=CARTESIAN_POINT('',(1.1139487647645,0.890736778725003,-0.798397790055247));
#12653=CARTESIAN_POINT('',(1.08184006828438,0.841014487089822,-0.798397790055248));
#12654=CARTESIAN_POINT('',(0.538415722548798,1.37049365274775,-1.21));
#12655=CARTESIAN_POINT('',(0.776887742438347,1.21649782001713,-0.798397790055249));
#12656=CARTESIAN_POINT('',(-1.13433444637939,-1.74314730636999,-0.798397790055249));
#12657=CARTESIAN_POINT('',(-1.37280646626893,-1.58915147363938,-1.21));
#12658=CARTESIAN_POINT('',(-1.37280646626893,-1.58915147363938,-0.71));
#12659=CARTESIAN_POINT('',(0.538415722548798,1.37049365274775,-0.71));
#12660=CARTESIAN_POINT('',(-1.37280646626893,-1.58915147363938,-0.71));
#12661=CARTESIAN_POINT('',(-1.41018650298138,-1.66149151562157,-0.71));
#12662=CARTESIAN_POINT('',(-1.54525033908215,-1.75692818697079,-0.68158407626832));
#12663=CARTESIAN_POINT('',(-1.76530133717176,-1.82946017987526,-0.568920113025331));
#12664=CARTESIAN_POINT('',(-1.926976438333,-1.89591096773861,-0.391911470242864));
#12665=CARTESIAN_POINT('',(-1.9778232913245,-1.97799567168894,-0.163933024610405));
#12666=CARTESIAN_POINT('',(-1.88209306487787,-2.08260039809058,0.0413010938085512));
#12667=CARTESIAN_POINT('',(-1.73597885159455,-2.17622874651804,0.150410044981061));
#12668=CARTESIAN_POINT('',(-1.56114703023467,-2.2784218481844,0.228823980811607));
#12669=CARTESIAN_POINT('',(-1.33024107542368,-2.40533536275523,0.270856861640279));
#12670=CARTESIAN_POINT('',(-1.02231279600655,-2.57583790834315,0.216764098973091));
#12671=CARTESIAN_POINT('',(-0.774979724096081,-2.69890398561099,0.0624651085898362));
#12672=CARTESIAN_POINT('',(-0.61525728530675,-2.7298617051791,-0.157644496725198));
#12673=CARTESIAN_POINT('',(-0.550239621018171,-2.65144874565318,-0.384372575320831));
#12674=CARTESIAN_POINT('',(-0.547176567735745,-2.48752491332532,-0.566043968297411));
#12675=CARTESIAN_POINT('',(-0.563761831142765,-2.26845009290369,-0.68309794468333));
#12676=CARTESIAN_POINT('',(-0.511127530344043,-2.11450508747373,-0.71));
#12677=CARTESIAN_POINT('',(-0.448189873722993,-2.05161542134294,-0.71));
#12678=CARTESIAN_POINT('',(-1.33053959904468,-1.61644575083856,-0.71));
#12679=CARTESIAN_POINT('',(-1.37344945839253,-1.69494016043304,-0.710791403101526));
#12680=CARTESIAN_POINT('',(-1.51217578673269,-1.80768868383862,-0.677517525272496));
#12681=CARTESIAN_POINT('',(-1.7192022870086,-1.90026899494684,-0.553651328457391));
#12682=CARTESIAN_POINT('',(-1.85320772630657,-1.97611892904724,-0.379848511317168));
#12683=CARTESIAN_POINT('',(-1.88317944743176,-2.05498348364547,-0.191112031197013));
#12684=CARTESIAN_POINT('',(-1.8105957764961,-2.14955220425106,-0.0310778698935918));
#12685=CARTESIAN_POINT('',(-1.69463438978471,-2.2342478694667,0.0641425134394136));
#12686=CARTESIAN_POINT('',(-1.54916051588441,-2.32611053905954,0.136008895224986));
#12687=CARTESIAN_POINT('',(-1.34882800603327,-2.43916867835398,0.178687682405848));
#12688=CARTESIAN_POINT('',(-1.07570659519836,-2.58451694168346,0.128470475292316));
#12689=CARTESIAN_POINT('',(-0.859805132110209,-2.67797976032012,-0.00796471252015173));
#12690=CARTESIAN_POINT('',(-0.718000127536957,-2.69494419488748,-0.187434589118247));
#12691=CARTESIAN_POINT('',(-0.64694521573275,-2.6298819568981,-0.381450743816248));
#12692=CARTESIAN_POINT('',(-0.624469725742415,-2.48098272635733,-0.557417024056862));
#12693=CARTESIAN_POINT('',(-0.618505918217322,-2.26170220279233,-0.682545697201853));
#12694=CARTESIAN_POINT('',(-0.554731827065068,-2.09504356306169,-0.711892893373874));
#12695=CARTESIAN_POINT('',(-0.490456740947251,-2.02432114414376,-0.71));
#12696=CARTESIAN_POINT('',(-1.2460101408154,-1.67103154382305,-0.725298228488793));
#12697=CARTESIAN_POINT('',(-1.30111403131154,-1.76315075268593,-0.726862286640782));
#12698=CARTESIAN_POINT('',(-1.44923055934692,-1.91317662093094,-0.69001973514717));
#12699=CARTESIAN_POINT('',(-1.64407388680743,-2.06009489967628,-0.560210327231168));
#12700=CARTESIAN_POINT('',(-1.74911775221276,-2.17873671618449,-0.398902177449854));
#12701=CARTESIAN_POINT('',(-1.7610223514625,-2.27389642570216,-0.267188806531053));
#12702=CARTESIAN_POINT('',(-1.72797916206953,-2.34941974494106,-0.167568262601081));
#12703=CARTESIAN_POINT('',(-1.65877749668539,-2.40867287431004,-0.0899059557377021));
#12704=CARTESIAN_POINT('',(-1.56002682918251,-2.47283053767726,-0.0260844119391405));
#12705=CARTESIAN_POINT('',(-1.41134427535825,-2.55300406241247,0.0177300321476332));
#12706=CARTESIAN_POINT('',(-1.20446987911892,-2.65637576263832,-0.027044674216323));
#12707=CARTESIAN_POINT('',(-1.04971834779905,-2.70793202672955,-0.139870230851401));
#12708=CARTESIAN_POINT('',(-0.939072443961934,-2.69921944880399,-0.264121795327119));
#12709=CARTESIAN_POINT('',(-0.850177915265735,-2.63578880588566,-0.409879622103103));
#12710=CARTESIAN_POINT('',(-0.783640500830803,-2.48790946536814,-0.570691379443603));
#12711=CARTESIAN_POINT('',(-0.729087261853841,-2.2522806528955,-0.698428514473448));
#12712=CARTESIAN_POINT('',(-0.64229070969358,-2.05772618309149,-0.729039173282343));
#12713=CARTESIAN_POINT('',(-0.574986199176532,-1.96973535115926,-0.725298228488793));
#12714=CARTESIAN_POINT('',(-1.16912871829328,-1.72067853674194,-0.769832449760368));
#12715=CARTESIAN_POINT('',(-1.23719208070677,-1.8280599676693,-0.770576472248102));
#12716=CARTESIAN_POINT('',(-1.40112773134887,-2.015748561095,-0.742095597520219));
#12717=CARTESIAN_POINT('',(-1.62129929628088,-2.21905950957064,-0.637789092504133));
#12718=CARTESIAN_POINT('',(-1.77161026972715,-2.3859143648272,-0.495600937214279));
#12719=CARTESIAN_POINT('',(-1.82988808283438,-2.51126558684926,-0.347964859078654));
#12720=CARTESIAN_POINT('',(-1.80158493283755,-2.58471812653582,-0.222170994691257));
#12721=CARTESIAN_POINT('',(-1.7300194450992,-2.62585337809,-0.14307694080144));
#12722=CARTESIAN_POINT('',(-1.63603834757542,-2.66857084806514,-0.082169850655407));
#12723=CARTESIAN_POINT('',(-1.50417636446794,-2.72300266137025,-0.0446078283925752));
#12724=CARTESIAN_POINT('',(-1.33420730352456,-2.81119468938197,-0.0869052986288029));
#12725=CARTESIAN_POINT('',(-1.20401268593285,-2.86692721177733,-0.200027161366626));
#12726=CARTESIAN_POINT('',(-1.10028689475638,-2.84718491382745,-0.342839139863686));
#12727=CARTESIAN_POINT('',(-1.00708886313718,-2.73714522355703,-0.497101978804213));
#12728=CARTESIAN_POINT('',(-0.921085382215167,-2.53456977139934,-0.641398354725139));
#12729=CARTESIAN_POINT('',(-0.831672656501114,-2.25320305190274,-0.7466755549286));
#12730=CARTESIAN_POINT('',(-0.723563028163656,-2.02637460632402,-0.771612017258055));
#12731=CARTESIAN_POINT('',(-0.65186762169865,-1.92008835824038,-0.769832449760368));
#12732=CARTESIAN_POINT('',(-1.13433444637939,-1.74314730636999,-0.798397790055249));
#12733=CARTESIAN_POINT('',(-1.20868616694614,-1.85828551934251,-0.798397790055249));
#12734=CARTESIAN_POINT('',(-1.38227607607438,-2.06363456904634,-0.776598044303715));
#12735=CARTESIAN_POINT('',(-1.62473346201298,-2.28894051270528,-0.690166021989442));
#12736=CARTESIAN_POINT('',(-1.81315036643654,-2.47006745545437,-0.554370914819307));
#12737=CARTESIAN_POINT('',(-1.90487959551278,-2.60436606470258,-0.37947348060088));
#12738=CARTESIAN_POINT('',(-1.86944571055729,-2.6827916200125,-0.222024733084523));
#12739=CARTESIAN_POINT('',(-1.7851757140432,-2.72208823650868,-0.138319997062675));
#12740=CARTESIAN_POINT('',(-1.68315498419169,-2.76065052829971,-0.0781634496062497));
#12741=CARTESIAN_POINT('',(-1.55048337127513,-2.80809573825859,-0.0459172300597074));
#12742=CARTESIAN_POINT('',(-1.38796599542108,-2.89585758928634,-0.0874153873702901));
#12743=CARTESIAN_POINT('',(-1.25612272916352,-2.96285287696402,-0.205788409195485));
#12744=CARTESIAN_POINT('',(-1.14845838779722,-2.94243872224004,-0.374649132452161));
#12745=CARTESIAN_POINT('',(-1.06078471960692,-2.8038934890337,-0.548587326923321));
#12746=CARTESIAN_POINT('',(-0.977554887071995,-2.56575515891407,-0.687959540004009));
#12747=CARTESIAN_POINT('',(-0.878655988134417,-2.25642305093296,-0.777759433490291));
#12748=CARTESIAN_POINT('',(-0.761013614179299,-2.01275780158484,-0.798397790055249));
#12749=CARTESIAN_POINT('',(-0.686661893612542,-1.89761958861233,-0.798397790055249));
#12750=CARTESIAN_POINT('',(-1.89585499998969,-2.06051785214642,-0.0100188076193026));
#12751=CARTESIAN_POINT('',(-1.88657801462169,-2.06905348268048,-0.00333404833395497));
#12752=CARTESIAN_POINT('',(-1.8772433839514,-2.07752646116886,0.00335071095139265));
#12753=CARTESIAN_POINT('',(-1.86785195942804,-2.08593601475713,0.0100354702367403));
#12754=CARTESIAN_POINT('',(-1.89586268189393,-2.06051078410232,-0.0100000000000024));
#12755=CARTESIAN_POINT('',(-1.86761009011264,-2.08615189989249,0.00942408025310539));
#12756=CARTESIAN_POINT('',(-1.37280646626893,-1.58915147363938,-0.71));
#12757=CARTESIAN_POINT('',(-1.38732484957202,-1.61724830151942,-0.71));
#12758=CARTESIAN_POINT('',(-1.44084464009841,-1.67862938718593,-0.703706478484595));
#12759=CARTESIAN_POINT('',(-1.54189778264032,-1.74611061819952,-0.679539095616207));
#12760=CARTESIAN_POINT('',(-1.69340753565767,-1.81081421850535,-0.601933057399597));
#12761=CARTESIAN_POINT('',(-1.75872426683073,-1.83378579070054,-0.555069572910814));
#12762=CARTESIAN_POINT('',(-1.80835543743316,-1.84979707029025,-0.513064251381206));
#12763=CARTESIAN_POINT('',(-1.8075831493241,-1.84743715180641,-0.516433523884779));
#12764=CARTESIAN_POINT('',(-1.87536642386428,-1.87772431779516,-0.441707695022613));
#12765=CARTESIAN_POINT('',(-1.92185501562663,-1.9058955225916,-0.363853501591675));
#12766=CARTESIAN_POINT('',(-1.97410370383078,-1.96177738740359,-0.209704856902808));
#12767=CARTESIAN_POINT('',(-1.94337580485795,-2.01678269184733,-0.0853589795323343));
#12768=CARTESIAN_POINT('',(-1.89591498964245,-2.06046265088766,-0.0100639258695687));
#12769=CARTESIAN_POINT('',(-1.10322787352319,-2.86540532504089,-0.464854456987047));
#12770=CARTESIAN_POINT('',(-1.1410485130949,-2.92392573366269,-0.393636240838683));
#12771=CARTESIAN_POINT('',(-1.22513671427006,-2.96186539702143,-0.255425561865872));
#12772=CARTESIAN_POINT('',(-1.28540270982085,-2.94236961837517,-0.178265494359395));
#12773=CARTESIAN_POINT('',(-1.40875448939555,-2.88521280700826,-0.0789464685841079));
#12774=CARTESIAN_POINT('',(-1.5345036160238,-2.82031732461191,-0.0586149867133954));
#12775=CARTESIAN_POINT('',(-1.60703158102441,-2.78899070477296,-0.0527139974887411));
#12776=CARTESIAN_POINT('',(-1.78939700443285,-2.71697693322572,-0.136896937935767));
#12777=CARTESIAN_POINT('',(-1.81451519625949,-2.71189290704736,-0.164730435542075));
#12778=CARTESIAN_POINT('',(-1.890779021994,-2.64941543240157,-0.286651567192885));
#12779=CARTESIAN_POINT('',(-1.88709445299051,-2.57139328889376,-0.428642422740106));
#12780=CARTESIAN_POINT('',(-1.78872561781593,-2.44621170389691,-0.578535707100642));
#12781=CARTESIAN_POINT('',(-1.61941487559611,-2.28600748468267,-0.686981424957349));
#12782=CARTESIAN_POINT('',(-1.37900782974388,-2.05995451725368,-0.780717271012321));
#12783=CARTESIAN_POINT('',(-1.22021187023067,-1.87598056780655,-0.798340467672348));
#12784=CARTESIAN_POINT('',(-1.13433444637939,-1.74314730636999,-0.798397790055245));
#12785=CARTESIAN_POINT('',(-1.10308962662231,-2.86549459944144,-0.464854397847536));
#12786=CARTESIAN_POINT('',(-0.686661893612544,-1.89761958861233,-0.798397790055249));
#12787=CARTESIAN_POINT('',(-0.743193824437668,-1.98524194478351,-0.79836816443133));
#12788=CARTESIAN_POINT('',(-0.83911713184585,-2.16481995819902,-0.789474411753976));
#12789=CARTESIAN_POINT('',(-0.959382776786294,-2.50167156634996,-0.711167181471606));
#12790=CARTESIAN_POINT('',(-1.02655066682851,-2.70772874283913,-0.612823765654175));
#12791=CARTESIAN_POINT('',(-1.07552925106316,-2.82254685614726,-0.517012392540464));
#12792=CARTESIAN_POINT('',(-1.10322787352319,-2.86540532504089,-0.464854456987047));
#12793=CARTESIAN_POINT('',(-0.730325013623433,-2.70307701155279,-0.00989501098643499));
#12794=CARTESIAN_POINT('',(-0.669348788678516,-2.71956278250109,-0.0809647191400552));
#12795=CARTESIAN_POINT('',(-0.579663971273888,-2.72310844645301,-0.240257865088169));
#12796=CARTESIAN_POINT('',(-0.53588360973466,-2.55125965800818,-0.522811090719287));
#12797=CARTESIAN_POINT('',(-0.574379918807426,-2.31669547458406,-0.670524956318978));
#12798=CARTESIAN_POINT('',(-0.510110032597536,-2.11348836557777,-0.71));
#12799=CARTESIAN_POINT('',(-0.448189873722993,-2.05161542134294,-0.71));
#12800=CARTESIAN_POINT('',(-0.730372516234323,-2.70303809999718,-0.00994413291779502));
#12801=CARTESIAN_POINT('',(-0.767544575061626,-2.69274494248777,0.0100782162972662));
#12802=CARTESIAN_POINT('',(-0.755176778238569,-2.69627028022296,0.0034104856230129));
#12803=CARTESIAN_POINT('',(-0.74278469318644,-2.69971040853873,-0.00325724505124044));
#12804=CARTESIAN_POINT('',(-0.730369496261255,-2.70306500087051,-0.00992497572549378));
#12805=CARTESIAN_POINT('',(-0.767570371937313,-2.69272058805187,0.0100174897305968));
#12806=CARTESIAN_POINT('',(-1.86736102519292,-2.0863741754846,0.00881662998160089));
#12807=CARTESIAN_POINT('',(-1.79458109153812,-2.15163605533153,0.0625379843855034));
#12808=CARTESIAN_POINT('',(-1.63398576439068,-2.26157361644436,0.171781051098061));
#12809=CARTESIAN_POINT('',(-1.34163063897404,-2.42983240049537,0.21441915861449));
#12810=CARTESIAN_POINT('',(-1.04360506647079,-2.58738638190573,0.17311675928183));
#12811=CARTESIAN_POINT('',(-0.86392027460382,-2.66529387618934,0.0616081480392564));
#12812=CARTESIAN_POINT('',(-0.767770468586943,-2.69268043940037,0.00962622319535564));
#12813=CARTESIAN_POINT('',(0.888677732173844,0.96575111160162,-0.465));
#12814=CARTESIAN_POINT('',(0.888677732173844,0.96575111160162,-0.465));
#12815=CARTESIAN_POINT('',(0.,0.,-0.71));
#12816=CARTESIAN_POINT('',(0.,0.,-0.71));
#12817=CARTESIAN_POINT('',(0.,0.,0.));
#12818=CARTESIAN_POINT('',(0.,0.,0.0100000000000001));
#12819=CARTESIAN_POINT('',(1.89586268189405,-2.06051078410221,0.0100000000001007));
#12820=CARTESIAN_POINT('',(1.8958478448295,-2.06052443549096,0.0100364289295908));
#12821=CARTESIAN_POINT('',(1.88654808604123,-2.06908095991382,0.00333744137057159));
#12822=CARTESIAN_POINT('',(1.87719039916897,-2.07757452450967,-0.00336154618844762));
#12823=CARTESIAN_POINT('',(1.86777564195519,-2.08600435074303,-0.0100605337474668));
#12824=CARTESIAN_POINT('',(1.86754357118282,-2.08621150809475,-0.00947370028190971));
#12825=CARTESIAN_POINT('',(0.,0.,-0.0100000000000001));
#12826=CARTESIAN_POINT('',(-0.499133227186554,1.28038100856792,0.710142478136147));
#12827=CARTESIAN_POINT('',(-0.501969644195496,1.28359499365019,0.710142588046594));
#12828=CARTESIAN_POINT('',(-0.504864091625904,1.28675800149319,0.710142711091672));
#12829=CARTESIAN_POINT('',(-0.507814512960064,1.28986816209099,0.710142847145007));
#12830=CARTESIAN_POINT('',(-0.496147974095837,1.2830098673577,0.710047497223421));
#12831=CARTESIAN_POINT('',(-0.499014591161257,1.28626046702322,0.710047533866451));
#12832=CARTESIAN_POINT('',(-0.501939727478136,1.28945963622382,0.710047574890951));
#12833=CARTESIAN_POINT('',(-0.504921305289648,1.29260548597113,0.710047620249774));
#12834=CARTESIAN_POINT('',(-0.493161870112223,1.28563947545656,0.71));
#12835=CARTESIAN_POINT('',(-0.49605869518559,1.28892670071993,0.709999999999253));
#12836=CARTESIAN_POINT('',(-0.499014528421015,1.2921620422566,0.710000000000927));
#12837=CARTESIAN_POINT('',(-0.502027270825856,1.29534359209765,0.71));
#12838=CARTESIAN_POINT('',(-0.490175766112442,1.28826908356965,0.71));
#12839=CARTESIAN_POINT('',(-0.493102799193915,1.29159293443114,0.71));
#12840=CARTESIAN_POINT('',(-0.496089329347986,1.29486444830403,0.71));
#12841=CARTESIAN_POINT('',(-0.499133236346314,1.29808169823908,0.71));
#12842=CARTESIAN_POINT('',(-0.499133227186554,1.28038100856792,0.710142478136146));
#12843=CARTESIAN_POINT('',(-0.496359304299705,1.28324898787031,0.710047510790361));
#12844=CARTESIAN_POINT('',(-0.493584584390832,1.28611784643495,0.71));
#12845=CARTESIAN_POINT('',(-0.490791772803202,1.28896683755173,0.71));
#12846=CARTESIAN_POINT('',(1.37280646626893,-1.58915147363938,0.71));
#12847=CARTESIAN_POINT('',(1.41018619456612,-1.66149091875824,0.71));
#12848=CARTESIAN_POINT('',(1.54526600869503,-1.75690080409339,0.681564927550329));
#12849=CARTESIAN_POINT('',(1.76513072816885,-1.82971697339296,0.569126198736262));
#12850=CARTESIAN_POINT('',(1.92706132273342,-1.89580427711353,0.391832073699891));
#12851=CARTESIAN_POINT('',(1.97793964387677,-1.97798990575186,0.164077164420929));
#12852=CARTESIAN_POINT('',(1.87333652137163,-2.09208237653161,-0.059999584872753));
#12853=CARTESIAN_POINT('',(1.65770537345584,-2.22437909211286,-0.201709446907718));
#12854=CARTESIAN_POINT('',(1.35902861264098,-2.3895908260096,-0.270728627280241));
#12855=CARTESIAN_POINT('',(1.04266226051176,-2.56529689322621,-0.229418363855413));
#12856=CARTESIAN_POINT('',(0.775149682536109,-2.69885639858237,-0.0631476337353312));
#12857=CARTESIAN_POINT('',(0.561821011021459,-2.74032162689666,0.232966827126132));
#12858=CARTESIAN_POINT('',(0.540398565614355,-2.56121611848367,0.529392507246572));
#12859=CARTESIAN_POINT('',(0.56401653811445,-2.26826233303069,0.6820430053187));
#12860=CARTESIAN_POINT('',(0.511127011057928,-2.11450456858357,0.71));
#12861=CARTESIAN_POINT('',(0.448189873722993,-2.05161542134294,0.71));
#12862=CARTESIAN_POINT('',(1.33053959904468,-1.61644575083856,0.71));
#12863=CARTESIAN_POINT('',(1.37344910435179,-1.69493951279125,0.710791396571816));
#12864=CARTESIAN_POINT('',(1.51216690704582,-1.80765233461436,0.677509930016039));
#12865=CARTESIAN_POINT('',(1.71916774471805,-1.90057983415701,0.553834582960809));
#12866=CARTESIAN_POINT('',(1.85318062231316,-1.97597652532033,0.379830339510164));
#12867=CARTESIAN_POINT('',(1.88303290473639,-2.05497029023776,0.1912423927084));
#12868=CARTESIAN_POINT('',(1.80407412912744,-2.15812047669001,0.016479162700463));
#12869=CARTESIAN_POINT('',(1.63190835242699,-2.27782773090257,-0.109865039760315));
#12870=CARTESIAN_POINT('',(1.3745082926772,-2.42517455213307,-0.178125762667564));
#12871=CARTESIAN_POINT('',(1.09352935414254,-2.5767732596942,-0.140477454434586));
#12872=CARTESIAN_POINT('',(0.860033239911386,-2.67761766867153,0.00804820177966655));
#12873=CARTESIAN_POINT('',(0.670481735700133,-2.70156150731475,0.247153537646625));
#12874=CARTESIAN_POINT('',(0.625227431478546,-2.55528910241019,0.515502964712896));
#12875=CARTESIAN_POINT('',(0.618779720086138,-2.26125022517732,0.682505740500079));
#12876=CARTESIAN_POINT('',(0.554731296744087,-2.09504297954505,0.711892877755986));
#12877=CARTESIAN_POINT('',(0.490456740947251,-2.02432114414376,0.71));
#12878=CARTESIAN_POINT('',(1.24601014081605,-1.67103154382263,0.725298228491299));
#12879=CARTESIAN_POINT('',(1.30111357666093,-1.76314999262819,0.726862273738555));
#12880=CARTESIAN_POINT('',(1.44920304254056,-1.91315044809006,0.690007946273053));
#12881=CARTESIAN_POINT('',(1.64408448255442,-2.06036380274731,0.560354492774405));
#12882=CARTESIAN_POINT('',(1.74899794512994,-2.17865474029372,0.398850001796241));
#12883=CARTESIAN_POINT('',(1.76058684184044,-2.27399348880015,0.26729732820564));
#12884=CARTESIAN_POINT('',(1.72517516045585,-2.35624018496476,0.158409078811706));
#12885=CARTESIAN_POINT('',(1.62010831793168,-2.43891374958675,0.0510750654417423));
#12886=CARTESIAN_POINT('',(1.4311721126747,-2.54268110261585,-0.0165799180931771));
#12887=CARTESIAN_POINT('',(1.21719148472191,-2.65229095487415,0.01586186531814));
#12888=CARTESIAN_POINT('',(1.05015459400563,-2.70716608182669,0.140850958034522));
#12889=CARTESIAN_POINT('',(0.90168132663047,-2.69803026159479,0.30292905249031));
#12890=CARTESIAN_POINT('',(0.800625041777504,-2.56853490139667,0.524625147437261));
#12891=CARTESIAN_POINT('',(0.729399945414801,-2.25147226421055,0.699705277083866));
#12892=CARTESIAN_POINT('',(0.642290154376763,-2.05772545709702,0.729039142419056));
#12893=CARTESIAN_POINT('',(0.574986199175877,-1.96973535115969,0.7252982284913));
#12894=CARTESIAN_POINT('',(1.16912871829328,-1.72067853674194,0.769832449760368));
#12895=CARTESIAN_POINT('',(1.23719151912948,-1.82805908168642,0.77057646610932));
#12896=CARTESIAN_POINT('',(1.40110929451943,-2.01571990846261,0.742096048436778));
#12897=CARTESIAN_POINT('',(1.62138226130789,-2.21931721808289,0.637912921097477));
#12898=CARTESIAN_POINT('',(1.7715468225822,-2.3858220382615,0.495619563660773));
#12899=CARTESIAN_POINT('',(1.82974458206339,-2.51141221235708,0.348093452496589));
#12900=CARTESIAN_POINT('',(1.7990968077696,-2.59129303578201,0.210685976041753));
#12901=CARTESIAN_POINT('',(1.69041066058327,-2.64597061176997,0.104761103381801));
#12902=CARTESIAN_POINT('',(1.52093718957795,-2.71533115687828,0.0452325846706635));
#12903=CARTESIAN_POINT('',(1.34462266290974,-2.80617000664555,0.0766973092343223));
#12904=CARTESIAN_POINT('',(1.20424804380733,-2.86662353841029,0.200289479316851));
#12905=CARTESIAN_POINT('',(1.06534129945603,-2.84151867299973,0.389823858499592));
#12906=CARTESIAN_POINT('',(0.950062352599194,-2.6295514169207,0.605568282621263));
#12907=CARTESIAN_POINT('',(0.831868507246031,-2.25270438907677,0.746873308925501));
#12908=CARTESIAN_POINT('',(0.723562436619084,-2.02637372937728,0.771612002575197));
#12909=CARTESIAN_POINT('',(0.65186762169865,-1.92008835824038,0.769832449760368));
#12910=CARTESIAN_POINT('',(1.13433444637939,-1.74314730636999,0.798397790055249));
#12911=CARTESIAN_POINT('',(1.20868555348485,-1.85828456935996,0.798397790055249));
#12912=CARTESIAN_POINT('',(1.3822740528186,-2.06360325332327,0.776583354048083));
#12913=CARTESIAN_POINT('',(1.62474244028642,-2.28922120182759,0.690324124050233));
#12914=CARTESIAN_POINT('',(1.81316439531807,-2.46996684279339,0.554310004448527));
#12915=CARTESIAN_POINT('',(1.90501559828285,-2.60447087779311,0.379584059839893));
#12916=CARTESIAN_POINT('',(1.86616491637362,-2.68983996927327,0.207679876482781));
#12917=CARTESIAN_POINT('',(1.7392044046743,-2.74084223391397,0.0989648126327548));
#12918=CARTESIAN_POINT('',(1.56631120176535,-2.80134937764666,0.0460156071693834));
#12919=CARTESIAN_POINT('',(1.39842482591039,-2.88955199494704,0.0777074588259967));
#12920=CARTESIAN_POINT('',(1.25623977508692,-2.96280287471941,0.205264798744486));
#12921=CARTESIAN_POINT('',(1.11240072662754,-2.93597763128506,0.432433903683185));
#12922=CARTESIAN_POINT('',(1.00987843738059,-2.66962856292691,0.659841765622449));
#12923=CARTESIAN_POINT('',(0.878767958461173,-2.25610331806474,0.77695011931317));
#12924=CARTESIAN_POINT('',(0.761013000718006,-2.0127568516023,0.798397790055249));
#12925=CARTESIAN_POINT('',(0.686661893612542,-1.89761958861233,0.798397790055249));
#12926=CARTESIAN_POINT('',(1.37280646626893,-1.58915147363938,0.71));
#12927=CARTESIAN_POINT('',(1.38732177077857,-1.61724234325754,0.71));
#12928=CARTESIAN_POINT('',(1.44087024724981,-1.6786401071352,0.703686551681008));
#12929=CARTESIAN_POINT('',(1.54175887178246,-1.74609206396759,0.679601345994885));
#12930=CARTESIAN_POINT('',(1.69352526309472,-1.81097072093216,0.601821594830815));
#12931=CARTESIAN_POINT('',(1.75884050267345,-1.8339431413043,0.554909240793477));
#12932=CARTESIAN_POINT('',(1.80843469669879,-1.84993509645928,0.51291359348534));
#12933=CARTESIAN_POINT('',(1.80743548643505,-1.84748725620558,0.516499341624365));
#12934=CARTESIAN_POINT('',(1.87531631698395,-1.87777658879355,0.441710331937098));
#12935=CARTESIAN_POINT('',(1.92181333971773,-1.90591974755151,0.363870261096193));
#12936=CARTESIAN_POINT('',(1.97411357245521,-1.96177288139357,0.209705142680313));
#12937=CARTESIAN_POINT('',(1.94338603083325,-2.01676906587368,0.0853738928171859));
#12938=CARTESIAN_POINT('',(1.89592058843277,-2.06045749510595,0.0100911296741846));
#12939=CARTESIAN_POINT('',(0.73038950076141,-2.70305959251367,0.00993577899643639));
#12940=CARTESIAN_POINT('',(0.669897292858893,-2.71941182701895,0.0807490939326356));
#12941=CARTESIAN_POINT('',(0.5811079579091,-2.72327724974526,0.239714598770483));
#12942=CARTESIAN_POINT('',(0.534588509336347,-2.55075325106951,0.522677884798461));
#12943=CARTESIAN_POINT('',(0.577444838996197,-2.3197936948727,0.670509083626301));
#12944=CARTESIAN_POINT('',(0.503580549691555,-2.10696386145719,0.71));
#12945=CARTESIAN_POINT('',(0.448189873722993,-2.05161542134294,0.71));
#12946=CARTESIAN_POINT('',(0.730417764576989,-2.70303201227904,0.00996008655748977));
#12947=CARTESIAN_POINT('',(0.767463866046715,-2.69276794661416,-0.010059032397231));
#12948=CARTESIAN_POINT('',(0.755145115380316,-2.6962789049287,-0.00337753887007022));
#12949=CARTESIAN_POINT('',(0.742802271687677,-2.69970532903536,0.00330395465709057));
#12950=CARTESIAN_POINT('',(0.730436497356337,-2.70304689625056,0.00998544818425135));
#12951=CARTESIAN_POINT('',(0.767632040797417,-2.69271988074329,-0.00972370915205546));
#12952=CARTESIAN_POINT('',(1.86730519732029,-2.08642430590697,-0.00889142220517207));
#12953=CARTESIAN_POINT('',(1.79451894159138,-2.1516804645577,-0.0625371113699544));
#12954=CARTESIAN_POINT('',(1.63408819074315,-2.26146704130607,-0.171931193318205));
#12955=CARTESIAN_POINT('',(1.34163253845576,-2.42978048409508,-0.214548813291063));
#12956=CARTESIAN_POINT('',(1.04358720946906,-2.58746728165799,-0.173012812551021));
#12957=CARTESIAN_POINT('',(0.864165672588249,-2.66524066287371,-0.0609405098694432));
#12958=CARTESIAN_POINT('',(0.767798096015488,-2.69267238737214,-0.00938802810849744));
#12959=CARTESIAN_POINT('',(-0.888677732173844,0.96575111160162,0.465));
#12960=CARTESIAN_POINT('',(0.,0.,-0.0100000000000001));
#12961=CARTESIAN_POINT('',(0.,0.,-0.0100000000000001));
#12962=CARTESIAN_POINT('',(0.970050078548881,1.09176119550533,-0.465));
#12963=CARTESIAN_POINT('',(-1.76610997506883,-3.14535095978739,-0.465));
#12964=CARTESIAN_POINT('',(-2.10633720160886,-2.92564562457479,-0.465));
#12965=CARTESIAN_POINT('',(-2.25001326949782,-3.37273932241252,-0.465));
#12966=CARTESIAN_POINT('',(-2.26645409840588,-3.71163386885296,-0.465));
#12967=CARTESIAN_POINT('',(-2.04870667066644,-3.889077413919,-0.465));
#12968=CARTESIAN_POINT('',(-1.60931694554429,-4.1636796176515,-0.465));
#12969=CARTESIAN_POINT('',(-1.60602716605396,-4.16573560723475,-0.465));
#12970=CARTESIAN_POINT('',(-1.60273738656363,-4.167791596818,-0.465));
#12971=CARTESIAN_POINT('',(-1.59944760707331,-4.16984758640125,-0.465));
#12972=CARTESIAN_POINT('',(-2.25001326949782,-3.37273932241252,-0.358971247941345));
#12973=CARTESIAN_POINT('',(-2.26645409840588,-3.71163386885296,-0.358971247941345));
#12974=CARTESIAN_POINT('',(-2.04870667066643,-3.889077413919,-0.376817853387926));
#12975=CARTESIAN_POINT('',(-1.60931694554429,-4.1636796176515,-0.398241156111217));
#12976=CARTESIAN_POINT('',(-1.60602716605396,-4.16573560723475,-0.398401555724327));
#12977=CARTESIAN_POINT('',(-1.60273738656363,-4.167791596818,-0.398561955337438));
#12978=CARTESIAN_POINT('',(-1.59944760707331,-4.16984758640125,-0.398722354950548));
#12979=CARTESIAN_POINT('',(-2.16228902291269,-3.37699509856573,-0.147982860392593));
#12980=CARTESIAN_POINT('',(-2.17754824334544,-3.69153316817965,-0.147982860392593));
#12981=CARTESIAN_POINT('',(-1.96646040539174,-3.86405654067637,-0.193973313079453));
#12982=CARTESIAN_POINT('',(-1.57602391733719,-4.11952618831312,-0.265396615802744));
#12983=CARTESIAN_POINT('',(-1.57310065837768,-4.121438929461,-0.265931373224223));
#12984=CARTESIAN_POINT('',(-1.57017739941818,-4.12335167060887,-0.266466130645702));
#12985=CARTESIAN_POINT('',(-1.56725414045867,-4.12526441175675,-0.26700088806718));
#12986=CARTESIAN_POINT('',(-1.95120769669633,-3.38723531047371,-0.0594107048834268));
#12987=CARTESIAN_POINT('',(-1.96393799682993,-3.64964478592977,-0.0594107048834271));
#12988=CARTESIAN_POINT('',(-1.80098201631977,-3.79713201990043,-0.10962896233401));
#12989=CARTESIAN_POINT('',(-1.49591451975016,-4.01328458710767,-0.209628962334009));
#12990=CARTESIAN_POINT('',(-1.49363043176175,-4.01490295513433,-0.210377677950746));
#12991=CARTESIAN_POINT('',(-1.49134634377335,-4.01652132316099,-0.211126393567483));
#12992=CARTESIAN_POINT('',(-1.48906225578494,-4.01813969118765,-0.21187510918422));
#12993=CARTESIAN_POINT('',(-1.73959360980605,-3.39750136825965,-0.0593944593972776));
#12994=CARTESIAN_POINT('',(-1.74962928629194,-3.60436660905303,-0.0593944593972774));
#12995=CARTESIAN_POINT('',(-1.64783891703995,-3.73099131788628,-0.109618733694582));
#12996=CARTESIAN_POINT('',(-1.41560292930499,-3.90677483642604,-0.209618733694582));
#12997=CARTESIAN_POINT('',(-1.41386414219713,-3.90809095508099,-0.210367449311319));
#12998=CARTESIAN_POINT('',(-1.41212535508928,-3.90940707373595,-0.211116164928056));
#12999=CARTESIAN_POINT('',(-1.41038656798143,-3.91072319239091,-0.211864880544793));
#13000=CARTESIAN_POINT('',(-1.528945136619,-3.40772058112037,-0.148034978269653));
#13001=CARTESIAN_POINT('',(-1.53628837684132,-3.55908667576577,-0.148034978269653));
#13002=CARTESIAN_POINT('',(-1.4825248039655,-3.66428466100073,-0.194006128039083));
#13003=CARTESIAN_POINT('',(-1.33565780771547,-3.80075109911099,-0.265429430762374));
#13004=CARTESIAN_POINT('',(-1.33455819157871,-3.80177284464473,-0.265964188183853));
#13005=CARTESIAN_POINT('',(-1.33345857544196,-3.80279459017847,-0.266498945605332));
#13006=CARTESIAN_POINT('',(-1.3323589593052,-3.8038163357122,-0.26703370302681));
#13007=CARTESIAN_POINT('',(-1.4405254033612,-3.41201009749606,-0.358921537266813));
#13008=CARTESIAN_POINT('',(-1.4465235191438,-3.53564916332481,-0.358921537266812));
#13009=CARTESIAN_POINT('',(-1.40001458820604,-3.63891373491806,-0.376786554074332));
#13010=CARTESIAN_POINT('',(-1.30210082902362,-3.75624761693257,-0.398209856797623));
#13011=CARTESIAN_POINT('',(-1.30136773341769,-3.75712611403094,-0.398370256410733));
#13012=CARTESIAN_POINT('',(-1.30063463781176,-3.75800461112931,-0.398530656023844));
#13013=CARTESIAN_POINT('',(-1.29990154220582,-3.75888310822767,-0.398691055636953));
#13014=CARTESIAN_POINT('',(-1.44086054714467,-3.41199383862833,-0.517910878511394));
#13015=CARTESIAN_POINT('',(-1.44685866292727,-3.53563290445708,-0.517910878511395));
#13016=CARTESIAN_POINT('',(-1.4001417816773,-3.6390824197223,-0.509025908202153));
#13017=CARTESIAN_POINT('',(-1.30222802249488,-3.7564163017368,-0.498314256840508));
#13018=CARTESIAN_POINT('',(-1.30149492688895,-3.75729479883517,-0.498234057033953));
#13019=CARTESIAN_POINT('',(-1.30076183128302,-3.75817329593354,-0.498153857227398));
#13020=CARTESIAN_POINT('',(-1.30002873567708,-3.7590517930319,-0.498073657420843));
#13021=CARTESIAN_POINT('',(-1.46690728512935,-3.41073023032505,-0.650673707913736));
#13022=CARTESIAN_POINT('',(-1.47332575229936,-3.543033992659,-0.650673707913736));
#13023=CARTESIAN_POINT('',(-1.42532490314391,-3.64621335837916,-0.621631883509388));
#13024=CARTESIAN_POINT('',(-1.31211325737786,-3.76952616417359,-0.581905667945686));
#13025=CARTESIAN_POINT('',(-1.31126562410605,-3.77044942640801,-0.581608231565822));
#13026=CARTESIAN_POINT('',(-1.31041799083423,-3.77137268864243,-0.581310795185958));
#13027=CARTESIAN_POINT('',(-1.30957035756242,-3.77229595087685,-0.581013358806094));
#13028=CARTESIAN_POINT('',(-1.60722839958535,-3.40392281645785,-0.821688044442417));
#13029=CARTESIAN_POINT('',(-1.615581166695,-3.57609827287657,-0.821688044442417));
#13030=CARTESIAN_POINT('',(-1.54503176292113,-3.68900809069414,-0.773506969097447));
#13031=CARTESIAN_POINT('',(-1.36536780219861,-3.8401526859506,-0.689581361315596));
#13032=CARTESIAN_POINT('',(-1.36402263006703,-3.84128432913914,-0.688952997183691));
#13033=CARTESIAN_POINT('',(-1.36267745793546,-3.84241597232768,-0.688324633051788));
#13034=CARTESIAN_POINT('',(-1.36133228580388,-3.84354761551622,-0.687696268919883));
#13035=CARTESIAN_POINT('',(-1.76600332303489,-3.39622015089789,-0.870103988433164));
#13036=CARTESIAN_POINT('',(-1.77637582747674,-3.6100284210241,-0.870103988433164));
#13037=CARTESIAN_POINT('',(-1.66696584656978,-3.73923774219418,-0.820065474198659));
#13038=CARTESIAN_POINT('',(-1.42562592023049,-3.92006739181738,-0.720065474198659));
#13039=CARTESIAN_POINT('',(-1.42381897051257,-3.9214212916438,-0.719316758581922));
#13040=CARTESIAN_POINT('',(-1.42201202079464,-3.92277519147022,-0.718568042965185));
#13041=CARTESIAN_POINT('',(-1.42020507107672,-3.92412909129664,-0.717819327348448));
#13042=CARTESIAN_POINT('',(-1.89840161884608,-3.38979709761476,-0.870062401316195));
#13043=CARTESIAN_POINT('',(-1.91045826306775,-3.63832051440515,-0.870062401316195));
#13044=CARTESIAN_POINT('',(-1.76273322331175,-3.78064588991507,-0.820039289717605));
#13045=CARTESIAN_POINT('',(-1.4758736039508,-3.98670619495545,-0.720039289717605));
#13046=CARTESIAN_POINT('',(-1.47372584118253,-3.98824900063918,-0.719290574100868));
#13047=CARTESIAN_POINT('',(-1.47157807841426,-3.98979180632292,-0.718541858484131));
#13048=CARTESIAN_POINT('',(-1.46943031564599,-3.99133461200665,-0.717793142867394));
#13049=CARTESIAN_POINT('',(-2.00395562134882,-3.38467634452523,-0.848807378686024));
#13050=CARTESIAN_POINT('',(-2.0173181515572,-3.66011796852076,-0.848807378686024));
#13051=CARTESIAN_POINT('',(-1.84234310974035,-3.81385187223698,-0.799512323372023));
#13052=CARTESIAN_POINT('',(-1.51593336529951,-4.0398337095516,-0.7066564976912));
#13053=CARTESIAN_POINT('',(-1.51348948456833,-4.04152567085856,-0.705961271623277));
#13054=CARTESIAN_POINT('',(-1.51104560383715,-4.04321763216553,-0.705266045555355));
#13055=CARTESIAN_POINT('',(-1.50860172310597,-4.04490959347249,-0.704570819487432));
#13056=CARTESIAN_POINT('',(-2.18427147520852,-3.37592866140712,-0.729010551403338));
#13057=CARTESIAN_POINT('',(-2.1998260977601,-3.69655585022767,-0.729010551403338));
#13058=CARTESIAN_POINT('',(-1.98704147544412,-3.87033762496482,-0.690152168421688));
#13059=CARTESIAN_POINT('',(-1.58436667812267,-4.1305904116255,-0.631228865698398));
#13060=CARTESIAN_POINT('',(-1.58135178903046,-4.13253896488222,-0.630787697729011));
#13061=CARTESIAN_POINT('',(-1.57833689993825,-4.13448751813894,-0.630346529759625));
#13062=CARTESIAN_POINT('',(-1.57532201084604,-4.13643607139567,-0.629905361790238));
#13063=CARTESIAN_POINT('',(-2.25001326949782,-3.37273932241252,-0.571028752058656));
#13064=CARTESIAN_POINT('',(-2.26645409840588,-3.71163386885296,-0.571028752058656));
#13065=CARTESIAN_POINT('',(-2.04870667066644,-3.889077413919,-0.553182146612074));
#13066=CARTESIAN_POINT('',(-1.60931694554429,-4.1636796176515,-0.531758843888783));
#13067=CARTESIAN_POINT('',(-1.60602716605396,-4.16573560723475,-0.531598444275673));
#13068=CARTESIAN_POINT('',(-1.60273738656363,-4.167791596818,-0.531438044662562));
#13069=CARTESIAN_POINT('',(-1.59944760707331,-4.16984758640125,-0.531277645049453));
#13070=CARTESIAN_POINT('',(-2.25001326949782,-3.37273932241252,-0.465));
#13071=CARTESIAN_POINT('',(-2.26645409840588,-3.71163386885296,-0.465));
#13072=CARTESIAN_POINT('',(-2.04870667066644,-3.889077413919,-0.465));
#13073=CARTESIAN_POINT('',(-1.60931694554429,-4.1636796176515,-0.465));
#13074=CARTESIAN_POINT('',(-1.60602716605396,-4.16573560723475,-0.465));
#13075=CARTESIAN_POINT('',(-1.60273738656363,-4.167791596818,-0.465));
#13076=CARTESIAN_POINT('',(-1.59944760707331,-4.16984758640125,-0.465));
#13077=CARTESIAN_POINT('',(-1.44096476670349,-3.41198878261326,-0.465000313265214));
#13078=CARTESIAN_POINT('',(-1.44096493053605,-3.41198877466523,-0.677057765171593));
#13079=CARTESIAN_POINT('',(-1.84548924908148,-3.39236404130729,-1.06294239146092));
#13080=CARTESIAN_POINT('',(-2.25001326949782,-3.37273932241252,-0.677057451906442));
#13081=CARTESIAN_POINT('',(-2.25001326949782,-3.37273932241252,-0.465));
#13082=CARTESIAN_POINT('',(-1.44085689487378,-3.41199401581135,-0.46500031334875));
#13083=CARTESIAN_POINT('',(-2.25001326949782,-3.37273932241252,-0.465));
#13084=CARTESIAN_POINT('',(-2.25001326949782,-3.37273932241252,-0.465));
#13085=CARTESIAN_POINT('',(-2.25001326949782,-3.37273932241252,-0.252942495882689));
#13086=CARTESIAN_POINT('',(-1.8454890181006,-3.39236405251289,0.132942495882689));
#13087=CARTESIAN_POINT('',(-1.44096476670337,-3.41198878261326,-0.252942495882689));
#13088=CARTESIAN_POINT('',(-1.44096476670337,-3.41198878261326,-0.465));
#13089=CARTESIAN_POINT('',(-1.34607636206605,-3.41659211436465,-0.465));
#13090=CARTESIAN_POINT('',(-0.970050078548881,1.09176119550533,0.465));
#13091=CARTESIAN_POINT('',(2.25001326949782,-3.37273932241252,0.465));
#13092=CARTESIAN_POINT('',(2.26645409840588,-3.71163386885296,0.465));
#13093=CARTESIAN_POINT('',(2.04870667066644,-3.889077413919,0.465));
#13094=CARTESIAN_POINT('',(1.60931694554429,-4.1636796176515,0.465));
#13095=CARTESIAN_POINT('',(1.60602716605396,-4.16573560723475,0.465));
#13096=CARTESIAN_POINT('',(1.60273738656364,-4.167791596818,0.465));
#13097=CARTESIAN_POINT('',(1.59944760707331,-4.16984758640125,0.465));
#13098=CARTESIAN_POINT('',(2.25001326949782,-3.37273932241252,0.358971247941344));
#13099=CARTESIAN_POINT('',(2.26645409840588,-3.71163386885296,0.358971247941345));
#13100=CARTESIAN_POINT('',(2.04870667066643,-3.889077413919,0.376817853387926));
#13101=CARTESIAN_POINT('',(1.60931694554429,-4.1636796176515,0.398241156111217));
#13102=CARTESIAN_POINT('',(1.60602716605396,-4.16573560723475,0.398401555724327));
#13103=CARTESIAN_POINT('',(1.60273738656364,-4.167791596818,0.398561955337437));
#13104=CARTESIAN_POINT('',(1.59944760707331,-4.16984758640125,0.398722354950547));
#13105=CARTESIAN_POINT('',(2.16228902291269,-3.37699509856573,0.147982860392593));
#13106=CARTESIAN_POINT('',(2.17754824334544,-3.69153316817965,0.147982860392593));
#13107=CARTESIAN_POINT('',(1.96646040539174,-3.86405654067637,0.193973313079453));
#13108=CARTESIAN_POINT('',(1.57602391733719,-4.11952618831312,0.265396615802744));
#13109=CARTESIAN_POINT('',(1.57310065837769,-4.121438929461,0.265931373224222));
#13110=CARTESIAN_POINT('',(1.57017739941818,-4.12335167060888,0.266466130645702));
#13111=CARTESIAN_POINT('',(1.56725414045868,-4.12526441175676,0.26700088806718));
#13112=CARTESIAN_POINT('',(1.95120769669633,-3.38723531047371,0.0594107048834266));
#13113=CARTESIAN_POINT('',(1.96393799682993,-3.64964478592977,0.0594107048834268));
#13114=CARTESIAN_POINT('',(1.80098201631977,-3.79713201990043,0.109628962334009));
#13115=CARTESIAN_POINT('',(1.49591451975016,-4.01328458710767,0.209628962334009));
#13116=CARTESIAN_POINT('',(1.49363043176176,-4.01490295513432,0.210377677950746));
#13117=CARTESIAN_POINT('',(1.49134634377335,-4.01652132316099,0.211126393567483));
#13118=CARTESIAN_POINT('',(1.48906225578494,-4.01813969118764,0.21187510918422));
#13119=CARTESIAN_POINT('',(1.73959360980605,-3.39750136825965,0.0593944593972774));
#13120=CARTESIAN_POINT('',(1.74962928629194,-3.60436660905303,0.0593944593972771));
#13121=CARTESIAN_POINT('',(1.64783891703995,-3.73099131788628,0.109618733694582));
#13122=CARTESIAN_POINT('',(1.41560292930499,-3.90677483642604,0.209618733694582));
#13123=CARTESIAN_POINT('',(1.41386414219713,-3.90809095508099,0.210367449311319));
#13124=CARTESIAN_POINT('',(1.41212535508928,-3.90940707373596,0.211116164928056));
#13125=CARTESIAN_POINT('',(1.41038656798142,-3.91072319239091,0.211864880544793));
#13126=CARTESIAN_POINT('',(1.528945136619,-3.40772058112037,0.148034978269653));
#13127=CARTESIAN_POINT('',(1.53628837684132,-3.55908667576577,0.148034978269653));
#13128=CARTESIAN_POINT('',(1.48252480396549,-3.66428466100073,0.194006128039083));
#13129=CARTESIAN_POINT('',(1.33565780771547,-3.80075109911099,0.265429430762374));
#13130=CARTESIAN_POINT('',(1.33455819157871,-3.80177284464473,0.265964188183852));
#13131=CARTESIAN_POINT('',(1.33345857544196,-3.80279459017846,0.266498945605332));
#13132=CARTESIAN_POINT('',(1.3323589593052,-3.8038163357122,0.26703370302681));
#13133=CARTESIAN_POINT('',(1.44052540336119,-3.41201009749606,0.358921537266813));
#13134=CARTESIAN_POINT('',(1.4465235191438,-3.53564916332481,0.358921537266812));
#13135=CARTESIAN_POINT('',(1.40001458820604,-3.63891373491806,0.376786554074332));
#13136=CARTESIAN_POINT('',(1.30210082902362,-3.75624761693257,0.398209856797623));
#13137=CARTESIAN_POINT('',(1.30136773341769,-3.75712611403094,0.398370256410733));
#13138=CARTESIAN_POINT('',(1.30063463781176,-3.75800461112931,0.398530656023843));
#13139=CARTESIAN_POINT('',(1.29990154220582,-3.75888310822767,0.398691055636953));
#13140=CARTESIAN_POINT('',(1.44086054714467,-3.41199383862833,0.517910878511394));
#13141=CARTESIAN_POINT('',(1.44685866292727,-3.53563290445708,0.517910878511394));
#13142=CARTESIAN_POINT('',(1.4001417816773,-3.6390824197223,0.509025908202153));
#13143=CARTESIAN_POINT('',(1.30222802249488,-3.7564163017368,0.498314256840508));
#13144=CARTESIAN_POINT('',(1.30149492688895,-3.75729479883517,0.498234057033953));
#13145=CARTESIAN_POINT('',(1.30076183128302,-3.75817329593354,0.498153857227398));
#13146=CARTESIAN_POINT('',(1.30002873567708,-3.7590517930319,0.498073657420843));
#13147=CARTESIAN_POINT('',(1.46690728512935,-3.41073023032505,0.650673707913736));
#13148=CARTESIAN_POINT('',(1.47332575229936,-3.543033992659,0.650673707913736));
#13149=CARTESIAN_POINT('',(1.42532490314391,-3.64621335837916,0.621631883509388));
#13150=CARTESIAN_POINT('',(1.31211325737786,-3.76952616417359,0.581905667945686));
#13151=CARTESIAN_POINT('',(1.31126562410605,-3.77044942640801,0.581608231565822));
#13152=CARTESIAN_POINT('',(1.31041799083423,-3.77137268864243,0.581310795185958));
#13153=CARTESIAN_POINT('',(1.30957035756241,-3.77229595087685,0.581013358806094));
#13154=CARTESIAN_POINT('',(1.60722839958535,-3.40392281645785,0.821688044442417));
#13155=CARTESIAN_POINT('',(1.615581166695,-3.57609827287657,0.821688044442417));
#13156=CARTESIAN_POINT('',(1.54503176292113,-3.68900809069414,0.773506969097447));
#13157=CARTESIAN_POINT('',(1.36536780219861,-3.8401526859506,0.689581361315596));
#13158=CARTESIAN_POINT('',(1.36402263006703,-3.84128432913914,0.688952997183692));
#13159=CARTESIAN_POINT('',(1.36267745793545,-3.84241597232768,0.688324633051788));
#13160=CARTESIAN_POINT('',(1.36133228580387,-3.84354761551622,0.687696268919883));
#13161=CARTESIAN_POINT('',(1.76600332303489,-3.39622015089789,0.870103988433164));
#13162=CARTESIAN_POINT('',(1.77637582747674,-3.6100284210241,0.870103988433164));
#13163=CARTESIAN_POINT('',(1.66696584656978,-3.73923774219418,0.820065474198659));
#13164=CARTESIAN_POINT('',(1.42562592023049,-3.92006739181738,0.720065474198659));
#13165=CARTESIAN_POINT('',(1.42381897051257,-3.9214212916438,0.719316758581921));
#13166=CARTESIAN_POINT('',(1.42201202079465,-3.92277519147022,0.718568042965185));
#13167=CARTESIAN_POINT('',(1.42020507107671,-3.92412909129664,0.717819327348447));
#13168=CARTESIAN_POINT('',(1.89840161884608,-3.38979709761476,0.870062401316195));
#13169=CARTESIAN_POINT('',(1.91045826306775,-3.63832051440515,0.870062401316195));
#13170=CARTESIAN_POINT('',(1.76273322331175,-3.78064588991507,0.820039289717604));
#13171=CARTESIAN_POINT('',(1.4758736039508,-3.98670619495545,0.720039289717604));
#13172=CARTESIAN_POINT('',(1.47372584118253,-3.98824900063919,0.719290574100867));
#13173=CARTESIAN_POINT('',(1.47157807841427,-3.98979180632291,0.71854185848413));
#13174=CARTESIAN_POINT('',(1.469430315646,-3.99133461200665,0.717793142867392));
#13175=CARTESIAN_POINT('',(2.00395562134882,-3.38467634452523,0.848807378686024));
#13176=CARTESIAN_POINT('',(2.0173181515572,-3.66011796852076,0.848807378686023));
#13177=CARTESIAN_POINT('',(1.84234310974035,-3.81385187223698,0.799512323372023));
#13178=CARTESIAN_POINT('',(1.51593336529951,-4.0398337095516,0.7066564976912));
#13179=CARTESIAN_POINT('',(1.51348948456833,-4.04152567085857,0.705961271623277));
#13180=CARTESIAN_POINT('',(1.51104560383715,-4.04321763216553,0.705266045555355));
#13181=CARTESIAN_POINT('',(1.50860172310597,-4.0449095934725,0.704570819487432));
#13182=CARTESIAN_POINT('',(2.18427147520852,-3.37592866140712,0.729010551403337));
#13183=CARTESIAN_POINT('',(2.1998260977601,-3.69655585022767,0.729010551403337));
#13184=CARTESIAN_POINT('',(1.98704147544412,-3.87033762496482,0.690152168421689));
#13185=CARTESIAN_POINT('',(1.58436667812267,-4.1305904116255,0.631228865698398));
#13186=CARTESIAN_POINT('',(1.58135178903046,-4.13253896488222,0.630787697729012));
#13187=CARTESIAN_POINT('',(1.57833689993825,-4.13448751813894,0.630346529759624));
#13188=CARTESIAN_POINT('',(1.57532201084604,-4.13643607139566,0.629905361790238));
#13189=CARTESIAN_POINT('',(2.25001326949782,-3.37273932241252,0.571028752058656));
#13190=CARTESIAN_POINT('',(2.26645409840588,-3.71163386885296,0.571028752058656));
#13191=CARTESIAN_POINT('',(2.04870667066644,-3.889077413919,0.553182146612074));
#13192=CARTESIAN_POINT('',(1.60931694554429,-4.1636796176515,0.531758843888783));
#13193=CARTESIAN_POINT('',(1.60602716605396,-4.16573560723475,0.531598444275673));
#13194=CARTESIAN_POINT('',(1.60273738656364,-4.167791596818,0.531438044662563));
#13195=CARTESIAN_POINT('',(1.59944760707331,-4.16984758640125,0.531277645049453));
#13196=CARTESIAN_POINT('',(2.25001326949782,-3.37273932241252,0.465));
#13197=CARTESIAN_POINT('',(2.26645409840588,-3.71163386885296,0.465));
#13198=CARTESIAN_POINT('',(2.04870667066644,-3.889077413919,0.465));
#13199=CARTESIAN_POINT('',(1.60931694554429,-4.1636796176515,0.465));
#13200=CARTESIAN_POINT('',(1.60602716605396,-4.16573560723475,0.465));
#13201=CARTESIAN_POINT('',(1.60273738656364,-4.167791596818,0.465));
#13202=CARTESIAN_POINT('',(1.59944760707331,-4.16984758640125,0.465));
#13203=CARTESIAN_POINT('',(1.44096476670337,-3.41198878261326,0.465));
#13204=CARTESIAN_POINT('',(1.44096476670337,-3.41198878261326,0.677057504117311));
#13205=CARTESIAN_POINT('',(1.84548901810059,-3.39236405251287,1.06294249588269));
#13206=CARTESIAN_POINT('',(2.25001326949782,-3.37273932241251,0.677057504117311));
#13207=CARTESIAN_POINT('',(2.25001326949782,-3.37273932241252,0.465));
#13208=CARTESIAN_POINT('',(1.44096476670337,-3.41198878261326,0.465));
#13209=CARTESIAN_POINT('',(2.25001326949782,-3.37273932241252,0.465));
#13210=CARTESIAN_POINT('',(2.25001326949782,-3.37273932241252,0.465));
#13211=CARTESIAN_POINT('',(2.25001326949782,-3.37273932241251,0.252942495882689));
#13212=CARTESIAN_POINT('',(1.84548901810059,-3.39236405251287,-0.132942495882689));
#13213=CARTESIAN_POINT('',(1.44096476670337,-3.41198878261326,0.252942495882689));
#13214=CARTESIAN_POINT('',(1.44096476670337,-3.41198878261326,0.465));
#13215=CARTESIAN_POINT('',(1.34607636206605,-3.41659211436465,0.465));
#13216=CARTESIAN_POINT('',(0.,0.,0.0100000000000001));
#13217=CARTESIAN_POINT('',(0.,0.,0.0100000000000001));
#13218=CARTESIAN_POINT('',(0.,0.,0.));
#13219=CARTESIAN_POINT('',(-0.585081106579481,0.830108106477998,1.71));
#13220=CARTESIAN_POINT('',(-0.499133354877212,1.53010815340527,1.71));
#13221=CARTESIAN_POINT('',(-0.499133227186554,1.28038100856792,0.710149333000345));
#13222=CARTESIAN_POINT('',(-0.499133227186554,1.28038100856792,0.708993145905577));
#13223=CARTESIAN_POINT('',(-0.496346740045942,1.2832619781448,0.710149333000345));
#13224=CARTESIAN_POINT('',(-0.496346740045942,1.2832619781448,0.708993145905577));
#13225=CARTESIAN_POINT('',(-0.493560252905329,1.28614294772169,0.710149333000345));
#13226=CARTESIAN_POINT('',(-0.493560252905329,1.28614294772169,0.708993145905577));
#13227=CARTESIAN_POINT('',(-0.490761143271971,1.28899808167785,0.710149333000345));
#13228=CARTESIAN_POINT('',(-0.490761143271971,1.28899808167785,0.708993145905577));
#13229=CARTESIAN_POINT('',(-0.220457862277776,0.879899600778952,0.734185109087896));
#13230=CARTESIAN_POINT('',(-0.220457862277776,0.879899600778952,0.708849790601807));
#13231=CARTESIAN_POINT('',(-0.239275971205338,0.862651018699012,0.734185109087896));
#13232=CARTESIAN_POINT('',(-0.239275971205338,0.862651018699012,0.708849790601807));
#13233=CARTESIAN_POINT('',(-0.280687949868933,0.827742838365713,0.734185109087896));
#13234=CARTESIAN_POINT('',(-0.280687949868933,0.827742838365713,0.708849790601807));
#13235=CARTESIAN_POINT('',(-0.335291142225354,0.821816551851493,0.734185109087896));
#13236=CARTESIAN_POINT('',(-0.335291142225354,0.821816551851493,0.708849790601807));
#13237=CARTESIAN_POINT('',(-0.364480883139113,0.818648481259547,0.734185109087896));
#13238=CARTESIAN_POINT('',(-0.364480883139113,0.818648481259547,0.708849790601807));
#13239=CARTESIAN_POINT('',(-0.364865315764998,0.818606757364147,0.734185109087896));
#13240=CARTESIAN_POINT('',(-0.364865315764998,0.818606757364147,0.708849790601807));
#13241=CARTESIAN_POINT('',(-0.365249748390883,0.818565033468746,0.734185109087896));
#13242=CARTESIAN_POINT('',(-0.365249748390883,0.818565033468746,0.708849790601807));
#13243=CARTESIAN_POINT('',(-0.365634181016768,0.818523309573346,0.734185109087896));
#13244=CARTESIAN_POINT('',(-0.365634181016768,0.818523309573346,0.708849790601807));
#13245=CARTESIAN_POINT('',(-0.454165262237161,1.240194992606,0.710240026820648));
#13246=CARTESIAN_POINT('',(-0.454165262237161,1.240194992606,0.708992604213793));
#13247=CARTESIAN_POINT('',(-0.4578903482381,1.2365542122784,0.710240026820648));
#13248=CARTESIAN_POINT('',(-0.4578903482381,1.2365542122784,0.708992604213793));
#13249=CARTESIAN_POINT('',(-0.46156088416738,1.23280254822895,0.710240026820648));
#13250=CARTESIAN_POINT('',(-0.46156088416738,1.23280254822895,0.708992604213793));
#13251=CARTESIAN_POINT('',(-0.46523142009666,1.22905088417949,0.710240026820648));
#13252=CARTESIAN_POINT('',(-0.46523142009666,1.22905088417949,0.708992604213793));
#13253=CARTESIAN_POINT('',(-0.46529878498948,1.22898203035229,0.710240026820648));
#13254=CARTESIAN_POINT('',(-0.46529878498948,1.22898203035229,0.708992604213793));
#13255=CARTESIAN_POINT('',(-0.465366149882299,1.2289131765251,0.710240026820648));
#13256=CARTESIAN_POINT('',(-0.465366149882299,1.2289131765251,0.708992604213793));
#13257=CARTESIAN_POINT('',(-0.465433514775118,1.22884432269791,0.710240026820648));
#13258=CARTESIAN_POINT('',(-0.465433514775118,1.22884432269791,0.708992604213793));
#13259=CARTESIAN_POINT('',(-0.267482004423388,0.949531133048352,0.71));
#13260=CARTESIAN_POINT('',(-0.267482004423388,0.949531133048352,0.709));
#13261=CARTESIAN_POINT('',(-0.257952288559212,0.965628369287783,0.71));
#13262=CARTESIAN_POINT('',(-0.257952288559212,0.965628369287784,0.709));
#13263=CARTESIAN_POINT('',(-0.235280274617574,1.00709246754409,0.71));
#13264=CARTESIAN_POINT('',(-0.235280274617574,1.00709246754409,0.709));
#13265=CARTESIAN_POINT('',(-0.233968093897727,1.05502650510548,0.71));
#13266=CARTESIAN_POINT('',(-0.233968093897727,1.05502650510548,0.709));
#13267=CARTESIAN_POINT('',(-0.233171315894311,1.08413285163702,0.71));
#13268=CARTESIAN_POINT('',(-0.233171315894311,1.08413285163702,0.709));
#13269=CARTESIAN_POINT('',(0.212088528233645,-0.00358865593113739,0.723477166543391));
#13270=CARTESIAN_POINT('',(0.212088528233645,-0.00358865593113739,0.708913655070318));
#13271=CARTESIAN_POINT('',(0.242256780489332,0.0211458467316863,0.723477166543391));
#13272=CARTESIAN_POINT('',(0.242256780489332,0.0211458467316863,0.708913655070318));
#13273=CARTESIAN_POINT('',(0.272425032745019,0.0458803493945101,0.723477166543391));
#13274=CARTESIAN_POINT('',(0.272425032745019,0.0458803493945101,0.708913655070318));
#13275=CARTESIAN_POINT('',(0.300294057167361,0.0729567557453864,0.723477166543391));
#13276=CARTESIAN_POINT('',(0.300294057167361,0.0729567557453864,0.708913655070318));
#13277=CARTESIAN_POINT('',(0.175321678501043,0.332086654239174,0.71));
#13278=CARTESIAN_POINT('',(0.175321678501043,0.332086654239174,0.709));
#13279=CARTESIAN_POINT('',(0.167217090151737,0.321488379907836,0.71));
#13280=CARTESIAN_POINT('',(0.167217090151737,0.321488379907836,0.709));
#13281=CARTESIAN_POINT('',(0.159112501802431,0.310890105576498,0.71));
#13282=CARTESIAN_POINT('',(0.159112501802431,0.310890105576498,0.709));
#13283=CARTESIAN_POINT('',(0.15290116789103,0.299572077015756,0.71));
#13284=CARTESIAN_POINT('',(0.15290116789103,0.299572077015756,0.709));
#13285=CARTESIAN_POINT('',(0.495717618512021,-0.179782225047301,1.71));
#13286=CARTESIAN_POINT('',(0.152402464198025,-0.179782400591785,1.71));
#13287=CARTESIAN_POINT('',(0.344662032007596,0.00380573724171356,0.715500009916774));
#13288=CARTESIAN_POINT('',(0.344662032007596,0.00380573724171356,0.708961232545228));
#13289=CARTESIAN_POINT('',(0.326103016040037,-0.0128521304270124,0.715500009916774));
#13290=CARTESIAN_POINT('',(0.326103016040037,-0.0128521304270124,0.708961232545228));
#13291=CARTESIAN_POINT('',(0.307056267381287,-0.0289911768629634,0.715500009916774));
#13292=CARTESIAN_POINT('',(0.307056267381286,-0.0289911768629634,0.708961232545228));
#13293=CARTESIAN_POINT('',(0.288009518722536,-0.0451302232989143,0.715500009916774));
#13294=CARTESIAN_POINT('',(0.288009518722536,-0.0451302232989143,0.708961232545228));
#13295=CARTESIAN_POINT('',(0.287894338791302,-0.0452278197072028,0.715500009916774));
#13296=CARTESIAN_POINT('',(0.287894338791302,-0.0452278197072028,0.708961232545228));
#13297=CARTESIAN_POINT('',(0.287779158860069,-0.0453254161154913,0.715500009916774));
#13298=CARTESIAN_POINT('',(0.287779158860069,-0.0453254161154912,0.708961232545228));
#13299=CARTESIAN_POINT('',(0.287663978928835,-0.0454230125237798,0.715500009916774));
#13300=CARTESIAN_POINT('',(0.287663978928835,-0.0454230125237797,0.708961232545228));
#13301=CARTESIAN_POINT('',(0.104883274301185,0.374104727624697,0.71));
#13302=CARTESIAN_POINT('',(0.104883274301185,0.374104727624697,0.709));
#13303=CARTESIAN_POINT('',(0.109044362897705,0.378987454540221,0.71));
#13304=CARTESIAN_POINT('',(0.109044362897705,0.378987454540221,0.709));
#13305=CARTESIAN_POINT('',(0.113294870085032,0.383828272502493,0.71));
#13306=CARTESIAN_POINT('',(0.113294870085032,0.383828272502493,0.709));
#13307=CARTESIAN_POINT('',(0.117545377272359,0.388669090464766,0.71));
#13308=CARTESIAN_POINT('',(0.117545377272359,0.388669090464766,0.709));
#13309=CARTESIAN_POINT('',(-0.653122625561482,-0.654885177491233,1.71));
#13310=CARTESIAN_POINT('',(-0.141196258477097,-0.971035466577168,0.718284518138228));
#13311=CARTESIAN_POINT('',(-0.141196258477097,-0.971035466577168,0.715171201661316));
#13312=CARTESIAN_POINT('',(-0.141196258477097,-0.971035466577168,0.712057885184405));
#13313=CARTESIAN_POINT('',(-0.141196258477097,-0.971035466577168,0.708944568707493));
#13314=CARTESIAN_POINT('',(-0.165607888254478,-0.990442873259784,0.718284518138228));
#13315=CARTESIAN_POINT('',(-0.165607888254478,-0.990442873259784,0.715171201661316));
#13316=CARTESIAN_POINT('',(-0.165607888254478,-0.990442873259784,0.712057885184405));
#13317=CARTESIAN_POINT('',(-0.165607888254478,-0.990442873259784,0.708944568707493));
#13318=CARTESIAN_POINT('',(-0.190218678538449,-1.00941384170842,0.718284518138228));
#13319=CARTESIAN_POINT('',(-0.190218678538449,-1.00941384170842,0.715171201661316));
#13320=CARTESIAN_POINT('',(-0.190218678538449,-1.00941384170842,0.712057885184405));
#13321=CARTESIAN_POINT('',(-0.190218678538449,-1.00941384170842,0.708944568707493));
#13322=CARTESIAN_POINT('',(-0.218759610967861,-1.01977233810302,0.718284518138228));
#13323=CARTESIAN_POINT('',(-0.218759610967861,-1.01977233810302,0.715171201661316));
#13324=CARTESIAN_POINT('',(-0.218759610967861,-1.01977233810302,0.712057885184405));
#13325=CARTESIAN_POINT('',(-0.218759610967861,-1.01977233810302,0.708944568707493));
#13326=CARTESIAN_POINT('',(-0.338934284445933,-0.732238285701701,1.71));
#13327=CARTESIAN_POINT('',(-0.587312281163242,0.0768375465720826,0.798813180248428));
#13328=CARTESIAN_POINT('',(-0.587312281163242,0.0768375465720825,0.734430289072028));
#13329=CARTESIAN_POINT('',(-0.587808767704722,0.0415168044723196,0.798813180248428));
#13330=CARTESIAN_POINT('',(-0.587808767704722,0.0415168044723196,0.734430289072028));
#13331=CARTESIAN_POINT('',(-0.589152229177801,-0.023735464245589,0.798813180248428));
#13332=CARTESIAN_POINT('',(-0.589152229177801,-0.0237354642455889,0.734430289072028));
#13333=CARTESIAN_POINT('',(-0.605177678487424,-0.0869917338560416,0.798813180248428));
#13334=CARTESIAN_POINT('',(-0.605177678487424,-0.0869917338560416,0.734430289072028));
#13335=CARTESIAN_POINT('',(-0.612536310318281,-0.116038008320073,0.798813180248428));
#13336=CARTESIAN_POINT('',(-0.612536310318281,-0.116038008320073,0.734430289072028));
#13337=CARTESIAN_POINT('',(-0.612674262891071,-0.11658254001895,0.798813180248428));
#13338=CARTESIAN_POINT('',(-0.612674262891071,-0.11658254001895,0.734430289072028));
#13339=CARTESIAN_POINT('',(-0.612812215463861,-0.117127071717828,0.798813180248428));
#13340=CARTESIAN_POINT('',(-0.612812215463861,-0.117127071717828,0.734430289072028));
#13341=CARTESIAN_POINT('',(-0.61295016803665,-0.117671603416705,0.798813180248428));
#13342=CARTESIAN_POINT('',(-0.61295016803665,-0.117671603416705,0.734430289072028));
#13343=CARTESIAN_POINT('',(-1.02950485435523,0.236312310480041,0.711202759766271));
#13344=CARTESIAN_POINT('',(-1.02950485435523,0.236312310480041,0.70898664576654));
#13345=CARTESIAN_POINT('',(-1.02603420003487,0.251805792073696,0.711202759766271));
#13346=CARTESIAN_POINT('',(-1.02603420003487,0.251805792073696,0.70898664576654));
#13347=CARTESIAN_POINT('',(-1.022099129594,0.26723576945594,0.711202759766271));
#13348=CARTESIAN_POINT('',(-1.022099129594,0.267235769455939,0.70898664576654));
#13349=CARTESIAN_POINT('',(-1.01816405915314,0.282665746838183,0.711202759766271));
#13350=CARTESIAN_POINT('',(-1.01816405915314,0.282665746838183,0.70898664576654));
#13351=CARTESIAN_POINT('',(-1.0181393473493,0.282762645376618,0.711202759766271));
#13352=CARTESIAN_POINT('',(-1.0181393473493,0.282762645376618,0.70898664576654));
#13353=CARTESIAN_POINT('',(-1.01811463554546,0.282859543915053,0.711202759766271));
#13354=CARTESIAN_POINT('',(-1.01811463554546,0.282859543915053,0.70898664576654));
#13355=CARTESIAN_POINT('',(-1.01808992374161,0.282956442453488,0.711202759766271));
#13356=CARTESIAN_POINT('',(-1.01808992374161,0.282956442453489,0.70898664576654));
#13357=CARTESIAN_POINT('',(-0.687928863581607,-0.232833906894047,0.711028459518295));
#13358=CARTESIAN_POINT('',(-0.687928863581607,-0.232833906894047,0.7089879018319));
#13359=CARTESIAN_POINT('',(-0.688025360432839,-0.23289695134181,0.711028459518295));
#13360=CARTESIAN_POINT('',(-0.688025360432839,-0.23289695134181,0.7089879018319));
#13361=CARTESIAN_POINT('',(-0.688121857284071,-0.232959995789572,0.711028459518295));
#13362=CARTESIAN_POINT('',(-0.688121857284071,-0.232959995789572,0.7089879018319));
#13363=CARTESIAN_POINT('',(-0.688218354135303,-0.233023040237334,0.711028459518295));
#13364=CARTESIAN_POINT('',(-0.688218354135303,-0.233023040237334,0.7089879018319));
#13365=CARTESIAN_POINT('',(-0.69721568069637,-0.238901278512874,0.711028459518295));
#13366=CARTESIAN_POINT('',(-0.69721568069637,-0.238901278512874,0.7089879018319));
#13367=CARTESIAN_POINT('',(-0.706213007257437,-0.244779516788414,0.711028459518295));
#13368=CARTESIAN_POINT('',(-0.706213007257437,-0.244779516788414,0.7089879018319));
#13369=CARTESIAN_POINT('',(-0.715409913816746,-0.250059256380319,0.711028459518295));
#13370=CARTESIAN_POINT('',(-0.715409913816746,-0.250059256380319,0.708987901831899));
#13371=CARTESIAN_POINT('',(-0.756489920122561,-0.186701355008585,0.713127710634877));
#13372=CARTESIAN_POINT('',(-0.756489920122561,-0.186701355008585,0.708975364889032));
#13373=CARTESIAN_POINT('',(-0.740940151995421,-0.176877756688322,0.713127710634877));
#13374=CARTESIAN_POINT('',(-0.740940151995421,-0.176877756688322,0.708975364889032));
#13375=CARTESIAN_POINT('',(-0.728426495911072,-0.161618201320539,0.713127710634877));
#13376=CARTESIAN_POINT('',(-0.728426495911072,-0.161618201320539,0.708975364889032));
#13377=CARTESIAN_POINT('',(-0.715912839826722,-0.146358645952756,0.713127710634877));
#13378=CARTESIAN_POINT('',(-0.715912839826722,-0.146358645952756,0.708975364889032));
#13379=CARTESIAN_POINT('',(-0.715849429381301,-0.146281321212786,0.713127710634877));
#13380=CARTESIAN_POINT('',(-0.715849429381301,-0.146281321212786,0.708975364889032));
#13381=CARTESIAN_POINT('',(-0.71578601893588,-0.146203996472815,0.713127710634877));
#13382=CARTESIAN_POINT('',(-0.71578601893588,-0.146203996472815,0.708975364889032));
#13383=CARTESIAN_POINT('',(-0.715722608490458,-0.146126671732845,0.713127710634877));
#13384=CARTESIAN_POINT('',(-0.715722608490458,-0.146126671732845,0.708975364889032));
#13385=CARTESIAN_POINT('',(0.,0.,0.));
#13386=CARTESIAN_POINT('',(2.57175827820944E-17,0.,-0.21));
#13387=CARTESIAN_POINT('',(-1.45831788030873,-2.03059325320751,-0.54368389902732));
#13388=CARTESIAN_POINT('',(-1.48288495480465,-2.01294983597085,-0.410404460416206));
#13389=CARTESIAN_POINT('',(-1.58599498884832,-1.93734101665686,-0.31));
#13390=CARTESIAN_POINT('',(-1.68684279400853,-1.84514535695741,-0.31));
#13391=CARTESIAN_POINT('',(-1.45831784525939,-2.03059327825933,-0.543683889250421));
#13392=CARTESIAN_POINT('',(-1.68684279400853,-1.84514535695741,-0.31));
#13393=CARTESIAN_POINT('',(-0.842791312695308,-2.35365732494034,-0.543685204379181));
#13394=CARTESIAN_POINT('',(-0.877377739692735,-2.3412727097707,-0.701067548587072));
#13395=CARTESIAN_POINT('',(-1.17151580767834,-2.23026664573816,-0.938840521566013));
#13396=CARTESIAN_POINT('',(-1.42919465281619,-2.05150877741301,-0.701237863715991));
#13397=CARTESIAN_POINT('',(-1.4583178566209,-2.03059327021948,-0.543683892417851));
#13398=CARTESIAN_POINT('',(-0.842791325693359,-2.35365732017483,-0.543685201147719));
#13399=CARTESIAN_POINT('',(-0.549528929154705,-2.43885587028469,-0.31));
#13400=CARTESIAN_POINT('',(-0.68579986864159,-2.4081509711705,-0.31));
#13401=CARTESIAN_POINT('',(-0.812935988941804,-2.36434783891549,-0.407444209549769));
#13402=CARTESIAN_POINT('',(-0.842791283833025,-2.35365733527527,-0.543685211505716));
#13403=CARTESIAN_POINT('',(-0.549528929154704,-2.43885587028469,-0.31));
#13404=CARTESIAN_POINT('',(3.7964050773568E-17,0.,-0.31));
#13405=CARTESIAN_POINT('',(-1.49017659053149,-2.01142829272404,-0.466821247818672));
#13406=CARTESIAN_POINT('',(-1.17075646392124,-2.22378627579519,-0.0824534788505389));
#13407=CARTESIAN_POINT('',(-0.810227754800847,-2.36865551464913,-0.463365014449368));
#13408=CARTESIAN_POINT('',(-1.16815279657737,-2.22515463082062,-0.847443785608825));
#13409=CARTESIAN_POINT('',(-1.49017659053149,-2.01142829272404,-0.466821247818672));
#13410=CARTESIAN_POINT('',(-1.17075646392124,-2.22378627579519,-0.0824534788505389));
#13411=CARTESIAN_POINT('',(-0.810227754800847,-2.36865551464913,-0.463365014449368));
#13412=CARTESIAN_POINT('',(-1.16390503350747,-2.21253815175602,-0.210000019791119));
#13413=CARTESIAN_POINT('',(2.57175827820944E-17,0.,-0.21));
#13414=CARTESIAN_POINT('',(-2.30270188821166,-2.79884104831342,-0.61));
#13415=CARTESIAN_POINT('',(0.297837588114319,1.22825430047311,-0.31));
#13416=CARTESIAN_POINT('',(0.411042785733579,1.15515084504515,-0.309999999999999));
#13417=CARTESIAN_POINT('',(0.518544183973956,1.08573067848054,-0.412173945897683));
#13418=CARTESIAN_POINT('',(0.543604876576693,1.06954747079038,-0.543587786259543));
#13419=CARTESIAN_POINT('',(0.29783758811432,1.22825430047311,-0.31));
#13420=CARTESIAN_POINT('',(0.543604876576692,1.06954747079038,-0.543587786259542));
#13421=CARTESIAN_POINT('',(-2.05693459974928,-2.95754787799615,-0.543587786259542));
#13422=CARTESIAN_POINT('',(-2.30270188821166,-2.79884104831342,-0.31));
#13423=CARTESIAN_POINT('',(1.37102141440002,0.535234477525173,-0.31));
#13424=CARTESIAN_POINT('',(1.41995100927693,0.611004965049259,-0.31));
#13425=CARTESIAN_POINT('',(1.4787260109823,0.787811794676643,-0.31));
#13426=CARTESIAN_POINT('',(1.43654742823079,1.01649738546012,-0.31));
#13427=CARTESIAN_POINT('',(1.34103312597246,1.17117344412992,-0.31));
#13428=CARTESIAN_POINT('',(1.26078117072692,1.25126692907362,-0.31));
#13429=CARTESIAN_POINT('',(1.18855100259092,1.30536144706598,-0.309999999999999));
#13430=CARTESIAN_POINT('',(1.13230716654575,1.34295402764427,-0.309999999999999));
#13431=CARTESIAN_POINT('',(1.07484882952416,1.37871133458116,-0.309999999999999));
#13432=CARTESIAN_POINT('',(0.956595688661255,1.44435203733133,-0.31));
#13433=CARTESIAN_POINT('',(0.754988413229745,1.49731198710872,-0.31));
#13434=CARTESIAN_POINT('',(0.483391934283658,1.4300144351047,-0.31));
#13435=CARTESIAN_POINT('',(0.34676718299124,1.3040247879972,-0.31));
#13436=CARTESIAN_POINT('',(0.29783758811432,1.22825430047311,-0.31));
#13437=CARTESIAN_POINT('',(1.31441881559039,0.571786205239154,-0.31));
#13438=CARTESIAN_POINT('',(1.35719659341928,0.638030225641245,-0.31));
#13439=CARTESIAN_POINT('',(1.4084431185582,0.792717693414187,-0.310019887100418));
#13440=CARTESIAN_POINT('',(1.37092664640661,0.992596766627617,-0.310016630986813));
#13441=CARTESIAN_POINT('',(1.28592864503989,1.12743332361355,-0.310001118705513));
#13442=CARTESIAN_POINT('',(1.21369242467888,1.19689920379053,-0.309956610065709));
#13443=CARTESIAN_POINT('',(1.14612334549403,1.24447417403066,-0.309896686864078));
#13444=CARTESIAN_POINT('',(1.09147034008165,1.27957278723424,-0.309861912459546));
#13445=CARTESIAN_POINT('',(1.0368714598542,1.31496198466658,-0.30989712622457));
#13446=CARTESIAN_POINT('',(0.930576382034311,1.3780853177248,-0.30998895027833));
#13447=CARTESIAN_POINT('',(0.754788470480324,1.42595626188494,-0.310013287337605));
#13448=CARTESIAN_POINT('',(0.516596782415015,1.36817423422558,-0.310023020923016));
#13449=CARTESIAN_POINT('',(0.397217964752849,1.25794659316122,-0.31));
#13450=CARTESIAN_POINT('',(0.35444018692395,1.19170257275913,-0.31));
#13451=CARTESIAN_POINT('',(1.20139817576671,0.644770480515787,-0.357110257193683));
#13452=CARTESIAN_POINT('',(1.23192666017553,0.692045716553329,-0.357110257193683));
#13453=CARTESIAN_POINT('',(1.26822255208494,0.802480534864239,-0.357309275367564));
#13454=CARTESIAN_POINT('',(1.24004748065296,0.944941560455123,-0.358285022169175));
#13455=CARTESIAN_POINT('',(1.17607297000603,1.04020238017713,-0.360488113199041));
#13456=CARTESIAN_POINT('',(1.11985470114804,1.08858548997077,-0.363492713343853));
#13457=CARTESIAN_POINT('',(1.06164825873926,1.12327178086382,-0.367505057220918));
#13458=CARTESIAN_POINT('',(1.01020478886077,1.15347196903498,-0.369497549642006));
#13459=CARTESIAN_POINT('',(0.961254969274364,1.18806188771185,-0.367502447202596));
#13460=CARTESIAN_POINT('',(0.878674741983016,1.24600670908758,-0.361482465129412));
#13461=CARTESIAN_POINT('',(0.754404247176261,1.28365224857838,-0.358470881639495));
#13462=CARTESIAN_POINT('',(0.582791891995623,1.24479838331744,-0.3573008279044));
#13463=CARTESIAN_POINT('',(0.497989311156444,1.16599353352004,-0.357110257193683));
#13464=CARTESIAN_POINT('',(0.467460826747625,1.1187182974825,-0.357110257193683));
#13465=CARTESIAN_POINT('',(1.13778447223901,0.685849703362827,-0.477880866078613));
#13466=CARTESIAN_POINT('',(1.1613572557758,0.722353608726746,-0.477880866078613));
#13467=CARTESIAN_POINT('',(1.18931666619266,0.807903771630166,-0.478541785935783));
#13468=CARTESIAN_POINT('',(1.16756042846286,0.918237532629515,-0.481610351098408));
#13469=CARTESIAN_POINT('',(1.11729756372701,0.993274378925568,-0.488444212869623));
#13470=CARTESIAN_POINT('',(1.07204411550337,1.03295069682689,-0.497630372672008));
#13471=CARTESIAN_POINT('',(1.02125190019955,1.06512650361753,-0.509631221853381));
#13472=CARTESIAN_POINT('',(0.972600306470118,1.09503562973241,-0.515475157197386));
#13473=CARTESIAN_POINT('',(0.924977980063084,1.12726344110911,-0.509628219426393));
#13474=CARTESIAN_POINT('',(0.85064433991201,1.17642715231542,-0.491602359442305));
#13475=CARTESIAN_POINT('',(0.753772202639598,1.20490782253671,-0.48216251534751));
#13476=CARTESIAN_POINT('',(0.619992458838439,1.17530383058514,-0.47855949691157));
#13477=CARTESIAN_POINT('',(0.554647313812109,1.11414297999938,-0.477880866078613));
#13478=CARTESIAN_POINT('',(0.531074530275324,1.07763907463546,-0.477880866078613));
#13479=CARTESIAN_POINT('',(1.12525412593764,0.693941307207907,-0.543587786259542));
#13480=CARTESIAN_POINT('',(1.1474948508817,0.728382437900673,-0.543587786259542));
#13481=CARTESIAN_POINT('',(1.1740321570284,0.808864513883943,-0.544426289236014));
#13482=CARTESIAN_POINT('',(1.15426468299695,0.913196989715061,-0.548349403996149));
#13483=CARTESIAN_POINT('',(1.10779638477312,0.985475606530193,-0.557016800778954));
#13484=CARTESIAN_POINT('',(1.06578113861546,1.02545736713233,-0.56858838417213));
#13485=CARTESIAN_POINT('',(1.01767126152501,1.05991170341393,-0.58346813690247));
#13486=CARTESIAN_POINT('',(0.970125793419027,1.0911931147339,-0.590618967022138));
#13487=CARTESIAN_POINT('',(0.92168720046331,1.12186056610785,-0.583468139717581));
#13488=CARTESIAN_POINT('',(0.845925723518881,1.16591047162797,-0.561096420593395));
#13489=CARTESIAN_POINT('',(0.753442230670567,1.19052808319409,-0.549031879173526));
#13490=CARTESIAN_POINT('',(0.627076244057482,1.16181941432093,-0.544482030001396));
#13491=CARTESIAN_POINT('',(0.565845601520747,1.10398860148314,-0.543587786259542));
#13492=CARTESIAN_POINT('',(0.543604876576692,1.06954747079038,-0.543587786259542));
#13493=CARTESIAN_POINT('',(0.29783758811432,1.22825430047311,-0.31));
#13494=CARTESIAN_POINT('',(0.34676718299124,1.3040247879972,-0.31));
#13495=CARTESIAN_POINT('',(0.483391934283658,1.4300144351047,-0.31));
#13496=CARTESIAN_POINT('',(0.754988413229745,1.49731198710872,-0.31));
#13497=CARTESIAN_POINT('',(0.956595688661255,1.44435203733133,-0.31));
#13498=CARTESIAN_POINT('',(1.07484882952416,1.37871133458116,-0.309999999999999));
#13499=CARTESIAN_POINT('',(1.13230716654575,1.34295402764427,-0.309999999999999));
#13500=CARTESIAN_POINT('',(1.18855100259092,1.30536144706598,-0.309999999999999));
#13501=CARTESIAN_POINT('',(1.26078117072692,1.25126692907362,-0.31));
#13502=CARTESIAN_POINT('',(1.34103312597246,1.17117344412992,-0.31));
#13503=CARTESIAN_POINT('',(1.43654742823079,1.01649738546012,-0.31));
#13504=CARTESIAN_POINT('',(1.4787260109823,0.787811794676643,-0.31));
#13505=CARTESIAN_POINT('',(1.41995100927693,0.611004965049259,-0.31));
#13506=CARTESIAN_POINT('',(1.37102141440002,0.535234477525173,-0.31));
#13507=CARTESIAN_POINT('',(1.37102141440002,0.535234477525175,-0.31));
#13508=CARTESIAN_POINT('',(1.12525412593765,0.693941307207909,-0.54358778625954));
#13509=CARTESIAN_POINT('',(1.15031481854039,0.677758099517749,-0.412173945897684));
#13510=CARTESIAN_POINT('',(1.25781621678076,0.608337932953138,-0.310000000000001));
#13511=CARTESIAN_POINT('',(1.37102141440002,0.535234477525176,-0.31));
#13512=CARTESIAN_POINT('',(1.12525412593764,0.693941307207907,-0.543587786259542));
#13513=CARTESIAN_POINT('',(1.12525412593764,0.693941307207907,-0.543587786259542));
#13514=CARTESIAN_POINT('',(1.16417539458974,0.754213285920248,-0.543587786259542));
#13515=CARTESIAN_POINT('',(1.17524052915971,0.873533934220897,-0.547273380480957));
#13516=CARTESIAN_POINT('',(1.10850301611783,0.996312205896473,-0.552912507785951));
#13517=CARTESIAN_POINT('',(0.971562239296793,1.09279199673624,-0.60588785959791));
#13518=CARTESIAN_POINT('',(0.825109662359427,1.17906453561595,-0.552948198531012));
#13519=CARTESIAN_POINT('',(0.687535501614064,1.18856932361286,-0.547198564859812));
#13520=CARTESIAN_POINT('',(0.582526145228788,1.12981944950271,-0.543587786259542));
#13521=CARTESIAN_POINT('',(0.543604876576692,1.06954747079038,-0.543587786259542));
#13522=CARTESIAN_POINT('',(-1.22951806192596,-3.49186087126136,-0.61));
#13523=CARTESIAN_POINT('',(-1.47528535038833,-3.33315404157862,-0.543587786259542));
#13524=CARTESIAN_POINT('',(-1.22951806192596,-3.49186087126136,-0.31));
#13525=CARTESIAN_POINT('',(3.7964050773568E-17,0.,-0.31));
#13526=CARTESIAN_POINT('',(1.12525412593764,0.693941307207907,-0.543587786259542));
#13527=CARTESIAN_POINT('',(1.07254216271431,0.727980615782568,-0.820000000000001));
#13528=CARTESIAN_POINT('',(0.834429501257167,0.881744388999141,-0.820000000000001));
#13529=CARTESIAN_POINT('',(0.596316839800027,1.03550816221571,-0.820000000000001));
#13530=CARTESIAN_POINT('',(0.543604876576691,1.06954747079038,-0.543587786259542));
#13531=CARTESIAN_POINT('',(1.25201172829549,0.890233251831565,-0.543587786259542));
#13532=CARTESIAN_POINT('',(1.19929976507215,0.924272560406226,-0.820000000000001));
#13533=CARTESIAN_POINT('',(0.961187103615012,1.0780363336228,-0.820000000000001));
#13534=CARTESIAN_POINT('',(0.723074442157872,1.23180010683937,-0.820000000000001));
#13535=CARTESIAN_POINT('',(0.670362478934536,1.26583941541403,-0.543587786259542));
#13536=CARTESIAN_POINT('',(1.06958016184793,1.02681022362942,-0.491978953511023));
#13537=CARTESIAN_POINT('',(1.05148430149909,1.03849581712038,-0.586870445170482));
#13538=CARTESIAN_POINT('',(0.969740932337091,1.09128246357952,-0.586870445170482));
#13539=CARTESIAN_POINT('',(0.887997563175091,1.14406911003867,-0.586870445170482));
#13540=CARTESIAN_POINT('',(0.869901702826252,1.15575470352962,-0.491978953511023));
#13541=CARTESIAN_POINT('',(0.834429501257167,0.881744388999142,-0.465));
#13542=CARTESIAN_POINT('',(-1.76610997506881,-3.14535095978739,-0.465000000000001));
#13543=CARTESIAN_POINT('',(2.57175827820944E-17,0.,-0.21));
#13544=CARTESIAN_POINT('',(-1.76610997506881,-3.14535095978739,-0.465000000000001));
#13545=CARTESIAN_POINT('',(-1.76610997506881,-3.14535095978739,-0.465000000000001));
#13546=CARTESIAN_POINT('',(-1.5518928324325,-3.28368394862495,-0.465000000000001));
#13547=CARTESIAN_POINT('',(-1.34607636206604,-3.41659211436466,-0.465000000000001));
#13548=CARTESIAN_POINT('',(-1.64710515591701,-3.81581844774111,-0.465000000000001));
#13549=CARTESIAN_POINT('',(-1.49358047104951,-3.61221301771446,-0.465000000000001));
#13550=CARTESIAN_POINT('',(-0.976720660614095,-4.32130874025426,-0.465000000000001));
#13551=CARTESIAN_POINT('',(-0.976720660614095,-4.32130874025426,-0.465000000000001));
#13552=CARTESIAN_POINT('',(-0.823195975746599,-4.11770331022761,-0.465000000000001));
#13553=CARTESIAN_POINT('',(-1.21754369570044,-4.64068980696282,-0.465000000000001));
#13554=CARTESIAN_POINT('',(-1.03532415234535,-4.99677412003988,-0.465000000000001));
#13555=CARTESIAN_POINT('',(-0.919159193456516,-5.22377786962643,-0.465000000000001));
#13556=CARTESIAN_POINT('',(-2.16888420087131,-5.57685245211534,-0.465000000000001));
#13557=CARTESIAN_POINT('',(-2.16888420087131,-5.57685245211534,-0.465000000000001));
#13558=CARTESIAN_POINT('',(-2.05271924198248,-5.80385620170189,-0.465000000000001));
#13559=CARTESIAN_POINT('',(-1.85,-6.2,-0.465000000000001));
#13560=CARTESIAN_POINT('',(-2.55,-6.2,-0.465000000000001));
#13561=CARTESIAN_POINT('',(-2.295,-6.2,-0.465000000000001));
#13562=CARTESIAN_POINT('',(-2.55,-13.8,-0.465000000000001));
#13563=CARTESIAN_POINT('',(-2.55,-13.8,-0.465000000000001));
#13564=CARTESIAN_POINT('',(-2.295,-13.8,-0.465000000000001));
#13565=CARTESIAN_POINT('',(-2.55,-13.8,-0.465000000000001));
#13566=CARTESIAN_POINT('',(0.,0.,0.));
#13567=CARTESIAN_POINT('',(0.,0.,0.21));
#13568=CARTESIAN_POINT('',(1.45833560998826,-2.03058052010753,0.543587786259541));
#13569=CARTESIAN_POINT('',(1.48293205046402,-2.01291568747984,0.410351299077351));
#13570=CARTESIAN_POINT('',(1.58601992270153,-1.93731822198086,0.310000000000001));
#13571=CARTESIAN_POINT('',(1.68684279400853,-1.84514535695741,0.31));
#13572=CARTESIAN_POINT('',(1.45833560998826,-2.03058052010753,0.543587786259542));
#13573=CARTESIAN_POINT('',(1.68684279400853,-1.84514535695741,0.31));
#13574=CARTESIAN_POINT('',(0.842769917917002,-2.35366498581556,0.543587786259633));
#13575=CARTESIAN_POINT('',(0.877321107566876,-2.34129334268001,0.701013896075136));
#13576=CARTESIAN_POINT('',(1.17152433413609,-2.23027109955718,0.938893830334835));
#13577=CARTESIAN_POINT('',(1.42924201095616,-2.05147515150535,0.701184936885638));
#13578=CARTESIAN_POINT('',(1.45833560998826,-2.03058052010753,0.543587786259541));
#13579=CARTESIAN_POINT('',(0.842769917917001,-2.35366498581556,0.543587786259633));
#13580=CARTESIAN_POINT('',(0.549528929154704,-2.43885587028469,0.31));
#13581=CARTESIAN_POINT('',(0.685766594793805,-2.40815846851471,0.31));
#13582=CARTESIAN_POINT('',(0.812878028575214,-2.36436828695603,0.407390917155808));
#13583=CARTESIAN_POINT('',(0.842769917917,-2.35366498581556,0.543587786259633));
#13584=CARTESIAN_POINT('',(0.549528929154704,-2.43885587028469,0.31));
#13585=CARTESIAN_POINT('',(0.,0.,0.31));
#13586=CARTESIAN_POINT('',(1.49009555977099,-2.01147048713438,0.466221563962032));
#13587=CARTESIAN_POINT('',(1.17079830455861,-2.22376447471285,0.0824636635422673));
#13588=CARTESIAN_POINT('',(0.810142861114546,-2.36869976805127,0.463924019363527));
#13589=CARTESIAN_POINT('',(1.168442834947,-2.22500250233249,0.847455839207296));
#13590=CARTESIAN_POINT('',(1.49009555977099,-2.01147048713438,0.466221563962032));
#13591=CARTESIAN_POINT('',(1.17079830455861,-2.22376447471285,0.0824636635422673));
#13592=CARTESIAN_POINT('',(0.810142861114546,-2.36869976805127,0.463924019363527));
#13593=CARTESIAN_POINT('',(1.16347864221748,-2.21172818000633,0.210975660718574));
#13594=CARTESIAN_POINT('',(0.,0.,0.21));
#13595=CARTESIAN_POINT('',(2.30270188821166,-2.79884104831342,0.61));
#13596=CARTESIAN_POINT('',(-0.297837588114318,1.22825430047311,0.31));
#13597=CARTESIAN_POINT('',(-0.411042785733579,1.15515084504515,0.309999999999999));
#13598=CARTESIAN_POINT('',(-0.518544183973957,1.08573067848054,0.412173945897684));
#13599=CARTESIAN_POINT('',(-0.543604876576693,1.06954747079038,0.543587786259544));
#13600=CARTESIAN_POINT('',(-0.29783758811432,1.22825430047311,0.31));
#13601=CARTESIAN_POINT('',(-0.543604876576692,1.06954747079038,0.543587786259542));
#13602=CARTESIAN_POINT('',(2.05693459974928,-2.95754787799615,0.543587786259542));
#13603=CARTESIAN_POINT('',(2.30270188821166,-2.79884104831342,0.31));
#13604=CARTESIAN_POINT('',(-1.37102141440002,0.535234477525173,0.31));
#13605=CARTESIAN_POINT('',(-1.41995100927693,0.611004965049259,0.31));
#13606=CARTESIAN_POINT('',(-1.4787260109823,0.787811794676643,0.31));
#13607=CARTESIAN_POINT('',(-1.43654742823079,1.01649738546012,0.31));
#13608=CARTESIAN_POINT('',(-1.34103312597246,1.17117344412992,0.31));
#13609=CARTESIAN_POINT('',(-1.26078117072692,1.25126692907362,0.31));
#13610=CARTESIAN_POINT('',(-1.18855100259092,1.30536144706598,0.309999999999999));
#13611=CARTESIAN_POINT('',(-1.13230716654575,1.34295402764427,0.31));
#13612=CARTESIAN_POINT('',(-1.07484882952416,1.37871133458116,0.31));
#13613=CARTESIAN_POINT('',(-0.956595688661255,1.44435203733133,0.31));
#13614=CARTESIAN_POINT('',(-0.754988413229745,1.49731198710872,0.31));
#13615=CARTESIAN_POINT('',(-0.483391934283658,1.4300144351047,0.31));
#13616=CARTESIAN_POINT('',(-0.34676718299124,1.3040247879972,0.31));
#13617=CARTESIAN_POINT('',(-0.29783758811432,1.22825430047311,0.31));
#13618=CARTESIAN_POINT('',(-1.31441881559039,0.571786205239154,0.31));
#13619=CARTESIAN_POINT('',(-1.35719659341928,0.638030225641245,0.31));
#13620=CARTESIAN_POINT('',(-1.4084431185582,0.792717693414187,0.310019887100419));
#13621=CARTESIAN_POINT('',(-1.37092664640661,0.992596766627617,0.310016630986813));
#13622=CARTESIAN_POINT('',(-1.28592864503989,1.12743332361355,0.310001118705513));
#13623=CARTESIAN_POINT('',(-1.21369242467888,1.19689920379053,0.309956610065709));
#13624=CARTESIAN_POINT('',(-1.14612334549403,1.24447417403066,0.309896686864078));
#13625=CARTESIAN_POINT('',(-1.09147034008165,1.27957278723424,0.309861912459546));
#13626=CARTESIAN_POINT('',(-1.03687145985419,1.31496198466658,0.309897126224571));
#13627=CARTESIAN_POINT('',(-0.930576382034311,1.3780853177248,0.30998895027833));
#13628=CARTESIAN_POINT('',(-0.754788470480324,1.42595626188494,0.310013287337605));
#13629=CARTESIAN_POINT('',(-0.516596782415014,1.36817423422558,0.310023020923016));
#13630=CARTESIAN_POINT('',(-0.397217964752849,1.25794659316122,0.31));
#13631=CARTESIAN_POINT('',(-0.35444018692395,1.19170257275913,0.31));
#13632=CARTESIAN_POINT('',(-1.20139817576671,0.644770480515787,0.357110257193683));
#13633=CARTESIAN_POINT('',(-1.23192666017553,0.692045716553329,0.357110257193683));
#13634=CARTESIAN_POINT('',(-1.26822255208494,0.802480534864239,0.357309275367564));
#13635=CARTESIAN_POINT('',(-1.24004748065296,0.944941560455123,0.358285022169175));
#13636=CARTESIAN_POINT('',(-1.17607297000603,1.04020238017713,0.360488113199041));
#13637=CARTESIAN_POINT('',(-1.11985470114804,1.08858548997077,0.363492713343853));
#13638=CARTESIAN_POINT('',(-1.06164825873926,1.12327178086382,0.367505057220918));
#13639=CARTESIAN_POINT('',(-1.01020478886077,1.15347196903498,0.369497549642006));
#13640=CARTESIAN_POINT('',(-0.961254969274364,1.18806188771185,0.367502447202596));
#13641=CARTESIAN_POINT('',(-0.878674741983017,1.24600670908758,0.361482465129412));
#13642=CARTESIAN_POINT('',(-0.754404247176261,1.28365224857838,0.358470881639495));
#13643=CARTESIAN_POINT('',(-0.582791891995623,1.24479838331744,0.3573008279044));
#13644=CARTESIAN_POINT('',(-0.497989311156444,1.16599353352004,0.357110257193683));
#13645=CARTESIAN_POINT('',(-0.467460826747625,1.1187182974825,0.357110257193683));
#13646=CARTESIAN_POINT('',(-1.13778447223901,0.685849703362827,0.477880866078613));
#13647=CARTESIAN_POINT('',(-1.1613572557758,0.722353608726747,0.477880866078613));
#13648=CARTESIAN_POINT('',(-1.18931666619266,0.807903771630166,0.478541785935783));
#13649=CARTESIAN_POINT('',(-1.16756042846286,0.918237532629515,0.481610351098408));
#13650=CARTESIAN_POINT('',(-1.11729756372701,0.993274378925567,0.488444212869623));
#13651=CARTESIAN_POINT('',(-1.07204411550337,1.03295069682689,0.497630372672009));
#13652=CARTESIAN_POINT('',(-1.02125190019955,1.06512650361753,0.509631221853381));
#13653=CARTESIAN_POINT('',(-0.972600306470118,1.09503562973241,0.515475157197386));
#13654=CARTESIAN_POINT('',(-0.924977980063084,1.12726344110911,0.509628219426393));
#13655=CARTESIAN_POINT('',(-0.85064433991201,1.17642715231542,0.491602359442305));
#13656=CARTESIAN_POINT('',(-0.753772202639598,1.20490782253671,0.48216251534751));
#13657=CARTESIAN_POINT('',(-0.619992458838439,1.17530383058514,0.47855949691157));
#13658=CARTESIAN_POINT('',(-0.554647313812109,1.11414297999938,0.477880866078613));
#13659=CARTESIAN_POINT('',(-0.531074530275324,1.07763907463546,0.477880866078613));
#13660=CARTESIAN_POINT('',(-1.12525412593764,0.693941307207907,0.543587786259542));
#13661=CARTESIAN_POINT('',(-1.1474948508817,0.728382437900673,0.543587786259542));
#13662=CARTESIAN_POINT('',(-1.1740321570284,0.808864513883943,0.544426289236014));
#13663=CARTESIAN_POINT('',(-1.15426468299695,0.913196989715061,0.548349403996149));
#13664=CARTESIAN_POINT('',(-1.10779638477312,0.985475606530193,0.557016800778954));
#13665=CARTESIAN_POINT('',(-1.06578113861546,1.02545736713233,0.56858838417213));
#13666=CARTESIAN_POINT('',(-1.01767126152501,1.05991170341393,0.58346813690247));
#13667=CARTESIAN_POINT('',(-0.970125793419027,1.0911931147339,0.590618967022138));
#13668=CARTESIAN_POINT('',(-0.921687200463309,1.12186056610785,0.583468139717581));
#13669=CARTESIAN_POINT('',(-0.845925723518881,1.16591047162797,0.561096420593395));
#13670=CARTESIAN_POINT('',(-0.753442230670567,1.19052808319409,0.549031879173526));
#13671=CARTESIAN_POINT('',(-0.627076244057482,1.16181941432093,0.544482030001396));
#13672=CARTESIAN_POINT('',(-0.565845601520747,1.10398860148314,0.543587786259542));
#13673=CARTESIAN_POINT('',(-0.543604876576692,1.06954747079038,0.543587786259542));
#13674=CARTESIAN_POINT('',(-0.29783758811432,1.22825430047311,0.31));
#13675=CARTESIAN_POINT('',(-0.34676718299124,1.3040247879972,0.31));
#13676=CARTESIAN_POINT('',(-0.483391934283658,1.4300144351047,0.31));
#13677=CARTESIAN_POINT('',(-0.754988413229745,1.49731198710872,0.31));
#13678=CARTESIAN_POINT('',(-0.956595688661255,1.44435203733133,0.31));
#13679=CARTESIAN_POINT('',(-1.07484882952416,1.37871133458116,0.31));
#13680=CARTESIAN_POINT('',(-1.13230716654575,1.34295402764427,0.31));
#13681=CARTESIAN_POINT('',(-1.18855100259092,1.30536144706598,0.309999999999999));
#13682=CARTESIAN_POINT('',(-1.26078117072692,1.25126692907362,0.31));
#13683=CARTESIAN_POINT('',(-1.34103312597246,1.17117344412992,0.31));
#13684=CARTESIAN_POINT('',(-1.43654742823079,1.01649738546012,0.31));
#13685=CARTESIAN_POINT('',(-1.4787260109823,0.787811794676643,0.31));
#13686=CARTESIAN_POINT('',(-1.41995100927693,0.611004965049259,0.31));
#13687=CARTESIAN_POINT('',(-1.37102141440002,0.535234477525173,0.31));
#13688=CARTESIAN_POINT('',(-1.37102141440002,0.535234477525173,0.31));
#13689=CARTESIAN_POINT('',(-1.12525412593765,0.693941307207909,0.543587786259541));
#13690=CARTESIAN_POINT('',(-1.15031481854039,0.677758099517749,0.412173945897684));
#13691=CARTESIAN_POINT('',(-1.25781621678076,0.608337932953137,0.310000000000001));
#13692=CARTESIAN_POINT('',(-1.37102141440002,0.535234477525176,0.31));
#13693=CARTESIAN_POINT('',(-1.12525412593764,0.693941307207907,0.543587786259542));
#13694=CARTESIAN_POINT('',(-1.12525412593764,0.693941307207907,0.543587786259542));
#13695=CARTESIAN_POINT('',(-1.16417539458974,0.754213285920248,0.543587786259542));
#13696=CARTESIAN_POINT('',(-1.17524052915971,0.873533934220897,0.547273380480957));
#13697=CARTESIAN_POINT('',(-1.10850301611783,0.996312205896473,0.552912507785951));
#13698=CARTESIAN_POINT('',(-0.971562239296793,1.09279199673624,0.60588785959791));
#13699=CARTESIAN_POINT('',(-0.825109662359427,1.17906453561595,0.552948198531012));
#13700=CARTESIAN_POINT('',(-0.687535501614064,1.18856932361286,0.547198564859812));
#13701=CARTESIAN_POINT('',(-0.582526145228788,1.12981944950271,0.543587786259542));
#13702=CARTESIAN_POINT('',(-0.543604876576692,1.06954747079038,0.543587786259542));
#13703=CARTESIAN_POINT('',(1.22951806192596,-3.49186087126136,0.61));
#13704=CARTESIAN_POINT('',(1.47528535038833,-3.33315404157862,0.543587786259542));
#13705=CARTESIAN_POINT('',(1.22951806192596,-3.49186087126136,0.31));
#13706=CARTESIAN_POINT('',(0.,0.,0.31));
#13707=CARTESIAN_POINT('',(-1.12525412593764,0.693941307207907,0.543587786259542));
#13708=CARTESIAN_POINT('',(-1.07254216271431,0.727980615782568,0.820000000000001));
#13709=CARTESIAN_POINT('',(-0.834429501257167,0.881744388999141,0.820000000000001));
#13710=CARTESIAN_POINT('',(-0.596316839800027,1.03550816221571,0.820000000000001));
#13711=CARTESIAN_POINT('',(-0.543604876576691,1.06954747079038,0.543587786259542));
#13712=CARTESIAN_POINT('',(-1.25201172829549,0.890233251831565,0.543587786259542));
#13713=CARTESIAN_POINT('',(-1.19929976507215,0.924272560406226,0.820000000000001));
#13714=CARTESIAN_POINT('',(-0.961187103615012,1.0780363336228,0.820000000000001));
#13715=CARTESIAN_POINT('',(-0.723074442157872,1.23180010683937,0.820000000000001));
#13716=CARTESIAN_POINT('',(-0.670362478934536,1.26583941541403,0.543587786259542));
#13717=CARTESIAN_POINT('',(-1.06958016184793,1.02681022362942,0.491978953511023));
#13718=CARTESIAN_POINT('',(-1.05148430149909,1.03849581712038,0.586870445170482));
#13719=CARTESIAN_POINT('',(-0.969740932337091,1.09128246357952,0.586870445170482));
#13720=CARTESIAN_POINT('',(-0.887997563175091,1.14406911003867,0.586870445170482));
#13721=CARTESIAN_POINT('',(-0.869901702826252,1.15575470352962,0.491978953511023));
#13722=CARTESIAN_POINT('',(-0.834429501257167,0.881744388999142,0.465));
#13723=CARTESIAN_POINT('',(1.76610997506881,-3.14535095978739,0.465));
#13724=CARTESIAN_POINT('',(0.,0.,0.21));
#13725=CARTESIAN_POINT('',(1.76610997506881,-3.14535095978739,0.465));
#13726=CARTESIAN_POINT('',(1.76610997506881,-3.14535095978739,0.465));
#13727=CARTESIAN_POINT('',(1.5518928324325,-3.28368394862495,0.465));
#13728=CARTESIAN_POINT('',(1.34607636206604,-3.41659211436466,0.465));
#13729=CARTESIAN_POINT('',(1.64710515591701,-3.81581844774111,0.465));
#13730=CARTESIAN_POINT('',(1.49358047104951,-3.61221301771446,0.465));
#13731=CARTESIAN_POINT('',(0.976720660614095,-4.32130874025426,0.465));
#13732=CARTESIAN_POINT('',(0.976720660614095,-4.32130874025426,0.465));
#13733=CARTESIAN_POINT('',(0.823195975746599,-4.11770331022761,0.465));
#13734=CARTESIAN_POINT('',(1.21754369570044,-4.64068980696282,0.465));
#13735=CARTESIAN_POINT('',(1.03532415234535,-4.99677412003988,0.465));
#13736=CARTESIAN_POINT('',(0.919159193456516,-5.22377786962643,0.465));
#13737=CARTESIAN_POINT('',(2.16888420087131,-5.57685245211534,0.465));
#13738=CARTESIAN_POINT('',(2.16888420087131,-5.57685245211534,0.465));
#13739=CARTESIAN_POINT('',(2.05271924198248,-5.80385620170189,0.465));
#13740=CARTESIAN_POINT('',(1.85,-6.2,0.465));
#13741=CARTESIAN_POINT('',(2.55,-6.2,0.465));
#13742=CARTESIAN_POINT('',(2.295,-6.2,0.465));
#13743=CARTESIAN_POINT('',(2.55,-13.8,0.465));
#13744=CARTESIAN_POINT('',(2.55,-13.8,0.465));
#13745=CARTESIAN_POINT('',(2.295,-13.8,0.465));
#13746=CARTESIAN_POINT('',(2.55,-13.8,0.465));
#13747=CARTESIAN_POINT('',(0.,0.,0.));
#13748=CARTESIAN_POINT('',(0.,0.,-0.21));
#13749=CARTESIAN_POINT('',(0.,0.,-0.21));
#13750=CARTESIAN_POINT('',(2.5,0.,-0.21));
#13751=CARTESIAN_POINT('',(0.,0.,0.));
#13752=CARTESIAN_POINT('',(0.,0.,0.21));
#13753=CARTESIAN_POINT('',(2.5,0.,0.21));
#13754=CARTESIAN_POINT('',(0.,0.,0.21));
#13755=CARTESIAN_POINT('',(0.,0.,0.));
#13756=MECHANICAL_DESIGN_GEOMETRIC_PRESENTATION_REPRESENTATION('',(#4504,
#4505,#4506,#4507,#4508,#4509,#4510,#4511,#4512,#4513,#4514,#4515,#4516,
#4517,#4518,#4519,#4520,#4521,#4522,#4523,#4524,#4525,#4526,#4527,#4528,
#4529,#4530,#4531,#4532,#4533,#4534,#4535,#4536,#4537,#4538,#4539,#4540,
#4541,#4542,#4543,#4544,#4545,#4546,#4547,#4548,#4549,#4550,#4551,#4552,
#4553,#4554,#4555,#4556,#4557,#4558,#4559,#4560,#4561,#4562,#4563,#4564,
#4565,#4566,#4567,#4568,#4569,#4570,#4571,#4572,#4573,#4574,#4575,#4576,
#4577,#4578,#4579,#4580,#4581,#4582,#4583,#4584,#4585,#4586,#4587,#4588,
#4589,#4590,#4591,#4592,#4593,#4594,#4595,#4596,#4597,#4598,#4599,#4600,
#4601,#4602,#4603,#4604,#4605,#4606,#4607,#4608,#4609,#4610,#4611,#4612,
#4613,#4614,#4615,#4616,#4617,#4618,#4619,#4620,#4621,#4622,#4623,#4624,
#4625,#4626,#4627,#4628,#4629,#4630,#4631,#4632,#4633,#4634,#4635,#4636,
#4637,#4638,#4639,#4640,#4641,#4642,#4643,#4644,#4645,#4646,#4647,#4648,
#4649,#4650,#4651,#4652,#4653,#4654,#4655,#4656,#4657,#4658,#4659,#4660,
#4661,#4662,#4663,#4664,#4665,#4666,#4667,#4668,#4669,#4670,#4671,#4672,
#4673,#4674,#4675,#4676,#4677,#4678,#4679,#4680,#4681,#4682,#4683,#4684,
#4685,#4686,#4687,#4688,#4689,#4690,#4691,#4692,#4693,#4694,#4695,#4696,
#4697,#4698,#4699,#4700,#4701,#4702,#4703,#4704,#4705,#4706,#4707,#4708,
#4709,#4710,#4711,#4712,#4713,#4714,#4715,#4716,#4717,#4718,#4719,#4720,
#4721,#4722,#4723,#4724,#4725,#4726,#4727,#4728,#4729,#4730,#4731,#4732,
#4733,#4734,#4735,#4736,#4737,#4738,#4739,#4740,#4741,#4742,#4743,#4744,
#4745,#4746,#4747,#4748,#4749,#4750,#4751,#4752,#4753,#4754,#4755,#4756,
#4757,#4758,#4759,#4760),#13757);
#13757=(
GEOMETRIC_REPRESENTATION_CONTEXT(3)
GLOBAL_UNCERTAINTY_ASSIGNED_CONTEXT((#13762))
GLOBAL_UNIT_ASSIGNED_CONTEXT((#13769,#13768,#13767))
REPRESENTATION_CONTEXT('0ZRG0120FF1E','TOP_LEVEL_ASSEMBLY_PART')
);
#13758=(
GEOMETRIC_REPRESENTATION_CONTEXT(3)
GLOBAL_UNCERTAINTY_ASSIGNED_CONTEXT((#13763))
GLOBAL_UNIT_ASSIGNED_CONTEXT((#13769,#13768,#13767))
REPRESENTATION_CONTEXT('0ZRG0120FF1E_PART1','COMPONENT_PART')
);
#13759=(
GEOMETRIC_REPRESENTATION_CONTEXT(3)
GLOBAL_UNCERTAINTY_ASSIGNED_CONTEXT((#13764))
GLOBAL_UNIT_ASSIGNED_CONTEXT((#13769,#13768,#13767))
REPRESENTATION_CONTEXT('0ZRG0120FF1E_PART2','COMPONENT_PART')
);
#13760=(
GEOMETRIC_REPRESENTATION_CONTEXT(3)
GLOBAL_UNCERTAINTY_ASSIGNED_CONTEXT((#13765))
GLOBAL_UNIT_ASSIGNED_CONTEXT((#13769,#13768,#13767))
REPRESENTATION_CONTEXT('0ZRG0120FF1E_PART3','COMPONENT_PART')
);
#13761=(
GEOMETRIC_REPRESENTATION_CONTEXT(3)
GLOBAL_UNCERTAINTY_ASSIGNED_CONTEXT((#13766))
GLOBAL_UNIT_ASSIGNED_CONTEXT((#13769,#13768,#13767))
REPRESENTATION_CONTEXT('0ZRG0120FF1E_PART4','COMPONENT_PART')
);
#13762=UNCERTAINTY_MEASURE_WITH_UNIT(LENGTH_MEASURE(1.E-5),#13769,
'DISTANCE_ACCURACY_VALUE','Maximum Tolerance applied to model');
#13763=UNCERTAINTY_MEASURE_WITH_UNIT(LENGTH_MEASURE(0.026062476019614),
#13769,'DISTANCE_ACCURACY_VALUE','Maximum Tolerance applied to model');
#13764=UNCERTAINTY_MEASURE_WITH_UNIT(LENGTH_MEASURE(1.E-5),#13769,
'DISTANCE_ACCURACY_VALUE','Maximum Tolerance applied to model');
#13765=UNCERTAINTY_MEASURE_WITH_UNIT(LENGTH_MEASURE(1.E-5),#13769,
'DISTANCE_ACCURACY_VALUE','Maximum Tolerance applied to model');
#13766=UNCERTAINTY_MEASURE_WITH_UNIT(LENGTH_MEASURE(1.E-5),#13769,
'DISTANCE_ACCURACY_VALUE','Maximum Tolerance applied to model');
#13767=(
NAMED_UNIT(*)
SI_UNIT($,.STERADIAN.)
SOLID_ANGLE_UNIT()
);
#13768=(
NAMED_UNIT(*)
PLANE_ANGLE_UNIT()
SI_UNIT($,.RADIAN.)
);
#13769=(
LENGTH_UNIT()
NAMED_UNIT(*)
SI_UNIT(.MILLI.,.METRE.)
);
#13770=PRODUCT_DEFINITION_SHAPE('','',#13779);
#13771=PRODUCT_DEFINITION_SHAPE('','',#13780);
#13772=PRODUCT_DEFINITION_SHAPE(' ','NAUO PRDDFN',#22);
#13773=PRODUCT_DEFINITION_SHAPE('','',#13781);
#13774=PRODUCT_DEFINITION_SHAPE(' ','NAUO PRDDFN',#23);
#13775=PRODUCT_DEFINITION_SHAPE('','',#13782);
#13776=PRODUCT_DEFINITION_SHAPE(' ','NAUO PRDDFN',#24);
#13777=PRODUCT_DEFINITION_SHAPE('','',#13783);
#13778=PRODUCT_DEFINITION_SHAPE(' ','NAUO PRDDFN',#25);
#13779=PRODUCT_DEFINITION('','',#13789,#13784);
#13780=PRODUCT_DEFINITION('','',#13790,#13785);
#13781=PRODUCT_DEFINITION('','',#13791,#13786);
#13782=PRODUCT_DEFINITION('','',#13792,#13787);
#13783=PRODUCT_DEFINITION('','',#13793,#13788);
#13784=PRODUCT_DEFINITION_CONTEXT('',#13815,'design');
#13785=PRODUCT_DEFINITION_CONTEXT('',#13815,'design');
#13786=PRODUCT_DEFINITION_CONTEXT('',#13815,'design');
#13787=PRODUCT_DEFINITION_CONTEXT('',#13815,'design');
#13788=PRODUCT_DEFINITION_CONTEXT('',#13815,'design');
#13789=PRODUCT_DEFINITION_FORMATION_WITH_SPECIFIED_SOURCE('','',#13799,
 .NOT_KNOWN.);
#13790=PRODUCT_DEFINITION_FORMATION_WITH_SPECIFIED_SOURCE('','',#13800,
 .NOT_KNOWN.);
#13791=PRODUCT_DEFINITION_FORMATION_WITH_SPECIFIED_SOURCE('','',#13801,
 .NOT_KNOWN.);
#13792=PRODUCT_DEFINITION_FORMATION_WITH_SPECIFIED_SOURCE('','',#13802,
 .NOT_KNOWN.);
#13793=PRODUCT_DEFINITION_FORMATION_WITH_SPECIFIED_SOURCE('','',#13803,
 .NOT_KNOWN.);
#13794=PRODUCT_RELATED_PRODUCT_CATEGORY('','',(#13799));
#13795=PRODUCT_RELATED_PRODUCT_CATEGORY('','',(#13800));
#13796=PRODUCT_RELATED_PRODUCT_CATEGORY('','',(#13801));
#13797=PRODUCT_RELATED_PRODUCT_CATEGORY('','',(#13802));
#13798=PRODUCT_RELATED_PRODUCT_CATEGORY('','',(#13803));
#13799=PRODUCT('0ZRG0120FF1E','0ZRG0120FF1E','0ZRG0120FF1E',(#13809));
#13800=PRODUCT('0ZRG0120FF1E_PART1','0ZRG0120FF1E_PART1',
'0ZRG0120FF1E_PART1',(#13810));
#13801=PRODUCT('0ZRG0120FF1E_PART2','0ZRG0120FF1E_PART2',
'0ZRG0120FF1E_PART2',(#13811));
#13802=PRODUCT('0ZRG0120FF1E_PART3','0ZRG0120FF1E_PART3',
'0ZRG0120FF1E_PART3',(#13812));
#13803=PRODUCT('0ZRG0120FF1E_PART4','0ZRG0120FF1E_PART4',
'0ZRG0120FF1E_PART4',(#13813));
#13804=PRODUCT_CATEGORY('','');
#13805=PRODUCT_CATEGORY('','');
#13806=PRODUCT_CATEGORY('','');
#13807=PRODUCT_CATEGORY('','');
#13808=PRODUCT_CATEGORY('','');
#13809=PRODUCT_CONTEXT('',#13815,'mechanical');
#13810=PRODUCT_CONTEXT('',#13815,'mechanical');
#13811=PRODUCT_CONTEXT('',#13815,'mechanical');
#13812=PRODUCT_CONTEXT('',#13815,'mechanical');
#13813=PRODUCT_CONTEXT('',#13815,'mechanical');
#13814=APPLICATION_PROTOCOL_DEFINITION('international standard',
'automotive_design',2010,#13815);
#13815=APPLICATION_CONTEXT(
'core data for automotive mechanical design processes');
ENDSEC;
END-ISO-10303-21;
