ISO-10303-21;
HEADER;
FILE_DESCRIPTION((''),'2;1');
FILE_NAME('389690004','2014-12-29T',('me'),(''),
'PRO/ENGINEER BY PARAMETRIC TECHNOLOGY CORPORATION, 2011490',
'PRO/ENGINEER BY PARAMETRIC TECHNOLOGY CORPORATION, 2011490','');
FILE_SCHEMA(('CONFIG_CONTROL_DESIGN'));
ENDSEC;
DATA;
#1=DIRECTION('',(0.E0,0.E0,-1.E0));
#2=VECTOR('',#1,8.5E-1);
#3=CARTESIAN_POINT('',(-1.05E0,0.E0,4.76E-1));
#4=LINE('',#3,#2);
#5=DIRECTION('',(0.E0,1.E0,0.E0));
#6=VECTOR('',#5,8.9E-1);
#7=CARTESIAN_POINT('',(-1.05E0,0.E0,-3.74E-1));
#8=LINE('',#7,#6);
#9=DIRECTION('',(0.E0,0.E0,1.E0));
#10=VECTOR('',#9,7.3E-1);
#11=CARTESIAN_POINT('',(-1.05E0,8.9E-1,-3.74E-1));
#12=LINE('',#11,#10);
#13=CARTESIAN_POINT('',(-1.05E0,7.7E-1,3.56E-1));
#14=DIRECTION('',(1.E0,0.E0,0.E0));
#15=DIRECTION('',(0.E0,1.E0,0.E0));
#16=AXIS2_PLACEMENT_3D('',#13,#14,#15);
#18=DIRECTION('',(0.E0,-1.E0,0.E0));
#19=VECTOR('',#18,7.7E-1);
#20=CARTESIAN_POINT('',(-1.05E0,7.7E-1,4.76E-1));
#21=LINE('',#20,#19);
#22=DIRECTION('',(0.E0,0.E0,1.E0));
#23=VECTOR('',#22,8.E-2);
#24=CARTESIAN_POINT('',(9.51E-1,0.E0,3.96E-1));
#25=LINE('',#24,#23);
#26=DIRECTION('',(1.E0,0.E0,0.E0));
#27=VECTOR('',#26,9.9E-2);
#28=CARTESIAN_POINT('',(9.51E-1,0.E0,4.76E-1));
#29=LINE('',#28,#27);
#30=DIRECTION('',(0.E0,0.E0,-1.E0));
#31=VECTOR('',#30,7.7E-1);
#32=CARTESIAN_POINT('',(9.5E-1,0.E0,3.96E-1));
#33=LINE('',#32,#31);
#34=DIRECTION('',(1.E0,0.E0,0.E0));
#35=VECTOR('',#34,1.E-3);
#36=CARTESIAN_POINT('',(9.5E-1,0.E0,3.96E-1));
#37=LINE('',#36,#35);
#38=DIRECTION('',(0.E0,0.E0,-1.E0));
#39=VECTOR('',#38,8.E-2);
#40=CARTESIAN_POINT('',(-9.51E-1,0.E0,4.76E-1));
#41=LINE('',#40,#39);
#42=DIRECTION('',(-1.E0,0.E0,0.E0));
#43=VECTOR('',#42,1.E-3);
#44=CARTESIAN_POINT('',(-9.5E-1,0.E0,3.96E-1));
#45=LINE('',#44,#43);
#46=DIRECTION('',(0.E0,0.E0,-1.E0));
#47=VECTOR('',#46,7.7E-1);
#48=CARTESIAN_POINT('',(-9.5E-1,0.E0,3.96E-1));
#49=LINE('',#48,#47);
#50=DIRECTION('',(1.E0,0.E0,0.E0));
#51=VECTOR('',#50,9.9E-2);
#52=CARTESIAN_POINT('',(-1.05E0,0.E0,4.76E-1));
#53=LINE('',#52,#51);
#54=DIRECTION('',(0.E0,-1.E0,0.E0));
#55=VECTOR('',#54,3.19E-1);
#56=CARTESIAN_POINT('',(9.51E-1,3.19E-1,3.96E-1));
#57=LINE('',#56,#55);
#58=DIRECTION('',(0.E0,0.E0,-1.E0));
#59=VECTOR('',#58,6.9E-1);
#60=CARTESIAN_POINT('',(9.51E-1,3.19E-1,3.96E-1));
#61=LINE('',#60,#59);
#62=DIRECTION('',(0.E0,-1.E0,0.E0));
#63=VECTOR('',#62,5.71E-1);
#64=CARTESIAN_POINT('',(9.51E-1,8.9E-1,-2.94E-1));
#65=LINE('',#64,#63);
#66=DIRECTION('',(-1.E0,0.E0,0.E0));
#67=VECTOR('',#66,4.02E-1);
#68=CARTESIAN_POINT('',(9.51E-1,3.19E-1,3.96E-1));
#69=LINE('',#68,#67);
#70=DIRECTION('',(0.E0,1.E0,0.E0));
#71=VECTOR('',#70,2.E-2);
#72=CARTESIAN_POINT('',(9.5E-1,0.E0,3.96E-1));
#73=LINE('',#72,#71);
#74=DIRECTION('',(0.E0,0.E0,-1.E0));
#75=VECTOR('',#74,8.E-2);
#76=CARTESIAN_POINT('',(-5.49E-1,2.E-2,4.76E-1));
#77=LINE('',#76,#75);
#78=DIRECTION('',(0.E0,0.E0,-1.E0));
#79=VECTOR('',#78,8.E-2);
#80=CARTESIAN_POINT('',(-4.51E-1,2.E-2,4.76E-1));
#81=LINE('',#80,#79);
#82=DIRECTION('',(-1.E0,0.E0,0.E0));
#83=VECTOR('',#82,4.02E-1);
#84=CARTESIAN_POINT('',(-4.9E-2,2.E-2,3.96E-1));
#85=LINE('',#84,#83);
#86=DIRECTION('',(0.E0,0.E0,-1.E0));
#87=VECTOR('',#86,8.E-2);
#88=CARTESIAN_POINT('',(-4.9E-2,2.E-2,4.76E-1));
#89=LINE('',#88,#87);
#90=DIRECTION('',(0.E0,0.E0,-1.E0));
#91=VECTOR('',#90,8.E-2);
#92=CARTESIAN_POINT('',(4.9E-2,2.E-2,4.76E-1));
#93=LINE('',#92,#91);
#94=DIRECTION('',(-1.E0,0.E0,0.E0));
#95=VECTOR('',#94,4.02E-1);
#96=CARTESIAN_POINT('',(4.51E-1,2.E-2,3.96E-1));
#97=LINE('',#96,#95);
#98=DIRECTION('',(0.E0,0.E0,-1.E0));
#99=VECTOR('',#98,8.E-2);
#100=CARTESIAN_POINT('',(4.51E-1,2.E-2,4.76E-1));
#101=LINE('',#100,#99);
#102=DIRECTION('',(0.E0,0.E0,-1.E0));
#103=VECTOR('',#102,8.E-2);
#104=CARTESIAN_POINT('',(5.49E-1,2.E-2,4.76E-1));
#105=LINE('',#104,#103);
#106=DIRECTION('',(-1.E0,0.E0,0.E0));
#107=VECTOR('',#106,4.01E-1);
#108=CARTESIAN_POINT('',(9.5E-1,2.E-2,3.96E-1));
#109=LINE('',#108,#107);
#110=DIRECTION('',(0.E0,0.E0,-1.E0));
#111=VECTOR('',#110,7.7E-1);
#112=CARTESIAN_POINT('',(9.5E-1,2.E-2,3.96E-1));
#113=LINE('',#112,#111);
#114=DIRECTION('',(0.E0,0.E0,1.E0));
#115=VECTOR('',#114,7.7E-1);
#116=CARTESIAN_POINT('',(-9.5E-1,2.E-2,-3.74E-1));
#117=LINE('',#116,#115);
#118=DIRECTION('',(-1.E0,0.E0,0.E0));
#119=VECTOR('',#118,4.01E-1);
#120=CARTESIAN_POINT('',(-5.49E-1,2.E-2,3.96E-1));
#121=LINE('',#120,#119);
#122=CARTESIAN_POINT('',(-7.795E-1,2.E-2,-2.56E-1));
#123=DIRECTION('',(0.E0,-1.E0,0.E0));
#124=DIRECTION('',(0.E0,0.E0,1.E0));
#125=AXIS2_PLACEMENT_3D('',#122,#123,#124);
#127=DIRECTION('',(1.E0,0.E0,0.E0));
#128=VECTOR('',#127,5.9E-2);
#129=CARTESIAN_POINT('',(-7.795E-1,2.E-2,-2.915E-1));
#130=LINE('',#129,#128);
#131=CARTESIAN_POINT('',(-7.205E-1,2.E-2,-2.56E-1));
#132=DIRECTION('',(0.E0,-1.E0,0.E0));
#133=DIRECTION('',(0.E0,0.E0,-1.E0));
#134=AXIS2_PLACEMENT_3D('',#131,#132,#133);
#136=DIRECTION('',(-1.E0,0.E0,0.E0));
#137=VECTOR('',#136,5.9E-2);
#138=CARTESIAN_POINT('',(-7.205E-1,2.E-2,-2.205E-1));
#139=LINE('',#138,#137);
#140=CARTESIAN_POINT('',(2.205E-1,2.E-2,-2.56E-1));
#141=DIRECTION('',(0.E0,-1.E0,0.E0));
#142=DIRECTION('',(1.641879120925E-14,0.E0,1.E0));
#143=AXIS2_PLACEMENT_3D('',#140,#141,#142);
#145=DIRECTION('',(1.E0,0.E0,0.E0));
#146=VECTOR('',#145,5.9E-2);
#147=CARTESIAN_POINT('',(2.205E-1,2.E-2,-2.915E-1));
#148=LINE('',#147,#146);
#149=CARTESIAN_POINT('',(2.795E-1,2.E-2,-2.56E-1));
#150=DIRECTION('',(0.E0,-1.E0,0.E0));
#151=DIRECTION('',(-1.094586080616E-14,0.E0,-1.E0));
#152=AXIS2_PLACEMENT_3D('',#149,#150,#151);
#154=DIRECTION('',(-1.E0,0.E0,0.E0));
#155=VECTOR('',#154,5.9E-2);
#156=CARTESIAN_POINT('',(2.795E-1,2.E-2,-2.205E-1));
#157=LINE('',#156,#155);
#158=CARTESIAN_POINT('',(-2.795E-1,2.E-2,2.56E-1));
#159=DIRECTION('',(0.E0,-1.E0,0.E0));
#160=DIRECTION('',(0.E0,0.E0,1.E0));
#161=AXIS2_PLACEMENT_3D('',#158,#159,#160);
#163=DIRECTION('',(1.E0,0.E0,0.E0));
#164=VECTOR('',#163,5.9E-2);
#165=CARTESIAN_POINT('',(-2.795E-1,2.E-2,2.205E-1));
#166=LINE('',#165,#164);
#167=CARTESIAN_POINT('',(-2.205E-1,2.E-2,2.56E-1));
#168=DIRECTION('',(0.E0,-1.E0,0.E0));
#169=DIRECTION('',(0.E0,0.E0,-1.E0));
#170=AXIS2_PLACEMENT_3D('',#167,#168,#169);
#172=DIRECTION('',(-1.E0,0.E0,0.E0));
#173=VECTOR('',#172,5.9E-2);
#174=CARTESIAN_POINT('',(-2.205E-1,2.E-2,2.915E-1));
#175=LINE('',#174,#173);
#176=CARTESIAN_POINT('',(7.205E-1,2.E-2,2.56E-1));
#177=DIRECTION('',(0.E0,-1.E0,0.E0));
#178=DIRECTION('',(0.E0,0.E0,1.E0));
#179=AXIS2_PLACEMENT_3D('',#176,#177,#178);
#181=DIRECTION('',(1.E0,0.E0,0.E0));
#182=VECTOR('',#181,5.9E-2);
#183=CARTESIAN_POINT('',(7.205E-1,2.E-2,2.205E-1));
#184=LINE('',#183,#182);
#185=CARTESIAN_POINT('',(7.795E-1,2.E-2,2.56E-1));
#186=DIRECTION('',(0.E0,-1.E0,0.E0));
#187=DIRECTION('',(0.E0,0.E0,-1.E0));
#188=AXIS2_PLACEMENT_3D('',#185,#186,#187);
#190=DIRECTION('',(-1.E0,0.E0,0.E0));
#191=VECTOR('',#190,5.9E-2);
#192=CARTESIAN_POINT('',(7.795E-1,2.E-2,2.915E-1));
#193=LINE('',#192,#191);
#194=DIRECTION('',(0.E0,-1.E0,0.E0));
#195=VECTOR('',#194,2.99E-1);
#196=CARTESIAN_POINT('',(-5.49E-1,3.19E-1,3.96E-1));
#197=LINE('',#196,#195);
#198=DIRECTION('',(0.E0,0.E0,1.E0));
#199=VECTOR('',#198,6.9E-1);
#200=CARTESIAN_POINT('',(-5.49E-1,3.19E-1,-2.94E-1));
#201=LINE('',#200,#199);
#202=DIRECTION('',(0.E0,-1.E0,0.E0));
#203=VECTOR('',#202,5.71E-1);
#204=CARTESIAN_POINT('',(-5.49E-1,8.9E-1,-2.94E-1));
#205=LINE('',#204,#203);
#206=DIRECTION('',(0.E0,0.E0,-1.E0));
#207=VECTOR('',#206,6.5E-1);
#208=CARTESIAN_POINT('',(-5.49E-1,8.9E-1,3.56E-1));
#209=LINE('',#208,#207);
#210=DIRECTION('',(-1.E0,0.E0,0.E0));
#211=VECTOR('',#210,4.02E-1);
#212=CARTESIAN_POINT('',(-5.49E-1,8.9E-1,-2.94E-1));
#213=LINE('',#212,#211);
#214=DIRECTION('',(0.E0,0.E0,-1.E0));
#215=VECTOR('',#214,6.5E-1);
#216=CARTESIAN_POINT('',(-9.51E-1,8.9E-1,3.56E-1));
#217=LINE('',#216,#215);
#218=DIRECTION('',(1.E0,0.E0,0.E0));
#219=VECTOR('',#218,2.1E0);
#220=CARTESIAN_POINT('',(-1.05E0,8.9E-1,-3.74E-1));
#221=LINE('',#220,#219);
#222=DIRECTION('',(0.E0,0.E0,1.E0));
#223=VECTOR('',#222,6.5E-1);
#224=CARTESIAN_POINT('',(9.51E-1,8.9E-1,-2.94E-1));
#225=LINE('',#224,#223);
#226=DIRECTION('',(1.E0,0.E0,0.E0));
#227=VECTOR('',#226,4.02E-1);
#228=CARTESIAN_POINT('',(5.49E-1,8.9E-1,-2.94E-1));
#229=LINE('',#228,#227);
#230=DIRECTION('',(0.E0,0.E0,1.E0));
#231=VECTOR('',#230,6.5E-1);
#232=CARTESIAN_POINT('',(5.49E-1,8.9E-1,-2.94E-1));
#233=LINE('',#232,#231);
#234=DIRECTION('',(0.E0,0.E0,-1.E0));
#235=VECTOR('',#234,6.5E-1);
#236=CARTESIAN_POINT('',(4.51E-1,8.9E-1,3.56E-1));
#237=LINE('',#236,#235);
#238=DIRECTION('',(-1.E0,0.E0,0.E0));
#239=VECTOR('',#238,4.02E-1);
#240=CARTESIAN_POINT('',(4.51E-1,8.9E-1,-2.94E-1));
#241=LINE('',#240,#239);
#242=DIRECTION('',(0.E0,0.E0,-1.E0));
#243=VECTOR('',#242,6.5E-1);
#244=CARTESIAN_POINT('',(4.9E-2,8.9E-1,3.56E-1));
#245=LINE('',#244,#243);
#246=DIRECTION('',(0.E0,0.E0,-1.E0));
#247=VECTOR('',#246,6.5E-1);
#248=CARTESIAN_POINT('',(-4.9E-2,8.9E-1,3.56E-1));
#249=LINE('',#248,#247);
#250=DIRECTION('',(-1.E0,0.E0,0.E0));
#251=VECTOR('',#250,4.02E-1);
#252=CARTESIAN_POINT('',(-4.9E-2,8.9E-1,-2.94E-1));
#253=LINE('',#252,#251);
#254=DIRECTION('',(0.E0,0.E0,-1.E0));
#255=VECTOR('',#254,6.5E-1);
#256=CARTESIAN_POINT('',(-4.51E-1,8.9E-1,3.56E-1));
#257=LINE('',#256,#255);
#258=DIRECTION('',(-1.E0,0.E0,0.E0));
#259=VECTOR('',#258,4.02E-1);
#260=CARTESIAN_POINT('',(-5.49E-1,3.19E-1,-2.94E-1));
#261=LINE('',#260,#259);
#262=DIRECTION('',(0.E0,0.E0,-1.E0));
#263=VECTOR('',#262,3.74E-1);
#264=CARTESIAN_POINT('',(-9.37E-1,3.19E-1,1.87E-1));
#265=LINE('',#264,#263);
#266=DIRECTION('',(1.E0,0.E0,0.E0));
#267=VECTOR('',#266,3.74E-1);
#268=CARTESIAN_POINT('',(-9.37E-1,3.19E-1,1.87E-1));
#269=LINE('',#268,#267);
#270=DIRECTION('',(0.E0,0.E0,-1.E0));
#271=VECTOR('',#270,3.74E-1);
#272=CARTESIAN_POINT('',(-5.63E-1,3.19E-1,1.87E-1));
#273=LINE('',#272,#271);
#274=DIRECTION('',(1.E0,0.E0,0.E0));
#275=VECTOR('',#274,3.74E-1);
#276=CARTESIAN_POINT('',(-9.37E-1,3.19E-1,-1.87E-1));
#277=LINE('',#276,#275);
#278=DIRECTION('',(-1.E0,0.E0,0.E0));
#279=VECTOR('',#278,4.02E-1);
#280=CARTESIAN_POINT('',(-5.49E-1,3.19E-1,3.96E-1));
#281=LINE('',#280,#279);
#282=DIRECTION('',(0.E0,1.E0,0.E0));
#283=VECTOR('',#282,2.E-2);
#284=CARTESIAN_POINT('',(-9.5E-1,0.E0,3.96E-1));
#285=LINE('',#284,#283);
#286=DIRECTION('',(1.E0,0.E0,0.E0));
#287=VECTOR('',#286,1.9E0);
#288=CARTESIAN_POINT('',(-9.5E-1,2.E-2,-3.74E-1));
#289=LINE('',#288,#287);
#290=DIRECTION('',(0.E0,1.E0,0.E0));
#291=VECTOR('',#290,2.E-2);
#292=CARTESIAN_POINT('',(9.5E-1,0.E0,-3.74E-1));
#293=LINE('',#292,#291);
#294=DIRECTION('',(1.E0,0.E0,0.E0));
#295=VECTOR('',#294,1.E-1);
#296=CARTESIAN_POINT('',(9.5E-1,0.E0,-3.74E-1));
#297=LINE('',#296,#295);
#298=DIRECTION('',(1.E0,0.E0,0.E0));
#299=VECTOR('',#298,1.E-1);
#300=CARTESIAN_POINT('',(-1.05E0,0.E0,-3.74E-1));
#301=LINE('',#300,#299);
#302=DIRECTION('',(0.E0,1.E0,0.E0));
#303=VECTOR('',#302,2.E-2);
#304=CARTESIAN_POINT('',(-9.5E-1,0.E0,-3.74E-1));
#305=LINE('',#304,#303);
#306=DIRECTION('',(0.E0,0.E0,-1.E0));
#307=VECTOR('',#306,8.5E-1);
#308=CARTESIAN_POINT('',(1.05E0,0.E0,4.76E-1));
#309=LINE('',#308,#307);
#310=DIRECTION('',(0.E0,-1.E0,0.E0));
#311=VECTOR('',#310,7.7E-1);
#312=CARTESIAN_POINT('',(1.05E0,7.7E-1,4.76E-1));
#313=LINE('',#312,#311);
#314=CARTESIAN_POINT('',(1.05E0,7.7E-1,3.56E-1));
#315=DIRECTION('',(1.E0,0.E0,0.E0));
#316=DIRECTION('',(0.E0,1.E0,0.E0));
#317=AXIS2_PLACEMENT_3D('',#314,#315,#316);
#319=DIRECTION('',(0.E0,0.E0,1.E0));
#320=VECTOR('',#319,7.3E-1);
#321=CARTESIAN_POINT('',(1.05E0,8.9E-1,-3.74E-1));
#322=LINE('',#321,#320);
#323=DIRECTION('',(0.E0,1.E0,0.E0));
#324=VECTOR('',#323,8.9E-1);
#325=CARTESIAN_POINT('',(1.05E0,0.E0,-3.74E-1));
#326=LINE('',#325,#324);
#327=DIRECTION('',(0.E0,1.E0,0.E0));
#328=VECTOR('',#327,7.7E-1);
#329=CARTESIAN_POINT('',(9.51E-1,0.E0,4.76E-1));
#330=LINE('',#329,#328);
#331=DIRECTION('',(1.E0,0.E0,0.E0));
#332=VECTOR('',#331,9.9E-2);
#333=CARTESIAN_POINT('',(9.51E-1,7.7E-1,4.76E-1));
#334=LINE('',#333,#332);
#335=DIRECTION('',(0.E0,-1.E0,0.E0));
#336=VECTOR('',#335,7.5E-1);
#337=CARTESIAN_POINT('',(4.51E-1,7.7E-1,4.76E-1));
#338=LINE('',#337,#336);
#339=DIRECTION('',(1.E0,0.E0,0.E0));
#340=VECTOR('',#339,9.8E-2);
#341=CARTESIAN_POINT('',(4.51E-1,7.7E-1,4.76E-1));
#342=LINE('',#341,#340);
#343=DIRECTION('',(0.E0,1.E0,0.E0));
#344=VECTOR('',#343,7.5E-1);
#345=CARTESIAN_POINT('',(5.49E-1,2.E-2,4.76E-1));
#346=LINE('',#345,#344);
#347=DIRECTION('',(1.E0,0.E0,0.E0));
#348=VECTOR('',#347,9.8E-2);
#349=CARTESIAN_POINT('',(4.51E-1,2.E-2,4.76E-1));
#350=LINE('',#349,#348);
#351=DIRECTION('',(0.E0,-1.E0,0.E0));
#352=VECTOR('',#351,7.5E-1);
#353=CARTESIAN_POINT('',(-4.9E-2,7.7E-1,4.76E-1));
#354=LINE('',#353,#352);
#355=DIRECTION('',(1.E0,0.E0,0.E0));
#356=VECTOR('',#355,9.8E-2);
#357=CARTESIAN_POINT('',(-4.9E-2,7.7E-1,4.76E-1));
#358=LINE('',#357,#356);
#359=DIRECTION('',(0.E0,-1.E0,0.E0));
#360=VECTOR('',#359,7.5E-1);
#361=CARTESIAN_POINT('',(4.9E-2,7.7E-1,4.76E-1));
#362=LINE('',#361,#360);
#363=DIRECTION('',(1.E0,0.E0,0.E0));
#364=VECTOR('',#363,9.8E-2);
#365=CARTESIAN_POINT('',(-4.9E-2,2.E-2,4.76E-1));
#366=LINE('',#365,#364);
#367=DIRECTION('',(0.E0,-1.E0,0.E0));
#368=VECTOR('',#367,7.5E-1);
#369=CARTESIAN_POINT('',(-5.49E-1,7.7E-1,4.76E-1));
#370=LINE('',#369,#368);
#371=DIRECTION('',(1.E0,0.E0,0.E0));
#372=VECTOR('',#371,9.8E-2);
#373=CARTESIAN_POINT('',(-5.49E-1,7.7E-1,4.76E-1));
#374=LINE('',#373,#372);
#375=DIRECTION('',(0.E0,-1.E0,0.E0));
#376=VECTOR('',#375,7.5E-1);
#377=CARTESIAN_POINT('',(-4.51E-1,7.7E-1,4.76E-1));
#378=LINE('',#377,#376);
#379=DIRECTION('',(1.E0,0.E0,0.E0));
#380=VECTOR('',#379,9.8E-2);
#381=CARTESIAN_POINT('',(-5.49E-1,2.E-2,4.76E-1));
#382=LINE('',#381,#380);
#383=DIRECTION('',(0.E0,-1.E0,0.E0));
#384=VECTOR('',#383,7.7E-1);
#385=CARTESIAN_POINT('',(-9.51E-1,7.7E-1,4.76E-1));
#386=LINE('',#385,#384);
#387=DIRECTION('',(1.E0,0.E0,0.E0));
#388=VECTOR('',#387,9.9E-2);
#389=CARTESIAN_POINT('',(-1.05E0,7.7E-1,4.76E-1));
#390=LINE('',#389,#388);
#391=CARTESIAN_POINT('',(9.51E-1,7.7E-1,3.56E-1));
#392=DIRECTION('',(1.E0,0.E0,0.E0));
#393=DIRECTION('',(0.E0,1.E0,0.E0));
#394=AXIS2_PLACEMENT_3D('',#391,#392,#393);
#396=DIRECTION('',(1.E0,0.E0,0.E0));
#397=VECTOR('',#396,9.9E-2);
#398=CARTESIAN_POINT('',(9.51E-1,8.9E-1,3.56E-1));
#399=LINE('',#398,#397);
#400=CARTESIAN_POINT('',(4.51E-1,7.7E-1,3.56E-1));
#401=DIRECTION('',(1.E0,0.E0,0.E0));
#402=DIRECTION('',(0.E0,1.E0,0.E0));
#403=AXIS2_PLACEMENT_3D('',#400,#401,#402);
#405=DIRECTION('',(1.E0,0.E0,0.E0));
#406=VECTOR('',#405,9.8E-2);
#407=CARTESIAN_POINT('',(4.51E-1,8.9E-1,3.56E-1));
#408=LINE('',#407,#406);
#409=CARTESIAN_POINT('',(5.49E-1,7.7E-1,3.56E-1));
#410=DIRECTION('',(1.E0,0.E0,0.E0));
#411=DIRECTION('',(0.E0,1.E0,0.E0));
#412=AXIS2_PLACEMENT_3D('',#409,#410,#411);
#414=CARTESIAN_POINT('',(-4.9E-2,7.7E-1,3.56E-1));
#415=DIRECTION('',(1.E0,0.E0,0.E0));
#416=DIRECTION('',(0.E0,1.E0,0.E0));
#417=AXIS2_PLACEMENT_3D('',#414,#415,#416);
#419=DIRECTION('',(1.E0,0.E0,0.E0));
#420=VECTOR('',#419,9.8E-2);
#421=CARTESIAN_POINT('',(-4.9E-2,8.9E-1,3.56E-1));
#422=LINE('',#421,#420);
#423=CARTESIAN_POINT('',(4.9E-2,7.7E-1,3.56E-1));
#424=DIRECTION('',(1.E0,0.E0,0.E0));
#425=DIRECTION('',(0.E0,1.E0,0.E0));
#426=AXIS2_PLACEMENT_3D('',#423,#424,#425);
#428=CARTESIAN_POINT('',(-5.49E-1,7.7E-1,3.56E-1));
#429=DIRECTION('',(1.E0,0.E0,0.E0));
#430=DIRECTION('',(0.E0,1.E0,0.E0));
#431=AXIS2_PLACEMENT_3D('',#428,#429,#430);
#433=DIRECTION('',(1.E0,0.E0,0.E0));
#434=VECTOR('',#433,9.8E-2);
#435=CARTESIAN_POINT('',(-5.49E-1,8.9E-1,3.56E-1));
#436=LINE('',#435,#434);
#437=CARTESIAN_POINT('',(-4.51E-1,7.7E-1,3.56E-1));
#438=DIRECTION('',(1.E0,0.E0,0.E0));
#439=DIRECTION('',(0.E0,1.E0,0.E0));
#440=AXIS2_PLACEMENT_3D('',#437,#438,#439);
#442=CARTESIAN_POINT('',(-9.51E-1,7.7E-1,3.56E-1));
#443=DIRECTION('',(1.E0,0.E0,0.E0));
#444=DIRECTION('',(0.E0,1.E0,0.E0));
#445=AXIS2_PLACEMENT_3D('',#442,#443,#444);
#447=DIRECTION('',(1.E0,0.E0,0.E0));
#448=VECTOR('',#447,9.9E-2);
#449=CARTESIAN_POINT('',(-1.05E0,8.9E-1,3.56E-1));
#450=LINE('',#449,#448);
#451=DIRECTION('',(0.E0,-1.E0,0.E0));
#452=VECTOR('',#451,2.99E-1);
#453=CARTESIAN_POINT('',(4.51E-1,3.19E-1,3.96E-1));
#454=LINE('',#453,#452);
#455=DIRECTION('',(0.E0,0.E0,1.E0));
#456=VECTOR('',#455,6.9E-1);
#457=CARTESIAN_POINT('',(4.51E-1,3.19E-1,-2.94E-1));
#458=LINE('',#457,#456);
#459=DIRECTION('',(0.E0,-1.E0,0.E0));
#460=VECTOR('',#459,5.71E-1);
#461=CARTESIAN_POINT('',(4.51E-1,8.9E-1,-2.94E-1));
#462=LINE('',#461,#460);
#463=DIRECTION('',(-1.E0,0.E0,0.E0));
#464=VECTOR('',#463,4.02E-1);
#465=CARTESIAN_POINT('',(4.51E-1,3.19E-1,3.96E-1));
#466=LINE('',#465,#464);
#467=DIRECTION('',(0.E0,-1.E0,0.E0));
#468=VECTOR('',#467,5.71E-1);
#469=CARTESIAN_POINT('',(4.9E-2,8.9E-1,-2.94E-1));
#470=LINE('',#469,#468);
#471=DIRECTION('',(0.E0,0.E0,1.E0));
#472=VECTOR('',#471,6.9E-1);
#473=CARTESIAN_POINT('',(4.9E-2,3.19E-1,-2.94E-1));
#474=LINE('',#473,#472);
#475=DIRECTION('',(0.E0,-1.E0,0.E0));
#476=VECTOR('',#475,2.99E-1);
#477=CARTESIAN_POINT('',(4.9E-2,3.19E-1,3.96E-1));
#478=LINE('',#477,#476);
#479=DIRECTION('',(-1.E0,0.E0,0.E0));
#480=VECTOR('',#479,4.02E-1);
#481=CARTESIAN_POINT('',(4.51E-1,3.19E-1,-2.94E-1));
#482=LINE('',#481,#480);
#483=DIRECTION('',(0.E0,0.E0,-1.E0));
#484=VECTOR('',#483,3.74E-1);
#485=CARTESIAN_POINT('',(6.3E-2,3.19E-1,1.87E-1));
#486=LINE('',#485,#484);
#487=DIRECTION('',(1.E0,0.E0,0.E0));
#488=VECTOR('',#487,3.74E-1);
#489=CARTESIAN_POINT('',(6.3E-2,3.19E-1,1.87E-1));
#490=LINE('',#489,#488);
#491=DIRECTION('',(0.E0,0.E0,-1.E0));
#492=VECTOR('',#491,3.74E-1);
#493=CARTESIAN_POINT('',(4.37E-1,3.19E-1,1.87E-1));
#494=LINE('',#493,#492);
#495=DIRECTION('',(1.E0,0.E0,0.E0));
#496=VECTOR('',#495,3.74E-1);
#497=CARTESIAN_POINT('',(6.3E-2,3.19E-1,-1.87E-1));
#498=LINE('',#497,#496);
#499=DIRECTION('',(0.E0,1.E0,0.E0));
#500=VECTOR('',#499,1.1E-1);
#501=CARTESIAN_POINT('',(6.3E-2,3.19E-1,-1.87E-1));
#502=LINE('',#501,#500);
#503=DIRECTION('',(0.E0,0.E0,1.E0));
#504=VECTOR('',#503,3.74E-1);
#505=CARTESIAN_POINT('',(6.3E-2,4.29E-1,-1.87E-1));
#506=LINE('',#505,#504);
#507=DIRECTION('',(0.E0,-1.E0,0.E0));
#508=VECTOR('',#507,1.1E-1);
#509=CARTESIAN_POINT('',(6.3E-2,4.29E-1,1.87E-1));
#510=LINE('',#509,#508);
#511=DIRECTION('',(0.E0,-1.E0,0.E0));
#512=VECTOR('',#511,1.1E-1);
#513=CARTESIAN_POINT('',(4.37E-1,4.29E-1,1.87E-1));
#514=LINE('',#513,#512);
#515=DIRECTION('',(0.E0,0.E0,1.E0));
#516=VECTOR('',#515,3.74E-1);
#517=CARTESIAN_POINT('',(4.37E-1,4.29E-1,-1.87E-1));
#518=LINE('',#517,#516);
#519=DIRECTION('',(0.E0,1.E0,0.E0));
#520=VECTOR('',#519,1.1E-1);
#521=CARTESIAN_POINT('',(4.37E-1,3.19E-1,-1.87E-1));
#522=LINE('',#521,#520);
#523=DIRECTION('',(1.E0,0.E0,0.E0));
#524=VECTOR('',#523,3.74E-1);
#525=CARTESIAN_POINT('',(6.3E-2,4.29E-1,1.87E-1));
#526=LINE('',#525,#524);
#527=DIRECTION('',(1.E0,0.E0,0.E0));
#528=VECTOR('',#527,3.74E-1);
#529=CARTESIAN_POINT('',(6.3E-2,4.29E-1,-1.87E-1));
#530=LINE('',#529,#528);
#531=CARTESIAN_POINT('',(2.5E-1,4.29E-1,0.E0));
#532=DIRECTION('',(0.E0,-1.E0,0.E0));
#533=DIRECTION('',(0.E0,0.E0,-1.E0));
#534=AXIS2_PLACEMENT_3D('',#531,#532,#533);
#536=CARTESIAN_POINT('',(2.5E-1,4.29E-1,0.E0));
#537=DIRECTION('',(0.E0,-1.E0,0.E0));
#538=DIRECTION('',(0.E0,0.E0,1.E0));
#539=AXIS2_PLACEMENT_3D('',#536,#537,#538);
#541=DIRECTION('',(0.E0,1.E0,0.E0));
#542=VECTOR('',#541,5.2E-2);
#543=CARTESIAN_POINT('',(2.5E-1,4.29E-1,-1.5E-1));
#544=LINE('',#543,#542);
#545=DIRECTION('',(0.E0,1.E0,0.E0));
#546=VECTOR('',#545,5.2E-2);
#547=CARTESIAN_POINT('',(2.5E-1,4.29E-1,1.5E-1));
#548=LINE('',#547,#546);
#549=CARTESIAN_POINT('',(1.531754163448E-1,5.31E-1,2.5E-2));
#550=CARTESIAN_POINT('',(1.498420029998E-1,5.31E-1,2.5E-2));
#551=CARTESIAN_POINT('',(1.433472275073E-1,5.303864787568E-1,2.5E-2));
#552=CARTESIAN_POINT('',(1.339826542832E-1,5.277029772985E-1,2.5E-2));
#553=CARTESIAN_POINT('',(1.254108085717E-1,5.233886132025E-1,2.5E-2));
#554=CARTESIAN_POINT('',(1.178232412171E-1,5.175806428597E-1,2.5E-2));
#555=CARTESIAN_POINT('',(1.114929026121E-1,5.104880107780E-1,2.5E-2));
#556=CARTESIAN_POINT('',(1.066069988133E-1,5.023273687683E-1,2.5E-2));
#557=CARTESIAN_POINT('',(1.033626963333E-1,4.933592347653E-1,2.5E-2));
#558=CARTESIAN_POINT('',(1.023827997283E-1,4.871730360257E-1,2.5E-2));
#559=CARTESIAN_POINT('',(1.021893651635E-1,4.84E-1,2.5E-2));
#561=CARTESIAN_POINT('',(2.5E-1,4.81E-1,1.E-1));
#562=DIRECTION('',(-1.E0,0.E0,0.E0));
#563=DIRECTION('',(0.E0,0.E0,1.E0));
#564=AXIS2_PLACEMENT_3D('',#561,#562,#563);
#566=CARTESIAN_POINT('',(2.5E-1,4.81E-1,0.E0));
#567=DIRECTION('',(0.E0,1.E0,0.E0));
#568=DIRECTION('',(0.E0,0.E0,-1.E0));
#569=AXIS2_PLACEMENT_3D('',#566,#567,#568);
#571=CARTESIAN_POINT('',(2.5E-1,4.81E-1,-1.E-1));
#572=DIRECTION('',(1.E0,0.E0,0.E0));
#573=DIRECTION('',(0.E0,0.E0,-1.E0));
#574=AXIS2_PLACEMENT_3D('',#571,#572,#573);
#576=CARTESIAN_POINT('',(1.021893651635E-1,4.84E-1,-2.5E-2));
#577=CARTESIAN_POINT('',(1.023816313396E-1,4.871538701671E-1,-2.5E-2));
#578=CARTESIAN_POINT('',(1.033525203096E-1,4.933065765595E-1,-2.5E-2));
#579=CARTESIAN_POINT('',(1.065660011036E-1,5.022355817020E-1,-2.5E-2));
#580=CARTESIAN_POINT('',(1.114156322653E-1,5.103771891085E-1,-2.5E-2));
#581=CARTESIAN_POINT('',(1.176764986031E-1,5.174380414837E-1,-2.5E-2));
#582=CARTESIAN_POINT('',(1.251893826058E-1,5.232454471440E-1,-2.5E-2));
#583=CARTESIAN_POINT('',(1.337058063759E-1,5.275938356295E-1,-2.5E-2));
#584=CARTESIAN_POINT('',(1.431104198532E-1,5.303498291394E-1,-2.5E-2));
#585=CARTESIAN_POINT('',(1.497467199332E-1,5.31E-1,-2.5E-2));
#586=CARTESIAN_POINT('',(1.531754163448E-1,5.31E-1,-2.5E-2));
#588=CARTESIAN_POINT('',(2.5E-1,4.84E-1,0.E0));
#589=DIRECTION('',(0.E0,-1.E0,0.E0));
#590=DIRECTION('',(-9.859963634601E-1,0.E0,1.667668169734E-1));
#591=AXIS2_PLACEMENT_3D('',#588,#589,#590);
#593=CARTESIAN_POINT('',(3.978106348365E-1,4.84E-1,2.5E-2));
#594=CARTESIAN_POINT('',(3.976169845025E-1,4.871765754313E-1,2.5E-2));
#595=CARTESIAN_POINT('',(3.966354864018E-1,4.933705563599E-1,2.5E-2));
#596=CARTESIAN_POINT('',(3.933805391326E-1,5.023567076897E-1,2.5E-2));
#597=CARTESIAN_POINT('',(3.884784322205E-1,5.105282930814E-1,2.5E-2));
#598=CARTESIAN_POINT('',(3.821360084846E-1,5.176182578033E-1,2.5E-2));
#599=CARTESIAN_POINT('',(3.745487706190E-1,5.234128085993E-1,2.5E-2));
#600=CARTESIAN_POINT('',(3.659901791178E-1,5.277121963833E-1,2.5E-2));
#601=CARTESIAN_POINT('',(3.566431656091E-1,5.303873357142E-1,2.5E-2));
#602=CARTESIAN_POINT('',(3.501551827394E-1,5.31E-1,2.5E-2));
#603=CARTESIAN_POINT('',(3.468245836552E-1,5.31E-1,2.5E-2));
#605=CARTESIAN_POINT('',(2.5E-1,4.84E-1,0.E0));
#606=DIRECTION('',(0.E0,-1.E0,0.E0));
#607=DIRECTION('',(9.859963634601E-1,0.E0,-1.667668169734E-1));
#608=AXIS2_PLACEMENT_3D('',#605,#606,#607);
#610=CARTESIAN_POINT('',(3.468245836552E-1,5.31E-1,-2.5E-2));
#611=CARTESIAN_POINT('',(3.502564640007E-1,5.31E-1,-2.5E-2));
#612=CARTESIAN_POINT('',(3.569000222140E-1,5.303488003375E-1,-2.5E-2));
#613=CARTESIAN_POINT('',(3.663219695458E-1,5.275841446301E-1,-2.5E-2));
#614=CARTESIAN_POINT('',(3.748507824617E-1,5.232210131507E-1,-2.5E-2));
#615=CARTESIAN_POINT('',(3.823635366954E-1,5.174006568970E-1,-2.5E-2));
#616=CARTESIAN_POINT('',(3.886120537937E-1,5.103378663718E-1,-2.5E-2));
#617=CARTESIAN_POINT('',(3.934455509135E-1,5.022079657919E-1,-2.5E-2));
#618=CARTESIAN_POINT('',(3.966489639629E-1,4.932967566566E-1,-2.5E-2));
#619=CARTESIAN_POINT('',(3.976185464318E-1,4.871509540643E-1,-2.5E-2));
#620=CARTESIAN_POINT('',(3.978106348365E-1,4.84E-1,-2.5E-2));
#622=CARTESIAN_POINT('',(2.5E-1,4.81E-1,0.E0));
#623=DIRECTION('',(0.E0,-1.E0,0.E0));
#624=DIRECTION('',(0.E0,0.E0,-1.E0));
#625=AXIS2_PLACEMENT_3D('',#622,#623,#624);
#627=DIRECTION('',(-1.E0,0.E0,0.E0));
#628=VECTOR('',#627,2.956212696730E-1);
#629=CARTESIAN_POINT('',(3.978106348365E-1,4.84E-1,2.5E-2));
#630=LINE('',#629,#628);
#631=DIRECTION('',(-1.E0,0.E0,0.E0));
#632=VECTOR('',#631,2.956212696730E-1);
#633=CARTESIAN_POINT('',(3.978106348365E-1,4.84E-1,-2.5E-2));
#634=LINE('',#633,#632);
#635=DIRECTION('',(-1.E0,0.E0,0.E0));
#636=VECTOR('',#635,1.936491673104E-1);
#637=CARTESIAN_POINT('',(3.468245836552E-1,5.31E-1,2.5E-2));
#638=LINE('',#637,#636);
#639=CARTESIAN_POINT('',(2.5E-1,5.31E-1,0.E0));
#640=DIRECTION('',(0.E0,-1.E0,0.E0));
#641=DIRECTION('',(9.682458365519E-1,0.E0,2.5E-1));
#642=AXIS2_PLACEMENT_3D('',#639,#640,#641);
#644=CARTESIAN_POINT('',(2.5E-1,5.31E-1,0.E0));
#645=DIRECTION('',(0.E0,1.E0,0.E0));
#646=DIRECTION('',(-9.682458365519E-1,0.E0,2.5E-1));
#647=AXIS2_PLACEMENT_3D('',#644,#645,#646);
#649=DIRECTION('',(-1.E0,0.E0,0.E0));
#650=VECTOR('',#649,1.936491673104E-1);
#651=CARTESIAN_POINT('',(3.468245836552E-1,5.31E-1,-2.5E-2));
#652=LINE('',#651,#650);
#653=CARTESIAN_POINT('',(2.5E-1,5.31E-1,0.E0));
#654=DIRECTION('',(0.E0,1.E0,0.E0));
#655=DIRECTION('',(0.E0,0.E0,-1.E0));
#656=AXIS2_PLACEMENT_3D('',#653,#654,#655);
#658=CARTESIAN_POINT('',(2.5E-1,5.31E-1,0.E0));
#659=DIRECTION('',(0.E0,-1.E0,0.E0));
#660=DIRECTION('',(0.E0,0.E0,-1.E0));
#661=AXIS2_PLACEMENT_3D('',#658,#659,#660);
#663=DIRECTION('',(0.E0,-1.E0,0.E0));
#664=VECTOR('',#663,5.71E-1);
#665=CARTESIAN_POINT('',(5.49E-1,8.9E-1,-2.94E-1));
#666=LINE('',#665,#664);
#667=DIRECTION('',(0.E0,0.E0,-1.E0));
#668=VECTOR('',#667,6.9E-1);
#669=CARTESIAN_POINT('',(5.49E-1,3.19E-1,3.96E-1));
#670=LINE('',#669,#668);
#671=DIRECTION('',(0.E0,-1.E0,0.E0));
#672=VECTOR('',#671,2.99E-1);
#673=CARTESIAN_POINT('',(5.49E-1,3.19E-1,3.96E-1));
#674=LINE('',#673,#672);
#675=DIRECTION('',(-1.E0,0.E0,0.E0));
#676=VECTOR('',#675,4.02E-1);
#677=CARTESIAN_POINT('',(9.51E-1,3.19E-1,-2.94E-1));
#678=LINE('',#677,#676);
#679=DIRECTION('',(0.E0,0.E0,-1.E0));
#680=VECTOR('',#679,3.74E-1);
#681=CARTESIAN_POINT('',(5.63E-1,3.19E-1,1.87E-1));
#682=LINE('',#681,#680);
#683=DIRECTION('',(1.E0,0.E0,0.E0));
#684=VECTOR('',#683,3.74E-1);
#685=CARTESIAN_POINT('',(5.63E-1,3.19E-1,1.87E-1));
#686=LINE('',#685,#684);
#687=DIRECTION('',(0.E0,0.E0,-1.E0));
#688=VECTOR('',#687,3.74E-1);
#689=CARTESIAN_POINT('',(9.37E-1,3.19E-1,1.87E-1));
#690=LINE('',#689,#688);
#691=DIRECTION('',(1.E0,0.E0,0.E0));
#692=VECTOR('',#691,3.74E-1);
#693=CARTESIAN_POINT('',(5.63E-1,3.19E-1,-1.87E-1));
#694=LINE('',#693,#692);
#695=DIRECTION('',(0.E0,1.E0,0.E0));
#696=VECTOR('',#695,1.1E-1);
#697=CARTESIAN_POINT('',(5.63E-1,3.19E-1,-1.87E-1));
#698=LINE('',#697,#696);
#699=DIRECTION('',(0.E0,0.E0,1.E0));
#700=VECTOR('',#699,3.74E-1);
#701=CARTESIAN_POINT('',(5.63E-1,4.29E-1,-1.87E-1));
#702=LINE('',#701,#700);
#703=DIRECTION('',(0.E0,-1.E0,0.E0));
#704=VECTOR('',#703,1.1E-1);
#705=CARTESIAN_POINT('',(5.63E-1,4.29E-1,1.87E-1));
#706=LINE('',#705,#704);
#707=DIRECTION('',(0.E0,-1.E0,0.E0));
#708=VECTOR('',#707,1.1E-1);
#709=CARTESIAN_POINT('',(9.37E-1,4.29E-1,1.87E-1));
#710=LINE('',#709,#708);
#711=DIRECTION('',(0.E0,0.E0,1.E0));
#712=VECTOR('',#711,3.74E-1);
#713=CARTESIAN_POINT('',(9.37E-1,4.29E-1,-1.87E-1));
#714=LINE('',#713,#712);
#715=DIRECTION('',(0.E0,1.E0,0.E0));
#716=VECTOR('',#715,1.1E-1);
#717=CARTESIAN_POINT('',(9.37E-1,3.19E-1,-1.87E-1));
#718=LINE('',#717,#716);
#719=DIRECTION('',(1.E0,0.E0,0.E0));
#720=VECTOR('',#719,3.74E-1);
#721=CARTESIAN_POINT('',(5.63E-1,4.29E-1,1.87E-1));
#722=LINE('',#721,#720);
#723=DIRECTION('',(1.E0,0.E0,0.E0));
#724=VECTOR('',#723,3.74E-1);
#725=CARTESIAN_POINT('',(5.63E-1,4.29E-1,-1.87E-1));
#726=LINE('',#725,#724);
#727=CARTESIAN_POINT('',(7.5E-1,4.29E-1,0.E0));
#728=DIRECTION('',(0.E0,-1.E0,0.E0));
#729=DIRECTION('',(0.E0,0.E0,-1.E0));
#730=AXIS2_PLACEMENT_3D('',#727,#728,#729);
#732=CARTESIAN_POINT('',(7.5E-1,4.29E-1,0.E0));
#733=DIRECTION('',(0.E0,-1.E0,0.E0));
#734=DIRECTION('',(0.E0,0.E0,1.E0));
#735=AXIS2_PLACEMENT_3D('',#732,#733,#734);
#737=DIRECTION('',(0.E0,1.E0,0.E0));
#738=VECTOR('',#737,5.2E-2);
#739=CARTESIAN_POINT('',(7.5E-1,4.29E-1,-1.5E-1));
#740=LINE('',#739,#738);
#741=DIRECTION('',(0.E0,1.E0,0.E0));
#742=VECTOR('',#741,5.2E-2);
#743=CARTESIAN_POINT('',(7.5E-1,4.29E-1,1.5E-1));
#744=LINE('',#743,#742);
#745=CARTESIAN_POINT('',(6.021893651635E-1,4.84E-1,-2.5E-2));
#746=CARTESIAN_POINT('',(6.023816313396E-1,4.871538701671E-1,-2.5E-2));
#747=CARTESIAN_POINT('',(6.033525203096E-1,4.933065765595E-1,-2.5E-2));
#748=CARTESIAN_POINT('',(6.065660011036E-1,5.022355817020E-1,-2.5E-2));
#749=CARTESIAN_POINT('',(6.114156322653E-1,5.103771891085E-1,-2.5E-2));
#750=CARTESIAN_POINT('',(6.176764986031E-1,5.174380414837E-1,-2.5E-2));
#751=CARTESIAN_POINT('',(6.251893826058E-1,5.232454471440E-1,-2.5E-2));
#752=CARTESIAN_POINT('',(6.337058063759E-1,5.275938356295E-1,-2.5E-2));
#753=CARTESIAN_POINT('',(6.431104198532E-1,5.303498291394E-1,-2.5E-2));
#754=CARTESIAN_POINT('',(6.497467199332E-1,5.31E-1,-2.5E-2));
#755=CARTESIAN_POINT('',(6.531754163448E-1,5.31E-1,-2.5E-2));
#757=CARTESIAN_POINT('',(7.5E-1,4.84E-1,0.E0));
#758=DIRECTION('',(0.E0,-1.E0,0.E0));
#759=DIRECTION('',(-9.859963634601E-1,0.E0,1.667668169734E-1));
#760=AXIS2_PLACEMENT_3D('',#757,#758,#759);
#762=CARTESIAN_POINT('',(6.531754163448E-1,5.31E-1,2.5E-2));
#763=CARTESIAN_POINT('',(6.498420029998E-1,5.31E-1,2.5E-2));
#764=CARTESIAN_POINT('',(6.433472275073E-1,5.303864787568E-1,2.5E-2));
#765=CARTESIAN_POINT('',(6.339826542832E-1,5.277029772985E-1,2.5E-2));
#766=CARTESIAN_POINT('',(6.254108085717E-1,5.233886132025E-1,2.5E-2));
#767=CARTESIAN_POINT('',(6.178232412171E-1,5.175806428597E-1,2.5E-2));
#768=CARTESIAN_POINT('',(6.114929026121E-1,5.104880107780E-1,2.5E-2));
#769=CARTESIAN_POINT('',(6.066069988133E-1,5.023273687683E-1,2.5E-2));
#770=CARTESIAN_POINT('',(6.033626963333E-1,4.933592347653E-1,2.5E-2));
#771=CARTESIAN_POINT('',(6.023827997283E-1,4.871730360257E-1,2.5E-2));
#772=CARTESIAN_POINT('',(6.021893651635E-1,4.84E-1,2.5E-2));
#774=CARTESIAN_POINT('',(7.5E-1,4.81E-1,1.E-1));
#775=DIRECTION('',(-1.E0,0.E0,0.E0));
#776=DIRECTION('',(0.E0,0.E0,1.E0));
#777=AXIS2_PLACEMENT_3D('',#774,#775,#776);
#779=CARTESIAN_POINT('',(7.5E-1,4.81E-1,0.E0));
#780=DIRECTION('',(0.E0,1.E0,0.E0));
#781=DIRECTION('',(0.E0,0.E0,-1.E0));
#782=AXIS2_PLACEMENT_3D('',#779,#780,#781);
#784=CARTESIAN_POINT('',(7.5E-1,4.81E-1,-1.E-1));
#785=DIRECTION('',(1.E0,0.E0,0.E0));
#786=DIRECTION('',(0.E0,0.E0,-1.E0));
#787=AXIS2_PLACEMENT_3D('',#784,#785,#786);
#789=CARTESIAN_POINT('',(7.1E-1,5.31E-1,-4.E-2));
#790=DIRECTION('',(0.E0,1.E0,0.E0));
#791=DIRECTION('',(0.E0,0.E0,1.E0));
#792=AXIS2_PLACEMENT_3D('',#789,#790,#791);
#794=DIRECTION('',(1.E0,0.E0,0.E0));
#795=VECTOR('',#794,5.682458365519E-2);
#796=CARTESIAN_POINT('',(6.531754163448E-1,5.31E-1,-2.5E-2));
#797=LINE('',#796,#795);
#798=CARTESIAN_POINT('',(7.5E-1,5.31E-1,0.E0));
#799=DIRECTION('',(0.E0,1.E0,0.E0));
#800=DIRECTION('',(0.E0,0.E0,-1.E0));
#801=AXIS2_PLACEMENT_3D('',#798,#799,#800);
#803=CARTESIAN_POINT('',(7.5E-1,5.31E-1,0.E0));
#804=DIRECTION('',(0.E0,-1.E0,0.E0));
#805=DIRECTION('',(0.E0,0.E0,-1.E0));
#806=AXIS2_PLACEMENT_3D('',#803,#804,#805);
#808=DIRECTION('',(1.E0,0.E0,0.E0));
#809=VECTOR('',#808,5.682458365519E-2);
#810=CARTESIAN_POINT('',(7.9E-1,5.31E-1,-2.5E-2));
#811=LINE('',#810,#809);
#812=CARTESIAN_POINT('',(7.9E-1,5.31E-1,-4.E-2));
#813=DIRECTION('',(0.E0,1.E0,0.E0));
#814=DIRECTION('',(-1.E0,0.E0,0.E0));
#815=AXIS2_PLACEMENT_3D('',#812,#813,#814);
#817=DIRECTION('',(0.E0,0.E0,-1.E0));
#818=VECTOR('',#817,5.E-2);
#819=CARTESIAN_POINT('',(7.75E-1,5.31E-1,-4.E-2));
#820=LINE('',#819,#818);
#821=DIRECTION('',(-1.E0,0.E0,0.E0));
#822=VECTOR('',#821,5.E-2);
#823=CARTESIAN_POINT('',(7.75E-1,5.31E-1,-9.E-2));
#824=LINE('',#823,#822);
#825=DIRECTION('',(0.E0,0.E0,1.E0));
#826=VECTOR('',#825,5.E-2);
#827=CARTESIAN_POINT('',(7.25E-1,5.31E-1,-9.E-2));
#828=LINE('',#827,#826);
#829=CARTESIAN_POINT('',(7.1E-1,5.31E-1,4.E-2));
#830=DIRECTION('',(0.E0,1.E0,0.E0));
#831=DIRECTION('',(1.E0,0.E0,0.E0));
#832=AXIS2_PLACEMENT_3D('',#829,#830,#831);
#834=DIRECTION('',(0.E0,0.E0,1.E0));
#835=VECTOR('',#834,5.E-2);
#836=CARTESIAN_POINT('',(7.25E-1,5.31E-1,4.E-2));
#837=LINE('',#836,#835);
#838=DIRECTION('',(1.E0,0.E0,0.E0));
#839=VECTOR('',#838,5.E-2);
#840=CARTESIAN_POINT('',(7.25E-1,5.31E-1,9.E-2));
#841=LINE('',#840,#839);
#842=DIRECTION('',(0.E0,0.E0,-1.E0));
#843=VECTOR('',#842,5.E-2);
#844=CARTESIAN_POINT('',(7.75E-1,5.31E-1,9.E-2));
#845=LINE('',#844,#843);
#846=CARTESIAN_POINT('',(7.9E-1,5.31E-1,4.E-2));
#847=DIRECTION('',(0.E0,1.E0,0.E0));
#848=DIRECTION('',(0.E0,0.E0,-1.E0));
#849=AXIS2_PLACEMENT_3D('',#846,#847,#848);
#851=DIRECTION('',(1.E0,0.E0,0.E0));
#852=VECTOR('',#851,5.682458365519E-2);
#853=CARTESIAN_POINT('',(7.9E-1,5.31E-1,2.5E-2));
#854=LINE('',#853,#852);
#855=CARTESIAN_POINT('',(7.5E-1,5.31E-1,0.E0));
#856=DIRECTION('',(0.E0,-1.E0,0.E0));
#857=DIRECTION('',(9.682458365519E-1,0.E0,2.5E-1));
#858=AXIS2_PLACEMENT_3D('',#855,#856,#857);
#860=CARTESIAN_POINT('',(7.5E-1,5.31E-1,0.E0));
#861=DIRECTION('',(0.E0,1.E0,0.E0));
#862=DIRECTION('',(-9.682458365519E-1,0.E0,2.5E-1));
#863=AXIS2_PLACEMENT_3D('',#860,#861,#862);
#865=DIRECTION('',(1.E0,0.E0,0.E0));
#866=VECTOR('',#865,5.682458365519E-2);
#867=CARTESIAN_POINT('',(6.531754163448E-1,5.31E-1,2.5E-2));
#868=LINE('',#867,#866);
#869=DIRECTION('',(0.E0,-1.E0,0.E0));
#870=VECTOR('',#869,8.E-2);
#871=CARTESIAN_POINT('',(7.25E-1,5.31E-1,-4.E-2));
#872=LINE('',#871,#870);
#873=DIRECTION('',(0.E0,-1.E0,0.E0));
#874=VECTOR('',#873,8.E-2);
#875=CARTESIAN_POINT('',(7.25E-1,5.31E-1,-9.E-2));
#876=LINE('',#875,#874);
#877=DIRECTION('',(0.E0,-1.E0,0.E0));
#878=VECTOR('',#877,8.E-2);
#879=CARTESIAN_POINT('',(7.75E-1,5.31E-1,-9.E-2));
#880=LINE('',#879,#878);
#881=DIRECTION('',(0.E0,-1.E0,0.E0));
#882=VECTOR('',#881,8.E-2);
#883=CARTESIAN_POINT('',(7.75E-1,5.31E-1,-4.E-2));
#884=LINE('',#883,#882);
#885=DIRECTION('',(-1.E0,0.E0,0.E0));
#886=VECTOR('',#885,5.781063483652E-2);
#887=CARTESIAN_POINT('',(8.978106348365E-1,4.84E-1,-2.5E-2));
#888=LINE('',#887,#886);
#889=DIRECTION('',(0.E0,-1.E0,0.E0));
#890=VECTOR('',#889,3.3E-2);
#891=CARTESIAN_POINT('',(8.4E-1,4.84E-1,-2.5E-2));
#892=LINE('',#891,#890);
#893=DIRECTION('',(0.E0,1.E0,0.E0));
#894=VECTOR('',#893,8.E-2);
#895=CARTESIAN_POINT('',(7.9E-1,4.51E-1,-2.5E-2));
#896=LINE('',#895,#894);
#897=DIRECTION('',(0.E0,-1.E0,0.E0));
#898=VECTOR('',#897,8.E-2);
#899=CARTESIAN_POINT('',(7.1E-1,5.31E-1,-2.5E-2));
#900=LINE('',#899,#898);
#901=DIRECTION('',(-1.E0,0.E0,0.E0));
#902=VECTOR('',#901,5.781063483652E-2);
#903=CARTESIAN_POINT('',(6.6E-1,4.84E-1,-2.5E-2));
#904=LINE('',#903,#902);
#905=DIRECTION('',(0.E0,0.E0,-1.E0));
#906=VECTOR('',#905,5.E-2);
#907=CARTESIAN_POINT('',(6.6E-1,4.84E-1,2.5E-2));
#908=LINE('',#907,#906);
#909=DIRECTION('',(-1.E0,0.E0,0.E0));
#910=VECTOR('',#909,5.781063483652E-2);
#911=CARTESIAN_POINT('',(6.6E-1,4.84E-1,2.5E-2));
#912=LINE('',#911,#910);
#913=DIRECTION('',(0.E0,0.E0,-1.E0));
#914=VECTOR('',#913,5.E-2);
#915=CARTESIAN_POINT('',(8.4E-1,4.84E-1,2.5E-2));
#916=LINE('',#915,#914);
#917=DIRECTION('',(-1.E0,0.E0,0.E0));
#918=VECTOR('',#917,5.781063483652E-2);
#919=CARTESIAN_POINT('',(8.978106348365E-1,4.84E-1,2.5E-2));
#920=LINE('',#919,#918);
#921=DIRECTION('',(0.E0,-1.E0,0.E0));
#922=VECTOR('',#921,3.3E-2);
#923=CARTESIAN_POINT('',(6.6E-1,4.84E-1,-2.5E-2));
#924=LINE('',#923,#922);
#925=DIRECTION('',(0.E0,0.E0,1.E0));
#926=VECTOR('',#925,5.E-2);
#927=CARTESIAN_POINT('',(7.25E-1,4.51E-1,-9.E-2));
#928=LINE('',#927,#926);
#929=DIRECTION('',(-1.E0,0.E0,0.E0));
#930=VECTOR('',#929,5.E-2);
#931=CARTESIAN_POINT('',(7.75E-1,4.51E-1,-9.E-2));
#932=LINE('',#931,#930);
#933=DIRECTION('',(0.E0,0.E0,-1.E0));
#934=VECTOR('',#933,5.E-2);
#935=CARTESIAN_POINT('',(7.75E-1,4.51E-1,-4.E-2));
#936=LINE('',#935,#934);
#937=CARTESIAN_POINT('',(7.9E-1,4.51E-1,-4.E-2));
#938=DIRECTION('',(0.E0,-1.E0,0.E0));
#939=DIRECTION('',(0.E0,0.E0,1.E0));
#940=AXIS2_PLACEMENT_3D('',#937,#938,#939);
#942=DIRECTION('',(-1.E0,0.E0,0.E0));
#943=VECTOR('',#942,5.E-2);
#944=CARTESIAN_POINT('',(8.4E-1,4.51E-1,-2.5E-2));
#945=LINE('',#944,#943);
#946=DIRECTION('',(0.E0,0.E0,-1.E0));
#947=VECTOR('',#946,5.E-2);
#948=CARTESIAN_POINT('',(8.4E-1,4.51E-1,2.5E-2));
#949=LINE('',#948,#947);
#950=DIRECTION('',(1.E0,0.E0,0.E0));
#951=VECTOR('',#950,5.E-2);
#952=CARTESIAN_POINT('',(7.9E-1,4.51E-1,2.5E-2));
#953=LINE('',#952,#951);
#954=CARTESIAN_POINT('',(7.9E-1,4.51E-1,4.E-2));
#955=DIRECTION('',(0.E0,-1.E0,0.E0));
#956=DIRECTION('',(-1.E0,0.E0,0.E0));
#957=AXIS2_PLACEMENT_3D('',#954,#955,#956);
#959=DIRECTION('',(0.E0,0.E0,-1.E0));
#960=VECTOR('',#959,5.E-2);
#961=CARTESIAN_POINT('',(7.75E-1,4.51E-1,9.E-2));
#962=LINE('',#961,#960);
#963=DIRECTION('',(1.E0,0.E0,0.E0));
#964=VECTOR('',#963,5.E-2);
#965=CARTESIAN_POINT('',(7.25E-1,4.51E-1,9.E-2));
#966=LINE('',#965,#964);
#967=DIRECTION('',(0.E0,0.E0,1.E0));
#968=VECTOR('',#967,5.E-2);
#969=CARTESIAN_POINT('',(7.25E-1,4.51E-1,4.E-2));
#970=LINE('',#969,#968);
#971=CARTESIAN_POINT('',(7.1E-1,4.51E-1,4.E-2));
#972=DIRECTION('',(0.E0,-1.E0,0.E0));
#973=DIRECTION('',(0.E0,0.E0,-1.E0));
#974=AXIS2_PLACEMENT_3D('',#971,#972,#973);
#976=DIRECTION('',(1.E0,0.E0,0.E0));
#977=VECTOR('',#976,5.E-2);
#978=CARTESIAN_POINT('',(6.6E-1,4.51E-1,2.5E-2));
#979=LINE('',#978,#977);
#980=DIRECTION('',(0.E0,0.E0,1.E0));
#981=VECTOR('',#980,5.E-2);
#982=CARTESIAN_POINT('',(6.6E-1,4.51E-1,-2.5E-2));
#983=LINE('',#982,#981);
#984=DIRECTION('',(-1.E0,0.E0,0.E0));
#985=VECTOR('',#984,5.E-2);
#986=CARTESIAN_POINT('',(7.1E-1,4.51E-1,-2.5E-2));
#987=LINE('',#986,#985);
#988=CARTESIAN_POINT('',(7.1E-1,4.51E-1,-4.E-2));
#989=DIRECTION('',(0.E0,-1.E0,0.E0));
#990=DIRECTION('',(1.E0,0.E0,0.E0));
#991=AXIS2_PLACEMENT_3D('',#988,#989,#990);
#993=DIRECTION('',(0.E0,-1.E0,0.E0));
#994=VECTOR('',#993,3.3E-2);
#995=CARTESIAN_POINT('',(8.4E-1,4.84E-1,2.5E-2));
#996=LINE('',#995,#994);
#997=DIRECTION('',(0.E0,-1.E0,0.E0));
#998=VECTOR('',#997,8.E-2);
#999=CARTESIAN_POINT('',(7.9E-1,5.31E-1,2.5E-2));
#1000=LINE('',#999,#998);
#1001=DIRECTION('',(0.E0,-1.E0,0.E0));
#1002=VECTOR('',#1001,3.3E-2);
#1003=CARTESIAN_POINT('',(6.6E-1,4.84E-1,2.5E-2));
#1004=LINE('',#1003,#1002);
#1005=DIRECTION('',(0.E0,1.E0,0.E0));
#1006=VECTOR('',#1005,8.E-2);
#1007=CARTESIAN_POINT('',(7.1E-1,4.51E-1,2.5E-2));
#1008=LINE('',#1007,#1006);
#1009=DIRECTION('',(0.E0,-1.E0,0.E0));
#1010=VECTOR('',#1009,8.E-2);
#1011=CARTESIAN_POINT('',(7.75E-1,5.31E-1,4.E-2));
#1012=LINE('',#1011,#1010);
#1013=DIRECTION('',(0.E0,-1.E0,0.E0));
#1014=VECTOR('',#1013,8.E-2);
#1015=CARTESIAN_POINT('',(7.75E-1,5.31E-1,9.E-2));
#1016=LINE('',#1015,#1014);
#1017=DIRECTION('',(0.E0,-1.E0,0.E0));
#1018=VECTOR('',#1017,8.E-2);
#1019=CARTESIAN_POINT('',(7.25E-1,5.31E-1,9.E-2));
#1020=LINE('',#1019,#1018);
#1021=DIRECTION('',(0.E0,-1.E0,0.E0));
#1022=VECTOR('',#1021,8.E-2);
#1023=CARTESIAN_POINT('',(7.25E-1,5.31E-1,4.E-2));
#1024=LINE('',#1023,#1022);
#1025=CARTESIAN_POINT('',(7.5E-1,4.81E-1,0.E0));
#1026=DIRECTION('',(0.E0,-1.E0,0.E0));
#1027=DIRECTION('',(0.E0,0.E0,-1.E0));
#1028=AXIS2_PLACEMENT_3D('',#1025,#1026,#1027);
#1030=CARTESIAN_POINT('',(8.978106348365E-1,4.84E-1,2.5E-2));
#1031=CARTESIAN_POINT('',(8.976169845025E-1,4.871765754313E-1,2.5E-2));
#1032=CARTESIAN_POINT('',(8.966354864018E-1,4.933705563599E-1,2.5E-2));
#1033=CARTESIAN_POINT('',(8.933805391326E-1,5.023567076897E-1,2.5E-2));
#1034=CARTESIAN_POINT('',(8.884784322205E-1,5.105282930814E-1,2.5E-2));
#1035=CARTESIAN_POINT('',(8.821360084846E-1,5.176182578033E-1,2.5E-2));
#1036=CARTESIAN_POINT('',(8.745487706190E-1,5.234128085993E-1,2.5E-2));
#1037=CARTESIAN_POINT('',(8.659901791178E-1,5.277121963833E-1,2.5E-2));
#1038=CARTESIAN_POINT('',(8.566431656091E-1,5.303873357142E-1,2.5E-2));
#1039=CARTESIAN_POINT('',(8.501551827394E-1,5.31E-1,2.5E-2));
#1040=CARTESIAN_POINT('',(8.468245836552E-1,5.31E-1,2.5E-2));
#1042=CARTESIAN_POINT('',(7.5E-1,4.84E-1,0.E0));
#1043=DIRECTION('',(0.E0,-1.E0,0.E0));
#1044=DIRECTION('',(9.859963634601E-1,0.E0,-1.667668169734E-1));
#1045=AXIS2_PLACEMENT_3D('',#1042,#1043,#1044);
#1047=CARTESIAN_POINT('',(8.468245836552E-1,5.31E-1,-2.5E-2));
#1048=CARTESIAN_POINT('',(8.502564640007E-1,5.31E-1,-2.5E-2));
#1049=CARTESIAN_POINT('',(8.569000222140E-1,5.303488003375E-1,-2.5E-2));
#1050=CARTESIAN_POINT('',(8.663219695458E-1,5.275841446301E-1,-2.5E-2));
#1051=CARTESIAN_POINT('',(8.748507824617E-1,5.232210131507E-1,-2.5E-2));
#1052=CARTESIAN_POINT('',(8.823635366954E-1,5.174006568970E-1,-2.5E-2));
#1053=CARTESIAN_POINT('',(8.886120537937E-1,5.103378663718E-1,-2.5E-2));
#1054=CARTESIAN_POINT('',(8.934455509135E-1,5.022079657919E-1,-2.5E-2));
#1055=CARTESIAN_POINT('',(8.966489639629E-1,4.932967566566E-1,-2.5E-2));
#1056=CARTESIAN_POINT('',(8.976185464318E-1,4.871509540643E-1,-2.5E-2));
#1057=CARTESIAN_POINT('',(8.978106348365E-1,4.84E-1,-2.5E-2));
#1059=DIRECTION('',(0.E0,-1.E0,0.E0));
#1060=VECTOR('',#1059,2.99E-1);
#1061=CARTESIAN_POINT('',(-4.9E-2,3.19E-1,3.96E-1));
#1062=LINE('',#1061,#1060);
#1063=DIRECTION('',(0.E0,0.E0,1.E0));
#1064=VECTOR('',#1063,6.9E-1);
#1065=CARTESIAN_POINT('',(-4.9E-2,3.19E-1,-2.94E-1));
#1066=LINE('',#1065,#1064);
#1067=DIRECTION('',(0.E0,-1.E0,0.E0));
#1068=VECTOR('',#1067,5.71E-1);
#1069=CARTESIAN_POINT('',(-4.9E-2,8.9E-1,-2.94E-1));
#1070=LINE('',#1069,#1068);
#1071=DIRECTION('',(-1.E0,0.E0,0.E0));
#1072=VECTOR('',#1071,4.02E-1);
#1073=CARTESIAN_POINT('',(-4.9E-2,3.19E-1,3.96E-1));
#1074=LINE('',#1073,#1072);
#1075=DIRECTION('',(0.E0,-1.E0,0.E0));
#1076=VECTOR('',#1075,5.71E-1);
#1077=CARTESIAN_POINT('',(-4.51E-1,8.9E-1,-2.94E-1));
#1078=LINE('',#1077,#1076);
#1079=DIRECTION('',(0.E0,0.E0,1.E0));
#1080=VECTOR('',#1079,6.9E-1);
#1081=CARTESIAN_POINT('',(-4.51E-1,3.19E-1,-2.94E-1));
#1082=LINE('',#1081,#1080);
#1083=DIRECTION('',(0.E0,-1.E0,0.E0));
#1084=VECTOR('',#1083,2.99E-1);
#1085=CARTESIAN_POINT('',(-4.51E-1,3.19E-1,3.96E-1));
#1086=LINE('',#1085,#1084);
#1087=DIRECTION('',(-1.E0,0.E0,0.E0));
#1088=VECTOR('',#1087,4.02E-1);
#1089=CARTESIAN_POINT('',(-4.9E-2,3.19E-1,-2.94E-1));
#1090=LINE('',#1089,#1088);
#1091=DIRECTION('',(0.E0,0.E0,-1.E0));
#1092=VECTOR('',#1091,3.74E-1);
#1093=CARTESIAN_POINT('',(-4.37E-1,3.19E-1,1.87E-1));
#1094=LINE('',#1093,#1092);
#1095=DIRECTION('',(1.E0,0.E0,0.E0));
#1096=VECTOR('',#1095,3.74E-1);
#1097=CARTESIAN_POINT('',(-4.37E-1,3.19E-1,1.87E-1));
#1098=LINE('',#1097,#1096);
#1099=DIRECTION('',(0.E0,0.E0,-1.E0));
#1100=VECTOR('',#1099,3.74E-1);
#1101=CARTESIAN_POINT('',(-6.3E-2,3.19E-1,1.87E-1));
#1102=LINE('',#1101,#1100);
#1103=DIRECTION('',(1.E0,0.E0,0.E0));
#1104=VECTOR('',#1103,3.74E-1);
#1105=CARTESIAN_POINT('',(-4.37E-1,3.19E-1,-1.87E-1));
#1106=LINE('',#1105,#1104);
#1107=DIRECTION('',(0.E0,1.E0,0.E0));
#1108=VECTOR('',#1107,1.1E-1);
#1109=CARTESIAN_POINT('',(-4.37E-1,3.19E-1,-1.87E-1));
#1110=LINE('',#1109,#1108);
#1111=DIRECTION('',(0.E0,0.E0,1.E0));
#1112=VECTOR('',#1111,3.74E-1);
#1113=CARTESIAN_POINT('',(-4.37E-1,4.29E-1,-1.87E-1));
#1114=LINE('',#1113,#1112);
#1115=DIRECTION('',(0.E0,-1.E0,0.E0));
#1116=VECTOR('',#1115,1.1E-1);
#1117=CARTESIAN_POINT('',(-4.37E-1,4.29E-1,1.87E-1));
#1118=LINE('',#1117,#1116);
#1119=DIRECTION('',(0.E0,-1.E0,0.E0));
#1120=VECTOR('',#1119,1.1E-1);
#1121=CARTESIAN_POINT('',(-6.3E-2,4.29E-1,1.87E-1));
#1122=LINE('',#1121,#1120);
#1123=DIRECTION('',(0.E0,0.E0,1.E0));
#1124=VECTOR('',#1123,3.74E-1);
#1125=CARTESIAN_POINT('',(-6.3E-2,4.29E-1,-1.87E-1));
#1126=LINE('',#1125,#1124);
#1127=DIRECTION('',(0.E0,1.E0,0.E0));
#1128=VECTOR('',#1127,1.1E-1);
#1129=CARTESIAN_POINT('',(-6.3E-2,3.19E-1,-1.87E-1));
#1130=LINE('',#1129,#1128);
#1131=DIRECTION('',(1.E0,0.E0,0.E0));
#1132=VECTOR('',#1131,3.74E-1);
#1133=CARTESIAN_POINT('',(-4.37E-1,4.29E-1,1.87E-1));
#1134=LINE('',#1133,#1132);
#1135=DIRECTION('',(1.E0,0.E0,0.E0));
#1136=VECTOR('',#1135,3.74E-1);
#1137=CARTESIAN_POINT('',(-4.37E-1,4.29E-1,-1.87E-1));
#1138=LINE('',#1137,#1136);
#1139=CARTESIAN_POINT('',(-2.5E-1,4.29E-1,0.E0));
#1140=DIRECTION('',(0.E0,-1.E0,0.E0));
#1141=DIRECTION('',(0.E0,0.E0,-1.E0));
#1142=AXIS2_PLACEMENT_3D('',#1139,#1140,#1141);
#1144=CARTESIAN_POINT('',(-2.5E-1,4.29E-1,0.E0));
#1145=DIRECTION('',(0.E0,-1.E0,0.E0));
#1146=DIRECTION('',(0.E0,0.E0,1.E0));
#1147=AXIS2_PLACEMENT_3D('',#1144,#1145,#1146);
#1149=DIRECTION('',(0.E0,1.E0,0.E0));
#1150=VECTOR('',#1149,5.2E-2);
#1151=CARTESIAN_POINT('',(-2.5E-1,4.29E-1,-1.5E-1));
#1152=LINE('',#1151,#1150);
#1153=DIRECTION('',(0.E0,1.E0,0.E0));
#1154=VECTOR('',#1153,5.2E-2);
#1155=CARTESIAN_POINT('',(-2.5E-1,4.29E-1,1.5E-1));
#1156=LINE('',#1155,#1154);
#1157=CARTESIAN_POINT('',(-3.468245836552E-1,5.31E-1,2.5E-2));
#1158=CARTESIAN_POINT('',(-3.501579970002E-1,5.31E-1,2.5E-2));
#1159=CARTESIAN_POINT('',(-3.566527724927E-1,5.303864787568E-1,2.5E-2));
#1160=CARTESIAN_POINT('',(-3.660173457168E-1,5.277029772985E-1,2.5E-2));
#1161=CARTESIAN_POINT('',(-3.745891914283E-1,5.233886132025E-1,2.5E-2));
#1162=CARTESIAN_POINT('',(-3.821767587829E-1,5.175806428597E-1,2.5E-2));
#1163=CARTESIAN_POINT('',(-3.885070973879E-1,5.104880107780E-1,2.5E-2));
#1164=CARTESIAN_POINT('',(-3.933930011867E-1,5.023273687683E-1,2.5E-2));
#1165=CARTESIAN_POINT('',(-3.966373036667E-1,4.933592347653E-1,2.5E-2));
#1166=CARTESIAN_POINT('',(-3.976172002717E-1,4.871730360257E-1,2.5E-2));
#1167=CARTESIAN_POINT('',(-3.978106348365E-1,4.84E-1,2.5E-2));
#1169=CARTESIAN_POINT('',(-2.5E-1,4.81E-1,1.E-1));
#1170=DIRECTION('',(-1.E0,0.E0,0.E0));
#1171=DIRECTION('',(0.E0,0.E0,1.E0));
#1172=AXIS2_PLACEMENT_3D('',#1169,#1170,#1171);
#1174=CARTESIAN_POINT('',(-2.5E-1,4.81E-1,0.E0));
#1175=DIRECTION('',(0.E0,1.E0,0.E0));
#1176=DIRECTION('',(0.E0,0.E0,-1.E0));
#1177=AXIS2_PLACEMENT_3D('',#1174,#1175,#1176);
#1179=CARTESIAN_POINT('',(-2.5E-1,4.81E-1,-1.E-1));
#1180=DIRECTION('',(1.E0,0.E0,0.E0));
#1181=DIRECTION('',(0.E0,0.E0,-1.E0));
#1182=AXIS2_PLACEMENT_3D('',#1179,#1180,#1181);
#1184=CARTESIAN_POINT('',(-3.978106348365E-1,4.84E-1,-2.5E-2));
#1185=CARTESIAN_POINT('',(-3.976183686604E-1,4.871538701671E-1,-2.5E-2));
#1186=CARTESIAN_POINT('',(-3.966474796904E-1,4.933065765595E-1,-2.5E-2));
#1187=CARTESIAN_POINT('',(-3.934339988964E-1,5.022355817020E-1,-2.5E-2));
#1188=CARTESIAN_POINT('',(-3.885843677347E-1,5.103771891085E-1,-2.5E-2));
#1189=CARTESIAN_POINT('',(-3.823235013969E-1,5.174380414837E-1,-2.5E-2));
#1190=CARTESIAN_POINT('',(-3.748106173942E-1,5.232454471440E-1,-2.5E-2));
#1191=CARTESIAN_POINT('',(-3.662941936241E-1,5.275938356295E-1,-2.5E-2));
#1192=CARTESIAN_POINT('',(-3.568895801468E-1,5.303498291394E-1,-2.5E-2));
#1193=CARTESIAN_POINT('',(-3.502532800668E-1,5.31E-1,-2.5E-2));
#1194=CARTESIAN_POINT('',(-3.468245836552E-1,5.31E-1,-2.5E-2));
#1196=CARTESIAN_POINT('',(-2.5E-1,4.84E-1,0.E0));
#1197=DIRECTION('',(0.E0,-1.E0,0.E0));
#1198=DIRECTION('',(-9.859963634601E-1,0.E0,1.667668169734E-1));
#1199=AXIS2_PLACEMENT_3D('',#1196,#1197,#1198);
#1201=CARTESIAN_POINT('',(-1.021893651635E-1,4.84E-1,2.5E-2));
#1202=CARTESIAN_POINT('',(-1.023830154975E-1,4.871765754313E-1,2.5E-2));
#1203=CARTESIAN_POINT('',(-1.033645135982E-1,4.933705563599E-1,2.5E-2));
#1204=CARTESIAN_POINT('',(-1.066194608674E-1,5.023567076897E-1,2.5E-2));
#1205=CARTESIAN_POINT('',(-1.115215677795E-1,5.105282930814E-1,2.5E-2));
#1206=CARTESIAN_POINT('',(-1.178639915154E-1,5.176182578033E-1,2.5E-2));
#1207=CARTESIAN_POINT('',(-1.254512293810E-1,5.234128085993E-1,2.5E-2));
#1208=CARTESIAN_POINT('',(-1.340098208822E-1,5.277121963833E-1,2.5E-2));
#1209=CARTESIAN_POINT('',(-1.433568343909E-1,5.303873357142E-1,2.5E-2));
#1210=CARTESIAN_POINT('',(-1.498448172606E-1,5.31E-1,2.5E-2));
#1211=CARTESIAN_POINT('',(-1.531754163448E-1,5.31E-1,2.5E-2));
#1213=CARTESIAN_POINT('',(-2.5E-1,4.84E-1,0.E0));
#1214=DIRECTION('',(0.E0,-1.E0,0.E0));
#1215=DIRECTION('',(9.859963634601E-1,0.E0,-1.667668169734E-1));
#1216=AXIS2_PLACEMENT_3D('',#1213,#1214,#1215);
#1218=CARTESIAN_POINT('',(-1.531754163448E-1,5.31E-1,-2.5E-2));
#1219=CARTESIAN_POINT('',(-1.497435359993E-1,5.31E-1,-2.5E-2));
#1220=CARTESIAN_POINT('',(-1.430999777860E-1,5.303488003375E-1,-2.5E-2));
#1221=CARTESIAN_POINT('',(-1.336780304542E-1,5.275841446301E-1,-2.5E-2));
#1222=CARTESIAN_POINT('',(-1.251492175383E-1,5.232210131507E-1,-2.5E-2));
#1223=CARTESIAN_POINT('',(-1.176364633046E-1,5.174006568970E-1,-2.5E-2));
#1224=CARTESIAN_POINT('',(-1.113879462063E-1,5.103378663718E-1,-2.5E-2));
#1225=CARTESIAN_POINT('',(-1.065544490865E-1,5.022079657919E-1,-2.5E-2));
#1226=CARTESIAN_POINT('',(-1.033510360371E-1,4.932967566566E-1,-2.5E-2));
#1227=CARTESIAN_POINT('',(-1.023814535682E-1,4.871509540643E-1,-2.5E-2));
#1228=CARTESIAN_POINT('',(-1.021893651635E-1,4.84E-1,-2.5E-2));
#1230=CARTESIAN_POINT('',(-2.5E-1,4.81E-1,0.E0));
#1231=DIRECTION('',(0.E0,-1.E0,0.E0));
#1232=DIRECTION('',(0.E0,0.E0,-1.E0));
#1233=AXIS2_PLACEMENT_3D('',#1230,#1231,#1232);
#1235=DIRECTION('',(-1.E0,0.E0,0.E0));
#1236=VECTOR('',#1235,2.956212696730E-1);
#1237=CARTESIAN_POINT('',(-1.021893651635E-1,4.84E-1,2.5E-2));
#1238=LINE('',#1237,#1236);
#1239=DIRECTION('',(-1.E0,0.E0,0.E0));
#1240=VECTOR('',#1239,2.956212696730E-1);
#1241=CARTESIAN_POINT('',(-1.021893651635E-1,4.84E-1,-2.5E-2));
#1242=LINE('',#1241,#1240);
#1243=DIRECTION('',(-1.E0,0.E0,0.E0));
#1244=VECTOR('',#1243,1.936491673104E-1);
#1245=CARTESIAN_POINT('',(-1.531754163448E-1,5.31E-1,2.5E-2));
#1246=LINE('',#1245,#1244);
#1247=CARTESIAN_POINT('',(-2.5E-1,5.31E-1,0.E0));
#1248=DIRECTION('',(0.E0,-1.E0,0.E0));
#1249=DIRECTION('',(9.682458365519E-1,0.E0,2.5E-1));
#1250=AXIS2_PLACEMENT_3D('',#1247,#1248,#1249);
#1252=CARTESIAN_POINT('',(-2.5E-1,5.31E-1,0.E0));
#1253=DIRECTION('',(0.E0,1.E0,0.E0));
#1254=DIRECTION('',(-9.682458365519E-1,0.E0,2.5E-1));
#1255=AXIS2_PLACEMENT_3D('',#1252,#1253,#1254);
#1257=DIRECTION('',(-1.E0,0.E0,0.E0));
#1258=VECTOR('',#1257,1.936491673104E-1);
#1259=CARTESIAN_POINT('',(-1.531754163448E-1,5.31E-1,-2.5E-2));
#1260=LINE('',#1259,#1258);
#1261=CARTESIAN_POINT('',(-2.5E-1,5.31E-1,0.E0));
#1262=DIRECTION('',(0.E0,1.E0,0.E0));
#1263=DIRECTION('',(0.E0,0.E0,-1.E0));
#1264=AXIS2_PLACEMENT_3D('',#1261,#1262,#1263);
#1266=CARTESIAN_POINT('',(-2.5E-1,5.31E-1,0.E0));
#1267=DIRECTION('',(0.E0,-1.E0,0.E0));
#1268=DIRECTION('',(0.E0,0.E0,-1.E0));
#1269=AXIS2_PLACEMENT_3D('',#1266,#1267,#1268);
#1271=DIRECTION('',(0.E0,-1.E0,0.E0));
#1272=VECTOR('',#1271,5.71E-1);
#1273=CARTESIAN_POINT('',(-9.51E-1,8.9E-1,-2.94E-1));
#1274=LINE('',#1273,#1272);
#1275=DIRECTION('',(0.E0,0.E0,1.E0));
#1276=VECTOR('',#1275,6.9E-1);
#1277=CARTESIAN_POINT('',(-9.51E-1,3.19E-1,-2.94E-1));
#1278=LINE('',#1277,#1276);
#1279=DIRECTION('',(0.E0,-1.E0,0.E0));
#1280=VECTOR('',#1279,3.19E-1);
#1281=CARTESIAN_POINT('',(-9.51E-1,3.19E-1,3.96E-1));
#1282=LINE('',#1281,#1280);
#1283=DIRECTION('',(0.E0,1.E0,0.E0));
#1284=VECTOR('',#1283,1.1E-1);
#1285=CARTESIAN_POINT('',(-9.37E-1,3.19E-1,-1.87E-1));
#1286=LINE('',#1285,#1284);
#1287=DIRECTION('',(0.E0,0.E0,1.E0));
#1288=VECTOR('',#1287,3.74E-1);
#1289=CARTESIAN_POINT('',(-9.37E-1,4.29E-1,-1.87E-1));
#1290=LINE('',#1289,#1288);
#1291=DIRECTION('',(0.E0,-1.E0,0.E0));
#1292=VECTOR('',#1291,1.1E-1);
#1293=CARTESIAN_POINT('',(-9.37E-1,4.29E-1,1.87E-1));
#1294=LINE('',#1293,#1292);
#1295=DIRECTION('',(0.E0,-1.E0,0.E0));
#1296=VECTOR('',#1295,1.1E-1);
#1297=CARTESIAN_POINT('',(-5.63E-1,4.29E-1,1.87E-1));
#1298=LINE('',#1297,#1296);
#1299=DIRECTION('',(0.E0,0.E0,1.E0));
#1300=VECTOR('',#1299,3.74E-1);
#1301=CARTESIAN_POINT('',(-5.63E-1,4.29E-1,-1.87E-1));
#1302=LINE('',#1301,#1300);
#1303=DIRECTION('',(0.E0,1.E0,0.E0));
#1304=VECTOR('',#1303,1.1E-1);
#1305=CARTESIAN_POINT('',(-5.63E-1,3.19E-1,-1.87E-1));
#1306=LINE('',#1305,#1304);
#1307=DIRECTION('',(1.E0,0.E0,0.E0));
#1308=VECTOR('',#1307,3.74E-1);
#1309=CARTESIAN_POINT('',(-9.37E-1,4.29E-1,1.87E-1));
#1310=LINE('',#1309,#1308);
#1311=DIRECTION('',(1.E0,0.E0,0.E0));
#1312=VECTOR('',#1311,3.74E-1);
#1313=CARTESIAN_POINT('',(-9.37E-1,4.29E-1,-1.87E-1));
#1314=LINE('',#1313,#1312);
#1315=CARTESIAN_POINT('',(-7.5E-1,4.29E-1,0.E0));
#1316=DIRECTION('',(0.E0,-1.E0,0.E0));
#1317=DIRECTION('',(0.E0,0.E0,-1.E0));
#1318=AXIS2_PLACEMENT_3D('',#1315,#1316,#1317);
#1320=CARTESIAN_POINT('',(-7.5E-1,4.29E-1,0.E0));
#1321=DIRECTION('',(0.E0,-1.E0,0.E0));
#1322=DIRECTION('',(0.E0,0.E0,1.E0));
#1323=AXIS2_PLACEMENT_3D('',#1320,#1321,#1322);
#1325=DIRECTION('',(0.E0,1.E0,0.E0));
#1326=VECTOR('',#1325,5.2E-2);
#1327=CARTESIAN_POINT('',(-7.5E-1,4.29E-1,-1.5E-1));
#1328=LINE('',#1327,#1326);
#1329=DIRECTION('',(0.E0,1.E0,0.E0));
#1330=VECTOR('',#1329,5.2E-2);
#1331=CARTESIAN_POINT('',(-7.5E-1,4.29E-1,1.5E-1));
#1332=LINE('',#1331,#1330);
#1333=CARTESIAN_POINT('',(-8.468245836552E-1,5.31E-1,2.5E-2));
#1334=CARTESIAN_POINT('',(-8.501579970002E-1,5.31E-1,2.5E-2));
#1335=CARTESIAN_POINT('',(-8.566527724927E-1,5.303864787568E-1,2.5E-2));
#1336=CARTESIAN_POINT('',(-8.660173457168E-1,5.277029772985E-1,2.5E-2));
#1337=CARTESIAN_POINT('',(-8.745891914283E-1,5.233886132025E-1,2.5E-2));
#1338=CARTESIAN_POINT('',(-8.821767587829E-1,5.175806428597E-1,2.5E-2));
#1339=CARTESIAN_POINT('',(-8.885070973879E-1,5.104880107780E-1,2.5E-2));
#1340=CARTESIAN_POINT('',(-8.933930011867E-1,5.023273687683E-1,2.5E-2));
#1341=CARTESIAN_POINT('',(-8.966373036667E-1,4.933592347653E-1,2.5E-2));
#1342=CARTESIAN_POINT('',(-8.976172002717E-1,4.871730360257E-1,2.5E-2));
#1343=CARTESIAN_POINT('',(-8.978106348365E-1,4.84E-1,2.5E-2));
#1345=CARTESIAN_POINT('',(-7.5E-1,4.81E-1,1.E-1));
#1346=DIRECTION('',(-1.E0,0.E0,0.E0));
#1347=DIRECTION('',(0.E0,0.E0,1.E0));
#1348=AXIS2_PLACEMENT_3D('',#1345,#1346,#1347);
#1350=CARTESIAN_POINT('',(-7.5E-1,4.81E-1,0.E0));
#1351=DIRECTION('',(0.E0,1.E0,0.E0));
#1352=DIRECTION('',(0.E0,0.E0,-1.E0));
#1353=AXIS2_PLACEMENT_3D('',#1350,#1351,#1352);
#1355=CARTESIAN_POINT('',(-7.5E-1,4.81E-1,-1.E-1));
#1356=DIRECTION('',(1.E0,0.E0,0.E0));
#1357=DIRECTION('',(0.E0,0.E0,-1.E0));
#1358=AXIS2_PLACEMENT_3D('',#1355,#1356,#1357);
#1360=CARTESIAN_POINT('',(-8.978106348365E-1,4.84E-1,-2.5E-2));
#1361=CARTESIAN_POINT('',(-8.976183686604E-1,4.871538701671E-1,-2.5E-2));
#1362=CARTESIAN_POINT('',(-8.966474796904E-1,4.933065765595E-1,-2.5E-2));
#1363=CARTESIAN_POINT('',(-8.934339988964E-1,5.022355817020E-1,-2.5E-2));
#1364=CARTESIAN_POINT('',(-8.885843677347E-1,5.103771891085E-1,-2.5E-2));
#1365=CARTESIAN_POINT('',(-8.823235013969E-1,5.174380414837E-1,-2.5E-2));
#1366=CARTESIAN_POINT('',(-8.748106173942E-1,5.232454471440E-1,-2.5E-2));
#1367=CARTESIAN_POINT('',(-8.662941936241E-1,5.275938356295E-1,-2.5E-2));
#1368=CARTESIAN_POINT('',(-8.568895801468E-1,5.303498291394E-1,-2.5E-2));
#1369=CARTESIAN_POINT('',(-8.502532800668E-1,5.31E-1,-2.5E-2));
#1370=CARTESIAN_POINT('',(-8.468245836552E-1,5.31E-1,-2.5E-2));
#1372=CARTESIAN_POINT('',(-7.5E-1,4.84E-1,0.E0));
#1373=DIRECTION('',(0.E0,-1.E0,0.E0));
#1374=DIRECTION('',(-9.859963634601E-1,0.E0,1.667668169734E-1));
#1375=AXIS2_PLACEMENT_3D('',#1372,#1373,#1374);
#1377=CARTESIAN_POINT('',(-6.021893651635E-1,4.84E-1,2.5E-2));
#1378=CARTESIAN_POINT('',(-6.023830154975E-1,4.871765754313E-1,2.5E-2));
#1379=CARTESIAN_POINT('',(-6.033645135982E-1,4.933705563599E-1,2.5E-2));
#1380=CARTESIAN_POINT('',(-6.066194608674E-1,5.023567076897E-1,2.5E-2));
#1381=CARTESIAN_POINT('',(-6.115215677795E-1,5.105282930814E-1,2.5E-2));
#1382=CARTESIAN_POINT('',(-6.178639915154E-1,5.176182578033E-1,2.5E-2));
#1383=CARTESIAN_POINT('',(-6.254512293810E-1,5.234128085993E-1,2.5E-2));
#1384=CARTESIAN_POINT('',(-6.340098208822E-1,5.277121963833E-1,2.5E-2));
#1385=CARTESIAN_POINT('',(-6.433568343909E-1,5.303873357142E-1,2.5E-2));
#1386=CARTESIAN_POINT('',(-6.498448172606E-1,5.31E-1,2.5E-2));
#1387=CARTESIAN_POINT('',(-6.531754163448E-1,5.31E-1,2.5E-2));
#1389=CARTESIAN_POINT('',(-7.5E-1,4.84E-1,0.E0));
#1390=DIRECTION('',(0.E0,-1.E0,0.E0));
#1391=DIRECTION('',(9.859963634601E-1,0.E0,-1.667668169734E-1));
#1392=AXIS2_PLACEMENT_3D('',#1389,#1390,#1391);
#1394=CARTESIAN_POINT('',(-6.531754163448E-1,5.31E-1,-2.5E-2));
#1395=CARTESIAN_POINT('',(-6.497435359993E-1,5.31E-1,-2.5E-2));
#1396=CARTESIAN_POINT('',(-6.430999777860E-1,5.303488003375E-1,-2.5E-2));
#1397=CARTESIAN_POINT('',(-6.336780304542E-1,5.275841446301E-1,-2.5E-2));
#1398=CARTESIAN_POINT('',(-6.251492175383E-1,5.232210131507E-1,-2.5E-2));
#1399=CARTESIAN_POINT('',(-6.176364633046E-1,5.174006568970E-1,-2.5E-2));
#1400=CARTESIAN_POINT('',(-6.113879462063E-1,5.103378663718E-1,-2.5E-2));
#1401=CARTESIAN_POINT('',(-6.065544490865E-1,5.022079657919E-1,-2.5E-2));
#1402=CARTESIAN_POINT('',(-6.033510360371E-1,4.932967566566E-1,-2.5E-2));
#1403=CARTESIAN_POINT('',(-6.023814535682E-1,4.871509540643E-1,-2.5E-2));
#1404=CARTESIAN_POINT('',(-6.021893651635E-1,4.84E-1,-2.5E-2));
#1406=CARTESIAN_POINT('',(-7.5E-1,4.81E-1,0.E0));
#1407=DIRECTION('',(0.E0,-1.E0,0.E0));
#1408=DIRECTION('',(0.E0,0.E0,-1.E0));
#1409=AXIS2_PLACEMENT_3D('',#1406,#1407,#1408);
#1411=DIRECTION('',(-1.E0,0.E0,0.E0));
#1412=VECTOR('',#1411,2.956212696730E-1);
#1413=CARTESIAN_POINT('',(-6.021893651635E-1,4.84E-1,2.5E-2));
#1414=LINE('',#1413,#1412);
#1415=DIRECTION('',(-1.E0,0.E0,0.E0));
#1416=VECTOR('',#1415,2.956212696730E-1);
#1417=CARTESIAN_POINT('',(-6.021893651635E-1,4.84E-1,-2.5E-2));
#1418=LINE('',#1417,#1416);
#1419=DIRECTION('',(-1.E0,0.E0,0.E0));
#1420=VECTOR('',#1419,1.936491673104E-1);
#1421=CARTESIAN_POINT('',(-6.531754163448E-1,5.31E-1,2.5E-2));
#1422=LINE('',#1421,#1420);
#1423=CARTESIAN_POINT('',(-7.5E-1,5.31E-1,0.E0));
#1424=DIRECTION('',(0.E0,-1.E0,0.E0));
#1425=DIRECTION('',(9.682458365519E-1,0.E0,2.5E-1));
#1426=AXIS2_PLACEMENT_3D('',#1423,#1424,#1425);
#1428=CARTESIAN_POINT('',(-7.5E-1,5.31E-1,0.E0));
#1429=DIRECTION('',(0.E0,1.E0,0.E0));
#1430=DIRECTION('',(-9.682458365519E-1,0.E0,2.5E-1));
#1431=AXIS2_PLACEMENT_3D('',#1428,#1429,#1430);
#1433=DIRECTION('',(-1.E0,0.E0,0.E0));
#1434=VECTOR('',#1433,1.936491673104E-1);
#1435=CARTESIAN_POINT('',(-6.531754163448E-1,5.31E-1,-2.5E-2));
#1436=LINE('',#1435,#1434);
#1437=CARTESIAN_POINT('',(-7.5E-1,5.31E-1,0.E0));
#1438=DIRECTION('',(0.E0,1.E0,0.E0));
#1439=DIRECTION('',(0.E0,0.E0,-1.E0));
#1440=AXIS2_PLACEMENT_3D('',#1437,#1438,#1439);
#1442=CARTESIAN_POINT('',(-7.5E-1,5.31E-1,0.E0));
#1443=DIRECTION('',(0.E0,-1.E0,0.E0));
#1444=DIRECTION('',(0.E0,0.E0,-1.E0));
#1445=AXIS2_PLACEMENT_3D('',#1442,#1443,#1444);
#1447=DIRECTION('',(-3.149781045078E-10,-9.999999999998E-1,-6.345993766307E-7));
#1448=VECTOR('',#1447,1.599998985893E-1);
#1449=CARTESIAN_POINT('',(-7.795E-1,2.E-2,-2.205E-1));
#1450=LINE('',#1449,#1448);
#1451=CARTESIAN_POINT('',(-7.795E-1,-1.399996172936E-1,-2.56E-1));
#1452=DIRECTION('',(0.E0,-1.E0,0.E0));
#1453=DIRECTION('',(0.E0,0.E0,1.E0));
#1454=AXIS2_PLACEMENT_3D('',#1451,#1452,#1453);
#1456=DIRECTION('',(6.146198562188E-11,-9.999999999998E-1,-6.342251048368E-7));
#1457=VECTOR('',#1456,1.599998985295E-1);
#1458=CARTESIAN_POINT('',(-7.205E-1,2.E-2,-2.205E-1));
#1459=LINE('',#1458,#1457);
#1460=DIRECTION('',(-1.E0,-1.014997407120E-9,-1.014974355879E-9));
#1461=VECTOR('',#1460,5.900000006023E-2);
#1462=CARTESIAN_POINT('',(-7.204999999902E-1,-1.399998985294E-1,
-2.205001014760E-1));
#1463=LINE('',#1462,#1461);
#1464=DIRECTION('',(3.149781045078E-10,-9.999999999998E-1,6.345993762838E-7));
#1465=VECTOR('',#1464,1.599998985893E-1);
#1466=CARTESIAN_POINT('',(-7.205E-1,2.E-2,-2.915E-1));
#1467=LINE('',#1466,#1465);
#1468=CARTESIAN_POINT('',(-7.205E-1,-1.399996172936E-1,-2.56E-1));
#1469=DIRECTION('',(0.E0,-1.E0,0.E0));
#1470=DIRECTION('',(0.E0,0.E0,-1.E0));
#1471=AXIS2_PLACEMENT_3D('',#1468,#1469,#1470);
#1473=DIRECTION('',(-6.146198562188E-11,-9.999999999998E-1,6.342251044898E-7));
#1474=VECTOR('',#1473,1.599998985295E-1);
#1475=CARTESIAN_POINT('',(-7.795E-1,2.E-2,-2.915E-1));
#1476=LINE('',#1475,#1474);
#1477=DIRECTION('',(1.E0,-1.014997407120E-9,1.014974355879E-9));
#1478=VECTOR('',#1477,5.900000006023E-2);
#1479=CARTESIAN_POINT('',(-7.795000000098E-1,-1.399998985294E-1,
-2.914998985240E-1));
#1480=LINE('',#1479,#1478);
#1481=DIRECTION('',(-1.452728047475E-10,7.071082802382E-1,-7.071052821317E-1));
#1482=VECTOR('',#1481,2.828427124594E-2);
#1483=CARTESIAN_POINT('',(-7.795000000057E-1,-1.599999409279E-1,
-2.714999409248E-1));
#1484=LINE('',#1483,#1482);
#1485=CARTESIAN_POINT('',(-7.795E-1,-1.599999060079E-1,-2.56E-1));
#1486=DIRECTION('',(0.E0,-1.E0,0.E0));
#1487=DIRECTION('',(0.E0,0.E0,1.E0));
#1488=AXIS2_PLACEMENT_3D('',#1485,#1486,#1487);
#1490=DIRECTION('',(-1.E0,-5.908903306639E-10,-5.908766880928E-10));
#1491=VECTOR('',#1490,5.900000003506E-2);
#1492=CARTESIAN_POINT('',(-7.204999999943E-1,-1.599999409279E-1,
-2.405000590752E-1));
#1493=LINE('',#1492,#1491);
#1494=CARTESIAN_POINT('',(-7.205E-1,-1.599999060079E-1,-2.56E-1));
#1495=DIRECTION('',(0.E0,-1.E0,0.E0));
#1496=DIRECTION('',(0.E0,0.E0,-1.E0));
#1497=AXIS2_PLACEMENT_3D('',#1494,#1495,#1496);
#1499=DIRECTION('',(1.E0,-5.908908010974E-10,5.908766880928E-10));
#1500=VECTOR('',#1499,5.900000003506E-2);
#1501=CARTESIAN_POINT('',(-7.795000000057E-1,-1.599999409279E-1,
-2.714999409248E-1));
#1502=LINE('',#1501,#1500);
#1503=DIRECTION('',(-7.445064430302E-10,7.071082802382E-1,7.071052821317E-1));
#1504=VECTOR('',#1503,2.828427121055E-2);
#1505=CARTESIAN_POINT('',(-7.795000000293E-1,-1.599999409628E-1,
-2.405000591101E-1));
#1506=LINE('',#1505,#1504);
#1507=DIRECTION('',(1.452767299787E-10,7.071082802382E-1,7.071052821317E-1));
#1508=VECTOR('',#1507,2.828427124594E-2);
#1509=CARTESIAN_POINT('',(-7.204999999943E-1,-1.599999409279E-1,
-2.405000590752E-1));
#1510=LINE('',#1509,#1508);
#1511=DIRECTION('',(7.445064430302E-10,7.071082802382E-1,-7.071052821317E-1));
#1512=VECTOR('',#1511,2.828427121055E-2);
#1513=CARTESIAN_POINT('',(-7.204999999707E-1,-1.599999409628E-1,
-2.714999408899E-1));
#1514=LINE('',#1513,#1512);
#1515=CARTESIAN_POINT('',(2.205E-1,-1.399996172936E-1,-2.56E-1));
#1516=DIRECTION('',(0.E0,-1.E0,0.E0));
#1517=DIRECTION('',(0.E0,0.E0,1.E0));
#1518=AXIS2_PLACEMENT_3D('',#1515,#1516,#1517);
#1520=DIRECTION('',(-3.149801861773E-10,-9.999999999998E-1,-6.345994121926E-7));
#1521=VECTOR('',#1520,1.599998985893E-1);
#1522=CARTESIAN_POINT('',(2.205E-1,2.E-2,-2.205E-1));
#1523=LINE('',#1522,#1521);
#1524=DIRECTION('',(-7.445044804147E-10,7.071082802383E-1,7.071052821317E-1));
#1525=VECTOR('',#1524,2.828427121055E-2);
#1526=CARTESIAN_POINT('',(2.204999999707E-1,-1.599999409628E-1,
-2.405000591101E-1));
#1527=LINE('',#1526,#1525);
#1528=CARTESIAN_POINT('',(2.205E-1,-1.599999060079E-1,-2.56E-1));
#1529=DIRECTION('',(0.E0,-1.E0,0.E0));
#1530=DIRECTION('',(0.E0,0.E0,1.E0));
#1531=AXIS2_PLACEMENT_3D('',#1528,#1529,#1530);
#1533=DIRECTION('',(-1.E0,-5.908912715309E-10,-5.908780993933E-10));
#1534=VECTOR('',#1533,5.900000003506E-2);
#1535=CARTESIAN_POINT('',(2.795000000057E-1,-1.599999409279E-1,
-2.405000590752E-1));
#1536=LINE('',#1535,#1534);
#1537=CARTESIAN_POINT('',(2.795E-1,-1.599999060079E-1,-2.56E-1));
#1538=DIRECTION('',(0.E0,-1.E0,0.E0));
#1539=DIRECTION('',(0.E0,0.E0,-1.E0));
#1540=AXIS2_PLACEMENT_3D('',#1537,#1538,#1539);
#1542=DIRECTION('',(1.E0,-5.908903306639E-10,5.908776289598E-10));
#1543=VECTOR('',#1542,5.900000003506E-2);
#1544=CARTESIAN_POINT('',(2.204999999943E-1,-1.599999409279E-1,
-2.714999409248E-1));
#1545=LINE('',#1544,#1543);
#1546=DIRECTION('',(1.452747673631E-10,7.071082802383E-1,7.071052821317E-1));
#1547=VECTOR('',#1546,2.828427124594E-2);
#1548=CARTESIAN_POINT('',(2.795000000057E-1,-1.599999409279E-1,
-2.405000590752E-1));
#1549=LINE('',#1548,#1547);
#1550=DIRECTION('',(-1.E0,-1.014996936686E-9,-1.014975767179E-9));
#1551=VECTOR('',#1550,5.900000006023E-2);
#1552=CARTESIAN_POINT('',(2.795000000098E-1,-1.399998985294E-1,
-2.205001014760E-1));
#1553=LINE('',#1552,#1551);
#1554=DIRECTION('',(6.146233256680E-11,-9.999999999998E-1,-6.342251409191E-7));
#1555=VECTOR('',#1554,1.599998985294E-1);
#1556=CARTESIAN_POINT('',(2.795E-1,2.E-2,-2.205E-1));
#1557=LINE('',#1556,#1555);
#1558=CARTESIAN_POINT('',(2.795E-1,-1.399996172936E-1,-2.56E-1));
#1559=DIRECTION('',(0.E0,-1.E0,0.E0));
#1560=DIRECTION('',(0.E0,0.E0,-1.E0));
#1561=AXIS2_PLACEMENT_3D('',#1558,#1559,#1560);
#1563=DIRECTION('',(3.149794922875E-10,-9.999999999998E-1,6.345994120191E-7));
#1564=VECTOR('',#1563,1.599998985893E-1);
#1565=CARTESIAN_POINT('',(2.795E-1,2.E-2,-2.915E-1));
#1566=LINE('',#1565,#1564);
#1567=DIRECTION('',(7.445025177991E-10,7.071082802383E-1,-7.071052821317E-1));
#1568=VECTOR('',#1567,2.828427121055E-2);
#1569=CARTESIAN_POINT('',(2.795000000293E-1,-1.599999409628E-1,
-2.714999408899E-1));
#1570=LINE('',#1569,#1568);
#1571=DIRECTION('',(-1.452757486709E-10,7.071082802383E-1,-7.071052821317E-1));
#1572=VECTOR('',#1571,2.828427124594E-2);
#1573=CARTESIAN_POINT('',(2.204999999943E-1,-1.599999409279E-1,
-2.714999409248E-1));
#1574=LINE('',#1573,#1572);
#1575=DIRECTION('',(1.E0,-1.014996936686E-9,1.014973415012E-9));
#1576=VECTOR('',#1575,5.900000006023E-2);
#1577=CARTESIAN_POINT('',(2.204999999902E-1,-1.399998985294E-1,
-2.914998985240E-1));
#1578=LINE('',#1577,#1576);
#1579=DIRECTION('',(-6.146146520451E-11,-9.999999999998E-1,6.342251409191E-7));
#1580=VECTOR('',#1579,1.599998985294E-1);
#1581=CARTESIAN_POINT('',(2.205E-1,2.E-2,-2.915E-1));
#1582=LINE('',#1581,#1580);
#1583=DIRECTION('',(-3.149787983977E-10,-9.999999999998E-1,-6.345994123661E-7));
#1584=VECTOR('',#1583,1.599998985893E-1);
#1585=CARTESIAN_POINT('',(-2.795E-1,2.E-2,2.915E-1));
#1586=LINE('',#1585,#1584);
#1587=CARTESIAN_POINT('',(-2.795E-1,-1.399996172936E-1,2.56E-1));
#1588=DIRECTION('',(0.E0,-1.E0,0.E0));
#1589=DIRECTION('',(0.E0,0.E0,1.E0));
#1590=AXIS2_PLACEMENT_3D('',#1587,#1588,#1589);
#1592=DIRECTION('',(6.146198562188E-11,-9.999999999998E-1,-6.342251409191E-7));
#1593=VECTOR('',#1592,1.599998985294E-1);
#1594=CARTESIAN_POINT('',(-2.205E-1,2.E-2,2.915E-1));
#1595=LINE('',#1594,#1593);
#1596=DIRECTION('',(-1.E0,-1.014997407120E-9,-1.014973415012E-9));
#1597=VECTOR('',#1596,5.900000006023E-2);
#1598=CARTESIAN_POINT('',(-2.204999999902E-1,-1.399998985294E-1,
2.914998985240E-1));
#1599=LINE('',#1598,#1597);
#1600=DIRECTION('',(3.149791453426E-10,-9.999999999998E-1,6.345994123661E-7));
#1601=VECTOR('',#1600,1.599998985893E-1);
#1602=CARTESIAN_POINT('',(-2.205E-1,2.E-2,2.205E-1));
#1603=LINE('',#1602,#1601);
#1604=CARTESIAN_POINT('',(-2.205E-1,-1.399996172936E-1,2.56E-1));
#1605=DIRECTION('',(0.E0,-1.E0,0.E0));
#1606=DIRECTION('',(0.E0,0.E0,-1.E0));
#1607=AXIS2_PLACEMENT_3D('',#1604,#1605,#1606);
#1609=DIRECTION('',(-6.146198562188E-11,-9.999999999998E-1,6.342251405721E-7));
#1610=VECTOR('',#1609,1.599998985294E-1);
#1611=CARTESIAN_POINT('',(-2.795E-1,2.E-2,2.205E-1));
#1612=LINE('',#1611,#1610);
#1613=DIRECTION('',(1.E0,-1.014996936686E-9,1.014974355879E-9));
#1614=VECTOR('',#1613,5.900000006023E-2);
#1615=CARTESIAN_POINT('',(-2.795000000098E-1,-1.399998985294E-1,
2.205001014760E-1));
#1616=LINE('',#1615,#1614);
#1617=DIRECTION('',(-1.452767299787E-10,7.071082802383E-1,-7.071052821317E-1));
#1618=VECTOR('',#1617,2.828427124594E-2);
#1619=CARTESIAN_POINT('',(-2.795000000057E-1,-1.599999409279E-1,
2.405000590752E-1));
#1620=LINE('',#1619,#1618);
#1621=CARTESIAN_POINT('',(-2.795E-1,-1.599999060079E-1,2.56E-1));
#1622=DIRECTION('',(0.E0,-1.E0,0.E0));
#1623=DIRECTION('',(0.E0,0.E0,1.E0));
#1624=AXIS2_PLACEMENT_3D('',#1621,#1622,#1623);
#1626=DIRECTION('',(-1.E0,-5.908903306639E-10,-5.908766880928E-10));
#1627=VECTOR('',#1626,5.900000003506E-2);
#1628=CARTESIAN_POINT('',(-2.204999999943E-1,-1.599999409279E-1,
2.714999409248E-1));
#1629=LINE('',#1628,#1627);
#1630=CARTESIAN_POINT('',(-2.205E-1,-1.599999060079E-1,2.56E-1));
#1631=DIRECTION('',(0.E0,-1.E0,0.E0));
#1632=DIRECTION('',(0.E0,0.E0,-1.E0));
#1633=AXIS2_PLACEMENT_3D('',#1630,#1631,#1632);
#1635=DIRECTION('',(1.E0,-5.908903306639E-10,5.908766880928E-10));
#1636=VECTOR('',#1635,5.900000003506E-2);
#1637=CARTESIAN_POINT('',(-2.795000000057E-1,-1.599999409279E-1,
2.405000590752E-1));
#1638=LINE('',#1637,#1636);
#1639=DIRECTION('',(-7.445025177991E-10,7.071082802383E-1,7.071052821317E-1));
#1640=VECTOR('',#1639,2.828427121055E-2);
#1641=CARTESIAN_POINT('',(-2.795000000293E-1,-1.599999409628E-1,
2.714999408899E-1));
#1642=LINE('',#1641,#1640);
#1643=DIRECTION('',(1.452728047475E-10,7.071082802383E-1,7.071052821317E-1));
#1644=VECTOR('',#1643,2.828427124594E-2);
#1645=CARTESIAN_POINT('',(-2.204999999943E-1,-1.599999409279E-1,
2.714999409248E-1));
#1646=LINE('',#1645,#1644);
#1647=DIRECTION('',(7.445015364913E-10,7.071082802383E-1,-7.071052821317E-1));
#1648=VECTOR('',#1647,2.828427121055E-2);
#1649=CARTESIAN_POINT('',(-2.204999999707E-1,-1.599999409628E-1,
2.405000591101E-1));
#1650=LINE('',#1649,#1648);
#1651=CARTESIAN_POINT('',(7.205E-1,-1.399996172936E-1,2.56E-1));
#1652=DIRECTION('',(0.E0,-1.E0,0.E0));
#1653=DIRECTION('',(0.E0,0.E0,1.E0));
#1654=AXIS2_PLACEMENT_3D('',#1651,#1652,#1653);
#1656=DIRECTION('',(-3.149794922875E-10,-9.999999999998E-1,-6.345994123661E-7));
#1657=VECTOR('',#1656,1.599998985893E-1);
#1658=CARTESIAN_POINT('',(7.205E-1,2.E-2,2.915E-1));
#1659=LINE('',#1658,#1657);
#1660=DIRECTION('',(-7.445025177991E-10,7.071082802383E-1,7.071052821317E-1));
#1661=VECTOR('',#1660,2.828427121055E-2);
#1662=CARTESIAN_POINT('',(7.204999999707E-1,-1.599999409628E-1,
2.714999408899E-1));
#1663=LINE('',#1662,#1661);
#1664=CARTESIAN_POINT('',(7.205E-1,-1.599999060079E-1,2.56E-1));
#1665=DIRECTION('',(0.E0,-1.E0,0.E0));
#1666=DIRECTION('',(0.E0,0.E0,1.E0));
#1667=AXIS2_PLACEMENT_3D('',#1664,#1665,#1666);
#1669=DIRECTION('',(-1.E0,-5.908903306639E-10,-5.908776289598E-10));
#1670=VECTOR('',#1669,5.900000003506E-2);
#1671=CARTESIAN_POINT('',(7.795000000057E-1,-1.599999409279E-1,
2.714999409248E-1));
#1672=LINE('',#1671,#1670);
#1673=CARTESIAN_POINT('',(7.795E-1,-1.599999060079E-1,2.56E-1));
#1674=DIRECTION('',(0.E0,-1.E0,0.E0));
#1675=DIRECTION('',(1.432569909820E-14,0.E0,-1.E0));
#1676=AXIS2_PLACEMENT_3D('',#1673,#1674,#1675);
#1678=DIRECTION('',(1.E0,-5.908908010974E-10,5.908762176594E-10));
#1679=VECTOR('',#1678,5.900000003506E-2);
#1680=CARTESIAN_POINT('',(7.204999999943E-1,-1.599999409279E-1,
2.405000590752E-1));
#1681=LINE('',#1680,#1679);
#1682=DIRECTION('',(1.452728047475E-10,7.071082802383E-1,7.071052821317E-1));
#1683=VECTOR('',#1682,2.828427124594E-2);
#1684=CARTESIAN_POINT('',(7.795000000057E-1,-1.599999409279E-1,
2.714999409248E-1));
#1685=LINE('',#1684,#1683);
#1686=DIRECTION('',(-1.E0,-1.014997407120E-9,-1.014974355879E-9));
#1687=VECTOR('',#1686,5.900000006023E-2);
#1688=CARTESIAN_POINT('',(7.795000000098E-1,-1.399998985294E-1,
2.914998985240E-1));
#1689=LINE('',#1688,#1687);
#1690=DIRECTION('',(6.146198562188E-11,-9.999999999998E-1,-6.342251405721E-7));
#1691=VECTOR('',#1690,1.599998985294E-1);
#1692=CARTESIAN_POINT('',(7.795E-1,2.E-2,2.915E-1));
#1693=LINE('',#1692,#1691);
#1694=CARTESIAN_POINT('',(7.795E-1,-1.399996172936E-1,2.56E-1));
#1695=DIRECTION('',(0.E0,-1.E0,0.E0));
#1696=DIRECTION('',(0.E0,0.E0,-1.E0));
#1697=AXIS2_PLACEMENT_3D('',#1694,#1695,#1696);
#1699=DIRECTION('',(3.149781045078E-10,-9.999999999998E-1,6.345994123661E-7));
#1700=VECTOR('',#1699,1.599998985893E-1);
#1701=CARTESIAN_POINT('',(7.795E-1,2.E-2,2.205E-1));
#1702=LINE('',#1701,#1700);
#1703=DIRECTION('',(7.445025177991E-10,7.071082802383E-1,-7.071052821317E-1));
#1704=VECTOR('',#1703,2.828427121055E-2);
#1705=CARTESIAN_POINT('',(7.795000000293E-1,-1.599999409628E-1,
2.405000591101E-1));
#1706=LINE('',#1705,#1704);
#1707=DIRECTION('',(-1.452688795164E-10,7.071082802383E-1,-7.071052821317E-1));
#1708=VECTOR('',#1707,2.828427124594E-2);
#1709=CARTESIAN_POINT('',(7.204999999943E-1,-1.599999409279E-1,
2.405000590752E-1));
#1710=LINE('',#1709,#1708);
#1711=DIRECTION('',(1.E0,-1.014996936686E-9,1.014973885445E-9));
#1712=VECTOR('',#1711,5.900000006023E-2);
#1713=CARTESIAN_POINT('',(7.204999999902E-1,-1.399998985294E-1,
2.205001014760E-1));
#1714=LINE('',#1713,#1712);
#1715=DIRECTION('',(-6.146059784222E-11,-9.999999999998E-1,6.342251407456E-7));
#1716=VECTOR('',#1715,1.599998985294E-1);
#1717=CARTESIAN_POINT('',(7.205E-1,2.E-2,2.205E-1));
#1718=LINE('',#1717,#1716);
#1719=CARTESIAN_POINT('',(-1.05E0,0.E0,4.76E-1));
#1720=CARTESIAN_POINT('',(-1.05E0,0.E0,-3.74E-1));
#1721=VERTEX_POINT('',#1719);
#1722=VERTEX_POINT('',#1720);
#1723=CARTESIAN_POINT('',(-1.05E0,8.9E-1,-3.74E-1));
#1724=VERTEX_POINT('',#1723);
#1725=CARTESIAN_POINT('',(-1.05E0,8.9E-1,3.56E-1));
#1726=VERTEX_POINT('',#1725);
#1727=CARTESIAN_POINT('',(-1.05E0,7.7E-1,4.76E-1));
#1728=VERTEX_POINT('',#1727);
#1729=CARTESIAN_POINT('',(1.05E0,0.E0,4.76E-1));
#1730=CARTESIAN_POINT('',(1.05E0,0.E0,-3.74E-1));
#1731=VERTEX_POINT('',#1729);
#1732=VERTEX_POINT('',#1730);
#1733=CARTESIAN_POINT('',(1.05E0,8.9E-1,-3.74E-1));
#1734=VERTEX_POINT('',#1733);
#1735=CARTESIAN_POINT('',(1.05E0,8.9E-1,3.56E-1));
#1736=VERTEX_POINT('',#1735);
#1737=CARTESIAN_POINT('',(1.05E0,7.7E-1,4.76E-1));
#1738=VERTEX_POINT('',#1737);
#1739=CARTESIAN_POINT('',(9.51E-1,3.19E-1,3.96E-1));
#1740=CARTESIAN_POINT('',(9.51E-1,3.19E-1,-2.94E-1));
#1741=VERTEX_POINT('',#1739);
#1742=VERTEX_POINT('',#1740);
#1743=CARTESIAN_POINT('',(5.49E-1,3.19E-1,3.96E-1));
#1744=CARTESIAN_POINT('',(5.49E-1,3.19E-1,-2.94E-1));
#1745=VERTEX_POINT('',#1743);
#1746=VERTEX_POINT('',#1744);
#1747=CARTESIAN_POINT('',(9.51E-1,0.E0,3.96E-1));
#1748=CARTESIAN_POINT('',(9.51E-1,0.E0,4.76E-1));
#1749=VERTEX_POINT('',#1747);
#1750=VERTEX_POINT('',#1748);
#1751=CARTESIAN_POINT('',(9.5E-1,0.E0,3.96E-1));
#1752=VERTEX_POINT('',#1751);
#1753=CARTESIAN_POINT('',(9.51E-1,8.9E-1,-2.94E-1));
#1754=CARTESIAN_POINT('',(9.51E-1,8.9E-1,3.56E-1));
#1755=VERTEX_POINT('',#1753);
#1756=VERTEX_POINT('',#1754);
#1757=CARTESIAN_POINT('',(5.49E-1,8.9E-1,-2.94E-1));
#1758=CARTESIAN_POINT('',(5.49E-1,8.9E-1,3.56E-1));
#1759=VERTEX_POINT('',#1757);
#1760=VERTEX_POINT('',#1758);
#1761=CARTESIAN_POINT('',(9.51E-1,7.7E-1,4.76E-1));
#1762=VERTEX_POINT('',#1761);
#1763=CARTESIAN_POINT('',(5.49E-1,2.E-2,4.76E-1));
#1764=CARTESIAN_POINT('',(5.49E-1,7.7E-1,4.76E-1));
#1765=VERTEX_POINT('',#1763);
#1766=VERTEX_POINT('',#1764);
#1767=CARTESIAN_POINT('',(5.49E-1,2.E-2,3.96E-1));
#1768=VERTEX_POINT('',#1767);
#1769=CARTESIAN_POINT('',(7.5E-1,4.81E-1,-1.5E-1));
#1770=CARTESIAN_POINT('',(7.5E-1,5.31E-1,-1.E-1));
#1771=VERTEX_POINT('',#1769);
#1772=VERTEX_POINT('',#1770);
#1773=CARTESIAN_POINT('',(7.5E-1,4.81E-1,1.5E-1));
#1774=CARTESIAN_POINT('',(7.5E-1,5.31E-1,1.E-1));
#1775=VERTEX_POINT('',#1773);
#1776=VERTEX_POINT('',#1774);
#1777=CARTESIAN_POINT('',(8.468245836552E-1,5.31E-1,-2.5E-2));
#1778=VERTEX_POINT('',#1777);
#1779=CARTESIAN_POINT('',(6.531754163448E-1,5.31E-1,-2.5E-2));
#1780=VERTEX_POINT('',#1779);
#1781=CARTESIAN_POINT('',(7.25E-1,4.51E-1,-9.E-2));
#1782=CARTESIAN_POINT('',(7.25E-1,4.51E-1,-4.E-2));
#1783=VERTEX_POINT('',#1781);
#1784=VERTEX_POINT('',#1782);
#1785=CARTESIAN_POINT('',(7.1E-1,4.51E-1,-2.5E-2));
#1786=VERTEX_POINT('',#1785);
#1787=CARTESIAN_POINT('',(6.6E-1,4.51E-1,-2.5E-2));
#1788=VERTEX_POINT('',#1787);
#1789=CARTESIAN_POINT('',(6.6E-1,4.51E-1,2.5E-2));
#1790=VERTEX_POINT('',#1789);
#1791=CARTESIAN_POINT('',(7.1E-1,4.51E-1,2.5E-2));
#1792=VERTEX_POINT('',#1791);
#1793=CARTESIAN_POINT('',(7.25E-1,4.51E-1,4.E-2));
#1794=VERTEX_POINT('',#1793);
#1795=CARTESIAN_POINT('',(7.25E-1,4.51E-1,9.E-2));
#1796=VERTEX_POINT('',#1795);
#1797=CARTESIAN_POINT('',(7.75E-1,4.51E-1,9.E-2));
#1798=VERTEX_POINT('',#1797);
#1799=CARTESIAN_POINT('',(7.75E-1,4.51E-1,4.E-2));
#1800=VERTEX_POINT('',#1799);
#1801=CARTESIAN_POINT('',(7.9E-1,4.51E-1,2.5E-2));
#1802=VERTEX_POINT('',#1801);
#1803=CARTESIAN_POINT('',(8.4E-1,4.51E-1,2.5E-2));
#1804=VERTEX_POINT('',#1803);
#1805=CARTESIAN_POINT('',(8.4E-1,4.51E-1,-2.5E-2));
#1806=VERTEX_POINT('',#1805);
#1807=CARTESIAN_POINT('',(7.9E-1,4.51E-1,-2.5E-2));
#1808=VERTEX_POINT('',#1807);
#1809=CARTESIAN_POINT('',(7.75E-1,4.51E-1,-4.E-2));
#1810=VERTEX_POINT('',#1809);
#1811=CARTESIAN_POINT('',(7.75E-1,4.51E-1,-9.E-2));
#1812=VERTEX_POINT('',#1811);
#1813=CARTESIAN_POINT('',(7.1E-1,5.31E-1,-2.5E-2));
#1814=CARTESIAN_POINT('',(7.25E-1,5.31E-1,-4.E-2));
#1815=VERTEX_POINT('',#1813);
#1816=VERTEX_POINT('',#1814);
#1817=CARTESIAN_POINT('',(7.25E-1,5.31E-1,4.E-2));
#1818=CARTESIAN_POINT('',(7.1E-1,5.31E-1,2.5E-2));
#1819=VERTEX_POINT('',#1817);
#1820=VERTEX_POINT('',#1818);
#1821=CARTESIAN_POINT('',(7.9E-1,5.31E-1,2.5E-2));
#1822=CARTESIAN_POINT('',(7.75E-1,5.31E-1,4.E-2));
#1823=VERTEX_POINT('',#1821);
#1824=VERTEX_POINT('',#1822);
#1825=CARTESIAN_POINT('',(7.75E-1,5.31E-1,-4.E-2));
#1826=CARTESIAN_POINT('',(7.9E-1,5.31E-1,-2.5E-2));
#1827=VERTEX_POINT('',#1825);
#1828=VERTEX_POINT('',#1826);
#1829=CARTESIAN_POINT('',(6.6E-1,4.84E-1,-2.5E-2));
#1830=VERTEX_POINT('',#1829);
#1831=CARTESIAN_POINT('',(6.6E-1,4.84E-1,2.5E-2));
#1832=VERTEX_POINT('',#1831);
#1833=CARTESIAN_POINT('',(8.4E-1,4.84E-1,2.5E-2));
#1834=VERTEX_POINT('',#1833);
#1835=CARTESIAN_POINT('',(8.4E-1,4.84E-1,-2.5E-2));
#1836=VERTEX_POINT('',#1835);
#1837=CARTESIAN_POINT('',(7.25E-1,5.31E-1,-9.E-2));
#1838=VERTEX_POINT('',#1837);
#1839=CARTESIAN_POINT('',(7.25E-1,5.31E-1,9.E-2));
#1840=VERTEX_POINT('',#1839);
#1841=CARTESIAN_POINT('',(7.75E-1,5.31E-1,9.E-2));
#1842=VERTEX_POINT('',#1841);
#1843=CARTESIAN_POINT('',(7.75E-1,5.31E-1,-9.E-2));
#1844=VERTEX_POINT('',#1843);
#1845=CARTESIAN_POINT('',(-9.5E-1,2.E-2,-3.74E-1));
#1846=CARTESIAN_POINT('',(9.5E-1,2.E-2,-3.74E-1));
#1847=VERTEX_POINT('',#1845);
#1848=VERTEX_POINT('',#1846);
#1849=CARTESIAN_POINT('',(-9.5E-1,0.E0,-3.74E-1));
#1850=VERTEX_POINT('',#1849);
#1851=CARTESIAN_POINT('',(9.5E-1,0.E0,-3.74E-1));
#1852=VERTEX_POINT('',#1851);
#1853=CARTESIAN_POINT('',(-7.795E-1,2.E-2,-2.205E-1));
#1854=CARTESIAN_POINT('',(-7.795E-1,2.E-2,-2.915E-1));
#1855=VERTEX_POINT('',#1853);
#1856=VERTEX_POINT('',#1854);
#1857=CARTESIAN_POINT('',(-7.205E-1,2.E-2,-2.915E-1));
#1858=VERTEX_POINT('',#1857);
#1859=CARTESIAN_POINT('',(-7.205E-1,2.E-2,-2.205E-1));
#1860=VERTEX_POINT('',#1859);
#1861=CARTESIAN_POINT('',(-7.795000000504E-1,-1.399998985893E-1,
-2.205001015358E-1));
#1862=VERTEX_POINT('',#1861);
#1863=CARTESIAN_POINT('',(-7.795000000098E-1,-1.399998985294E-1,
-2.914998985240E-1));
#1864=VERTEX_POINT('',#1863);
#1865=CARTESIAN_POINT('',(-7.204999999496E-1,-1.399998985893E-1,
-2.914998984642E-1));
#1866=VERTEX_POINT('',#1865);
#1867=CARTESIAN_POINT('',(-7.204999999902E-1,-1.399998985294E-1,
-2.205001014760E-1));
#1868=VERTEX_POINT('',#1867);
#1869=CARTESIAN_POINT('',(-2.795E-1,2.E-2,2.915E-1));
#1870=CARTESIAN_POINT('',(-2.795E-1,2.E-2,2.205E-1));
#1871=VERTEX_POINT('',#1869);
#1872=VERTEX_POINT('',#1870);
#1873=CARTESIAN_POINT('',(-2.205E-1,2.E-2,2.205E-1));
#1874=VERTEX_POINT('',#1873);
#1875=CARTESIAN_POINT('',(-2.205E-1,2.E-2,2.915E-1));
#1876=VERTEX_POINT('',#1875);
#1877=CARTESIAN_POINT('',(-2.795000000504E-1,-1.399998985893E-1,
2.914998984642E-1));
#1878=VERTEX_POINT('',#1877);
#1879=CARTESIAN_POINT('',(-2.795000000098E-1,-1.399998985294E-1,
2.205001014760E-1));
#1880=VERTEX_POINT('',#1879);
#1881=CARTESIAN_POINT('',(-2.204999999496E-1,-1.399998985893E-1,
2.205001015358E-1));
#1882=VERTEX_POINT('',#1881);
#1883=CARTESIAN_POINT('',(-2.204999999902E-1,-1.399998985294E-1,
2.914998985240E-1));
#1884=VERTEX_POINT('',#1883);
#1885=CARTESIAN_POINT('',(9.5E-1,2.E-2,3.96E-1));
#1886=VERTEX_POINT('',#1885);
#1887=CARTESIAN_POINT('',(5.63E-1,4.29E-1,-1.87E-1));
#1888=CARTESIAN_POINT('',(5.63E-1,4.29E-1,1.87E-1));
#1889=VERTEX_POINT('',#1887);
#1890=VERTEX_POINT('',#1888);
#1891=CARTESIAN_POINT('',(9.37E-1,4.29E-1,-1.87E-1));
#1892=CARTESIAN_POINT('',(9.37E-1,4.29E-1,1.87E-1));
#1893=VERTEX_POINT('',#1891);
#1894=VERTEX_POINT('',#1892);
#1895=CARTESIAN_POINT('',(5.63E-1,3.19E-1,1.87E-1));
#1896=CARTESIAN_POINT('',(5.63E-1,3.19E-1,-1.87E-1));
#1897=VERTEX_POINT('',#1895);
#1898=VERTEX_POINT('',#1896);
#1899=CARTESIAN_POINT('',(9.37E-1,3.19E-1,1.87E-1));
#1900=CARTESIAN_POINT('',(9.37E-1,3.19E-1,-1.87E-1));
#1901=VERTEX_POINT('',#1899);
#1902=VERTEX_POINT('',#1900);
#1903=CARTESIAN_POINT('',(7.5E-1,4.29E-1,-1.5E-1));
#1904=CARTESIAN_POINT('',(7.5E-1,4.29E-1,1.5E-1));
#1905=VERTEX_POINT('',#1903);
#1906=VERTEX_POINT('',#1904);
#1907=CARTESIAN_POINT('',(6.531754163448E-1,5.31E-1,2.5E-2));
#1908=VERTEX_POINT('',#1907);
#1909=CARTESIAN_POINT('',(8.468245836552E-1,5.31E-1,2.5E-2));
#1910=VERTEX_POINT('',#1909);
#1911=VERTEX_POINT('',#1030);
#1912=CARTESIAN_POINT('',(8.978106348365E-1,4.84E-1,-2.5E-2));
#1913=VERTEX_POINT('',#1912);
#1914=VERTEX_POINT('',#772);
#1915=CARTESIAN_POINT('',(6.021893651635E-1,4.84E-1,-2.5E-2));
#1916=VERTEX_POINT('',#1915);
#1917=CARTESIAN_POINT('',(-7.795E-1,-1.599999060079E-1,-2.405002604478E-1));
#1918=CARTESIAN_POINT('',(-7.795E-1,-1.599999060079E-1,-2.714997395522E-1));
#1919=VERTEX_POINT('',#1917);
#1920=VERTEX_POINT('',#1918);
#1921=CARTESIAN_POINT('',(-7.204999999707E-1,-1.599999409628E-1,
-2.714999408899E-1));
#1922=VERTEX_POINT('',#1921);
#1923=CARTESIAN_POINT('',(-7.205E-1,-1.599999060079E-1,-2.405002604478E-1));
#1924=VERTEX_POINT('',#1923);
#1925=CARTESIAN_POINT('',(-2.795E-1,-1.599999060079E-1,2.714997395522E-1));
#1926=CARTESIAN_POINT('',(-2.795E-1,-1.599999060079E-1,2.405002604478E-1));
#1927=VERTEX_POINT('',#1925);
#1928=VERTEX_POINT('',#1926);
#1929=CARTESIAN_POINT('',(-2.204999999707E-1,-1.599999409628E-1,
2.405000591101E-1));
#1930=VERTEX_POINT('',#1929);
#1931=CARTESIAN_POINT('',(-2.205E-1,-1.599999060079E-1,2.714997395522E-1));
#1932=VERTEX_POINT('',#1931);
#1933=CARTESIAN_POINT('',(4.51E-1,3.19E-1,-2.94E-1));
#1934=CARTESIAN_POINT('',(4.51E-1,3.19E-1,3.96E-1));
#1935=VERTEX_POINT('',#1933);
#1936=VERTEX_POINT('',#1934);
#1937=CARTESIAN_POINT('',(4.9E-2,3.19E-1,-2.94E-1));
#1938=CARTESIAN_POINT('',(4.9E-2,3.19E-1,3.96E-1));
#1939=VERTEX_POINT('',#1937);
#1940=VERTEX_POINT('',#1938);
#1941=CARTESIAN_POINT('',(4.51E-1,8.9E-1,3.56E-1));
#1942=CARTESIAN_POINT('',(4.51E-1,8.9E-1,-2.94E-1));
#1943=VERTEX_POINT('',#1941);
#1944=VERTEX_POINT('',#1942);
#1945=CARTESIAN_POINT('',(4.9E-2,8.9E-1,3.56E-1));
#1946=CARTESIAN_POINT('',(4.9E-2,8.9E-1,-2.94E-1));
#1947=VERTEX_POINT('',#1945);
#1948=VERTEX_POINT('',#1946);
#1949=CARTESIAN_POINT('',(4.51E-1,7.7E-1,4.76E-1));
#1950=CARTESIAN_POINT('',(4.51E-1,2.E-2,4.76E-1));
#1951=VERTEX_POINT('',#1949);
#1952=VERTEX_POINT('',#1950);
#1953=CARTESIAN_POINT('',(4.9E-2,7.7E-1,4.76E-1));
#1954=CARTESIAN_POINT('',(4.9E-2,2.E-2,4.76E-1));
#1955=VERTEX_POINT('',#1953);
#1956=VERTEX_POINT('',#1954);
#1957=CARTESIAN_POINT('',(4.51E-1,2.E-2,3.96E-1));
#1958=VERTEX_POINT('',#1957);
#1959=CARTESIAN_POINT('',(4.9E-2,2.E-2,3.96E-1));
#1960=VERTEX_POINT('',#1959);
#1961=CARTESIAN_POINT('',(-4.9E-2,3.19E-1,-2.94E-1));
#1962=CARTESIAN_POINT('',(-4.9E-2,3.19E-1,3.96E-1));
#1963=VERTEX_POINT('',#1961);
#1964=VERTEX_POINT('',#1962);
#1965=CARTESIAN_POINT('',(-4.51E-1,3.19E-1,-2.94E-1));
#1966=CARTESIAN_POINT('',(-4.51E-1,3.19E-1,3.96E-1));
#1967=VERTEX_POINT('',#1965);
#1968=VERTEX_POINT('',#1966);
#1969=CARTESIAN_POINT('',(-4.9E-2,8.9E-1,3.56E-1));
#1970=CARTESIAN_POINT('',(-4.9E-2,8.9E-1,-2.94E-1));
#1971=VERTEX_POINT('',#1969);
#1972=VERTEX_POINT('',#1970);
#1973=CARTESIAN_POINT('',(-4.51E-1,8.9E-1,3.56E-1));
#1974=CARTESIAN_POINT('',(-4.51E-1,8.9E-1,-2.94E-1));
#1975=VERTEX_POINT('',#1973);
#1976=VERTEX_POINT('',#1974);
#1977=CARTESIAN_POINT('',(-4.9E-2,7.7E-1,4.76E-1));
#1978=CARTESIAN_POINT('',(-4.9E-2,2.E-2,4.76E-1));
#1979=VERTEX_POINT('',#1977);
#1980=VERTEX_POINT('',#1978);
#1981=CARTESIAN_POINT('',(-4.51E-1,7.7E-1,4.76E-1));
#1982=CARTESIAN_POINT('',(-4.51E-1,2.E-2,4.76E-1));
#1983=VERTEX_POINT('',#1981);
#1984=VERTEX_POINT('',#1982);
#1985=CARTESIAN_POINT('',(-4.9E-2,2.E-2,3.96E-1));
#1986=VERTEX_POINT('',#1985);
#1987=CARTESIAN_POINT('',(-4.51E-1,2.E-2,3.96E-1));
#1988=VERTEX_POINT('',#1987);
#1989=CARTESIAN_POINT('',(-5.49E-1,3.19E-1,-2.94E-1));
#1990=CARTESIAN_POINT('',(-5.49E-1,3.19E-1,3.96E-1));
#1991=VERTEX_POINT('',#1989);
#1992=VERTEX_POINT('',#1990);
#1993=CARTESIAN_POINT('',(-9.51E-1,3.19E-1,-2.94E-1));
#1994=CARTESIAN_POINT('',(-9.51E-1,3.19E-1,3.96E-1));
#1995=VERTEX_POINT('',#1993);
#1996=VERTEX_POINT('',#1994);
#1997=CARTESIAN_POINT('',(-5.49E-1,8.9E-1,3.56E-1));
#1998=CARTESIAN_POINT('',(-5.49E-1,8.9E-1,-2.94E-1));
#1999=VERTEX_POINT('',#1997);
#2000=VERTEX_POINT('',#1998);
#2001=CARTESIAN_POINT('',(-9.51E-1,8.9E-1,3.56E-1));
#2002=CARTESIAN_POINT('',(-9.51E-1,8.9E-1,-2.94E-1));
#2003=VERTEX_POINT('',#2001);
#2004=VERTEX_POINT('',#2002);
#2005=CARTESIAN_POINT('',(-5.49E-1,7.7E-1,4.76E-1));
#2006=CARTESIAN_POINT('',(-5.49E-1,2.E-2,4.76E-1));
#2007=VERTEX_POINT('',#2005);
#2008=VERTEX_POINT('',#2006);
#2009=CARTESIAN_POINT('',(-9.51E-1,7.7E-1,4.76E-1));
#2010=CARTESIAN_POINT('',(-9.51E-1,0.E0,4.76E-1));
#2011=VERTEX_POINT('',#2009);
#2012=VERTEX_POINT('',#2010);
#2013=CARTESIAN_POINT('',(-5.49E-1,2.E-2,3.96E-1));
#2014=VERTEX_POINT('',#2013);
#2015=CARTESIAN_POINT('',(-9.5E-1,2.E-2,3.96E-1));
#2016=VERTEX_POINT('',#2015);
#2017=CARTESIAN_POINT('',(-9.51E-1,0.E0,3.96E-1));
#2018=VERTEX_POINT('',#2017);
#2019=CARTESIAN_POINT('',(6.3E-2,4.29E-1,-1.87E-1));
#2020=CARTESIAN_POINT('',(6.3E-2,4.29E-1,1.87E-1));
#2021=VERTEX_POINT('',#2019);
#2022=VERTEX_POINT('',#2020);
#2023=CARTESIAN_POINT('',(4.37E-1,4.29E-1,-1.87E-1));
#2024=CARTESIAN_POINT('',(4.37E-1,4.29E-1,1.87E-1));
#2025=VERTEX_POINT('',#2023);
#2026=VERTEX_POINT('',#2024);
#2027=CARTESIAN_POINT('',(6.3E-2,3.19E-1,1.87E-1));
#2028=CARTESIAN_POINT('',(6.3E-2,3.19E-1,-1.87E-1));
#2029=VERTEX_POINT('',#2027);
#2030=VERTEX_POINT('',#2028);
#2031=CARTESIAN_POINT('',(4.37E-1,3.19E-1,1.87E-1));
#2032=CARTESIAN_POINT('',(4.37E-1,3.19E-1,-1.87E-1));
#2033=VERTEX_POINT('',#2031);
#2034=VERTEX_POINT('',#2032);
#2035=CARTESIAN_POINT('',(-4.37E-1,4.29E-1,-1.87E-1));
#2036=CARTESIAN_POINT('',(-4.37E-1,4.29E-1,1.87E-1));
#2037=VERTEX_POINT('',#2035);
#2038=VERTEX_POINT('',#2036);
#2039=CARTESIAN_POINT('',(-6.3E-2,4.29E-1,-1.87E-1));
#2040=CARTESIAN_POINT('',(-6.3E-2,4.29E-1,1.87E-1));
#2041=VERTEX_POINT('',#2039);
#2042=VERTEX_POINT('',#2040);
#2043=CARTESIAN_POINT('',(-4.37E-1,3.19E-1,1.87E-1));
#2044=CARTESIAN_POINT('',(-4.37E-1,3.19E-1,-1.87E-1));
#2045=VERTEX_POINT('',#2043);
#2046=VERTEX_POINT('',#2044);
#2047=CARTESIAN_POINT('',(-6.3E-2,3.19E-1,1.87E-1));
#2048=CARTESIAN_POINT('',(-6.3E-2,3.19E-1,-1.87E-1));
#2049=VERTEX_POINT('',#2047);
#2050=VERTEX_POINT('',#2048);
#2051=CARTESIAN_POINT('',(-9.37E-1,4.29E-1,-1.87E-1));
#2052=CARTESIAN_POINT('',(-9.37E-1,4.29E-1,1.87E-1));
#2053=VERTEX_POINT('',#2051);
#2054=VERTEX_POINT('',#2052);
#2055=CARTESIAN_POINT('',(-5.63E-1,4.29E-1,-1.87E-1));
#2056=CARTESIAN_POINT('',(-5.63E-1,4.29E-1,1.87E-1));
#2057=VERTEX_POINT('',#2055);
#2058=VERTEX_POINT('',#2056);
#2059=CARTESIAN_POINT('',(-9.37E-1,3.19E-1,1.87E-1));
#2060=CARTESIAN_POINT('',(-9.37E-1,3.19E-1,-1.87E-1));
#2061=VERTEX_POINT('',#2059);
#2062=VERTEX_POINT('',#2060);
#2063=CARTESIAN_POINT('',(-5.63E-1,3.19E-1,1.87E-1));
#2064=CARTESIAN_POINT('',(-5.63E-1,3.19E-1,-1.87E-1));
#2065=VERTEX_POINT('',#2063);
#2066=VERTEX_POINT('',#2064);
#2067=CARTESIAN_POINT('',(2.5E-1,4.81E-1,-1.5E-1));
#2068=CARTESIAN_POINT('',(2.5E-1,5.31E-1,-1.E-1));
#2069=VERTEX_POINT('',#2067);
#2070=VERTEX_POINT('',#2068);
#2071=CARTESIAN_POINT('',(2.5E-1,4.81E-1,1.5E-1));
#2072=CARTESIAN_POINT('',(2.5E-1,5.31E-1,1.E-1));
#2073=VERTEX_POINT('',#2071);
#2074=VERTEX_POINT('',#2072);
#2075=CARTESIAN_POINT('',(2.5E-1,4.29E-1,-1.5E-1));
#2076=CARTESIAN_POINT('',(2.5E-1,4.29E-1,1.5E-1));
#2077=VERTEX_POINT('',#2075);
#2078=VERTEX_POINT('',#2076);
#2079=CARTESIAN_POINT('',(-2.5E-1,4.81E-1,-1.5E-1));
#2080=CARTESIAN_POINT('',(-2.5E-1,5.31E-1,-1.E-1));
#2081=VERTEX_POINT('',#2079);
#2082=VERTEX_POINT('',#2080);
#2083=CARTESIAN_POINT('',(-2.5E-1,4.81E-1,1.5E-1));
#2084=CARTESIAN_POINT('',(-2.5E-1,5.31E-1,1.E-1));
#2085=VERTEX_POINT('',#2083);
#2086=VERTEX_POINT('',#2084);
#2087=CARTESIAN_POINT('',(-2.5E-1,4.29E-1,-1.5E-1));
#2088=CARTESIAN_POINT('',(-2.5E-1,4.29E-1,1.5E-1));
#2089=VERTEX_POINT('',#2087);
#2090=VERTEX_POINT('',#2088);
#2091=CARTESIAN_POINT('',(-7.5E-1,4.81E-1,-1.5E-1));
#2092=CARTESIAN_POINT('',(-7.5E-1,5.31E-1,-1.E-1));
#2093=VERTEX_POINT('',#2091);
#2094=VERTEX_POINT('',#2092);
#2095=CARTESIAN_POINT('',(-7.5E-1,4.81E-1,1.5E-1));
#2096=CARTESIAN_POINT('',(-7.5E-1,5.31E-1,1.E-1));
#2097=VERTEX_POINT('',#2095);
#2098=VERTEX_POINT('',#2096);
#2099=CARTESIAN_POINT('',(-7.5E-1,4.29E-1,-1.5E-1));
#2100=CARTESIAN_POINT('',(-7.5E-1,4.29E-1,1.5E-1));
#2101=VERTEX_POINT('',#2099);
#2102=VERTEX_POINT('',#2100);
#2103=VERTEX_POINT('',#593);
#2104=VERTEX_POINT('',#603);
#2105=CARTESIAN_POINT('',(3.978106348365E-1,4.84E-1,-2.5E-2));
#2106=VERTEX_POINT('',#2105);
#2107=VERTEX_POINT('',#610);
#2108=CARTESIAN_POINT('',(1.531754163448E-1,5.31E-1,2.5E-2));
#2109=VERTEX_POINT('',#2108);
#2110=CARTESIAN_POINT('',(1.531754163448E-1,5.31E-1,-2.5E-2));
#2111=VERTEX_POINT('',#2110);
#2112=VERTEX_POINT('',#559);
#2113=CARTESIAN_POINT('',(1.021893651635E-1,4.84E-1,-2.5E-2));
#2114=VERTEX_POINT('',#2113);
#2115=VERTEX_POINT('',#1201);
#2116=VERTEX_POINT('',#1211);
#2117=CARTESIAN_POINT('',(-1.021893651635E-1,4.84E-1,-2.5E-2));
#2118=VERTEX_POINT('',#2117);
#2119=VERTEX_POINT('',#1218);
#2120=CARTESIAN_POINT('',(-3.468245836552E-1,5.31E-1,2.5E-2));
#2121=VERTEX_POINT('',#2120);
#2122=CARTESIAN_POINT('',(-3.468245836552E-1,5.31E-1,-2.5E-2));
#2123=VERTEX_POINT('',#2122);
#2124=VERTEX_POINT('',#1167);
#2125=CARTESIAN_POINT('',(-3.978106348365E-1,4.84E-1,-2.5E-2));
#2126=VERTEX_POINT('',#2125);
#2127=VERTEX_POINT('',#1377);
#2128=VERTEX_POINT('',#1387);
#2129=CARTESIAN_POINT('',(-6.021893651635E-1,4.84E-1,-2.5E-2));
#2130=VERTEX_POINT('',#2129);
#2131=VERTEX_POINT('',#1394);
#2132=CARTESIAN_POINT('',(-8.468245836552E-1,5.31E-1,2.5E-2));
#2133=VERTEX_POINT('',#2132);
#2134=CARTESIAN_POINT('',(-8.468245836552E-1,5.31E-1,-2.5E-2));
#2135=VERTEX_POINT('',#2134);
#2136=VERTEX_POINT('',#1343);
#2137=CARTESIAN_POINT('',(-8.978106348365E-1,4.84E-1,-2.5E-2));
#2138=VERTEX_POINT('',#2137);
#2139=CARTESIAN_POINT('',(2.205E-1,2.E-2,-2.205E-1));
#2140=CARTESIAN_POINT('',(2.205E-1,2.E-2,-2.915E-1));
#2141=VERTEX_POINT('',#2139);
#2142=VERTEX_POINT('',#2140);
#2143=CARTESIAN_POINT('',(2.795E-1,2.E-2,-2.915E-1));
#2144=VERTEX_POINT('',#2143);
#2145=CARTESIAN_POINT('',(2.795E-1,2.E-2,-2.205E-1));
#2146=VERTEX_POINT('',#2145);
#2147=CARTESIAN_POINT('',(2.205E-1,-1.599999060079E-1,-2.405002604478E-1));
#2148=CARTESIAN_POINT('',(2.205E-1,-1.599999060079E-1,-2.714997395522E-1));
#2149=VERTEX_POINT('',#2147);
#2150=VERTEX_POINT('',#2148);
#2151=CARTESIAN_POINT('',(2.205E-1,-1.399996172936E-1,-2.205E-1));
#2152=CARTESIAN_POINT('',(2.205E-1,-1.399996172936E-1,-2.915E-1));
#2153=VERTEX_POINT('',#2151);
#2154=VERTEX_POINT('',#2152);
#2155=CARTESIAN_POINT('',(2.795000000293E-1,-1.599999409628E-1,
-2.714999408899E-1));
#2156=VERTEX_POINT('',#2155);
#2157=CARTESIAN_POINT('',(2.795000000504E-1,-1.399998985893E-1,
-2.914998984642E-1));
#2158=VERTEX_POINT('',#2157);
#2159=CARTESIAN_POINT('',(2.795E-1,-1.599999060079E-1,-2.405002604478E-1));
#2160=VERTEX_POINT('',#2159);
#2161=CARTESIAN_POINT('',(2.795E-1,-1.399996172936E-1,-2.205E-1));
#2162=VERTEX_POINT('',#2161);
#2163=CARTESIAN_POINT('',(7.205E-1,2.E-2,2.915E-1));
#2164=CARTESIAN_POINT('',(7.205E-1,2.E-2,2.205E-1));
#2165=VERTEX_POINT('',#2163);
#2166=VERTEX_POINT('',#2164);
#2167=CARTESIAN_POINT('',(7.795E-1,2.E-2,2.205E-1));
#2168=VERTEX_POINT('',#2167);
#2169=CARTESIAN_POINT('',(7.795E-1,2.E-2,2.915E-1));
#2170=VERTEX_POINT('',#2169);
#2171=CARTESIAN_POINT('',(7.205E-1,-1.599999060079E-1,2.714997395522E-1));
#2172=CARTESIAN_POINT('',(7.205E-1,-1.599999060079E-1,2.405002604478E-1));
#2173=VERTEX_POINT('',#2171);
#2174=VERTEX_POINT('',#2172);
#2175=CARTESIAN_POINT('',(7.205E-1,-1.399996172936E-1,2.915E-1));
#2176=CARTESIAN_POINT('',(7.205E-1,-1.399996172936E-1,2.205E-1));
#2177=VERTEX_POINT('',#2175);
#2178=VERTEX_POINT('',#2176);
#2179=CARTESIAN_POINT('',(7.795000000293E-1,-1.599999409628E-1,
2.405000591101E-1));
#2180=VERTEX_POINT('',#2179);
#2181=CARTESIAN_POINT('',(7.795000000504E-1,-1.399998985893E-1,
2.205001015358E-1));
#2182=VERTEX_POINT('',#2181);
#2183=CARTESIAN_POINT('',(7.795E-1,-1.599999060079E-1,2.714997395522E-1));
#2184=VERTEX_POINT('',#2183);
#2185=CARTESIAN_POINT('',(7.795E-1,-1.399996172936E-1,2.915E-1));
#2186=VERTEX_POINT('',#2185);
#2187=CARTESIAN_POINT('',(-9.5E-1,0.E0,3.96E-1));
#2188=VERTEX_POINT('',#2187);
#2189=CARTESIAN_POINT('',(-1.05E0,0.E0,0.E0));
#2190=DIRECTION('',(1.E0,0.E0,0.E0));
#2191=DIRECTION('',(0.E0,0.E0,-1.E0));
#2192=AXIS2_PLACEMENT_3D('',#2189,#2190,#2191);
#2193=PLANE('',#2192);
#2195=ORIENTED_EDGE('',*,*,#2194,.T.);
#2197=ORIENTED_EDGE('',*,*,#2196,.T.);
#2199=ORIENTED_EDGE('',*,*,#2198,.T.);
#2201=ORIENTED_EDGE('',*,*,#2200,.T.);
#2203=ORIENTED_EDGE('',*,*,#2202,.T.);
#2204=EDGE_LOOP('',(#2195,#2197,#2199,#2201,#2203));
#2205=FACE_OUTER_BOUND('',#2204,.F.);
#2206=ADVANCED_FACE('',(#2205),#2193,.F.);
#2207=CARTESIAN_POINT('',(-1.05E0,0.E0,4.76E-1));
#2208=DIRECTION('',(0.E0,-1.E0,0.E0));
#2209=DIRECTION('',(0.E0,0.E0,-1.E0));
#2210=AXIS2_PLACEMENT_3D('',#2207,#2208,#2209);
#2211=PLANE('',#2210);
#2213=ORIENTED_EDGE('',*,*,#2212,.T.);
#2215=ORIENTED_EDGE('',*,*,#2214,.T.);
#2217=ORIENTED_EDGE('',*,*,#2216,.T.);
#2219=ORIENTED_EDGE('',*,*,#2218,.F.);
#2221=ORIENTED_EDGE('',*,*,#2220,.F.);
#2223=ORIENTED_EDGE('',*,*,#2222,.T.);
#2224=EDGE_LOOP('',(#2213,#2215,#2217,#2219,#2221,#2223));
#2225=FACE_OUTER_BOUND('',#2224,.F.);
#2226=ADVANCED_FACE('',(#2225),#2211,.T.);
#2227=CARTESIAN_POINT('',(-1.05E0,0.E0,4.76E-1));
#2228=DIRECTION('',(0.E0,-1.E0,0.E0));
#2229=DIRECTION('',(0.E0,0.E0,-1.E0));
#2230=AXIS2_PLACEMENT_3D('',#2227,#2228,#2229);
#2231=PLANE('',#2230);
#2233=ORIENTED_EDGE('',*,*,#2232,.T.);
#2235=ORIENTED_EDGE('',*,*,#2234,.F.);
#2237=ORIENTED_EDGE('',*,*,#2236,.T.);
#2239=ORIENTED_EDGE('',*,*,#2238,.F.);
#2240=ORIENTED_EDGE('',*,*,#2194,.F.);
#2242=ORIENTED_EDGE('',*,*,#2241,.T.);
#2243=EDGE_LOOP('',(#2233,#2235,#2237,#2239,#2240,#2242));
#2244=FACE_OUTER_BOUND('',#2243,.F.);
#2245=ADVANCED_FACE('',(#2244),#2231,.T.);
#2246=CARTESIAN_POINT('',(9.51E-1,0.E0,0.E0));
#2247=DIRECTION('',(-1.E0,0.E0,0.E0));
#2248=DIRECTION('',(0.E0,0.E0,1.E0));
#2249=AXIS2_PLACEMENT_3D('',#2246,#2247,#2248);
#2250=PLANE('',#2249);
#2251=ORIENTED_EDGE('',*,*,#2212,.F.);
#2253=ORIENTED_EDGE('',*,*,#2252,.F.);
#2255=ORIENTED_EDGE('',*,*,#2254,.T.);
#2257=ORIENTED_EDGE('',*,*,#2256,.F.);
#2259=ORIENTED_EDGE('',*,*,#2258,.T.);
#2261=ORIENTED_EDGE('',*,*,#2260,.T.);
#2263=ORIENTED_EDGE('',*,*,#2262,.F.);
#2264=EDGE_LOOP('',(#2251,#2253,#2255,#2257,#2259,#2261,#2263));
#2265=FACE_OUTER_BOUND('',#2264,.F.);
#2266=ADVANCED_FACE('',(#2265),#2250,.T.);
#2267=CARTESIAN_POINT('',(9.51E-1,3.19E-1,3.96E-1));
#2268=DIRECTION('',(0.E0,0.E0,-1.E0));
#2269=DIRECTION('',(0.E0,-1.E0,0.E0));
#2270=AXIS2_PLACEMENT_3D('',#2267,#2268,#2269);
#2271=PLANE('',#2270);
#2272=ORIENTED_EDGE('',*,*,#2222,.F.);
#2274=ORIENTED_EDGE('',*,*,#2273,.T.);
#2276=ORIENTED_EDGE('',*,*,#2275,.T.);
#2278=ORIENTED_EDGE('',*,*,#2277,.F.);
#2280=ORIENTED_EDGE('',*,*,#2279,.F.);
#2281=ORIENTED_EDGE('',*,*,#2252,.T.);
#2282=EDGE_LOOP('',(#2272,#2274,#2276,#2278,#2280,#2281));
#2283=FACE_OUTER_BOUND('',#2282,.F.);
#2284=ADVANCED_FACE('',(#2283),#2271,.F.);
#2285=CARTESIAN_POINT('',(9.5E-1,0.E0,4.76E-1));
#2286=DIRECTION('',(1.E0,0.E0,0.E0));
#2287=DIRECTION('',(0.E0,0.E0,-1.E0));
#2288=AXIS2_PLACEMENT_3D('',#2285,#2286,#2287);
#2289=PLANE('',#2288);
#2291=ORIENTED_EDGE('',*,*,#2290,.F.);
#2292=ORIENTED_EDGE('',*,*,#2273,.F.);
#2293=ORIENTED_EDGE('',*,*,#2220,.T.);
#2295=ORIENTED_EDGE('',*,*,#2294,.T.);
#2296=EDGE_LOOP('',(#2291,#2292,#2293,#2295));
#2297=FACE_OUTER_BOUND('',#2296,.F.);
#2298=ADVANCED_FACE('',(#2297),#2289,.F.);
#2299=CARTESIAN_POINT('',(0.E0,2.E-2,0.E0));
#2300=DIRECTION('',(0.E0,1.E0,0.E0));
#2301=DIRECTION('',(1.E0,0.E0,0.E0));
#2302=AXIS2_PLACEMENT_3D('',#2299,#2300,#2301);
#2303=PLANE('',#2302);
#2305=ORIENTED_EDGE('',*,*,#2304,.F.);
#2307=ORIENTED_EDGE('',*,*,#2306,.T.);
#2309=ORIENTED_EDGE('',*,*,#2308,.T.);
#2311=ORIENTED_EDGE('',*,*,#2310,.F.);
#2313=ORIENTED_EDGE('',*,*,#2312,.F.);
#2315=ORIENTED_EDGE('',*,*,#2314,.T.);
#2317=ORIENTED_EDGE('',*,*,#2316,.T.);
#2319=ORIENTED_EDGE('',*,*,#2318,.F.);
#2321=ORIENTED_EDGE('',*,*,#2320,.F.);
#2323=ORIENTED_EDGE('',*,*,#2322,.T.);
#2325=ORIENTED_EDGE('',*,*,#2324,.T.);
#2326=ORIENTED_EDGE('',*,*,#2275,.F.);
#2327=ORIENTED_EDGE('',*,*,#2290,.T.);
#2329=ORIENTED_EDGE('',*,*,#2328,.F.);
#2331=ORIENTED_EDGE('',*,*,#2330,.T.);
#2333=ORIENTED_EDGE('',*,*,#2332,.F.);
#2334=EDGE_LOOP('',(#2305,#2307,#2309,#2311,#2313,#2315,#2317,#2319,#2321,#2323,
#2325,#2326,#2327,#2329,#2331,#2333));
#2335=FACE_OUTER_BOUND('',#2334,.F.);
#2337=ORIENTED_EDGE('',*,*,#2336,.T.);
#2339=ORIENTED_EDGE('',*,*,#2338,.T.);
#2341=ORIENTED_EDGE('',*,*,#2340,.T.);
#2343=ORIENTED_EDGE('',*,*,#2342,.T.);
#2344=EDGE_LOOP('',(#2337,#2339,#2341,#2343));
#2345=FACE_BOUND('',#2344,.F.);
#2347=ORIENTED_EDGE('',*,*,#2346,.T.);
#2349=ORIENTED_EDGE('',*,*,#2348,.T.);
#2351=ORIENTED_EDGE('',*,*,#2350,.T.);
#2353=ORIENTED_EDGE('',*,*,#2352,.T.);
#2354=EDGE_LOOP('',(#2347,#2349,#2351,#2353));
#2355=FACE_BOUND('',#2354,.F.);
#2357=ORIENTED_EDGE('',*,*,#2356,.T.);
#2359=ORIENTED_EDGE('',*,*,#2358,.T.);
#2361=ORIENTED_EDGE('',*,*,#2360,.T.);
#2363=ORIENTED_EDGE('',*,*,#2362,.T.);
#2364=EDGE_LOOP('',(#2357,#2359,#2361,#2363));
#2365=FACE_BOUND('',#2364,.F.);
#2367=ORIENTED_EDGE('',*,*,#2366,.T.);
#2369=ORIENTED_EDGE('',*,*,#2368,.T.);
#2371=ORIENTED_EDGE('',*,*,#2370,.T.);
#2373=ORIENTED_EDGE('',*,*,#2372,.T.);
#2374=EDGE_LOOP('',(#2367,#2369,#2371,#2373));
#2375=FACE_BOUND('',#2374,.F.);
#2376=ADVANCED_FACE('',(#2335,#2345,#2355,#2365,#2375),#2303,.F.);
#2377=CARTESIAN_POINT('',(-5.49E-1,0.E0,0.E0));
#2378=DIRECTION('',(-1.E0,0.E0,0.E0));
#2379=DIRECTION('',(0.E0,0.E0,1.E0));
#2380=AXIS2_PLACEMENT_3D('',#2377,#2378,#2379);
#2381=PLANE('',#2380);
#2383=ORIENTED_EDGE('',*,*,#2382,.F.);
#2385=ORIENTED_EDGE('',*,*,#2384,.T.);
#2387=ORIENTED_EDGE('',*,*,#2386,.T.);
#2388=ORIENTED_EDGE('',*,*,#2304,.T.);
#2390=ORIENTED_EDGE('',*,*,#2389,.F.);
#2392=ORIENTED_EDGE('',*,*,#2391,.F.);
#2394=ORIENTED_EDGE('',*,*,#2393,.F.);
#2395=EDGE_LOOP('',(#2383,#2385,#2387,#2388,#2390,#2392,#2394));
#2396=FACE_OUTER_BOUND('',#2395,.F.);
#2397=ADVANCED_FACE('',(#2396),#2381,.T.);
#2398=CARTESIAN_POINT('',(-1.05E0,8.9E-1,-3.74E-1));
#2399=DIRECTION('',(0.E0,1.E0,0.E0));
#2400=DIRECTION('',(0.E0,0.E0,1.E0));
#2401=AXIS2_PLACEMENT_3D('',#2398,#2399,#2400);
#2402=PLANE('',#2401);
#2403=ORIENTED_EDGE('',*,*,#2382,.T.);
#2405=ORIENTED_EDGE('',*,*,#2404,.T.);
#2407=ORIENTED_EDGE('',*,*,#2406,.F.);
#2409=ORIENTED_EDGE('',*,*,#2408,.F.);
#2410=ORIENTED_EDGE('',*,*,#2198,.F.);
#2412=ORIENTED_EDGE('',*,*,#2411,.T.);
#2414=ORIENTED_EDGE('',*,*,#2413,.T.);
#2416=ORIENTED_EDGE('',*,*,#2415,.F.);
#2417=ORIENTED_EDGE('',*,*,#2258,.F.);
#2419=ORIENTED_EDGE('',*,*,#2418,.F.);
#2421=ORIENTED_EDGE('',*,*,#2420,.T.);
#2423=ORIENTED_EDGE('',*,*,#2422,.F.);
#2425=ORIENTED_EDGE('',*,*,#2424,.T.);
#2427=ORIENTED_EDGE('',*,*,#2426,.T.);
#2429=ORIENTED_EDGE('',*,*,#2428,.F.);
#2431=ORIENTED_EDGE('',*,*,#2430,.F.);
#2433=ORIENTED_EDGE('',*,*,#2432,.T.);
#2435=ORIENTED_EDGE('',*,*,#2434,.T.);
#2437=ORIENTED_EDGE('',*,*,#2436,.F.);
#2439=ORIENTED_EDGE('',*,*,#2438,.F.);
#2440=EDGE_LOOP('',(#2403,#2405,#2407,#2409,#2410,#2412,#2414,#2416,#2417,#2419,
#2421,#2423,#2425,#2427,#2429,#2431,#2433,#2435,#2437,#2439));
#2441=FACE_OUTER_BOUND('',#2440,.F.);
#2442=ADVANCED_FACE('',(#2441),#2402,.T.);
#2443=CARTESIAN_POINT('',(-5.49E-1,8.9E-1,-2.94E-1));
#2444=DIRECTION('',(0.E0,0.E0,-1.E0));
#2445=DIRECTION('',(0.E0,-1.E0,0.E0));
#2446=AXIS2_PLACEMENT_3D('',#2443,#2444,#2445);
#2447=PLANE('',#2446);
#2448=ORIENTED_EDGE('',*,*,#2404,.F.);
#2449=ORIENTED_EDGE('',*,*,#2393,.T.);
#2451=ORIENTED_EDGE('',*,*,#2450,.T.);
#2453=ORIENTED_EDGE('',*,*,#2452,.F.);
#2454=EDGE_LOOP('',(#2448,#2449,#2451,#2453));
#2455=FACE_OUTER_BOUND('',#2454,.F.);
#2456=ADVANCED_FACE('',(#2455),#2447,.F.);
#2457=CARTESIAN_POINT('',(-5.49E-1,3.19E-1,-2.94E-1));
#2458=DIRECTION('',(0.E0,-1.E0,0.E0));
#2459=DIRECTION('',(0.E0,0.E0,1.E0));
#2460=AXIS2_PLACEMENT_3D('',#2457,#2458,#2459);
#2461=PLANE('',#2460);
#2462=ORIENTED_EDGE('',*,*,#2391,.T.);
#2464=ORIENTED_EDGE('',*,*,#2463,.T.);
#2466=ORIENTED_EDGE('',*,*,#2465,.F.);
#2467=ORIENTED_EDGE('',*,*,#2450,.F.);
#2468=EDGE_LOOP('',(#2462,#2464,#2466,#2467));
#2469=FACE_OUTER_BOUND('',#2468,.F.);
#2471=ORIENTED_EDGE('',*,*,#2470,.F.);
#2473=ORIENTED_EDGE('',*,*,#2472,.T.);
#2475=ORIENTED_EDGE('',*,*,#2474,.T.);
#2477=ORIENTED_EDGE('',*,*,#2476,.F.);
#2478=EDGE_LOOP('',(#2471,#2473,#2475,#2477));
#2479=FACE_BOUND('',#2478,.F.);
#2480=ADVANCED_FACE('',(#2469,#2479),#2461,.F.);
#2481=CARTESIAN_POINT('',(-5.49E-1,3.19E-1,3.96E-1));
#2482=DIRECTION('',(0.E0,0.E0,-1.E0));
#2483=DIRECTION('',(0.E0,-1.E0,0.E0));
#2484=AXIS2_PLACEMENT_3D('',#2481,#2482,#2483);
#2485=PLANE('',#2484);
#2486=ORIENTED_EDGE('',*,*,#2332,.T.);
#2488=ORIENTED_EDGE('',*,*,#2487,.F.);
#2489=ORIENTED_EDGE('',*,*,#2234,.T.);
#2491=ORIENTED_EDGE('',*,*,#2490,.F.);
#2492=ORIENTED_EDGE('',*,*,#2463,.F.);
#2493=ORIENTED_EDGE('',*,*,#2389,.T.);
#2494=EDGE_LOOP('',(#2486,#2488,#2489,#2491,#2492,#2493));
#2495=FACE_OUTER_BOUND('',#2494,.F.);
#2496=ADVANCED_FACE('',(#2495),#2485,.F.);
#2497=CARTESIAN_POINT('',(-9.5E-1,0.E0,-3.74E-1));
#2498=DIRECTION('',(-1.E0,0.E0,0.E0));
#2499=DIRECTION('',(0.E0,0.E0,1.E0));
#2500=AXIS2_PLACEMENT_3D('',#2497,#2498,#2499);
#2501=PLANE('',#2500);
#2502=ORIENTED_EDGE('',*,*,#2487,.T.);
#2503=ORIENTED_EDGE('',*,*,#2330,.F.);
#2505=ORIENTED_EDGE('',*,*,#2504,.F.);
#2506=ORIENTED_EDGE('',*,*,#2236,.F.);
#2507=EDGE_LOOP('',(#2502,#2503,#2505,#2506));
#2508=FACE_OUTER_BOUND('',#2507,.F.);
#2509=ADVANCED_FACE('',(#2508),#2501,.F.);
#2510=CARTESIAN_POINT('',(-1.05E0,0.E0,-3.74E-1));
#2511=DIRECTION('',(0.E0,0.E0,-1.E0));
#2512=DIRECTION('',(0.E0,1.E0,0.E0));
#2513=AXIS2_PLACEMENT_3D('',#2510,#2511,#2512);
#2514=PLANE('',#2513);
#2515=ORIENTED_EDGE('',*,*,#2328,.T.);
#2516=ORIENTED_EDGE('',*,*,#2294,.F.);
#2517=ORIENTED_EDGE('',*,*,#2218,.T.);
#2519=ORIENTED_EDGE('',*,*,#2518,.T.);
#2520=ORIENTED_EDGE('',*,*,#2411,.F.);
#2521=ORIENTED_EDGE('',*,*,#2196,.F.);
#2522=ORIENTED_EDGE('',*,*,#2238,.T.);
#2523=ORIENTED_EDGE('',*,*,#2504,.T.);
#2524=EDGE_LOOP('',(#2515,#2516,#2517,#2519,#2520,#2521,#2522,#2523));
#2525=FACE_OUTER_BOUND('',#2524,.F.);
#2526=ADVANCED_FACE('',(#2525),#2514,.T.);
#2527=CARTESIAN_POINT('',(1.05E0,0.E0,0.E0));
#2528=DIRECTION('',(1.E0,0.E0,0.E0));
#2529=DIRECTION('',(0.E0,0.E0,-1.E0));
#2530=AXIS2_PLACEMENT_3D('',#2527,#2528,#2529);
#2531=PLANE('',#2530);
#2532=ORIENTED_EDGE('',*,*,#2216,.F.);
#2534=ORIENTED_EDGE('',*,*,#2533,.F.);
#2536=ORIENTED_EDGE('',*,*,#2535,.F.);
#2537=ORIENTED_EDGE('',*,*,#2413,.F.);
#2538=ORIENTED_EDGE('',*,*,#2518,.F.);
#2539=EDGE_LOOP('',(#2532,#2534,#2536,#2537,#2538));
#2540=FACE_OUTER_BOUND('',#2539,.F.);
#2541=ADVANCED_FACE('',(#2540),#2531,.T.);
#2542=CARTESIAN_POINT('',(-1.05E0,7.7E-1,4.76E-1));
#2543=DIRECTION('',(0.E0,0.E0,1.E0));
#2544=DIRECTION('',(0.E0,-1.E0,0.E0));
#2545=AXIS2_PLACEMENT_3D('',#2542,#2543,#2544);
#2546=PLANE('',#2545);
#2547=ORIENTED_EDGE('',*,*,#2262,.T.);
#2549=ORIENTED_EDGE('',*,*,#2548,.T.);
#2550=ORIENTED_EDGE('',*,*,#2533,.T.);
#2551=ORIENTED_EDGE('',*,*,#2214,.F.);
#2552=EDGE_LOOP('',(#2547,#2549,#2550,#2551));
#2553=FACE_OUTER_BOUND('',#2552,.F.);
#2554=ADVANCED_FACE('',(#2553),#2546,.T.);
#2555=CARTESIAN_POINT('',(-1.05E0,7.7E-1,4.76E-1));
#2556=DIRECTION('',(0.E0,0.E0,1.E0));
#2557=DIRECTION('',(0.E0,-1.E0,0.E0));
#2558=AXIS2_PLACEMENT_3D('',#2555,#2556,#2557);
#2559=PLANE('',#2558);
#2561=ORIENTED_EDGE('',*,*,#2560,.F.);
#2563=ORIENTED_EDGE('',*,*,#2562,.T.);
#2565=ORIENTED_EDGE('',*,*,#2564,.F.);
#2566=ORIENTED_EDGE('',*,*,#2322,.F.);
#2567=EDGE_LOOP('',(#2561,#2563,#2565,#2566));
#2568=FACE_OUTER_BOUND('',#2567,.F.);
#2569=ADVANCED_FACE('',(#2568),#2559,.T.);
#2570=CARTESIAN_POINT('',(-1.05E0,7.7E-1,4.76E-1));
#2571=DIRECTION('',(0.E0,0.E0,1.E0));
#2572=DIRECTION('',(0.E0,-1.E0,0.E0));
#2573=AXIS2_PLACEMENT_3D('',#2570,#2571,#2572);
#2574=PLANE('',#2573);
#2576=ORIENTED_EDGE('',*,*,#2575,.F.);
#2578=ORIENTED_EDGE('',*,*,#2577,.T.);
#2580=ORIENTED_EDGE('',*,*,#2579,.T.);
#2581=ORIENTED_EDGE('',*,*,#2314,.F.);
#2582=EDGE_LOOP('',(#2576,#2578,#2580,#2581));
#2583=FACE_OUTER_BOUND('',#2582,.F.);
#2584=ADVANCED_FACE('',(#2583),#2574,.T.);
#2585=CARTESIAN_POINT('',(-1.05E0,7.7E-1,4.76E-1));
#2586=DIRECTION('',(0.E0,0.E0,1.E0));
#2587=DIRECTION('',(0.E0,-1.E0,0.E0));
#2588=AXIS2_PLACEMENT_3D('',#2585,#2586,#2587);
#2589=PLANE('',#2588);
#2590=ORIENTED_EDGE('',*,*,#2386,.F.);
#2592=ORIENTED_EDGE('',*,*,#2591,.T.);
#2594=ORIENTED_EDGE('',*,*,#2593,.T.);
#2595=ORIENTED_EDGE('',*,*,#2306,.F.);
#2596=EDGE_LOOP('',(#2590,#2592,#2594,#2595));
#2597=FACE_OUTER_BOUND('',#2596,.F.);
#2598=ADVANCED_FACE('',(#2597),#2589,.T.);
#2599=CARTESIAN_POINT('',(-1.05E0,7.7E-1,4.76E-1));
#2600=DIRECTION('',(0.E0,0.E0,1.E0));
#2601=DIRECTION('',(0.E0,-1.E0,0.E0));
#2602=AXIS2_PLACEMENT_3D('',#2599,#2600,#2601);
#2603=PLANE('',#2602);
#2605=ORIENTED_EDGE('',*,*,#2604,.T.);
#2606=ORIENTED_EDGE('',*,*,#2241,.F.);
#2607=ORIENTED_EDGE('',*,*,#2202,.F.);
#2609=ORIENTED_EDGE('',*,*,#2608,.T.);
#2610=EDGE_LOOP('',(#2605,#2606,#2607,#2609));
#2611=FACE_OUTER_BOUND('',#2610,.F.);
#2612=ADVANCED_FACE('',(#2611),#2603,.T.);
#2613=CARTESIAN_POINT('',(-1.05E0,7.7E-1,3.56E-1));
#2614=DIRECTION('',(1.E0,0.E0,0.E0));
#2615=DIRECTION('',(0.E0,0.E0,-1.E0));
#2616=AXIS2_PLACEMENT_3D('',#2613,#2614,#2615);
#2617=CYLINDRICAL_SURFACE('',#2616,1.2E-1);
#2618=ORIENTED_EDGE('',*,*,#2260,.F.);
#2619=ORIENTED_EDGE('',*,*,#2415,.T.);
#2620=ORIENTED_EDGE('',*,*,#2535,.T.);
#2621=ORIENTED_EDGE('',*,*,#2548,.F.);
#2622=EDGE_LOOP('',(#2618,#2619,#2620,#2621));
#2623=FACE_OUTER_BOUND('',#2622,.F.);
#2624=ADVANCED_FACE('',(#2623),#2617,.T.);
#2625=CARTESIAN_POINT('',(-1.05E0,7.7E-1,3.56E-1));
#2626=DIRECTION('',(1.E0,0.E0,0.E0));
#2627=DIRECTION('',(0.E0,0.E0,-1.E0));
#2628=AXIS2_PLACEMENT_3D('',#2625,#2626,#2627);
#2629=CYLINDRICAL_SURFACE('',#2628,1.2E-1);
#2631=ORIENTED_EDGE('',*,*,#2630,.F.);
#2632=ORIENTED_EDGE('',*,*,#2422,.T.);
#2634=ORIENTED_EDGE('',*,*,#2633,.T.);
#2635=ORIENTED_EDGE('',*,*,#2562,.F.);
#2636=EDGE_LOOP('',(#2631,#2632,#2634,#2635));
#2637=FACE_OUTER_BOUND('',#2636,.F.);
#2638=ADVANCED_FACE('',(#2637),#2629,.T.);
#2639=CARTESIAN_POINT('',(-1.05E0,7.7E-1,3.56E-1));
#2640=DIRECTION('',(1.E0,0.E0,0.E0));
#2641=DIRECTION('',(0.E0,0.E0,-1.E0));
#2642=AXIS2_PLACEMENT_3D('',#2639,#2640,#2641);
#2643=CYLINDRICAL_SURFACE('',#2642,1.2E-1);
#2645=ORIENTED_EDGE('',*,*,#2644,.F.);
#2646=ORIENTED_EDGE('',*,*,#2430,.T.);
#2648=ORIENTED_EDGE('',*,*,#2647,.T.);
#2649=ORIENTED_EDGE('',*,*,#2577,.F.);
#2650=EDGE_LOOP('',(#2645,#2646,#2648,#2649));
#2651=FACE_OUTER_BOUND('',#2650,.F.);
#2652=ADVANCED_FACE('',(#2651),#2643,.T.);
#2653=CARTESIAN_POINT('',(-1.05E0,7.7E-1,3.56E-1));
#2654=DIRECTION('',(1.E0,0.E0,0.E0));
#2655=DIRECTION('',(0.E0,0.E0,-1.E0));
#2656=AXIS2_PLACEMENT_3D('',#2653,#2654,#2655);
#2657=CYLINDRICAL_SURFACE('',#2656,1.2E-1);
#2658=ORIENTED_EDGE('',*,*,#2384,.F.);
#2659=ORIENTED_EDGE('',*,*,#2438,.T.);
#2661=ORIENTED_EDGE('',*,*,#2660,.T.);
#2662=ORIENTED_EDGE('',*,*,#2591,.F.);
#2663=EDGE_LOOP('',(#2658,#2659,#2661,#2662));
#2664=FACE_OUTER_BOUND('',#2663,.F.);
#2665=ADVANCED_FACE('',(#2664),#2657,.T.);
#2666=CARTESIAN_POINT('',(-1.05E0,7.7E-1,3.56E-1));
#2667=DIRECTION('',(1.E0,0.E0,0.E0));
#2668=DIRECTION('',(0.E0,0.E0,-1.E0));
#2669=AXIS2_PLACEMENT_3D('',#2666,#2667,#2668);
#2670=CYLINDRICAL_SURFACE('',#2669,1.2E-1);
#2672=ORIENTED_EDGE('',*,*,#2671,.T.);
#2673=ORIENTED_EDGE('',*,*,#2608,.F.);
#2674=ORIENTED_EDGE('',*,*,#2200,.F.);
#2675=ORIENTED_EDGE('',*,*,#2408,.T.);
#2676=EDGE_LOOP('',(#2672,#2673,#2674,#2675));
#2677=FACE_OUTER_BOUND('',#2676,.F.);
#2678=ADVANCED_FACE('',(#2677),#2670,.T.);
#2679=CARTESIAN_POINT('',(4.51E-1,0.E0,0.E0));
#2680=DIRECTION('',(-1.E0,0.E0,0.E0));
#2681=DIRECTION('',(0.E0,0.E0,1.E0));
#2682=AXIS2_PLACEMENT_3D('',#2679,#2680,#2681);
#2683=PLANE('',#2682);
#2684=ORIENTED_EDGE('',*,*,#2424,.F.);
#2685=ORIENTED_EDGE('',*,*,#2630,.T.);
#2686=ORIENTED_EDGE('',*,*,#2560,.T.);
#2687=ORIENTED_EDGE('',*,*,#2320,.T.);
#2689=ORIENTED_EDGE('',*,*,#2688,.F.);
#2691=ORIENTED_EDGE('',*,*,#2690,.F.);
#2693=ORIENTED_EDGE('',*,*,#2692,.F.);
#2694=EDGE_LOOP('',(#2684,#2685,#2686,#2687,#2689,#2691,#2693));
#2695=FACE_OUTER_BOUND('',#2694,.F.);
#2696=ADVANCED_FACE('',(#2695),#2683,.T.);
#2697=CARTESIAN_POINT('',(4.51E-1,3.19E-1,3.96E-1));
#2698=DIRECTION('',(0.E0,0.E0,-1.E0));
#2699=DIRECTION('',(0.E0,-1.E0,0.E0));
#2700=AXIS2_PLACEMENT_3D('',#2697,#2698,#2699);
#2701=PLANE('',#2700);
#2702=ORIENTED_EDGE('',*,*,#2318,.T.);
#2704=ORIENTED_EDGE('',*,*,#2703,.F.);
#2706=ORIENTED_EDGE('',*,*,#2705,.F.);
#2707=ORIENTED_EDGE('',*,*,#2688,.T.);
#2708=EDGE_LOOP('',(#2702,#2704,#2706,#2707));
#2709=FACE_OUTER_BOUND('',#2708,.F.);
#2710=ADVANCED_FACE('',(#2709),#2701,.F.);
#2711=CARTESIAN_POINT('',(4.9E-2,0.E0,0.E0));
#2712=DIRECTION('',(-1.E0,0.E0,0.E0));
#2713=DIRECTION('',(0.E0,0.E0,1.E0));
#2714=AXIS2_PLACEMENT_3D('',#2711,#2712,#2713);
#2715=PLANE('',#2714);
#2716=ORIENTED_EDGE('',*,*,#2428,.T.);
#2718=ORIENTED_EDGE('',*,*,#2717,.T.);
#2720=ORIENTED_EDGE('',*,*,#2719,.T.);
#2721=ORIENTED_EDGE('',*,*,#2703,.T.);
#2722=ORIENTED_EDGE('',*,*,#2316,.F.);
#2723=ORIENTED_EDGE('',*,*,#2579,.F.);
#2724=ORIENTED_EDGE('',*,*,#2647,.F.);
#2725=EDGE_LOOP('',(#2716,#2718,#2720,#2721,#2722,#2723,#2724));
#2726=FACE_OUTER_BOUND('',#2725,.F.);
#2727=ADVANCED_FACE('',(#2726),#2715,.F.);
#2728=CARTESIAN_POINT('',(4.51E-1,8.9E-1,-2.94E-1));
#2729=DIRECTION('',(0.E0,0.E0,-1.E0));
#2730=DIRECTION('',(0.E0,-1.E0,0.E0));
#2731=AXIS2_PLACEMENT_3D('',#2728,#2729,#2730);
#2732=PLANE('',#2731);
#2733=ORIENTED_EDGE('',*,*,#2426,.F.);
#2734=ORIENTED_EDGE('',*,*,#2692,.T.);
#2736=ORIENTED_EDGE('',*,*,#2735,.T.);
#2737=ORIENTED_EDGE('',*,*,#2717,.F.);
#2738=EDGE_LOOP('',(#2733,#2734,#2736,#2737));
#2739=FACE_OUTER_BOUND('',#2738,.F.);
#2740=ADVANCED_FACE('',(#2739),#2732,.F.);
#2741=CARTESIAN_POINT('',(4.51E-1,3.19E-1,-2.94E-1));
#2742=DIRECTION('',(0.E0,-1.E0,0.E0));
#2743=DIRECTION('',(0.E0,0.E0,1.E0));
#2744=AXIS2_PLACEMENT_3D('',#2741,#2742,#2743);
#2745=PLANE('',#2744);
#2746=ORIENTED_EDGE('',*,*,#2690,.T.);
#2747=ORIENTED_EDGE('',*,*,#2705,.T.);
#2748=ORIENTED_EDGE('',*,*,#2719,.F.);
#2749=ORIENTED_EDGE('',*,*,#2735,.F.);
#2750=EDGE_LOOP('',(#2746,#2747,#2748,#2749));
#2751=FACE_OUTER_BOUND('',#2750,.F.);
#2753=ORIENTED_EDGE('',*,*,#2752,.F.);
#2755=ORIENTED_EDGE('',*,*,#2754,.T.);
#2757=ORIENTED_EDGE('',*,*,#2756,.T.);
#2759=ORIENTED_EDGE('',*,*,#2758,.F.);
#2760=EDGE_LOOP('',(#2753,#2755,#2757,#2759));
#2761=FACE_BOUND('',#2760,.F.);
#2762=ADVANCED_FACE('',(#2751,#2761),#2745,.F.);
#2763=CARTESIAN_POINT('',(6.3E-2,0.E0,0.E0));
#2764=DIRECTION('',(1.E0,0.E0,0.E0));
#2765=DIRECTION('',(0.E0,0.E0,-1.E0));
#2766=AXIS2_PLACEMENT_3D('',#2763,#2764,#2765);
#2767=PLANE('',#2766);
#2768=ORIENTED_EDGE('',*,*,#2752,.T.);
#2770=ORIENTED_EDGE('',*,*,#2769,.T.);
#2772=ORIENTED_EDGE('',*,*,#2771,.T.);
#2774=ORIENTED_EDGE('',*,*,#2773,.T.);
#2775=EDGE_LOOP('',(#2768,#2770,#2772,#2774));
#2776=FACE_OUTER_BOUND('',#2775,.F.);
#2777=ADVANCED_FACE('',(#2776),#2767,.F.);
#2778=CARTESIAN_POINT('',(6.3E-2,2.E-2,-1.87E-1));
#2779=DIRECTION('',(0.E0,0.E0,-1.E0));
#2780=DIRECTION('',(0.E0,1.E0,0.E0));
#2781=AXIS2_PLACEMENT_3D('',#2778,#2779,#2780);
#2782=PLANE('',#2781);
#2783=ORIENTED_EDGE('',*,*,#2758,.T.);
#2785=ORIENTED_EDGE('',*,*,#2784,.T.);
#2787=ORIENTED_EDGE('',*,*,#2786,.F.);
#2788=ORIENTED_EDGE('',*,*,#2769,.F.);
#2789=EDGE_LOOP('',(#2783,#2785,#2787,#2788));
#2790=FACE_OUTER_BOUND('',#2789,.F.);
#2791=ADVANCED_FACE('',(#2790),#2782,.T.);
#2792=CARTESIAN_POINT('',(4.37E-1,0.E0,0.E0));
#2793=DIRECTION('',(1.E0,0.E0,0.E0));
#2794=DIRECTION('',(0.E0,0.E0,-1.E0));
#2795=AXIS2_PLACEMENT_3D('',#2792,#2793,#2794);
#2796=PLANE('',#2795);
#2797=ORIENTED_EDGE('',*,*,#2756,.F.);
#2799=ORIENTED_EDGE('',*,*,#2798,.F.);
#2801=ORIENTED_EDGE('',*,*,#2800,.F.);
#2802=ORIENTED_EDGE('',*,*,#2784,.F.);
#2803=EDGE_LOOP('',(#2797,#2799,#2801,#2802));
#2804=FACE_OUTER_BOUND('',#2803,.F.);
#2805=ADVANCED_FACE('',(#2804),#2796,.T.);
#2806=CARTESIAN_POINT('',(6.3E-2,4.29E-1,1.87E-1));
#2807=DIRECTION('',(0.E0,0.E0,1.E0));
#2808=DIRECTION('',(0.E0,-1.E0,0.E0));
#2809=AXIS2_PLACEMENT_3D('',#2806,#2807,#2808);
#2810=PLANE('',#2809);
#2811=ORIENTED_EDGE('',*,*,#2754,.F.);
#2812=ORIENTED_EDGE('',*,*,#2773,.F.);
#2814=ORIENTED_EDGE('',*,*,#2813,.T.);
#2815=ORIENTED_EDGE('',*,*,#2798,.T.);
#2816=EDGE_LOOP('',(#2811,#2812,#2814,#2815));
#2817=FACE_OUTER_BOUND('',#2816,.F.);
#2818=ADVANCED_FACE('',(#2817),#2810,.T.);
#2819=CARTESIAN_POINT('',(6.3E-2,4.29E-1,-1.87E-1));
#2820=DIRECTION('',(0.E0,1.E0,0.E0));
#2821=DIRECTION('',(0.E0,0.E0,1.E0));
#2822=AXIS2_PLACEMENT_3D('',#2819,#2820,#2821);
#2823=PLANE('',#2822);
#2824=ORIENTED_EDGE('',*,*,#2771,.F.);
#2825=ORIENTED_EDGE('',*,*,#2786,.T.);
#2826=ORIENTED_EDGE('',*,*,#2800,.T.);
#2827=ORIENTED_EDGE('',*,*,#2813,.F.);
#2828=EDGE_LOOP('',(#2824,#2825,#2826,#2827));
#2829=FACE_OUTER_BOUND('',#2828,.F.);
#2831=ORIENTED_EDGE('',*,*,#2830,.F.);
#2833=ORIENTED_EDGE('',*,*,#2832,.F.);
#2834=EDGE_LOOP('',(#2831,#2833));
#2835=FACE_BOUND('',#2834,.F.);
#2836=ADVANCED_FACE('',(#2829,#2835),#2823,.T.);
#2837=CARTESIAN_POINT('',(2.5E-1,5.385E-1,0.E0));
#2838=DIRECTION('',(0.E0,-1.E0,0.E0));
#2839=DIRECTION('',(0.E0,0.E0,1.E0));
#2840=AXIS2_PLACEMENT_3D('',#2837,#2838,#2839);
#2841=CYLINDRICAL_SURFACE('',#2840,1.5E-1);
#2842=ORIENTED_EDGE('',*,*,#2830,.T.);
#2844=ORIENTED_EDGE('',*,*,#2843,.T.);
#2846=ORIENTED_EDGE('',*,*,#2845,.F.);
#2848=ORIENTED_EDGE('',*,*,#2847,.F.);
#2849=EDGE_LOOP('',(#2842,#2844,#2846,#2848));
#2850=FACE_OUTER_BOUND('',#2849,.F.);
#2851=ADVANCED_FACE('',(#2850),#2841,.T.);
#2852=CARTESIAN_POINT('',(2.5E-1,5.385E-1,0.E0));
#2853=DIRECTION('',(0.E0,-1.E0,0.E0));
#2854=DIRECTION('',(0.E0,0.E0,1.E0));
#2855=AXIS2_PLACEMENT_3D('',#2852,#2853,#2854);
#2856=CYLINDRICAL_SURFACE('',#2855,1.5E-1);
#2857=ORIENTED_EDGE('',*,*,#2832,.T.);
#2858=ORIENTED_EDGE('',*,*,#2847,.T.);
#2860=ORIENTED_EDGE('',*,*,#2859,.T.);
#2861=ORIENTED_EDGE('',*,*,#2843,.F.);
#2862=EDGE_LOOP('',(#2857,#2858,#2860,#2861));
#2863=FACE_OUTER_BOUND('',#2862,.F.);
#2864=ADVANCED_FACE('',(#2863),#2856,.T.);
#2865=CARTESIAN_POINT('',(2.5E-1,4.81E-1,0.E0));
#2866=DIRECTION('',(0.E0,-1.E0,0.E0));
#2867=DIRECTION('',(0.E0,0.E0,1.E0));
#2868=AXIS2_PLACEMENT_3D('',#2865,#2866,#2867);
#2869=TOROIDAL_SURFACE('',#2868,1.E-1,5.E-2);
#2871=ORIENTED_EDGE('',*,*,#2870,.F.);
#2873=ORIENTED_EDGE('',*,*,#2872,.T.);
#2875=ORIENTED_EDGE('',*,*,#2874,.F.);
#2876=ORIENTED_EDGE('',*,*,#2859,.F.);
#2878=ORIENTED_EDGE('',*,*,#2877,.T.);
#2880=ORIENTED_EDGE('',*,*,#2879,.T.);
#2882=ORIENTED_EDGE('',*,*,#2881,.F.);
#2884=ORIENTED_EDGE('',*,*,#2883,.F.);
#2885=EDGE_LOOP('',(#2871,#2873,#2875,#2876,#2878,#2880,#2882,#2884));
#2886=FACE_OUTER_BOUND('',#2885,.F.);
#2887=ADVANCED_FACE('',(#2886),#2869,.T.);
#2888=CARTESIAN_POINT('',(4.E-1,5.34E-1,2.5E-2));
#2889=DIRECTION('',(0.E0,0.E0,1.E0));
#2890=DIRECTION('',(0.E0,-1.E0,0.E0));
#2891=AXIS2_PLACEMENT_3D('',#2888,#2889,#2890);
#2892=PLANE('',#2891);
#2894=ORIENTED_EDGE('',*,*,#2893,.T.);
#2896=ORIENTED_EDGE('',*,*,#2895,.T.);
#2897=ORIENTED_EDGE('',*,*,#2870,.T.);
#2899=ORIENTED_EDGE('',*,*,#2898,.F.);
#2900=EDGE_LOOP('',(#2894,#2896,#2897,#2899));
#2901=FACE_OUTER_BOUND('',#2900,.F.);
#2902=ADVANCED_FACE('',(#2901),#2892,.F.);
#2903=CARTESIAN_POINT('',(2.5E-1,4.81E-1,0.E0));
#2904=DIRECTION('',(0.E0,-1.E0,0.E0));
#2905=DIRECTION('',(0.E0,0.E0,1.E0));
#2906=AXIS2_PLACEMENT_3D('',#2903,#2904,#2905);
#2907=TOROIDAL_SURFACE('',#2906,1.E-1,5.E-2);
#2908=ORIENTED_EDGE('',*,*,#2893,.F.);
#2910=ORIENTED_EDGE('',*,*,#2909,.F.);
#2912=ORIENTED_EDGE('',*,*,#2911,.F.);
#2914=ORIENTED_EDGE('',*,*,#2913,.F.);
#2915=ORIENTED_EDGE('',*,*,#2877,.F.);
#2916=ORIENTED_EDGE('',*,*,#2845,.T.);
#2917=ORIENTED_EDGE('',*,*,#2874,.T.);
#2919=ORIENTED_EDGE('',*,*,#2918,.F.);
#2920=EDGE_LOOP('',(#2908,#2910,#2912,#2914,#2915,#2916,#2917,#2919));
#2921=FACE_OUTER_BOUND('',#2920,.F.);
#2922=ADVANCED_FACE('',(#2921),#2907,.T.);
#2923=CARTESIAN_POINT('',(4.E-1,4.84E-1,2.5E-2));
#2924=DIRECTION('',(0.E0,-1.E0,0.E0));
#2925=DIRECTION('',(0.E0,0.E0,-1.E0));
#2926=AXIS2_PLACEMENT_3D('',#2923,#2924,#2925);
#2927=PLANE('',#2926);
#2928=ORIENTED_EDGE('',*,*,#2909,.T.);
#2929=ORIENTED_EDGE('',*,*,#2898,.T.);
#2930=ORIENTED_EDGE('',*,*,#2883,.T.);
#2932=ORIENTED_EDGE('',*,*,#2931,.F.);
#2933=EDGE_LOOP('',(#2928,#2929,#2930,#2932));
#2934=FACE_OUTER_BOUND('',#2933,.F.);
#2935=ADVANCED_FACE('',(#2934),#2927,.F.);
#2936=CARTESIAN_POINT('',(4.E-1,4.84E-1,-2.5E-2));
#2937=DIRECTION('',(0.E0,0.E0,-1.E0));
#2938=DIRECTION('',(0.E0,1.E0,0.E0));
#2939=AXIS2_PLACEMENT_3D('',#2936,#2937,#2938);
#2940=PLANE('',#2939);
#2941=ORIENTED_EDGE('',*,*,#2911,.T.);
#2942=ORIENTED_EDGE('',*,*,#2931,.T.);
#2943=ORIENTED_EDGE('',*,*,#2881,.T.);
#2945=ORIENTED_EDGE('',*,*,#2944,.F.);
#2946=EDGE_LOOP('',(#2941,#2942,#2943,#2945));
#2947=FACE_OUTER_BOUND('',#2946,.F.);
#2948=ADVANCED_FACE('',(#2947),#2940,.F.);
#2949=CARTESIAN_POINT('',(2.5E-1,5.31E-1,0.E0));
#2950=DIRECTION('',(0.E0,-1.E0,0.E0));
#2951=DIRECTION('',(0.E0,0.E0,1.E0));
#2952=AXIS2_PLACEMENT_3D('',#2949,#2950,#2951);
#2953=PLANE('',#2952);
#2954=ORIENTED_EDGE('',*,*,#2895,.F.);
#2955=ORIENTED_EDGE('',*,*,#2918,.T.);
#2956=ORIENTED_EDGE('',*,*,#2872,.F.);
#2957=EDGE_LOOP('',(#2954,#2955,#2956));
#2958=FACE_OUTER_BOUND('',#2957,.F.);
#2959=ADVANCED_FACE('',(#2958),#2953,.F.);
#2960=CARTESIAN_POINT('',(2.5E-1,5.31E-1,0.E0));
#2961=DIRECTION('',(0.E0,-1.E0,0.E0));
#2962=DIRECTION('',(0.E0,0.E0,1.E0));
#2963=AXIS2_PLACEMENT_3D('',#2960,#2961,#2962);
#2964=PLANE('',#2963);
#2965=ORIENTED_EDGE('',*,*,#2944,.T.);
#2966=ORIENTED_EDGE('',*,*,#2879,.F.);
#2967=ORIENTED_EDGE('',*,*,#2913,.T.);
#2968=EDGE_LOOP('',(#2965,#2966,#2967));
#2969=FACE_OUTER_BOUND('',#2968,.F.);
#2970=ADVANCED_FACE('',(#2969),#2964,.F.);
#2971=CARTESIAN_POINT('',(5.49E-1,0.E0,0.E0));
#2972=DIRECTION('',(-1.E0,0.E0,0.E0));
#2973=DIRECTION('',(0.E0,0.E0,1.E0));
#2974=AXIS2_PLACEMENT_3D('',#2971,#2972,#2973);
#2975=PLANE('',#2974);
#2976=ORIENTED_EDGE('',*,*,#2420,.F.);
#2978=ORIENTED_EDGE('',*,*,#2977,.T.);
#2980=ORIENTED_EDGE('',*,*,#2979,.F.);
#2981=ORIENTED_EDGE('',*,*,#2277,.T.);
#2982=ORIENTED_EDGE('',*,*,#2324,.F.);
#2983=ORIENTED_EDGE('',*,*,#2564,.T.);
#2984=ORIENTED_EDGE('',*,*,#2633,.F.);
#2985=EDGE_LOOP('',(#2976,#2978,#2980,#2981,#2982,#2983,#2984));
#2986=FACE_OUTER_BOUND('',#2985,.F.);
#2987=ADVANCED_FACE('',(#2986),#2975,.F.);
#2988=CARTESIAN_POINT('',(9.51E-1,8.9E-1,-2.94E-1));
#2989=DIRECTION('',(0.E0,0.E0,-1.E0));
#2990=DIRECTION('',(0.E0,-1.E0,0.E0));
#2991=AXIS2_PLACEMENT_3D('',#2988,#2989,#2990);
#2992=PLANE('',#2991);
#2993=ORIENTED_EDGE('',*,*,#2418,.T.);
#2994=ORIENTED_EDGE('',*,*,#2256,.T.);
#2996=ORIENTED_EDGE('',*,*,#2995,.T.);
#2997=ORIENTED_EDGE('',*,*,#2977,.F.);
#2998=EDGE_LOOP('',(#2993,#2994,#2996,#2997));
#2999=FACE_OUTER_BOUND('',#2998,.F.);
#3000=ADVANCED_FACE('',(#2999),#2992,.F.);
#3001=CARTESIAN_POINT('',(9.51E-1,3.19E-1,-2.94E-1));
#3002=DIRECTION('',(0.E0,-1.E0,0.E0));
#3003=DIRECTION('',(0.E0,0.E0,1.E0));
#3004=AXIS2_PLACEMENT_3D('',#3001,#3002,#3003);
#3005=PLANE('',#3004);
#3006=ORIENTED_EDGE('',*,*,#2254,.F.);
#3007=ORIENTED_EDGE('',*,*,#2279,.T.);
#3008=ORIENTED_EDGE('',*,*,#2979,.T.);
#3009=ORIENTED_EDGE('',*,*,#2995,.F.);
#3010=EDGE_LOOP('',(#3006,#3007,#3008,#3009));
#3011=FACE_OUTER_BOUND('',#3010,.F.);
#3013=ORIENTED_EDGE('',*,*,#3012,.F.);
#3015=ORIENTED_EDGE('',*,*,#3014,.T.);
#3017=ORIENTED_EDGE('',*,*,#3016,.T.);
#3019=ORIENTED_EDGE('',*,*,#3018,.F.);
#3020=EDGE_LOOP('',(#3013,#3015,#3017,#3019));
#3021=FACE_BOUND('',#3020,.F.);
#3022=ADVANCED_FACE('',(#3011,#3021),#3005,.F.);
#3023=CARTESIAN_POINT('',(5.63E-1,0.E0,0.E0));
#3024=DIRECTION('',(1.E0,0.E0,0.E0));
#3025=DIRECTION('',(0.E0,0.E0,-1.E0));
#3026=AXIS2_PLACEMENT_3D('',#3023,#3024,#3025);
#3027=PLANE('',#3026);
#3028=ORIENTED_EDGE('',*,*,#3012,.T.);
#3030=ORIENTED_EDGE('',*,*,#3029,.T.);
#3032=ORIENTED_EDGE('',*,*,#3031,.T.);
#3034=ORIENTED_EDGE('',*,*,#3033,.T.);
#3035=EDGE_LOOP('',(#3028,#3030,#3032,#3034));
#3036=FACE_OUTER_BOUND('',#3035,.F.);
#3037=ADVANCED_FACE('',(#3036),#3027,.F.);
#3038=CARTESIAN_POINT('',(5.63E-1,2.E-2,-1.87E-1));
#3039=DIRECTION('',(0.E0,0.E0,-1.E0));
#3040=DIRECTION('',(0.E0,1.E0,0.E0));
#3041=AXIS2_PLACEMENT_3D('',#3038,#3039,#3040);
#3042=PLANE('',#3041);
#3043=ORIENTED_EDGE('',*,*,#3018,.T.);
#3045=ORIENTED_EDGE('',*,*,#3044,.T.);
#3047=ORIENTED_EDGE('',*,*,#3046,.F.);
#3048=ORIENTED_EDGE('',*,*,#3029,.F.);
#3049=EDGE_LOOP('',(#3043,#3045,#3047,#3048));
#3050=FACE_OUTER_BOUND('',#3049,.F.);
#3051=ADVANCED_FACE('',(#3050),#3042,.T.);
#3052=CARTESIAN_POINT('',(9.37E-1,0.E0,0.E0));
#3053=DIRECTION('',(1.E0,0.E0,0.E0));
#3054=DIRECTION('',(0.E0,0.E0,-1.E0));
#3055=AXIS2_PLACEMENT_3D('',#3052,#3053,#3054);
#3056=PLANE('',#3055);
#3057=ORIENTED_EDGE('',*,*,#3016,.F.);
#3059=ORIENTED_EDGE('',*,*,#3058,.F.);
#3061=ORIENTED_EDGE('',*,*,#3060,.F.);
#3062=ORIENTED_EDGE('',*,*,#3044,.F.);
#3063=EDGE_LOOP('',(#3057,#3059,#3061,#3062));
#3064=FACE_OUTER_BOUND('',#3063,.F.);
#3065=ADVANCED_FACE('',(#3064),#3056,.T.);
#3066=CARTESIAN_POINT('',(5.63E-1,4.29E-1,1.87E-1));
#3067=DIRECTION('',(0.E0,0.E0,1.E0));
#3068=DIRECTION('',(0.E0,-1.E0,0.E0));
#3069=AXIS2_PLACEMENT_3D('',#3066,#3067,#3068);
#3070=PLANE('',#3069);
#3071=ORIENTED_EDGE('',*,*,#3014,.F.);
#3072=ORIENTED_EDGE('',*,*,#3033,.F.);
#3074=ORIENTED_EDGE('',*,*,#3073,.T.);
#3075=ORIENTED_EDGE('',*,*,#3058,.T.);
#3076=EDGE_LOOP('',(#3071,#3072,#3074,#3075));
#3077=FACE_OUTER_BOUND('',#3076,.F.);
#3078=ADVANCED_FACE('',(#3077),#3070,.T.);
#3079=CARTESIAN_POINT('',(5.63E-1,4.29E-1,-1.87E-1));
#3080=DIRECTION('',(0.E0,1.E0,0.E0));
#3081=DIRECTION('',(0.E0,0.E0,1.E0));
#3082=AXIS2_PLACEMENT_3D('',#3079,#3080,#3081);
#3083=PLANE('',#3082);
#3084=ORIENTED_EDGE('',*,*,#3031,.F.);
#3085=ORIENTED_EDGE('',*,*,#3046,.T.);
#3086=ORIENTED_EDGE('',*,*,#3060,.T.);
#3087=ORIENTED_EDGE('',*,*,#3073,.F.);
#3088=EDGE_LOOP('',(#3084,#3085,#3086,#3087));
#3089=FACE_OUTER_BOUND('',#3088,.F.);
#3091=ORIENTED_EDGE('',*,*,#3090,.F.);
#3093=ORIENTED_EDGE('',*,*,#3092,.F.);
#3094=EDGE_LOOP('',(#3091,#3093));
#3095=FACE_BOUND('',#3094,.F.);
#3096=ADVANCED_FACE('',(#3089,#3095),#3083,.T.);
#3097=CARTESIAN_POINT('',(7.5E-1,5.385E-1,0.E0));
#3098=DIRECTION('',(0.E0,-1.E0,0.E0));
#3099=DIRECTION('',(0.E0,0.E0,1.E0));
#3100=AXIS2_PLACEMENT_3D('',#3097,#3098,#3099);
#3101=CYLINDRICAL_SURFACE('',#3100,1.5E-1);
#3102=ORIENTED_EDGE('',*,*,#3090,.T.);
#3104=ORIENTED_EDGE('',*,*,#3103,.T.);
#3106=ORIENTED_EDGE('',*,*,#3105,.F.);
#3108=ORIENTED_EDGE('',*,*,#3107,.F.);
#3109=EDGE_LOOP('',(#3102,#3104,#3106,#3108));
#3110=FACE_OUTER_BOUND('',#3109,.F.);
#3111=ADVANCED_FACE('',(#3110),#3101,.T.);
#3112=CARTESIAN_POINT('',(7.5E-1,5.385E-1,0.E0));
#3113=DIRECTION('',(0.E0,-1.E0,0.E0));
#3114=DIRECTION('',(0.E0,0.E0,1.E0));
#3115=AXIS2_PLACEMENT_3D('',#3112,#3113,#3114);
#3116=CYLINDRICAL_SURFACE('',#3115,1.5E-1);
#3117=ORIENTED_EDGE('',*,*,#3092,.T.);
#3118=ORIENTED_EDGE('',*,*,#3107,.T.);
#3120=ORIENTED_EDGE('',*,*,#3119,.T.);
#3121=ORIENTED_EDGE('',*,*,#3103,.F.);
#3122=EDGE_LOOP('',(#3117,#3118,#3120,#3121));
#3123=FACE_OUTER_BOUND('',#3122,.F.);
#3124=ADVANCED_FACE('',(#3123),#3116,.T.);
#3125=CARTESIAN_POINT('',(7.5E-1,4.81E-1,0.E0));
#3126=DIRECTION('',(0.E0,-1.E0,0.E0));
#3127=DIRECTION('',(0.E0,0.E0,1.E0));
#3128=AXIS2_PLACEMENT_3D('',#3125,#3126,#3127);
#3129=TOROIDAL_SURFACE('',#3128,1.E-1,5.E-2);
#3131=ORIENTED_EDGE('',*,*,#3130,.T.);
#3133=ORIENTED_EDGE('',*,*,#3132,.F.);
#3135=ORIENTED_EDGE('',*,*,#3134,.F.);
#3137=ORIENTED_EDGE('',*,*,#3136,.F.);
#3139=ORIENTED_EDGE('',*,*,#3138,.T.);
#3141=ORIENTED_EDGE('',*,*,#3140,.F.);
#3142=ORIENTED_EDGE('',*,*,#3119,.F.);
#3144=ORIENTED_EDGE('',*,*,#3143,.T.);
#3145=EDGE_LOOP('',(#3131,#3133,#3135,#3137,#3139,#3141,#3142,#3144));
#3146=FACE_OUTER_BOUND('',#3145,.F.);
#3147=ADVANCED_FACE('',(#3146),#3129,.T.);
#3148=CARTESIAN_POINT('',(7.5E-1,5.31E-1,0.E0));
#3149=DIRECTION('',(0.E0,-1.E0,0.E0));
#3150=DIRECTION('',(0.E0,0.E0,1.E0));
#3151=AXIS2_PLACEMENT_3D('',#3148,#3149,#3150);
#3152=PLANE('',#3151);
#3154=ORIENTED_EDGE('',*,*,#3153,.F.);
#3156=ORIENTED_EDGE('',*,*,#3155,.F.);
#3157=ORIENTED_EDGE('',*,*,#3130,.F.);
#3159=ORIENTED_EDGE('',*,*,#3158,.T.);
#3161=ORIENTED_EDGE('',*,*,#3160,.F.);
#3163=ORIENTED_EDGE('',*,*,#3162,.F.);
#3165=ORIENTED_EDGE('',*,*,#3164,.T.);
#3167=ORIENTED_EDGE('',*,*,#3166,.T.);
#3169=ORIENTED_EDGE('',*,*,#3168,.T.);
#3170=EDGE_LOOP('',(#3154,#3156,#3157,#3159,#3161,#3163,#3165,#3167,#3169));
#3171=FACE_OUTER_BOUND('',#3170,.F.);
#3172=ADVANCED_FACE('',(#3171),#3152,.F.);
#3173=CARTESIAN_POINT('',(7.5E-1,5.31E-1,0.E0));
#3174=DIRECTION('',(0.E0,-1.E0,0.E0));
#3175=DIRECTION('',(0.E0,0.E0,1.E0));
#3176=AXIS2_PLACEMENT_3D('',#3173,#3174,#3175);
#3177=PLANE('',#3176);
#3179=ORIENTED_EDGE('',*,*,#3178,.F.);
#3181=ORIENTED_EDGE('',*,*,#3180,.T.);
#3183=ORIENTED_EDGE('',*,*,#3182,.T.);
#3185=ORIENTED_EDGE('',*,*,#3184,.T.);
#3187=ORIENTED_EDGE('',*,*,#3186,.F.);
#3189=ORIENTED_EDGE('',*,*,#3188,.T.);
#3191=ORIENTED_EDGE('',*,*,#3190,.T.);
#3192=ORIENTED_EDGE('',*,*,#3138,.F.);
#3194=ORIENTED_EDGE('',*,*,#3193,.T.);
#3195=EDGE_LOOP('',(#3179,#3181,#3183,#3185,#3187,#3189,#3191,#3192,#3194));
#3196=FACE_OUTER_BOUND('',#3195,.F.);
#3197=ADVANCED_FACE('',(#3196),#3177,.F.);
#3198=CARTESIAN_POINT('',(7.1E-1,5.31E-1,-4.E-2));
#3199=DIRECTION('',(0.E0,1.E0,0.E0));
#3200=DIRECTION('',(1.E0,0.E0,0.E0));
#3201=AXIS2_PLACEMENT_3D('',#3198,#3199,#3200);
#3202=CYLINDRICAL_SURFACE('',#3201,1.5E-2);
#3203=ORIENTED_EDGE('',*,*,#3153,.T.);
#3205=ORIENTED_EDGE('',*,*,#3204,.T.);
#3207=ORIENTED_EDGE('',*,*,#3206,.T.);
#3209=ORIENTED_EDGE('',*,*,#3208,.F.);
#3210=EDGE_LOOP('',(#3203,#3205,#3207,#3209));
#3211=FACE_OUTER_BOUND('',#3210,.F.);
#3212=ADVANCED_FACE('',(#3211),#3202,.T.);
#3213=CARTESIAN_POINT('',(7.25E-1,5.31E-1,-9.E-2));
#3214=DIRECTION('',(-1.E0,0.E0,0.E0));
#3215=DIRECTION('',(0.E0,0.E0,1.E0));
#3216=AXIS2_PLACEMENT_3D('',#3213,#3214,#3215);
#3217=PLANE('',#3216);
#3219=ORIENTED_EDGE('',*,*,#3218,.T.);
#3221=ORIENTED_EDGE('',*,*,#3220,.T.);
#3222=ORIENTED_EDGE('',*,*,#3204,.F.);
#3223=ORIENTED_EDGE('',*,*,#3168,.F.);
#3224=EDGE_LOOP('',(#3219,#3221,#3222,#3223));
#3225=FACE_OUTER_BOUND('',#3224,.F.);
#3226=ADVANCED_FACE('',(#3225),#3217,.F.);
#3227=CARTESIAN_POINT('',(7.75E-1,5.31E-1,-9.E-2));
#3228=DIRECTION('',(0.E0,0.E0,-1.E0));
#3229=DIRECTION('',(-1.E0,0.E0,0.E0));
#3230=AXIS2_PLACEMENT_3D('',#3227,#3228,#3229);
#3231=PLANE('',#3230);
#3232=ORIENTED_EDGE('',*,*,#3218,.F.);
#3233=ORIENTED_EDGE('',*,*,#3166,.F.);
#3235=ORIENTED_EDGE('',*,*,#3234,.T.);
#3237=ORIENTED_EDGE('',*,*,#3236,.T.);
#3238=EDGE_LOOP('',(#3232,#3233,#3235,#3237));
#3239=FACE_OUTER_BOUND('',#3238,.F.);
#3240=ADVANCED_FACE('',(#3239),#3231,.F.);
#3241=CARTESIAN_POINT('',(7.75E-1,5.31E-1,-4.E-2));
#3242=DIRECTION('',(1.E0,0.E0,0.E0));
#3243=DIRECTION('',(0.E0,0.E0,-1.E0));
#3244=AXIS2_PLACEMENT_3D('',#3241,#3242,#3243);
#3245=PLANE('',#3244);
#3247=ORIENTED_EDGE('',*,*,#3246,.T.);
#3249=ORIENTED_EDGE('',*,*,#3248,.T.);
#3250=ORIENTED_EDGE('',*,*,#3234,.F.);
#3251=ORIENTED_EDGE('',*,*,#3164,.F.);
#3252=EDGE_LOOP('',(#3247,#3249,#3250,#3251));
#3253=FACE_OUTER_BOUND('',#3252,.F.);
#3254=ADVANCED_FACE('',(#3253),#3245,.F.);
#3255=CARTESIAN_POINT('',(7.9E-1,5.31E-1,-4.E-2));
#3256=DIRECTION('',(0.E0,1.E0,0.E0));
#3257=DIRECTION('',(1.E0,0.E0,0.E0));
#3258=AXIS2_PLACEMENT_3D('',#3255,#3256,#3257);
#3259=CYLINDRICAL_SURFACE('',#3258,1.5E-2);
#3260=ORIENTED_EDGE('',*,*,#3162,.T.);
#3262=ORIENTED_EDGE('',*,*,#3261,.F.);
#3264=ORIENTED_EDGE('',*,*,#3263,.T.);
#3265=ORIENTED_EDGE('',*,*,#3246,.F.);
#3266=EDGE_LOOP('',(#3260,#3262,#3264,#3265));
#3267=FACE_OUTER_BOUND('',#3266,.F.);
#3268=ADVANCED_FACE('',(#3267),#3259,.T.);
#3269=CARTESIAN_POINT('',(9.E-1,4.84E-1,-2.5E-2));
#3270=DIRECTION('',(0.E0,0.E0,-1.E0));
#3271=DIRECTION('',(0.E0,1.E0,0.E0));
#3272=AXIS2_PLACEMENT_3D('',#3269,#3270,#3271);
#3273=PLANE('',#3272);
#3275=ORIENTED_EDGE('',*,*,#3274,.T.);
#3277=ORIENTED_EDGE('',*,*,#3276,.T.);
#3279=ORIENTED_EDGE('',*,*,#3278,.T.);
#3280=ORIENTED_EDGE('',*,*,#3261,.T.);
#3281=ORIENTED_EDGE('',*,*,#3160,.T.);
#3283=ORIENTED_EDGE('',*,*,#3282,.T.);
#3284=EDGE_LOOP('',(#3275,#3277,#3279,#3280,#3281,#3283));
#3285=FACE_OUTER_BOUND('',#3284,.F.);
#3286=ADVANCED_FACE('',(#3285),#3273,.F.);
#3287=CARTESIAN_POINT('',(9.E-1,4.84E-1,-2.5E-2));
#3288=DIRECTION('',(0.E0,0.E0,-1.E0));
#3289=DIRECTION('',(0.E0,1.E0,0.E0));
#3290=AXIS2_PLACEMENT_3D('',#3287,#3288,#3289);
#3291=PLANE('',#3290);
#3292=ORIENTED_EDGE('',*,*,#3208,.T.);
#3294=ORIENTED_EDGE('',*,*,#3293,.T.);
#3296=ORIENTED_EDGE('',*,*,#3295,.F.);
#3298=ORIENTED_EDGE('',*,*,#3297,.T.);
#3299=ORIENTED_EDGE('',*,*,#3132,.T.);
#3300=ORIENTED_EDGE('',*,*,#3155,.T.);
#3301=EDGE_LOOP('',(#3292,#3294,#3296,#3298,#3299,#3300));
#3302=FACE_OUTER_BOUND('',#3301,.F.);
#3303=ADVANCED_FACE('',(#3302),#3291,.F.);
#3304=CARTESIAN_POINT('',(9.E-1,4.84E-1,2.5E-2));
#3305=DIRECTION('',(0.E0,-1.E0,0.E0));
#3306=DIRECTION('',(0.E0,0.E0,-1.E0));
#3307=AXIS2_PLACEMENT_3D('',#3304,#3305,#3306);
#3308=PLANE('',#3307);
#3310=ORIENTED_EDGE('',*,*,#3309,.F.);
#3312=ORIENTED_EDGE('',*,*,#3311,.T.);
#3313=ORIENTED_EDGE('',*,*,#3134,.T.);
#3314=ORIENTED_EDGE('',*,*,#3297,.F.);
#3315=EDGE_LOOP('',(#3310,#3312,#3313,#3314));
#3316=FACE_OUTER_BOUND('',#3315,.F.);
#3317=ADVANCED_FACE('',(#3316),#3308,.F.);
#3318=CARTESIAN_POINT('',(9.E-1,4.84E-1,2.5E-2));
#3319=DIRECTION('',(0.E0,-1.E0,0.E0));
#3320=DIRECTION('',(0.E0,0.E0,-1.E0));
#3321=AXIS2_PLACEMENT_3D('',#3318,#3319,#3320);
#3322=PLANE('',#3321);
#3324=ORIENTED_EDGE('',*,*,#3323,.T.);
#3325=ORIENTED_EDGE('',*,*,#3274,.F.);
#3327=ORIENTED_EDGE('',*,*,#3326,.T.);
#3329=ORIENTED_EDGE('',*,*,#3328,.T.);
#3330=EDGE_LOOP('',(#3324,#3325,#3327,#3329));
#3331=FACE_OUTER_BOUND('',#3330,.F.);
#3332=ADVANCED_FACE('',(#3331),#3322,.F.);
#3333=CARTESIAN_POINT('',(6.6E-1,5.31E-1,-2.5E-2));
#3334=DIRECTION('',(-1.E0,0.E0,0.E0));
#3335=DIRECTION('',(0.E0,0.E0,1.E0));
#3336=AXIS2_PLACEMENT_3D('',#3333,#3334,#3335);
#3337=PLANE('',#3336);
#3338=ORIENTED_EDGE('',*,*,#3295,.T.);
#3340=ORIENTED_EDGE('',*,*,#3339,.T.);
#3342=ORIENTED_EDGE('',*,*,#3341,.F.);
#3343=ORIENTED_EDGE('',*,*,#3309,.T.);
#3344=EDGE_LOOP('',(#3338,#3340,#3342,#3343));
#3345=FACE_OUTER_BOUND('',#3344,.F.);
#3346=ADVANCED_FACE('',(#3345),#3337,.F.);
#3347=CARTESIAN_POINT('',(7.5E-1,4.51E-1,0.E0));
#3348=DIRECTION('',(0.E0,1.E0,0.E0));
#3349=DIRECTION('',(1.E0,0.E0,0.E0));
#3350=AXIS2_PLACEMENT_3D('',#3347,#3348,#3349);
#3351=PLANE('',#3350);
#3352=ORIENTED_EDGE('',*,*,#3220,.F.);
#3353=ORIENTED_EDGE('',*,*,#3236,.F.);
#3354=ORIENTED_EDGE('',*,*,#3248,.F.);
#3355=ORIENTED_EDGE('',*,*,#3263,.F.);
#3356=ORIENTED_EDGE('',*,*,#3278,.F.);
#3358=ORIENTED_EDGE('',*,*,#3357,.F.);
#3360=ORIENTED_EDGE('',*,*,#3359,.F.);
#3362=ORIENTED_EDGE('',*,*,#3361,.F.);
#3364=ORIENTED_EDGE('',*,*,#3363,.F.);
#3366=ORIENTED_EDGE('',*,*,#3365,.F.);
#3368=ORIENTED_EDGE('',*,*,#3367,.F.);
#3370=ORIENTED_EDGE('',*,*,#3369,.F.);
#3372=ORIENTED_EDGE('',*,*,#3371,.F.);
#3373=ORIENTED_EDGE('',*,*,#3339,.F.);
#3374=ORIENTED_EDGE('',*,*,#3293,.F.);
#3375=ORIENTED_EDGE('',*,*,#3206,.F.);
#3376=EDGE_LOOP('',(#3352,#3353,#3354,#3355,#3356,#3358,#3360,#3362,#3364,#3366,
#3368,#3370,#3372,#3373,#3374,#3375));
#3377=FACE_OUTER_BOUND('',#3376,.F.);
#3378=ADVANCED_FACE('',(#3377),#3351,.T.);
#3379=CARTESIAN_POINT('',(8.4E-1,5.31E-1,2.5E-2));
#3380=DIRECTION('',(1.E0,0.E0,0.E0));
#3381=DIRECTION('',(0.E0,0.E0,-1.E0));
#3382=AXIS2_PLACEMENT_3D('',#3379,#3380,#3381);
#3383=PLANE('',#3382);
#3385=ORIENTED_EDGE('',*,*,#3384,.T.);
#3386=ORIENTED_EDGE('',*,*,#3357,.T.);
#3387=ORIENTED_EDGE('',*,*,#3276,.F.);
#3388=ORIENTED_EDGE('',*,*,#3323,.F.);
#3389=EDGE_LOOP('',(#3385,#3386,#3387,#3388));
#3390=FACE_OUTER_BOUND('',#3389,.F.);
#3391=ADVANCED_FACE('',(#3390),#3383,.F.);
#3392=CARTESIAN_POINT('',(9.E-1,5.34E-1,2.5E-2));
#3393=DIRECTION('',(0.E0,0.E0,1.E0));
#3394=DIRECTION('',(0.E0,-1.E0,0.E0));
#3395=AXIS2_PLACEMENT_3D('',#3392,#3393,#3394);
#3396=PLANE('',#3395);
#3398=ORIENTED_EDGE('',*,*,#3397,.T.);
#3399=ORIENTED_EDGE('',*,*,#3359,.T.);
#3400=ORIENTED_EDGE('',*,*,#3384,.F.);
#3401=ORIENTED_EDGE('',*,*,#3328,.F.);
#3403=ORIENTED_EDGE('',*,*,#3402,.T.);
#3404=ORIENTED_EDGE('',*,*,#3188,.F.);
#3405=EDGE_LOOP('',(#3398,#3399,#3400,#3401,#3403,#3404));
#3406=FACE_OUTER_BOUND('',#3405,.F.);
#3407=ADVANCED_FACE('',(#3406),#3396,.F.);
#3408=CARTESIAN_POINT('',(9.E-1,5.34E-1,2.5E-2));
#3409=DIRECTION('',(0.E0,0.E0,1.E0));
#3410=DIRECTION('',(0.E0,-1.E0,0.E0));
#3411=AXIS2_PLACEMENT_3D('',#3408,#3409,#3410);
#3412=PLANE('',#3411);
#3413=ORIENTED_EDGE('',*,*,#3311,.F.);
#3414=ORIENTED_EDGE('',*,*,#3341,.T.);
#3415=ORIENTED_EDGE('',*,*,#3371,.T.);
#3417=ORIENTED_EDGE('',*,*,#3416,.T.);
#3418=ORIENTED_EDGE('',*,*,#3193,.F.);
#3419=ORIENTED_EDGE('',*,*,#3136,.T.);
#3420=EDGE_LOOP('',(#3413,#3414,#3415,#3417,#3418,#3419));
#3421=FACE_OUTER_BOUND('',#3420,.F.);
#3422=ADVANCED_FACE('',(#3421),#3412,.F.);
#3423=CARTESIAN_POINT('',(7.9E-1,5.31E-1,4.E-2));
#3424=DIRECTION('',(0.E0,1.E0,0.E0));
#3425=DIRECTION('',(1.E0,0.E0,0.E0));
#3426=AXIS2_PLACEMENT_3D('',#3423,#3424,#3425);
#3427=CYLINDRICAL_SURFACE('',#3426,1.5E-2);
#3428=ORIENTED_EDGE('',*,*,#3186,.T.);
#3430=ORIENTED_EDGE('',*,*,#3429,.T.);
#3431=ORIENTED_EDGE('',*,*,#3361,.T.);
#3432=ORIENTED_EDGE('',*,*,#3397,.F.);
#3433=EDGE_LOOP('',(#3428,#3430,#3431,#3432));
#3434=FACE_OUTER_BOUND('',#3433,.F.);
#3435=ADVANCED_FACE('',(#3434),#3427,.T.);
#3436=CARTESIAN_POINT('',(7.75E-1,5.31E-1,9.E-2));
#3437=DIRECTION('',(1.E0,0.E0,0.E0));
#3438=DIRECTION('',(0.E0,0.E0,-1.E0));
#3439=AXIS2_PLACEMENT_3D('',#3436,#3437,#3438);
#3440=PLANE('',#3439);
#3442=ORIENTED_EDGE('',*,*,#3441,.T.);
#3443=ORIENTED_EDGE('',*,*,#3363,.T.);
#3444=ORIENTED_EDGE('',*,*,#3429,.F.);
#3445=ORIENTED_EDGE('',*,*,#3184,.F.);
#3446=EDGE_LOOP('',(#3442,#3443,#3444,#3445));
#3447=FACE_OUTER_BOUND('',#3446,.F.);
#3448=ADVANCED_FACE('',(#3447),#3440,.F.);
#3449=CARTESIAN_POINT('',(7.25E-1,5.31E-1,9.E-2));
#3450=DIRECTION('',(0.E0,0.E0,1.E0));
#3451=DIRECTION('',(1.E0,0.E0,0.E0));
#3452=AXIS2_PLACEMENT_3D('',#3449,#3450,#3451);
#3453=PLANE('',#3452);
#3455=ORIENTED_EDGE('',*,*,#3454,.T.);
#3456=ORIENTED_EDGE('',*,*,#3365,.T.);
#3457=ORIENTED_EDGE('',*,*,#3441,.F.);
#3458=ORIENTED_EDGE('',*,*,#3182,.F.);
#3459=EDGE_LOOP('',(#3455,#3456,#3457,#3458));
#3460=FACE_OUTER_BOUND('',#3459,.F.);
#3461=ADVANCED_FACE('',(#3460),#3453,.F.);
#3462=CARTESIAN_POINT('',(7.25E-1,5.31E-1,4.E-2));
#3463=DIRECTION('',(-1.E0,0.E0,0.E0));
#3464=DIRECTION('',(0.E0,0.E0,1.E0));
#3465=AXIS2_PLACEMENT_3D('',#3462,#3463,#3464);
#3466=PLANE('',#3465);
#3468=ORIENTED_EDGE('',*,*,#3467,.T.);
#3469=ORIENTED_EDGE('',*,*,#3367,.T.);
#3470=ORIENTED_EDGE('',*,*,#3454,.F.);
#3471=ORIENTED_EDGE('',*,*,#3180,.F.);
#3472=EDGE_LOOP('',(#3468,#3469,#3470,#3471));
#3473=FACE_OUTER_BOUND('',#3472,.F.);
#3474=ADVANCED_FACE('',(#3473),#3466,.F.);
#3475=CARTESIAN_POINT('',(7.1E-1,5.31E-1,4.E-2));
#3476=DIRECTION('',(0.E0,1.E0,0.E0));
#3477=DIRECTION('',(1.E0,0.E0,0.E0));
#3478=AXIS2_PLACEMENT_3D('',#3475,#3476,#3477);
#3479=CYLINDRICAL_SURFACE('',#3478,1.5E-2);
#3480=ORIENTED_EDGE('',*,*,#3178,.T.);
#3481=ORIENTED_EDGE('',*,*,#3416,.F.);
#3482=ORIENTED_EDGE('',*,*,#3369,.T.);
#3483=ORIENTED_EDGE('',*,*,#3467,.F.);
#3484=EDGE_LOOP('',(#3480,#3481,#3482,#3483));
#3485=FACE_OUTER_BOUND('',#3484,.F.);
#3486=ADVANCED_FACE('',(#3485),#3479,.T.);
#3487=CARTESIAN_POINT('',(7.5E-1,4.81E-1,0.E0));
#3488=DIRECTION('',(0.E0,-1.E0,0.E0));
#3489=DIRECTION('',(0.E0,0.E0,1.E0));
#3490=AXIS2_PLACEMENT_3D('',#3487,#3488,#3489);
#3491=TOROIDAL_SURFACE('',#3490,1.E-1,5.E-2);
#3492=ORIENTED_EDGE('',*,*,#3158,.F.);
#3493=ORIENTED_EDGE('',*,*,#3143,.F.);
#3494=ORIENTED_EDGE('',*,*,#3105,.T.);
#3495=ORIENTED_EDGE('',*,*,#3140,.T.);
#3496=ORIENTED_EDGE('',*,*,#3190,.F.);
#3497=ORIENTED_EDGE('',*,*,#3402,.F.);
#3498=ORIENTED_EDGE('',*,*,#3326,.F.);
#3499=ORIENTED_EDGE('',*,*,#3282,.F.);
#3500=EDGE_LOOP('',(#3492,#3493,#3494,#3495,#3496,#3497,#3498,#3499));
#3501=FACE_OUTER_BOUND('',#3500,.F.);
#3502=ADVANCED_FACE('',(#3501),#3491,.T.);
#3503=CARTESIAN_POINT('',(-4.9E-2,0.E0,0.E0));
#3504=DIRECTION('',(-1.E0,0.E0,0.E0));
#3505=DIRECTION('',(0.E0,0.E0,1.E0));
#3506=AXIS2_PLACEMENT_3D('',#3503,#3504,#3505);
#3507=PLANE('',#3506);
#3508=ORIENTED_EDGE('',*,*,#2432,.F.);
#3509=ORIENTED_EDGE('',*,*,#2644,.T.);
#3510=ORIENTED_EDGE('',*,*,#2575,.T.);
#3511=ORIENTED_EDGE('',*,*,#2312,.T.);
#3513=ORIENTED_EDGE('',*,*,#3512,.F.);
#3515=ORIENTED_EDGE('',*,*,#3514,.F.);
#3517=ORIENTED_EDGE('',*,*,#3516,.F.);
#3518=EDGE_LOOP('',(#3508,#3509,#3510,#3511,#3513,#3515,#3517));
#3519=FACE_OUTER_BOUND('',#3518,.F.);
#3520=ADVANCED_FACE('',(#3519),#3507,.T.);
#3521=CARTESIAN_POINT('',(-4.9E-2,3.19E-1,3.96E-1));
#3522=DIRECTION('',(0.E0,0.E0,-1.E0));
#3523=DIRECTION('',(0.E0,-1.E0,0.E0));
#3524=AXIS2_PLACEMENT_3D('',#3521,#3522,#3523);
#3525=PLANE('',#3524);
#3526=ORIENTED_EDGE('',*,*,#2310,.T.);
#3528=ORIENTED_EDGE('',*,*,#3527,.F.);
#3530=ORIENTED_EDGE('',*,*,#3529,.F.);
#3531=ORIENTED_EDGE('',*,*,#3512,.T.);
#3532=EDGE_LOOP('',(#3526,#3528,#3530,#3531));
#3533=FACE_OUTER_BOUND('',#3532,.F.);
#3534=ADVANCED_FACE('',(#3533),#3525,.F.);
#3535=CARTESIAN_POINT('',(-4.51E-1,0.E0,0.E0));
#3536=DIRECTION('',(-1.E0,0.E0,0.E0));
#3537=DIRECTION('',(0.E0,0.E0,1.E0));
#3538=AXIS2_PLACEMENT_3D('',#3535,#3536,#3537);
#3539=PLANE('',#3538);
#3540=ORIENTED_EDGE('',*,*,#2436,.T.);
#3542=ORIENTED_EDGE('',*,*,#3541,.T.);
#3544=ORIENTED_EDGE('',*,*,#3543,.T.);
#3545=ORIENTED_EDGE('',*,*,#3527,.T.);
#3546=ORIENTED_EDGE('',*,*,#2308,.F.);
#3547=ORIENTED_EDGE('',*,*,#2593,.F.);
#3548=ORIENTED_EDGE('',*,*,#2660,.F.);
#3549=EDGE_LOOP('',(#3540,#3542,#3544,#3545,#3546,#3547,#3548));
#3550=FACE_OUTER_BOUND('',#3549,.F.);
#3551=ADVANCED_FACE('',(#3550),#3539,.F.);
#3552=CARTESIAN_POINT('',(-4.9E-2,8.9E-1,-2.94E-1));
#3553=DIRECTION('',(0.E0,0.E0,-1.E0));
#3554=DIRECTION('',(0.E0,-1.E0,0.E0));
#3555=AXIS2_PLACEMENT_3D('',#3552,#3553,#3554);
#3556=PLANE('',#3555);
#3557=ORIENTED_EDGE('',*,*,#2434,.F.);
#3558=ORIENTED_EDGE('',*,*,#3516,.T.);
#3560=ORIENTED_EDGE('',*,*,#3559,.T.);
#3561=ORIENTED_EDGE('',*,*,#3541,.F.);
#3562=EDGE_LOOP('',(#3557,#3558,#3560,#3561));
#3563=FACE_OUTER_BOUND('',#3562,.F.);
#3564=ADVANCED_FACE('',(#3563),#3556,.F.);
#3565=CARTESIAN_POINT('',(-4.9E-2,3.19E-1,-2.94E-1));
#3566=DIRECTION('',(0.E0,-1.E0,0.E0));
#3567=DIRECTION('',(0.E0,0.E0,1.E0));
#3568=AXIS2_PLACEMENT_3D('',#3565,#3566,#3567);
#3569=PLANE('',#3568);
#3570=ORIENTED_EDGE('',*,*,#3514,.T.);
#3571=ORIENTED_EDGE('',*,*,#3529,.T.);
#3572=ORIENTED_EDGE('',*,*,#3543,.F.);
#3573=ORIENTED_EDGE('',*,*,#3559,.F.);
#3574=EDGE_LOOP('',(#3570,#3571,#3572,#3573));
#3575=FACE_OUTER_BOUND('',#3574,.F.);
#3577=ORIENTED_EDGE('',*,*,#3576,.F.);
#3579=ORIENTED_EDGE('',*,*,#3578,.T.);
#3581=ORIENTED_EDGE('',*,*,#3580,.T.);
#3583=ORIENTED_EDGE('',*,*,#3582,.F.);
#3584=EDGE_LOOP('',(#3577,#3579,#3581,#3583));
#3585=FACE_BOUND('',#3584,.F.);
#3586=ADVANCED_FACE('',(#3575,#3585),#3569,.F.);
#3587=CARTESIAN_POINT('',(-4.37E-1,0.E0,0.E0));
#3588=DIRECTION('',(1.E0,0.E0,0.E0));
#3589=DIRECTION('',(0.E0,0.E0,-1.E0));
#3590=AXIS2_PLACEMENT_3D('',#3587,#3588,#3589);
#3591=PLANE('',#3590);
#3592=ORIENTED_EDGE('',*,*,#3576,.T.);
#3594=ORIENTED_EDGE('',*,*,#3593,.T.);
#3596=ORIENTED_EDGE('',*,*,#3595,.T.);
#3598=ORIENTED_EDGE('',*,*,#3597,.T.);
#3599=EDGE_LOOP('',(#3592,#3594,#3596,#3598));
#3600=FACE_OUTER_BOUND('',#3599,.F.);
#3601=ADVANCED_FACE('',(#3600),#3591,.F.);
#3602=CARTESIAN_POINT('',(-4.37E-1,2.E-2,-1.87E-1));
#3603=DIRECTION('',(0.E0,0.E0,-1.E0));
#3604=DIRECTION('',(0.E0,1.E0,0.E0));
#3605=AXIS2_PLACEMENT_3D('',#3602,#3603,#3604);
#3606=PLANE('',#3605);
#3607=ORIENTED_EDGE('',*,*,#3582,.T.);
#3609=ORIENTED_EDGE('',*,*,#3608,.T.);
#3611=ORIENTED_EDGE('',*,*,#3610,.F.);
#3612=ORIENTED_EDGE('',*,*,#3593,.F.);
#3613=EDGE_LOOP('',(#3607,#3609,#3611,#3612));
#3614=FACE_OUTER_BOUND('',#3613,.F.);
#3615=ADVANCED_FACE('',(#3614),#3606,.T.);
#3616=CARTESIAN_POINT('',(-6.3E-2,0.E0,0.E0));
#3617=DIRECTION('',(1.E0,0.E0,0.E0));
#3618=DIRECTION('',(0.E0,0.E0,-1.E0));
#3619=AXIS2_PLACEMENT_3D('',#3616,#3617,#3618);
#3620=PLANE('',#3619);
#3621=ORIENTED_EDGE('',*,*,#3580,.F.);
#3623=ORIENTED_EDGE('',*,*,#3622,.F.);
#3625=ORIENTED_EDGE('',*,*,#3624,.F.);
#3626=ORIENTED_EDGE('',*,*,#3608,.F.);
#3627=EDGE_LOOP('',(#3621,#3623,#3625,#3626));
#3628=FACE_OUTER_BOUND('',#3627,.F.);
#3629=ADVANCED_FACE('',(#3628),#3620,.T.);
#3630=CARTESIAN_POINT('',(-4.37E-1,4.29E-1,1.87E-1));
#3631=DIRECTION('',(0.E0,0.E0,1.E0));
#3632=DIRECTION('',(0.E0,-1.E0,0.E0));
#3633=AXIS2_PLACEMENT_3D('',#3630,#3631,#3632);
#3634=PLANE('',#3633);
#3635=ORIENTED_EDGE('',*,*,#3578,.F.);
#3636=ORIENTED_EDGE('',*,*,#3597,.F.);
#3638=ORIENTED_EDGE('',*,*,#3637,.T.);
#3639=ORIENTED_EDGE('',*,*,#3622,.T.);
#3640=EDGE_LOOP('',(#3635,#3636,#3638,#3639));
#3641=FACE_OUTER_BOUND('',#3640,.F.);
#3642=ADVANCED_FACE('',(#3641),#3634,.T.);
#3643=CARTESIAN_POINT('',(-4.37E-1,4.29E-1,-1.87E-1));
#3644=DIRECTION('',(0.E0,1.E0,0.E0));
#3645=DIRECTION('',(0.E0,0.E0,1.E0));
#3646=AXIS2_PLACEMENT_3D('',#3643,#3644,#3645);
#3647=PLANE('',#3646);
#3648=ORIENTED_EDGE('',*,*,#3595,.F.);
#3649=ORIENTED_EDGE('',*,*,#3610,.T.);
#3650=ORIENTED_EDGE('',*,*,#3624,.T.);
#3651=ORIENTED_EDGE('',*,*,#3637,.F.);
#3652=EDGE_LOOP('',(#3648,#3649,#3650,#3651));
#3653=FACE_OUTER_BOUND('',#3652,.F.);
#3655=ORIENTED_EDGE('',*,*,#3654,.F.);
#3657=ORIENTED_EDGE('',*,*,#3656,.F.);
#3658=EDGE_LOOP('',(#3655,#3657));
#3659=FACE_BOUND('',#3658,.F.);
#3660=ADVANCED_FACE('',(#3653,#3659),#3647,.T.);
#3661=CARTESIAN_POINT('',(-2.5E-1,5.385E-1,0.E0));
#3662=DIRECTION('',(0.E0,-1.E0,0.E0));
#3663=DIRECTION('',(0.E0,0.E0,1.E0));
#3664=AXIS2_PLACEMENT_3D('',#3661,#3662,#3663);
#3665=CYLINDRICAL_SURFACE('',#3664,1.5E-1);
#3666=ORIENTED_EDGE('',*,*,#3654,.T.);
#3668=ORIENTED_EDGE('',*,*,#3667,.T.);
#3670=ORIENTED_EDGE('',*,*,#3669,.F.);
#3672=ORIENTED_EDGE('',*,*,#3671,.F.);
#3673=EDGE_LOOP('',(#3666,#3668,#3670,#3672));
#3674=FACE_OUTER_BOUND('',#3673,.F.);
#3675=ADVANCED_FACE('',(#3674),#3665,.T.);
#3676=CARTESIAN_POINT('',(-2.5E-1,5.385E-1,0.E0));
#3677=DIRECTION('',(0.E0,-1.E0,0.E0));
#3678=DIRECTION('',(0.E0,0.E0,1.E0));
#3679=AXIS2_PLACEMENT_3D('',#3676,#3677,#3678);
#3680=CYLINDRICAL_SURFACE('',#3679,1.5E-1);
#3681=ORIENTED_EDGE('',*,*,#3656,.T.);
#3682=ORIENTED_EDGE('',*,*,#3671,.T.);
#3684=ORIENTED_EDGE('',*,*,#3683,.T.);
#3685=ORIENTED_EDGE('',*,*,#3667,.F.);
#3686=EDGE_LOOP('',(#3681,#3682,#3684,#3685));
#3687=FACE_OUTER_BOUND('',#3686,.F.);
#3688=ADVANCED_FACE('',(#3687),#3680,.T.);
#3689=CARTESIAN_POINT('',(-2.5E-1,4.81E-1,0.E0));
#3690=DIRECTION('',(0.E0,-1.E0,0.E0));
#3691=DIRECTION('',(0.E0,0.E0,1.E0));
#3692=AXIS2_PLACEMENT_3D('',#3689,#3690,#3691);
#3693=TOROIDAL_SURFACE('',#3692,1.E-1,5.E-2);
#3695=ORIENTED_EDGE('',*,*,#3694,.F.);
#3697=ORIENTED_EDGE('',*,*,#3696,.T.);
#3699=ORIENTED_EDGE('',*,*,#3698,.F.);
#3700=ORIENTED_EDGE('',*,*,#3683,.F.);
#3702=ORIENTED_EDGE('',*,*,#3701,.T.);
#3704=ORIENTED_EDGE('',*,*,#3703,.T.);
#3706=ORIENTED_EDGE('',*,*,#3705,.F.);
#3708=ORIENTED_EDGE('',*,*,#3707,.F.);
#3709=EDGE_LOOP('',(#3695,#3697,#3699,#3700,#3702,#3704,#3706,#3708));
#3710=FACE_OUTER_BOUND('',#3709,.F.);
#3711=ADVANCED_FACE('',(#3710),#3693,.T.);
#3712=CARTESIAN_POINT('',(-1.E-1,5.34E-1,2.5E-2));
#3713=DIRECTION('',(0.E0,0.E0,1.E0));
#3714=DIRECTION('',(0.E0,-1.E0,0.E0));
#3715=AXIS2_PLACEMENT_3D('',#3712,#3713,#3714);
#3716=PLANE('',#3715);
#3718=ORIENTED_EDGE('',*,*,#3717,.T.);
#3720=ORIENTED_EDGE('',*,*,#3719,.T.);
#3721=ORIENTED_EDGE('',*,*,#3694,.T.);
#3723=ORIENTED_EDGE('',*,*,#3722,.F.);
#3724=EDGE_LOOP('',(#3718,#3720,#3721,#3723));
#3725=FACE_OUTER_BOUND('',#3724,.F.);
#3726=ADVANCED_FACE('',(#3725),#3716,.F.);
#3727=CARTESIAN_POINT('',(-2.5E-1,4.81E-1,0.E0));
#3728=DIRECTION('',(0.E0,-1.E0,0.E0));
#3729=DIRECTION('',(0.E0,0.E0,1.E0));
#3730=AXIS2_PLACEMENT_3D('',#3727,#3728,#3729);
#3731=TOROIDAL_SURFACE('',#3730,1.E-1,5.E-2);
#3732=ORIENTED_EDGE('',*,*,#3717,.F.);
#3734=ORIENTED_EDGE('',*,*,#3733,.F.);
#3736=ORIENTED_EDGE('',*,*,#3735,.F.);
#3738=ORIENTED_EDGE('',*,*,#3737,.F.);
#3739=ORIENTED_EDGE('',*,*,#3701,.F.);
#3740=ORIENTED_EDGE('',*,*,#3669,.T.);
#3741=ORIENTED_EDGE('',*,*,#3698,.T.);
#3743=ORIENTED_EDGE('',*,*,#3742,.F.);
#3744=EDGE_LOOP('',(#3732,#3734,#3736,#3738,#3739,#3740,#3741,#3743));
#3745=FACE_OUTER_BOUND('',#3744,.F.);
#3746=ADVANCED_FACE('',(#3745),#3731,.T.);
#3747=CARTESIAN_POINT('',(-1.E-1,4.84E-1,2.5E-2));
#3748=DIRECTION('',(0.E0,-1.E0,0.E0));
#3749=DIRECTION('',(0.E0,0.E0,-1.E0));
#3750=AXIS2_PLACEMENT_3D('',#3747,#3748,#3749);
#3751=PLANE('',#3750);
#3752=ORIENTED_EDGE('',*,*,#3733,.T.);
#3753=ORIENTED_EDGE('',*,*,#3722,.T.);
#3754=ORIENTED_EDGE('',*,*,#3707,.T.);
#3756=ORIENTED_EDGE('',*,*,#3755,.F.);
#3757=EDGE_LOOP('',(#3752,#3753,#3754,#3756));
#3758=FACE_OUTER_BOUND('',#3757,.F.);
#3759=ADVANCED_FACE('',(#3758),#3751,.F.);
#3760=CARTESIAN_POINT('',(-1.E-1,4.84E-1,-2.5E-2));
#3761=DIRECTION('',(0.E0,0.E0,-1.E0));
#3762=DIRECTION('',(0.E0,1.E0,0.E0));
#3763=AXIS2_PLACEMENT_3D('',#3760,#3761,#3762);
#3764=PLANE('',#3763);
#3765=ORIENTED_EDGE('',*,*,#3735,.T.);
#3766=ORIENTED_EDGE('',*,*,#3755,.T.);
#3767=ORIENTED_EDGE('',*,*,#3705,.T.);
#3769=ORIENTED_EDGE('',*,*,#3768,.F.);
#3770=EDGE_LOOP('',(#3765,#3766,#3767,#3769));
#3771=FACE_OUTER_BOUND('',#3770,.F.);
#3772=ADVANCED_FACE('',(#3771),#3764,.F.);
#3773=CARTESIAN_POINT('',(-2.5E-1,5.31E-1,0.E0));
#3774=DIRECTION('',(0.E0,-1.E0,0.E0));
#3775=DIRECTION('',(0.E0,0.E0,1.E0));
#3776=AXIS2_PLACEMENT_3D('',#3773,#3774,#3775);
#3777=PLANE('',#3776);
#3778=ORIENTED_EDGE('',*,*,#3719,.F.);
#3779=ORIENTED_EDGE('',*,*,#3742,.T.);
#3780=ORIENTED_EDGE('',*,*,#3696,.F.);
#3781=EDGE_LOOP('',(#3778,#3779,#3780));
#3782=FACE_OUTER_BOUND('',#3781,.F.);
#3783=ADVANCED_FACE('',(#3782),#3777,.F.);
#3784=CARTESIAN_POINT('',(-2.5E-1,5.31E-1,0.E0));
#3785=DIRECTION('',(0.E0,-1.E0,0.E0));
#3786=DIRECTION('',(0.E0,0.E0,1.E0));
#3787=AXIS2_PLACEMENT_3D('',#3784,#3785,#3786);
#3788=PLANE('',#3787);
#3789=ORIENTED_EDGE('',*,*,#3768,.T.);
#3790=ORIENTED_EDGE('',*,*,#3703,.F.);
#3791=ORIENTED_EDGE('',*,*,#3737,.T.);
#3792=EDGE_LOOP('',(#3789,#3790,#3791));
#3793=FACE_OUTER_BOUND('',#3792,.F.);
#3794=ADVANCED_FACE('',(#3793),#3788,.F.);
#3795=CARTESIAN_POINT('',(-9.51E-1,0.E0,0.E0));
#3796=DIRECTION('',(-1.E0,0.E0,0.E0));
#3797=DIRECTION('',(0.E0,0.E0,1.E0));
#3798=AXIS2_PLACEMENT_3D('',#3795,#3796,#3797);
#3799=PLANE('',#3798);
#3800=ORIENTED_EDGE('',*,*,#2406,.T.);
#3801=ORIENTED_EDGE('',*,*,#2452,.T.);
#3802=ORIENTED_EDGE('',*,*,#2465,.T.);
#3803=ORIENTED_EDGE('',*,*,#2490,.T.);
#3804=ORIENTED_EDGE('',*,*,#2232,.F.);
#3805=ORIENTED_EDGE('',*,*,#2604,.F.);
#3806=ORIENTED_EDGE('',*,*,#2671,.F.);
#3807=EDGE_LOOP('',(#3800,#3801,#3802,#3803,#3804,#3805,#3806));
#3808=FACE_OUTER_BOUND('',#3807,.F.);
#3809=ADVANCED_FACE('',(#3808),#3799,.F.);
#3810=CARTESIAN_POINT('',(-9.37E-1,0.E0,0.E0));
#3811=DIRECTION('',(1.E0,0.E0,0.E0));
#3812=DIRECTION('',(0.E0,0.E0,-1.E0));
#3813=AXIS2_PLACEMENT_3D('',#3810,#3811,#3812);
#3814=PLANE('',#3813);
#3815=ORIENTED_EDGE('',*,*,#2470,.T.);
#3817=ORIENTED_EDGE('',*,*,#3816,.T.);
#3819=ORIENTED_EDGE('',*,*,#3818,.T.);
#3821=ORIENTED_EDGE('',*,*,#3820,.T.);
#3822=EDGE_LOOP('',(#3815,#3817,#3819,#3821));
#3823=FACE_OUTER_BOUND('',#3822,.F.);
#3824=ADVANCED_FACE('',(#3823),#3814,.F.);
#3825=CARTESIAN_POINT('',(-9.37E-1,2.E-2,-1.87E-1));
#3826=DIRECTION('',(0.E0,0.E0,-1.E0));
#3827=DIRECTION('',(0.E0,1.E0,0.E0));
#3828=AXIS2_PLACEMENT_3D('',#3825,#3826,#3827);
#3829=PLANE('',#3828);
#3830=ORIENTED_EDGE('',*,*,#2476,.T.);
#3832=ORIENTED_EDGE('',*,*,#3831,.T.);
#3834=ORIENTED_EDGE('',*,*,#3833,.F.);
#3835=ORIENTED_EDGE('',*,*,#3816,.F.);
#3836=EDGE_LOOP('',(#3830,#3832,#3834,#3835));
#3837=FACE_OUTER_BOUND('',#3836,.F.);
#3838=ADVANCED_FACE('',(#3837),#3829,.T.);
#3839=CARTESIAN_POINT('',(-5.63E-1,0.E0,0.E0));
#3840=DIRECTION('',(1.E0,0.E0,0.E0));
#3841=DIRECTION('',(0.E0,0.E0,-1.E0));
#3842=AXIS2_PLACEMENT_3D('',#3839,#3840,#3841);
#3843=PLANE('',#3842);
#3844=ORIENTED_EDGE('',*,*,#2474,.F.);
#3846=ORIENTED_EDGE('',*,*,#3845,.F.);
#3848=ORIENTED_EDGE('',*,*,#3847,.F.);
#3849=ORIENTED_EDGE('',*,*,#3831,.F.);
#3850=EDGE_LOOP('',(#3844,#3846,#3848,#3849));
#3851=FACE_OUTER_BOUND('',#3850,.F.);
#3852=ADVANCED_FACE('',(#3851),#3843,.T.);
#3853=CARTESIAN_POINT('',(-9.37E-1,4.29E-1,1.87E-1));
#3854=DIRECTION('',(0.E0,0.E0,1.E0));
#3855=DIRECTION('',(0.E0,-1.E0,0.E0));
#3856=AXIS2_PLACEMENT_3D('',#3853,#3854,#3855);
#3857=PLANE('',#3856);
#3858=ORIENTED_EDGE('',*,*,#2472,.F.);
#3859=ORIENTED_EDGE('',*,*,#3820,.F.);
#3861=ORIENTED_EDGE('',*,*,#3860,.T.);
#3862=ORIENTED_EDGE('',*,*,#3845,.T.);
#3863=EDGE_LOOP('',(#3858,#3859,#3861,#3862));
#3864=FACE_OUTER_BOUND('',#3863,.F.);
#3865=ADVANCED_FACE('',(#3864),#3857,.T.);
#3866=CARTESIAN_POINT('',(-9.37E-1,4.29E-1,-1.87E-1));
#3867=DIRECTION('',(0.E0,1.E0,0.E0));
#3868=DIRECTION('',(0.E0,0.E0,1.E0));
#3869=AXIS2_PLACEMENT_3D('',#3866,#3867,#3868);
#3870=PLANE('',#3869);
#3871=ORIENTED_EDGE('',*,*,#3818,.F.);
#3872=ORIENTED_EDGE('',*,*,#3833,.T.);
#3873=ORIENTED_EDGE('',*,*,#3847,.T.);
#3874=ORIENTED_EDGE('',*,*,#3860,.F.);
#3875=EDGE_LOOP('',(#3871,#3872,#3873,#3874));
#3876=FACE_OUTER_BOUND('',#3875,.F.);
#3878=ORIENTED_EDGE('',*,*,#3877,.F.);
#3880=ORIENTED_EDGE('',*,*,#3879,.F.);
#3881=EDGE_LOOP('',(#3878,#3880));
#3882=FACE_BOUND('',#3881,.F.);
#3883=ADVANCED_FACE('',(#3876,#3882),#3870,.T.);
#3884=CARTESIAN_POINT('',(-7.5E-1,5.385E-1,0.E0));
#3885=DIRECTION('',(0.E0,-1.E0,0.E0));
#3886=DIRECTION('',(0.E0,0.E0,1.E0));
#3887=AXIS2_PLACEMENT_3D('',#3884,#3885,#3886);
#3888=CYLINDRICAL_SURFACE('',#3887,1.5E-1);
#3889=ORIENTED_EDGE('',*,*,#3877,.T.);
#3891=ORIENTED_EDGE('',*,*,#3890,.T.);
#3893=ORIENTED_EDGE('',*,*,#3892,.F.);
#3895=ORIENTED_EDGE('',*,*,#3894,.F.);
#3896=EDGE_LOOP('',(#3889,#3891,#3893,#3895));
#3897=FACE_OUTER_BOUND('',#3896,.F.);
#3898=ADVANCED_FACE('',(#3897),#3888,.T.);
#3899=CARTESIAN_POINT('',(-7.5E-1,5.385E-1,0.E0));
#3900=DIRECTION('',(0.E0,-1.E0,0.E0));
#3901=DIRECTION('',(0.E0,0.E0,1.E0));
#3902=AXIS2_PLACEMENT_3D('',#3899,#3900,#3901);
#3903=CYLINDRICAL_SURFACE('',#3902,1.5E-1);
#3904=ORIENTED_EDGE('',*,*,#3879,.T.);
#3905=ORIENTED_EDGE('',*,*,#3894,.T.);
#3907=ORIENTED_EDGE('',*,*,#3906,.T.);
#3908=ORIENTED_EDGE('',*,*,#3890,.F.);
#3909=EDGE_LOOP('',(#3904,#3905,#3907,#3908));
#3910=FACE_OUTER_BOUND('',#3909,.F.);
#3911=ADVANCED_FACE('',(#3910),#3903,.T.);
#3912=CARTESIAN_POINT('',(-7.5E-1,4.81E-1,0.E0));
#3913=DIRECTION('',(0.E0,-1.E0,0.E0));
#3914=DIRECTION('',(0.E0,0.E0,1.E0));
#3915=AXIS2_PLACEMENT_3D('',#3912,#3913,#3914);
#3916=TOROIDAL_SURFACE('',#3915,1.E-1,5.E-2);
#3918=ORIENTED_EDGE('',*,*,#3917,.F.);
#3920=ORIENTED_EDGE('',*,*,#3919,.T.);
#3922=ORIENTED_EDGE('',*,*,#3921,.F.);
#3923=ORIENTED_EDGE('',*,*,#3906,.F.);
#3925=ORIENTED_EDGE('',*,*,#3924,.T.);
#3927=ORIENTED_EDGE('',*,*,#3926,.T.);
#3929=ORIENTED_EDGE('',*,*,#3928,.F.);
#3931=ORIENTED_EDGE('',*,*,#3930,.F.);
#3932=EDGE_LOOP('',(#3918,#3920,#3922,#3923,#3925,#3927,#3929,#3931));
#3933=FACE_OUTER_BOUND('',#3932,.F.);
#3934=ADVANCED_FACE('',(#3933),#3916,.T.);
#3935=CARTESIAN_POINT('',(-6.E-1,5.34E-1,2.5E-2));
#3936=DIRECTION('',(0.E0,0.E0,1.E0));
#3937=DIRECTION('',(0.E0,-1.E0,0.E0));
#3938=AXIS2_PLACEMENT_3D('',#3935,#3936,#3937);
#3939=PLANE('',#3938);
#3941=ORIENTED_EDGE('',*,*,#3940,.T.);
#3943=ORIENTED_EDGE('',*,*,#3942,.T.);
#3944=ORIENTED_EDGE('',*,*,#3917,.T.);
#3946=ORIENTED_EDGE('',*,*,#3945,.F.);
#3947=EDGE_LOOP('',(#3941,#3943,#3944,#3946));
#3948=FACE_OUTER_BOUND('',#3947,.F.);
#3949=ADVANCED_FACE('',(#3948),#3939,.F.);
#3950=CARTESIAN_POINT('',(-7.5E-1,4.81E-1,0.E0));
#3951=DIRECTION('',(0.E0,-1.E0,0.E0));
#3952=DIRECTION('',(0.E0,0.E0,1.E0));
#3953=AXIS2_PLACEMENT_3D('',#3950,#3951,#3952);
#3954=TOROIDAL_SURFACE('',#3953,1.E-1,5.E-2);
#3955=ORIENTED_EDGE('',*,*,#3940,.F.);
#3957=ORIENTED_EDGE('',*,*,#3956,.F.);
#3959=ORIENTED_EDGE('',*,*,#3958,.F.);
#3961=ORIENTED_EDGE('',*,*,#3960,.F.);
#3962=ORIENTED_EDGE('',*,*,#3924,.F.);
#3963=ORIENTED_EDGE('',*,*,#3892,.T.);
#3964=ORIENTED_EDGE('',*,*,#3921,.T.);
#3966=ORIENTED_EDGE('',*,*,#3965,.F.);
#3967=EDGE_LOOP('',(#3955,#3957,#3959,#3961,#3962,#3963,#3964,#3966));
#3968=FACE_OUTER_BOUND('',#3967,.F.);
#3969=ADVANCED_FACE('',(#3968),#3954,.T.);
#3970=CARTESIAN_POINT('',(-6.E-1,4.84E-1,2.5E-2));
#3971=DIRECTION('',(0.E0,-1.E0,0.E0));
#3972=DIRECTION('',(0.E0,0.E0,-1.E0));
#3973=AXIS2_PLACEMENT_3D('',#3970,#3971,#3972);
#3974=PLANE('',#3973);
#3975=ORIENTED_EDGE('',*,*,#3956,.T.);
#3976=ORIENTED_EDGE('',*,*,#3945,.T.);
#3977=ORIENTED_EDGE('',*,*,#3930,.T.);
#3979=ORIENTED_EDGE('',*,*,#3978,.F.);
#3980=EDGE_LOOP('',(#3975,#3976,#3977,#3979));
#3981=FACE_OUTER_BOUND('',#3980,.F.);
#3982=ADVANCED_FACE('',(#3981),#3974,.F.);
#3983=CARTESIAN_POINT('',(-6.E-1,4.84E-1,-2.5E-2));
#3984=DIRECTION('',(0.E0,0.E0,-1.E0));
#3985=DIRECTION('',(0.E0,1.E0,0.E0));
#3986=AXIS2_PLACEMENT_3D('',#3983,#3984,#3985);
#3987=PLANE('',#3986);
#3988=ORIENTED_EDGE('',*,*,#3958,.T.);
#3989=ORIENTED_EDGE('',*,*,#3978,.T.);
#3990=ORIENTED_EDGE('',*,*,#3928,.T.);
#3992=ORIENTED_EDGE('',*,*,#3991,.F.);
#3993=EDGE_LOOP('',(#3988,#3989,#3990,#3992));
#3994=FACE_OUTER_BOUND('',#3993,.F.);
#3995=ADVANCED_FACE('',(#3994),#3987,.F.);
#3996=CARTESIAN_POINT('',(-7.5E-1,5.31E-1,0.E0));
#3997=DIRECTION('',(0.E0,-1.E0,0.E0));
#3998=DIRECTION('',(0.E0,0.E0,1.E0));
#3999=AXIS2_PLACEMENT_3D('',#3996,#3997,#3998);
#4000=PLANE('',#3999);
#4001=ORIENTED_EDGE('',*,*,#3942,.F.);
#4002=ORIENTED_EDGE('',*,*,#3965,.T.);
#4003=ORIENTED_EDGE('',*,*,#3919,.F.);
#4004=EDGE_LOOP('',(#4001,#4002,#4003));
#4005=FACE_OUTER_BOUND('',#4004,.F.);
#4006=ADVANCED_FACE('',(#4005),#4000,.F.);
#4007=CARTESIAN_POINT('',(-7.5E-1,5.31E-1,0.E0));
#4008=DIRECTION('',(0.E0,-1.E0,0.E0));
#4009=DIRECTION('',(0.E0,0.E0,1.E0));
#4010=AXIS2_PLACEMENT_3D('',#4007,#4008,#4009);
#4011=PLANE('',#4010);
#4012=ORIENTED_EDGE('',*,*,#3991,.T.);
#4013=ORIENTED_EDGE('',*,*,#3926,.F.);
#4014=ORIENTED_EDGE('',*,*,#3960,.T.);
#4015=EDGE_LOOP('',(#4012,#4013,#4014));
#4016=FACE_OUTER_BOUND('',#4015,.F.);
#4017=ADVANCED_FACE('',(#4016),#4011,.F.);
#4018=CARTESIAN_POINT('',(-7.795E-1,2.E-2,-2.56E-1));
#4019=DIRECTION('',(0.E0,-1.E0,0.E0));
#4020=DIRECTION('',(1.E0,0.E0,0.E0));
#4021=AXIS2_PLACEMENT_3D('',#4018,#4019,#4020);
#4022=CYLINDRICAL_SURFACE('',#4021,3.55E-2);
#4024=ORIENTED_EDGE('',*,*,#4023,.T.);
#4026=ORIENTED_EDGE('',*,*,#4025,.T.);
#4028=ORIENTED_EDGE('',*,*,#4027,.F.);
#4029=ORIENTED_EDGE('',*,*,#2336,.F.);
#4030=EDGE_LOOP('',(#4024,#4026,#4028,#4029));
#4031=FACE_OUTER_BOUND('',#4030,.F.);
#4032=ADVANCED_FACE('',(#4031),#4022,.T.);
#4033=CARTESIAN_POINT('',(-7.205E-1,2.E-2,-2.205E-1));
#4034=DIRECTION('',(0.E0,0.E0,1.E0));
#4035=DIRECTION('',(-1.E0,0.E0,0.E0));
#4036=AXIS2_PLACEMENT_3D('',#4033,#4034,#4035);
#4037=PLANE('',#4036);
#4038=ORIENTED_EDGE('',*,*,#4023,.F.);
#4039=ORIENTED_EDGE('',*,*,#2342,.F.);
#4041=ORIENTED_EDGE('',*,*,#4040,.T.);
#4043=ORIENTED_EDGE('',*,*,#4042,.T.);
#4044=EDGE_LOOP('',(#4038,#4039,#4041,#4043));
#4045=FACE_OUTER_BOUND('',#4044,.F.);
#4046=ADVANCED_FACE('',(#4045),#4037,.T.);
#4047=CARTESIAN_POINT('',(-7.205E-1,2.E-2,-2.56E-1));
#4048=DIRECTION('',(0.E0,-1.E0,0.E0));
#4049=DIRECTION('',(1.E0,0.E0,0.E0));
#4050=AXIS2_PLACEMENT_3D('',#4047,#4048,#4049);
#4051=CYLINDRICAL_SURFACE('',#4050,3.55E-2);
#4053=ORIENTED_EDGE('',*,*,#4052,.T.);
#4055=ORIENTED_EDGE('',*,*,#4054,.T.);
#4056=ORIENTED_EDGE('',*,*,#4040,.F.);
#4057=ORIENTED_EDGE('',*,*,#2340,.F.);
#4058=EDGE_LOOP('',(#4053,#4055,#4056,#4057));
#4059=FACE_OUTER_BOUND('',#4058,.F.);
#4060=ADVANCED_FACE('',(#4059),#4051,.T.);
#4061=CARTESIAN_POINT('',(-7.795E-1,2.E-2,-2.915E-1));
#4062=DIRECTION('',(0.E0,0.E0,-1.E0));
#4063=DIRECTION('',(1.E0,0.E0,0.E0));
#4064=AXIS2_PLACEMENT_3D('',#4061,#4062,#4063);
#4065=PLANE('',#4064);
#4066=ORIENTED_EDGE('',*,*,#4027,.T.);
#4068=ORIENTED_EDGE('',*,*,#4067,.T.);
#4069=ORIENTED_EDGE('',*,*,#4052,.F.);
#4070=ORIENTED_EDGE('',*,*,#2338,.F.);
#4071=EDGE_LOOP('',(#4066,#4068,#4069,#4070));
#4072=FACE_OUTER_BOUND('',#4071,.F.);
#4073=ADVANCED_FACE('',(#4072),#4065,.T.);
#4074=CARTESIAN_POINT('',(-7.5E-1,-1.5E-1,-2.815E-1));
#4075=DIRECTION('',(0.E0,-7.071067811865E-1,-7.071067811865E-1));
#4076=DIRECTION('',(-1.E0,0.E0,0.E0));
#4077=AXIS2_PLACEMENT_3D('',#4074,#4075,#4076);
#4078=PLANE('',#4077);
#4080=ORIENTED_EDGE('',*,*,#4079,.T.);
#4082=ORIENTED_EDGE('',*,*,#4081,.T.);
#4083=ORIENTED_EDGE('',*,*,#4067,.F.);
#4085=ORIENTED_EDGE('',*,*,#4084,.F.);
#4086=EDGE_LOOP('',(#4080,#4082,#4083,#4085));
#4087=FACE_OUTER_BOUND('',#4086,.F.);
#4088=ADVANCED_FACE('',(#4087),#4078,.T.);
#4089=CARTESIAN_POINT('',(0.E0,-1.6E-1,0.E0));
#4090=DIRECTION('',(0.E0,-1.E0,0.E0));
#4091=DIRECTION('',(1.E0,0.E0,0.E0));
#4092=AXIS2_PLACEMENT_3D('',#4089,#4090,#4091);
#4093=PLANE('',#4092);
#4095=ORIENTED_EDGE('',*,*,#4094,.F.);
#4097=ORIENTED_EDGE('',*,*,#4096,.F.);
#4099=ORIENTED_EDGE('',*,*,#4098,.F.);
#4100=ORIENTED_EDGE('',*,*,#4079,.F.);
#4101=EDGE_LOOP('',(#4095,#4097,#4099,#4100));
#4102=FACE_OUTER_BOUND('',#4101,.F.);
#4103=ADVANCED_FACE('',(#4102),#4093,.T.);
#4104=CARTESIAN_POINT('',(-7.795E-1,-1.499993647195E-1,-2.56E-1));
#4105=DIRECTION('',(0.E0,1.E0,0.E0));
#4106=DIRECTION('',(0.E0,0.E0,-1.E0));
#4107=AXIS2_PLACEMENT_3D('',#4104,#4105,#4106);
#4108=CONICAL_SURFACE('',#4107,2.550005215869E-2,4.499934490254E1);
#4109=ORIENTED_EDGE('',*,*,#4094,.T.);
#4110=ORIENTED_EDGE('',*,*,#4084,.T.);
#4111=ORIENTED_EDGE('',*,*,#4025,.F.);
#4113=ORIENTED_EDGE('',*,*,#4112,.F.);
#4114=EDGE_LOOP('',(#4109,#4110,#4111,#4113));
#4115=FACE_OUTER_BOUND('',#4114,.F.);
#4116=ADVANCED_FACE('',(#4115),#4108,.T.);
#4117=CARTESIAN_POINT('',(-7.5E-1,-1.5E-1,-2.305E-1));
#4118=DIRECTION('',(0.E0,-7.071067811865E-1,7.071067811865E-1));
#4119=DIRECTION('',(-1.E0,0.E0,0.E0));
#4120=AXIS2_PLACEMENT_3D('',#4117,#4118,#4119);
#4121=PLANE('',#4120);
#4122=ORIENTED_EDGE('',*,*,#4096,.T.);
#4123=ORIENTED_EDGE('',*,*,#4112,.T.);
#4124=ORIENTED_EDGE('',*,*,#4042,.F.);
#4126=ORIENTED_EDGE('',*,*,#4125,.F.);
#4127=EDGE_LOOP('',(#4122,#4123,#4124,#4126));
#4128=FACE_OUTER_BOUND('',#4127,.F.);
#4129=ADVANCED_FACE('',(#4128),#4121,.T.);
#4130=CARTESIAN_POINT('',(-7.205E-1,-1.499993647195E-1,-2.56E-1));
#4131=DIRECTION('',(0.E0,1.E0,0.E0));
#4132=DIRECTION('',(0.E0,0.E0,-1.E0));
#4133=AXIS2_PLACEMENT_3D('',#4130,#4131,#4132);
#4134=CONICAL_SURFACE('',#4133,2.550005215869E-2,4.499934490254E1);
#4135=ORIENTED_EDGE('',*,*,#4098,.T.);
#4136=ORIENTED_EDGE('',*,*,#4125,.T.);
#4137=ORIENTED_EDGE('',*,*,#4054,.F.);
#4138=ORIENTED_EDGE('',*,*,#4081,.F.);
#4139=EDGE_LOOP('',(#4135,#4136,#4137,#4138));
#4140=FACE_OUTER_BOUND('',#4139,.F.);
#4141=ADVANCED_FACE('',(#4140),#4134,.T.);
#4142=CARTESIAN_POINT('',(2.205E-1,2.E-2,-2.56E-1));
#4143=DIRECTION('',(0.E0,-1.E0,0.E0));
#4144=DIRECTION('',(1.E0,0.E0,0.E0));
#4145=AXIS2_PLACEMENT_3D('',#4142,#4143,#4144);
#4146=CYLINDRICAL_SURFACE('',#4145,3.55E-2);
#4148=ORIENTED_EDGE('',*,*,#4147,.T.);
#4150=ORIENTED_EDGE('',*,*,#4149,.F.);
#4151=ORIENTED_EDGE('',*,*,#2346,.F.);
#4153=ORIENTED_EDGE('',*,*,#4152,.T.);
#4154=EDGE_LOOP('',(#4148,#4150,#4151,#4153));
#4155=FACE_OUTER_BOUND('',#4154,.F.);
#4156=ADVANCED_FACE('',(#4155),#4146,.T.);
#4157=CARTESIAN_POINT('',(2.205E-1,-1.499993647194E-1,-2.56E-1));
#4158=DIRECTION('',(0.E0,1.E0,0.E0));
#4159=DIRECTION('',(0.E0,0.E0,-1.E0));
#4160=AXIS2_PLACEMENT_3D('',#4157,#4158,#4159);
#4161=CONICAL_SURFACE('',#4160,2.550005215869E-2,4.499934490251E1);
#4163=ORIENTED_EDGE('',*,*,#4162,.T.);
#4165=ORIENTED_EDGE('',*,*,#4164,.T.);
#4166=ORIENTED_EDGE('',*,*,#4147,.F.);
#4168=ORIENTED_EDGE('',*,*,#4167,.F.);
#4169=EDGE_LOOP('',(#4163,#4165,#4166,#4168));
#4170=FACE_OUTER_BOUND('',#4169,.F.);
#4171=ADVANCED_FACE('',(#4170),#4161,.T.);
#4172=CARTESIAN_POINT('',(0.E0,-1.6E-1,0.E0));
#4173=DIRECTION('',(0.E0,-1.E0,0.E0));
#4174=DIRECTION('',(1.E0,0.E0,0.E0));
#4175=AXIS2_PLACEMENT_3D('',#4172,#4173,#4174);
#4176=PLANE('',#4175);
#4177=ORIENTED_EDGE('',*,*,#4162,.F.);
#4179=ORIENTED_EDGE('',*,*,#4178,.F.);
#4181=ORIENTED_EDGE('',*,*,#4180,.F.);
#4183=ORIENTED_EDGE('',*,*,#4182,.F.);
#4184=EDGE_LOOP('',(#4177,#4179,#4181,#4183));
#4185=FACE_OUTER_BOUND('',#4184,.F.);
#4186=ADVANCED_FACE('',(#4185),#4176,.T.);
#4187=CARTESIAN_POINT('',(2.5E-1,-1.5E-1,-2.305E-1));
#4188=DIRECTION('',(0.E0,-7.071067811865E-1,7.071067811865E-1));
#4189=DIRECTION('',(-1.E0,0.E0,0.E0));
#4190=AXIS2_PLACEMENT_3D('',#4187,#4188,#4189);
#4191=PLANE('',#4190);
#4192=ORIENTED_EDGE('',*,*,#4178,.T.);
#4193=ORIENTED_EDGE('',*,*,#4167,.T.);
#4195=ORIENTED_EDGE('',*,*,#4194,.F.);
#4197=ORIENTED_EDGE('',*,*,#4196,.F.);
#4198=EDGE_LOOP('',(#4192,#4193,#4195,#4197));
#4199=FACE_OUTER_BOUND('',#4198,.F.);
#4200=ADVANCED_FACE('',(#4199),#4191,.T.);
#4201=CARTESIAN_POINT('',(2.795E-1,2.E-2,-2.205E-1));
#4202=DIRECTION('',(0.E0,0.E0,1.E0));
#4203=DIRECTION('',(-1.E0,0.E0,0.E0));
#4204=AXIS2_PLACEMENT_3D('',#4201,#4202,#4203);
#4205=PLANE('',#4204);
#4206=ORIENTED_EDGE('',*,*,#4194,.T.);
#4207=ORIENTED_EDGE('',*,*,#4152,.F.);
#4208=ORIENTED_EDGE('',*,*,#2352,.F.);
#4210=ORIENTED_EDGE('',*,*,#4209,.T.);
#4211=EDGE_LOOP('',(#4206,#4207,#4208,#4210));
#4212=FACE_OUTER_BOUND('',#4211,.F.);
#4213=ADVANCED_FACE('',(#4212),#4205,.T.);
#4214=CARTESIAN_POINT('',(2.795E-1,2.E-2,-2.56E-1));
#4215=DIRECTION('',(0.E0,-1.E0,0.E0));
#4216=DIRECTION('',(1.E0,0.E0,0.E0));
#4217=AXIS2_PLACEMENT_3D('',#4214,#4215,#4216);
#4218=CYLINDRICAL_SURFACE('',#4217,3.55E-2);
#4220=ORIENTED_EDGE('',*,*,#4219,.T.);
#4221=ORIENTED_EDGE('',*,*,#4209,.F.);
#4222=ORIENTED_EDGE('',*,*,#2350,.F.);
#4224=ORIENTED_EDGE('',*,*,#4223,.T.);
#4225=EDGE_LOOP('',(#4220,#4221,#4222,#4224));
#4226=FACE_OUTER_BOUND('',#4225,.F.);
#4227=ADVANCED_FACE('',(#4226),#4218,.T.);
#4228=CARTESIAN_POINT('',(2.795E-1,-1.499993647194E-1,-2.56E-1));
#4229=DIRECTION('',(0.E0,1.E0,0.E0));
#4230=DIRECTION('',(0.E0,0.E0,-1.E0));
#4231=AXIS2_PLACEMENT_3D('',#4228,#4229,#4230);
#4232=CONICAL_SURFACE('',#4231,2.550005215869E-2,4.499934490251E1);
#4233=ORIENTED_EDGE('',*,*,#4180,.T.);
#4234=ORIENTED_EDGE('',*,*,#4196,.T.);
#4235=ORIENTED_EDGE('',*,*,#4219,.F.);
#4237=ORIENTED_EDGE('',*,*,#4236,.F.);
#4238=EDGE_LOOP('',(#4233,#4234,#4235,#4237));
#4239=FACE_OUTER_BOUND('',#4238,.F.);
#4240=ADVANCED_FACE('',(#4239),#4232,.T.);
#4241=CARTESIAN_POINT('',(2.5E-1,-1.5E-1,-2.815E-1));
#4242=DIRECTION('',(0.E0,-7.071067811865E-1,-7.071067811865E-1));
#4243=DIRECTION('',(-1.E0,0.E0,0.E0));
#4244=AXIS2_PLACEMENT_3D('',#4241,#4242,#4243);
#4245=PLANE('',#4244);
#4246=ORIENTED_EDGE('',*,*,#4182,.T.);
#4247=ORIENTED_EDGE('',*,*,#4236,.T.);
#4249=ORIENTED_EDGE('',*,*,#4248,.F.);
#4250=ORIENTED_EDGE('',*,*,#4164,.F.);
#4251=EDGE_LOOP('',(#4246,#4247,#4249,#4250));
#4252=FACE_OUTER_BOUND('',#4251,.F.);
#4253=ADVANCED_FACE('',(#4252),#4245,.T.);
#4254=CARTESIAN_POINT('',(2.205E-1,2.E-2,-2.915E-1));
#4255=DIRECTION('',(0.E0,0.E0,-1.E0));
#4256=DIRECTION('',(1.E0,0.E0,0.E0));
#4257=AXIS2_PLACEMENT_3D('',#4254,#4255,#4256);
#4258=PLANE('',#4257);
#4259=ORIENTED_EDGE('',*,*,#4248,.T.);
#4260=ORIENTED_EDGE('',*,*,#4223,.F.);
#4261=ORIENTED_EDGE('',*,*,#2348,.F.);
#4262=ORIENTED_EDGE('',*,*,#4149,.T.);
#4263=EDGE_LOOP('',(#4259,#4260,#4261,#4262));
#4264=FACE_OUTER_BOUND('',#4263,.F.);
#4265=ADVANCED_FACE('',(#4264),#4258,.T.);
#4266=CARTESIAN_POINT('',(-2.795E-1,2.E-2,2.56E-1));
#4267=DIRECTION('',(0.E0,-1.E0,0.E0));
#4268=DIRECTION('',(1.E0,0.E0,0.E0));
#4269=AXIS2_PLACEMENT_3D('',#4266,#4267,#4268);
#4270=CYLINDRICAL_SURFACE('',#4269,3.55E-2);
#4272=ORIENTED_EDGE('',*,*,#4271,.T.);
#4274=ORIENTED_EDGE('',*,*,#4273,.T.);
#4276=ORIENTED_EDGE('',*,*,#4275,.F.);
#4277=ORIENTED_EDGE('',*,*,#2356,.F.);
#4278=EDGE_LOOP('',(#4272,#4274,#4276,#4277));
#4279=FACE_OUTER_BOUND('',#4278,.F.);
#4280=ADVANCED_FACE('',(#4279),#4270,.T.);
#4281=CARTESIAN_POINT('',(-2.205E-1,2.E-2,2.915E-1));
#4282=DIRECTION('',(0.E0,0.E0,1.E0));
#4283=DIRECTION('',(-1.E0,0.E0,0.E0));
#4284=AXIS2_PLACEMENT_3D('',#4281,#4282,#4283);
#4285=PLANE('',#4284);
#4286=ORIENTED_EDGE('',*,*,#4271,.F.);
#4287=ORIENTED_EDGE('',*,*,#2362,.F.);
#4289=ORIENTED_EDGE('',*,*,#4288,.T.);
#4291=ORIENTED_EDGE('',*,*,#4290,.T.);
#4292=EDGE_LOOP('',(#4286,#4287,#4289,#4291));
#4293=FACE_OUTER_BOUND('',#4292,.F.);
#4294=ADVANCED_FACE('',(#4293),#4285,.T.);
#4295=CARTESIAN_POINT('',(-2.205E-1,2.E-2,2.56E-1));
#4296=DIRECTION('',(0.E0,-1.E0,0.E0));
#4297=DIRECTION('',(1.E0,0.E0,0.E0));
#4298=AXIS2_PLACEMENT_3D('',#4295,#4296,#4297);
#4299=CYLINDRICAL_SURFACE('',#4298,3.55E-2);
#4301=ORIENTED_EDGE('',*,*,#4300,.T.);
#4303=ORIENTED_EDGE('',*,*,#4302,.T.);
#4304=ORIENTED_EDGE('',*,*,#4288,.F.);
#4305=ORIENTED_EDGE('',*,*,#2360,.F.);
#4306=EDGE_LOOP('',(#4301,#4303,#4304,#4305));
#4307=FACE_OUTER_BOUND('',#4306,.F.);
#4308=ADVANCED_FACE('',(#4307),#4299,.T.);
#4309=CARTESIAN_POINT('',(-2.795E-1,2.E-2,2.205E-1));
#4310=DIRECTION('',(0.E0,0.E0,-1.E0));
#4311=DIRECTION('',(1.E0,0.E0,0.E0));
#4312=AXIS2_PLACEMENT_3D('',#4309,#4310,#4311);
#4313=PLANE('',#4312);
#4314=ORIENTED_EDGE('',*,*,#4275,.T.);
#4316=ORIENTED_EDGE('',*,*,#4315,.T.);
#4317=ORIENTED_EDGE('',*,*,#4300,.F.);
#4318=ORIENTED_EDGE('',*,*,#2358,.F.);
#4319=EDGE_LOOP('',(#4314,#4316,#4317,#4318));
#4320=FACE_OUTER_BOUND('',#4319,.F.);
#4321=ADVANCED_FACE('',(#4320),#4313,.T.);
#4322=CARTESIAN_POINT('',(-2.5E-1,-1.5E-1,2.305E-1));
#4323=DIRECTION('',(0.E0,-7.071067811865E-1,-7.071067811865E-1));
#4324=DIRECTION('',(-1.E0,0.E0,0.E0));
#4325=AXIS2_PLACEMENT_3D('',#4322,#4323,#4324);
#4326=PLANE('',#4325);
#4328=ORIENTED_EDGE('',*,*,#4327,.T.);
#4330=ORIENTED_EDGE('',*,*,#4329,.T.);
#4331=ORIENTED_EDGE('',*,*,#4315,.F.);
#4333=ORIENTED_EDGE('',*,*,#4332,.F.);
#4334=EDGE_LOOP('',(#4328,#4330,#4331,#4333));
#4335=FACE_OUTER_BOUND('',#4334,.F.);
#4336=ADVANCED_FACE('',(#4335),#4326,.T.);
#4337=CARTESIAN_POINT('',(0.E0,-1.6E-1,0.E0));
#4338=DIRECTION('',(0.E0,-1.E0,0.E0));
#4339=DIRECTION('',(1.E0,0.E0,0.E0));
#4340=AXIS2_PLACEMENT_3D('',#4337,#4338,#4339);
#4341=PLANE('',#4340);
#4343=ORIENTED_EDGE('',*,*,#4342,.F.);
#4345=ORIENTED_EDGE('',*,*,#4344,.F.);
#4347=ORIENTED_EDGE('',*,*,#4346,.F.);
#4348=ORIENTED_EDGE('',*,*,#4327,.F.);
#4349=EDGE_LOOP('',(#4343,#4345,#4347,#4348));
#4350=FACE_OUTER_BOUND('',#4349,.F.);
#4351=ADVANCED_FACE('',(#4350),#4341,.T.);
#4352=CARTESIAN_POINT('',(-2.795E-1,-1.499993647194E-1,2.56E-1));
#4353=DIRECTION('',(0.E0,1.E0,0.E0));
#4354=DIRECTION('',(0.E0,0.E0,-1.E0));
#4355=AXIS2_PLACEMENT_3D('',#4352,#4353,#4354);
#4356=CONICAL_SURFACE('',#4355,2.550005215869E-2,4.499934490251E1);
#4357=ORIENTED_EDGE('',*,*,#4342,.T.);
#4358=ORIENTED_EDGE('',*,*,#4332,.T.);
#4359=ORIENTED_EDGE('',*,*,#4273,.F.);
#4361=ORIENTED_EDGE('',*,*,#4360,.F.);
#4362=EDGE_LOOP('',(#4357,#4358,#4359,#4361));
#4363=FACE_OUTER_BOUND('',#4362,.F.);
#4364=ADVANCED_FACE('',(#4363),#4356,.T.);
#4365=CARTESIAN_POINT('',(-2.5E-1,-1.5E-1,2.815E-1));
#4366=DIRECTION('',(0.E0,-7.071067811865E-1,7.071067811865E-1));
#4367=DIRECTION('',(-1.E0,0.E0,0.E0));
#4368=AXIS2_PLACEMENT_3D('',#4365,#4366,#4367);
#4369=PLANE('',#4368);
#4370=ORIENTED_EDGE('',*,*,#4344,.T.);
#4371=ORIENTED_EDGE('',*,*,#4360,.T.);
#4372=ORIENTED_EDGE('',*,*,#4290,.F.);
#4374=ORIENTED_EDGE('',*,*,#4373,.F.);
#4375=EDGE_LOOP('',(#4370,#4371,#4372,#4374));
#4376=FACE_OUTER_BOUND('',#4375,.F.);
#4377=ADVANCED_FACE('',(#4376),#4369,.T.);
#4378=CARTESIAN_POINT('',(-2.205E-1,-1.499993647194E-1,2.56E-1));
#4379=DIRECTION('',(0.E0,1.E0,0.E0));
#4380=DIRECTION('',(0.E0,0.E0,-1.E0));
#4381=AXIS2_PLACEMENT_3D('',#4378,#4379,#4380);
#4382=CONICAL_SURFACE('',#4381,2.550005215869E-2,4.499934490251E1);
#4383=ORIENTED_EDGE('',*,*,#4346,.T.);
#4384=ORIENTED_EDGE('',*,*,#4373,.T.);
#4385=ORIENTED_EDGE('',*,*,#4302,.F.);
#4386=ORIENTED_EDGE('',*,*,#4329,.F.);
#4387=EDGE_LOOP('',(#4383,#4384,#4385,#4386));
#4388=FACE_OUTER_BOUND('',#4387,.F.);
#4389=ADVANCED_FACE('',(#4388),#4382,.T.);
#4390=CARTESIAN_POINT('',(7.205E-1,2.E-2,2.56E-1));
#4391=DIRECTION('',(0.E0,-1.E0,0.E0));
#4392=DIRECTION('',(1.E0,0.E0,0.E0));
#4393=AXIS2_PLACEMENT_3D('',#4390,#4391,#4392);
#4394=CYLINDRICAL_SURFACE('',#4393,3.55E-2);
#4396=ORIENTED_EDGE('',*,*,#4395,.T.);
#4398=ORIENTED_EDGE('',*,*,#4397,.F.);
#4399=ORIENTED_EDGE('',*,*,#2366,.F.);
#4401=ORIENTED_EDGE('',*,*,#4400,.T.);
#4402=EDGE_LOOP('',(#4396,#4398,#4399,#4401));
#4403=FACE_OUTER_BOUND('',#4402,.F.);
#4404=ADVANCED_FACE('',(#4403),#4394,.T.);
#4405=CARTESIAN_POINT('',(7.205E-1,-1.499993647194E-1,2.56E-1));
#4406=DIRECTION('',(0.E0,1.E0,0.E0));
#4407=DIRECTION('',(0.E0,0.E0,-1.E0));
#4408=AXIS2_PLACEMENT_3D('',#4405,#4406,#4407);
#4409=CONICAL_SURFACE('',#4408,2.550005215869E-2,4.499934490251E1);
#4411=ORIENTED_EDGE('',*,*,#4410,.T.);
#4413=ORIENTED_EDGE('',*,*,#4412,.T.);
#4414=ORIENTED_EDGE('',*,*,#4395,.F.);
#4416=ORIENTED_EDGE('',*,*,#4415,.F.);
#4417=EDGE_LOOP('',(#4411,#4413,#4414,#4416));
#4418=FACE_OUTER_BOUND('',#4417,.F.);
#4419=ADVANCED_FACE('',(#4418),#4409,.T.);
#4420=CARTESIAN_POINT('',(0.E0,-1.6E-1,0.E0));
#4421=DIRECTION('',(0.E0,-1.E0,0.E0));
#4422=DIRECTION('',(1.E0,0.E0,0.E0));
#4423=AXIS2_PLACEMENT_3D('',#4420,#4421,#4422);
#4424=PLANE('',#4423);
#4425=ORIENTED_EDGE('',*,*,#4410,.F.);
#4427=ORIENTED_EDGE('',*,*,#4426,.F.);
#4429=ORIENTED_EDGE('',*,*,#4428,.F.);
#4431=ORIENTED_EDGE('',*,*,#4430,.F.);
#4432=EDGE_LOOP('',(#4425,#4427,#4429,#4431));
#4433=FACE_OUTER_BOUND('',#4432,.F.);
#4434=ADVANCED_FACE('',(#4433),#4424,.T.);
#4435=CARTESIAN_POINT('',(7.5E-1,-1.5E-1,2.815E-1));
#4436=DIRECTION('',(0.E0,-7.071067811865E-1,7.071067811865E-1));
#4437=DIRECTION('',(-1.E0,0.E0,0.E0));
#4438=AXIS2_PLACEMENT_3D('',#4435,#4436,#4437);
#4439=PLANE('',#4438);
#4440=ORIENTED_EDGE('',*,*,#4426,.T.);
#4441=ORIENTED_EDGE('',*,*,#4415,.T.);
#4443=ORIENTED_EDGE('',*,*,#4442,.F.);
#4445=ORIENTED_EDGE('',*,*,#4444,.F.);
#4446=EDGE_LOOP('',(#4440,#4441,#4443,#4445));
#4447=FACE_OUTER_BOUND('',#4446,.F.);
#4448=ADVANCED_FACE('',(#4447),#4439,.T.);
#4449=CARTESIAN_POINT('',(7.795E-1,2.E-2,2.915E-1));
#4450=DIRECTION('',(0.E0,0.E0,1.E0));
#4451=DIRECTION('',(-1.E0,0.E0,0.E0));
#4452=AXIS2_PLACEMENT_3D('',#4449,#4450,#4451);
#4453=PLANE('',#4452);
#4454=ORIENTED_EDGE('',*,*,#4442,.T.);
#4455=ORIENTED_EDGE('',*,*,#4400,.F.);
#4456=ORIENTED_EDGE('',*,*,#2372,.F.);
#4458=ORIENTED_EDGE('',*,*,#4457,.T.);
#4459=EDGE_LOOP('',(#4454,#4455,#4456,#4458));
#4460=FACE_OUTER_BOUND('',#4459,.F.);
#4461=ADVANCED_FACE('',(#4460),#4453,.T.);
#4462=CARTESIAN_POINT('',(7.795E-1,2.E-2,2.56E-1));
#4463=DIRECTION('',(0.E0,-1.E0,0.E0));
#4464=DIRECTION('',(1.E0,0.E0,0.E0));
#4465=AXIS2_PLACEMENT_3D('',#4462,#4463,#4464);
#4466=CYLINDRICAL_SURFACE('',#4465,3.55E-2);
#4468=ORIENTED_EDGE('',*,*,#4467,.T.);
#4469=ORIENTED_EDGE('',*,*,#4457,.F.);
#4470=ORIENTED_EDGE('',*,*,#2370,.F.);
#4472=ORIENTED_EDGE('',*,*,#4471,.T.);
#4473=EDGE_LOOP('',(#4468,#4469,#4470,#4472));
#4474=FACE_OUTER_BOUND('',#4473,.F.);
#4475=ADVANCED_FACE('',(#4474),#4466,.T.);
#4476=CARTESIAN_POINT('',(7.795E-1,-1.499993647194E-1,2.56E-1));
#4477=DIRECTION('',(0.E0,1.E0,0.E0));
#4478=DIRECTION('',(0.E0,0.E0,-1.E0));
#4479=AXIS2_PLACEMENT_3D('',#4476,#4477,#4478);
#4480=CONICAL_SURFACE('',#4479,2.550005215869E-2,4.499934490251E1);
#4481=ORIENTED_EDGE('',*,*,#4428,.T.);
#4482=ORIENTED_EDGE('',*,*,#4444,.T.);
#4483=ORIENTED_EDGE('',*,*,#4467,.F.);
#4485=ORIENTED_EDGE('',*,*,#4484,.F.);
#4486=EDGE_LOOP('',(#4481,#4482,#4483,#4485));
#4487=FACE_OUTER_BOUND('',#4486,.F.);
#4488=ADVANCED_FACE('',(#4487),#4480,.T.);
#4489=CARTESIAN_POINT('',(7.5E-1,-1.5E-1,2.305E-1));
#4490=DIRECTION('',(0.E0,-7.071067811865E-1,-7.071067811865E-1));
#4491=DIRECTION('',(-1.E0,0.E0,0.E0));
#4492=AXIS2_PLACEMENT_3D('',#4489,#4490,#4491);
#4493=PLANE('',#4492);
#4494=ORIENTED_EDGE('',*,*,#4430,.T.);
#4495=ORIENTED_EDGE('',*,*,#4484,.T.);
#4497=ORIENTED_EDGE('',*,*,#4496,.F.);
#4498=ORIENTED_EDGE('',*,*,#4412,.F.);
#4499=EDGE_LOOP('',(#4494,#4495,#4497,#4498));
#4500=FACE_OUTER_BOUND('',#4499,.F.);
#4501=ADVANCED_FACE('',(#4500),#4493,.T.);
#4502=CARTESIAN_POINT('',(7.205E-1,2.E-2,2.205E-1));
#4503=DIRECTION('',(0.E0,0.E0,-1.E0));
#4504=DIRECTION('',(1.E0,0.E0,0.E0));
#4505=AXIS2_PLACEMENT_3D('',#4502,#4503,#4504);
#4506=PLANE('',#4505);
#4507=ORIENTED_EDGE('',*,*,#4496,.T.);
#4508=ORIENTED_EDGE('',*,*,#4471,.F.);
#4509=ORIENTED_EDGE('',*,*,#2368,.F.);
#4510=ORIENTED_EDGE('',*,*,#4397,.T.);
#4511=EDGE_LOOP('',(#4507,#4508,#4509,#4510));
#4512=FACE_OUTER_BOUND('',#4511,.F.);
#4513=ADVANCED_FACE('',(#4512),#4506,.T.);
#4514=CLOSED_SHELL('',(#2206,#2226,#2245,#2266,#2284,#2298,#2376,#2397,#2442,
#2456,#2480,#2496,#2509,#2526,#2541,#2554,#2569,#2584,#2598,#2612,#2624,#2638,
#2652,#2665,#2678,#2696,#2710,#2727,#2740,#2762,#2777,#2791,#2805,#2818,#2836,
#2851,#2864,#2887,#2902,#2922,#2935,#2948,#2959,#2970,#2987,#3000,#3022,#3037,
#3051,#3065,#3078,#3096,#3111,#3124,#3147,#3172,#3197,#3212,#3226,#3240,#3254,
#3268,#3286,#3303,#3317,#3332,#3346,#3378,#3391,#3407,#3422,#3435,#3448,#3461,
#3474,#3486,#3502,#3520,#3534,#3551,#3564,#3586,#3601,#3615,#3629,#3642,#3660,
#3675,#3688,#3711,#3726,#3746,#3759,#3772,#3783,#3794,#3809,#3824,#3838,#3852,
#3865,#3883,#3898,#3911,#3934,#3949,#3969,#3982,#3995,#4006,#4017,#4032,#4046,
#4060,#4073,#4088,#4103,#4116,#4129,#4141,#4156,#4171,#4186,#4200,#4213,#4227,
#4240,#4253,#4265,#4280,#4294,#4308,#4321,#4336,#4351,#4364,#4377,#4389,#4404,
#4419,#4434,#4448,#4461,#4475,#4488,#4501,#4513));
#4515=MANIFOLD_SOLID_BREP('',#4514);
#4516=CARTESIAN_POINT('',(0.E0,0.E0,0.E0));
#4517=DIRECTION('',(0.E0,0.E0,1.E0));
#4518=DIRECTION('',(1.E0,0.E0,0.E0));
#4519=AXIS2_PLACEMENT_3D('PRT_CSYS_DEF',#4516,#4517,#4518);
#4520=DIRECTION('',(0.E0,-1.E0,0.E0));
#4521=VECTOR('',#4520,1.5E-1);
#4522=CARTESIAN_POINT('',(7.5E-1,5.31E-1,0.E0));
#4523=LINE('',#4522,#4521);
#4526=DIRECTION('',(0.E0,-1.E0,0.E0));
#4527=VECTOR('',#4526,1.5E-1);
#4528=CARTESIAN_POINT('',(2.5E-1,5.31E-1,0.E0));
#4529=LINE('',#4528,#4527);
#4531=DIRECTION('',(0.E0,-1.E0,0.E0));
#4532=VECTOR('',#4531,1.5E-1);
#4533=CARTESIAN_POINT('',(-2.5E-1,5.31E-1,0.E0));
#4534=LINE('',#4533,#4532);
#4536=DIRECTION('',(0.E0,-1.E0,0.E0));
#4537=VECTOR('',#4536,1.5E-1);
#4538=CARTESIAN_POINT('',(-7.5E-1,5.31E-1,0.E0));
#4539=LINE('',#4538,#4537);
#4541=CARTESIAN_POINT('',(-7.5E-1,0.E0,-2.56E-1));
#4542=DIRECTION('',(0.E0,-1.E0,0.E0));
#4543=DIRECTION('',(1.E0,0.E0,0.E0));
#4544=AXIS2_PLACEMENT_3D('',#4541,#4542,#4543);
#4548=CARTESIAN_POINT('',(-7.5E-1,0.E0,-2.56E-1));
#4549=DIRECTION('',(0.E0,-1.E0,0.E0));
#4550=DIRECTION('',(-1.E0,0.E0,0.E0));
#4551=AXIS2_PLACEMENT_3D('',#4548,#4549,#4550);
#4556=CARTESIAN_POINT('',(2.5E-1,0.E0,-2.56E-1));
#4557=DIRECTION('',(0.E0,-1.E0,0.E0));
#4558=DIRECTION('',(1.E0,0.E0,0.E0));
#4559=AXIS2_PLACEMENT_3D('',#4556,#4557,#4558);
#4563=CARTESIAN_POINT('',(2.5E-1,0.E0,-2.56E-1));
#4564=DIRECTION('',(0.E0,-1.E0,0.E0));
#4565=DIRECTION('',(-1.E0,0.E0,0.E0));
#4566=AXIS2_PLACEMENT_3D('',#4563,#4564,#4565);
#4571=CARTESIAN_POINT('',(-2.5E-1,0.E0,2.56E-1));
#4572=DIRECTION('',(0.E0,-1.E0,0.E0));
#4573=DIRECTION('',(1.E0,0.E0,0.E0));
#4574=AXIS2_PLACEMENT_3D('',#4571,#4572,#4573);
#4578=CARTESIAN_POINT('',(-2.5E-1,0.E0,2.56E-1));
#4579=DIRECTION('',(0.E0,-1.E0,0.E0));
#4580=DIRECTION('',(-1.E0,0.E0,0.E0));
#4581=AXIS2_PLACEMENT_3D('',#4578,#4579,#4580);
#4586=CARTESIAN_POINT('',(7.5E-1,0.E0,2.56E-1));
#4587=DIRECTION('',(0.E0,-1.E0,0.E0));
#4588=DIRECTION('',(1.E0,0.E0,0.E0));
#4589=AXIS2_PLACEMENT_3D('',#4586,#4587,#4588);
#4593=CARTESIAN_POINT('',(7.5E-1,0.E0,2.56E-1));
#4594=DIRECTION('',(0.E0,-1.E0,0.E0));
#4595=DIRECTION('',(-1.E0,0.E0,0.E0));
#4596=AXIS2_PLACEMENT_3D('',#4593,#4594,#4595);
#4601=DIMENSIONAL_EXPONENTS(1.E0,0.E0,0.E0,0.E0,0.E0,0.E0,0.E0);
#4603=LENGTH_MEASURE_WITH_UNIT(LENGTH_MEASURE(2.54E1),#4602);
#4604=(CONVERSION_BASED_UNIT('INCH',#4603)LENGTH_UNIT()NAMED_UNIT(#4601));
#4605=DIMENSIONAL_EXPONENTS(0.E0,0.E0,0.E0,0.E0,0.E0,0.E0,0.E0);
#4607=PLANE_ANGLE_MEASURE_WITH_UNIT(PLANE_ANGLE_MEASURE(1.745329251994E-2),
#4606);
#4608=(CONVERSION_BASED_UNIT('DEGREE',#4607)NAMED_UNIT(*)PLANE_ANGLE_UNIT());
#4610=UNCERTAINTY_MEASURE_WITH_UNIT(LENGTH_MEASURE(2.496898466872E-4),#4604,
'closure',
'Maximum model space distance between geometric entities at asserted connectivities');
#4611=(GEOMETRIC_REPRESENTATION_CONTEXT(3)GLOBAL_UNCERTAINTY_ASSIGNED_CONTEXT((
#4610))GLOBAL_UNIT_ASSIGNED_CONTEXT((#4604,#4608,#4609))REPRESENTATION_CONTEXT(
'ID1','3'));
#4525=GEOMETRIC_SET('',(#4524,#4530,#4535,#4540,#4555,#4570,#4585,#4600));
#4615=SHAPE_REPRESENTATION_RELATIONSHIP('','',#4614,#4612);
#4616=SHAPE_REPRESENTATION_RELATIONSHIP('','',#4614,#4613);
#4617=APPLICATION_CONTEXT(
'CONFIGURATION CONTROLLED 3D DESIGNS OF MECHANICAL PARTS AND ASSEMBLIES');
#4618=APPLICATION_PROTOCOL_DEFINITION('international standard',
'config_control_design',1994,#4617);
#4619=DESIGN_CONTEXT('',#4617,'design');
#4620=MECHANICAL_CONTEXT('',#4617,'mechanical');
#4621=PRODUCT('389690004','389690004','NOT SPECIFIED',(#4620));
#4622=PRODUCT_DEFINITION_FORMATION_WITH_SPECIFIED_SOURCE('2','LAST_VERSION',
#4621,.MADE.);
#4626=PRODUCT_CATEGORY('part','');
#4627=PRODUCT_RELATED_PRODUCT_CATEGORY('detail','',(#4621));
#4628=PRODUCT_CATEGORY_RELATIONSHIP('','',#4626,#4627);
#4629=SECURITY_CLASSIFICATION_LEVEL('unclassified');
#4630=SECURITY_CLASSIFICATION('','',#4629);
#4631=CC_DESIGN_SECURITY_CLASSIFICATION(#4630,(#4622));
#4632=APPROVAL_STATUS('approved');
#4633=APPROVAL(#4632,'');
#4634=CC_DESIGN_APPROVAL(#4633,(#4630,#4622,#4623));
#4635=CALENDAR_DATE(114,29,12);
#4636=COORDINATED_UNIVERSAL_TIME_OFFSET(5,30,.AHEAD.);
#4637=LOCAL_TIME(14,5,5.E0,#4636);
#4638=DATE_AND_TIME(#4635,#4637);
#4639=APPROVAL_DATE_TIME(#4638,#4633);
#4640=DATE_TIME_ROLE('creation_date');
#4641=CC_DESIGN_DATE_AND_TIME_ASSIGNMENT(#4638,#4640,(#4623));
#4642=DATE_TIME_ROLE('classification_date');
#4643=CC_DESIGN_DATE_AND_TIME_ASSIGNMENT(#4638,#4642,(#4630));
#4644=PERSON('UNSPECIFIED','UNSPECIFIED',$,$,$,$);
#4645=ORGANIZATION('UNSPECIFIED','UNSPECIFIED','UNSPECIFIED');
#4646=PERSON_AND_ORGANIZATION(#4644,#4645);
#4647=APPROVAL_ROLE('approver');
#4648=APPROVAL_PERSON_ORGANIZATION(#4646,#4633,#4647);
#4649=PERSON_AND_ORGANIZATION_ROLE('creator');
#4650=CC_DESIGN_PERSON_AND_ORGANIZATION_ASSIGNMENT(#4646,#4649,(#4622,#4623));
#4651=PERSON_AND_ORGANIZATION_ROLE('design_supplier');
#4652=CC_DESIGN_PERSON_AND_ORGANIZATION_ASSIGNMENT(#4646,#4651,(#4622));
#4653=PERSON_AND_ORGANIZATION_ROLE('classification_officer');
#4654=CC_DESIGN_PERSON_AND_ORGANIZATION_ASSIGNMENT(#4646,#4653,(#4630));
#4655=PERSON_AND_ORGANIZATION_ROLE('design_owner');
#4656=CC_DESIGN_PERSON_AND_ORGANIZATION_ASSIGNMENT(#4646,#4655,(#4621));
#17=CIRCLE('',#16,1.2E-1);
#126=CIRCLE('',#125,3.55E-2);
#135=CIRCLE('',#134,3.55E-2);
#144=CIRCLE('',#143,3.55E-2);
#153=CIRCLE('',#152,3.55E-2);
#162=CIRCLE('',#161,3.55E-2);
#171=CIRCLE('',#170,3.55E-2);
#180=CIRCLE('',#179,3.55E-2);
#189=CIRCLE('',#188,3.55E-2);
#318=CIRCLE('',#317,1.2E-1);
#395=CIRCLE('',#394,1.2E-1);
#404=CIRCLE('',#403,1.2E-1);
#413=CIRCLE('',#412,1.2E-1);
#418=CIRCLE('',#417,1.2E-1);
#427=CIRCLE('',#426,1.2E-1);
#432=CIRCLE('',#431,1.2E-1);
#441=CIRCLE('',#440,1.2E-1);
#446=CIRCLE('',#445,1.2E-1);
#535=CIRCLE('',#534,1.5E-1);
#540=CIRCLE('',#539,1.5E-1);
#560=B_SPLINE_CURVE_WITH_KNOTS('',3,(#549,#550,#551,#552,#553,#554,#555,#556,
#557,#558,#559),.UNSPECIFIED.,.F.,.F.,(4,1,1,1,1,1,1,1,4),(0.E0,1.25E-1,2.5E-1,
3.75E-1,5.E-1,6.25E-1,7.5E-1,8.75E-1,1.E0),.UNSPECIFIED.);
#565=CIRCLE('',#564,5.E-2);
#570=CIRCLE('',#569,1.5E-1);
#575=CIRCLE('',#574,5.E-2);
#587=B_SPLINE_CURVE_WITH_KNOTS('',3,(#576,#577,#578,#579,#580,#581,#582,#583,
#584,#585,#586),.UNSPECIFIED.,.F.,.F.,(4,1,1,1,1,1,1,1,4),(0.E0,1.25E-1,2.5E-1,
3.75E-1,5.E-1,6.25E-1,7.5E-1,8.75E-1,1.E0),.UNSPECIFIED.);
#592=CIRCLE('',#591,1.499099188539E-1);
#604=B_SPLINE_CURVE_WITH_KNOTS('',3,(#593,#594,#595,#596,#597,#598,#599,#600,
#601,#602,#603),.UNSPECIFIED.,.F.,.F.,(4,1,1,1,1,1,1,1,4),(0.E0,1.25E-1,2.5E-1,
3.75E-1,5.E-1,6.25E-1,7.5E-1,8.75E-1,1.E0),.UNSPECIFIED.);
#609=CIRCLE('',#608,1.499099188539E-1);
#621=B_SPLINE_CURVE_WITH_KNOTS('',3,(#610,#611,#612,#613,#614,#615,#616,#617,
#618,#619,#620),.UNSPECIFIED.,.F.,.F.,(4,1,1,1,1,1,1,1,4),(0.E0,1.25E-1,2.5E-1,
3.75E-1,5.E-1,6.25E-1,7.5E-1,8.75E-1,1.E0),.UNSPECIFIED.);
#626=CIRCLE('',#625,1.5E-1);
#643=CIRCLE('',#642,1.E-1);
#648=CIRCLE('',#647,1.E-1);
#657=CIRCLE('',#656,1.E-1);
#662=CIRCLE('',#661,1.E-1);
#731=CIRCLE('',#730,1.5E-1);
#736=CIRCLE('',#735,1.5E-1);
#756=B_SPLINE_CURVE_WITH_KNOTS('',3,(#745,#746,#747,#748,#749,#750,#751,#752,
#753,#754,#755),.UNSPECIFIED.,.F.,.F.,(4,1,1,1,1,1,1,1,4),(0.E0,1.25E-1,2.5E-1,
3.75E-1,5.E-1,6.25E-1,7.5E-1,8.75E-1,1.E0),.UNSPECIFIED.);
#761=CIRCLE('',#760,1.499099188539E-1);
#773=B_SPLINE_CURVE_WITH_KNOTS('',3,(#762,#763,#764,#765,#766,#767,#768,#769,
#770,#771,#772),.UNSPECIFIED.,.F.,.F.,(4,1,1,1,1,1,1,1,4),(0.E0,1.25E-1,2.5E-1,
3.75E-1,5.E-1,6.25E-1,7.5E-1,8.75E-1,1.E0),.UNSPECIFIED.);
#778=CIRCLE('',#777,5.E-2);
#783=CIRCLE('',#782,1.5E-1);
#788=CIRCLE('',#787,5.E-2);
#793=CIRCLE('',#792,1.5E-2);
#802=CIRCLE('',#801,1.E-1);
#807=CIRCLE('',#806,1.E-1);
#816=CIRCLE('',#815,1.5E-2);
#833=CIRCLE('',#832,1.5E-2);
#850=CIRCLE('',#849,1.5E-2);
#859=CIRCLE('',#858,1.E-1);
#864=CIRCLE('',#863,1.E-1);
#941=CIRCLE('',#940,1.5E-2);
#958=CIRCLE('',#957,1.5E-2);
#975=CIRCLE('',#974,1.5E-2);
#992=CIRCLE('',#991,1.5E-2);
#1029=CIRCLE('',#1028,1.5E-1);
#1041=B_SPLINE_CURVE_WITH_KNOTS('',3,(#1030,#1031,#1032,#1033,#1034,#1035,#1036,
#1037,#1038,#1039,#1040),.UNSPECIFIED.,.F.,.F.,(4,1,1,1,1,1,1,1,4),(0.E0,
1.25E-1,2.5E-1,3.75E-1,5.E-1,6.25E-1,7.5E-1,8.75E-1,1.E0),.UNSPECIFIED.);
#1046=CIRCLE('',#1045,1.499099188539E-1);
#1058=B_SPLINE_CURVE_WITH_KNOTS('',3,(#1047,#1048,#1049,#1050,#1051,#1052,#1053,
#1054,#1055,#1056,#1057),.UNSPECIFIED.,.F.,.F.,(4,1,1,1,1,1,1,1,4),(0.E0,
1.25E-1,2.5E-1,3.75E-1,5.E-1,6.25E-1,7.5E-1,8.75E-1,1.E0),.UNSPECIFIED.);
#1143=CIRCLE('',#1142,1.5E-1);
#1148=CIRCLE('',#1147,1.5E-1);
#1168=B_SPLINE_CURVE_WITH_KNOTS('',3,(#1157,#1158,#1159,#1160,#1161,#1162,#1163,
#1164,#1165,#1166,#1167),.UNSPECIFIED.,.F.,.F.,(4,1,1,1,1,1,1,1,4),(0.E0,
1.25E-1,2.5E-1,3.75E-1,5.E-1,6.25E-1,7.5E-1,8.75E-1,1.E0),.UNSPECIFIED.);
#1173=CIRCLE('',#1172,5.E-2);
#1178=CIRCLE('',#1177,1.5E-1);
#1183=CIRCLE('',#1182,5.E-2);
#1195=B_SPLINE_CURVE_WITH_KNOTS('',3,(#1184,#1185,#1186,#1187,#1188,#1189,#1190,
#1191,#1192,#1193,#1194),.UNSPECIFIED.,.F.,.F.,(4,1,1,1,1,1,1,1,4),(0.E0,
1.25E-1,2.5E-1,3.75E-1,5.E-1,6.25E-1,7.5E-1,8.75E-1,1.E0),.UNSPECIFIED.);
#1200=CIRCLE('',#1199,1.499099188539E-1);
#1212=B_SPLINE_CURVE_WITH_KNOTS('',3,(#1201,#1202,#1203,#1204,#1205,#1206,#1207,
#1208,#1209,#1210,#1211),.UNSPECIFIED.,.F.,.F.,(4,1,1,1,1,1,1,1,4),(0.E0,
1.25E-1,2.5E-1,3.75E-1,5.E-1,6.25E-1,7.5E-1,8.75E-1,1.E0),.UNSPECIFIED.);
#1217=CIRCLE('',#1216,1.499099188539E-1);
#1229=B_SPLINE_CURVE_WITH_KNOTS('',3,(#1218,#1219,#1220,#1221,#1222,#1223,#1224,
#1225,#1226,#1227,#1228),.UNSPECIFIED.,.F.,.F.,(4,1,1,1,1,1,1,1,4),(0.E0,
1.25E-1,2.5E-1,3.75E-1,5.E-1,6.25E-1,7.5E-1,8.75E-1,1.E0),.UNSPECIFIED.);
#1234=CIRCLE('',#1233,1.5E-1);
#1251=CIRCLE('',#1250,1.E-1);
#1256=CIRCLE('',#1255,1.E-1);
#1265=CIRCLE('',#1264,1.E-1);
#1270=CIRCLE('',#1269,1.E-1);
#1319=CIRCLE('',#1318,1.5E-1);
#1324=CIRCLE('',#1323,1.5E-1);
#1344=B_SPLINE_CURVE_WITH_KNOTS('',3,(#1333,#1334,#1335,#1336,#1337,#1338,#1339,
#1340,#1341,#1342,#1343),.UNSPECIFIED.,.F.,.F.,(4,1,1,1,1,1,1,1,4),(0.E0,
1.25E-1,2.5E-1,3.75E-1,5.E-1,6.25E-1,7.5E-1,8.75E-1,1.E0),.UNSPECIFIED.);
#1349=CIRCLE('',#1348,5.E-2);
#1354=CIRCLE('',#1353,1.5E-1);
#1359=CIRCLE('',#1358,5.E-2);
#1371=B_SPLINE_CURVE_WITH_KNOTS('',3,(#1360,#1361,#1362,#1363,#1364,#1365,#1366,
#1367,#1368,#1369,#1370),.UNSPECIFIED.,.F.,.F.,(4,1,1,1,1,1,1,1,4),(0.E0,
1.25E-1,2.5E-1,3.75E-1,5.E-1,6.25E-1,7.5E-1,8.75E-1,1.E0),.UNSPECIFIED.);
#1376=CIRCLE('',#1375,1.499099188539E-1);
#1388=B_SPLINE_CURVE_WITH_KNOTS('',3,(#1377,#1378,#1379,#1380,#1381,#1382,#1383,
#1384,#1385,#1386,#1387),.UNSPECIFIED.,.F.,.F.,(4,1,1,1,1,1,1,1,4),(0.E0,
1.25E-1,2.5E-1,3.75E-1,5.E-1,6.25E-1,7.5E-1,8.75E-1,1.E0),.UNSPECIFIED.);
#1393=CIRCLE('',#1392,1.499099188539E-1);
#1405=B_SPLINE_CURVE_WITH_KNOTS('',3,(#1394,#1395,#1396,#1397,#1398,#1399,#1400,
#1401,#1402,#1403,#1404),.UNSPECIFIED.,.F.,.F.,(4,1,1,1,1,1,1,1,4),(0.E0,
1.25E-1,2.5E-1,3.75E-1,5.E-1,6.25E-1,7.5E-1,8.75E-1,1.E0),.UNSPECIFIED.);
#1410=CIRCLE('',#1409,1.5E-1);
#1427=CIRCLE('',#1426,1.E-1);
#1432=CIRCLE('',#1431,1.E-1);
#1441=CIRCLE('',#1440,1.E-1);
#1446=CIRCLE('',#1445,1.E-1);
#1455=CIRCLE('',#1454,3.55E-2);
#1472=CIRCLE('',#1471,3.55E-2);
#1489=CIRCLE('',#1488,1.549973955219E-2);
#1498=CIRCLE('',#1497,1.549973955219E-2);
#1519=CIRCLE('',#1518,3.55E-2);
#1532=CIRCLE('',#1531,1.549973955218E-2);
#1541=CIRCLE('',#1540,1.549973955218E-2);
#1562=CIRCLE('',#1561,3.55E-2);
#1591=CIRCLE('',#1590,3.55E-2);
#1608=CIRCLE('',#1607,3.55E-2);
#1625=CIRCLE('',#1624,1.549973955218E-2);
#1634=CIRCLE('',#1633,1.549973955218E-2);
#1655=CIRCLE('',#1654,3.55E-2);
#1668=CIRCLE('',#1667,1.549973955218E-2);
#1677=CIRCLE('',#1676,1.549973955218E-2);
#1698=CIRCLE('',#1697,3.55E-2);
#2194=EDGE_CURVE('',#1721,#1722,#4,.T.);
#2196=EDGE_CURVE('',#1722,#1724,#8,.T.);
#2198=EDGE_CURVE('',#1724,#1726,#12,.T.);
#2200=EDGE_CURVE('',#1726,#1728,#17,.T.);
#2202=EDGE_CURVE('',#1728,#1721,#21,.T.);
#2212=EDGE_CURVE('',#1749,#1750,#25,.T.);
#2214=EDGE_CURVE('',#1750,#1731,#29,.T.);
#2216=EDGE_CURVE('',#1731,#1732,#309,.T.);
#2218=EDGE_CURVE('',#1852,#1732,#297,.T.);
#2220=EDGE_CURVE('',#1752,#1852,#33,.T.);
#2222=EDGE_CURVE('',#1752,#1749,#37,.T.);
#2232=EDGE_CURVE('',#2012,#2018,#41,.T.);
#2234=EDGE_CURVE('',#2188,#2018,#45,.T.);
#2236=EDGE_CURVE('',#2188,#1850,#49,.T.);
#2238=EDGE_CURVE('',#1722,#1850,#301,.T.);
#2241=EDGE_CURVE('',#1721,#2012,#53,.T.);
#2252=EDGE_CURVE('',#1741,#1749,#57,.T.);
#2254=EDGE_CURVE('',#1741,#1742,#61,.T.);
#2256=EDGE_CURVE('',#1755,#1742,#65,.T.);
#2258=EDGE_CURVE('',#1755,#1756,#225,.T.);
#2260=EDGE_CURVE('',#1756,#1762,#395,.T.);
#2262=EDGE_CURVE('',#1750,#1762,#330,.T.);
#2273=EDGE_CURVE('',#1752,#1886,#73,.T.);
#2275=EDGE_CURVE('',#1886,#1768,#109,.T.);
#2277=EDGE_CURVE('',#1745,#1768,#674,.T.);
#2279=EDGE_CURVE('',#1741,#1745,#69,.T.);
#2290=EDGE_CURVE('',#1886,#1848,#113,.T.);
#2294=EDGE_CURVE('',#1852,#1848,#293,.T.);
#2304=EDGE_CURVE('',#2008,#2014,#77,.T.);
#2306=EDGE_CURVE('',#2008,#1984,#382,.T.);
#2308=EDGE_CURVE('',#1984,#1988,#81,.T.);
#2310=EDGE_CURVE('',#1986,#1988,#85,.T.);
#2312=EDGE_CURVE('',#1980,#1986,#89,.T.);
#2314=EDGE_CURVE('',#1980,#1956,#366,.T.);
#2316=EDGE_CURVE('',#1956,#1960,#93,.T.);
#2318=EDGE_CURVE('',#1958,#1960,#97,.T.);
#2320=EDGE_CURVE('',#1952,#1958,#101,.T.);
#2322=EDGE_CURVE('',#1952,#1765,#350,.T.);
#2324=EDGE_CURVE('',#1765,#1768,#105,.T.);
#2328=EDGE_CURVE('',#1847,#1848,#289,.T.);
#2330=EDGE_CURVE('',#1847,#2016,#117,.T.);
#2332=EDGE_CURVE('',#2014,#2016,#121,.T.);
#2336=EDGE_CURVE('',#1855,#1856,#126,.T.);
#2338=EDGE_CURVE('',#1856,#1858,#130,.T.);
#2340=EDGE_CURVE('',#1858,#1860,#135,.T.);
#2342=EDGE_CURVE('',#1860,#1855,#139,.T.);
#2346=EDGE_CURVE('',#2141,#2142,#144,.T.);
#2348=EDGE_CURVE('',#2142,#2144,#148,.T.);
#2350=EDGE_CURVE('',#2144,#2146,#153,.T.);
#2352=EDGE_CURVE('',#2146,#2141,#157,.T.);
#2356=EDGE_CURVE('',#1871,#1872,#162,.T.);
#2358=EDGE_CURVE('',#1872,#1874,#166,.T.);
#2360=EDGE_CURVE('',#1874,#1876,#171,.T.);
#2362=EDGE_CURVE('',#1876,#1871,#175,.T.);
#2366=EDGE_CURVE('',#2165,#2166,#180,.T.);
#2368=EDGE_CURVE('',#2166,#2168,#184,.T.);
#2370=EDGE_CURVE('',#2168,#2170,#189,.T.);
#2372=EDGE_CURVE('',#2170,#2165,#193,.T.);
#2382=EDGE_CURVE('',#1999,#2000,#209,.T.);
#2384=EDGE_CURVE('',#1999,#2007,#432,.T.);
#2386=EDGE_CURVE('',#2007,#2008,#370,.T.);
#2389=EDGE_CURVE('',#1992,#2014,#197,.T.);
#2391=EDGE_CURVE('',#1991,#1992,#201,.T.);
#2393=EDGE_CURVE('',#2000,#1991,#205,.T.);
#2404=EDGE_CURVE('',#2000,#2004,#213,.T.);
#2406=EDGE_CURVE('',#2003,#2004,#217,.T.);
#2408=EDGE_CURVE('',#1726,#2003,#450,.T.);
#2411=EDGE_CURVE('',#1724,#1734,#221,.T.);
#2413=EDGE_CURVE('',#1734,#1736,#322,.T.);
#2415=EDGE_CURVE('',#1756,#1736,#399,.T.);
#2418=EDGE_CURVE('',#1759,#1755,#229,.T.);
#2420=EDGE_CURVE('',#1759,#1760,#233,.T.);
#2422=EDGE_CURVE('',#1943,#1760,#408,.T.);
#2424=EDGE_CURVE('',#1943,#1944,#237,.T.);
#2426=EDGE_CURVE('',#1944,#1948,#241,.T.);
#2428=EDGE_CURVE('',#1947,#1948,#245,.T.);
#2430=EDGE_CURVE('',#1971,#1947,#422,.T.);
#2432=EDGE_CURVE('',#1971,#1972,#249,.T.);
#2434=EDGE_CURVE('',#1972,#1976,#253,.T.);
#2436=EDGE_CURVE('',#1975,#1976,#257,.T.);
#2438=EDGE_CURVE('',#1999,#1975,#436,.T.);
#2450=EDGE_CURVE('',#1991,#1995,#261,.T.);
#2452=EDGE_CURVE('',#2004,#1995,#1274,.T.);
#2463=EDGE_CURVE('',#1992,#1996,#281,.T.);
#2465=EDGE_CURVE('',#1995,#1996,#1278,.T.);
#2470=EDGE_CURVE('',#2061,#2062,#265,.T.);
#2472=EDGE_CURVE('',#2061,#2065,#269,.T.);
#2474=EDGE_CURVE('',#2065,#2066,#273,.T.);
#2476=EDGE_CURVE('',#2062,#2066,#277,.T.);
#2487=EDGE_CURVE('',#2188,#2016,#285,.T.);
#2490=EDGE_CURVE('',#1996,#2018,#1282,.T.);
#2504=EDGE_CURVE('',#1850,#1847,#305,.T.);
#2518=EDGE_CURVE('',#1732,#1734,#326,.T.);
#2533=EDGE_CURVE('',#1738,#1731,#313,.T.);
#2535=EDGE_CURVE('',#1736,#1738,#318,.T.);
#2548=EDGE_CURVE('',#1762,#1738,#334,.T.);
#2560=EDGE_CURVE('',#1951,#1952,#338,.T.);
#2562=EDGE_CURVE('',#1951,#1766,#342,.T.);
#2564=EDGE_CURVE('',#1765,#1766,#346,.T.);
#2575=EDGE_CURVE('',#1979,#1980,#354,.T.);
#2577=EDGE_CURVE('',#1979,#1955,#358,.T.);
#2579=EDGE_CURVE('',#1955,#1956,#362,.T.);
#2591=EDGE_CURVE('',#2007,#1983,#374,.T.);
#2593=EDGE_CURVE('',#1983,#1984,#378,.T.);
#2604=EDGE_CURVE('',#2011,#2012,#386,.T.);
#2608=EDGE_CURVE('',#1728,#2011,#390,.T.);
#2630=EDGE_CURVE('',#1943,#1951,#404,.T.);
#2633=EDGE_CURVE('',#1760,#1766,#413,.T.);
#2644=EDGE_CURVE('',#1971,#1979,#418,.T.);
#2647=EDGE_CURVE('',#1947,#1955,#427,.T.);
#2660=EDGE_CURVE('',#1975,#1983,#441,.T.);
#2671=EDGE_CURVE('',#2003,#2011,#446,.T.);
#2688=EDGE_CURVE('',#1936,#1958,#454,.T.);
#2690=EDGE_CURVE('',#1935,#1936,#458,.T.);
#2692=EDGE_CURVE('',#1944,#1935,#462,.T.);
#2703=EDGE_CURVE('',#1940,#1960,#478,.T.);
#2705=EDGE_CURVE('',#1936,#1940,#466,.T.);
#2717=EDGE_CURVE('',#1948,#1939,#470,.T.);
#2719=EDGE_CURVE('',#1939,#1940,#474,.T.);
#2735=EDGE_CURVE('',#1935,#1939,#482,.T.);
#2752=EDGE_CURVE('',#2029,#2030,#486,.T.);
#2754=EDGE_CURVE('',#2029,#2033,#490,.T.);
#2756=EDGE_CURVE('',#2033,#2034,#494,.T.);
#2758=EDGE_CURVE('',#2030,#2034,#498,.T.);
#2769=EDGE_CURVE('',#2030,#2021,#502,.T.);
#2771=EDGE_CURVE('',#2021,#2022,#506,.T.);
#2773=EDGE_CURVE('',#2022,#2029,#510,.T.);
#2784=EDGE_CURVE('',#2034,#2025,#522,.T.);
#2786=EDGE_CURVE('',#2021,#2025,#530,.T.);
#2798=EDGE_CURVE('',#2026,#2033,#514,.T.);
#2800=EDGE_CURVE('',#2025,#2026,#518,.T.);
#2813=EDGE_CURVE('',#2022,#2026,#526,.T.);
#2830=EDGE_CURVE('',#2077,#2078,#535,.T.);
#2832=EDGE_CURVE('',#2078,#2077,#540,.T.);
#2843=EDGE_CURVE('',#2078,#2073,#548,.T.);
#2845=EDGE_CURVE('',#2069,#2073,#626,.T.);
#2847=EDGE_CURVE('',#2077,#2069,#544,.T.);
#2859=EDGE_CURVE('',#2069,#2073,#570,.T.);
#2870=EDGE_CURVE('',#2109,#2112,#560,.T.);
#2872=EDGE_CURVE('',#2109,#2074,#648,.T.);
#2874=EDGE_CURVE('',#2073,#2074,#565,.T.);
#2877=EDGE_CURVE('',#2069,#2070,#575,.T.);
#2879=EDGE_CURVE('',#2070,#2111,#657,.T.);
#2881=EDGE_CURVE('',#2114,#2111,#587,.T.);
#2883=EDGE_CURVE('',#2112,#2114,#592,.T.);
#2893=EDGE_CURVE('',#2103,#2104,#604,.T.);
#2895=EDGE_CURVE('',#2104,#2109,#638,.T.);
#2898=EDGE_CURVE('',#2103,#2112,#630,.T.);
#2909=EDGE_CURVE('',#2106,#2103,#609,.T.);
#2911=EDGE_CURVE('',#2107,#2106,#621,.T.);
#2913=EDGE_CURVE('',#2070,#2107,#662,.T.);
#2918=EDGE_CURVE('',#2104,#2074,#643,.T.);
#2931=EDGE_CURVE('',#2106,#2114,#634,.T.);
#2944=EDGE_CURVE('',#2107,#2111,#652,.T.);
#2977=EDGE_CURVE('',#1759,#1746,#666,.T.);
#2979=EDGE_CURVE('',#1745,#1746,#670,.T.);
#2995=EDGE_CURVE('',#1742,#1746,#678,.T.);
#3012=EDGE_CURVE('',#1897,#1898,#682,.T.);
#3014=EDGE_CURVE('',#1897,#1901,#686,.T.);
#3016=EDGE_CURVE('',#1901,#1902,#690,.T.);
#3018=EDGE_CURVE('',#1898,#1902,#694,.T.);
#3029=EDGE_CURVE('',#1898,#1889,#698,.T.);
#3031=EDGE_CURVE('',#1889,#1890,#702,.T.);
#3033=EDGE_CURVE('',#1890,#1897,#706,.T.);
#3044=EDGE_CURVE('',#1902,#1893,#718,.T.);
#3046=EDGE_CURVE('',#1889,#1893,#726,.T.);
#3058=EDGE_CURVE('',#1894,#1901,#710,.T.);
#3060=EDGE_CURVE('',#1893,#1894,#714,.T.);
#3073=EDGE_CURVE('',#1890,#1894,#722,.T.);
#3090=EDGE_CURVE('',#1905,#1906,#731,.T.);
#3092=EDGE_CURVE('',#1906,#1905,#736,.T.);
#3103=EDGE_CURVE('',#1906,#1775,#744,.T.);
#3105=EDGE_CURVE('',#1771,#1775,#1029,.T.);
#3107=EDGE_CURVE('',#1905,#1771,#740,.T.);
#3119=EDGE_CURVE('',#1771,#1775,#783,.T.);
#3130=EDGE_CURVE('',#1772,#1780,#802,.T.);
#3132=EDGE_CURVE('',#1916,#1780,#756,.T.);
#3134=EDGE_CURVE('',#1914,#1916,#761,.T.);
#3136=EDGE_CURVE('',#1908,#1914,#773,.T.);
#3138=EDGE_CURVE('',#1908,#1776,#864,.T.);
#3140=EDGE_CURVE('',#1775,#1776,#778,.T.);
#3143=EDGE_CURVE('',#1771,#1772,#788,.T.);
#3153=EDGE_CURVE('',#1815,#1816,#793,.T.);
#3155=EDGE_CURVE('',#1780,#1815,#797,.T.);
#3158=EDGE_CURVE('',#1772,#1778,#807,.T.);
#3160=EDGE_CURVE('',#1828,#1778,#811,.T.);
#3162=EDGE_CURVE('',#1827,#1828,#816,.T.);
#3164=EDGE_CURVE('',#1827,#1844,#820,.T.);
#3166=EDGE_CURVE('',#1844,#1838,#824,.T.);
#3168=EDGE_CURVE('',#1838,#1816,#828,.T.);
#3178=EDGE_CURVE('',#1819,#1820,#833,.T.);
#3180=EDGE_CURVE('',#1819,#1840,#837,.T.);
#3182=EDGE_CURVE('',#1840,#1842,#841,.T.);
#3184=EDGE_CURVE('',#1842,#1824,#845,.T.);
#3186=EDGE_CURVE('',#1823,#1824,#850,.T.);
#3188=EDGE_CURVE('',#1823,#1910,#854,.T.);
#3190=EDGE_CURVE('',#1910,#1776,#859,.T.);
#3193=EDGE_CURVE('',#1908,#1820,#868,.T.);
#3204=EDGE_CURVE('',#1816,#1784,#872,.T.);
#3206=EDGE_CURVE('',#1784,#1786,#992,.T.);
#3208=EDGE_CURVE('',#1815,#1786,#900,.T.);
#3218=EDGE_CURVE('',#1838,#1783,#876,.T.);
#3220=EDGE_CURVE('',#1783,#1784,#928,.T.);
#3234=EDGE_CURVE('',#1844,#1812,#880,.T.);
#3236=EDGE_CURVE('',#1812,#1783,#932,.T.);
#3246=EDGE_CURVE('',#1827,#1810,#884,.T.);
#3248=EDGE_CURVE('',#1810,#1812,#936,.T.);
#3261=EDGE_CURVE('',#1808,#1828,#896,.T.);
#3263=EDGE_CURVE('',#1808,#1810,#941,.T.);
#3274=EDGE_CURVE('',#1913,#1836,#888,.T.);
#3276=EDGE_CURVE('',#1836,#1806,#892,.T.);
#3278=EDGE_CURVE('',#1806,#1808,#945,.T.);
#3282=EDGE_CURVE('',#1778,#1913,#1058,.T.);
#3293=EDGE_CURVE('',#1786,#1788,#987,.T.);
#3295=EDGE_CURVE('',#1830,#1788,#924,.T.);
#3297=EDGE_CURVE('',#1830,#1916,#904,.T.);
#3309=EDGE_CURVE('',#1832,#1830,#908,.T.);
#3311=EDGE_CURVE('',#1832,#1914,#912,.T.);
#3323=EDGE_CURVE('',#1834,#1836,#916,.T.);
#3326=EDGE_CURVE('',#1913,#1911,#1046,.T.);
#3328=EDGE_CURVE('',#1911,#1834,#920,.T.);
#3339=EDGE_CURVE('',#1788,#1790,#983,.T.);
#3341=EDGE_CURVE('',#1832,#1790,#1004,.T.);
#3357=EDGE_CURVE('',#1804,#1806,#949,.T.);
#3359=EDGE_CURVE('',#1802,#1804,#953,.T.);
#3361=EDGE_CURVE('',#1800,#1802,#958,.T.);
#3363=EDGE_CURVE('',#1798,#1800,#962,.T.);
#3365=EDGE_CURVE('',#1796,#1798,#966,.T.);
#3367=EDGE_CURVE('',#1794,#1796,#970,.T.);
#3369=EDGE_CURVE('',#1792,#1794,#975,.T.);
#3371=EDGE_CURVE('',#1790,#1792,#979,.T.);
#3384=EDGE_CURVE('',#1834,#1804,#996,.T.);
#3397=EDGE_CURVE('',#1823,#1802,#1000,.T.);
#3402=EDGE_CURVE('',#1911,#1910,#1041,.T.);
#3416=EDGE_CURVE('',#1792,#1820,#1008,.T.);
#3429=EDGE_CURVE('',#1824,#1800,#1012,.T.);
#3441=EDGE_CURVE('',#1842,#1798,#1016,.T.);
#3454=EDGE_CURVE('',#1840,#1796,#1020,.T.);
#3467=EDGE_CURVE('',#1819,#1794,#1024,.T.);
#3512=EDGE_CURVE('',#1964,#1986,#1062,.T.);
#3514=EDGE_CURVE('',#1963,#1964,#1066,.T.);
#3516=EDGE_CURVE('',#1972,#1963,#1070,.T.);
#3527=EDGE_CURVE('',#1968,#1988,#1086,.T.);
#3529=EDGE_CURVE('',#1964,#1968,#1074,.T.);
#3541=EDGE_CURVE('',#1976,#1967,#1078,.T.);
#3543=EDGE_CURVE('',#1967,#1968,#1082,.T.);
#3559=EDGE_CURVE('',#1963,#1967,#1090,.T.);
#3576=EDGE_CURVE('',#2045,#2046,#1094,.T.);
#3578=EDGE_CURVE('',#2045,#2049,#1098,.T.);
#3580=EDGE_CURVE('',#2049,#2050,#1102,.T.);
#3582=EDGE_CURVE('',#2046,#2050,#1106,.T.);
#3593=EDGE_CURVE('',#2046,#2037,#1110,.T.);
#3595=EDGE_CURVE('',#2037,#2038,#1114,.T.);
#3597=EDGE_CURVE('',#2038,#2045,#1118,.T.);
#3608=EDGE_CURVE('',#2050,#2041,#1130,.T.);
#3610=EDGE_CURVE('',#2037,#2041,#1138,.T.);
#3622=EDGE_CURVE('',#2042,#2049,#1122,.T.);
#3624=EDGE_CURVE('',#2041,#2042,#1126,.T.);
#3637=EDGE_CURVE('',#2038,#2042,#1134,.T.);
#3654=EDGE_CURVE('',#2089,#2090,#1143,.T.);
#3656=EDGE_CURVE('',#2090,#2089,#1148,.T.);
#3667=EDGE_CURVE('',#2090,#2085,#1156,.T.);
#3669=EDGE_CURVE('',#2081,#2085,#1234,.T.);
#3671=EDGE_CURVE('',#2089,#2081,#1152,.T.);
#3683=EDGE_CURVE('',#2081,#2085,#1178,.T.);
#3694=EDGE_CURVE('',#2121,#2124,#1168,.T.);
#3696=EDGE_CURVE('',#2121,#2086,#1256,.T.);
#3698=EDGE_CURVE('',#2085,#2086,#1173,.T.);
#3701=EDGE_CURVE('',#2081,#2082,#1183,.T.);
#3703=EDGE_CURVE('',#2082,#2123,#1265,.T.);
#3705=EDGE_CURVE('',#2126,#2123,#1195,.T.);
#3707=EDGE_CURVE('',#2124,#2126,#1200,.T.);
#3717=EDGE_CURVE('',#2115,#2116,#1212,.T.);
#3719=EDGE_CURVE('',#2116,#2121,#1246,.T.);
#3722=EDGE_CURVE('',#2115,#2124,#1238,.T.);
#3733=EDGE_CURVE('',#2118,#2115,#1217,.T.);
#3735=EDGE_CURVE('',#2119,#2118,#1229,.T.);
#3737=EDGE_CURVE('',#2082,#2119,#1270,.T.);
#3742=EDGE_CURVE('',#2116,#2086,#1251,.T.);
#3755=EDGE_CURVE('',#2118,#2126,#1242,.T.);
#3768=EDGE_CURVE('',#2119,#2123,#1260,.T.);
#3816=EDGE_CURVE('',#2062,#2053,#1286,.T.);
#3818=EDGE_CURVE('',#2053,#2054,#1290,.T.);
#3820=EDGE_CURVE('',#2054,#2061,#1294,.T.);
#3831=EDGE_CURVE('',#2066,#2057,#1306,.T.);
#3833=EDGE_CURVE('',#2053,#2057,#1314,.T.);
#3845=EDGE_CURVE('',#2058,#2065,#1298,.T.);
#3847=EDGE_CURVE('',#2057,#2058,#1302,.T.);
#3860=EDGE_CURVE('',#2054,#2058,#1310,.T.);
#3877=EDGE_CURVE('',#2101,#2102,#1319,.T.);
#3879=EDGE_CURVE('',#2102,#2101,#1324,.T.);
#3890=EDGE_CURVE('',#2102,#2097,#1332,.T.);
#3892=EDGE_CURVE('',#2093,#2097,#1410,.T.);
#3894=EDGE_CURVE('',#2101,#2093,#1328,.T.);
#3906=EDGE_CURVE('',#2093,#2097,#1354,.T.);
#3917=EDGE_CURVE('',#2133,#2136,#1344,.T.);
#3919=EDGE_CURVE('',#2133,#2098,#1432,.T.);
#3921=EDGE_CURVE('',#2097,#2098,#1349,.T.);
#3924=EDGE_CURVE('',#2093,#2094,#1359,.T.);
#3926=EDGE_CURVE('',#2094,#2135,#1441,.T.);
#3928=EDGE_CURVE('',#2138,#2135,#1371,.T.);
#3930=EDGE_CURVE('',#2136,#2138,#1376,.T.);
#3940=EDGE_CURVE('',#2127,#2128,#1388,.T.);
#3942=EDGE_CURVE('',#2128,#2133,#1422,.T.);
#3945=EDGE_CURVE('',#2127,#2136,#1414,.T.);
#3956=EDGE_CURVE('',#2130,#2127,#1393,.T.);
#3958=EDGE_CURVE('',#2131,#2130,#1405,.T.);
#3960=EDGE_CURVE('',#2094,#2131,#1446,.T.);
#3965=EDGE_CURVE('',#2128,#2098,#1427,.T.);
#3978=EDGE_CURVE('',#2130,#2138,#1418,.T.);
#3991=EDGE_CURVE('',#2131,#2135,#1436,.T.);
#4023=EDGE_CURVE('',#1855,#1862,#1450,.T.);
#4025=EDGE_CURVE('',#1862,#1864,#1455,.T.);
#4027=EDGE_CURVE('',#1856,#1864,#1476,.T.);
#4040=EDGE_CURVE('',#1860,#1868,#1459,.T.);
#4042=EDGE_CURVE('',#1868,#1862,#1463,.T.);
#4052=EDGE_CURVE('',#1858,#1866,#1467,.T.);
#4054=EDGE_CURVE('',#1866,#1868,#1472,.T.);
#4067=EDGE_CURVE('',#1864,#1866,#1480,.T.);
#4079=EDGE_CURVE('',#1920,#1922,#1502,.T.);
#4081=EDGE_CURVE('',#1922,#1866,#1514,.T.);
#4084=EDGE_CURVE('',#1920,#1864,#1484,.T.);
#4094=EDGE_CURVE('',#1919,#1920,#1489,.T.);
#4096=EDGE_CURVE('',#1924,#1919,#1493,.T.);
#4098=EDGE_CURVE('',#1922,#1924,#1498,.T.);
#4112=EDGE_CURVE('',#1919,#1862,#1506,.T.);
#4125=EDGE_CURVE('',#1924,#1868,#1510,.T.);
#4147=EDGE_CURVE('',#2153,#2154,#1519,.T.);
#4149=EDGE_CURVE('',#2142,#2154,#1582,.T.);
#4152=EDGE_CURVE('',#2141,#2153,#1523,.T.);
#4162=EDGE_CURVE('',#2149,#2150,#1532,.T.);
#4164=EDGE_CURVE('',#2150,#2154,#1574,.T.);
#4167=EDGE_CURVE('',#2149,#2153,#1527,.T.);
#4178=EDGE_CURVE('',#2160,#2149,#1536,.T.);
#4180=EDGE_CURVE('',#2156,#2160,#1541,.T.);
#4182=EDGE_CURVE('',#2150,#2156,#1545,.T.);
#4194=EDGE_CURVE('',#2162,#2153,#1553,.T.);
#4196=EDGE_CURVE('',#2160,#2162,#1549,.T.);
#4209=EDGE_CURVE('',#2146,#2162,#1557,.T.);
#4219=EDGE_CURVE('',#2158,#2162,#1562,.T.);
#4223=EDGE_CURVE('',#2144,#2158,#1566,.T.);
#4236=EDGE_CURVE('',#2156,#2158,#1570,.T.);
#4248=EDGE_CURVE('',#2154,#2158,#1578,.T.);
#4271=EDGE_CURVE('',#1871,#1878,#1586,.T.);
#4273=EDGE_CURVE('',#1878,#1880,#1591,.T.);
#4275=EDGE_CURVE('',#1872,#1880,#1612,.T.);
#4288=EDGE_CURVE('',#1876,#1884,#1595,.T.);
#4290=EDGE_CURVE('',#1884,#1878,#1599,.T.);
#4300=EDGE_CURVE('',#1874,#1882,#1603,.T.);
#4302=EDGE_CURVE('',#1882,#1884,#1608,.T.);
#4315=EDGE_CURVE('',#1880,#1882,#1616,.T.);
#4327=EDGE_CURVE('',#1928,#1930,#1638,.T.);
#4329=EDGE_CURVE('',#1930,#1882,#1650,.T.);
#4332=EDGE_CURVE('',#1928,#1880,#1620,.T.);
#4342=EDGE_CURVE('',#1927,#1928,#1625,.T.);
#4344=EDGE_CURVE('',#1932,#1927,#1629,.T.);
#4346=EDGE_CURVE('',#1930,#1932,#1634,.T.);
#4360=EDGE_CURVE('',#1927,#1878,#1642,.T.);
#4373=EDGE_CURVE('',#1932,#1884,#1646,.T.);
#4395=EDGE_CURVE('',#2177,#2178,#1655,.T.);
#4397=EDGE_CURVE('',#2166,#2178,#1718,.T.);
#4400=EDGE_CURVE('',#2165,#2177,#1659,.T.);
#4410=EDGE_CURVE('',#2173,#2174,#1668,.T.);
#4412=EDGE_CURVE('',#2174,#2178,#1710,.T.);
#4415=EDGE_CURVE('',#2173,#2177,#1663,.T.);
#4426=EDGE_CURVE('',#2184,#2173,#1672,.T.);
#4428=EDGE_CURVE('',#2180,#2184,#1677,.T.);
#4430=EDGE_CURVE('',#2174,#2180,#1681,.T.);
#4442=EDGE_CURVE('',#2186,#2177,#1689,.T.);
#4444=EDGE_CURVE('',#2184,#2186,#1685,.T.);
#4457=EDGE_CURVE('',#2170,#2186,#1693,.T.);
#4467=EDGE_CURVE('',#2182,#2186,#1698,.T.);
#4471=EDGE_CURVE('',#2168,#2182,#1702,.T.);
#4484=EDGE_CURVE('',#2180,#2182,#1706,.T.);
#4496=EDGE_CURVE('',#2178,#2182,#1714,.T.);
#4524=TRIMMED_CURVE('A_3',#4523,(PARAMETER_VALUE(0.E0)),(PARAMETER_VALUE(1.E0)),
.T.,.UNSPECIFIED.);
#4530=TRIMMED_CURVE('A_19',#4529,(PARAMETER_VALUE(0.E0)),(PARAMETER_VALUE
(1.E0)),.T.,.UNSPECIFIED.);
#4535=TRIMMED_CURVE('A_20',#4534,(PARAMETER_VALUE(0.E0)),(PARAMETER_VALUE
(1.E0)),.T.,.UNSPECIFIED.);
#4540=TRIMMED_CURVE('A_21',#4539,(PARAMETER_VALUE(0.E0)),(PARAMETER_VALUE
(1.E0)),.T.,.UNSPECIFIED.);
#4545=CIRCLE('',#4544,7.8E-2);
#4546=TRIMMED_CURVE('',#4545,(PARAMETER_VALUE(0.E0)),(PARAMETER_VALUE(1.8E2)),
.T.,.UNSPECIFIED.);
#4547=COMPOSITE_CURVE_SEGMENT(.CONTINUOUS.,.T.,#4546);
#4552=CIRCLE('',#4551,7.8E-2);
#4553=TRIMMED_CURVE('',#4552,(PARAMETER_VALUE(0.E0)),(PARAMETER_VALUE(1.8E2)),
.T.,.UNSPECIFIED.);
#4554=COMPOSITE_CURVE_SEGMENT(.CONTINUOUS.,.T.,#4553);
#4555=COMPOSITE_CURVE('',(#4547,#4554),.F.);
#4560=CIRCLE('',#4559,7.8E-2);
#4561=TRIMMED_CURVE('',#4560,(PARAMETER_VALUE(0.E0)),(PARAMETER_VALUE(1.8E2)),
.T.,.UNSPECIFIED.);
#4562=COMPOSITE_CURVE_SEGMENT(.CONTINUOUS.,.T.,#4561);
#4567=CIRCLE('',#4566,7.8E-2);
#4568=TRIMMED_CURVE('',#4567,(PARAMETER_VALUE(0.E0)),(PARAMETER_VALUE(1.8E2)),
.T.,.UNSPECIFIED.);
#4569=COMPOSITE_CURVE_SEGMENT(.CONTINUOUS.,.T.,#4568);
#4570=COMPOSITE_CURVE('',(#4562,#4569),.F.);
#4575=CIRCLE('',#4574,7.8E-2);
#4576=TRIMMED_CURVE('',#4575,(PARAMETER_VALUE(0.E0)),(PARAMETER_VALUE(1.8E2)),
.T.,.UNSPECIFIED.);
#4577=COMPOSITE_CURVE_SEGMENT(.CONTINUOUS.,.T.,#4576);
#4582=CIRCLE('',#4581,7.8E-2);
#4583=TRIMMED_CURVE('',#4582,(PARAMETER_VALUE(0.E0)),(PARAMETER_VALUE(1.8E2)),
.T.,.UNSPECIFIED.);
#4584=COMPOSITE_CURVE_SEGMENT(.CONTINUOUS.,.T.,#4583);
#4585=COMPOSITE_CURVE('',(#4577,#4584),.F.);
#4590=CIRCLE('',#4589,7.8E-2);
#4591=TRIMMED_CURVE('',#4590,(PARAMETER_VALUE(0.E0)),(PARAMETER_VALUE(1.8E2)),
.T.,.UNSPECIFIED.);
#4592=COMPOSITE_CURVE_SEGMENT(.CONTINUOUS.,.T.,#4591);
#4597=CIRCLE('',#4596,7.8E-2);
#4598=TRIMMED_CURVE('',#4597,(PARAMETER_VALUE(0.E0)),(PARAMETER_VALUE(1.8E2)),
.T.,.UNSPECIFIED.);
#4599=COMPOSITE_CURVE_SEGMENT(.CONTINUOUS.,.T.,#4598);
#4600=COMPOSITE_CURVE('',(#4592,#4599),.F.);
#4602=(LENGTH_UNIT()NAMED_UNIT(*)SI_UNIT(.MILLI.,.METRE.));
#4606=(NAMED_UNIT(*)PLANE_ANGLE_UNIT()SI_UNIT($,.RADIAN.));
#4609=(NAMED_UNIT(*)SI_UNIT($,.STERADIAN.)SOLID_ANGLE_UNIT());
#4612=ADVANCED_BREP_SHAPE_REPRESENTATION('',(#4515),#4611);
#4613=GEOMETRICALLY_BOUNDED_SURFACE_SHAPE_REPRESENTATION('',(#4525),#4611);
#4614=SHAPE_REPRESENTATION('',(#4519),#4611);
#4623=PRODUCT_DEFINITION('design','',#4622,#4619);
#4624=PRODUCT_DEFINITION_SHAPE('','SHAPE FOR 389690004.',#4623);
#4625=SHAPE_DEFINITION_REPRESENTATION(#4624,#4614);
ENDSEC;
END-ISO-10303-21;
