ISO-10303-21;
HEADER;
FILE_DESCRIPTION (( 'STEP AP214' ),
    '1' );
FILE_NAME ('CR-2032-HF1N.STEP',
    '2024-06-01T09:04:33',
    ( '' ),
    ( '' ),
    'SwSTEP 2.0',
    'SolidWorks 2016',
    '' );
FILE_SCHEMA (( 'AUTOMOTIVE_DESIGN' ));
ENDSEC;

DATA;
#1 = DIRECTION ( 'NONE',  ( -1.219258498469857800E-016, 1.000000000000000000, 0.0000000000000000000 ) ) ;
#2 = CARTESIAN_POINT ( 'NONE',  ( 2.275140453871300000, 2.049999999999998900, 2.000000000000000000 ) ) ;
#3 = VECTOR ( 'NONE', #150, 1000.000000000000000 ) ;
#4 = VECTOR ( 'NONE', #2452, 1000.000000000000000 ) ;
#5 = AXIS2_PLACEMENT_3D ( 'NONE', #1619, #915, #484 ) ;
#6 = CARTESIAN_POINT ( 'NONE',  ( -0.4000000000000290500, 2.129289321881344700, 1.400000000000001700 ) ) ;
#7 = ORIENTED_EDGE ( 'NONE', *, *, #1857, .T. ) ;
#8 = CARTESIAN_POINT ( 'NONE',  ( 2.275140453871300000, 2.049999999999998900, -2.000000000000000000 ) ) ;
#9 = CARTESIAN_POINT ( 'NONE',  ( 9.649999999999998600, 6.100000000000003200, 19.49999999999999300 ) ) ;
#10 = ORIENTED_EDGE ( 'NONE', *, *, #2781, .T. ) ;
#11 = DIRECTION ( 'NONE',  ( 0.0000000000000000000, 0.0000000000000000000, 1.000000000000000000 ) ) ;
#12 = CARTESIAN_POINT ( 'NONE',  ( -3.900000000000000800, 2.049999999999998500, -1.450000000000001300 ) ) ;
#13 = CARTESIAN_POINT ( 'NONE',  ( 0.3999999999999995800, 6.250000000000000000, -1.400000000000000600 ) ) ;
#14 = ORIENTED_EDGE ( 'NONE', *, *, #1414, .T. ) ;
#15 = EDGE_CURVE ( 'NONE', #294, #2501, #2298, .T. ) ;
#16 = EDGE_CURVE ( 'NONE', #272, #2391, #2220, .T. ) ;
#17 = ORIENTED_EDGE ( 'NONE', *, *, #1548, .T. ) ;
#18 = CARTESIAN_POINT ( 'NONE',  ( 4.749390334559013400, 6.299999999999999800, 1.450000000000003700 ) ) ;
#19 = CARTESIAN_POINT ( 'NONE',  ( -3.650000000000000400, 6.299999999999999800, 0.0000000000000000000 ) ) ;
#20 = CARTESIAN_POINT ( 'NONE',  ( -2.275140453871297400, 6.099999999999999600, -2.000000000000000000 ) ) ;
#21 = DIRECTION ( 'NONE',  ( 0.0000000000000000000, 0.0000000000000000000, 1.000000000000000000 ) ) ;
#22 = DIRECTION ( 'NONE',  ( 1.219258498469858100E-016, -1.000000000000000000, 0.0000000000000000000 ) ) ;
#23 = CARTESIAN_POINT ( 'NONE',  ( 10.14999999999999900, 2.025000000000038500, -2.000000000000000000 ) ) ;
#24 = STYLED_ITEM ( 'NONE', ( #107 ), #420 ) ;
#25 = CARTESIAN_POINT ( 'NONE',  ( 3.650000000000000400, 2.250000000000000400, 0.0000000000000000000 ) ) ;
#26 = AXIS2_PLACEMENT_3D ( 'NONE', #801, #2578, #1079 ) ;
#27 = VERTEX_POINT ( 'NONE', #1136 ) ;
#28 = CARTESIAN_POINT ( 'NONE',  ( 3.900000000000000400, 6.250000000000000000, 1.400000000000002400 ) ) ;
#29 = FACE_OUTER_BOUND ( 'NONE', #2425, .T. ) ;
#30 = DIRECTION ( 'NONE',  ( 1.000000000000000000, 1.960728506009170300E-048, 2.411270463225204000E-032 ) ) ;
#31 = FACE_OUTER_BOUND ( 'NONE', #1219, .T. ) ;
#32 = CARTESIAN_POINT ( 'NONE',  ( 10.14999999999999900, -3.600000000000001400, 0.3749999999999996700 ) ) ;
#33 = FILL_AREA_STYLE ('',( #1042 ) ) ;
#34 = ADVANCED_FACE ( 'NONE', ( #1936 ), #1663, .F. ) ;
#35 = EDGE_CURVE ( 'NONE', #265, #1034, #2558, .T. ) ;
#36 = ORIENTED_EDGE ( 'NONE', *, *, #2254, .F. ) ;
#37 = EDGE_CURVE ( 'NONE', #2631, #1672, #539, .T. ) ;
#38 = FACE_OUTER_BOUND ( 'NONE', #2918, .T. ) ;
#39 = CARTESIAN_POINT ( 'NONE',  ( 6.450000000000001100, 2.750000000000003100, 0.0000000000000000000 ) ) ;
#40 = VECTOR ( 'NONE', #1717, 1000.000000000000000 ) ;
#41 = DIRECTION ( 'NONE',  ( -1.000000000000000000, -0.0000000000000000000, 0.0000000000000000000 ) ) ;
#42 = CARTESIAN_POINT ( 'NONE',  ( -0.1000000000000002600, 2.250000000000000400, 0.0000000000000000000 ) ) ;
#43 = LINE ( 'NONE', #2079, #2221 ) ;
#44 = EDGE_CURVE ( 'NONE', #988, #2383, #1487, .T. ) ;
#45 = CARTESIAN_POINT ( 'NONE',  ( 4.732233047033632900, 6.300000000000000700, -1.420710678118655400 ) ) ;
#46 = CARTESIAN_POINT ( 'NONE',  ( 9.535786437626905300, 2.950000000000000200, -2.360087003621452800E-015 ) ) ;
#47 = ORIENTED_EDGE ( 'NONE', *, *, #609, .T. ) ;
#48 =( BOUNDED_CURVE ( )  B_SPLINE_CURVE ( 3, ( #1283, #2778, #1550, #12 ),
 .UNSPECIFIED., .F., .T. ) 
 B_SPLINE_CURVE_WITH_KNOTS ( ( 4, 4 ),
 ( 0.0000000000000000000, 1.000000000000000000 ),
 .UNSPECIFIED. ) 
 CURVE ( )  GEOMETRIC_REPRESENTATION_ITEM ( )  RATIONAL_B_SPLINE_CURVE ( ( 1.000000000000000000, 0.8047378541243649400, 0.8047378541243649400, 1.000000000000000000 ) ) 
 REPRESENTATION_ITEM ( '' )  );
#49 = AXIS2_PLACEMENT_3D ( 'NONE', #1337, #3082, #1608 ) ;
#50 = AXIS2_PLACEMENT_3D ( 'NONE', #991, #878, #1004 ) ;
#51 = CARTESIAN_POINT ( 'NONE',  ( -9.849999999999997900, 6.099999999999998800, 1.194030629168669300E-015 ) ) ;
#52 = ORIENTED_EDGE ( 'NONE', *, *, #555, .T. ) ;
#53 = ADVANCED_FACE ( 'NONE', ( #2758 ), #386, .F. ) ;
#54 = CARTESIAN_POINT ( 'NONE',  ( -7.099999999999999600, 2.049999999999998500, 0.0000000000000000000 ) ) ;
#55 = DIRECTION ( 'NONE',  ( -1.000000000000000000, -4.501877532811783200E-017, -0.0000000000000000000 ) ) ;
#56 = ORIENTED_EDGE ( 'NONE', *, *, #2958, .F. ) ;
#57 = CARTESIAN_POINT ( 'NONE',  ( -8.844995893897843700, 2.949999999999999300, -2.362086775139905300 ) ) ;
#58 = ORIENTED_EDGE ( 'NONE', *, *, #3049, .T. ) ;
#59 = CARTESIAN_POINT ( 'NONE',  ( 4.544230794257107900, 6.200000000000001100, -1.188139161793933000 ) ) ;
#60 = CARTESIAN_POINT ( 'NONE',  ( 10.14999999999999900, 2.025000000000038500, -2.000000000000000000 ) ) ;
#61 = CARTESIAN_POINT ( 'NONE',  ( -4.499999999999999100, 6.299999999999999800, 2.699999999999999300 ) ) ;
#62 = CARTESIAN_POINT ( 'NONE',  ( -0.3999999999999993000, 2.099999999999999200, 1.400000000000000600 ) ) ;
#63 = DIRECTION ( 'NONE',  ( 0.0000000000000000000, 0.0000000000000000000, 1.000000000000000000 ) ) ;
#64 = EDGE_CURVE ( 'NONE', #1906, #2811, #1482, .T. ) ;
#65 = CARTESIAN_POINT ( 'NONE',  ( -0.2442307942571393900, 6.200000000000002000, 1.188139161793998500 ) ) ;
#66 = ORIENTED_EDGE ( 'NONE', *, *, #511, .F. ) ;
#67 = LINE ( 'NONE', #1836, #1918 ) ;
#68 = DIRECTION ( 'NONE',  ( -1.219258498469858100E-016, 1.000000000000000000, -0.0000000000000000000 ) ) ;
#69 = CARTESIAN_POINT ( 'NONE',  ( 8.233012701892219500, 6.099999999999999600, 0.5500000000000000400 ) ) ;
#70 = ORIENTED_EDGE ( 'NONE', *, *, #3010, .T. ) ;
#71 = ORIENTED_EDGE ( 'NONE', *, *, #325, .F. ) ;
#72 = DIRECTION ( 'NONE',  ( -1.000000000000000000, 0.0000000000000000000, 4.438452643612533800E-015 ) ) ;
#73 = CARTESIAN_POINT ( 'NONE',  ( -10.14999999999999900, -4.000000000000001800, -0.3750000000000010000 ) ) ;
#74 = ADVANCED_FACE ( 'NONE', ( #1971 ), #1526, .F. ) ;
#75 = ORIENTED_EDGE ( 'NONE', *, *, #2917, .F. ) ;
#76 = LINE ( 'NONE', #1781, #2504 ) ;
#77 = ORIENTED_EDGE ( 'NONE', *, *, #886, .T. ) ;
#78 = CARTESIAN_POINT ( 'NONE',  ( -0.3999999999999990200, 2.099999999999999200, -1.400000000000000600 ) ) ;
#79 = CIRCLE ( 'NONE', #964, 1.400000000000000600 ) ;
#80 = CARTESIAN_POINT ( 'NONE',  ( -0.4888436256454462600, 6.200000000000002000, 1.020397156620271600 ) ) ;
#81 = VERTEX_POINT ( 'NONE', #576 ) ;
#82 = CARTESIAN_POINT ( 'NONE',  ( 9.649999999999998600, 6.100000000000003200, 19.49999999999998900 ) ) ;
#83 = CARTESIAN_POINT ( 'NONE',  ( -5.147323838557855200, 2.150000000000000800, 0.5168362683453819900 ) ) ;
#84 = ORIENTED_EDGE ( 'NONE', *, *, #2414, .F. ) ;
#85 = VECTOR ( 'NONE', #2520, 1000.000000000000000 ) ;
#86 = CARTESIAN_POINT ( 'NONE',  ( -9.149999999999995000, 2.949999999999999700, 1.132798289211301500E-015 ) ) ;
#87 = CARTESIAN_POINT ( 'NONE',  ( -3.650000000000000400, 6.099999999999999600, 0.0000000000000000000 ) ) ;
#88 = CARTESIAN_POINT ( 'NONE',  ( 7.800000000000000700, 6.099999999999999600, 0.0000000000000000000 ) ) ;
#89 = FACE_OUTER_BOUND ( 'NONE', #236, .T. ) ;
#90 = EDGE_CURVE ( 'NONE', #1899, #1378, #2995, .T. ) ;
#91 = DIRECTION ( 'NONE',  ( -0.0000000000000000000, -0.0000000000000000000, -1.000000000000000000 ) ) ;
#92 = ADVANCED_FACE ( 'NONE', ( #2263 ), #1699, .T. ) ;
#93 = ORIENTED_EDGE ( 'NONE', *, *, #322, .T. ) ;
#94 = CARTESIAN_POINT ( 'NONE',  ( -4.544230794256972800, 2.149999999999999900, -1.188139161794044900 ) ) ;
#95 = CARTESIAN_POINT ( 'NONE',  ( 0.9036386287255210300, 2.149999999999999900, 0.3557166526715979100 ) ) ;
#96 = ORIENTED_EDGE ( 'NONE', *, *, #1829, .F. ) ;
#97 = CARTESIAN_POINT ( 'NONE',  ( -10.15000000000000000, 1.849999999999998800, -2.000000000000000000 ) ) ;
#98 = ORIENTED_EDGE ( 'NONE', *, *, #1522, .F. ) ;
#99 = DIRECTION ( 'NONE',  ( 0.0000000000000000000, 0.0000000000000000000, 1.000000000000000000 ) ) ;
#100 = CARTESIAN_POINT ( 'NONE',  ( 4.356887842876989000, 6.200000000000002800, 1.270518162687081200 ) ) ;
#101 = CARTESIAN_POINT ( 'NONE',  ( -0.3823224418414865000, 6.200000000000002800, 1.107326914613151500 ) ) ;
#102 = ORIENTED_EDGE ( 'NONE', *, *, #2993, .F. ) ;
#103 = DIRECTION ( 'NONE',  ( -4.336808689942006700E-015, 1.000000000000000000, 0.0000000000000000000 ) ) ;
#104 = DIRECTION ( 'NONE',  ( 1.000000000000000000, 6.002503377082378900E-017, 0.0000000000000000000 ) ) ;
#105 = VERTEX_POINT ( 'NONE', #1360 ) ;
#106 = ADVANCED_FACE ( 'NONE', ( #816, #1565, #1561, #256 ), #820, .F. ) ;
#107 = PRESENTATION_STYLE_ASSIGNMENT (( #2683 ) ) ;
#108 = CARTESIAN_POINT ( 'NONE',  ( 9.949999999999999300, 5.899999999999998600, -2.000000000000000000 ) ) ;
#109 = CARTESIAN_POINT ( 'NONE',  ( -0.3999999999999990200, 2.049999999999998900, -1.420710678118655800 ) ) ;
#110 = DIRECTION ( 'NONE',  ( 1.000000000000000000, 2.157616263652745000E-016, 0.0000000000000000000 ) ) ;
#111 = CARTESIAN_POINT ( 'NONE',  ( -0.6860952125146285700, 6.200000000000002800, 0.8229881505649744300 ) ) ;
#112 = EDGE_CURVE ( 'NONE', #1713, #487, #2846, .T. ) ;
#113 =( BOUNDED_CURVE ( )  B_SPLINE_CURVE ( 3, ( #3213, #1756, #2712, #960 ),
 .UNSPECIFIED., .F., .T. ) 
 B_SPLINE_CURVE_WITH_KNOTS ( ( 4, 4 ),
 ( 0.0000000000000000000, 1.000000000000000000 ),
 .UNSPECIFIED. ) 
 CURVE ( )  GEOMETRIC_REPRESENTATION_ITEM ( )  RATIONAL_B_SPLINE_CURVE ( ( 1.000000000000000000, 0.3333333333333333700, 0.3333333333333333700, 1.000000000000000000 ) ) 
 REPRESENTATION_ITEM ( '' )  );
#114 = SURFACE_STYLE_FILL_AREA ( #781 ) ;
#115 = CARTESIAN_POINT ( 'NONE',  ( 0.8705339389342491300, 2.150000000000000400, 0.4568479483160523000 ) ) ;
#116 = PLANE ( 'NONE',  #3158 ) ;
#117 = AXIS2_PLACEMENT_3D ( 'NONE', #989, #2738, #1249 ) ;
#118 = VECTOR ( 'NONE', #365, 1000.000000000000000 ) ;
#119 = CARTESIAN_POINT ( 'NONE',  ( 10.35000000000000000, 0.3999999999999984700, 0.3749999999999998900 ) ) ;
#120 = AXIS2_PLACEMENT_3D ( 'NONE', #758, #1543, #940 ) ;
#121 = VERTEX_POINT ( 'NONE', #1615 ) ;
#122 = CARTESIAN_POINT ( 'NONE',  ( -9.950000000000001100, 1.849999999999998800, 2.000000000000000000 ) ) ;
#123 = LINE ( 'NONE', #1864, #1480 ) ;
#124 = DIRECTION ( 'NONE',  ( -1.219258498469858100E-016, 1.000000000000000000, -0.0000000000000000000 ) ) ;
#125 = CARTESIAN_POINT ( 'NONE',  ( -0.3999999999999993000, 2.100000000000000500, -1.350000000000000800 ) ) ;
#126 = ORIENTED_EDGE ( 'NONE', *, *, #1994, .F. ) ;
#127 = CARTESIAN_POINT ( 'NONE',  ( -2.400000000000001200, 6.250000000000001800, 1.400000000000000400 ) ) ;
#128 = CYLINDRICAL_SURFACE ( 'NONE', #1491, 8.500000000000000000 ) ;
#129 = APPLICATION_PROTOCOL_DEFINITION ( 'draft international standard', 'automotive_design', 1998, #1673 ) ;
#130 = CARTESIAN_POINT ( 'NONE',  ( 4.500000000000000900, 2.049999999999999800, -1.099999999999999400 ) ) ;
#131 = FACE_OUTER_BOUND ( 'NONE', #2720, .T. ) ;
#132 = CARTESIAN_POINT ( 'NONE',  ( -1.780762387843060100, 2.950000000000001100, -8.892620345535688000 ) ) ;
#133 = EDGE_CURVE ( 'NONE', #2657, #2127, #992, .T. ) ;
#134 = CARTESIAN_POINT ( 'NONE',  ( -6.650000000000001200, 2.750000000000000400, 8.021436534415165200E-016 ) ) ;
#135 = ORIENTED_EDGE ( 'NONE', *, *, #112, .T. ) ;
#136 = ORIENTED_EDGE ( 'NONE', *, *, #2574, .F. ) ;
#137 = CARTESIAN_POINT ( 'NONE',  ( 2.991486352493053900, 2.950000000000002400, -8.506165739038312500 ) ) ;
#138 = VERTEX_POINT ( 'NONE', #2344 ) ;
#139 = CARTESIAN_POINT ( 'NONE',  ( -3.650000000000000400, 6.099999999999999600, 0.0000000000000000000 ) ) ;
#140 = CARTESIAN_POINT ( 'NONE',  ( 10.14999999999999900, -3.600000000000001400, -0.3750000000000012200 ) ) ;
#141 = CARTESIAN_POINT ( 'NONE',  ( -0.9036386287255215900, 6.200000000000002000, 0.3557166526715188600 ) ) ;
#142 = ORIENTED_EDGE ( 'NONE', *, *, #1857, .F. ) ;
#143 = CARTESIAN_POINT ( 'NONE',  ( 6.832613090993273600, 2.950000000000002800, -5.832118735973777400 ) ) ;
#144 = ORIENTED_EDGE ( 'NONE', *, *, #1396, .F. ) ;
#145 = LINE ( 'NONE', #3016, #3172 ) ;
#146 = DIRECTION ( 'NONE',  ( -6.002503377082380100E-017, 1.000000000000000000, 0.0000000000000000000 ) ) ;
#147 = EDGE_CURVE ( 'NONE', #952, #2724, #1743, .T. ) ;
#148 = VECTOR ( 'NONE', #1896, 1000.000000000000000 ) ;
#149 = CARTESIAN_POINT ( 'NONE',  ( 5.007326914613144300, 6.200000000000002000, 0.7823224418414642700 ) ) ;
#150 = DIRECTION ( 'NONE',  ( -2.965339275174029000E-016, 1.000000000000000000, 0.0000000000000000000 ) ) ;
#151 =( BOUNDED_SURFACE ( )  B_SPLINE_SURFACE ( 3, 3, ( 
 ( #722, #2257, #2493, #999 ),
 ( #2750, #1254, #3000, #1518 ),
 ( #3240, #1790, #231, #2027 ),
 ( #476, #2270, #737, #2499 ) ),
 .UNSPECIFIED., .F., .F., .F. ) 
 B_SPLINE_SURFACE_WITH_KNOTS ( ( 4, 4 ),
 ( 4, 4 ),
 ( 0.0000000000000000000, 1.000000000000000000 ),
 ( 0.0000000000000000000, 1.000000000000000000 ),
 .UNSPECIFIED. ) 
 GEOMETRIC_REPRESENTATION_ITEM ( )  RATIONAL_B_SPLINE_SURFACE ( (
 ( 1.000000000000000000, 0.3333333333333334300, 0.3333333333333334300, 1.000000000000000000),
 ( 0.8047378541243632700, 0.2682459513747878500, 0.2682459513747878500, 0.8047378541243632700),
 ( 0.8047378541243632700, 0.2682459513747878500, 0.2682459513747878500, 0.8047378541243632700),
 ( 1.000000000000000000, 0.3333333333333334300, 0.3333333333333334300, 1.000000000000000000) ) ) 
 REPRESENTATION_ITEM ( '' )  SURFACE ( )  );
#152 = FACE_BOUND ( 'NONE', #2271, .T. ) ;
#153 = CARTESIAN_POINT ( 'NONE',  ( -0.8375217510949841700, 6.200000000000002000, -0.5400013349471430900 ) ) ;
#154 = ORIENTED_EDGE ( 'NONE', *, *, #1767, .F. ) ;
#155 = EDGE_CURVE ( 'NONE', #2476, #276, #1520, .T. ) ;
#156 = DIRECTION ( 'NONE',  ( 6.002503377082380100E-017, -1.000000000000000000, -0.0000000000000000000 ) ) ;
#157 = LINE ( 'NONE', #595, #542 ) ;
#158 = CARTESIAN_POINT ( 'NONE',  ( 8.564104360001323400, 2.950000000000003700, -2.643423881937414100 ) ) ;
#159 = CARTESIAN_POINT ( 'NONE',  ( -2.275140453871299200, 6.099999999999999600, 0.4000000000000001900 ) ) ;
#160 = CYLINDRICAL_SURFACE ( 'NONE', #1950, 8.500000000000000000 ) ;
#161 = AXIS2_PLACEMENT_3D ( 'NONE', #1302, #3047, #1571 ) ;
#162 = DIRECTION ( 'NONE',  ( 1.000000000000000000, 0.0000000000000000000, -0.0000000000000000000 ) ) ;
#163 = CYLINDRICAL_SURFACE ( 'NONE', #2239, 0.4000000000000010200 ) ;
#164 = CYLINDRICAL_SURFACE ( 'NONE', #332, 0.5500000000000001600 ) ;
#165 = CARTESIAN_POINT ( 'NONE',  ( 3.899999999999999900, 6.279289321881346800, -1.399999999999999700 ) ) ;
#166 = DIRECTION ( 'NONE',  ( -0.0000000000000000000, -1.000000000000000000, 0.0000000000000000000 ) ) ;
#167 = CARTESIAN_POINT ( 'NONE',  ( 0.2281525731195182500, 6.200000000000003700, 1.350000000000001200 ) ) ;
#168 = ORIENTED_EDGE ( 'NONE', *, *, #1417, .F. ) ;
#169 = CARTESIAN_POINT ( 'NONE',  ( -3.899999999999999000, 2.049999999999998900, 1.450000000000005100 ) ) ;
#170 = ADVANCED_FACE ( 'NONE', ( #1444 ), #1750, .T. ) ;
#171 = ORIENTED_EDGE ( 'NONE', *, *, #1376, .T. ) ;
#172 = EDGE_CURVE ( 'NONE', #1519, #1463, #67, .T. ) ;
#173 = DIRECTION ( 'NONE',  ( -1.000000000000000000, 0.0000000000000000000, 0.0000000000000000000 ) ) ;
#174 = CARTESIAN_POINT ( 'NONE',  ( 6.449999999999997500, 2.250000000000002700, 0.0000000000000000000 ) ) ;
#175 = EDGE_CURVE ( 'NONE', #1492, #1224, #1103, .T. ) ;
#176 = VERTEX_POINT ( 'NONE', #1303 ) ;
#177 = ORIENTED_EDGE ( 'NONE', *, *, #844, .T. ) ;
#178 = DIRECTION ( 'NONE',  ( 6.002503377082380100E-017, -1.000000000000000000, -0.0000000000000000000 ) ) ;
#179 = AXIS2_PLACEMENT_3D ( 'NONE', #1212, #124, #835 ) ;
#180 = VERTEX_POINT ( 'NONE', #3048 ) ;
#181 = CARTESIAN_POINT ( 'NONE',  ( 0.3999999999999995800, 6.200000000000001100, 1.350000000000000800 ) ) ;
#182 = EDGE_LOOP ( 'NONE', ( #1682, #2922, #1588, #2729 ) ) ;
#183 = DIRECTION ( 'NONE',  ( 1.000000000000000000, 0.0000000000000000000, 0.0000000000000000000 ) ) ;
#184 = LINE ( 'NONE', #454, #1508 ) ;
#185 = EDGE_LOOP ( 'NONE', ( #788, #1230, #2360, #2458 ) ) ;
#186 = EDGE_CURVE ( 'NONE', #1325, #2988, #1989, .T. ) ;
#187 = CIRCLE ( 'NONE', #1127, 1.400000000000000600 ) ;
#188 = CARTESIAN_POINT ( 'NONE',  ( 0.3999999999999999100, 6.220710678118655000, -1.400000000000000800 ) ) ;
#189 = EDGE_CURVE ( 'NONE', #474, #2937, #2832, .T. ) ;
#190 = DIRECTION ( 'NONE',  ( 0.0000000000000000000, 1.000000000000000000, 0.0000000000000000000 ) ) ;
#191 = LINE ( 'NONE', #1592, #1476 ) ;
#192 = ORIENTED_EDGE ( 'NONE', *, *, #3253, .F. ) ;
#193 = CIRCLE ( 'NONE', #1536, 8.500000000000000000 ) ;
#194 = PRESENTATION_LAYER_ASSIGNMENT (  '', '', ( #24 ) ) ;
#195 = CARTESIAN_POINT ( 'NONE',  ( -8.276352461723148300E-019, 2.250000000000001300, 0.0000000000000000000 ) ) ;
#196 = CARTESIAN_POINT ( 'NONE',  ( -2.275140453871299200, 6.099999999999999600, 0.4000000000000001900 ) ) ;
#197 = CIRCLE ( 'NONE', #965, 7.050000000000000700 ) ;
#198 = AXIS2_PLACEMENT_3D ( 'NONE', #3033, #1323, #533 ) ;
#199 = ADVANCED_FACE ( 'NONE', ( #2102, #2247, #3013 ), #259, .F. ) ;
#200 = CARTESIAN_POINT ( 'NONE',  ( 5.184369488160257300, 6.200000000000001100, -0.4165018896767701500 ) ) ;
#201 = CARTESIAN_POINT ( 'NONE',  ( -7.366987298107780200, 2.249999999999999600, -0.5500000000000000400 ) ) ;
#202 = EDGE_LOOP ( 'NONE', ( #881, #2975, #2133, #1197 ) ) ;
#203 = EDGE_CURVE ( 'NONE', #1899, #1207, #1429, .T. ) ;
#204 = CARTESIAN_POINT ( 'NONE',  ( 4.500000000000000900, 2.100000000000000100, 1.449999999999998200 ) ) ;
#205 = ORIENTED_EDGE ( 'NONE', *, *, #1237, .T. ) ;
#206 = DIRECTION ( 'NONE',  ( -1.000000000000000000, 0.0000000000000000000, 0.0000000000000000000 ) ) ;
#207 = EDGE_CURVE ( 'NONE', #577, #427, #3241, .T. ) ;
#208 = ORIENTED_EDGE ( 'NONE', *, *, #2099, .T. ) ;
#209 = DIRECTION ( 'NONE',  ( 0.0000000000000000000, 0.0000000000000000000, 1.000000000000000000 ) ) ;
#210 = VECTOR ( 'NONE', #2850, 1000.000000000000000 ) ;
#211 = ORIENTED_EDGE ( 'NONE', *, *, #2361, .F. ) ;
#212 = CARTESIAN_POINT ( 'NONE',  ( -9.124194906111781100E-016, 6.100000000000001400, 8.500000000000000000 ) ) ;
#213 = EDGE_CURVE ( 'NONE', #3215, #1020, #1640, .T. ) ;
#214 = DIRECTION ( 'NONE',  ( 0.0000000000000000000, 0.0000000000000000000, -1.000000000000000000 ) ) ;
#215 = AXIS2_PLACEMENT_3D ( 'NONE', #2098, #2826, #1860 ) ;
#216 = AXIS2_PLACEMENT_3D ( 'NONE', #935, #902, #857 ) ;
#217 = CARTESIAN_POINT ( 'NONE',  ( 6.658578643762691500, 6.200000000000000200, -1.379289321881344200 ) ) ;
#218 = LINE ( 'NONE', #201, #800 ) ;
#219 = DIRECTION ( 'NONE',  ( 1.000000000000000000, -0.0000000000000000000, 1.239088197126290300E-016 ) ) ;
#220 = LINE ( 'NONE', #1367, #2837 ) ;
#221 = EDGE_LOOP ( 'NONE', ( #2609, #2915, #548, #884 ) ) ;
#222 = CARTESIAN_POINT ( 'NONE',  ( 3.387570226935650500, 2.049999999999999800, 1.549999999999999400 ) ) ;
#223 = VECTOR ( 'NONE', #1454, 1000.000000000000000 ) ;
#224 = EDGE_CURVE ( 'NONE', #2724, #2241, #245, .T. ) ;
#225 = VECTOR ( 'NONE', #658, 1000.000000000000000 ) ;
#226 = CARTESIAN_POINT ( 'NONE',  ( -5.310661642770256200, 2.950000000000000200, -7.399870931603848200 ) ) ;
#227 = ORIENTED_EDGE ( 'NONE', *, *, #1244, .T. ) ;
#228 = DIRECTION ( 'NONE',  ( 0.0000000000000000000, 1.000000000000000000, 0.0000000000000000000 ) ) ;
#229 = CARTESIAN_POINT ( 'NONE',  ( -3.900000000000001200, 2.099999999999998800, -1.400000000000000400 ) ) ;
#230 = VECTOR ( 'NONE', #3092, 1000.000000000000000 ) ;
#231 = CARTESIAN_POINT ( 'NONE',  ( -7.149999999999999500, 2.457106781186546100, 14.09999999999999800 ) ) ;
#232 = FACE_OUTER_BOUND ( 'NONE', #467, .T. ) ;
#233 = DIRECTION ( 'NONE',  ( 0.0000000000000000000, -0.0000000000000000000, 1.000000000000000000 ) ) ;
#234 = CARTESIAN_POINT ( 'NONE',  ( 0.3999999999999995800, 6.250000000000000000, 1.350000000000000800 ) ) ;
#235 = VERTEX_POINT ( 'NONE', #2051 ) ;
#236 = EDGE_LOOP ( 'NONE', ( #1630, #2905, #70, #1167 ) ) ;
#237 = EDGE_CURVE ( 'NONE', #3031, #2283, #566, .T. ) ;
#238 = CARTESIAN_POINT ( 'NONE',  ( -5.320710678118658200, 2.049999999999998000, 1.301042606982605300E-015 ) ) ;
#239 = CARTESIAN_POINT ( 'NONE',  ( -10.15000000000000000, 5.799999999999998000, 20.10000000000000100 ) ) ;
#240 = CARTESIAN_POINT ( 'NONE',  ( 3.900000000000000400, 6.299999999999999800, -1.450000000000000800 ) ) ;
#241 = DIRECTION ( 'NONE',  ( 0.0000000000000000000, 0.0000000000000000000, 1.000000000000000000 ) ) ;
#242 = AXIS2_PLACEMENT_3D ( 'NONE', #2521, #757, #2287 ) ;
#243 = ORIENTED_EDGE ( 'NONE', *, *, #213, .T. ) ;
#244 = CARTESIAN_POINT ( 'NONE',  ( 2.358578643762753400, 2.150000000000000800, -1.379289321881346700 ) ) ;
#245 = LINE ( 'NONE', #1024, #897 ) ;
#246 = AXIS2_PLACEMENT_3D ( 'NONE', #553, #2349, #809 ) ;
#247 = ORIENTED_EDGE ( 'NONE', *, *, #675, .T. ) ;
#248 = AXIS2_PLACEMENT_3D ( 'NONE', #836, #1649, #103 ) ;
#249 = CARTESIAN_POINT ( 'NONE',  ( -9.849999999999997900, 6.099999999999998800, 1.194030629168669300E-015 ) ) ;
#250 = FACE_OUTER_BOUND ( 'NONE', #182, .T. ) ;
#251 = CARTESIAN_POINT ( 'NONE',  ( 5.118357452626321800, 6.200000000000001100, 0.5820878881896101000 ) ) ;
#252 = CARTESIAN_POINT ( 'NONE',  ( 7.366987298107781100, 6.099999999999999600, 0.5499999999999999300 ) ) ;
#253 = ORIENTED_EDGE ( 'NONE', *, *, #727, .T. ) ;
#254 = CARTESIAN_POINT ( 'NONE',  ( 10.14999999999999900, -3.600000000000001400, -0.3750000000000011700 ) ) ;
#255 = CARTESIAN_POINT ( 'NONE',  ( 5.320710678118657300, 6.299999999999999800, 1.409462824231155800E-015 ) ) ;
#256 = FACE_BOUND ( 'NONE', #2955, .T. ) ;
#257 = LINE ( 'NONE', #1779, #1740 ) ;
#258 = EDGE_CURVE ( 'NONE', #2004, #973, #3101, .T. ) ;
#259 = PLANE ( 'NONE',  #416 ) ;
#260 = AXIS2_PLACEMENT_3D ( 'NONE', #1773, #1503, #209 ) ;
#261 = AXIS2_PLACEMENT_3D ( 'NONE', #2001, #1975, #1964 ) ;
#262 = DIRECTION ( 'NONE',  ( -0.0000000000000000000, 0.0000000000000000000, -1.000000000000000000 ) ) ;
#263 = ORIENTED_EDGE ( 'NONE', *, *, #258, .T. ) ;
#264 = CARTESIAN_POINT ( 'NONE',  ( 5.300000000000001600, 6.250000000000000000, 1.409462824231155800E-015 ) ) ;
#265 = VERTEX_POINT ( 'NONE', #1259 ) ;
#266 = DIRECTION ( 'NONE',  ( 0.0000000000000000000, 0.0000000000000000000, 1.000000000000000000 ) ) ;
#267 = SURFACE_STYLE_USAGE ( .BOTH. , #1835 ) ;
#268 =( BOUNDED_SURFACE ( )  B_SPLINE_SURFACE ( 3, 3, ( 
 ( #1562, #1409, #1306, #2834 ),
 ( #2793, #2780, #2762, #2684 ),
 ( #475, #808, #825, #768 ),
 ( #778, #736, #747, #712 ) ),
 .UNSPECIFIED., .F., .F., .T. ) 
 B_SPLINE_SURFACE_WITH_KNOTS ( ( 4, 4 ),
 ( 4, 4 ),
 ( 0.0000000000000000000, 1.000000000000000000 ),
 ( 0.0000000000000000000, 1.000000000000000000 ),
 .UNSPECIFIED. ) 
 GEOMETRIC_REPRESENTATION_ITEM ( )  RATIONAL_B_SPLINE_SURFACE ( (
 ( 1.000000000000000000, 0.3333333333333334300, 0.3333333333333334300, 1.000000000000000000),
 ( 0.8047378541243632700, 0.2682459513747878500, 0.2682459513747878500, 0.8047378541243632700),
 ( 0.8047378541243632700, 0.2682459513747878500, 0.2682459513747878500, 0.8047378541243632700),
 ( 1.000000000000000000, 0.3333333333333334300, 0.3333333333333334300, 1.000000000000000000) ) ) 
 REPRESENTATION_ITEM ( '' )  SURFACE ( )  );
#269 = EDGE_LOOP ( 'NONE', ( #3037, #601, #953, #1772, #394 ) ) ;
#270 = DIRECTION ( 'NONE',  ( 1.000000000000000000, 0.0000000000000000000, 0.0000000000000000000 ) ) ;
#271 = EDGE_CURVE ( 'NONE', #952, #1186, #145, .T. ) ;
#272 = VERTEX_POINT ( 'NONE', #2 ) ;
#273 = CARTESIAN_POINT ( 'NONE',  ( 6.700000000000002000, 6.250000000000001800, -1.399999999999999900 ) ) ;
#274 = CARTESIAN_POINT ( 'NONE',  ( 9.949999999999999300, 6.099999999999999600, -2.000000000000000000 ) ) ;
#275 = FILL_AREA_STYLE ('',( #1846 ) ) ;
#276 = VERTEX_POINT ( 'NONE', #2036 ) ;
#277 = CARTESIAN_POINT ( 'NONE',  ( -0.3999999999999992500, 2.150000000000000800, 1.350000000000000800 ) ) ;
#278 = DIRECTION ( 'NONE',  ( 0.0000000000000000000, 8.131516293641283300E-017, -1.000000000000000000 ) ) ;
#279 = CARTESIAN_POINT ( 'NONE',  ( 2.400000000000001200, 2.099999999999999200, 1.400000000000000600 ) ) ;
#280 = CARTESIAN_POINT ( 'NONE',  ( 1.285302886640720800E-016, 6.100000000000001400, -8.500000000000000000 ) ) ;
#281 = CARTESIAN_POINT ( 'NONE',  ( -9.735786437626904500, 2.949999999999996200, -19.27157287525380300 ) ) ;
#282 = ORIENTED_EDGE ( 'NONE', *, *, #1595, .T. ) ;
#283 = ADVANCED_FACE ( 'NONE', ( #2181 ), #1957, .F. ) ;
#284 = AXIS2_PLACEMENT_3D ( 'NONE', #1967, #405, #2199 ) ;
#285 = VERTEX_POINT ( 'NONE', #1530 ) ;
#286 = CARTESIAN_POINT ( 'NONE',  ( 9.649999999999993200, 6.100000000000003200, -19.49999999999999600 ) ) ;
#287 = CYLINDRICAL_SURFACE ( 'NONE', #696, 1.599999999999999900 ) ;
#288 = CARTESIAN_POINT ( 'NONE',  ( 0.06250995381667560900, 6.200000000000002000, 1.318404735478094600 ) ) ;
#289 = CIRCLE ( 'NONE', #2103, 0.7000000000000000700 ) ;
#290 = CARTESIAN_POINT ( 'NONE',  ( -9.076030608916557400, 2.950000000000000600, -1.169374552142408400 ) ) ;
#291 = EDGE_LOOP ( 'NONE', ( #3044, #711, #3149, #2052 ) ) ;
#292 = CARTESIAN_POINT ( 'NONE',  ( -4.500000000000000000, 6.299999999999999800, 2.000000000000000000 ) ) ;
#293 = VECTOR ( 'NONE', #146, 1000.000000000000000 ) ;
#294 = VERTEX_POINT ( 'NONE', #3008 ) ;
#295 = EDGE_CURVE ( 'NONE', #1807, #3238, #2590, .T. ) ;
#296 = FACE_OUTER_BOUND ( 'NONE', #837, .T. ) ;
#297 = CARTESIAN_POINT ( 'NONE',  ( -3.900000000000000800, 2.049999999999998900, -1.450000000000002200 ) ) ;
#298 = CARTESIAN_POINT ( 'NONE',  ( 4.986095212514677600, 6.200000000000002000, -0.8229881505650743500 ) ) ;
#299 = EDGE_LOOP ( 'NONE', ( #1036, #2973, #1312, #1849 ) ) ;
#300 = ADVANCED_FACE ( 'NONE', ( #648 ), #1140, .F. ) ;
#301 = LINE ( 'NONE', #3080, #2264 ) ;
#302 = CARTESIAN_POINT ( 'NONE',  ( -4.255828357442260000, 2.150000000000000400, 1.303594455233453100 ) ) ;
#303 = FACE_OUTER_BOUND ( 'NONE', #2432, .T. ) ;
#304 = DIRECTION ( 'NONE',  ( 6.002503377082380100E-017, -1.000000000000000000, -0.0000000000000000000 ) ) ;
#305 = EDGE_CURVE ( 'NONE', #3146, #2185, #2871, .T. ) ;
#306 = CARTESIAN_POINT ( 'NONE',  ( 4.112170329360122200, 6.200000000000002800, 1.338151775804286500 ) ) ;
#307 = DIRECTION ( 'NONE',  ( 0.0000000000000000000, -0.7071067811865563400, 0.7071067811865388000 ) ) ;
#308 = ORIENTED_EDGE ( 'NONE', *, *, #1915, .T. ) ;
#309 = AXIS2_PLACEMENT_3D ( 'NONE', #2940, #2450, #951 ) ;
#310 = AXIS2_PLACEMENT_3D ( 'NONE', #497, #22, #1827 ) ;
#311 = CARTESIAN_POINT ( 'NONE',  ( 4.071847426880761000, 6.200000000000002000, -1.350000000000001200 ) ) ;
#312 = ORIENTED_EDGE ( 'NONE', *, *, #189, .T. ) ;
#313 = CARTESIAN_POINT ( 'NONE',  ( -0.6203971566202907100, 6.200000000000001100, -0.8888436256454088600 ) ) ;
#314 = CARTESIAN_POINT ( 'NONE',  ( -9.950000000000001100, 2.249999999999999600, -2.000000000000000000 ) ) ;
#315 = CARTESIAN_POINT ( 'NONE',  ( -5.249932688011944600, 2.149999999999999900, 0.1713204656307315000 ) ) ;
#316 = ORIENTED_EDGE ( 'NONE', *, *, #773, .T. ) ;
#317 = CARTESIAN_POINT ( 'NONE',  ( 10.14999999999999900, 0.3999999999999987500, 0.3749999999999997800 ) ) ;
#318 = ORIENTED_EDGE ( 'NONE', *, *, #1564, .F. ) ;
#319 = CARTESIAN_POINT ( 'NONE',  ( 0.3999999999999994100, 6.299999999999999800, 1.450000000000000800 ) ) ;
#320 = ADVANCED_FACE ( 'NONE', ( #407 ), #2285, .T. ) ;
#321 = DIRECTION ( 'NONE',  ( 1.000000000000000000, 0.0000000000000000000, -0.0000000000000000000 ) ) ;
#322 = EDGE_CURVE ( 'NONE', #363, #973, #723, .T. ) ;
#323 = VERTEX_POINT ( 'NONE', #1764 ) ;
#324 = FACE_BOUND ( 'NONE', #1265, .T. ) ;
#325 = EDGE_CURVE ( 'NONE', #1519, #1830, #184, .T. ) ;
#326 = CARTESIAN_POINT ( 'NONE',  ( -4.440001334947100800, 2.150000000000000800, -1.237521751094991200 ) ) ;
#327 = CARTESIAN_POINT ( 'NONE',  ( 0.9499326880120836400, 2.150000000000000400, -0.1713204656313107000 ) ) ;
#328 = VERTEX_POINT ( 'NONE', #1233 ) ;
#329 = DIRECTION ( 'NONE',  ( 0.0000000000000000000, 0.0000000000000000000, 1.000000000000000000 ) ) ;
#330 = DIRECTION ( 'NONE',  ( 0.0000000000000000000, 0.7071067811865560100, 0.7071067811865391400 ) ) ;
#331 = DIRECTION ( 'NONE',  ( -1.000000000000000000, 0.0000000000000000000, 0.0000000000000000000 ) ) ;
#332 = AXIS2_PLACEMENT_3D ( 'NONE', #970, #1400, #1514 ) ;
#333 = VECTOR ( 'NONE', #3040, 1000.000000000000000 ) ;
#334 = CARTESIAN_POINT ( 'NONE',  ( 0.3999999999999994100, 6.299999999999999800, -1.450000000000000800 ) ) ;
#335 = DIRECTION ( 'NONE',  ( 0.0000000000000000000, 1.000000000000000000, 0.0000000000000000000 ) ) ;
#336 = ADVANCED_FACE ( 'NONE', ( #324, #1547, #2741 ), #971, .F. ) ;
#337 = ORIENTED_EDGE ( 'NONE', *, *, #2135, .T. ) ;
#338 = CARTESIAN_POINT ( 'NONE',  ( -9.950000000000001100, 2.249999999999999600, -2.000000000000000000 ) ) ;
#339 = DIRECTION ( 'NONE',  ( 0.0000000000000000000, 0.0000000000000000000, 1.000000000000000000 ) ) ;
#340 = DIRECTION ( 'NONE',  ( 0.0000000000000000000, 1.000000000000000000, 8.131516293641283300E-017 ) ) ;
#341 = ORIENTED_EDGE ( 'NONE', *, *, #2836, .F. ) ;
#342 = FACE_OUTER_BOUND ( 'NONE', #1724, .T. ) ;
#343 = CARTESIAN_POINT ( 'NONE',  ( 10.35000000000000000, 5.899999999999998600, -2.000000000000000000 ) ) ;
#344 = LINE ( 'NONE', #2021, #2961 ) ;
#345 = EDGE_CURVE ( 'NONE', #235, #1755, #218, .T. ) ;
#346 = EDGE_CURVE ( 'NONE', #1285, #81, #113, .T. ) ;
#347 = DIRECTION ( 'NONE',  ( -0.0000000000000000000, 0.7071067811865479100, -0.7071067811865472400 ) ) ;
#348 = DIRECTION ( 'NONE',  ( 1.000000000000000000, 2.460600675144406800E-016, 0.0000000000000000000 ) ) ;
#349 = CARTESIAN_POINT ( 'NONE',  ( 0.3999999999999995800, 6.200000000000001100, 1.350000000000000800 ) ) ;
#350 = VERTEX_POINT ( 'NONE', #433 ) ;
#351 = FILL_AREA_STYLE ('',( #853 ) ) ;
#352 = CARTESIAN_POINT ( 'NONE',  ( -10.35000000000000100, 1.849999999999998800, 2.000000000000000000 ) ) ;
#353 = CARTESIAN_POINT ( 'NONE',  ( 0.07530187431164035700, 2.150000000000000400, -1.263766170764229800 ) ) ;
#354 = MECHANICAL_DESIGN_GEOMETRIC_PRESENTATION_REPRESENTATION (  '', ( #24 ), #520 ) ;
#355 = ORIENTED_EDGE ( 'NONE', *, *, #2939, .T. ) ;
#356 = CARTESIAN_POINT ( 'NONE',  ( 7.366987298107781100, 6.299999999999999800, 0.5500000000000000400 ) ) ;
#357 = DIRECTION ( 'NONE',  ( 6.002503377082380100E-017, -1.000000000000000000, -0.0000000000000000000 ) ) ;
#358 = DIRECTION ( 'NONE',  ( -0.0000000000000000000, 1.000000000000000000, 0.0000000000000000000 ) ) ;
#359 = ADVANCED_FACE ( 'NONE', ( #2911 ), #2428, .F. ) ;
#360 =( GEOMETRIC_REPRESENTATION_CONTEXT ( 3 ) GLOBAL_UNCERTAINTY_ASSIGNED_CONTEXT ( ( #2034 ) ) GLOBAL_UNIT_ASSIGNED_CONTEXT ( ( #2140, #2882, #1391 ) ) REPRESENTATION_CONTEXT ( 'NONE', 'WORKASPACE' ) );
#361 = EDGE_LOOP ( 'NONE', ( #1210, #1106, #742, #856 ) ) ;
#362 = DIRECTION ( 'NONE',  ( -1.000000000000000000, 0.0000000000000000000, 0.0000000000000000000 ) ) ;
#363 = VERTEX_POINT ( 'NONE', #3203 ) ;
#364 = CARTESIAN_POINT ( 'NONE',  ( -0.9183371494458402200, 6.200000000000001100, -0.3376605744135474700 ) ) ;
#365 = DIRECTION ( 'NONE',  ( -1.000000000000000000, -0.0000000000000000000, 0.0000000000000000000 ) ) ;
#366 = CARTESIAN_POINT ( 'NONE',  ( -0.6531894070781592000, 2.950000000000000600, -9.049967582308809700 ) ) ;
#367 = EDGE_CURVE ( 'NONE', #1164, #876, #2779, .T. ) ;
#368 = DIRECTION ( 'NONE',  ( 0.0000000000000000000, 0.0000000000000000000, -1.000000000000000000 ) ) ;
#369 = EDGE_CURVE ( 'NONE', #2501, #2891, #1723, .T. ) ;
#370 = EDGE_LOOP ( 'NONE', ( #2378, #2209, #1215, #422, #2713, #2272, #2237, #1063 ) ) ;
#371 = DIRECTION ( 'NONE',  ( 0.0000000000000000000, -0.7071067811865479100, 0.7071067811865472400 ) ) ;
#372 = ORIENTED_EDGE ( 'NONE', *, *, #702, .F. ) ;
#373 = EDGE_CURVE ( 'NONE', #1621, #2680, #1589, .T. ) ;
#374 = PLANE ( 'NONE',  #1601 ) ;
#375 = LINE ( 'NONE', #2097, #2985 ) ;
#376 = CARTESIAN_POINT ( 'NONE',  ( 3.162931317348502500, 2.950000000000002400, -8.441391633886084400 ) ) ;
#377 = ORIENTED_EDGE ( 'NONE', *, *, #1767, .T. ) ;
#378 = AXIS2_PLACEMENT_3D ( 'NONE', #2630, #1133, #2884 ) ;
#379 = CIRCLE ( 'NONE', #1425, 0.5499999999999997100 ) ;
#380 = AXIS2_PLACEMENT_3D ( 'NONE', #441, #1187, #549 ) ;
#381 = ORIENTED_EDGE ( 'NONE', *, *, #668, .T. ) ;
#382 = CYLINDRICAL_SURFACE ( 'NONE', #1469, 0.5500000000000001600 ) ;
#383 = CARTESIAN_POINT ( 'NONE',  ( 5.320710678118657300, 6.300000000000000700, -0.8322330470336311000 ) ) ;
#384 = CARTESIAN_POINT ( 'NONE',  ( 2.550000000000001200, 2.250000000000000400, 6.735557395310438800E-017 ) ) ;
#385 =( BOUNDED_CURVE ( )  B_SPLINE_CURVE ( 3, ( #705, #2994, #3233, #1783 ),
 .UNSPECIFIED., .F., .F. ) 
 B_SPLINE_CURVE_WITH_KNOTS ( ( 4, 4 ),
 ( 0.0000000000000000000, 1.000000000000000000 ),
 .UNSPECIFIED. ) 
 CURVE ( )  GEOMETRIC_REPRESENTATION_ITEM ( )  RATIONAL_B_SPLINE_CURVE ( ( 1.000000000000000000, 0.8047378541243650500, 0.8047378541243650500, 1.000000000000000000 ) ) 
 REPRESENTATION_ITEM ( '' )  );
#386 = CYLINDRICAL_SURFACE ( 'NONE', #1531, 0.7000000000000000700 ) ;
#387 = CARTESIAN_POINT ( 'NONE',  ( -0.8473238385578368800, 6.200000000000002000, -0.5168362683454019700 ) ) ;
#388 = CIRCLE ( 'NONE', #50, 0.4000000000000010200 ) ;
#389 = CARTESIAN_POINT ( 'NONE',  ( 7.299870931602249900, 2.950000000000004200, -5.210661642772710600 ) ) ;
#390 = CYLINDRICAL_SURFACE ( 'NONE', #2435, 8.500000000000000000 ) ;
#391 = EDGE_CURVE ( 'NONE', #568, #2651, #481, .T. ) ;
#392 = VERTEX_POINT ( 'NONE', #1733 ) ;
#393 = CARTESIAN_POINT ( 'NONE',  ( -0.9500336559939596100, 6.200000000000001100, 0.08566023281559466400 ) ) ;
#394 = ORIENTED_EDGE ( 'NONE', *, *, #710, .F. ) ;
#395 = CARTESIAN_POINT ( 'NONE',  ( 8.749158083235027300, 2.950000000000003300, -1.898562354526391900 ) ) ;
#396 = AXIS2_PLACEMENT_3D ( 'NONE', #1732, #1712, #1763 ) ;
#397 = ORIENTED_EDGE ( 'NONE', *, *, #1255, .F. ) ;
#398 = DIRECTION ( 'NONE',  ( -1.000000000000000000, 0.0000000000000000000, 0.0000000000000000000 ) ) ;
#399 = ORIENTED_EDGE ( 'NONE', *, *, #2978, .F. ) ;
#400 = CARTESIAN_POINT ( 'NONE',  ( 10.14999999999999900, 5.899999999999998600, -2.000000000000000000 ) ) ;
#401 = CARTESIAN_POINT ( 'NONE',  ( 5.250033655993888700, 6.200000000000001100, -0.08566023281546654400 ) ) ;
#402 = CARTESIAN_POINT ( 'NONE',  ( -10.35000000000000100, -4.000000000000001800, -0.3750000000000012200 ) ) ;
#403 = CARTESIAN_POINT ( 'NONE',  ( -0.9382106737937138100, 6.200000000000002000, 0.2120213896658573700 ) ) ;
#404 = CARTESIAN_POINT ( 'NONE',  ( 6.449999999999997500, 2.250000000000002700, 0.0000000000000000000 ) ) ;
#405 = DIRECTION ( 'NONE',  ( 6.002503377082380100E-017, -1.000000000000000000, -0.0000000000000000000 ) ) ;
#406 = ORIENTED_EDGE ( 'NONE', *, *, #2461, .T. ) ;
#407 = FACE_OUTER_BOUND ( 'NONE', #361, .T. ) ;
#408 = CARTESIAN_POINT ( 'NONE',  ( -5.320710678118656400, 2.049999999999997200, 0.8322330470336343200 ) ) ;
#409 = EDGE_CURVE ( 'NONE', #2422, #2618, #2370, .T. ) ;
#410 = ORIENTED_EDGE ( 'NONE', *, *, #2747, .F. ) ;
#411 = ORIENTED_EDGE ( 'NONE', *, *, #1941, .F. ) ;
#412 = CARTESIAN_POINT ( 'NONE',  ( -3.899999999999999000, 2.049999999999998500, 1.450000000000002800 ) ) ;
#413 = CARTESIAN_POINT ( 'NONE',  ( -0.3999999999999990200, 2.049999999999999400, -1.450000000000001100 ) ) ;
#414 = LINE ( 'NONE', #1295, #2291 ) ;
#415 = ORIENTED_EDGE ( 'NONE', *, *, #3084, .F. ) ;
#416 = AXIS2_PLACEMENT_3D ( 'NONE', #1032, #2534, #766 ) ;
#417 = CARTESIAN_POINT ( 'NONE',  ( 2.275140453871300000, 2.249999999999999600, -0.4000000000000001900 ) ) ;
#418 = SURFACE_STYLE_FILL_AREA ( #275 ) ;
#419 = AXIS2_PLACEMENT_3D ( 'NONE', #1913, #357, #2159 ) ;
#420 = MANIFOLD_SOLID_BREP ( 'Body-Move/Copy1[4]', #1394 ) ;
#421 = ORIENTED_EDGE ( 'NONE', *, *, #961, .T. ) ;
#422 = ORIENTED_EDGE ( 'NONE', *, *, #172, .F. ) ;
#423 = CIRCLE ( 'NONE', #261, 0.04999999999999991300 ) ;
#424 = CARTESIAN_POINT ( 'NONE',  ( 3.900000000000000400, 6.250000000000000000, 1.409462824231155800E-015 ) ) ;
#425 = ORIENTED_EDGE ( 'NONE', *, *, #1875, .F. ) ;
#426 = PLANE ( 'NONE',  #2022 ) ;
#427 = VERTEX_POINT ( 'NONE', #937 ) ;
#428 = CARTESIAN_POINT ( 'NONE',  ( -2.400000000000001700, 6.220710678118654100, 1.399999999999999900 ) ) ;
#429 = ORIENTED_EDGE ( 'NONE', *, *, #2530, .F. ) ;
#430 = DIRECTION ( 'NONE',  ( -1.000000000000000000, 0.0000000000000000000, 0.0000000000000000000 ) ) ;
#431 = LINE ( 'NONE', #2921, #2235 ) ;
#432 = CARTESIAN_POINT ( 'NONE',  ( 4.440001334947147900, 6.200000000000001100, -1.237521751094951400 ) ) ;
#433 = CARTESIAN_POINT ( 'NONE',  ( -10.35000000000000300, -1.307152337339446800E-048, 0.3749999999999994400 ) ) ;
#434 = EDGE_CURVE ( 'NONE', #655, #1807, #1370, .T. ) ;
#435 = VERTEX_POINT ( 'NONE', #174 ) ;
#436 = ADVANCED_FACE ( 'NONE', ( #2568 ), #1439, .F. ) ;
#437 = CARTESIAN_POINT ( 'NONE',  ( -8.350000000000003200, -1.530624733677719800E-015, -0.3750000000000013300 ) ) ;
#438 = ORIENTED_EDGE ( 'NONE', *, *, #1829, .T. ) ;
#439 = DIRECTION ( 'NONE',  ( -6.002503377082380100E-017, 1.000000000000000000, 0.0000000000000000000 ) ) ;
#440 = EDGE_LOOP ( 'NONE', ( #2766, #1011, #1686, #786 ) ) ;
#441 = CARTESIAN_POINT ( 'NONE',  ( -7.799999999999999800, 2.249999999999998700, 0.0000000000000000000 ) ) ;
#442 = LINE ( 'NONE', #2010, #2535 ) ;
#443 = DIRECTION ( 'NONE',  ( -6.002503377082380100E-017, 1.000000000000000000, 0.0000000000000000000 ) ) ;
#444 = DIRECTION ( 'NONE',  ( 1.000000000000000000, 4.501877532811783200E-017, 0.0000000000000000000 ) ) ;
#445 = ORIENTED_EDGE ( 'NONE', *, *, #1067, .F. ) ;
#446 = DIRECTION ( 'NONE',  ( 1.000000000000000000, -0.0000000000000000000, 1.239088197126290300E-016 ) ) ;
#447 = DIRECTION ( 'NONE',  ( 0.0000000000000000000, -1.000000000000000000, -1.897353801849633000E-016 ) ) ;
#448 = EDGE_CURVE ( 'NONE', #2881, #1944, #1862, .T. ) ;
#449 = CIRCLE ( 'NONE', #26, 0.04999999999999991300 ) ;
#450 = PLANE ( 'NONE',  #3207 ) ;
#451 = ORIENTED_EDGE ( 'NONE', *, *, #64, .T. ) ;
#452 = LINE ( 'NONE', #1153, #1847 ) ;
#453 = CARTESIAN_POINT ( 'NONE',  ( 4.569935726683639600, 6.200000000000002000, 1.186798491794699900 ) ) ;
#454 = CARTESIAN_POINT ( 'NONE',  ( 10.14999999999999900, 2.025000000000038100, 2.000000000000000000 ) ) ;
#455 = VERTEX_POINT ( 'NONE', #647 ) ;
#456 = VECTOR ( 'NONE', #623, 1000.000000000000000 ) ;
#457 = AXIS2_PLACEMENT_3D ( 'NONE', #2786, #1353, #3097 ) ;
#458 = DIRECTION ( 'NONE',  ( 1.000000000000000000, 0.0000000000000000000, 0.0000000000000000000 ) ) ;
#459 = VECTOR ( 'NONE', #561, 1000.000000000000000 ) ;
#460 = CARTESIAN_POINT ( 'NONE',  ( 3.900000000000000400, 6.220710678118655900, -1.399999999999999900 ) ) ;
#461 = CIRCLE ( 'NONE', #1629, 0.04999999999999991300 ) ;
#462 = DIRECTION ( 'NONE',  ( 2.965339275174029000E-016, -1.000000000000000000, -0.0000000000000000000 ) ) ;
#463 = VECTOR ( 'NONE', #2673, 1000.000000000000000 ) ;
#464 = CARTESIAN_POINT ( 'NONE',  ( -0.3999999999999993600, 2.070710678118653700, 1.400000000000001000 ) ) ;
#465 = CARTESIAN_POINT ( 'NONE',  ( -6.600000000000008500, 2.150000000000000800, -1.349999999999999900 ) ) ;
#466 = DIRECTION ( 'NONE',  ( 0.0000000000000000000, -0.7071067811865563400, 0.7071067811865388000 ) ) ;
#467 = EDGE_LOOP ( 'NONE', ( #1512, #2418, #3041, #1156 ) ) ;
#468 = EDGE_CURVE ( 'NONE', #876, #2214, #669, .T. ) ;
#469 = VERTEX_POINT ( 'NONE', #1953 ) ;
#470 = CARTESIAN_POINT ( 'NONE',  ( -3.572952071466471300, 2.950000000000000200, -8.357190413790625900 ) ) ;
#471 = VERTEX_POINT ( 'NONE', #3166 ) ;
#472 = CARTESIAN_POINT ( 'NONE',  ( -10.35000000000000300, 1.624999999999998000, 2.000000000000000000 ) ) ;
#473 = AXIS2_PLACEMENT_3D ( 'NONE', #1926, #2389, #624 ) ;
#474 = VERTEX_POINT ( 'NONE', #1428 ) ;
#475 = CARTESIAN_POINT ( 'NONE',  ( 9.950000000000002800, 3.364213562373095500, 0.0000000000000000000 ) ) ;
#476 = CARTESIAN_POINT ( 'NONE',  ( 6.950000000000000200, 2.750000000000003100, 0.0000000000000000000 ) ) ;
#477 =( BOUNDED_SURFACE ( )  B_SPLINE_SURFACE ( 3, 3, ( 
 ( #1556, #761, #18, #1823 ),
 ( #255, #2064, #512, #2301 ),
 ( #769, #2540, #1037, #2799 ),
 ( #1297, #3042, #1566, #28 ) ),
 .UNSPECIFIED., .F., .F., .F. ) 
 B_SPLINE_SURFACE_WITH_KNOTS ( ( 4, 4 ),
 ( 4, 4 ),
 ( 0.0000000000000000000, 1.000000000000000000 ),
 ( 0.0000000000000000000, 1.000000000000000000 ),
 .UNSPECIFIED. ) 
 GEOMETRIC_REPRESENTATION_ITEM ( )  RATIONAL_B_SPLINE_SURFACE ( (
 ( 1.000000000000000000, 0.8047378541243649400, 0.8047378541243649400, 1.000000000000000000),
 ( 0.8047378541243568300, 0.6476030138606810900, 0.6476030138606810900, 0.8047378541243568300),
 ( 0.8047378541243568300, 0.6476030138606810900, 0.6476030138606810900, 0.8047378541243568300),
 ( 1.000000000000000000, 0.8047378541243649400, 0.8047378541243649400, 1.000000000000000000) ) ) 
 REPRESENTATION_ITEM ( '' )  SURFACE ( )  );
#478 = PRESENTATION_LAYER_ASSIGNMENT (  '', '', ( #2752 ) ) ;
#479 = DIRECTION ( 'NONE',  ( 2.252887631138711300E-016, -1.000000000000000000, 0.0000000000000000000 ) ) ;
#480 = CARTESIAN_POINT ( 'NONE',  ( 0.6203971566202674000, 2.149999999999999900, -0.8888436256454327300 ) ) ;
#481 = CIRCLE ( 'NONE', #2964, 1.599999999999999900 ) ;
#482 = CARTESIAN_POINT ( 'NONE',  ( -10.15000000000000200, -1.567923141748267300E-015, -0.3750000000000017800 ) ) ;
#483 = ORIENTED_EDGE ( 'NONE', *, *, #1090, .T. ) ;
#484 = DIRECTION ( 'NONE',  ( -1.000000000000000000, 0.0000000000000000000, 0.0000000000000000000 ) ) ;
#485 = DIRECTION ( 'NONE',  ( 1.000000000000000000, 0.0000000000000000000, 1.239088197126290600E-016 ) ) ;
#486 = VERTEX_POINT ( 'NONE', #1702 ) ;
#487 = VERTEX_POINT ( 'NONE', #2419 ) ;
#488 = CARTESIAN_POINT ( 'NONE',  ( -8.233012701892217700, 2.249999999999998700, 0.5500000000000003800 ) ) ;
#489 = VECTOR ( 'NONE', #1553, 1000.000000000000000 ) ;
#490 = EDGE_CURVE ( 'NONE', #2661, #1830, #431, .T. ) ;
#491 = CARTESIAN_POINT ( 'NONE',  ( -4.720101012677669200, 2.070710678118652800, -1.400000000000001000 ) ) ;
#492 = CARTESIAN_POINT ( 'NONE',  ( 9.950000000000001100, 5.975735931288076200, 0.0000000000000000000 ) ) ;
#493 = FACE_OUTER_BOUND ( 'NONE', #1122, .T. ) ;
#494 = CARTESIAN_POINT ( 'NONE',  ( -6.940818222388789300, 2.950000000000000200, -5.957761974984496300 ) ) ;
#495 = VERTEX_POINT ( 'NONE', #2665 ) ;
#496 = EDGE_CURVE ( 'NONE', #2811, #906, #2158, .T. ) ;
#497 = CARTESIAN_POINT ( 'NONE',  ( 4.500000000000001800, 2.250000000000000400, 2.699999999999999300 ) ) ;
#498 = VERTEX_POINT ( 'NONE', #2180 ) ;
#499 = CIRCLE ( 'NONE', #2063, 0.5500000000000001600 ) ;
#500 = AXIS2_PLACEMENT_3D ( 'NONE', #925, #1549, #63 ) ;
#501 = CARTESIAN_POINT ( 'NONE',  ( -0.4000000000000285000, 2.150000000000000800, 1.379289321881347100 ) ) ;
#502 = CARTESIAN_POINT ( 'NONE',  ( -10.35000000000000100, -4.000000000000001800, -2.000000000000000000 ) ) ;
#503 = ORIENTED_EDGE ( 'NONE', *, *, #1811, .F. ) ;
#504 = CARTESIAN_POINT ( 'NONE',  ( 10.35000000000000000, -3.600000000000001400, 2.000000000000000000 ) ) ;
#505 = DIRECTION ( 'NONE',  ( -3.616905694837807800E-032, 1.219727444046192500E-016, 1.000000000000000000 ) ) ;
#506 = CARTESIAN_POINT ( 'NONE',  ( 4.500000000000000000, 2.250000000000000400, 1.099999999999998500 ) ) ;
#507 = ORIENTED_EDGE ( 'NONE', *, *, #3105, .F. ) ;
#508 = CARTESIAN_POINT ( 'NONE',  ( -10.15000000000000000, 5.799999999999998900, 1.230770033143090100E-015 ) ) ;
#509 = ORIENTED_EDGE ( 'NONE', *, *, #44, .F. ) ;
#510 = EDGE_CURVE ( 'NONE', #729, #810, #2225, .T. ) ;
#511 = EDGE_CURVE ( 'NONE', #328, #2185, #2041, .T. ) ;
#512 = CARTESIAN_POINT ( 'NONE',  ( 4.732233047033632000, 6.300000000000000700, 1.420710678118657600 ) ) ;
#513 = ORIENTED_EDGE ( 'NONE', *, *, #1939, .F. ) ;
#514 = CARTESIAN_POINT ( 'NONE',  ( 9.949999999999999300, 5.899999999999998600, 2.000000000000000000 ) ) ;
#515 = DIRECTION ( 'NONE',  ( -1.000000000000000000, -0.0000000000000000000, 0.0000000000000000000 ) ) ;
#516 = ORIENTED_EDGE ( 'NONE', *, *, #2958, .T. ) ;
#517 = CARTESIAN_POINT ( 'NONE',  ( 4.255828357442216400, 6.200000000000001100, 1.303594455233451700 ) ) ;
#518 = CARTESIAN_POINT ( 'NONE',  ( -9.124194906111781100E-016, 2.950000000000001100, 8.500000000000000000 ) ) ;
#519 = DIRECTION ( 'NONE',  ( 1.000000000000000000, 2.460600675144406800E-016, 0.0000000000000000000 ) ) ;
#520 =( GEOMETRIC_REPRESENTATION_CONTEXT ( 3 ) GLOBAL_UNCERTAINTY_ASSIGNED_CONTEXT ( ( #2796 ) ) GLOBAL_UNIT_ASSIGNED_CONTEXT ( ( #926, #2427, #663 ) ) REPRESENTATION_CONTEXT ( 'NONE', 'WORKASPACE' ) );
#521 = B_SPLINE_CURVE_WITH_KNOTS ( 'NONE', 3,
 ( #2485, #1389, #2164, #2518, #1528, #1911, #353, #2155, #1803, #480, #1119, #2620, #847, #2374, #586, #2132, #327, #1890, #1637, #95, #3110, #115, #611, #3132, #2874, #1379, #2567, #1065, #2327, #794, #2088, #536, #1848, #277 ),
 .UNSPECIFIED., .F., .F.,
 ( 4, 1, 1, 2, 2, 2, 1, 1, 2, 2, 2, 1, 1, 2, 2, 2, 1, 1, 2, 2, 4 ),
 ( 0.0000000000000000000, 0.06249999999999988900, 0.09374999999999986100, 0.1093749999999998600, 0.1249999999999998600, 0.2500000000000000000, 0.3125000000000000600, 0.3437500000000000600, 0.3593750000000000000, 0.3750000000000000000, 0.4999999999999997800, 0.5624999999999996700, 0.5937499999999995600, 0.6093749999999995600, 0.6249999999999995600, 0.7499999999999995600, 0.8124999999999995600, 0.8437499999999995600, 0.8593749999999996700, 0.8749999999999997800, 1.000000000000000000 ),
 .UNSPECIFIED. ) ;
#522 = DIRECTION ( 'NONE',  ( -1.219258498469858100E-016, 1.000000000000000000, -0.0000000000000000000 ) ) ;
#523 = ORIENTED_EDGE ( 'NONE', *, *, #1486, .F. ) ;
#524 = DIRECTION ( 'NONE',  ( 1.000000000000000000, 0.0000000000000000000, 0.0000000000000000000 ) ) ;
#525 = CARTESIAN_POINT ( 'NONE',  ( 5.320710678118656400, 6.300000000000002500, 1.301042606982605300E-015 ) ) ;
#526 =( NAMED_UNIT ( * ) PLANE_ANGLE_UNIT ( ) SI_UNIT ( $, .RADIAN. ) );
#527 = EDGE_CURVE ( 'NONE', #2200, #1878, #2412, .T. ) ;
#528 = FACE_OUTER_BOUND ( 'NONE', #978, .T. ) ;
#529 = EDGE_CURVE ( 'NONE', #1009, #655, #1123, .T. ) ;
#530 = CARTESIAN_POINT ( 'NONE',  ( 9.950000000000001100, 5.800000000000003400, -2.461540066286180300E-015 ) ) ;
#531 = LINE ( 'NONE', #2388, #1160 ) ;
#532 = ADVANCED_FACE ( 'NONE', ( #671 ), #1411, .F. ) ;
#533 = DIRECTION ( 'NONE',  ( 0.0000000000000000000, 0.0000000000000000000, -1.000000000000000000 ) ) ;
#534 = SURFACE_STYLE_USAGE ( .BOTH. , #2087 ) ;
#535 = VECTOR ( 'NONE', #266, 1000.000000000000000 ) ;
#536 = CARTESIAN_POINT ( 'NONE',  ( -0.06250995381672219700, 2.150000000000000800, 1.318404735478094800 ) ) ;
#537 = EDGE_CURVE ( 'NONE', #2869, #2785, #1199, .T. ) ;
#538 = CARTESIAN_POINT ( 'NONE',  ( 2.275140453871300000, 2.249999999999999600, -2.000000000000000000 ) ) ;
#539 = CIRCLE ( 'NONE', #819, 0.04999999999999991300 ) ;
#540 = CARTESIAN_POINT ( 'NONE',  ( 8.949999999999995700, 2.950000000000004200, -2.216610706456708400E-015 ) ) ;
#541 = AXIS2_PLACEMENT_3D ( 'NONE', #3122, #2873, #2338 ) ;
#542 = VECTOR ( 'NONE', #863, 1000.000000000000000 ) ;
#543 = CARTESIAN_POINT ( 'NONE',  ( -3.100000000000000500, 6.299999999999999800, 0.0000000000000000000 ) ) ;
#544 = AXIS2_PLACEMENT_3D ( 'NONE', #1211, #1113, #1220 ) ;
#545 = CARTESIAN_POINT ( 'NONE',  ( -0.9499326880120839700, 6.200000000000002000, -0.1713204656311898300 ) ) ;
#546 = ORIENTED_EDGE ( 'NONE', *, *, #2194, .T. ) ;
#547 = CARTESIAN_POINT ( 'NONE',  ( -9.149999999999995000, 2.949999999999999300, -0.2766823227155978900 ) ) ;
#548 = ORIENTED_EDGE ( 'NONE', *, *, #305, .T. ) ;
#549 = DIRECTION ( 'NONE',  ( 1.000000000000000000, 0.0000000000000000000, 0.0000000000000000000 ) ) ;
#550 = CARTESIAN_POINT ( 'NONE',  ( -3.387570226935649100, 6.099999999999999600, -1.550000000000000000 ) ) ;
#551 = ADVANCED_FACE ( 'NONE', ( #1001 ), #163, .T. ) ;
#552 = EDGE_LOOP ( 'NONE', ( #2625, #1296, #2262, #2968 ) ) ;
#553 = CARTESIAN_POINT ( 'NONE',  ( -9.950000000000001100, 1.849999999999998800, 2.000000000000000000 ) ) ;
#554 = CARTESIAN_POINT ( 'NONE',  ( 4.316573699886613500, 6.200000000000002000, 1.284341090915414700 ) ) ;
#555 = EDGE_CURVE ( 'NONE', #294, #637, #2224, .T. ) ;
#556 = ORIENTED_EDGE ( 'NONE', *, *, #913, .T. ) ;
#557 = DIRECTION ( 'NONE',  ( 0.0000000000000000000, 0.0000000000000000000, 1.000000000000000000 ) ) ;
#558 = DIRECTION ( 'NONE',  ( -0.0000000000000000000, -1.000000000000000000, -0.0000000000000000000 ) ) ;
#559 = CARTESIAN_POINT ( 'NONE',  ( -4.356887842877002400, 2.150000000000001700, 1.270518162687083800 ) ) ;
#560 = DIRECTION ( 'NONE',  ( 0.0000000000000000000, 0.0000000000000000000, 1.000000000000000000 ) ) ;
#561 = DIRECTION ( 'NONE',  ( -0.0000000000000000000, 0.0000000000000000000, -1.000000000000000000 ) ) ;
#562 = CARTESIAN_POINT ( 'NONE',  ( 2.441421356237312200, 2.049999999999998500, -1.420710678118655600 ) ) ;
#563 = CARTESIAN_POINT ( 'NONE',  ( -2.275140453871298700, 6.099999999999999600, 2.000000000000000000 ) ) ;
#564 = DIRECTION ( 'NONE',  ( -1.000000000000000000, -1.219258498469857800E-016, 0.0000000000000000000 ) ) ;
#565 = ORIENTED_EDGE ( 'NONE', *, *, #2956, .F. ) ;
#566 = LINE ( 'NONE', #13, #2395 ) ;
#567 = CARTESIAN_POINT ( 'NONE',  ( -3.900000000000000800, 2.099999999999998800, -1.400000000000001500 ) ) ;
#568 = VERTEX_POINT ( 'NONE', #2636 ) ;
#569 = SURFACE_STYLE_FILL_AREA ( #351 ) ;
#570 = ADVANCED_FACE ( 'NONE', ( #232 ), #1938, .T. ) ;
#571 = DIRECTION ( 'NONE',  ( 2.252887631138711300E-016, -1.000000000000000000, 0.0000000000000000000 ) ) ;
#572 = CARTESIAN_POINT ( 'NONE',  ( -5.238210673793837200, 2.150000000000000400, -0.2120213896654505300 ) ) ;
#573 = FACE_OUTER_BOUND ( 'NONE', #2696, .T. ) ;
#574 = LINE ( 'NONE', #1256, #3184 ) ;
#575 = DIRECTION ( 'NONE',  ( -1.000000000000000000, 0.0000000000000000000, 0.0000000000000000000 ) ) ;
#576 = CARTESIAN_POINT ( 'NONE',  ( 9.649999999999998600, 6.100000000000003200, 0.0000000000000000000 ) ) ;
#577 = VERTEX_POINT ( 'NONE', #1657 ) ;
#578 = EDGE_CURVE ( 'NONE', #2785, #1016, #521, .T. ) ;
#579 = DIRECTION ( 'NONE',  ( 6.002503377082380100E-017, -1.000000000000000000, -0.0000000000000000000 ) ) ;
#580 = SURFACE_STYLE_FILL_AREA ( #33 ) ;
#581 = CARTESIAN_POINT ( 'NONE',  ( 4.920397156620268200, 6.200000000000001100, 0.8888436256454336200 ) ) ;
#582 = ORIENTED_EDGE ( 'NONE', *, *, #2178, .T. ) ;
#583 = VECTOR ( 'NONE', #628, 1000.000000000000000 ) ;
#584 = CARTESIAN_POINT ( 'NONE',  ( -9.950000000000001100, 2.249999999999999600, 0.5500000000000001600 ) ) ;
#585 = CARTESIAN_POINT ( 'NONE',  ( -4.237490046183400400, 2.150000000000001200, -1.318404735478094600 ) ) ;
#586 = CARTESIAN_POINT ( 'NONE',  ( 0.8473238385578373300, 2.150000000000000800, -0.5168362683453926500 ) ) ;
#587 = AXIS2_PLACEMENT_3D ( 'NONE', #2768, #1013, #2506 ) ;
#588 = FACE_OUTER_BOUND ( 'NONE', #2233, .T. ) ;
#589 = PLANE ( 'NONE',  #594 ) ;
#590 = CARTESIAN_POINT ( 'NONE',  ( -4.499999999999999100, 6.099999999999999600, -2.699999999999999300 ) ) ;
#591 = CIRCLE ( 'NONE', #2186, 0.4000000000000010200 ) ;
#592 = ADVANCED_FACE ( 'NONE', ( #131 ), #2381, .T. ) ;
#593 = DIRECTION ( 'NONE',  ( -1.000000000000000000, 0.0000000000000000000, 0.0000000000000000000 ) ) ;
#594 = AXIS2_PLACEMENT_3D ( 'NONE', #602, #2633, #1135 ) ;
#595 = CARTESIAN_POINT ( 'NONE',  ( -10.35000000000000100, 1.849999999999998800, 2.000000000000000000 ) ) ;
#596 = ORIENTED_EDGE ( 'NONE', *, *, #2467, .F. ) ;
#597 = CARTESIAN_POINT ( 'NONE',  ( 6.700000000000002000, 6.250000000000001800, 1.400000000000002400 ) ) ;
#598 = DIRECTION ( 'NONE',  ( 1.000000000000000000, 4.501877532811783200E-017, 0.0000000000000000000 ) ) ;
#599 = DIRECTION ( 'NONE',  ( 0.0000000000000000000, 0.0000000000000000000, -1.000000000000000000 ) ) ;
#600 = DIRECTION ( 'NONE',  ( 0.0000000000000000000, 1.000000000000000000, 0.0000000000000000000 ) ) ;
#601 = ORIENTED_EDGE ( 'NONE', *, *, #1237, .F. ) ;
#602 = CARTESIAN_POINT ( 'NONE',  ( 10.14999999999999900, -3.600000000000001400, 2.000000000000000000 ) ) ;
#603 = EDGE_LOOP ( 'NONE', ( #2833, #205, #1883, #1029 ) ) ;
#604 = CARTESIAN_POINT ( 'NONE',  ( -2.500000000000001300, 6.299999999999999800, 1.450000000000000600 ) ) ;
#605 = CARTESIAN_POINT ( 'NONE',  ( -7.150000000000001200, 2.750000000000003100, 8.633759933988841000E-016 ) ) ;
#606 = ADVANCED_FACE ( 'NONE', ( #303 ), #1132, .T. ) ;
#607 = VECTOR ( 'NONE', #2700, 1000.000000000000000 ) ;
#608 = SURFACE_STYLE_USAGE ( .BOTH. , #2152 ) ;
#609 = EDGE_CURVE ( 'NONE', #350, #27, #43, .T. ) ;
#610 = CARTESIAN_POINT ( 'NONE',  ( -2.275140453871299200, 6.099999999999999600, -0.4000000000000001900 ) ) ;
#611 = CARTESIAN_POINT ( 'NONE',  ( 0.8637661707642537700, 2.150000000000000800, 0.4753018743116060900 ) ) ;
#612 = DIRECTION ( 'NONE',  ( 0.0000000000000000000, -0.7071067811865561200, -0.7071067811865389100 ) ) ;
#613 = PRODUCT ( 'CR-2032-HF1N', 'CR-2032-HF1N', '', ( #3142 ) ) ;
#614 = CARTESIAN_POINT ( 'NONE',  ( -10.14999999999999900, -4.000000000000001800, 0.3749999999999998900 ) ) ;
#615 = CARTESIAN_POINT ( 'NONE',  ( 8.491761572060850600, 2.950000000000004200, 2.850034371742521600 ) ) ;
#616 = ORIENTED_EDGE ( 'NONE', *, *, #1897, .F. ) ;
#617 = CARTESIAN_POINT ( 'NONE',  ( 5.238210673793590300, 6.200000000000002000, -0.2120213896656337700 ) ) ;
#618 = LINE ( 'NONE', #1404, #1157 ) ;
#619 = CARTESIAN_POINT ( 'NONE',  ( -10.14999999999999900, -4.000000000000001800, -0.3750000000000011700 ) ) ;
#620 = CIRCLE ( 'NONE', #419, 1.599999999999999900 ) ;
#621 = CARTESIAN_POINT ( 'NONE',  ( 0.5898864342346247200, 2.950000000000001500, -9.031142563501022700 ) ) ;
#622 = VERTEX_POINT ( 'NONE', #1833 ) ;
#623 = DIRECTION ( 'NONE',  ( 0.0000000000000000000, -0.7071067811865470200, -0.7071067811865481300 ) ) ;
#624 = DIRECTION ( 'NONE',  ( 1.000000000000000000, 0.0000000000000000000, 0.0000000000000000000 ) ) ;
#625 = LINE ( 'NONE', #482, #1934 ) ;
#626 = EDGE_CURVE ( 'NONE', #3131, #1017, #2607, .T. ) ;
#627 = ORIENTED_EDGE ( 'NONE', *, *, #1319, .T. ) ;
#628 = DIRECTION ( 'NONE',  ( 2.252887631138711300E-016, -1.000000000000000000, 0.0000000000000000000 ) ) ;
#629 = CARTESIAN_POINT ( 'NONE',  ( 3.900000000000000400, 6.200000000000001100, 1.350000000000001400 ) ) ;
#630 = DIRECTION ( 'NONE',  ( 1.000000000000000000, 0.0000000000000000000, -4.956352788505164300E-016 ) ) ;
#631 =( BOUNDED_SURFACE ( )  B_SPLINE_SURFACE ( 3, 3, ( 
 ( #1320, #597, #273, #3002 ),
 ( #2810, #1842, #987, #460 ),
 ( #2737, #1771, #217, #975 ),
 ( #2013, #1241, #2984, #1501 ) ),
 .UNSPECIFIED., .F., .F., .T. ) 
 B_SPLINE_SURFACE_WITH_KNOTS ( ( 4, 4 ),
 ( 4, 4 ),
 ( 0.0000000000000000000, 1.000000000000000000 ),
 ( 0.0000000000000000000, 1.000000000000000000 ),
 .UNSPECIFIED. ) 
 GEOMETRIC_REPRESENTATION_ITEM ( )  RATIONAL_B_SPLINE_SURFACE ( (
 ( 1.000000000000000000, 0.3333333333333334300, 0.3333333333333334300, 1.000000000000000000),
 ( 0.8047378541243568300, 0.2682459513747856800, 0.2682459513747856800, 0.8047378541243568300),
 ( 0.8047378541243568300, 0.2682459513747856800, 0.2682459513747856800, 0.8047378541243568300),
 ( 1.000000000000000000, 0.3333333333333334300, 0.3333333333333334300, 1.000000000000000000) ) ) 
 REPRESENTATION_ITEM ( '' )  SURFACE ( )  );
#632 = DIRECTION ( 'NONE',  ( 0.0000000000000000000, 1.000000000000000000, 0.0000000000000000000 ) ) ;
#633 = CARTESIAN_POINT ( 'NONE',  ( 3.515455406922014100, 2.950000000000003300, -8.302091370084591300 ) ) ;
#634 = AXIS2_PLACEMENT_3D ( 'NONE', #931, #2687, #1194 ) ;
#635 = EDGE_LOOP ( 'NONE', ( #98, #1793, #523, #2897 ) ) ;
#636 = CARTESIAN_POINT ( 'NONE',  ( -3.602887219336448700E-016, 6.099999999999999600, 0.0000000000000000000 ) ) ;
#637 = VERTEX_POINT ( 'NONE', #3054 ) ;
#638 = DIRECTION ( 'NONE',  ( -4.336808689942006700E-015, 1.000000000000000000, 0.0000000000000000000 ) ) ;
#639 = CARTESIAN_POINT ( 'NONE',  ( 4.237490046183602900, 6.200000000000002000, -1.318404735478094800 ) ) ;
#640 = CARTESIAN_POINT ( 'NONE',  ( -8.350000000000003200, 1.624999999999998700, -2.000000000000000000 ) ) ;
#641 = ORIENTED_EDGE ( 'NONE', *, *, #3105, .T. ) ;
#642 = CARTESIAN_POINT ( 'NONE',  ( -0.1168575843741800200, 6.200000000000002000, 1.247315390303804300 ) ) ;
#643 = DIRECTION ( 'NONE',  ( -1.219258498469858100E-016, 1.000000000000000000, -0.0000000000000000000 ) ) ;
#644 = CARTESIAN_POINT ( 'NONE',  ( 7.432991633519162800, 2.950000000000003700, -5.016203204212280800 ) ) ;
#645 = EDGE_CURVE ( 'NONE', #1593, #1463, #1316, .T. ) ;
#646 = EDGE_LOOP ( 'NONE', ( #1607, #1746, #2831, #1996, #2773, #318, #2877, #706 ) ) ;
#647 = CARTESIAN_POINT ( 'NONE',  ( -3.387570226935649100, 6.299999999999999800, -1.549999999999999800 ) ) ;
#648 = FACE_OUTER_BOUND ( 'NONE', #2816, .T. ) ;
#649 = CARTESIAN_POINT ( 'NONE',  ( -0.1400013349471605500, 6.200000000000002000, 1.237521751094974800 ) ) ;
#650 = ORIENTED_EDGE ( 'NONE', *, *, #686, .T. ) ;
#651 = ORIENTED_EDGE ( 'NONE', *, *, #1770, .T. ) ;
#652 = AXIS2_PLACEMENT_3D ( 'NONE', #590, #2134, #331 ) ;
#653 = CARTESIAN_POINT ( 'NONE',  ( -6.649999999999996800, 2.250000000000000000, 13.09999999999999800 ) ) ;
#654 = CARTESIAN_POINT ( 'NONE',  ( 8.785336784267659700, 2.950000000000003300, -1.718895559085663600 ) ) ;
#655 = VERTEX_POINT ( 'NONE', #1299 ) ;
#656 = AXIS2_PLACEMENT_3D ( 'NONE', #2216, #1475, #3206 ) ;
#657 = CYLINDRICAL_SURFACE ( 'NONE', #1535, 0.04999999999999991300 ) ;
#658 = DIRECTION ( 'NONE',  ( -1.000000000000000000, -0.0000000000000000000, 4.956352788505164300E-016 ) ) ;
#659 = MECHANICAL_DESIGN_GEOMETRIC_PRESENTATION_REPRESENTATION (  '', ( #2752 ), #826 ) ;
#660 = ORIENTED_EDGE ( 'NONE', *, *, #2194, .F. ) ;
#661 = CARTESIAN_POINT ( 'NONE',  ( -7.366987298107780200, 2.249999999999999600, -0.5500000000000001600 ) ) ;
#662 = CYLINDRICAL_SURFACE ( 'NONE', #260, 8.500000000000000000 ) ;
#663 =( NAMED_UNIT ( * ) SI_UNIT ( $, .STERADIAN. ) SOLID_ANGLE_UNIT ( ) );
#664 = CARTESIAN_POINT ( 'NONE',  ( -0.1820878881896205400, 6.200000000000002000, 1.218357452626323200 ) ) ;
#665 = LINE ( 'NONE', #1559, #2608 ) ;
#666 = VECTOR ( 'NONE', #228, 1000.000000000000000 ) ;
#667 = CARTESIAN_POINT ( 'NONE',  ( -3.899999999999999500, 2.049999999999997600, 1.420710678118658500 ) ) ;
#668 = EDGE_CURVE ( 'NONE', #2104, #2403, #2260, .T. ) ;
#669 = LINE ( 'NONE', #402, #3 ) ;
#670 = FACE_OUTER_BOUND ( 'NONE', #370, .T. ) ;
#671 = FACE_OUTER_BOUND ( 'NONE', #1820, .T. ) ;
#672 = CARTESIAN_POINT ( 'NONE',  ( -2.500000000000001300, 6.299999999999999800, 1.450000000000000200 ) ) ;
#673 = DIRECTION ( 'NONE',  ( -1.219258498469858100E-016, 1.000000000000000000, -0.0000000000000000000 ) ) ;
#674 = EDGE_LOOP ( 'NONE', ( #2537, #227, #2217, #1007 ) ) ;
#675 = EDGE_CURVE ( 'NONE', #1286, #105, #1569, .T. ) ;
#676 = DIRECTION ( 'NONE',  ( 0.0000000000000000000, 0.0000000000000000000, 1.000000000000000000 ) ) ;
#677 = PLANE ( 'NONE',  #1329 ) ;
#678 = EDGE_LOOP ( 'NONE', ( #1260, #2341, #1102, #211 ) ) ;
#679 = ORIENTED_EDGE ( 'NONE', *, *, #1414, .F. ) ;
#680 = CARTESIAN_POINT ( 'NONE',  ( 5.203638628725431500, 6.200000000000002000, -0.3557166526713507200 ) ) ;
#681 = CARTESIAN_POINT ( 'NONE',  ( 10.35000000000000000, 5.899999999999998600, -0.3750000000000003300 ) ) ;
#682 = ORIENTED_EDGE ( 'NONE', *, *, #976, .F. ) ;
#683 = PLANE ( 'NONE',  #309 ) ;
#684 = CARTESIAN_POINT ( 'NONE',  ( 9.949999999999999300, 5.899999999999998600, 2.000000000000000000 ) ) ;
#685 = ORIENTED_EDGE ( 'NONE', *, *, #1057, .F. ) ;
#686 = EDGE_CURVE ( 'NONE', #2283, #1923, #2852, .T. ) ;
#687 = CARTESIAN_POINT ( 'NONE',  ( 0.3999999999999999100, 6.199999999999999300, -1.379289321881346000 ) ) ;
#688 = EDGE_CURVE ( 'NONE', #2526, #1766, #3064, .T. ) ;
#689 = ADVANCED_FACE ( 'NONE', ( #3251, #867, #827, #2008 ), #2356, .F. ) ;
#690 = DIRECTION ( 'NONE',  ( 1.000000000000000000, 0.0000000000000000000, 0.0000000000000000000 ) ) ;
#691 = ORIENTED_EDGE ( 'NONE', *, *, #1502, .T. ) ;
#692 = ORIENTED_EDGE ( 'NONE', *, *, #2406, .F. ) ;
#693 = CARTESIAN_POINT ( 'NONE',  ( -0.3999999999999991900, 2.099999999999999600, -1.400000000000000600 ) ) ;
#694 = VECTOR ( 'NONE', #1377, 1000.000000000000000 ) ;
#695 = ORIENTED_EDGE ( 'NONE', *, *, #844, .F. ) ;
#696 = AXIS2_PLACEMENT_3D ( 'NONE', #2839, #814, #2591 ) ;
#697 = CYLINDRICAL_SURFACE ( 'NONE', #2867, 0.1999999999999987900 ) ;
#698 = PRODUCT_DEFINITION_CONTEXT ( 'detailed design', #1673, 'design' ) ;
#699 = FACE_OUTER_BOUND ( 'NONE', #1481, .T. ) ;
#700 = CARTESIAN_POINT ( 'NONE',  ( 1.285302886640720800E-016, -21.09163056034261200, -8.500000000000000000 ) ) ;
#701 = DIRECTION ( 'NONE',  ( 1.000000000000000000, 0.0000000000000000000, 0.0000000000000000000 ) ) ;
#702 = EDGE_CURVE ( 'NONE', #2891, #2631, #1778, .T. ) ;
#703 = CARTESIAN_POINT ( 'NONE',  ( -10.35000000000000100, -4.000000000000001800, -0.3750000000000012200 ) ) ;
#704 = EDGE_CURVE ( 'NONE', #3125, #1822, #3212, .T. ) ;
#705 = CARTESIAN_POINT ( 'NONE',  ( 3.900000000000000800, 6.299999999999999800, 1.450000000000001300 ) ) ;
#706 = ORIENTED_EDGE ( 'NONE', *, *, #2735, .F. ) ;
#707 = CARTESIAN_POINT ( 'NONE',  ( -10.14999999999999900, -4.000000000000001800, 2.000000000000000000 ) ) ;
#708 = CARTESIAN_POINT ( 'NONE',  ( 5.300000000000000700, 6.279289321881346800, 1.301042606982605300E-015 ) ) ;
#709 = DIRECTION ( 'NONE',  ( -1.219258498469857800E-016, 1.000000000000000000, 0.0000000000000000000 ) ) ;
#710 = EDGE_CURVE ( 'NONE', #2580, #1500, #1523, .T. ) ;
#711 = ORIENTED_EDGE ( 'NONE', *, *, #2860, .T. ) ;
#712 = CARTESIAN_POINT ( 'NONE',  ( -10.15000000000000000, 3.949999999999999700, 1.230770033143090100E-015 ) ) ;
#713 = AXIS2_PLACEMENT_3D ( 'NONE', #894, #2658, #1163 ) ;
#714 = ORIENTED_EDGE ( 'NONE', *, *, #35, .F. ) ;
#715 = AXIS2_PLACEMENT_3D ( 'NONE', #1541, #1380, #1281 ) ;
#716 = CARTESIAN_POINT ( 'NONE',  ( -4.499999999999999100, 6.099999999999999600, -1.099999999999999400 ) ) ;
#717 = DIRECTION ( 'NONE',  ( -1.219258498469858100E-016, 1.000000000000000000, -0.0000000000000000000 ) ) ;
#718 = EDGE_LOOP ( 'NONE', ( #2117, #1504, #2822, #2659 ) ) ;
#719 = CARTESIAN_POINT ( 'NONE',  ( -0.3999999999999993600, 2.099999999999999200, 1.400000000000000600 ) ) ;
#720 = CARTESIAN_POINT ( 'NONE',  ( -3.899999999999998600, 2.150000000000000800, 1.350000000000003600 ) ) ;
#721 = ORIENTED_EDGE ( 'NONE', *, *, #35, .T. ) ;
#722 = CARTESIAN_POINT ( 'NONE',  ( 6.449999999999997500, 2.250000000000003600, 0.0000000000000000000 ) ) ;
#723 = LINE ( 'NONE', #3224, #2210 ) ;
#724 =( BOUNDED_CURVE ( )  B_SPLINE_CURVE ( 3, ( #1465, #2953, #3197, #1737 ),
 .UNSPECIFIED., .F., .F. ) 
 B_SPLINE_CURVE_WITH_KNOTS ( ( 4, 4 ),
 ( 0.0000000000000000000, 1.000000000000000000 ),
 .UNSPECIFIED. ) 
 CURVE ( )  GEOMETRIC_REPRESENTATION_ITEM ( )  RATIONAL_B_SPLINE_CURVE ( ( 1.000000000000000000, 0.3333333333333333700, 0.3333333333333333700, 1.000000000000000000 ) ) 
 REPRESENTATION_ITEM ( '' )  );
#725 = ORIENTED_EDGE ( 'NONE', *, *, #16, .T. ) ;
#726 = ORIENTED_EDGE ( 'NONE', *, *, #391, .T. ) ;
#727 = EDGE_CURVE ( 'NONE', #729, #3009, #958, .T. ) ;
#728 = CARTESIAN_POINT ( 'NONE',  ( -10.14999999999999900, 1.849999999999998800, 2.000000000000000000 ) ) ;
#729 = VERTEX_POINT ( 'NONE', #3178 ) ;
#730 = CARTESIAN_POINT ( 'NONE',  ( -3.922874604876849700, 2.950000000000000600, -8.205492247746009900 ) ) ;
#731 = CARTESIAN_POINT ( 'NONE',  ( 8.233012701892219500, 6.299999999999999800, 0.5500000000000000400 ) ) ;
#732 = FACE_OUTER_BOUND ( 'NONE', #1609, .T. ) ;
#733 = CARTESIAN_POINT ( 'NONE',  ( -6.649999999999997700, 2.250000000000000400, 8.021436534415161300E-016 ) ) ;
#734 = CARTESIAN_POINT ( 'NONE',  ( -6.700000000000007300, 2.099999999999998800, 1.400000000000007500 ) ) ;
#735 = CIRCLE ( 'NONE', #2536, 0.1999999999999987900 ) ;
#736 = CARTESIAN_POINT ( 'NONE',  ( 9.950000000000001100, 3.950000000000003700, 20.10000000000000100 ) ) ;
#737 = CARTESIAN_POINT ( 'NONE',  ( -7.149999999999999500, 2.750000000000000000, 14.10000000000000000 ) ) ;
#738 = EDGE_LOOP ( 'NONE', ( #1418, #2258, #685, #66 ) ) ;
#739 = CIRCLE ( 'NONE', #1446, 7.050000000000000700 ) ;
#740 = LINE ( 'NONE', #2050, #85 ) ;
#741 = CARTESIAN_POINT ( 'NONE',  ( 9.950000000000002800, 5.800000000000003400, 0.0000000000000000000 ) ) ;
#742 = ORIENTED_EDGE ( 'NONE', *, *, #1112, .T. ) ;
#743 = LINE ( 'NONE', #700, #666 ) ;
#744 = CARTESIAN_POINT ( 'NONE',  ( -8.528645718930921000, 2.949999999999999700, -3.295732335862254100 ) ) ;
#745 = CARTESIAN_POINT ( 'NONE',  ( 5.249932688012227000, 6.200000000000002000, 0.1713204656309373600 ) ) ;
#746 = DIRECTION ( 'NONE',  ( 0.0000000000000000000, 0.0000000000000000000, 1.000000000000000000 ) ) ;
#747 = CARTESIAN_POINT ( 'NONE',  ( -10.15000000000000000, 3.949999999999999700, 20.10000000000000100 ) ) ;
#748 = CARTESIAN_POINT ( 'NONE',  ( -0.3999999999999993000, 2.099999999999999200, -1.400000000000000600 ) ) ;
#749 = ORIENTED_EDGE ( 'NONE', *, *, #490, .T. ) ;
#750 = EDGE_CURVE ( 'NONE', #495, #3138, #1449, .T. ) ;
#751 = ORIENTED_EDGE ( 'NONE', *, *, #2939, .F. ) ;
#752 = CARTESIAN_POINT ( 'NONE',  ( -5.300000000000002500, 2.070710678118652800, 1.301042606982605300E-015 ) ) ;
#753 = CARTESIAN_POINT ( 'NONE',  ( -10.15000000000000000, 5.975735931288071800, 20.10000000000000100 ) ) ;
#754 = ORIENTED_EDGE ( 'NONE', *, *, #1753, .T. ) ;
#755 = CARTESIAN_POINT ( 'NONE',  ( 2.500000000000002700, 2.049999999999999800, -1.450000000000000600 ) ) ;
#756 = CARTESIAN_POINT ( 'NONE',  ( 3.900000000000000400, 6.200000000000001100, -1.350000000000000500 ) ) ;
#757 = DIRECTION ( 'NONE',  ( 0.0000000000000000000, 0.0000000000000000000, 1.000000000000000000 ) ) ;
#758 = CARTESIAN_POINT ( 'NONE',  ( -9.124194906111781100E-016, 6.099999999999999600, 0.0000000000000000000 ) ) ;
#759 = CARTESIAN_POINT ( 'NONE',  ( 2.300000000000060200, 2.150000000000000400, -1.350000000000001000 ) ) ;
#760 = AXIS2_PLACEMENT_3D ( 'NONE', #1575, #1831, #3079 ) ;
#761 = CARTESIAN_POINT ( 'NONE',  ( 5.350000000000004100, 6.299999999999999800, 0.8493903345590154700 ) ) ;
#762 = DIRECTION ( 'NONE',  ( 1.000000000000000000, -0.0000000000000000000, 0.0000000000000000000 ) ) ;
#763 = ORIENTED_EDGE ( 'NONE', *, *, #510, .T. ) ;
#764 = CARTESIAN_POINT ( 'NONE',  ( 7.366987298107781100, 6.099999999999999600, 0.5500000000000000400 ) ) ;
#765 = DIRECTION ( 'NONE',  ( -0.0000000000000000000, -0.7071067811865470200, -0.7071067811865480200 ) ) ;
#766 = DIRECTION ( 'NONE',  ( 0.0000000000000000000, -0.0000000000000000000, 1.000000000000000000 ) ) ;
#767 = ORIENTED_EDGE ( 'NONE', *, *, #1584, .F. ) ;
#768 = CARTESIAN_POINT ( 'NONE',  ( -10.15000000000000200, 3.364213562373091500, 1.230770033143090100E-015 ) ) ;
#769 = CARTESIAN_POINT ( 'NONE',  ( 5.300000000000001600, 6.279289321881347700, 1.409462824231155800E-015 ) ) ;
#770 = DIRECTION ( 'NONE',  ( -1.000000000000000000, -0.0000000000000000000, 4.956352788505164300E-016 ) ) ;
#771 = FACE_OUTER_BOUND ( 'NONE', #718, .T. ) ;
#772 = ORIENTED_EDGE ( 'NONE', *, *, #2059, .T. ) ;
#773 = EDGE_CURVE ( 'NONE', #988, #455, #871, .T. ) ;
#774 = LINE ( 'NONE', #343, #1405 ) ;
#775 = CARTESIAN_POINT ( 'NONE',  ( 4.482087888189599100, 6.200000000000001100, -1.218357452626280600 ) ) ;
#776 = CARTESIAN_POINT ( 'NONE',  ( -0.1000000000000004200, 2.950000000000001100, 0.0000000000000000000 ) ) ;
#777 = AXIS2_PLACEMENT_3D ( 'NONE', #2030, #479, #2274 ) ;
#778 = CARTESIAN_POINT ( 'NONE',  ( 9.950000000000002800, 3.950000000000003700, 0.0000000000000000000 ) ) ;
#779 = CIRCLE ( 'NONE', #1307, 0.7000000000000000700 ) ;
#780 = ORIENTED_EDGE ( 'NONE', *, *, #710, .T. ) ;
#781 = FILL_AREA_STYLE ('',( #2310 ) ) ;
#782 = CARTESIAN_POINT ( 'NONE',  ( -9.950000000000001100, 2.249999999999999600, 2.000000000000000000 ) ) ;
#783 = CARTESIAN_POINT ( 'NONE',  ( -9.124194906111781100E-016, 2.950000000000001100, 0.0000000000000000000 ) ) ;
#784 = CARTESIAN_POINT ( 'NONE',  ( 9.949999999999995700, 3.950000000000002800, -20.10000000000000100 ) ) ;
#785 = ADVANCED_FACE ( 'NONE', ( #342 ), #677, .F. ) ;
#786 = ORIENTED_EDGE ( 'NONE', *, *, #1057, .T. ) ;
#787 = CARTESIAN_POINT ( 'NONE',  ( -10.15000000000000200, 5.975735931288071800, -20.09999999999999800 ) ) ;
#788 = ORIENTED_EDGE ( 'NONE', *, *, #3237, .T. ) ;
#789 = EDGE_CURVE ( 'NONE', #3009, #2038, #1441, .T. ) ;
#790 = CARTESIAN_POINT ( 'NONE',  ( -9.124194906111781100E-016, -21.09163056034261200, 0.0000000000000000000 ) ) ;
#791 = DIRECTION ( 'NONE',  ( -1.219258498469858100E-016, 1.000000000000000000, -0.0000000000000000000 ) ) ;
#792 =( NAMED_UNIT ( * ) PLANE_ANGLE_UNIT ( ) SI_UNIT ( $, .RADIAN. ) );
#793 = ORIENTED_EDGE ( 'NONE', *, *, #578, .F. ) ;
#794 = CARTESIAN_POINT ( 'NONE',  ( 0.1400013349471081200, 2.150000000000000400, 1.237521751095000700 ) ) ;
#795 = DIRECTION ( 'NONE',  ( -1.000000000000000000, 0.0000000000000000000, 0.0000000000000000000 ) ) ;
#796 = DIRECTION ( 'NONE',  ( -1.000000000000000000, 0.0000000000000000000, 0.0000000000000000000 ) ) ;
#797 = AXIS2_PLACEMENT_3D ( 'NONE', #1727, #178, #1976 ) ;
#798 = ORIENTED_EDGE ( 'NONE', *, *, #1709, .F. ) ;
#799 = ADVANCED_FACE ( 'NONE', ( #2616 ), #2655, .F. ) ;
#800 = VECTOR ( 'NONE', #1998, 1000.000000000000000 ) ;
#801 = CARTESIAN_POINT ( 'NONE',  ( -3.899999999999999000, 2.099999999999999200, 1.450000000000002200 ) ) ;
#802 = LINE ( 'NONE', #338, #2913 ) ;
#803 = CARTESIAN_POINT ( 'NONE',  ( -9.124194906111781100E-016, 2.950000000000001100, 0.0000000000000000000 ) ) ;
#804 = DIRECTION ( 'NONE',  ( -0.0000000000000000000, 1.000000000000000000, -1.219727444046192500E-016 ) ) ;
#805 = ORIENTED_EDGE ( 'NONE', *, *, #2971, .F. ) ;
#806 = CYLINDRICAL_SURFACE ( 'NONE', #3088, 1.599999999999999900 ) ;
#807 = EDGE_CURVE ( 'NONE', #1537, #2661, #1279, .T. ) ;
#808 = CARTESIAN_POINT ( 'NONE',  ( 9.950000000000002800, 3.364213562373095500, 20.10000000000000100 ) ) ;
#809 = DIRECTION ( 'NONE',  ( -1.000000000000000000, 0.0000000000000000000, 0.0000000000000000000 ) ) ;
#810 = VERTEX_POINT ( 'NONE', #2434 ) ;
#811 = DIRECTION ( 'NONE',  ( -2.096811509994356700E-016, 0.7071067811865472400, 0.7071067811865479100 ) ) ;
#812 = CIRCLE ( 'NONE', #2149, 0.7000000000000000700 ) ;
#813 = ORIENTED_EDGE ( 'NONE', *, *, #893, .T. ) ;
#814 = DIRECTION ( 'NONE',  ( 1.219258498469858100E-016, -1.000000000000000000, 0.0000000000000000000 ) ) ;
#815 = CARTESIAN_POINT ( 'NONE',  ( -4.569935726683750600, 2.150000000000000800, 1.186798491794628600 ) ) ;
#816 = FACE_BOUND ( 'NONE', #1056, .T. ) ;
#817 = LINE ( 'NONE', #3027, #2679 ) ;
#818 = CARTESIAN_POINT ( 'NONE',  ( -7.333154154171994700, 2.949999999999999700, -5.474900951506749700 ) ) ;
#819 = AXIS2_PLACEMENT_3D ( 'NONE', #2876, #1125, #2623 ) ;
#820 = PLANE ( 'NONE',  #2197 ) ;
#821 = ADVANCED_FACE ( 'NONE', ( #670 ), #426, .F. ) ;
#822 = CIRCLE ( 'NONE', #179, 1.599999999999999900 ) ;
#823 = AXIS2_PLACEMENT_3D ( 'NONE', #2002, #446, #2240 ) ;
#824 = FACE_OUTER_BOUND ( 'NONE', #2105, .T. ) ;
#825 = CARTESIAN_POINT ( 'NONE',  ( -10.15000000000000200, 3.364213562373091100, 20.10000000000000100 ) ) ;
#826 =( GEOMETRIC_REPRESENTATION_CONTEXT ( 3 ) GLOBAL_UNCERTAINTY_ASSIGNED_CONTEXT ( ( #2728 ) ) GLOBAL_UNIT_ASSIGNED_CONTEXT ( ( #2081, #526, #2316 ) ) REPRESENTATION_CONTEXT ( 'NONE', 'WORKASPACE' ) );
#827 = FACE_BOUND ( 'NONE', #2739, .T. ) ;
#828 = CARTESIAN_POINT ( 'NONE',  ( 0.3999999999999996300, 6.200000000000001100, -1.350000000000000800 ) ) ;
#829 = ORIENTED_EDGE ( 'NONE', *, *, #2178, .F. ) ;
#830 = CARTESIAN_POINT ( 'NONE',  ( -9.950000000000001100, 2.049999999999997600, 2.000000000000000000 ) ) ;
#831 = UNCERTAINTY_MEASURE_WITH_UNIT (LENGTH_MEASURE( 1.000000000000000100E-005 ), #2384, 'distance_accuracy_value', 'NONE');
#832 = CARTESIAN_POINT ( 'NONE',  ( -5.184369488160380800, 2.150000000000000800, -0.4165018896766811100 ) ) ;
#833 = EDGE_LOOP ( 'NONE', ( #17, #3242, #1982, #1542 ) ) ;
#834 = CARTESIAN_POINT ( 'NONE',  ( 0.3999999999999995800, 6.299999999999999800, 1.450000000000000800 ) ) ;
#835 = DIRECTION ( 'NONE',  ( 1.000000000000000000, 0.0000000000000000000, 1.897353801849632800E-015 ) ) ;
#836 = CARTESIAN_POINT ( 'NONE',  ( -4.499999999999999100, 6.099999999999999600, 2.000000000000000000 ) ) ;
#837 = EDGE_LOOP ( 'NONE', ( #410, #641, #399, #3053 ) ) ;
#838 = CARTESIAN_POINT ( 'NONE',  ( -2.500000000000001300, 6.299999999999999800, -1.450000000000000800 ) ) ;
#839 = CARTESIAN_POINT ( 'NONE',  ( 1.002817408129141900, 2.950000000000002000, 8.999605402317897100 ) ) ;
#840 = EDGE_CURVE ( 'NONE', #2089, #2244, #2045, .T. ) ;
#841 = CARTESIAN_POINT ( 'NONE',  ( -0.8183574526263387400, 6.200000000000000200, -0.5820878881895891200 ) ) ;
#842 = ADVANCED_FACE ( 'NONE', ( #2617 ), #1703, .T. ) ;
#843 = DIRECTION ( 'NONE',  ( 2.252887631138711300E-016, -1.000000000000000000, 0.0000000000000000000 ) ) ;
#844 = EDGE_CURVE ( 'NONE', #2486, #2497, #591, .T. ) ;
#845 = CARTESIAN_POINT ( 'NONE',  ( -3.900000000000000800, 2.150000000000000800, -1.350000000000000500 ) ) ;
#846 = ORIENTED_EDGE ( 'NONE', *, *, #2735, .T. ) ;
#847 = CARTESIAN_POINT ( 'NONE',  ( 0.8183574526263190900, 2.149999999999999900, -0.5820878881896087700 ) ) ;
#848 = CARTESIAN_POINT ( 'NONE',  ( 0.3999999999999997400, 6.299999999999999800, -1.450000000000000800 ) ) ;
#849 = ORIENTED_EDGE ( 'NONE', *, *, #1897, .T. ) ;
#850 = CARTESIAN_POINT ( 'NONE',  ( 1.580762387842456600, 2.950000000000002000, 8.892620345535744900 ) ) ;
#851 = CARTESIAN_POINT ( 'NONE',  ( -2.400000000000001200, 6.279289321881345900, -1.400000000000001000 ) ) ;
#852 = ORIENTED_EDGE ( 'NONE', *, *, #189, .F. ) ;
#853 = FILL_AREA_STYLE_COLOUR ( '', #1510 ) ;
#854 = CARTESIAN_POINT ( 'NONE',  ( 0.3999999999999995800, 6.250000000000000000, 1.450000000000000600 ) ) ;
#855 = FACE_OUTER_BOUND ( 'NONE', #1234, .T. ) ;
#856 = ORIENTED_EDGE ( 'NONE', *, *, #1035, .T. ) ;
#857 = DIRECTION ( 'NONE',  ( 1.000000000000000000, 0.0000000000000000000, 0.0000000000000000000 ) ) ;
#858 = ADVANCED_FACE ( 'NONE', ( #824 ), #1227, .F. ) ;
#859 = ORIENTED_EDGE ( 'NONE', *, *, #2446, .F. ) ;
#860 = EDGE_CURVE ( 'NONE', #1382, #2746, #2192, .T. ) ;
#861 = CARTESIAN_POINT ( 'NONE',  ( -4.499999999999999100, 6.099999999999999600, -1.099999999999999400 ) ) ;
#862 = VECTOR ( 'NONE', #2570, 1000.000000000000000 ) ;
#863 = DIRECTION ( 'NONE',  ( 0.0000000000000000000, -1.000000000000000000, -0.0000000000000000000 ) ) ;
#864 = EDGE_LOOP ( 'NONE', ( #135, #1951, #2443, #849 ) ) ;
#865 = VECTOR ( 'NONE', #891, 1000.000000000000000 ) ;
#866 = CARTESIAN_POINT ( 'NONE',  ( 0.3142546587876312600, 6.200000000000002000, -1.350000000000000800 ) ) ;
#867 = FACE_BOUND ( 'NONE', #1048, .T. ) ;
#868 = LINE ( 'NONE', #1107, #2802 ) ;
#869 =( NAMED_UNIT ( * ) PLANE_ANGLE_UNIT ( ) SI_UNIT ( $, .RADIAN. ) );
#870 = CARTESIAN_POINT ( 'NONE',  ( 0.3999999999999995800, 6.250000000000000000, 1.400000000000000600 ) ) ;
#871 = LINE ( 'NONE', #2058, #40 ) ;
#872 = ORIENTED_EDGE ( 'NONE', *, *, #1422, .F. ) ;
#873 = CARTESIAN_POINT ( 'NONE',  ( -3.465347964566819300, 2.950000000000002000, -8.401085620833423900 ) ) ;
#874 = AXIS2_PLACEMENT_3D ( 'NONE', #2401, #630, #2171 ) ;
#875 = CARTESIAN_POINT ( 'NONE',  ( 10.14999999999999900, 2.025000000000038100, 2.000000000000000000 ) ) ;
#876 = VERTEX_POINT ( 'NONE', #703 ) ;
#877 = AXIS2_PLACEMENT_3D ( 'NONE', #2854, #571, #2364 ) ;
#878 = DIRECTION ( 'NONE',  ( 0.0000000000000000000, 0.0000000000000000000, 1.000000000000000000 ) ) ;
#879 = CARTESIAN_POINT ( 'NONE',  ( 9.950000000000001100, 2.250000000000002200, 0.0000000000000000000 ) ) ;
#880 = DIRECTION ( 'NONE',  ( 2.965339275174029000E-016, -1.000000000000000000, 0.0000000000000000000 ) ) ;
#881 = ORIENTED_EDGE ( 'NONE', *, *, #2390, .T. ) ;
#882 =( BOUNDED_SURFACE ( )  B_SPLINE_SURFACE ( 3, 3, ( 
 ( #733, #1597, #2138, #3104 ),
 ( #3098, #1805, #1796, #2350 ),
 ( #2342, #1613, #2880, #1604 ),
 ( #1826, #2100, #2061, #2080 ) ),
 .UNSPECIFIED., .F., .F., .F. ) 
 B_SPLINE_SURFACE_WITH_KNOTS ( ( 4, 4 ),
 ( 4, 4 ),
 ( 0.0000000000000000000, 1.000000000000000000 ),
 ( 0.0000000000000000000, 1.000000000000000000 ),
 .UNSPECIFIED. ) 
 GEOMETRIC_REPRESENTATION_ITEM ( )  RATIONAL_B_SPLINE_SURFACE ( (
 ( 1.000000000000000000, 0.3333333333333334300, 0.3333333333333334300, 1.000000000000000000),
 ( 0.8047378541243634900, 0.2682459513747879100, 0.2682459513747879100, 0.8047378541243634900),
 ( 0.8047378541243634900, 0.2682459513747879100, 0.2682459513747879100, 0.8047378541243634900),
 ( 1.000000000000000000, 0.3333333333333334300, 0.3333333333333334300, 1.000000000000000000) ) ) 
 REPRESENTATION_ITEM ( '' )  SURFACE ( )  );
#883 = CARTESIAN_POINT ( 'NONE',  ( 0.3999999999999997400, 6.250000000000000000, -1.400000000000000600 ) ) ;
#884 = ORIENTED_EDGE ( 'NONE', *, *, #3144, .F. ) ;
#885 = CARTESIAN_POINT ( 'NONE',  ( 1.308245968824305100, 2.950000000000002400, -8.940238685895909800 ) ) ;
#886 = EDGE_CURVE ( 'NONE', #2618, #1456, #2347, .T. ) ;
#887 = ORIENTED_EDGE ( 'NONE', *, *, #2446, .T. ) ;
#888 = EDGE_CURVE ( 'NONE', #2048, #1180, #2734, .T. ) ;
#889 = DIRECTION ( 'NONE',  ( 0.0000000000000000000, 1.000000000000000000, 0.0000000000000000000 ) ) ;
#890 = CARTESIAN_POINT ( 'NONE',  ( 4.375301874311640300, 6.200000000000001100, 1.263766170764230900 ) ) ;
#891 = DIRECTION ( 'NONE',  ( 1.000000000000000000, 0.0000000000000000000, 0.0000000000000000000 ) ) ;
#892 = CARTESIAN_POINT ( 'NONE',  ( -0.05688784287701205400, 6.200000000000002800, -1.270518162687080100 ) ) ;
#893 = EDGE_CURVE ( 'NONE', #2357, #1325, #2206, .T. ) ;
#894 = CARTESIAN_POINT ( 'NONE',  ( -9.124194906111781100E-016, 2.950000000000001100, 0.0000000000000000000 ) ) ;
#895 = CARTESIAN_POINT ( 'NONE',  ( 4.397877619962010000, 2.950000000000003300, -7.855797663876638900 ) ) ;
#896 = ORIENTED_EDGE ( 'NONE', *, *, #2626, .F. ) ;
#897 = VECTOR ( 'NONE', #3028, 1000.000000000000000 ) ;
#898 = AXIS2_PLACEMENT_3D ( 'NONE', #854, #1898, #599 ) ;
#899 = DIRECTION ( 'NONE',  ( 2.252887631138711300E-016, -1.000000000000000000, 0.0000000000000000000 ) ) ;
#900 = ORIENTED_EDGE ( 'NONE', *, *, #704, .F. ) ;
#901 = AXIS2_PLACEMENT_3D ( 'NONE', #2525, #2351, #2429 ) ;
#902 = DIRECTION ( 'NONE',  ( -1.219258498469858100E-016, 1.000000000000000000, -0.0000000000000000000 ) ) ;
#903 = DIRECTION ( 'NONE',  ( -0.0000000000000000000, -1.000000000000000000, -0.0000000000000000000 ) ) ;
#904 = LINE ( 'NONE', #3168, #223 ) ;
#905 = CARTESIAN_POINT ( 'NONE',  ( -2.400000000000001200, 6.279289321881345900, 1.400000000000000400 ) ) ;
#906 = VERTEX_POINT ( 'NONE', #2488 ) ;
#907 = CARTESIAN_POINT ( 'NONE',  ( -3.900000000000000800, 2.049999999999998500, -1.450000000000001300 ) ) ;
#908 = CIRCLE ( 'NONE', #1988, 10.05000000000000100 ) ;
#909 = CARTESIAN_POINT ( 'NONE',  ( 7.872505421106932700, 2.950000000000003300, -4.301939822273234300 ) ) ;
#910 = EDGE_LOOP ( 'NONE', ( #1184, #2688, #2057, #1891 ) ) ;
#911 = CARTESIAN_POINT ( 'NONE',  ( 3.900000000000000400, 6.250000000000000000, -1.400000000000000800 ) ) ;
#912 = VECTOR ( 'NONE', #600, 1000.000000000000000 ) ;
#913 = EDGE_CURVE ( 'NONE', #2515, #3163, #1933, .T. ) ;
#914 = LINE ( 'NONE', #3007, #230 ) ;
#915 = DIRECTION ( 'NONE',  ( 6.002503377082380100E-017, -1.000000000000000000, -0.0000000000000000000 ) ) ;
#916 = CARTESIAN_POINT ( 'NONE',  ( -9.950000000000001100, 2.049999999999997600, -2.000000000000000000 ) ) ;
#917 = VECTOR ( 'NONE', #2532, 1000.000000000000000 ) ;
#918 = PLANE ( 'NONE',  #2929 ) ;
#919 = DIRECTION ( 'NONE',  ( 1.000000000000000000, 6.002503377082378900E-017, 1.239088197126290600E-016 ) ) ;
#920 = CARTESIAN_POINT ( 'NONE',  ( 8.899637861389992500, 2.950000000000004200, -1.102642060666861900 ) ) ;
#921 = AXIS2_PLACEMENT_3D ( 'NONE', #2267, #505, #1076 ) ;
#922 = ORIENTED_EDGE ( 'NONE', *, *, #1961, .T. ) ;
#923 = CARTESIAN_POINT ( 'NONE',  ( 10.14999999999999900, 0.3999999999999984700, 0.3749999999999998900 ) ) ;
#924 = ORIENTED_EDGE ( 'NONE', *, *, #933, .T. ) ;
#925 = CARTESIAN_POINT ( 'NONE',  ( 0.3999999999999995800, 6.250000000000000000, -1.450000000000000600 ) ) ;
#926 =( LENGTH_UNIT ( ) NAMED_UNIT ( * ) SI_UNIT ( .MILLI., .METRE. ) );
#927 = ORIENTED_EDGE ( 'NONE', *, *, #3077, .T. ) ;
#928 = CARTESIAN_POINT ( 'NONE',  ( -2.400000000000001200, 6.250000000000001800, -1.400000000000000600 ) ) ;
#929 = CARTESIAN_POINT ( 'NONE',  ( -10.15000000000000200, 1.624999999999998700, -2.000000000000000000 ) ) ;
#930 = VERTEX_POINT ( 'NONE', #1232 ) ;
#931 = CARTESIAN_POINT ( 'NONE',  ( 3.100000000000001000, 2.250000000000000400, 0.0000000000000000000 ) ) ;
#932 = CARTESIAN_POINT ( 'NONE',  ( -5.300000000000002500, 2.070710678118652800, 0.8201010126776704400 ) ) ;
#933 = EDGE_CURVE ( 'NONE', #2486, #1697, #157, .T. ) ;
#934 = ADVANCED_FACE ( 'NONE', ( #2076 ), #2886, .T. ) ;
#935 = CARTESIAN_POINT ( 'NONE',  ( 3.100000000000001000, 2.250000000000000400, 0.0000000000000000000 ) ) ;
#936 = ORIENTED_EDGE ( 'NONE', *, *, #1143, .T. ) ;
#937 = CARTESIAN_POINT ( 'NONE',  ( 4.500000000000000900, 2.049999999999999800, 1.099999999999998500 ) ) ;
#938 = VECTOR ( 'NONE', #2296, 1000.000000000000000 ) ;
#939 = ORIENTED_EDGE ( 'NONE', *, *, #373, .F. ) ;
#940 = DIRECTION ( 'NONE',  ( 0.0000000000000000000, -0.0000000000000000000, 1.000000000000000000 ) ) ;
#941 = AXIS2_PLACEMENT_3D ( 'NONE', #2478, #709, #2243 ) ;
#942 = DIRECTION ( 'NONE',  ( 0.0000000000000000000, 1.000000000000000000, -8.131516293641279600E-017 ) ) ;
#943 = ORIENTED_EDGE ( 'NONE', *, *, #686, .F. ) ;
#944 = AXIS2_PLACEMENT_3D ( 'NONE', #2849, #1347, #3091 ) ;
#945 = CARTESIAN_POINT ( 'NONE',  ( 0.3999999999999999100, 6.250000000000000000, -1.400000000000000600 ) ) ;
#946 = AXIS2_PLACEMENT_3D ( 'NONE', #1172, #2928, #1435 ) ;
#947 = ORIENTED_EDGE ( 'NONE', *, *, #527, .F. ) ;
#948 = ADVANCED_FACE ( 'NONE', ( #588 ), #2302, .T. ) ;
#949 = CIRCLE ( 'NONE', #1185, 1.599999999999999900 ) ;
#950 = CARTESIAN_POINT ( 'NONE',  ( 1.618895559086718000, 2.950000000000002400, 8.885336784267362700 ) ) ;
#951 = DIRECTION ( 'NONE',  ( 1.000000000000000000, 2.252887631138711300E-016, 0.0000000000000000000 ) ) ;
#952 = VERTEX_POINT ( 'NONE', #1461 ) ;
#953 = ORIENTED_EDGE ( 'NONE', *, *, #90, .F. ) ;
#954 = CARTESIAN_POINT ( 'NONE',  ( 9.949999999999999300, 5.899999999999998600, 2.000000000000000000 ) ) ;
#955 = VECTOR ( 'NONE', #1761, 1000.000000000000000 ) ;
#956 = CARTESIAN_POINT ( 'NONE',  ( -2.358578643762692100, 6.200000000000001100, 1.379289321881344900 ) ) ;
#957 = ORIENTED_EDGE ( 'NONE', *, *, #496, .T. ) ;
#958 = CIRCLE ( 'NONE', #634, 0.5499999999999997100 ) ;
#959 = CARTESIAN_POINT ( 'NONE',  ( -0.3999999999999992500, 2.150000000000000800, 1.350000000000000800 ) ) ;
#960 = CARTESIAN_POINT ( 'NONE',  ( 9.649999999999998600, 6.100000000000003200, 0.0000000000000000000 ) ) ;
#961 = EDGE_CURVE ( 'NONE', #2497, #3215, #442, .T. ) ;
#962 = DIRECTION ( 'NONE',  ( -2.252887631138711300E-016, 1.000000000000000000, 0.0000000000000000000 ) ) ;
#963 = ORIENTED_EDGE ( 'NONE', *, *, #704, .T. ) ;
#964 = AXIS2_PLACEMENT_3D ( 'NONE', #1010, #2765, #1267 ) ;
#965 = AXIS2_PLACEMENT_3D ( 'NONE', #2018, #1698, #1668 ) ;
#966 = ORIENTED_EDGE ( 'NONE', *, *, #1244, .F. ) ;
#967 = CARTESIAN_POINT ( 'NONE',  ( -10.35000000000000100, -4.000000000000001800, 2.000000000000000000 ) ) ;
#968 = ADVANCED_FACE ( 'NONE', ( #2282 ), #1851, .F. ) ;
#969 = ORIENTED_EDGE ( 'NONE', *, *, #1058, .T. ) ;
#970 = CARTESIAN_POINT ( 'NONE',  ( -3.100000000000000500, 6.099999999999999600, 0.0000000000000000000 ) ) ;
#971 = PLANE ( 'NONE',  #2143 ) ;
#972 = VECTOR ( 'NONE', #2276, 1000.000000000000000 ) ;
#973 = VERTEX_POINT ( 'NONE', #212 ) ;
#974 = CARTESIAN_POINT ( 'NONE',  ( 1.690837482000953700, 2.950000000000002400, 8.871120926857109600 ) ) ;
#975 = CARTESIAN_POINT ( 'NONE',  ( 3.900000000000000400, 6.199999999999999300, -1.379289321881344500 ) ) ;
#976 = EDGE_CURVE ( 'NONE', #2283, #2501, #1381, .T. ) ;
#977 = DIRECTION ( 'NONE',  ( 0.0000000000000000000, 0.0000000000000000000, 1.000000000000000000 ) ) ;
#978 = EDGE_LOOP ( 'NONE', ( #2188, #316, #846, #247 ) ) ;
#979 = CARTESIAN_POINT ( 'NONE',  ( 3.100000000000001000, 2.049999999999999800, 0.0000000000000000000 ) ) ;
#980 = CARTESIAN_POINT ( 'NONE',  ( 1.285302886640720800E-016, 2.950000000000001100, -8.500000000000000000 ) ) ;
#981 = CARTESIAN_POINT ( 'NONE',  ( -0.1000000000000002600, 2.250000000000000400, 0.0000000000000000000 ) ) ;
#982 = FACE_BOUND ( 'NONE', #2275, .T. ) ;
#983 = ORIENTED_EDGE ( 'NONE', *, *, #2380, .F. ) ;
#984 = CARTESIAN_POINT ( 'NONE',  ( 1.798562354529730700, 2.950000000000001100, 8.849158083234094400 ) ) ;
#985 =( BOUNDED_SURFACE ( )  B_SPLINE_SURFACE ( 3, 3, ( 
 ( #945, #2677, #3200, #1742 ),
 ( #188, #1986, #428, #2218 ),
 ( #687, #2454, #956, #2707 ),
 ( #1218, #2967, #1478, #3210 ) ),
 .UNSPECIFIED., .F., .F., .F. ) 
 B_SPLINE_SURFACE_WITH_KNOTS ( ( 4, 4 ),
 ( 4, 4 ),
 ( 0.0000000000000000000, 1.000000000000000000 ),
 ( 0.0000000000000000000, 1.000000000000000000 ),
 .UNSPECIFIED. ) 
 GEOMETRIC_REPRESENTATION_ITEM ( )  RATIONAL_B_SPLINE_SURFACE ( (
 ( 1.000000000000000000, 0.3333333333333334300, 0.3333333333333334300, 1.000000000000000000),
 ( 0.8047378541243649400, 0.2682459513747884100, 0.2682459513747884100, 0.8047378541243649400),
 ( 0.8047378541243649400, 0.2682459513747884100, 0.2682459513747884100, 0.8047378541243649400),
 ( 1.000000000000000000, 0.3333333333333334300, 0.3333333333333334300, 1.000000000000000000) ) ) 
 REPRESENTATION_ITEM ( '' )  SURFACE ( )  );
#986 = FACE_OUTER_BOUND ( 'NONE', #1995, .T. ) ;
#987 = CARTESIAN_POINT ( 'NONE',  ( 6.700000000000001100, 6.220710678118654100, -1.400000000000000100 ) ) ;
#988 = VERTEX_POINT ( 'NONE', #550 ) ;
#989 = CARTESIAN_POINT ( 'NONE',  ( -2.275140453871299200, 6.099999999999999600, -0.4000000000000001900 ) ) ;
#990 = CIRCLE ( 'NONE', #946, 0.7000000000000000700 ) ;
#991 = CARTESIAN_POINT ( 'NONE',  ( 9.949999999999999300, 5.899999999999998600, -2.000000000000000000 ) ) ;
#992 = LINE ( 'NONE', #73, #2516 ) ;
#993 = CIRCLE ( 'NONE', #715, 1.599999999999999900 ) ;
#994 = CARTESIAN_POINT ( 'NONE',  ( -9.849999999999999600, 6.099999999999997900, 1.201378509963553500E-015 ) ) ;
#995 = CARTESIAN_POINT ( 'NONE',  ( -6.658578643762702100, 2.150000000000000800, -1.379289321881346000 ) ) ;
#996 = ORIENTED_EDGE ( 'NONE', *, *, #3237, .F. ) ;
#997 = CARTESIAN_POINT ( 'NONE',  ( 2.048604307532197600, 2.950000000000001500, 8.793438045560332500 ) ) ;
#998 = FACE_OUTER_BOUND ( 'NONE', #299, .T. ) ;
#999 = CARTESIAN_POINT ( 'NONE',  ( -6.649999999999997700, 2.250000000000000900, 8.021436534415161300E-016 ) ) ;
#1000 = EDGE_CURVE ( 'NONE', #577, #2086, #1678, .T. ) ;
#1001 = FACE_OUTER_BOUND ( 'NONE', #2693, .T. ) ;
#1002 = CARTESIAN_POINT ( 'NONE',  ( -4.796428523829137100, 2.950000000000001500, -7.742080348566899400 ) ) ;
#1003 = EDGE_LOOP ( 'NONE', ( #1869, #2969, #1555, #1470 ) ) ;
#1004 = DIRECTION ( 'NONE',  ( -1.000000000000000000, 0.0000000000000000000, 0.0000000000000000000 ) ) ;
#1005 = CARTESIAN_POINT ( 'NONE',  ( 5.170533938934217300, 6.200000000000002000, -0.4568479483159634300 ) ) ;
#1006 = AXIS2_PLACEMENT_3D ( 'NONE', #1395, #2887, #3136 ) ;
#1007 = ORIENTED_EDGE ( 'NONE', *, *, #391, .F. ) ;
#1008 = AXIS2_PLACEMENT_3D ( 'NONE', #195, #962, #2715 ) ;
#1009 = VERTEX_POINT ( 'NONE', #1645 ) ;
#1010 = CARTESIAN_POINT ( 'NONE',  ( -0.3999999999999993000, 2.099999999999999200, 0.0000000000000000000 ) ) ;
#1011 = ORIENTED_EDGE ( 'NONE', *, *, #3253, .T. ) ;
#1012 = CARTESIAN_POINT ( 'NONE',  ( 4.749390334559013400, 6.299999999999999800, -1.450000000000001500 ) ) ;
#1013 = DIRECTION ( 'NONE',  ( 0.0000000000000000000, 1.000000000000000000, 0.0000000000000000000 ) ) ;
#1014 = CARTESIAN_POINT ( 'NONE',  ( 2.543423881945049600, 2.950000000000001500, 8.664104359999196700 ) ) ;
#1015 = CARTESIAN_POINT ( 'NONE',  ( 2.400000000000032300, 2.099999999999999200, 1.400000000000060100 ) ) ;
#1016 = VERTEX_POINT ( 'NONE', #959 ) ;
#1017 = VERTEX_POINT ( 'NONE', #1656 ) ;
#1018 = CARTESIAN_POINT ( 'NONE',  ( -4.720101012677669200, 2.099999999999998800, -1.400000000000001000 ) ) ;
#1019 = CARTESIAN_POINT ( 'NONE',  ( 9.825735931288072300, 6.100000000000004100, 0.0000000000000000000 ) ) ;
#1020 = VERTEX_POINT ( 'NONE', #1942 ) ;
#1021 = EDGE_CURVE ( 'NONE', #2422, #81, #2754, .T. ) ;
#1022 = LINE ( 'NONE', #2300, #333 ) ;
#1023 = CARTESIAN_POINT ( 'NONE',  ( 0.3999999999999994100, 6.299999999999999800, -1.450000000000000800 ) ) ;
#1024 = CARTESIAN_POINT ( 'NONE',  ( -3.387570226935648700, 6.099999999999999600, 1.550000000000000000 ) ) ;
#1025 = ORIENTED_EDGE ( 'NONE', *, *, #434, .F. ) ;
#1026 = CARTESIAN_POINT ( 'NONE',  ( 2.958530377283937100, 2.950000000000002400, 8.522572154866326200 ) ) ;
#1027 = CARTESIAN_POINT ( 'NONE',  ( -0.4000000000000279400, 2.150000000000000800, 1.350000000000001000 ) ) ;
#1028 = DIRECTION ( 'NONE',  ( 6.002503377082378900E-017, -1.000000000000000000, 0.0000000000000000000 ) ) ;
#1029 = ORIENTED_EDGE ( 'NONE', *, *, #750, .F. ) ;
#1030 = FACE_OUTER_BOUND ( 'NONE', #833, .T. ) ;
#1031 = CARTESIAN_POINT ( 'NONE',  ( 5.137521751094973300, 6.199999999999999300, 0.5400013349471548500 ) ) ;
#1032 = CARTESIAN_POINT ( 'NONE',  ( 9.949999999999999300, 6.099999999999999600, 2.000000000000000000 ) ) ;
#1033 = DIRECTION ( 'NONE',  ( 1.000000000000000000, 6.002503377082378900E-017, -1.239088197126290600E-016 ) ) ;
#1034 = VERTEX_POINT ( 'NONE', #3056 ) ;
#1035 = EDGE_CURVE ( 'NONE', #2925, #1878, #739, .T. ) ;
#1036 = ORIENTED_EDGE ( 'NONE', *, *, #2548, .T. ) ;
#1037 = CARTESIAN_POINT ( 'NONE',  ( 4.720101012677668400, 6.279289321881346800, 1.400000000000002600 ) ) ;
#1038 = CARTESIAN_POINT ( 'NONE',  ( -9.950000000000001100, 2.249999999999999600, 2.000000000000000000 ) ) ;
#1039 = CARTESIAN_POINT ( 'NONE',  ( -8.945555579696975500, 2.950000000000000200, -1.935199746420975800 ) ) ;
#1040 = ORIENTED_EDGE ( 'NONE', *, *, #2059, .F. ) ;
#1041 = CARTESIAN_POINT ( 'NONE',  ( 0.3999999999999995800, 6.200000000000001100, 1.350000000000000800 ) ) ;
#1042 = FILL_AREA_STYLE_COLOUR ( '', #1270 ) ;
#1043 = CARTESIAN_POINT ( 'NONE',  ( 10.14999999999999900, -3.600000000000001400, 2.000000000000000000 ) ) ;
#1044 = AXIS2_PLACEMENT_3D ( 'NONE', #1962, #2930, #1176 ) ;
#1045 = ORIENTED_EDGE ( 'NONE', *, *, #2917, .T. ) ;
#1046 = CARTESIAN_POINT ( 'NONE',  ( 8.644995893900720300, 2.950000000000003700, 2.362086775132956600 ) ) ;
#1047 = CARTESIAN_POINT ( 'NONE',  ( -3.100000000000000500, 6.099999999999999600, 0.0000000000000000000 ) ) ;
#1048 = EDGE_LOOP ( 'NONE', ( #2371, #2157, #1639, #887, #1551 ) ) ;
#1049 = ADVANCED_FACE ( 'NONE', ( #1977 ), #1250, .F. ) ;
#1050 = SURFACE_STYLE_USAGE ( .BOTH. , #2550 ) ;
#1051 = EDGE_LOOP ( 'NONE', ( #2113, #253, #1137, #1788 ) ) ;
#1052 = DIRECTION ( 'NONE',  ( 1.219258498469858100E-016, -1.000000000000000000, 0.0000000000000000000 ) ) ;
#1053 = CARTESIAN_POINT ( 'NONE',  ( 0.3999999999999996300, 6.299999999999998900, 1.420710678118655600 ) ) ;
#1054 = DIRECTION ( 'NONE',  ( 0.0000000000000000000, 1.000000000000000000, 0.0000000000000000000 ) ) ;
#1055 = CARTESIAN_POINT ( 'NONE',  ( -10.15000000000000000, 3.949999999999998800, 1.230770033143090100E-015 ) ) ;
#1056 = EDGE_LOOP ( 'NONE', ( #3227, #2594 ) ) ;
#1057 = EDGE_CURVE ( 'NONE', #2185, #3089, #1372, .T. ) ;
#1058 = EDGE_CURVE ( 'NONE', #1286, #498, #1617, .T. ) ;
#1059 = CARTESIAN_POINT ( 'NONE',  ( 3.265347964566323500, 2.950000000000003300, 8.401085620833573100 ) ) ;
#1060 = CARTESIAN_POINT ( 'NONE',  ( 9.949999999999999300, 5.975735931288076200, -2.461540066286180300E-015 ) ) ;
#1061 = VECTOR ( 'NONE', #1335, 1000.000000000000000 ) ;
#1062 = CARTESIAN_POINT ( 'NONE',  ( -0.01657369988665641200, 6.200000000000000200, -1.284341090915413600 ) ) ;
#1063 = ORIENTED_EDGE ( 'NONE', *, *, #2936, .F. ) ;
#1064 = FACE_OUTER_BOUND ( 'NONE', #1810, .T. ) ;
#1065 = CARTESIAN_POINT ( 'NONE',  ( 0.2442307942569957300, 2.149999999999999500, 1.188139161794068900 ) ) ;
#1066 = ORIENTED_EDGE ( 'NONE', *, *, #1458, .F. ) ;
#1067 = EDGE_CURVE ( 'NONE', #1017, #235, #1243, .T. ) ;
#1068 = CARTESIAN_POINT ( 'NONE',  ( -2.441421356237311300, 6.300000000000000700, 1.420710678118655400 ) ) ;
#1069 = LINE ( 'NONE', #1426, #1693 ) ;
#1070 = CARTESIAN_POINT ( 'NONE',  ( 3.650000000000000400, 2.049999999999999800, 0.0000000000000000000 ) ) ;
#1071 = CARTESIAN_POINT ( 'NONE',  ( -3.100000000000000500, 6.299999999999999800, 0.0000000000000000000 ) ) ;
#1072 = ADVANCED_FACE ( 'NONE', ( #2481 ), #3075, .T. ) ;
#1073 = AXIS2_PLACEMENT_3D ( 'NONE', #3130, #1909, #1392 ) ;
#1074 = CARTESIAN_POINT ( 'NONE',  ( 3.302272707205561500, 2.950000000000002400, 8.386207290851334800 ) ) ;
#1075 = CIRCLE ( 'NONE', #216, 0.5499999999999997100 ) ;
#1076 = DIRECTION ( 'NONE',  ( 0.0000000000000000000, -1.000000000000000000, 1.219727444046192500E-016 ) ) ;
#1077 = CARTESIAN_POINT ( 'NONE',  ( 0.3999999999999996300, 6.279289321881345000, -1.400000000000000600 ) ) ;
#1078 = LINE ( 'NONE', #3046, #1700 ) ;
#1079 = DIRECTION ( 'NONE',  ( 0.0000000000000000000, 0.0000000000000000000, 1.000000000000000000 ) ) ;
#1080 = CARTESIAN_POINT ( 'NONE',  ( -3.899999999999999000, 2.150000000000000800, 1.350000000000003000 ) ) ;
#1081 = CARTESIAN_POINT ( 'NONE',  ( -7.717516279323391800, 2.949999999999999700, -4.886916682714132600 ) ) ;
#1082 = CARTESIAN_POINT ( 'NONE',  ( -2.441421356237311300, 6.300000000000000700, -1.420710678118655600 ) ) ;
#1083 = DIRECTION ( 'NONE',  ( 1.000000000000000000, 0.0000000000000000000, -0.0000000000000000000 ) ) ;
#1084 = DIRECTION ( 'NONE',  ( 0.0000000000000000000, 0.0000000000000000000, 1.000000000000000000 ) ) ;
#1085 = DIRECTION ( 'NONE',  ( 1.000000000000000000, 0.0000000000000000000, 0.0000000000000000000 ) ) ;
#1086 = EDGE_LOOP ( 'NONE', ( #1762, #47, #411, #2647 ) ) ;
#1087 = CARTESIAN_POINT ( 'NONE',  ( 3.372952071466925000, 2.950000000000002400, 8.357190413790268800 ) ) ;
#1088 = CARTESIAN_POINT ( 'NONE',  ( 3.900000000000000400, 6.200000000000001100, -1.350000000000000500 ) ) ;
#1089 = ORIENTED_EDGE ( 'NONE', *, *, #2406, .T. ) ;
#1090 = EDGE_CURVE ( 'NONE', #3211, #3031, #461, .T. ) ;
#1091 = CARTESIAN_POINT ( 'NONE',  ( 0.1878296706397889500, 6.200000000000002000, -1.338151775804286000 ) ) ;
#1092 = ADVANCED_FACE ( 'NONE', ( #1166 ), #390, .T. ) ;
#1093 = CARTESIAN_POINT ( 'NONE',  ( 0.3999999999999996300, 6.200000000000001100, -1.350000000000000800 ) ) ;
#1094 =( BOUNDED_SURFACE ( )  B_SPLINE_SURFACE ( 3, 3, ( 
 ( #297, #2588, #1266, #3011 ),
 ( #1538, #3254, #1802, #238 ),
 ( #2043, #491, #2280, #752 ),
 ( #2513, #1018, #2774, #1276 ) ),
 .UNSPECIFIED., .F., .F., .F. ) 
 B_SPLINE_SURFACE_WITH_KNOTS ( ( 4, 4 ),
 ( 4, 4 ),
 ( 0.0000000000000000000, 1.000000000000000000 ),
 ( 0.0000000000000000000, 1.000000000000000000 ),
 .UNSPECIFIED. ) 
 GEOMETRIC_REPRESENTATION_ITEM ( )  RATIONAL_B_SPLINE_SURFACE ( (
 ( 1.000000000000000000, 0.8047378541243649400, 0.8047378541243649400, 1.000000000000000000),
 ( 0.8047378541243609400, 0.6476030138606844200, 0.6476030138606844200, 0.8047378541243609400),
 ( 0.8047378541243609400, 0.6476030138606844200, 0.6476030138606844200, 0.8047378541243609400),
 ( 1.000000000000000000, 0.8047378541243649400, 0.8047378541243649400, 1.000000000000000000) ) ) 
 REPRESENTATION_ITEM ( '' )  SURFACE ( )  );
#1095 = CARTESIAN_POINT ( 'NONE',  ( -4.920397156620368600, 2.150000000000000400, 0.8888436256453159400 ) ) ;
#1096 = ORIENTED_EDGE ( 'NONE', *, *, #2924, .F. ) ;
#1097 = ORIENTED_EDGE ( 'NONE', *, *, #2860, .F. ) ;
#1098 = CARTESIAN_POINT ( 'NONE',  ( 6.449999999999999300, 2.250000000000003600, -13.09999999999999800 ) ) ;
#1099 = AXIS2_PLACEMENT_3D ( 'NONE', #1745, #1776, #1786 ) ;
#1100 = CARTESIAN_POINT ( 'NONE',  ( 3.478634896449718900, 2.950000000000002800, 8.313025054901254800 ) ) ;
#1101 = DIRECTION ( 'NONE',  ( 0.0000000000000000000, 0.0000000000000000000, 1.000000000000000000 ) ) ;
#1102 = ORIENTED_EDGE ( 'NONE', *, *, #1961, .F. ) ;
#1103 = CIRCLE ( 'NONE', #2685, 7.050000000000000700 ) ;
#1104 = CARTESIAN_POINT ( 'NONE',  ( -5.163766170764243500, 2.150000000000000800, -0.4753018743116080900 ) ) ;
#1105 = ORIENTED_EDGE ( 'NONE', *, *, #1173, .T. ) ;
#1106 = ORIENTED_EDGE ( 'NONE', *, *, #175, .F. ) ;
#1107 = CARTESIAN_POINT ( 'NONE',  ( 9.949999999999999300, 6.300000000000000700, 2.000000000000000000 ) ) ;
#1108 = DIRECTION ( 'NONE',  ( -1.000000000000000000, 0.0000000000000000000, 0.0000000000000000000 ) ) ;
#1109 = ADVANCED_FACE ( 'NONE', ( #1858 ), #2345, .F. ) ;
#1110 = ORIENTED_EDGE ( 'NONE', *, *, #112, .F. ) ;
#1111 = LINE ( 'NONE', #488, #489 ) ;
#1112 = EDGE_CURVE ( 'NONE', #1492, #2925, #2996, .T. ) ;
#1113 = DIRECTION ( 'NONE',  ( 0.0000000000000000000, 1.000000000000000000, 0.0000000000000000000 ) ) ;
#1114 = CARTESIAN_POINT ( 'NONE',  ( 3.722874604878153400, 2.950000000000002000, 8.205492247744995600 ) ) ;
#1115 = ORIENTED_EDGE ( 'NONE', *, *, #2484, .F. ) ;
#1116 = CARTESIAN_POINT ( 'NONE',  ( 4.682322441841443500, 6.200000000000002000, -1.107326914613064000 ) ) ;
#1117 = LINE ( 'NONE', #782, #2792 ) ;
#1118 = CARTESIAN_POINT ( 'NONE',  ( -0.07530187431163094800, 6.200000000000002000, -1.263766170764239100 ) ) ;
#1119 = CARTESIAN_POINT ( 'NONE',  ( 0.7073269146131420100, 2.149999999999999900, -0.7823224418414633800 ) ) ;
#1120 = AXIS2_PLACEMENT_3D ( 'NONE', #234, #485, #1797 ) ;
#1121 = DIRECTION ( 'NONE',  ( -0.0000000000000000000, 0.0000000000000000000, 1.000000000000000000 ) ) ;
#1122 = EDGE_LOOP ( 'NONE', ( #377, #763, #2809, #1959 ) ) ;
#1123 = LINE ( 'NONE', #1932, #865 ) ;
#1124 = CARTESIAN_POINT ( 'NONE',  ( -3.100000000000000500, 6.099999999999999600, 0.0000000000000000000 ) ) ;
#1125 = DIRECTION ( 'NONE',  ( 1.000000000000000000, 0.0000000000000000000, 1.239088197126290600E-016 ) ) ;
#1126 = LINE ( 'NONE', #1929, #1660 ) ;
#1127 = AXIS2_PLACEMENT_3D ( 'NONE', #2527, #1028, #2783 ) ;
#1128 = CARTESIAN_POINT ( 'NONE',  ( 4.201939822276003200, 2.950000000000001100, 7.972505421104900200 ) ) ;
#1129 = AXIS2_PLACEMENT_3D ( 'NONE', #2898, #368, #2169 ) ;
#1130 = ADVANCED_FACE ( 'NONE', ( #2413 ), #2760, .F. ) ;
#1131 = ORIENTED_EDGE ( 'NONE', *, *, #271, .T. ) ;
#1132 = CYLINDRICAL_SURFACE ( 'NONE', #3060, 1.599999999999999900 ) ;
#1133 = DIRECTION ( 'NONE',  ( -1.224646799147353200E-016, -2.758991626312685700E-032, -1.000000000000000000 ) ) ;
#1134 = ORIENTED_EDGE ( 'NONE', *, *, #64, .F. ) ;
#1135 = DIRECTION ( 'NONE',  ( 0.0000000000000000000, 0.0000000000000000000, -1.000000000000000000 ) ) ;
#1136 = CARTESIAN_POINT ( 'NONE',  ( -10.15000000000000000, -1.445602896647339200E-016, 0.3749999999999995000 ) ) ;
#1137 = ORIENTED_EDGE ( 'NONE', *, *, #789, .T. ) ;
#1138 = CARTESIAN_POINT ( 'NONE',  ( 10.35000000000000000, -3.600000000000001900, -0.3750000000000005600 ) ) ;
#1139 = CARTESIAN_POINT ( 'NONE',  ( 2.400000000000002100, 2.070710678118654200, 1.400000000000000600 ) ) ;
#1140 =( BOUNDED_SURFACE ( )  B_SPLINE_SURFACE ( 3, 3, ( 
 ( #2496, #734, #2024, #229 ),
 ( #1787, #3236, #1515, #2998 ),
 ( #1252, #2745, #995, #2489 ),
 ( #720, #2252, #465, #2019 ) ),
 .UNSPECIFIED., .F., .F., .F. ) 
 B_SPLINE_SURFACE_WITH_KNOTS ( ( 4, 4 ),
 ( 4, 4 ),
 ( 0.0000000000000000000, 1.000000000000000000 ),
 ( 0.0000000000000000000, 1.000000000000000000 ),
 .UNSPECIFIED. ) 
 GEOMETRIC_REPRESENTATION_ITEM ( )  RATIONAL_B_SPLINE_SURFACE ( (
 ( 1.000000000000000000, 0.3333333333333329300, 0.3333333333333329300, 1.000000000000000000),
 ( 0.8047378541243557200, 0.2682459513747849100, 0.2682459513747849100, 0.8047378541243557200),
 ( 0.8047378541243557200, 0.2682459513747849100, 0.2682459513747849100, 0.8047378541243557200),
 ( 1.000000000000000000, 0.3333333333333329300, 0.3333333333333329300, 1.000000000000000000) ) ) 
 REPRESENTATION_ITEM ( '' )  SURFACE ( )  );
#1141 = ORIENTED_EDGE ( 'NONE', *, *, #186, .F. ) ;
#1142 = CARTESIAN_POINT ( 'NONE',  ( 0.3999999999999995800, 6.250000000000000000, 1.400000000000000600 ) ) ;
#1143 = EDGE_CURVE ( 'NONE', #2357, #323, #1078, .T. ) ;
#1144 = ORIENTED_EDGE ( 'NONE', *, *, #207, .F. ) ;
#1145 = CARTESIAN_POINT ( 'NONE',  ( -2.743423881938174400, 2.950000000000001100, -8.664104360001278600 ) ) ;
#1146 = AXIS2_PLACEMENT_3D ( 'NONE', #1298, #3043, #1567 ) ;
#1147 = ORIENTED_EDGE ( 'NONE', *, *, #369, .F. ) ;
#1148 = AXIS2_PLACEMENT_3D ( 'NONE', #1867, #1838, #1819 ) ;
#1149 = DIRECTION ( 'NONE',  ( 1.000000000000000000, 0.0000000000000000000, -0.0000000000000000000 ) ) ;
#1150 = CARTESIAN_POINT ( 'NONE',  ( 8.012749960680739700, 2.950000000000002800, 4.031228014278496200 ) ) ;
#1151 = CARTESIAN_POINT ( 'NONE',  ( 4.416857584374142200, 6.200000000000001100, -1.247315390303805000 ) ) ;
#1152 = CARTESIAN_POINT ( 'NONE',  ( 0.04417164255771576000, 6.200000000000002000, -1.303594455233450900 ) ) ;
#1153 = CARTESIAN_POINT ( 'NONE',  ( 10.35000000000000000, 5.899999999999998600, 0.3749999999999994400 ) ) ;
#1154 = LINE ( 'NONE', #1622, #2468 ) ;
#1155 = CARTESIAN_POINT ( 'NONE',  ( 1.478667161472466500, 2.950000000000001100, -8.911311317298334700 ) ) ;
#1156 = ORIENTED_EDGE ( 'NONE', *, *, #1112, .F. ) ;
#1157 = VECTOR ( 'NONE', #2639, 1000.000000000000000 ) ;
#1158 = DIRECTION ( 'NONE',  ( -1.000000000000000000, 0.0000000000000000000, 0.0000000000000000000 ) ) ;
#1159 = EDGE_CURVE ( 'NONE', #2746, #486, #301, .T. ) ;
#1160 = VECTOR ( 'NONE', #3145, 1000.000000000000000 ) ;
#1161 = VECTOR ( 'NONE', #2699, 1000.000000000000000 ) ;
#1162 = VECTOR ( 'NONE', #515, 1000.000000000000000 ) ;
#1163 = DIRECTION ( 'NONE',  ( 0.0000000000000000000, 0.0000000000000000000, 1.000000000000000000 ) ) ;
#1164 = VERTEX_POINT ( 'NONE', #3015 ) ;
#1165 = CARTESIAN_POINT ( 'NONE',  ( 4.723743685532499900, 2.950000000000002400, -7.657667029044081800 ) ) ;
#1166 = FACE_OUTER_BOUND ( 'NONE', #1625, .T. ) ;
#1167 = ORIENTED_EDGE ( 'NONE', *, *, #1641, .F. ) ;
#1168 = CARTESIAN_POINT ( 'NONE',  ( -0.7881391617940231000, 6.200000000000002800, -0.6442307942570911800 ) ) ;
#1169 = EDGE_LOOP ( 'NONE', ( #957, #1927, #2448, #2899, #616, #2934, #1757, #451 ) ) ;
#1170 = CARTESIAN_POINT ( 'NONE',  ( 8.213025054902136200, 2.950000000000003700, -3.578634896448509700 ) ) ;
#1171 = VERTEX_POINT ( 'NONE', #980 ) ;
#1172 = CARTESIAN_POINT ( 'NONE',  ( 7.800000000000000700, 6.299999999999999800, 0.0000000000000000000 ) ) ;
#1173 = EDGE_CURVE ( 'NONE', #637, #1677, #914, .T. ) ;
#1174 = EDGE_LOOP ( 'NONE', ( #2698, #1105, #2131, #1716 ) ) ;
#1175 = CARTESIAN_POINT ( 'NONE',  ( 3.900000000000000400, 6.250000000000000000, -1.399999999999999500 ) ) ;
#1176 = DIRECTION ( 'NONE',  ( 0.0000000000000000000, 0.7071067811865470200, 0.7071067811865480200 ) ) ;
#1177 = CARTESIAN_POINT ( 'NONE',  ( -0.2699357266837116300, 6.199999999999999300, -1.186798491794625000 ) ) ;
#1178 = AXIS2_PLACEMENT_3D ( 'NONE', #88, #1627, #3099 ) ;
#1179 = CARTESIAN_POINT ( 'NONE',  ( 8.949999999999994000, 2.950000000000003700, 0.0000000000000000000 ) ) ;
#1180 = VERTEX_POINT ( 'NONE', #2767 ) ;
#1181 = SURFACE_STYLE_FILL_AREA ( #2938 ) ;
#1182 = AXIS2_PLACEMENT_3D ( 'NONE', #2733, #1245, #2991 ) ;
#1183 = CARTESIAN_POINT ( 'NONE',  ( -5.350000000000004100, 2.049999999999998500, 0.8493903345590164700 ) ) ;
#1184 = ORIENTED_EDGE ( 'NONE', *, *, #913, .F. ) ;
#1185 = AXIS2_PLACEMENT_3D ( 'NONE', #2829, #1327, #3072 ) ;
#1186 = VERTEX_POINT ( 'NONE', #2997 ) ;
#1187 = DIRECTION ( 'NONE',  ( 1.219258498469858100E-016, -1.000000000000000000, 0.0000000000000000000 ) ) ;
#1188 = CARTESIAN_POINT ( 'NONE',  ( 3.985745341212317600, 6.200000000000002800, 1.350000000000001200 ) ) ;
#1189 = SURFACE_SIDE_STYLE ('',( #1181 ) ) ;
#1190 = LINE ( 'NONE', #3249, #3180 ) ;
#1191 = ADVANCED_FACE ( 'NONE', ( #998 ), #3071, .T. ) ;
#1192 = CARTESIAN_POINT ( 'NONE',  ( 4.500000000000000900, 2.250000000000000400, -1.099999999999999400 ) ) ;
#1193 = CIRCLE ( 'NONE', #1146, 0.04999999999999991300 ) ;
#1194 = DIRECTION ( 'NONE',  ( 1.000000000000000000, 0.0000000000000000000, 0.0000000000000000000 ) ) ;
#1195 = CARTESIAN_POINT ( 'NONE',  ( -3.899999999999999500, 2.070710678118652400, 1.400000000000003700 ) ) ;
#1196 = PRESENTATION_STYLE_ASSIGNMENT (( #267 ) ) ;
#1197 = ORIENTED_EDGE ( 'NONE', *, *, #2467, .T. ) ;
#1198 = EDGE_LOOP ( 'NONE', ( #2204, #1813, #1798, #969, #2716, #337, #312, #2531 ) ) ;
#1199 = CIRCLE ( 'NONE', #1572, 0.04999999999999991300 ) ;
#1200 = LINE ( 'NONE', #879, #583 ) ;
#1201 = CARTESIAN_POINT ( 'NONE',  ( 2.441421356237311700, 2.049999999999998500, 1.420710678118655800 ) ) ;
#1202 = DIRECTION ( 'NONE',  ( 0.0000000000000000000, 0.0000000000000000000, 1.000000000000000000 ) ) ;
#1203 = EDGE_CURVE ( 'NONE', #1382, #3146, #2853, .T. ) ;
#1204 = CARTESIAN_POINT ( 'NONE',  ( 4.596428523830133500, 2.950000000000002400, 7.742080348566122300 ) ) ;
#1205 = CARTESIAN_POINT ( 'NONE',  ( 3.650000000000000400, 2.250000000000000400, 0.0000000000000000000 ) ) ;
#1206 = AXIS2_PLACEMENT_3D ( 'NONE', #783, #335, #1101 ) ;
#1207 = VERTEX_POINT ( 'NONE', #2730 ) ;
#1208 = CARTESIAN_POINT ( 'NONE',  ( -7.799999999999999800, 2.049999999999998500, 0.0000000000000000000 ) ) ;
#1209 = ADVANCED_FACE ( 'NONE', ( #2191 ), #164, .F. ) ;
#1210 = ORIENTED_EDGE ( 'NONE', *, *, #3232, .F. ) ;
#1211 = CARTESIAN_POINT ( 'NONE',  ( -9.124194906111781100E-016, 2.950000000000001100, 0.0000000000000000000 ) ) ;
#1212 = CARTESIAN_POINT ( 'NONE',  ( 4.500000000000001800, 2.250000000000000400, -2.699999999999999300 ) ) ;
#1213 = ORIENTED_EDGE ( 'NONE', *, *, #207, .T. ) ;
#1214 = CARTESIAN_POINT ( 'NONE',  ( 4.916203204211887700, 2.950000000000002800, 7.532991633519450200 ) ) ;
#1215 = ORIENTED_EDGE ( 'NONE', *, *, #645, .T. ) ;
#1216 = DIRECTION ( 'NONE',  ( -1.000000000000000000, 0.0000000000000000000, 0.0000000000000000000 ) ) ;
#1217 = EDGE_CURVE ( 'NONE', #285, #1923, #2074, .T. ) ;
#1218 = CARTESIAN_POINT ( 'NONE',  ( 0.3999999999999999100, 6.200000000000001100, -1.350000000000000800 ) ) ;
#1219 = EDGE_LOOP ( 'NONE', ( #71, #582, #936, #2387 ) ) ;
#1220 = DIRECTION ( 'NONE',  ( 0.0000000000000000000, 0.0000000000000000000, 1.000000000000000000 ) ) ;
#1221 = CARTESIAN_POINT ( 'NONE',  ( 4.722988150564988000, 6.200000000000003700, 1.086095212514656300 ) ) ;
#1222 = DIRECTION ( 'NONE',  ( 1.219258498469858100E-016, -1.000000000000000000, 0.0000000000000000000 ) ) ;
#1223 = ADVANCED_FACE ( 'NONE', ( #1616 ), #2119, .T. ) ;
#1224 = VERTEX_POINT ( 'NONE', #1388 ) ;
#1225 = CARTESIAN_POINT ( 'NONE',  ( 4.982412475324999900, 2.950000000000002800, 7.488505546077981000 ) ) ;
#1226 = AXIS2_PLACEMENT_3D ( 'NONE', #134, #1681, #3150 ) ;
#1227 = PLANE ( 'NONE',  #2669 ) ;
#1228 = EDGE_LOOP ( 'NONE', ( #3231, #3093, #852, #355 ) ) ;
#1229 = DIRECTION ( 'NONE',  ( -1.219258498469858100E-016, 1.000000000000000000, -0.0000000000000000000 ) ) ;
#1230 = ORIENTED_EDGE ( 'NONE', *, *, #888, .T. ) ;
#1231 = LINE ( 'NONE', #1921, #118 ) ;
#1232 = CARTESIAN_POINT ( 'NONE',  ( 9.949999999999999300, 6.099999999999999600, -2.000000000000000000 ) ) ;
#1233 = CARTESIAN_POINT ( 'NONE',  ( -3.899999999999999000, 2.150000000000000800, 1.350000000000003000 ) ) ;
#1234 = EDGE_LOOP ( 'NONE', ( #2363, #2289, #2573, #2931 ) ) ;
#1235 = VECTOR ( 'NONE', #3135, 1000.000000000000000 ) ;
#1236 = CARTESIAN_POINT ( 'NONE',  ( 5.110661642769948700, 2.950000000000003300, 7.399870931604159100 ) ) ;
#1237 = EDGE_CURVE ( 'NONE', #1378, #121, #2927, .T. ) ;
#1238 = B_SPLINE_CURVE_WITH_KNOTS ( 'NONE', 3,
 ( #828, #866, #1091, #1152, #1062, #892, #1118, #1177, #1349, #313, #2868, #1168, #841, #153, #387, #364, #545, #393, #403, #141, #2336, #1634, #1954, #2118, #111, #80, #101, #65, #664, #649, #642, #288, #167, #349 ),
 .UNSPECIFIED., .F., .F.,
 ( 4, 1, 1, 2, 2, 2, 1, 1, 2, 2, 2, 1, 1, 2, 2, 2, 1, 1, 2, 2, 4 ),
 ( 0.0000000000000000000, 0.06249999999999980600, 0.09374999999999973600, 0.1093749999999997100, 0.1249999999999996900, 0.2499999999999998900, 0.3124999999999998900, 0.3437499999999999400, 0.3593749999999999400, 0.3749999999999999400, 0.4999999999999997800, 0.5624999999999996700, 0.5937499999999996700, 0.6093749999999996700, 0.6249999999999995600, 0.7499999999999994400, 0.8124999999999993300, 0.8437499999999993300, 0.8593749999999994400, 0.8749999999999994400, 1.000000000000000000 ),
 .UNSPECIFIED. ) ;
#1239 = EDGE_CURVE ( 'NONE', #1672, #285, #2763, .T. ) ;
#1240 = CIRCLE ( 'NONE', #2983, 0.5499999999999997100 ) ;
#1241 = CARTESIAN_POINT ( 'NONE',  ( 6.599999999999998800, 6.200000000000002000, 1.350000000000000800 ) ) ;
#1242 = DIRECTION ( 'NONE',  ( 1.000000000000000000, 2.965339275174029000E-016, -0.0000000000000000000 ) ) ;
#1243 = LINE ( 'NONE', #2392, #2261 ) ;
#1244 = EDGE_CURVE ( 'NONE', #487, #2801, #822, .T. ) ;
#1245 = DIRECTION ( 'NONE',  ( -1.219258498469858100E-016, 1.000000000000000000, -0.0000000000000000000 ) ) ;
#1246 = EDGE_LOOP ( 'NONE', ( #425, #483, #507, #1288 ) ) ;
#1247 = AXIS2_PLACEMENT_3D ( 'NONE', #610, #2895, #2153 ) ;
#1248 = ORIENTED_EDGE ( 'NONE', *, *, #1792, .F. ) ;
#1249 = DIRECTION ( 'NONE',  ( -1.000000000000000000, 0.0000000000000000000, 0.0000000000000000000 ) ) ;
#1250 = CYLINDRICAL_SURFACE ( 'NONE', #1968, 0.04999999999999991300 ) ;
#1251 = EDGE_LOOP ( 'NONE', ( #1752, #77, #1644, #144 ) ) ;
#1252 = CARTESIAN_POINT ( 'NONE',  ( -3.899999999999997700, 2.150000000000000800, 1.379289321881349600 ) ) ;
#1253 = CARTESIAN_POINT ( 'NONE',  ( 5.301120354192856400, 2.950000000000003300, 7.264588225870416400 ) ) ;
#1254 = CARTESIAN_POINT ( 'NONE',  ( 6.742893218813451400, 2.250000000000001300, 13.68578643762690200 ) ) ;
#1255 = EDGE_CURVE ( 'NONE', #2226, #2476, #1527, .T. ) ;
#1256 = CARTESIAN_POINT ( 'NONE',  ( 4.500000000000000900, 2.250000000000000400, 2.000000000000000000 ) ) ;
#1257 = CARTESIAN_POINT ( 'NONE',  ( -5.182412475325168800, 2.950000000000001500, -7.488505546077810500 ) ) ;
#1258 = CARTESIAN_POINT ( 'NONE',  ( 5.350000000000003200, 6.299999999999999800, 1.301042606982605300E-015 ) ) ;
#1259 = CARTESIAN_POINT ( 'NONE',  ( 0.3999999999999994100, 6.299999999999999800, 1.450000000000000800 ) ) ;
#1260 = ORIENTED_EDGE ( 'NONE', *, *, #1417, .T. ) ;
#1261 = ORIENTED_EDGE ( 'NONE', *, *, #367, .F. ) ;
#1262 = CARTESIAN_POINT ( 'NONE',  ( 5.732118735968052500, 2.950000000000003300, 6.932613090997241700 ) ) ;
#1263 = AXIS2_PLACEMENT_3D ( 'NONE', #2635, #1952, #1931 ) ;
#1264 = VECTOR ( 'NONE', #3230, 1000.000000000000000 ) ;
#1265 = EDGE_LOOP ( 'NONE', ( #154, #2170 ) ) ;
#1266 = CARTESIAN_POINT ( 'NONE',  ( -5.350000000000004100, 2.049999999999998900, -0.8493903345590126900 ) ) ;
#1267 = DIRECTION ( 'NONE',  ( -1.000000000000000000, 0.0000000000000000000, 0.0000000000000000000 ) ) ;
#1268 = FACE_OUTER_BOUND ( 'NONE', #3183, .T. ) ;
#1269 = PLANE ( 'NONE',  #2587 ) ;
#1270 = COLOUR_RGB ( '',0.7921568627450980000, 0.8196078431372548800, 0.9333333333333333500 ) ;
#1271 = CARTESIAN_POINT ( 'NONE',  ( 5.350000000000004100, 6.299999999999999800, -0.8493903345590126900 ) ) ;
#1272 = CARTESIAN_POINT ( 'NONE',  ( 6.078565443412615300, 2.950000000000002400, 6.620093567115492100 ) ) ;
#1273 = FACE_OUTER_BOUND ( 'NONE', #1003, .T. ) ;
#1274 = CARTESIAN_POINT ( 'NONE',  ( -0.3999999999999993000, 2.129289321881344700, -1.400000000000001700 ) ) ;
#1275 = EDGE_CURVE ( 'NONE', #1677, #265, #1489, .T. ) ;
#1276 = CARTESIAN_POINT ( 'NONE',  ( -5.300000000000002500, 2.099999999999998800, 1.301042606982605300E-015 ) ) ;
#1277 = CARTESIAN_POINT ( 'NONE',  ( -10.02573593128807000, 6.099999999999999600, 19.85147186257614400 ) ) ;
#1278 = VECTOR ( 'NONE', #166, 1000.000000000000000 ) ;
#1279 = CIRCLE ( 'NONE', #1506, 0.4000000000000010200 ) ;
#1280 = ORIENTED_EDGE ( 'NONE', *, *, #2732, .F. ) ;
#1281 = DIRECTION ( 'NONE',  ( 1.000000000000000000, 0.0000000000000000000, 0.0000000000000000000 ) ) ;
#1282 = CARTESIAN_POINT ( 'NONE',  ( 9.949999999999999300, 5.899999999999998600, 2.000000000000000000 ) ) ;
#1283 = CARTESIAN_POINT ( 'NONE',  ( -5.350000000000002300, 2.049999999999998000, 1.366094737331735600E-015 ) ) ;
#1284 = AXIS2_PLACEMENT_3D ( 'NONE', #1462, #2949, #1202 ) ;
#1285 = VERTEX_POINT ( 'NONE', #994 ) ;
#1286 = VERTEX_POINT ( 'NONE', #1438 ) ;
#1287 = DIRECTION ( 'NONE',  ( 1.000000000000000000, 0.0000000000000000000, 0.0000000000000000000 ) ) ;
#1288 = ORIENTED_EDGE ( 'NONE', *, *, #37, .T. ) ;
#1289 = DIRECTION ( 'NONE',  ( 6.002503377082380100E-017, -1.000000000000000000, -0.0000000000000000000 ) ) ;
#1290 = DIRECTION ( 'NONE',  ( 0.0000000000000000000, 0.0000000000000000000, 1.000000000000000000 ) ) ;
#1291 = EDGE_LOOP ( 'NONE', ( #947, #10, #58, #1647 ) ) ;
#1292 = CARTESIAN_POINT ( 'NONE',  ( 5.218337149445983600, 6.200000000000002000, 0.3376605744132628000 ) ) ;
#1293 = DIRECTION ( 'NONE',  ( -6.002503377082380100E-017, 1.000000000000000000, 0.0000000000000000000 ) ) ;
#1294 = CARTESIAN_POINT ( 'NONE',  ( 6.740818222389519200, 2.950000000000003700, 5.957761974983761800 ) ) ;
#1295 = CARTESIAN_POINT ( 'NONE',  ( 9.949999999999999300, 6.099999999999999600, 2.000000000000000000 ) ) ;
#1296 = ORIENTED_EDGE ( 'NONE', *, *, #1979, .T. ) ;
#1297 = CARTESIAN_POINT ( 'NONE',  ( 5.300000000000001600, 6.250000000000000000, 1.409462824231155800E-015 ) ) ;
#1298 = CARTESIAN_POINT ( 'NONE',  ( 3.900000000000000400, 6.250000000000000000, 1.450000000000002200 ) ) ;
#1299 = CARTESIAN_POINT ( 'NONE',  ( 10.35000000000000000, 0.3999999999999984100, -0.3750000000000002800 ) ) ;
#1300 = EDGE_CURVE ( 'NONE', #1171, #2680, #743, .T. ) ;
#1301 = DIRECTION ( 'NONE',  ( 0.0000000000000000000, 1.000000000000000000, 0.0000000000000000000 ) ) ;
#1302 = CARTESIAN_POINT ( 'NONE',  ( -9.850000000000001400, 5.799999999999998900, 1.194030629168669700E-015 ) ) ;
#1303 = CARTESIAN_POINT ( 'NONE',  ( 9.950000000000001100, 3.950000000000003700, 0.0000000000000000000 ) ) ;
#1304 = ADVANCED_FACE ( 'NONE', ( #1366 ), #1495, .F. ) ;
#1305 = FACE_OUTER_BOUND ( 'NONE', #2593, .T. ) ;
#1306 = CARTESIAN_POINT ( 'NONE',  ( -9.149999999999993200, 2.950000000000000200, 18.09999999999998700 ) ) ;
#1307 = AXIS2_PLACEMENT_3D ( 'NONE', #1900, #1419, #1885 ) ;
#1308 = DIRECTION ( 'NONE',  ( -1.000000000000000000, 0.0000000000000000000, 0.0000000000000000000 ) ) ;
#1309 = LINE ( 'NONE', #2397, #456 ) ;
#1310 =( NAMED_UNIT ( * ) PLANE_ANGLE_UNIT ( ) SI_UNIT ( $, .RADIAN. ) );
#1311 = CARTESIAN_POINT ( 'NONE',  ( -0.1000000000000003700, 2.750000000000004900, 0.0000000000000000000 ) ) ;
#1312 = ORIENTED_EDGE ( 'NONE', *, *, #1067, .T. ) ;
#1313 = CYLINDRICAL_SURFACE ( 'NONE', #2472, 0.04999999999999991300 ) ;
#1314 = CARTESIAN_POINT ( 'NONE',  ( -4.499999999999999100, 6.099999999999999600, 2.000000000000000000 ) ) ;
#1315 = CARTESIAN_POINT ( 'NONE',  ( 9.949999999999995700, 3.364213562373096000, -20.10000000000000100 ) ) ;
#1316 = CIRCLE ( 'NONE', #2557, 0.2000000000000005100 ) ;
#1317 = CARTESIAN_POINT ( 'NONE',  ( 7.133154154171771600, 2.950000000000003300, 5.474900951506969100 ) ) ;
#1318 = CARTESIAN_POINT ( 'NONE',  ( -10.02573593128807200, 6.100000000000000500, -19.85147186257614400 ) ) ;
#1319 = EDGE_CURVE ( 'NONE', #363, #469, #2613, .T. ) ;
#1320 = CARTESIAN_POINT ( 'NONE',  ( 3.900000000000000400, 6.250000000000000000, 1.400000000000002600 ) ) ;
#1321 = ADVANCED_FACE ( 'NONE', ( #89 ), #3192, .F. ) ;
#1322 = ORIENTED_EDGE ( 'NONE', *, *, #1474, .T. ) ;
#1323 = DIRECTION ( 'NONE',  ( 1.000000000000000000, 0.0000000000000000000, -4.956352788505164300E-016 ) ) ;
#1324 = CARTESIAN_POINT ( 'NONE',  ( -9.005583334729117000, 2.949999999999999300, -1.610711359068525600 ) ) ;
#1325 = VERTEX_POINT ( 'NONE', #32 ) ;
#1326 = DIRECTION ( 'NONE',  ( 1.000000000000000000, 0.0000000000000000000, 1.239088197126290600E-016 ) ) ;
#1327 = DIRECTION ( 'NONE',  ( -1.219258498469858100E-016, 1.000000000000000000, -0.0000000000000000000 ) ) ;
#1328 = CARTESIAN_POINT ( 'NONE',  ( -9.149999999999996800, 2.950000000000000200, -18.09999999999998700 ) ) ;
#1329 = AXIS2_PLACEMENT_3D ( 'NONE', #3191, #2444, #942 ) ;
#1330 = ORIENTED_EDGE ( 'NONE', *, *, #1687, .F. ) ;
#1331 = CARTESIAN_POINT ( 'NONE',  ( 7.517516279323416500, 2.950000000000003700, 4.886916682714107700 ) ) ;
#1332 = PLANE ( 'NONE',  #760 ) ;
#1333 = CARTESIAN_POINT ( 'NONE',  ( 5.086798491795000200, 6.200000000000001100, -0.6699357266834496900 ) ) ;
#1334 = ORIENTED_EDGE ( 'NONE', *, *, #3164, .T. ) ;
#1335 = DIRECTION ( 'NONE',  ( 1.000000000000000000, 1.482669637587016700E-016, -1.482669637587014500E-016 ) ) ;
#1336 =( BOUNDED_CURVE ( )  B_SPLINE_CURVE ( 3, ( #2932, #653, #1965, #404 ),
 .UNSPECIFIED., .F., .F. ) 
 B_SPLINE_CURVE_WITH_KNOTS ( ( 4, 4 ),
 ( 0.0000000000000000000, 1.000000000000000000 ),
 .UNSPECIFIED. ) 
 CURVE ( )  GEOMETRIC_REPRESENTATION_ITEM ( )  RATIONAL_B_SPLINE_CURVE ( ( 1.000000000000000000, 0.3333333333333333700, 0.3333333333333333700, 1.000000000000000000 ) ) 
 REPRESENTATION_ITEM ( '' )  );
#1337 = CARTESIAN_POINT ( 'NONE',  ( -0.09999999999999939500, 3.950000000000001100, 0.0000000000000000000 ) ) ;
#1338 = CARTESIAN_POINT ( 'NONE',  ( 0.3999999999999995800, 6.250000000000000000, -1.350000000000000800 ) ) ;
#1339 = CARTESIAN_POINT ( 'NONE',  ( -0.3999999999999990200, 2.070710678118653700, -1.400000000000001000 ) ) ;
#1340 = CARTESIAN_POINT ( 'NONE',  ( 3.387570226935650500, 2.250000000000000400, 1.549999999999999400 ) ) ;
#1341 = CARTESIAN_POINT ( 'NONE',  ( 2.275140453871300000, 2.249999999999999600, -0.4000000000000001900 ) ) ;
#1342 = ORIENTED_EDGE ( 'NONE', *, *, #2165, .F. ) ;
#1343 = ADVANCED_FACE ( 'NONE', ( #3256 ), #882, .T. ) ;
#1344 = VECTOR ( 'NONE', #746, 1000.000000000000000 ) ;
#1345 = EDGE_CURVE ( 'NONE', #1822, #176, #2517, .T. ) ;
#1346 = CARTESIAN_POINT ( 'NONE',  ( 7.557667029045344300, 2.950000000000002800, 4.823743685530123700 ) ) ;
#1347 = DIRECTION ( 'NONE',  ( -1.000000000000000000, -6.002503377082378900E-017, 1.239088197126290600E-016 ) ) ;
#1348 = ORIENTED_EDGE ( 'NONE', *, *, #2306, .T. ) ;
#1349 = CARTESIAN_POINT ( 'NONE',  ( -0.4229881505649377700, 6.200000000000000200, -1.086095212514700800 ) ) ;
#1350 = ORIENTED_EDGE ( 'NONE', *, *, #2409, .F. ) ;
#1351 = CARTESIAN_POINT ( 'NONE',  ( -5.088139161794125600, 2.150000000000000800, 0.6442307942569672800 ) ) ;
#1352 = CIRCLE ( 'NONE', #1361, 0.04999999999999991300 ) ;
#1353 = DIRECTION ( 'NONE',  ( 6.002503377082378900E-017, -1.000000000000000000, 0.0000000000000000000 ) ) ;
#1354 = EDGE_LOOP ( 'NONE', ( #1985, #3023, #1421, #798 ) ) ;
#1355 = AXIS2_PLACEMENT_3D ( 'NONE', #1341, #2845, #1085 ) ;
#1356 = CARTESIAN_POINT ( 'NONE',  ( -9.124194906111781100E-016, 6.100000000000001400, 0.0000000000000000000 ) ) ;
#1357 = CIRCLE ( 'NONE', #117, 1.599999999999999900 ) ;
#1358 = CARTESIAN_POINT ( 'NONE',  ( -8.350000000000003200, -1.301042606982605300E-015, -0.3750000000000015000 ) ) ;
#1359 = CARTESIAN_POINT ( 'NONE',  ( -6.649999999999997700, 2.250000000000000400, 8.143901214329897800E-016 ) ) ;
#1360 = CARTESIAN_POINT ( 'NONE',  ( -2.275140453871298300, 6.099999999999999600, -2.000000000000000000 ) ) ;
#1361 = AXIS2_PLACEMENT_3D ( 'NONE', #3226, #1768, #214 ) ;
#1362 = DIRECTION ( 'NONE',  ( 1.000000000000000000, 0.0000000000000000000, 0.0000000000000000000 ) ) ;
#1363 = LINE ( 'NONE', #2533, #1970 ) ;
#1364 = AXIS2_PLACEMENT_3D ( 'NONE', #2555, #1054, #2818 ) ;
#1365 = ADVANCED_FACE ( 'NONE', ( #1273 ), #268, .T. ) ;
#1366 = FACE_OUTER_BOUND ( 'NONE', #3117, .T. ) ;
#1367 = CARTESIAN_POINT ( 'NONE',  ( -7.150000000000001200, 2.249999999999998700, 8.633759933988841000E-016 ) ) ;
#1368 = CARTESIAN_POINT ( 'NONE',  ( -4.986095212514891600, 2.150000000000000400, -0.8229881505649008200 ) ) ;
#1369 = CARTESIAN_POINT ( 'NONE',  ( -8.212749960681202700, 2.949999999999999700, -4.031228014277684400 ) ) ;
#1370 = LINE ( 'NONE', #681, #1278 ) ;
#1371 = CARTESIAN_POINT ( 'NONE',  ( -9.124194906111781100E-016, -21.09163056034261200, 8.500000000000000000 ) ) ;
#1372 = LINE ( 'NONE', #2115, #2483 ) ;
#1373 = ORIENTED_EDGE ( 'NONE', *, *, #2116, .F. ) ;
#1374 = CARTESIAN_POINT ( 'NONE',  ( 0.3999999999999995800, 6.200000000000001100, -1.350000000000000800 ) ) ;
#1375 = CARTESIAN_POINT ( 'NONE',  ( 7.637949396860026500, 2.950000000000002400, 4.693923500335782400 ) ) ;
#1376 = EDGE_CURVE ( 'NONE', #276, #2476, #499, .T. ) ;
#1377 = DIRECTION ( 'NONE',  ( -0.0000000000000000000, 1.000000000000000000, 0.0000000000000000000 ) ) ;
#1378 = VERTEX_POINT ( 'NONE', #1993 ) ;
#1379 = CARTESIAN_POINT ( 'NONE',  ( 0.4888436256453369500, 2.150000000000000800, 1.020397156620326000 ) ) ;
#1380 = DIRECTION ( 'NONE',  ( 1.219258498469858100E-016, -1.000000000000000000, 0.0000000000000000000 ) ) ;
#1381 = CIRCLE ( 'NONE', #396, 1.400000000000001500 ) ;
#1382 = VERTEX_POINT ( 'NONE', #567 ) ;
#1383 = DIRECTION ( 'NONE',  ( -1.000000000000000000, 0.0000000000000000000, 0.0000000000000000000 ) ) ;
#1384 = ADVANCED_FACE ( 'NONE', ( #1815 ), #2053, .T. ) ;
#1385 = AXIS2_PLACEMENT_3D ( 'NONE', #1358, #811, #371 ) ;
#1386 = ORIENTED_EDGE ( 'NONE', *, *, #2092, .T. ) ;
#1387 = DIRECTION ( 'NONE',  ( 0.0000000000000000000, 0.0000000000000000000, 1.000000000000000000 ) ) ;
#1388 = CARTESIAN_POINT ( 'NONE',  ( -7.150000000000001200, 2.949999999999999300, 8.633759933988841000E-016 ) ) ;
#1389 = CARTESIAN_POINT ( 'NONE',  ( -0.3142546587876829400, 2.150000000000000800, -1.350000000000001200 ) ) ;
#1390 = EDGE_LOOP ( 'NONE', ( #3045, #2026 ) ) ;
#1391 =( NAMED_UNIT ( * ) SI_UNIT ( $, .STERADIAN. ) SOLID_ANGLE_UNIT ( ) );
#1392 = DIRECTION ( 'NONE',  ( -1.000000000000000000, 0.0000000000000000000, 0.0000000000000000000 ) ) ;
#1393 = CARTESIAN_POINT ( 'NONE',  ( -6.278565443412982300, 2.950000000000000600, -6.620093567115127100 ) ) ;
#1394 = CLOSED_SHELL ( 'NONE', ( #2309, #2459, #1747, #336, #799, #359, #1191, #53, #2859, #3186, #2820, #1606, #92, #1646, #606, #1974, #1907, #106, #2369, #2096, #2888, #934, #2564, #3094, #1987, #785, #436, #1304, #968, #532, #3129, #2962, #1049, #300, #3074 ) ) ;
#1395 = CARTESIAN_POINT ( 'NONE',  ( 7.800000000000000700, 6.099999999999999600, 0.0000000000000000000 ) ) ;
#1396 = EDGE_CURVE ( 'NONE', #2422, #176, #1200, .T. ) ;
#1397 = PRESENTATION_STYLE_ASSIGNMENT (( #1050 ) ) ;
#1398 = CARTESIAN_POINT ( 'NONE',  ( 7.755797663880176900, 2.950000000000003300, 4.497877619955342100 ) ) ;
#1399 = ORIENTED_EDGE ( 'NONE', *, *, #1345, .F. ) ;
#1400 = DIRECTION ( 'NONE',  ( -6.002503377082380100E-017, 1.000000000000000000, 0.0000000000000000000 ) ) ;
#1401 = CARTESIAN_POINT ( 'NONE',  ( 5.350000000000001400, 6.299999999999998000, -0.8493903345590114700 ) ) ;
#1402 = LINE ( 'NONE', #69, #694 ) ;
#1403 = DIRECTION ( 'NONE',  ( 1.000000000000000000, 0.0000000000000000000, 0.0000000000000000000 ) ) ;
#1404 = CARTESIAN_POINT ( 'NONE',  ( 3.387570226935652200, 2.250000000000000400, -1.549999999999999600 ) ) ;
#1405 = VECTOR ( 'NONE', #1901, 1000.000000000000000 ) ;
#1406 = CARTESIAN_POINT ( 'NONE',  ( -1.998562354526726400, 2.950000000000001500, -8.849158083235007400 ) ) ;
#1407 = CARTESIAN_POINT ( 'NONE',  ( -6.649999999999997700, 2.250000000000000400, 8.143901214329897800E-016 ) ) ;
#1408 = VECTOR ( 'NONE', #462, 1000.000000000000000 ) ;
#1409 = CARTESIAN_POINT ( 'NONE',  ( 8.949999999999995700, 2.950000000000004200, 18.09999999999998700 ) ) ;
#1410 = ORIENTED_EDGE ( 'NONE', *, *, #668, .F. ) ;
#1411 = PLANE ( 'NONE',  #1758 ) ;
#1412 = DIRECTION ( 'NONE',  ( 0.0000000000000000000, 0.7071067811865562300, -0.7071067811865388000 ) ) ;
#1413 = CARTESIAN_POINT ( 'NONE',  ( 1.835199746419850000, 2.950000000000002000, -8.845555579698157100 ) ) ;
#1414 = EDGE_CURVE ( 'NONE', #427, #2946, #2445, .T. ) ;
#1415 = EDGE_LOOP ( 'NONE', ( #2312, #2761, #2473, #1710 ) ) ;
#1416 = CARTESIAN_POINT ( 'NONE',  ( -9.950000000000001100, 2.049999999999997600, 2.000000000000000000 ) ) ;
#1417 = EDGE_CURVE ( 'NONE', #2881, #3228, #3120, .T. ) ;
#1418 = ORIENTED_EDGE ( 'NONE', *, *, #2292, .F. ) ;
#1419 = DIRECTION ( 'NONE',  ( -1.219258498469858100E-016, 1.000000000000000000, -0.0000000000000000000 ) ) ;
#1420 = CARTESIAN_POINT ( 'NONE',  ( 3.900000000000000400, 6.299999999999999800, -1.450000000000001700 ) ) ;
#1421 = ORIENTED_EDGE ( 'NONE', *, *, #203, .T. ) ;
#1422 = EDGE_CURVE ( 'NONE', #1832, #622, #2976, .T. ) ;
#1423 = DIRECTION ( 'NONE',  ( -1.000000000000000000, 0.0000000000000000000, -0.0000000000000000000 ) ) ;
#1424 = CARTESIAN_POINT ( 'NONE',  ( 5.374900951504830700, 2.950000000000003300, -7.233154154171899100 ) ) ;
#1425 = AXIS2_PLACEMENT_3D ( 'NONE', #2182, #643, #2415 ) ;
#1426 = CARTESIAN_POINT ( 'NONE',  ( 4.500000000000000900, 2.250000000000000400, -1.099999999999999400 ) ) ;
#1427 = ORIENTED_EDGE ( 'NONE', *, *, #367, .T. ) ;
#1428 = CARTESIAN_POINT ( 'NONE',  ( 10.35000000000000000, 2.025000000000038500, -2.000000000000000000 ) ) ;
#1429 = LINE ( 'NONE', #252, #2670 ) ;
#1430 = EDGE_LOOP ( 'NONE', ( #2524, #1040 ) ) ;
#1431 = ORIENTED_EDGE ( 'NONE', *, *, #1792, .T. ) ;
#1432 = CARTESIAN_POINT ( 'NONE',  ( 8.286207290851612200, 2.950000000000004200, -3.402272707205180200 ) ) ;
#1433 = ORIENTED_EDGE ( 'NONE', *, *, #224, .F. ) ;
#1434 = LINE ( 'NONE', #437, #2751 ) ;
#1435 = DIRECTION ( 'NONE',  ( -1.000000000000000000, 0.0000000000000000000, 1.776356839400250500E-015 ) ) ;
#1436 = EDGE_CURVE ( 'NONE', #3089, #2597, #423, .T. ) ;
#1437 = FACE_OUTER_BOUND ( 'NONE', #2479, .T. ) ;
#1438 = CARTESIAN_POINT ( 'NONE',  ( -2.275140453871298300, 6.299999999999999800, -2.000000000000000000 ) ) ;
#1439 = PLANE ( 'NONE',  #1044 ) ;
#1440 = VECTOR ( 'NONE', #3034, 1000.000000000000000 ) ;
#1441 = LINE ( 'NONE', #1205, #3030 ) ;
#1442 = FACE_OUTER_BOUND ( 'NONE', #2664, .T. ) ;
#1443 = CARTESIAN_POINT ( 'NONE',  ( -7.799999999999999800, 2.049999999999998500, 0.0000000000000000000 ) ) ;
#1444 = FACE_OUTER_BOUND ( 'NONE', #2179, .T. ) ;
#1445 = VECTOR ( 'NONE', #1326, 1000.000000000000000 ) ;
#1446 = AXIS2_PLACEMENT_3D ( 'NONE', #1973, #2195, #2163 ) ;
#1447 = ADVANCED_BREP_SHAPE_REPRESENTATION ( 'CR-2032-HF1N', ( #1984, #2528, #420, #3123, #2562 ), #360 ) ;
#1448 = DIRECTION ( 'NONE',  ( -2.252887631138711300E-016, 1.000000000000000000, -0.0000000000000000000 ) ) ;
#1449 = CIRCLE ( 'NONE', #797, 0.7000000000000000700 ) ;
#1450 = CARTESIAN_POINT ( 'NONE',  ( 0.3999999999999996300, 6.299999999999998900, -1.420710678118655600 ) ) ;
#1451 = CARTESIAN_POINT ( 'NONE',  ( 5.163766170764192900, 6.200000000000002000, -0.4753018743116622100 ) ) ;
#1452 = DIRECTION ( 'NONE',  ( 1.000000000000000000, 2.589139516383293800E-016, 0.0000000000000000000 ) ) ;
#1453 = ORIENTED_EDGE ( 'NONE', *, *, #2273, .F. ) ;
#1454 = DIRECTION ( 'NONE',  ( 0.0000000000000000000, 0.0000000000000000000, 1.000000000000000000 ) ) ;
#1455 = ORIENTED_EDGE ( 'NONE', *, *, #2836, .T. ) ;
#1456 = VERTEX_POINT ( 'NONE', #2039 ) ;
#1457 = CARTESIAN_POINT ( 'NONE',  ( -5.300000000000002500, 2.099999999999998800, 0.8201010126776705500 ) ) ;
#1458 = EDGE_CURVE ( 'NONE', #2657, #876, #344, .T. ) ;
#1459 = ORIENTED_EDGE ( 'NONE', *, *, #224, .T. ) ;
#1460 = CARTESIAN_POINT ( 'NONE',  ( 8.949999999999994000, 2.950000000000003700, 0.0000000000000000000 ) ) ;
#1461 = CARTESIAN_POINT ( 'NONE',  ( -4.500000000000000000, 6.299999999999999800, 1.099999999999999400 ) ) ;
#1462 = CARTESIAN_POINT ( 'NONE',  ( -9.124194906111781100E-016, 6.100000000000001400, 0.0000000000000000000 ) ) ;
#1463 = VERTEX_POINT ( 'NONE', #2161 ) ;
#1464 = CARTESIAN_POINT ( 'NONE',  ( 8.202091370087284600, 2.950000000000003300, 3.615455406916931100 ) ) ;
#1465 = CARTESIAN_POINT ( 'NONE',  ( -0.3999999999999991900, 2.049999999999998900, -1.450000000000001300 ) ) ;
#1466 = CARTESIAN_POINT ( 'NONE',  ( 3.100000000000001000, 2.250000000000000400, 0.0000000000000000000 ) ) ;
#1467 = AXIS2_PLACEMENT_3D ( 'NONE', #2324, #791, #2565 ) ;
#1468 = DIRECTION ( 'NONE',  ( 1.000000000000000000, 0.0000000000000000000, 0.0000000000000000000 ) ) ;
#1469 = AXIS2_PLACEMENT_3D ( 'NONE', #2643, #2654, #1158 ) ;
#1470 = ORIENTED_EDGE ( 'NONE', *, *, #2572, .T. ) ;
#1471 = CARTESIAN_POINT ( 'NONE',  ( -2.500000000000001300, 6.299999999999999800, -1.450000000000000200 ) ) ;
#1472 = VECTOR ( 'NONE', #2056, 1000.000000000000000 ) ;
#1473 = CARTESIAN_POINT ( 'NONE',  ( 8.328645718930948400, 2.950000000000003700, 3.295732335862197300 ) ) ;
#1474 = EDGE_CURVE ( 'NONE', #1463, #138, #1126, .T. ) ;
#1475 = DIRECTION ( 'NONE',  ( -2.503857664561935800E-016, -3.052849736476030700E-032, -1.000000000000000000 ) ) ;
#1476 = VECTOR ( 'NONE', #55, 1000.000000000000000 ) ;
#1477 = DIRECTION ( 'NONE',  ( 0.0000000000000000000, 0.0000000000000000000, -1.000000000000000000 ) ) ;
#1478 = CARTESIAN_POINT ( 'NONE',  ( -2.300000000000002000, 6.200000000000002000, 1.350000000000000100 ) ) ;
#1479 = ADVANCED_FACE ( 'NONE', ( #1030 ), #2227, .T. ) ;
#1480 = VECTOR ( 'NONE', #2596, 1000.000000000000000 ) ;
#1481 = EDGE_LOOP ( 'NONE', ( #695, #924, #1577, #381, #927, #2315, #725, #3081 ) ) ;
#1482 = LINE ( 'NONE', #97, #2162 ) ;
#1483 = FACE_OUTER_BOUND ( 'NONE', #1169, .T. ) ;
#1484 = CARTESIAN_POINT ( 'NONE',  ( 5.147323838557820600, 6.200000000000002000, 0.5168362683454385000 ) ) ;
#1485 = CARTESIAN_POINT ( 'NONE',  ( -10.35000000000000100, -4.000000000000001800, 2.000000000000000000 ) ) ;
#1486 = EDGE_CURVE ( 'NONE', #2869, #1382, #257, .T. ) ;
#1487 = CIRCLE ( 'NONE', #652, 1.599999999999999900 ) ;
#1488 = CARTESIAN_POINT ( 'NONE',  ( -9.950000000000001100, 2.049999999999997600, -2.000000000000000000 ) ) ;
#1489 =( BOUNDED_CURVE ( )  B_SPLINE_CURVE ( 3, ( #1023, #1471, #672, #319 ),
 .UNSPECIFIED., .F., .T. ) 
 B_SPLINE_CURVE_WITH_KNOTS ( ( 4, 4 ),
 ( 0.0000000000000000000, 1.000000000000000000 ),
 .UNSPECIFIED. ) 
 CURVE ( )  GEOMETRIC_REPRESENTATION_ITEM ( )  RATIONAL_B_SPLINE_CURVE ( ( 1.000000000000000000, 0.3333333333333333700, 0.3333333333333333700, 1.000000000000000000 ) ) 
 REPRESENTATION_ITEM ( '' )  );
#1490 = AXIS2_PLACEMENT_3D ( 'NONE', #2303, #770, #2541 ) ;
#1491 = AXIS2_PLACEMENT_3D ( 'NONE', #1872, #889, #1290 ) ;
#1492 = VERTEX_POINT ( 'NONE', #1799 ) ;
#1493 = DIRECTION ( 'NONE',  ( -1.000000000000000000, 0.0000000000000000000, 0.0000000000000000000 ) ) ;
#1494 = ORIENTED_EDGE ( 'NONE', *, *, #2015, .F. ) ;
#1495 = PLANE ( 'NONE',  #1385 ) ;
#1496 = DIRECTION ( 'NONE',  ( 0.0000000000000000000, 1.000000000000000000, 0.0000000000000000000 ) ) ;
#1497 = VERTEX_POINT ( 'NONE', #1789 ) ;
#1498 = CARTESIAN_POINT ( 'NONE',  ( 8.341391633886194900, 2.950000000000003300, 3.262931317347812500 ) ) ;
#1499 = CARTESIAN_POINT ( 'NONE',  ( 10.14999999999999900, 2.025000000000038500, -2.000000000000000000 ) ) ;
#1500 = VERTEX_POINT ( 'NONE', #1725 ) ;
#1501 = CARTESIAN_POINT ( 'NONE',  ( 3.900000000000000400, 6.200000000000001100, -1.349999999999998100 ) ) ;
#1502 = EDGE_CURVE ( 'NONE', #1822, #3125, #2396, .T. ) ;
#1503 = DIRECTION ( 'NONE',  ( 0.0000000000000000000, 1.000000000000000000, 0.0000000000000000000 ) ) ;
#1504 = ORIENTED_EDGE ( 'NONE', *, *, #1486, .T. ) ;
#1505 = CARTESIAN_POINT ( 'NONE',  ( 8.367557809435817600, 2.950000000000002800, 3.194425383335222100 ) ) ;
#1506 = AXIS2_PLACEMENT_3D ( 'NONE', #954, #2704, #1216 ) ;
#1507 = CARTESIAN_POINT ( 'NONE',  ( 2.400000000000061600, 2.099999999999999200, -1.400000000000000400 ) ) ;
#1508 = VECTOR ( 'NONE', #2721, 1000.000000000000000 ) ;
#1509 = ORIENTED_EDGE ( 'NONE', *, *, #1000, .T. ) ;
#1510 = COLOUR_RGB ( '',0.7921568627450980000, 0.8196078431372548800, 0.9333333333333333500 ) ;
#1511 = CARTESIAN_POINT ( 'NONE',  ( 2.275140453871300000, 2.250000000000000400, 2.000000000000000000 ) ) ;
#1512 = ORIENTED_EDGE ( 'NONE', *, *, #1585, .F. ) ;
#1513 = CIRCLE ( 'NONE', #823, 0.04999999999999991300 ) ;
#1514 = DIRECTION ( 'NONE',  ( -1.000000000000000000, 0.0000000000000000000, 0.0000000000000000000 ) ) ;
#1515 = CARTESIAN_POINT ( 'NONE',  ( -6.700000000000010800, 2.129289321881344700, -1.400000000000000800 ) ) ;
#1516 = FACE_OUTER_BOUND ( 'NONE', #2385, .T. ) ;
#1517 = CARTESIAN_POINT ( 'NONE',  ( 8.406165739038666400, 2.950000000000003700, 3.091486352490874900 ) ) ;
#1518 = CARTESIAN_POINT ( 'NONE',  ( -6.942893218813451600, 2.249999999999998700, 8.380127277327022200E-016 ) ) ;
#1519 = VERTEX_POINT ( 'NONE', #3239 ) ;
#1520 = CIRCLE ( 'NONE', #2508, 0.5500000000000001600 ) ;
#1521 = VECTOR ( 'NONE', #2682, 1000.000000000000000 ) ;
#1522 = EDGE_CURVE ( 'NONE', #392, #2785, #2222, .T. ) ;
#1523 = CIRCLE ( 'NONE', #284, 0.7000000000000000700 ) ;
#1524 = FACE_OUTER_BOUND ( 'NONE', #3001, .T. ) ;
#1525 = DIRECTION ( 'NONE',  ( 1.000000000000000000, 0.0000000000000000000, 0.0000000000000000000 ) ) ;
#1526 = CYLINDRICAL_SURFACE ( 'NONE', #1714, 1.599999999999999900 ) ;
#1527 = LINE ( 'NONE', #87, #2681 ) ;
#1528 = CARTESIAN_POINT ( 'NONE',  ( 0.01657369988661254100, 2.149999999999999900, -1.284341090915414000 ) ) ;
#1529 = CARTESIAN_POINT ( 'NONE',  ( 2.400000000000002100, 2.099999999999999200, -1.400000000000000400 ) ) ;
#1530 = CARTESIAN_POINT ( 'NONE',  ( 3.900000000000000400, 6.200000000000001100, 1.350000000000001400 ) ) ;
#1531 = AXIS2_PLACEMENT_3D ( 'NONE', #3124, #2377, #1650 ) ;
#1532 = CARTESIAN_POINT ( 'NONE',  ( 8.811307391718543200, 2.950000000000003700, 1.578688381740654100 ) ) ;
#1533 = DIRECTION ( 'NONE',  ( 0.0000000000000000000, 1.000000000000000000, 0.0000000000000000000 ) ) ;
#1534 = ORIENTED_EDGE ( 'NONE', *, *, #133, .T. ) ;
#1535 = AXIS2_PLACEMENT_3D ( 'NONE', #204, #2972, #3217 ) ;
#1536 = AXIS2_PLACEMENT_3D ( 'NONE', #803, #2583, #1084 ) ;
#1537 = VERTEX_POINT ( 'NONE', #1854 ) ;
#1538 = CARTESIAN_POINT ( 'NONE',  ( -3.900000000000000800, 2.049999999999998000, -1.420710678118656300 ) ) ;
#1539 = DIRECTION ( 'NONE',  ( -0.0000000000000000000, 0.0000000000000000000, 1.000000000000000000 ) ) ;
#1540 = ORIENTED_EDGE ( 'NONE', *, *, #2230, .F. ) ;
#1541 = CARTESIAN_POINT ( 'NONE',  ( 2.275140453871300000, 2.250000000000000400, 0.4000000000000001900 ) ) ;
#1542 = ORIENTED_EDGE ( 'NONE', *, *, #1217, .T. ) ;
#1543 = DIRECTION ( 'NONE',  ( 0.0000000000000000000, 1.000000000000000000, 0.0000000000000000000 ) ) ;
#1544 = CARTESIAN_POINT ( 'NONE',  ( 2.400000000000034600, 2.129289321881344700, 1.400000000000061200 ) ) ;
#1545 = CARTESIAN_POINT ( 'NONE',  ( 9.649999999999998600, 6.100000000000003200, 0.0000000000000000000 ) ) ;
#1546 = ORIENTED_EDGE ( 'NONE', *, *, #2156, .F. ) ;
#1547 = FACE_BOUND ( 'NONE', #2539, .T. ) ;
#1548 = EDGE_CURVE ( 'NONE', #1923, #3211, #2889, .T. ) ;
#1549 = DIRECTION ( 'NONE',  ( -1.000000000000000000, -6.002503377082378900E-017, 1.239088197126290600E-016 ) ) ;
#1550 = CARTESIAN_POINT ( 'NONE',  ( -4.749390334559013400, 2.049999999999998500, -1.450000000000000600 ) ) ;
#1551 = ORIENTED_EDGE ( 'NONE', *, *, #688, .T. ) ;
#1552 = ORIENTED_EDGE ( 'NONE', *, *, #886, .F. ) ;
#1553 = DIRECTION ( 'NONE',  ( -1.219258498469858100E-016, 1.000000000000000000, -0.0000000000000000000 ) ) ;
#1554 = COLOUR_RGB ( '',1.000000000000000000, 1.000000000000000000, 0.0000000000000000000 ) ;
#1555 = ORIENTED_EDGE ( 'NONE', *, *, #1345, .T. ) ;
#1556 = CARTESIAN_POINT ( 'NONE',  ( 5.350000000000003200, 6.299999999999999800, 1.409462824231155800E-015 ) ) ;
#1557 = FACE_OUTER_BOUND ( 'NONE', #1228, .T. ) ;
#1558 = DIRECTION ( 'NONE',  ( 0.0000000000000000000, -0.0000000000000000000, -1.000000000000000000 ) ) ;
#1559 = CARTESIAN_POINT ( 'NONE',  ( -10.14999999999999900, 1.849999999999998800, 2.000000000000000000 ) ) ;
#1560 = ORIENTED_EDGE ( 'NONE', *, *, #1564, .T. ) ;
#1561 = FACE_OUTER_BOUND ( 'NONE', #3179, .T. ) ;
#1562 = CARTESIAN_POINT ( 'NONE',  ( 8.949999999999995700, 2.950000000000004200, 0.0000000000000000000 ) ) ;
#1563 = VECTOR ( 'NONE', #219, 1000.000000000000000 ) ;
#1564 = EDGE_CURVE ( 'NONE', #498, #1537, #868, .T. ) ;
#1565 = FACE_BOUND ( 'NONE', #2062, .T. ) ;
#1566 = CARTESIAN_POINT ( 'NONE',  ( 4.720101012677668400, 6.250000000000000000, 1.400000000000002400 ) ) ;
#1567 = DIRECTION ( 'NONE',  ( 0.0000000000000000000, 0.0000000000000000000, 1.000000000000000000 ) ) ;
#1568 = DIRECTION ( 'NONE',  ( 1.219258498469858100E-016, -1.000000000000000000, 0.0000000000000000000 ) ) ;
#1569 = LINE ( 'NONE', #20, #2077 ) ;
#1570 = CARTESIAN_POINT ( 'NONE',  ( 5.300000000000001600, 6.279289321881345000, -0.8201010126776657700 ) ) ;
#1571 = DIRECTION ( 'NONE',  ( -1.000000000000000000, 0.0000000000000000000, 1.224646799147353200E-016 ) ) ;
#1572 = AXIS2_PLACEMENT_3D ( 'NONE', #125, #1671, #3141 ) ;
#1573 = ORIENTED_EDGE ( 'NONE', *, *, #237, .F. ) ;
#1574 = CARTESIAN_POINT ( 'NONE',  ( 8.823111017955264800, 2.950000000000003700, 1.510559075432899900 ) ) ;
#1575 = CARTESIAN_POINT ( 'NONE',  ( -3.900000000000000800, 2.150000000000000400, 1.409462824231155800E-015 ) ) ;
#1576 = STYLED_ITEM ( 'NONE', ( #3177 ), #1447 ) ;
#1577 = ORIENTED_EDGE ( 'NONE', *, *, #3152, .T. ) ;
#1578 = DIRECTION ( 'NONE',  ( 1.000000000000000000, 2.460600675144406800E-016, 0.0000000000000000000 ) ) ;
#1579 = ORIENTED_EDGE ( 'NONE', *, *, #2314, .T. ) ;
#1580 = DIRECTION ( 'NONE',  ( 2.252887631138711300E-016, -1.000000000000000000, 0.0000000000000000000 ) ) ;
#1581 = CARTESIAN_POINT ( 'NONE',  ( 10.35000000000000000, 2.025000000000038100, 2.000000000000000000 ) ) ;
#1582 = CARTESIAN_POINT ( 'NONE',  ( -10.15000000000000000, 3.364213562373090700, 1.230770033143090300E-015 ) ) ;
#1583 = ADVANCED_FACE ( 'NONE', ( #2160 ), #128, .F. ) ;
#1584 = EDGE_CURVE ( 'NONE', #2515, #1755, #779, .T. ) ;
#1585 = EDGE_CURVE ( 'NONE', #1224, #1492, #197, .T. ) ;
#1586 = CARTESIAN_POINT ( 'NONE',  ( 8.840226275998507100, 2.950000000000003700, 1.408313052252771100 ) ) ;
#1587 = CARTESIAN_POINT ( 'NONE',  ( 9.825735931288072300, 6.100000000000004100, -2.431104147486762200E-015 ) ) ;
#1588 = ORIENTED_EDGE ( 'NONE', *, *, #578, .T. ) ;
#1589 = CIRCLE ( 'NONE', #1284, 8.500000000000000000 ) ;
#1590 = CARTESIAN_POINT ( 'NONE',  ( -8.233012701892217700, 2.249999999999998700, -0.5500000000000001600 ) ) ;
#1591 =( BOUNDED_SURFACE ( )  B_SPLINE_SURFACE ( 3, 3, ( 
 ( #1708, #1183, #1719, #169 ),
 ( #1969, #408, #2201, #667 ),
 ( #2437, #932, #2689, #1195 ),
 ( #2944, #1457, #3193, #1730 ) ),
 .UNSPECIFIED., .F., .F., .F. ) 
 B_SPLINE_SURFACE_WITH_KNOTS ( ( 4, 4 ),
 ( 4, 4 ),
 ( 0.0000000000000000000, 1.000000000000000000 ),
 ( 0.0000000000000000000, 1.000000000000000000 ),
 .UNSPECIFIED. ) 
 GEOMETRIC_REPRESENTATION_ITEM ( )  RATIONAL_B_SPLINE_SURFACE ( (
 ( 1.000000000000000000, 0.8047378541243647200, 0.8047378541243647200, 1.000000000000000000),
 ( 0.8047378541243568300, 0.6476030138606809800, 0.6476030138606809800, 0.8047378541243568300),
 ( 0.8047378541243568300, 0.6476030138606809800, 0.6476030138606809800, 0.8047378541243568300),
 ( 1.000000000000000000, 0.8047378541243647200, 0.8047378541243647200, 1.000000000000000000) ) ) 
 REPRESENTATION_ITEM ( '' )  SURFACE ( )  );
#1592 = CARTESIAN_POINT ( 'NONE',  ( -9.950000000000001100, 2.249999999999999600, -0.5500000000000001600 ) ) ;
#1593 = VERTEX_POINT ( 'NONE', #1916 ) ;
#1594 = CARTESIAN_POINT ( 'NONE',  ( -8.541391633885799800, 2.949999999999999300, -3.262931317348774000 ) ) ;
#1595 = EDGE_CURVE ( 'NONE', #350, #1164, #2078, .T. ) ;
#1596 = LINE ( 'NONE', #584, #2249 ) ;
#1597 = CARTESIAN_POINT ( 'NONE',  ( -6.649999999999999500, 2.250000000000000400, -13.09999999999999300 ) ) ;
#1598 = CARTESIAN_POINT ( 'NONE',  ( -7.366987298107780200, 2.249999999999999100, 0.5499999999999999300 ) ) ;
#1599 = DIRECTION ( 'NONE',  ( 6.002503377082380100E-017, -1.000000000000000000, -0.0000000000000000000 ) ) ;
#1600 = ORIENTED_EDGE ( 'NONE', *, *, #609, .F. ) ;
#1601 = AXIS2_PLACEMENT_3D ( 'NONE', #1935, #2912, #1423 ) ;
#1602 = CIRCLE ( 'NONE', #2259, 0.04999999999999969700 ) ;
#1603 = CARTESIAN_POINT ( 'NONE',  ( 8.876030608916552800, 2.950000000000003700, 1.169374552136307900 ) ) ;
#1604 = CARTESIAN_POINT ( 'NONE',  ( 6.950000000000001100, 2.457106781186549200, -1.726751986797768600E-015 ) ) ;
#1605 = FACE_OUTER_BOUND ( 'NONE', #1246, .T. ) ;
#1606 = ADVANCED_FACE ( 'NONE', ( #1483 ), #1825, .F. ) ;
#1607 = ORIENTED_EDGE ( 'NONE', *, *, #2156, .T. ) ;
#1608 = DIRECTION ( 'NONE',  ( 1.000000000000000000, 2.589139516383293800E-016, 0.0000000000000000000 ) ) ;
#1609 = EDGE_LOOP ( 'NONE', ( #2782, #1910 ) ) ;
#1610 = CIRCLE ( 'NONE', #901, 1.599999999999999900 ) ;
#1611 = DIRECTION ( 'NONE',  ( -1.000000000000000000, 0.0000000000000000000, -1.776356839400250500E-015 ) ) ;
#1612 = ORIENTED_EDGE ( 'NONE', *, *, #2548, .F. ) ;
#1613 = CARTESIAN_POINT ( 'NONE',  ( -7.150000000000003000, 2.457106781186546100, -14.09999999999999800 ) ) ;
#1614 = DIRECTION ( 'NONE',  ( 6.002503377082380100E-017, -1.000000000000000000, -0.0000000000000000000 ) ) ;
#1615 = CARTESIAN_POINT ( 'NONE',  ( 7.366987298107781100, 6.099999999999999600, -0.5500000000000001600 ) ) ;
#1616 = FACE_OUTER_BOUND ( 'NONE', #1174, .T. ) ;
#1617 = LINE ( 'NONE', #2223, #210 ) ;
#1618 = CARTESIAN_POINT ( 'NONE',  ( 8.931114198021244700, 2.950000000000004200, 0.6900397677854036600 ) ) ;
#1619 = CARTESIAN_POINT ( 'NONE',  ( 7.800000000000000700, 6.099999999999999600, 0.0000000000000000000 ) ) ;
#1620 = EDGE_CURVE ( 'NONE', #973, #2004, #2717, .T. ) ;
#1621 = VERTEX_POINT ( 'NONE', #1652 ) ;
#1622 = CARTESIAN_POINT ( 'NONE',  ( 1.133270015815088700E-016, 2.049999999999998500, 0.5499999999999981600 ) ) ;
#1623 = CARTESIAN_POINT ( 'NONE',  ( -5.137521751095022200, 2.149999999999999900, 0.5400013349470999000 ) ) ;
#1624 = CARTESIAN_POINT ( 'NONE',  ( -9.131114198021240500, 2.950000000000000200, -0.6900397677935360400 ) ) ;
#1625 = EDGE_LOOP ( 'NONE', ( #627, #2451, #2947, #1817 ) ) ;
#1626 = CARTESIAN_POINT ( 'NONE',  ( 2.400000000000002600, 2.070710678118654200, -1.400000000000000400 ) ) ;
#1627 = DIRECTION ( 'NONE',  ( 6.002503377082380100E-017, -1.000000000000000000, -0.0000000000000000000 ) ) ;
#1628 = ADVANCED_FACE ( 'NONE', ( #2648 ), #1313, .F. ) ;
#1629 = AXIS2_PLACEMENT_3D ( 'NONE', #2835, #2744, #2656 ) ;
#1630 = ORIENTED_EDGE ( 'NONE', *, *, #1474, .F. ) ;
#1631 = CARTESIAN_POINT ( 'NONE',  ( 8.949999999999988600, 2.950000000000003300, 0.2766823227109513900 ) ) ;
#1632 = CARTESIAN_POINT ( 'NONE',  ( 3.899999999999999900, 6.300000000000002500, -1.420710678118655400 ) ) ;
#1633 = ORIENTED_EDGE ( 'NONE', *, *, #468, .F. ) ;
#1634 = CARTESIAN_POINT ( 'NONE',  ( -0.8705339389342481300, 6.200000000000002000, 0.4568479483160240400 ) ) ;
#1635 = CARTESIAN_POINT ( 'NONE',  ( -9.849999999999999600, 6.099999999999997900, 1.201378509963553500E-015 ) ) ;
#1636 = CARTESIAN_POINT ( 'NONE',  ( -4.682322441841261500, 2.149999999999999900, -1.107326914613213900 ) ) ;
#1637 = CARTESIAN_POINT ( 'NONE',  ( 0.9382106737937144800, 2.150000000000000400, 0.2120213896659628400 ) ) ;
#1638 = CARTESIAN_POINT ( 'NONE',  ( -10.15000000000000000, 1.624999999999998000, 2.000000000000000000 ) ) ;
#1639 = ORIENTED_EDGE ( 'NONE', *, *, #750, .T. ) ;
#1640 = CIRCLE ( 'NONE', #242, 0.4000000000000010200 ) ;
#1641 = EDGE_CURVE ( 'NONE', #138, #930, #2299, .T. ) ;
#1642 = DIRECTION ( 'NONE',  ( 0.0000000000000000000, 0.0000000000000000000, 1.000000000000000000 ) ) ;
#1643 = EDGE_LOOP ( 'NONE', ( #1110, #2494, #2628, #429, #503, #1960, #2757, #966 ) ) ;
#1644 = ORIENTED_EDGE ( 'NONE', *, *, #2572, .F. ) ;
#1645 = CARTESIAN_POINT ( 'NONE',  ( 10.14999999999999900, 0.3999999999999989100, -0.3750000000000008300 ) ) ;
#1646 = ADVANCED_FACE ( 'NONE', ( #699 ), #2742, .T. ) ;
#1647 = ORIENTED_EDGE ( 'NONE', *, *, #2500, .F. ) ;
#1648 = CIRCLE ( 'NONE', #246, 0.1999999999999987900 ) ;
#1649 = DIRECTION ( 'NONE',  ( 1.000000000000000000, 4.336808689942006700E-015, -0.0000000000000000000 ) ) ;
#1650 = DIRECTION ( 'NONE',  ( 1.000000000000000000, 0.0000000000000000000, 0.0000000000000000000 ) ) ;
#1651 = VERTEX_POINT ( 'NONE', #2009 ) ;
#1652 = CARTESIAN_POINT ( 'NONE',  ( -9.124194906111781100E-016, 6.100000000000001400, 8.500000000000000000 ) ) ;
#1653 = CARTESIAN_POINT ( 'NONE',  ( 8.949999999999994000, 2.950000000000003700, 0.0000000000000000000 ) ) ;
#1654 = LINE ( 'NONE', #1314, #2959 ) ;
#1655 = AXIS2_PLACEMENT_3D ( 'NONE', #636, #899, #2662 ) ;
#1656 = CARTESIAN_POINT ( 'NONE',  ( -8.233012701892217700, 2.049999999999997600, -0.5500000000000001600 ) ) ;
#1657 = CARTESIAN_POINT ( 'NONE',  ( 4.500000000000000900, 2.250000000000000400, 1.099999999999998500 ) ) ;
#1658 = EDGE_LOOP ( 'NONE', ( #3003, #2453, #2375, #397 ) ) ;
#1659 = ORIENTED_EDGE ( 'NONE', *, *, #2029, .T. ) ;
#1660 = VECTOR ( 'NONE', #1876, 1000.000000000000000 ) ;
#1661 = APPLICATION_PROTOCOL_DEFINITION ( 'draft international standard', 'automotive_design', 1998, #1908 ) ;
#1662 = CARTESIAN_POINT ( 'NONE',  ( -10.15000000000000000, 5.799999999999998000, 1.230770033143090100E-015 ) ) ;
#1663 = CYLINDRICAL_SURFACE ( 'NONE', #1006, 0.7000000000000000700 ) ;
#1664 = CARTESIAN_POINT ( 'NONE',  ( -7.955797663880530600, 2.949999999999999300, -4.497877619954733700 ) ) ;
#1665 = EDGE_CURVE ( 'NONE', #2988, #1009, #2006, .T. ) ;
#1666 = CARTESIAN_POINT ( 'NONE',  ( -3.899999999999999000, 2.099999999999999200, 1.400000000000002800 ) ) ;
#1667 = ADVANCED_FACE ( 'NONE', ( #38 ), #116, .F. ) ;
#1668 = DIRECTION ( 'NONE',  ( 1.000000000000000000, 2.460600675144406800E-016, 0.0000000000000000000 ) ) ;
#1669 = CARTESIAN_POINT ( 'NONE',  ( 8.950000000000002800, 3.950000000000003700, 0.0000000000000000000 ) ) ;
#1670 = CARTESIAN_POINT ( 'NONE',  ( -7.366987298107780200, 2.249999999999998700, 0.5499999999999999300 ) ) ;
#1671 = DIRECTION ( 'NONE',  ( 1.000000000000000000, 0.0000000000000000000, 0.0000000000000000000 ) ) ;
#1672 = VERTEX_POINT ( 'NONE', #181 ) ;
#1673 = APPLICATION_CONTEXT ( 'automotive_design' ) ;
#1674 = EDGE_CURVE ( 'NONE', #2908, #952, #3223, .T. ) ;
#1675 = EDGE_LOOP ( 'NONE', ( #3174, #3068, #939, #3085 ) ) ;
#1676 = CARTESIAN_POINT ( 'NONE',  ( -1.818895559085770900, 2.950000000000000600, -8.885336784267652300 ) ) ;
#1677 = VERTEX_POINT ( 'NONE', #334 ) ;
#1678 = CIRCLE ( 'NONE', #1099, 1.600000000000000800 ) ;
#1679 = ORIENTED_EDGE ( 'NONE', *, *, #2135, .F. ) ;
#1680 = CARTESIAN_POINT ( 'NONE',  ( 8.745555579698624600, 2.950000000000004200, 1.935199746417004500 ) ) ;
#1681 = DIRECTION ( 'NONE',  ( -1.224646799147353200E-016, -2.758991626312685700E-032, -1.000000000000000000 ) ) ;
#1682 = ORIENTED_EDGE ( 'NONE', *, *, #2574, .T. ) ;
#1683 = CARTESIAN_POINT ( 'NONE',  ( 1.285302886640720800E-016, 6.100000000000001400, -8.500000000000000000 ) ) ;
#1684 = CARTESIAN_POINT ( 'NONE',  ( 2.750034371746252800, 2.950000000000002800, -8.591761572060239200 ) ) ;
#1685 = ORIENTED_EDGE ( 'NONE', *, *, #2334, .F. ) ;
#1686 = ORIENTED_EDGE ( 'NONE', *, *, #3144, .T. ) ;
#1687 = EDGE_CURVE ( 'NONE', #2127, #2811, #625, .T. ) ;
#1688 = FACE_OUTER_BOUND ( 'NONE', #674, .T. ) ;
#1689 = ORIENTED_EDGE ( 'NONE', *, *, #3126, .F. ) ;
#1690 = DIRECTION ( 'NONE',  ( 1.219258498469858100E-016, -1.000000000000000000, 0.0000000000000000000 ) ) ;
#1691 = VECTOR ( 'NONE', #2666, 1000.000000000000000 ) ;
#1692 = CARTESIAN_POINT ( 'NONE',  ( -3.387570226935648700, 6.299999999999999800, 1.549999999999999800 ) ) ;
#1693 = VECTOR ( 'NONE', #2187, 1000.000000000000000 ) ;
#1694 = CARTESIAN_POINT ( 'NONE',  ( 6.520093567113225900, 2.950000000000003700, -6.178565443415888800 ) ) ;
#1695 = AXIS2_PLACEMENT_3D ( 'NONE', #1466, #3199, #2954 ) ;
#1696 = LINE ( 'NONE', #614, #2923 ) ;
#1697 = VERTEX_POINT ( 'NONE', #472 ) ;
#1698 = DIRECTION ( 'NONE',  ( -2.252887631138711300E-016, 1.000000000000000000, -0.0000000000000000000 ) ) ;
#1699 = CYLINDRICAL_SURFACE ( 'NONE', #2037, 0.4000000000000010200 ) ;
#1700 = VECTOR ( 'NONE', #2777, 1000.000000000000000 ) ;
#1701 = CARTESIAN_POINT ( 'NONE',  ( 10.14999999999999900, -3.600000000000001400, 0.3749999999999998900 ) ) ;
#1702 = CARTESIAN_POINT ( 'NONE',  ( -0.3999999999999991900, 2.049999999999998900, -1.450000000000001300 ) ) ;
#1703 = CYLINDRICAL_SURFACE ( 'NONE', #2346, 1.599999999999999900 ) ;
#1704 = CARTESIAN_POINT ( 'NONE',  ( -2.275140453871299200, 6.299999999999999800, -0.4000000000000001900 ) ) ;
#1705 = CARTESIAN_POINT ( 'NONE',  ( 8.422572154867532700, 2.950000000000003700, -3.058530377279574000 ) ) ;
#1706 = ORIENTED_EDGE ( 'NONE', *, *, #2678, .F. ) ;
#1707 =( BOUNDED_SURFACE ( )  B_SPLINE_SURFACE ( 3, 3, ( 
 ( #508, #2547, #2084, #530 ),
 ( #2322, #787, #2561, #1060 ),
 ( #2825, #1318, #3062, #1587 ),
 ( #51, #1856, #286, #2095 ) ),
 .UNSPECIFIED., .F., .F., .F. ) 
 B_SPLINE_SURFACE_WITH_KNOTS ( ( 4, 4 ),
 ( 4, 4 ),
 ( 0.0000000000000000000, 1.000000000000000000 ),
 ( 0.0000000000000000000, 1.000000000000000000 ),
 .UNSPECIFIED. ) 
 GEOMETRIC_REPRESENTATION_ITEM ( )  RATIONAL_B_SPLINE_SURFACE ( (
 ( 1.000000000000000000, 0.3333333333333334300, 0.3333333333333334300, 1.000000000000000000),
 ( 0.8047378541243622700, 0.2682459513747875200, 0.2682459513747875200, 0.8047378541243622700),
 ( 0.8047378541243622700, 0.2682459513747875200, 0.2682459513747875200, 0.8047378541243622700),
 ( 1.000000000000000000, 0.3333333333333334300, 0.3333333333333334300, 1.000000000000000000) ) ) 
 REPRESENTATION_ITEM ( '' )  SURFACE ( )  );
#1708 = CARTESIAN_POINT ( 'NONE',  ( -5.350000000000004100, 2.049999999999998500, 1.409462824231155800E-015 ) ) ;
#1709 = EDGE_CURVE ( 'NONE', #1766, #1207, #1855, .T. ) ;
#1710 = ORIENTED_EDGE ( 'NONE', *, *, #1674, .F. ) ;
#1711 = CARTESIAN_POINT ( 'NONE',  ( -9.950000000000001100, 1.849999999999998800, -2.000000000000000000 ) ) ;
#1712 = DIRECTION ( 'NONE',  ( 6.002503377082378900E-017, -1.000000000000000000, 0.0000000000000000000 ) ) ;
#1713 = VERTEX_POINT ( 'NONE', #538 ) ;
#1714 = AXIS2_PLACEMENT_3D ( 'NONE', #2866, #3114, #1108 ) ;
#1715 = DIRECTION ( 'NONE',  ( 1.000000000000000000, 0.0000000000000000000, 1.776356839400250500E-015 ) ) ;
#1716 = ORIENTED_EDGE ( 'NONE', *, *, #237, .T. ) ;
#1717 = DIRECTION ( 'NONE',  ( -6.002503377082380100E-017, 1.000000000000000000, 0.0000000000000000000 ) ) ;
#1718 = AXIS2_PLACEMENT_3D ( 'NONE', #2538, #1033, #2794 ) ;
#1719 = CARTESIAN_POINT ( 'NONE',  ( -4.749390334559014300, 2.049999999999998900, 1.450000000000006400 ) ) ;
#1720 = AXIS2_PLACEMENT_3D ( 'NONE', #3087, #1614, #72 ) ;
#1721 = EDGE_LOOP ( 'NONE', ( #2012, #2672, #2960, #2589 ) ) ;
#1722 = CARTESIAN_POINT ( 'NONE',  ( -0.09999999999999939500, 5.800000000000000700, 0.0000000000000000000 ) ) ;
#1723 = CIRCLE ( 'NONE', #2632, 1.400000000000001500 ) ;
#1724 = EDGE_LOOP ( 'NONE', ( #282, #438, #1280, #1600 ) ) ;
#1725 = CARTESIAN_POINT ( 'NONE',  ( 8.233012701892219500, 6.099999999999999600, 0.5500000000000001600 ) ) ;
#1726 = DIRECTION ( 'NONE',  ( 1.000000000000000000, 0.0000000000000000000, 0.0000000000000000000 ) ) ;
#1727 = CARTESIAN_POINT ( 'NONE',  ( 7.800000000000000700, 6.299999999999999800, 0.0000000000000000000 ) ) ;
#1728 = ORIENTED_EDGE ( 'NONE', *, *, #1173, .F. ) ;
#1729 = CIRCLE ( 'NONE', #3020, 0.4999999999999995600 ) ;
#1730 = CARTESIAN_POINT ( 'NONE',  ( -3.899999999999999000, 2.099999999999998800, 1.400000000000003700 ) ) ;
#1731 = PRESENTATION_STYLE_ASSIGNMENT (( #534 ) ) ;
#1732 = CARTESIAN_POINT ( 'NONE',  ( 3.900000000000000400, 6.250000000000000000, 1.409462824231155800E-015 ) ) ;
#1733 = CARTESIAN_POINT ( 'NONE',  ( -3.900000000000000800, 2.150000000000000800, -1.350000000000000500 ) ) ;
#1734 = ORIENTED_EDGE ( 'NONE', *, *, #2924, .T. ) ;
#1735 = EDGE_CURVE ( 'NONE', #810, #2038, #1240, .T. ) ;
#1736 = CARTESIAN_POINT ( 'NONE',  ( -3.900000000000000800, 2.150000000000000800, -1.350000000000000500 ) ) ;
#1737 = CARTESIAN_POINT ( 'NONE',  ( -0.3999999999999993600, 2.049999999999998900, 1.450000000000000800 ) ) ;
#1738 = ORIENTED_EDGE ( 'NONE', *, *, #1811, .T. ) ;
#1739 = ORIENTED_EDGE ( 'NONE', *, *, #2663, .F. ) ;
#1740 = VECTOR ( 'NONE', #1748, 1000.000000000000000 ) ;
#1741 = AXIS2_PLACEMENT_3D ( 'NONE', #1669, #1387, #1362 ) ;
#1742 = CARTESIAN_POINT ( 'NONE',  ( 0.3999999999999994100, 6.250000000000000000, 1.400000000000000600 ) ) ;
#1743 = CIRCLE ( 'NONE', #2366, 1.599999999999999900 ) ;
#1744 = CARTESIAN_POINT ( 'NONE',  ( 0.3999999999999996300, 6.279289321881345000, 1.400000000000000600 ) ) ;
#1745 = CARTESIAN_POINT ( 'NONE',  ( 4.500000000000001800, 2.250000000000000400, 2.699999999999999300 ) ) ;
#1746 = ORIENTED_EDGE ( 'NONE', *, *, #1674, .T. ) ;
#1747 = ADVANCED_FACE ( 'NONE', ( #3157 ), #1775, .F. ) ;
#1748 = DIRECTION ( 'NONE',  ( -1.000000000000000000, -1.219258498469857800E-016, -1.239088197126290300E-016 ) ) ;
#1749 = EDGE_LOOP ( 'NONE', ( #1144, #1509, #1866, #679 ) ) ;
#1750 =( BOUNDED_SURFACE ( )  B_SPLINE_SURFACE ( 3, 3, ( 
 ( #2584, #1328, #2329, #540 ),
 ( #2091, #281, #1852, #46 ),
 ( #1582, #3058, #1315, #2819 ),
 ( #1055, #2556, #784, #2317 ) ),
 .UNSPECIFIED., .F., .F., .F. ) 
 B_SPLINE_SURFACE_WITH_KNOTS ( ( 4, 4 ),
 ( 4, 4 ),
 ( 0.0000000000000000000, 1.000000000000000000 ),
 ( 0.0000000000000000000, 1.000000000000000000 ),
 .UNSPECIFIED. ) 
 GEOMETRIC_REPRESENTATION_ITEM ( )  RATIONAL_B_SPLINE_SURFACE ( (
 ( 1.000000000000000000, 0.3333333333333334300, 0.3333333333333334300, 1.000000000000000000),
 ( 0.8047378541243634900, 0.2682459513747879100, 0.2682459513747879100, 0.8047378541243634900),
 ( 0.8047378541243634900, 0.2682459513747879100, 0.2682459513747879100, 0.8047378541243634900),
 ( 1.000000000000000000, 0.3333333333333334300, 0.3333333333333334300, 1.000000000000000000) ) ) 
 REPRESENTATION_ITEM ( '' )  SURFACE ( )  );
#1751 = CARTESIAN_POINT ( 'NONE',  ( -2.275140453871298300, 5.899999999999998600, 2.000000000000000000 ) ) ;
#1752 = ORIENTED_EDGE ( 'NONE', *, *, #2306, .F. ) ;
#1753 = EDGE_CURVE ( 'NONE', #1651, #2657, #2410, .T. ) ;
#1754 = PRODUCT_DEFINITION_SHAPE ( 'NONE', 'NONE',  #2725 ) ;
#1755 = VERTEX_POINT ( 'NONE', #661 ) ;
#1756 = CARTESIAN_POINT ( 'NONE',  ( -9.850000000000003200, 6.099999999999997900, -19.50000000000000000 ) ) ;
#1757 = ORIENTED_EDGE ( 'NONE', *, *, #2361, .T. ) ;
#1758 = AXIS2_PLACEMENT_3D ( 'NONE', #2902, #2646, #880 ) ;
#1759 = DIRECTION ( 'NONE',  ( -0.0000000000000000000, -0.0000000000000000000, -1.000000000000000000 ) ) ;
#1760 = PRESENTATION_LAYER_ASSIGNMENT (  '', '', ( #1576 ) ) ;
#1761 = DIRECTION ( 'NONE',  ( -1.000000000000000000, 0.0000000000000000000, 1.239088197126290600E-016 ) ) ;
#1762 = ORIENTED_EDGE ( 'NONE', *, *, #2211, .T. ) ;
#1763 = DIRECTION ( 'NONE',  ( 1.000000000000000000, 0.0000000000000000000, 0.0000000000000000000 ) ) ;
#1764 = CARTESIAN_POINT ( 'NONE',  ( 10.35000000000000000, 0.3999999999999984700, 0.3749999999999996100 ) ) ;
#1765 = LINE ( 'NONE', #2337, #1061 ) ;
#1766 = VERTEX_POINT ( 'NONE', #731 ) ;
#1767 = EDGE_CURVE ( 'NONE', #3009, #729, #1075, .T. ) ;
#1768 = DIRECTION ( 'NONE',  ( 1.000000000000000000, 1.219258498469857800E-016, 1.836970198721029700E-016 ) ) ;
#1769 = CIRCLE ( 'NONE', #1948, 0.04999999999999991300 ) ;
#1770 = EDGE_CURVE ( 'NONE', #3245, #498, #388, .T. ) ;
#1771 = CARTESIAN_POINT ( 'NONE',  ( 6.658578643762691500, 6.200000000000000200, 1.379289321881347100 ) ) ;
#1772 = ORIENTED_EDGE ( 'NONE', *, *, #2641, .F. ) ;
#1773 = CARTESIAN_POINT ( 'NONE',  ( -9.124194906111781100E-016, -21.09163056034261200, 0.0000000000000000000 ) ) ;
#1774 = FACE_OUTER_BOUND ( 'NONE', #1721, .T. ) ;
#1775 = CYLINDRICAL_SURFACE ( 'NONE', #380, 0.7000000000000000700 ) ;
#1776 = DIRECTION ( 'NONE',  ( -1.219258498469858100E-016, 1.000000000000000000, -0.0000000000000000000 ) ) ;
#1777 = EDGE_CURVE ( 'NONE', #2383, #2908, #2477, .T. ) ;
#1778 = LINE ( 'NONE', #2294, #1972 ) ;
#1779 = CARTESIAN_POINT ( 'NONE',  ( 4.500000000000000900, 2.099999999999999600, -1.400000000000000400 ) ) ;
#1780 = VECTOR ( 'NONE', #2817, 1000.000000000000000 ) ;
#1781 = CARTESIAN_POINT ( 'NONE',  ( 10.35000000000000000, 2.025000000000038500, -2.000000000000000000 ) ) ;
#1782 = AXIS2_PLACEMENT_3D ( 'NONE', #1704, #156, #1955 ) ;
#1783 = CARTESIAN_POINT ( 'NONE',  ( 5.350000000000000500, 6.299999999999999800, 1.366094737331735600E-015 ) ) ;
#1784 = CARTESIAN_POINT ( 'NONE',  ( -5.501120354193341600, 2.950000000000000600, -7.264588225869935900 ) ) ;
#1785 = DIRECTION ( 'NONE',  ( 0.0000000000000000000, 0.0000000000000000000, 1.000000000000000000 ) ) ;
#1786 = DIRECTION ( 'NONE',  ( 1.000000000000000000, 0.0000000000000000000, 8.131516293641279300E-016 ) ) ;
#1787 = CARTESIAN_POINT ( 'NONE',  ( -3.899999999999997700, 2.129289321881345100, 1.400000000000004600 ) ) ;
#1788 = ORIENTED_EDGE ( 'NONE', *, *, #1735, .F. ) ;
#1789 = CARTESIAN_POINT ( 'NONE',  ( -2.550000000000000300, 6.099999999999999600, 6.735557395310443700E-017 ) ) ;
#1790 = CARTESIAN_POINT ( 'NONE',  ( 6.950000000000000200, 2.457106781186549700, 14.09999999999999800 ) ) ;
#1791 = CLOSED_SHELL ( 'NONE', ( #3115, #2585, #1209, #199, #2128, #2624, #2637, #2202, #1321, #821, #842, #74, #2708, #34, #1130, #1109, #2213, #689, #2144, #2352, #551, #1223, #948, #2604, #1843, #1667, #2112, #2082, #858, #1894, #1628, #1879, #283, #2330, #1479 ) ) ;
#1792 = EDGE_CURVE ( 'NONE', #1978, #1171, #3069, .T. ) ;
#1793 = ORIENTED_EDGE ( 'NONE', *, *, #2883, .F. ) ;
#1794 = CARTESIAN_POINT ( 'NONE',  ( 3.900000000000000400, 6.250000000000000000, -1.350000000000001200 ) ) ;
#1795 = CARTESIAN_POINT ( 'NONE',  ( 2.275140453871299600, 2.249999999999999600, -2.000000000000000000 ) ) ;
#1796 = CARTESIAN_POINT ( 'NONE',  ( 6.742893218813448700, 2.250000000000000900, -13.68578643762690000 ) ) ;
#1797 = DIRECTION ( 'NONE',  ( 0.0000000000000000000, 0.0000000000000000000, -1.000000000000000000 ) ) ;
#1798 = ORIENTED_EDGE ( 'NONE', *, *, #675, .F. ) ;
#1799 = CARTESIAN_POINT ( 'NONE',  ( 6.950000000000000200, 2.950000000000002800, 0.0000000000000000000 ) ) ;
#1800 = VECTOR ( 'NONE', #2068, 1000.000000000000000 ) ;
#1801 = EDGE_LOOP ( 'NONE', ( #2136, #2507, #714, #2278, #1728 ) ) ;
#1802 = CARTESIAN_POINT ( 'NONE',  ( -5.320710678118657300, 2.049999999999997600, -0.8322330470336311000 ) ) ;
#1803 = CARTESIAN_POINT ( 'NONE',  ( 0.4229881505649864000, 2.150000000000000800, -1.086095212514653500 ) ) ;
#1804 = DIRECTION ( 'NONE',  ( -1.000000000000000000, 0.0000000000000000000, 1.239088197126290600E-016 ) ) ;
#1805 = CARTESIAN_POINT ( 'NONE',  ( -6.942893218813454200, 2.249999999999998200, -13.68578643762689900 ) ) ;
#1806 = DIRECTION ( 'NONE',  ( 1.000000000000000000, 6.002503377082378900E-017, -1.239088197126290600E-016 ) ) ;
#1807 = VERTEX_POINT ( 'NONE', #1138 ) ;
#1808 = CYLINDRICAL_SURFACE ( 'NONE', #2003, 0.5499999999999997100 ) ;
#1809 = CARTESIAN_POINT ( 'NONE',  ( -0.3999999999999993000, 2.150000000000000800, -1.379289321881347100 ) ) ;
#1810 = EDGE_LOOP ( 'NONE', ( #565, #308, #2407, #859 ) ) ;
#1811 = EDGE_CURVE ( 'NONE', #2086, #2391, #993, .T. ) ;
#1813 = ORIENTED_EDGE ( 'NONE', *, *, #3127, .T. ) ;
#1812 = CARTESIAN_POINT ( 'NONE',  ( -9.849999999999996100, 6.099999999999999600, 19.49999999999999300 ) ) ;
#1814 = VECTOR ( 'NONE', #104, 1000.000000000000000 ) ;
#1815 = FACE_OUTER_BOUND ( 'NONE', #3169, .T. ) ;
#1816 = DIRECTION ( 'NONE',  ( -1.219258498469858100E-016, 1.000000000000000000, -0.0000000000000000000 ) ) ;
#1817 = ORIENTED_EDGE ( 'NONE', *, *, #322, .F. ) ;
#1818 = DIRECTION ( 'NONE',  ( -6.002503377082380100E-017, 1.000000000000000000, 0.0000000000000000000 ) ) ;
#1819 = DIRECTION ( 'NONE',  ( 0.0000000000000000000, -0.0000000000000000000, 1.000000000000000000 ) ) ;
#1820 = EDGE_LOOP ( 'NONE', ( #2431, #754, #1534, #1837, #1134, #922, #1410, #2941 ) ) ;
#1821 = AXIS2_PLACEMENT_3D ( 'NONE', #159, #1958, #398 ) ;
#1822 = VERTEX_POINT ( 'NONE', #1460 ) ;
#1823 = CARTESIAN_POINT ( 'NONE',  ( 3.900000000000000400, 6.299999999999999800, 1.450000000000003700 ) ) ;
#1824 = ORIENTED_EDGE ( 'NONE', *, *, #1239, .F. ) ;
#1825 = PLANE ( 'NONE',  #2007 ) ;
#1826 = CARTESIAN_POINT ( 'NONE',  ( -7.150000000000001200, 2.750000000000000000, 8.633759933988841000E-016 ) ) ;
#1827 = DIRECTION ( 'NONE',  ( 1.000000000000000000, 0.0000000000000000000, 0.0000000000000000000 ) ) ;
#1828 = DIRECTION ( 'NONE',  ( 0.0000000000000000000, 0.0000000000000000000, -1.000000000000000000 ) ) ;
#1829 = EDGE_CURVE ( 'NONE', #1164, #1651, #1696, .T. ) ;
#1830 = VERTEX_POINT ( 'NONE', #1581 ) ;
#1831 = DIRECTION ( 'NONE',  ( 0.0000000000000000000, -1.000000000000000000, 0.0000000000000000000 ) ) ;
#1832 = VERTEX_POINT ( 'NONE', #412 ) ;
#1833 = CARTESIAN_POINT ( 'NONE',  ( -5.350000000000002300, 2.049999999999998000, 1.366094737331735600E-015 ) ) ;
#1834 = EDGE_CURVE ( 'NONE', #2937, #138, #2992, .T. ) ;
#1835 = SURFACE_SIDE_STYLE ('',( #580 ) ) ;
#1836 = CARTESIAN_POINT ( 'NONE',  ( 10.14999999999999900, 5.899999999999998600, 2.000000000000000000 ) ) ;
#1837 = ORIENTED_EDGE ( 'NONE', *, *, #1687, .T. ) ;
#1838 = DIRECTION ( 'NONE',  ( 0.0000000000000000000, 1.000000000000000000, 0.0000000000000000000 ) ) ;
#1839 = AXIS2_PLACEMENT_3D ( 'NONE', #1356, #1301, #1785 ) ;
#1840 = DIRECTION ( 'NONE',  ( 0.0000000000000000000, 0.0000000000000000000, 1.000000000000000000 ) ) ;
#1841 = VECTOR ( 'NONE', #41, 1000.000000000000000 ) ;
#1842 = CARTESIAN_POINT ( 'NONE',  ( 6.700000000000001100, 6.220710678118654100, 1.400000000000002800 ) ) ;
#1843 = ADVANCED_FACE ( 'NONE', ( #296 ), #1845, .T. ) ;
#1844 = CARTESIAN_POINT ( 'NONE',  ( -9.149999999999995000, 2.949999999999999700, 1.132798289211301500E-015 ) ) ;
#1845 =( BOUNDED_SURFACE ( )  B_SPLINE_SURFACE ( 3, 3, ( 
 ( #834, #604, #838, #848 ),
 ( #1053, #1068, #1082, #1450 ),
 ( #1744, #905, #851, #1077 ),
 ( #1142, #127, #928, #883 ) ),
 .UNSPECIFIED., .F., .F., .F. ) 
 B_SPLINE_SURFACE_WITH_KNOTS ( ( 4, 4 ),
 ( 4, 4 ),
 ( 0.0000000000000000000, 1.000000000000000000 ),
 ( 0.0000000000000000000, 1.000000000000000000 ),
 .UNSPECIFIED. ) 
 GEOMETRIC_REPRESENTATION_ITEM ( )  RATIONAL_B_SPLINE_SURFACE ( (
 ( 1.000000000000000000, 0.3333333333333334300, 0.3333333333333334300, 1.000000000000000000),
 ( 0.8047378541243640500, 0.2682459513747880700, 0.2682459513747880700, 0.8047378541243640500),
 ( 0.8047378541243640500, 0.2682459513747880700, 0.2682459513747880700, 0.8047378541243640500),
 ( 1.000000000000000000, 0.3333333333333334300, 0.3333333333333334300, 1.000000000000000000) ) ) 
 REPRESENTATION_ITEM ( '' )  SURFACE ( )  );
#1846 = FILL_AREA_STYLE_COLOUR ( '', #2376 ) ;
#1847 = VECTOR ( 'NONE', #3153, 1000.000000000000000 ) ;
#1848 = CARTESIAN_POINT ( 'NONE',  ( -0.2281525731195644400, 2.150000000000000800, 1.350000000000000500 ) ) ;
#1849 = ORIENTED_EDGE ( 'NONE', *, *, #345, .T. ) ;
#1850 = LINE ( 'NONE', #1416, #2989 ) ;
#1851 = PLANE ( 'NONE',  #921 ) ;
#1852 = CARTESIAN_POINT ( 'NONE',  ( 9.535786437626898100, 2.950000000000000200, -19.27157287525380600 ) ) ;
#1853 = ORIENTED_EDGE ( 'NONE', *, *, #37, .F. ) ;
#1854 = CARTESIAN_POINT ( 'NONE',  ( 9.949999999999999300, 6.299999999999999800, 2.000000000000000000 ) ) ;
#1855 = LINE ( 'NONE', #356, #1162 ) ;
#1856 = CARTESIAN_POINT ( 'NONE',  ( -9.849999999999997900, 6.099999999999999600, -19.49999999999999300 ) ) ;
#1857 = EDGE_CURVE ( 'NONE', #1186, #2241, #1610, .T. ) ;
#1858 = FACE_OUTER_BOUND ( 'NONE', #2851, .T. ) ;
#1859 = CARTESIAN_POINT ( 'NONE',  ( 7.366987298107781100, 6.299999999999999800, -0.5500000000000000400 ) ) ;
#1860 = DIRECTION ( 'NONE',  ( 0.0000000000000000000, 0.0000000000000000000, -1.000000000000000000 ) ) ;
#1861 = CARTESIAN_POINT ( 'NONE',  ( -8.567557809435062000, 2.949999999999999700, -3.194425383337052600 ) ) ;
#1862 = LINE ( 'NONE', #916, #463 ) ;
#1863 = CARTESIAN_POINT ( 'NONE',  ( 5.088139161793991500, 6.200000000000001100, 0.6442307942571226000 ) ) ;
#1864 = CARTESIAN_POINT ( 'NONE',  ( 9.949999999999999300, 6.099999999999999600, 2.000000000000000000 ) ) ;
#1865 = ADVANCED_FACE ( 'NONE', ( #2189 ), #160, .T. ) ;
#1866 = ORIENTED_EDGE ( 'NONE', *, *, #3182, .F. ) ;
#1867 = CARTESIAN_POINT ( 'NONE',  ( 0.3999999999999997400, 6.200000000000002000, 0.0000000000000000000 ) ) ;
#1868 = CARTESIAN_POINT ( 'NONE',  ( 4.788843625645422500, 6.200000000000002000, -1.020397156620221500 ) ) ;
#1869 = ORIENTED_EDGE ( 'NONE', *, *, #2602, .F. ) ;
#1870 = CARTESIAN_POINT ( 'NONE',  ( -4.112170329360179900, 2.150000000000001200, 1.338151775804288700 ) ) ;
#1871 = ORIENTED_EDGE ( 'NONE', *, *, #1035, .F. ) ;
#1872 = CARTESIAN_POINT ( 'NONE',  ( -9.124194906111781100E-016, -21.09163056034261200, 0.0000000000000000000 ) ) ;
#1873 = ORIENTED_EDGE ( 'NONE', *, *, #1548, .F. ) ;
#1874 = DIRECTION ( 'NONE',  ( -0.0000000000000000000, 0.7071067811865388000, 0.7071067811865563400 ) ) ;
#1875 = EDGE_CURVE ( 'NONE', #3211, #1672, #1238, .T. ) ;
#1876 = DIRECTION ( 'NONE',  ( -0.0000000000000000000, -0.0000000000000000000, -1.000000000000000000 ) ) ;
#1877 = CARTESIAN_POINT ( 'NONE',  ( -0.1000000000000002600, 2.250000000000000400, 0.0000000000000000000 ) ) ;
#1878 = VERTEX_POINT ( 'NONE', #605 ) ;
#1879 = ADVANCED_FACE ( 'NONE', ( #2759 ), #631, .F. ) ;
#1880 = COLOUR_RGB ( '',0.7921568627450980000, 0.8196078431372548800, 0.9333333333333333500 ) ;
#1881 = PLANE ( 'NONE',  #877 ) ;
#1882 = CARTESIAN_POINT ( 'NONE',  ( -5.218337149445702000, 2.150000000000000800, 0.3376605744137223800 ) ) ;
#1883 = ORIENTED_EDGE ( 'NONE', *, *, #2956, .T. ) ;
#1884 = DIRECTION ( 'NONE',  ( -1.000000000000000000, 0.0000000000000000000, 0.0000000000000000000 ) ) ;
#1885 = DIRECTION ( 'NONE',  ( 1.000000000000000000, 0.0000000000000000000, 0.0000000000000000000 ) ) ;
#1886 = CIRCLE ( 'NONE', #2168, 0.7000000000000000700 ) ;
#1887 = EDGE_LOOP ( 'NONE', ( #1373, #2293 ) ) ;
#1888 = CARTESIAN_POINT ( 'NONE',  ( -4.482087888189512100, 2.150000000000000400, -1.218357452626352300 ) ) ;
#1889 = CYLINDRICAL_SURFACE ( 'NONE', #310, 1.600000000000000800 ) ;
#1890 = CARTESIAN_POINT ( 'NONE',  ( 0.9500336559939596100, 2.149999999999999900, 0.08566023281565513000 ) ) ;
#1891 = ORIENTED_EDGE ( 'NONE', *, *, #2314, .F. ) ;
#1892 = DIRECTION ( 'NONE',  ( 0.0000000000000000000, 0.7071067811865391400, -0.7071067811865560100 ) ) ;
#1893 = DIRECTION ( 'NONE',  ( 2.965339275174029000E-016, -1.000000000000000000, 0.0000000000000000000 ) ) ;
#1894 = ADVANCED_FACE ( 'NONE', ( #1524 ), #1269, .F. ) ;
#1895 = ORIENTED_EDGE ( 'NONE', *, *, #626, .F. ) ;
#1896 = DIRECTION ( 'NONE',  ( -1.000000000000000000, -1.219258498469857800E-016, 0.0000000000000000000 ) ) ;
#1897 = EDGE_CURVE ( 'NONE', #1944, #1713, #2848, .T. ) ;
#1898 = DIRECTION ( 'NONE',  ( 1.000000000000000000, 6.002503377082378900E-017, 1.239088197126290600E-016 ) ) ;
#1899 = VERTEX_POINT ( 'NONE', #764 ) ;
#1900 = CARTESIAN_POINT ( 'NONE',  ( -7.799999999999999800, 2.249999999999998700, 0.0000000000000000000 ) ) ;
#1901 = DIRECTION ( 'NONE',  ( -0.0000000000000000000, -1.000000000000000000, -0.0000000000000000000 ) ) ;
#1902 = CARTESIAN_POINT ( 'NONE',  ( -4.500000000000000900, 6.299999999999999800, 1.450000000000000600 ) ) ;
#1903 = AXIS2_PLACEMENT_3D ( 'NONE', #1282, #91, #3235 ) ;
#1904 = ORIENTED_EDGE ( 'NONE', *, *, #2334, .T. ) ;
#1905 = CARTESIAN_POINT ( 'NONE',  ( -0.1000000000000002600, 2.250000000000000400, 0.0000000000000000000 ) ) ;
#1906 = VERTEX_POINT ( 'NONE', #3005 ) ;
#1907 = ADVANCED_FACE ( 'NONE', ( #1442 ), #918, .F. ) ;
#1908 = APPLICATION_CONTEXT ( 'automotive_design' ) ;
#1909 = DIRECTION ( 'NONE',  ( -6.002503377082380100E-017, 1.000000000000000000, 0.0000000000000000000 ) ) ;
#1910 = ORIENTED_EDGE ( 'NONE', *, *, #2781, .F. ) ;
#1911 = CARTESIAN_POINT ( 'NONE',  ( 0.05688784287698749100, 2.150000000000000400, -1.270518162687079800 ) ) ;
#1912 = CARTESIAN_POINT ( 'NONE',  ( -10.35000000000000100, -4.000000000000001800, 0.3749999999999994400 ) ) ;
#1913 = CARTESIAN_POINT ( 'NONE',  ( -4.499999999999999100, 6.299999999999999800, -2.699999999999999300 ) ) ;
#1914 = CARTESIAN_POINT ( 'NONE',  ( 2.275140453871300000, 1.849999999999998800, 2.000000000000000000 ) ) ;
#1915 = EDGE_CURVE ( 'NONE', #121, #2580, #740, .T. ) ;
#1916 = CARTESIAN_POINT ( 'NONE',  ( 9.949999999999999300, 6.099999999999999600, 2.000000000000000000 ) ) ;
#1917 = DIRECTION ( 'NONE',  ( -1.000000000000000000, -0.0000000000000000000, 0.0000000000000000000 ) ) ;
#1918 = VECTOR ( 'NONE', #2830, 1000.000000000000000 ) ;
#1919 = CARTESIAN_POINT ( 'NONE',  ( -3.900000000000000800, 2.100000000000000500, -1.350000000000001400 ) ) ;
#1920 = DIRECTION ( 'NONE',  ( -0.0000000000000000000, -0.0000000000000000000, -1.000000000000000000 ) ) ;
#1921 = CARTESIAN_POINT ( 'NONE',  ( 9.949999999999999300, 6.099999999999999600, 0.5500000000000001600 ) ) ;
#1922 = CARTESIAN_POINT ( 'NONE',  ( -1.202817408119526600, 2.950000000000000200, -8.999605402318797700 ) ) ;
#1923 = VERTEX_POINT ( 'NONE', #756 ) ;
#1924 = CYLINDRICAL_SURFACE ( 'NONE', #1073, 1.599999999999999900 ) ;
#1925 = PLANE ( 'NONE',  #1129 ) ;
#1926 = CARTESIAN_POINT ( 'NONE',  ( 5.350000000000001400, 6.250000000000000000, 1.409462824231155800E-015 ) ) ;
#1927 = ORIENTED_EDGE ( 'NONE', *, *, #3107, .T. ) ;
#1928 = MECHANICAL_DESIGN_GEOMETRIC_PRESENTATION_REPRESENTATION (  '', ( #1576 ), #2085 ) ;
#1929 = CARTESIAN_POINT ( 'NONE',  ( 10.14999999999999900, 5.899999999999998600, 2.000000000000000000 ) ) ;
#1930 = LINE ( 'NONE', #119, #1235 ) ;
#1931 = DIRECTION ( 'NONE',  ( 1.000000000000000000, 0.0000000000000000000, 0.0000000000000000000 ) ) ;
#1932 = CARTESIAN_POINT ( 'NONE',  ( 10.14999999999999900, 0.3999999999999982500, -0.3750000000000001100 ) ) ;
#1933 = LINE ( 'NONE', #2035, #1161 ) ;
#1934 = VECTOR ( 'NONE', #347, 1000.000000000000000 ) ;
#1935 = CARTESIAN_POINT ( 'NONE',  ( 7.366987298107781100, 6.099999999999999600, -0.5500000000000000400 ) ) ;
#1936 = FACE_OUTER_BOUND ( 'NONE', #603, .T. ) ;
#1937 = CARTESIAN_POINT ( 'NONE',  ( 3.094425383336533400, 2.950000000000002800, -8.467557809435609400 ) ) ;
#1938 = CYLINDRICAL_SURFACE ( 'NONE', #2722, 7.050000000000000700 ) ;
#1939 = EDGE_CURVE ( 'NONE', #622, #2746, #48, .T. ) ;
#1940 = CARTESIAN_POINT ( 'NONE',  ( -3.387570226935648700, 6.099999999999999600, 1.549999999999999800 ) ) ;
#1941 = EDGE_CURVE ( 'NONE', #2104, #27, #817, .T. ) ;
#1942 = CARTESIAN_POINT ( 'NONE',  ( -10.35000000000000100, 1.849999999999998800, -2.000000000000000000 ) ) ;
#1943 = DIRECTION ( 'NONE',  ( -1.000000000000000000, -1.482669637587013000E-016, -1.482669637587014500E-016 ) ) ;
#1944 = VERTEX_POINT ( 'NONE', #8 ) ;
#1945 = EDGE_CURVE ( 'NONE', #1378, #495, #1363, .T. ) ;
#1946 = CARTESIAN_POINT ( 'NONE',  ( 7.164588225867438700, 2.950000000000003300, -5.401120354197152200 ) ) ;
#1947 = B_SPLINE_CURVE_WITH_KNOTS ( 'NONE', 3,
 ( #1080, #2579, #1870, #302, #2108, #559, #2355, #815, #2592, #1095, #2855, #1351, #3096, #1623, #83, #1882, #315, #2120, #572, #2365, #832, #2606, #1104, #2863, #1368, #3108, #1636, #94, #1888, #326, #2130, #585, #2372, #845 ),
 .UNSPECIFIED., .F., .F.,
 ( 4, 1, 1, 2, 2, 2, 1, 1, 2, 2, 2, 1, 1, 2, 2, 2, 1, 1, 2, 2, 4 ),
 ( 0.0000000000000000000, 0.06249999999999793200, 0.09374999999999691900, 0.1093749999999967400, 0.1249999999999965600, 0.2499999999999959500, 0.3124999999999956100, 0.3437499999999956100, 0.3593749999999956700, 0.3749999999999956700, 0.4999999999999963400, 0.5624999999999966700, 0.5937499999999968900, 0.6093749999999968900, 0.6249999999999970000, 0.7499999999999968900, 0.8124999999999972200, 0.8437499999999974500, 0.8593749999999974500, 0.8749999999999974500, 1.000000000000000000 ),
 .UNSPECIFIED. ) ;
#1948 = AXIS2_PLACEMENT_3D ( 'NONE', #2421, #919, #2675 ) ;
#1949 = ORIENTED_EDGE ( 'NONE', *, *, #1217, .F. ) ;
#1950 = AXIS2_PLACEMENT_3D ( 'NONE', #790, #632, #557 ) ;
#1951 = ORIENTED_EDGE ( 'NONE', *, *, #2649, .T. ) ;
#1952 = DIRECTION ( 'NONE',  ( 0.0000000000000000000, 0.0000000000000000000, 1.000000000000000000 ) ) ;
#1953 = CARTESIAN_POINT ( 'NONE',  ( 1.285302886640720800E-016, 2.950000000000001100, -8.500000000000000000 ) ) ;
#1954 = CARTESIAN_POINT ( 'NONE',  ( -0.8637661707642333400, 6.200000000000002000, 0.4753018743116403900 ) ) ;
#1955 = DIRECTION ( 'NONE',  ( -1.000000000000000000, 0.0000000000000000000, 0.0000000000000000000 ) ) ;
#1956 = CARTESIAN_POINT ( 'NONE',  ( 8.693438045561926200, 2.950000000000003700, -2.148604307526471100 ) ) ;
#1957 = CYLINDRICAL_SURFACE ( 'NONE', #1120, 0.04999999999999991300 ) ;
#1958 = DIRECTION ( 'NONE',  ( -6.002503377082380100E-017, 1.000000000000000000, 0.0000000000000000000 ) ) ;
#1959 = ORIENTED_EDGE ( 'NONE', *, *, #789, .F. ) ;
#1960 = ORIENTED_EDGE ( 'NONE', *, *, #1000, .F. ) ;
#1961 = EDGE_CURVE ( 'NONE', #1906, #2403, #665, .T. ) ;
#1962 = CARTESIAN_POINT ( 'NONE',  ( -8.350000000000003200, 1.624999999999998400, 2.000000000000000000 ) ) ;
#1963 = FACE_OUTER_BOUND ( 'NONE', #1291, .T. ) ;
#1964 = DIRECTION ( 'NONE',  ( 0.0000000000000000000, 0.0000000000000000000, 1.000000000000000000 ) ) ;
#1965 = CARTESIAN_POINT ( 'NONE',  ( 6.449999999999999300, 2.250000000000003600, 13.09999999999999800 ) ) ;
#1966 = VECTOR ( 'NONE', #762, 1000.000000000000000 ) ;
#1967 = CARTESIAN_POINT ( 'NONE',  ( 7.800000000000000700, 6.099999999999999600, 0.0000000000000000000 ) ) ;
#1968 = AXIS2_PLACEMENT_3D ( 'NONE', #1919, #2788, #1990 ) ;
#1969 = CARTESIAN_POINT ( 'NONE',  ( -5.320710678118657300, 2.049999999999997600, 1.409462824231155800E-015 ) ) ;
#1970 = VECTOR ( 'NONE', #1293, 1000.000000000000000 ) ;
#1971 = FACE_OUTER_BOUND ( 'NONE', #2308, .T. ) ;
#1972 = VECTOR ( 'NONE', #2856, 1000.000000000000000 ) ;
#1973 = CARTESIAN_POINT ( 'NONE',  ( -0.1000000000000003700, 2.750000000000004900, 0.0000000000000000000 ) ) ;
#1974 = ADVANCED_FACE ( 'NONE', ( #3187 ), #1889, .F. ) ;
#1975 = DIRECTION ( 'NONE',  ( -1.000000000000000000, -1.219258498469857800E-016, 4.956352788505164300E-016 ) ) ;
#1976 = DIRECTION ( 'NONE',  ( -1.000000000000000000, 0.0000000000000000000, 0.0000000000000000000 ) ) ;
#1977 = FACE_OUTER_BOUND ( 'NONE', #635, .T. ) ;
#1978 = VERTEX_POINT ( 'NONE', #518 ) ;
#1979 = EDGE_CURVE ( 'NONE', #2618, #1285, #3252, .T. ) ;
#1980 = EDGE_LOOP ( 'NONE', ( #177, #421, #243, #2353 ) ) ;
#1981 = DIRECTION ( 'NONE',  ( 6.002503377082378900E-017, -1.000000000000000000, 0.0000000000000000000 ) ) ;
#1982 = ORIENTED_EDGE ( 'NONE', *, *, #1239, .T. ) ;
#1983 = AXIS2_PLACEMENT_3D ( 'NONE', #981, #2731, #2268 ) ;
#1984 = MANIFOLD_SOLID_BREP ( 'Body-Move/Copy1[3]', #1791 ) ;
#1985 = ORIENTED_EDGE ( 'NONE', *, *, #2582, .F. ) ;
#1986 = CARTESIAN_POINT ( 'NONE',  ( -2.400000000000001200, 6.220710678118654100, -1.400000000000000600 ) ) ;
#1987 = ADVANCED_FACE ( 'NONE', ( #2512 ), #2806, .F. ) ;
#1988 = AXIS2_PLACEMENT_3D ( 'NONE', #2935, #1448, #3181 ) ;
#1989 = LINE ( 'NONE', #1043, #2943 ) ;
#1990 = DIRECTION ( 'NONE',  ( 0.0000000000000000000, 0.0000000000000000000, 1.000000000000000000 ) ) ;
#1991 = CARTESIAN_POINT ( 'NONE',  ( -7.799999999999999800, 2.249999999999998700, 0.0000000000000000000 ) ) ;
#1992 = ORIENTED_EDGE ( 'NONE', *, *, #3049, .F. ) ;
#1993 = CARTESIAN_POINT ( 'NONE',  ( 7.100000000000000500, 6.099999999999999600, 0.0000000000000000000 ) ) ;
#1994 = EDGE_CURVE ( 'NONE', #2383, #1186, #1654, .T. ) ;
#1995 = EDGE_LOOP ( 'NONE', ( #691, #963 ) ) ;
#1996 = ORIENTED_EDGE ( 'NONE', *, *, #2071, .F. ) ;
#1997 = CYLINDRICAL_SURFACE ( 'NONE', #541, 0.7000000000000000700 ) ;
#1998 = DIRECTION ( 'NONE',  ( -0.0000000000000000000, 1.000000000000000000, 0.0000000000000000000 ) ) ;
#1999 = EDGE_CURVE ( 'NONE', #2526, #2580, #2295, .T. ) ;
#2000 = FACE_OUTER_BOUND ( 'NONE', #1415, .T. ) ;
#2001 = CARTESIAN_POINT ( 'NONE',  ( -0.3999999999999993000, 2.099999999999999600, 1.450000000000000600 ) ) ;
#2002 = CARTESIAN_POINT ( 'NONE',  ( -3.900000000000000800, 2.100000000000000500, -1.350000000000001400 ) ) ;
#2003 = AXIS2_PLACEMENT_3D ( 'NONE', #2529, #2784, #1287 ) ;
#2004 = VERTEX_POINT ( 'NONE', #280 ) ;
#2005 = DIRECTION ( 'NONE',  ( 0.0000000000000000000, -1.897353801849633000E-016, 1.000000000000000000 ) ) ;
#2006 = LINE ( 'NONE', #140, #2560 ) ;
#2007 = AXIS2_PLACEMENT_3D ( 'NONE', #1711, #329, #321 ) ;
#2008 = FACE_BOUND ( 'NONE', #1801, .T. ) ;
#2009 = CARTESIAN_POINT ( 'NONE',  ( -10.14999999999999900, -4.000000000000001800, 0.3749999999999998300 ) ) ;
#2010 = CARTESIAN_POINT ( 'NONE',  ( -9.950000000000001100, 2.249999999999999600, 2.000000000000000000 ) ) ;
#2011 = CARTESIAN_POINT ( 'NONE',  ( 10.14999999999999900, -3.600000000000001400, -0.3750000000000010000 ) ) ;
#2012 = ORIENTED_EDGE ( 'NONE', *, *, #2245, .F. ) ;
#2013 = CARTESIAN_POINT ( 'NONE',  ( 3.900000000000000400, 6.200000000000001100, 1.350000000000001000 ) ) ;
#2014 = ORIENTED_EDGE ( 'NONE', *, *, #295, .F. ) ;
#2015 = EDGE_CURVE ( 'NONE', #568, #1944, #949, .T. ) ;
#2016 = CARTESIAN_POINT ( 'NONE',  ( 9.950000000000001100, 5.800000000000003400, 20.10000000000000100 ) ) ;
#2017 = ORIENTED_EDGE ( 'NONE', *, *, #1753, .F. ) ;
#2018 = CARTESIAN_POINT ( 'NONE',  ( -0.1000000000000004200, 2.950000000000001100, 0.0000000000000000000 ) ) ;
#2019 = CARTESIAN_POINT ( 'NONE',  ( -3.900000000000001200, 2.150000000000000800, -1.350000000000000800 ) ) ;
#2020 = ORIENTED_EDGE ( 'NONE', *, *, #1396, .T. ) ;
#2021 = CARTESIAN_POINT ( 'NONE',  ( -10.14999999999999900, -4.000000000000001800, -0.3750000000000012200 ) ) ;
#2022 = AXIS2_PLACEMENT_3D ( 'NONE', #684, #1477, #3208 ) ;
#2023 = EDGE_LOOP ( 'NONE', ( #2060, #2743, #3161, #1459 ) ) ;
#2024 = CARTESIAN_POINT ( 'NONE',  ( -6.700000000000009900, 2.099999999999998800, -1.399999999999999500 ) ) ;
#2025 = ORIENTED_EDGE ( 'NONE', *, *, #1090, .F. ) ;
#2026 = ORIENTED_EDGE ( 'NONE', *, *, #3220, .F. ) ;
#2027 = CARTESIAN_POINT ( 'NONE',  ( -7.150000000000002100, 2.457106781186546100, 8.633759933988841900E-016 ) ) ;
#2028 = CIRCLE ( 'NONE', #1182, 0.6999999999999992900 ) ;
#2029 = EDGE_CURVE ( 'NONE', #3238, #1325, #2219, .T. ) ;
#2030 = CARTESIAN_POINT ( 'NONE',  ( -0.09999999999999939500, 3.950000000000001100, 0.0000000000000000000 ) ) ;
#2031 = FACE_OUTER_BOUND ( 'NONE', #2671, .T. ) ;
#2032 = DIRECTION ( 'NONE',  ( -1.000000000000000000, 0.0000000000000000000, 0.0000000000000000000 ) ) ;
#2033 = DIRECTION ( 'NONE',  ( 0.0000000000000000000, 1.000000000000000000, 0.0000000000000000000 ) ) ;
#2034 = UNCERTAINTY_MEASURE_WITH_UNIT (LENGTH_MEASURE( 1.000000000000000100E-005 ), #2140, 'distance_accuracy_value', 'NONE');
#2035 = CARTESIAN_POINT ( 'NONE',  ( -7.099999999999999600, 2.249999999999998700, 0.0000000000000000000 ) ) ;
#2036 = CARTESIAN_POINT ( 'NONE',  ( -2.550000000000000300, 6.299999999999999800, 6.735557395310443700E-017 ) ) ;
#2037 = AXIS2_PLACEMENT_3D ( 'NONE', #2612, #2123, #1884 ) ;
#2038 = VERTEX_POINT ( 'NONE', #1070 ) ;
#2039 = CARTESIAN_POINT ( 'NONE',  ( -10.15000000000000000, 3.949999999999998800, 1.230770033143090100E-015 ) ) ;
#2040 = CARTESIAN_POINT ( 'NONE',  ( -10.35000000000000300, -1.734723475976807100E-015, -0.3750000000000016100 ) ) ;
#2041 = CIRCLE ( 'NONE', #874, 0.04999999999999991300 ) ;
#2042 = AXIS2_PLACEMENT_3D ( 'NONE', #1124, #2875, #1383 ) ;
#2043 = CARTESIAN_POINT ( 'NONE',  ( -3.900000000000000800, 2.070710678118652800, -1.400000000000001000 ) ) ;
#2044 = CARTESIAN_POINT ( 'NONE',  ( -10.15000000000000200, 5.799999999999998900, 1.230770033143090100E-015 ) ) ;
#2045 = LINE ( 'NONE', #1751, #4 ) ;
#2046 = CARTESIAN_POINT ( 'NONE',  ( -5.932118735968687800, 2.949999999999999700, -6.932613090996602200 ) ) ;
#2047 = VECTOR ( 'NONE', #1943, 1000.000000000000000 ) ;
#2048 = VERTEX_POINT ( 'NONE', #1598 ) ;
#2049 = CARTESIAN_POINT ( 'NONE',  ( -0.3999999999999993600, 2.049999999999999400, 1.450000000000001100 ) ) ;
#2050 = CARTESIAN_POINT ( 'NONE',  ( 9.949999999999999300, 6.099999999999999600, -0.5500000000000001600 ) ) ;
#2051 = CARTESIAN_POINT ( 'NONE',  ( -7.366987298107780200, 2.049999999999998000, -0.5500000000000000400 ) ) ;
#2052 = ORIENTED_EDGE ( 'NONE', *, *, #1458, .T. ) ;
#2053 = PLANE ( 'NONE',  #120 ) ;
#2054 = CARTESIAN_POINT ( 'NONE',  ( 2.358578643762724100, 2.150000000000000800, 1.379289321881405300 ) ) ;
#2055 = ORIENTED_EDGE ( 'NONE', *, *, #2484, .T. ) ;
#2056 = DIRECTION ( 'NONE',  ( -2.965339275174029000E-016, 1.000000000000000000, 0.0000000000000000000 ) ) ;
#2057 = ORIENTED_EDGE ( 'NONE', *, *, #345, .F. ) ;
#2058 = CARTESIAN_POINT ( 'NONE',  ( -3.387570226935649100, 6.099999999999999600, -1.550000000000000000 ) ) ;
#2059 = EDGE_CURVE ( 'NONE', #469, #363, #193, .T. ) ;
#2060 = ORIENTED_EDGE ( 'NONE', *, *, #2273, .T. ) ;
#2061 = CARTESIAN_POINT ( 'NONE',  ( 6.949999999999995700, 2.750000000000002700, -14.10000000000000000 ) ) ;
#2062 = EDGE_LOOP ( 'NONE', ( #2297, #2368, #1579, #445, #1734 ) ) ;
#2063 = AXIS2_PLACEMENT_3D ( 'NONE', #543, #579, #593 ) ;
#2064 = CARTESIAN_POINT ( 'NONE',  ( 5.320710678118656400, 6.300000000000000700, 0.8322330470336336500 ) ) ;
#2065 = ORIENTED_EDGE ( 'NONE', *, *, #1620, .T. ) ;
#2066 = FACE_OUTER_BOUND ( 'NONE', #738, .T. ) ;
#2067 = CARTESIAN_POINT ( 'NONE',  ( 8.233012701892219500, 6.099999999999999600, -0.5500000000000000400 ) ) ;
#2068 = DIRECTION ( 'NONE',  ( -1.000000000000000000, -0.0000000000000000000, -0.0000000000000000000 ) ) ;
#2069 = CYLINDRICAL_SURFACE ( 'NONE', #215, 0.04999999999999991300 ) ;
#2070 = CARTESIAN_POINT ( 'NONE',  ( 0.3999999999999995200, 6.250000000000000000, -1.400000000000000600 ) ) ;
#2071 = EDGE_CURVE ( 'NONE', #2244, #2724, #2798, .T. ) ;
#2072 = VECTOR ( 'NONE', #1568, 1000.000000000000000 ) ;
#2073 = FACE_OUTER_BOUND ( 'NONE', #678, .T. ) ;
#2074 = B_SPLINE_CURVE_WITH_KNOTS ( 'NONE', 3,
 ( #629, #1188, #306, #517, #554, #100, #890, #453, #1221, #581, #149, #1863, #251, #1031, #1484, #1292, #745, #401, #617, #680, #200, #1005, #1451, #1333, #298, #1868, #1116, #59, #775, #432, #1151, #639, #311, #1088 ),
 .UNSPECIFIED., .F., .F.,
 ( 4, 1, 1, 2, 2, 2, 1, 1, 2, 2, 2, 1, 1, 2, 2, 2, 1, 1, 2, 2, 4 ),
 ( 0.0000000000000000000, 0.06249999999999952800, 0.09374999999999959800, 0.1093749999999993300, 0.1249999999999990800, 0.2499999999999968100, 0.3124999999999956100, 0.3437499999999951200, 0.3593749999999950000, 0.3749999999999948900, 0.4999999999999947800, 0.5624999999999947800, 0.5937499999999947800, 0.6093749999999946700, 0.6249999999999945600, 0.7499999999999943400, 0.8124999999999942300, 0.8437499999999942300, 0.8593749999999945600, 0.8749999999999947800, 1.000000000000000000 ),
 .UNSPECIFIED. ) ;
#2075 = CARTESIAN_POINT ( 'NONE',  ( -7.799999999999999800, 2.249999999999998700, 0.0000000000000000000 ) ) ;
#2076 = FACE_OUTER_BOUND ( 'NONE', #3059, .T. ) ;
#2077 = VECTOR ( 'NONE', #1289, 1000.000000000000000 ) ;
#2078 = LINE ( 'NONE', #1912, #1408 ) ;
#2079 = CARTESIAN_POINT ( 'NONE',  ( -8.350000000000003200, 0.0000000000000000000, 0.3749999999999994400 ) ) ;
#2080 = CARTESIAN_POINT ( 'NONE',  ( 6.950000000000000200, 2.750000000000002700, -1.726751986797768400E-015 ) ) ;
#2081 =( LENGTH_UNIT ( ) NAMED_UNIT ( * ) SI_UNIT ( .MILLI., .METRE. ) );
#2082 = ADVANCED_FACE ( 'NONE', ( #1557 ), #2343, .F. ) ;
#2083 = AXIS2_PLACEMENT_3D ( 'NONE', #1794, #2581, #560 ) ;
#2084 = CARTESIAN_POINT ( 'NONE',  ( 9.949999999999995700, 5.800000000000003400, -20.10000000000000100 ) ) ;
#2085 =( GEOMETRIC_REPRESENTATION_CONTEXT ( 3 ) GLOBAL_UNCERTAINTY_ASSIGNED_CONTEXT ( ( #831 ) ) GLOBAL_UNIT_ASSIGNED_CONTEXT ( ( #2384, #869, #2638 ) ) REPRESENTATION_CONTEXT ( 'NONE', 'WORKASPACE' ) );
#2086 = VERTEX_POINT ( 'NONE', #1340 ) ;
#2087 = SURFACE_SIDE_STYLE ('',( #418 ) ) ;
#2088 = CARTESIAN_POINT ( 'NONE',  ( 0.1168575843741854200, 2.150000000000000800, 1.247315390303804800 ) ) ;
#2089 = VERTEX_POINT ( 'NONE', #563 ) ;
#2090 = CARTESIAN_POINT ( 'NONE',  ( 10.14999999999999900, -3.600000000000001400, 0.3749999999999994400 ) ) ;
#2091 = CARTESIAN_POINT ( 'NONE',  ( -9.735786437626902800, 2.949999999999995700, 1.180043501810726400E-015 ) ) ;
#2092 = EDGE_CURVE ( 'NONE', #435, #2200, #2175, .T. ) ;
#2093 = ORIENTED_EDGE ( 'NONE', *, *, #2248, .T. ) ;
#2094 = EDGE_CURVE ( 'NONE', #2089, #1593, #123, .T. ) ;
#2095 = CARTESIAN_POINT ( 'NONE',  ( 9.649999999999998600, 6.100000000000003200, -2.388061258337338500E-015 ) ) ;
#2096 = ADVANCED_FACE ( 'NONE', ( #2073 ), #697, .F. ) ;
#2097 = CARTESIAN_POINT ( 'NONE',  ( 3.387570226935650500, 2.249999999999999600, 1.549999999999999400 ) ) ;
#2098 = CARTESIAN_POINT ( 'NONE',  ( 4.500000000000000900, 2.100000000000000100, -1.450000000000000400 ) ) ;
#2099 = EDGE_CURVE ( 'NONE', #1978, #1621, #2714, .T. ) ;
#2100 = CARTESIAN_POINT ( 'NONE',  ( -7.150000000000003000, 2.750000000000000000, -14.10000000000000000 ) ) ;
#2101 = ORIENTED_EDGE ( 'NONE', *, *, #2409, .T. ) ;
#2102 = FACE_OUTER_BOUND ( 'NONE', #2601, .T. ) ;
#2103 = AXIS2_PLACEMENT_3D ( 'NONE', #1443, #3176, #1715 ) ;
#2104 = VERTEX_POINT ( 'NONE', #1638 ) ;
#2105 = EDGE_LOOP ( 'NONE', ( #75, #2177, #2417, #3111 ) ) ;
#2106 = SHAPE_DEFINITION_REPRESENTATION ( #1754, #1447 ) ;
#2107 = CARTESIAN_POINT ( 'NONE',  ( -9.124194906111781100E-016, 6.100000000000001400, 0.0000000000000000000 ) ) ;
#2108 = CARTESIAN_POINT ( 'NONE',  ( -4.316573699886639300, 2.150000000000000400, 1.284341090915417400 ) ) ;
#2109 = LINE ( 'NONE', #2011, #3246 ) ;
#2110 = CIRCLE ( 'NONE', #2455, 0.6999999999999992900 ) ;
#2111 = CARTESIAN_POINT ( 'NONE',  ( -9.950000000000001100, 1.849999999999998800, 2.000000000000000000 ) ) ;
#2112 = ADVANCED_FACE ( 'NONE', ( #31 ), #2367, .F. ) ;
#2113 = ORIENTED_EDGE ( 'NONE', *, *, #510, .F. ) ;
#2114 = VECTOR ( 'NONE', #1816, 1000.000000000000000 ) ;
#2115 = CARTESIAN_POINT ( 'NONE',  ( 4.500000000000000900, 2.099999999999999600, 1.399999999999998400 ) ) ;
#2116 = EDGE_CURVE ( 'NONE', #2226, #1497, #2645, .T. ) ;
#2117 = ORIENTED_EDGE ( 'NONE', *, *, #2900, .F. ) ;
#2118 = CARTESIAN_POINT ( 'NONE',  ( -0.7867984917946652100, 6.200000000000002000, 0.6699357266836354400 ) ) ;
#2119 = CYLINDRICAL_SURFACE ( 'NONE', #500, 0.04999999999999991300 ) ;
#2120 = CARTESIAN_POINT ( 'NONE',  ( -5.250033655994030800, 2.150000000000000400, -0.08566023281536142000 ) ) ;
#2121 = CARTESIAN_POINT ( 'NONE',  ( -7.837949396860256700, 2.949999999999998800, -4.693923500335387200 ) ) ;
#2122 = DIRECTION ( 'NONE',  ( -0.0000000000000000000, -0.0000000000000000000, -1.000000000000000000 ) ) ;
#2123 = DIRECTION ( 'NONE',  ( -0.0000000000000000000, -0.0000000000000000000, -1.000000000000000000 ) ) ;
#2124 = AXIS2_PLACEMENT_3D ( 'NONE', #1877, #2457, #2426 ) ;
#2125 = ORIENTED_EDGE ( 'NONE', *, *, #373, .T. ) ;
#2126 = CARTESIAN_POINT ( 'NONE',  ( -3.900000000000000800, 2.099999999999999200, -1.450000000000001500 ) ) ;
#2127 = VERTEX_POINT ( 'NONE', #2865 ) ;
#2128 = ADVANCED_FACE ( 'NONE', ( #2000 ), #2622, .F. ) ;
#2129 = CARTESIAN_POINT ( 'NONE',  ( 10.35000000000000000, -3.600000000000001900, 0.3749999999999994400 ) ) ;
#2130 = CARTESIAN_POINT ( 'NONE',  ( -4.416857584374173300, 2.150000000000000800, -1.247315390303804100 ) ) ;
#2131 = ORIENTED_EDGE ( 'NONE', *, *, #2978, .T. ) ;
#2132 = CARTESIAN_POINT ( 'NONE',  ( 0.9183371494458401100, 2.149999999999999900, -0.3376605744136146300 ) ) ;
#2133 = ORIENTED_EDGE ( 'NONE', *, *, #369, .T. ) ;
#2134 = DIRECTION ( 'NONE',  ( 6.002503377082380100E-017, -1.000000000000000000, -0.0000000000000000000 ) ) ;
#2135 = EDGE_CURVE ( 'NONE', #3245, #474, #774, .T. ) ;
#2136 = ORIENTED_EDGE ( 'NONE', *, *, #555, .F. ) ;
#2137 = CARTESIAN_POINT ( 'NONE',  ( -5.350000000000002300, 2.049999999999998000, 1.366094737331735600E-015 ) ) ;
#2138 = CARTESIAN_POINT ( 'NONE',  ( 6.449999999999994000, 2.250000000000003600, -13.09999999999999300 ) ) ;
#2139 = ORIENTED_EDGE ( 'NONE', *, *, #1595, .F. ) ;
#2140 =( LENGTH_UNIT ( ) NAMED_UNIT ( * ) SI_UNIT ( .MILLI., .METRE. ) );
#2141 = CARTESIAN_POINT ( 'NONE',  ( -0.3999999999999993600, 2.049999999999998900, 1.450000000000000800 ) ) ;
#2142 = ORIENTED_EDGE ( 'NONE', *, *, #305, .F. ) ;
#2143 = AXIS2_PLACEMENT_3D ( 'NONE', #2466, #2236, #444 ) ;
#2144 = ADVANCED_FACE ( 'NONE', ( #3222 ), #589, .F. ) ;
#2145 = ORIENTED_EDGE ( 'NONE', *, *, #448, .T. ) ;
#2146 = STYLED_ITEM ( 'NONE', ( #1397 ), #3123 ) ;
#2147 = FACE_OUTER_BOUND ( 'NONE', #202, .T. ) ;
#2148 = CARTESIAN_POINT ( 'NONE',  ( -5.350000000000004100, 2.049999999999998500, 0.8493903345590158000 ) ) ;
#2149 = AXIS2_PLACEMENT_3D ( 'NONE', #1208, #2957, #1468 ) ;
#2150 = CIRCLE ( 'NONE', #378, 0.9999999999999991100 ) ;
#2151 = ORIENTED_EDGE ( 'NONE', *, *, #2582, .T. ) ;
#2152 = SURFACE_SIDE_STYLE ('',( #569 ) ) ;
#2153 = DIRECTION ( 'NONE',  ( -1.000000000000000000, 0.0000000000000000000, 0.0000000000000000000 ) ) ;
#2154 = VECTOR ( 'NONE', #3113, 1000.000000000000000 ) ;
#2155 = CARTESIAN_POINT ( 'NONE',  ( 0.2699357266836386300, 2.150000000000000800, -1.186798491794699700 ) ) ;
#2156 = EDGE_CURVE ( 'NONE', #455, #2908, #620, .T. ) ;
#2157 = ORIENTED_EDGE ( 'NONE', *, *, #2254, .T. ) ;
#2158 = LINE ( 'NONE', #640, #2047 ) ;
#2159 = DIRECTION ( 'NONE',  ( -1.000000000000000000, 0.0000000000000000000, 1.897353801849632800E-015 ) ) ;
#2160 = FACE_OUTER_BOUND ( 'NONE', #1675, .T. ) ;
#2161 = CARTESIAN_POINT ( 'NONE',  ( 10.14999999999999900, 5.899999999999998600, 2.000000000000000000 ) ) ;
#2162 = VECTOR ( 'NONE', #1893, 1000.000000000000000 ) ;
#2163 = DIRECTION ( 'NONE',  ( 1.000000000000000000, 2.460600675144406800E-016, 0.0000000000000000000 ) ) ;
#2164 = CARTESIAN_POINT ( 'NONE',  ( -0.1878296706398795400, 2.150000000000000800, -1.338151775804286200 ) ) ;
#2165 = EDGE_CURVE ( 'NONE', #323, #1830, #1930, .T. ) ;
#2166 = CARTESIAN_POINT ( 'NONE',  ( 0.1765947035390740800, 2.950000000000001500, -9.050016208845580200 ) ) ;
#2167 = ORIENTED_EDGE ( 'NONE', *, *, #773, .F. ) ;
#2168 = AXIS2_PLACEMENT_3D ( 'NONE', #2075, #522, #2311 ) ;
#2169 = DIRECTION ( 'NONE',  ( -1.000000000000000000, 0.0000000000000000000, -0.0000000000000000000 ) ) ;
#2170 = ORIENTED_EDGE ( 'NONE', *, *, #727, .F. ) ;
#2171 = DIRECTION ( 'NONE',  ( 0.0000000000000000000, 0.0000000000000000000, -1.000000000000000000 ) ) ;
#2172 = ORIENTED_EDGE ( 'NONE', *, *, #15, .F. ) ;
#2173 = CARTESIAN_POINT ( 'NONE',  ( -10.15000000000000000, 4.336808689942017700E-016, 0.3749999999999994400 ) ) ;
#2174 = CARTESIAN_POINT ( 'NONE',  ( 3.195732335861563900, 2.950000000000002800, -8.428645718931283800 ) ) ;
#2175 =( BOUNDED_CURVE ( )  B_SPLINE_CURVE ( 3, ( #2358, #1098, #2857, #1359 ),
 .UNSPECIFIED., .F., .T. ) 
 B_SPLINE_CURVE_WITH_KNOTS ( ( 4, 4 ),
 ( 0.0000000000000000000, 1.000000000000000000 ),
 .UNSPECIFIED. ) 
 CURVE ( )  GEOMETRIC_REPRESENTATION_ITEM ( )  RATIONAL_B_SPLINE_CURVE ( ( 1.000000000000000000, 0.3333333333333333700, 0.3333333333333333700, 1.000000000000000000 ) ) 
 REPRESENTATION_ITEM ( '' )  );
#2176 = DIRECTION ( 'NONE',  ( 1.000000000000000000, 0.0000000000000000000, -0.0000000000000000000 ) ) ;
#2177 = ORIENTED_EDGE ( 'NONE', *, *, #1665, .T. ) ;
#2178 = EDGE_CURVE ( 'NONE', #1519, #2357, #2554, .T. ) ;
#2179 = EDGE_LOOP ( 'NONE', ( #900, #2420, #2101, #1399 ) ) ;
#2180 = CARTESIAN_POINT ( 'NONE',  ( 9.949999999999999300, 6.299999999999999800, -2.000000000000000000 ) ) ;
#2181 = FACE_OUTER_BOUND ( 'NONE', #2621, .T. ) ;
#2182 = CARTESIAN_POINT ( 'NONE',  ( 3.100000000000001000, 2.049999999999999800, 0.0000000000000000000 ) ) ;
#2183 = LINE ( 'NONE', #3121, #148 ) ;
#2184 = CARTESIAN_POINT ( 'NONE',  ( 7.388505546076918200, 2.950000000000002800, -5.082412475326530700 ) ) ;
#2185 = VERTEX_POINT ( 'NONE', #1666 ) ;
#2186 = AXIS2_PLACEMENT_3D ( 'NONE', #3219, #1759, #206 ) ;
#2187 = DIRECTION ( 'NONE',  ( -1.219258498469858100E-016, 1.000000000000000000, -0.0000000000000000000 ) ) ;
#2188 = ORIENTED_EDGE ( 'NONE', *, *, #2380, .T. ) ;
#2189 = FACE_OUTER_BOUND ( 'NONE', #2933, .T. ) ;
#2190 = CARTESIAN_POINT ( 'NONE',  ( 8.771120926857666000, 2.950000000000003300, -1.790837481998943000 ) ) ;
#2191 = FACE_OUTER_BOUND ( 'NONE', #1658, .T. ) ;
#2192 = CIRCLE ( 'NONE', #2492, 0.04999999999999991300 ) ;
#2193 = CARTESIAN_POINT ( 'NONE',  ( -3.899999999999999900, 2.150000000000000800, 1.350000000000002500 ) ) ;
#2194 = EDGE_CURVE ( 'NONE', #2661, #3245, #531, .T. ) ;
#2195 = DIRECTION ( 'NONE',  ( -2.252887631138711300E-016, 1.000000000000000000, -0.0000000000000000000 ) ) ;
#2196 = EDGE_LOOP ( 'NONE', ( #829, #2326, #1322, #2288, #1739, #3171, #1141, #2577 ) ) ;
#2197 = AXIS2_PLACEMENT_3D ( 'NONE', #2858, #2359, #564 ) ;
#2198 = ORIENTED_EDGE ( 'NONE', *, *, #2807, .T. ) ;
#2199 = DIRECTION ( 'NONE',  ( -1.000000000000000000, 0.0000000000000000000, -1.776356839400250500E-015 ) ) ;
#2200 = VERTEX_POINT ( 'NONE', #1407 ) ;
#2201 = CARTESIAN_POINT ( 'NONE',  ( -4.732233047033632000, 2.049999999999997200, 1.420710678118658900 ) ) ;
#2202 = ADVANCED_FACE ( 'NONE', ( #2475 ), #1925, .T. ) ;
#2203 = AXIS2_PLACEMENT_3D ( 'NONE', #60, #1874, #307 ) ;
#2204 = ORIENTED_EDGE ( 'NONE', *, *, #1641, .T. ) ;
#2205 = DIRECTION ( 'NONE',  ( 1.000000000000000000, 0.0000000000000000000, 1.897353801849632800E-015 ) ) ;
#2206 = LINE ( 'NONE', #1701, #1521 ) ;
#2207 = CARTESIAN_POINT ( 'NONE',  ( -4.749390334559013400, 2.049999999999998500, 1.450000000000004400 ) ) ;
#2208 = CARTESIAN_POINT ( 'NONE',  ( -5.350000000000002300, 2.099999999999998800, 1.409462824231155800E-015 ) ) ;
#2209 = ORIENTED_EDGE ( 'NONE', *, *, #2094, .T. ) ;
#2210 = VECTOR ( 'NONE', #1496, 1000.000000000000000 ) ;
#2211 = EDGE_CURVE ( 'NONE', #1697, #350, #1309, .T. ) ;
#2212 = CIRCLE ( 'NONE', #944, 0.04999999999999991300 ) ;
#2213 = ADVANCED_FACE ( 'NONE', ( #1774 ), #382, .F. ) ;
#2214 = VERTEX_POINT ( 'NONE', #3156 ) ;
#2215 = CARTESIAN_POINT ( 'NONE',  ( -3.899999999999999000, 2.049999999999998500, 1.450000000000002800 ) ) ;
#2216 = CARTESIAN_POINT ( 'NONE',  ( 1.133270015815088700E-016, 2.249999999999999600, 0.5499999999999981600 ) ) ;
#2217 = ORIENTED_EDGE ( 'NONE', *, *, #2248, .F. ) ;
#2218 = CARTESIAN_POINT ( 'NONE',  ( 0.3999999999999994700, 6.220710678118655000, 1.400000000000000800 ) ) ;
#2219 = LINE ( 'NONE', #2090, #862 ) ;
#2220 = LINE ( 'NONE', #1914, #2804 ) ;
#2221 = VECTOR ( 'NONE', #30, 1000.000000000000000 ) ;
#2222 = LINE ( 'NONE', #1736, #1563 ) ;
#2223 = CARTESIAN_POINT ( 'NONE',  ( 9.949999999999999300, 6.299999999999999800, -2.000000000000000000 ) ) ;
#2224 =( BOUNDED_CURVE ( )  B_SPLINE_CURVE ( 3, ( #2893, #1401, #2740, #240 ),
 .UNSPECIFIED., .F., .F. ) 
 B_SPLINE_CURVE_WITH_KNOTS ( ( 4, 4 ),
 ( 0.0000000000000000000, 1.000000000000000000 ),
 .UNSPECIFIED. ) 
 CURVE ( )  GEOMETRIC_REPRESENTATION_ITEM ( )  RATIONAL_B_SPLINE_CURVE ( ( 1.000000000000000000, 0.8047378541243649400, 0.8047378541243649400, 1.000000000000000000 ) ) 
 REPRESENTATION_ITEM ( '' )  );
#2225 = LINE ( 'NONE', #384, #2348 ) ;
#2226 = VERTEX_POINT ( 'NONE', #139 ) ;
#2227 = PLANE ( 'NONE',  #1148 ) ;
#2228 = DIRECTION ( 'NONE',  ( 1.000000000000000000, 1.482669637587013000E-016, 1.482669637587014500E-016 ) ) ;
#2229 = DIRECTION ( 'NONE',  ( -1.000000000000000000, 0.0000000000000000000, 0.0000000000000000000 ) ) ;
#2230 = EDGE_CURVE ( 'NONE', #3228, #272, #1850, .T. ) ;
#2231 = PLANE ( 'NONE',  #2703 ) ;
#2232 = ADVANCED_FACE ( 'NONE', ( #3065, #2404 ), #2408, .F. ) ;
#2233 = EDGE_LOOP ( 'NONE', ( #2172, #52, #415, #2690 ) ) ;
#2234 = CARTESIAN_POINT ( 'NONE',  ( -3.362931317348181600, 2.950000000000000600, 8.441391633886278000 ) ) ;
#2235 = VECTOR ( 'NONE', #903, 1000.000000000000000 ) ;
#2236 = DIRECTION ( 'NONE',  ( 4.501877532811783200E-017, -1.000000000000000000, 0.0000000000000000000 ) ) ;
#2237 = ORIENTED_EDGE ( 'NONE', *, *, #807, .F. ) ;
#2238 = DIRECTION ( 'NONE',  ( 1.000000000000000000, 0.0000000000000000000, 8.131516293641279300E-016 ) ) ;
#2239 = AXIS2_PLACEMENT_3D ( 'NONE', #2393, #1920, #362 ) ;
#2240 = DIRECTION ( 'NONE',  ( 0.0000000000000000000, 0.0000000000000000000, 1.000000000000000000 ) ) ;
#2241 = VERTEX_POINT ( 'NONE', #1940 ) ;
#2242 = ORIENTED_EDGE ( 'NONE', *, *, #1203, .F. ) ;
#2243 = DIRECTION ( 'NONE',  ( -1.000000000000000000, 0.0000000000000000000, 0.0000000000000000000 ) ) ;
#2244 = VERTEX_POINT ( 'NONE', #3162 ) ;
#2245 = EDGE_CURVE ( 'NONE', #1497, #276, #2335, .T. ) ;
#2246 = CARTESIAN_POINT ( 'NONE',  ( 6.950000000000000200, 2.750000000000006700, 0.0000000000000000000 ) ) ;
#2247 = FACE_BOUND ( 'NONE', #269, .T. ) ;
#2248 = EDGE_CURVE ( 'NONE', #2651, #2801, #1069, .T. ) ;
#2249 = VECTOR ( 'NONE', #2619, 1000.000000000000000 ) ;
#2250 = FACE_OUTER_BOUND ( 'NONE', #185, .T. ) ;
#2251 = DIRECTION ( 'NONE',  ( 1.000000000000000000, 1.219258498469857800E-016, -4.956352788505164300E-016 ) ) ;
#2252 = CARTESIAN_POINT ( 'NONE',  ( -6.600000000000007600, 2.150000000000000800, 1.350000000000008100 ) ) ;
#2253 = ORIENTED_EDGE ( 'NONE', *, *, #3107, .F. ) ;
#2254 = EDGE_CURVE ( 'NONE', #1207, #495, #990, .T. ) ;
#2255 = LINE ( 'NONE', #2193, #225 ) ;
#2256 = DIRECTION ( 'NONE',  ( -1.219258498469858100E-016, 1.000000000000000000, -0.0000000000000000000 ) ) ;
#2257 = CARTESIAN_POINT ( 'NONE',  ( 6.449999999999996600, 2.250000000000003600, 13.09999999999999300 ) ) ;
#2258 = ORIENTED_EDGE ( 'NONE', *, *, #2461, .F. ) ;
#2259 = AXIS2_PLACEMENT_3D ( 'NONE', #2208, #676, #2442 ) ;
#2260 = LINE ( 'NONE', #2803, #1440 ) ;
#2261 = VECTOR ( 'NONE', #2439, 1000.000000000000000 ) ;
#2262 = ORIENTED_EDGE ( 'NONE', *, *, #346, .T. ) ;
#2263 = FACE_OUTER_BOUND ( 'NONE', #1980, .T. ) ;
#2264 = VECTOR ( 'NONE', #2828, 1000.000000000000000 ) ;
#2265 = CARTESIAN_POINT ( 'NONE',  ( -3.678634896448958800, 2.950000000000000600, -8.313025054901844500 ) ) ;
#2266 =( BOUNDED_SURFACE ( )  B_SPLINE_SURFACE ( 3, 3, ( 
 ( #748, #1507, #1015, #2772 ),
 ( #1274, #3019, #1544, #6 ),
 ( #1809, #244, #2054, #501 ),
 ( #2290, #759, #2523, #1027 ) ),
 .UNSPECIFIED., .F., .F., .F. ) 
 B_SPLINE_SURFACE_WITH_KNOTS ( ( 4, 4 ),
 ( 4, 4 ),
 ( 0.0000000000000000000, 1.000000000000000000 ),
 ( 0.0000000000000000000, 1.000000000000000000 ),
 .UNSPECIFIED. ) 
 GEOMETRIC_REPRESENTATION_ITEM ( )  RATIONAL_B_SPLINE_SURFACE ( (
 ( 1.000000000000000000, 0.3333333333333262600, 0.3333333333333262600, 1.000000000000000000),
 ( 0.8047378541243578300, 0.2682459513747802400, 0.2682459513747802400, 0.8047378541243578300),
 ( 0.8047378541243578300, 0.2682459513747802400, 0.2682459513747802400, 0.8047378541243578300),
 ( 1.000000000000000000, 0.3333333333333262600, 0.3333333333333262600, 1.000000000000000000) ) ) 
 REPRESENTATION_ITEM ( '' )  SURFACE ( )  );
#2267 = CARTESIAN_POINT ( 'NONE',  ( -8.350000000000001400, -4.000000000000001800, -0.3750000000000010000 ) ) ;
#2268 = DIRECTION ( 'NONE',  ( 1.000000000000000000, 2.460600675144406800E-016, 0.0000000000000000000 ) ) ;
#2269 = CARTESIAN_POINT ( 'NONE',  ( 4.500000000000001800, 2.049999999999999800, 2.699999999999999300 ) ) ;
#2270 = CARTESIAN_POINT ( 'NONE',  ( 6.950000000000000200, 2.750000000000003600, 14.10000000000000000 ) ) ;
#2271 = EDGE_LOOP ( 'NONE', ( #1431, #2447 ) ) ;
#2272 = ORIENTED_EDGE ( 'NONE', *, *, #490, .F. ) ;
#2273 = EDGE_CURVE ( 'NONE', #2241, #2089, #2919, .T. ) ;
#2274 = DIRECTION ( 'NONE',  ( 1.000000000000000000, 2.589139516383293800E-016, 0.0000000000000000000 ) ) ;
#2275 = EDGE_LOOP ( 'NONE', ( #2400, #2544 ) ) ;
#2276 = DIRECTION ( 'NONE',  ( 1.219258498469858100E-016, -1.000000000000000000, 0.0000000000000000000 ) ) ;
#2277 = DIRECTION ( 'NONE',  ( 4.336808689942006700E-015, -1.000000000000000000, -0.0000000000000000000 ) ) ;
#2278 = ORIENTED_EDGE ( 'NONE', *, *, #1275, .F. ) ;
#2279 = DIRECTION ( 'NONE',  ( 0.0000000000000000000, 0.7071067811865479100, -0.7071067811865472400 ) ) ;
#2280 = CARTESIAN_POINT ( 'NONE',  ( -5.300000000000002500, 2.070710678118652800, -0.8201010126776667700 ) ) ;
#2281 = CARTESIAN_POINT ( 'NONE',  ( 9.950000000000002800, 5.975735931288076200, 20.09999999999999800 ) ) ;
#2282 = FACE_OUTER_BOUND ( 'NONE', #291, .T. ) ;
#2283 = VERTEX_POINT ( 'NONE', #911 ) ;
#2284 = CARTESIAN_POINT ( 'NONE',  ( -8.402091370087555700, 2.949999999999999700, -3.615455406916467900 ) ) ;
#2285 = CYLINDRICAL_SURFACE ( 'NONE', #1983, 7.050000000000000700 ) ;
#2286 = CARTESIAN_POINT ( 'NONE',  ( 4.720101012677668400, 6.250000000000000000, -1.399999999999999700 ) ) ;
#2287 = DIRECTION ( 'NONE',  ( -1.000000000000000000, 0.0000000000000000000, 0.0000000000000000000 ) ) ;
#2288 = ORIENTED_EDGE ( 'NONE', *, *, #1834, .F. ) ;
#2289 = ORIENTED_EDGE ( 'NONE', *, *, #1939, .T. ) ;
#2290 = CARTESIAN_POINT ( 'NONE',  ( -0.3999999999999993000, 2.150000000000000800, -1.350000000000001000 ) ) ;
#2291 = VECTOR ( 'NONE', #262, 1000.000000000000000 ) ;
#2292 = EDGE_CURVE ( 'NONE', #1016, #328, #2255, .T. ) ;
#2293 = ORIENTED_EDGE ( 'NONE', *, *, #3036, .F. ) ;
#2294 = CARTESIAN_POINT ( 'NONE',  ( 0.3999999999999995800, 6.250000000000000000, 1.400000000000000600 ) ) ;
#2295 = LINE ( 'NONE', #2067, #2885 ) ;
#2296 = DIRECTION ( 'NONE',  ( 1.219258498469858100E-016, -1.000000000000000000, 0.0000000000000000000 ) ) ;
#2297 = ORIENTED_EDGE ( 'NONE', *, *, #3204, .F. ) ;
#2298 = CIRCLE ( 'NONE', #473, 0.04999999999999969700 ) ;
#2299 = CIRCLE ( 'NONE', #2321, 0.2000000000000005100 ) ;
#2300 = CARTESIAN_POINT ( 'NONE',  ( 1.285302886640720800E-016, -21.09163056034261200, -8.500000000000000000 ) ) ;
#2301 = CARTESIAN_POINT ( 'NONE',  ( 3.900000000000000400, 6.299999999999999800, 1.420710678118657600 ) ) ;
#2302 =( BOUNDED_SURFACE ( )  B_SPLINE_SURFACE ( 3, 3, ( 
 ( #1420, #1012, #1271, #1258 ),
 ( #1632, #45, #383, #525 ),
 ( #165, #3202, #1570, #708 ),
 ( #1175, #2286, #3159, #2505 ) ),
 .UNSPECIFIED., .F., .F., .F. ) 
 B_SPLINE_SURFACE_WITH_KNOTS ( ( 4, 4 ),
 ( 4, 4 ),
 ( 0.0000000000000000000, 1.000000000000000000 ),
 ( 0.0000000000000000000, 1.000000000000000000 ),
 .UNSPECIFIED. ) 
 GEOMETRIC_REPRESENTATION_ITEM ( )  RATIONAL_B_SPLINE_SURFACE ( (
 ( 1.000000000000000000, 0.8047378541243649400, 0.8047378541243649400, 1.000000000000000000),
 ( 0.8047378541243548300, 0.6476030138606795300, 0.6476030138606795300, 0.8047378541243548300),
 ( 0.8047378541243548300, 0.6476030138606795300, 0.6476030138606795300, 0.8047378541243548300),
 ( 1.000000000000000000, 0.8047378541243649400, 0.8047378541243649400, 1.000000000000000000) ) ) 
 REPRESENTATION_ITEM ( '' )  SURFACE ( )  );
#2303 = CARTESIAN_POINT ( 'NONE',  ( -0.3999999999999993000, 2.100000000000000500, 1.350000000000001000 ) ) ;
#2304 = DIRECTION ( 'NONE',  ( -0.0000000000000000000, -0.0000000000000000000, -1.000000000000000000 ) ) ;
#2305 = DIRECTION ( 'NONE',  ( -2.252887631138711300E-016, 1.000000000000000000, -0.0000000000000000000 ) ) ;
#2306 = EDGE_CURVE ( 'NONE', #2618, #2422, #908, .T. ) ;
#2307 = ORIENTED_EDGE ( 'NONE', *, *, #90, .T. ) ;
#2308 = EDGE_LOOP ( 'NONE', ( #1131, #7, #1433, #2864 ) ) ;
#2309 = ADVANCED_FACE ( 'NONE', ( #2843 ), #1591, .T. ) ;
#2310 = FILL_AREA_STYLE_COLOUR ( '', #1554 ) ;
#2311 = DIRECTION ( 'NONE',  ( 1.000000000000000000, 0.0000000000000000000, 1.776356839400250500E-015 ) ) ;
#2312 = ORIENTED_EDGE ( 'NONE', *, *, #1777, .F. ) ;
#2313 = CARTESIAN_POINT ( 'NONE',  ( -8.233012701892217700, 2.249999999999998700, -0.5500000000000002700 ) ) ;
#2314 = EDGE_CURVE ( 'NONE', #3163, #235, #812, .T. ) ;
#2315 = ORIENTED_EDGE ( 'NONE', *, *, #2230, .T. ) ;
#2316 =( NAMED_UNIT ( * ) SI_UNIT ( $, .STERADIAN. ) SOLID_ANGLE_UNIT ( ) );
#2317 = CARTESIAN_POINT ( 'NONE',  ( 9.950000000000002800, 3.950000000000002800, -2.461540066286180300E-015 ) ) ;
#2318 = AXIS2_PLACEMENT_3D ( 'NONE', #1311, #3052, #1578 ) ;
#2319 = CLOSED_SHELL ( 'NONE', ( #1343, #1092, #570, #1384, #1865, #3214, #320, #2945, #2870 ) ) ;
#2320 = DIRECTION ( 'NONE',  ( 0.0000000000000000000, 0.0000000000000000000, 1.000000000000000000 ) ) ;
#2321 = AXIS2_PLACEMENT_3D ( 'NONE', #108, #99, #173 ) ;
#2322 = CARTESIAN_POINT ( 'NONE',  ( -10.15000000000000000, 5.975735931288071800, 1.230770033143090100E-015 ) ) ;
#2323 = ORIENTED_EDGE ( 'NONE', *, *, #16, .F. ) ;
#2324 = CARTESIAN_POINT ( 'NONE',  ( 2.275140453871300000, 2.049999999999999800, 0.4000000000000001900 ) ) ;
#2325 =( LENGTH_UNIT ( ) NAMED_UNIT ( * ) SI_UNIT ( .MILLI., .METRE. ) );
#2326 = ORIENTED_EDGE ( 'NONE', *, *, #172, .T. ) ;
#2327 = CARTESIAN_POINT ( 'NONE',  ( 0.1820878881895272000, 2.150000000000000800, 1.218357452626369000 ) ) ;
#2328 = FACE_OUTER_BOUND ( 'NONE', #1430, .T. ) ;
#2329 = CARTESIAN_POINT ( 'NONE',  ( 8.949999999999990400, 2.950000000000004200, -18.09999999999999100 ) ) ;
#2330 = ADVANCED_FACE ( 'NONE', ( #1605 ), #985, .F. ) ;
#2331 = CIRCLE ( 'NONE', #1782, 1.599999999999999900 ) ;
#2332 = CARTESIAN_POINT ( 'NONE',  ( -9.950000000000001100, 2.049999999999997600, 2.000000000000000000 ) ) ;
#2333 = ORIENTED_EDGE ( 'NONE', *, *, #2414, .T. ) ;
#2334 = EDGE_CURVE ( 'NONE', #3131, #180, #2110, .T. ) ;
#2335 = LINE ( 'NONE', #2916, #293 ) ;
#2336 = CARTESIAN_POINT ( 'NONE',  ( -0.8843694881603170200, 6.200000000000002000, 0.4165018896768786200 ) ) ;
#2337 = CARTESIAN_POINT ( 'NONE',  ( -8.350000000000003200, 1.624999999999998200, 2.000000000000000000 ) ) ;
#2338 = DIRECTION ( 'NONE',  ( -1.000000000000000000, 0.0000000000000000000, 0.0000000000000000000 ) ) ;
#2339 = VECTOR ( 'NONE', #638, 1000.000000000000000 ) ;
#2340 = CARTESIAN_POINT ( 'NONE',  ( -7.757667029045475000, 2.949999999999999700, -4.823743685529901600 ) ) ;
#2341 = ORIENTED_EDGE ( 'NONE', *, *, #3077, .F. ) ;
#2342 = CARTESIAN_POINT ( 'NONE',  ( -7.150000000000001200, 2.457106781186545700, 8.633759933988841900E-016 ) ) ;
#2343 = PLANE ( 'NONE',  #2203 ) ;
#2344 = CARTESIAN_POINT ( 'NONE',  ( 10.14999999999999900, 5.899999999999998600, -2.000000000000000000 ) ) ;
#2345 = CYLINDRICAL_SURFACE ( 'NONE', #2614, 0.7000000000000000700 ) ;
#2346 = AXIS2_PLACEMENT_3D ( 'NONE', #196, #439, #2229 ) ;
#2347 = LINE ( 'NONE', #2920, #917 ) ;
#2348 = VECTOR ( 'NONE', #1690, 1000.000000000000000 ) ;
#2349 = DIRECTION ( 'NONE',  ( -0.0000000000000000000, -0.0000000000000000000, -1.000000000000000000 ) ) ;
#2350 = CARTESIAN_POINT ( 'NONE',  ( 6.742893218813451400, 2.250000000000000900, -1.676025455465404400E-015 ) ) ;
#2351 = DIRECTION ( 'NONE',  ( 6.002503377082380100E-017, -1.000000000000000000, -0.0000000000000000000 ) ) ;
#2352 = ADVANCED_FACE ( 'NONE', ( #1437 ), #2231, .F. ) ;
#2353 = ORIENTED_EDGE ( 'NONE', *, *, #2626, .T. ) ;
#2354 = DIRECTION ( 'NONE',  ( 0.0000000000000000000, 0.0000000000000000000, 1.000000000000000000 ) ) ;
#2355 = CARTESIAN_POINT ( 'NONE',  ( -4.375301874311626100, 2.150000000000000800, 1.263766170764241800 ) ) ;
#2356 = PLANE ( 'NONE',  #457 ) ;
#2357 = VERTEX_POINT ( 'NONE', #923 ) ;
#2358 = CARTESIAN_POINT ( 'NONE',  ( 6.449999999999997500, 2.250000000000002700, 0.0000000000000000000 ) ) ;
#2359 = DIRECTION ( 'NONE',  ( -1.219258498469857800E-016, 1.000000000000000000, 0.0000000000000000000 ) ) ;
#2360 = ORIENTED_EDGE ( 'NONE', *, *, #3204, .T. ) ;
#2361 = EDGE_CURVE ( 'NONE', #2881, #1906, #735, .T. ) ;
#2362 = DIRECTION ( 'NONE',  ( 0.0000000000000000000, 1.000000000000000000, 0.0000000000000000000 ) ) ;
#2363 = ORIENTED_EDGE ( 'NONE', *, *, #2815, .F. ) ;
#2364 = DIRECTION ( 'NONE',  ( 1.000000000000000000, 2.252887631138711300E-016, 0.0000000000000000000 ) ) ;
#2365 = CARTESIAN_POINT ( 'NONE',  ( -5.203638628725616200, 2.149999999999999900, -0.3557166526712130500 ) ) ;
#2366 = AXIS2_PLACEMENT_3D ( 'NONE', #61, #1599, #3073 ) ;
#2367 = PLANE ( 'NONE',  #3022 ) ;
#2368 = ORIENTED_EDGE ( 'NONE', *, *, #2764, .T. ) ;
#2369 = ADVANCED_FACE ( 'NONE', ( #1516 ), #450, .F. ) ;
#2370 = CIRCLE ( 'NONE', #3133, 10.05000000000000100 ) ;
#2371 = ORIENTED_EDGE ( 'NONE', *, *, #1709, .T. ) ;
#2372 = CARTESIAN_POINT ( 'NONE',  ( -4.071847426880556700, 2.150000000000000800, -1.350000000000001000 ) ) ;
#2373 = FACE_OUTER_BOUND ( 'NONE', #552, .T. ) ;
#2374 = CARTESIAN_POINT ( 'NONE',  ( 0.8375217510949734000, 2.150000000000000400, -0.5400013349471538500 ) ) ;
#2375 = ORIENTED_EDGE ( 'NONE', *, *, #155, .F. ) ;
#2376 = COLOUR_RGB ( '',0.7921568627450980000, 0.8196078431372548800, 0.9333333333333333500 ) ;
#2377 = DIRECTION ( 'NONE',  ( 1.219258498469858100E-016, -1.000000000000000000, 0.0000000000000000000 ) ) ;
#2378 = ORIENTED_EDGE ( 'NONE', *, *, #840, .F. ) ;
#2379 = ADVANCED_FACE ( 'NONE', ( #2031 ), #662, .F. ) ;
#2380 = EDGE_CURVE ( 'NONE', #105, #988, #1357, .T. ) ;
#2381 = CYLINDRICAL_SURFACE ( 'NONE', #2907, 10.05000000000000100 ) ;
#2382 = ORIENTED_EDGE ( 'NONE', *, *, #2424, .T. ) ;
#2383 = VERTEX_POINT ( 'NONE', #716 ) ;
#2384 =( LENGTH_UNIT ( ) NAMED_UNIT ( * ) SI_UNIT ( .MILLI., .METRE. ) );
#2385 = EDGE_LOOP ( 'NONE', ( #2139, #2510, #2769, #896, #2253, #56, #1633, #1261 ) ) ;
#2386 = CARTESIAN_POINT ( 'NONE',  ( -3.502272707205326800, 2.950000000000002000, -8.386207290851523100 ) ) ;
#2387 = ORIENTED_EDGE ( 'NONE', *, *, #2165, .T. ) ;
#2388 = CARTESIAN_POINT ( 'NONE',  ( 10.35000000000000000, 5.899999999999998600, 2.000000000000000000 ) ) ;
#2389 = DIRECTION ( 'NONE',  ( 0.0000000000000000000, 0.0000000000000000000, 1.000000000000000000 ) ) ;
#2390 = EDGE_CURVE ( 'NONE', #1034, #294, #385, .T. ) ;
#2391 = VERTEX_POINT ( 'NONE', #1511 ) ;
#2392 = CARTESIAN_POINT ( 'NONE',  ( -2.438516996939715600E-017, 2.049999999999997600, -0.5500000000000000400 ) ) ;
#2393 = CARTESIAN_POINT ( 'NONE',  ( 9.949999999999999300, 5.899999999999998600, 2.000000000000000000 ) ) ;
#2394 = CARTESIAN_POINT ( 'NONE',  ( 1.069259551973221800, 2.950000000000002000, -8.976051883026389800 ) ) ;
#2395 = VECTOR ( 'NONE', #1806, 1000.000000000000000 ) ;
#2396 = B_SPLINE_CURVE_WITH_KNOTS ( 'NONE', 3,
 ( #1653, #1631, #1618, #1603, #1586, #1574, #1532, #3196, #1680, #1046, #615, #1517, #1505, #1498, #1473, #1464, #1150, #1398, #1375, #1346, #1331, #1317, #1294, #1272, #1262, #1253, #1236, #1225, #1214, #1204, #1128, #1114, #1100, #1087, #1074, #1059, #1026, #1014, #997, #984, #974, #950, #850, #839, #3216, #3188, #3175, #3148, #3139, #3118, #3090, #3039, #3018, #2999, #2990, #2980, #2970, #2234, #2460, #2963, #2952, #2901, #2890, #2878, #2861, #2847, #2823, #2770, #2749, #2702, #2694, #3078, #2644, #2627, #2615, #2600, #2586, #2575, #2559, #2546, #2522, #2509, #2498, #2491, #2480, #2449, #2441, #2433, #2399, #3229 ),
 .UNSPECIFIED., .F., .F.,
 ( 4, 1, 1, 1, 2, 2, 1, 1, 1, 2, 2, 1, 1, 2, 2, 2, 1, 1, 2, 2, 1, 1, 1, 2, 2, 1, 1, 1, 2, 2, 2, 1, 1, 1, 2, 2, 1, 1, 1, 2, 2, 1, 1, 2, 2, 2, 1, 1, 2, 2, 1, 1, 1, 2, 2, 1, 1, 1, 2, 2, 4 ),
 ( 0.0000000000000000000, 0.03124999999999977800, 0.04687499999999966000, 0.05468749999999959800, 0.05859374999999955600, 0.06249999999999951400, 0.09374999999999944500, 0.1093749999999994400, 0.1171874999999994700, 0.1210937499999994900, 0.1249999999999995000, 0.1562500000000000000, 0.1718750000000001900, 0.1796875000000002800, 0.1875000000000003900, 0.2500000000000012200, 0.2812500000000016100, 0.2968750000000017800, 0.3046875000000018900, 0.3125000000000020000, 0.3437500000000020500, 0.3593750000000020500, 0.3671875000000020500, 0.3710937500000020000, 0.3750000000000020000, 0.4062500000000020000, 0.4218750000000020000, 0.4296875000000020500, 0.4335937500000020500, 0.4375000000000021100, 0.5000000000000025500, 0.5312500000000027800, 0.5468750000000028900, 0.5546875000000028900, 0.5585937500000030000, 0.5625000000000031100, 0.5937500000000033300, 0.6093750000000035500, 0.6171875000000035500, 0.6210937500000035500, 0.6250000000000035500, 0.6562500000000032200, 0.6718750000000030000, 0.6796875000000028900, 0.6875000000000028900, 0.7500000000000026600, 0.7812500000000025500, 0.7968750000000024400, 0.8046875000000023300, 0.8125000000000023300, 0.8437500000000022200, 0.8593750000000021100, 0.8671875000000020000, 0.8710937500000020000, 0.8750000000000020000, 0.9062500000000015500, 0.9218750000000013300, 0.9296875000000011100, 0.9335937500000011100, 0.9375000000000011100, 1.000000000000000000 ),
 .UNSPECIFIED. ) ;
#2397 = CARTESIAN_POINT ( 'NONE',  ( -10.35000000000000300, 1.624999999999998000, 2.000000000000000000 ) ) ;
#2398 = CYLINDRICAL_SURFACE ( 'NONE', #198, 0.04999999999999991300 ) ;
#2399 = CARTESIAN_POINT ( 'NONE',  ( -9.149999999999991500, 2.949999999999998400, 0.5537201858752844900 ) ) ;
#2400 = ORIENTED_EDGE ( 'NONE', *, *, #175, .T. ) ;
#2401 = CARTESIAN_POINT ( 'NONE',  ( -3.899999999999999000, 2.100000000000000500, 1.350000000000002800 ) ) ;
#2402 = VECTOR ( 'NONE', #1412, 1000.000000000000000 ) ;
#2403 = VERTEX_POINT ( 'NONE', #728 ) ;
#2404 = FACE_BOUND ( 'NONE', #2490, .T. ) ;
#2405 = CARTESIAN_POINT ( 'NONE',  ( 3.931228014287388100, 2.950000000000002000, -8.112749960676010700 ) ) ;
#2406 = EDGE_CURVE ( 'NONE', #2891, #285, #2603, .T. ) ;
#2407 = ORIENTED_EDGE ( 'NONE', *, *, #1999, .F. ) ;
#2408 = PLANE ( 'NONE',  #1655 ) ;
#2409 = EDGE_CURVE ( 'NONE', #1456, #176, #3248, .T. ) ;
#2410 = LINE ( 'NONE', #707, #459 ) ;
#2411 = ORIENTED_EDGE ( 'NONE', *, *, #3182, .T. ) ;
#2412 = CIRCLE ( 'NONE', #1226, 0.4999999999999995600 ) ;
#2413 = FACE_OUTER_BOUND ( 'NONE', #1354, .T. ) ;
#2414 = EDGE_CURVE ( 'NONE', #3089, #2869, #79, .T. ) ;
#2415 = DIRECTION ( 'NONE',  ( 1.000000000000000000, 0.0000000000000000000, 0.0000000000000000000 ) ) ;
#2416 = CARTESIAN_POINT ( 'NONE',  ( 7.642080348567280800, 2.950000000000002800, -4.696428523828547700 ) ) ;
#2417 = ORIENTED_EDGE ( 'NONE', *, *, #529, .T. ) ;
#2418 = ORIENTED_EDGE ( 'NONE', *, *, #3232, .T. ) ;
#2419 = CARTESIAN_POINT ( 'NONE',  ( 3.387570226935651800, 2.250000000000000400, -1.549999999999999800 ) ) ;
#2420 = ORIENTED_EDGE ( 'NONE', *, *, #2602, .T. ) ;
#2421 = CARTESIAN_POINT ( 'NONE',  ( 0.3999999999999995800, 6.250000000000000000, 1.450000000000000600 ) ) ;
#2422 = VERTEX_POINT ( 'NONE', #2502 ) ;
#2423 = CARTESIAN_POINT ( 'NONE',  ( 8.792618316843739700, 2.950000000000003300, -1.680773347058850600 ) ) ;
#2424 = EDGE_CURVE ( 'NONE', #2801, #577, #574, .T. ) ;
#2425 = EDGE_LOOP ( 'NONE', ( #596, #3017, #3190, #721 ) ) ;
#2426 = DIRECTION ( 'NONE',  ( 1.000000000000000000, 2.157616263652745000E-016, 0.0000000000000000000 ) ) ;
#2427 =( NAMED_UNIT ( * ) PLANE_ANGLE_UNIT ( ) SI_UNIT ( $, .RADIAN. ) );
#2428 = CYLINDRICAL_SURFACE ( 'NONE', #2791, 0.6999999999999992900 ) ;
#2429 = DIRECTION ( 'NONE',  ( -1.000000000000000000, 0.0000000000000000000, -8.131516293641284200E-016 ) ) ;
#2430 = ADVANCED_FACE ( 'NONE', ( #1268 ), #3076, .T. ) ;
#2431 = ORIENTED_EDGE ( 'NONE', *, *, #2732, .T. ) ;
#2432 = EDGE_LOOP ( 'NONE', ( #1738, #2323, #2903, #2411 ) ) ;
#2433 = CARTESIAN_POINT ( 'NONE',  ( -9.099637861389991800, 2.949999999999999700, 1.102642060651926000 ) ) ;
#2434 = CARTESIAN_POINT ( 'NONE',  ( 2.550000000000001200, 2.049999999999999800, 6.735557395310438800E-017 ) ) ;
#2435 = AXIS2_PLACEMENT_3D ( 'NONE', #2569, #2362, #2610 ) ;
#2436 = VECTOR ( 'NONE', #2279, 999.9999999999998900 ) ;
#2437 = CARTESIAN_POINT ( 'NONE',  ( -5.300000000000002500, 2.070710678118652400, 1.409462824231155800E-015 ) ) ;
#2438 = CIRCLE ( 'NONE', #1490, 0.04999999999999991300 ) ;
#2439 = DIRECTION ( 'NONE',  ( 1.000000000000000000, 0.0000000000000000000, -0.0000000000000000000 ) ) ;
#2440 = CARTESIAN_POINT ( 'NONE',  ( 4.500000000000001800, 2.049999999999999800, -2.699999999999999300 ) ) ;
#2441 = CARTESIAN_POINT ( 'NONE',  ( -8.992618316843739000, 2.950000000000000600, 1.680773347059785400 ) ) ;
#2442 = DIRECTION ( 'NONE',  ( -1.000000000000000000, 0.0000000000000000000, 0.0000000000000000000 ) ) ;
#2443 = ORIENTED_EDGE ( 'NONE', *, *, #2015, .T. ) ;
#2444 = DIRECTION ( 'NONE',  ( 2.411270463225204000E-032, -8.131516293641279600E-017, -1.000000000000000000 ) ) ;
#2445 = CIRCLE ( 'NONE', #3209, 1.600000000000000800 ) ;
#2446 = EDGE_CURVE ( 'NONE', #3138, #2526, #2755, .T. ) ;
#2447 = ORIENTED_EDGE ( 'NONE', *, *, #2701, .T. ) ;
#2448 = ORIENTED_EDGE ( 'NONE', *, *, #213, .F. ) ;
#2449 = CARTESIAN_POINT ( 'NONE',  ( -8.985336784268080000, 2.950000000000000600, 1.718895559085279700 ) ) ;
#2450 = DIRECTION ( 'NONE',  ( 2.252887631138711300E-016, -1.000000000000000000, 0.0000000000000000000 ) ) ;
#2451 = ORIENTED_EDGE ( 'NONE', *, *, #2993, .T. ) ;
#2452 = DIRECTION ( 'NONE',  ( 0.0000000000000000000, 1.000000000000000000, 0.0000000000000000000 ) ) ;
#2453 = ORIENTED_EDGE ( 'NONE', *, *, #2245, .T. ) ;
#2454 = CARTESIAN_POINT ( 'NONE',  ( -2.358578643762691200, 6.200000000000001100, -1.379289321881346200 ) ) ;
#2455 = AXIS2_PLACEMENT_3D ( 'NONE', #2719, #1229, #2974 ) ;
#2456 = EDGE_LOOP ( 'NONE', ( #1873, #943, #1573, #2025 ) ) ;
#2457 = DIRECTION ( 'NONE',  ( 2.252887631138711300E-016, -1.000000000000000000, 0.0000000000000000000 ) ) ;
#2458 = ORIENTED_EDGE ( 'NONE', *, *, #2971, .T. ) ;
#2459 = ADVANCED_FACE ( 'NONE', ( #493 ), #1808, .F. ) ;
#2460 = CARTESIAN_POINT ( 'NONE',  ( -3.395732335861589800, 2.950000000000001100, 8.428645718931312200 ) ) ;
#2461 = EDGE_CURVE ( 'NONE', #3089, #1016, #2438, .T. ) ;
#2462 = CARTESIAN_POINT ( 'NONE',  ( 10.14999999999999900, 0.3999999999999987500, -0.3750000000000002200 ) ) ;
#2463 = CLOSED_SHELL ( 'NONE', ( #170, #3050, #1583, #1072, #2379, #2838, #2232, #1365, #2430, #592 ) ) ;
#2464 = CARTESIAN_POINT ( 'NONE',  ( 10.35000000000000000, 5.899999999999998600, 2.000000000000000000 ) ) ;
#2465 = CARTESIAN_POINT ( 'NONE',  ( 6.950000000000000200, 2.250000000000001800, 0.0000000000000000000 ) ) ;
#2466 = CARTESIAN_POINT ( 'NONE',  ( -9.950000000000001100, 2.249999999999999600, 2.000000000000000000 ) ) ;
#2467 = EDGE_CURVE ( 'NONE', #2891, #1034, #1193, .T. ) ;
#2468 = VECTOR ( 'NONE', #3095, 1000.000000000000000 ) ;
#2469 = CARTESIAN_POINT ( 'NONE',  ( 3.900000000000000400, 6.250000000000000000, 1.400000000000002100 ) ) ;
#2470 = STYLED_ITEM ( 'NONE', ( #1731 ), #2528 ) ;
#2471 = CYLINDRICAL_SURFACE ( 'NONE', #1247, 1.599999999999999900 ) ;
#2472 = AXIS2_PLACEMENT_3D ( 'NONE', #1338, #1804, #1642 ) ;
#2473 = ORIENTED_EDGE ( 'NONE', *, *, #271, .F. ) ;
#2474 = CARTESIAN_POINT ( 'NONE',  ( -9.950000000000001100, 1.849999999999998800, -2.000000000000000000 ) ) ;
#2475 = FACE_OUTER_BOUND ( 'NONE', #1198, .T. ) ;
#2476 = VERTEX_POINT ( 'NONE', #19 ) ;
#2477 = LINE ( 'NONE', #861, #2339 ) ;
#2478 = CARTESIAN_POINT ( 'NONE',  ( -3.900000000000000800, 2.099999999999998800, 1.409462824231155800E-015 ) ) ;
#2479 = EDGE_LOOP ( 'NONE', ( #1342, #1706, #2014, #1025, #751, #1679, #660, #749 ) ) ;
#2480 = CARTESIAN_POINT ( 'NONE',  ( -8.971120926858478800, 2.950000000000000200, 1.790837481998213400 ) ) ;
#2481 = FACE_OUTER_BOUND ( 'NONE', #1251, .T. ) ;
#2482 = CARTESIAN_POINT ( 'NONE',  ( 9.949999999999999300, 6.299999999999999800, 2.000000000000000000 ) ) ;
#2483 = VECTOR ( 'NONE', #2251, 1000.000000000000000 ) ;
#2484 = EDGE_CURVE ( 'NONE', #2048, #2515, #1886, .T. ) ;
#2485 = CARTESIAN_POINT ( 'NONE',  ( -0.3999999999999993000, 2.150000000000000800, -1.350000000000000500 ) ) ;
#2486 = VERTEX_POINT ( 'NONE', #2800 ) ;
#2487 = UNCERTAINTY_MEASURE_WITH_UNIT (LENGTH_MEASURE( 1.000000000000000100E-005 ), #2325, 'distance_accuracy_value', 'NONE');
#2488 = CARTESIAN_POINT ( 'NONE',  ( -10.35000000000000500, 1.624999999999998000, -2.000000000000000000 ) ) ;
#2489 = CARTESIAN_POINT ( 'NONE',  ( -3.900000000000001200, 2.150000000000000800, -1.379289321881346700 ) ) ;
#2490 = EDGE_LOOP ( 'NONE', ( #2125, #1334 ) ) ;
#2491 = CARTESIAN_POINT ( 'NONE',  ( -8.949158083236378400, 2.950000000000000200, 1.898562354525179700 ) ) ;
#2492 = AXIS2_PLACEMENT_3D ( 'NONE', #2126, #3140, #2519 ) ;
#2493 = CARTESIAN_POINT ( 'NONE',  ( -6.649999999999995900, 2.250000000000000900, 13.09999999999999300 ) ) ;
#2494 = ORIENTED_EDGE ( 'NONE', *, *, #3257, .F. ) ;
#2495 = CARTESIAN_POINT ( 'NONE',  ( -4.401939822274264300, 2.950000000000000600, -7.972505421106260900 ) ) ;
#2496 = CARTESIAN_POINT ( 'NONE',  ( -3.899999999999998600, 2.099999999999998800, 1.400000000000003200 ) ) ;
#2497 = VERTEX_POINT ( 'NONE', #1038 ) ;
#2498 = CARTESIAN_POINT ( 'NONE',  ( -8.893438045564236600, 2.949999999999999300, 2.148604307524390100 ) ) ;
#2499 = CARTESIAN_POINT ( 'NONE',  ( -7.150000000000001200, 2.750000000000000400, 8.633759933988841000E-016 ) ) ;
#2500 = EDGE_CURVE ( 'NONE', #1878, #2925, #3112, .T. ) ;
#2501 = VERTEX_POINT ( 'NONE', #264 ) ;
#2502 = CARTESIAN_POINT ( 'NONE',  ( 9.950000000000001100, 5.800000000000003400, 0.0000000000000000000 ) ) ;
#2503 = CARTESIAN_POINT ( 'NONE',  ( -9.011307391718544200, 2.949999999999999700, -1.578688381741779800 ) ) ;
#2504 = VECTOR ( 'NONE', #466, 1000.000000000000000 ) ;
#2505 = CARTESIAN_POINT ( 'NONE',  ( 5.300000000000000700, 6.250000000000000000, 1.301042606982605300E-015 ) ) ;
#2506 = DIRECTION ( 'NONE',  ( 0.0000000000000000000, 0.0000000000000000000, 1.000000000000000000 ) ) ;
#2507 = ORIENTED_EDGE ( 'NONE', *, *, #2390, .F. ) ;
#2508 = AXIS2_PLACEMENT_3D ( 'NONE', #1071, #2571, #796 ) ;
#2509 = CARTESIAN_POINT ( 'NONE',  ( -8.764104360004406400, 2.950000000000000200, 2.643423881934642100 ) ) ;
#2510 = ORIENTED_EDGE ( 'NONE', *, *, #2211, .F. ) ;
#2511 = AXIS2_PLACEMENT_3D ( 'NONE', #1047, #2808, #1308 ) ;
#2512 = FACE_OUTER_BOUND ( 'NONE', #3014, .T. ) ;
#2513 = CARTESIAN_POINT ( 'NONE',  ( -3.900000000000000800, 2.099999999999998800, -1.400000000000000800 ) ) ;
#2515 = VERTEX_POINT ( 'NONE', #2813 ) ;
#2514 = CARTESIAN_POINT ( 'NONE',  ( -10.15000000000000400, 5.975735931288071800, 1.230770033143090100E-015 ) ) ;
#2516 = VECTOR ( 'NONE', #804, 1000.000000000000000 ) ;
#2517 = CIRCLE ( 'NONE', #1741, 0.9999999999999991100 ) ;
#2518 = CARTESIAN_POINT ( 'NONE',  ( -0.04417164255778323300, 2.150000000000000400, -1.303594455233450400 ) ) ;
#2519 = DIRECTION ( 'NONE',  ( 0.0000000000000000000, 0.0000000000000000000, -1.000000000000000000 ) ) ;
#2520 = DIRECTION ( 'NONE',  ( 1.000000000000000000, 0.0000000000000000000, -0.0000000000000000000 ) ) ;
#2521 = CARTESIAN_POINT ( 'NONE',  ( -9.950000000000001100, 1.849999999999998800, -2.000000000000000000 ) ) ;
#2522 = CARTESIAN_POINT ( 'NONE',  ( -8.622572154869297700, 2.950000000000000600, 3.058530377277990800 ) ) ;
#2523 = CARTESIAN_POINT ( 'NONE',  ( 2.300000000000031800, 2.150000000000000400, 1.350000000000058000 ) ) ;
#2524 = ORIENTED_EDGE ( 'NONE', *, *, #1319, .F. ) ;
#2525 = CARTESIAN_POINT ( 'NONE',  ( -4.499999999999999100, 6.099999999999999600, 2.699999999999999300 ) ) ;
#2526 = VERTEX_POINT ( 'NONE', #2551 ) ;
#2527 = CARTESIAN_POINT ( 'NONE',  ( 0.3999999999999997400, 6.250000000000000000, 0.0000000000000000000 ) ) ;
#2528 = MANIFOLD_SOLID_BREP ( 'Body-Move/Copy1[2]', #2319 ) ;
#2529 = CARTESIAN_POINT ( 'NONE',  ( 3.100000000000001000, 2.250000000000000400, 0.0000000000000000000 ) ) ;
#2530 = EDGE_CURVE ( 'NONE', #2391, #2497, #1117, .T. ) ;
#2531 = ORIENTED_EDGE ( 'NONE', *, *, #1834, .T. ) ;
#2532 = DIRECTION ( 'NONE',  ( 2.252887631138711300E-016, -1.000000000000000000, 0.0000000000000000000 ) ) ;
#2533 = CARTESIAN_POINT ( 'NONE',  ( 7.100000000000000500, 6.099999999999999600, 0.0000000000000000000 ) ) ;
#2534 = DIRECTION ( 'NONE',  ( 0.0000000000000000000, 1.000000000000000000, 0.0000000000000000000 ) ) ;
#2535 = VECTOR ( 'NONE', #1558, 1000.000000000000000 ) ;
#2536 = AXIS2_PLACEMENT_3D ( 'NONE', #2474, #977, #2727 ) ;
#2537 = ORIENTED_EDGE ( 'NONE', *, *, #2649, .F. ) ;
#2538 = CARTESIAN_POINT ( 'NONE',  ( 0.3999999999999995800, 6.250000000000000000, -1.450000000000000600 ) ) ;
#2539 = EDGE_LOOP ( 'NONE', ( #1612, #767, #1115, #996, #1685 ) ) ;
#2540 = CARTESIAN_POINT ( 'NONE',  ( 5.300000000000001600, 6.279289321881346800, 0.8201010126776693300 ) ) ;
#2541 = DIRECTION ( 'NONE',  ( 0.0000000000000000000, 0.0000000000000000000, -1.000000000000000000 ) ) ;
#2542 = ORIENTED_EDGE ( 'NONE', *, *, #1300, .F. ) ;
#2543 = DIRECTION ( 'NONE',  ( 0.0000000000000000000, -0.0000000000000000000, 1.000000000000000000 ) ) ;
#2544 = ORIENTED_EDGE ( 'NONE', *, *, #1585, .T. ) ;
#2545 = ORIENTED_EDGE ( 'NONE', *, *, #2764, .F. ) ;
#2546 = CARTESIAN_POINT ( 'NONE',  ( -8.501085620833201500, 2.950000000000000600, 3.365347964567066500 ) ) ;
#2547 = CARTESIAN_POINT ( 'NONE',  ( -10.15000000000000200, 5.799999999999998000, -20.10000000000000100 ) ) ;
#2548 = EDGE_CURVE ( 'NONE', #1755, #3131, #191, .T. ) ;
#2549 = ORIENTED_EDGE ( 'NONE', *, *, #2094, .F. ) ;
#2550 = SURFACE_SIDE_STYLE ('',( #114 ) ) ;
#2551 = CARTESIAN_POINT ( 'NONE',  ( 8.233012701892219500, 6.299999999999999800, -0.5500000000000000400 ) ) ;
#2552 = LINE ( 'NONE', #352, #2642 ) ;
#2553 = ORIENTED_EDGE ( 'NONE', *, *, #155, .T. ) ;
#2554 = LINE ( 'NONE', #875, #3154 ) ;
#2555 = CARTESIAN_POINT ( 'NONE',  ( -10.14999999999999900, -4.000000000000001800, 2.000000000000000000 ) ) ;
#2556 = CARTESIAN_POINT ( 'NONE',  ( -10.15000000000000200, 3.949999999999998400, -20.10000000000000100 ) ) ;
#2557 = AXIS2_PLACEMENT_3D ( 'NONE', #514, #2304, #2032 ) ;
#2558 = LINE ( 'NONE', #1902, #1814 ) ;
#2559 = CARTESIAN_POINT ( 'NONE',  ( -8.486207290851107000, 2.950000000000001100, 3.402272707205736600 ) ) ;
#2560 = VECTOR ( 'NONE', #190, 1000.000000000000000 ) ;
#2561 = CARTESIAN_POINT ( 'NONE',  ( 9.949999999999995700, 5.975735931288076200, -20.09999999999999800 ) ) ;
#2562 = AXIS2_PLACEMENT_3D ( 'NONE', #2629, #2894, #1403 ) ;
#2563 = ORIENTED_EDGE ( 'NONE', *, *, #1021, .T. ) ;
#2564 = ADVANCED_FACE ( 'NONE', ( #771 ), #2069, .T. ) ;
#2565 = DIRECTION ( 'NONE',  ( 1.000000000000000000, 0.0000000000000000000, 8.809142651444724500E-016 ) ) ;
#2566 =( NAMED_UNIT ( * ) SI_UNIT ( $, .STERADIAN. ) SOLID_ANGLE_UNIT ( ) );
#2567 = CARTESIAN_POINT ( 'NONE',  ( 0.3823224418412953800, 2.150000000000000400, 1.107326914613245600 ) ) ;
#2568 = FACE_OUTER_BOUND ( 'NONE', #1086, .T. ) ;
#2569 = CARTESIAN_POINT ( 'NONE',  ( -9.124194906111781100E-016, -21.09163056034261200, 0.0000000000000000000 ) ) ;
#2570 = DIRECTION ( 'NONE',  ( -1.000000000000000000, 0.0000000000000000000, -0.0000000000000000000 ) ) ;
#2571 = DIRECTION ( 'NONE',  ( 6.002503377082380100E-017, -1.000000000000000000, -0.0000000000000000000 ) ) ;
#2572 = EDGE_CURVE ( 'NONE', #176, #1456, #2710, .T. ) ;
#2573 = ORIENTED_EDGE ( 'NONE', *, *, #860, .F. ) ;
#2574 = EDGE_CURVE ( 'NONE', #328, #392, #1947, .T. ) ;
#2575 = CARTESIAN_POINT ( 'NONE',  ( -8.457190413789838600, 2.949999999999999700, 3.472952071467259500 ) ) ;
#2576 = DIRECTION ( 'NONE',  ( -1.000000000000000000, 0.0000000000000000000, 0.0000000000000000000 ) ) ;
#2577 = ORIENTED_EDGE ( 'NONE', *, *, #893, .F. ) ;
#2578 = DIRECTION ( 'NONE',  ( 1.000000000000000000, 1.219258498469857800E-016, -4.956352788505164300E-016 ) ) ;
#2579 = CARTESIAN_POINT ( 'NONE',  ( -3.985745341212349600, 2.150000000000000800, 1.350000000000003200 ) ) ;
#2580 = VERTEX_POINT ( 'NONE', #2840 ) ;
#2581 = DIRECTION ( 'NONE',  ( -1.000000000000000000, 0.0000000000000000000, 1.239088197126290600E-016 ) ) ;
#2582 = EDGE_CURVE ( 'NONE', #1500, #1766, #1402, .T. ) ;
#2583 = DIRECTION ( 'NONE',  ( 0.0000000000000000000, 1.000000000000000000, 0.0000000000000000000 ) ) ;
#2584 = CARTESIAN_POINT ( 'NONE',  ( -9.149999999999995000, 2.949999999999999700, 1.108305353228354200E-015 ) ) ;
#2585 = ADVANCED_FACE ( 'NONE', ( #3025 ), #1997, .F. ) ;
#2586 = CARTESIAN_POINT ( 'NONE',  ( -8.413025054900540300, 2.949999999999999700, 3.578634896450272800 ) ) ;
#2587 = AXIS2_PLACEMENT_3D ( 'NONE', #504, #2033, #233 ) ;
#2588 = CARTESIAN_POINT ( 'NONE',  ( -4.749390334559015200, 2.049999999999998900, -1.450000000000002000 ) ) ;
#2589 = ORIENTED_EDGE ( 'NONE', *, *, #1376, .F. ) ;
#2590 = LINE ( 'NONE', #3247, #1344 ) ;
#2591 = DIRECTION ( 'NONE',  ( 1.000000000000000000, 0.0000000000000000000, 0.0000000000000000000 ) ) ;
#2592 = CARTESIAN_POINT ( 'NONE',  ( -4.722988150564782800, 2.149999999999999900, 1.086095212514896800 ) ) ;
#2593 = EDGE_LOOP ( 'NONE', ( #2167, #2736, #3119, #1546 ) ) ;
#2594 = ORIENTED_EDGE ( 'NONE', *, *, #1735, .T. ) ;
#2595 = CARTESIAN_POINT ( 'NONE',  ( 7.800000000000000700, 6.099999999999999600, 0.0000000000000000000 ) ) ;
#2596 = DIRECTION ( 'NONE',  ( 1.000000000000000000, 0.0000000000000000000, -0.0000000000000000000 ) ) ;
#2597 = VERTEX_POINT ( 'NONE', #2141 ) ;
#2598 =( BOUNDED_CURVE ( )  B_SPLINE_CURVE ( 3, ( #2605, #82, #3106, #1635 ),
 .UNSPECIFIED., .F., .F. ) 
 B_SPLINE_CURVE_WITH_KNOTS ( ( 4, 4 ),
 ( 0.0000000000000000000, 1.000000000000000000 ),
 .UNSPECIFIED. ) 
 CURVE ( )  GEOMETRIC_REPRESENTATION_ITEM ( )  RATIONAL_B_SPLINE_CURVE ( ( 1.000000000000000000, 0.3333333333333333700, 0.3333333333333333700, 1.000000000000000000 ) ) 
 REPRESENTATION_ITEM ( '' )  );
#2599 = LINE ( 'NONE', #2482, #1264 ) ;
#2600 = CARTESIAN_POINT ( 'NONE',  ( -8.305492247743771400, 2.950000000000000200, 3.822874604879105100 ) ) ;
#2601 = EDGE_LOOP ( 'NONE', ( #509, #983, #3006, #2776, #2549, #1453, #142, #126 ) ) ;
#2602 = EDGE_CURVE ( 'NONE', #3125, #1456, #2150, .T. ) ;
#2603 = CIRCLE ( 'NONE', #3038, 0.04999999999999991300 ) ;
#2604 = ADVANCED_FACE ( 'NONE', ( #29 ), #3218, .T. ) ;
#2605 = CARTESIAN_POINT ( 'NONE',  ( 9.649999999999998600, 6.100000000000003200, 0.0000000000000000000 ) ) ;
#2606 = CARTESIAN_POINT ( 'NONE',  ( -5.170533938934282100, 2.149999999999999900, -0.4568479483159132400 ) ) ;
#2607 = LINE ( 'NONE', #2313, #2072 ) ;
#2608 = VECTOR ( 'NONE', #2789, 1000.000000000000000 ) ;
#2609 = ORIENTED_EDGE ( 'NONE', *, *, #1422, .T. ) ;
#2610 = DIRECTION ( 'NONE',  ( 0.0000000000000000000, 0.0000000000000000000, 1.000000000000000000 ) ) ;
#2611 = CARTESIAN_POINT ( 'NONE',  ( 10.14999999999999900, 2.025000000000038100, 2.000000000000000000 ) ) ;
#2612 = CARTESIAN_POINT ( 'NONE',  ( -9.950000000000001100, 1.849999999999998800, 2.000000000000000000 ) ) ;
#2613 = CIRCLE ( 'NONE', #1206, 8.500000000000000000 ) ;
#2614 = AXIS2_PLACEMENT_3D ( 'NONE', #2595, #2805, #2576 ) ;
#2615 = CARTESIAN_POINT ( 'NONE',  ( -8.072505421103269200, 2.949999999999999700, 4.301939822277271100 ) ) ;
#2616 = FACE_OUTER_BOUND ( 'NONE', #1051, .T. ) ;
#2617 = FACE_OUTER_BOUND ( 'NONE', #2023, .T. ) ;
#2618 = VERTEX_POINT ( 'NONE', #1662 ) ;
#2619 = DIRECTION ( 'NONE',  ( 1.000000000000000000, 4.501877532811783200E-017, 0.0000000000000000000 ) ) ;
#2620 = CARTESIAN_POINT ( 'NONE',  ( 0.7881391617939920200, 2.149999999999999900, -0.6442307942571218200 ) ) ;
#2621 = EDGE_LOOP ( 'NONE', ( #1853, #372, #1089, #1824 ) ) ;
#2622 = PLANE ( 'NONE',  #248 ) ;
#2623 = DIRECTION ( 'NONE',  ( 0.0000000000000000000, 0.0000000000000000000, -1.000000000000000000 ) ) ;
#2624 = ADVANCED_FACE ( 'NONE', ( #1305 ), #1924, .F. ) ;
#2625 = ORIENTED_EDGE ( 'NONE', *, *, #409, .T. ) ;
#2626 = EDGE_CURVE ( 'NONE', #1020, #2486, #2552, .T. ) ;
#2627 = CARTESIAN_POINT ( 'NONE',  ( -7.842080348565192000, 2.950000000000000600, 4.696428523830857000 ) ) ;
#2628 = ORIENTED_EDGE ( 'NONE', *, *, #961, .F. ) ;
#2629 = CARTESIAN_POINT ( 'NONE',  ( 0.0000000000000000000, 0.0000000000000000000, 0.0000000000000000000 ) ) ;
#2630 = CARTESIAN_POINT ( 'NONE',  ( -9.150000000000002100, 3.949999999999999700, 1.108305353228355000E-015 ) ) ;
#2631 = VERTEX_POINT ( 'NONE', #870 ) ;
#2632 = AXIS2_PLACEMENT_3D ( 'NONE', #424, #1981, #183 ) ;
#2633 = DIRECTION ( 'NONE',  ( 1.000000000000000000, -0.0000000000000000000, 0.0000000000000000000 ) ) ;
#2634 = PRESENTATION_LAYER_ASSIGNMENT (  '', '', ( #2146 ) ) ;
#2635 = CARTESIAN_POINT ( 'NONE',  ( 9.650000000000002100, 5.800000000000003400, 0.0000000000000000000 ) ) ;
#2636 = CARTESIAN_POINT ( 'NONE',  ( 3.387570226935651400, 2.049999999999999800, -1.549999999999999400 ) ) ;
#2637 = ADVANCED_FACE ( 'NONE', ( #528 ), #2471, .T. ) ;
#2638 =( NAMED_UNIT ( * ) SI_UNIT ( $, .STERADIAN. ) SOLID_ANGLE_UNIT ( ) );
#2639 = DIRECTION ( 'NONE',  ( 1.219258498469858100E-016, -1.000000000000000000, 0.0000000000000000000 ) ) ;
#2640 = CARTESIAN_POINT ( 'NONE',  ( -3.158530377280008400, 2.950000000000001100, -8.522572154867512900 ) ) ;
#2641 = EDGE_CURVE ( 'NONE', #1500, #1899, #1231, .T. ) ;
#2642 = VECTOR ( 'NONE', #339, 1000.000000000000000 ) ;
#2643 = CARTESIAN_POINT ( 'NONE',  ( -3.100000000000000500, 6.099999999999999600, 0.0000000000000000000 ) ) ;
#2644 = CARTESIAN_POINT ( 'NONE',  ( -7.632991633519687000, 2.950000000000000600, 5.016203204211704400 ) ) ;
#2645 = CIRCLE ( 'NONE', #2042, 0.5500000000000001600 ) ;
#2646 = DIRECTION ( 'NONE',  ( -1.000000000000000000, -2.965339275174029000E-016, 0.0000000000000000000 ) ) ;
#2647 = ORIENTED_EDGE ( 'NONE', *, *, #3152, .F. ) ;
#2648 = FACE_OUTER_BOUND ( 'NONE', #2456, .T. ) ;
#2649 = EDGE_CURVE ( 'NONE', #487, #568, #618, .T. ) ;
#2650 = CARTESIAN_POINT ( 'NONE',  ( 10.35000000000000000, 5.899999999999998600, 2.000000000000000000 ) ) ;
#2651 = VERTEX_POINT ( 'NONE', #130 ) ;
#2652 = CARTESIAN_POINT ( 'NONE',  ( 1.410518688470865600, 2.950000000000002000, -8.923118489220030400 ) ) ;
#2653 = PRESENTATION_LAYER_ASSIGNMENT (  '', '', ( #2470 ) ) ;
#2654 = DIRECTION ( 'NONE',  ( -6.002503377082380100E-017, 1.000000000000000000, 0.0000000000000000000 ) ) ;
#2655 = CYLINDRICAL_SURFACE ( 'NONE', #1695, 0.5499999999999997100 ) ;
#2656 = DIRECTION ( 'NONE',  ( 0.0000000000000000000, 0.0000000000000000000, 1.000000000000000000 ) ) ;
#2657 = VERTEX_POINT ( 'NONE', #619 ) ;
#2658 = DIRECTION ( 'NONE',  ( 0.0000000000000000000, 1.000000000000000000, 0.0000000000000000000 ) ) ;
#2659 = ORIENTED_EDGE ( 'NONE', *, *, #1159, .T. ) ;
#2660 = CARTESIAN_POINT ( 'NONE',  ( 4.593923500340065600, 2.950000000000002800, -7.737949396857754200 ) ) ;
#2661 = VERTEX_POINT ( 'NONE', #2650 ) ;
#2662 = DIRECTION ( 'NONE',  ( 1.000000000000000000, 2.252887631138711300E-016, 0.0000000000000000000 ) ) ;
#2663 = EDGE_CURVE ( 'NONE', #1009, #2937, #3151, .T. ) ;
#2664 = EDGE_LOOP ( 'NONE', ( #2382, #1213, #2951, #2093 ) ) ;
#2665 = CARTESIAN_POINT ( 'NONE',  ( 7.100000000000000500, 6.299999999999999800, 0.0000000000000000000 ) ) ;
#2666 = DIRECTION ( 'NONE',  ( -0.0000000000000000000, -1.000000000000000000, 8.131516293641279600E-017 ) ) ;
#2667 = CARTESIAN_POINT ( 'NONE',  ( 8.105492247746514800, 2.950000000000004200, -3.822874604876077300 ) ) ;
#2668 = EDGE_LOOP ( 'NONE', ( #2055, #556, #2545, #3128 ) ) ;
#2669 = AXIS2_PLACEMENT_3D ( 'NONE', #2462, #2005, #447 ) ;
#2670 = VECTOR ( 'NONE', #1818, 1000.000000000000000 ) ;
#2671 = EDGE_LOOP ( 'NONE', ( #2542, #1248, #208, #2709 ) ) ;
#2672 = ORIENTED_EDGE ( 'NONE', *, *, #3036, .T. ) ;
#2673 = DIRECTION ( 'NONE',  ( 1.000000000000000000, 0.0000000000000000000, -0.0000000000000000000 ) ) ;
#2674 = FACE_OUTER_BOUND ( 'NONE', #440, .T. ) ;
#2675 = DIRECTION ( 'NONE',  ( 0.0000000000000000000, 0.0000000000000000000, -1.000000000000000000 ) ) ;
#2676 = CARTESIAN_POINT ( 'NONE',  ( 8.949999999999992200, 2.950000000000004600, -0.5537201858902212100 ) ) ;
#2677 = CARTESIAN_POINT ( 'NONE',  ( -2.400000000000001200, 6.250000000000001800, -1.400000000000001000 ) ) ;
#2678 = EDGE_CURVE ( 'NONE', #3238, #323, #452, .T. ) ;
#2679 = VECTOR ( 'NONE', #765, 1000.000000000000000 ) ;
#2680 = VERTEX_POINT ( 'NONE', #1683 ) ;
#2681 = VECTOR ( 'NONE', #443, 1000.000000000000000 ) ;
#2682 = DIRECTION ( 'NONE',  ( -0.0000000000000000000, -1.000000000000000000, -0.0000000000000000000 ) ) ;
#2683 = SURFACE_STYLE_USAGE ( .BOTH. , #1189 ) ;
#2684 = CARTESIAN_POINT ( 'NONE',  ( -9.735786437626904500, 2.949999999999995700, 1.180043501810726200E-015 ) ) ;
#2685 = AXIS2_PLACEMENT_3D ( 'NONE', #776, #2305, #519 ) ;
#2686 = CARTESIAN_POINT ( 'NONE',  ( -0.3999999999999993000, 2.150000000000000800, -1.350000000000000500 ) ) ;
#2687 = DIRECTION ( 'NONE',  ( -1.219258498469858100E-016, 1.000000000000000000, -0.0000000000000000000 ) ) ;
#2688 = ORIENTED_EDGE ( 'NONE', *, *, #1584, .T. ) ;
#2689 = CARTESIAN_POINT ( 'NONE',  ( -4.720101012677667500, 2.070710678118652800, 1.400000000000004800 ) ) ;
#2690 = ORIENTED_EDGE ( 'NONE', *, *, #976, .T. ) ;
#2691 = CARTESIAN_POINT ( 'NONE',  ( 2.500000000000002200, 2.049999999999999800, 1.450000000000000800 ) ) ;
#2692 = FILL_AREA_STYLE_COLOUR ( '', #1880 ) ;
#2693 = EDGE_LOOP ( 'NONE', ( #2982, #546, #651, #1560 ) ) ;
#2694 = CARTESIAN_POINT ( 'NONE',  ( -7.499870931604103700, 2.950000000000000600, 5.210661642770644700 ) ) ;
#2695 = PLANE ( 'NONE',  #656 ) ;
#2696 = EDGE_LOOP ( 'NONE', ( #3103, #84, #406, #793 ) ) ;
#2697 = DIRECTION ( 'NONE',  ( 1.219258498469858100E-016, -1.000000000000000000, 0.0000000000000000000 ) ) ;
#2698 = ORIENTED_EDGE ( 'NONE', *, *, #3084, .T. ) ;
#2699 = DIRECTION ( 'NONE',  ( 1.219258498469858100E-016, -1.000000000000000000, 0.0000000000000000000 ) ) ;
#2700 = DIRECTION ( 'NONE',  ( -0.0000000000000000000, -0.0000000000000000000, -1.000000000000000000 ) ) ;
#2701 = EDGE_CURVE ( 'NONE', #1171, #1978, #3061, .T. ) ;
#2702 = CARTESIAN_POINT ( 'NONE',  ( -7.364588225870327200, 2.950000000000000600, 5.401120354193940500 ) ) ;
#2703 = AXIS2_PLACEMENT_3D ( 'NONE', #2464, #1493, #3221 ) ;
#2704 = DIRECTION ( 'NONE',  ( -0.0000000000000000000, -0.0000000000000000000, -1.000000000000000000 ) ) ;
#2705 = EDGE_LOOP ( 'NONE', ( #1895, #1904, #805, #1096 ) ) ;
#2706 = LINE ( 'NONE', #274, #1841 ) ;
#2707 = CARTESIAN_POINT ( 'NONE',  ( 0.3999999999999994700, 6.199999999999999300, 1.379289321881346000 ) ) ;
#2708 = ADVANCED_FACE ( 'NONE', ( #1064 ), #374, .F. ) ;
#2709 = ORIENTED_EDGE ( 'NONE', *, *, #3164, .F. ) ;
#2710 = CIRCLE ( 'NONE', #49, 10.05000000000000100 ) ;
#2711 = CARTESIAN_POINT ( 'NONE',  ( -2.438516996939715600E-017, 2.249999999999999600, -0.5500000000000000400 ) ) ;
#2712 = CARTESIAN_POINT ( 'NONE',  ( 9.650000000000000400, 6.100000000000003200, -19.50000000000000000 ) ) ;
#2713 = ORIENTED_EDGE ( 'NONE', *, *, #325, .T. ) ;
#2714 = LINE ( 'NONE', #1371, #2154 ) ;
#2715 = DIRECTION ( 'NONE',  ( -1.000000000000000000, -2.252887631138711300E-016, 0.0000000000000000000 ) ) ;
#2716 = ORIENTED_EDGE ( 'NONE', *, *, #1770, .F. ) ;
#2717 = CIRCLE ( 'NONE', #1839, 8.500000000000000000 ) ;
#2718 = EDGE_CURVE ( 'NONE', #2038, #810, #379, .T. ) ;
#2719 = CARTESIAN_POINT ( 'NONE',  ( -7.799999999999999800, 2.249999999999998200, 0.0000000000000000000 ) ) ;
#2720 = EDGE_LOOP ( 'NONE', ( #1552, #3167, #2020, #1350 ) ) ;
#2721 = DIRECTION ( 'NONE',  ( 1.000000000000000000, -0.0000000000000000000, 0.0000000000000000000 ) ) ;
#2722 = AXIS2_PLACEMENT_3D ( 'NONE', #1905, #2790, #348 ) ;
#2723 = CARTESIAN_POINT ( 'NONE',  ( -4.500000000000000000, 6.299999999999999800, -1.099999999999999400 ) ) ;
#2724 = VERTEX_POINT ( 'NONE', #1692 ) ;
#2725 = PRODUCT_DEFINITION ( 'UNKNOWN', '', #2909, #698 ) ;
#2726 = ORIENTED_EDGE ( 'NONE', *, *, #295, .T. ) ;
#2727 = DIRECTION ( 'NONE',  ( -1.000000000000000000, 0.0000000000000000000, 0.0000000000000000000 ) ) ;
#2728 = UNCERTAINTY_MEASURE_WITH_UNIT (LENGTH_MEASURE( 1.000000000000000100E-005 ), #2081, 'distance_accuracy_value', 'NONE');
#2729 = ORIENTED_EDGE ( 'NONE', *, *, #2292, .T. ) ;
#2730 = CARTESIAN_POINT ( 'NONE',  ( 7.366987298107781100, 6.299999999999999800, 0.5499999999999999300 ) ) ;
#2731 = DIRECTION ( 'NONE',  ( 2.252887631138711300E-016, -1.000000000000000000, 0.0000000000000000000 ) ) ;
#2732 = EDGE_CURVE ( 'NONE', #27, #1651, #2987, .T. ) ;
#2733 = CARTESIAN_POINT ( 'NONE',  ( -7.799999999999999800, 2.049999999999997600, 0.0000000000000000000 ) ) ;
#2734 = LINE ( 'NONE', #1670, #972 ) ;
#2735 = EDGE_CURVE ( 'NONE', #455, #1286, #2331, .T. ) ;
#2736 = ORIENTED_EDGE ( 'NONE', *, *, #44, .T. ) ;
#2737 = CARTESIAN_POINT ( 'NONE',  ( 3.900000000000000400, 6.199999999999999300, 1.379289321881346900 ) ) ;
#2738 = DIRECTION ( 'NONE',  ( -6.002503377082380100E-017, 1.000000000000000000, 0.0000000000000000000 ) ) ;
#2739 = EDGE_LOOP ( 'NONE', ( #2553, #171 ) ) ;
#2740 = CARTESIAN_POINT ( 'NONE',  ( 4.749390334559012500, 6.299999999999998000, -1.450000000000000200 ) ) ;
#2741 = FACE_OUTER_BOUND ( 'NONE', #1643, .T. ) ;
#2742 = PLANE ( 'NONE',  #2824 ) ;
#2743 = ORIENTED_EDGE ( 'NONE', *, *, #840, .T. ) ;
#2744 = DIRECTION ( 'NONE',  ( 1.000000000000000000, -0.0000000000000000000, -1.239088197126290600E-016 ) ) ;
#2745 = CARTESIAN_POINT ( 'NONE',  ( -6.658578643762697700, 2.150000000000000800, 1.379289321881353800 ) ) ;
#2746 = VERTEX_POINT ( 'NONE', #907 ) ;
#2747 = EDGE_CURVE ( 'NONE', #2631, #265, #1769, .T. ) ;
#2748 = ORIENTED_EDGE ( 'NONE', *, *, #2900, .T. ) ;
#2749 = CARTESIAN_POINT ( 'NONE',  ( -7.032613090997118700, 2.949999999999999700, 5.832118735969491900 ) ) ;
#2750 = CARTESIAN_POINT ( 'NONE',  ( 6.742893218813453200, 2.250000000000001300, 0.0000000000000000000 ) ) ;
#2751 = VECTOR ( 'NONE', #2228, 1000.000000000000000 ) ;
#2752 = STYLED_ITEM ( 'NONE', ( #1196 ), #1984 ) ;
#2753 = ORIENTED_EDGE ( 'NONE', *, *, #3220, .T. ) ;
#2754 = CIRCLE ( 'NONE', #1263, 0.2999999999999999300 ) ;
#2755 = LINE ( 'NONE', #3255, #1966 ) ;
#2756 = CARTESIAN_POINT ( 'NONE',  ( -5.116203204212134800, 2.950000000000001500, -7.532991633519261900 ) ) ;
#2757 = ORIENTED_EDGE ( 'NONE', *, *, #2424, .F. ) ;
#2758 = FACE_OUTER_BOUND ( 'NONE', #910, .T. ) ;
#2759 = FACE_OUTER_BOUND ( 'NONE', #3243, .T. ) ;
#2760 = PLANE ( 'NONE',  #2771 ) ;
#2761 = ORIENTED_EDGE ( 'NONE', *, *, #1994, .T. ) ;
#2762 = CARTESIAN_POINT ( 'NONE',  ( -9.735786437626902800, 2.949999999999995700, 19.27157287525380300 ) ) ;
#2763 = LINE ( 'NONE', #1041, #1445 ) ;
#2764 = EDGE_CURVE ( 'NONE', #1180, #3163, #289, .T. ) ;
#2765 = DIRECTION ( 'NONE',  ( -1.219258498469857800E-016, 1.000000000000000000, 0.0000000000000000000 ) ) ;
#2766 = ORIENTED_EDGE ( 'NONE', *, *, #1436, .T. ) ;
#2767 = CARTESIAN_POINT ( 'NONE',  ( -7.366987298107780200, 2.049999999999998500, 0.5499999999999999300 ) ) ;
#2768 = CARTESIAN_POINT ( 'NONE',  ( -9.124194906111781100E-016, 6.100000000000001400, 0.0000000000000000000 ) ) ;
#2769 = ORIENTED_EDGE ( 'NONE', *, *, #933, .F. ) ;
#2770 = CARTESIAN_POINT ( 'NONE',  ( -6.720093567115424300, 2.950000000000001100, 6.178565443413441800 ) ) ;
#2771 = AXIS2_PLACEMENT_3D ( 'NONE', #2844, #2977, #3086 ) ;
#2772 = CARTESIAN_POINT ( 'NONE',  ( -0.4000000000000289400, 2.099999999999999200, 1.400000000000000600 ) ) ;
#2773 = ORIENTED_EDGE ( 'NONE', *, *, #2936, .T. ) ;
#2774 = CARTESIAN_POINT ( 'NONE',  ( -5.300000000000003400, 2.099999999999998800, -0.8201010126776668900 ) ) ;
#2775 = CARTESIAN_POINT ( 'NONE',  ( 9.825735931288074100, 6.100000000000004100, 19.85147186257614400 ) ) ;
#2776 = ORIENTED_EDGE ( 'NONE', *, *, #3010, .F. ) ;
#2777 = DIRECTION ( 'NONE',  ( 1.000000000000000000, -0.0000000000000000000, 0.0000000000000000000 ) ) ;
#2778 = CARTESIAN_POINT ( 'NONE',  ( -5.350000000000002300, 2.049999999999998500, -0.8493903345590116900 ) ) ;
#2779 = LINE ( 'NONE', #1485, #607 ) ;
#2780 = CARTESIAN_POINT ( 'NONE',  ( 9.535786437626903500, 2.949999999999999700, 19.27157287525380300 ) ) ;
#2781 = EDGE_CURVE ( 'NONE', #2200, #435, #1336, .T. ) ;
#2782 = ORIENTED_EDGE ( 'NONE', *, *, #2092, .F. ) ;
#2783 = DIRECTION ( 'NONE',  ( 1.000000000000000000, 0.0000000000000000000, 0.0000000000000000000 ) ) ;
#2784 = DIRECTION ( 'NONE',  ( 1.219258498469858100E-016, -1.000000000000000000, 0.0000000000000000000 ) ) ;
#2785 = VERTEX_POINT ( 'NONE', #2686 ) ;
#2786 = CARTESIAN_POINT ( 'NONE',  ( -4.500000000000000900, 6.299999999999999800, 2.000000000000000000 ) ) ;
#2787 = LINE ( 'NONE', #502, #1472 ) ;
#2788 = DIRECTION ( 'NONE',  ( -1.000000000000000000, 0.0000000000000000000, -1.239088197126290300E-016 ) ) ;
#2789 = DIRECTION ( 'NONE',  ( 0.0000000000000000000, 0.0000000000000000000, 1.000000000000000000 ) ) ;
#2790 = DIRECTION ( 'NONE',  ( 2.252887631138711300E-016, -1.000000000000000000, 0.0000000000000000000 ) ) ;
#2791 = AXIS2_PLACEMENT_3D ( 'NONE', #1991, #1222, #701 ) ;
#2792 = VECTOR ( 'NONE', #3067, 1000.000000000000000 ) ;
#2793 = CARTESIAN_POINT ( 'NONE',  ( 9.535786437626905300, 2.949999999999999700, 0.0000000000000000000 ) ) ;
#2794 = DIRECTION ( 'NONE',  ( 0.0000000000000000000, 0.0000000000000000000, 1.000000000000000000 ) ) ;
#2795 = EDGE_LOOP ( 'NONE', ( #2307, #3201, #36, #2948 ) ) ;
#2796 = UNCERTAINTY_MEASURE_WITH_UNIT (LENGTH_MEASURE( 1.000000000000000100E-005 ), #926, 'distance_accuracy_value', 'NONE');
#2797 = MECHANICAL_DESIGN_GEOMETRIC_PRESENTATION_REPRESENTATION (  '', ( #2146 ), #2966 ) ;
#2798 = CIRCLE ( 'NONE', #1720, 1.599999999999999900 ) ;
#2799 = CARTESIAN_POINT ( 'NONE',  ( 3.900000000000000400, 6.279289321881347700, 1.400000000000002400 ) ) ;
#2800 = CARTESIAN_POINT ( 'NONE',  ( -10.35000000000000100, 1.849999999999998800, 2.000000000000000000 ) ) ;
#2801 = VERTEX_POINT ( 'NONE', #1192 ) ;
#2802 = VECTOR ( 'NONE', #1121, 1000.000000000000000 ) ;
#2803 = CARTESIAN_POINT ( 'NONE',  ( -10.15000000000000000, 1.849999999999998800, 2.000000000000000000 ) ) ;
#2804 = VECTOR ( 'NONE', #358, 1000.000000000000000 ) ;
#2805 = DIRECTION ( 'NONE',  ( -6.002503377082380100E-017, 1.000000000000000000, 0.0000000000000000000 ) ) ;
#2806 = PLANE ( 'NONE',  #1364 ) ;
#2807 = EDGE_CURVE ( 'NONE', #2651, #427, #904, .T. ) ;
#2808 = DIRECTION ( 'NONE',  ( 6.002503377082380100E-017, -1.000000000000000000, -0.0000000000000000000 ) ) ;
#2809 = ORIENTED_EDGE ( 'NONE', *, *, #2718, .F. ) ;
#2810 = CARTESIAN_POINT ( 'NONE',  ( 3.900000000000000400, 6.220710678118655900, 1.400000000000002600 ) ) ;
#2811 = VERTEX_POINT ( 'NONE', #929 ) ;
#2812 =( LENGTH_UNIT ( ) NAMED_UNIT ( * ) SI_UNIT ( .MILLI., .METRE. ) );
#2813 = CARTESIAN_POINT ( 'NONE',  ( -7.099999999999999600, 2.249999999999998700, 0.0000000000000000000 ) ) ;
#2814 = CARTESIAN_POINT ( 'NONE',  ( 2.275140453871300000, 2.249999999999999600, 0.4000000000000001900 ) ) ;
#2815 = EDGE_CURVE ( 'NONE', #622, #3146, #1602, .T. ) ;
#2816 = EDGE_LOOP ( 'NONE', ( #136, #2879, #2142, #2242, #3102 ) ) ;
#2817 = DIRECTION ( 'NONE',  ( 2.252887631138711300E-016, -1.000000000000000000, 0.0000000000000000000 ) ) ;
#2818 = DIRECTION ( 'NONE',  ( 0.0000000000000000000, -0.0000000000000000000, 1.000000000000000000 ) ) ;
#2819 = CARTESIAN_POINT ( 'NONE',  ( 9.950000000000001100, 3.364213562373095500, -2.461540066286180700E-015 ) ) ;
#2820 = ADVANCED_FACE ( 'NONE', ( #2841 ), #806, .T. ) ;
#2821 = MECHANICAL_DESIGN_GEOMETRIC_PRESENTATION_REPRESENTATION (  '', ( #2470 ), #2981 ) ;
#2822 = ORIENTED_EDGE ( 'NONE', *, *, #860, .T. ) ;
#2823 = CARTESIAN_POINT ( 'NONE',  ( -6.057761974983910700, 2.950000000000000600, 6.840818222387868600 ) ) ;
#2824 = AXIS2_PLACEMENT_3D ( 'NONE', #122, #21, #162 ) ;
#2825 = CARTESIAN_POINT ( 'NONE',  ( -10.02573593128807000, 6.099999999999999600, 1.215552073743381100E-015 ) ) ;
#2826 = DIRECTION ( 'NONE',  ( 1.000000000000000000, 1.219258498469857800E-016, 1.239088197126290300E-016 ) ) ;
#2827 = CARTESIAN_POINT ( 'NONE',  ( -8.691761572058691600, 2.950000000000000200, -2.850034371747733900 ) ) ;
#2828 = DIRECTION ( 'NONE',  ( 1.000000000000000000, 1.219258498469857800E-016, -0.0000000000000000000 ) ) ;
#2829 = CARTESIAN_POINT ( 'NONE',  ( 2.275140453871300000, 2.049999999999999800, -0.4000000000000001900 ) ) ;
#2830 = DIRECTION ( 'NONE',  ( 0.0000000000000000000, 1.000000000000000000, 0.0000000000000000000 ) ) ;
#2831 = ORIENTED_EDGE ( 'NONE', *, *, #147, .T. ) ;
#2832 = LINE ( 'NONE', #23, #1800 ) ;
#2833 = ORIENTED_EDGE ( 'NONE', *, *, #1945, .F. ) ;
#2834 = CARTESIAN_POINT ( 'NONE',  ( -9.149999999999995000, 2.950000000000000200, 1.108305353228354000E-015 ) ) ;
#2835 = CARTESIAN_POINT ( 'NONE',  ( 0.3999999999999995800, 6.250000000000000000, -1.350000000000000800 ) ) ;
#2836 = EDGE_CURVE ( 'NONE', #486, #2597, #724, .T. ) ;
#2837 = VECTOR ( 'NONE', #843, 1000.000000000000000 ) ;
#2838 = ADVANCED_FACE ( 'NONE', ( #986, #152 ), #683, .T. ) ;
#2839 = CARTESIAN_POINT ( 'NONE',  ( 4.500000000000001800, 2.250000000000000400, -2.699999999999999300 ) ) ;
#2840 = CARTESIAN_POINT ( 'NONE',  ( 8.233012701892219500, 6.099999999999999600, -0.5500000000000001600 ) ) ;
#2841 = FACE_OUTER_BOUND ( 'NONE', #864, .T. ) ;
#2842 = CARTESIAN_POINT ( 'NONE',  ( 7.800000000000000700, 6.299999999999999800, 0.0000000000000000000 ) ) ;
#2843 = FACE_OUTER_BOUND ( 'NONE', #221, .T. ) ;
#2844 = CARTESIAN_POINT ( 'NONE',  ( 7.366987298107781100, 6.099999999999999600, 0.5500000000000000400 ) ) ;
#2845 = DIRECTION ( 'NONE',  ( 1.219258498469858100E-016, -1.000000000000000000, 0.0000000000000000000 ) ) ;
#2846 = CIRCLE ( 'NONE', #1355, 1.599999999999999900 ) ;
#2847 = CARTESIAN_POINT ( 'NONE',  ( -5.574900951504314000, 2.950000000000000200, 7.233154154172917800 ) ) ;
#2848 = LINE ( 'NONE', #1795, #2114 ) ;
#2849 = CARTESIAN_POINT ( 'NONE',  ( 3.900000000000000400, 6.250000000000000000, -1.450000000000001100 ) ) ;
#2850 = DIRECTION ( 'NONE',  ( 1.000000000000000000, -0.0000000000000000000, 0.0000000000000000000 ) ) ;
#2851 = EDGE_LOOP ( 'NONE', ( #3134, #780, #2151, #2862 ) ) ;
#2852 = CIRCLE ( 'NONE', #2083, 0.04999999999999991300 ) ;
#2853 = CIRCLE ( 'NONE', #2942, 1.400000000000001900 ) ;
#2854 = CARTESIAN_POINT ( 'NONE',  ( 8.949999999999990400, 2.950000000000003700, 0.0000000000000000000 ) ) ;
#2855 = CARTESIAN_POINT ( 'NONE',  ( -5.007326914613320100, 2.149999999999999900, 0.7823224418412563200 ) ) ;
#2856 = DIRECTION ( 'NONE',  ( -1.000000000000000000, -6.002503377082378900E-017, -1.239088197126290600E-016 ) ) ;
#2857 = CARTESIAN_POINT ( 'NONE',  ( -6.650000000000002100, 2.250000000000000000, -13.09999999999999800 ) ) ;
#2858 = CARTESIAN_POINT ( 'NONE',  ( 4.500000000000000900, 2.049999999999999400, 2.000000000000000000 ) ) ;
#2859 = ADVANCED_FACE ( 'NONE', ( #2250 ), #2695, .T. ) ;
#2860 = EDGE_CURVE ( 'NONE', #2214, #2127, #1434, .T. ) ;
#2861 = CARTESIAN_POINT ( 'NONE',  ( -4.986916682714433300, 2.950000000000000600, 7.617516279323271400 ) ) ;
#2862 = ORIENTED_EDGE ( 'NONE', *, *, #688, .F. ) ;
#2863 = CARTESIAN_POINT ( 'NONE',  ( -5.086798491794623600, 2.150000000000000800, -0.6699357266838670300 ) ) ;
#2864 = ORIENTED_EDGE ( 'NONE', *, *, #147, .F. ) ;
#2865 = CARTESIAN_POINT ( 'NONE',  ( -10.15000000000000000, -1.778257590986686200E-015, -0.3750000000000015500 ) ) ;
#2866 = CARTESIAN_POINT ( 'NONE',  ( -4.499999999999999100, 6.099999999999999600, 2.699999999999999300 ) ) ;
#2867 = AXIS2_PLACEMENT_3D ( 'NONE', #2111, #2122, #575 ) ;
#2868 = CARTESIAN_POINT ( 'NONE',  ( -0.7073269146131847500, 6.200000000000003700, -0.7823224418414221900 ) ) ;
#2869 = VERTEX_POINT ( 'NONE', #693 ) ;
#2870 = ADVANCED_FACE ( 'NONE', ( #732 ), #2965, .F. ) ;
#2871 = CIRCLE ( 'NONE', #941, 1.400000000000001900 ) ;
#2872 = CARTESIAN_POINT ( 'NONE',  ( 10.35000000000000000, 5.899999999999998600, -2.000000000000000000 ) ) ;
#2873 = DIRECTION ( 'NONE',  ( -6.002503377082380100E-017, 1.000000000000000000, 0.0000000000000000000 ) ) ;
#2874 = CARTESIAN_POINT ( 'NONE',  ( 0.6860952125148470600, 2.149999999999999900, 0.8229881505648667400 ) ) ;
#2875 = DIRECTION ( 'NONE',  ( 6.002503377082380100E-017, -1.000000000000000000, -0.0000000000000000000 ) ) ;
#2876 = CARTESIAN_POINT ( 'NONE',  ( 0.3999999999999995800, 6.250000000000000000, 1.350000000000000800 ) ) ;
#2877 = ORIENTED_EDGE ( 'NONE', *, *, #1058, .F. ) ;
#2878 = CARTESIAN_POINT ( 'NONE',  ( -4.923743685532394400, 2.949999999999999700, 7.657667029043992100 ) ) ;
#2879 = ORIENTED_EDGE ( 'NONE', *, *, #511, .T. ) ;
#2880 = CARTESIAN_POINT ( 'NONE',  ( 6.949999999999995700, 2.457106781186549200, -14.09999999999999800 ) ) ;
#2881 = VERTEX_POINT ( 'NONE', #1488 ) ;
#2882 =( NAMED_UNIT ( * ) PLANE_ANGLE_UNIT ( ) SI_UNIT ( $, .RADIAN. ) );
#2883 = EDGE_CURVE ( 'NONE', #1382, #392, #1513, .T. ) ;
#2884 = DIRECTION ( 'NONE',  ( -1.000000000000000000, -8.673617379884043400E-016, 1.224646799147353500E-016 ) ) ;
#2885 = VECTOR ( 'NONE', #3057, 1000.000000000000000 ) ;
#2886 =( BOUNDED_SURFACE ( )  B_SPLINE_SURFACE ( 3, 3, ( 
 ( #2049, #2691, #755, #413 ),
 ( #3165, #1201, #562, #109 ),
 ( #464, #1139, #1626, #1339 ),
 ( #719, #279, #1529, #78 ) ),
 .UNSPECIFIED., .F., .F., .F. ) 
 B_SPLINE_SURFACE_WITH_KNOTS ( ( 4, 4 ),
 ( 4, 4 ),
 ( 0.0000000000000000000, 1.000000000000000000 ),
 ( 0.0000000000000000000, 1.000000000000000000 ),
 .UNSPECIFIED. ) 
 GEOMETRIC_REPRESENTATION_ITEM ( )  RATIONAL_B_SPLINE_SURFACE ( (
 ( 1.000000000000000000, 0.3333333333333334300, 0.3333333333333334300, 1.000000000000000000),
 ( 0.8047378541243649400, 0.2682459513747884100, 0.2682459513747884100, 0.8047378541243649400),
 ( 0.8047378541243649400, 0.2682459513747884100, 0.2682459513747884100, 0.8047378541243649400),
 ( 1.000000000000000000, 0.3333333333333334300, 0.3333333333333334300, 1.000000000000000000) ) ) 
 REPRESENTATION_ITEM ( '' )  SURFACE ( )  );
#2887 = DIRECTION ( 'NONE',  ( -6.002503377082380100E-017, 1.000000000000000000, 0.0000000000000000000 ) ) ;
#2888 = ADVANCED_FACE ( 'NONE', ( #2674 ), #657, .T. ) ;
#2889 = LINE ( 'NONE', #1374, #955 ) ;
#2890 = CARTESIAN_POINT ( 'NONE',  ( -4.793923500339874800, 2.950000000000001100, 7.737949396857596100 ) ) ;
#2891 = VERTEX_POINT ( 'NONE', #2469 ) ;
#2892 = CARTESIAN_POINT ( 'NONE',  ( 4.500000000000000900, 2.250000000000000400, 2.000000000000000000 ) ) ;
#2893 = CARTESIAN_POINT ( 'NONE',  ( 5.350000000000000500, 6.299999999999999800, 1.366094737331735600E-015 ) ) ;
#2894 = DIRECTION ( 'NONE',  ( 0.0000000000000000000, 0.0000000000000000000, 1.000000000000000000 ) ) ;
#2895 = DIRECTION ( 'NONE',  ( -6.002503377082380100E-017, 1.000000000000000000, 0.0000000000000000000 ) ) ;
#2896 = CARTESIAN_POINT ( 'NONE',  ( -2.248604307527038300, 2.950000000000000600, -8.793438045561893900 ) ) ;
#2897 = ORIENTED_EDGE ( 'NONE', *, *, #537, .T. ) ;
#2898 = CARTESIAN_POINT ( 'NONE',  ( 9.949999999999999300, 5.899999999999998600, -2.000000000000000000 ) ) ;
#2899 = ORIENTED_EDGE ( 'NONE', *, *, #3257, .T. ) ;
#2900 = EDGE_CURVE ( 'NONE', #2869, #486, #1352, .T. ) ;
#2901 = CARTESIAN_POINT ( 'NONE',  ( -4.597877619961716200, 2.950000000000000200, 7.855797663876389300 ) ) ;
#2902 = CARTESIAN_POINT ( 'NONE',  ( -10.15000000000000000, 1.849999999999998800, 2.000000000000000000 ) ) ;
#2903 = ORIENTED_EDGE ( 'NONE', *, *, #3126, .T. ) ;
#2904 = CARTESIAN_POINT ( 'NONE',  ( 10.14999999999999900, 0.3999999999999984700, -0.3750000000000003300 ) ) ;
#2905 = ORIENTED_EDGE ( 'NONE', *, *, #645, .F. ) ;
#2906 = CARTESIAN_POINT ( 'NONE',  ( 1.510711359068666000, 2.950000000000002000, -8.905583334728968100 ) ) ;
#2907 = AXIS2_PLACEMENT_3D ( 'NONE', #42, #1580, #110 ) ;
#2908 = VERTEX_POINT ( 'NONE', #2723 ) ;
#2909 = PRODUCT_DEFINITION_FORMATION_WITH_SPECIFIED_SOURCE ( 'ANY', '', #613, .NOT_KNOWN. ) ;
#2910 = ORIENTED_EDGE ( 'NONE', *, *, #2678, .T. ) ;
#2911 = FACE_OUTER_BOUND ( 'NONE', #2705, .T. ) ;
#2912 = DIRECTION ( 'NONE',  ( 0.0000000000000000000, 0.0000000000000000000, -1.000000000000000000 ) ) ;
#2913 = VECTOR ( 'NONE', #598, 1000.000000000000000 ) ;
#2914 = CARTESIAN_POINT ( 'NONE',  ( 4.786916682714370100, 2.950000000000002800, -7.617516279323399300 ) ) ;
#2915 = ORIENTED_EDGE ( 'NONE', *, *, #2815, .T. ) ;
#2916 = CARTESIAN_POINT ( 'NONE',  ( -2.550000000000000300, 6.099999999999999600, 6.735557395310443700E-017 ) ) ;
#2917 = EDGE_CURVE ( 'NONE', #2988, #1807, #2109, .T. ) ;
#2918 = EDGE_LOOP ( 'NONE', ( #3195, #813, #3035, #2910 ) ) ;
#2919 = CIRCLE ( 'NONE', #1821, 1.599999999999999900 ) ;
#2920 = CARTESIAN_POINT ( 'NONE',  ( -10.15000000000000200, 2.249999999999998200, 1.230770033143090100E-015 ) ) ;
#2921 = CARTESIAN_POINT ( 'NONE',  ( 10.35000000000000000, 5.899999999999998600, 2.000000000000000000 ) ) ;
#2922 = ORIENTED_EDGE ( 'NONE', *, *, #1522, .T. ) ;
#2923 = VECTOR ( 'NONE', #1149, 1000.000000000000000 ) ;
#2924 = EDGE_CURVE ( 'NONE', #1017, #471, #2028, .T. ) ;
#2925 = VERTEX_POINT ( 'NONE', #2246 ) ;
#2926 = CARTESIAN_POINT ( 'NONE',  ( 8.257190413790798500, 2.950000000000004600, -3.472952071466197700 ) ) ;
#2927 = CIRCLE ( 'NONE', #5, 0.7000000000000000700 ) ;
#2928 = DIRECTION ( 'NONE',  ( 6.002503377082380100E-017, -1.000000000000000000, -0.0000000000000000000 ) ) ;
#2929 = AXIS2_PLACEMENT_3D ( 'NONE', #2892, #430, #241 ) ;
#2930 = DIRECTION ( 'NONE',  ( -2.096811509994359100E-016, 0.7071067811865480200, -0.7071067811865470200 ) ) ;
#2931 = ORIENTED_EDGE ( 'NONE', *, *, #1203, .T. ) ;
#2932 = CARTESIAN_POINT ( 'NONE',  ( -6.649999999999997700, 2.250000000000000400, 8.143901214329897800E-016 ) ) ;
#2933 = EDGE_LOOP ( 'NONE', ( #102, #772, #93, #3234 ) ) ;
#2934 = ORIENTED_EDGE ( 'NONE', *, *, #448, .F. ) ;
#2935 = CARTESIAN_POINT ( 'NONE',  ( -0.09999999999999939500, 5.800000000000000700, 0.0000000000000000000 ) ) ;
#2936 = EDGE_CURVE ( 'NONE', #2244, #1537, #2599, .T. ) ;
#2937 = VERTEX_POINT ( 'NONE', #1499 ) ;
#2938 = FILL_AREA_STYLE ('',( #2692 ) ) ;
#2939 = EDGE_CURVE ( 'NONE', #474, #655, #76, .T. ) ;
#2940 = CARTESIAN_POINT ( 'NONE',  ( 8.949999999999990400, 2.950000000000003700, 0.0000000000000000000 ) ) ;
#2941 = ORIENTED_EDGE ( 'NONE', *, *, #1941, .T. ) ;
#2942 = AXIS2_PLACEMENT_3D ( 'NONE', #3194, #1, #795 ) ;
#2943 = VECTOR ( 'NONE', #1828, 1000.000000000000000 ) ;
#2944 = CARTESIAN_POINT ( 'NONE',  ( -5.300000000000002500, 2.099999999999998800, 1.409462824231155800E-015 ) ) ;
#2945 = ADVANCED_FACE ( 'NONE', ( #1963 ), #151, .T. ) ;
#2946 = VERTEX_POINT ( 'NONE', #222 ) ;
#2947 = ORIENTED_EDGE ( 'NONE', *, *, #1620, .F. ) ;
#2948 = ORIENTED_EDGE ( 'NONE', *, *, #203, .F. ) ;
#2949 = DIRECTION ( 'NONE',  ( -0.0000000000000000000, -1.000000000000000000, -0.0000000000000000000 ) ) ;
#2950 = CIRCLE ( 'NONE', #2511, 0.5500000000000001600 ) ;
#2951 = ORIENTED_EDGE ( 'NONE', *, *, #2807, .F. ) ;
#2952 = CARTESIAN_POINT ( 'NONE',  ( -4.131228014286997500, 2.950000000000000600, 8.112749960675685700 ) ) ;
#2953 = CARTESIAN_POINT ( 'NONE',  ( 2.500000000000002700, 2.049999999999998900, -1.450000000000000600 ) ) ;
#2954 = DIRECTION ( 'NONE',  ( 1.000000000000000000, 0.0000000000000000000, 0.0000000000000000000 ) ) ;
#2955 = EDGE_LOOP ( 'NONE', ( #341, #3100, #513, #872, #192 ) ) ;
#2956 = EDGE_CURVE ( 'NONE', #121, #3138, #1190, .T. ) ;
#2957 = DIRECTION ( 'NONE',  ( -1.219258498469858100E-016, 1.000000000000000000, -0.0000000000000000000 ) ) ;
#2958 = EDGE_CURVE ( 'NONE', #2214, #906, #3109, .T. ) ;
#2959 = VECTOR ( 'NONE', #2543, 1000.000000000000000 ) ;
#2960 = ORIENTED_EDGE ( 'NONE', *, *, #1255, .T. ) ;
#2961 = VECTOR ( 'NONE', #1917, 1000.000000000000000 ) ;
#2962 = ADVANCED_FACE ( 'NONE', ( #573 ), #2266, .F. ) ;
#2963 = CARTESIAN_POINT ( 'NONE',  ( -3.715455406921789500, 2.950000000000001500, 8.302091370084401200 ) ) ;
#2964 = AXIS2_PLACEMENT_3D ( 'NONE', #2440, #673, #2205 ) ;
#2965 = PLANE ( 'NONE',  #1008 ) ;
#2966 =( GEOMETRIC_REPRESENTATION_CONTEXT ( 3 ) GLOBAL_UNCERTAINTY_ASSIGNED_CONTEXT ( ( #3173 ) ) GLOBAL_UNIT_ASSIGNED_CONTEXT ( ( #2812, #1310, #3051 ) ) REPRESENTATION_CONTEXT ( 'NONE', 'WORKASPACE' ) );
#2967 = CARTESIAN_POINT ( 'NONE',  ( -2.300000000000001600, 6.200000000000002000, -1.350000000000000800 ) ) ;
#2968 = ORIENTED_EDGE ( 'NONE', *, *, #1021, .F. ) ;
#2969 = ORIENTED_EDGE ( 'NONE', *, *, #1502, .F. ) ;
#2970 = CARTESIAN_POINT ( 'NONE',  ( -3.294425383335924700, 2.950000000000001100, 8.467557809435973600 ) ) ;
#2971 = EDGE_CURVE ( 'NONE', #471, #180, #1111, .T. ) ;
#2972 = DIRECTION ( 'NONE',  ( -1.000000000000000000, -1.219258498469857800E-016, 4.956352788505164300E-016 ) ) ;
#2973 = ORIENTED_EDGE ( 'NONE', *, *, #626, .T. ) ;
#2974 = DIRECTION ( 'NONE',  ( 1.000000000000000000, 0.0000000000000000000, 0.0000000000000000000 ) ) ;
#2975 = ORIENTED_EDGE ( 'NONE', *, *, #15, .T. ) ;
#2976 =( BOUNDED_CURVE ( )  B_SPLINE_CURVE ( 3, ( #2215, #2207, #2148, #2137 ),
 .UNSPECIFIED., .F., .F. ) 
 B_SPLINE_CURVE_WITH_KNOTS ( ( 4, 4 ),
 ( 0.0000000000000000000, 1.000000000000000000 ),
 .UNSPECIFIED. ) 
 CURVE ( )  GEOMETRIC_REPRESENTATION_ITEM ( )  RATIONAL_B_SPLINE_CURVE ( ( 1.000000000000000000, 0.8047378541243646000, 0.8047378541243646000, 1.000000000000000000 ) ) 
 REPRESENTATION_ITEM ( '' )  );
#2977 = DIRECTION ( 'NONE',  ( 0.0000000000000000000, 0.0000000000000000000, 1.000000000000000000 ) ) ;
#2978 = EDGE_CURVE ( 'NONE', #1677, #3031, #3021, .T. ) ;
#2979 = ORIENTED_EDGE ( 'NONE', *, *, #186, .T. ) ;
#2980 = CARTESIAN_POINT ( 'NONE',  ( -3.191486352492042000, 2.950000000000000600, 8.506165739038918300 ) ) ;
#2981 =( GEOMETRIC_REPRESENTATION_CONTEXT ( 3 ) GLOBAL_UNCERTAINTY_ASSIGNED_CONTEXT ( ( #2487 ) ) GLOBAL_UNIT_ASSIGNED_CONTEXT ( ( #2325, #792, #2566 ) ) REPRESENTATION_CONTEXT ( 'NONE', 'WORKASPACE' ) );
#2982 = ORIENTED_EDGE ( 'NONE', *, *, #807, .T. ) ;
#2983 = AXIS2_PLACEMENT_3D ( 'NONE', #979, #717, #690 ) ;
#2984 = CARTESIAN_POINT ( 'NONE',  ( 6.599999999999998800, 6.200000000000002000, -1.349999999999998100 ) ) ;
#2985 = VECTOR ( 'NONE', #68, 1000.000000000000000 ) ;
#2986 = DIRECTION ( 'NONE',  ( -2.965339275174029000E-016, 1.000000000000000000, 0.0000000000000000000 ) ) ;
#2987 = LINE ( 'NONE', #2173, #1691 ) ;
#2988 = VERTEX_POINT ( 'NONE', #254 ) ;
#2989 = VECTOR ( 'NONE', #2176, 1000.000000000000000 ) ;
#2990 = CARTESIAN_POINT ( 'NONE',  ( -2.950034371744520500, 2.950000000000001100, 8.591761572061274800 ) ) ;
#2991 = DIRECTION ( 'NONE',  ( 1.000000000000000000, 0.0000000000000000000, 0.0000000000000000000 ) ) ;
#2992 = LINE ( 'NONE', #400, #912 ) ;
#2993 = EDGE_CURVE ( 'NONE', #469, #2004, #1022, .T. ) ;
#2994 = CARTESIAN_POINT ( 'NONE',  ( 4.749390334559013400, 6.299999999999997200, 1.450000000000001500 ) ) ;
#2995 = CIRCLE ( 'NONE', #1178, 0.7000000000000000700 ) ;
#2996 = LINE ( 'NONE', #2465, #1780 ) ;
#2997 = CARTESIAN_POINT ( 'NONE',  ( -4.499999999999999100, 6.099999999999999600, 1.099999999999999400 ) ) ;
#2998 = CARTESIAN_POINT ( 'NONE',  ( -3.900000000000001200, 2.129289321881345100, -1.400000000000001900 ) ) ;
#2999 = CARTESIAN_POINT ( 'NONE',  ( -2.462086775135622100, 2.950000000000001500, 8.744995893901292000 ) ) ;
#3000 = CARTESIAN_POINT ( 'NONE',  ( -6.942893218813450700, 2.249999999999998700, 13.68578643762690200 ) ) ;
#3001 = EDGE_LOOP ( 'NONE', ( #1659, #2979, #1045, #2726 ) ) ;
#3002 = CARTESIAN_POINT ( 'NONE',  ( 3.900000000000000400, 6.250000000000000000, -1.399999999999999700 ) ) ;
#3003 = ORIENTED_EDGE ( 'NONE', *, *, #2116, .T. ) ;
#3004 = CARTESIAN_POINT ( 'NONE',  ( 3.900000000000000400, 6.250000000000000000, 1.350000000000002800 ) ) ;
#3005 = CARTESIAN_POINT ( 'NONE',  ( -10.14999999999999900, 1.849999999999998800, -2.000000000000000000 ) ) ;
#3006 = ORIENTED_EDGE ( 'NONE', *, *, #3127, .F. ) ;
#3007 = CARTESIAN_POINT ( 'NONE',  ( -4.500000000000000900, 6.299999999999999800, -1.450000000000001300 ) ) ;
#3008 = CARTESIAN_POINT ( 'NONE',  ( 5.350000000000000500, 6.299999999999999800, 1.366094737331735600E-015 ) ) ;
#3009 = VERTEX_POINT ( 'NONE', #25 ) ;
#3010 = EDGE_CURVE ( 'NONE', #1593, #930, #414, .T. ) ;
#3011 = CARTESIAN_POINT ( 'NONE',  ( -5.350000000000004100, 2.049999999999998900, 1.301042606982605300E-015 ) ) ;
#3012 = CARTESIAN_POINT ( 'NONE',  ( -9.023111017955262300, 2.949999999999999700, -1.510559075435043100 ) ) ;
#3013 = FACE_BOUND ( 'NONE', #1887, .T. ) ;
#3014 = EDGE_LOOP ( 'NONE', ( #96, #1427, #1066, #2017 ) ) ;
#3015 = CARTESIAN_POINT ( 'NONE',  ( -10.35000000000000100, -4.000000000000001800, 0.3749999999999997200 ) ) ;
#3016 = CARTESIAN_POINT ( 'NONE',  ( -4.499999999999999100, 6.099999999999999600, 1.099999999999999400 ) ) ;
#3017 = ORIENTED_EDGE ( 'NONE', *, *, #702, .T. ) ;
#3018 = CARTESIAN_POINT ( 'NONE',  ( -2.035199746418527400, 2.950000000000001500, 8.845555579698947600 ) ) ;
#3019 = CARTESIAN_POINT ( 'NONE',  ( 2.400000000000063900, 2.129289321881344700, -1.400000000000001900 ) ) ;
#3020 = AXIS2_PLACEMENT_3D ( 'NONE', #39, #1840, #270 ) ;
#3021 = CIRCLE ( 'NONE', #1718, 0.04999999999999991300 ) ;
#3022 = AXIS2_PLACEMENT_3D ( 'NONE', #2611, #1892, #330 ) ;
#3023 = ORIENTED_EDGE ( 'NONE', *, *, #2641, .T. ) ;
#3024 = CARTESIAN_POINT ( 'NONE',  ( -10.02573593128807000, 6.099999999999999600, 1.215552073743381100E-015 ) ) ;
#3025 = FACE_OUTER_BOUND ( 'NONE', #2795, .T. ) ;
#3026 = ORIENTED_EDGE ( 'NONE', *, *, #527, .T. ) ;
#3027 = CARTESIAN_POINT ( 'NONE',  ( -10.15000000000000000, 1.624999999999998200, 2.000000000000000400 ) ) ;
#3028 = DIRECTION ( 'NONE',  ( 6.002503377082380100E-017, -1.000000000000000000, -0.0000000000000000000 ) ) ;
#3029 = EDGE_LOOP ( 'NONE', ( #1386, #3026, #1871, #1992 ) ) ;
#3030 = VECTOR ( 'NONE', #2697, 1000.000000000000000 ) ;
#3031 = VERTEX_POINT ( 'NONE', #2070 ) ;
#3032 = VECTOR ( 'NONE', #2320, 1000.000000000000000 ) ;
#3033 = CARTESIAN_POINT ( 'NONE',  ( -3.899999999999999900, 2.100000000000000500, 1.350000000000002800 ) ) ;
#3034 = DIRECTION ( 'NONE',  ( -2.965339275174029000E-016, 1.000000000000000000, -0.0000000000000000000 ) ) ;
#3035 = ORIENTED_EDGE ( 'NONE', *, *, #2029, .F. ) ;
#3036 = EDGE_CURVE ( 'NONE', #1497, #2226, #2950, .T. ) ;
#3037 = ORIENTED_EDGE ( 'NONE', *, *, #1915, .F. ) ;
#3038 = AXIS2_PLACEMENT_3D ( 'NONE', #3004, #1525, #3244 ) ;
#3039 = CARTESIAN_POINT ( 'NONE',  ( -1.710711359068830500, 2.950000000000002000, 8.905583334728872200 ) ) ;
#3040 = DIRECTION ( 'NONE',  ( 0.0000000000000000000, 1.000000000000000000, 0.0000000000000000000 ) ) ;
#3041 = ORIENTED_EDGE ( 'NONE', *, *, #2500, .T. ) ;
#3042 = CARTESIAN_POINT ( 'NONE',  ( 5.300000000000002500, 6.250000000000000000, 0.8201010126776692200 ) ) ;
#3043 = DIRECTION ( 'NONE',  ( 1.000000000000000000, 6.002503377082378900E-017, -6.123233995736766000E-017 ) ) ;
#3044 = ORIENTED_EDGE ( 'NONE', *, *, #468, .T. ) ;
#3045 = ORIENTED_EDGE ( 'NONE', *, *, #346, .F. ) ;
#3046 = CARTESIAN_POINT ( 'NONE',  ( 10.14999999999999900, 0.3999999999999987500, 0.3749999999999997800 ) ) ;
#3047 = DIRECTION ( 'NONE',  ( -1.224646799147353200E-016, -2.758991626312685700E-032, -1.000000000000000000 ) ) ;
#3048 = CARTESIAN_POINT ( 'NONE',  ( -8.233012701892217700, 2.249999999999998700, 0.5500000000000001600 ) ) ;
#3049 = EDGE_CURVE ( 'NONE', #435, #2925, #1729, .T. ) ;
#3050 = ADVANCED_FACE ( 'NONE', ( #2373 ), #1707, .T. ) ;
#3051 =( NAMED_UNIT ( * ) SI_UNIT ( $, .STERADIAN. ) SOLID_ANGLE_UNIT ( ) );
#3052 = DIRECTION ( 'NONE',  ( -2.252887631138711300E-016, 1.000000000000000000, -0.0000000000000000000 ) ) ;
#3053 = ORIENTED_EDGE ( 'NONE', *, *, #1275, .T. ) ;
#3054 = CARTESIAN_POINT ( 'NONE',  ( 3.900000000000000400, 6.299999999999999800, -1.450000000000000800 ) ) ;
#3055 = CIRCLE ( 'NONE', #3137, 8.500000000000000000 ) ;
#3056 = CARTESIAN_POINT ( 'NONE',  ( 3.900000000000000800, 6.299999999999999800, 1.450000000000001300 ) ) ;
#3057 = DIRECTION ( 'NONE',  ( -0.0000000000000000000, -1.000000000000000000, -0.0000000000000000000 ) ) ;
#3058 = CARTESIAN_POINT ( 'NONE',  ( -10.15000000000000200, 3.364213562373091100, -20.09999999999999800 ) ) ;
#3059 = EDGE_LOOP ( 'NONE', ( #2748, #1455, #3205, #2333 ) ) ;
#3060 = AXIS2_PLACEMENT_3D ( 'NONE', #2814, #1052, #524 ) ;
#3061 = CIRCLE ( 'NONE', #713, 8.500000000000000000 ) ;
#3062 = CARTESIAN_POINT ( 'NONE',  ( 9.825735931288068800, 6.100000000000005000, -19.85147186257614700 ) ) ;
#3063 = PRODUCT_RELATED_PRODUCT_CATEGORY ( 'part', '', ( #613 ) ) ;
#3064 = CIRCLE ( 'NONE', #3225, 0.7000000000000000700 ) ;
#3065 = FACE_OUTER_BOUND ( 'NONE', #1390, .T. ) ;
#3066 = CARTESIAN_POINT ( 'NONE',  ( -5.300000000000002500, 2.099999999999998800, 1.409462824231155800E-015 ) ) ;
#3067 = DIRECTION ( 'NONE',  ( -1.000000000000000000, -4.501877532811783200E-017, -0.0000000000000000000 ) ) ;
#3068 = ORIENTED_EDGE ( 'NONE', *, *, #1300, .T. ) ;
#3069 = CIRCLE ( 'NONE', #544, 8.500000000000000000 ) ;
#3070 = CARTESIAN_POINT ( 'NONE',  ( -8.606165739037409800, 2.949999999999999300, -3.091486352493916000 ) ) ;
#3071 = PLANE ( 'NONE',  #3116 ) ;
#3072 = DIRECTION ( 'NONE',  ( 1.000000000000000000, 0.0000000000000000000, 0.0000000000000000000 ) ) ;
#3073 = DIRECTION ( 'NONE',  ( -1.000000000000000000, 0.0000000000000000000, -8.131516293641284200E-016 ) ) ;
#3074 = ADVANCED_FACE ( 'NONE', ( #250 ), #1332, .T. ) ;
#3075 = CYLINDRICAL_SURFACE ( 'NONE', #2124, 10.05000000000000100 ) ;
#3076 =( BOUNDED_SURFACE ( )  B_SPLINE_SURFACE ( 3, 3, ( 
 ( #741, #2016, #239, #2044 ),
 ( #492, #2281, #753, #2514 ),
 ( #1019, #2775, #1277, #3024 ),
 ( #1545, #9, #1812, #249 ) ),
 .UNSPECIFIED., .F., .F., .F. ) 
 B_SPLINE_SURFACE_WITH_KNOTS ( ( 4, 4 ),
 ( 4, 4 ),
 ( 0.0000000000000000000, 1.000000000000000000 ),
 ( 0.0000000000000000000, 1.000000000000000000 ),
 .UNSPECIFIED. ) 
 GEOMETRIC_REPRESENTATION_ITEM ( )  RATIONAL_B_SPLINE_SURFACE ( (
 ( 1.000000000000000000, 0.3333333333333334300, 0.3333333333333334300, 1.000000000000000000),
 ( 0.8047378541243622700, 0.2682459513747875200, 0.2682459513747875200, 0.8047378541243622700),
 ( 0.8047378541243622700, 0.2682459513747875200, 0.2682459513747875200, 0.8047378541243622700),
 ( 1.000000000000000000, 0.3333333333333334300, 0.3333333333333334300, 1.000000000000000000) ) ) 
 REPRESENTATION_ITEM ( '' )  SURFACE ( )  );
#3077 = EDGE_CURVE ( 'NONE', #2403, #3228, #1648, .T. ) ;
#3078 = CARTESIAN_POINT ( 'NONE',  ( -7.588505546077949600, 2.950000000000001100, 5.082412475325385900 ) ) ;
#3079 = DIRECTION ( 'NONE',  ( 0.0000000000000000000, -0.0000000000000000000, -1.000000000000000000 ) ) ;
#3080 = CARTESIAN_POINT ( 'NONE',  ( 4.500000000000000900, 2.049999999999999400, -1.450000000000001700 ) ) ;
#3081 = ORIENTED_EDGE ( 'NONE', *, *, #2530, .T. ) ;
#3082 = DIRECTION ( 'NONE',  ( 2.252887631138711300E-016, -1.000000000000000000, 0.0000000000000000000 ) ) ;
#3083 = CARTESIAN_POINT ( 'NONE',  ( -9.040226275998508100, 2.950000000000001100, -1.408313052256329900 ) ) ;
#3084 = EDGE_CURVE ( 'NONE', #2283, #637, #2212, .T. ) ;
#3085 = ORIENTED_EDGE ( 'NONE', *, *, #2099, .F. ) ;
#3086 = DIRECTION ( 'NONE',  ( 1.000000000000000000, 0.0000000000000000000, -0.0000000000000000000 ) ) ;
#3087 = CARTESIAN_POINT ( 'NONE',  ( -2.275140453871299200, 6.299999999999999800, 0.4000000000000001900 ) ) ;
#3088 = AXIS2_PLACEMENT_3D ( 'NONE', #417, #3189, #1726 ) ;
#3089 = VERTEX_POINT ( 'NONE', #62 ) ;
#3090 = CARTESIAN_POINT ( 'NONE',  ( -1.678667161471200300, 2.950000000000002000, 8.911311317298448400 ) ) ;
#3091 = DIRECTION ( 'NONE',  ( 0.0000000000000000000, 0.0000000000000000000, 1.000000000000000000 ) ) ;
#3092 = DIRECTION ( 'NONE',  ( -1.000000000000000000, -6.002503377082378900E-017, -0.0000000000000000000 ) ) ;
#3093 = ORIENTED_EDGE ( 'NONE', *, *, #2663, .T. ) ;
#3094 = ADVANCED_FACE ( 'NONE', ( #855 ), #1094, .T. ) ;
#3095 = DIRECTION ( 'NONE',  ( -1.000000000000000000, 0.0000000000000000000, 2.503857664561935800E-016 ) ) ;
#3096 = CARTESIAN_POINT ( 'NONE',  ( -5.118357452626405300, 2.150000000000000400, 0.5820878881895102900 ) ) ;
#3097 = DIRECTION ( 'NONE',  ( 1.000000000000000000, 6.002503377082378900E-017, 0.0000000000000000000 ) ) ;
#3098 = CARTESIAN_POINT ( 'NONE',  ( -6.942893218813450700, 2.249999999999997800, 8.380127277327022200E-016 ) ) ;
#3099 = DIRECTION ( 'NONE',  ( -1.000000000000000000, 0.0000000000000000000, 3.552713678800500900E-015 ) ) ;
#3100 = ORIENTED_EDGE ( 'NONE', *, *, #1159, .F. ) ;
#3101 = CIRCLE ( 'NONE', #587, 8.500000000000000000 ) ;
#3102 = ORIENTED_EDGE ( 'NONE', *, *, #2883, .T. ) ;
#3103 = ORIENTED_EDGE ( 'NONE', *, *, #537, .F. ) ;
#3104 = CARTESIAN_POINT ( 'NONE',  ( 6.449999999999997500, 2.250000000000003100, -1.604287306883032300E-015 ) ) ;
#3105 = EDGE_CURVE ( 'NONE', #2631, #3031, #187, .T. ) ;
#3106 = CARTESIAN_POINT ( 'NONE',  ( -9.849999999999996100, 6.099999999999997900, 19.49999999999998900 ) ) ;
#3107 = EDGE_CURVE ( 'NONE', #906, #1020, #2787, .T. ) ;
#3108 = CARTESIAN_POINT ( 'NONE',  ( -4.788843625645318600, 2.149999999999999900, -1.020397156620306900 ) ) ;
#3109 = LINE ( 'NONE', #2040, #2436 ) ;
#3110 = CARTESIAN_POINT ( 'NONE',  ( 0.8843694881603176800, 2.150000000000000800, 0.4165018896769293600 ) ) ;
#3111 = ORIENTED_EDGE ( 'NONE', *, *, #434, .T. ) ;
#3112 = CIRCLE ( 'NONE', #2318, 7.050000000000000700 ) ;
#3113 = DIRECTION ( 'NONE',  ( 0.0000000000000000000, 1.000000000000000000, 0.0000000000000000000 ) ) ;
#3114 = DIRECTION ( 'NONE',  ( -6.002503377082380100E-017, 1.000000000000000000, 0.0000000000000000000 ) ) ;
#3115 = ADVANCED_FACE ( 'NONE', ( #2147 ), #477, .T. ) ;
#3116 = AXIS2_PLACEMENT_3D ( 'NONE', #2711, #11, #1083 ) ;
#3117 = EDGE_LOOP ( 'NONE', ( #516, #3250, #1330, #1097 ) ) ;
#3118 = CARTESIAN_POINT ( 'NONE',  ( -1.610518688468456600, 2.950000000000001500, 8.923118489220238200 ) ) ;
#3119 = ORIENTED_EDGE ( 'NONE', *, *, #1777, .T. ) ;
#3120 = LINE ( 'NONE', #2332, #3032 ) ;
#3121 = CARTESIAN_POINT ( 'NONE',  ( 4.500000000000000900, 2.049999999999999400, 1.450000000000000600 ) ) ;
#3122 = CARTESIAN_POINT ( 'NONE',  ( 7.800000000000000700, 6.099999999999999600, 0.0000000000000000000 ) ) ;
#3123 = MANIFOLD_SOLID_BREP ( 'Body-Move/Copy1[1]', #2463 ) ;
#3124 = CARTESIAN_POINT ( 'NONE',  ( -7.799999999999999800, 2.249999999999998700, 0.0000000000000000000 ) ) ;
#3125 = VERTEX_POINT ( 'NONE', #1844 ) ;
#3126 = EDGE_CURVE ( 'NONE', #272, #2946, #3147, .T. ) ;
#3127 = EDGE_CURVE ( 'NONE', #930, #105, #2706, .T. ) ;
#3128 = ORIENTED_EDGE ( 'NONE', *, *, #888, .F. ) ;
#3129 = ADVANCED_FACE ( 'NONE', ( #2066 ), #2398, .F. ) ;
#3130 = CARTESIAN_POINT ( 'NONE',  ( -4.499999999999999100, 6.099999999999999600, -2.699999999999999300 ) ) ;
#3131 = VERTEX_POINT ( 'NONE', #1590 ) ;
#3132 = CARTESIAN_POINT ( 'NONE',  ( 0.7867984917945066700, 2.150000000000000400, 0.6699357266839061100 ) ) ;
#3133 = AXIS2_PLACEMENT_3D ( 'NONE', #1722, #3185, #1452 ) ;
#3134 = ORIENTED_EDGE ( 'NONE', *, *, #1999, .T. ) ;
#3135 = DIRECTION ( 'NONE',  ( 0.0000000000000000000, 0.7071067811865561200, 0.7071067811865389100 ) ) ;
#3136 = DIRECTION ( 'NONE',  ( -1.000000000000000000, 0.0000000000000000000, 0.0000000000000000000 ) ) ;
#3137 = AXIS2_PLACEMENT_3D ( 'NONE', #2107, #558, #2354 ) ;
#3138 = VERTEX_POINT ( 'NONE', #1859 ) ;
#3139 = CARTESIAN_POINT ( 'NONE',  ( -1.508245968820305100, 2.950000000000002000, 8.940238685896259700 ) ) ;
#3140 = DIRECTION ( 'NONE',  ( 1.000000000000000000, 1.219258498469857800E-016, 1.239088197126290300E-016 ) ) ;
#3141 = DIRECTION ( 'NONE',  ( 0.0000000000000000000, 0.0000000000000000000, -1.000000000000000000 ) ) ;
#3142 = PRODUCT_CONTEXT ( 'NONE', #1908, 'mechanical' ) ;
#3143 = CARTESIAN_POINT ( 'NONE',  ( -1.890837481999146000, 2.950000000000000600, -8.871120926857658500 ) ) ;
#3144 = EDGE_CURVE ( 'NONE', #1832, #2185, #449, .T. ) ;
#3145 = DIRECTION ( 'NONE',  ( -0.0000000000000000000, -0.0000000000000000000, -1.000000000000000000 ) ) ;
#3146 = VERTEX_POINT ( 'NONE', #3066 ) ;
#3147 = CIRCLE ( 'NONE', #1467, 1.599999999999999900 ) ;
#3148 = CARTESIAN_POINT ( 'NONE',  ( -1.269259551966366800, 2.950000000000002400, 8.976051883026984900 ) ) ;
#3149 = ORIENTED_EDGE ( 'NONE', *, *, #133, .F. ) ;
#3150 = DIRECTION ( 'NONE',  ( -1.000000000000000000, -8.673617379884043400E-016, 1.224646799147353500E-016 ) ) ;
#3151 = LINE ( 'NONE', #2904, #2402 ) ;
#3152 = EDGE_CURVE ( 'NONE', #1697, #2104, #1765, .T. ) ;
#3153 = DIRECTION ( 'NONE',  ( 0.0000000000000000000, 1.000000000000000000, -0.0000000000000000000 ) ) ;
#3154 = VECTOR ( 'NONE', #612, 1000.000000000000000 ) ;
#3155 = CARTESIAN_POINT ( 'NONE',  ( 2.262086775137933400, 2.950000000000003300, -8.744995893899909900 ) ) ;
#3156 = CARTESIAN_POINT ( 'NONE',  ( -10.35000000000000500, -1.837815349215279400E-015, -0.3750000000000014400 ) ) ;
#3157 = FACE_OUTER_BOUND ( 'NONE', #2668, .T. ) ;
#3158 = AXIS2_PLACEMENT_3D ( 'NONE', #317, #278, #340 ) ;
#3159 = CARTESIAN_POINT ( 'NONE',  ( 5.300000000000001600, 6.250000000000000000, -0.8201010126776658900 ) ) ;
#3160 = CARTESIAN_POINT ( 'NONE',  ( 5.857761974988294500, 2.950000000000002000, -6.840818222382973000 ) ) ;
#3161 = ORIENTED_EDGE ( 'NONE', *, *, #2071, .T. ) ;
#3162 = CARTESIAN_POINT ( 'NONE',  ( -2.275140453871298700, 6.299999999999999800, 2.000000000000000000 ) ) ;
#3163 = VERTEX_POINT ( 'NONE', #54 ) ;
#3164 = EDGE_CURVE ( 'NONE', #2680, #1621, #3055, .T. ) ;
#3165 = CARTESIAN_POINT ( 'NONE',  ( -0.3999999999999993600, 2.049999999999998900, 1.420710678118655800 ) ) ;
#3166 = CARTESIAN_POINT ( 'NONE',  ( -8.233012701892217700, 2.049999999999998000, 0.5500000000000003800 ) ) ;
#3167 = ORIENTED_EDGE ( 'NONE', *, *, #409, .F. ) ;
#3168 = CARTESIAN_POINT ( 'NONE',  ( 4.500000000000000900, 2.049999999999999800, 2.000000000000000000 ) ) ;
#3169 = EDGE_LOOP ( 'NONE', ( #2065, #263 ) ) ;
#3170 = CARTESIAN_POINT ( 'NONE',  ( 8.301085620833415400, 2.950000000000003300, -3.365347964566870200 ) ) ;
#3171 = ORIENTED_EDGE ( 'NONE', *, *, #1665, .F. ) ;
#3172 = VECTOR ( 'NONE', #2277, 1000.000000000000000 ) ;
#3173 = UNCERTAINTY_MEASURE_WITH_UNIT (LENGTH_MEASURE( 1.000000000000000100E-005 ), #2812, 'distance_accuracy_value', 'NONE');
#3174 = ORIENTED_EDGE ( 'NONE', *, *, #2701, .F. ) ;
#3175 = CARTESIAN_POINT ( 'NONE',  ( -0.7898864342254797700, 2.950000000000001100, 9.031142563501816800 ) ) ;
#3176 = DIRECTION ( 'NONE',  ( -1.219258498469858100E-016, 1.000000000000000000, -0.0000000000000000000 ) ) ;
#3177 = PRESENTATION_STYLE_ASSIGNMENT (( #608 ) ) ;
#3178 = CARTESIAN_POINT ( 'NONE',  ( 2.550000000000001200, 2.250000000000000400, 6.735557395310438800E-017 ) ) ;
#3179 = EDGE_LOOP ( 'NONE', ( #2198, #14, #1689, #1540, #168, #2145, #1494, #726 ) ) ;
#3180 = VECTOR ( 'NONE', #1533, 1000.000000000000000 ) ;
#3181 = DIRECTION ( 'NONE',  ( 1.000000000000000000, 2.589139516383293800E-016, 0.0000000000000000000 ) ) ;
#3182 = EDGE_CURVE ( 'NONE', #2946, #2086, #375, .T. ) ;
#3183 = EDGE_LOOP ( 'NONE', ( #3198, #1348, #2563, #2753 ) ) ;
#3184 = VECTOR ( 'NONE', #1539, 1000.000000000000000 ) ;
#3185 = DIRECTION ( 'NONE',  ( -2.252887631138711300E-016, 1.000000000000000000, -0.0000000000000000000 ) ) ;
#3186 = ADVANCED_FACE ( 'NONE', ( #1688 ), #287, .F. ) ;
#3187 = FACE_OUTER_BOUND ( 'NONE', #1749, .T. ) ;
#3188 = CARTESIAN_POINT ( 'NONE',  ( -0.3765947035338519900, 2.950000000000002400, 9.050016208846036700 ) ) ;
#3189 = DIRECTION ( 'NONE',  ( 1.219258498469858100E-016, -1.000000000000000000, 0.0000000000000000000 ) ) ;
#3190 = ORIENTED_EDGE ( 'NONE', *, *, #2747, .T. ) ;
#3191 = CARTESIAN_POINT ( 'NONE',  ( -8.350000000000003200, 4.336808689942017700E-016, 0.3749999999999994400 ) ) ;
#3192 = CYLINDRICAL_SURFACE ( 'NONE', #1903, 0.2000000000000005100 ) ;
#3193 = CARTESIAN_POINT ( 'NONE',  ( -4.720101012677668400, 2.099999999999998800, 1.400000000000004600 ) ) ;
#3194 = CARTESIAN_POINT ( 'NONE',  ( -3.900000000000000800, 2.099999999999998800, 1.409462824231155800E-015 ) ) ;
#3195 = ORIENTED_EDGE ( 'NONE', *, *, #1143, .F. ) ;
#3196 = CARTESIAN_POINT ( 'NONE',  ( 8.805583334728911600, 2.950000000000004200, 1.610711359069021200 ) ) ;
#3197 = CARTESIAN_POINT ( 'NONE',  ( 2.500000000000002200, 2.049999999999998900, 1.450000000000001300 ) ) ;
#3198 = ORIENTED_EDGE ( 'NONE', *, *, #1979, .F. ) ;
#3199 = DIRECTION ( 'NONE',  ( 1.219258498469858100E-016, -1.000000000000000000, 0.0000000000000000000 ) ) ;
#3200 = CARTESIAN_POINT ( 'NONE',  ( -2.400000000000001200, 6.250000000000001800, 1.399999999999999900 ) ) ;
#3201 = ORIENTED_EDGE ( 'NONE', *, *, #1945, .T. ) ;
#3202 = CARTESIAN_POINT ( 'NONE',  ( 4.720101012677668400, 6.279289321881345000, -1.399999999999999700 ) ) ;
#3203 = CARTESIAN_POINT ( 'NONE',  ( -9.124194906111781100E-016, 2.950000000000001100, 8.500000000000000000 ) ) ;
#3204 = EDGE_CURVE ( 'NONE', #1180, #471, #1154, .T. ) ;
#3205 = ORIENTED_EDGE ( 'NONE', *, *, #1436, .F. ) ;
#3206 = DIRECTION ( 'NONE',  ( -1.000000000000000000, 0.0000000000000000000, 2.503857664561935800E-016 ) ) ;
#3207 = AXIS2_PLACEMENT_3D ( 'NONE', #967, #1242, #2986 ) ;
#3208 = DIRECTION ( 'NONE',  ( -1.000000000000000000, 0.0000000000000000000, -0.0000000000000000000 ) ) ;
#3209 = AXIS2_PLACEMENT_3D ( 'NONE', #2269, #2256, #2238 ) ;
#3210 = CARTESIAN_POINT ( 'NONE',  ( 0.3999999999999994100, 6.200000000000001100, 1.350000000000000800 ) ) ;
#3211 = VERTEX_POINT ( 'NONE', #1093 ) ;
#3212 = B_SPLINE_CURVE_WITH_KNOTS ( 'NONE', 3,
 ( #86, #547, #1624, #290, #3083, #3012, #2503, #1324, #1039, #57, #2827, #3070, #1861, #1594, #744, #2284, #1369, #1664, #2121, #2340, #1081, #818, #494, #1393, #2046, #1784, #226, #1257, #2756, #1002, #2495, #730, #2265, #470, #2386, #873, #2640, #1145, #2896, #1406, #3143, #1676, #132, #1922, #366, #2166, #621, #2394, #885, #2652, #1155, #2906, #1413, #3155, #1684, #137, #1937, #376, #2174, #633, #2405, #895, #2660, #1165, #2914, #1424, #3160, #1694, #143, #1946, #389, #2184, #644, #2416, #909, #2667, #1170, #2926, #1432, #3170, #1705, #158, #1956, #395, #2190, #654, #2423, #920, #2676, #1179 ),
 .UNSPECIFIED., .F., .F.,
 ( 4, 1, 1, 1, 2, 2, 1, 1, 1, 2, 2, 1, 1, 2, 2, 2, 1, 1, 2, 2, 1, 1, 1, 2, 2, 1, 1, 1, 2, 2, 2, 1, 1, 1, 2, 2, 1, 1, 1, 2, 2, 1, 1, 2, 2, 2, 1, 1, 2, 2, 1, 1, 1, 2, 2, 1, 1, 1, 2, 2, 4 ),
 ( 0.0000000000000000000, 0.03124999999999968800, 0.04687499999999953500, 0.05468749999999947300, 0.05859374999999944500, 0.06249999999999941700, 0.09374999999999914000, 0.1093749999999990100, 0.1171874999999989600, 0.1210937499999989000, 0.1249999999999988300, 0.1562499999999980000, 0.1718749999999976400, 0.1796874999999974200, 0.1874999999999972200, 0.2499999999999958400, 0.2812499999999950600, 0.2968749999999946700, 0.3046874999999944500, 0.3124999999999942800, 0.3437499999999935100, 0.3593749999999931200, 0.3671874999999928900, 0.3710937499999927800, 0.3749999999999927300, 0.4062499999999922800, 0.4218749999999920600, 0.4296874999999919500, 0.4335937499999918400, 0.4374999999999917300, 0.4999999999999912800, 0.5312499999999910100, 0.5468749999999909000, 0.5546874999999907900, 0.5585937499999907900, 0.5624999999999906700, 0.5937499999999906700, 0.6093749999999905600, 0.6171874999999904500, 0.6210937499999904500, 0.6249999999999904500, 0.6562499999999906700, 0.6718749999999909000, 0.6796874999999910100, 0.6874999999999911200, 0.7499999999999924500, 0.7812499999999931200, 0.7968749999999933400, 0.8046874999999935600, 0.8124999999999936700, 0.8437499999999941200, 0.8593749999999943400, 0.8671874999999944500, 0.8710937499999945600, 0.8749999999999945600, 0.9062499999999960000, 0.9218749999999967800, 0.9296874999999971100, 0.9335937499999973400, 0.9374999999999975600, 1.000000000000000000 ),
 .UNSPECIFIED. ) ;
#3213 = CARTESIAN_POINT ( 'NONE',  ( -9.849999999999999600, 6.099999999999997900, 1.201378509963553500E-015 ) ) ;
#3214 = ADVANCED_FACE ( 'NONE', ( #2328, #982 ), #1881, .T. ) ;
#3215 = VERTEX_POINT ( 'NONE', #314 ) ;
#3216 = CARTESIAN_POINT ( 'NONE',  ( 0.4531894070677060000, 2.950000000000002400, 9.049967582307907300 ) ) ;
#3217 = DIRECTION ( 'NONE',  ( 0.0000000000000000000, 0.0000000000000000000, 1.000000000000000000 ) ) ;
#3218 = CYLINDRICAL_SURFACE ( 'NONE', #898, 0.04999999999999991300 ) ;
#3219 = CARTESIAN_POINT ( 'NONE',  ( -9.950000000000001100, 1.849999999999998800, 2.000000000000000000 ) ) ;
#3220 = EDGE_CURVE ( 'NONE', #81, #1285, #2598, .T. ) ;
#3221 = DIRECTION ( 'NONE',  ( 0.0000000000000000000, 0.0000000000000000000, 1.000000000000000000 ) ) ;
#3222 = FACE_OUTER_BOUND ( 'NONE', #2196, .T. ) ;
#3223 = LINE ( 'NONE', #292, #535 ) ;
#3224 = CARTESIAN_POINT ( 'NONE',  ( -9.124194906111781100E-016, -21.09163056034261200, 8.500000000000000000 ) ) ;
#3225 = AXIS2_PLACEMENT_3D ( 'NONE', #2842, #304, #1611 ) ;
#3226 = CARTESIAN_POINT ( 'NONE',  ( -0.3999999999999990200, 2.099999999999999600, -1.450000000000000600 ) ) ;
#3227 = ORIENTED_EDGE ( 'NONE', *, *, #2718, .T. ) ;
#3228 = VERTEX_POINT ( 'NONE', #830 ) ;
#3229 = CARTESIAN_POINT ( 'NONE',  ( -9.149999999999995000, 2.949999999999999700, 1.132798289211301500E-015 ) ) ;
#3230 = DIRECTION ( 'NONE',  ( 1.000000000000000000, -0.0000000000000000000, 0.0000000000000000000 ) ) ;
#3231 = ORIENTED_EDGE ( 'NONE', *, *, #529, .F. ) ;
#3232 = EDGE_CURVE ( 'NONE', #1224, #1878, #220, .T. ) ;
#3233 = CARTESIAN_POINT ( 'NONE',  ( 5.350000000000000500, 6.299999999999997200, 0.8493903345590135800 ) ) ;
#3234 = ORIENTED_EDGE ( 'NONE', *, *, #258, .F. ) ;
#3235 = DIRECTION ( 'NONE',  ( -1.000000000000000000, 0.0000000000000000000, 0.0000000000000000000 ) ) ;
#3236 = CARTESIAN_POINT ( 'NONE',  ( -6.700000000000009100, 2.129289321881344700, 1.400000000000009000 ) ) ;
#3237 = EDGE_CURVE ( 'NONE', #180, #2048, #1596, .T. ) ;
#3238 = VERTEX_POINT ( 'NONE', #2129 ) ;
#3239 = CARTESIAN_POINT ( 'NONE',  ( 10.14999999999999900, 2.025000000000038100, 2.000000000000000000 ) ) ;
#3240 = CARTESIAN_POINT ( 'NONE',  ( 6.950000000000002000, 2.457106781186549200, 0.0000000000000000000 ) ) ;
#3241 = LINE ( 'NONE', #506, #938 ) ;
#3242 = ORIENTED_EDGE ( 'NONE', *, *, #1875, .T. ) ;
#3243 = EDGE_LOOP ( 'NONE', ( #692, #1147, #682, #650, #1949 ) ) ;
#3244 = DIRECTION ( 'NONE',  ( 0.0000000000000000000, 0.0000000000000000000, 1.000000000000000000 ) ) ;
#3245 = VERTEX_POINT ( 'NONE', #2872 ) ;
#3246 = VECTOR ( 'NONE', #458, 1000.000000000000000 ) ;
#3247 = CARTESIAN_POINT ( 'NONE',  ( 10.35000000000000000, -3.600000000000002300, 2.000000000000000000 ) ) ;
#3248 = CIRCLE ( 'NONE', #777, 10.05000000000000100 ) ;
#3249 = CARTESIAN_POINT ( 'NONE',  ( 7.366987298107781100, 6.099999999999999600, -0.5500000000000000400 ) ) ;
#3250 = ORIENTED_EDGE ( 'NONE', *, *, #496, .F. ) ;
#3251 = FACE_OUTER_BOUND ( 'NONE', #646, .T. ) ;
#3252 = CIRCLE ( 'NONE', #161, 0.2999999999999999300 ) ;
#3253 = EDGE_CURVE ( 'NONE', #2597, #1832, #2183, .T. ) ;
#3254 = CARTESIAN_POINT ( 'NONE',  ( -4.732233047033633800, 2.049999999999997600, -1.420710678118656500 ) ) ;
#3255 = CARTESIAN_POINT ( 'NONE',  ( 7.366987298107781100, 6.299999999999999800, -0.5500000000000000400 ) ) ;
#3256 = FACE_OUTER_BOUND ( 'NONE', #3029, .T. ) ;
#3257 = EDGE_CURVE ( 'NONE', #3215, #1713, #802, .T. ) ;
ENDSEC;
END-ISO-10303-21;
