ISO-10303-21;
HEADER;
FILE_DESCRIPTION (( 'STEP AP214' ),
    '1' );
FILE_NAME ('SPM6545VT-100M-D.STEP',
    '2022-03-07T09:39:54',
    ( '' ),
    ( '' ),
    'SwSTEP 2.0',
    'SolidWorks 2017',
    '' );
FILE_SCHEMA (( 'AUTOMOTIVE_DESIGN' ));
ENDSEC;

DATA;
#1 = LINE ( 'NONE', #2189, #3477 ) ;
#2 = EDGE_CURVE ( 'NONE', #7063, #5542, #6875, .T. ) ;
#3 = CYLINDRICAL_SURFACE ( 'NONE', #581, 0.1510000000000000000 ) ;
#4 = CARTESIAN_POINT ( 'NONE',  ( -2.475551355752243100, 2.872640404905979500, -3.041078558587830800 ) ) ;
#5 = CARTESIAN_POINT ( 'NONE',  ( 3.100000000000000100, 0.0000000000000000000, 1.646074051843240200 ) ) ;
#6 = DIRECTION ( 'NONE',  ( -1.000000000000000000, -1.734723475976805500E-015, 0.0000000000000000000 ) ) ;
#7 = VERTEX_POINT ( 'NONE', #5572 ) ;
#8 = CARTESIAN_POINT ( 'NONE',  ( -1.629999999999998600, 4.500000000000000000, -3.249999999999999100 ) ) ;
#9 = LINE ( 'NONE', #4551, #6831 ) ;
#10 = CARTESIAN_POINT ( 'NONE',  ( 2.944323318231857600, 2.814907918911071900, 2.229472796851085900 ) ) ;
#11 = LINE ( 'NONE', #4281, #6017 ) ;
#12 = ADVANCED_FACE ( 'NONE', ( #6720 ), #5101, .T. ) ;
#13 = EDGE_CURVE ( 'NONE', #6630, #4379, #5259, .T. ) ;
#14 = CARTESIAN_POINT ( 'NONE',  ( 3.309759121295397800, 2.965631561358846200, 2.303468537065511200 ) ) ;
#15 = ORIENTED_EDGE ( 'NONE', *, *, #4477, .F. ) ;
#16 = CARTESIAN_POINT ( 'NONE',  ( -1.956898657743637100, 3.114836419714913400, -3.087271847457047100 ) ) ;
#17 = DIRECTION ( 'NONE',  ( -0.0000000000000000000, -0.0000000000000000000, -1.000000000000000000 ) ) ;
#18 = CIRCLE ( 'NONE', #3003, 0.3499999999999999800 ) ;
#19 = B_SPLINE_CURVE_WITH_KNOTS ( 'NONE', 3,
 ( #5671, #426, #5618, #3281 ),
 .UNSPECIFIED., .F., .F.,
 ( 4, 4 ),
 ( 0.0000000000000000000, 0.02501160961181146700 ),
 .UNSPECIFIED. ) ;
#20 = CARTESIAN_POINT ( 'NONE',  ( 1.630000000000001200, 4.350000000000000500, -0.9699999999999999700 ) ) ;
#21 = AXIS2_PLACEMENT_3D ( 'NONE', #6719, #1477, #6060 ) ;
#22 = ORIENTED_EDGE ( 'NONE', *, *, #112, .F. ) ;
#23 = EDGE_CURVE ( 'NONE', #6116, #5157, #3547, .T. ) ;
#24 = CYLINDRICAL_SURFACE ( 'NONE', #5773, 0.2500000000000002200 ) ;
#25 = DIRECTION ( 'NONE',  ( -3.491481338843134100E-015, -1.000000000000000000, 0.0000000000000000000 ) ) ;
#26 = CARTESIAN_POINT ( 'NONE',  ( 3.329128784747791500, 0.1500000000000000200, 1.499999999999999800 ) ) ;
#27 = EDGE_LOOP ( 'NONE', ( #2571, #3355, #1247, #5348, #3276, #1696, #5275, #2123 ) ) ;
#28 = PLANE ( 'NONE',  #3660 ) ;
#29 = APPLICATION_CONTEXT ( 'automotive_design' ) ;
#30 = AXIS2_PLACEMENT_3D ( 'NONE', #772, #825, #5982 ) ;
#31 = EDGE_CURVE ( 'NONE', #3985, #1710, #6619, .T. ) ;
#32 = DIRECTION ( 'NONE',  ( -1.000000000000000000, -3.491481338843134100E-015, 1.606225440719266100E-016 ) ) ;
#33 = EDGE_LOOP ( 'NONE', ( #2688, #4019, #1555, #1079 ) ) ;
#34 = DIRECTION ( 'NONE',  ( 0.0000000000000000000, 0.0000000000000000000, -1.000000000000000000 ) ) ;
#35 = FACE_OUTER_BOUND ( 'NONE', #1292, .T. ) ;
#36 = CARTESIAN_POINT ( 'NONE',  ( 1.885713209975143900, 3.115927358760900700, 3.011543573973495000 ) ) ;
#37 = DIRECTION ( 'NONE',  ( 0.4701050976991865700, -0.7660444431189820100, -0.4383800956747088700 ) ) ;
#38 = DIRECTION ( 'NONE',  ( 3.491481338843133000E-015, 1.000000000000000000, 0.0000000000000000000 ) ) ;
#39 = AXIS2_PLACEMENT_3D ( 'NONE', #5131, #3346, #1099 ) ;
#40 = DIRECTION ( 'NONE',  ( 0.4194872498868741400, -0.8191520442889903600, -0.3911781889619042600 ) ) ;
#41 = ORIENTED_EDGE ( 'NONE', *, *, #5818, .F. ) ;
#42 = DIRECTION ( 'NONE',  ( 0.0000000000000000000, 0.0000000000000000000, 1.000000000000000000 ) ) ;
#43 = FACE_OUTER_BOUND ( 'NONE', #1034, .T. ) ;
#44 = DIRECTION ( 'NONE',  ( 0.5990898797796674300, 0.5735764363510464900, -0.5586603508469324400 ) ) ;
#45 = PLANE ( 'NONE',  #4294 ) ;
#46 = ADVANCED_FACE ( 'NONE', ( #4918 ), #3728, .T. ) ;
#47 = ORIENTED_EDGE ( 'NONE', *, *, #5594, .T. ) ;
#48 = CARTESIAN_POINT ( 'NONE',  ( -3.099999999999998800, 0.0000000000000000000, -1.646074051843216400 ) ) ;
#49 = FACE_OUTER_BOUND ( 'NONE', #5145, .T. ) ;
#50 = PLANE ( 'NONE',  #6357 ) ;
#51 = DIRECTION ( 'NONE',  ( 0.0000000000000000000, 1.000000000000000000, 0.0000000000000000000 ) ) ;
#52 = EDGE_LOOP ( 'NONE', ( #2916, #4538, #3039, #6959 ) ) ;
#53 = EDGE_CURVE ( 'NONE', #4010, #7438, #3909, .T. ) ;
#54 = CARTESIAN_POINT ( 'NONE',  ( -3.234616239897258000, 3.126035741999276600, -1.889547470609031800 ) ) ;
#55 = ADVANCED_FACE ( 'NONE', ( #1991 ), #890, .F. ) ;
#56 = ORIENTED_EDGE ( 'NONE', *, *, #5404, .T. ) ;
#57 = CARTESIAN_POINT ( 'NONE',  ( 2.944851088279987600, 2.814167819291494500, 2.229666949223677400 ) ) ;
#58 = DIRECTION ( 'NONE',  ( -0.0000000000000000000, -0.0000000000000000000, -1.000000000000000000 ) ) ;
#59 = ORIENTED_EDGE ( 'NONE', *, *, #1464, .T. ) ;
#60 = DIRECTION ( 'NONE',  ( 0.0000000000000000000, 1.000000000000000000, 0.0000000000000000000 ) ) ;
#61 = PLANE ( 'NONE',  #5674 ) ;
#62 = AXIS2_PLACEMENT_3D ( 'NONE', #4520, #1008, #6867 ) ;
#63 = AXIS2_PLACEMENT_3D ( 'NONE', #4854, #3087, #115 ) ;
#64 = CARTESIAN_POINT ( 'NONE',  ( 2.841994996035839700, 2.815021492899129700, 2.119796381873237900 ) ) ;
#65 = DIRECTION ( 'NONE',  ( 0.0000000000000000000, 1.000000000000000000, 0.0000000000000000000 ) ) ;
#66 = B_SPLINE_CURVE_WITH_KNOTS ( 'NONE', 3,
 ( #6256, #3952, #466, #4544, #4079, #2876, #4611, #6968, #546, #571, #6940, #1146, #3475 ),
 .UNSPECIFIED., .F., .F.,
 ( 4, 3, 3, 3, 4 ),
 ( 0.0000000000000000000, 7.554548054132989600E-006, 4.799761926837678000E-005, 9.360587256884925600E-005, 9.591185584348658600E-005 ),
 .UNSPECIFIED. ) ;
#67 = PLANE ( 'NONE',  #2013 ) ;
#68 = FACE_OUTER_BOUND ( 'NONE', #5985, .T. ) ;
#69 = ORIENTED_EDGE ( 'NONE', *, *, #1561, .F. ) ;
#70 = VERTEX_POINT ( 'NONE', #3211 ) ;
#71 = CARTESIAN_POINT ( 'NONE',  ( -3.288889876908363400, 3.230000000000000000, -1.908159282706710900 ) ) ;
#72 = ORIENTED_EDGE ( 'NONE', *, *, #857, .T. ) ;
#73 = CARTESIAN_POINT ( 'NONE',  ( -2.318745569085527000, 2.817423300928300700, -2.956576080005630200 ) ) ;
#74 = AXIS2_PLACEMENT_3D ( 'NONE', #1502, #6770, #4727 ) ;
#75 = PLANE ( 'NONE',  #2064 ) ;
#76 = VECTOR ( 'NONE', #2462, 1000.000000000000100 ) ;
#77 = VERTEX_POINT ( 'NONE', #1397 ) ;
#78 = EDGE_CURVE ( 'NONE', #1895, #6317, #443, .T. ) ;
#79 = VERTEX_POINT ( 'NONE', #2011 ) ;
#80 = CARTESIAN_POINT ( 'NONE',  ( 3.452299754009375400, -2.287516853390374000, 1.755777107086115200 ) ) ;
#81 =( NAMED_UNIT ( * ) PLANE_ANGLE_UNIT ( ) SI_UNIT ( $, .RADIAN. ) );
#82 = CARTESIAN_POINT ( 'NONE',  ( 3.350000000000001400, 3.779999999999999400, -1.099999999999999900 ) ) ;
#83 = CARTESIAN_POINT ( 'NONE',  ( -3.500000000000001300, 4.250000000000000000, 3.397182120936205900 ) ) ;
#84 = CARTESIAN_POINT ( 'NONE',  ( -3.203411258036228400, 3.206999999999999900, -1.782770265182395800 ) ) ;
#85 = CIRCLE ( 'NONE', #1550, 0.02299999999999997900 ) ;
#86 = AXIS2_PLACEMENT_3D ( 'NONE', #3795, #3720, #2562 ) ;
#87 = ADVANCED_FACE ( 'NONE', ( #630 ), #6003, .T. ) ;
#88 = VERTEX_POINT ( 'NONE', #7215 ) ;
#89 = CARTESIAN_POINT ( 'NONE',  ( -3.349000000000001100, 2.049999999999999800, -1.645639239468278400 ) ) ;
#90 = EDGE_CURVE ( 'NONE', #1067, #7201, #6922, .T. ) ;
#91 = CARTESIAN_POINT ( 'NONE',  ( 3.350000000000000100, 0.2500000000000002200, 1.646074051843240200 ) ) ;
#92 = CARTESIAN_POINT ( 'NONE',  ( 3.021571466464986400, 2.633550503583139700, 2.306367038575110500 ) ) ;
#93 = DIRECTION ( 'NONE',  ( -0.4194872498868740800, 0.8191520442889903600, 0.3911781889619043200 ) ) ;
#94 = LINE ( 'NONE', #1353, #1732 ) ;
#95 = DIRECTION ( 'NONE',  ( -0.7313537016191752300, 0.0000000000000000000, 0.6819983600624933700 ) ) ;
#97 = ADVANCED_FACE ( 'NONE', ( #4827 ), #738, .T. ) ;
#96 = EDGE_LOOP ( 'NONE', ( #5350, #1322, #5390, #2472 ) ) ;
#98 = AXIS2_PLACEMENT_3D ( 'NONE', #6088, #2656, #959 ) ;
#99 = LINE ( 'NONE', #1127, #2918 ) ;
#100 = DIRECTION ( 'NONE',  ( -5.042800802258159400E-016, -1.000000000000000000, 0.0000000000000000000 ) ) ;
#101 = CARTESIAN_POINT ( 'NONE',  ( 3.177776130458774200, 3.088115234034315600, 1.806675408383438200 ) ) ;
#102 = CIRCLE ( 'NONE', #5299, 0.0009999999999999158900 ) ;
#103 = DIRECTION ( 'NONE',  ( 0.0000000000000000000, -1.037514040655985100E-016, -1.000000000000000000 ) ) ;
#104 = ORIENTED_EDGE ( 'NONE', *, *, #6000, .T. ) ;
#105 = PLANE ( 'NONE',  #2093 ) ;
#106 = CIRCLE ( 'NONE', #811, 0.3500000000000000300 ) ;
#107 = CARTESIAN_POINT ( 'NONE',  ( 3.349999999999999600, 0.1035533905932739300, 1.646074051843240600 ) ) ;
#108 = CARTESIAN_POINT ( 'NONE',  ( -1.873517083849634200, 3.039761844307356900, -3.045168173828720200 ) ) ;
#109 = DIRECTION ( 'NONE',  ( -0.0000000000000000000, -1.037514040655985100E-016, 1.000000000000000000 ) ) ;
#110 = ORIENTED_EDGE ( 'NONE', *, *, #1491, .T. ) ;
#111 = VECTOR ( 'NONE', #6245, 1000.000000000000000 ) ;
#112 = EDGE_CURVE ( 'NONE', #6440, #7392, #810, .T. ) ;
#113 = CARTESIAN_POINT ( 'NONE',  ( -3.108016385482688100, 2.754254910926015900, -2.427235477518099300 ) ) ;
#114 = CARTESIAN_POINT ( 'NONE',  ( -3.452299754009375400, 4.179999999999999700, -1.755777107086115200 ) ) ;
#115 = DIRECTION ( 'NONE',  ( -1.000000000000000000, 3.491481338843134100E-015, 0.0000000000000000000 ) ) ;
#116 = CARTESIAN_POINT ( 'NONE',  ( 1.885528233768073900, 3.115624645896892400, 3.010822767446887500 ) ) ;
#117 = ORIENTED_EDGE ( 'NONE', *, *, #5694, .T. ) ;
#118 = CARTESIAN_POINT ( 'NONE',  ( -2.930421255414935800, 2.789357826258736400, -2.242436680156299800 ) ) ;
#119 = B_SPLINE_CURVE_WITH_KNOTS ( 'NONE', 3,
 ( #6036, #6127, #2592, #3192 ),
 .UNSPECIFIED., .F., .F.,
 ( 4, 4 ),
 ( 0.0000000000000000000, 1.000000000000000000 ),
 .UNSPECIFIED. ) ;
#120 = LINE ( 'NONE', #5543, #4764 ) ;
#121 = AXIS2_PLACEMENT_3D ( 'NONE', #5944, #4743, #6031 ) ;
#122 = CARTESIAN_POINT ( 'NONE',  ( -3.248848284792187800, 2.829283322248509400, -2.421144927369708500 ) ) ;
#123 = CARTESIAN_POINT ( 'NONE',  ( 3.317374411475691300, 2.649999999999999900, 2.897295081958628100 ) ) ;
#124 = EDGE_CURVE ( 'NONE', #6375, #6333, #2691, .T. ) ;
#125 = DIRECTION ( 'NONE',  ( -0.4095068767208487300, 0.5553524075725675400, 0.7238009542144086000 ) ) ;
#126 = VERTEX_POINT ( 'NONE', #2398 ) ;
#127 = EDGE_CURVE ( 'NONE', #2965, #2779, #604, .T. ) ;
#128 = ADVANCED_FACE ( 'NONE', ( #5703 ), #61, .T. ) ;
#129 = CARTESIAN_POINT ( 'NONE',  ( -3.167920596104540900, 3.122503206088359700, -1.815984767112823800 ) ) ;
#130 = SURFACE_STYLE_FILL_AREA ( #1004 ) ;
#131 = CARTESIAN_POINT ( 'NONE',  ( -1.992007075490996900, 3.111405636636742000, -3.117522059980864000 ) ) ;
#132 = ORIENTED_EDGE ( 'NONE', *, *, #6024, .F. ) ;
#133 =( GEOMETRIC_REPRESENTATION_CONTEXT ( 3 ) GLOBAL_UNCERTAINTY_ASSIGNED_CONTEXT ( ( #1295 ) ) GLOBAL_UNIT_ASSIGNED_CONTEXT ( ( #5670, #2105, #3331 ) ) REPRESENTATION_CONTEXT ( 'NONE', 'WORKASPACE' ) );
#134 = CARTESIAN_POINT ( 'NONE',  ( -3.042126436291191300, 2.818837373381005000, -2.354466227766381700 ) ) ;
#135 = CARTESIAN_POINT ( 'NONE',  ( 2.449012816618379300, 2.761234062908032500, 3.072073943167980200 ) ) ;
#136 = DIRECTION ( 'NONE',  ( 0.0000000000000000000, 1.000000000000000000, 0.0000000000000000000 ) ) ;
#137 = ADVANCED_FACE ( 'NONE', ( #2055 ), #5336, .T. ) ;
#138 = VECTOR ( 'NONE', #634, 1000.000000000000100 ) ;
#139 = EDGE_CURVE ( 'NONE', #6332, #3545, #4158, .T. ) ;
#140 = EDGE_CURVE ( 'NONE', #5532, #1315, #2934, .T. ) ;
#141 = ORIENTED_EDGE ( 'NONE', *, *, #3053, .T. ) ;
#142 = CARTESIAN_POINT ( 'NONE',  ( -1.630000000000001200, 4.350000000000000500, 0.9699999999999999700 ) ) ;
#143 = CARTESIAN_POINT ( 'NONE',  ( 3.500000000000001300, 4.179999999999999700, -0.9699999999999997500 ) ) ;
#144 = CYLINDRICAL_SURFACE ( 'NONE', #6011, 0.1500000000000000200 ) ;
#145 = MECHANICAL_DESIGN_GEOMETRIC_PRESENTATION_REPRESENTATION (  '', ( #5219 ), #7151 ) ;
#146 = CARTESIAN_POINT ( 'NONE',  ( 3.212364527152230800, 2.829283322248509900, 2.455166581767958900 ) ) ;
#147 = VERTEX_POINT ( 'NONE', #4194 ) ;
#148 = ORIENTED_EDGE ( 'NONE', *, *, #326, .F. ) ;
#149 = ORIENTED_EDGE ( 'NONE', *, *, #5946, .T. ) ;
#150 = DIRECTION ( 'NONE',  ( -1.000000000000000000, 0.0000000000000000000, 0.0000000000000000000 ) ) ;
#151 = LINE ( 'NONE', #6737, #4246 ) ;
#152 = DIRECTION ( 'NONE',  ( 0.6819983600624948100, 0.0000000000000000000, 0.7313537016191739000 ) ) ;
#153 = CARTESIAN_POINT ( 'NONE',  ( -3.285964462101886000, 3.206999999999999900, -1.910887276146959500 ) ) ;
#154 = ORIENTED_EDGE ( 'NONE', *, *, #1871, .T. ) ;
#155 = ORIENTED_EDGE ( 'NONE', *, *, #5031, .F. ) ;
#156 = ORIENTED_EDGE ( 'NONE', *, *, #6954, .T. ) ;
#157 = CARTESIAN_POINT ( 'NONE',  ( -3.269015327967211600, 3.134466150687632800, -1.926692599424513900 ) ) ;
#158 = CARTESIAN_POINT ( 'NONE',  ( 3.100000000000000500, 0.0000000000000000000, 1.879202823377653200 ) ) ;
#159 = EDGE_CURVE ( 'NONE', #3074, #2846, #778, .T. ) ;
#160 = VECTOR ( 'NONE', #1450, 1000.000000000000300 ) ;
#161 = CARTESIAN_POINT ( 'NONE',  ( -3.166843572955270400, 3.129835182247248800, -1.816870183185520700 ) ) ;
#162 = ORIENTED_EDGE ( 'NONE', *, *, #4280, .F. ) ;
#163 = ORIENTED_EDGE ( 'NONE', *, *, #3223, .T. ) ;
#164 = ORIENTED_EDGE ( 'NONE', *, *, #2935, .T. ) ;
#165 = CARTESIAN_POINT ( 'NONE',  ( 2.097976604818961600, 4.029999999999999400, 3.018703875211630200 ) ) ;
#166 = ADVANCED_FACE ( 'NONE', ( #1323 ), #647, .F. ) ;
#167 = PLANE ( 'NONE',  #3368 ) ;
#168 = VECTOR ( 'NONE', #6499, 1000.000000000000000 ) ;
#169 = DIRECTION ( 'NONE',  ( 0.0000000000000000000, 1.000000000000000000, 0.0000000000000000000 ) ) ;
#170 = AXIS2_PLACEMENT_3D ( 'NONE', #1808, #6415, #3596 ) ;
#171 = DIRECTION ( 'NONE',  ( 0.0000000000000000000, 0.0000000000000000000, -1.000000000000000000 ) ) ;
#172 = ORIENTED_EDGE ( 'NONE', *, *, #1704, .F. ) ;
#173 = ORIENTED_EDGE ( 'NONE', *, *, #6370, .F. ) ;
#174 = VERTEX_POINT ( 'NONE', #2430 ) ;
#175 = DIRECTION ( 'NONE',  ( 0.0000000000000000000, -1.000000000000000000, 0.0000000000000000000 ) ) ;
#176 = B_SPLINE_CURVE_WITH_KNOTS ( 'NONE', 3,
 ( #6020, #3122, #4269, #1899, #6585, #4811, #1313, #1336, #4863, #7132 ),
 .UNSPECIFIED., .F., .F.,
 ( 4, 3, 3, 4 ),
 ( 0.0000000000000000000, 7.238517361861574800E-006, 1.445321714537747300E-005, 1.727978452460287600E-005 ),
 .UNSPECIFIED. ) ;
#177 = EDGE_CURVE ( 'NONE', #5476, #1886, #5610, .T. ) ;
#178 = VERTEX_POINT ( 'NONE', #1355 ) ;
#179 = CARTESIAN_POINT ( 'NONE',  ( 3.350000000000001400, 4.179999999999999700, 0.9700000000000004200 ) ) ;
#180 = VECTOR ( 'NONE', #1139, 1000.000000000000000 ) ;
#181 = CARTESIAN_POINT ( 'NONE',  ( -2.460593823215110100, 2.769879011192091700, -3.076705014278402000 ) ) ;
#182 = CARTESIAN_POINT ( 'NONE',  ( 2.519073134182604300, 2.649999999999999900, 3.221007155642456900 ) ) ;
#183 = ORIENTED_EDGE ( 'NONE', *, *, #1891, .T. ) ;
#184 = AXIS2_PLACEMENT_3D ( 'NONE', #5717, #2244, #4014 ) ;
#185 = UNCERTAINTY_MEASURE_WITH_UNIT (LENGTH_MEASURE( 1.000000000000000100E-005 ), #1406, 'distance_accuracy_value', 'NONE');
#186 = EDGE_CURVE ( 'NONE', #3505, #7313, #5423, .T. ) ;
#187 = FACE_OUTER_BOUND ( 'NONE', #427, .T. ) ;
#188 = CARTESIAN_POINT ( 'NONE',  ( -3.500000000000001300, 0.1500000000000012700, 1.500000000000000200 ) ) ;
#189 = DIRECTION ( 'NONE',  ( 0.0000000000000000000, 0.0000000000000000000, -1.000000000000000000 ) ) ;
#190 = PRODUCT_DEFINITION_SHAPE ( 'NONE', 'NONE',  #2626 ) ;
#191 = VERTEX_POINT ( 'NONE', #726 ) ;
#192 = CIRCLE ( 'NONE', #4669, 0.3500000000000000300 ) ;
#193 = DIRECTION ( 'NONE',  ( 0.0000000000000000000, -1.000000000000000000, -1.037514040655985100E-016 ) ) ;
#194 = FACE_OUTER_BOUND ( 'NONE', #5732, .T. ) ;
#195 = AXIS2_PLACEMENT_3D ( 'NONE', #7420, #3951, #3323 ) ;
#196 = EDGE_CURVE ( 'NONE', #3474, #1522, #6687, .T. ) ;
#197 = CARTESIAN_POINT ( 'NONE',  ( -3.350000000000001400, 4.250000000000000900, -0.9700000000000004200 ) ) ;
#198 = EDGE_LOOP ( 'NONE', ( #1317, #5013, #7243 ) ) ;
#199 = CARTESIAN_POINT ( 'NONE',  ( 3.239249746270030300, 3.126722700901219300, 1.894516297860893800 ) ) ;
#200 = CARTESIAN_POINT ( 'NONE',  ( 3.317374411475690900, 2.650000000000000800, 2.897295081958628100 ) ) ;
#201 = LINE ( 'NONE', #5093, #6194 ) ;
#202 = FACE_OUTER_BOUND ( 'NONE', #6830, .T. ) ;
#203 = ORIENTED_EDGE ( 'NONE', *, *, #1016, .F. ) ;
#204 = AXIS2_PLACEMENT_3D ( 'NONE', #2138, #2672, #3319 ) ;
#205 = DIRECTION ( 'NONE',  ( 0.0000000000000000000, 0.0000000000000000000, 1.000000000000000000 ) ) ;
#206 = DIRECTION ( 'NONE',  ( 1.000000000000000000, 0.0000000000000000000, -1.317318830548898700E-016 ) ) ;
#207 = CARTESIAN_POINT ( 'NONE',  ( 3.234616239897258000, 3.126035741999276600, 1.889547470609031800 ) ) ;
#208 = VECTOR ( 'NONE', #4375, 1000.000000000000000 ) ;
#209 = ADVANCED_FACE ( 'NONE', ( #1137 ), #1876, .F. ) ;
#210 = ORIENTED_EDGE ( 'NONE', *, *, #299, .F. ) ;
#211 = CARTESIAN_POINT ( 'NONE',  ( -1.885519834350763500, 3.114545130866508400, -3.011723899660522000 ) ) ;
#212 = LINE ( 'NONE', #3721, #1381 ) ;
#213 = DIRECTION ( 'NONE',  ( 0.0000000000000000000, 1.000000000000000000, 0.0000000000000000000 ) ) ;
#214 = CARTESIAN_POINT ( 'NONE',  ( 3.167920596104540900, 3.122503206088359700, 1.815984767112823800 ) ) ;
#215 = DIRECTION ( 'NONE',  ( 0.0000000000000000000, 0.0000000000000000000, -1.000000000000000000 ) ) ;
#216 = VERTEX_POINT ( 'NONE', #7101 ) ;
#217 = CARTESIAN_POINT ( 'NONE',  ( 2.928427688173993000, 2.697830997267135700, 2.126656754444968400 ) ) ;
#218 = LINE ( 'NONE', #5719, #1206 ) ;
#219 = CARTESIAN_POINT ( 'NONE',  ( -2.960788822001790600, 2.727570477775227400, -2.215485793645868300 ) ) ;
#220 = B_SPLINE_CURVE_WITH_KNOTS ( 'NONE', 3,
 ( #3554, #6996, #14, #5927 ),
 .UNSPECIFIED., .F., .F.,
 ( 4, 4 ),
 ( 8.434269282995268300E-005, 0.0001469351865307567700 ),
 .UNSPECIFIED. ) ;
#221 = VERTEX_POINT ( 'NONE', #3627 ) ;
#222 = CARTESIAN_POINT ( 'NONE',  ( 3.100000000000000100, 0.0000000000000000000, -1.879202823377633000 ) ) ;
#223 = CYLINDRICAL_SURFACE ( 'NONE', #3095, 0.2500000000000002200 ) ;
#224 = CARTESIAN_POINT ( 'NONE',  ( 1.873925686501048300, 3.038815506254438900, 3.046035775803782400 ) ) ;
#225 = DIRECTION ( 'NONE',  ( 0.0000000000000000000, 1.000000000000000000, 0.0000000000000000000 ) ) ;
#226 = EDGE_CURVE ( 'NONE', #3057, #4250, #2782, .T. ) ;
#227 = CARTESIAN_POINT ( 'NONE',  ( 3.233085436485109400, 3.126235041206966200, 1.887905884928646300 ) ) ;
#228 = ORIENTED_EDGE ( 'NONE', *, *, #467, .T. ) ;
#229 = PLANE ( 'NONE',  #5334 ) ;
#230 = VECTOR ( 'NONE', #4908, 1000.000000000000000 ) ;
#231 = CARTESIAN_POINT ( 'NONE',  ( -3.269143326964645700, 3.137321539385737000, -1.926573238428398200 ) ) ;
#232 = CARTESIAN_POINT ( 'NONE',  ( -1.763922250330561400, 3.373814478675813100, -3.331581927823137800 ) ) ;
#233 = ORIENTED_EDGE ( 'NONE', *, *, #7334, .F. ) ;
#234 = EDGE_LOOP ( 'NONE', ( #6501, #6325, #3068, #6113 ) ) ;
#235 = EDGE_CURVE ( 'NONE', #7201, #621, #6586, .T. ) ;
#236 = LINE ( 'NONE', #1334, #6866 ) ;
#237 = DIRECTION ( 'NONE',  ( 0.0000000000000000000, 1.000000000000000000, 0.0000000000000000000 ) ) ;
#238 = ADVANCED_FACE ( 'NONE', ( #5160 ), #4830, .T. ) ;
#239 = ORIENTED_EDGE ( 'NONE', *, *, #3111, .F. ) ;
#240 = CARTESIAN_POINT ( 'NONE',  ( 4.053867229607820800E-029, 0.1499999999999883900, 0.0000000000000000000 ) ) ;
#241 = ORIENTED_EDGE ( 'NONE', *, *, #1882, .T. ) ;
#242 = CARTESIAN_POINT ( 'NONE',  ( 3.241740517381052700, 3.127150994319933800, 1.897187322864188000 ) ) ;
#243 = AXIS2_PLACEMENT_3D ( 'NONE', #4704, #152, #2996 ) ;
#244 = CARTESIAN_POINT ( 'NONE',  ( -3.234992109402206900, 3.091465193812565900, -1.959787091476440400 ) ) ;
#245 = ADVANCED_FACE ( 'NONE', ( #325 ), #6783, .T. ) ;
#246 = ORIENTED_EDGE ( 'NONE', *, *, #2016, .F. ) ;
#247 = DIRECTION ( 'NONE',  ( 0.4194872498868740800, 0.8191520442889903600, -0.3911781889619043200 ) ) ;
#248 = DIRECTION ( 'NONE',  ( -3.491481338843134100E-015, -1.000000000000000000, 0.0000000000000000000 ) ) ;
#249 = EDGE_CURVE ( 'NONE', #3866, #4907, #2402, .T. ) ;
#250 = VERTEX_POINT ( 'NONE', #2477 ) ;
#251 = CARTESIAN_POINT ( 'NONE',  ( 1.988273549576085700, 3.125280889729180200, 3.121003629221004600 ) ) ;
#252 = DIRECTION ( 'NONE',  ( 0.0000000000000000000, 1.000000000000000000, -1.037514040655985100E-016 ) ) ;
#253 = VERTEX_POINT ( 'NONE', #5357 ) ;
#254 = CYLINDRICAL_SURFACE ( 'NONE', #4245, 0.02300000000000001700 ) ;
#255 = VERTEX_POINT ( 'NONE', #1865 ) ;
#256 = DIRECTION ( 'NONE',  ( -0.0000000000000000000, -0.0000000000000000000, -1.000000000000000000 ) ) ;
#257 = ORIENTED_EDGE ( 'NONE', *, *, #6696, .T. ) ;
#258 = CARTESIAN_POINT ( 'NONE',  ( 1.988490002100758800, 3.125372728561655900, 3.121235746135666600 ) ) ;
#259 = ORIENTED_EDGE ( 'NONE', *, *, #3453, .F. ) ;
#260 = ORIENTED_EDGE ( 'NONE', *, *, #961, .T. ) ;
#261 = CARTESIAN_POINT ( 'NONE',  ( -2.944294750045206100, 2.815021492899146600, -2.229499437116123400 ) ) ;
#262 = CARTESIAN_POINT ( 'NONE',  ( -3.100000000000001900, 2.649999999999999900, -3.100000000000000500 ) ) ;
#263 = CARTESIAN_POINT ( 'NONE',  ( 3.240561856059105400, 3.126862740717208000, 1.895923363342815000 ) ) ;
#264 = EDGE_CURVE ( 'NONE', #7161, #147, #7500, .T. ) ;
#265 = ORIENTED_EDGE ( 'NONE', *, *, #3846, .F. ) ;
#266 = ORIENTED_EDGE ( 'NONE', *, *, #1822, .T. ) ;
#267 = AXIS2_PLACEMENT_3D ( 'NONE', #4125, #635, #5915 ) ;
#268 = CIRCLE ( 'NONE', #1447, 0.1510000000000000800 ) ;
#269 = CARTESIAN_POINT ( 'NONE',  ( 6.699785041593268700, 0.8824128821501414600, 4.273344373685717700 ) ) ;
#270 = B_SPLINE_CURVE_WITH_KNOTS ( 'NONE', 3,
 ( #3877, #7323, #336, #4987, #5607, #4369, #6103, #2119, #875, #7294, #979, #3217, #1557, #5636, #2142, #1453 ),
 .UNSPECIFIED., .F., .F.,
 ( 4, 3, 3, 3, 3, 4 ),
 ( -2.293104082722951400E-006, 0.0000000000000000000, 3.898691785658474700E-006, 1.947422523414991800E-005, 2.462146224554595200E-005, 5.288561292002271200E-005 ),
 .UNSPECIFIED. ) ;
#271 = EDGE_CURVE ( 'NONE', #5415, #2785, #965, .T. ) ;
#272 = EDGE_LOOP ( 'NONE', ( #4279, #7093, #3112, #6371 ) ) ;
#273 = ORIENTED_EDGE ( 'NONE', *, *, #3589, .T. ) ;
#274 = CARTESIAN_POINT ( 'NONE',  ( 3.099252197081730800, 2.907272590217529400, 2.560452888321922900 ) ) ;
#275 = VECTOR ( 'NONE', #4257, 1000.000000000000000 ) ;
#276 = ADVANCED_FACE ( 'NONE', ( #7234 ), #4260, .T. ) ;
#277 = AXIS2_PLACEMENT_3D ( 'NONE', #2043, #7350, #5529 ) ;
#278 = EDGE_CURVE ( 'NONE', #1593, #3684, #3244, .T. ) ;
#279 = ORIENTED_EDGE ( 'NONE', *, *, #3387, .F. ) ;
#280 = EDGE_CURVE ( 'NONE', #7119, #4056, #119, .T. ) ;
#281 = FACE_OUTER_BOUND ( 'NONE', #3463, .T. ) ;
#282 = LINE ( 'NONE', #917, #5202 ) ;
#283 = CARTESIAN_POINT ( 'NONE',  ( -3.100000000000002300, 2.650000000000000800, -3.100000000000001000 ) ) ;
#284 = CARTESIAN_POINT ( 'NONE',  ( 3.349999999999999600, -9.334880824091971600, -1.646074051843217100 ) ) ;
#285 = ADVANCED_FACE ( 'NONE', ( #2513 ), #5962, .T. ) ;
#286 = VERTEX_POINT ( 'NONE', #6711 ) ;
#287 = LINE ( 'NONE', #284, #3105 ) ;
#288 = PLANE ( 'NONE',  #1022 ) ;
#289 = CARTESIAN_POINT ( 'NONE',  ( 2.933722765142579000, 2.803191440513940000, 2.239357972528242000 ) ) ;
#290 = VERTEX_POINT ( 'NONE', #1993 ) ;
#291 = DIRECTION ( 'NONE',  ( -0.6819983600624948100, -0.0000000000000000000, -0.7313537016191740100 ) ) ;
#292 = FACE_OUTER_BOUND ( 'NONE', #4484, .T. ) ;
#293 = CARTESIAN_POINT ( 'NONE',  ( -2.389727555434236500, 2.826718718802292400, -3.008767483558425000 ) ) ;
#294 = CARTESIAN_POINT ( 'NONE',  ( 3.350000000000001400, 4.179999999999999700, 1.500000000000000200 ) ) ;
#295 = DIRECTION ( 'NONE',  ( -0.0000000000000000000, -1.000000000000000000, -0.0000000000000000000 ) ) ;
#296 = CARTESIAN_POINT ( 'NONE',  ( -3.244581175789765600, 3.100924052835970300, -1.950262652939487800 ) ) ;
#297 = VERTEX_POINT ( 'NONE', #7271 ) ;
#298 = CARTESIAN_POINT ( 'NONE',  ( -2.385261945363141400, 2.713645541093291600, -3.046580924433523600 ) ) ;
#299 = EDGE_CURVE ( 'NONE', #5833, #1997, #5873, .T. ) ;
#300 = DIRECTION ( 'NONE',  ( 0.0000000000000000000, 1.000000000000000000, 0.0000000000000000000 ) ) ;
#301 = ORIENTED_EDGE ( 'NONE', *, *, #326, .T. ) ;
#302 = CARTESIAN_POINT ( 'NONE',  ( 3.172883176876404800, 3.122599342764359700, 1.821429153765803800 ) ) ;
#303 = DIRECTION ( 'NONE',  ( -3.491481338843134100E-015, 1.000000000000000000, -0.0000000000000000000 ) ) ;
#304 = VECTOR ( 'NONE', #3613, 1000.000000000000000 ) ;
#305 = ORIENTED_EDGE ( 'NONE', *, *, #2159, .F. ) ;
#306 = VERTEX_POINT ( 'NONE', #1423 ) ;
#307 = CARTESIAN_POINT ( 'NONE',  ( 1.630000000000000300, 4.500000000000000000, 3.250000000000000900 ) ) ;
#308 = CARTESIAN_POINT ( 'NONE',  ( 3.350000000000001400, 0.1500000000000001100, 1.499999999999999800 ) ) ;
#309 = LINE ( 'NONE', #5274, #1581 ) ;
#310 = DIRECTION ( 'NONE',  ( 0.009204126107053097300, 0.4924038765061046200, 0.8703181639287821400 ) ) ;
#311 = DIRECTION ( 'NONE',  ( 0.0000000000000000000, 0.0000000000000000000, 1.000000000000000000 ) ) ;
#312 = CARTESIAN_POINT ( 'NONE',  ( -2.097976604818961600, 4.029999999999999400, -3.018703875211630200 ) ) ;
#313 = B_SPLINE_CURVE_WITH_KNOTS ( 'NONE', 3,
 ( #134, #2969, #7115, #3647 ),
 .UNSPECIFIED., .F., .F.,
 ( 4, 4 ),
 ( 8.058834469405672600E-005, 0.0001498801495962505800 ),
 .UNSPECIFIED. ) ;
#314 = DIRECTION ( 'NONE',  ( 0.0000000000000000000, 1.000000000000000000, -0.0000000000000000000 ) ) ;
#315 = ADVANCED_FACE ( 'NONE', ( #690 ), #3237, .T. ) ;
#316 = ORIENTED_EDGE ( 'NONE', *, *, #7502, .F. ) ;
#317 = AXIS2_PLACEMENT_3D ( 'NONE', #672, #3040, #4750 ) ;
#318 = DIRECTION ( 'NONE',  ( 0.0000000000000000000, 0.0000000000000000000, 1.000000000000000000 ) ) ;
#319 = EDGE_CURVE ( 'NONE', #4250, #732, #4988, .T. ) ;
#320 =( NAMED_UNIT ( * ) PLANE_ANGLE_UNIT ( ) SI_UNIT ( $, .RADIAN. ) );
#321 = ORIENTED_EDGE ( 'NONE', *, *, #6928, .F. ) ;
#322 = ORIENTED_EDGE ( 'NONE', *, *, #3098, .T. ) ;
#323 = VERTEX_POINT ( 'NONE', #3168 ) ;
#324 = CARTESIAN_POINT ( 'NONE',  ( -3.182341654281552100, 3.122792711508579200, -1.831813646353058100 ) ) ;
#325 = FACE_OUTER_BOUND ( 'NONE', #527, .T. ) ;
#326 = EDGE_CURVE ( 'NONE', #1498, #1790, #5517, .T. ) ;
#327 = CARTESIAN_POINT ( 'NONE',  ( -3.167078968203488100, 3.126261112468990500, -1.816650673565352900 ) ) ;
#328 = ORIENTED_EDGE ( 'NONE', *, *, #4788, .T. ) ;
#329 = EDGE_LOOP ( 'NONE', ( #6270, #2703, #3176, #6123 ) ) ;
#330 = EDGE_CURVE ( 'NONE', #88, #6032, #6961, .T. ) ;
#331 = ORIENTED_EDGE ( 'NONE', *, *, #4058, .F. ) ;
#332 = CARTESIAN_POINT ( 'NONE',  ( -3.349681998360063900, 4.179999999999999700, -1.646370593169897500 ) ) ;
#333 = FACE_OUTER_BOUND ( 'NONE', #7521, .T. ) ;
#334 = CARTESIAN_POINT ( 'NONE',  ( 1.994954547807495700, 3.107621357987788300, 3.114773497579756500 ) ) ;
#335 = ORIENTED_EDGE ( 'NONE', *, *, #5323, .T. ) ;
#336 = CARTESIAN_POINT ( 'NONE',  ( 1.952350309590882500, 3.115766801820112300, 3.082480670698164400 ) ) ;
#337 = DIRECTION ( 'NONE',  ( -0.0000000000000000000, -1.037514040655985100E-016, -1.000000000000000000 ) ) ;
#338 = AXIS2_PLACEMENT_3D ( 'NONE', #2268, #4039, #4673 ) ;
#339 = ORIENTED_EDGE ( 'NONE', *, *, #1400, .F. ) ;
#340 = PLANE ( 'NONE',  #3970 ) ;
#341 = DIRECTION ( 'NONE',  ( 1.000000000000000000, 0.0000000000000000000, 0.0000000000000000000 ) ) ;
#342 = LINE ( 'NONE', #1107, #2887 ) ;
#343 = CARTESIAN_POINT ( 'NONE',  ( 3.293881042201971500, 2.833454218672371500, 2.379151201714708700 ) ) ;
#344 = EDGE_LOOP ( 'NONE', ( #1542, #6860, #2769 ) ) ;
#345 = EDGE_LOOP ( 'NONE', ( #4804, #3908, #6053, #2316, #3664, #5500 ) ) ;
#346 = EDGE_LOOP ( 'NONE', ( #6257, #1559, #3642, #1326 ) ) ;
#347 =( LENGTH_UNIT ( ) NAMED_UNIT ( * ) SI_UNIT ( .MILLI., .METRE. ) );
#348 = CARTESIAN_POINT ( 'NONE',  ( 2.261063927270565700, 2.792704367739150800, 2.866622486667708400 ) ) ;
#349 = CIRCLE ( 'NONE', #3016, 0.2500000000000002200 ) ;
#350 = ORIENTED_EDGE ( 'NONE', *, *, #2037, .F. ) ;
#351 = CARTESIAN_POINT ( 'NONE',  ( 3.100000000000001400, 2.649999999999999900, 3.100000000000000100 ) ) ;
#352 = CARTESIAN_POINT ( 'NONE',  ( 2.391215041168987600, 2.906296479174437200, 3.149420255810448900 ) ) ;
#353 = CARTESIAN_POINT ( 'NONE',  ( 3.272868975615928800, 3.124993985498856200, 1.930568507466577500 ) ) ;
#354 = EDGE_CURVE ( 'NONE', #1895, #6781, #4795, .T. ) ;
#356 = ADVANCED_FACE ( 'NONE', ( #1691 ), #1472, .T. ) ;
#355 = ORIENTED_EDGE ( 'NONE', *, *, #2201, .F. ) ;
#357 = LINE ( 'NONE', #3081, #7174 ) ;
#358 = ORIENTED_EDGE ( 'NONE', *, *, #4328, .T. ) ;
#359 = DIRECTION ( 'NONE',  ( 0.4701050976991864000, -0.7660444431189810100, -0.4383800956747108100 ) ) ;
#360 = CARTESIAN_POINT ( 'NONE',  ( 2.222306734094221500, 2.649999999999999900, 2.902764154001006500 ) ) ;
#361 = ORIENTED_EDGE ( 'NONE', *, *, #280, .F. ) ;
#362 = AXIS2_PLACEMENT_3D ( 'NONE', #5777, #5028, #1515 ) ;
#363 = CARTESIAN_POINT ( 'NONE',  ( 2.934551745084342100, 2.779257183761112400, 2.238584936211194300 ) ) ;
#364 = CYLINDRICAL_SURFACE ( 'NONE', #2716, 0.1500000000000000800 ) ;
#365 = B_SPLINE_CURVE_WITH_KNOTS ( 'NONE', 3,
 ( #4486, #2056, #7388, #327 ),
 .UNSPECIFIED., .F., .F.,
 ( 4, 4 ),
 ( 0.0000000000000000000, 3.588533151036158700E-006 ),
 .UNSPECIFIED. ) ;
#366 = EDGE_CURVE ( 'NONE', #2082, #2973, #3530, .T. ) ;
#367 = CIRCLE ( 'NONE', #3842, 0.02299999999999997900 ) ;
#368 = CARTESIAN_POINT ( 'NONE',  ( 2.000000000000001800, -4.634964287375531500E-015, 1.149999999999999700 ) ) ;
#369 = ORIENTED_EDGE ( 'NONE', *, *, #740, .T. ) ;
#370 = CARTESIAN_POINT ( 'NONE',  ( 3.350000000000001400, 4.250000000000000900, -0.9699999999999999700 ) ) ;
#371 = CARTESIAN_POINT ( 'NONE',  ( -3.246635808212544400, 3.103085422351466800, -1.948215439984524400 ) ) ;
#372 = CARTESIAN_POINT ( 'NONE',  ( 3.047873667131116600, 2.660550356025169500, 2.300287254211840400 ) ) ;
#373 = FACE_OUTER_BOUND ( 'NONE', #4450, .T. ) ;
#374 = CARTESIAN_POINT ( 'NONE',  ( 3.349000000000001100, -2.287516853390374000, 1.645639239468278400 ) ) ;
#375 = FACE_OUTER_BOUND ( 'NONE', #2698, .T. ) ;
#376 = CARTESIAN_POINT ( 'NONE',  ( -1.924064390110130600, 2.961950312832712000, -3.128053938807782600 ) ) ;
#377 = EDGE_CURVE ( 'NONE', #7486, #1088, #151, .T. ) ;
#378 = VERTEX_POINT ( 'NONE', #1806 ) ;
#379 = FACE_OUTER_BOUND ( 'NONE', #234, .T. ) ;
#380 = CARTESIAN_POINT ( 'NONE',  ( -3.288889876908362500, 3.206999999999999900, -1.908159282706709500 ) ) ;
#381 = CARTESIAN_POINT ( 'NONE',  ( -3.329128784747790600, 0.1500000000000000200, -1.499999999999999800 ) ) ;
#382 = CARTESIAN_POINT ( 'NONE',  ( -3.126864378450390900, 2.808464004020113400, -2.500145183063559700 ) ) ;
#383 = CARTESIAN_POINT ( 'NONE',  ( 3.266541888225851700, 3.125275006377852300, 1.923783536923868300 ) ) ;
#384 = ORIENTED_EDGE ( 'NONE', *, *, #2586, .F. ) ;
#385 = AXIS2_PLACEMENT_3D ( 'NONE', #3418, #1703, #6909 ) ;
#386 = CARTESIAN_POINT ( 'NONE',  ( -2.958545174206075300, 2.678688643225843000, -2.149261290801882200 ) ) ;
#387 = CIRCLE ( 'NONE', #6293, 0.3500000000000000300 ) ;
#388 = DIRECTION ( 'NONE',  ( -0.7313537016191739000, 0.0000000000000000000, 0.6819983600624948100 ) ) ;
#389 = CARTESIAN_POINT ( 'NONE',  ( -3.262986432934594100, 3.133579969690472000, -1.919970777919632400 ) ) ;
#390 = CARTESIAN_POINT ( 'NONE',  ( 2.951373546374366900, 2.745235484434200800, 2.222898352747483000 ) ) ;
#391 = CARTESIAN_POINT ( 'NONE',  ( -1.906990164673290700, 2.049999999999999800, -0.3925288496439796000 ) ) ;
#392 = CARTESIAN_POINT ( 'NONE',  ( -3.235099743673198500, 3.125968325665404700, -1.890065964929529900 ) ) ;
#393 = CARTESIAN_POINT ( 'NONE',  ( -1.980000000000001300, 4.500000000000000900, -0.6200000000000003300 ) ) ;
#394 = EDGE_CURVE ( 'NONE', #6550, #2197, #2145, .T. ) ;
#395 = ORIENTED_EDGE ( 'NONE', *, *, #278, .T. ) ;
#396 = CARTESIAN_POINT ( 'NONE',  ( -1.630000000000001200, 4.500000000000000900, 3.397182120936205900 ) ) ;
#397 = FACE_OUTER_BOUND ( 'NONE', #6132, .T. ) ;
#398 = DIRECTION ( 'NONE',  ( 0.0000000000000000000, 0.0000000000000000000, 1.000000000000000000 ) ) ;
#399 = ORIENTED_EDGE ( 'NONE', *, *, #4672, .F. ) ;
#400 = EDGE_CURVE ( 'NONE', #4304, #6151, #6144, .T. ) ;
#401 = VECTOR ( 'NONE', #7008, 1000.000000000000000 ) ;
#402 = CARTESIAN_POINT ( 'NONE',  ( 3.500000000000001300, 4.179999999999999700, 1.645639239468278400 ) ) ;
#403 = CARTESIAN_POINT ( 'NONE',  ( -2.399859038427361000, 2.904474080853345400, -3.145812917451408500 ) ) ;
#404 = DIRECTION ( 'NONE',  ( -0.5990898797796667700, 0.5735764363510467100, 0.5586603508469330000 ) ) ;
#405 = CARTESIAN_POINT ( 'NONE',  ( 3.293881042201971500, 2.833454218672371500, 2.379151201714708700 ) ) ;
#406 = ORIENTED_EDGE ( 'NONE', *, *, #2708, .T. ) ;
#407 = PRESENTATION_LAYER_ASSIGNMENT (  '', '', ( #4360 ) ) ;
#408 = EDGE_CURVE ( 'NONE', #6663, #874, #7501, .T. ) ;
#409 = EDGE_CURVE ( 'NONE', #4142, #510, #5243, .T. ) ;
#410 = CARTESIAN_POINT ( 'NONE',  ( 1.952764310391434100, 3.115433325157546100, 3.082919092400718200 ) ) ;
#411 = DIRECTION ( 'NONE',  ( 0.0000000000000000000, 1.000000000000000000, 0.0000000000000000000 ) ) ;
#412 = ORIENTED_EDGE ( 'NONE', *, *, #5349, .F. ) ;
#413 = CARTESIAN_POINT ( 'NONE',  ( -2.297990272170799200, 2.758326327802822100, -2.980081154146020600 ) ) ;
#414 = CARTESIAN_POINT ( 'NONE',  ( -1.988273549576085700, -2.287516853390374000, -3.121003629221004600 ) ) ;
#415 = CARTESIAN_POINT ( 'NONE',  ( -3.298699525350364100, 2.955527081853199300, -2.343370224139346400 ) ) ;
#416 = LINE ( 'NONE', #2132, #4887 ) ;
#417 = PLANE ( 'NONE',  #6678 ) ;
#418 = AXIS2_PLACEMENT_3D ( 'NONE', #4088, #1176, #2322 ) ;
#419 = VERTEX_POINT ( 'NONE', #3741 ) ;
#420 = VERTEX_POINT ( 'NONE', #3025 ) ;
#421 = ORIENTED_EDGE ( 'NONE', *, *, #5514, .T. ) ;
#422 = DIRECTION ( 'NONE',  ( 0.0000000000000000000, 1.000000000000000000, -1.037514040655985100E-016 ) ) ;
#423 = EDGE_CURVE ( 'NONE', #1600, #7119, #3969, .T. ) ;
#424 = CARTESIAN_POINT ( 'NONE',  ( -3.046017378535642400, 2.782589359575951900, -2.302018271331346200 ) ) ;
#425 = FILL_AREA_STYLE_COLOUR ( '', #1462 ) ;
#426 = CARTESIAN_POINT ( 'NONE',  ( -2.194499376182423900, 2.680825750923201900, -2.926810671157732200 ) ) ;
#427 = EDGE_LOOP ( 'NONE', ( #4547, #4992, #6402, #7239 ) ) ;
#428 = CARTESIAN_POINT ( 'NONE',  ( 2.245074783031614000, 2.849257804980987400, 2.881532604884883500 ) ) ;
#429 = CARTESIAN_POINT ( 'NONE',  ( 3.452299754009375400, 4.179999999999999700, 1.755777107086115200 ) ) ;
#430 = CARTESIAN_POINT ( 'NONE',  ( -2.453110310995071200, 2.900905161318848300, -3.112455478755828100 ) ) ;
#431 = CARTESIAN_POINT ( 'NONE',  ( -3.099999999999998800, 4.249999999999999100, -0.9700000000000004200 ) ) ;
#432 = LINE ( 'NONE', #1200, #4621 ) ;
#433 = ORIENTED_EDGE ( 'NONE', *, *, #4071, .F. ) ;
#434 = VERTEX_POINT ( 'NONE', #4946 ) ;
#435 = ORIENTED_EDGE ( 'NONE', *, *, #6278, .T. ) ;
#436 = CARTESIAN_POINT ( 'NONE',  ( 2.475284316832580400, 2.901817111391474100, 3.093405641017891000 ) ) ;
#437 = CARTESIAN_POINT ( 'NONE',  ( 2.942055416060263900, 2.812608339851352800, 2.231587649840415900 ) ) ;
#438 = VECTOR ( 'NONE', #3251, 1000.000000000000000 ) ;
#439 = CARTESIAN_POINT ( 'NONE',  ( -3.237156141172955200, 3.125676150492540100, -1.892286295061608200 ) ) ;
#440 = ORIENTED_EDGE ( 'NONE', *, *, #1784, .T. ) ;
#441 = ORIENTED_EDGE ( 'NONE', *, *, #5872, .F. ) ;
#442 = CARTESIAN_POINT ( 'NONE',  ( -3.500000000000001300, 2.049999999999999800, -1.500000000000000200 ) ) ;
#443 = LINE ( 'NONE', #6625, #3366 ) ;
#444 = EDGE_CURVE ( 'NONE', #1001, #2973, #2989, .T. ) ;
#445 = CARTESIAN_POINT ( 'NONE',  ( 1.884851367023351800, 3.111887739978135900, 3.012416898625435800 ) ) ;
#446 = FACE_OUTER_BOUND ( 'NONE', #1465, .T. ) ;
#447 = DIRECTION ( 'NONE',  ( 0.8819238886962634800, 0.4698463103929560500, -0.03814051857259702400 ) ) ;
#448 = CARTESIAN_POINT ( 'NONE',  ( -1.980000000000001300, 4.350000000000000500, -0.9700000000000004200 ) ) ;
#449 = ORIENTED_EDGE ( 'NONE', *, *, #2739, .F. ) ;
#450 = CARTESIAN_POINT ( 'NONE',  ( 2.246223068540368600, 2.819458356840066000, 2.880461811324859700 ) ) ;
#451 = AXIS2_PLACEMENT_3D ( 'NONE', #3403, #3883, #3325 ) ;
#452 = VECTOR ( 'NONE', #3702, 1000.000000000000000 ) ;
#453 = CARTESIAN_POINT ( 'NONE',  ( -1.630000000000001200, 4.350000000000000500, 0.6199999999999998800 ) ) ;
#454 = CARTESIAN_POINT ( 'NONE',  ( -2.421388836812349500, 2.900768200429961300, -3.135457760496525000 ) ) ;
#455 = CARTESIAN_POINT ( 'NONE',  ( -1.886574842187914900, 3.111924560620024800, -3.014212256094971600 ) ) ;
#456 = CARTESIAN_POINT ( 'NONE',  ( 2.097976604818962100, 4.029999999999999400, 3.018703875211630600 ) ) ;
#457 = ORIENTED_EDGE ( 'NONE', *, *, #1689, .F. ) ;
#458 = VECTOR ( 'NONE', #6169, 1000.000000000000100 ) ;
#459 = ADVANCED_FACE ( 'NONE', ( #3610 ), #5783, .T. ) ;
#460 = VECTOR ( 'NONE', #6286, 1000.000000000000100 ) ;
#461 = CARTESIAN_POINT ( 'NONE',  ( -2.841994996035839700, 2.815021492899129700, -2.119796381873237900 ) ) ;
#462 = DIRECTION ( 'NONE',  ( -1.317318830548898700E-016, 0.0000000000000000000, -1.000000000000000000 ) ) ;
#463 = AXIS2_PLACEMENT_3D ( 'NONE', #6105, #7353, #2649 ) ;
#464 = CARTESIAN_POINT ( 'NONE',  ( -2.244232361989807200, 2.821351923169745900, -2.882567404943003000 ) ) ;
#465 = VERTEX_POINT ( 'NONE', #3159 ) ;
#466 = CARTESIAN_POINT ( 'NONE',  ( 1.889407923635564300, 3.119587246438398200, 3.014983225465383700 ) ) ;
#467 = EDGE_CURVE ( 'NONE', #685, #990, #2866, .T. ) ;
#468 = SURFACE_STYLE_FILL_AREA ( #6195 ) ;
#469 = DIRECTION ( 'NONE',  ( 0.5602494390798650200, 0.6427876096865357000, -0.5224410539421328000 ) ) ;
#470 = DIRECTION ( 'NONE',  ( 0.0000000000000000000, 1.000000000000000000, 0.0000000000000000000 ) ) ;
#471 = CARTESIAN_POINT ( 'NONE',  ( -2.340847485018012100, 2.815422605352922800, -2.976781380630093100 ) ) ;
#472 = ORIENTED_EDGE ( 'NONE', *, *, #5644, .T. ) ;
#473 = DIRECTION ( 'NONE',  ( -0.0000000000000000000, -0.0000000000000000000, 1.000000000000000000 ) ) ;
#474 = AXIS2_PLACEMENT_3D ( 'NONE', #5940, #2492, #5373 ) ;
#475 = CARTESIAN_POINT ( 'NONE',  ( 1.885713209975143900, 3.115927358760900700, 3.011543573973495000 ) ) ;
#476 = ORIENTED_EDGE ( 'NONE', *, *, #4772, .T. ) ;
#477 = EDGE_CURVE ( 'NONE', #3993, #5494, #3432, .T. ) ;
#478 = DIRECTION ( 'NONE',  ( -0.0000000000000000000, 1.037514040655985100E-016, -1.000000000000000000 ) ) ;
#479 = ORIENTED_EDGE ( 'NONE', *, *, #7099, .T. ) ;
#480 = DIRECTION ( 'NONE',  ( 0.7313537016191739000, 0.0000000000000000000, -0.6819983600624948100 ) ) ;
#481 = CARTESIAN_POINT ( 'NONE',  ( 2.945223269778516300, 2.814036741076667800, 2.230000905918391400 ) ) ;
#482 = CARTESIAN_POINT ( 'NONE',  ( -3.349999999999998800, 4.250000000000000000, -1.646074051843216400 ) ) ;
#483 = VECTOR ( 'NONE', #4973, 1000.000000000000000 ) ;
#484 = AXIS2_PLACEMENT_3D ( 'NONE', #6791, #7347, #6710 ) ;
#485 = EDGE_LOOP ( 'NONE', ( #6055, #1834, #3960, #6155, #5303, #5632 ) ) ;
#486 = CARTESIAN_POINT ( 'NONE',  ( -2.261797610241666100, 2.801041473141133900, -2.866880552566053900 ) ) ;
#487 = FACE_OUTER_BOUND ( 'NONE', #6518, .T. ) ;
#488 = CARTESIAN_POINT ( 'NONE',  ( -3.099999999999998300, 4.249999999999999100, 2.150000000000000800 ) ) ;
#489 = CARTESIAN_POINT ( 'NONE',  ( -3.306079775925482500, 2.959458921717111700, -2.323899274044165100 ) ) ;
#490 = EDGE_CURVE ( 'NONE', #3734, #5051, #4063, .T. ) ;
#491 = PLANE ( 'NONE',  #1866 ) ;
#492 = ORIENTED_EDGE ( 'NONE', *, *, #1576, .T. ) ;
#493 = VERTEX_POINT ( 'NONE', #4382 ) ;
#494 = CARTESIAN_POINT ( 'NONE',  ( -2.260656801362075400, 2.790605061583527400, -2.867002137719333100 ) ) ;
#495 = VECTOR ( 'NONE', #4446, 1000.000000000000000 ) ;
#496 = AXIS2_PLACEMENT_3D ( 'NONE', #6080, #2644, #1497 ) ;
#497 = CARTESIAN_POINT ( 'NONE',  ( 3.374138146570851800, 2.849159465013677100, 2.268312816211056400 ) ) ;
#498 = EDGE_CURVE ( 'NONE', #4663, #6823, #3698, .T. ) ;
#499 = ORIENTED_EDGE ( 'NONE', *, *, #4189, .F. ) ;
#500 =( BOUNDED_CURVE ( )  B_SPLINE_CURVE ( 3, ( #1838, #4745, #2426, #5901 ),
 .UNSPECIFIED., .F., .F. ) 
 B_SPLINE_CURVE_WITH_KNOTS ( ( 4, 4 ),
 ( 5.478686108883779900, 5.629494583789441900 ),
 .UNSPECIFIED. ) 
 CURVE ( )  GEOMETRIC_REPRESENTATION_ITEM ( )  RATIONAL_B_SPLINE_CURVE ( ( 1.000000000000000000, 0.9981056314964998900, 0.9981056314964998900, 1.000000000000000000 ) ) 
 REPRESENTATION_ITEM ( '' )  );
#501 = CARTESIAN_POINT ( 'NONE',  ( 3.297915196885238900, 2.968592387169215500, 1.901110363132154200 ) ) ;
#502 = FACE_OUTER_BOUND ( 'NONE', #4510, .T. ) ;
#503 = CARTESIAN_POINT ( 'NONE',  ( 3.099999999999999600, 4.500000000000000000, -1.879202823377633200 ) ) ;
#504 = DIRECTION ( 'NONE',  ( 0.0000000000000000000, 1.000000000000000000, 0.0000000000000000000 ) ) ;
#505 = CARTESIAN_POINT ( 'NONE',  ( -1.950344826085942800, 3.115502320601395900, -3.080331822624397200 ) ) ;
#506 = CARTESIAN_POINT ( 'NONE',  ( -3.247070086475940500, 2.951772887334934000, -2.422163417848180800 ) ) ;
#507 = ORIENTED_EDGE ( 'NONE', *, *, #5619, .F. ) ;
#508 = ORIENTED_EDGE ( 'NONE', *, *, #7317, .F. ) ;
#509 = ORIENTED_EDGE ( 'NONE', *, *, #2239, .T. ) ;
#510 = VERTEX_POINT ( 'NONE', #6621 ) ;
#511 = AXIS2_PLACEMENT_3D ( 'NONE', #6797, #3376, #5151 ) ;
#512 = EDGE_CURVE ( 'NONE', #1896, #6846, #4434, .T. ) ;
#513 = CARTESIAN_POINT ( 'NONE',  ( -2.246756326481169200, 2.818787226526910100, -2.879964540250261600 ) ) ;
#514 = CARTESIAN_POINT ( 'NONE',  ( 3.288754719344653600, 2.950228971132732100, 2.369607113994459400 ) ) ;
#515 = CARTESIAN_POINT ( 'NONE',  ( 3.500000000000001300, 2.049999999999999800, 1.645639239468278400 ) ) ;
#516 = ORIENTED_EDGE ( 'NONE', *, *, #2115, .T. ) ;
#517 = CARTESIAN_POINT ( 'NONE',  ( 1.951311994573425200, 3.115628382665900400, 3.081367214162293400 ) ) ;
#518 = ORIENTED_EDGE ( 'NONE', *, *, #2695, .T. ) ;
#519 = CARTESIAN_POINT ( 'NONE',  ( 3.099252197081730800, 2.907272590217529400, 2.560452888321922900 ) ) ;
#520 = B_SPLINE_CURVE_WITH_KNOTS ( 'NONE', 3,
 ( #3399, #7517, #5297, #640 ),
 .UNSPECIFIED., .F., .F.,
 ( 4, 4 ),
 ( 0.0000000000000000000, 0.0002218004755799159100 ),
 .UNSPECIFIED. ) ;
#521 = CARTESIAN_POINT ( 'NONE',  ( -3.258214650749282200, 3.131397587305921000, -1.914853668013051700 ) ) ;
#522 = LINE ( 'NONE', #2847, #7507 ) ;
#523 = CARTESIAN_POINT ( 'NONE',  ( -2.246223068540368600, 2.819458356840066000, -2.880461811324859700 ) ) ;
#524 = VERTEX_POINT ( 'NONE', #4329 ) ;
#525 = EDGE_CURVE ( 'NONE', #6532, #5605, #7143, .T. ) ;
#526 = DIRECTION ( 'NONE',  ( -0.0000000000000000000, -0.0000000000000000000, 1.000000000000000000 ) ) ;
#527 = EDGE_LOOP ( 'NONE', ( #2391, #3283, #5155, #7343 ) ) ;
#528 = CARTESIAN_POINT ( 'NONE',  ( 3.293881042201971500, 2.833454218672371500, 2.379151201714708700 ) ) ;
#529 = EDGE_CURVE ( 'NONE', #1758, #6332, #5951, .T. ) ;
#530 = CARTESIAN_POINT ( 'NONE',  ( -2.468332918659730700, 2.901817111391474600, -3.099887924683823100 ) ) ;
#531 = PLANE ( 'NONE',  #4748 ) ;
#532 = LINE ( 'NONE', #4889, #7253 ) ;
#533 = ORIENTED_EDGE ( 'NONE', *, *, #3846, .T. ) ;
#534 = AXIS2_PLACEMENT_3D ( 'NONE', #7155, #2515, #4348 ) ;
#535 = ORIENTED_EDGE ( 'NONE', *, *, #6107, .F. ) ;
#536 = CARTESIAN_POINT ( 'NONE',  ( 2.244235142475364200, 2.821835563310005400, 2.882315582370437400 ) ) ;
#537 = DIRECTION ( 'NONE',  ( 0.009204126107051265400, -0.4924038765061033400, 0.8703181639287828100 ) ) ;
#538 = VERTEX_POINT ( 'NONE', #1486 ) ;
#539 = DIRECTION ( 'NONE',  ( 0.0000000000000000000, -0.0000000000000000000, 1.000000000000000000 ) ) ;
#540 = VECTOR ( 'NONE', #5891, 1000.000000000000000 ) ;
#541 = ORIENTED_EDGE ( 'NONE', *, *, #2262, .T. ) ;
#542 = CARTESIAN_POINT ( 'NONE',  ( -2.190880056723572000, 2.681513213125143600, -2.923751105819028400 ) ) ;
#543 = ORIENTED_EDGE ( 'NONE', *, *, #5647, .F. ) ;
#544 = PLANE ( 'NONE',  #6595 ) ;
#545 = DIRECTION ( 'NONE',  ( -0.7313537016191739000, 0.0000000000000000000, 0.6819983600624948100 ) ) ;
#546 = CARTESIAN_POINT ( 'NONE',  ( 1.939416600044978600, 3.117125016846111300, 3.068610965276589400 ) ) ;
#547 = VECTOR ( 'NONE', #3522, 1000.000000000000000 ) ;
#548 = CARTESIAN_POINT ( 'NONE',  ( 3.080661043885175600, 2.919388496627143100, 2.523286380286387000 ) ) ;
#549 = ORIENTED_EDGE ( 'NONE', *, *, #2370, .F. ) ;
#550 = ADVANCED_FACE ( 'NONE', ( #2775 ), #1224, .F. ) ;
#551 = EDGE_CURVE ( 'NONE', #2528, #1785, #1595, .T. ) ;
#552 = ORIENTED_EDGE ( 'NONE', *, *, #3926, .F. ) ;
#553 = CARTESIAN_POINT ( 'NONE',  ( 3.167383481307799000, 3.122493403704286000, 1.815395977726565800 ) ) ;
#554 = VECTOR ( 'NONE', #5685, 1000.000000000000200 ) ;
#555 = DIRECTION ( 'NONE',  ( 1.000000000000000000, -0.0000000000000000000, -0.0000000000000000000 ) ) ;
#556 = LINE ( 'NONE', #3625, #5111 ) ;
#557 = B_SPLINE_CURVE_WITH_KNOTS ( 'NONE', 3,
 ( #7310, #968, #5624, #2134, #6201, #2721, #3516 ),
 .UNSPECIFIED., .F., .F.,
 ( 4, 3, 4 ),
 ( 0.0000000000000000000, 2.027951799813959100E-005, 2.500112759491201200E-005 ),
 .UNSPECIFIED. ) ;
#558 = ORIENTED_EDGE ( 'NONE', *, *, #6935, .T. ) ;
#559 = AXIS2_PLACEMENT_3D ( 'NONE', #3061, #5322, #1835 ) ;
#560 = VECTOR ( 'NONE', #311, 1000.000000000000000 ) ;
#561 = DIRECTION ( 'NONE',  ( 1.000000000000000000, 5.042800802258159400E-016, 5.231976636574106000E-032 ) ) ;
#562 = CARTESIAN_POINT ( 'NONE',  ( -3.050291662069463800, 2.679075721088799000, -2.311822992253914000 ) ) ;
#563 = FACE_OUTER_BOUND ( 'NONE', #2715, .T. ) ;
#564 = ORIENTED_EDGE ( 'NONE', *, *, #6250, .F. ) ;
#565 = CARTESIAN_POINT ( 'NONE',  ( -6.629269276938390300, 0.7675062156822948200, -4.339101388036923800 ) ) ;
#566 = LINE ( 'NONE', #2654, #748 ) ;
#567 = AXIS2_PLACEMENT_3D ( 'NONE', #1867, #6421, #4165 ) ;
#568 = DIRECTION ( 'NONE',  ( 1.000000000000000000, 0.0000000000000000000, -0.0000000000000000000 ) ) ;
#569 = DIRECTION ( 'NONE',  ( 0.4701050976991866200, -0.7660444431189820100, -0.4383800956747088700 ) ) ;
#570 = CARTESIAN_POINT ( 'NONE',  ( 1.980000000000001300, 4.350000000000000500, 0.6200000000000003300 ) ) ;
#571 = CARTESIAN_POINT ( 'NONE',  ( 1.949745329491134900, 3.115829818233359500, 3.079687171548958000 ) ) ;
#572 = EDGE_CURVE ( 'NONE', #6668, #6931, #416, .T. ) ;
#573 = ORIENTED_EDGE ( 'NONE', *, *, #2072, .T. ) ;
#574 = CARTESIAN_POINT ( 'NONE',  ( -3.265055175918772700, 3.120323113692111700, -1.940510180386316500 ) ) ;
#575 = VECTOR ( 'NONE', #6095, 1000.000000000000000 ) ;
#576 = CARTESIAN_POINT ( 'NONE',  ( -2.233566530746264000, 2.742871315494357400, -2.892264223756133600 ) ) ;
#577 = CARTESIAN_POINT ( 'NONE',  ( 1.885519834350763500, 3.114545130866508400, 3.011723899660522000 ) ) ;
#578 = CARTESIAN_POINT ( 'NONE',  ( -1.998151773966410100, 3.109397595471206100, -3.118556659242834400 ) ) ;
#579 = DIRECTION ( 'NONE',  ( -1.000000000000000000, 0.0000000000000000000, 0.0000000000000000000 ) ) ;
#580 = ORIENTED_EDGE ( 'NONE', *, *, #23, .F. ) ;
#581 = AXIS2_PLACEMENT_3D ( 'NONE', #4289, #1325, #5454 ) ;
#582 = CARTESIAN_POINT ( 'NONE',  ( -2.315730420004455900, 2.786910444923625700, -3.242192056862166700 ) ) ;
#583 = LINE ( 'NONE', #5664, #4410 ) ;
#584 = EDGE_CURVE ( 'NONE', #5871, #3993, #4016, .T. ) ;
#585 = CARTESIAN_POINT ( 'NONE',  ( -3.350000000000001400, -2.287516853390374000, -1.646074051843239100 ) ) ;
#586 = CARTESIAN_POINT ( 'NONE',  ( -4.597907219022705900, 1.461878182136606500, -6.833793610563872400 ) ) ;
#587 = VERTEX_POINT ( 'NONE', #402 ) ;
#588 = ORIENTED_EDGE ( 'NONE', *, *, #5293, .F. ) ;
#589 = ADVANCED_FACE ( 'NONE', ( #4598 ), #6923, .T. ) ;
#590 = CARTESIAN_POINT ( 'NONE',  ( -3.350000000000001400, 0.1500000000000003800, 1.500000000000000200 ) ) ;
#591 = CARTESIAN_POINT ( 'NONE',  ( 3.100000000000000500, 4.500000000000000900, -0.9699999999999999700 ) ) ;
#592 = FACE_OUTER_BOUND ( 'NONE', #1749, .T. ) ;
#593 = AXIS2_PLACEMENT_3D ( 'NONE', #1421, #5502, #2017 ) ;
#594 = DIRECTION ( 'NONE',  ( -0.6819983600624952600, 1.884081197869260900E-015, -0.7313537016191735700 ) ) ;
#595 = ORIENTED_EDGE ( 'NONE', *, *, #5774, .F. ) ;
#596 = CARTESIAN_POINT ( 'NONE',  ( 3.349000000000001100, 2.049999999999999800, 1.645639239468278400 ) ) ;
#597 = CARTESIAN_POINT ( 'NONE',  ( 5.237222008265105300E-016, -1.160096324559489700E-014, 0.0000000000000000000 ) ) ;
#598 = ADVANCED_FACE ( 'NONE', ( #502 ), #6878, .T. ) ;
#599 = CARTESIAN_POINT ( 'NONE',  ( -2.326059493707732400, 3.077912769167390600, -3.077441108795564400 ) ) ;
#600 = ORIENTED_EDGE ( 'NONE', *, *, #3393, .F. ) ;
#601 =( BOUNDED_CURVE ( )  B_SPLINE_CURVE ( 3, ( #1832, #6468, #5921, #3006 ),
 .UNSPECIFIED., .F., .F. ) 
 B_SPLINE_CURVE_WITH_KNOTS ( ( 4, 4 ),
 ( 3.141592653589796700, 4.712388980384689700 ),
 .UNSPECIFIED. ) 
 CURVE ( )  GEOMETRIC_REPRESENTATION_ITEM ( )  RATIONAL_B_SPLINE_CURVE ( ( 1.000000000000000000, 0.8047378541243658300, 0.8047378541243658300, 1.000000000000000000 ) ) 
 REPRESENTATION_ITEM ( '' )  );
#602 = CARTESIAN_POINT ( 'NONE',  ( -3.099999999999998800, 4.500000000000000900, 0.9699999999999999700 ) ) ;
#603 = CARTESIAN_POINT ( 'NONE',  ( -1.952279252249062800, 3.115499834400321500, -3.082402709262722400 ) ) ;
#604 = LINE ( 'NONE', #7050, #2321 ) ;
#605 = DIRECTION ( 'NONE',  ( -1.000000000000000000, 0.0000000000000000000, 0.0000000000000000000 ) ) ;
#606 = B_SPLINE_CURVE_WITH_KNOTS ( 'NONE', 3,
 ( #6326, #1791, #5384, #4167, #4806, #5830, #5853, #2355, #5362, #7001, #4776, #118, #1869, #1283, #1260, #2379, #6424, #6401, #1816, #5329, #1842, #2958, #1226, #7026, #6453, #7054, #6503, #2454, #5906, #2988, #3559, #2432, #4116, #1205, #6477, #2933, #2401 ),
 .UNSPECIFIED., .F., .F.,
 ( 4, 3, 3, 3, 3, 3, 3, 3, 3, 3, 3, 3, 4 ),
 ( 2.125969666964390000E-005, 5.240279541580184500E-005, 7.870476515662834900E-005, 9.186855231486599800E-005, 9.605966327929034700E-005, 9.939560275450916600E-005, 0.0001018904512733142800, 0.0001050832570250403300, 0.0001105727111158676500, 0.0001160176376733998000, 0.0001214589514658193400, 0.0001253571140318022200, 0.0001292552992853364400 ),
 .UNSPECIFIED. ) ;
#607 = VERTEX_POINT ( 'NONE', #3840 ) ;
#608 = DIRECTION ( 'NONE',  ( -0.6819983600624933700, 0.0000000000000000000, -0.7313537016191753400 ) ) ;
#609 = ORIENTED_EDGE ( 'NONE', *, *, #3256, .T. ) ;
#610 = CARTESIAN_POINT ( 'NONE',  ( -3.131041923489281200, 2.815403776910900400, -2.507833418617420500 ) ) ;
#611 = CARTESIAN_POINT ( 'NONE',  ( -3.276971034663228400, 2.974420593628062100, -1.866445863347411200 ) ) ;
#612 = CARTESIAN_POINT ( 'NONE',  ( -3.250000000000001300, 4.250000000000000000, 3.397182120936205900 ) ) ;
#613 = DIRECTION ( 'NONE',  ( 0.0000000000000000000, 1.000000000000000000, 0.0000000000000000000 ) ) ;
#614 = CARTESIAN_POINT ( 'NONE',  ( -3.305290822127101300, 2.983600801614804300, -2.261048139182287200 ) ) ;
#615 = ORIENTED_EDGE ( 'NONE', *, *, #525, .T. ) ;
#616 = EDGE_CURVE ( 'NONE', #6440, #5706, #4517, .T. ) ;
#617 = DIRECTION ( 'NONE',  ( 0.6819983600624933700, -0.0000000000000000000, 0.7313537016191753400 ) ) ;
#618 = DIRECTION ( 'NONE',  ( 0.6819983600624933700, -0.0000000000000000000, 0.7313537016191753400 ) ) ;
#619 = FACE_OUTER_BOUND ( 'NONE', #4981, .T. ) ;
#620 = EDGE_LOOP ( 'NONE', ( #1389, #2094, #4381 ) ) ;
#621 = VERTEX_POINT ( 'NONE', #4067 ) ;
#622 = CARTESIAN_POINT ( 'NONE',  ( 2.944614298669344900, 2.814387362216344900, 2.229523042214155200 ) ) ;
#623 = VERTEX_POINT ( 'NONE', #2297 ) ;
#624 = ADVANCED_FACE ( 'NONE', ( #3962 ), #144, .F. ) ;
#625 = EDGE_CURVE ( 'NONE', #4324, #1997, #7226, .T. ) ;
#626 = CARTESIAN_POINT ( 'NONE',  ( 3.350000000000001400, 4.179999999999999700, 1.500000000000000200 ) ) ;
#627 = PLANE ( 'NONE',  #6389 ) ;
#628 = ORIENTED_EDGE ( 'NONE', *, *, #5228, .F. ) ;
#629 = CARTESIAN_POINT ( 'NONE',  ( 3.175880769512273700, 2.829283322248509900, 2.489188236166208300 ) ) ;
#630 = FACE_OUTER_BOUND ( 'NONE', #33, .T. ) ;
#631 = DIRECTION ( 'NONE',  ( 1.317318830548898700E-016, 0.0000000000000000000, 1.000000000000000000 ) ) ;
#632 = VECTOR ( 'NONE', #4106, 1000.000000000000000 ) ;
#633 = ORIENTED_EDGE ( 'NONE', *, *, #934, .T. ) ;
#634 = DIRECTION ( 'NONE',  ( -0.7313537016191739000, 0.0000000000000000000, 0.6819983600624948100 ) ) ;
#635 = DIRECTION ( 'NONE',  ( 0.0000000000000000000, -1.000000000000000000, -1.037514040655985100E-016 ) ) ;
#636 = EDGE_CURVE ( 'NONE', #1280, #3690, #4595, .T. ) ;
#637 = VECTOR ( 'NONE', #924, 1000.000000000000000 ) ;
#638 = DIRECTION ( 'NONE',  ( 0.0000000000000000000, -1.000000000000000000, 0.0000000000000000000 ) ) ;
#639 = DIRECTION ( 'NONE',  ( -1.000000000000000000, 3.484935554417692700E-015, 0.0000000000000000000 ) ) ;
#640 = CARTESIAN_POINT ( 'NONE',  ( 3.108016385482688100, 2.754254910926015900, 2.427235477518099300 ) ) ;
#641 = ORIENTED_EDGE ( 'NONE', *, *, #5550, .T. ) ;
#642 = VECTOR ( 'NONE', #4392, 1000.000000000000000 ) ;
#643 = DIRECTION ( 'NONE',  ( -3.491481338843133000E-015, -1.000000000000000000, -0.0000000000000000000 ) ) ;
#644 = CYLINDRICAL_SURFACE ( 'NONE', #3989, 0.1500000000000000800 ) ;
#645 = EDGE_CURVE ( 'NONE', #4843, #2335, #1284, .T. ) ;
#646 = ORIENTED_EDGE ( 'NONE', *, *, #2995, .F. ) ;
#647 = PLANE ( 'NONE',  #63 ) ;
#648 = CARTESIAN_POINT ( 'NONE',  ( 1.906562708821004200, 3.112346404430850600, 3.035039671497187500 ) ) ;
#649 = DIRECTION ( 'NONE',  ( 0.0000000000000000000, 0.0000000000000000000, -1.000000000000000000 ) ) ;
#650 = VECTOR ( 'NONE', #6344, 1000.000000000000000 ) ;
#651 = CARTESIAN_POINT ( 'NONE',  ( 4.793399501069844200, -0.1032827898256240700, 0.5065486883979348800 ) ) ;
#652 =( GEOMETRIC_REPRESENTATION_CONTEXT ( 3 ) GLOBAL_UNCERTAINTY_ASSIGNED_CONTEXT ( ( #1948 ) ) GLOBAL_UNIT_ASSIGNED_CONTEXT ( ( #7396, #6891, #2801 ) ) REPRESENTATION_CONTEXT ( 'NONE', 'WORKASPACE' ) );
#653 = EDGE_CURVE ( 'NONE', #2859, #2807, #5695, .T. ) ;
#654 = ORIENTED_EDGE ( 'NONE', *, *, #159, .F. ) ;
#655 = CARTESIAN_POINT ( 'NONE',  ( -3.349999999999998800, 4.179999999999999700, -1.646074051843216400 ) ) ;
#656 = EDGE_CURVE ( 'NONE', #1074, #4790, #2957, .T. ) ;
#657 = LINE ( 'NONE', #7091, #5221 ) ;
#658 = EDGE_CURVE ( 'NONE', #1375, #1483, #3052, .T. ) ;
#659 = ADVANCED_FACE ( 'NONE', ( #5510 ), #7457, .T. ) ;
#660 = CARTESIAN_POINT ( 'NONE',  ( -2.227645250132342300, 2.732052705187136200, -2.898696242595770700 ) ) ;
#661 = DIRECTION ( 'NONE',  ( -1.000000000000000000, 0.0000000000000000000, 0.0000000000000000000 ) ) ;
#662 = ORIENTED_EDGE ( 'NONE', *, *, #2839, .F. ) ;
#663 = VECTOR ( 'NONE', #4996, 1000.000000000000000 ) ;
#664 = DIRECTION ( 'NONE',  ( -3.491481338843133000E-015, 1.000000000000000000, 0.0000000000000000000 ) ) ;
#665 = DIRECTION ( 'NONE',  ( 1.000000000000000000, 0.0000000000000000000, 0.0000000000000000000 ) ) ;
#666 = EDGE_CURVE ( 'NONE', #6492, #3187, #1763, .T. ) ;
#667 = ORIENTED_EDGE ( 'NONE', *, *, #1689, .T. ) ;
#668 = FACE_OUTER_BOUND ( 'NONE', #1303, .T. ) ;
#669 = DIRECTION ( 'NONE',  ( -0.8523066728710100300, -0.5230423839227078500, 0.0000000000000000000 ) ) ;
#670 = PLANE ( 'NONE',  #3691 ) ;
#671 = AXIS2_PLACEMENT_3D ( 'NONE', #2947, #638, #3569 ) ;
#672 = CARTESIAN_POINT ( 'NONE',  ( -1.980000000000001300, 4.500000000000000900, 0.6199999999999998800 ) ) ;
#673 = ORIENTED_EDGE ( 'NONE', *, *, #409, .T. ) ;
#674 = CARTESIAN_POINT ( 'NONE',  ( -2.593388065980804400, 2.649999999999999900, -2.556725213832716100 ) ) ;
#675 = LINE ( 'NONE', #442, #862 ) ;
#676 = CARTESIAN_POINT ( 'NONE',  ( 1.988273549576085700, -2.287516853390374000, 3.121003629221004600 ) ) ;
#677 = DIRECTION ( 'NONE',  ( -0.0000000000000000000, -0.0000000000000000000, 1.000000000000000000 ) ) ;
#678 = EDGE_LOOP ( 'NONE', ( #3130, #5900, #5265 ) ) ;
#679 = CARTESIAN_POINT ( 'NONE',  ( -1.630000000000001200, 4.350000000000000500, 3.397182120936205900 ) ) ;
#680 = CARTESIAN_POINT ( 'NONE',  ( 2.386361905417368100, 2.756916493494002500, 3.176327131158316300 ) ) ;
#681 = FACE_OUTER_BOUND ( 'NONE', #5022, .T. ) ;
#682 = ORIENTED_EDGE ( 'NONE', *, *, #127, .F. ) ;
#683 = ORIENTED_EDGE ( 'NONE', *, *, #7011, .T. ) ;
#684 = VERTEX_POINT ( 'NONE', #5217 ) ;
#685 = VERTEX_POINT ( 'NONE', #3434 ) ;
#686 = CARTESIAN_POINT ( 'NONE',  ( -1.957476183979802900, 2.954628910751114600, -3.151089964714340700 ) ) ;
#687 = EDGE_CURVE ( 'NONE', #7161, #3474, #870, .T. ) ;
#688 = CARTESIAN_POINT ( 'NONE',  ( 2.350000000000001900, -3.412945818780434400E-015, -1.500000000000000000 ) ) ;
#689 = ORIENTED_EDGE ( 'NONE', *, *, #788, .F. ) ;
#690 = FACE_OUTER_BOUND ( 'NONE', #3871, .T. ) ;
#691 = DIRECTION ( 'NONE',  ( 0.0000000000000000000, 0.0000000000000000000, 1.000000000000000000 ) ) ;
#692 = ADVANCED_FACE ( 'NONE', ( #2861 ), #4555, .F. ) ;
#693 = EDGE_LOOP ( 'NONE', ( #1258, #1848, #850, #5702 ) ) ;
#694 = CARTESIAN_POINT ( 'NONE',  ( -3.116156483016746700, 2.772807392645520300, -2.450612490629968700 ) ) ;
#695 = ORIENTED_EDGE ( 'NONE', *, *, #4546, .T. ) ;
#696 = CARTESIAN_POINT ( 'NONE',  ( 4.053867229607820800E-029, 0.1499999999999883900, 1.499999999999999800 ) ) ;
#697 = CARTESIAN_POINT ( 'NONE',  ( -3.349999999999998300, -9.334880824091971600, 2.150000000000000800 ) ) ;
#698 = ORIENTED_EDGE ( 'NONE', *, *, #941, .F. ) ;
#699 = AXIS2_PLACEMENT_3D ( 'NONE', #599, #6894, #3524 ) ;
#700 = DIRECTION ( 'NONE',  ( 0.0000000000000000000, -1.037514040655985100E-016, 1.000000000000000000 ) ) ;
#701 = CARTESIAN_POINT ( 'NONE',  ( 3.253795380268192700, 3.110383091887917800, 1.941111730687710800 ) ) ;
#702 = VECTOR ( 'NONE', #462, 1000.000000000000000 ) ;
#703 = ADVANCED_FACE ( 'NONE', ( #49 ), #531, .F. ) ;
#704 = ORIENTED_EDGE ( 'NONE', *, *, #423, .F. ) ;
#705 = ORIENTED_EDGE ( 'NONE', *, *, #377, .T. ) ;
#706 = DIRECTION ( 'NONE',  ( -0.0000000000000000000, -1.000000000000000000, 1.037514040655985100E-016 ) ) ;
#707 = CARTESIAN_POINT ( 'NONE',  ( -3.500000000000001300, 0.1500000000000003800, -1.499999999999999800 ) ) ;
#708 = AXIS2_PLACEMENT_3D ( 'NONE', #6038, #175, #1427 ) ;
#709 = DIRECTION ( 'NONE',  ( -1.000000000000000000, 0.0000000000000000000, 0.0000000000000000000 ) ) ;
#710 = ORIENTED_EDGE ( 'NONE', *, *, #6380, .T. ) ;
#711 = EDGE_CURVE ( 'NONE', #1483, #2517, #6135, .T. ) ;
#712 = ORIENTED_EDGE ( 'NONE', *, *, #1676, .T. ) ;
#713 = VERTEX_POINT ( 'NONE', #2915 ) ;
#714 = CARTESIAN_POINT ( 'NONE',  ( 3.500000000000001300, 4.250000000000000000, 0.9700000000000004200 ) ) ;
#715 = ORIENTED_EDGE ( 'NONE', *, *, #529, .F. ) ;
#716 = CARTESIAN_POINT ( 'NONE',  ( -1.370356941941429000, 0.9439737714805841500, -3.344201651926385300 ) ) ;
#717 = CARTESIAN_POINT ( 'NONE',  ( -1.994954547807495700, 3.107621357987788300, -3.114773497579756500 ) ) ;
#718 = FACE_OUTER_BOUND ( 'NONE', #3512, .T. ) ;
#719 = DIRECTION ( 'NONE',  ( -1.000000000000000000, 0.0000000000000000000, 0.0000000000000000000 ) ) ;
#720 = AXIS2_PLACEMENT_3D ( 'NONE', #2349, #3527, #4111 ) ;
#721 = ORIENTED_EDGE ( 'NONE', *, *, #4017, .T. ) ;
#722 = ORIENTED_EDGE ( 'NONE', *, *, #6647, .F. ) ;
#723 = CARTESIAN_POINT ( 'NONE',  ( -3.185932588282633000, -3.726944967918919600E-017, 2.743598074310817000 ) ) ;
#724 = EDGE_CURVE ( 'NONE', #4157, #6164, #7315, .T. ) ;
#725 = CARTESIAN_POINT ( 'NONE',  ( -2.841994996035839700, 2.815021492899129700, -2.119796381873237900 ) ) ;
#726 = CARTESIAN_POINT ( 'NONE',  ( -1.630000000000001200, 4.500000000000000900, 0.6199999999999998800 ) ) ;
#727 = CARTESIAN_POINT ( 'NONE',  ( 1.929229444741114000, 3.112643281033688100, 3.057686578684421200 ) ) ;
#728 = CIRCLE ( 'NONE', #966, 0.3499999999999999800 ) ;
#729 = CARTESIAN_POINT ( 'NONE',  ( 3.139397011872315300, 2.829283322248509000, 2.523209890564457800 ) ) ;
#730 = ORIENTED_EDGE ( 'NONE', *, *, #5826, .T. ) ;
#731 = CARTESIAN_POINT ( 'NONE',  ( -1.980000000000001300, 4.179999999999999700, -0.6200000000000003300 ) ) ;
#732 = VERTEX_POINT ( 'NONE', #2325 ) ;
#733 = CIRCLE ( 'NONE', #184, 0.3500000000000000300 ) ;
#734 = CARTESIAN_POINT ( 'NONE',  ( 3.261235797955770000, 1.635220609220874100, 2.528929275305877900 ) ) ;
#735 = CIRCLE ( 'NONE', #3252, 1.099999999999999900 ) ;
#736 = ADVANCED_FACE ( 'NONE', ( #2413 ), #3607, .T. ) ;
#737 = DIRECTION ( 'NONE',  ( 1.000000000000000000, 3.491481338843134100E-015, 0.0000000000000000000 ) ) ;
#738 =( BOUNDED_SURFACE ( )  B_SPLINE_SURFACE ( 3, 2, ( 
 ( #2378, #5878, #6451 ),
 ( #3578, #4114, #4674 ),
 ( #2984, #1255, #1174 ),
 ( #578, #1839, #2909 ) ),
 .UNSPECIFIED., .F., .F., .T. ) 
 B_SPLINE_SURFACE_WITH_KNOTS ( ( 4, 4 ),
 ( 3, 3 ),
 ( -2.299531419536893000E-006, 5.324737874270669200E-005 ),
 ( 0.0000000000000000000, 1.000000000000000000 ),
 .UNSPECIFIED. ) 
 GEOMETRIC_REPRESENTATION_ITEM ( )  RATIONAL_B_SPLINE_SURFACE ( (
 ( 1.000000000000000000, 1.000000000000000000, 1.000000000000000000),
 ( 1.000000000000000000, 0.9989798142526441500, 1.000000000000000000),
 ( 1.000000000000000000, 0.9980433599527462900, 1.000000000000000000),
 ( 1.000000000000000000, 0.8818545020931639600, 1.000000000000000000) ) ) 
 REPRESENTATION_ITEM ( '' )  SURFACE ( )  );
#739 = EDGE_LOOP ( 'NONE', ( #2344, #69, #3317, #6182, #7247, #6805 ) ) ;
#740 = EDGE_CURVE ( 'NONE', #6680, #3599, #1961, .T. ) ;
#741 = CARTESIAN_POINT ( 'NONE',  ( 1.998151773966410100, 3.109397595471206100, 3.118556659242834400 ) ) ;
#742 = LINE ( 'NONE', #4051, #3476 ) ;
#743 = LINE ( 'NONE', #5, #6004 ) ;
#744 = CARTESIAN_POINT ( 'NONE',  ( 2.389727555434236500, 2.826718718802292400, 3.008767483558425000 ) ) ;
#745 = ADVANCED_FACE ( 'NONE', ( #4149 ), #6305, .T. ) ;
#746 = VERTEX_POINT ( 'NONE', #5283 ) ;
#747 = DIRECTION ( 'NONE',  ( -1.000000000000000000, 0.0000000000000000000, 1.317318830548897400E-016 ) ) ;
#748 = VECTOR ( 'NONE', #6112, 1000.000000000000000 ) ;
#749 = EDGE_CURVE ( 'NONE', #7141, #874, #4697, .T. ) ;
#750 = CARTESIAN_POINT ( 'NONE',  ( -3.127275233891903600, 2.892439130144407200, -2.261048139182287200 ) ) ;
#751 = ORIENTED_EDGE ( 'NONE', *, *, #4280, .T. ) ;
#752 = B_SPLINE_CURVE_WITH_KNOTS ( 'NONE', 3,
 ( #6863, #1076, #6253, #3344 ),
 .UNSPECIFIED., .F., .F.,
 ( 4, 4 ),
 ( 0.7461093225873233200, 0.9419255407983746500 ),
 .UNSPECIFIED. ) ;
#753 = LINE ( 'NONE', #5459, #6283 ) ;
#754 = AXIS2_PLACEMENT_3D ( 'NONE', #7166, #4824, #2542 ) ;
#755 = CARTESIAN_POINT ( 'NONE',  ( 1.989148945118149200, 3.118192515407725000, 3.120187309671692800 ) ) ;
#756 = DIRECTION ( 'NONE',  ( 0.0000000000000000000, 0.0000000000000000000, -1.000000000000000000 ) ) ;
#757 = EDGE_CURVE ( 'NONE', #2846, #250, #2885, .T. ) ;
#758 = DIRECTION ( 'NONE',  ( 0.0000000000000000000, 1.000000000000000000, 0.0000000000000000000 ) ) ;
#759 = ORIENTED_EDGE ( 'NONE', *, *, #3977, .T. ) ;
#760 = EDGE_CURVE ( 'NONE', #1790, #868, #3234, .T. ) ;
#761 = CARTESIAN_POINT ( 'NONE',  ( 3.183664708092512000, 3.206999999999999900, 1.801184220904083400 ) ) ;
#762 = ORIENTED_EDGE ( 'NONE', *, *, #3282, .F. ) ;
#763 = CARTESIAN_POINT ( 'NONE',  ( -2.227847911950346900, 2.731839322350151400, -2.898964249514908200 ) ) ;
#764 = AXIS2_PLACEMENT_3D ( 'NONE', #4292, #3014, #5950 ) ;
#765 = CYLINDRICAL_SURFACE ( 'NONE', #7412, 0.3500000000000000300 ) ;
#766 = EDGE_CURVE ( 'NONE', #6708, #4050, #5778, .T. ) ;
#767 = ADVANCED_FACE ( 'NONE', ( #7405 ), #6400, .F. ) ;
#768 = ORIENTED_EDGE ( 'NONE', *, *, #319, .F. ) ;
#769 = CARTESIAN_POINT ( 'NONE',  ( 2.841994996035833100, 2.815021492899142200, 2.119796381873244200 ) ) ;
#770 = CARTESIAN_POINT ( 'NONE',  ( -2.348513628153881000, 2.918998984629662000, -3.160640193688776500 ) ) ;
#771 = CARTESIAN_POINT ( 'NONE',  ( 2.806141992263972100, 2.649999999999999900, 2.784875867313686200 ) ) ;
#772 = CARTESIAN_POINT ( 'NONE',  ( -4.660830306505737000, 1.339005375493257400, -6.775116882219586900 ) ) ;
#773 = CARTESIAN_POINT ( 'NONE',  ( -1.991704542055572800, 3.111904086371814100, -3.117804176973458100 ) ) ;
#774 = DIRECTION ( 'NONE',  ( 0.0000000000000000000, -1.000000000000000000, -1.037514040655985100E-016 ) ) ;
#775 = ADVANCED_FACE ( 'NONE', ( #6487 ), #67, .F. ) ;
#776 = ORIENTED_EDGE ( 'NONE', *, *, #1625, .T. ) ;
#777 = CARTESIAN_POINT ( 'NONE',  ( -2.449012816618379300, 2.761234062908032500, -3.072073943167980200 ) ) ;
#778 = CIRCLE ( 'NONE', #5050, 0.4604790787174171700 ) ;
#779 = CARTESIAN_POINT ( 'NONE',  ( 2.222306734094221100, 1.635220609220872500, 2.902764154001006500 ) ) ;
#780 = EDGE_CURVE ( 'NONE', #6150, #1280, #3337, .T. ) ;
#781 = CARTESIAN_POINT ( 'NONE',  ( 3.170287462274090600, 3.129755046372269900, 1.820563302331811300 ) ) ;
#782 = CARTESIAN_POINT ( 'NONE',  ( 3.349999999999999600, 0.2500000000000000000, -1.646074051843217100 ) ) ;
#783 = ORIENTED_EDGE ( 'NONE', *, *, #1464, .F. ) ;
#784 = ORIENTED_EDGE ( 'NONE', *, *, #3305, .T. ) ;
#785 = DIRECTION ( 'NONE',  ( 0.0000000000000000000, 1.000000000000000000, 1.037514040655985100E-016 ) ) ;
#786 = CARTESIAN_POINT ( 'NONE',  ( -2.944420150914065300, 2.814685502254967300, -2.229464666854318500 ) ) ;
#787 = CARTESIAN_POINT ( 'NONE',  ( 3.350000000000001400, 3.779999999999999400, -1.099999999999999900 ) ) ;
#788 = EDGE_CURVE ( 'NONE', #5767, #2248, #6054, .T. ) ;
#789 = VECTOR ( 'NONE', #7445, 1000.000000000000000 ) ;
#790 = VERTEX_POINT ( 'NONE', #3584 ) ;
#791 = ORIENTED_EDGE ( 'NONE', *, *, #4573, .T. ) ;
#792 = CARTESIAN_POINT ( 'NONE',  ( -3.941906072725688500, 1.301672027803379100, -1.501392592336814300 ) ) ;
#793 = DIRECTION ( 'NONE',  ( -1.000000000000000000, 3.491481338843134500E-015, 0.0000000000000000000 ) ) ;
#794 = CYLINDRICAL_SURFACE ( 'NONE', #3218, 0.3500000000000000300 ) ;
#795 = DIRECTION ( 'NONE',  ( 0.6819983600624948100, 7.454326309761505700E-016, 0.7313537016191740100 ) ) ;
#796 = AXIS2_PLACEMENT_3D ( 'NONE', #7002, #1262, #6977 ) ;
#797 = EDGE_CURVE ( 'NONE', #2551, #1989, #5865, .T. ) ;
#798 = ORIENTED_EDGE ( 'NONE', *, *, #5581, .T. ) ;
#799 = ORIENTED_EDGE ( 'NONE', *, *, #1440, .T. ) ;
#800 = CARTESIAN_POINT ( 'NONE',  ( -3.003757589575264800, 2.662634703922750500, -2.255441710857885700 ) ) ;
#801 = B_SPLINE_CURVE_WITH_KNOTS ( 'NONE', 3,
 ( #6418, #4084, #694, #113 ),
 .UNSPECIFIED., .F., .F.,
 ( 4, 4 ),
 ( 2.995398813858597600E-005, 0.0001226945781615042600 ),
 .UNSPECIFIED. ) ;
#802 = EDGE_CURVE ( 'NONE', #7263, #6630, #1774, .T. ) ;
#803 = ORIENTED_EDGE ( 'NONE', *, *, #13, .F. ) ;
#804 = DIRECTION ( 'NONE',  ( 0.0000000000000000000, -0.0000000000000000000, 1.000000000000000000 ) ) ;
#805 = DIRECTION ( 'NONE',  ( 0.0000000000000000000, 1.000000000000000000, 1.037514040655985100E-016 ) ) ;
#806 = CARTESIAN_POINT ( 'NONE',  ( 3.100000000000002800, 2.649999999999999900, 3.100000000000000500 ) ) ;
#807 = CARTESIAN_POINT ( 'NONE',  ( 3.166843572955270400, 3.129835182247248800, 1.816870183185520700 ) ) ;
#808 = ORIENTED_EDGE ( 'NONE', *, *, #31, .T. ) ;
#809 = ADVANCED_FACE ( 'NONE', ( #3785 ), #1359, .F. ) ;
#810 = LINE ( 'NONE', #2694, #2245 ) ;
#811 = AXIS2_PLACEMENT_3D ( 'NONE', #1606, #7419, #2211 ) ;
#812 = DIRECTION ( 'NONE',  ( 0.7538479548248587800, 0.6570489030554557100, 0.0000000000000000000 ) ) ;
#813 = EDGE_CURVE ( 'NONE', #6025, #5494, #4168, .T. ) ;
#814 = LINE ( 'NONE', #1023, #6813 ) ;
#815 = CARTESIAN_POINT ( 'NONE',  ( 1.951311994575739100, 3.115628382646608200, 3.081367214164779000 ) ) ;
#816 = CARTESIAN_POINT ( 'NONE',  ( -1.951311994573425200, 3.115628382665900400, -3.081367214162293400 ) ) ;
#817 = DIRECTION ( 'NONE',  ( -1.000000000000000000, 5.042800802258159400E-016, 0.0000000000000000000 ) ) ;
#819 = ADVANCED_FACE ( 'NONE', ( #681 ), #5152, .F. ) ;
#818 = EDGE_LOOP ( 'NONE', ( #963, #3034, #1043, #4700, #7360, #6709, #5156, #1129, #6869, #3587, #2135 ) ) ;
#820 = CIRCLE ( 'NONE', #4385, 0.2500000000000002200 ) ;
#821 = AXIS2_PLACEMENT_3D ( 'NONE', #4523, #5114, #1612 ) ;
#822 = CARTESIAN_POINT ( 'NONE',  ( 3.167078968203488100, 3.126261112468990500, 1.816650673565352900 ) ) ;
#823 = ORIENTED_EDGE ( 'NONE', *, *, #3582, .T. ) ;
#824 = CARTESIAN_POINT ( 'NONE',  ( 2.000000000000001800, -4.634964287375531500E-015, -1.500000000000000000 ) ) ;
#825 = DIRECTION ( 'NONE',  ( -0.4194872498868749100, -0.8191520442889914700, 0.3911781889619012100 ) ) ;
#826 = VECTOR ( 'NONE', #3117, 1000.000000000000000 ) ;
#827 = VECTOR ( 'NONE', #4976, 1000.000000000000000 ) ;
#828 = DIRECTION ( 'NONE',  ( -1.606225440719266100E-016, 5.608106152246404900E-031, -1.000000000000000000 ) ) ;
#829 =( BOUNDED_SURFACE ( )  B_SPLINE_SURFACE ( 3, 2, ( 
 ( #7278, #6087, #6043 ),
 ( #4320, #7254, #6614 ),
 ( #3200, #3711, #6642 ),
 ( #2574, #3175, #3784 ) ),
 .UNSPECIFIED., .F., .F., .F. ) 
 B_SPLINE_SURFACE_WITH_KNOTS ( ( 4, 4 ),
 ( 3, 3 ),
 ( -2.280131667839774900E-006, 9.776798918263344200E-005 ),
 ( 0.0000000000000000000, 1.000000000000000000 ),
 .UNSPECIFIED. ) 
 GEOMETRIC_REPRESENTATION_ITEM ( )  RATIONAL_B_SPLINE_SURFACE ( (
 ( 1.000000000000000000, 1.000000000000000000, 1.000000000000000000),
 ( 1.000000000000000000, 0.9966058960458226100, 1.000000000000000000),
 ( 1.000000000000000000, 0.9857628153270080500, 1.000000000000000000),
 ( 1.000000000000000000, 0.9823407036568396800, 1.000000000000000000) ) ) 
 REPRESENTATION_ITEM ( '' )  SURFACE ( )  );
#830 = VERTEX_POINT ( 'NONE', #3147 ) ;
#831 = CARTESIAN_POINT ( 'NONE',  ( 3.500000000000001300, 4.179999999999999700, 1.500000000000000200 ) ) ;
#832 = FACE_OUTER_BOUND ( 'NONE', #4583, .T. ) ;
#833 = CARTESIAN_POINT ( 'NONE',  ( -2.183827041481889000, 2.693892046493750600, -2.938185086661980100 ) ) ;
#834 = EDGE_CURVE ( 'NONE', #6583, #7, #236, .T. ) ;
#835 = CARTESIAN_POINT ( 'NONE',  ( -3.211834699062287700, 3.123885888743092900, -1.864454783238703700 ) ) ;
#836 = ORIENTED_EDGE ( 'NONE', *, *, #1967, .T. ) ;
#837 = DIRECTION ( 'NONE',  ( 0.6819983600624931500, 0.0000000000000000000, 0.7313537016191754600 ) ) ;
#838 = CIRCLE ( 'NONE', #853, 0.5073896953895634700 ) ;
#839 = CARTESIAN_POINT ( 'NONE',  ( -2.944323318231857600, 2.814907918911071900, -2.229472796851085900 ) ) ;
#840 = CARTESIAN_POINT ( 'NONE',  ( -2.882625588524313300, 2.649999999999999900, -3.302704918041373400 ) ) ;
#841 = DIRECTION ( 'NONE',  ( 0.0000000000000000000, 0.0000000000000000000, -1.000000000000000000 ) ) ;
#842 = EDGE_LOOP ( 'NONE', ( #479, #1159, #3808, #5716, #5926, #4536 ) ) ;
#843 = AXIS2_PLACEMENT_3D ( 'NONE', #5689, #951, #2776 ) ;
#844 = AXIS2_PLACEMENT_3D ( 'NONE', #750, #5929, #3037 ) ;
#845 = ORIENTED_EDGE ( 'NONE', *, *, #5847, .T. ) ;
#846 = ADVANCED_FACE ( 'NONE', ( #1316 ), #3602, .T. ) ;
#847 = CIRCLE ( 'NONE', #4910, 0.3499999999999999800 ) ;
#848 = CARTESIAN_POINT ( 'NONE',  ( 2.491088311971429500, 2.649999999999999900, 2.447022158589839100 ) ) ;
#849 = B_SPLINE_CURVE_WITH_KNOTS ( 'NONE', 3,
 ( #3912, #4476, #2712, #5615 ),
 .UNSPECIFIED., .F., .F.,
 ( 4, 4 ),
 ( 0.0000000000000000000, 0.0001914018442236718200 ),
 .UNSPECIFIED. ) ;
#850 = ORIENTED_EDGE ( 'NONE', *, *, #3836, .F. ) ;
#851 = DIRECTION ( 'NONE',  ( 0.0000000000000000000, 0.0000000000000000000, 1.000000000000000000 ) ) ;
#852 = ADVANCED_FACE ( 'NONE', ( #2047 ), #4695, .F. ) ;
#853 = AXIS2_PLACEMENT_3D ( 'NONE', #2970, #5920, #6548 ) ;
#854 = VECTOR ( 'NONE', #2964, 1000.000000000000100 ) ;
#855 = DIRECTION ( 'NONE',  ( 0.4147371171650280900, -0.7938448060994649500, 0.4447511073336914400 ) ) ;
#856 = CARTESIAN_POINT ( 'NONE',  ( -1.988273549576085700, 4.029999999999999400, -3.121003629221004600 ) ) ;
#857 = EDGE_CURVE ( 'NONE', #434, #3967, #2224, .T. ) ;
#858 = CARTESIAN_POINT ( 'NONE',  ( 2.882625588524312800, 2.649999999999999900, 3.302704918041372600 ) ) ;
#859 = ORIENTED_EDGE ( 'NONE', *, *, #3427, .F. ) ;
#860 = CARTESIAN_POINT ( 'NONE',  ( -2.322064846244608700, 2.682703859100618300, -3.000013605010193500 ) ) ;
#861 = ORIENTED_EDGE ( 'NONE', *, *, #7044, .T. ) ;
#862 = VECTOR ( 'NONE', #5040, 1000.000000000000000 ) ;
#863 = CARTESIAN_POINT ( 'NONE',  ( 3.076473924389283400, 2.952156128891859400, 2.581886618908744600 ) ) ;
#864 = AXIS2_PLACEMENT_3D ( 'NONE', #5775, #618, #1706 ) ;
#865 = CARTESIAN_POINT ( 'NONE',  ( -1.929055043369651200, 3.117844480830226600, -3.057499556110820900 ) ) ;
#866 = CARTESIAN_POINT ( 'NONE',  ( 3.167893077028064200, 3.122502720409079800, 1.815954495658374900 ) ) ;
#867 = CARTESIAN_POINT ( 'NONE',  ( 3.100000000000001400, 2.649999999999999900, 3.100000000000000100 ) ) ;
#868 = VERTEX_POINT ( 'NONE', #5389 ) ;
#869 = EDGE_CURVE ( 'NONE', #3943, #2612, #1065, .T. ) ;
#870 = LINE ( 'NONE', #1647, #4425 ) ;
#871 = ORIENTED_EDGE ( 'NONE', *, *, #1109, .T. ) ;
#872 = CARTESIAN_POINT ( 'NONE',  ( 2.383300864305077500, 2.744247870909520200, 2.897933230053748100 ) ) ;
#873 = DIRECTION ( 'NONE',  ( -1.606225440719266100E-016, -5.608106152246404900E-031, -1.000000000000000000 ) ) ;
#874 = VERTEX_POINT ( 'NONE', #6504 ) ;
#875 = CARTESIAN_POINT ( 'NONE',  ( 1.962553035427495400, 3.117377496262962600, 3.093421754642308800 ) ) ;
#876 = DIRECTION ( 'NONE',  ( 0.7313537016191734600, -5.782411586589364300E-015, -0.6819983600624953700 ) ) ;
#877 = VECTOR ( 'NONE', #2005, 1000.000000000000000 ) ;
#878 = EDGE_LOOP ( 'NONE', ( #3149, #5181, #7010, #1549 ) ) ;
#879 = VERTEX_POINT ( 'NONE', #179 ) ;
#880 = DIRECTION ( 'NONE',  ( 0.7313537016191752300, 0.0000000000000000000, -0.6819983600624932600 ) ) ;
#881 = EDGE_CURVE ( 'NONE', #77, #3891, #3423, .T. ) ;
#882 = CARTESIAN_POINT ( 'NONE',  ( 3.080955532791603600, 2.886382305945061100, 2.431828073170932300 ) ) ;
#883 = CARTESIAN_POINT ( 'NONE',  ( -2.182741289113713500, 2.695827910432977400, -2.940417092425434500 ) ) ;
#884 = ORIENTED_EDGE ( 'NONE', *, *, #1859, .F. ) ;
#885 = CARTESIAN_POINT ( 'NONE',  ( -3.169584441125425000, 3.122533753438646400, -1.817808833494247300 ) ) ;
#886 = ORIENTED_EDGE ( 'NONE', *, *, #5860, .F. ) ;
#887 = ORIENTED_EDGE ( 'NONE', *, *, #1342, .F. ) ;
#888 = CARTESIAN_POINT ( 'NONE',  ( -2.388465401156709200, 2.889749033031404000, -2.815557756020447200 ) ) ;
#889 = CARTESIAN_POINT ( 'NONE',  ( -3.100000000000001900, 2.649999999999999900, -3.100000000000001000 ) ) ;
#890 = PLANE ( 'NONE',  #4730 ) ;
#891 = EDGE_CURVE ( 'NONE', #5157, #4161, #1680, .T. ) ;
#892 = CARTESIAN_POINT ( 'NONE',  ( -2.471108811520113400, 2.748311038006369300, -3.097299362714015700 ) ) ;
#893 = ADVANCED_FACE ( 'NONE', ( #43 ), #2549, .T. ) ;
#894 = FACE_OUTER_BOUND ( 'NONE', #6316, .T. ) ;
#895 = ORIENTED_EDGE ( 'NONE', *, *, #3929, .F. ) ;
#896 = VERTEX_POINT ( 'NONE', #7129 ) ;
#897 = ORIENTED_EDGE ( 'NONE', *, *, #1676, .F. ) ;
#898 = DIRECTION ( 'NONE',  ( -1.000000000000000000, 0.0000000000000000000, 0.0000000000000000000 ) ) ;
#899 = CARTESIAN_POINT ( 'NONE',  ( 2.929616893446497000, 2.793935481777743300, 2.243186759826584400 ) ) ;
#900 = DIRECTION ( 'NONE',  ( 0.0000000000000000000, 0.0000000000000000000, -1.000000000000000000 ) ) ;
#901 = FACE_OUTER_BOUND ( 'NONE', #52, .T. ) ;
#902 = CARTESIAN_POINT ( 'NONE',  ( -3.248710935889172800, 4.460412389179405900, 2.627532864095854800 ) ) ;
#903 = B_SPLINE_CURVE_WITH_KNOTS ( 'NONE', 3,
 ( #261, #839, #2583, #786, #4924, #3185, #1415, #3131, #7191, #2156, #5027, #994, #6121, #5623, #3338, #5653 ),
 .UNSPECIFIED., .F., .F.,
 ( 4, 3, 3, 3, 3, 4 ),
 ( 0.0000000000000000000, 3.603110628231449400E-007, 7.210341936644370000E-007, 1.074813074046431700E-006, 1.414809267590425000E-006, 1.594187539279941100E-006 ),
 .UNSPECIFIED. ) ;
#904 = EDGE_CURVE ( 'NONE', #7231, #6170, #1767, .T. ) ;
#905 = CARTESIAN_POINT ( 'NONE',  ( 3.073925652642142600, 2.947922917752089100, 2.577196850564789100 ) ) ;
#906 = ORIENTED_EDGE ( 'NONE', *, *, #4389, .F. ) ;
#907 = CARTESIAN_POINT ( 'NONE',  ( 3.349999999999999600, 4.250000000000000000, -1.646074051843217100 ) ) ;
#908 = DIRECTION ( 'NONE',  ( 1.000000000000000000, 0.0000000000000000000, 0.0000000000000000000 ) ) ;
#909 = DIRECTION ( 'NONE',  ( 0.2150365125489326300, 0.3289899283371637300, 0.9195242929490773400 ) ) ;
#910 = VECTOR ( 'NONE', #2307, 1000.000000000000000 ) ;
#911 = DIRECTION ( 'NONE',  ( 0.0000000000000000000, 1.037514040655985100E-016, -1.000000000000000000 ) ) ;
#912 = ORIENTED_EDGE ( 'NONE', *, *, #1417, .T. ) ;
#913 = EDGE_CURVE ( 'NONE', #6164, #2551, #6671, .T. ) ;
#914 = CARTESIAN_POINT ( 'NONE',  ( 3.349681998360063900, -2.287516853390374000, 1.646370593169897500 ) ) ;
#915 = LINE ( 'NONE', #1840, #1183 ) ;
#916 = EDGE_CURVE ( 'NONE', #2174, #4688, #1131, .T. ) ;
#917 = CARTESIAN_POINT ( 'NONE',  ( 3.350000000000001400, 4.250000000000000900, -0.9699999999999999700 ) ) ;
#918 = CARTESIAN_POINT ( 'NONE',  ( 2.350000000000001400, 0.1499999999999966100, -1.149999999999999900 ) ) ;
#919 = ORIENTED_EDGE ( 'NONE', *, *, #572, .T. ) ;
#920 = VECTOR ( 'NONE', #4634, 1000.000000000000100 ) ;
#921 = DIRECTION ( 'NONE',  ( 1.142445755987358100E-016, 0.0000000000000000000, 1.000000000000000000 ) ) ;
#922 = DIRECTION ( 'NONE',  ( 0.0000000000000000000, 0.0000000000000000000, 1.000000000000000000 ) ) ;
#923 = CARTESIAN_POINT ( 'NONE',  ( -3.350000000000001400, 4.179999999999999700, -1.645639239468278400 ) ) ;
#924 = DIRECTION ( 'NONE',  ( 0.6819983600624931500, -0.0000000000000000000, 0.7313537016191754600 ) ) ;
#925 = ORIENTED_EDGE ( 'NONE', *, *, #7069, .F. ) ;
#926 = CIRCLE ( 'NONE', #4325, 0.1510000000000000800 ) ;
#927 = ADVANCED_FACE ( 'NONE', ( #2683 ), #2679, .F. ) ;
#928 = CARTESIAN_POINT ( 'NONE',  ( 2.268485326806104000, 2.820903689698506700, 2.908760351516449300 ) ) ;
#929 = DIRECTION ( 'NONE',  ( 0.0000000000000000000, 0.0000000000000000000, 1.000000000000000000 ) ) ;
#930 = CARTESIAN_POINT ( 'NONE',  ( -2.244259809515543500, 2.821929211080253200, -2.882292579983505700 ) ) ;
#931 = ORIENTED_EDGE ( 'NONE', *, *, #394, .F. ) ;
#932 = SURFACE_SIDE_STYLE ('',( #6115 ) ) ;
#933 = LINE ( 'NONE', #6013, #5485 ) ;
#935 = ORIENTED_EDGE ( 'NONE', *, *, #196, .T. ) ;
#934 = EDGE_CURVE ( 'NONE', #6641, #6663, #2455, .T. ) ;
#936 = CARTESIAN_POINT ( 'NONE',  ( 2.260656801362075400, 2.790605061583527400, 2.867002137719333100 ) ) ;
#937 = ORIENTED_EDGE ( 'NONE', *, *, #6152, .F. ) ;
#938 = CARTESIAN_POINT ( 'NONE',  ( 3.500000000000001300, 4.179999999999999700, -0.9699999999999999700 ) ) ;
#939 = CARTESIAN_POINT ( 'NONE',  ( 3.265055175918772700, 3.120323113692111700, 1.940510180386316500 ) ) ;
#940 = CYLINDRICAL_SURFACE ( 'NONE', #6883, 0.2499999999999997800 ) ;
#941 = EDGE_CURVE ( 'NONE', #4777, #6583, #2406, .T. ) ;
#942 = ORIENTED_EDGE ( 'NONE', *, *, #7414, .F. ) ;
#943 = ORIENTED_EDGE ( 'NONE', *, *, #2403, .F. ) ;
#944 = CARTESIAN_POINT ( 'NONE',  ( -3.099999999999998300, 4.500000000000000000, 2.150000000000000800 ) ) ;
#945 = FACE_OUTER_BOUND ( 'NONE', #7158, .T. ) ;
#946 = CARTESIAN_POINT ( 'NONE',  ( 1.873517083849634200, 3.039761844307356900, 3.045168173828720200 ) ) ;
#947 = CARTESIAN_POINT ( 'NONE',  ( 2.944294750045206100, 2.815021492899146600, 2.229499437116123400 ) ) ;
#948 = CARTESIAN_POINT ( 'NONE',  ( 1.993022273759004200, 3.109961572821697400, 3.116611132595631200 ) ) ;
#949 = CARTESIAN_POINT ( 'NONE',  ( -3.349999999999998300, 4.250000000000000000, 2.150000000000000800 ) ) ;
#950 = B_SPLINE_CURVE_WITH_KNOTS ( 'NONE', 3,
 ( #2225, #6335, #6926, #7406 ),
 .UNSPECIFIED., .F., .F.,
 ( 4, 4 ),
 ( 0.8936339948079631300, 1.000000000000000000 ),
 .UNSPECIFIED. ) ;
#951 = DIRECTION ( 'NONE',  ( -1.000000000000000000, 0.0000000000000000000, 0.0000000000000000000 ) ) ;
#952 = EDGE_LOOP ( 'NONE', ( #6655, #4361, #5884, #6348, #3086, #2522 ) ) ;
#953 = AXIS2_PLACEMENT_3D ( 'NONE', #3015, #6502, #5328 ) ;
#954 = EDGE_CURVE ( 'NONE', #1261, #713, #3693, .T. ) ;
#955 = CARTESIAN_POINT ( 'NONE',  ( 2.159010499289737000, 2.686205627210857600, 2.898154539805152000 ) ) ;
#956 = VECTOR ( 'NONE', #3302, 1000.000000000000000 ) ;
#957 = CARTESIAN_POINT ( 'NONE',  ( -3.099252197081730800, 2.907272590217529400, -2.560452888321922900 ) ) ;
#958 = EDGE_CURVE ( 'NONE', #6071, #216, #6048, .T. ) ;
#959 = DIRECTION ( 'NONE',  ( -1.000000000000000000, 0.0000000000000000000, 0.0000000000000000000 ) ) ;
#960 = CARTESIAN_POINT ( 'NONE',  ( -1.953751672983113300, 3.115960846361748100, -3.083983448951367100 ) ) ;
#961 = EDGE_CURVE ( 'NONE', #3528, #6786, #1870, .T. ) ;
#962 = DIRECTION ( 'NONE',  ( -1.000000000000000000, 3.491481338843134500E-015, 0.0000000000000000000 ) ) ;
#963 = ORIENTED_EDGE ( 'NONE', *, *, #3158, .T. ) ;
#964 = ORIENTED_EDGE ( 'NONE', *, *, #2049, .F. ) ;
#965 = LINE ( 'NONE', #7076, #2596 ) ;
#966 = AXIS2_PLACEMENT_3D ( 'NONE', #2311, #1144, #4665 ) ;
#967 = CARTESIAN_POINT ( 'NONE',  ( 1.595841985638535700, 1.339005375493241800, 3.488319310330466800 ) ) ;
#968 = CARTESIAN_POINT ( 'NONE',  ( 2.188511587127314900, 2.685611836192169000, 2.928578898298809500 ) ) ;
#969 = ORIENTED_EDGE ( 'NONE', *, *, #666, .T. ) ;
#970 = MANIFOLD_SOLID_BREP ( 'Fillet16', #2336 ) ;
#971 = ORIENTED_EDGE ( 'NONE', *, *, #4822, .F. ) ;
#972 = ORIENTED_EDGE ( 'NONE', *, *, #6261, .T. ) ;
#973 = PRESENTATION_STYLE_ASSIGNMENT (( #6989 ) ) ;
#974 = CARTESIAN_POINT ( 'NONE',  ( 1.993413622165175500, 3.109424678841782500, 3.116162053940659600 ) ) ;
#975 = CARTESIAN_POINT ( 'NONE',  ( 3.350000000000000100, 4.249999999999999100, 1.646074051843240200 ) ) ;
#976 = CIRCLE ( 'NONE', #3073, 1.099999999999999900 ) ;
#977 = DIRECTION ( 'NONE',  ( 3.491481338843133000E-015, 1.000000000000000000, 0.0000000000000000000 ) ) ;
#978 = ORIENTED_EDGE ( 'NONE', *, *, #7481, .T. ) ;
#979 = CARTESIAN_POINT ( 'NONE',  ( 1.967212205118441500, 3.118392082337080300, 3.098418102433575100 ) ) ;
#980 = CARTESIAN_POINT ( 'NONE',  ( -2.222429713351787800, 2.663061770107023800, -2.902649473987958500 ) ) ;
#981 = CARTESIAN_POINT ( 'NONE',  ( -1.980000000000001300, 4.500000000000000900, 0.6199999999999998800 ) ) ;
#982 = DIRECTION ( 'NONE',  ( 0.0000000000000000000, 0.0000000000000000000, -1.000000000000000000 ) ) ;
#983 = FACE_OUTER_BOUND ( 'NONE', #5513, .T. ) ;
#984 = ORIENTED_EDGE ( 'NONE', *, *, #2946, .T. ) ;
#985 = CARTESIAN_POINT ( 'NONE',  ( -3.084123420560266100, 2.937218605932747600, -2.574753348327952100 ) ) ;
#986 = DIRECTION ( 'NONE',  ( 1.000000000000000000, 0.0000000000000000000, -0.0000000000000000000 ) ) ;
#987 = VERTEX_POINT ( 'NONE', #6109 ) ;
#988 = ORIENTED_EDGE ( 'NONE', *, *, #1713, .F. ) ;
#989 = CARTESIAN_POINT ( 'NONE',  ( 1.629999999999998600, 0.0000000000000000000, -3.249999999999999600 ) ) ;
#990 = VERTEX_POINT ( 'NONE', #7297 ) ;
#991 = ORIENTED_EDGE ( 'NONE', *, *, #7451, .F. ) ;
#992 = CARTESIAN_POINT ( 'NONE',  ( 2.357146806657521000, 2.928869819216494400, 2.924916793293528700 ) ) ;
#993 = CIRCLE ( 'NONE', #243, 0.1499999999999999700 ) ;
#994 = CARTESIAN_POINT ( 'NONE',  ( -2.945015333165389700, 2.814073185652300200, -2.229795815510855000 ) ) ;
#995 = CARTESIAN_POINT ( 'NONE',  ( 3.099252197081730800, 2.907272590217529400, 2.560452888321922900 ) ) ;
#996 = ORIENTED_EDGE ( 'NONE', *, *, #5619, .T. ) ;
#997 = LINE ( 'NONE', #2260, #1167 ) ;
#998 = ORIENTED_EDGE ( 'NONE', *, *, #3146, .F. ) ;
#999 = CARTESIAN_POINT ( 'NONE',  ( 2.927203608555289700, 2.699070614794408100, 2.126178478967346100 ) ) ;
#1000 = CARTESIAN_POINT ( 'NONE',  ( -2.407400788524676200, 2.791199719888828300, -3.156708055265265300 ) ) ;
#1001 = VERTEX_POINT ( 'NONE', #6160 ) ;
#1002 = CARTESIAN_POINT ( 'NONE',  ( 2.227242867665474100, 2.732483383110707800, 2.898161134978622500 ) ) ;
#1003 = CARTESIAN_POINT ( 'NONE',  ( 2.929933384884634100, 2.799596008033384800, 2.243844326592192600 ) ) ;
#1004 = FILL_AREA_STYLE ('',( #2829 ) ) ;
#1005 = B_SPLINE_CURVE_WITH_KNOTS ( 'NONE', 3,
 ( #3787, #3224, #6137, #7302 ),
 .UNSPECIFIED., .F., .F.,
 ( 4, 4 ),
 ( 7.836642546379261700E-005, 0.0002597336190642790100 ),
 .UNSPECIFIED. ) ;
#1006 = EDGE_CURVE ( 'NONE', #2530, #7474, #5854, .T. ) ;
#1007 = VECTOR ( 'NONE', #6299, 1000.000000000000000 ) ;
#1008 = DIRECTION ( 'NONE',  ( -0.6819983600624933700, 0.0000000000000000000, -0.7313537016191753400 ) ) ;
#1009 = ORIENTED_EDGE ( 'NONE', *, *, #1478, .F. ) ;
#1010 = DIRECTION ( 'NONE',  ( -0.6819983600624948100, 0.0000000000000000000, -0.7313537016191740100 ) ) ;
#1011 = FACE_OUTER_BOUND ( 'NONE', #4622, .T. ) ;
#1012 = SURFACE_STYLE_USAGE ( .BOTH. , #6218 ) ;
#1013 = VECTOR ( 'NONE', #1768, 1000.000000000000000 ) ;
#1014 = AXIS2_PLACEMENT_3D ( 'NONE', #1821, #44, #6381 ) ;
#1015 = CARTESIAN_POINT ( 'NONE',  ( -3.253831132270995400, 2.951007748578822600, -2.414581472091160500 ) ) ;
#1016 = EDGE_CURVE ( 'NONE', #2216, #6892, #4690, .T. ) ;
#1017 = CARTESIAN_POINT ( 'NONE',  ( 3.183664708092511100, 3.230000000000000000, 1.801184220904082700 ) ) ;
#1018 = VERTEX_POINT ( 'NONE', #293 ) ;
#1019 = VECTOR ( 'NONE', #6857, 1000.000000000000000 ) ;
#1020 = CARTESIAN_POINT ( 'NONE',  ( -3.500000000000001300, 0.1500000000000012700, 1.500000000000000200 ) ) ;
#1021 = ORIENTED_EDGE ( 'NONE', *, *, #4017, .F. ) ;
#1022 = AXIS2_PLACEMENT_3D ( 'NONE', #2040, #3729, #3138 ) ;
#1023 = CARTESIAN_POINT ( 'NONE',  ( 2.409338161078493400E-016, 0.1499999999999883900, 1.499999999999999800 ) ) ;
#1024 = LINE ( 'NONE', #5609, #2387 ) ;
#1025 = DIRECTION ( 'NONE',  ( 0.0000000000000000000, 1.037514040655985100E-016, -1.000000000000000000 ) ) ;
#1026 = CARTESIAN_POINT ( 'NONE',  ( -2.507886263655123600, 2.901817111391473700, -3.063003833768412700 ) ) ;
#1027 = PLANE ( 'NONE',  #195 ) ;
#1028 = EDGE_CURVE ( 'NONE', #2657, #2541, #7220, .T. ) ;
#1029 = ORIENTED_EDGE ( 'NONE', *, *, #3508, .F. ) ;
#1030 = CARTESIAN_POINT ( 'NONE',  ( 3.068537154132051600, 2.852292096261801500, 2.422594871552473400 ) ) ;
#1031 = LINE ( 'NONE', #782, #5304 ) ;
#1032 = ORIENTED_EDGE ( 'NONE', *, *, #5072, .T. ) ;
#1033 = CARTESIAN_POINT ( 'NONE',  ( 2.244678701378020900, 2.820925672181812300, 2.883269284463379800 ) ) ;
#1034 = EDGE_LOOP ( 'NONE', ( #4373, #6706, #2894, #4002 ) ) ;
#1035 = CARTESIAN_POINT ( 'NONE',  ( -1.962553035427495400, 3.117377496262962600, -3.093421754642308800 ) ) ;
#1036 = ORIENTED_EDGE ( 'NONE', *, *, #4189, .T. ) ;
#1037 = CARTESIAN_POINT ( 'NONE',  ( -2.960287640805092700, 2.727978586899635800, -2.215040419046730800 ) ) ;
#1038 = EDGE_CURVE ( 'NONE', #6781, #6317, #1955, .T. ) ;
#1039 = FACE_OUTER_BOUND ( 'NONE', #1393, .T. ) ;
#1040 = CARTESIAN_POINT ( 'NONE',  ( 2.246128304288749400, 2.763744178149280200, 2.880550180419114700 ) ) ;
#1041 = CARTESIAN_POINT ( 'NONE',  ( 2.244605774653624300, 2.820925739520651700, 2.883191197796825600 ) ) ;
#1042 = CARTESIAN_POINT ( 'NONE',  ( -3.099999999999998300, 0.0000000000000000000, 2.848212002188448300 ) ) ;
#1043 = ORIENTED_EDGE ( 'NONE', *, *, #6240, .T. ) ;
#1044 = AXIS2_PLACEMENT_3D ( 'NONE', #5109, #6210, #2172 ) ;
#1045 = CIRCLE ( 'NONE', #62, 0.5073896953895634700 ) ;
#1046 = EDGE_CURVE ( 'NONE', #2266, #174, #1045, .T. ) ;
#1047 = CARTESIAN_POINT ( 'NONE',  ( -3.350000000000001400, 2.049999999999999800, -1.645639239468278400 ) ) ;
#1048 = EDGE_CURVE ( 'NONE', #7403, #5542, #3141, .T. ) ;
#1049 = DIRECTION ( 'NONE',  ( 0.0000000000000000000, 1.000000000000000000, 1.037514040655985100E-016 ) ) ;
#1050 = EDGE_LOOP ( 'NONE', ( #4496, #2235, #1881, #7485 ) ) ;
#1051 = CARTESIAN_POINT ( 'NONE',  ( 2.937747685433085300, 2.807922838636343100, 2.235604673648456900 ) ) ;
#1052 = CARTESIAN_POINT ( 'NONE',  ( -3.115627463757039800, 2.874694887060713200, -2.544604762110531200 ) ) ;
#1053 = VECTOR ( 'NONE', #42, 1000.000000000000000 ) ;
#1054 = B_SPLINE_CURVE_WITH_KNOTS ( 'NONE', 3,
 ( #3129, #3054, #211, #5468 ),
 .UNSPECIFIED., .F., .F.,
 ( 4, 4 ),
 ( 0.0000000000000000000, 4.221870312773137000E-006 ),
 .UNSPECIFIED. ) ;
#1055 = DIRECTION ( 'NONE',  ( 0.5602494390798650200, 0.6427876096865357000, -0.5224410539421326900 ) ) ;
#1056 = AXIS2_PLACEMENT_3D ( 'NONE', #5930, #38, #2985 ) ;
#1057 = ORIENTED_EDGE ( 'NONE', *, *, #2903, .T. ) ;
#1058 = ORIENTED_EDGE ( 'NONE', *, *, #5019, .F. ) ;
#1059 = EDGE_CURVE ( 'NONE', #493, #587, #2041, .T. ) ;
#1060 = CARTESIAN_POINT ( 'NONE',  ( -3.013393679023149000, 2.896212205721080400, -2.332440363292366500 ) ) ;
#1061 = CARTESIAN_POINT ( 'NONE',  ( -3.349000000000001100, 2.049999999999999800, -1.645639239468278400 ) ) ;
#1062 = EDGE_CURVE ( 'NONE', #5708, #4365, #3041, .T. ) ;
#1063 = CARTESIAN_POINT ( 'NONE',  ( -3.250000000000001300, 4.500000000000000900, 0.9699999999999999700 ) ) ;
#1064 = VERTEX_POINT ( 'NONE', #5611 ) ;
#1065 =( BOUNDED_CURVE ( )  B_SPLINE_CURVE ( 3, ( #2510, #2456, #4778, #222 ),
 .UNSPECIFIED., .F., .F. ) 
 B_SPLINE_CURVE_WITH_KNOTS ( ( 4, 4 ),
 ( 3.141592653589792200, 4.712388980384686100 ),
 .UNSPECIFIED. ) 
 CURVE ( )  GEOMETRIC_REPRESENTATION_ITEM ( )  RATIONAL_B_SPLINE_CURVE ( ( 1.000000000000000000, 0.8047378541243654900, 0.8047378541243654900, 1.000000000000000000 ) ) 
 REPRESENTATION_ITEM ( '' )  );
#1066 = ORIENTED_EDGE ( 'NONE', *, *, #6942, .T. ) ;
#1067 = VERTEX_POINT ( 'NONE', #5133 ) ;
#1068 = AXIS2_PLACEMENT_3D ( 'NONE', #5244, #4562, #4048 ) ;
#1069 = CARTESIAN_POINT ( 'NONE',  ( 3.500000000000001300, 4.179999999999999700, 0.9700000000000004200 ) ) ;
#1070 = CARTESIAN_POINT ( 'NONE',  ( 3.248848284792187800, 2.829283322248509400, 2.421144927369708500 ) ) ;
#1071 = LINE ( 'NONE', #1153, #3715 ) ;
#1072 = VERTEX_POINT ( 'NONE', #1638 ) ;
#1073 = VERTEX_POINT ( 'NONE', #1030 ) ;
#1074 = VERTEX_POINT ( 'NONE', #2753 ) ;
#1075 = DIRECTION ( 'NONE',  ( -0.0000000000000000000, -1.000000000000000000, -0.0000000000000000000 ) ) ;
#1076 = CARTESIAN_POINT ( 'NONE',  ( -2.461194730919753500, 2.786910444923624400, -3.106544392439035900 ) ) ;
#1077 = PLANE ( 'NONE',  #3312 ) ;
#1078 = ORIENTED_EDGE ( 'NONE', *, *, #5375, .F. ) ;
#1079 = ORIENTED_EDGE ( 'NONE', *, *, #4761, .F. ) ;
#1080 = CARTESIAN_POINT ( 'NONE',  ( 3.349000000000001100, 4.179999999999999700, 1.645639239468278400 ) ) ;
#1081 = ORIENTED_EDGE ( 'NONE', *, *, #2206, .T. ) ;
#1082 = ADVANCED_FACE ( 'NONE', ( #2504 ), #5711, .F. ) ;
#1083 = EDGE_CURVE ( 'NONE', #1710, #3690, #4242, .T. ) ;
#1084 = CARTESIAN_POINT ( 'NONE',  ( 3.203411258036229300, 3.206999999999999900, 1.782770265182396700 ) ) ;
#1085 = CYLINDRICAL_SURFACE ( 'NONE', #7437, 0.1500000000000001100 ) ;
#1086 = CARTESIAN_POINT ( 'NONE',  ( -2.227242867665474100, 2.732483383110707800, -2.898161134978622500 ) ) ;
#1087 = B_SPLINE_CURVE_WITH_KNOTS ( 'NONE', 3,
 ( #4007, #1101, #5085, #1560 ),
 .UNSPECIFIED., .F., .F.,
 ( 4, 4 ),
 ( 0.0000000000000000000, 1.000000000000000000 ),
 .UNSPECIFIED. ) ;
#1088 = VERTEX_POINT ( 'NONE', #2731 ) ;
#1089 = AXIS2_PLACEMENT_3D ( 'NONE', #1765, #1748, #2991 ) ;
#1090 = LINE ( 'NONE', #688, #632 ) ;
#1091 = DIRECTION ( 'NONE',  ( 0.0000000000000000000, 0.0000000000000000000, -1.000000000000000000 ) ) ;
#1092 = CARTESIAN_POINT ( 'NONE',  ( -1.918001931304511600, 3.112945040759200300, -3.046761975862873700 ) ) ;
#1093 = EDGE_CURVE ( 'NONE', #3505, #6583, #5417, .T. ) ;
#1094 = EDGE_LOOP ( 'NONE', ( #5255, #7086, #4405, #6493 ) ) ;
#1095 = FACE_OUTER_BOUND ( 'NONE', #3442, .T. ) ;
#1096 = LINE ( 'NONE', #4702, #7190 ) ;
#1097 = PLANE ( 'NONE',  #7290 ) ;
#1098 = CARTESIAN_POINT ( 'NONE',  ( 3.167893077028064200, 3.122502720409079800, 1.815954495658374900 ) ) ;
#1099 = DIRECTION ( 'NONE',  ( -0.6915587563919107800, 0.7223202104729409300, 0.0000000000000000000 ) ) ;
#1100 = ORIENTED_EDGE ( 'NONE', *, *, #1833, .F. ) ;
#1101 = CARTESIAN_POINT ( 'NONE',  ( -3.263337210149060800, 3.120476890306865100, -1.931987529950806200 ) ) ;
#1102 = B_SPLINE_CURVE_WITH_KNOTS ( 'NONE', 3,
 ( #461, #3318, #3873, #2187, #386, #2166 ),
 .UNSPECIFIED., .F., .F.,
 ( 4, 2, 4 ),
 ( 0.0000000000000000000, 0.4999999999999975000, 0.9773609842919626100 ),
 .UNSPECIFIED. ) ;
#1103 = EDGE_CURVE ( 'NONE', #2068, #7, #675, .T. ) ;
#1104 = CARTESIAN_POINT ( 'NONE',  ( -3.257941543862459300, 3.120818597845292300, -1.918665371876514800 ) ) ;
#1105 = CIRCLE ( 'NONE', #474, 0.1000000000000002600 ) ;
#1106 = CARTESIAN_POINT ( 'NONE',  ( -2.239888859398109700, 2.753261466743642600, -2.886368556908760500 ) ) ;
#1107 = CARTESIAN_POINT ( 'NONE',  ( -2.000000000000001800, -4.618000567908624400E-015, 1.500000000000000000 ) ) ;
#1108 = ORIENTED_EDGE ( 'NONE', *, *, #5756, .T. ) ;
#1109 = EDGE_CURVE ( 'NONE', #6680, #5532, #4054, .T. ) ;
#1110 = DIRECTION ( 'NONE',  ( -0.7313537016191739000, 0.0000000000000000000, 0.6819983600624948100 ) ) ;
#1111 = ORIENTED_EDGE ( 'NONE', *, *, #891, .T. ) ;
#1112 = CARTESIAN_POINT ( 'NONE',  ( -1.884879832924329900, 3.111888311053884900, -3.012446416116983300 ) ) ;
#1113 = CARTESIAN_POINT ( 'NONE',  ( -2.000000000000001800, -4.618000567908624400E-015, -1.149999999999999700 ) ) ;
#1114 = LINE ( 'NONE', #1063, #7114 ) ;
#1115 = ADVANCED_FACE ( 'NONE', ( #4881 ), #417, .T. ) ;
#1116 = ORIENTED_EDGE ( 'NONE', *, *, #551, .T. ) ;
#1117 = DIRECTION ( 'NONE',  ( -0.7313537016191735700, 0.0000000000000000000, 0.6819983600624952600 ) ) ;
#1118 = CYLINDRICAL_SURFACE ( 'NONE', #362, 0.2500000000000002200 ) ;
#1119 = DIRECTION ( 'NONE',  ( -1.317318830548898700E-016, 0.0000000000000000000, -1.000000000000000000 ) ) ;
#1120 = CARTESIAN_POINT ( 'NONE',  ( -3.262901255083862300, 3.119679312412313400, -1.932452796606673400 ) ) ;
#1121 = CARTESIAN_POINT ( 'NONE',  ( -3.349999999999998800, 0.2500000000000002200, -1.646074051843216400 ) ) ;
#1122 = CARTESIAN_POINT ( 'NONE',  ( -3.269339770971442200, 3.137441106517997000, -1.926783898834556300 ) ) ;
#1123 = ORIENTED_EDGE ( 'NONE', *, *, #1725, .F. ) ;
#1124 = ORIENTED_EDGE ( 'NONE', *, *, #5451, .T. ) ;
#1125 = LINE ( 'NONE', #1634, #2497 ) ;
#1126 = CARTESIAN_POINT ( 'NONE',  ( 3.211971101397213400, 3.128982949508826800, 1.865263532647405400 ) ) ;
#1127 = CARTESIAN_POINT ( 'NONE',  ( 3.350000000000001900, 9.549923952960633400E-017, -1.500000000000000200 ) ) ;
#1128 = EDGE_CURVE ( 'NONE', #2286, #5004, #1588, .T. ) ;
#1129 = ORIENTED_EDGE ( 'NONE', *, *, #2566, .T. ) ;
#1130 = DIRECTION ( 'NONE',  ( -0.0000000000000000000, -0.0000000000000000000, -1.000000000000000000 ) ) ;
#1131 = LINE ( 'NONE', #5014, #7399 ) ;
#1132 = CARTESIAN_POINT ( 'NONE',  ( -3.135219467680798700, 2.822343549579705300, -2.515521654590939300 ) ) ;
#1133 = CARTESIAN_POINT ( 'NONE',  ( -3.108016385482688100, 2.754254910926015900, -2.427235477518099300 ) ) ;
#1134 = ORIENTED_EDGE ( 'NONE', *, *, #2192, .F. ) ;
#1135 = ORIENTED_EDGE ( 'NONE', *, *, #2707, .F. ) ;
#1136 = AXIS2_PLACEMENT_3D ( 'NONE', #4851, #1350, #4148 ) ;
#1137 = FACE_OUTER_BOUND ( 'NONE', #5700, .T. ) ;
#1138 = EDGE_CURVE ( 'NONE', #6388, #4431, #2770, .T. ) ;
#1139 = DIRECTION ( 'NONE',  ( 0.8825624517165026100, 0.4131759111665281900, 0.2244308028142868400 ) ) ;
#1140 = EDGE_LOOP ( 'NONE', ( #1694, #279, #4698, #580, #4521, #5899 ) ) ;
#1141 = DIRECTION ( 'NONE',  ( 0.6819983600624948100, -0.0000000000000000000, 0.7313537016191739000 ) ) ;
#1142 = ORIENTED_EDGE ( 'NONE', *, *, #4612, .F. ) ;
#1143 = CARTESIAN_POINT ( 'NONE',  ( -1.988273549576085700, 3.122884648564292900, -3.121003629221004600 ) ) ;
#1144 = DIRECTION ( 'NONE',  ( 0.0000000000000000000, 1.000000000000000000, -0.0000000000000000000 ) ) ;
#1145 = EDGE_LOOP ( 'NONE', ( #3233, #5178, #1029, #7268, #2974, #435 ) ) ;
#1146 = CARTESIAN_POINT ( 'NONE',  ( 1.950789772870630900, 3.115695527854617500, 3.080807199948521800 ) ) ;
#1147 = B_SPLINE_CURVE_WITH_KNOTS ( 'NONE', 3,
 ( #445, #1690, #577, #36 ),
 .UNSPECIFIED., .F., .F.,
 ( 4, 4 ),
 ( 0.0000000000000000000, 4.221870312773137000E-006 ),
 .UNSPECIFIED. ) ;
#1148 = DIRECTION ( 'NONE',  ( 0.8819238886962634800, 0.4698463103929563200, -0.03814051857259667000 ) ) ;
#1149 = AXIS2_PLACEMENT_3D ( 'NONE', #4121, #5835, #1208 ) ;
#1150 = CARTESIAN_POINT ( 'NONE',  ( -2.246128304288749400, 2.763744178149280200, -2.880550180419114700 ) ) ;
#1151 = ORIENTED_EDGE ( 'NONE', *, *, #4315, .T. ) ;
#1152 = EDGE_CURVE ( 'NONE', #191, #297, #3956, .T. ) ;
#1153 = CARTESIAN_POINT ( 'NONE',  ( -3.250000000000001300, 4.500000000000000900, -0.9700000000000004200 ) ) ;
#1154 = ORIENTED_EDGE ( 'NONE', *, *, #5441, .F. ) ;
#1155 = FACE_OUTER_BOUND ( 'NONE', #3520, .T. ) ;
#1156 = ORIENTED_EDGE ( 'NONE', *, *, #6733, .F. ) ;
#1157 = EDGE_LOOP ( 'NONE', ( #4913, #1108, #595, #5787, #1940, #4026, #998, #2185 ) ) ;
#1158 = CARTESIAN_POINT ( 'NONE',  ( 3.237156141172955200, 3.125676150492540100, 1.892286295061608200 ) ) ;
#1159 = ORIENTED_EDGE ( 'NONE', *, *, #2739, .T. ) ;
#1160 = CARTESIAN_POINT ( 'NONE',  ( -2.449492765435436100, 2.786910444923621300, -3.117456651790626100 ) ) ;
#1161 = CARTESIAN_POINT ( 'NONE',  ( 2.097976604818961600, 4.179999999999999700, 3.018703875211630600 ) ) ;
#1162 = LINE ( 'NONE', #4272, #2799 ) ;
#1163 = CARTESIAN_POINT ( 'NONE',  ( -2.129562106342401500, 2.794576878488202400, -2.784150799373009500 ) ) ;
#1164 = EDGE_LOOP ( 'NONE', ( #5183, #4191, #4890, #4602 ) ) ;
#1165 = CARTESIAN_POINT ( 'NONE',  ( 2.453110310995071200, 2.900905161318848300, 3.112455478755828100 ) ) ;
#1166 = PLANE ( 'NONE',  #4025 ) ;
#1167 = VECTOR ( 'NONE', #5821, 1000.000000000000100 ) ;
#1168 = CARTESIAN_POINT ( 'NONE',  ( -3.246510930170970700, 3.127884818564486300, -1.902302964273998600 ) ) ;
#1169 = ORIENTED_EDGE ( 'NONE', *, *, #5573, .F. ) ;
#1170 = EDGE_CURVE ( 'NONE', #7047, #5003, #2951, .T. ) ;
#1171 = ORIENTED_EDGE ( 'NONE', *, *, #5720, .T. ) ;
#1172 = CARTESIAN_POINT ( 'NONE',  ( -3.366021647846661100, 2.864884758765066300, -2.198381085613927900 ) ) ;
#1173 = DIRECTION ( 'NONE',  ( -0.8819238886962633700, -0.4698463103929561600, 0.03814051857259696800 ) ) ;
#1174 = CARTESIAN_POINT ( 'NONE',  ( -1.976349284518025100, 3.120211974908661200, -3.108216420482696300 ) ) ;
#1175 = VECTOR ( 'NONE', #6437, 1000.000000000000000 ) ;
#1176 = DIRECTION ( 'NONE',  ( -0.6819983600624994800, 0.0000000000000000000, -0.7313537016191695700 ) ) ;
#1177 = CIRCLE ( 'NONE', #821, 0.0009999999999999158900 ) ;
#1178 = CARTESIAN_POINT ( 'NONE',  ( 1.980000000000001300, 4.500000000000000900, 0.6200000000000003300 ) ) ;
#1179 = B_SPLINE_CURVE_WITH_KNOTS ( 'NONE', 3,
 ( #729, #629, #146, #3017 ),
 .UNSPECIFIED., .F., .F.,
 ( 4, 4 ),
 ( 0.0000000000000000000, 0.4385519072277472300 ),
 .UNSPECIFIED. ) ;
#1180 = CARTESIAN_POINT ( 'NONE',  ( 3.100000000000000500, 4.249999999999999100, 2.149999999999999900 ) ) ;
#1181 = ORIENTED_EDGE ( 'NONE', *, *, #1227, .F. ) ;
#1182 =( GEOMETRIC_REPRESENTATION_CONTEXT ( 3 ) GLOBAL_UNCERTAINTY_ASSIGNED_CONTEXT ( ( #185 ) ) GLOBAL_UNIT_ASSIGNED_CONTEXT ( ( #1406, #2074, #3197 ) ) REPRESENTATION_CONTEXT ( 'NONE', 'WORKASPACE' ) );
#1183 = VECTOR ( 'NONE', #93, 1000.000000000000200 ) ;
#1184 = EDGE_CURVE ( 'NONE', #1540, #7063, #4974, .T. ) ;
#1185 = CARTESIAN_POINT ( 'NONE',  ( -1.630000000000001200, 4.500000000000000900, 0.6199999999999998800 ) ) ;
#1186 = FACE_OUTER_BOUND ( 'NONE', #2431, .T. ) ;
#1187 = ADVANCED_FACE ( 'NONE', ( #2313 ), #5585, .T. ) ;
#1188 = CARTESIAN_POINT ( 'NONE',  ( -2.227443562561846500, 2.732267392584454900, -2.898428532450019200 ) ) ;
#1189 = DIRECTION ( 'NONE',  ( -0.4701050976991866200, -0.7660444431189820100, 0.4383800956747088700 ) ) ;
#1190 = ORIENTED_EDGE ( 'NONE', *, *, #1561, .T. ) ;
#1191 = DIRECTION ( 'NONE',  ( -0.6819983600624948100, 0.0000000000000000000, -0.7313537016191739000 ) ) ;
#1192 = LINE ( 'NONE', #3895, #4397 ) ;
#1193 = DIRECTION ( 'NONE',  ( -1.000000000000000000, 0.0000000000000000000, 0.0000000000000000000 ) ) ;
#1194 = CARTESIAN_POINT ( 'NONE',  ( -3.234105972093218400, 3.126102175071103300, -1.889000275382247700 ) ) ;
#1195 = ADVANCED_FACE ( 'NONE', ( #2218 ), #491, .T. ) ;
#1196 = B_SPLINE_CURVE_WITH_KNOTS ( 'NONE', 3,
 ( #5731, #1854, #7012, #5316 ),
 .UNSPECIFIED., .F., .F.,
 ( 4, 4 ),
 ( 0.0001977025869526048900, 0.0002428893782629532800 ),
 .UNSPECIFIED. ) ;
#1197 = EDGE_CURVE ( 'NONE', #830, #5822, #6775, .T. ) ;
#1198 = ORIENTED_EDGE ( 'NONE', *, *, #2966, .T. ) ;
#1199 = VECTOR ( 'NONE', #6743, 1000.000000000000000 ) ;
#1200 = CARTESIAN_POINT ( 'NONE',  ( 3.350000000000000100, -9.334880824091971600, 1.646074051843240200 ) ) ;
#1201 = CARTESIAN_POINT ( 'NONE',  ( -2.450480628857240700, 2.839759327337552100, -3.210866440995672600 ) ) ;
#1202 = CARTESIAN_POINT ( 'NONE',  ( 3.001438340331879000, 2.685301753598899700, 2.176411125685656000 ) ) ;
#1203 = ORIENTED_EDGE ( 'NONE', *, *, #4038, .T. ) ;
#1204 = AXIS2_PLACEMENT_3D ( 'NONE', #6849, #2317, #5782 ) ;
#1205 = CARTESIAN_POINT ( 'NONE',  ( -2.942055416060263900, 2.812608339851352800, -2.231587649840415900 ) ) ;
#1206 = VECTOR ( 'NONE', #5047, 1000.000000000000000 ) ;
#1207 = ORIENTED_EDGE ( 'NONE', *, *, #7099, .F. ) ;
#1208 = DIRECTION ( 'NONE',  ( -0.7313537016191752300, 0.0000000000000000000, 0.6819983600624933700 ) ) ;
#1209 = CARTESIAN_POINT ( 'NONE',  ( -0.4220182304761942400, 0.5723196694795260600, 0.7459146971120795800 ) ) ;
#1210 = EDGE_LOOP ( 'NONE', ( #4266, #721, #4074, #2237, #3307, #7079, #2207, #768 ) ) ;
#1211 = CARTESIAN_POINT ( 'NONE',  ( -2.519073134182604700, 1.635220609220874300, -3.221007155642457800 ) ) ;
#1212 = PLANE ( 'NONE',  #2302 ) ;
#1213 = VECTOR ( 'NONE', #6602, 1000.000000000000000 ) ;
#1214 = CARTESIAN_POINT ( 'NONE',  ( -2.283380416078245400, 2.928869819216490400, -2.845812024184846600 ) ) ;
#1215 = DIRECTION ( 'NONE',  ( 0.4194872498868741400, -0.8191520442889902400, -0.3911781889619043200 ) ) ;
#1216 = ORIENTED_EDGE ( 'NONE', *, *, #3495, .T. ) ;
#1217 = EDGE_CURVE ( 'NONE', #2052, #6061, #5235, .T. ) ;
#1218 = CARTESIAN_POINT ( 'NONE',  ( 2.985129713113609200, 2.673370412616768600, 2.184235169910647000 ) ) ;
#1219 = VECTOR ( 'NONE', #5583, 1000.000000000000000 ) ;
#1220 = CARTESIAN_POINT ( 'NONE',  ( -3.099252197081730800, 2.907272590217529400, -2.560452888321922900 ) ) ;
#1221 = VERTEX_POINT ( 'NONE', #4035 ) ;
#1222 = CARTESIAN_POINT ( 'NONE',  ( 2.000000000000001300, 0.1499999999999953900, 0.0000000000000000000 ) ) ;
#1223 = CARTESIAN_POINT ( 'NONE',  ( -1.967044792907378900, 3.113110353513681700, -3.097274955026058800 ) ) ;
#1224 = CYLINDRICAL_SURFACE ( 'NONE', #3279, 0.001000000000000033800 ) ;
#1225 = CARTESIAN_POINT ( 'NONE',  ( 2.985129713113609200, 2.673370412616768600, 2.184235169910647000 ) ) ;
#1226 = CARTESIAN_POINT ( 'NONE',  ( -2.931786630621957100, 2.800650923894249600, -2.241163447177501000 ) ) ;
#1227 = EDGE_CURVE ( 'NONE', #5822, #1709, #2945, .T. ) ;
#1228 = EDGE_LOOP ( 'NONE', ( #4801, #1753, #646 ) ) ;
#1229 = CARTESIAN_POINT ( 'NONE',  ( 1.630000000000001200, 4.500000000000000900, -3.397182120936205900 ) ) ;
#1230 = ADVANCED_FACE ( 'NONE', ( #6956 ), #5684, .F. ) ;
#1231 = ORIENTED_EDGE ( 'NONE', *, *, #6211, .T. ) ;
#1232 = VECTOR ( 'NONE', #6052, 1000.000000000000000 ) ;
#1233 = CARTESIAN_POINT ( 'NONE',  ( 2.156881221719506100, 2.688425153937229300, 2.894586304935888400 ) ) ;
#1234 = CARTESIAN_POINT ( 'NONE',  ( -3.100000000000001400, 2.649999999999999900, -3.100000000000000100 ) ) ;
#1235 = AXIS2_PLACEMENT_3D ( 'NONE', #4396, #3272, #1529 ) ;
#1236 = DIRECTION ( 'NONE',  ( 0.0000000000000000000, 0.0000000000000000000, -1.000000000000000000 ) ) ;
#1237 = ORIENTED_EDGE ( 'NONE', *, *, #3526, .T. ) ;
#1238 = ORIENTED_EDGE ( 'NONE', *, *, #4159, .T. ) ;
#1239 = EDGE_CURVE ( 'NONE', #1666, #3966, #5943, .T. ) ;
#1240 = CARTESIAN_POINT ( 'NONE',  ( 2.350000000000001400, 0.1499999999999966100, 1.499999999999999800 ) ) ;
#1241 = APPLICATION_PROTOCOL_DEFINITION ( 'draft international standard', 'automotive_design', 1998, #2365 ) ;
#1242 = DIRECTION ( 'NONE',  ( 0.0000000000000000000, 1.000000000000000000, 0.0000000000000000000 ) ) ;
#1243 = DIRECTION ( 'NONE',  ( -0.0000000000000000000, -0.0000000000000000000, -1.000000000000000000 ) ) ;
#1244 = CIRCLE ( 'NONE', #1264, 0.3500000000000000300 ) ;
#1245 = CARTESIAN_POINT ( 'NONE',  ( -2.865177838662855700, 2.926031455907360800, -2.293095585858637700 ) ) ;
#1246 = VERTEX_POINT ( 'NONE', #4082 ) ;
#1247 = ORIENTED_EDGE ( 'NONE', *, *, #1016, .T. ) ;
#1248 = CARTESIAN_POINT ( 'NONE',  ( 2.944540611743690300, 2.814475746867173300, 2.229488378703858000 ) ) ;
#1249 = ORIENTED_EDGE ( 'NONE', *, *, #4508, .T. ) ;
#1250 = AXIS2_PLACEMENT_3D ( 'NONE', #2818, #5676, #4599 ) ;
#1251 = DIRECTION ( 'NONE',  ( 0.0000000000000000000, 1.000000000000000000, 0.0000000000000000000 ) ) ;
#1252 = EDGE_CURVE ( 'NONE', #323, #4164, #3227, .T. ) ;
#1253 = DIRECTION ( 'NONE',  ( -0.0000000000000000000, -0.0000000000000000000, 1.000000000000000000 ) ) ;
#1254 = VECTOR ( 'NONE', #5812, 1000.000000000000300 ) ;
#1255 = CARTESIAN_POINT ( 'NONE',  ( -1.978414391071085000, 3.115455240390098800, -3.110430976133052600 ) ) ;
#1256 = DIRECTION ( 'NONE',  ( 0.0000000000000000000, 1.000000000000000000, 0.0000000000000000000 ) ) ;
#1257 = ORIENTED_EDGE ( 'NONE', *, *, #330, .T. ) ;
#1258 = ORIENTED_EDGE ( 'NONE', *, *, #3937, .F. ) ;
#1259 = ORIENTED_EDGE ( 'NONE', *, *, #6876, .T. ) ;
#1260 = CARTESIAN_POINT ( 'NONE',  ( -2.929636896258164500, 2.792829344549107300, -2.243168106902939200 ) ) ;
#1261 = VERTEX_POINT ( 'NONE', #3424 ) ;
#1262 = DIRECTION ( 'NONE',  ( -1.000000000000000000, 0.0000000000000000000, 1.142445755987358100E-016 ) ) ;
#1263 = FACE_OUTER_BOUND ( 'NONE', #2191, .T. ) ;
#1264 = AXIS2_PLACEMENT_3D ( 'NONE', #6578, #3802, #793 ) ;
#1265 = CARTESIAN_POINT ( 'NONE',  ( 1.889939273222196700, 3.112002417255099700, 3.017712931272662000 ) ) ;
#1266 = CARTESIAN_POINT ( 'NONE',  ( 2.129562106342401500, 2.794576878488202400, 2.784150799373009500 ) ) ;
#1267 = ADVANCED_FACE ( 'NONE', ( #5058 ), #5208, .T. ) ;
#1268 = ORIENTED_EDGE ( 'NONE', *, *, #1410, .F. ) ;
#1269 = CARTESIAN_POINT ( 'NONE',  ( -2.350000000000001400, 0.1499999999999966100, 1.500000000000000200 ) ) ;
#1270 = VECTOR ( 'NONE', #2972, 1000.000000000000000 ) ;
#1271 = DIRECTION ( 'NONE',  ( -0.7313537016191739000, 0.0000000000000000000, 0.6819983600624948100 ) ) ;
#1272 = CARTESIAN_POINT ( 'NONE',  ( 3.247070086475940500, 2.951772887334934000, 2.422163417848180800 ) ) ;
#1273 = CARTESIAN_POINT ( 'NONE',  ( -2.014847251670236700, 3.084349050387090500, -3.096876851891895200 ) ) ;
#1275 = ADVANCED_FACE ( 'NONE', ( #4235 ), #6386, .F. ) ;
#1274 = ORIENTED_EDGE ( 'NONE', *, *, #7342, .T. ) ;
#1276 = LINE ( 'NONE', #3730, #5740 ) ;
#1277 = CARTESIAN_POINT ( 'NONE',  ( -1.951311994573425200, 3.115628382665900400, -3.081367214162293400 ) ) ;
#1278 = LINE ( 'NONE', #1973, #4015 ) ;
#1279 = EDGE_CURVE ( 'NONE', #1073, #6663, #5282, .T. ) ;
#1280 = VERTEX_POINT ( 'NONE', #1739 ) ;
#1281 = CARTESIAN_POINT ( 'NONE',  ( -3.293881042201971500, 2.833454218672371500, -2.379151201714708700 ) ) ;
#1282 = CARTESIAN_POINT ( 'NONE',  ( -2.350000000000001400, 0.1499999999999966100, -1.499999999999999800 ) ) ;
#1283 = CARTESIAN_POINT ( 'NONE',  ( -2.929830852218444600, 2.791727558146903700, -2.242987240043931200 ) ) ;
#1284 = B_SPLINE_CURVE_WITH_KNOTS ( 'NONE', 3,
 ( #3466, #3487, #7504, #4620 ),
 .UNSPECIFIED., .F., .F.,
 ( 4, 4 ),
 ( 4.336808689942017300E-019, 8.058834469405672600E-005 ),
 .UNSPECIFIED. ) ;
#1285 = AXIS2_PLACEMENT_3D ( 'NONE', #3364, #1572, #7365 ) ;
#1286 = ORIENTED_EDGE ( 'NONE', *, *, #6096, .T. ) ;
#1287 = CARTESIAN_POINT ( 'NONE',  ( 1.988273549576085700, 3.125280889729180200, 3.121003629221004600 ) ) ;
#1288 = CARTESIAN_POINT ( 'NONE',  ( 3.250000000000001300, 4.500000000000000900, 0.9700000000000004200 ) ) ;
#1289 = EDGE_CURVE ( 'NONE', #621, #7529, #3959, .T. ) ;
#1290 = CARTESIAN_POINT ( 'NONE',  ( 3.240885025041015500, 3.097278091128265100, 1.953933892579194300 ) ) ;
#1291 = LINE ( 'NONE', #5588, #4214 ) ;
#1292 = EDGE_LOOP ( 'NONE', ( #6758, #154, #3540, #2096, #2671 ) ) ;
#1293 = DIRECTION ( 'NONE',  ( 0.6819983600624945900, -0.0000000000000000000, 0.7313537016191742300 ) ) ;
#1294 = CARTESIAN_POINT ( 'NONE',  ( -3.250000000000001800, 4.250000000000000900, -0.9700000000000004200 ) ) ;
#1295 = UNCERTAINTY_MEASURE_WITH_UNIT (LENGTH_MEASURE( 1.000000000000000100E-005 ), #5670, 'distance_accuracy_value', 'NONE');
#1296 = CARTESIAN_POINT ( 'NONE',  ( -1.992100384059741500, 3.111051561387353300, -3.117450666038447300 ) ) ;
#1297 = ORIENTED_EDGE ( 'NONE', *, *, #1577, .T. ) ;
#1298 = AXIS2_PLACEMENT_3D ( 'NONE', #7528, #2291, #6874 ) ;
#1299 = LINE ( 'NONE', #4945, #1574 ) ;
#1300 = CARTESIAN_POINT ( 'NONE',  ( -1.992100384059741500, 3.111051561387353300, -3.117450666038447300 ) ) ;
#1301 = DIRECTION ( 'NONE',  ( -1.000000000000000000, -3.491481338843132600E-015, 0.0000000000000000000 ) ) ;
#1302 = EDGE_CURVE ( 'NONE', #4399, #3187, #3417, .T. ) ;
#1303 = EDGE_LOOP ( 'NONE', ( #518, #7458, #2457, #7128, #4819 ) ) ;
#1304 = ADVANCED_FACE ( 'NONE', ( #1860 ), #2424, .T. ) ;
#1305 = CARTESIAN_POINT ( 'NONE',  ( -1.980000000000001300, 4.500000000000000900, 0.9699999999999999700 ) ) ;
#1306 = CARTESIAN_POINT ( 'NONE',  ( -2.945223269778516300, 2.814036741076667800, -2.230000905918391400 ) ) ;
#1307 = AXIS2_PLACEMENT_3D ( 'NONE', #2227, #5196, #6881 ) ;
#1308 = CARTESIAN_POINT ( 'NONE',  ( -2.960037396819625400, 2.728184629177832700, -2.214819181503241600 ) ) ;
#1309 = EDGE_LOOP ( 'NONE', ( #3968, #1238, #823, #59, #301, #2714 ) ) ;
#1310 = EDGE_LOOP ( 'NONE', ( #5923, #117, #1426, #4273, #4172, #516 ) ) ;
#1311 = ADVANCED_FACE ( 'NONE', ( #6300 ), #1675, .T. ) ;
#1312 = FACE_OUTER_BOUND ( 'NONE', #1310, .T. ) ;
#1313 = CARTESIAN_POINT ( 'NONE',  ( 3.269015327967211600, 3.134466150687632800, 1.926692599424513900 ) ) ;
#1314 = CARTESIAN_POINT ( 'NONE',  ( 2.882625588524312400, 2.649999999999999900, 3.302704918041372600 ) ) ;
#1315 = VERTEX_POINT ( 'NONE', #1277 ) ;
#1316 = FACE_OUTER_BOUND ( 'NONE', #5800, .T. ) ;
#1317 = ORIENTED_EDGE ( 'NONE', *, *, #1302, .F. ) ;
#1318 = CARTESIAN_POINT ( 'NONE',  ( -3.099999999999999600, -7.773710951811855200E-016, -1.499999999999999800 ) ) ;
#1319 = CARTESIAN_POINT ( 'NONE',  ( -2.021448619603528400, 3.076838044173937400, -3.091076737371931200 ) ) ;
#1320 = EDGE_CURVE ( 'NONE', #6098, #538, #7456, .T. ) ;
#1321 = DIRECTION ( 'NONE',  ( 0.0000000000000000000, 0.8703550311807757300, -0.4924247350593904400 ) ) ;
#1322 = ORIENTED_EDGE ( 'NONE', *, *, #4150, .F. ) ;
#1323 = FACE_OUTER_BOUND ( 'NONE', #1309, .T. ) ;
#1324 = CARTESIAN_POINT ( 'NONE',  ( 3.350000000000001400, 4.179999999999999700, 1.646074051843239100 ) ) ;
#1325 = DIRECTION ( 'NONE',  ( 0.5602494390798655700, -0.6427876096865357000, -0.5224410539421321400 ) ) ;
#1326 = ORIENTED_EDGE ( 'NONE', *, *, #7524, .F. ) ;
#1327 = CARTESIAN_POINT ( 'NONE',  ( -3.374138146570851800, 2.849159465013677100, -2.268312816211056400 ) ) ;
#1328 = ORIENTED_EDGE ( 'NONE', *, *, #5818, .T. ) ;
#1329 = AXIS2_PLACEMENT_3D ( 'NONE', #4691, #2372, #1861 ) ;
#1330 = CARTESIAN_POINT ( 'NONE',  ( 3.249978214144381400, 3.128966688481531900, 1.906021171115853200 ) ) ;
#1331 = DIRECTION ( 'NONE',  ( -1.000000000000000000, -0.0000000000000000000, -0.0000000000000000000 ) ) ;
#1332 = B_SPLINE_CURVE_WITH_KNOTS ( 'NONE', 3,
 ( #744, #5971, #1907, #4792 ),
 .UNSPECIFIED., .F., .F.,
 ( 4, 4 ),
 ( 8.868670336624405700E-005, 0.0001631810288677560900 ),
 .UNSPECIFIED. ) ;
#1333 = EDGE_CURVE ( 'NONE', #7111, #4567, #309, .T. ) ;
#1334 = CARTESIAN_POINT ( 'NONE',  ( -3.350000000000001400, 2.049999999999999800, -1.500000000000000200 ) ) ;
#1335 = ORIENTED_EDGE ( 'NONE', *, *, #2756, .T. ) ;
#1336 = CARTESIAN_POINT ( 'NONE',  ( 3.269100629994708300, 3.135412573203660200, 1.926613053996995000 ) ) ;
#1337 = PLANE ( 'NONE',  #6312 ) ;
#1338 = ADVANCED_FACE ( 'NONE', ( #2304 ), #3507, .T. ) ;
#1339 = AXIS2_PLACEMENT_3D ( 'NONE', #5091, #3304, #422 ) ;
#1340 = FACE_OUTER_BOUND ( 'NONE', #5083, .T. ) ;
#1341 = ORIENTED_EDGE ( 'NONE', *, *, #2845, .T. ) ;
#1342 = EDGE_CURVE ( 'NONE', #3009, #7111, #2761, .T. ) ;
#1343 = ORIENTED_EDGE ( 'NONE', *, *, #4175, .F. ) ;
#1344 = EDGE_CURVE ( 'NONE', #3716, #3057, #6574, .T. ) ;
#1345 = EDGE_LOOP ( 'NONE', ( #1796, #5180, #5158, #1116, #5333, #3333, #440, #1257, #6141, #3605, #4596 ) ) ;
#1346 = DIRECTION ( 'NONE',  ( 3.491481338843133000E-015, -1.000000000000000000, -0.0000000000000000000 ) ) ;
#1347 = DIRECTION ( 'NONE',  ( -0.6819983600624948100, 0.0000000000000000000, -0.7313537016191739000 ) ) ;
#1348 = ADVANCED_FACE ( 'NONE', ( #945 ), #765, .T. ) ;
#1349 = VECTOR ( 'NONE', #2006, 1000.000000000000000 ) ;
#1350 = DIRECTION ( 'NONE',  ( 0.0000000000000000000, 1.000000000000000000, 0.0000000000000000000 ) ) ;
#1351 = ORIENTED_EDGE ( 'NONE', *, *, #2449, .T. ) ;
#1352 = ORIENTED_EDGE ( 'NONE', *, *, #1958, .T. ) ;
#1353 = CARTESIAN_POINT ( 'NONE',  ( 4.793187607807484000, -0.1025167453825044000, 0.5053789546006410800 ) ) ;
#1354 = EDGE_CURVE ( 'NONE', #286, #3258, #4118, .T. ) ;
#1355 = CARTESIAN_POINT ( 'NONE',  ( -3.099999999999998300, 4.500000000000000000, 2.848212002188448300 ) ) ;
#1356 = CARTESIAN_POINT ( 'NONE',  ( 3.500000000000001300, 3.779999999999999400, -1.099999999999999900 ) ) ;
#1357 = CYLINDRICAL_SURFACE ( 'NONE', #39, 0.001000000000000123200 ) ;
#1358 = CARTESIAN_POINT ( 'NONE',  ( 2.964469397867386400, 3.664779390779126200, 2.210686273664425700 ) ) ;
#1359 = PLANE ( 'NONE',  #3680 ) ;
#1360 = EDGE_LOOP ( 'NONE', ( #3799, #3334, #260, #2752, #6265, #6836 ) ) ;
#1361 = FACE_OUTER_BOUND ( 'NONE', #3789, .T. ) ;
#1362 = DIRECTION ( 'NONE',  ( 0.0000000000000000000, 0.0000000000000000000, -1.000000000000000000 ) ) ;
#1363 = LINE ( 'NONE', #7048, #5464 ) ;
#1364 = CARTESIAN_POINT ( 'NONE',  ( -3.349000000000001100, 4.179999999999999700, -1.645639239468278400 ) ) ;
#1365 = ORIENTED_EDGE ( 'NONE', *, *, #264, .F. ) ;
#1366 = CARTESIAN_POINT ( 'NONE',  ( 3.126864378450390900, 2.808464004020113400, 2.500145183063559700 ) ) ;
#1367 = VECTOR ( 'NONE', #6900, 1000.000000000000000 ) ;
#1368 = CIRCLE ( 'NONE', #2032, 0.2500000000000002200 ) ;
#1369 = DIRECTION ( 'NONE',  ( 0.0000000000000000000, -1.084202172485504400E-015, -1.000000000000000000 ) ) ;
#1370 = CARTESIAN_POINT ( 'NONE',  ( 2.196368124876764100, 2.680542461124566100, 2.928319625870816600 ) ) ;
#1371 = EDGE_LOOP ( 'NONE', ( #228, #996, #3946, #3841 ) ) ;
#1372 = CARTESIAN_POINT ( 'NONE',  ( 3.500000000000001300, 4.179999999999999700, 1.500000000000000200 ) ) ;
#1373 = LINE ( 'NONE', #5195, #2112 ) ;
#1374 = ADVANCED_FACE ( 'NONE', ( #4416 ), #3687, .T. ) ;
#1375 = VERTEX_POINT ( 'NONE', #3033 ) ;
#1376 = CARTESIAN_POINT ( 'NONE',  ( -3.330105601206129400, 0.1340706829774153100, 2.392554141918273600 ) ) ;
#1377 = CARTESIAN_POINT ( 'NONE',  ( -2.391215041168987600, 2.906296479174437200, -3.149420255810448900 ) ) ;
#1378 = CARTESIAN_POINT ( 'NONE',  ( 2.350000000000001900, -3.412945818780434800E-015, -1.149999999999999900 ) ) ;
#1379 = VERTEX_POINT ( 'NONE', #7095 ) ;
#1380 = B_SPLINE_CURVE_WITH_KNOTS ( 'NONE', 3,
 ( #3656, #6715, #1376, #3242, #723, #5579 ),
 .UNSPECIFIED., .F., .F.,
 ( 4, 2, 4 ),
 ( -6.633269641037052600E-006, 0.0003948282087187084500, 0.0007962896870784539700 ),
 .UNSPECIFIED. ) ;
#1381 = VECTOR ( 'NONE', #7286, 1000.000000000000000 ) ;
#1382 = DIRECTION ( 'NONE',  ( -0.5990898797796674300, 0.5735764363510464900, 0.5586603508469324400 ) ) ;
#1383 = ADVANCED_FACE ( 'NONE', ( #2673 ), #4779, .F. ) ;
#1384 = AXIS2_PLACEMENT_3D ( 'NONE', #393, #5506, #1454 ) ;
#1385 = PLANE ( 'NONE',  #6753 ) ;
#1386 = CARTESIAN_POINT ( 'NONE',  ( 2.876094914038956200, 2.815021492899146200, 2.156364066954204400 ) ) ;
#1387 = EDGE_CURVE ( 'NONE', #1886, #3056, #6042, .T. ) ;
#1388 = DIRECTION ( 'NONE',  ( 0.0000000000000000000, 0.0000000000000000000, -1.000000000000000000 ) ) ;
#1389 = ORIENTED_EDGE ( 'NONE', *, *, #6303, .F. ) ;
#1390 = EDGE_CURVE ( 'NONE', #1855, #4503, #6948, .T. ) ;
#1391 = LINE ( 'NONE', #6646, #3215 ) ;
#1392 = CARTESIAN_POINT ( 'NONE',  ( -3.265756861891135000, 3.123306479669502700, -1.929731168198122600 ) ) ;
#1393 = EDGE_LOOP ( 'NONE', ( #6479, #1962, #5892 ) ) ;
#1394 = AXIS2_PLACEMENT_3D ( 'NONE', #488, #5660, #3950 ) ;
#1395 = CARTESIAN_POINT ( 'NONE',  ( -3.139397011872315300, 2.829283322248509000, -2.523209890564457800 ) ) ;
#1396 = DIRECTION ( 'NONE',  ( 0.0000000000000000000, 0.0000000000000000000, -1.000000000000000000 ) ) ;
#1397 = CARTESIAN_POINT ( 'NONE',  ( -3.500000000000001300, 0.1500000000000012700, 1.500000000000000200 ) ) ;
#1398 = CARTESIAN_POINT ( 'NONE',  ( 3.250000000000001800, 4.250000000000000900, 0.9700000000000004200 ) ) ;
#1399 = VECTOR ( 'NONE', #6385, 1000.000000000000000 ) ;
#1400 = EDGE_CURVE ( 'NONE', #7438, #1895, #6766, .T. ) ;
#1401 = VERTEX_POINT ( 'NONE', #6551 ) ;
#1402 = CARTESIAN_POINT ( 'NONE',  ( 3.305290822127101300, 2.983600801614804300, 2.261048139182287200 ) ) ;
#1403 = SURFACE_STYLE_FILL_AREA ( #4967 ) ;
#1404 = CARTESIAN_POINT ( 'NONE',  ( 3.238228161659177000, 3.126556252957440700, 1.893420782489572100 ) ) ;
#1405 = CARTESIAN_POINT ( 'NONE',  ( 3.250000000000001300, 4.500000000000000900, -3.397182120936205900 ) ) ;
#1406 =( LENGTH_UNIT ( ) NAMED_UNIT ( * ) SI_UNIT ( .MILLI., .METRE. ) );
#1407 = ORIENTED_EDGE ( 'NONE', *, *, #2816, .T. ) ;
#1408 = VECTOR ( 'NONE', #6455, 1000.000000000000000 ) ;
#1409 = CARTESIAN_POINT ( 'NONE',  ( -2.000000000000001300, 0.1499999999999953900, -1.149999999999999700 ) ) ;
#1410 = EDGE_CURVE ( 'NONE', #2165, #3994, #6425, .T. ) ;
#1411 = CARTESIAN_POINT ( 'NONE',  ( 3.100000000000001400, 2.649999999999999900, 3.100000000000000100 ) ) ;
#1412 = ADVANCED_FACE ( 'NONE', ( #1312 ), #4286, .T. ) ;
#1413 = ORIENTED_EDGE ( 'NONE', *, *, #1333, .T. ) ;
#1414 = EDGE_LOOP ( 'NONE', ( #573, #1909, #2377, #1433, #5453 ) ) ;
#1415 = CARTESIAN_POINT ( 'NONE',  ( -2.944614298669344900, 2.814387362216344900, -2.229523042214155200 ) ) ;
#1416 = CARTESIAN_POINT ( 'NONE',  ( -3.100000000000002300, 2.649999999999999900, -3.100000000000001000 ) ) ;
#1417 = EDGE_CURVE ( 'NONE', #4164, #5612, #1485, .T. ) ;
#1418 = ADVANCED_FACE ( 'NONE', ( #5230 ), #223, .T. ) ;
#1419 = EDGE_LOOP ( 'NONE', ( #5445, #3199 ) ) ;
#1420 = ORIENTED_EDGE ( 'NONE', *, *, #7187, .F. ) ;
#1421 = CARTESIAN_POINT ( 'NONE',  ( -2.593388065980804800, 2.649999999999999900, -2.556725213832716600 ) ) ;
#1422 = CYLINDRICAL_SURFACE ( 'NONE', #2677, 0.0009999999999999158900 ) ;
#1423 = CARTESIAN_POINT ( 'NONE',  ( 3.350000000000001400, 4.179999999999999700, -0.9699999999999997500 ) ) ;
#1424 = CARTESIAN_POINT ( 'NONE',  ( 2.929636896258164500, 2.792829344549107300, 2.243168106902939200 ) ) ;
#1425 = ORIENTED_EDGE ( 'NONE', *, *, #3439, .T. ) ;
#1426 = ORIENTED_EDGE ( 'NONE', *, *, #916, .F. ) ;
#1427 = DIRECTION ( 'NONE',  ( 0.0000000000000000000, 0.0000000000000000000, 1.000000000000000000 ) ) ;
#1428 = B_SPLINE_CURVE_WITH_KNOTS ( 'NONE', 3,
 ( #3500, #1143, #1947, #3673, #5165, #2506, #773, #1903, #131, #1296 ),
 .UNSPECIFIED., .F., .F.,
 ( 4, 3, 3, 4 ),
 ( 0.0000000000000000000, 7.188723494663207500E-006, 1.438694831785582900E-005, 1.534455849468183800E-005 ),
 .UNSPECIFIED. ) ;
#1429 = EDGE_CURVE ( 'NONE', #323, #5612, #2131, .T. ) ;
#1430 = EDGE_LOOP ( 'NONE', ( #4238, #6470, #3454, #5197 ) ) ;
#1431 = ORIENTED_EDGE ( 'NONE', *, *, #5394, .T. ) ;
#1432 = LINE ( 'NONE', #3539, #4542 ) ;
#1433 = ORIENTED_EDGE ( 'NONE', *, *, #1646, .T. ) ;
#1434 = DIRECTION ( 'NONE',  ( -1.000000000000000000, 0.0000000000000000000, 0.0000000000000000000 ) ) ;
#1435 = ORIENTED_EDGE ( 'NONE', *, *, #6745, .F. ) ;
#1436 = ORIENTED_EDGE ( 'NONE', *, *, #740, .F. ) ;
#1437 = ORIENTED_EDGE ( 'NONE', *, *, #124, .T. ) ;
#1438 = AXIS2_PLACEMENT_3D ( 'NONE', #1356, #6037, #171 ) ;
#1439 = CARTESIAN_POINT ( 'NONE',  ( 6.681360192194406800, -0.1032827898256182100, 2.531138659316500000 ) ) ;
#1440 = EDGE_CURVE ( 'NONE', #3599, #4113, #2294, .T. ) ;
#1441 = CARTESIAN_POINT ( 'NONE',  ( 3.350000000000001400, 0.1500000000000001100, -1.500000000000000200 ) ) ;
#1442 = CYLINDRICAL_SURFACE ( 'NONE', #3265, 0.1510000000000001900 ) ;
#1443 = EDGE_CURVE ( 'NONE', #5051, #7421, #1949, .T. ) ;
#1444 = VERTEX_POINT ( 'NONE', #1799 ) ;
#1445 = ORIENTED_EDGE ( 'NONE', *, *, #2388, .F. ) ;
#1446 = CIRCLE ( 'NONE', #4089, 0.2500000000000002200 ) ;
#1447 = AXIS2_PLACEMENT_3D ( 'NONE', #1754, #1075, #5820 ) ;
#1448 = ADVANCED_FACE ( 'NONE', ( #4875 ), #4658, .F. ) ;
#1449 = ORIENTED_EDGE ( 'NONE', *, *, #1217, .F. ) ;
#1450 = DIRECTION ( 'NONE',  ( 0.8819238886962633700, -0.4698463103929560500, -0.03814051857259707200 ) ) ;
#1451 = ORIENTED_EDGE ( 'NONE', *, *, #4376, .T. ) ;
#1452 = CARTESIAN_POINT ( 'NONE',  ( 2.930091797498797200, 2.790680188560164900, 2.242743904633346400 ) ) ;
#1453 = CARTESIAN_POINT ( 'NONE',  ( 1.988273549576085700, 3.125280889729180200, 3.121003629221004600 ) ) ;
#1454 = DIRECTION ( 'NONE',  ( 0.0000000000000000000, 0.0000000000000000000, -1.000000000000000000 ) ) ;
#1455 = VECTOR ( 'NONE', #2931, 1000.000000000000000 ) ;
#1456 = FACE_OUTER_BOUND ( 'NONE', #3420, .T. ) ;
#1457 = DIRECTION ( 'NONE',  ( 1.000000000000000000, -0.0000000000000000000, -0.0000000000000000000 ) ) ;
#1458 = ADVANCED_FACE ( 'NONE', ( #592 ), #4179, .T. ) ;
#1459 = ORIENTED_EDGE ( 'NONE', *, *, #4660, .T. ) ;
#1460 = CARTESIAN_POINT ( 'NONE',  ( 3.350000000000001400, 4.179999999999999700, -0.9699999999999998600 ) ) ;
#1461 = DIRECTION ( 'NONE',  ( 0.7313537016191695700, 0.0000000000000000000, -0.6819983600624994800 ) ) ;
#1462 = COLOUR_RGB ( '',1.000000000000000000, 0.8117647058823529400, 0.5019607843137254800 ) ;
#1463 = CARTESIAN_POINT ( 'NONE',  ( -3.269143326964645700, 3.137321539385737000, -1.926573238428398200 ) ) ;
#1464 = EDGE_CURVE ( 'NONE', #2197, #1498, #7307, .T. ) ;
#1465 = EDGE_LOOP ( 'NONE', ( #4726, #2802, #41, #5460 ) ) ;
#1466 = LINE ( 'NONE', #3786, #5477 ) ;
#1467 = CARTESIAN_POINT ( 'NONE',  ( -2.961530384091782600, 2.676768345514006300, -2.151479946702064900 ) ) ;
#1468 = DIRECTION ( 'NONE',  ( 0.0000000000000000000, 1.000000000000000000, -1.037514040655985100E-016 ) ) ;
#1469 = AXIS2_PLACEMENT_3D ( 'NONE', #5666, #7450, #3379 ) ;
#1470 = ORIENTED_EDGE ( 'NONE', *, *, #6250, .T. ) ;
#1471 = FACE_OUTER_BOUND ( 'NONE', #4767, .T. ) ;
#1472 = PLANE ( 'NONE',  #496 ) ;
#1473 = CARTESIAN_POINT ( 'NONE',  ( 2.936726775496796300, 2.806764585908470900, 2.236556687565634400 ) ) ;
#1474 = DIRECTION ( 'NONE',  ( 0.6819983600624948100, -0.0000000000000000000, 0.7313537016191739000 ) ) ;
#1475 = B_SPLINE_CURVE_WITH_KNOTS ( 'NONE', 3,
 ( #4579, #1597, #6832, #7459 ),
 .UNSPECIFIED., .F., .F.,
 ( 4, 4 ),
 ( 0.0000000000000000000, 3.908080274462979900E-006 ),
 .UNSPECIFIED. ) ;
#1476 = VERTEX_POINT ( 'NONE', #1826 ) ;
#1477 = DIRECTION ( 'NONE',  ( -0.4095068767208487300, 0.5553524075725675400, 0.7238009542144086000 ) ) ;
#1478 = EDGE_CURVE ( 'NONE', #5706, #6507, #4136, .T. ) ;
#1479 = CARTESIAN_POINT ( 'NONE',  ( -1.630000000000001200, 4.350000000000000500, -0.6200000000000007700 ) ) ;
#1480 = EDGE_CURVE ( 'NONE', #6281, #1261, #3320, .T. ) ;
#1481 = DIRECTION ( 'NONE',  ( 0.4701050976991863500, 0.7660444431189810100, -0.4383800956747109200 ) ) ;
#1482 = ADVANCED_FACE ( 'NONE', ( #35 ), #3565, .T. ) ;
#1483 = VERTEX_POINT ( 'NONE', #6362 ) ;
#1484 = ORIENTED_EDGE ( 'NONE', *, *, #5008, .T. ) ;
#1485 = LINE ( 'NONE', #2523, #1213 ) ;
#1486 = CARTESIAN_POINT ( 'NONE',  ( 3.108016385482688100, 2.754254910926015900, 2.427235477518099300 ) ) ;
#1487 = AXIS2_PLACEMENT_3D ( 'NONE', #5825, #4693, #5278 ) ;
#1488 = DIRECTION ( 'NONE',  ( 0.5990898797796667700, 0.5735764363510466000, -0.5586603508469328800 ) ) ;
#1489 = ADVANCED_FACE ( 'NONE', ( #6128 ), #4654, .F. ) ;
#1490 = ORIENTED_EDGE ( 'NONE', *, *, #3782, .F. ) ;
#1491 = EDGE_CURVE ( 'NONE', #3684, #7144, #2855, .T. ) ;
#1492 = VECTOR ( 'NONE', #6284, 1000.000000000000000 ) ;
#1493 = VERTEX_POINT ( 'NONE', #3493 ) ;
#1494 = ORIENTED_EDGE ( 'NONE', *, *, #2954, .T. ) ;
#1495 = ORIENTED_EDGE ( 'NONE', *, *, #4150, .T. ) ;
#1496 = CARTESIAN_POINT ( 'NONE',  ( -2.318745569085527000, 2.817423300928300700, -2.956576080005630200 ) ) ;
#1497 = DIRECTION ( 'NONE',  ( 0.0000000000000000000, 0.0000000000000000000, -1.000000000000000000 ) ) ;
#1498 = VERTEX_POINT ( 'NONE', #590 ) ;
#1499 = CARTESIAN_POINT ( 'NONE',  ( 2.960037396819625400, 2.728184629177832700, 2.214819181503241600 ) ) ;
#1500 = PLANE ( 'NONE',  #3404 ) ;
#1501 = DIRECTION ( 'NONE',  ( 0.7313537016191734600, 0.0000000000000000000, -0.6819983600624953700 ) ) ;
#1502 = CARTESIAN_POINT ( 'NONE',  ( 3.941906072725688500, 1.301672027803379100, 1.501392592336814300 ) ) ;
#1503 = VECTOR ( 'NONE', #6010, 1000.000000000000000 ) ;
#1504 = EDGE_LOOP ( 'NONE', ( #3433, #5883, #1532, #492, #6259, #3971, #7072, #6979, #6895, #3402, #1142, #5226 ) ) ;
#1505 = ORIENTED_EDGE ( 'NONE', *, *, #3737, .T. ) ;
#1506 = CARTESIAN_POINT ( 'NONE',  ( 2.475284316832580400, 2.901817111391474100, 3.093405641017891000 ) ) ;
#1507 = CARTESIAN_POINT ( 'NONE',  ( -3.263573686845336700, 3.120383697444950600, -1.931767011864009100 ) ) ;
#1508 = DIRECTION ( 'NONE',  ( 0.0000000000000000000, 1.000000000000000000, 0.0000000000000000000 ) ) ;
#1509 = FACE_OUTER_BOUND ( 'NONE', #2061, .T. ) ;
#1510 = ORIENTED_EDGE ( 'NONE', *, *, #3537, .T. ) ;
#1511 = CARTESIAN_POINT ( 'NONE',  ( 2.255908633929711200, 2.806911691006785900, 2.871429875481525100 ) ) ;
#1512 = ORIENTED_EDGE ( 'NONE', *, *, #6704, .T. ) ;
#1513 = VERTEX_POINT ( 'NONE', #73 ) ;
#1514 = CARTESIAN_POINT ( 'NONE',  ( -2.928427688173993000, 2.697830997267135700, -2.126656754444968400 ) ) ;
#1515 = DIRECTION ( 'NONE',  ( 1.000000000000000000, 0.0000000000000000000, 0.0000000000000000000 ) ) ;
#1516 = DIRECTION ( 'NONE',  ( 1.000000000000000000, 3.484935554417692700E-015, 0.0000000000000000000 ) ) ;
#1517 = CARTESIAN_POINT ( 'NONE',  ( 3.246743223873029800, 3.124037775012897400, 1.902566224726452800 ) ) ;
#1518 = EDGE_CURVE ( 'NONE', #4503, #2347, #5849, .T. ) ;
#1519 = LINE ( 'NONE', #5949, #7424 ) ;
#1520 = ORIENTED_EDGE ( 'NONE', *, *, #3551, .T. ) ;
#1521 = ORIENTED_EDGE ( 'NONE', *, *, #1443, .F. ) ;
#1522 = VERTEX_POINT ( 'NONE', #7038 ) ;
#1523 = CARTESIAN_POINT ( 'NONE',  ( 2.841994996035839700, 2.815021492899129700, 2.119796381873237900 ) ) ;
#1524 = PLANE ( 'NONE',  #484 ) ;
#1525 = CARTESIAN_POINT ( 'NONE',  ( 2.931326839095889100, 2.786844512077293800, 2.241592209683031600 ) ) ;
#1526 = DIRECTION ( 'NONE',  ( 0.6819983600624948100, 0.0000000000000000000, 0.7313537016191739000 ) ) ;
#1527 = FACE_OUTER_BOUND ( 'NONE', #3457, .T. ) ;
#1528 = CARTESIAN_POINT ( 'NONE',  ( -2.244212662269432300, 2.821443074836062200, -2.882498342368335500 ) ) ;
#1529 = DIRECTION ( 'NONE',  ( -7.228014483236698300E-015, 0.8703550311807767300, -0.4924247350593887700 ) ) ;
#1530 = B_SPLINE_CURVE_WITH_KNOTS ( 'NONE', 3,
 ( #2764, #1041, #3921, #5696, #2204, #4557, #2789, #5746, #5764, #2275, #6306, #6903, #6268, #7483, #536, #2862 ),
 .UNSPECIFIED., .F., .F.,
 ( 4, 3, 3, 3, 3, 4 ),
 ( 0.0000000000000000000, 3.205347913145116900E-007, 6.405211745323069400E-007, 9.689001988725464600E-007, 1.316833475173805900E-006, 1.614165740810565600E-006 ),
 .UNSPECIFIED. ) ;
#1531 = EDGE_CURVE ( 'NONE', #732, #221, #3045, .T. ) ;
#1532 = ORIENTED_EDGE ( 'NONE', *, *, #5201, .F. ) ;
#1533 = EDGE_LOOP ( 'NONE', ( #4902, #4182, #2360, #5790 ) ) ;
#1534 = CARTESIAN_POINT ( 'NONE',  ( 2.141960055506171300, 2.821929211080257600, 2.772589524740628300 ) ) ;
#1535 = CARTESIAN_POINT ( 'NONE',  ( -3.234992109402207400, 3.091465193812565900, -1.959787091476440400 ) ) ;
#1536 = CARTESIAN_POINT ( 'NONE',  ( -3.288889876908363400, 3.230000000000000000, -1.908159282706710900 ) ) ;
#1537 = LINE ( 'NONE', #6842, #3089 ) ;
#1538 = CARTESIAN_POINT ( 'NONE',  ( -1.966054723880029700, 3.118140027910338800, -3.097176855771061700 ) ) ;
#1539 = AXIS2_PLACEMENT_3D ( 'NONE', #4345, #855, #4969 ) ;
#1540 = VERTEX_POINT ( 'NONE', #1720 ) ;
#1541 = DIRECTION ( 'NONE',  ( 0.0000000000000000000, -1.037514040655985100E-016, 1.000000000000000000 ) ) ;
#1542 = ORIENTED_EDGE ( 'NONE', *, *, #5019, .T. ) ;
#1543 = EDGE_CURVE ( 'NONE', #6641, #7428, #5189, .T. ) ;
#1544 = CARTESIAN_POINT ( 'NONE',  ( 2.257785218801651200, 2.804281592282675400, 2.869679931778023300 ) ) ;
#1545 = CYLINDRICAL_SURFACE ( 'NONE', #1394, 0.2499999999999997800 ) ;
#1546 = VECTOR ( 'NONE', #3114, 999.9999999999998900 ) ;
#1547 = DIRECTION ( 'NONE',  ( 0.0000000000000000000, -1.000000000000000000, -1.037514040655985100E-016 ) ) ;
#1548 = CARTESIAN_POINT ( 'NONE',  ( -3.500000000000001300, 4.179999999999999700, 0.9699999999999999700 ) ) ;
#1549 = ORIENTED_EDGE ( 'NONE', *, *, #4081, .F. ) ;
#1550 = AXIS2_PLACEMENT_3D ( 'NONE', #1751, #2895, #1671 ) ;
#1551 = CYLINDRICAL_SURFACE ( 'NONE', #3303, 0.3500000000000000300 ) ;
#1552 = LINE ( 'NONE', #3549, #2729 ) ;
#1553 = CARTESIAN_POINT ( 'NONE',  ( 2.874358216493333900, 2.752586802168695900, 2.105530594023920600 ) ) ;
#1554 = CARTESIAN_POINT ( 'NONE',  ( -1.630000000000001200, 4.500000000000000900, -0.6200000000000007700 ) ) ;
#1555 = ORIENTED_EDGE ( 'NONE', *, *, #3737, .F. ) ;
#1556 = CARTESIAN_POINT ( 'NONE',  ( 6.610844427539529300, -0.2181894562934653900, 2.596895673667706500 ) ) ;
#1557 = CARTESIAN_POINT ( 'NONE',  ( 1.969522190716183700, 3.118943794721331700, 3.100895258709201600 ) ) ;
#1558 = DIRECTION ( 'NONE',  ( 0.0000000000000000000, 0.0000000000000000000, 1.000000000000000000 ) ) ;
#1559 = ORIENTED_EDGE ( 'NONE', *, *, #7402, .F. ) ;
#1560 = CARTESIAN_POINT ( 'NONE',  ( -3.264617085130185900, 3.121430128103295200, -1.930825156977527000 ) ) ;
#1561 = EDGE_CURVE ( 'NONE', #70, #3646, #4686, .T. ) ;
#1562 = FACE_OUTER_BOUND ( 'NONE', #3581, .T. ) ;
#1563 = CARTESIAN_POINT ( 'NONE',  ( -4.793399501069844200, -0.1032827898256240700, -0.5065486883979348800 ) ) ;
#1564 = EDGE_CURVE ( 'NONE', #4545, #1578, #4592, .T. ) ;
#1565 = CARTESIAN_POINT ( 'NONE',  ( -2.954032685686246200, 2.987382675969001400, -2.387795385107145400 ) ) ;
#1566 = ORIENTED_EDGE ( 'NONE', *, *, #5154, .T. ) ;
#1567 = VECTOR ( 'NONE', #649, 1000.000000000000000 ) ;
#1568 = EDGE_CURVE ( 'NONE', #2773, #685, #7131, .T. ) ;
#1569 = CARTESIAN_POINT ( 'NONE',  ( 2.438893226903266200, 2.920139414342827400, 2.993121262873238700 ) ) ;
#1570 = EDGE_LOOP ( 'NONE', ( #6559, #2619, #5582, #5400, #1352, #4980, #5515, #906, #5405, #4363 ) ) ;
#1571 = CARTESIAN_POINT ( 'NONE',  ( 3.350000000000001400, 4.179999999999999700, 0.9700000000000003100 ) ) ;
#1572 = DIRECTION ( 'NONE',  ( -0.4701050976991863500, 0.7660444431189810100, 0.4383800956747109200 ) ) ;
#1573 = CARTESIAN_POINT ( 'NONE',  ( 2.841994996035839700, 2.815021492899129700, 2.119796381873237900 ) ) ;
#1574 = VECTOR ( 'NONE', #2108, 1000.000000000000000 ) ;
#1575 = AXIS2_PLACEMENT_3D ( 'NONE', #731, #4808, #4835 ) ;
#1576 = EDGE_CURVE ( 'NONE', #2711, #286, #5761, .T. ) ;
#1577 = EDGE_CURVE ( 'NONE', #5559, #3791, #1125, .T. ) ;
#1578 = VERTEX_POINT ( 'NONE', #5709 ) ;
#1579 = CARTESIAN_POINT ( 'NONE',  ( 3.250000000000001300, 4.500000000000000900, -0.9699999999999999700 ) ) ;
#1580 = CARTESIAN_POINT ( 'NONE',  ( -2.435858454722214600, 2.786910444923617300, -3.130170852219791700 ) ) ;
#1581 = VECTOR ( 'NONE', #643, 1000.000000000000000 ) ;
#1582 = CARTESIAN_POINT ( 'NONE',  ( -1.885973795566711700, 4.029999999999999400, -3.011300573978128000 ) ) ;
#1583 = CARTESIAN_POINT ( 'NONE',  ( -2.244206369293339600, 2.821545296770451300, -2.882437774859198900 ) ) ;
#1584 = CARTESIAN_POINT ( 'NONE',  ( -2.986390739342909200, 2.673118968404085500, -2.185893749755640800 ) ) ;
#1585 = B_SPLINE_CURVE_WITH_KNOTS ( 'NONE', 3,
 ( #3878, #948, #5662, #5608 ),
 .UNSPECIFIED., .F., .F.,
 ( 4, 4 ),
 ( 0.0000000000000000000, 1.000000000000000000 ),
 .UNSPECIFIED. ) ;
#1586 = ORIENTED_EDGE ( 'NONE', *, *, #6383, .T. ) ;
#1587 = CARTESIAN_POINT ( 'NONE',  ( 2.249857423731079600, 2.814969231754801200, 2.877170881960340300 ) ) ;
#1588 = CIRCLE ( 'NONE', #843, 0.3999999999999999700 ) ;
#1589 = CARTESIAN_POINT ( 'NONE',  ( -3.166843572955273100, 3.126035741999273500, -1.816870183185518700 ) ) ;
#1590 = EDGE_CURVE ( 'NONE', #3273, #6967, #1087, .T. ) ;
#1591 = CARTESIAN_POINT ( 'NONE',  ( -3.112276747337555400, 2.777295795383303300, -2.402620568090678300 ) ) ;
#1592 = DIRECTION ( 'NONE',  ( -0.4701050976991864000, -0.7660444431189812300, 0.4383800956747107600 ) ) ;
#1593 = VERTEX_POINT ( 'NONE', #7374 ) ;
#1594 = CARTESIAN_POINT ( 'NONE',  ( 2.222429713351787800, 2.663061770107023800, 2.902649473987958500 ) ) ;
#1595 = LINE ( 'NONE', #5621, #7051 ) ;
#1596 = AXIS2_PLACEMENT_3D ( 'NONE', #1914, #5427, #2098 ) ;
#1597 = CARTESIAN_POINT ( 'NONE',  ( -3.167249183977410600, 3.124979378516602700, -1.816491944788271500 ) ) ;
#1598 = DIRECTION ( 'NONE',  ( 0.0000000000000000000, 0.0000000000000000000, -1.000000000000000000 ) ) ;
#1599 = CARTESIAN_POINT ( 'NONE',  ( 3.246446609406725700, 4.500000000000000000, -1.742639150792151500 ) ) ;
#1600 = VERTEX_POINT ( 'NONE', #6231 ) ;
#1601 = EDGE_LOOP ( 'NONE', ( #5401, #2828, #5889, #2821, #633, #2230, #3932, #7212, #1341, #2511, #5600, #3094 ) ) ;
#1602 = CARTESIAN_POINT ( 'NONE',  ( 1.964462865838694700, 3.113581940744619500, 3.094884675270052300 ) ) ;
#1603 = DIRECTION ( 'NONE',  ( 1.000000000000000000, 3.484935554417692700E-015, 0.0000000000000000000 ) ) ;
#1604 = CARTESIAN_POINT ( 'NONE',  ( -2.945223269778516300, 2.814036741076667800, -2.230000905918391400 ) ) ;
#1605 = ORIENTED_EDGE ( 'NONE', *, *, #4607, .F. ) ;
#1606 = CARTESIAN_POINT ( 'NONE',  ( 2.350000000000001400, 0.1499999999999966100, 1.149999999999999700 ) ) ;
#1607 = CARTESIAN_POINT ( 'NONE',  ( 2.944294750045205200, 2.815021492899146600, 2.229499437116122100 ) ) ;
#1608 = PRODUCT_RELATED_PRODUCT_CATEGORY ( 'part', '', ( #7375 ) ) ;
#1609 = EDGE_CURVE ( 'NONE', #746, #5708, #7028, .T. ) ;
#1610 = ORIENTED_EDGE ( 'NONE', *, *, #5135, .T. ) ;
#1611 = LINE ( 'NONE', #5903, #4710 ) ;
#1612 = DIRECTION ( 'NONE',  ( 0.0000000000000000000, 0.0000000000000000000, -1.000000000000000000 ) ) ;
#1613 = ORIENTED_EDGE ( 'NONE', *, *, #1197, .T. ) ;
#1614 = CARTESIAN_POINT ( 'NONE',  ( -2.196368124876764100, 2.680542461124566100, -2.928319625870816600 ) ) ;
#1615 = ORIENTED_EDGE ( 'NONE', *, *, #1938, .F. ) ;
#1616 = DIRECTION ( 'NONE',  ( 0.0000000000000000000, 1.000000000000000000, 0.0000000000000000000 ) ) ;
#1617 = ORIENTED_EDGE ( 'NONE', *, *, #7413, .T. ) ;
#1618 = MANIFOLD_SOLID_BREP ( 'Revolve1', #3774 ) ;
#1619 = CARTESIAN_POINT ( 'NONE',  ( -3.183664708092512000, 3.206999999999999900, -1.801184220904083400 ) ) ;
#1620 = FACE_OUTER_BOUND ( 'NONE', #2129, .T. ) ;
#1621 = EDGE_LOOP ( 'NONE', ( #2436, #1510, #2028, #7452, #259, #1169, #1268, #4716, #4983, #3396 ) ) ;
#1622 = ORIENTED_EDGE ( 'NONE', *, *, #6601, .T. ) ;
#1623 = CARTESIAN_POINT ( 'NONE',  ( 3.203411258036229300, 2.049999999999999800, 1.782770265182396700 ) ) ;
#1624 = CARTESIAN_POINT ( 'NONE',  ( 3.349000000000001100, -2.287516853390374000, 1.645639239468278400 ) ) ;
#1625 = EDGE_CURVE ( 'NONE', #1593, #6248, #583, .T. ) ;
#1626 = VECTOR ( 'NONE', #7409, 1000.000000000000000 ) ;
#1627 = VERTEX_POINT ( 'NONE', #3975 ) ;
#1628 = PLANE ( 'NONE',  #5880 ) ;
#1629 = CARTESIAN_POINT ( 'NONE',  ( 3.100000000000000100, 4.500000000000000000, -1.646074051843217100 ) ) ;
#1630 = ORIENTED_EDGE ( 'NONE', *, *, #2598, .F. ) ;
#1631 = AXIS2_PLACEMENT_3D ( 'NONE', #4848, #1347, #5942 ) ;
#1632 = CARTESIAN_POINT ( 'NONE',  ( 3.349999999999999600, 0.2500000000000002200, -1.646074051843217100 ) ) ;
#1633 = CARTESIAN_POINT ( 'NONE',  ( -2.244282005547309400, 2.821187596517580300, -2.882707008486499900 ) ) ;
#1634 = CARTESIAN_POINT ( 'NONE',  ( -2.249999999999998700, 0.0000000000000000000, 3.250000000000000900 ) ) ;
#1635 = B_SPLINE_CURVE_WITH_KNOTS ( 'NONE', 3,
 ( #6837, #5081, #7371, #974, #6814, #3848, #5602, #6227, #3268, #2137, #1602, #2699, #6204, #3343, #6790, #3902, #6763, #7319, #410, #2208, #5055, #3928 ),
 .UNSPECIFIED., .F., .F.,
 ( 4, 3, 3, 3, 3, 3, 3, 4 ),
 ( -5.999998940547760400E-008, 0.0000000000000000000, 2.716718092968501400E-005, 3.264778791091715500E-005, 4.322921423484976500E-005, 4.874729001902200800E-005, 5.290065134201633100E-005, 5.503541311667708800E-005 ),
 .UNSPECIFIED. ) ;
#1636 = EDGE_CURVE ( 'NONE', #7474, #5476, #2246, .T. ) ;
#1637 = FACE_OUTER_BOUND ( 'NONE', #2787, .T. ) ;
#1638 = CARTESIAN_POINT ( 'NONE',  ( -2.524187237066381200, 2.901817111391437700, -3.047802930143644200 ) ) ;
#1639 = ORIENTED_EDGE ( 'NONE', *, *, #3349, .F. ) ;
#1640 = CARTESIAN_POINT ( 'NONE',  ( -2.227242867665474100, 2.732483383110707800, -2.898161134978622500 ) ) ;
#1641 = CARTESIAN_POINT ( 'NONE',  ( -3.023964497570293700, 2.973912840542980900, -2.484973073289406600 ) ) ;
#1642 = LINE ( 'NONE', #5758, #4938 ) ;
#1643 = CARTESIAN_POINT ( 'NONE',  ( 3.366710564062426000, 2.863663646958515500, 2.203773303240915900 ) ) ;
#1644 = LINE ( 'NONE', #429, #6444 ) ;
#1645 = AXIS2_PLACEMENT_3D ( 'NONE', #5194, #3996, #5723 ) ;
#1646 = EDGE_CURVE ( 'NONE', #6414, #5574, #66, .T. ) ;
#1647 = CARTESIAN_POINT ( 'NONE',  ( -3.349999999999998300, 0.2500000000000000000, 2.150000000000000800 ) ) ;
#1648 = ORIENTED_EDGE ( 'NONE', *, *, #490, .T. ) ;
#1649 = LINE ( 'NONE', #5010, #5033 ) ;
#1650 = CARTESIAN_POINT ( 'NONE',  ( -1.950828809695911400, 3.115566063882463600, -3.080849061818490900 ) ) ;
#1651 = CARTESIAN_POINT ( 'NONE',  ( -3.003757589575264800, 2.662634703922750500, -2.255441710857885700 ) ) ;
#1652 = ADVANCED_FACE ( 'NONE', ( #1039 ), #4666, .F. ) ;
#1653 = EDGE_LOOP ( 'NONE', ( #3357, #3488, #1445 ) ) ;
#1654 = CARTESIAN_POINT ( 'NONE',  ( -2.694243735863291400, 7.443088227883574900E-015, -2.889222679519825500 ) ) ;
#1655 = FACE_OUTER_BOUND ( 'NONE', #7074, .T. ) ;
#1656 = CARTESIAN_POINT ( 'NONE',  ( 3.350000000000001400, 4.179999999999999700, 1.645639239468278400 ) ) ;
#1657 = CARTESIAN_POINT ( 'NONE',  ( 2.227847911950346900, 2.731839322350151400, 2.898964249514908200 ) ) ;
#1658 = CARTESIAN_POINT ( 'NONE',  ( 3.139397011872315300, 2.829283322248509000, 2.523209890564457800 ) ) ;
#1659 = EDGE_CURVE ( 'NONE', #732, #7161, #3212, .T. ) ;
#1660 = VERTEX_POINT ( 'NONE', #4032 ) ;
#1661 = CARTESIAN_POINT ( 'NONE',  ( 3.078266499920522000, 2.886899642838592200, 2.471288978780294100 ) ) ;
#1662 = FACE_OUTER_BOUND ( 'NONE', #7381, .T. ) ;
#1663 = CARTESIAN_POINT ( 'NONE',  ( -2.227847911950346900, 2.731839322350151400, -2.898964249514908200 ) ) ;
#1664 = CARTESIAN_POINT ( 'NONE',  ( -2.964389167827707900, 2.660550356025169500, -2.210761089386785700 ) ) ;
#1665 = CARTESIAN_POINT ( 'NONE',  ( 3.342359303718795500, 2.842141911647440900, 2.333944491500545400 ) ) ;
#1666 = VERTEX_POINT ( 'NONE', #8 ) ;
#1667 = EDGE_CURVE ( 'NONE', #3885, #3631, #3316, .T. ) ;
#1668 = COLOUR_RGB ( '',1.000000000000000000, 0.8117647058823529400, 0.5019607843137254800 ) ;
#1669 = CARTESIAN_POINT ( 'NONE',  ( 1.630000000000001200, 4.350000000000000500, -3.397182120936205900 ) ) ;
#1670 = CARTESIAN_POINT ( 'NONE',  ( -2.249999999999998700, 4.500000000000000000, 2.150000000000000800 ) ) ;
#1671 = DIRECTION ( 'NONE',  ( -0.7313537016191747900, -1.885568995626966100E-014, 0.6819983600624941500 ) ) ;
#1672 = ORIENTED_EDGE ( 'NONE', *, *, #625, .T. ) ;
#1673 = ORIENTED_EDGE ( 'NONE', *, *, #7227, .T. ) ;
#1674 = AXIS2_PLACEMENT_3D ( 'NONE', #2412, #3000, #7039 ) ;
#1675 = CYLINDRICAL_SURFACE ( 'NONE', #1329, 0.2999999999999998800 ) ;
#1676 = EDGE_CURVE ( 'NONE', #174, #3864, #6794, .T. ) ;
#1677 = CARTESIAN_POINT ( 'NONE',  ( 2.945223269778516300, 2.814036741076667800, 2.230000905918391400 ) ) ;
#1678 = ORIENTED_EDGE ( 'NONE', *, *, #1239, .F. ) ;
#1679 = CARTESIAN_POINT ( 'NONE',  ( -3.251570101194135400, 3.122647230714046700, -1.909521672598996700 ) ) ;
#1680 = LINE ( 'NONE', #1971, #3150 ) ;
#1681 = B_SPLINE_CURVE_WITH_KNOTS ( 'NONE', 3,
 ( #2713, #296, #6749, #3813 ),
 .UNSPECIFIED., .F., .F.,
 ( 4, 4 ),
 ( 0.0000000000000000000, 0.8136112016920445900 ),
 .UNSPECIFIED. ) ;
#1682 = DIRECTION ( 'NONE',  ( 0.0000000000000000000, 0.0000000000000000000, -1.000000000000000000 ) ) ;
#1683 = ORIENTED_EDGE ( 'NONE', *, *, #280, .T. ) ;
#1684 = ORIENTED_EDGE ( 'NONE', *, *, #584, .F. ) ;
#1685 = ORIENTED_EDGE ( 'NONE', *, *, #4301, .T. ) ;
#1686 = ADVANCED_FACE ( 'NONE', ( #6122 ), #1166, .F. ) ;
#1687 = ORIENTED_EDGE ( 'NONE', *, *, #1170, .F. ) ;
#1688 = CARTESIAN_POINT ( 'NONE',  ( -2.261244719627441700, 2.796389578496324200, -2.866453895067465000 ) ) ;
#1689 = EDGE_CURVE ( 'NONE', #2732, #378, #1719, .T. ) ;
#1690 = CARTESIAN_POINT ( 'NONE',  ( 1.885227991716565500, 3.113183389022005100, 3.012017010058450200 ) ) ;
#1691 = FACE_OUTER_BOUND ( 'NONE', #6901, .T. ) ;
#1692 = CARTESIAN_POINT ( 'NONE',  ( 3.186590122898987700, 3.230000000000000000, 1.798456227463833600 ) ) ;
#1693 = DIRECTION ( 'NONE',  ( 3.491481338843134100E-015, -1.000000000000000000, 0.0000000000000000000 ) ) ;
#1694 = ORIENTED_EDGE ( 'NONE', *, *, #7020, .F. ) ;
#1695 = CARTESIAN_POINT ( 'NONE',  ( -1.630000000000001200, 4.350000000000000500, -0.9700000000000004200 ) ) ;
#1696 = ORIENTED_EDGE ( 'NONE', *, *, #6616, .T. ) ;
#1697 = AXIS2_PLACEMENT_3D ( 'NONE', #3586, #7007, #4146 ) ;
#1698 = CARTESIAN_POINT ( 'NONE',  ( 3.234616239897258000, 3.126035741999276600, 1.889547470609031800 ) ) ;
#1699 = SURFACE_STYLE_FILL_AREA ( #5792 ) ;
#1700 = DIRECTION ( 'NONE',  ( -0.7313537016191739000, 0.0000000000000000000, 0.6819983600624948100 ) ) ;
#1701 = VERTEX_POINT ( 'NONE', #6811 ) ;
#1702 = ORIENTED_EDGE ( 'NONE', *, *, #3340, .F. ) ;
#1703 = DIRECTION ( 'NONE',  ( 0.4147371171650762700, 0.7938448060994460800, 0.4447511073336802300 ) ) ;
#1704 = EDGE_CURVE ( 'NONE', #2216, #6507, #2848, .T. ) ;
#1705 = CARTESIAN_POINT ( 'NONE',  ( -3.076473924389283400, 2.952156128891859400, -2.581886618908744600 ) ) ;
#1706 = DIRECTION ( 'NONE',  ( -0.7313537016191755700, 0.0000000000000000000, 0.6819983600624931500 ) ) ;
#1707 = LINE ( 'NONE', #3678, #6604 ) ;
#1708 = CARTESIAN_POINT ( 'NONE',  ( -3.317374411475690500, 2.649999999999999900, -2.897295081958628100 ) ) ;
#1709 = VERTEX_POINT ( 'NONE', #5075 ) ;
#1710 = VERTEX_POINT ( 'NONE', #2184 ) ;
#1711 = CARTESIAN_POINT ( 'NONE',  ( -3.263846880378248500, 3.134090786560730400, -1.920893494834826600 ) ) ;
#1712 = ORIENTED_EDGE ( 'NONE', *, *, #423, .T. ) ;
#1713 = EDGE_CURVE ( 'NONE', #1709, #6192, #6569, .T. ) ;
#1714 = DIRECTION ( 'NONE',  ( -0.5990898797796667700, 0.5735764363510466000, 0.5586603508469328800 ) ) ;
#1715 = CARTESIAN_POINT ( 'NONE',  ( 1.630000000000001200, 4.500000000000000900, 0.6200000000000007700 ) ) ;
#1716 = FACE_OUTER_BOUND ( 'NONE', #4310, .T. ) ;
#1717 = CARTESIAN_POINT ( 'NONE',  ( 3.366021647846661100, 2.864884758765066300, 2.198381085613927900 ) ) ;
#1718 = ORIENTED_EDGE ( 'NONE', *, *, #7469, .F. ) ;
#1719 = B_SPLINE_CURVE_WITH_KNOTS ( 'NONE', 3,
 ( #5250, #3894, #403, #4506, #454, #2745, #430 ),
 .UNSPECIFIED., .F., .F.,
 ( 4, 3, 4 ),
 ( 7.606913144427067600E-005, 9.024968686651467000E-005, 0.0001484074309342597200 ),
 .UNSPECIFIED. ) ;
#1720 = CARTESIAN_POINT ( 'NONE',  ( -2.244678701378020900, 2.820925672181812300, -2.883269284463379800 ) ) ;
#1721 = AXIS2_PLACEMENT_3D ( 'NONE', #4213, #719, #691 ) ;
#1722 = VECTOR ( 'NONE', #6367, 1000.000000000000000 ) ;
#1723 = CARTESIAN_POINT ( 'NONE',  ( -1.885973795566712000, 3.118427782262530400, -3.011300573978128000 ) ) ;
#1724 = CARTESIAN_POINT ( 'NONE',  ( -1.951311994573425200, 3.115628382665900400, -3.081367214162293400 ) ) ;
#1725 = EDGE_CURVE ( 'NONE', #510, #4152, #6327, .T. ) ;
#1727 = ADVANCED_FACE ( 'NONE', ( #7299 ), #1118, .T. ) ;
#1726 = CARTESIAN_POINT ( 'NONE',  ( -3.244496253520038100, 3.127650941038159900, -1.900142488072720200 ) ) ;
#1728 = ORIENTED_EDGE ( 'NONE', *, *, #4619, .F. ) ;
#1729 = DIRECTION ( 'NONE',  ( 0.7313537016191735700, 0.0000000000000000000, -0.6819983600624952600 ) ) ;
#1730 = CARTESIAN_POINT ( 'NONE',  ( -3.326048196250863700, 2.952156128891860300, -2.349154845286001600 ) ) ;
#1731 = LINE ( 'NONE', #6274, #5651 ) ;
#1732 = VECTOR ( 'NONE', #6526, 1000.000000000000000 ) ;
#1733 = CARTESIAN_POINT ( 'NONE',  ( -2.156881221719506100, 2.688425153937229300, -2.894586304935888400 ) ) ;
#1734 = DIRECTION ( 'NONE',  ( 0.6819983600624948100, 0.0000000000000000000, 0.7313537016191739000 ) ) ;
#1735 = EDGE_LOOP ( 'NONE', ( #641, #509, #3238, #5655 ) ) ;
#1736 = B_SPLINE_CURVE_WITH_KNOTS ( 'NONE', 3,
 ( #4958, #7171, #770, #4879, #6683, #5429, #1377 ),
 .UNSPECIFIED., .F., .F.,
 ( 4, 3, 4 ),
 ( 0.0000000000000000000, 4.531710703017414500E-005, 7.606913144427067600E-005 ),
 .UNSPECIFIED. ) ;
#1737 = EDGE_CURVE ( 'NONE', #4452, #147, #1852, .T. ) ;
#1738 = FACE_OUTER_BOUND ( 'NONE', #1050, .T. ) ;
#1739 = CARTESIAN_POINT ( 'NONE',  ( 2.027991948634480000, 3.069535577218959900, 3.085332950362919200 ) ) ;
#1740 = VECTOR ( 'NONE', #3374, 1000.000000000000000 ) ;
#1741 = CARTESIAN_POINT ( 'NONE',  ( -2.254045009763759700, 2.809523624852348500, -2.873167733131165600 ) ) ;
#1742 = CARTESIAN_POINT ( 'NONE',  ( -2.350000000000001900, -3.412945818780434800E-015, 1.149999999999999900 ) ) ;
#1743 = VERTEX_POINT ( 'NONE', #381 ) ;
#1744 = CARTESIAN_POINT ( 'NONE',  ( -1.961946760533945300, 3.114024930764388400, -3.092416702373191200 ) ) ;
#1745 = DIRECTION ( 'NONE',  ( 0.0000000000000000000, 0.0000000000000000000, -1.000000000000000000 ) ) ;
#1746 = AXIS2_PLACEMENT_3D ( 'NONE', #5017, #5643, #6824 ) ;
#1747 = CIRCLE ( 'NONE', #5344, 0.3500000000000000300 ) ;
#1748 = DIRECTION ( 'NONE',  ( 3.491481338843134100E-015, 1.000000000000000000, -0.0000000000000000000 ) ) ;
#1749 = EDGE_LOOP ( 'NONE', ( #265, #3697, #5015, #887, #5879, #1021 ) ) ;
#1750 = CARTESIAN_POINT ( 'NONE',  ( 3.251570101194135400, 3.122647230714046700, 1.909521672598996700 ) ) ;
#1751 = CARTESIAN_POINT ( 'NONE',  ( 3.186590122898988100, 3.206999999999999900, 1.798456227463833600 ) ) ;
#1752 = VECTOR ( 'NONE', #1396, 1000.000000000000000 ) ;
#1753 = ORIENTED_EDGE ( 'NONE', *, *, #6520, .T. ) ;
#1754 = CARTESIAN_POINT ( 'NONE',  ( 3.349000000000001100, 4.179999999999999700, 1.645639239468278400 ) ) ;
#1755 = ADVANCED_BREP_SHAPE_REPRESENTATION ( 'SPM6545VT-100M-D', ( #1618, #970, #3447, #6592, #2091, #3568 ), #2923 ) ;
#1756 = LINE ( 'NONE', #3026, #7472 ) ;
#1757 = CARTESIAN_POINT ( 'NONE',  ( -3.266541888225851700, 3.125275006377852300, -1.923783536923868300 ) ) ;
#1758 = VERTEX_POINT ( 'NONE', #4531 ) ;
#1759 = ADVANCED_FACE ( 'NONE', ( #4771 ), #6730, .T. ) ;
#1760 = VECTOR ( 'NONE', #7046, 1000.000000000000000 ) ;
#1761 = CARTESIAN_POINT ( 'NONE',  ( -1.993449007648548500, 3.109423469054730200, -3.116180665857971800 ) ) ;
#1762 = DIRECTION ( 'NONE',  ( 0.0000000000000000000, -1.000000000000000000, -1.037514040655985100E-016 ) ) ;
#1763 = B_SPLINE_CURVE_WITH_KNOTS ( 'NONE', 1,
 ( #3410, #501 ),
 .UNSPECIFIED., .F., .F.,
 ( 2, 2 ),
 ( 0.0000000000000000000, 1.000000000000000000 ),
 .UNSPECIFIED. ) ;
#1764 = ORIENTED_EDGE ( 'NONE', *, *, #4228, .T. ) ;
#1765 = CARTESIAN_POINT ( 'NONE',  ( -2.350000000000001400, 0.1499999999999966100, 1.149999999999999900 ) ) ;
#1766 = ADVANCED_FACE ( 'NONE', ( #397 ), #2666, .T. ) ;
#1767 = LINE ( 'NONE', #6533, #1219 ) ;
#1768 = DIRECTION ( 'NONE',  ( -0.6819983600624948100, 0.0000000000000000000, -0.7313537016191739000 ) ) ;
#1769 = CARTESIAN_POINT ( 'NONE',  ( 3.234992109402207400, 3.091465193812565900, 1.959787091476440400 ) ) ;
#1770 = ORIENTED_EDGE ( 'NONE', *, *, #444, .T. ) ;
#1771 = CARTESIAN_POINT ( 'NONE',  ( -4.053867229607820800E-029, 0.1499999999999883900, 0.0000000000000000000 ) ) ;
#1772 = AXIS2_PLACEMENT_3D ( 'NONE', #3438, #537, #4532 ) ;
#1773 = PLANE ( 'NONE',  #3925 ) ;
#1774 = CIRCLE ( 'NONE', #2503, 0.5073896953895634700 ) ;
#1775 = EDGE_CURVE ( 'NONE', #493, #5051, #2396, .T. ) ;
#1776 = CARTESIAN_POINT ( 'NONE',  ( 1.906990164673290700, 2.049999999999999800, 0.3925288496439796000 ) ) ;
#1777 = EDGE_LOOP ( 'NONE', ( #1875, #5113, #1190, #5620 ) ) ;
#1778 = ORIENTED_EDGE ( 'NONE', *, *, #2358, .F. ) ;
#1779 = CARTESIAN_POINT ( 'NONE',  ( 3.298699525350364100, 2.955527081853199300, 2.343370224139346400 ) ) ;
#1780 = VERTEX_POINT ( 'NONE', #2303 ) ;
#1781 = B_SPLINE_CURVE_WITH_KNOTS ( 'NONE', 3,
 ( #1218, #5843, #5376, #4156 ),
 .UNSPECIFIED., .F., .F.,
 ( 4, 4 ),
 ( 0.9773609842919626100, 1.000000000000000000 ),
 .UNSPECIFIED. ) ;
#1782 = CARTESIAN_POINT ( 'NONE',  ( 2.944420150914065300, 2.814685502254967300, 2.229464666854318500 ) ) ;
#1783 = AXIS2_PLACEMENT_3D ( 'NONE', #596, #2284, #6343 ) ;
#1784 = EDGE_CURVE ( 'NONE', #7107, #88, #7122, .T. ) ;
#1785 = VERTEX_POINT ( 'NONE', #4435 ) ;
#1786 = EDGE_CURVE ( 'NONE', #3358, #3985, #557, .T. ) ;
#1787 = CARTESIAN_POINT ( 'NONE',  ( 3.262901255083862300, 3.119679312412313400, 1.932452796606673400 ) ) ;
#1788 = CARTESIAN_POINT ( 'NONE',  ( -1.954667906046404300, 3.115167047737414900, -3.084937944231128000 ) ) ;
#1789 = CARTESIAN_POINT ( 'NONE',  ( -1.980000000000001300, 4.179999999999999700, 0.9699999999999998600 ) ) ;
#1790 = VERTEX_POINT ( 'NONE', #1269 ) ;
#1791 = CARTESIAN_POINT ( 'NONE',  ( -2.955703031617595800, 2.736707692424574600, -2.218861042442961600 ) ) ;
#1792 = VECTOR ( 'NONE', #6100, 1000.000000000000100 ) ;
#1793 = VERTEX_POINT ( 'NONE', #591 ) ;
#1794 = ORIENTED_EDGE ( 'NONE', *, *, #3589, .F. ) ;
#1795 = CARTESIAN_POINT ( 'NONE',  ( 3.262895684379905100, 3.119679274319452600, 1.932434003584988700 ) ) ;
#1796 = ORIENTED_EDGE ( 'NONE', *, *, #53, .T. ) ;
#1797 = DIRECTION ( 'NONE',  ( 1.000000000000000000, 0.0000000000000000000, 0.0000000000000000000 ) ) ;
#1798 = ADVANCED_FACE ( 'NONE', ( #2210 ), #1212, .T. ) ;
#1799 = CARTESIAN_POINT ( 'NONE',  ( -2.350000000000001900, -3.395982099313527000E-015, 1.500000000000000000 ) ) ;
#1800 = CARTESIAN_POINT ( 'NONE',  ( -3.350000000000001400, 4.179999999999999700, -1.645639239468278400 ) ) ;
#1801 = FACE_OUTER_BOUND ( 'NONE', #2567, .T. ) ;
#1802 = ORIENTED_EDGE ( 'NONE', *, *, #3042, .F. ) ;
#1803 = EDGE_CURVE ( 'NONE', #3706, #4399, #4042, .T. ) ;
#1804 = VERTEX_POINT ( 'NONE', #7009 ) ;
#1805 = CARTESIAN_POINT ( 'NONE',  ( 3.240149573045011200, 2.952156128891859900, 2.429256607303914400 ) ) ;
#1806 = CARTESIAN_POINT ( 'NONE',  ( -2.453110310995071200, 2.900905161318848300, -3.112455478755828100 ) ) ;
#1807 = CIRCLE ( 'NONE', #3411, 0.3500000000000000300 ) ;
#1808 = CARTESIAN_POINT ( 'NONE',  ( -2.350000000000001400, 0.1499999999999966100, 1.149999999999999900 ) ) ;
#1809 = EDGE_CURVE ( 'NONE', #1018, #5781, #3485, .T. ) ;
#1810 = ORIENTED_EDGE ( 'NONE', *, *, #780, .F. ) ;
#1811 = CARTESIAN_POINT ( 'NONE',  ( 3.349000000000001100, 2.049999999999999800, 1.645639239468278400 ) ) ;
#1812 = DIRECTION ( 'NONE',  ( 0.7313537016191735700, 0.0000000000000000000, -0.6819983600624953700 ) ) ;
#1813 = CARTESIAN_POINT ( 'NONE',  ( -1.951311994573425200, 3.115628382665900400, -3.081367214162293400 ) ) ;
#1814 = CARTESIAN_POINT ( 'NONE',  ( 3.004010976374651000, 2.687204667031139100, 2.175180482637804900 ) ) ;
#1815 = FACE_OUTER_BOUND ( 'NONE', #4352, .T. ) ;
#1816 = CARTESIAN_POINT ( 'NONE',  ( -2.929884795176155500, 2.796390514538608800, -2.242936937422070500 ) ) ;
#1817 = B_SPLINE_CURVE_WITH_KNOTS ( 'NONE', 1,
 ( #1879, #6486 ),
 .UNSPECIFIED., .F., .F.,
 ( 2, 2 ),
 ( 0.0000000000000000000, 1.000000000000000000 ),
 .UNSPECIFIED. ) ;
#1818 = CARTESIAN_POINT ( 'NONE',  ( 2.475551355752243100, 2.872640404905979500, 3.041078558587830800 ) ) ;
#1819 = ORIENTED_EDGE ( 'NONE', *, *, #3526, .F. ) ;
#1820 = LINE ( 'NONE', #3462, #2735 ) ;
#1821 = CARTESIAN_POINT ( 'NONE',  ( 2.678939156946782900, 2.560313645555282800, 2.478314858332503900 ) ) ;
#1822 = EDGE_CURVE ( 'NONE', #1018, #2732, #3498, .T. ) ;
#1823 = DIRECTION ( 'NONE',  ( 0.0000000000000000000, 0.0000000000000000000, -1.000000000000000000 ) ) ;
#1824 = FACE_OUTER_BOUND ( 'NONE', #1414, .T. ) ;
#1825 = EDGE_CURVE ( 'NONE', #4817, #1483, #5403, .T. ) ;
#1826 = CARTESIAN_POINT ( 'NONE',  ( -3.234992109402206900, 3.091465193812565900, -1.959787091476440400 ) ) ;
#1827 = CARTESIAN_POINT ( 'NONE',  ( -2.431694809711396800, 2.843523135194375900, -3.030003474629979500 ) ) ;
#1828 = ORIENTED_EDGE ( 'NONE', *, *, #1775, .F. ) ;
#1829 = VECTOR ( 'NONE', #5037, 1000.000000000000000 ) ;
#1830 = AXIS2_PLACEMENT_3D ( 'NONE', #4217, #6476, #5852 ) ;
#1831 = DIRECTION ( 'NONE',  ( 0.009204126107052262900, -0.4924038765061048400, 0.8703181639287819200 ) ) ;
#1832 = CARTESIAN_POINT ( 'NONE',  ( 3.350000000000000100, 4.250000000000000000, 1.646074051843240200 ) ) ;
#1833 = EDGE_CURVE ( 'NONE', #2881, #6892, #2489, .T. ) ;
#1834 = ORIENTED_EDGE ( 'NONE', *, *, #5631, .T. ) ;
#1835 = DIRECTION ( 'NONE',  ( 0.7313537016191752300, 0.0000000000000000000, -0.6819983600624932600 ) ) ;
#1836 = LINE ( 'NONE', #83, #3758 ) ;
#1837 = ADVANCED_FACE ( 'NONE', ( #6853 ), #1773, .T. ) ;
#1838 = CARTESIAN_POINT ( 'NONE',  ( 2.407400788524676200, 2.791199719888828300, 3.156708055265265300 ) ) ;
#1839 = CARTESIAN_POINT ( 'NONE',  ( -1.990520188868250900, 3.115101542027829000, -3.123412854900632100 ) ) ;
#1840 = CARTESIAN_POINT ( 'NONE',  ( 3.256173289830374800, 2.907087880837469800, 2.414314249665565600 ) ) ;
#1841 = ORIENTED_EDGE ( 'NONE', *, *, #6639, .T. ) ;
#1842 = CARTESIAN_POINT ( 'NONE',  ( -2.930535428414151200, 2.798328541686605100, -2.242330212112089200 ) ) ;
#1843 = FACE_OUTER_BOUND ( 'NONE', #4558, .T. ) ;
#1844 = DIRECTION ( 'NONE',  ( 1.000000000000000000, 0.0000000000000000000, -1.606225440719266100E-016 ) ) ;
#1845 = CARTESIAN_POINT ( 'NONE',  ( 3.350000000000001400, 0.1500000000000003800, -1.500000000000000200 ) ) ;
#1846 = PLANE ( 'NONE',  #2607 ) ;
#1847 = CARTESIAN_POINT ( 'NONE',  ( 3.234992109402206900, 3.091465193812565900, 1.959787091476440400 ) ) ;
#1848 = ORIENTED_EDGE ( 'NONE', *, *, #1636, .T. ) ;
#1849 = AXIS2_PLACEMENT_3D ( 'NONE', #232, #4358, #2637 ) ;
#1850 = CARTESIAN_POINT ( 'NONE',  ( 3.074775076559878700, 2.949333988132963200, 2.578760106681276600 ) ) ;
#1851 =( BOUNDED_CURVE ( )  B_SPLINE_CURVE ( 3, ( #1000, #5552, #1580, #3236 ),
 .UNSPECIFIED., .F., .F. ) 
 B_SPLINE_CURVE_WITH_KNOTS ( ( 4, 4 ),
 ( 5.478686108883779900, 5.629494583789441900 ),
 .UNSPECIFIED. ) 
 CURVE ( )  GEOMETRIC_REPRESENTATION_ITEM ( )  RATIONAL_B_SPLINE_CURVE ( ( 1.000000000000000000, 0.9981056314964998900, 0.9981056314964998900, 1.000000000000000000 ) ) 
 REPRESENTATION_ITEM ( '' )  );
#1852 = LINE ( 'NONE', #2157, #5053 ) ;
#1853 = CARTESIAN_POINT ( 'NONE',  ( 3.444318278152775000, 2.771211668306418300, 2.854893206407994800 ) ) ;
#1854 = CARTESIAN_POINT ( 'NONE',  ( 2.460593823215110100, 2.769879011192091700, 3.076705014278402000 ) ) ;
#1855 = VERTEX_POINT ( 'NONE', #1161 ) ;
#1856 = DIRECTION ( 'NONE',  ( 3.491481338843134100E-015, 1.000000000000000000, -0.0000000000000000000 ) ) ;
#1857 = VERTEX_POINT ( 'NONE', #26 ) ;
#1858 = CARTESIAN_POINT ( 'NONE',  ( -2.379850670112541700, 2.662652853352527300, -3.048179337804728400 ) ) ;
#1859 = EDGE_CURVE ( 'NONE', #1793, #7531, #4585, .T. ) ;
#1860 = FACE_OUTER_BOUND ( 'NONE', #6069, .T. ) ;
#1861 = DIRECTION ( 'NONE',  ( -0.4701884262107515800, 0.8825660563705453000, 0.0000000000000000000 ) ) ;
#1862 = ORIENTED_EDGE ( 'NONE', *, *, #2471, .T. ) ;
#1863 = DIRECTION ( 'NONE',  ( 0.0000000000000000000, -1.000000000000000000, -0.0000000000000000000 ) ) ;
#1864 = CARTESIAN_POINT ( 'NONE',  ( -3.003481516899944500, 2.811813004320799600, -2.297131873642952900 ) ) ;
#1865 = CARTESIAN_POINT ( 'NONE',  ( -1.980000000000001300, 4.500000000000000900, 0.9699999999999999700 ) ) ;
#1866 = AXIS2_PLACEMENT_3D ( 'NONE', #4588, #5755, #5799 ) ;
#1867 = CARTESIAN_POINT ( 'NONE',  ( 3.127275233891903600, 2.892439130144407200, 2.261048139182287200 ) ) ;
#1868 = CARTESIAN_POINT ( 'NONE',  ( -3.238228161659177000, 3.126556252957440700, -1.893420782489572100 ) ) ;
#1869 = CARTESIAN_POINT ( 'NONE',  ( -2.930091797498797200, 2.790680188560164900, -2.242743904633346400 ) ) ;
#1870 = B_SPLINE_CURVE_WITH_KNOTS ( 'NONE', 3,
 ( #3247, #4940, #4372, #2044 ),
 .UNSPECIFIED., .F., .F.,
 ( 4, 4 ),
 ( 0.3724515647660622300, 1.000000000000000000 ),
 .UNSPECIFIED. ) ;
#1871 = EDGE_CURVE ( 'NONE', #4982, #4623, #6936, .T. ) ;
#1872 = ORIENTED_EDGE ( 'NONE', *, *, #961, .F. ) ;
#1873 = ORIENTED_EDGE ( 'NONE', *, *, #2979, .T. ) ;
#1874 = DIRECTION ( 'NONE',  ( -1.000000000000000000, 0.0000000000000000000, 0.0000000000000000000 ) ) ;
#1875 = ORIENTED_EDGE ( 'NONE', *, *, #5525, .T. ) ;
#1876 = CYLINDRICAL_SURFACE ( 'NONE', #5422, 0.3500000000000000300 ) ;
#1877 = CARTESIAN_POINT ( 'NONE',  ( 3.350000000000000100, 4.250000000000000000, 1.646074051843240200 ) ) ;
#1878 = ADVANCED_FACE ( 'NONE', ( #5140 ), #7040, .T. ) ;
#1879 = CARTESIAN_POINT ( 'NONE',  ( -2.141960055506168600, 2.821929211080253200, -2.772589524740630000 ) ) ;
#1880 = VERTEX_POINT ( 'NONE', #2441 ) ;
#1881 = ORIENTED_EDGE ( 'NONE', *, *, #2981, .F. ) ;
#1882 = EDGE_CURVE ( 'NONE', #1709, #7063, #4968, .T. ) ;
#1883 = CARTESIAN_POINT ( 'NONE',  ( 2.000000000000001300, 0.1499999999999953900, 1.149999999999999700 ) ) ;
#1884 = LINE ( 'NONE', #1629, #4072 ) ;
#1885 = CARTESIAN_POINT ( 'NONE',  ( -1.884851367023351800, 3.111887739978135900, -3.012416898625435800 ) ) ;
#1886 = VERTEX_POINT ( 'NONE', #614 ) ;
#1887 = VERTEX_POINT ( 'NONE', #5313 ) ;
#1888 = ORIENTED_EDGE ( 'NONE', *, *, #7481, .F. ) ;
#1889 = DIRECTION ( 'NONE',  ( 0.009204126107053048700, -0.4924038765061046800, 0.8703181639287820300 ) ) ;
#1890 = DIRECTION ( 'NONE',  ( -0.4194872498868741400, -0.8191520442889902400, 0.3911781889619043200 ) ) ;
#1891 = EDGE_CURVE ( 'NONE', #3219, #2813, #2296, .T. ) ;
#1892 = FACE_OUTER_BOUND ( 'NONE', #7236, .T. ) ;
#1893 = CARTESIAN_POINT ( 'NONE',  ( -3.366710564062426000, 2.863663646958515500, -2.203773303240915900 ) ) ;
#1894 = CARTESIAN_POINT ( 'NONE',  ( 3.244496253520038100, 3.127650941038159900, 1.900142488072720200 ) ) ;
#1895 = VERTEX_POINT ( 'NONE', #2333 ) ;
#1896 = VERTEX_POINT ( 'NONE', #4684 ) ;
#1897 = ORIENTED_EDGE ( 'NONE', *, *, #913, .F. ) ;
#1898 = AXIS2_PLACEMENT_3D ( 'NONE', #872, #7219, #3116 ) ;
#1899 = CARTESIAN_POINT ( 'NONE',  ( 3.267549472984893700, 3.127525759019982800, 1.928059531309615400 ) ) ;
#1900 = CARTESIAN_POINT ( 'NONE',  ( 2.519073134182604700, 1.635220609220874300, 3.221007155642457800 ) ) ;
#1901 = FILL_AREA_STYLE ('',( #4756 ) ) ;
#1902 = ORIENTED_EDGE ( 'NONE', *, *, #6328, .F. ) ;
#1903 = CARTESIAN_POINT ( 'NONE',  ( -1.991853612178113400, 3.111652487093982300, -3.117665166835296800 ) ) ;
#1904 = FACE_OUTER_BOUND ( 'NONE', #4513, .T. ) ;
#1905 = DIRECTION ( 'NONE',  ( 0.6819983600624948100, 0.0000000000000000000, 0.7313537016191739000 ) ) ;
#1906 = CARTESIAN_POINT ( 'NONE',  ( 3.246446609406725700, 1.790295218839501800E-016, 1.742639150792173000 ) ) ;
#1907 = CARTESIAN_POINT ( 'NONE',  ( 2.431694809711396800, 2.843523135194375900, 3.030003474629979500 ) ) ;
#1908 = CARTESIAN_POINT ( 'NONE',  ( -3.211554191033287000, 3.128227331882380100, -1.864816451018250100 ) ) ;
#1909 = ORIENTED_EDGE ( 'NONE', *, *, #1518, .T. ) ;
#1910 = LINE ( 'NONE', #4565, #6353 ) ;
#1911 = VECTOR ( 'NONE', #58, 1000.000000000000000 ) ;
#1912 = ADVANCED_FACE ( 'NONE', ( #5498 ), #75, .T. ) ;
#1913 = EDGE_CURVE ( 'NONE', #253, #255, #3588, .T. ) ;
#1914 = CARTESIAN_POINT ( 'NONE',  ( -3.349000000000001100, -2.287516853390374000, -1.645639239468278400 ) ) ;
#1915 = DIRECTION ( 'NONE',  ( 0.0000000000000000000, 1.000000000000000000, 0.0000000000000000000 ) ) ;
#1916 = ORIENTED_EDGE ( 'NONE', *, *, #1543, .F. ) ;
#1917 = DIRECTION ( 'NONE',  ( -0.8819238886962634800, -0.4698463103929561600, 0.03814051857259676000 ) ) ;
#1918 = DIRECTION ( 'NONE',  ( 0.0000000000000000000, -1.000000000000000000, -1.037514040655985100E-016 ) ) ;
#1919 = B_SPLINE_CURVE_WITH_KNOTS ( 'NONE', 3,
 ( #777, #181, #3609, #6509 ),
 .UNSPECIFIED., .F., .F.,
 ( 4, 4 ),
 ( 0.0001977025869526048900, 0.0002428893782629532800 ),
 .UNSPECIFIED. ) ;
#1920 = VECTOR ( 'NONE', #6991, 1000.000000000000000 ) ;
#1921 = CARTESIAN_POINT ( 'NONE',  ( 2.593388065980804400, 2.649999999999999900, 2.556725213832716100 ) ) ;
#1922 = ADVANCED_FACE ( 'NONE', ( #3949 ), #940, .T. ) ;
#1923 = AXIS2_PLACEMENT_3D ( 'NONE', #5242, #5816, #5268 ) ;
#1924 = ORIENTED_EDGE ( 'NONE', *, *, #4456, .T. ) ;
#1925 = CARTESIAN_POINT ( 'NONE',  ( -2.097976604818961600, 4.179999999999999700, -3.018703875211630600 ) ) ;
#1926 = CARTESIAN_POINT ( 'NONE',  ( 3.350000000000000100, 4.179999999999999700, 1.646074051843240200 ) ) ;
#1927 = EDGE_CURVE ( 'NONE', #1997, #896, #2036, .T. ) ;
#1928 = DIRECTION ( 'NONE',  ( -1.000000000000000000, 0.0000000000000000000, 0.0000000000000000000 ) ) ;
#1929 = CYLINDRICAL_SURFACE ( 'NONE', #4514, 0.0009999999999999158900 ) ;
#1930 = AXIS2_PLACEMENT_3D ( 'NONE', #1441, #256, #2611 ) ;
#1931 = EDGE_LOOP ( 'NONE', ( #1702, #2292, #149 ) ) ;
#1932 = DIRECTION ( 'NONE',  ( 0.0000000000000000000, 0.0000000000000000000, -1.000000000000000000 ) ) ;
#1933 = AXIS2_PLACEMENT_3D ( 'NONE', #586, #7058, #5811 ) ;
#1934 = EDGE_CURVE ( 'NONE', #2069, #1666, #2573, .T. ) ;
#1935 = VECTOR ( 'NONE', #3619, 1000.000000000000000 ) ;
#1936 = CARTESIAN_POINT ( 'NONE',  ( -3.212364527152230800, 2.829283322248509900, -2.455166581767958900 ) ) ;
#1937 = CARTESIAN_POINT ( 'NONE',  ( 1.887243614729573200, 3.206999999999999900, 0.4109428053656667400 ) ) ;
#1938 = EDGE_CURVE ( 'NONE', #1600, #6680, #1817, .T. ) ;
#1939 = DIRECTION ( 'NONE',  ( 0.6819983600624948100, -0.0000000000000000000, 0.7313537016191740100 ) ) ;
#1940 = ORIENTED_EDGE ( 'NONE', *, *, #1784, .F. ) ;
#1941 = VECTOR ( 'NONE', #661, 1000.000000000000000 ) ;
#1942 = CARTESIAN_POINT ( 'NONE',  ( -3.021571466464986400, 2.633550503583139700, -2.306367038575110500 ) ) ;
#1943 = CARTESIAN_POINT ( 'NONE',  ( 3.240080579300004300, 3.126858069472743500, 1.895407257205493400 ) ) ;
#1944 = AXIS2_PLACEMENT_3D ( 'NONE', #612, #4096, #3490 ) ;
#1945 = CARTESIAN_POINT ( 'NONE',  ( 3.261235797955769600, 2.650000000000000800, 2.528929275305877400 ) ) ;
#1946 = ORIENTED_EDGE ( 'NONE', *, *, #3590, .T. ) ;
#1947 = CARTESIAN_POINT ( 'NONE',  ( -1.988571853978591000, 3.120455110424765500, -3.120725455865406900 ) ) ;
#1948 = UNCERTAINTY_MEASURE_WITH_UNIT (LENGTH_MEASURE( 1.000000000000000100E-005 ), #7396, 'distance_accuracy_value', 'NONE');
#1949 = LINE ( 'NONE', #1324, #138 ) ;
#1950 = CARTESIAN_POINT ( 'NONE',  ( 2.016602956445793900, 3.082245887019210900, 3.095330299582206700 ) ) ;
#1951 = EDGE_CURVE ( 'NONE', #6332, #2785, #3409, .T. ) ;
#1952 = ADVANCED_FACE ( 'NONE', ( #668 ), #229, .F. ) ;
#1953 = ORIENTED_EDGE ( 'NONE', *, *, #7209, .F. ) ;
#1954 = CARTESIAN_POINT ( 'NONE',  ( -4.119921660960886600, 1.392833699273776200, -1.501392592336814300 ) ) ;
#1955 = LINE ( 'NONE', #2652, #230 ) ;
#1956 = CARTESIAN_POINT ( 'NONE',  ( -1.870422479592332300, 3.230000000000000000, -0.4266287676471041700 ) ) ;
#1957 = CARTESIAN_POINT ( 'NONE',  ( -2.000000000000001800, -4.618000567908624400E-015, -1.499999999999999800 ) ) ;
#1958 = EDGE_CURVE ( 'NONE', #7064, #3943, #1031, .T. ) ;
#1959 = ADVANCED_FACE ( 'NONE', ( #487 ), #2516, .T. ) ;
#1960 = ORIENTED_EDGE ( 'NONE', *, *, #529, .T. ) ;
#1961 = CIRCLE ( 'NONE', #2641, 0.5073896953895634700 ) ;
#1962 = ORIENTED_EDGE ( 'NONE', *, *, #6211, .F. ) ;
#1963 = CARTESIAN_POINT ( 'NONE',  ( -3.350000000000001400, 2.049999999999999800, -1.646074051843239100 ) ) ;
#1964 = DIRECTION ( 'NONE',  ( -0.6819983600624933700, 0.0000000000000000000, -0.7313537016191753400 ) ) ;
#1965 = ORIENTED_EDGE ( 'NONE', *, *, #5199, .F. ) ;
#1966 = AXIS2_PLACEMENT_3D ( 'NONE', #5856, #6379, #2434 ) ;
#1967 = EDGE_CURVE ( 'NONE', #1886, #3866, #6657, .T. ) ;
#1968 = CARTESIAN_POINT ( 'NONE',  ( -3.349999999999997900, 4.396446609406726000, -1.646074051843217800 ) ) ;
#1969 = B_SPLINE_CURVE_WITH_KNOTS ( 'NONE', 3,
 ( #6209, #6818, #2728, #3905, #2705, #3271, #5084, #1633, #3297, #464, #1528, #1583, #6769, #7324, #5707, #4543 ),
 .UNSPECIFIED., .F., .F.,
 ( 4, 3, 3, 3, 3, 4 ),
 ( 0.0000000000000000000, 3.205347913145116900E-007, 6.405211745323069400E-007, 9.689001988725464600E-007, 1.316833475173805900E-006, 1.614165740810565600E-006 ),
 .UNSPECIFIED. ) ;
#1970 = EDGE_CURVE ( 'NONE', #4688, #2216, #1756, .T. ) ;
#1971 = CARTESIAN_POINT ( 'NONE',  ( 2.000000000000001800, -4.634964287375531500E-015, -1.149999999999999700 ) ) ;
#1972 = VERTEX_POINT ( 'NONE', #7156 ) ;
#1973 = CARTESIAN_POINT ( 'NONE',  ( -3.256173289830374800, 2.907087880837469800, -2.414314249665565600 ) ) ;
#1974 = CARTESIAN_POINT ( 'NONE',  ( -2.350000000000001900, -3.395982099313527400E-015, 1.149999999999999900 ) ) ;
#1975 = CARTESIAN_POINT ( 'NONE',  ( 3.222340001465155500, 3.127593135185458000, 1.876382816637643900 ) ) ;
#1976 = DIRECTION ( 'NONE',  ( 0.0000000000000000000, -1.037514040655985100E-016, -1.000000000000000000 ) ) ;
#1977 = VECTOR ( 'NONE', #2451, 1000.000000000000000 ) ;
#1978 = ORIENTED_EDGE ( 'NONE', *, *, #1951, .T. ) ;
#1979 = EDGE_CURVE ( 'NONE', #7258, #79, #3128, .T. ) ;
#1980 = CARTESIAN_POINT ( 'NONE',  ( 2.227645250132342300, 2.732052705187136200, 2.898696242595770700 ) ) ;
#1981 = ORIENTED_EDGE ( 'NONE', *, *, #1667, .T. ) ;
#1982 = CARTESIAN_POINT ( 'NONE',  ( 2.450675968731470500, 2.770672312116487100, 2.882270422120499100 ) ) ;
#1983 = EDGE_LOOP ( 'NONE', ( #4343, #3452, #6681, #7344 ) ) ;
#1984 = CARTESIAN_POINT ( 'NONE',  ( -3.175880769512273700, 2.829283322248509900, -2.489188236166208300 ) ) ;
#1985 = DIRECTION ( 'NONE',  ( -5.042800802258159400E-016, -1.000000000000000000, 0.0000000000000000000 ) ) ;
#1986 = VECTOR ( 'NONE', #6167, 1000.000000000000100 ) ;
#1987 = ORIENTED_EDGE ( 'NONE', *, *, #2059, .T. ) ;
#1988 = AXIS2_PLACEMENT_3D ( 'NONE', #570, #4636, #665 ) ;
#1989 = VERTEX_POINT ( 'NONE', #5370 ) ;
#1990 = ADVANCED_FACE ( 'NONE', ( #1662 ), #6848, .F. ) ;
#1991 = FACE_OUTER_BOUND ( 'NONE', #6275, .T. ) ;
#1992 = CARTESIAN_POINT ( 'NONE',  ( 2.190880056723572000, 2.681513213125143600, 2.923751105819028400 ) ) ;
#1993 = CARTESIAN_POINT ( 'NONE',  ( -3.073925652642142600, 2.947922917752089100, -2.577196850564789100 ) ) ;
#1994 = CARTESIAN_POINT ( 'NONE',  ( -2.249999999999998700, 0.0000000000000000000, 3.250000000000000900 ) ) ;
#1995 = LINE ( 'NONE', #5238, #1254 ) ;
#1996 = SURFACE_SIDE_STYLE ('',( #1403 ) ) ;
#1998 = ADVANCED_FACE ( 'NONE', ( #3583 ), #5936, .T. ) ;
#1997 = VERTEX_POINT ( 'NONE', #5965 ) ;
#1999 = CARTESIAN_POINT ( 'NONE',  ( 1.898532082527492700, 2.981826231161863700, 3.098283497931407600 ) ) ;
#2000 = CARTESIAN_POINT ( 'NONE',  ( -2.995155058999521700, 2.680669154678922100, -2.179419336290606200 ) ) ;
#2001 = FACE_OUTER_BOUND ( 'NONE', #6350, .T. ) ;
#2002 = CARTESIAN_POINT ( 'NONE',  ( -2.188511587127314900, 2.685611836192169000, -2.928578898298809500 ) ) ;
#2003 = EDGE_CURVE ( 'NONE', #3972, #2990, #4957, .T. ) ;
#2004 = ORIENTED_EDGE ( 'NONE', *, *, #2995, .T. ) ;
#2005 = DIRECTION ( 'NONE',  ( -0.6819983600624948100, -0.0000000000000000000, -0.7313537016191739000 ) ) ;
#2006 = DIRECTION ( 'NONE',  ( 0.0000000000000000000, 0.0000000000000000000, 1.000000000000000000 ) ) ;
#2007 = LINE ( 'NONE', #989, #458 ) ;
#2008 = FACE_OUTER_BOUND ( 'NONE', #5798, .T. ) ;
#2009 = CARTESIAN_POINT ( 'NONE',  ( -1.887690873277517100, 3.119637903750236900, -3.013141914387876600 ) ) ;
#2010 = CARTESIAN_POINT ( 'NONE',  ( 3.191775996697630000, 3.123037418613831700, 1.842220186021656000 ) ) ;
#2011 = CARTESIAN_POINT ( 'NONE',  ( -3.285964462101886900, 3.230000000000000000, -1.910887276146960900 ) ) ;
#2012 = ORIENTED_EDGE ( 'NONE', *, *, #6000, .F. ) ;
#2013 = AXIS2_PLACEMENT_3D ( 'NONE', #6404, #2936, #4119 ) ;
#2014 = LINE ( 'NONE', #4685, #2467 ) ;
#2016 = EDGE_CURVE ( 'NONE', #6333, #6800, #4648, .T. ) ;
#2015 = ORIENTED_EDGE ( 'NONE', *, *, #3590, .F. ) ;
#2017 = DIRECTION ( 'NONE',  ( -0.7313537016191740100, 0.0000000000000000000, 0.6819983600624948100 ) ) ;
#2018 = DIRECTION ( 'NONE',  ( 1.000000000000000000, -3.491481338843134100E-015, -1.606225440719266100E-016 ) ) ;
#2019 = CARTESIAN_POINT ( 'NONE',  ( 2.021448619603528400, 3.076838044173937400, 3.091076737371931200 ) ) ;
#2020 = ORIENTED_EDGE ( 'NONE', *, *, #5490, .F. ) ;
#2021 = CARTESIAN_POINT ( 'NONE',  ( -1.951311994560377400, 3.115628382665574400, -3.081367214148305500 ) ) ;
#2022 = B_SPLINE_CURVE_WITH_KNOTS ( 'NONE', 3,
 ( #6238, #3308, #2758, #6751, #960, #3356, #7335, #5646, #1035, #1538, #2151, #7400, #3939, #5117, #7359, #5046 ),
 .UNSPECIFIED., .F., .F.,
 ( 4, 3, 3, 3, 3, 4 ),
 ( -2.293104082722951400E-006, 0.0000000000000000000, 3.898691785658474700E-006, 1.947422523414991800E-005, 2.462146224554595200E-005, 5.288561292002271200E-005 ),
 .UNSPECIFIED. ) ;
#2023 = FACE_OUTER_BOUND ( 'NONE', #4754, .T. ) ;
#2024 = MECHANICAL_DESIGN_GEOMETRIC_PRESENTATION_REPRESENTATION (  '', ( #6247 ), #3833 ) ;
#2025 = CARTESIAN_POINT ( 'NONE',  ( 1.629999999999998600, 0.0000000000000000000, -3.249999999999999600 ) ) ;
#2026 = EDGE_CURVE ( 'NONE', #4777, #1483, #7390, .T. ) ;
#2027 = CARTESIAN_POINT ( 'NONE',  ( 2.302096233430833900, 2.841869754398675100, 2.981440649309567500 ) ) ;
#2028 = ORIENTED_EDGE ( 'NONE', *, *, #3624, .T. ) ;
#2029 = CARTESIAN_POINT ( 'NONE',  ( -3.500000000000001300, 2.049999999999999800, -1.500000000000000200 ) ) ;
#2030 = CARTESIAN_POINT ( 'NONE',  ( 2.227443562561846500, 2.732267392584454900, 2.898428532450019200 ) ) ;
#2031 = ORIENTED_EDGE ( 'NONE', *, *, #3636, .F. ) ;
#2032 = AXIS2_PLACEMENT_3D ( 'NONE', #3046, #2484, #6536 ) ;
#2033 = CARTESIAN_POINT ( 'NONE',  ( -2.964469397867386400, 3.664779390779126200, -2.210686273664425700 ) ) ;
#2034 = CARTESIAN_POINT ( 'NONE',  ( 3.303660011631156300, 2.986408392222999400, 2.253420035467768500 ) ) ;
#2035 = ADVANCED_FACE ( 'NONE', ( #1843 ), #6090, .T. ) ;
#2036 = CIRCLE ( 'NONE', #2701, 0.1000000000000002600 ) ;
#2037 = EDGE_CURVE ( 'NONE', #1498, #2813, #120, .T. ) ;
#2038 = ORIENTED_EDGE ( 'NONE', *, *, #7282, .T. ) ;
#2039 = ORIENTED_EDGE ( 'NONE', *, *, #1239, .T. ) ;
#2040 = CARTESIAN_POINT ( 'NONE',  ( -1.630000000000001200, 4.500000000000000900, 3.397182120936205900 ) ) ;
#2041 = LINE ( 'NONE', #3979, #4511 ) ;
#2042 = CARTESIAN_POINT ( 'NONE',  ( 1.988273549576086200, 3.115628382665899900, 3.121003629221005000 ) ) ;
#2043 = CARTESIAN_POINT ( 'NONE',  ( 3.250000000000001300, 4.250000000000000000, -3.397182120936205900 ) ) ;
#2044 = CARTESIAN_POINT ( 'NONE',  ( -3.076473924389283400, 2.952156128891859400, -2.581886618908744600 ) ) ;
#2045 = ORIENTED_EDGE ( 'NONE', *, *, #3640, .T. ) ;
#2046 = PLANE ( 'NONE',  #4237 ) ;
#2047 = FACE_OUTER_BOUND ( 'NONE', #6611, .T. ) ;
#2048 = CARTESIAN_POINT ( 'NONE',  ( 1.980000000000001300, 4.500000000000000900, -0.6199999999999998800 ) ) ;
#2049 = EDGE_CURVE ( 'NONE', #5530, #7403, #5232, .T. ) ;
#2050 = CARTESIAN_POINT ( 'NONE',  ( 3.350000000000001900, 9.549923952960672900E-017, -1.500000000000000200 ) ) ;
#2051 = ORIENTED_EDGE ( 'NONE', *, *, #6166, .T. ) ;
#2052 = VERTEX_POINT ( 'NONE', #2050 ) ;
#2053 = ORIENTED_EDGE ( 'NONE', *, *, #7266, .F. ) ;
#2054 = CARTESIAN_POINT ( 'NONE',  ( -3.234616239897258000, 3.126035741999276600, -1.889547470609031800 ) ) ;
#2055 = FACE_OUTER_BOUND ( 'NONE', #4283, .T. ) ;
#2056 = CARTESIAN_POINT ( 'NONE',  ( -3.166843572955270400, 3.128639004530236800, -1.816870183185520700 ) ) ;
#2057 = CARTESIAN_POINT ( 'NONE',  ( -3.317374411475690900, 3.244444004301705300, -2.897295081958628100 ) ) ;
#2058 = CARTESIAN_POINT ( 'NONE',  ( -2.004486693749520000, 3.031233355063010800, -3.107251955146654000 ) ) ;
#2059 = EDGE_CURVE ( 'NONE', #1246, #6116, #2205, .T. ) ;
#2060 = ORIENTED_EDGE ( 'NONE', *, *, #6024, .T. ) ;
#2061 = EDGE_LOOP ( 'NONE', ( #3216, #4979, #1078, #1259 ) ) ;
#2062 = CIRCLE ( 'NONE', #3756, 0.3500000000000000300 ) ;
#2063 = DIRECTION ( 'NONE',  ( -0.6819983600624945900, 0.0000000000000000000, -0.7313537016191742300 ) ) ;
#2064 = AXIS2_PLACEMENT_3D ( 'NONE', #2944, #4707, #2389 ) ;
#2065 = CARTESIAN_POINT ( 'NONE',  ( 2.001599964991565500, 3.099741591203888400, 3.108723906916176300 ) ) ;
#2066 = EDGE_LOOP ( 'NONE', ( #4640, #6179, #3534 ) ) ;
#2067 = CARTESIAN_POINT ( 'NONE',  ( 2.988879130295389900, 2.672717240949518600, 2.189291157387829300 ) ) ;
#2068 = VERTEX_POINT ( 'NONE', #2029 ) ;
#2069 = VERTEX_POINT ( 'NONE', #6669 ) ;
#2070 = CARTESIAN_POINT ( 'NONE',  ( -1.929229444741114000, 3.112643281033688100, -3.057686578684421200 ) ) ;
#2071 = B_SPLINE_CURVE_WITH_KNOTS ( 'NONE', 3,
 ( #6975, #1717, #6920, #2836 ),
 .UNSPECIFIED., .F., .F.,
 ( 4, 4 ),
 ( 0.0000000000000000000, 8.269894283240230300E-006 ),
 .UNSPECIFIED. ) ;
#2072 = EDGE_CURVE ( 'NONE', #6607, #4503, #7291, .T. ) ;
#2073 = ORIENTED_EDGE ( 'NONE', *, *, #139, .T. ) ;
#2074 =( NAMED_UNIT ( * ) PLANE_ANGLE_UNIT ( ) SI_UNIT ( $, .RADIAN. ) );
#2075 = ADVANCED_FACE ( 'NONE', ( #3765 ), #7260, .T. ) ;
#2076 = CIRCLE ( 'NONE', #98, 0.1499999999999999700 ) ;
#2077 = CARTESIAN_POINT ( 'NONE',  ( -3.108016385482688100, 2.754254910926015900, -2.427235477518099300 ) ) ;
#2078 = ORIENTED_EDGE ( 'NONE', *, *, #4528, .T. ) ;
#2079 = CARTESIAN_POINT ( 'NONE',  ( -6.681360192194406800, -0.1032827898256182100, -2.531138659316500000 ) ) ;
#2080 = CARTESIAN_POINT ( 'NONE',  ( -3.507241365635807000, 2.648338861663068800, -2.796216478063708900 ) ) ;
#2081 = ORIENTED_EDGE ( 'NONE', *, *, #2632, .F. ) ;
#2082 = VERTEX_POINT ( 'NONE', #1463 ) ;
#2083 = CARTESIAN_POINT ( 'NONE',  ( -3.240910896875815800, 3.127000484246382800, -1.896297663793176800 ) ) ;
#2084 = ORIENTED_EDGE ( 'NONE', *, *, #1227, .T. ) ;
#2085 = AXIS2_PLACEMENT_3D ( 'NONE', #6481, #100, #150 ) ;
#2086 = EDGE_CURVE ( 'NONE', #77, #2286, #1299, .T. ) ;
#2087 = DIRECTION ( 'NONE',  ( -3.491481338843133000E-015, 1.000000000000000000, 0.0000000000000000000 ) ) ;
#2088 = CARTESIAN_POINT ( 'NONE',  ( -3.349681998360057600, 2.049999999999999800, -1.646370593169891100 ) ) ;
#2089 = DIRECTION ( 'NONE',  ( 1.000000000000000000, 3.484935554417692700E-015, 0.0000000000000000000 ) ) ;
#2090 = VERTEX_POINT ( 'NONE', #6114 ) ;
#2091 = MANIFOLD_SOLID_BREP ( 'Combine4', #3800 ) ;
#2092 = CIRCLE ( 'NONE', #1988, 0.3500000000000000300 ) ;
#2093 = AXIS2_PLACEMENT_3D ( 'NONE', #80, #4763, #1271 ) ;
#2094 = ORIENTED_EDGE ( 'NONE', *, *, #3126, .F. ) ;
#2095 = CARTESIAN_POINT ( 'NONE',  ( -2.293172779015926600, 2.819738184764834200, -2.933197748790144400 ) ) ;
#2096 = ORIENTED_EDGE ( 'NONE', *, *, #3340, .T. ) ;
#2097 = CARTESIAN_POINT ( 'NONE',  ( 2.000000000000001300, 0.1499999999999953900, -1.149999999999999900 ) ) ;
#2098 = DIRECTION ( 'NONE',  ( 0.0000000000000000000, 0.0000000000000000000, -1.000000000000000000 ) ) ;
#2099 = FACE_OUTER_BOUND ( 'NONE', #6699, .T. ) ;
#2100 = CARTESIAN_POINT ( 'NONE',  ( 1.980000000000001300, 4.500000000000000900, 0.6200000000000003300 ) ) ;
#2101 = EDGE_CURVE ( 'NONE', #896, #6322, #5842, .T. ) ;
#2102 = ORIENTED_EDGE ( 'NONE', *, *, #2519, .T. ) ;
#2103 = DIRECTION ( 'NONE',  ( 0.0000000000000000000, -1.000000000000000000, 0.0000000000000000000 ) ) ;
#2104 = LINE ( 'NONE', #2704, #2831 ) ;
#2105 =( NAMED_UNIT ( * ) PLANE_ANGLE_UNIT ( ) SI_UNIT ( $, .RADIAN. ) );
#2106 = ADVANCED_FACE ( 'NONE', ( #6288 ), #3839, .T. ) ;
#2107 = VECTOR ( 'NONE', #1242, 1000.000000000000000 ) ;
#2108 = DIRECTION ( 'NONE',  ( 0.0000000000000000000, 1.000000000000000000, -1.037514040655985100E-016 ) ) ;
#2109 = EDGE_CURVE ( 'NONE', #6192, #1513, #1391, .T. ) ;
#2110 = CARTESIAN_POINT ( 'NONE',  ( 2.318841173610888700, 2.849257804980990000, 2.960637373993567000 ) ) ;
#2111 = ORIENTED_EDGE ( 'NONE', *, *, #1803, .T. ) ;
#2112 = VECTOR ( 'NONE', #2819, 1000.000000000000100 ) ;
#2113 = ADVANCED_FACE ( 'NONE', ( #1471 ), #6065, .F. ) ;
#2114 = ORIENTED_EDGE ( 'NONE', *, *, #2756, .F. ) ;
#2115 = EDGE_CURVE ( 'NONE', #255, #6440, #847, .T. ) ;
#2116 = DIRECTION ( 'NONE',  ( -0.0000000000000000000, -1.000000000000000000, 1.037514040655985100E-016 ) ) ;
#2117 = FACE_OUTER_BOUND ( 'NONE', #3455, .T. ) ;
#2118 = CARTESIAN_POINT ( 'NONE',  ( 1.898532082527492700, 2.981826231161863700, 3.098283497931407600 ) ) ;
#2119 = CARTESIAN_POINT ( 'NONE',  ( 1.959036799188651000, 3.116753540910448500, 3.089651052922717200 ) ) ;
#2120 = CARTESIAN_POINT ( 'NONE',  ( 3.350000000000000100, 4.249999999999999100, 0.9700000000000004200 ) ) ;
#2121 = DIRECTION ( 'NONE',  ( -1.000000000000000000, 0.0000000000000000000, -0.0000000000000000000 ) ) ;
#2122 = B_SPLINE_CURVE_WITH_KNOTS ( 'NONE', 3,
 ( #5893, #2418, #7235, #763 ),
 .UNSPECIFIED., .F., .F.,
 ( 4, 4 ),
 ( 1.562978587788593200E-005, 0.0001038850015279349900 ),
 .UNSPECIFIED. ) ;
#2123 = ORIENTED_EDGE ( 'NONE', *, *, #4752, .T. ) ;
#2124 = CARTESIAN_POINT ( 'NONE',  ( -2.249999999999998700, 4.500000000000000000, 3.250000000000000900 ) ) ;
#2125 = DIRECTION ( 'NONE',  ( -0.0000000000000000000, 1.037514040655985100E-016, -1.000000000000000000 ) ) ;
#2126 = EDGE_CURVE ( 'NONE', #4365, #2324, #5807, .T. ) ;
#2127 = DIRECTION ( 'NONE',  ( 0.8523066728710272400, -0.5230423839226795400, 6.505213034913030400E-014 ) ) ;
#2128 = EDGE_CURVE ( 'NONE', #70, #2580, #218, .T. ) ;
#2129 = EDGE_LOOP ( 'NONE', ( #4947, #2465, #3938, #7160 ) ) ;
#2130 = ORIENTED_EDGE ( 'NONE', *, *, #1625, .F. ) ;
#2131 = CIRCLE ( 'NONE', #1136, 0.0009999999999999158900 ) ;
#2132 = CARTESIAN_POINT ( 'NONE',  ( 3.350000000000001900, 9.549923952960633400E-017, 1.499999999999999800 ) ) ;
#2133 = DIRECTION ( 'NONE',  ( 0.0000000000000000000, -0.8703550311807760600, -0.4924247350593897700 ) ) ;
#2134 = CARTESIAN_POINT ( 'NONE',  ( 2.183827041481889000, 2.693892046493750600, 2.938185086661980100 ) ) ;
#2135 = ORIENTED_EDGE ( 'NONE', *, *, #2026, .F. ) ;
#2136 = PRESENTATION_STYLE_ASSIGNMENT (( #5533 ) ) ;
#2137 = CARTESIAN_POINT ( 'NONE',  ( 1.967044792907378900, 3.113110353513681700, 3.097274955026058800 ) ) ;
#2138 = CARTESIAN_POINT ( 'NONE',  ( -2.000000000000001800, -4.634964287375531500E-015, -1.499999999999999800 ) ) ;
#2139 = CARTESIAN_POINT ( 'NONE',  ( -3.247246204569066200, 3.128238756534988100, -1.903091449531797400 ) ) ;
#2140 = ORIENTED_EDGE ( 'NONE', *, *, #3792, .T. ) ;
#2141 = CARTESIAN_POINT ( 'NONE',  ( 2.938781675479958300, 2.809059516985331900, 2.234640462319219100 ) ) ;
#2142 = CARTESIAN_POINT ( 'NONE',  ( 1.982111241537975800, 3.122670445329651700, 3.114395362899401700 ) ) ;
#2143 = AXIS2_PLACEMENT_3D ( 'NONE', #3948, #1025, #1049 ) ;
#2144 = DIRECTION ( 'NONE',  ( -0.5602494390798655700, 0.6427876096865357000, 0.5224410539421322500 ) ) ;
#2145 = LINE ( 'NONE', #2340, #1232 ) ;
#2146 = DIRECTION ( 'NONE',  ( -0.8825624517165026100, 0.4131759111665281900, -0.2244308028142868400 ) ) ;
#2147 = ORIENTED_EDGE ( 'NONE', *, *, #1059, .T. ) ;
#2148 = ORIENTED_EDGE ( 'NONE', *, *, #7209, .T. ) ;
#2149 = EDGE_LOOP ( 'NONE', ( #5317, #164, #5846, #937 ) ) ;
#2150 = CARTESIAN_POINT ( 'NONE',  ( -3.186590122898987700, 3.230000000000000000, -1.798456227463833600 ) ) ;
#2151 = CARTESIAN_POINT ( 'NONE',  ( -1.967212205118441500, 3.118392082337080300, -3.098418102433575100 ) ) ;
#2152 = CARTESIAN_POINT ( 'NONE',  ( -3.250000000000001800, 4.250000000000000900, 0.9699999999999999700 ) ) ;
#2153 = ORIENTED_EDGE ( 'NONE', *, *, #4210, .T. ) ;
#2154 = DIRECTION ( 'NONE',  ( -0.6819983600624948100, 0.0000000000000000000, -0.7313537016191739000 ) ) ;
#2155 = AXIS2_PLACEMENT_3D ( 'NONE', #5456, #3679, #4774 ) ;
#2156 = CARTESIAN_POINT ( 'NONE',  ( -2.944851088279987600, 2.814167819291494500, -2.229666949223677400 ) ) ;
#2157 = CARTESIAN_POINT ( 'NONE',  ( -1.629999999999998600, 2.049999999999999800, -3.249999999999999100 ) ) ;
#2158 = CARTESIAN_POINT ( 'NONE',  ( 3.166843572955270400, 3.206999999999999900, 1.816870183185520700 ) ) ;
#2159 = EDGE_CURVE ( 'NONE', #6032, #2965, #2660, .T. ) ;
#2160 = CARTESIAN_POINT ( 'NONE',  ( 3.263341047193565100, 2.829283322248509900, 2.407630207790617300 ) ) ;
#2161 = VECTOR ( 'NONE', #2955, 1000.000000000000000 ) ;
#2162 = ORIENTED_EDGE ( 'NONE', *, *, #3282, .T. ) ;
#2163 = ORIENTED_EDGE ( 'NONE', *, *, #2159, .T. ) ;
#2164 = VERTEX_POINT ( 'NONE', #5070 ) ;
#2165 = VERTEX_POINT ( 'NONE', #3332 ) ;
#2166 = CARTESIAN_POINT ( 'NONE',  ( -2.985129713113609200, 2.673370412616768600, -2.184235169910647000 ) ) ;
#2167 = CARTESIAN_POINT ( 'NONE',  ( -3.941906072725688500, 1.301672027803379100, -1.501392592336814300 ) ) ;
#2168 = AXIS2_PLACEMENT_3D ( 'NONE', #787, #4873, #1369 ) ;
#2169 = DIRECTION ( 'NONE',  ( 3.491481338843133000E-015, 1.000000000000000000, 0.0000000000000000000 ) ) ;
#2170 = CARTESIAN_POINT ( 'NONE',  ( -3.234616239897258000, 3.126035741999276600, -1.889547470609031800 ) ) ;
#2171 = LINE ( 'NONE', #5616, #438 ) ;
#2172 = DIRECTION ( 'NONE',  ( -1.000000000000000000, 0.0000000000000000000, 0.0000000000000000000 ) ) ;
#2173 = EDGE_CURVE ( 'NONE', #5663, #5542, #6377, .T. ) ;
#2174 = VERTEX_POINT ( 'NONE', #3180 ) ;
#2175 = VECTOR ( 'NONE', #841, 1000.000000000000000 ) ;
#2176 = CARTESIAN_POINT ( 'NONE',  ( 2.261797610241666100, 2.801041473141133900, 2.866880552566053900 ) ) ;
#2177 = CARTESIAN_POINT ( 'NONE',  ( -2.870548186382836600, 2.987382675969000500, -2.298269220282090700 ) ) ;
#2178 = DIRECTION ( 'NONE',  ( 1.000000000000000000, 5.042800802258159400E-016, 5.231976636574106000E-032 ) ) ;
#2179 = ORIENTED_EDGE ( 'NONE', *, *, #1609, .F. ) ;
#2180 = UNCERTAINTY_MEASURE_WITH_UNIT (LENGTH_MEASURE( 1.000000000000000100E-005 ), #4737, 'distance_accuracy_value', 'NONE');
#2181 = EDGE_CURVE ( 'NONE', #6248, #6414, #6976, .T. ) ;
#2182 = CARTESIAN_POINT ( 'NONE',  ( 2.250145496683935600, 2.814510577359329500, 2.876804087906691600 ) ) ;
#2183 = CYLINDRICAL_SURFACE ( 'NONE', #4618, 0.2000000000000002100 ) ;
#2184 = CARTESIAN_POINT ( 'NONE',  ( 2.185027964397975500, 2.848099436231695600, 3.208955137497977500 ) ) ;
#2185 = ORIENTED_EDGE ( 'NONE', *, *, #4284, .T. ) ;
#2186 = LINE ( 'NONE', #7378, #5380 ) ;
#2187 = CARTESIAN_POINT ( 'NONE',  ( -2.927203608555289700, 2.699070614794408100, -2.126178478967346100 ) ) ;
#2188 = PLANE ( 'NONE',  #2143 ) ;
#2189 = CARTESIAN_POINT ( 'NONE',  ( -2.000000000000001800, -4.634964287375531500E-015, -1.149999999999999700 ) ) ;
#2190 = CARTESIAN_POINT ( 'NONE',  ( 2.988879130295569300, 2.672717240949519900, 2.189291157388021600 ) ) ;
#2191 = EDGE_LOOP ( 'NONE', ( #7186, #4459, #5054, #2334, #1249, #4344 ) ) ;
#2192 = EDGE_CURVE ( 'NONE', #126, #5530, #19, .T. ) ;
#2193 = VECTOR ( 'NONE', #2675, 1000.000000000000000 ) ;
#2194 = CARTESIAN_POINT ( 'NONE',  ( -4.722883736414965800, -0.2181894562934712500, -0.5723057027491413900 ) ) ;
#2195 = DIRECTION ( 'NONE',  ( 0.4194872498868746900, 0.8191520442889915800, -0.3911781889619011500 ) ) ;
#2196 = CARTESIAN_POINT ( 'NONE',  ( -2.240216019763925800, 2.668591327651332400, -2.941415339336148600 ) ) ;
#2197 = VERTEX_POINT ( 'NONE', #3386 ) ;
#2198 = CARTESIAN_POINT ( 'NONE',  ( -3.349681998360063900, 2.049999999999999800, -1.646370593169897500 ) ) ;
#2199 = CARTESIAN_POINT ( 'NONE',  ( -2.960538120790344100, 2.727773869612099700, -2.215262629689150200 ) ) ;
#2200 = VECTOR ( 'NONE', #65, 1000.000000000000000 ) ;
#2201 = EDGE_CURVE ( 'NONE', #3986, #6461, #4222, .T. ) ;
#2202 = DIRECTION ( 'NONE',  ( 0.6819983600624948100, 0.0000000000000000000, 0.7313537016191739000 ) ) ;
#2203 = ORIENTED_EDGE ( 'NONE', *, *, #7134, .F. ) ;
#2204 = CARTESIAN_POINT ( 'NONE',  ( 2.244416764451503600, 2.821010886272543600, 2.882944155865924800 ) ) ;
#2205 = LINE ( 'NONE', #2579, #2844 ) ;
#2206 = EDGE_CURVE ( 'NONE', #7025, #5352, #1114, .T. ) ;
#2207 = ORIENTED_EDGE ( 'NONE', *, *, #1659, .F. ) ;
#2208 = CARTESIAN_POINT ( 'NONE',  ( 1.952279252249062800, 3.115499834400321500, 3.082402709262722400 ) ) ;
#2209 = EDGE_CURVE ( 'NONE', #4200, #5833, #2568, .T. ) ;
#2210 = FACE_OUTER_BOUND ( 'NONE', #6203, .T. ) ;
#2211 = DIRECTION ( 'NONE',  ( 1.000000000000000000, 3.484935554417692700E-015, 0.0000000000000000000 ) ) ;
#2212 = CARTESIAN_POINT ( 'NONE',  ( 2.961530384091782600, 2.676768345514006300, 2.151479946702064900 ) ) ;
#2213 = B_SPLINE_CURVE_WITH_KNOTS ( 'NONE', 3,
 ( #7112, #1392, #2538, #3695, #3717, #6026, #157, #4922, #4229, #231 ),
 .UNSPECIFIED., .F., .F.,
 ( 4, 3, 3, 4 ),
 ( 0.0000000000000000000, 7.238517361861574800E-006, 1.445321714537747300E-005, 1.727978452460287600E-005 ),
 .UNSPECIFIED. ) ;
#2214 = CARTESIAN_POINT ( 'NONE',  ( 6.629269276938390300, 0.7675062156822948200, 4.339101388036923800 ) ) ;
#2215 = ORIENTED_EDGE ( 'NONE', *, *, #1093, .F. ) ;
#2216 = VERTEX_POINT ( 'NONE', #448 ) ;
#2217 = CARTESIAN_POINT ( 'NONE',  ( -1.630000000000001200, 4.500000000000000900, 0.6199999999999998800 ) ) ;
#2218 = FACE_OUTER_BOUND ( 'NONE', #3767, .T. ) ;
#2219 = EDGE_CURVE ( 'NONE', #3219, #1088, #2481, .T. ) ;
#2220 = CARTESIAN_POINT ( 'NONE',  ( -2.389727555434236500, 2.826718718802292400, -3.008767483558425000 ) ) ;
#2221 = CARTESIAN_POINT ( 'NONE',  ( -2.249999999999998700, -9.334880824091971600, 3.250000000000000900 ) ) ;
#2222 = ORIENTED_EDGE ( 'NONE', *, *, #1410, .T. ) ;
#2223 = DIRECTION ( 'NONE',  ( 1.142445755987358100E-016, -0.0000000000000000000, 1.000000000000000000 ) ) ;
#2224 = LINE ( 'NONE', #6018, #6679 ) ;
#2225 = CARTESIAN_POINT ( 'NONE',  ( 3.126864378450390900, 2.808464004020113400, 2.500145183063559700 ) ) ;
#2226 = CARTESIAN_POINT ( 'NONE',  ( 3.350000000000001400, 4.250000000000000900, 0.9700000000000004200 ) ) ;
#2227 = CARTESIAN_POINT ( 'NONE',  ( -3.500000000000001300, -2.287516853390374000, -1.500000000000000200 ) ) ;
#2228 = ORIENTED_EDGE ( 'NONE', *, *, #2086, .F. ) ;
#2229 = ORIENTED_EDGE ( 'NONE', *, *, #4308, .F. ) ;
#2230 = ORIENTED_EDGE ( 'NONE', *, *, #1279, .F. ) ;
#2231 = VECTOR ( 'NONE', #7124, 1000.000000000000000 ) ;
#2232 = CARTESIAN_POINT ( 'NONE',  ( 3.297915196885238900, 2.968592387169215500, 1.901110363132154200 ) ) ;
#2233 = ORIENTED_EDGE ( 'NONE', *, *, #4271, .F. ) ;
#2234 = DIRECTION ( 'NONE',  ( 1.000000000000000000, 0.0000000000000000000, 0.0000000000000000000 ) ) ;
#2235 = ORIENTED_EDGE ( 'NONE', *, *, #5756, .F. ) ;
#2236 = DIRECTION ( 'NONE',  ( 1.000000000000000000, 3.491481338843134500E-015, 0.0000000000000000000 ) ) ;
#2237 = ORIENTED_EDGE ( 'NONE', *, *, #1480, .F. ) ;
#2238 = CARTESIAN_POINT ( 'NONE',  ( 3.068537154132051600, 2.852292096261801500, 2.422594871552473400 ) ) ;
#2239 = EDGE_CURVE ( 'NONE', #378, #5277, #6447, .T. ) ;
#2240 = LINE ( 'NONE', #4491, #5435 ) ;
#2241 = ORIENTED_EDGE ( 'NONE', *, *, #1859, .T. ) ;
#2242 = CARTESIAN_POINT ( 'NONE',  ( -4.690887853798108700, -0.1025167453825044000, -0.3956758993577647600 ) ) ;
#2243 = EDGE_LOOP ( 'NONE', ( #6185, #5342, #5079, #3804 ) ) ;
#2244 = DIRECTION ( 'NONE',  ( 3.491481338843134100E-015, -1.000000000000000000, 0.0000000000000000000 ) ) ;
#2245 = VECTOR ( 'NONE', #5904, 1000.000000000000000 ) ;
#2246 = B_SPLINE_CURVE_WITH_KNOTS ( 'NONE', 3,
 ( #415, #489, #6843, #7422 ),
 .UNSPECIFIED., .F., .F.,
 ( 4, 4 ),
 ( 8.434269282995268300E-005, 0.0001469351865307567700 ),
 .UNSPECIFIED. ) ;
#2247 = LINE ( 'NONE', #7484, #7165 ) ;
#2248 = VERTEX_POINT ( 'NONE', #3990 ) ;
#2249 = ORIENTED_EDGE ( 'NONE', *, *, #3929, .T. ) ;
#2250 = CARTESIAN_POINT ( 'NONE',  ( 3.305711012045604100, 2.049999999999999800, 1.892473320425273500 ) ) ;
#2251 = DIRECTION ( 'NONE',  ( -0.0000000000000000000, 1.000000000000000000, 1.037514040655985100E-016 ) ) ;
#2252 = EDGE_LOOP ( 'NONE', ( #1778, #6656, #1610, #3658 ) ) ;
#2253 = CARTESIAN_POINT ( 'NONE',  ( 3.297915196885417900, 2.968592387169217300, 1.901110363132347800 ) ) ;
#2254 = ADVANCED_FACE ( 'NONE', ( #4311 ), #5119, .T. ) ;
#2255 = CIRCLE ( 'NONE', #5080, 0.5073896953895634700 ) ;
#2256 = CARTESIAN_POINT ( 'NONE',  ( -3.451981752369437800, 2.049999999999999800, -1.756073648412773700 ) ) ;
#2257 = CARTESIAN_POINT ( 'NONE',  ( 1.980000000000001300, 4.500000000000000900, -0.9699999999999999700 ) ) ;
#2258 = ORIENTED_EDGE ( 'NONE', *, *, #4221, .F. ) ;
#2259 = DIRECTION ( 'NONE',  ( 1.317318830548898700E-016, -0.0000000000000000000, 1.000000000000000000 ) ) ;
#2260 = CARTESIAN_POINT ( 'NONE',  ( 3.451981752369437800, 4.179999999999999700, 1.756073648412773700 ) ) ;
#2261 = DIRECTION ( 'NONE',  ( 0.0000000000000000000, 0.7933743027384437800, 0.6087341092417017900 ) ) ;
#2262 = EDGE_CURVE ( 'NONE', #607, #2779, #4037, .T. ) ;
#2263 = LINE ( 'NONE', #414, #4277 ) ;
#2264 = EDGE_CURVE ( 'NONE', #3631, #6061, #5932, .T. ) ;
#2265 = ORIENTED_EDGE ( 'NONE', *, *, #5493, .T. ) ;
#2266 = VERTEX_POINT ( 'NONE', #5760 ) ;
#2267 = CARTESIAN_POINT ( 'NONE',  ( -3.250000000000001800, 4.250000000000000900, -0.9700000000000004200 ) ) ;
#2268 = CARTESIAN_POINT ( 'NONE',  ( 3.350000000000001900, 8.131516293641283300E-017, 1.499999999999999800 ) ) ;
#2269 = LINE ( 'NONE', #4935, #642 ) ;
#2270 = VECTOR ( 'NONE', #4374, 1000.000000000000000 ) ;
#2271 = AXIS2_PLACEMENT_3D ( 'NONE', #4499, #1010, #2755 ) ;
#2272 = EDGE_CURVE ( 'NONE', #5352, #191, #4498, .T. ) ;
#2273 = CARTESIAN_POINT ( 'NONE',  ( 3.350000000000001400, -2.287516853390374000, 1.646074051843239100 ) ) ;
#2274 = ORIENTED_EDGE ( 'NONE', *, *, #4350, .F. ) ;
#2275 = CARTESIAN_POINT ( 'NONE',  ( 2.244232361989807200, 2.821351923169745900, 2.882567404943003000 ) ) ;
#2276 = CARTESIAN_POINT ( 'NONE',  ( -1.889939273222196700, 3.112002417255099700, -3.017712931272662000 ) ) ;
#2277 = CARTESIAN_POINT ( 'NONE',  ( 2.381838357983360000, 2.908393430778970900, 3.153126593546359000 ) ) ;
#2278 = LINE ( 'NONE', #5204, #1920 ) ;
#2279 = ORIENTED_EDGE ( 'NONE', *, *, #3291, .T. ) ;
#2280 = AXIS2_PLACEMENT_3D ( 'NONE', #1942, #3704, #4339 ) ;
#2281 = CARTESIAN_POINT ( 'NONE',  ( -2.452293344084210500, 2.857198929007403400, -3.035205217999510800 ) ) ;
#2282 = FACE_OUTER_BOUND ( 'NONE', #2252, .T. ) ;
#2283 = CARTESIAN_POINT ( 'NONE',  ( 1.995676850809587700, 4.179999999999999700, 2.909000819968754000 ) ) ;
#2284 = DIRECTION ( 'NONE',  ( 0.0000000000000000000, 1.000000000000000000, 0.0000000000000000000 ) ) ;
#2285 = CARTESIAN_POINT ( 'NONE',  ( 2.350000000000001900, -3.395982099313526600E-015, 1.149999999999999700 ) ) ;
#2286 = VERTEX_POINT ( 'NONE', #4677 ) ;
#2287 = CARTESIAN_POINT ( 'NONE',  ( 2.000000000000001800, -4.618000567908624400E-015, -1.500000000000000000 ) ) ;
#2288 = LINE ( 'NONE', #4925, #575 ) ;
#2289 = DIRECTION ( 'NONE',  ( 0.0000000000000000000, -1.000000000000000000, 0.0000000000000000000 ) ) ;
#2290 = CARTESIAN_POINT ( 'NONE',  ( -3.264617085130185900, 3.121430128103295200, -1.930825156977527000 ) ) ;
#2291 = DIRECTION ( 'NONE',  ( -0.8819238886962633700, -0.4698463103929562100, 0.03814051857259703100 ) ) ;
#2292 = ORIENTED_EDGE ( 'NONE', *, *, #1170, .T. ) ;
#2293 = CARTESIAN_POINT ( 'NONE',  ( 3.351579866966133600, 2.892833086965771500, 2.208734047442368500 ) ) ;
#2294 = B_SPLINE_CURVE_WITH_KNOTS ( 'NONE', 3,
 ( #5789, #1188, #660, #5241 ),
 .UNSPECIFIED., .F., .F.,
 ( 4, 4 ),
 ( 0.0000000000000000000, 1.194104605604310800E-006 ),
 .UNSPECIFIED. ) ;
#2295 = EDGE_CURVE ( 'NONE', #3362, #3706, #4129, .T. ) ;
#2296 = CIRCLE ( 'NONE', #1923, 0.3999999999999999700 ) ;
#2297 = CARTESIAN_POINT ( 'NONE',  ( 3.350000000000001400, 2.049999999999999800, 1.645639239468278400 ) ) ;
#2298 = DIRECTION ( 'NONE',  ( -5.042800802258159400E-016, -1.000000000000000000, 0.0000000000000000000 ) ) ;
#2299 = CARTESIAN_POINT ( 'NONE',  ( 1.884865984730721600, 3.111888015154471400, 3.012431989059857900 ) ) ;
#2300 = EDGE_LOOP ( 'NONE', ( #3763, #1873, #3020, #6803, #978, #141, #1286, #2163 ) ) ;
#2301 = CARTESIAN_POINT ( 'NONE',  ( 2.694243735863291400, 7.443088227883574900E-015, 2.889222679519825500 ) ) ;
#2302 = AXIS2_PLACEMENT_3D ( 'NONE', #5291, #4656, #4733 ) ;
#2303 = CARTESIAN_POINT ( 'NONE',  ( -3.500000000000001300, 4.179999999999999700, 0.9699999999999997500 ) ) ;
#2304 = FACE_OUTER_BOUND ( 'NONE', #329, .T. ) ;
#2305 = B_SPLINE_SURFACE_WITH_KNOTS ( 'NONE', 1, 3, ( 
 ( #4661, #6273, #2796, #6861, #3394, #5147 ),
 ( #7444, #486, #2825, #4001, #513, #5750 ) ),
 .UNSPECIFIED., .F., .F., .F.,
 ( 2, 2 ),
 ( 4, 2, 4 ),
 ( 0.0000000000000000000, 1.000000000000000000 ),
 ( 0.0000000000000000000, 0.5000000000000000000, 1.000000000000000000 ),
 .UNSPECIFIED. ) ;
#2306 = EDGE_CURVE ( 'NONE', #2324, #4056, #606, .T. ) ;
#2307 = DIRECTION ( 'NONE',  ( -0.0000000000000000000, 0.0000000000000000000, -1.000000000000000000 ) ) ;
#2308 = VERTEX_POINT ( 'NONE', #3632 ) ;
#2309 = PLANE ( 'NONE',  #6852 ) ;
#2310 = CARTESIAN_POINT ( 'NONE',  ( -2.988879130295389900, 2.672717240949518600, -2.189291157387829300 ) ) ;
#2311 = CARTESIAN_POINT ( 'NONE',  ( 1.980000000000001300, 4.500000000000000900, -0.6199999999999998800 ) ) ;
#2312 = CARTESIAN_POINT ( 'NONE',  ( 0.4220182304761942400, 0.5723196694795260600, -0.7459146971120795800 ) ) ;
#2313 = FACE_OUTER_BOUND ( 'NONE', #2445, .T. ) ;
#2314 = DIRECTION ( 'NONE',  ( 1.000000000000000000, 0.0000000000000000000, 0.0000000000000000000 ) ) ;
#2315 = AXIS2_PLACEMENT_3D ( 'NONE', #676, #6564, #5934 ) ;
#2316 = ORIENTED_EDGE ( 'NONE', *, *, #2173, .F. ) ;
#2317 = DIRECTION ( 'NONE',  ( 0.7313537016191739000, 0.0000000000000000000, -0.6819983600624948100 ) ) ;
#2318 = EDGE_CURVE ( 'NONE', #7428, #4083, #1179, .T. ) ;
#2319 = CARTESIAN_POINT ( 'NONE',  ( 3.042126436291191300, 2.818837373381005000, 2.354466227766381700 ) ) ;
#2320 = DIRECTION ( 'NONE',  ( -1.000000000000000000, 0.0000000000000000000, 0.0000000000000000000 ) ) ;
#2321 = VECTOR ( 'NONE', #2320, 1000.000000000000000 ) ;
#2322 = DIRECTION ( 'NONE',  ( -0.7313537016191695700, 0.0000000000000000000, 0.6819983600624994800 ) ) ;
#2323 = CARTESIAN_POINT ( 'NONE',  ( -2.475284316832580400, 2.901817111391474100, -3.093405641017891000 ) ) ;
#2324 = VERTEX_POINT ( 'NONE', #1308 ) ;
#2325 = CARTESIAN_POINT ( 'NONE',  ( -3.099999999999998800, 0.0000000000000000000, -1.879202823377632800 ) ) ;
#2326 = ORIENTED_EDGE ( 'NONE', *, *, #4590, .T. ) ;
#2327 = AXIS2_PLACEMENT_3D ( 'NONE', #6538, #758, #1388 ) ;
#2328 = CARTESIAN_POINT ( 'NONE',  ( -1.885713209975143900, 3.115927358760900700, -3.011543573973495000 ) ) ;
#2329 = CARTESIAN_POINT ( 'NONE',  ( 1.884879832924329900, 3.111888311053884900, 3.012446416116983300 ) ) ;
#2330 = CARTESIAN_POINT ( 'NONE',  ( -3.240149573045011200, 2.952156128891859900, -2.429256607303914400 ) ) ;
#2331 = LINE ( 'NONE', #944, #6792 ) ;
#2332 = DIRECTION ( 'NONE',  ( 0.0000000000000000000, 0.0000000000000000000, -1.000000000000000000 ) ) ;
#2333 = CARTESIAN_POINT ( 'NONE',  ( 3.500000000000001300, 0.1500000000000003800, 1.499999999999999800 ) ) ;
#2334 = ORIENTED_EDGE ( 'NONE', *, *, #3213, .T. ) ;
#2335 = VERTEX_POINT ( 'NONE', #7080 ) ;
#2336 = CLOSED_SHELL ( 'NONE', ( #3369, #3532, #3832, #5392, #5475, #6629, #1275, #3525, #4955, #1990, #2113, #3980, #2458, #4865, #7180, #2680, #1652, #3722, #128, #598, #4024, #5549, #6064, #809, #6430, #1195, #2864, #7288, #5768, #3502, #4793, #1267, #6599, #5211, #6905, #3641, #2035, #5958, #459, #6721, #6946, #2106, #315, #5507, #7216, #7473, #3188, #2374, #893, #1115, #5912, #1878, #3458, #2600, #3651, #4248, #6002, #1489, #6471, #4712, #1082, #3797, #5276, #3136, #1482, #238, #6676, #2992, #589, #1304, #1230, #2556, #1383, #87, #7019, #6110, #3714, #6289, #4898, #5922, #5736, #1311, #846, #2533 ) ) ;
#2337 = DIRECTION ( 'NONE',  ( 0.7313537016191739000, 0.0000000000000000000, -0.6819983600624948100 ) ) ;
#2338 =( NAMED_UNIT ( * ) PLANE_ANGLE_UNIT ( ) SI_UNIT ( $, .RADIAN. ) );
#2339 = DIRECTION ( 'NONE',  ( -0.7313537016191741200, 0.0000000000000000000, 0.6819983600624944800 ) ) ;
#2340 = CARTESIAN_POINT ( 'NONE',  ( -3.500000000000001300, 0.1500000000000012700, -1.499999999999999800 ) ) ;
#2341 = ORIENTED_EDGE ( 'NONE', *, *, #4137, .F. ) ;
#2342 = FACE_OUTER_BOUND ( 'NONE', #1533, .T. ) ;
#2343 = DIRECTION ( 'NONE',  ( -0.4701884262107515800, -0.8825660563705453000, -2.891205793294679800E-015 ) ) ;
#2344 = ORIENTED_EDGE ( 'NONE', *, *, #3486, .F. ) ;
#2345 = ORIENTED_EDGE ( 'NONE', *, *, #4389, .T. ) ;
#2346 = ORIENTED_EDGE ( 'NONE', *, *, #1138, .F. ) ;
#2347 = VERTEX_POINT ( 'NONE', #4198 ) ;
#2348 = EDGE_CURVE ( 'NONE', #6492, #6906, #3732, .T. ) ;
#2349 = CARTESIAN_POINT ( 'NONE',  ( -2.249999999999998700, 4.500000000000000000, 2.150000000000000800 ) ) ;
#2350 = DIRECTION ( 'NONE',  ( -0.0000000000000000000, 1.000000000000000000, 1.037514040655985100E-016 ) ) ;
#2351 = CYLINDRICAL_SURFACE ( 'NONE', #1944, 0.2500000000000002200 ) ;
#2352 = CARTESIAN_POINT ( 'NONE',  ( 2.960037396819625400, 2.728184629177832700, 2.214819181503241600 ) ) ;
#2353 = B_SPLINE_SURFACE_WITH_KNOTS ( 'NONE', 1, 3, ( 
 ( #3313, #6702, #6810, #1514, #1467, #2665 ),
 ( #3820, #4386, #2692, #4406, #3260, #5001 ) ),
 .UNSPECIFIED., .F., .F., .F.,
 ( 2, 2 ),
 ( 4, 2, 4 ),
 ( 0.0000000000000000000, 1.000000000000000000 ),
 ( 0.0000000000000000000, 0.5000000000000000000, 1.000000000000000000 ),
 .UNSPECIFIED. ) ;
#2354 = ORIENTED_EDGE ( 'NONE', *, *, #2708, .F. ) ;
#2355 = CARTESIAN_POINT ( 'NONE',  ( -2.934551745084342100, 2.779257183761112400, -2.238584936211194300 ) ) ;
#2356 = CIRCLE ( 'NONE', #6173, 0.2500000000000002200 ) ;
#2357 = DIRECTION ( 'NONE',  ( -1.000000000000000000, 0.0000000000000000000, -0.0000000000000000000 ) ) ;
#2358 = EDGE_CURVE ( 'NONE', #4567, #7169, #6652, .T. ) ;
#2359 = PLANE ( 'NONE',  #4197 ) ;
#2360 = ORIENTED_EDGE ( 'NONE', *, *, #4869, .T. ) ;
#2361 = CARTESIAN_POINT ( 'NONE',  ( -2.882625588524312400, 2.649999999999999900, -3.302704918041372600 ) ) ;
#2362 = CARTESIAN_POINT ( 'NONE',  ( -2.410595800713951900, 2.833482762561229800, -3.020722852770325200 ) ) ;
#2363 = VECTOR ( 'NONE', #470, 1000.000000000000000 ) ;
#2364 = PLANE ( 'NONE',  #671 ) ;
#2365 = APPLICATION_CONTEXT ( 'automotive_design' ) ;
#2366 = AXIS2_PLACEMENT_3D ( 'NONE', #2685, #6827, #6778 ) ;
#2367 = DIRECTION ( 'NONE',  ( -0.8819238886962635900, 0.4698463103929562100, 0.03814051857259667700 ) ) ;
#2368 = ORIENTED_EDGE ( 'NONE', *, *, #3694, .T. ) ;
#2369 = B_SPLINE_CURVE_WITH_KNOTS ( 'NONE', 3,
 ( #1523, #2724, #1553, #999, #7415, #4539 ),
 .UNSPECIFIED., .F., .F.,
 ( 4, 2, 4 ),
 ( 0.0000000000000000000, 0.4999999999999975000, 0.9773609842919626100 ),
 .UNSPECIFIED. ) ;
#2370 = EDGE_CURVE ( 'NONE', #221, #1666, #6205, .T. ) ;
#2371 = FACE_OUTER_BOUND ( 'NONE', #2888, .T. ) ;
#2372 = DIRECTION ( 'NONE',  ( 0.8819238886962634800, 0.4698463103929560500, -0.03814051857259704400 ) ) ;
#2373 = FACE_OUTER_BOUND ( 'NONE', #5409, .T. ) ;
#2374 = ADVANCED_FACE ( 'NONE', ( #3491 ), #3119, .T. ) ;
#2375 = DIRECTION ( 'NONE',  ( 0.5990898797796667700, 0.5735764363510467100, -0.5586603508469330000 ) ) ;
#2376 = DIRECTION ( 'NONE',  ( -0.0000000000000000000, 1.000000000000000000, 0.0000000000000000000 ) ) ;
#2377 = ORIENTED_EDGE ( 'NONE', *, *, #2966, .F. ) ;
#2378 = CARTESIAN_POINT ( 'NONE',  ( -1.951311994575739100, 3.115628382646608200, -3.081367214164779000 ) ) ;
#2379 = CARTESIAN_POINT ( 'NONE',  ( -2.929616893446497000, 2.793935481777743300, -2.243186759826584400 ) ) ;
#2380 = CIRCLE ( 'NONE', #7372, 0.3500000000000000300 ) ;
#2381 = CARTESIAN_POINT ( 'NONE',  ( 2.452293344084210500, 2.857198929007403400, 3.035205217999510800 ) ) ;
#2382 = ADVANCED_FACE ( 'NONE', ( #3941 ), #7157, .F. ) ;
#2383 = ORIENTED_EDGE ( 'NONE', *, *, #2718, .F. ) ;
#2384 = CARTESIAN_POINT ( 'NONE',  ( -3.126864378450390900, 2.808464004020113400, -2.500145183063559700 ) ) ;
#2385 = CARTESIAN_POINT ( 'NONE',  ( 1.939411187542752900, 3.114129320860119100, 3.068681605769260700 ) ) ;
#2386 = CARTESIAN_POINT ( 'NONE',  ( 3.166843572955273100, 3.126035741999273500, 1.816870183185518700 ) ) ;
#2387 = VECTOR ( 'NONE', #2121, 1000.000000000000000 ) ;
#2388 = EDGE_CURVE ( 'NONE', #4365, #6330, #6159, .T. ) ;
#2389 = DIRECTION ( 'NONE',  ( -1.000000000000000000, 0.0000000000000000000, 1.330309414092644500E-016 ) ) ;
#2390 = B_SPLINE_SURFACE_WITH_KNOTS ( 'NONE', 1, 3, ( 
 ( #4449, #955, #6260, #7300, #6748, #1534 ),
 ( #2682, #2176, #6774, #1587, #2710, #3835 ) ),
 .UNSPECIFIED., .F., .F., .F.,
 ( 2, 2 ),
 ( 4, 2, 4 ),
 ( 0.0000000000000000000, 1.000000000000000000 ),
 ( 0.0000000000000000000, 0.5000000000000000000, 1.000000000000000000 ),
 .UNSPECIFIED. ) ;
#2391 = ORIENTED_EDGE ( 'NONE', *, *, #2209, .T. ) ;
#2392 = EDGE_CURVE ( 'NONE', #6170, #1280, #7018, .T. ) ;
#2393 = DIRECTION ( 'NONE',  ( -0.8819238886962634800, 0.4698463103929560500, 0.03814051857259704400 ) ) ;
#2394 = CARTESIAN_POINT ( 'NONE',  ( 2.944366239321521300, 2.814792757137742500, 2.229460816388468400 ) ) ;
#2395 = ORIENTED_EDGE ( 'NONE', *, *, #2109, .T. ) ;
#2396 = CIRCLE ( 'NONE', #3140, 0.0009999999999999158900 ) ;
#2397 = CARTESIAN_POINT ( 'NONE',  ( 1.630000000000001200, 4.500000000000000900, -3.397182120936205900 ) ) ;
#2398 = CARTESIAN_POINT ( 'NONE',  ( -2.196368124876764100, 2.680542461124566100, -2.928319625870816600 ) ) ;
#2399 = AXIS2_PLACEMENT_3D ( 'NONE', #2273, #5192, #1110 ) ;
#2400 = CARTESIAN_POINT ( 'NONE',  ( 1.957476183979601500, 2.954628910751111900, 3.151089964714125300 ) ) ;
#2401 = CARTESIAN_POINT ( 'NONE',  ( -2.944294750045206100, 2.815021492899146600, -2.229499437116123400 ) ) ;
#2402 = B_SPLINE_CURVE_WITH_KNOTS ( 'NONE', 3,
 ( #1893, #1327, #5407, #1281 ),
 .UNSPECIFIED., .F., .F.,
 ( 4, 4 ),
 ( 8.269894283240230300E-006, 0.0002062151449344152600 ),
 .UNSPECIFIED. ) ;
#2403 = EDGE_CURVE ( 'NONE', #7162, #7218, #5837, .T. ) ;
#2404 = ORIENTED_EDGE ( 'NONE', *, *, #4813, .F. ) ;
#2405 = EDGE_LOOP ( 'NONE', ( #2443, #6323, #1728, #535 ) ) ;
#2406 = LINE ( 'NONE', #4342, #3328 ) ;
#2407 = CARTESIAN_POINT ( 'NONE',  ( 3.115627463757039800, 2.874694887060713200, 2.544604762110531200 ) ) ;
#2408 = CARTESIAN_POINT ( 'NONE',  ( 3.257978894968082800, 3.114639170785713100, 1.937131600807624300 ) ) ;
#2409 = ORIENTED_EDGE ( 'NONE', *, *, #7416, .T. ) ;
#2410 = CARTESIAN_POINT ( 'NONE',  ( -2.964469397867387700, 2.649999999999999900, -2.210686273664426200 ) ) ;
#2411 = AXIS2_PLACEMENT_3D ( 'NONE', #1937, #6438, #2420 ) ;
#2412 = CARTESIAN_POINT ( 'NONE',  ( 3.232577655931763200, 3.121764274572729600, 2.277206664225243300 ) ) ;
#2413 = FACE_OUTER_BOUND ( 'NONE', #6417, .T. ) ;
#2414 = EDGE_CURVE ( 'NONE', #5032, #3426, #933, .T. ) ;
#2415 = CARTESIAN_POINT ( 'NONE',  ( 2.593388065980804400, 2.649999999999999900, 2.556725213832716100 ) ) ;
#2416 =( NAMED_UNIT ( * ) SI_UNIT ( $, .STERADIAN. ) SOLID_ANGLE_UNIT ( ) );
#2417 = VERTEX_POINT ( 'NONE', #6560 ) ;
#2418 = CARTESIAN_POINT ( 'NONE',  ( -2.250225952649493900, 2.687428788633831300, -2.930611974635291900 ) ) ;
#2419 = EDGE_LOOP ( 'NONE', ( #4362, #6235, #558, #7016, #2900 ) ) ;
#2420 = DIRECTION ( 'NONE',  ( -0.7313537016191735700, 0.0000000000000000000, 0.6819983600624953700 ) ) ;
#2421 = ADVANCED_FACE ( 'NONE', ( #4123 ), #3143, .F. ) ;
#2422 = EDGE_LOOP ( 'NONE', ( #6594, #2863, #4181, #6515, #4906, #1953, #4850, #1630, #1687 ) ) ;
#2423 = VECTOR ( 'NONE', #169, 1000.000000000000000 ) ;
#2424 = PLANE ( 'NONE',  #559 ) ;
#2425 = AXIS2_PLACEMENT_3D ( 'NONE', #4893, #4357, #213 ) ;
#2426 = CARTESIAN_POINT ( 'NONE',  ( 2.435858454722214600, 2.786910444923617300, 3.130170852219791700 ) ) ;
#2427 = ORIENTED_EDGE ( 'NONE', *, *, #7524, .T. ) ;
#2428 = EDGE_CURVE ( 'NONE', #4534, #2069, #753, .T. ) ;
#2429 = CARTESIAN_POINT ( 'NONE',  ( 3.068537154132051600, 2.852292096261801500, 2.422594871552473400 ) ) ;
#2430 = CARTESIAN_POINT ( 'NONE',  ( -2.964469397867387300, 2.650000000000000400, -2.210686273664426200 ) ) ;
#2431 = EDGE_LOOP ( 'NONE', ( #5214, #7071, #3353, #6785, #1672, #210 ) ) ;
#2432 = CARTESIAN_POINT ( 'NONE',  ( -2.940563143061917900, 2.810998521237315200, -2.232979216923575800 ) ) ;
#2433 = B_SPLINE_SURFACE_WITH_KNOTS ( 'NONE', 1, 3, ( 
 ( #2253, #3440, #5836, #7036, #101, #2386 ),
 ( #1769, #1290, #5886, #2408, #6512, #5309 ) ),
 .UNSPECIFIED., .F., .F., .F.,
 ( 2, 2 ),
 ( 4, 2, 4 ),
 ( 0.0000000000000000000, 1.000000000000000000 ),
 ( 0.0000000000000000000, 0.5000000000000000000, 1.000000000000000000 ),
 .UNSPECIFIED. ) ;
#2434 = DIRECTION ( 'NONE',  ( -1.000000000000000000, 0.0000000000000000000, 0.0000000000000000000 ) ) ;
#2435 = ORIENTED_EDGE ( 'NONE', *, *, #3427, .T. ) ;
#2436 = ORIENTED_EDGE ( 'NONE', *, *, #1803, .F. ) ;
#2437 = CARTESIAN_POINT ( 'NONE',  ( -3.349000000000001100, 4.179999999999999700, -1.645639239468278400 ) ) ;
#2438 = DIRECTION ( 'NONE',  ( 0.0000000000000000000, -1.000000000000000000, -1.037514040655985100E-016 ) ) ;
#2439 = ORIENTED_EDGE ( 'NONE', *, *, #3486, .T. ) ;
#2440 = CARTESIAN_POINT ( 'NONE',  ( 2.388465401156709200, 2.759195778354287800, 2.889421466279356000 ) ) ;
#2441 = CARTESIAN_POINT ( 'NONE',  ( 2.320886441921326900, 2.931956073642799900, 3.159011432801475100 ) ) ;
#2442 = FACE_OUTER_BOUND ( 'NONE', #4834, .T. ) ;
#2443 = ORIENTED_EDGE ( 'NONE', *, *, #2804, .F. ) ;
#2444 = EDGE_CURVE ( 'NONE', #5967, #6317, #7384, .T. ) ;
#2445 = EDGE_LOOP ( 'NONE', ( #7330, #4794, #7077, #4604 ) ) ;
#2446 = CARTESIAN_POINT ( 'NONE',  ( 1.629999999999998600, -9.334880824091971600, -3.249999999999999600 ) ) ;
#2447 = ORIENTED_EDGE ( 'NONE', *, *, #5062, .F. ) ;
#2448 = ADVANCED_FACE ( 'NONE', ( #2747 ), #2928, .F. ) ;
#2449 = EDGE_CURVE ( 'NONE', #1476, #3264, #4314, .T. ) ;
#2450 = ORIENTED_EDGE ( 'NONE', *, *, #6352, .F. ) ;
#2451 = DIRECTION ( 'NONE',  ( 0.0000000000000000000, 0.0000000000000000000, 1.000000000000000000 ) ) ;
#2452 = DIRECTION ( 'NONE',  ( 1.000000000000000000, 0.0000000000000000000, 0.0000000000000000000 ) ) ;
#2453 = CIRCLE ( 'NONE', #1068, 0.1000000000000002600 ) ;
#2454 = CARTESIAN_POINT ( 'NONE',  ( -2.936726775496796300, 2.806764585908470900, -2.236556687565634400 ) ) ;
#2455 = B_SPLINE_CURVE_WITH_KNOTS ( 'NONE', 3,
 ( #7276, #2599, #5558, #905 ),
 .UNSPECIFIED., .F., .F.,
 ( 4, 4 ),
 ( 0.0003956030104721320200, 0.0004462076537733759900 ),
 .UNSPECIFIED. ) ;
#2456 = CARTESIAN_POINT ( 'NONE',  ( 3.349999999999999600, 0.1035533905932743000, -1.646074051843217300 ) ) ;
#2458 = ADVANCED_FACE ( 'NONE', ( #5300 ), #3849, .F. ) ;
#2457 = ORIENTED_EDGE ( 'NONE', *, *, #625, .F. ) ;
#2459 = CARTESIAN_POINT ( 'NONE',  ( -2.484598686415511600, 2.786910444923660800, -3.084719850863948000 ) ) ;
#2460 = CARTESIAN_POINT ( 'NONE',  ( 3.100000000000001900, 2.649999999999999900, 3.100000000000000500 ) ) ;
#2461 = EDGE_CURVE ( 'NONE', #178, #1522, #6636, .T. ) ;
#2462 = DIRECTION ( 'NONE',  ( -0.7313537016191741200, 0.0000000000000000000, 0.6819983600624944800 ) ) ;
#2463 = FACE_OUTER_BOUND ( 'NONE', #1931, .T. ) ;
#2464 = DIRECTION ( 'NONE',  ( 0.0000000000000000000, 1.000000000000000000, 0.0000000000000000000 ) ) ;
#2465 = ORIENTED_EDGE ( 'NONE', *, *, #1775, .T. ) ;
#2466 = DIRECTION ( 'NONE',  ( 0.0000000000000000000, 1.000000000000000000, 0.0000000000000000000 ) ) ;
#2467 = VECTOR ( 'NONE', #504, 1000.000000000000000 ) ;
#2468 = LINE ( 'NONE', #5793, #3292 ) ;
#2469 = CARTESIAN_POINT ( 'NONE',  ( 3.233093868170667600, 2.952156128891860300, 2.435836158542573400 ) ) ;
#2470 = CARTESIAN_POINT ( 'NONE',  ( -3.233085436485109400, 3.126235041206966200, -1.887905884928646300 ) ) ;
#2471 = EDGE_CURVE ( 'NONE', #221, #3065, #2561, .T. ) ;
#2472 = ORIENTED_EDGE ( 'NONE', *, *, #6328, .T. ) ;
#2473 = CARTESIAN_POINT ( 'NONE',  ( 2.944767834503924800, 2.814225062837274000, 2.229606299491525800 ) ) ;
#2474 = LINE ( 'NONE', #6062, #208 ) ;
#2475 = DIRECTION ( 'NONE',  ( 0.0000000000000000000, 1.037514040655985100E-016, 1.000000000000000000 ) ) ;
#2476 = CARTESIAN_POINT ( 'NONE',  ( 3.350000000000001400, 4.179999999999999700, 1.645639239468278400 ) ) ;
#2477 = CARTESIAN_POINT ( 'NONE',  ( 2.452293344084210500, 2.857198929007403400, 3.035205217999510800 ) ) ;
#2478 = PLANE ( 'NONE',  #30 ) ;
#2479 = ORIENTED_EDGE ( 'NONE', *, *, #645, .F. ) ;
#2480 = DIRECTION ( 'NONE',  ( -0.7313537016191697900, -0.0000000000000000000, -0.6819983600624991400 ) ) ;
#2481 = LINE ( 'NONE', #6828, #6214 ) ;
#2482 = DIRECTION ( 'NONE',  ( 1.000000000000000000, 0.0000000000000000000, 0.0000000000000000000 ) ) ;
#2483 = ORIENTED_EDGE ( 'NONE', *, *, #6942, .F. ) ;
#2484 = DIRECTION ( 'NONE',  ( 0.0000000000000000000, -1.037514040655985100E-016, -1.000000000000000000 ) ) ;
#2485 = DIRECTION ( 'NONE',  ( 1.000000000000000000, -3.491481338843133000E-015, 0.0000000000000000000 ) ) ;
#2486 = CARTESIAN_POINT ( 'NONE',  ( 3.200774347252102200, 3.128729350752261300, 1.853256483848353000 ) ) ;
#2487 = ORIENTED_EDGE ( 'NONE', *, *, #3917, .T. ) ;
#2488 = ADVANCED_FACE ( 'NONE', ( #4670 ), #2624, .F. ) ;
#2489 = LINE ( 'NONE', #7062, #4867 ) ;
#2490 = AXIS2_PLACEMENT_3D ( 'NONE', #4786, #1293, #5491 ) ;
#2491 = ORIENTED_EDGE ( 'NONE', *, *, #5525, .F. ) ;
#2492 = DIRECTION ( 'NONE',  ( -0.0000000000000000000, -1.037514040655985100E-016, 1.000000000000000000 ) ) ;
#2493 = CARTESIAN_POINT ( 'NONE',  ( 1.630000000000001200, 4.350000000000000500, 0.6200000000000007700 ) ) ;
#2494 = EDGE_CURVE ( 'NONE', #4718, #3092, #5397, .T. ) ;
#2495 = CARTESIAN_POINT ( 'NONE',  ( -3.233595819263019000, 3.126170534951414800, -1.888453203449811800 ) ) ;
#2496 = ADVANCED_FACE ( 'NONE', ( #2117 ), #340, .T. ) ;
#2497 = VECTOR ( 'NONE', #6819, 1000.000000000000000 ) ;
#2498 = EDGE_CURVE ( 'NONE', #297, #5090, #4306, .T. ) ;
#2499 = ORIENTED_EDGE ( 'NONE', *, *, #881, .F. ) ;
#2500 = CARTESIAN_POINT ( 'NONE',  ( 2.097976604818962100, 4.179999999999999700, 3.018703875211630600 ) ) ;
#2501 = CARTESIAN_POINT ( 'NONE',  ( -3.166843572955270400, 2.049999999999999800, -1.816870183185520700 ) ) ;
#2502 = DIRECTION ( 'NONE',  ( 0.0000000000000000000, 1.000000000000000000, 0.0000000000000000000 ) ) ;
#2503 = AXIS2_PLACEMENT_3D ( 'NONE', #1921, #5988, #6582 ) ;
#2504 = FACE_OUTER_BOUND ( 'NONE', #3924, .T. ) ;
#2505 = CARTESIAN_POINT ( 'NONE',  ( 3.235138415984457600, 3.126108373487913800, 1.890107435906069000 ) ) ;
#2506 = CARTESIAN_POINT ( 'NONE',  ( -1.990600553671505700, 3.113767388524065500, -3.118833662796521200 ) ) ;
#2507 = B_SPLINE_CURVE_WITH_KNOTS ( 'NONE', 3,
 ( #1287, #3585, #3638, #755, #4838, #5335, #5412, #5990, #4755, #2512 ),
 .UNSPECIFIED., .F., .F.,
 ( 4, 3, 3, 4 ),
 ( 0.0000000000000000000, 7.188723494663207500E-006, 1.438694831785582900E-005, 1.534455849468183800E-005 ),
 .UNSPECIFIED. ) ;
#2508 = EDGE_CURVE ( 'NONE', #7438, #3629, #1024, .T. ) ;
#2509 = EDGE_LOOP ( 'NONE', ( #912, #6879, #5205 ) ) ;
#2510 = CARTESIAN_POINT ( 'NONE',  ( 3.349999999999999600, 0.2500000000000002200, -1.646074051843217100 ) ) ;
#2511 = ORIENTED_EDGE ( 'NONE', *, *, #1289, .F. ) ;
#2512 = CARTESIAN_POINT ( 'NONE',  ( 1.992100384059741500, 3.111051561387353300, 3.117450666038447300 ) ) ;
#2513 = FACE_OUTER_BOUND ( 'NONE', #952, .T. ) ;
#2514 = CARTESIAN_POINT ( 'NONE',  ( 1.993466470255342600, 3.109422787685936800, 3.116189812499612800 ) ) ;
#2515 = DIRECTION ( 'NONE',  ( -3.491481338843134100E-015, -1.000000000000000000, 0.0000000000000000000 ) ) ;
#2516 = PLANE ( 'NONE',  #7130 ) ;
#2517 = VERTEX_POINT ( 'NONE', #3780 ) ;
#2518 = ORIENTED_EDGE ( 'NONE', *, *, #4027, .T. ) ;
#2519 = EDGE_CURVE ( 'NONE', #1710, #7231, #3120, .T. ) ;
#2520 = CARTESIAN_POINT ( 'NONE',  ( -1.988273549576085700, -2.287516853390374000, -3.121003629221004600 ) ) ;
#2521 = FACE_OUTER_BOUND ( 'NONE', #1157, .T. ) ;
#2522 = ORIENTED_EDGE ( 'NONE', *, *, #2461, .T. ) ;
#2523 = CARTESIAN_POINT ( 'NONE',  ( 3.349999999999999600, 2.049999999999999800, -1.646074051843217100 ) ) ;
#2524 = AXIS2_PLACEMENT_3D ( 'NONE', #3826, #6007, #3064 ) ;
#2525 = ADVANCED_FACE ( 'NONE', ( #5048 ), #5042, .F. ) ;
#2526 = ORIENTED_EDGE ( 'NONE', *, *, #3748, .F. ) ;
#2527 = FACE_OUTER_BOUND ( 'NONE', #1228, .T. ) ;
#2528 = VERTEX_POINT ( 'NONE', #4461 ) ;
#2529 = ORIENTED_EDGE ( 'NONE', *, *, #4930, .T. ) ;
#2530 = VERTEX_POINT ( 'NONE', #1015 ) ;
#2531 = ORIENTED_EDGE ( 'NONE', *, *, #5237, .F. ) ;
#2532 = ORIENTED_EDGE ( 'NONE', *, *, #941, .T. ) ;
#2533 = ADVANCED_FACE ( 'NONE', ( #6838 ), #3208, .T. ) ;
#2534 = VECTOR ( 'NONE', #1461, 1000.000000000000100 ) ;
#2535 = CARTESIAN_POINT ( 'NONE',  ( -1.980000000000001300, 4.179999999999999700, -0.6200000000000003300 ) ) ;
#2536 = ORIENTED_EDGE ( 'NONE', *, *, #1577, .F. ) ;
#2537 = FACE_OUTER_BOUND ( 'NONE', #6464, .T. ) ;
#2538 = CARTESIAN_POINT ( 'NONE',  ( -3.266793828328013600, 3.125345331976394200, -1.928764181351915600 ) ) ;
#2539 = DIRECTION ( 'NONE',  ( 0.7313537016191739000, 0.0000000000000000000, -0.6819983600624948100 ) ) ;
#2540 = CARTESIAN_POINT ( 'NONE',  ( 3.201181958817635600, 3.123435284724545000, 1.852646472596684900 ) ) ;
#2541 = VERTEX_POINT ( 'NONE', #1883 ) ;
#2542 = DIRECTION ( 'NONE',  ( -0.8900779411759872600, 0.4558083573519859400, 0.0000000000000000000 ) ) ;
#2543 = LINE ( 'NONE', #5229, #2363 ) ;
#2544 = EDGE_CURVE ( 'NONE', #4142, #250, #1332, .T. ) ;
#2545 = ORIENTED_EDGE ( 'NONE', *, *, #3727, .F. ) ;
#2546 = FACE_OUTER_BOUND ( 'NONE', #2419, .T. ) ;
#2547 = B_SPLINE_CURVE_WITH_KNOTS ( 'NONE', 3,
 ( #1395, #1984, #1936, #4950 ),
 .UNSPECIFIED., .F., .F.,
 ( 4, 4 ),
 ( 0.0000000000000000000, 0.4385519072277472300 ),
 .UNSPECIFIED. ) ;
#2548 = FACE_OUTER_BOUND ( 'NONE', #4354, .T. ) ;
#2549 = PLANE ( 'NONE',  #3579 ) ;
#2550 = AXIS2_PLACEMENT_3D ( 'NONE', #7163, #1985, #817 ) ;
#2551 = VERTEX_POINT ( 'NONE', #5374 ) ;
#2552 = CARTESIAN_POINT ( 'NONE',  ( 1.957476183979601500, 2.954628910751111900, 3.151089964714125300 ) ) ;
#2553 = EDGE_CURVE ( 'NONE', #174, #2266, #838, .T. ) ;
#2554 = CARTESIAN_POINT ( 'NONE',  ( 4.597907219022705900, 1.461878182136606500, 6.833793610563872400 ) ) ;
#2555 = FACE_OUTER_BOUND ( 'NONE', #6174, .T. ) ;
#2556 = ADVANCED_FACE ( 'NONE', ( #2023 ), #3309, .F. ) ;
#2557 = DIRECTION ( 'NONE',  ( -1.000000000000000000, -3.491481338843133000E-015, 0.0000000000000000000 ) ) ;
#2558 = CARTESIAN_POINT ( 'NONE',  ( -3.222395397200331000, 3.124483231342364500, -1.876361892742621100 ) ) ;
#2559 = VERTEX_POINT ( 'NONE', #3648 ) ;
#2560 = CARTESIAN_POINT ( 'NONE',  ( 1.976349284518025100, 3.120211974908661200, 3.108216420482696300 ) ) ;
#2561 = LINE ( 'NONE', #2678, #1199 ) ;
#2562 = DIRECTION ( 'NONE',  ( -0.7313537016191747900, 0.0000000000000000000, 0.6819983600624940400 ) ) ;
#2563 = CARTESIAN_POINT ( 'NONE',  ( -1.980000000000001300, 4.350000000000000500, -0.6200000000000003300 ) ) ;
#2564 = CARTESIAN_POINT ( 'NONE',  ( 3.234616239897258000, 3.126035741999281500, 1.889547470609032500 ) ) ;
#2565 = ADVANCED_FACE ( 'NONE', ( #4949 ), #24, .T. ) ;
#2566 = EDGE_CURVE ( 'NONE', #1221, #7331, #1836, .T. ) ;
#2567 = EDGE_LOOP ( 'NONE', ( #5064, #7041, #7534, #5715 ) ) ;
#2568 = CIRCLE ( 'NONE', #4655, 0.1000000000000002600 ) ;
#2569 = CARTESIAN_POINT ( 'NONE',  ( 3.237205752329687800, 3.126400445091491100, 1.892324382715790300 ) ) ;
#2570 = AXIS2_PLACEMENT_3D ( 'NONE', #7123, #1915, #4829 ) ;
#2571 = ORIENTED_EDGE ( 'NONE', *, *, #916, .T. ) ;
#2572 = DIRECTION ( 'NONE',  ( 0.7313537016191695700, 0.0000000000000000000, -0.6819983600624994800 ) ) ;
#2573 = LINE ( 'NONE', #4249, #304 ) ;
#2574 = CARTESIAN_POINT ( 'NONE',  ( -3.166436587511471500, 3.129844404920930900, -1.816433744730155700 ) ) ;
#2575 = DIRECTION ( 'NONE',  ( 0.4701050976991864000, -0.7660444431189812300, -0.4383800956747107600 ) ) ;
#2576 = EDGE_CURVE ( 'NONE', #216, #6151, #6755, .T. ) ;
#2577 = CARTESIAN_POINT ( 'NONE',  ( -2.000000000000001800, -4.634964287375531500E-015, 1.500000000000000000 ) ) ;
#2578 = ORIENTED_EDGE ( 'NONE', *, *, #6771, .T. ) ;
#2579 = CARTESIAN_POINT ( 'NONE',  ( -2.409338161078493400E-016, 0.1499999999999883900, -1.499999999999999800 ) ) ;
#2580 = VERTEX_POINT ( 'NONE', #2493 ) ;
#2581 = VECTOR ( 'NONE', #6191, 1000.000000000000000 ) ;
#2582 = CARTESIAN_POINT ( 'NONE',  ( 3.278378958632869100, 2.830676121061022500, 2.393607128509462900 ) ) ;
#2583 = CARTESIAN_POINT ( 'NONE',  ( -2.944366239321521300, 2.814792757137742500, -2.229460816388468400 ) ) ;
#2584 = CARTESIAN_POINT ( 'NONE',  ( -2.519073134182603400, 2.650000000000000800, -3.221007155642457300 ) ) ;
#2585 = CARTESIAN_POINT ( 'NONE',  ( 3.246510930170970700, 3.127884818564486300, 1.902302964273998600 ) ) ;
#2586 = EDGE_CURVE ( 'NONE', #2347, #7421, #6460, .T. ) ;
#2587 = ORIENTED_EDGE ( 'NONE', *, *, #2264, .T. ) ;
#2588 = VECTOR ( 'NONE', #5881, 1000.000000000000000 ) ;
#2589 = ORIENTED_EDGE ( 'NONE', *, *, #1809, .F. ) ;
#2590 = ORIENTED_EDGE ( 'NONE', *, *, #5946, .F. ) ;
#2591 = CARTESIAN_POINT ( 'NONE',  ( 2.235797024896118800, 2.829315158102583300, 3.219045891542840800 ) ) ;
#2592 = CARTESIAN_POINT ( 'NONE',  ( -2.910194832042081200, 2.815021492899146200, -2.192931752035163700 ) ) ;
#2593 = ORIENTED_EDGE ( 'NONE', *, *, #6639, .F. ) ;
#2594 = CARTESIAN_POINT ( 'NONE',  ( 2.014847251670236700, 3.084349050387090500, 3.096876851891895200 ) ) ;
#2595 = CARTESIAN_POINT ( 'NONE',  ( -1.884314040572206500, 3.111876284795210200, -3.011856924079910200 ) ) ;
#2596 = VECTOR ( 'NONE', #4215, 1000.000000000000000 ) ;
#2597 = B_SPLINE_CURVE_WITH_KNOTS ( 'NONE', 3,
 ( #2645, #2622, #5009, #6081 ),
 .UNSPECIFIED., .F., .F.,
 ( 4, 4 ),
 ( 0.0000000000000000000, 0.0001914018442236718200 ),
 .UNSPECIFIED. ) ;
#2598 = EDGE_CURVE ( 'NONE', #5003, #6025, #6688, .T. ) ;
#2599 = CARTESIAN_POINT ( 'NONE',  ( 3.091860056929278700, 2.921106595396118600, 2.566768227539012200 ) ) ;
#2600 = ADVANCED_FACE ( 'NONE', ( #292 ), #4757, .T. ) ;
#2601 = ORIENTED_EDGE ( 'NONE', *, *, #1970, .F. ) ;
#2602 = ORIENTED_EDGE ( 'NONE', *, *, #78, .T. ) ;
#2603 = CARTESIAN_POINT ( 'NONE',  ( -3.293881042201971500, 2.833454218672371500, -2.379151201714708700 ) ) ;
#2604 = CARTESIAN_POINT ( 'NONE',  ( 2.910194832042081200, 2.815021492899146200, 2.192931752035163700 ) ) ;
#2605 = ORIENTED_EDGE ( 'NONE', *, *, #4317, .F. ) ;
#2606 = CARTESIAN_POINT ( 'NONE',  ( 2.964389167827707900, 2.660550356025169500, 2.210761089386785700 ) ) ;
#2607 = AXIS2_PLACEMENT_3D ( 'NONE', #5440, #2485, #6537 ) ;
#2608 = LINE ( 'NONE', #3330, #5444 ) ;
#2609 = ORIENTED_EDGE ( 'NONE', *, *, #7011, .F. ) ;
#2610 = EDGE_CURVE ( 'NONE', #6317, #4836, #657, .T. ) ;
#2611 = DIRECTION ( 'NONE',  ( -1.000000000000000000, 0.0000000000000000000, 0.0000000000000000000 ) ) ;
#2612 = VERTEX_POINT ( 'NONE', #5894 ) ;
#2613 = EDGE_LOOP ( 'NONE', ( #897, #7478, #104 ) ) ;
#2614 = CARTESIAN_POINT ( 'NONE',  ( -2.027991948634480000, 3.069535577218959900, -3.085332950362919200 ) ) ;
#2615 = PLANE ( 'NONE',  #2550 ) ;
#2616 = CARTESIAN_POINT ( 'NONE',  ( 2.166603114999113200, 1.862403764255938300, 1.466749423128763400 ) ) ;
#2617 = DIRECTION ( 'NONE',  ( 0.8900779411759872600, 0.4558083573519859400, 0.0000000000000000000 ) ) ;
#2618 = ORIENTED_EDGE ( 'NONE', *, *, #7426, .T. ) ;
#2619 = ORIENTED_EDGE ( 'NONE', *, *, #5179, .F. ) ;
#2620 = ORIENTED_EDGE ( 'NONE', *, *, #1109, .F. ) ;
#2621 = DIRECTION ( 'NONE',  ( -1.142445755987358100E-016, 0.0000000000000000000, -1.000000000000000000 ) ) ;
#2622 = CARTESIAN_POINT ( 'NONE',  ( 2.360634143192569900, 2.800477469234856200, 3.200318657565503600 ) ) ;
#2623 = CYLINDRICAL_SURFACE ( 'NONE', #4679, 0.02300000000000001700 ) ;
#2624 = PLANE ( 'NONE',  #6584 ) ;
#2625 = VERTEX_POINT ( 'NONE', #7068 ) ;
#2626 = PRODUCT_DEFINITION ( 'UNKNOWN', '', #4734, #3478 ) ;
#2627 = CARTESIAN_POINT ( 'NONE',  ( -3.297915196885417900, 2.968592387169217300, -1.901110363132347800 ) ) ;
#2628 = CARTESIAN_POINT ( 'NONE',  ( 1.980000000000001300, 4.350000000000000500, -0.9699999999999999700 ) ) ;
#2629 = VECTOR ( 'NONE', #7448, 1000.000000000000100 ) ;
#2630 = ADVANCED_FACE ( 'NONE', ( #3395 ), #4422, .F. ) ;
#2631 = DIRECTION ( 'NONE',  ( 0.0000000000000000000, 1.000000000000000000, 1.037514040655985100E-016 ) ) ;
#2632 = EDGE_CURVE ( 'NONE', #5813, #5481, #4905, .T. ) ;
#2633 = EDGE_LOOP ( 'NONE', ( #7167, #3608, #1274 ) ) ;
#2634 = CYLINDRICAL_SURFACE ( 'NONE', #7184, 0.5073896953895639100 ) ;
#2635 = CIRCLE ( 'NONE', #1149, 0.5073896953895634700 ) ;
#2636 = PLANE ( 'NONE',  #3597 ) ;
#2637 = DIRECTION ( 'NONE',  ( -0.7538479548248944200, 0.6570489030554148600, 0.0000000000000000000 ) ) ;
#2638 = ADVANCED_FACE ( 'NONE', ( #3670 ), #2639, .F. ) ;
#2639 =( BOUNDED_SURFACE ( )  B_SPLINE_SURFACE ( 3, 3, ( 
 ( #5319, #2033, #6624, #7214 ),
 ( #6051, #6654, #4951, #2584 ),
 ( #4977, #2057, #4387, #840 ),
 ( #262, #1416, #283, #889 ) ),
 .UNSPECIFIED., .F., .F., .F. ) 
 B_SPLINE_SURFACE_WITH_KNOTS ( ( 4, 4 ),
 ( 4, 4 ),
 ( 0.0000000000000000000, 1.000000000000000000 ),
 ( 0.0000000000000000000, 1.000000000000000000 ),
 .UNSPECIFIED. ) 
 GEOMETRIC_REPRESENTATION_ITEM ( )  RATIONAL_B_SPLINE_SURFACE ( (
 ( 1.000000000000000000, 0.3333333333333337000, 0.3333333333333337000, 1.000000000000000000),
 ( 0.8047378541243652700, 0.2682459513747887400, 0.2682459513747887400, 0.8047378541243652700),
 ( 0.8047378541243652700, 0.2682459513747887400, 0.2682459513747887400, 0.8047378541243652700),
 ( 1.000000000000000000, 0.3333333333333337000, 0.3333333333333337000, 1.000000000000000000) ) ) 
 REPRESENTATION_ITEM ( '' )  SURFACE ( )  );
#2640 = ORIENTED_EDGE ( 'NONE', *, *, #4703, .T. ) ;
#2641 = AXIS2_PLACEMENT_3D ( 'NONE', #674, #608, #95 ) ;
#2642 = FACE_OUTER_BOUND ( 'NONE', #6478, .T. ) ;
#2643 = PLANE ( 'NONE',  #204 ) ;
#2644 = DIRECTION ( 'NONE',  ( 0.0000000000000000000, 1.000000000000000000, 0.0000000000000000000 ) ) ;
#2645 = CARTESIAN_POINT ( 'NONE',  ( 2.407400788524676200, 2.791199719888828300, 3.156708055265265300 ) ) ;
#2646 = CARTESIAN_POINT ( 'NONE',  ( -3.297915196885238900, 2.968592387169215500, -1.901110363132154200 ) ) ;
#2647 = CARTESIAN_POINT ( 'NONE',  ( -2.475284316832580400, 2.901817111391474100, -3.093405641017891000 ) ) ;
#2648 = ORIENTED_EDGE ( 'NONE', *, *, #271, .F. ) ;
#2649 = DIRECTION ( 'NONE',  ( -0.009204126107052262900, -0.4924038765061048400, -0.8703181639287819200 ) ) ;
#2650 = B_SPLINE_CURVE_WITH_KNOTS ( 'NONE', 3,
 ( #1724, #1650, #505, #4580, #3944, #4021, #1092, #3365, #5168, #2276, #5747, #455, #6927, #1112, #5724, #6307 ),
 .UNSPECIFIED., .F., .F.,
 ( 4, 3, 3, 3, 3, 4 ),
 ( -2.133658296893979200E-006, 0.0000000000000000000, 4.597470059934608600E-005, 8.636790704253975900E-005, 9.365020989447431900E-005, 9.371020989446970700E-005 ),
 .UNSPECIFIED. ) ;
#2651 = VECTOR ( 'NONE', #4095, 1000.000000000000000 ) ;
#2652 = CARTESIAN_POINT ( 'NONE',  ( 3.350000000000001900, 8.131516293641283300E-017, 1.499999999999999800 ) ) ;
#2653 = AXIS2_PLACEMENT_3D ( 'NONE', #312, #291, #876 ) ;
#2654 = CARTESIAN_POINT ( 'NONE',  ( 3.350000000000001400, 4.179999999999999700, 0.9700000000000004200 ) ) ;
#2655 = EDGE_CURVE ( 'NONE', #4324, #4878, #387, .T. ) ;
#2656 = DIRECTION ( 'NONE',  ( -0.0000000000000000000, -0.0000000000000000000, -1.000000000000000000 ) ) ;
#2657 = VERTEX_POINT ( 'NONE', #5547 ) ;
#2658 = EDGE_CURVE ( 'NONE', #3646, #7531, #2288, .T. ) ;
#2659 = SURFACE_STYLE_USAGE ( .BOTH. , #932 ) ;
#2660 = CIRCLE ( 'NONE', #2798, 0.2500000000000002200 ) ;
#2661 = EDGE_LOOP ( 'NONE', ( #2102, #3444, #5521, #7149, #7195 ) ) ;
#2662 = CARTESIAN_POINT ( 'NONE',  ( -1.630000000000001200, 4.500000000000000900, 0.6199999999999998800 ) ) ;
#2663 = ORIENTED_EDGE ( 'NONE', *, *, #6180, .T. ) ;
#2664 = ORIENTED_EDGE ( 'NONE', *, *, #2072, .F. ) ;
#2665 = CARTESIAN_POINT ( 'NONE',  ( -2.988879130295569300, 2.672717240949519900, -2.189291157388021600 ) ) ;
#2666 = CYLINDRICAL_SURFACE ( 'NONE', #6101, 0.1510000000000000800 ) ;
#2667 = EDGE_CURVE ( 'NONE', #3426, #3669, #6561, .T. ) ;
#2668 = ADVANCED_FACE ( 'NONE', ( #6027 ), #2615, .T. ) ;
#2669 = EDGE_LOOP ( 'NONE', ( #6773, #2722, #3538, #5701 ) ) ;
#2670 = CARTESIAN_POINT ( 'NONE',  ( 3.253831132270995400, 2.951007748578822600, 2.414581472091160500 ) ) ;
#2671 = ORIENTED_EDGE ( 'NONE', *, *, #159, .T. ) ;
#2672 = DIRECTION ( 'NONE',  ( 1.000000000000000000, -3.491481338843133000E-015, 0.0000000000000000000 ) ) ;
#2673 = FACE_OUTER_BOUND ( 'NONE', #1430, .T. ) ;
#2674 = CARTESIAN_POINT ( 'NONE',  ( 2.929601935683315200, 2.794762632429727700, 2.243200708166406300 ) ) ;
#2675 = DIRECTION ( 'NONE',  ( -0.5990898797796674300, 0.5735764363510464900, 0.5586603508469323300 ) ) ;
#2676 = DIRECTION ( 'NONE',  ( 0.4194872498868746900, 0.8191520442889915800, -0.3911781889619011500 ) ) ;
#2677 = AXIS2_PLACEMENT_3D ( 'NONE', #2882, #6973, #6449 ) ;
#2678 = CARTESIAN_POINT ( 'NONE',  ( -1.629999999999998600, 0.0000000000000000000, -3.249999999999999100 ) ) ;
#2679 = PLANE ( 'NONE',  #21 ) ;
#2680 = ADVANCED_FACE ( 'NONE', ( #1655 ), #6029, .F. ) ;
#2681 = EDGE_LOOP ( 'NONE', ( #4212, #2932, #710, #5737 ) ) ;
#2682 = CARTESIAN_POINT ( 'NONE',  ( 2.266883889531641700, 2.795449127592414900, 2.862562611519608800 ) ) ;
#2683 = FACE_OUTER_BOUND ( 'NONE', #620, .T. ) ;
#2684 = CARTESIAN_POINT ( 'NONE',  ( 3.350000000000001400, 4.350000000000001400, -0.9699999999999999700 ) ) ;
#2685 = CARTESIAN_POINT ( 'NONE',  ( -2.222306734094221100, 2.649999999999999900, -2.902764154001006100 ) ) ;
#2686 = CARTESIAN_POINT ( 'NONE',  ( 1.885973795566712000, 3.118427782262530400, 3.011300573978128000 ) ) ;
#2687 = EDGE_LOOP ( 'NONE', ( #162, #6885, #1032 ) ) ;
#2688 = ORIENTED_EDGE ( 'NONE', *, *, #5006, .F. ) ;
#2689 = EDGE_LOOP ( 'NONE', ( #6995, #4154 ) ) ;
#2690 = AXIS2_PLACEMENT_3D ( 'NONE', #6999, #37, #669 ) ;
#2691 = LINE ( 'NONE', #1201, #7059 ) ;
#2692 = CARTESIAN_POINT ( 'NONE',  ( -2.939478589990912400, 2.809791765439367600, -2.234095965801905900 ) ) ;
#2693 = CARTESIAN_POINT ( 'NONE',  ( 2.453110310995071200, 2.900905161318848300, 3.112455478755828100 ) ) ;
#2694 = CARTESIAN_POINT ( 'NONE',  ( -1.630000000000001200, 4.500000000000000900, 3.397182120936205900 ) ) ;
#2695 = EDGE_CURVE ( 'NONE', #5077, #896, #4490, .T. ) ;
#2696 = ORIENTED_EDGE ( 'NONE', *, *, #4772, .F. ) ;
#2697 = EDGE_LOOP ( 'NONE', ( #2487, #2279, #6149, #7432, #2518 ) ) ;
#2698 = EDGE_LOOP ( 'NONE', ( #7354, #925, #5870, #3811 ) ) ;
#2699 = CARTESIAN_POINT ( 'NONE',  ( 1.961946760533945300, 3.114024930764388400, 3.092416702373191200 ) ) ;
#2700 = VECTOR ( 'NONE', #5056, 1000.000000000000000 ) ;
#2701 = AXIS2_PLACEMENT_3D ( 'NONE', #1294, #5995, #4276 ) ;
#2702 = CARTESIAN_POINT ( 'NONE',  ( 2.930858874569370000, 2.788086345269514200, 2.242028593663787800 ) ) ;
#2703 = ORIENTED_EDGE ( 'NONE', *, *, #3600, .F. ) ;
#2704 = CARTESIAN_POINT ( 'NONE',  ( 3.318379646281411200, 2.966011696598388300, 2.342519118927764300 ) ) ;
#2705 = CARTESIAN_POINT ( 'NONE',  ( -2.244416764451503600, 2.821010886272543600, -2.882944155865924800 ) ) ;
#2706 = B_SPLINE_CURVE_WITH_KNOTS ( 'NONE', 3,
 ( #1698, #6243, #6856, #5263, #1158, #5236, #2994, #7506, #3489, #1750, #5287, #2891, #6428, #3513, #1795, #6981 ),
 .UNSPECIFIED., .F., .F.,
 ( 4, 3, 3, 3, 3, 4 ),
 ( -2.136449160243311100E-006, 4.235164736271501700E-022, 4.848291111619183100E-006, 2.431860709182208500E-005, 5.034109102438158600E-005, 5.040109099718224300E-005 ),
 .UNSPECIFIED. ) ;
#2707 = EDGE_CURVE ( 'NONE', #2090, #6461, #4861, .T. ) ;
#2708 = EDGE_CURVE ( 'NONE', #1578, #5352, #212, .T. ) ;
#2709 = LINE ( 'NONE', #7453, #5260 ) ;
#2710 = CARTESIAN_POINT ( 'NONE',  ( 2.246756326481169200, 2.818787226526910100, 2.879964540250261600 ) ) ;
#2711 = VERTEX_POINT ( 'NONE', #382 ) ;
#2712 = CARTESIAN_POINT ( 'NONE',  ( -2.297671269249744100, 2.812043054840172900, -3.228163651671152500 ) ) ;
#2713 = CARTESIAN_POINT ( 'NONE',  ( -3.234992109402206900, 3.091465193812565900, -1.959787091476440400 ) ) ;
#2714 = ORIENTED_EDGE ( 'NONE', *, *, #760, .T. ) ;
#2715 = EDGE_LOOP ( 'NONE', ( #861, #5166, #4610, #2435, #499, #2620, #3464, #3901, #4713, #2886, #6649, #7387, #412, #3615, #6104, #6511, #5395 ) ) ;
#2716 = AXIS2_PLACEMENT_3D ( 'NONE', #6596, #4253, #2133 ) ;
#2717 = EDGE_CURVE ( 'NONE', #6576, #7162, #7110, .T. ) ;
#2718 = EDGE_CURVE ( 'NONE', #623, #493, #1192, .T. ) ;
#2719 = DIRECTION ( 'NONE',  ( -0.0000000000000000000, 1.000000000000000000, 1.037514040655985100E-016 ) ) ;
#2720 = LINE ( 'NONE', #3028, #4458 ) ;
#2721 = CARTESIAN_POINT ( 'NONE',  ( 2.182741289113713500, 2.695827910432977400, 2.940417092425434500 ) ) ;
#2722 = ORIENTED_EDGE ( 'NONE', *, *, #5315, .T. ) ;
#2723 = LINE ( 'NONE', #7092, #4008 ) ;
#2724 = CARTESIAN_POINT ( 'NONE',  ( 2.853580495207964000, 2.785760356083547800, 2.108992729114798100 ) ) ;
#2725 = CARTESIAN_POINT ( 'NONE',  ( -2.268485326806104000, 2.820903689698506700, -2.908760351516449300 ) ) ;
#2726 = EDGE_LOOP ( 'NONE', ( #508, #5292, #7397, #6945, #964, #1134, #5121, #246, #4966 ) ) ;
#2727 = DIRECTION ( 'NONE',  ( 3.491481338843133000E-015, 1.000000000000000000, 0.0000000000000000000 ) ) ;
#2728 = CARTESIAN_POINT ( 'NONE',  ( -2.244536499906733400, 2.820943539329711300, -2.883107702333587600 ) ) ;
#2729 = VECTOR ( 'NONE', #2339, 1000.000000000000100 ) ;
#2730 = CIRCLE ( 'NONE', #6701, 0.1510000000000000800 ) ;
#2731 = CARTESIAN_POINT ( 'NONE',  ( -3.350000000000001400, 4.179999999999999700, 0.9699999999999997500 ) ) ;
#2732 = VERTEX_POINT ( 'NONE', #5029 ) ;
#2733 = CARTESIAN_POINT ( 'NONE',  ( 2.449012816618379300, 2.761234062908032500, 3.072073943167980200 ) ) ;
#2734 = DIRECTION ( 'NONE',  ( -0.009204126107051265400, -0.4924038765061033400, -0.8703181639287828100 ) ) ;
#2735 = VECTOR ( 'NONE', #579, 1000.000000000000000 ) ;
#2736 = DIRECTION ( 'NONE',  ( 3.491481338843133000E-015, 1.000000000000000000, 0.0000000000000000000 ) ) ;
#2737 = LINE ( 'NONE', #5123, #460 ) ;
#2738 = CARTESIAN_POINT ( 'NONE',  ( -1.874135366549585900, 3.074988554437091200, -3.023810984079723200 ) ) ;
#2739 = EDGE_CURVE ( 'NONE', #5605, #5967, #2380, .T. ) ;
#2740 =( BOUNDED_SURFACE ( )  B_SPLINE_SURFACE ( 3, 3, ( 
 ( #1664, #7427, #6850, #2177 ),
 ( #6217, #424, #1060, #1565 ),
 ( #3984, #1591, #4524, #1641 ),
 ( #3383, #4593, #3913, #5714 ) ),
 .UNSPECIFIED., .F., .F., .F. ) 
 B_SPLINE_SURFACE_WITH_KNOTS ( ( 4, 4 ),
 ( 4, 4 ),
 ( 0.0000000000000000000, 1.000000000000000000 ),
 ( 0.0000000000000000000, 1.000000000000000000 ),
 .UNSPECIFIED. ) 
 GEOMETRIC_REPRESENTATION_ITEM ( )  RATIONAL_B_SPLINE_SURFACE ( (
 ( 1.000000000000000000, 0.9588221941632402200, 0.9588221941632402200, 1.000000000000000000),
 ( 0.9801383684162315900, 0.9397784209884294500, 0.9397784209884294500, 0.9801383684162315900),
 ( 0.9801383684162315900, 0.9397784209884294500, 0.9397784209884294500, 0.9801383684162315900),
 ( 1.000000000000000000, 0.9588221941632402200, 0.9588221941632402200, 1.000000000000000000) ) ) 
 REPRESENTATION_ITEM ( '' )  SURFACE ( )  );
#2741 = CARTESIAN_POINT ( 'NONE',  ( 2.259789185584718300, 2.801560549397478900, 2.867811202520247300 ) ) ;
#2742 = VERTEX_POINT ( 'NONE', #5598 ) ;
#2743 = CIRCLE ( 'NONE', #5735, 0.3500000000000000300 ) ;
#2744 = CARTESIAN_POINT ( 'NONE',  ( 3.166922670250364600, 3.127438044480600700, 1.816796423764573100 ) ) ;
#2745 = CARTESIAN_POINT ( 'NONE',  ( -2.437937562739017400, 2.899726732338477700, -3.124500894849066700 ) ) ;
#2746 = ORIENTED_EDGE ( 'NONE', *, *, #444, .F. ) ;
#2747 = FACE_OUTER_BOUND ( 'NONE', #1777, .T. ) ;
#2748 = CARTESIAN_POINT ( 'NONE',  ( -2.182199805401552300, 2.696798113649098400, -2.941531797526668200 ) ) ;
#2749 = CARTESIAN_POINT ( 'NONE',  ( 2.475284316832580400, 2.901817111391474100, 3.093405641017891000 ) ) ;
#2750 = SURFACE_SIDE_STYLE ('',( #130 ) ) ;
#2751 = B_SPLINE_CURVE_WITH_KNOTS ( 'NONE', 3,
 ( #863, #4948, #7389, #995 ),
 .UNSPECIFIED., .F., .F.,
 ( 4, 4 ),
 ( 0.0000000000000000000, 0.3647069689505289500 ),
 .UNSPECIFIED. ) ;
#2752 = ORIENTED_EDGE ( 'NONE', *, *, #3126, .T. ) ;
#2753 = CARTESIAN_POINT ( 'NONE',  ( -3.183664708092511600, 3.230000000000000000, -1.801184220904083100 ) ) ;
#2754 = AXIS2_PLACEMENT_3D ( 'NONE', #374, #1616, #398 ) ;
#2755 = DIRECTION ( 'NONE',  ( -0.7313537016191747900, 0.0000000000000000000, 0.6819983600624941500 ) ) ;
#2756 = EDGE_CURVE ( 'NONE', #3947, #1476, #4485, .T. ) ;
#2757 = CARTESIAN_POINT ( 'NONE',  ( -3.250000000000001800, 4.350000000000001400, -0.9700000000000004200 ) ) ;
#2758 = CARTESIAN_POINT ( 'NONE',  ( -1.952350309590882500, 3.115766801820112300, -3.082480670698164400 ) ) ;
#2759 = ORIENTED_EDGE ( 'NONE', *, *, #4849, .T. ) ;
#2760 = CARTESIAN_POINT ( 'NONE',  ( -1.980000000000001300, 4.500000000000000900, 0.6199999999999998800 ) ) ;
#2761 = CIRCLE ( 'NONE', #170, 0.3500000000000000300 ) ;
#2762 = CARTESIAN_POINT ( 'NONE',  ( 2.260813916744616000, 2.798163772810104500, 2.866855625254407500 ) ) ;
#2763 = AXIS2_PLACEMENT_3D ( 'NONE', #6521, #2357, #4635 ) ;
#2764 = CARTESIAN_POINT ( 'NONE',  ( 2.244678701378020900, 2.820925672181812300, 2.883269284463379800 ) ) ;
#2765 = CARTESIAN_POINT ( 'NONE',  ( 2.404104873307498100, 2.903743253927711700, 3.143770804199711700 ) ) ;
#2766 = CARTESIAN_POINT ( 'NONE',  ( -3.500000000000001300, 4.179999999999999700, -1.500000000000000200 ) ) ;
#2767 = CARTESIAN_POINT ( 'NONE',  ( -3.073925652642142600, 2.947922917752089100, -2.577196850564789100 ) ) ;
#2768 = ORIENTED_EDGE ( 'NONE', *, *, #4126, .T. ) ;
#2769 = ORIENTED_EDGE ( 'NONE', *, *, #1737, .T. ) ;
#2770 = LINE ( 'NONE', #2124, #2581 ) ;
#2771 = AXIS2_PLACEMENT_3D ( 'NONE', #6147, #4952, #7193 ) ;
#2772 = DIRECTION ( 'NONE',  ( 0.0000000000000000000, -1.000000000000000000, -1.037514040655985100E-016 ) ) ;
#2773 = VERTEX_POINT ( 'NONE', #6177 ) ;
#2774 = DIRECTION ( 'NONE',  ( -0.8819238886962634800, 0.4698463103929563200, 0.03814051857259667000 ) ) ;
#2775 = FACE_OUTER_BOUND ( 'NONE', #5188, .T. ) ;
#2776 = DIRECTION ( 'NONE',  ( 0.0000000000000000000, 0.0000000000000000000, 1.000000000000000000 ) ) ;
#2777 = ORIENTED_EDGE ( 'NONE', *, *, #3672, .F. ) ;
#2778 = EDGE_CURVE ( 'NONE', #6151, #607, #6553, .T. ) ;
#2779 = VERTEX_POINT ( 'NONE', #7366 ) ;
#2780 = DIRECTION ( 'NONE',  ( 0.6819983600624948100, -0.0000000000000000000, 0.7313537016191739000 ) ) ;
#2781 = CARTESIAN_POINT ( 'NONE',  ( -2.318745569085527000, 2.817423300928300700, -2.956576080005630200 ) ) ;
#2782 = LINE ( 'NONE', #3705, #1503 ) ;
#2783 = DIRECTION ( 'NONE',  ( 0.0000000000000000000, 0.0000000000000000000, -1.000000000000000000 ) ) ;
#2784 = CARTESIAN_POINT ( 'NONE',  ( -2.960037396819625400, 2.728184629177832700, -2.214819181503241600 ) ) ;
#2785 = VERTEX_POINT ( 'NONE', #2158 ) ;
#2786 = CARTESIAN_POINT ( 'NONE',  ( 3.250000000000001800, 4.250000000000000900, 0.9700000000000004200 ) ) ;
#2787 = EDGE_LOOP ( 'NONE', ( #2948, #3995, #7259, #971, #3225, #2130 ) ) ;
#2788 = AXIS2_PLACEMENT_3D ( 'NONE', #2786, #478, #6304 ) ;
#2789 = CARTESIAN_POINT ( 'NONE',  ( 2.244323867417866000, 2.821123581751886300, 2.882785476940712900 ) ) ;
#2790 = CARTESIAN_POINT ( 'NONE',  ( -3.350000000000001400, 3.779999999999999400, 1.499999999999999800 ) ) ;
#2791 = DIRECTION ( 'NONE',  ( -1.000000000000000000, 0.0000000000000000000, -0.0000000000000000000 ) ) ;
#2792 = FACE_OUTER_BOUND ( 'NONE', #2509, .T. ) ;
#2793 = ORIENTED_EDGE ( 'NONE', *, *, #3683, .T. ) ;
#2794 = ORIENTED_EDGE ( 'NONE', *, *, #1659, .T. ) ;
#2795 = ORIENTED_EDGE ( 'NONE', *, *, #4159, .F. ) ;
#2796 = CARTESIAN_POINT ( 'NONE',  ( -2.137368214536062600, 2.708261523045293600, -2.862305528211505300 ) ) ;
#2797 = CARTESIAN_POINT ( 'NONE',  ( 2.350000000000001400, 0.1499999999999966100, -1.149999999999999900 ) ) ;
#2798 = AXIS2_PLACEMENT_3D ( 'NONE', #3865, #1541, #6239 ) ;
#2799 = VECTOR ( 'NONE', #3713, 1000.000000000000000 ) ;
#2800 = DIRECTION ( 'NONE',  ( 0.0000000000000000000, 1.000000000000000000, 0.0000000000000000000 ) ) ;
#2801 =( NAMED_UNIT ( * ) SI_UNIT ( $, .STERADIAN. ) SOLID_ANGLE_UNIT ( ) );
#2802 = ORIENTED_EDGE ( 'NONE', *, *, #3231, .F. ) ;
#2803 = B_SPLINE_CURVE_WITH_KNOTS ( 'NONE', 3,
 ( #4122, #1233, #3048, #5861, #1266, #3022 ),
 .UNSPECIFIED., .F., .F.,
 ( 4, 2, 4 ),
 ( 0.02501160961181146700, 0.5000000000000118800, 1.000000000000000000 ),
 .UNSPECIFIED. ) ;
#2804 = EDGE_CURVE ( 'NONE', #1315, #5663, #2650, .T. ) ;
#2805 = ORIENTED_EDGE ( 'NONE', *, *, #5963, .F. ) ;
#2806 = DIRECTION ( 'NONE',  ( 1.000000000000000000, 5.042800802258159400E-016, 0.0000000000000000000 ) ) ;
#2807 = VERTEX_POINT ( 'NONE', #2226 ) ;
#2808 = DIRECTION ( 'NONE',  ( 0.0000000000000000000, 0.0000000000000000000, 1.000000000000000000 ) ) ;
#2809 = CARTESIAN_POINT ( 'NONE',  ( -2.263203435979724600, 2.664689108852207300, -2.944030809021481500 ) ) ;
#2810 = VECTOR ( 'NONE', #5748, 1000.000000000000000 ) ;
#2811 = CARTESIAN_POINT ( 'NONE',  ( -3.350000000000001900, 8.131516293641283300E-017, -1.499999999999999800 ) ) ;
#2812 = AXIS2_PLACEMENT_3D ( 'NONE', #888, #6223, #6145 ) ;
#2813 = VERTEX_POINT ( 'NONE', #2790 ) ;
#2814 = DIRECTION ( 'NONE',  ( 1.000000000000000000, 3.491481338843133700E-015, 0.0000000000000000000 ) ) ;
#2815 = ORIENTED_EDGE ( 'NONE', *, *, #4228, .F. ) ;
#2816 = EDGE_CURVE ( 'NONE', #2870, #5559, #1373, .T. ) ;
#2817 = LINE ( 'NONE', #2867, #910 ) ;
#2818 = CARTESIAN_POINT ( 'NONE',  ( 2.593388065980804400, 2.649999999999999900, 2.556725213832716100 ) ) ;
#2819 = DIRECTION ( 'NONE',  ( -0.7313537016191741200, 0.0000000000000000000, 0.6819983600624944800 ) ) ;
#2820 = DIRECTION ( 'NONE',  ( 0.0000000000000000000, 1.000000000000000000, 0.0000000000000000000 ) ) ;
#2821 = ORIENTED_EDGE ( 'NONE', *, *, #5739, .T. ) ;
#2822 = AXIS2_PLACEMENT_3D ( 'NONE', #2476, #6527, #3067 ) ;
#2823 = LINE ( 'NONE', #2221, #7094 ) ;
#2824 = VECTOR ( 'NONE', #3412, 1000.000000000000000 ) ;
#2825 = CARTESIAN_POINT ( 'NONE',  ( -2.257375012161655800, 2.806094168991871500, -2.870628244019136000 ) ) ;
#2826 = CARTESIAN_POINT ( 'NONE',  ( 3.298699525350364100, 2.955527081853199300, 2.343370224139346400 ) ) ;
#2827 = PLANE ( 'NONE',  #3889 ) ;
#2828 = ORIENTED_EDGE ( 'NONE', *, *, #5573, .T. ) ;
#2829 = FILL_AREA_STYLE_COLOUR ( '', #1668 ) ;
#2830 = EDGE_CURVE ( 'NONE', #5004, #1780, #3934, .T. ) ;
#2831 = VECTOR ( 'NONE', #6713, 1000.000000000000200 ) ;
#2832 = ADVANCED_FACE ( 'NONE', ( #5570 ), #3413, .F. ) ;
#2833 = CARTESIAN_POINT ( 'NONE',  ( 3.500000000000001300, 4.179999999999999700, -1.099999999999999600 ) ) ;
#2834 = DIRECTION ( 'NONE',  ( 0.5602494390798655700, 0.6427876096865357000, -0.5224410539421322500 ) ) ;
#2835 = ORIENTED_EDGE ( 'NONE', *, *, #1478, .T. ) ;
#2836 = CARTESIAN_POINT ( 'NONE',  ( 3.366710564062426000, 2.863663646958515500, 2.203773303240915900 ) ) ;
#2837 = DIRECTION ( 'NONE',  ( 0.0000000000000000000, 0.0000000000000000000, -1.000000000000000000 ) ) ;
#2838 = FACE_OUTER_BOUND ( 'NONE', #3861, .T. ) ;
#2840 = ORIENTED_EDGE ( 'NONE', *, *, #869, .F. ) ;
#2839 = EDGE_CURVE ( 'NONE', #896, #4200, #3484, .T. ) ;
#2841 = DIRECTION ( 'NONE',  ( 1.000000000000000000, 5.042800802258159400E-016, 0.0000000000000000000 ) ) ;
#2842 = EDGE_LOOP ( 'NONE', ( #4073, #6610, #203, #5907, #1009, #2975 ) ) ;
#2843 = CARTESIAN_POINT ( 'NONE',  ( -3.233093868170667600, 2.952156128891860300, -2.435836158542573400 ) ) ;
#2844 = VECTOR ( 'NONE', #5512, 1000.000000000000000 ) ;
#2845 = EDGE_CURVE ( 'NONE', #6576, #7529, #7222, .T. ) ;
#2846 = VERTEX_POINT ( 'NONE', #5697 ) ;
#2847 = CARTESIAN_POINT ( 'NONE',  ( -1.980000000000001300, 4.179999999999999700, -0.9700000000000003100 ) ) ;
#2848 = CIRCLE ( 'NONE', #4960, 0.3500000000000000300 ) ;
#2849 = CARTESIAN_POINT ( 'NONE',  ( 3.099999999999999600, 0.2500000000000000000, -1.500000000000000200 ) ) ;
#2850 = DIRECTION ( 'NONE',  ( -1.000000000000000000, 0.0000000000000000000, 0.0000000000000000000 ) ) ;
#2851 = ORIENTED_EDGE ( 'NONE', *, *, #5514, .F. ) ;
#2852 = AXIS2_PLACEMENT_3D ( 'NONE', #7514, #51, #5175 ) ;
#2853 = ORIENTED_EDGE ( 'NONE', *, *, #7413, .F. ) ;
#2854 = CARTESIAN_POINT ( 'NONE',  ( -2.255270915738111400, 2.778607943063199100, -2.872024557315899800 ) ) ;
#2855 = LINE ( 'NONE', #2896, #1399 ) ;
#2856 = EDGE_CURVE ( 'NONE', #1627, #3986, #7013, .T. ) ;
#2857 = CARTESIAN_POINT ( 'NONE',  ( 3.211762053954284800, 3.125928481699875600, 1.864999012300798900 ) ) ;
#2858 = CARTESIAN_POINT ( 'NONE',  ( -2.460934238011420700, 2.901512825941023400, -3.106244181052562100 ) ) ;
#2859 = VERTEX_POINT ( 'NONE', #4624 ) ;
#2860 = CARTESIAN_POINT ( 'NONE',  ( 2.027991948634480000, 3.069535577218959900, 3.085332950362919200 ) ) ;
#2861 = FACE_OUTER_BOUND ( 'NONE', #739, .T. ) ;
#2862 = CARTESIAN_POINT ( 'NONE',  ( 2.244259809515543500, 2.821929211080253200, 2.882292579983505700 ) ) ;
#2863 = ORIENTED_EDGE ( 'NONE', *, *, #3817, .T. ) ;
#2864 = ADVANCED_FACE ( 'NONE', ( #1562 ), #1929, .F. ) ;
#2865 = ORIENTED_EDGE ( 'NONE', *, *, #1737, .F. ) ;
#2866 = LINE ( 'NONE', #6672, #4605 ) ;
#2867 = CARTESIAN_POINT ( 'NONE',  ( 3.500000000000001300, 0.1500000000000012700, -1.500000000000000200 ) ) ;
#2868 = EDGE_CURVE ( 'NONE', #5574, #7490, #5385, .T. ) ;
#2869 = CARTESIAN_POINT ( 'NONE',  ( 3.200323323375795500, 3.049615090003858800, 1.809088737387843500 ) ) ;
#2870 = VERTEX_POINT ( 'NONE', #6360 ) ;
#2871 = CARTESIAN_POINT ( 'NONE',  ( 3.269143326964645700, 3.230000000000000000, 1.926573238428398200 ) ) ;
#2872 = ORIENTED_EDGE ( 'NONE', *, *, #2262, .F. ) ;
#2873 = CARTESIAN_POINT ( 'NONE',  ( -2.996196074933779500, 2.668120287896175400, -2.210444095262701600 ) ) ;
#2874 = CARTESIAN_POINT ( 'NONE',  ( -2.450675968731470500, 2.770672312116487100, -2.882270422120499100 ) ) ;
#2875 = EDGE_LOOP ( 'NONE', ( #5438, #6580, #7230, #3345, #2114, #2203 ) ) ;
#2876 = CARTESIAN_POINT ( 'NONE',  ( 1.909508083555500700, 3.118901850811512500, 3.036538008030015500 ) ) ;
#2877 = DIRECTION ( 'NONE',  ( -0.7313537016191695700, 0.0000000000000000000, 0.6819983600624994800 ) ) ;
#2878 = EDGE_CURVE ( 'NONE', #4545, #4878, #7197, .T. ) ;
#2879 = LINE ( 'NONE', #3294, #2700 ) ;
#2880 = CARTESIAN_POINT ( 'NONE',  ( -2.261327005017892900, 2.794542291170843300, -2.866377162699500900 ) ) ;
#2881 = VERTEX_POINT ( 'NONE', #6982 ) ;
#2882 = CARTESIAN_POINT ( 'NONE',  ( -3.349000000000001100, -2.287516853390374000, -1.645639239468278400 ) ) ;
#2883 = DIRECTION ( 'NONE',  ( 0.009204126107053008800, -0.4924038765061047300, 0.8703181639287820300 ) ) ;
#2884 = DIRECTION ( 'NONE',  ( 1.000000000000000000, 8.673617379884027600E-016, 0.0000000000000000000 ) ) ;
#2885 = B_SPLINE_CURVE_WITH_KNOTS ( 'NONE', 3,
 ( #6480, #3019, #1818, #2381 ),
 .UNSPECIFIED., .F., .F.,
 ( 4, 4 ),
 ( 4.860822957698735000E-005, 0.0001341244992979139500 ),
 .UNSPECIFIED. ) ;
#2886 = ORIENTED_EDGE ( 'NONE', *, *, #6076, .T. ) ;
#2887 = VECTOR ( 'NONE', #7499, 1000.000000000000000 ) ;
#2888 = EDGE_LOOP ( 'NONE', ( #4184, #1328, #5487, #5261, #4891 ) ) ;
#2889 = VERTEX_POINT ( 'NONE', #1069 ) ;
#2890 = ORIENTED_EDGE ( 'NONE', *, *, #1913, .F. ) ;
#2891 = CARTESIAN_POINT ( 'NONE',  ( 3.260405759716248100, 3.119611939180813900, 1.924198704196043300 ) ) ;
#2892 = CARTESIAN_POINT ( 'NONE',  ( -3.297915196885238900, 2.968592387169215500, -1.901110363132154200 ) ) ;
#2893 = EDGE_CURVE ( 'NONE', #3264, #1001, #7274, .T. ) ;
#2894 = ORIENTED_EDGE ( 'NONE', *, *, #7088, .F. ) ;
#2895 = DIRECTION ( 'NONE',  ( 0.6819983600624948100, -0.0000000000000000000, 0.7313537016191739000 ) ) ;
#2896 = CARTESIAN_POINT ( 'NONE',  ( 1.429517658536180200, 1.462697334180883800, 3.436952807919214400 ) ) ;
#2897 = LINE ( 'NONE', #1548, #3367 ) ;
#2898 = ORIENTED_EDGE ( 'NONE', *, *, #1934, .T. ) ;
#2899 = DIRECTION ( 'NONE',  ( 0.0000000000000000000, -1.037514040655985100E-016, 1.000000000000000000 ) ) ;
#2900 = ORIENTED_EDGE ( 'NONE', *, *, #408, .T. ) ;
#2901 = CARTESIAN_POINT ( 'NONE',  ( 3.250000000000001800, 4.350000000000001400, -0.9699999999999999700 ) ) ;
#2902 = CARTESIAN_POINT ( 'NONE',  ( -3.262895684379905100, 3.119679274319452600, -1.932434003584988700 ) ) ;
#2903 = EDGE_CURVE ( 'NONE', #2528, #4836, #6108, .T. ) ;
#2904 = CYLINDRICAL_SURFACE ( 'NONE', #2913, 0.3500000000000000300 ) ;
#2905 = CARTESIAN_POINT ( 'NONE',  ( 2.944294750045206100, 2.815021492899146600, 2.229499437116123400 ) ) ;
#2906 = ADVANCED_FACE ( 'NONE', ( #832 ), #4003, .F. ) ;
#2907 = ORIENTED_EDGE ( 'NONE', *, *, #4612, .T. ) ;
#2908 = CARTESIAN_POINT ( 'NONE',  ( 3.288889876908362500, 3.206999999999999900, 1.908159282706709500 ) ) ;
#2909 = CARTESIAN_POINT ( 'NONE',  ( -1.988490002100758800, 3.125372728561655900, -3.121235746135666600 ) ) ;
#2910 = CYLINDRICAL_SURFACE ( 'NONE', #4923, 0.5073896953895639100 ) ;
#2911 = DIRECTION ( 'NONE',  ( 0.4194872498868749100, -0.8191520442889914700, -0.3911781889619012100 ) ) ;
#2912 = CIRCLE ( 'NONE', #6033, 0.1000000000000002600 ) ;
#2913 = AXIS2_PLACEMENT_3D ( 'NONE', #981, #5061, #1558 ) ;
#2914 = DIRECTION ( 'NONE',  ( 0.009204126107052705200, -0.4924038765061045100, 0.8703181639287820300 ) ) ;
#2915 = CARTESIAN_POINT ( 'NONE',  ( -3.329128784747790600, 0.1500000000000000200, 1.500000000000000200 ) ) ;
#2917 = ADVANCED_FACE ( 'NONE', ( #2282 ), #1846, .F. ) ;
#2916 = ORIENTED_EDGE ( 'NONE', *, *, #3204, .F. ) ;
#2918 = VECTOR ( 'NONE', #1745, 1000.000000000000000 ) ;
#2919 = CARTESIAN_POINT ( 'NONE',  ( 1.885973795566711700, 3.119686418325990000, 3.011300573978128000 ) ) ;
#2920 = VECTOR ( 'NONE', #480, 1000.000000000000000 ) ;
#2921 = CARTESIAN_POINT ( 'NONE',  ( -2.452293344084210500, 2.857198929007403400, -3.035205217999510800 ) ) ;
#2922 = VERTEX_POINT ( 'NONE', #3666 ) ;
#2923 =( GEOMETRIC_REPRESENTATION_CONTEXT ( 3 ) GLOBAL_UNCERTAINTY_ASSIGNED_CONTEXT ( ( #3542 ) ) GLOBAL_UNIT_ASSIGNED_CONTEXT ( ( #6933, #2338, #2416 ) ) REPRESENTATION_CONTEXT ( 'NONE', 'WORKASPACE' ) );
#2924 = VECTOR ( 'NONE', #2251, 1000.000000000000000 ) ;
#2925 = CARTESIAN_POINT ( 'NONE',  ( -2.944294750045206100, 2.815021492899146600, -2.229499437116123400 ) ) ;
#2926 = CARTESIAN_POINT ( 'NONE',  ( 2.000000000000001300, 0.1499999999999953900, 1.149999999999999700 ) ) ;
#2927 = ORIENTED_EDGE ( 'NONE', *, *, #3042, .T. ) ;
#2928 = CYLINDRICAL_SURFACE ( 'NONE', #5914, 0.3500000000000000300 ) ;
#2929 = CARTESIAN_POINT ( 'NONE',  ( -3.366710564062426000, 2.863663646958515500, -2.203773303240915900 ) ) ;
#2930 = CARTESIAN_POINT ( 'NONE',  ( -1.971115956495235200, 3.112359665504385500, -3.100922116977924000 ) ) ;
#2931 = DIRECTION ( 'NONE',  ( 0.5990898797796674300, 0.5735764363510464900, -0.5586603508469323300 ) ) ;
#2932 = ORIENTED_EDGE ( 'NONE', *, *, #6340, .T. ) ;
#2933 = CARTESIAN_POINT ( 'NONE',  ( -2.943548802904145200, 2.814216246142052600, -2.230195044078621800 ) ) ;
#2934 = B_SPLINE_CURVE_WITH_KNOTS ( 'NONE', 3,
 ( #6950, #1761, #4747, #4644, #3482, #6974, #2930, #4722, #7527, #1223, #4062, #1744, #5805, #3510, #16, #4087, #1788, #6420, #2956, #603, #7023, #1813 ),
 .UNSPECIFIED., .F., .F.,
 ( 4, 3, 3, 3, 3, 3, 3, 4 ),
 ( -5.999998940547760400E-008, 0.0000000000000000000, 2.716718092968501400E-005, 3.264778791091715500E-005, 4.322921423484976500E-005, 4.874729001902200800E-005, 5.290065134201633100E-005, 5.503541311667708800E-005 ),
 .UNSPECIFIED. ) ;
#2935 = EDGE_CURVE ( 'NONE', #4010, #587, #4028, .T. ) ;
#2936 = DIRECTION ( 'NONE',  ( 0.0000000000000000000, 0.0000000000000000000, -1.000000000000000000 ) ) ;
#2937 = EDGE_LOOP ( 'NONE', ( #2872, #6618, #5890, #4080 ) ) ;
#2938 = CARTESIAN_POINT ( 'NONE',  ( 2.407400788524676200, 2.791199719888828300, 3.156708055265265300 ) ) ;
#2939 = PLANE ( 'NONE',  #1697 ) ;
#2940 = ORIENTED_EDGE ( 'NONE', *, *, #1103, .T. ) ;
#2941 = ADVANCED_FACE ( 'NONE', ( #379 ), #6746, .F. ) ;
#2942 = CARTESIAN_POINT ( 'NONE',  ( -2.882625588524313300, 2.055555995698294500, -3.302704918041372600 ) ) ;
#2943 = AXIS2_PLACEMENT_3D ( 'NONE', #1439, #1592, #6264 ) ;
#2944 = CARTESIAN_POINT ( 'NONE',  ( -1.629999999999998600, -9.334880824091971600, -3.249999999999999100 ) ) ;
#2945 = LINE ( 'NONE', #6969, #7487 ) ;
#2946 = EDGE_CURVE ( 'NONE', #5931, #1280, #5483, .T. ) ;
#2947 = CARTESIAN_POINT ( 'NONE',  ( -3.349000000000001100, 2.049999999999999800, -1.645639239468278400 ) ) ;
#2948 = ORIENTED_EDGE ( 'NONE', *, *, #6588, .F. ) ;
#2949 = CARTESIAN_POINT ( 'NONE',  ( 2.389727555434236500, 2.826718718802292400, 3.008767483558425000 ) ) ;
#2950 = CARTESIAN_POINT ( 'NONE',  ( -2.718733612364178800, 2.971609417656390400E-015, -2.915484856791749700 ) ) ;
#2951 = LINE ( 'NONE', #6772, #956 ) ;
#2952 = ORIENTED_EDGE ( 'NONE', *, *, #3617, .F. ) ;
#2953 = DIRECTION ( 'NONE',  ( -0.0000000000000000000, 1.000000000000000000, 1.037514040655985100E-016 ) ) ;
#2954 = EDGE_CURVE ( 'NONE', #4878, #297, #5925, .T. ) ;
#2955 = DIRECTION ( 'NONE',  ( 0.0000000000000000000, 1.000000000000000000, 0.0000000000000000000 ) ) ;
#2956 = CARTESIAN_POINT ( 'NONE',  ( -1.952764310391434100, 3.115433325157546100, -3.082919092400718200 ) ) ;
#2957 = CIRCLE ( 'NONE', #4069, 0.02299999999999997900 ) ;
#2958 = CARTESIAN_POINT ( 'NONE',  ( -2.930994718443269400, 2.799181039376521500, -2.241901917231023500 ) ) ;
#2959 = ORIENTED_EDGE ( 'NONE', *, *, #7164, .T. ) ;
#2960 = ORIENTED_EDGE ( 'NONE', *, *, #1713, .T. ) ;
#2961 = CARTESIAN_POINT ( 'NONE',  ( -3.249378372937839800, 2.993454998540977700, -1.838598953078888900 ) ) ;
#2962 = DIRECTION ( 'NONE',  ( 1.000000000000000000, -3.491481338843134100E-015, -1.606225440719266100E-016 ) ) ;
#2963 = DIRECTION ( 'NONE',  ( 0.0000000000000000000, -0.0000000000000000000, 1.000000000000000000 ) ) ;
#2964 = DIRECTION ( 'NONE',  ( -0.009204126107053097300, 0.4924038765061045700, -0.8703181639287820300 ) ) ;
#2965 = VERTEX_POINT ( 'NONE', #1288 ) ;
#2966 = EDGE_CURVE ( 'NONE', #6414, #2347, #5831, .T. ) ;
#2967 = CARTESIAN_POINT ( 'NONE',  ( -2.882625588524312800, 2.649999999999999900, -3.302704918041372600 ) ) ;
#2968 = DIRECTION ( 'NONE',  ( 0.0000000000000000000, 0.0000000000000000000, 1.000000000000000000 ) ) ;
#2969 = CARTESIAN_POINT ( 'NONE',  ( -3.031329678545829700, 2.813085384058789700, -2.334784221864393100 ) ) ;
#2970 = CARTESIAN_POINT ( 'NONE',  ( -2.593388065980804400, 2.649999999999999900, -2.556725213832716100 ) ) ;
#2971 = LINE ( 'NONE', #7525, #2161 ) ;
#2972 = DIRECTION ( 'NONE',  ( 0.0000000000000000000, 0.0000000000000000000, 1.000000000000000000 ) ) ;
#2973 = VERTEX_POINT ( 'NONE', #4888 ) ;
#2974 = ORIENTED_EDGE ( 'NONE', *, *, #2428, .F. ) ;
#2975 = ORIENTED_EDGE ( 'NONE', *, *, #4739, .T. ) ;
#2976 = DIRECTION ( 'NONE',  ( 1.000000000000000000, -3.491481338843132600E-015, 0.0000000000000000000 ) ) ;
#2977 = ORIENTED_EDGE ( 'NONE', *, *, #1576, .F. ) ;
#2978 = ADVANCED_FACE ( 'NONE', ( #5665 ), #6482, .T. ) ;
#2979 = EDGE_CURVE ( 'NONE', #2779, #4304, #3023, .T. ) ;
#2980 = CARTESIAN_POINT ( 'NONE',  ( 2.593388065980804800, 2.649999999999999900, 2.556725213832716600 ) ) ;
#2981 = EDGE_CURVE ( 'NONE', #216, #6708, #2743, .T. ) ;
#2982 = CARTESIAN_POINT ( 'NONE',  ( 3.349000000000001100, 2.049999999999999800, 1.645639239468278400 ) ) ;
#2983 = FACE_OUTER_BOUND ( 'NONE', #272, .T. ) ;
#2984 = CARTESIAN_POINT ( 'NONE',  ( -1.978167872117970500, 3.108925731718214600, -3.108816182711910100 ) ) ;
#2985 = DIRECTION ( 'NONE',  ( 1.000000000000000000, -3.491481338843132600E-015, 0.0000000000000000000 ) ) ;
#2986 = ORIENTED_EDGE ( 'NONE', *, *, #249, .T. ) ;
#2987 = ORIENTED_EDGE ( 'NONE', *, *, #1048, .F. ) ;
#2988 = CARTESIAN_POINT ( 'NONE',  ( -2.938781675479958300, 2.809059516985331900, -2.234640462319219100 ) ) ;
#2989 = B_SPLINE_CURVE_WITH_KNOTS ( 'NONE', 3,
 ( #3793, #6092, #129, #7232, #885, #3228, #7283, #324, #5516, #5467, #835, #2558, #6068, #3181, #4403, #2054 ),
 .UNSPECIFIED., .F., .F.,
 ( 4, 3, 3, 3, 3, 4 ),
 ( -5.999999999640823100E-008, 0.0000000000000000000, 7.347346624923868700E-006, 4.949132734035382900E-005, 9.723157563013311000E-005, 9.936674351222238100E-005 ),
 .UNSPECIFIED. ) ;
#2990 = VERTEX_POINT ( 'NONE', #1926 ) ;
#2991 = DIRECTION ( 'NONE',  ( -1.000000000000000000, 3.484935554417692700E-015, 0.0000000000000000000 ) ) ;
#2992 = ADVANCED_FACE ( 'NONE', ( #2838 ), #3047, .T. ) ;
#2993 = LINE ( 'NONE', #3965, #2810 ) ;
#2994 = CARTESIAN_POINT ( 'NONE',  ( 3.239319337477993200, 3.125330245227718100, 1.894662966799330000 ) ) ;
#2995 = EDGE_CURVE ( 'NONE', #3972, #4316, #7285, .T. ) ;
#2996 = DIRECTION ( 'NONE',  ( 0.7313537016191741200, 0.0000000000000000000, -0.6819983600624947000 ) ) ;
#2997 = ORIENTED_EDGE ( 'NONE', *, *, #1934, .F. ) ;
#2998 = VERTEX_POINT ( 'NONE', #4426 ) ;
#2999 = CARTESIAN_POINT ( 'NONE',  ( -3.317374411475690900, 2.055555995698294500, -2.897295081958627600 ) ) ;
#3000 = DIRECTION ( 'NONE',  ( 0.8819238886962635900, 0.4698463103929562100, -0.03814051857259667700 ) ) ;
#3001 = LINE ( 'NONE', #3035, #1546 ) ;
#3002 = DIRECTION ( 'NONE',  ( -0.7313537016191697900, 0.0000000000000000000, -0.6819983600624991400 ) ) ;
#3003 = AXIS2_PLACEMENT_3D ( 'NONE', #2048, #7205, #929 ) ;
#3004 = CARTESIAN_POINT ( 'NONE',  ( 3.253831132270995400, 2.951007748578822600, 2.414581472091160500 ) ) ;
#3005 = CARTESIAN_POINT ( 'NONE',  ( -1.885973795566714400, 3.115628382665904400, -3.011300573978126700 ) ) ;
#3006 = CARTESIAN_POINT ( 'NONE',  ( 3.100000000000000500, 4.500000000000000000, 1.879202823377652800 ) ) ;
#3007 = ORIENTED_EDGE ( 'NONE', *, *, #6854, .T. ) ;
#3008 = EDGE_CURVE ( 'NONE', #1088, #1780, #4117, .T. ) ;
#3009 = VERTEX_POINT ( 'NONE', #3812 ) ;
#3010 = CYLINDRICAL_SURFACE ( 'NONE', #1830, 0.1500000000000000200 ) ;
#3011 = CARTESIAN_POINT ( 'NONE',  ( 3.116156483016746700, 2.772807392645520300, 2.450612490629968700 ) ) ;
#3012 = FACE_OUTER_BOUND ( 'NONE', #3814, .T. ) ;
#3013 = EDGE_LOOP ( 'NONE', ( #1613, #2084, #241, #6506, #6965 ) ) ;
#3014 = DIRECTION ( 'NONE',  ( 0.0000000000000000000, 0.0000000000000000000, 1.000000000000000000 ) ) ;
#3015 = CARTESIAN_POINT ( 'NONE',  ( 2.350000000000001900, -3.412945818780434800E-015, -1.149999999999999900 ) ) ;
#3016 = AXIS2_PLACEMENT_3D ( 'NONE', #4509, #4533, #7367 ) ;
#3017 = CARTESIAN_POINT ( 'NONE',  ( 3.248848284792187800, 2.829283322248509400, 2.421144927369708500 ) ) ;
#3018 = FACE_OUTER_BOUND ( 'NONE', #6925, .T. ) ;
#3019 = CARTESIAN_POINT ( 'NONE',  ( 2.499494246174041900, 2.887530631062918700, 3.045329303139182800 ) ) ;
#3020 = ORIENTED_EDGE ( 'NONE', *, *, #5710, .T. ) ;
#3021 = CARTESIAN_POINT ( 'NONE',  ( -3.068537154132051600, 2.852292096261801500, -2.422594871552473400 ) ) ;
#3022 = CARTESIAN_POINT ( 'NONE',  ( 2.141960055506168600, 2.821929211080253200, 2.772589524740630000 ) ) ;
#3023 = LINE ( 'NONE', #5365, #7376 ) ;
#3024 = ADVANCED_FACE ( 'NONE', ( #2555 ), #3177, .F. ) ;
#3025 = CARTESIAN_POINT ( 'NONE',  ( 3.004010976374651000, 2.687204667031139100, 2.175180482637804900 ) ) ;
#3026 = CARTESIAN_POINT ( 'NONE',  ( -1.980000000000001300, 4.179999999999999700, -0.9700000000000003100 ) ) ;
#3027 = ORIENTED_EDGE ( 'NONE', *, *, #2428, .T. ) ;
#3028 = CARTESIAN_POINT ( 'NONE',  ( -3.351579866966133600, 2.892833086965771500, -2.208734047442368500 ) ) ;
#3029 = CARTESIAN_POINT ( 'NONE',  ( 2.206861387234777500, 2.697641414866798200, 2.918534500419168100 ) ) ;
#3030 = CARTESIAN_POINT ( 'NONE',  ( -3.099999999999998800, 0.2500000000000000000, 3.541581843560808500E-016 ) ) ;
#3032 = ORIENTED_EDGE ( 'NONE', *, *, #2658, .F. ) ;
#3031 = EDGE_CURVE ( 'NONE', #524, #6071, #18, .T. ) ;
#3033 = CARTESIAN_POINT ( 'NONE',  ( -3.500000000000001300, 4.179999999999999700, -0.9700000000000004200 ) ) ;
#3034 = ORIENTED_EDGE ( 'NONE', *, *, #6801, .T. ) ;
#3035 = CARTESIAN_POINT ( 'NONE',  ( 2.302470107457224500, 1.946715935069752900, 1.417610868459649600 ) ) ;
#3036 = CARTESIAN_POINT ( 'NONE',  ( 3.064150375746164100, 2.836688206687685300, 2.400639617648326700 ) ) ;
#3037 = DIRECTION ( 'NONE',  ( -0.8900779411759770500, 0.4558083573520057600, 5.421010862427520300E-014 ) ) ;
#3038 = CARTESIAN_POINT ( 'NONE',  ( 1.907357770443500300, 3.115623340148254300, 3.034232079604815900 ) ) ;
#3039 = ORIENTED_EDGE ( 'NONE', *, *, #2717, .F. ) ;
#3040 = DIRECTION ( 'NONE',  ( 0.0000000000000000000, 1.000000000000000000, 0.0000000000000000000 ) ) ;
#3041 = B_SPLINE_CURVE_WITH_KNOTS ( 'NONE', 1,
 ( #3351, #6213 ),
 .UNSPECIFIED., .F., .F.,
 ( 2, 2 ),
 ( 0.0000000000000000000, 0.4464229175209192300 ),
 .UNSPECIFIED. ) ;
#3042 = EDGE_CURVE ( 'NONE', #7313, #4641, #1466, .T. ) ;
#3043 = EDGE_LOOP ( 'NONE', ( #4589, #1505, #1622, #3749, #5629 ) ) ;
#3044 = CARTESIAN_POINT ( 'NONE',  ( 2.263203435979724600, 2.664689108852207300, 2.944030809021481500 ) ) ;
#3045 = LINE ( 'NONE', #4099, #5769 ) ;
#3046 = CARTESIAN_POINT ( 'NONE',  ( -3.250000000000001300, 4.250000000000000000, -0.9700000000000004200 ) ) ;
#3047 = PLANE ( 'NONE',  #5868 ) ;
#3048 = CARTESIAN_POINT ( 'NONE',  ( 2.137004382773412600, 2.709622968109938900, 2.860878696322044900 ) ) ;
#3049 = ORIENTED_EDGE ( 'NONE', *, *, #5315, .F. ) ;
#3050 = AXIS2_PLACEMENT_3D ( 'NONE', #4155, #664, #1301 ) ;
#3051 = CARTESIAN_POINT ( 'NONE',  ( 4.053867229607820800E-029, 0.1499999999999883900, 0.0000000000000000000 ) ) ;
#3052 = LINE ( 'NONE', #7433, #7493 ) ;
#3053 = EDGE_CURVE ( 'NONE', #879, #2889, #566, .T. ) ;
#3054 = CARTESIAN_POINT ( 'NONE',  ( -1.885227991716565500, 3.113183389022005100, -3.012017010058450200 ) ) ;
#3055 = ORIENTED_EDGE ( 'NONE', *, *, #3275, .T. ) ;
#3056 = VERTEX_POINT ( 'NONE', #6692 ) ;
#3057 = VERTEX_POINT ( 'NONE', #6722 ) ;
#3058 = CARTESIAN_POINT ( 'NONE',  ( -3.172009373021390300, 3.129711993373499400, -1.822409825538670700 ) ) ;
#3059 = EDGE_LOOP ( 'NONE', ( #6431, #5935, #4338, #7179 ) ) ;
#3060 = VECTOR ( 'NONE', #6118, 1000.000000000000100 ) ;
#3061 = CARTESIAN_POINT ( 'NONE',  ( 2.222306734094221100, 2.649999999999999900, 2.902764154001006100 ) ) ;
#3062 = AXIS2_PLACEMENT_3D ( 'NONE', #1245, #2393, #4711 ) ;
#3063 = ORIENTED_EDGE ( 'NONE', *, *, #2026, .T. ) ;
#3064 = DIRECTION ( 'NONE',  ( -1.000000000000000000, -3.491481338843132600E-015, 0.0000000000000000000 ) ) ;
#3065 = VERTEX_POINT ( 'NONE', #2025 ) ;
#3066 = EDGE_CURVE ( 'NONE', #2889, #587, #3843, .T. ) ;
#3067 = DIRECTION ( 'NONE',  ( 0.0000000000000000000, -0.0000000000000000000, 1.000000000000000000 ) ) ;
#3068 = ORIENTED_EDGE ( 'NONE', *, *, #5562, .T. ) ;
#3069 = DIRECTION ( 'NONE',  ( -0.5990898797796674300, 0.5735764363510464900, 0.5586603508469323300 ) ) ;
#3070 = DIRECTION ( 'NONE',  ( 1.000000000000000000, 3.491481338843134100E-015, -0.0000000000000000000 ) ) ;
#3071 = CYLINDRICAL_SURFACE ( 'NONE', #6563, 0.2000000000000002100 ) ;
#3072 = ORIENTED_EDGE ( 'NONE', *, *, #3782, .T. ) ;
#3073 = AXIS2_PLACEMENT_3D ( 'NONE', #6035, #6765, #5035 ) ;
#3074 = VERTEX_POINT ( 'NONE', #4942 ) ;
#3075 = CARTESIAN_POINT ( 'NONE',  ( 3.349999999999999600, -9.334880824091971600, -1.646074051843217100 ) ) ;
#3076 = DIRECTION ( 'NONE',  ( 1.317318830548898700E-016, -0.0000000000000000000, 1.000000000000000000 ) ) ;
#3077 = ORIENTED_EDGE ( 'NONE', *, *, #4915, .F. ) ;
#3078 = ORIENTED_EDGE ( 'NONE', *, *, #1354, .F. ) ;
#3079 = CARTESIAN_POINT ( 'NONE',  ( -3.312677434621850800, 2.982358206814725900, -2.412036548978736800 ) ) ;
#3080 = ORIENTED_EDGE ( 'NONE', *, *, #2461, .F. ) ;
#3081 = CARTESIAN_POINT ( 'NONE',  ( 1.980000000000001300, 4.179999999999999700, -0.9699999999999998600 ) ) ;
#3082 = DIRECTION ( 'NONE',  ( 1.142445755987358100E-016, -0.0000000000000000000, 1.000000000000000000 ) ) ;
#3083 = CARTESIAN_POINT ( 'NONE',  ( -3.191188254397440400, 3.129175776470403100, -1.842976657819622500 ) ) ;
#3084 = LINE ( 'NONE', #4305, #6522 ) ;
#3085 = EDGE_CURVE ( 'NONE', #4567, #1444, #1747, .T. ) ;
#3086 = ORIENTED_EDGE ( 'NONE', *, *, #4519, .F. ) ;
#3087 = DIRECTION ( 'NONE',  ( -3.491481338843134100E-015, -1.000000000000000000, 0.0000000000000000000 ) ) ;
#3088 = CARTESIAN_POINT ( 'NONE',  ( 3.350000000000001400, 4.179999999999999700, -0.9699999999999999700 ) ) ;
#3089 = VECTOR ( 'NONE', #3375, 1000.000000000000000 ) ;
#3090 = CARTESIAN_POINT ( 'NONE',  ( 3.127275233891903600, 2.892439130144407200, 2.261048139182287200 ) ) ;
#3091 = B_SPLINE_CURVE_WITH_KNOTS ( 'NONE', 3,
 ( #1573, #1386, #2604, #947 ),
 .UNSPECIFIED., .F., .F.,
 ( 4, 4 ),
 ( 0.0000000000000000000, 1.000000000000000000 ),
 .UNSPECIFIED. ) ;
#3092 = VERTEX_POINT ( 'NONE', #856 ) ;
#3093 = CARTESIAN_POINT ( 'NONE',  ( -2.678939156946782900, 2.560313645555282800, -2.478314858332503900 ) ) ;
#3094 = ORIENTED_EDGE ( 'NONE', *, *, #90, .F. ) ;
#3095 = AXIS2_PLACEMENT_3D ( 'NONE', #4236, #6005, #747 ) ;
#3096 = LINE ( 'NONE', #6207, #554 ) ;
#3097 = CARTESIAN_POINT ( 'NONE',  ( -3.350000000000001400, 4.179999999999999700, -1.645639239468278400 ) ) ;
#3098 = EDGE_CURVE ( 'NONE', #2807, #5023, #2474, .T. ) ;
#3099 = SURFACE_SIDE_STYLE ('',( #3449 ) ) ;
#3100 = LINE ( 'NONE', #4671, #1911 ) ;
#3101 = EDGE_CURVE ( 'NONE', #4442, #746, #4371, .T. ) ;
#3102 = ADVANCED_FACE ( 'NONE', ( #3113 ), #7113, .F. ) ;
#3103 = VERTEX_POINT ( 'NONE', #1409 ) ;
#3104 = CARTESIAN_POINT ( 'NONE',  ( 3.451981752369437800, -2.287516853390374000, 1.756073648412773700 ) ) ;
#3105 = VECTOR ( 'NONE', #6097, 1000.000000000000000 ) ;
#3106 = LINE ( 'NONE', #5296, #2107 ) ;
#3107 = AXIS2_PLACEMENT_3D ( 'NONE', #380, #5546, #3229 ) ;
#3108 = DIRECTION ( 'NONE',  ( 0.0000000000000000000, 0.0000000000000000000, -1.000000000000000000 ) ) ;
#3109 = CARTESIAN_POINT ( 'NONE',  ( 3.531638913427471000, 3.093189670998946800, 2.274290676970866600 ) ) ;
#3110 = ADVANCED_FACE ( 'NONE', ( #5216 ), #4451, .T. ) ;
#3111 = EDGE_CURVE ( 'NONE', #6990, #5822, #849, .T. ) ;
#3112 = ORIENTED_EDGE ( 'NONE', *, *, #1152, .T. ) ;
#3113 = FACE_OUTER_BOUND ( 'NONE', #7249, .T. ) ;
#3114 = DIRECTION ( 'NONE',  ( -0.009204126107053069500, -0.4924038765061046200, -0.8703181639287821400 ) ) ;
#3115 =( BOUNDED_CURVE ( )  B_SPLINE_CURVE ( 3, ( #2469, #1805, #1272, #3004 ),
 .UNSPECIFIED., .F., .F. ) 
 B_SPLINE_CURVE_WITH_KNOTS ( ( 4, 4 ),
 ( 3.752457891787806900, 3.870929591950389000 ),
 .UNSPECIFIED. ) 
 CURVE ( )  GEOMETRIC_REPRESENTATION_ITEM ( )  RATIONAL_B_SPLINE_CURVE ( ( 1.000000000000000000, 0.9988307133228409000, 0.9988307133228409000, 1.000000000000000000 ) ) 
 REPRESENTATION_ITEM ( '' )  );
#3116 = DIRECTION ( 'NONE',  ( 0.009204126107052705200, 0.4924038765061045100, 0.8703181639287820300 ) ) ;
#3117 = DIRECTION ( 'NONE',  ( 1.000000000000000000, 0.0000000000000000000, 0.0000000000000000000 ) ) ;
#3118 = EDGE_LOOP ( 'NONE', ( #4394, #673, #4120, #6764 ) ) ;
#3119 = PLANE ( 'NONE',  #6161 ) ;
#3120 = CIRCLE ( 'NONE', #1235, 0.2999999999999999300 ) ;
#3121 = DIRECTION ( 'NONE',  ( 0.0000000000000000000, 1.000000000000000000, 0.0000000000000000000 ) ) ;
#3122 = CARTESIAN_POINT ( 'NONE',  ( 3.265756861891135000, 3.123306479669502700, 1.929731168198122600 ) ) ;
#3123 = CARTESIAN_POINT ( 'NONE',  ( 3.261235797955769100, 2.649999999999999900, 2.528929275305877900 ) ) ;
#3124 = DIRECTION ( 'NONE',  ( 0.4194872498868749700, -0.8191520442889914700, -0.3911781889619012600 ) ) ;
#3125 = ORIENTED_EDGE ( 'NONE', *, *, #4560, .T. ) ;
#3126 = EDGE_CURVE ( 'NONE', #6786, #286, #3144, .T. ) ;
#3127 = DIRECTION ( 'NONE',  ( -0.7313537016191747900, -3.771137991253932100E-014, 0.6819983600624941500 ) ) ;
#3128 = CIRCLE ( 'NONE', #5727, 0.02299999999999997900 ) ;
#3129 = CARTESIAN_POINT ( 'NONE',  ( -1.884851367023351800, 3.111887739978135900, -3.012416898625435800 ) ) ;
#3130 = ORIENTED_EDGE ( 'NONE', *, *, #5729, .F. ) ;
#3131 = CARTESIAN_POINT ( 'NONE',  ( -2.944686551374058300, 2.814300697858715500, -2.229557031043945400 ) ) ;
#3132 = CARTESIAN_POINT ( 'NONE',  ( 3.222395397200331000, 3.124483231342364500, 1.876361892742621100 ) ) ;
#3133 = DIRECTION ( 'NONE',  ( 0.009204126107053041800, 0.4924038765061046800, 0.8703181639287820300 ) ) ;
#3134 = EDGE_CURVE ( 'NONE', #1896, #2773, #1291, .T. ) ;
#3135 = VECTOR ( 'NONE', #4758, 1000.000000000000000 ) ;
#3136 = ADVANCED_FACE ( 'NONE', ( #6921 ), #5067, .F. ) ;
#3137 = ORIENTED_EDGE ( 'NONE', *, *, #813, .T. ) ;
#3138 = DIRECTION ( 'NONE',  ( 0.0000000000000000000, 0.0000000000000000000, -1.000000000000000000 ) ) ;
#3139 = CARTESIAN_POINT ( 'NONE',  ( -2.381588669437376000, 2.754935022487483600, -3.046558627214625200 ) ) ;
#3140 = AXIS2_PLACEMENT_3D ( 'NONE', #6760, #3339, #3288 ) ;
#3141 = LINE ( 'NONE', #2194, #5601 ) ;
#3142 = CARTESIAN_POINT ( 'NONE',  ( 1.885973795566714400, 3.115628382665904400, 3.011300573978126700 ) ) ;
#3143 = PLANE ( 'NONE',  #708 ) ;
#3144 = B_SPLINE_CURVE_WITH_KNOTS ( 'NONE', 3,
 ( #6193, #985, #4500, #957 ),
 .UNSPECIFIED., .F., .F.,
 ( 4, 4 ),
 ( 0.0000000000000000000, 0.3647069689505289500 ),
 .UNSPECIFIED. ) ;
#3145 = EDGE_CURVE ( 'NONE', #1401, #4010, #926, .T. ) ;
#3146 = EDGE_CURVE ( 'NONE', #5023, #306, #5391, .T. ) ;
#3147 = CARTESIAN_POINT ( 'NONE',  ( -2.185027964397975500, 2.848099436231695600, -3.208955137497977500 ) ) ;
#3148 = ADVANCED_FACE ( 'NONE', ( #6454 ), #1500, .F. ) ;
#3149 = ORIENTED_EDGE ( 'NONE', *, *, #1568, .F. ) ;
#3150 = VECTOR ( 'NONE', #5410, 1000.000000000000000 ) ;
#3151 = CARTESIAN_POINT ( 'NONE',  ( -3.001438340331879000, 2.685301753598899700, -2.176411125685656000 ) ) ;
#3152 = CARTESIAN_POINT ( 'NONE',  ( 2.222306734094221500, 2.649999999999999900, 2.902764154001006500 ) ) ;
#3153 = AXIS2_PLACEMENT_3D ( 'NONE', #3075, #206, #4300 ) ;
#3154 = DIRECTION ( 'NONE',  ( 3.491481338843133000E-015, -1.000000000000000000, 0.0000000000000000000 ) ) ;
#3155 = ORIENTED_EDGE ( 'NONE', *, *, #5190, .T. ) ;
#3156 = CLOSED_SHELL ( 'NONE', ( #5320, #3686, #4364, #4409, #819, #4705, #5425, #3759, #5945, #550, #3024, #5838, #4178, #2254, #5844, #6590, #927, #1759, #7207, #659, #3751, #5030, #4288, #7251, #356, #7140, #7031, #4512, #6441, #1766, #6148, #1959, #4134, #6041, #4323, #3863, #3110, #4990, #6752, #5801, #3598, #7316, #6640, #2075, #166, #5285, #6396, #1412, #7168, #2668, #1837, #4753, #5465, #1348, #6985, #1338, #3148, #6074, #3102, #5993, #4909, #2630, #12, #2832, #5875, #5584, #6788, #2496, #3416, #276, #767, #6138, #7061, #1187, #4874, #97, #2525, #4298, #4334, #624, #1374, #5575, #137, #7328 ) ) ;
#3157 = ORIENTED_EDGE ( 'NONE', *, *, #5774, .T. ) ;
#3158 = EDGE_CURVE ( 'NONE', #4777, #2068, #7104, .T. ) ;
#3159 = CARTESIAN_POINT ( 'NONE',  ( 3.269143326964645700, 3.137321539385737000, 1.926573238428398200 ) ) ;
#3160 = CARTESIAN_POINT ( 'NONE',  ( -1.889407923635564300, 3.119587246438398200, -3.014983225465383700 ) ) ;
#3161 = CARTESIAN_POINT ( 'NONE',  ( 3.233168315946964600, 3.125847499316132300, 1.887989580109168600 ) ) ;
#3162 = DIRECTION ( 'NONE',  ( -1.000000000000000000, -6.982962677686266700E-015, 0.0000000000000000000 ) ) ;
#3163 = ORIENTED_EDGE ( 'NONE', *, *, #6520, .F. ) ;
#3164 = ORIENTED_EDGE ( 'NONE', *, *, #584, .T. ) ;
#3165 = CARTESIAN_POINT ( 'NONE',  ( 3.308344323261362500, 2.974229134080793400, 2.283947487011448500 ) ) ;
#3166 = ORIENTED_EDGE ( 'NONE', *, *, #477, .T. ) ;
#3167 = VECTOR ( 'NONE', #1173, 1000.000000000000100 ) ;
#3168 = CARTESIAN_POINT ( 'NONE',  ( 3.349681998360063900, 2.049999999999999800, 1.646370593169897300 ) ) ;
#3169 = CARTESIAN_POINT ( 'NONE',  ( 2.960788822001790600, 2.727570477775227400, 2.215485793645868300 ) ) ;
#3170 = EDGE_LOOP ( 'NONE', ( #6157, #7441, #6078, #895 ) ) ;
#3171 = ORIENTED_EDGE ( 'NONE', *, *, #7020, .T. ) ;
#3172 = DIRECTION ( 'NONE',  ( 0.0000000000000000000, 1.000000000000000000, -0.0000000000000000000 ) ) ;
#3173 = ORIENTED_EDGE ( 'NONE', *, *, #477, .F. ) ;
#3174 = CIRCLE ( 'NONE', #6267, 0.2500000000000002200 ) ;
#3175 = CARTESIAN_POINT ( 'NONE',  ( -3.166396587949311200, 3.126035569390091400, -1.816390850451279600 ) ) ;
#3176 = ORIENTED_EDGE ( 'NONE', *, *, #1128, .F. ) ;
#3177 = PLANE ( 'NONE',  #6645 ) ;
#3178 = PLANE ( 'NONE',  #6716 ) ;
#3179 = ADVANCED_FACE ( 'NONE', ( #6358 ), #6740, .F. ) ;
#3180 = CARTESIAN_POINT ( 'NONE',  ( -3.250000000000001300, 4.500000000000000900, -0.9700000000000004200 ) ) ;
#3181 = CARTESIAN_POINT ( 'NONE',  ( -3.233650242465650600, 3.125908529843755900, -1.888509744701952100 ) ) ;
#3182 = LINE ( 'NONE', #1982, #7351 ) ;
#3183 = DIRECTION ( 'NONE',  ( 0.8819238886962633700, -0.4698463103929561600, -0.03814051857259696800 ) ) ;
#3184 = EDGE_LOOP ( 'NONE', ( #3755, #441, #7229, #1237 ) ) ;
#3185 = CARTESIAN_POINT ( 'NONE',  ( -2.944540611743690300, 2.814475746867173300, -2.229488378703858000 ) ) ;
#3186 = CARTESIAN_POINT ( 'NONE',  ( 3.167907118772754300, 3.122502958869017900, 1.815969992120082900 ) ) ;
#3188 = ADVANCED_FACE ( 'NONE', ( #6545 ), #3570, .T. ) ;
#3187 = VERTEX_POINT ( 'NONE', #6156 ) ;
#3189 = AXIS2_PLACEMENT_3D ( 'NONE', #1180, #631, #5305 ) ;
#3190 = VECTOR ( 'NONE', #2375, 1000.000000000000000 ) ;
#3191 = ORIENTED_EDGE ( 'NONE', *, *, #6494, .T. ) ;
#3192 = CARTESIAN_POINT ( 'NONE',  ( -2.944294750045206100, 2.815021492899146600, -2.229499437116123400 ) ) ;
#3193 = CARTESIAN_POINT ( 'NONE',  ( -3.531638913427471000, 3.093189670998946800, -2.274290676970866600 ) ) ;
#3194 = CYLINDRICAL_SURFACE ( 'NONE', #953, 0.3500000000000000300 ) ;
#3195 = B_SPLINE_CURVE_WITH_KNOTS ( 'NONE', 1,
 ( #2067, #4962 ),
 .UNSPECIFIED., .F., .F.,
 ( 2, 2 ),
 ( 0.0000000000000000000, 0.4464229175209192300 ),
 .UNSPECIFIED. ) ;
#3196 = CYLINDRICAL_SURFACE ( 'NONE', #3645, 0.3499999999999999800 ) ;
#3197 =( NAMED_UNIT ( * ) SI_UNIT ( $, .STERADIAN. ) SOLID_ANGLE_UNIT ( ) );
#3198 = AXIS2_PLACEMENT_3D ( 'NONE', #1178, #3483, #7530 ) ;
#3199 = ORIENTED_EDGE ( 'NONE', *, *, #2553, .F. ) ;
#3200 = CARTESIAN_POINT ( 'NONE',  ( -3.189158170469135200, 3.129331422276326000, -1.840799659336184400 ) ) ;
#3201 = EDGE_CURVE ( 'NONE', #4641, #4718, #1649, .T. ) ;
#3202 = CARTESIAN_POINT ( 'NONE',  ( 3.076176742384099300, 2.947775768417118400, 2.584011962506357100 ) ) ;
#3203 = VECTOR ( 'NONE', #3805, 1000.000000000000000 ) ;
#3204 = EDGE_CURVE ( 'NONE', #5679, #5603, #2104, .T. ) ;
#3205 = CARTESIAN_POINT ( 'NONE',  ( -2.190880056723572000, 2.681513213125143600, -2.923751105819028400 ) ) ;
#3206 = CARTESIAN_POINT ( 'NONE',  ( 1.980000000000001300, 4.350000000000000500, 0.6200000000000003300 ) ) ;
#3207 = ORIENTED_EDGE ( 'NONE', *, *, #2403, .T. ) ;
#3208 = CYLINDRICAL_SURFACE ( 'NONE', #74, 0.2000000000000002100 ) ;
#3209 = PLANE ( 'NONE',  #4428 ) ;
#3210 = CARTESIAN_POINT ( 'NONE',  ( 3.171234159302588100, 3.122565630313213000, 1.819618692098661700 ) ) ;
#3211 = CARTESIAN_POINT ( 'NONE',  ( 1.630000000000001200, 4.350000000000000500, -0.6199999999999998800 ) ) ;
#3212 =( BOUNDED_CURVE ( )  B_SPLINE_CURVE ( 3, ( #6318, #7518, #4053, #1121 ),
 .UNSPECIFIED., .F., .F. ) 
 B_SPLINE_CURVE_WITH_KNOTS ( ( 4, 4 ),
 ( 4.712388980384689700, 6.283185307179586200 ),
 .UNSPECIFIED. ) 
 CURVE ( )  GEOMETRIC_REPRESENTATION_ITEM ( )  RATIONAL_B_SPLINE_CURVE ( ( 1.000000000000000000, 0.8047378541243649400, 0.8047378541243649400, 1.000000000000000000 ) ) 
 REPRESENTATION_ITEM ( '' )  );
#3213 = EDGE_CURVE ( 'NONE', #7119, #5218, #4751, .T. ) ;
#3214 = ORIENTED_EDGE ( 'NONE', *, *, #6588, .T. ) ;
#3215 = VECTOR ( 'NONE', #4349, 999.9999999999998900 ) ;
#3216 = ORIENTED_EDGE ( 'NONE', *, *, #2707, .T. ) ;
#3217 = CARTESIAN_POINT ( 'NONE',  ( 1.968368199396191700, 3.118659409492348500, 3.099657754526002200 ) ) ;
#3218 = AXIS2_PLACEMENT_3D ( 'NONE', #1742, #5850, #5231 ) ;
#3219 = VERTEX_POINT ( 'NONE', #6187 ) ;
#3220 = ADVANCED_FACE ( 'NONE', ( #5122 ), #1551, .F. ) ;
#3221 = CARTESIAN_POINT ( 'NONE',  ( -4.304651082427970900, 1.091200236299941600, -2.052619887322272500 ) ) ;
#3222 = CARTESIAN_POINT ( 'NONE',  ( -3.276971034663228400, 2.974420593628062100, -1.866445863347411200 ) ) ;
#3223 = EDGE_CURVE ( 'NONE', #7403, #830, #5564, .T. ) ;
#3224 = CARTESIAN_POINT ( 'NONE',  ( -3.078266499920522000, 2.886899642838592200, -2.471288978780294100 ) ) ;
#3225 = ORIENTED_EDGE ( 'NONE', *, *, #6928, .T. ) ;
#3226 = DIRECTION ( 'NONE',  ( -1.000000000000000000, 3.491481338843134100E-015, 0.0000000000000000000 ) ) ;
#3227 = LINE ( 'NONE', #6395, #3867 ) ;
#3228 = CARTESIAN_POINT ( 'NONE',  ( -3.171234159302588100, 3.122565630313213000, -1.819618692098661700 ) ) ;
#3229 = DIRECTION ( 'NONE',  ( 0.7313537016191747900, 0.0000000000000000000, -0.6819983600624941500 ) ) ;
#3230 = CARTESIAN_POINT ( 'NONE',  ( 3.261235797955769100, 2.649999999999999900, 2.528929275305877900 ) ) ;
#3231 = EDGE_CURVE ( 'NONE', #5574, #6607, #270, .T. ) ;
#3232 = CARTESIAN_POINT ( 'NONE',  ( 2.472896696404071300, 2.786910444923624400, 3.095632133087447900 ) ) ;
#3233 = ORIENTED_EDGE ( 'NONE', *, *, #3359, .F. ) ;
#3234 = CIRCLE ( 'NONE', #1089, 0.3500000000000000300 ) ;
#3235 = ORIENTED_EDGE ( 'NONE', *, *, #7045, .F. ) ;
#3236 = CARTESIAN_POINT ( 'NONE',  ( -2.449492765435436100, 2.786910444923621300, -3.117456651790626100 ) ) ;
#3237 = PLANE ( 'NONE',  #6469 ) ;
#3238 = ORIENTED_EDGE ( 'NONE', *, *, #3917, .F. ) ;
#3239 = AXIS2_PLACEMENT_3D ( 'NONE', #761, #7185, #3127 ) ;
#3240 = CARTESIAN_POINT ( 'NONE',  ( -3.366710564062426000, 2.863663646958515500, -2.203773303240915900 ) ) ;
#3241 = CARTESIAN_POINT ( 'NONE',  ( -1.429517658536180200, 1.462697334180883800, -3.436952807919214400 ) ) ;
#3242 = CARTESIAN_POINT ( 'NONE',  ( -3.248708610224443100, 0.03958625639737397400, 2.627537153928489300 ) ) ;
#3243 = DIRECTION ( 'NONE',  ( 0.0000000000000000000, 1.000000000000000000, 0.0000000000000000000 ) ) ;
#3244 = CIRCLE ( 'NONE', #3724, 0.5073896953895640200 ) ;
#3245 = B_SPLINE_CURVE_WITH_KNOTS ( 'NONE', 3,
 ( #1643, #497, #1665, #528 ),
 .UNSPECIFIED., .F., .F.,
 ( 4, 4 ),
 ( 8.269894283240230300E-006, 0.0002062151449344152600 ),
 .UNSPECIFIED. ) ;
#3246 = EDGE_CURVE ( 'NONE', #7258, #2082, #6914, .T. ) ;
#3247 = CARTESIAN_POINT ( 'NONE',  ( -3.233093868170667600, 2.952156128891860300, -2.435836158542573400 ) ) ;
#3248 = EDGE_LOOP ( 'NONE', ( #2038, #6397, #7425, #1124 ) ) ;
#3249 = ORIENTED_EDGE ( 'NONE', *, *, #186, .T. ) ;
#3250 = CARTESIAN_POINT ( 'NONE',  ( 2.318745569085527000, 2.817423300928300700, 2.956576080005630200 ) ) ;
#3251 = DIRECTION ( 'NONE',  ( 0.6819983600624948100, -0.0000000000000000000, 0.7313537016191739000 ) ) ;
#3252 = AXIS2_PLACEMENT_3D ( 'NONE', #1670, #4530, #1091 ) ;
#3253 =( NAMED_UNIT ( * ) SI_UNIT ( $, .STERADIAN. ) SOLID_ANGLE_UNIT ( ) );
#3254 = LINE ( 'NONE', #4312, #160 ) ;
#3255 = ORIENTED_EDGE ( 'NONE', *, *, #5008, .F. ) ;
#3256 = EDGE_CURVE ( 'NONE', #2165, #1067, #3195, .T. ) ;
#3257 = CARTESIAN_POINT ( 'NONE',  ( 2.252099253838314200, 2.812024832641892800, 2.874982179885584400 ) ) ;
#3258 = VERTEX_POINT ( 'NONE', #6130 ) ;
#3259 = EDGE_LOOP ( 'NONE', ( #5785, #2940, #6608, #931 ) ) ;
#3260 = CARTESIAN_POINT ( 'NONE',  ( -2.929933384884634100, 2.799596008033384800, -2.243844326592192600 ) ) ;
#3261 = CARTESIAN_POINT ( 'NONE',  ( -1.980000000000001300, 4.350000000000000500, -0.6200000000000003300 ) ) ;
#3262 = CARTESIAN_POINT ( 'NONE',  ( 3.269339770971442200, 3.137441106517997000, 1.926783898834556300 ) ) ;
#3263 = LINE ( 'NONE', #696, #3352 ) ;
#3264 = VERTEX_POINT ( 'NONE', #2646 ) ;
#3265 = AXIS2_PLACEMENT_3D ( 'NONE', #6488, #4687, #6436 ) ;
#3266 = ORIENTED_EDGE ( 'NONE', *, *, #1825, .F. ) ;
#3267 = EDGE_LOOP ( 'NONE', ( #6334, #233, #1490, #3606 ) ) ;
#3268 = CARTESIAN_POINT ( 'NONE',  ( 1.968382373761832000, 3.112866045276257800, 3.098513251985411300 ) ) ;
#3269 = CARTESIAN_POINT ( 'NONE',  ( 2.929692717984170100, 2.795605899534737900, 2.243116052301299800 ) ) ;
#3270 = VECTOR ( 'NONE', #5343, 1000.000000000000000 ) ;
#3271 = CARTESIAN_POINT ( 'NONE',  ( -2.244364645636737900, 2.821061224095819900, -2.882861914131833500 ) ) ;
#3272 = DIRECTION ( 'NONE',  ( 0.009204126107051180400, 0.4924038765061032300, 0.8703181639287829200 ) ) ;
#3273 = VERTEX_POINT ( 'NONE', #5555 ) ;
#3274 = CARTESIAN_POINT ( 'NONE',  ( -3.272822411444766400, 2.948858530223487300, -2.393284345445858600 ) ) ;
#3275 = EDGE_CURVE ( 'NONE', #3734, #1401, #3750, .T. ) ;
#3276 = ORIENTED_EDGE ( 'NONE', *, *, #5860, .T. ) ;
#3277 = CARTESIAN_POINT ( 'NONE',  ( 3.100000000000000500, 4.249999999999999100, 0.9700000000000004200 ) ) ;
#3278 = PLANE ( 'NONE',  #4780 ) ;
#3279 = AXIS2_PLACEMENT_3D ( 'NONE', #4483, #6222, #5049 ) ;
#3280 = FACE_OUTER_BOUND ( 'NONE', #6297, .T. ) ;
#3281 = CARTESIAN_POINT ( 'NONE',  ( -2.190880056723572000, 2.681513213125143600, -2.923751105819028400 ) ) ;
#3282 = EDGE_CURVE ( 'NONE', #3428, #2922, #5207, .T. ) ;
#3283 = ORIENTED_EDGE ( 'NONE', *, *, #299, .T. ) ;
#3284 = CARTESIAN_POINT ( 'NONE',  ( 2.381588669437376000, 2.754935022487483600, 3.046558627214625200 ) ) ;
#3285 = LINE ( 'NONE', #188, #6361 ) ;
#3286 = VECTOR ( 'NONE', #5802, 1000.000000000000000 ) ;
#3287 = CARTESIAN_POINT ( 'NONE',  ( 3.166843572955270400, 3.129835182247248800, 1.816870183185520700 ) ) ;
#3288 = DIRECTION ( 'NONE',  ( 0.0000000000000000000, 0.0000000000000000000, 1.000000000000000000 ) ) ;
#3289 = ORIENTED_EDGE ( 'NONE', *, *, #5095, .T. ) ;
#3290 = CYLINDRICAL_SURFACE ( 'NONE', #4185, 0.3500000000000000300 ) ;
#3291 = EDGE_CURVE ( 'NONE', #5277, #6990, #742, .T. ) ;
#3292 = VECTOR ( 'NONE', #3499, 1000.000000000000000 ) ;
#3293 = DIRECTION ( 'NONE',  ( -1.000000000000000000, 0.0000000000000000000, 0.0000000000000000000 ) ) ;
#3294 = CARTESIAN_POINT ( 'NONE',  ( 3.100000000000000100, 0.0000000000000000000, 1.646074051843240200 ) ) ;
#3295 = CARTESIAN_POINT ( 'NONE',  ( 2.930994718443269400, 2.799181039376521500, 2.241901917231023500 ) ) ;
#3296 = DIRECTION ( 'NONE',  ( 1.000000000000000000, -3.491481338843133700E-015, 0.0000000000000000000 ) ) ;
#3297 = CARTESIAN_POINT ( 'NONE',  ( -2.244250964150583400, 2.821265849970758600, -2.882632619732510300 ) ) ;
#3298 = ORIENTED_EDGE ( 'NONE', *, *, #3213, .F. ) ;
#3299 = CARTESIAN_POINT ( 'NONE',  ( -1.951311994560377200, 3.115628382665246700, -3.081367214148305100 ) ) ;
#3300 = B_SPLINE_CURVE_WITH_KNOTS ( 'NONE', 3,
 ( #207, #4840, #7228, #227, #1975, #6045, #2486, #6589, #4916, #6643, #781, #3689, #807 ),
 .UNSPECIFIED., .F., .F.,
 ( 4, 3, 3, 3, 4 ),
 ( -2.253415808373160400E-006, 0.0000000000000000000, 4.744269240625095800E-005, 8.962395942774290600E-005, 9.719794532385727700E-005 ),
 .UNSPECIFIED. ) ;
#3301 = VECTOR ( 'NONE', #6957, 1000.000000000000000 ) ;
#3302 = DIRECTION ( 'NONE',  ( -0.009204126107053008800, -0.4924038765061047300, -0.8703181639287820300 ) ) ;
#3303 = AXIS2_PLACEMENT_3D ( 'NONE', #6686, #2727, #3296 ) ;
#3304 = DIRECTION ( 'NONE',  ( 0.0000000000000000000, 1.037514040655985100E-016, 1.000000000000000000 ) ) ;
#3305 = EDGE_CURVE ( 'NONE', #3684, #621, #3091, .T. ) ;
#3306 = CARTESIAN_POINT ( 'NONE',  ( 3.023964497570293700, 2.973912840542980900, 2.484973073289406600 ) ) ;
#3307 = ORIENTED_EDGE ( 'NONE', *, *, #5301, .F. ) ;
#3308 = CARTESIAN_POINT ( 'NONE',  ( -1.951831095814068800, 3.115698476884946300, -3.081923882090095800 ) ) ;
#3309 = CYLINDRICAL_SURFACE ( 'NONE', #2411, 0.02300000000000001700 ) ;
#3310 = CARTESIAN_POINT ( 'NONE',  ( 2.469480522759808200, 2.661854146664691000, 3.098817766547588900 ) ) ;
#3311 = ORIENTED_EDGE ( 'NONE', *, *, #512, .T. ) ;
#3312 = AXIS2_PLACEMENT_3D ( 'NONE', #4052, #545, #1734 ) ;
#3313 = CARTESIAN_POINT ( 'NONE',  ( -2.841994996035833100, 2.815021492899142200, -2.119796381873244200 ) ) ;
#3314 = DIRECTION ( 'NONE',  ( 0.4321736818136809300, 0.7735893215949580800, 0.4634495336731496700 ) ) ;
#3315 = CARTESIAN_POINT ( 'NONE',  ( 2.348513628153881000, 2.918998984629662000, 3.160640193688776500 ) ) ;
#3316 = LINE ( 'NONE', #3503, #6665 ) ;
#3317 = ORIENTED_EDGE ( 'NONE', *, *, #2128, .T. ) ;
#3318 = CARTESIAN_POINT ( 'NONE',  ( -2.853580495207964000, 2.785760356083547800, -2.108992729114798100 ) ) ;
#3319 = DIRECTION ( 'NONE',  ( -3.491481338843133000E-015, -1.000000000000000000, 0.0000000000000000000 ) ) ;
#3320 = LINE ( 'NONE', #48, #3135 ) ;
#3321 = CARTESIAN_POINT ( 'NONE',  ( 2.507886263655123600, 2.901817111391473700, 3.063003833768412700 ) ) ;
#3322 = CARTESIAN_POINT ( 'NONE',  ( -2.318841173610888700, 2.849257804980990000, -2.960637373993567000 ) ) ;
#3323 = DIRECTION ( 'NONE',  ( -1.000000000000000000, 0.0000000000000000000, 1.606225440719266100E-016 ) ) ;
#3324 = CARTESIAN_POINT ( 'NONE',  ( -1.906990164673290700, 2.049999999999999800, -0.3925288496439796000 ) ) ;
#3325 = DIRECTION ( 'NONE',  ( 0.0000000000000000000, 0.0000000000000000000, -1.000000000000000000 ) ) ;
#3326 = ORIENTED_EDGE ( 'NONE', *, *, #1636, .F. ) ;
#3327 = CARTESIAN_POINT ( 'NONE',  ( 3.264617085130185900, 3.121430128103295200, 1.930825156977527000 ) ) ;
#3328 = VECTOR ( 'NONE', #1457, 1000.000000000000000 ) ;
#3329 = CARTESIAN_POINT ( 'NONE',  ( 3.349000000000001100, 2.049999999999999800, 1.645639239468278400 ) ) ;
#3330 = CARTESIAN_POINT ( 'NONE',  ( -2.350000000000001900, -3.412945818780434400E-015, 1.500000000000000000 ) ) ;
#3331 =( NAMED_UNIT ( * ) SI_UNIT ( $, .STERADIAN. ) SOLID_ANGLE_UNIT ( ) );
#3332 = CARTESIAN_POINT ( 'NONE',  ( 2.988879130295389900, 2.672717240949518600, 2.189291157387829300 ) ) ;
#3333 = ORIENTED_EDGE ( 'NONE', *, *, #3518, .T. ) ;
#3334 = ORIENTED_EDGE ( 'NONE', *, *, #4855, .T. ) ;
#3335 = CARTESIAN_POINT ( 'NONE',  ( -3.186590122898988100, 3.206999999999999900, -1.798456227463833600 ) ) ;
#3336 = AXIS2_PLACEMENT_3D ( 'NONE', #5981, #795, #7148 ) ;
#3337 = LINE ( 'NONE', #651, #1408 ) ;
#3338 = CARTESIAN_POINT ( 'NONE',  ( -2.945182081791296800, 2.814036774263106300, -2.229956667715153900 ) ) ;
#3339 = DIRECTION ( 'NONE',  ( -0.0000000000000000000, -1.000000000000000000, -0.0000000000000000000 ) ) ;
#3340 = EDGE_CURVE ( 'NONE', #7047, #3074, #4807, .T. ) ;
#3341 = ORIENTED_EDGE ( 'NONE', *, *, #666, .F. ) ;
#3342 = VERTEX_POINT ( 'NONE', #5366 ) ;
#3343 = CARTESIAN_POINT ( 'NONE',  ( 1.958179347105341500, 3.114637174240055400, 3.088594502814500300 ) ) ;
#3344 = CARTESIAN_POINT ( 'NONE',  ( -2.484598686415511600, 2.786910444923660800, -3.084719850863948000 ) ) ;
#3345 = ORIENTED_EDGE ( 'NONE', *, *, #4943, .F. ) ;
#3346 = DIRECTION ( 'NONE',  ( 0.5990898797796674300, 0.5735764363510464900, -0.5586603508469324400 ) ) ;
#3347 = CARTESIAN_POINT ( 'NONE',  ( -2.987640832905764700, 2.672900666989260500, -2.187579140202704100 ) ) ;
#3348 = B_SPLINE_CURVE_WITH_KNOTS ( 'NONE', 3,
 ( #4044, #562, #4626, #1133 ),
 .UNSPECIFIED., .F., .F.,
 ( 4, 4 ),
 ( 0.0000000000000000000, 0.0002218004755799159100 ),
 .UNSPECIFIED. ) ;
#3349 = EDGE_CURVE ( 'NONE', #3967, #5426, #3389, .T. ) ;
#3350 = EDGE_CURVE ( 'NONE', #6025, #1493, #7326, .T. ) ;
#3351 = CARTESIAN_POINT ( 'NONE',  ( -2.988879130295389900, 2.672717240949518600, -2.189291157387829300 ) ) ;
#3352 = VECTOR ( 'NONE', #3577, 1000.000000000000000 ) ;
#3353 = ORIENTED_EDGE ( 'NONE', *, *, #2878, .T. ) ;
#3354 = DIRECTION ( 'NONE',  ( 1.000000000000000000, 0.0000000000000000000, 0.0000000000000000000 ) ) ;
#3355 = ORIENTED_EDGE ( 'NONE', *, *, #1970, .T. ) ;
#3356 = CARTESIAN_POINT ( 'NONE',  ( -1.954633720483733000, 3.116088246796619100, -3.084929329091787000 ) ) ;
#3357 = ORIENTED_EDGE ( 'NONE', *, *, #1062, .F. ) ;
#3358 = VERTEX_POINT ( 'NONE', #7194 ) ;
#3359 = EDGE_CURVE ( 'NONE', #3943, #4857, #287, .T. ) ;
#3360 = DIRECTION ( 'NONE',  ( 1.000000000000000000, 3.491481338843134100E-015, -0.0000000000000000000 ) ) ;
#3361 = FACE_OUTER_BOUND ( 'NONE', #2689, .T. ) ;
#3362 = VERTEX_POINT ( 'NONE', #2034 ) ;
#3363 = ORIENTED_EDGE ( 'NONE', *, *, #1038, .F. ) ;
#3364 = CARTESIAN_POINT ( 'NONE',  ( -2.302096233430833900, 2.841869754398675100, -2.981440649309567500 ) ) ;
#3365 = CARTESIAN_POINT ( 'NONE',  ( -1.908629890758001500, 3.112505701907709400, -3.037101087672553500 ) ) ;
#3366 = VECTOR ( 'NONE', #3162, 1000.000000000000000 ) ;
#3367 = VECTOR ( 'NONE', #6835, 1000.000000000000000 ) ;
#3368 = AXIS2_PLACEMENT_3D ( 'NONE', #2982, #4720, #4773 ) ;
#3369 = ADVANCED_FACE ( 'NONE', ( #373 ), #4944, .T. ) ;
#3370 = ORIENTED_EDGE ( 'NONE', *, *, #2037, .T. ) ;
#3371 = CARTESIAN_POINT ( 'NONE',  ( -6.610844427539529300, -0.2181894562934653900, -2.596895673667706500 ) ) ;
#3372 = CARTESIAN_POINT ( 'NONE',  ( 2.000000000000001800, -4.618000567908624400E-015, 1.499999999999999800 ) ) ;
#3373 = EDGE_LOOP ( 'NONE', ( #3544, #6234, #5876, #5974 ) ) ;
#3374 = DIRECTION ( 'NONE',  ( 0.0000000000000000000, 1.000000000000000000, 0.0000000000000000000 ) ) ;
#3375 = DIRECTION ( 'NONE',  ( 0.7313537016191739000, -0.0000000000000000000, -0.6819983600624948100 ) ) ;
#3376 = DIRECTION ( 'NONE',  ( 5.042800802258159400E-016, -1.000000000000000000, 0.0000000000000000000 ) ) ;
#3377 = EDGE_CURVE ( 'NONE', #5708, #6330, #5012, .T. ) ;
#3378 = CIRCLE ( 'NONE', #2271, 0.02299999999999997900 ) ;
#3379 = DIRECTION ( 'NONE',  ( -0.4194872498868746900, 0.8191520442889915800, 0.3911781889619011500 ) ) ;
#3380 = ORIENTED_EDGE ( 'NONE', *, *, #4860, .T. ) ;
#3381 = ORIENTED_EDGE ( 'NONE', *, *, #7494, .T. ) ;
#3382 = CARTESIAN_POINT ( 'NONE',  ( -2.248192049305640900, 2.816995927951907200, -2.878625707056927200 ) ) ;
#3383 = CARTESIAN_POINT ( 'NONE',  ( -3.159001298442012400, 2.659311801097806100, -2.506776814479700500 ) ) ;
#3384 = LINE ( 'NONE', #5784, #1367 ) ;
#3385 = FACE_OUTER_BOUND ( 'NONE', #2875, .T. ) ;
#3386 = CARTESIAN_POINT ( 'NONE',  ( -3.350000000000001400, 0.1500000000000001100, -1.499999999999999800 ) ) ;
#3387 = EDGE_CURVE ( 'NONE', #2541, #5249, #106, .T. ) ;
#3388 = ORIENTED_EDGE ( 'NONE', *, *, #2544, .T. ) ;
#3389 = CIRCLE ( 'NONE', #4709, 0.1000000000000002600 ) ;
#3390 = CARTESIAN_POINT ( 'NONE',  ( -2.350000000000001900, -3.410166175906719700E-015, -1.499999999999999800 ) ) ;
#3391 = AXIS2_PLACEMENT_3D ( 'NONE', #165, #1939, #4876 ) ;
#3392 = EDGE_LOOP ( 'NONE', ( #2589, #266, #667, #7435 ) ) ;
#3393 = EDGE_CURVE ( 'NONE', #4452, #3342, #6099, .T. ) ;
#3394 = CARTESIAN_POINT ( 'NONE',  ( -2.129562106342401500, 2.794576878488202400, -2.784150799373009500 ) ) ;
#3395 = FACE_OUTER_BOUND ( 'NONE', #4972, .T. ) ;
#3396 = ORIENTED_EDGE ( 'NONE', *, *, #6394, .F. ) ;
#3397 = CARTESIAN_POINT ( 'NONE',  ( -3.074775076559878700, 2.949333988132963200, -2.578760106681276600 ) ) ;
#3398 = DIRECTION ( 'NONE',  ( 0.6819983600624948100, -0.0000000000000000000, 0.7313537016191739000 ) ) ;
#3399 = CARTESIAN_POINT ( 'NONE',  ( 3.003757589575264800, 2.662634703922750500, 2.255441710857885700 ) ) ;
#3400 = CARTESIAN_POINT ( 'NONE',  ( -2.988879130295389900, 2.672717240949518600, -2.189291157387829300 ) ) ;
#3401 = B_SPLINE_CURVE_WITH_KNOTS ( 'NONE', 3,
 ( #2429, #3036, #5326, #6474 ),
 .UNSPECIFIED., .F., .F.,
 ( 4, 4 ),
 ( 4.336808689942017300E-019, 8.058834469405672600E-005 ),
 .UNSPECIFIED. ) ;
#3402 = ORIENTED_EDGE ( 'NONE', *, *, #4328, .F. ) ;
#3403 = CARTESIAN_POINT ( 'NONE',  ( -3.349000000000001100, 2.049999999999999800, -1.645639239468278400 ) ) ;
#3404 = AXIS2_PLACEMENT_3D ( 'NONE', #391, #5060, #1526 ) ;
#3405 = CARTESIAN_POINT ( 'NONE',  ( -2.261071688629982200, 2.797309311133361600, -2.866615249082521200 ) ) ;
#3406 = EDGE_CURVE ( 'NONE', #6492, #3362, #6644, .T. ) ;
#3407 = DIRECTION ( 'NONE',  ( 1.317318830548898700E-016, -0.0000000000000000000, 1.000000000000000000 ) ) ;
#3408 = EDGE_LOOP ( 'NONE', ( #3191, #5630, #7411, #533 ) ) ;
#3409 = CIRCLE ( 'NONE', #3239, 0.02299999999999997900 ) ;
#3410 = CARTESIAN_POINT ( 'NONE',  ( 3.234992109402206900, 3.091465193812565900, 1.959787091476440400 ) ) ;
#3411 = AXIS2_PLACEMENT_3D ( 'NONE', #5220, #6287, #4022 ) ;
#3412 = DIRECTION ( 'NONE',  ( 0.0000000000000000000, -1.000000000000000000, 0.0000000000000000000 ) ) ;
#3413 = PLANE ( 'NONE',  #1772 ) ;
#3414 = CARTESIAN_POINT ( 'NONE',  ( -1.630000000000001200, 4.350000000000000500, -0.6200000000000007700 ) ) ;
#3415 = ORIENTED_EDGE ( 'NONE', *, *, #2192, .T. ) ;
#3416 = ADVANCED_FACE ( 'NONE', ( #3018 ), #5809, .T. ) ;
#3417 = LINE ( 'NONE', #6320, #5593 ) ;
#3418 = CARTESIAN_POINT ( 'NONE',  ( -2.383300864305077500, 2.744247870909520200, -2.897933230053748100 ) ) ;
#3419 = CARTESIAN_POINT ( 'NONE',  ( 3.249378372937839800, 2.993454998540977700, 1.838598953078888900 ) ) ;
#3420 = EDGE_LOOP ( 'NONE', ( #7270, #4463, #798, #4682, #5087 ) ) ;
#3421 = CARTESIAN_POINT ( 'NONE',  ( 2.182199805401552300, 2.696798113649098400, 2.941531797526668200 ) ) ;
#3422 = CARTESIAN_POINT ( 'NONE',  ( -2.190880056723572000, 2.681513213125143600, -2.923751105819028400 ) ) ;
#3423 = CIRCLE ( 'NONE', #5234, 0.1499999999999999700 ) ;
#3424 = CARTESIAN_POINT ( 'NONE',  ( -3.099999999999999600, -7.773710951811847300E-016, 1.500000000000000200 ) ) ;
#3425 = ORIENTED_EDGE ( 'NONE', *, *, #4137, .T. ) ;
#3426 = VERTEX_POINT ( 'NONE', #5388 ) ;
#3427 = EDGE_CURVE ( 'NONE', #7410, #1701, #1428, .T. ) ;
#3428 = VERTEX_POINT ( 'NONE', #4005 ) ;
#3429 = EDGE_CURVE ( 'NONE', #5559, #4431, #2014, .T. ) ;
#3430 = DIRECTION ( 'NONE',  ( 3.491481338843133000E-015, 1.000000000000000000, 0.0000000000000000000 ) ) ;
#3431 = VECTOR ( 'NONE', #2018, 1000.000000000000000 ) ;
#3432 = B_SPLINE_CURVE_WITH_KNOTS ( 'NONE', 3,
 ( #4999, #2030, #1980, #4920 ),
 .UNSPECIFIED., .F., .F.,
 ( 4, 4 ),
 ( 0.0000000000000000000, 1.194104605604310800E-006 ),
 .UNSPECIFIED. ) ;
#3433 = ORIENTED_EDGE ( 'NONE', *, *, #2388, .T. ) ;
#3434 = CARTESIAN_POINT ( 'NONE',  ( -3.305711012045604100, 2.049999999999999800, -1.892473320425273500 ) ) ;
#3435 = EDGE_LOOP ( 'NONE', ( #1872, #4411, #2663, #6525, #2618 ) ) ;
#3436 = AXIS2_PLACEMENT_3D ( 'NONE', #4570, #1682, #2850 ) ;
#3437 = DIRECTION ( 'NONE',  ( 0.0000000000000000000, 0.0000000000000000000, 1.000000000000000000 ) ) ;
#3438 = CARTESIAN_POINT ( 'NONE',  ( -6.699785041593268700, 0.8824128821501414600, -4.273344373685717700 ) ) ;
#3439 = EDGE_CURVE ( 'NONE', #4452, #5808, #4651, .T. ) ;
#3440 = CARTESIAN_POINT ( 'NONE',  ( 3.276971034663228400, 2.974420593628062100, 1.866445863347411200 ) ) ;
#3441 = VECTOR ( 'NONE', #4984, 1000.000000000000000 ) ;
#3442 = EDGE_LOOP ( 'NONE', ( #722, #5094, #3819 ) ) ;
#3443 = ORIENTED_EDGE ( 'NONE', *, *, #5062, .T. ) ;
#3444 = ORIENTED_EDGE ( 'NONE', *, *, #904, .T. ) ;
#3445 = CARTESIAN_POINT ( 'NONE',  ( -3.075624500474581700, 2.950745058512410400, -2.580323362795011300 ) ) ;
#3446 = AXIS2_PLACEMENT_3D ( 'NONE', #582, #6376, #2914 ) ;
#3447 = MANIFOLD_SOLID_BREP ( 'CirPattern1[1]', #5246 ) ;
#3448 = CARTESIAN_POINT ( 'NONE',  ( 2.000000000000001800, -4.618000567908624400E-015, -1.149999999999999700 ) ) ;
#3449 = SURFACE_STYLE_FILL_AREA ( #1901 ) ;
#3450 = CARTESIAN_POINT ( 'NONE',  ( 3.350000000000001400, 4.179999999999999700, -1.499999999999999800 ) ) ;
#3451 = DIRECTION ( 'NONE',  ( -1.000000000000000000, -3.491481338843133000E-015, 0.0000000000000000000 ) ) ;
#3452 = ORIENTED_EDGE ( 'NONE', *, *, #3145, .F. ) ;
#3453 = EDGE_CURVE ( 'NONE', #538, #4083, #3662, .T. ) ;
#3454 = ORIENTED_EDGE ( 'NONE', *, *, #5154, .F. ) ;
#3455 = EDGE_LOOP ( 'NONE', ( #2907, #4256 ) ) ;
#3456 = CARTESIAN_POINT ( 'NONE',  ( -3.259268491265609600, 3.125777925367918100, -1.915983773605818700 ) ) ;
#3457 = EDGE_LOOP ( 'NONE', ( #5855, #3443, #799, #6363, #3415, #7255 ) ) ;
#3458 = ADVANCED_FACE ( 'NONE', ( #1738 ), #3290, .T. ) ;
#3459 = CARTESIAN_POINT ( 'NONE',  ( -2.196368124876764100, 2.680542461124566100, -2.928319625870816600 ) ) ;
#3460 = CARTESIAN_POINT ( 'NONE',  ( 3.234616239896101600, 3.126035741999276100, 1.889547470607788400 ) ) ;
#3461 = FACE_OUTER_BOUND ( 'NONE', #5331, .T. ) ;
#3462 = CARTESIAN_POINT ( 'NONE',  ( 3.250000000000001300, 4.500000000000000900, 0.9700000000000004200 ) ) ;
#3463 = EDGE_LOOP ( 'NONE', ( #4255, #6684, #1520, #6342 ) ) ;
#3464 = ORIENTED_EDGE ( 'NONE', *, *, #7227, .F. ) ;
#3465 = EDGE_CURVE ( 'NONE', #2164, #2197, #201, .T. ) ;
#3466 = CARTESIAN_POINT ( 'NONE',  ( -3.068537154132051600, 2.852292096261801500, -2.422594871552473400 ) ) ;
#3467 = CIRCLE ( 'NONE', #4770, 0.2500000000000002200 ) ;
#3468 = CARTESIAN_POINT ( 'NONE',  ( -3.350000000000001400, 2.049999999999999800, -1.646074051843239100 ) ) ;
#3469 = VERTEX_POINT ( 'NONE', #5068 ) ;
#3470 = LINE ( 'NONE', #5043, #3655 ) ;
#3471 = CARTESIAN_POINT ( 'NONE',  ( 3.350000000000001400, 4.179999999999999700, 0.9700000000000003100 ) ) ;
#3472 = DIRECTION ( 'NONE',  ( -3.491481338843134100E-015, 1.000000000000000000, -0.0000000000000000000 ) ) ;
#3473 = PLANE ( 'NONE',  #2852 ) ;
#3474 = VERTEX_POINT ( 'NONE', #4502 ) ;
#3475 = CARTESIAN_POINT ( 'NONE',  ( 1.951311994573425200, 3.115628382665900400, 3.081367214162293400 ) ) ;
#3476 = VECTOR ( 'NONE', #569, 1000.000000000000200 ) ;
#3477 = VECTOR ( 'NONE', #977, 1000.000000000000000 ) ;
#3478 = PRODUCT_DEFINITION_CONTEXT ( 'detailed design', #2365, 'design' ) ;
#3479 = CARTESIAN_POINT ( 'NONE',  ( -2.206861387234777500, 2.697641414866798200, -2.918534500419168100 ) ) ;
#3480 = CARTESIAN_POINT ( 'NONE',  ( 3.189158170469135200, 3.129331422276326000, 1.840799659336184400 ) ) ;
#3481 = ORIENTED_EDGE ( 'NONE', *, *, #3892, .F. ) ;
#3482 = CARTESIAN_POINT ( 'NONE',  ( -1.985403100728843300, 3.109701057155465500, -3.111947631985063200 ) ) ;
#3483 = DIRECTION ( 'NONE',  ( 0.0000000000000000000, 1.000000000000000000, -0.0000000000000000000 ) ) ;
#3484 = LINE ( 'NONE', #5124, #111 ) ;
#3485 = B_SPLINE_CURVE_WITH_KNOTS ( 'NONE', 3,
 ( #6960, #2362, #1827, #2921 ),
 .UNSPECIFIED., .F., .F.,
 ( 4, 4 ),
 ( 8.868670336624405700E-005, 0.0001631810288677560900 ),
 .UNSPECIFIED. ) ;
#3486 = EDGE_CURVE ( 'NONE', #3646, #434, #9, .T. ) ;
#3487 = CARTESIAN_POINT ( 'NONE',  ( -3.064150375746164100, 2.836688206687685300, -2.400639617648326700 ) ) ;
#3488 = ORIENTED_EDGE ( 'NONE', *, *, #3377, .T. ) ;
#3489 = CARTESIAN_POINT ( 'NONE',  ( 3.247846020894814300, 3.123688900415961400, 1.904320430568296400 ) ) ;
#3490 = DIRECTION ( 'NONE',  ( -1.000000000000000000, 0.0000000000000000000, 0.0000000000000000000 ) ) ;
#3491 = FACE_OUTER_BOUND ( 'NONE', #7356, .T. ) ;
#3492 = ADVANCED_FACE ( 'NONE', ( #5295 ), #6804, .F. ) ;
#3493 = CARTESIAN_POINT ( 'NONE',  ( 2.196368124876764100, 2.680542461124566100, 2.928319625870816600 ) ) ;
#3494 = PRESENTATION_LAYER_ASSIGNMENT (  '', '', ( #5198 ) ) ;
#3495 = EDGE_CURVE ( 'NONE', #1315, #7410, #2022, .T. ) ;
#3496 = ORIENTED_EDGE ( 'NONE', *, *, #2, .F. ) ;
#3497 = CARTESIAN_POINT ( 'NONE',  ( -2.137004382773412600, 2.709622968109938900, -2.860878696322044900 ) ) ;
#3498 = LINE ( 'NONE', #6463, #854 ) ;
#3499 = DIRECTION ( 'NONE',  ( 1.142445755987358100E-016, -0.0000000000000000000, 1.000000000000000000 ) ) ;
#3500 = CARTESIAN_POINT ( 'NONE',  ( -1.988273549576085700, 3.125280889729180200, -3.121003629221004600 ) ) ;
#3501 = CARTESIAN_POINT ( 'NONE',  ( -3.239319337477993200, 3.125330245227718100, -1.894662966799330000 ) ) ;
#3502 = ADVANCED_FACE ( 'NONE', ( #5656 ), #6442, .T. ) ;
#3503 = CARTESIAN_POINT ( 'NONE',  ( 2.000000000000001800, -4.634964287375531500E-015, -1.149999999999999700 ) ) ;
#3504 = CARTESIAN_POINT ( 'NONE',  ( -3.240561856059105400, 3.126862740717208000, -1.895923363342815000 ) ) ;
#3505 = VERTEX_POINT ( 'NONE', #2198 ) ;
#3506 = AXIS2_PLACEMENT_3D ( 'NONE', #82, #6519, #3671 ) ;
#3507 = CYLINDRICAL_SURFACE ( 'NONE', #1721, 0.3999999999999999700 ) ;
#3508 = EDGE_CURVE ( 'NONE', #3065, #2612, #2007, .T. ) ;
#3509 = CARTESIAN_POINT ( 'NONE',  ( 3.018178465251675700, 2.810653351678624300, 2.315320807684479600 ) ) ;
#3510 = CARTESIAN_POINT ( 'NONE',  ( -1.958179347105341500, 3.114637174240055400, -3.088594502814500300 ) ) ;
#3511 = CARTESIAN_POINT ( 'NONE',  ( 3.099999999999999600, 0.2500000000000000000, 1.499999999999999800 ) ) ;
#3512 = EDGE_LOOP ( 'NONE', ( #2326, #4714, #2664, #328, #6877, #588, #5270, #2793, #5690, #6727, #6700, #1484, #331, #1566, #2233, #1431, #7065 ) ) ;
#3513 = CARTESIAN_POINT ( 'NONE',  ( 3.262889902619790400, 3.119679099124153400, 1.932414858339228200 ) ) ;
#3514 = CARTESIAN_POINT ( 'NONE',  ( 3.350000000000001400, 4.179999999999999700, 1.645639239468278400 ) ) ;
#3515 = EDGE_LOOP ( 'NONE', ( #991, #4127, #2578, #3918 ) ) ;
#3516 = CARTESIAN_POINT ( 'NONE',  ( 2.182199805401552300, 2.696798113649098400, 2.941531797526668200 ) ) ;
#3517 = VECTOR ( 'NONE', #7030, 1000.000000000000000 ) ;
#3518 = EDGE_CURVE ( 'NONE', #5032, #7107, #6635, .T. ) ;
#3519 =( NAMED_UNIT ( * ) SI_UNIT ( $, .STERADIAN. ) SOLID_ANGLE_UNIT ( ) );
#3520 = EDGE_LOOP ( 'NONE', ( #5997, #7321, #7206, #6886 ) ) ;
#3521 = ORIENTED_EDGE ( 'NONE', *, *, #3495, .F. ) ;
#3522 = DIRECTION ( 'NONE',  ( 0.6819983600624948100, -0.0000000000000000000, 0.7313537016191739000 ) ) ;
#3523 = ORIENTED_EDGE ( 'NONE', *, *, #2295, .T. ) ;
#3524 = DIRECTION ( 'NONE',  ( 7.228014483236698300E-015, 0.8703550311807767300, 0.4924247350593887700 ) ) ;
#3525 = ADVANCED_FACE ( 'NONE', ( #3561 ), #3958, .T. ) ;
#3526 = EDGE_CURVE ( 'NONE', #6781, #2052, #99, .T. ) ;
#3527 = DIRECTION ( 'NONE',  ( 0.0000000000000000000, -1.000000000000000000, 0.0000000000000000000 ) ) ;
#3528 = VERTEX_POINT ( 'NONE', #4675 ) ;
#3529 = CARTESIAN_POINT ( 'NONE',  ( 3.189839452728862500, 3.122900865516671700, 1.840010488195306500 ) ) ;
#3530 = B_SPLINE_CURVE_WITH_KNOTS ( 'NONE', 3,
 ( #7348, #389, #6793, #5634, #2139, #1726, #5565, #2083, #4525, #4775, #1868, #4140, #5505, #6661, #7245, #2170 ),
 .UNSPECIFIED., .F., .F.,
 ( 4, 3, 3, 3, 3, 4 ),
 ( 0.0000000000000000000, 2.931710343577988700E-005, 4.146444205235334200E-005, 4.512025382275860300E-005, 4.961542524259159900E-005, 5.192270480901331200E-005 ),
 .UNSPECIFIED. ) ;
#3531 = DIRECTION ( 'NONE',  ( 0.0000000000000000000, 0.0000000000000000000, 1.000000000000000000 ) ) ;
#3532 = ADVANCED_FACE ( 'NONE', ( #1011 ), #6907, .F. ) ;
#3533 = ORIENTED_EDGE ( 'NONE', *, *, #4421, .F. ) ;
#3534 = ORIENTED_EDGE ( 'NONE', *, *, #3954, .T. ) ;
#3535 = ORIENTED_EDGE ( 'NONE', *, *, #4715, .F. ) ;
#3536 = CARTESIAN_POINT ( 'NONE',  ( 1.630000000000001200, 4.350000000000000500, 0.9700000000000004200 ) ) ;
#3537 = EDGE_CURVE ( 'NONE', #3706, #1064, #2071, .T. ) ;
#3538 = ORIENTED_EDGE ( 'NONE', *, *, #6448, .T. ) ;
#3539 = CARTESIAN_POINT ( 'NONE',  ( -2.000000000000001800, -4.618000567908624400E-015, 1.500000000000000000 ) ) ;
#3540 = ORIENTED_EDGE ( 'NONE', *, *, #5164, .T. ) ;
#3541 = CARTESIAN_POINT ( 'NONE',  ( -2.222306734094221100, 1.635220609220872500, -2.902764154001006500 ) ) ;
#3542 = UNCERTAINTY_MEASURE_WITH_UNIT (LENGTH_MEASURE( 1.000000000000000100E-005 ), #6933, 'distance_accuracy_value', 'NONE');
#3543 = LINE ( 'NONE', #4427, #1986 ) ;
#3544 = ORIENTED_EDGE ( 'NONE', *, *, #1822, .F. ) ;
#3545 = VERTEX_POINT ( 'NONE', #1692 ) ;
#3546 = CARTESIAN_POINT ( 'NONE',  ( -3.100000000000001400, 2.649999999999999900, -3.100000000000000100 ) ) ;
#3547 = CIRCLE ( 'NONE', #4049, 0.3500000000000000300 ) ;
#3548 = AXIS2_PLACEMENT_3D ( 'NONE', #3511, #17, #2884 ) ;
#3549 = CARTESIAN_POINT ( 'NONE',  ( -3.166843572955270000, 3.230000000000000000, -1.816870183185521000 ) ) ;
#3550 = DIRECTION ( 'NONE',  ( 1.000000000000000000, 5.042800802258159400E-016, 5.231976636574106000E-032 ) ) ;
#3551 = EDGE_CURVE ( 'NONE', #3986, #2164, #1642, .T. ) ;
#3552 = CARTESIAN_POINT ( 'NONE',  ( -2.350000000000001900, -3.410166175906719700E-015, -1.499999999999999800 ) ) ;
#3553 = ORIENTED_EDGE ( 'NONE', *, *, #7511, .F. ) ;
#3554 = CARTESIAN_POINT ( 'NONE',  ( 3.298699525350364100, 2.955527081853199300, 2.343370224139346400 ) ) ;
#3555 = CARTESIAN_POINT ( 'NONE',  ( 3.166436587511471500, 3.129844404920930900, 1.816433744730155700 ) ) ;
#3556 = CARTESIAN_POINT ( 'NONE',  ( 2.960287640805092700, 2.727978586899635800, 2.215040419046730800 ) ) ;
#3557 = CARTESIAN_POINT ( 'NONE',  ( 1.929468574240285100, 3.118437116832695600, 3.057943013677120600 ) ) ;
#3558 = AXIS2_PLACEMENT_3D ( 'NONE', #5704, #4489, #5127 ) ;
#3559 = CARTESIAN_POINT ( 'NONE',  ( -2.939819570804556500, 2.810189194262589000, -2.233672609271199100 ) ) ;
#3560 = ORIENTED_EDGE ( 'NONE', *, *, #2181, .T. ) ;
#3561 = FACE_OUTER_BOUND ( 'NONE', #198, .T. ) ;
#3562 = CARTESIAN_POINT ( 'NONE',  ( 2.244259809515543500, 2.821929211080253200, 2.882292579983505700 ) ) ;
#3563 = CARTESIAN_POINT ( 'NONE',  ( 2.350000000000001900, -3.395982099313527700E-015, 1.499999999999999800 ) ) ;
#3564 = FACE_OUTER_BOUND ( 'NONE', #4818, .T. ) ;
#3565 = PLANE ( 'NONE',  #5960 ) ;
#3566 = DIRECTION ( 'NONE',  ( -1.000000000000000000, 0.0000000000000000000, 0.0000000000000000000 ) ) ;
#3567 = ORIENTED_EDGE ( 'NONE', *, *, #3377, .F. ) ;
#3568 = AXIS2_PLACEMENT_3D ( 'NONE', #5771, #2968, #6387 ) ;
#3569 = DIRECTION ( 'NONE',  ( 0.0000000000000000000, 0.0000000000000000000, 1.000000000000000000 ) ) ;
#3570 = CYLINDRICAL_SURFACE ( 'NONE', #277, 0.2500000000000002200 ) ;
#3571 = EDGE_CURVE ( 'NONE', #4903, #2308, #3384, .T. ) ;
#3572 = CARTESIAN_POINT ( 'NONE',  ( 3.250000000000001800, 4.350000000000001400, 0.9700000000000004200 ) ) ;
#3573 = ADVANCED_FACE ( 'NONE', ( #5469 ), #6324, .T. ) ;
#3574 = ORIENTED_EDGE ( 'NONE', *, *, #4432, .F. ) ;
#3575 = DIRECTION ( 'NONE',  ( 3.491481338843133000E-015, 1.000000000000000000, 0.0000000000000000000 ) ) ;
#3576 = ORIENTED_EDGE ( 'NONE', *, *, #2893, .T. ) ;
#3577 = DIRECTION ( 'NONE',  ( 1.000000000000000000, 3.491481338843134100E-015, -0.0000000000000000000 ) ) ;
#3578 = CARTESIAN_POINT ( 'NONE',  ( -1.963937291366910900, 3.114011158435489300, -3.094906187393331500 ) ) ;
#3579 = AXIS2_PLACEMENT_3D ( 'NONE', #6612, #1874, #7106 ) ;
#3580 = CARTESIAN_POINT ( 'NONE',  ( 3.000150886302990600, 2.684352526940364700, 2.177027512674909900 ) ) ;
#3581 = EDGE_LOOP ( 'NONE', ( #2383, #433, #1648, #1828 ) ) ;
#3582 = EDGE_CURVE ( 'NONE', #1627, #2197, #5116, .T. ) ;
#3583 = FACE_OUTER_BOUND ( 'NONE', #1140, .T. ) ;
#3584 = CARTESIAN_POINT ( 'NONE',  ( 3.451981752369437800, 4.179999999999999700, 1.756073648412773700 ) ) ;
#3585 = CARTESIAN_POINT ( 'NONE',  ( 1.988273549576085700, 3.122884648564292900, 3.121003629221004600 ) ) ;
#3586 = CARTESIAN_POINT ( 'NONE',  ( 2.222306734094221100, 2.649999999999999900, 2.902764154001006100 ) ) ;
#3587 = ORIENTED_EDGE ( 'NONE', *, *, #658, .T. ) ;
#3588 = LINE ( 'NONE', #3668, #5314 ) ;
#3589 = EDGE_CURVE ( 'NONE', #2922, #2551, #1820, .T. ) ;
#3590 = EDGE_CURVE ( 'NONE', #1857, #6931, #5556, .T. ) ;
#3591 = ORIENTED_EDGE ( 'NONE', *, *, #1184, .T. ) ;
#3592 = CARTESIAN_POINT ( 'NONE',  ( 2.196368124876764100, 2.680542461124566100, 2.928319625870816600 ) ) ;
#3593 = ORIENTED_EDGE ( 'NONE', *, *, #1440, .F. ) ;
#3594 = CARTESIAN_POINT ( 'NONE',  ( -1.874163567568069000, 3.077441116313915700, -3.022313789757586500 ) ) ;
#3595 = VECTOR ( 'NONE', #982, 1000.000000000000000 ) ;
#3596 = DIRECTION ( 'NONE',  ( -1.000000000000000000, 3.484935554417692700E-015, 0.0000000000000000000 ) ) ;
#3597 = AXIS2_PLACEMENT_3D ( 'NONE', #1571, #5596, #1547 ) ;
#3598 = ADVANCED_FACE ( 'NONE', ( #281 ), #4040, .T. ) ;
#3599 = VERTEX_POINT ( 'NONE', #1086 ) ;
#3600 = EDGE_CURVE ( 'NONE', #5004, #3219, #6271, .T. ) ;
#3601 = CARTESIAN_POINT ( 'NONE',  ( -2.000000000000001300, 0.1499999999999953900, 1.149999999999999900 ) ) ;
#3602 = CYLINDRICAL_SURFACE ( 'NONE', #5382, 0.1999999999999998700 ) ;
#3603 = CARTESIAN_POINT ( 'NONE',  ( 1.884314040572206500, 3.111876284795210200, 3.011856924079910200 ) ) ;
#3604 = CARTESIAN_POINT ( 'NONE',  ( 3.234992109402206900, 3.091465193812565900, 1.959787091476440400 ) ) ;
#3605 = ORIENTED_EDGE ( 'NONE', *, *, #3066, .T. ) ;
#3606 = ORIENTED_EDGE ( 'NONE', *, *, #2101, .F. ) ;
#3607 = PLANE ( 'NONE',  #796 ) ;
#3608 = ORIENTED_EDGE ( 'NONE', *, *, #6651, .T. ) ;
#3609 = CARTESIAN_POINT ( 'NONE',  ( -2.472488292829814900, 2.778465741003976100, -3.080939861124821500 ) ) ;
#3610 = FACE_OUTER_BOUND ( 'NONE', #3184, .T. ) ;
#3611 = CARTESIAN_POINT ( 'NONE',  ( -1.630000000000001200, 4.500000000000000900, -0.6200000000000007700 ) ) ;
#3612 = CARTESIAN_POINT ( 'NONE',  ( 3.075624500474581700, 2.950745058512410400, 2.580323362795011300 ) ) ;
#3613 = DIRECTION ( 'NONE',  ( -1.000000000000000000, -0.0000000000000000000, 1.330309414092644500E-016 ) ) ;
#3614 = ORIENTED_EDGE ( 'NONE', *, *, #4553, .T. ) ;
#3615 = ORIENTED_EDGE ( 'NONE', *, *, #4350, .T. ) ;
#3616 = ORIENTED_EDGE ( 'NONE', *, *, #4619, .T. ) ;
#3617 = EDGE_CURVE ( 'NONE', #4161, #2248, #733, .T. ) ;
#3618 = CARTESIAN_POINT ( 'NONE',  ( -1.992586691285067600, 3.110542381954885200, -3.117007820589434300 ) ) ;
#3619 = DIRECTION ( 'NONE',  ( 0.0000000000000000000, 0.0000000000000000000, 1.000000000000000000 ) ) ;
#3620 = CARTESIAN_POINT ( 'NONE',  ( -1.980000000000001300, 4.500000000000000900, -0.6200000000000003300 ) ) ;
#3621 = ORIENTED_EDGE ( 'NONE', *, *, #2272, .F. ) ;
#3622 = ORIENTED_EDGE ( 'NONE', *, *, #3053, .F. ) ;
#3623 = EDGE_LOOP ( 'NONE', ( #5536, #3834, #2532, #6298 ) ) ;
#3624 = EDGE_CURVE ( 'NONE', #1064, #5007, #3245, .T. ) ;
#3625 = CARTESIAN_POINT ( 'NONE',  ( -3.269143326964645700, 3.230000000000000000, -1.926573238428398200 ) ) ;
#3626 = COLOUR_RGB ( '',0.7921568627450980000, 0.8196078431372548800, 0.9333333333333333500 ) ;
#3627 = CARTESIAN_POINT ( 'NONE',  ( -1.629999999999998600, 0.0000000000000000000, -3.249999999999999100 ) ) ;
#3628 = CARTESIAN_POINT ( 'NONE',  ( 1.885581398033818100, 3.119697467920330400, 3.010879779141962600 ) ) ;
#3629 = VERTEX_POINT ( 'NONE', #4646 ) ;
#3630 = ORIENTED_EDGE ( 'NONE', *, *, #2181, .F. ) ;
#3631 = VERTEX_POINT ( 'NONE', #6282 ) ;
#3632 = CARTESIAN_POINT ( 'NONE',  ( -3.248848284792187800, 2.829283322248509400, -2.421144927369708500 ) ) ;
#3633 = B_SPLINE_CURVE_WITH_KNOTS ( 'NONE', 3,
 ( #3287, #7364, #2744, #6759 ),
 .UNSPECIFIED., .F., .F.,
 ( 4, 4 ),
 ( 0.0000000000000000000, 3.588533151036158700E-006 ),
 .UNSPECIFIED. ) ;
#3634 = VERTEX_POINT ( 'NONE', #5187 ) ;
#3635 = CARTESIAN_POINT ( 'NONE',  ( 2.250225952649493900, 2.687428788633831300, 2.930611974635291900 ) ) ;
#3636 = EDGE_CURVE ( 'NONE', #3791, #6388, #2823, .T. ) ;
#3637 = VECTOR ( 'NONE', #2791, 1000.000000000000000 ) ;
#3638 = CARTESIAN_POINT ( 'NONE',  ( 1.988571853978591000, 3.120455110424765500, 3.120725455865406900 ) ) ;
#3639 = CARTESIAN_POINT ( 'NONE',  ( 2.222306734094221100, 2.649999999999999900, 2.902764154001006100 ) ) ;
#3640 = EDGE_CURVE ( 'NONE', #420, #1972, #4964, .T. ) ;
#3641 = ADVANCED_FACE ( 'NONE', ( #5286 ), #670, .T. ) ;
#3642 = ORIENTED_EDGE ( 'NONE', *, *, #6278, .F. ) ;
#3643 = DIRECTION ( 'NONE',  ( 3.491481338843134100E-015, -1.000000000000000000, 0.0000000000000000000 ) ) ;
#3644 = VECTOR ( 'NONE', #2800, 1000.000000000000000 ) ;
#3645 = AXIS2_PLACEMENT_3D ( 'NONE', #2535, #706, #205 ) ;
#3646 = VERTEX_POINT ( 'NONE', #5258 ) ;
#3647 = CARTESIAN_POINT ( 'NONE',  ( -3.003481516899944500, 2.811813004320799600, -2.297131873642952900 ) ) ;
#3648 = CARTESIAN_POINT ( 'NONE',  ( -1.885973795566711700, 3.119686418325990000, -3.011300573978128000 ) ) ;
#3649 = CARTESIAN_POINT ( 'NONE',  ( 2.326059493707732400, 3.077912769167391100, 3.077441108795565800 ) ) ;
#3651 = ADVANCED_FACE ( 'NONE', ( #4201 ), #3194, .T. ) ;
#3650 = EDGE_LOOP ( 'NONE', ( #4066, #156, #4436, #3886, #3621, #5162, #2140, #4659, #4650, #4453, #2162, #273, #1897, #6126, #2491, #884, #2427, #3027, #2898, #2039 ) ) ;
#3652 = EDGE_CURVE ( 'NONE', #5007, #7141, #915, .T. ) ;
#3653 = FACE_OUTER_BOUND ( 'NONE', #2687, .T. ) ;
#3654 = CARTESIAN_POINT ( 'NONE',  ( 2.945139349069672900, 2.814042254781830000, 2.229913509214565000 ) ) ;
#3655 = VECTOR ( 'NONE', #5667, 1000.000000000000100 ) ;
#3656 = CARTESIAN_POINT ( 'NONE',  ( -3.349999999999998300, 0.2500000000000002200, 2.150000000000000800 ) ) ;
#3657 = DIRECTION ( 'NONE',  ( 0.6819983600624948100, 0.0000000000000000000, 0.7313537016191739000 ) ) ;
#3658 = ORIENTED_EDGE ( 'NONE', *, *, #6340, .F. ) ;
#3659 = CARTESIAN_POINT ( 'NONE',  ( 3.262986432934594100, 3.133579969690472000, 1.919970777919632400 ) ) ;
#3660 = AXIS2_PLACEMENT_3D ( 'NONE', #1776, #2337, #1191 ) ;
#3661 = CARTESIAN_POINT ( 'NONE',  ( 2.519073134182603400, 2.650000000000000800, 3.221007155642457300 ) ) ;
#3662 = LINE ( 'NONE', #3862, #4845 ) ;
#3663 = FACE_OUTER_BOUND ( 'NONE', #1164, .T. ) ;
#3664 = ORIENTED_EDGE ( 'NONE', *, *, #6107, .T. ) ;
#3665 = CARTESIAN_POINT ( 'NONE',  ( -3.500000000000001300, 2.049999999999999800, -1.645639239468278400 ) ) ;
#3666 = CARTESIAN_POINT ( 'NONE',  ( 3.100000000000000500, 4.500000000000000900, 0.9700000000000004200 ) ) ;
#3667 = VECTOR ( 'NONE', #1434, 1000.000000000000000 ) ;
#3668 = CARTESIAN_POINT ( 'NONE',  ( -3.250000000000001300, 4.500000000000000900, 0.9699999999999999700 ) ) ;
#3669 = VERTEX_POINT ( 'NONE', #4805 ) ;
#3670 = FACE_OUTER_BOUND ( 'NONE', #2613, .T. ) ;
#3671 = DIRECTION ( 'NONE',  ( 0.0000000000000000000, 0.0000000000000000000, -1.000000000000000000 ) ) ;
#3672 = EDGE_CURVE ( 'NONE', #1379, #255, #7189, .T. ) ;
#3673 = CARTESIAN_POINT ( 'NONE',  ( -1.989148945118149200, 3.118192515407725000, -3.120187309671692800 ) ) ;
#3674 = ORIENTED_EDGE ( 'NONE', *, *, #5441, .T. ) ;
#3675 = ADVANCED_FACE ( 'NONE', ( #4296 ), #3742, .F. ) ;
#3676 = CARTESIAN_POINT ( 'NONE',  ( 2.853580495207964000, 2.785760356083547800, 2.108992729114798100 ) ) ;
#3677 =( BOUNDED_CURVE ( )  B_SPLINE_CURVE ( 3, ( #5699, #1599, #5678, #5076 ),
 .UNSPECIFIED., .F., .F. ) 
 B_SPLINE_CURVE_WITH_KNOTS ( ( 4, 4 ),
 ( 4.712388980384688800, 6.283185307179582700 ),
 .UNSPECIFIED. ) 
 CURVE ( )  GEOMETRIC_REPRESENTATION_ITEM ( )  RATIONAL_B_SPLINE_CURVE ( ( 1.000000000000000000, 0.8047378541243648300, 0.8047378541243648300, 1.000000000000000000 ) ) 
 REPRESENTATION_ITEM ( '' )  );
#3678 = CARTESIAN_POINT ( 'NONE',  ( 1.630000000000001200, 4.500000000000000900, -0.6199999999999998800 ) ) ;
#3679 = DIRECTION ( 'NONE',  ( 0.6819983600624933700, -0.0000000000000000000, 0.7313537016191753400 ) ) ;
#3680 = AXIS2_PLACEMENT_3D ( 'NONE', #6040, #3121, #4318 ) ;
#3681 = CARTESIAN_POINT ( 'NONE',  ( -3.297915196885238900, 2.968592387169215500, -1.901110363132154200 ) ) ;
#3682 = B_SPLINE_CURVE_WITH_KNOTS ( 'NONE', 3,
 ( #7014, #5752, #7491, #6910 ),
 .UNSPECIFIED., .F., .F.,
 ( 4, 4 ),
 ( 6.133173666733497700E-019, 8.868670336624405700E-005 ),
 .UNSPECIFIED. ) ;
#3683 = EDGE_CURVE ( 'NONE', #621, #6906, #4559, .T. ) ;
#3684 = VERTEX_POINT ( 'NONE', #64 ) ;
#3685 = EDGE_LOOP ( 'NONE', ( #1615, #1712, #1683, #1673 ) ) ;
#3686 = ADVANCED_FACE ( 'NONE', ( #4108 ), #3010, .F. ) ;
#3687 = CYLINDRICAL_SURFACE ( 'NONE', #4415, 0.2999999999999997700 ) ;
#3688 = CARTESIAN_POINT ( 'NONE',  ( 2.005062984187988100, 3.095607103199509600, 3.105501600479300800 ) ) ;
#3689 = CARTESIAN_POINT ( 'NONE',  ( 3.168565526892032700, 3.129796018790510700, 1.818716752707408400 ) ) ;
#3690 = VERTEX_POINT ( 'NONE', #2400 ) ;
#3691 = AXIS2_PLACEMENT_3D ( 'NONE', #4749, #700, #1762 ) ;
#3692 = DIRECTION ( 'NONE',  ( 1.000000000000000000, 0.0000000000000000000, 0.0000000000000000000 ) ) ;
#3693 = CIRCLE ( 'NONE', #3961, 0.2500000000000002200 ) ;
#3694 = EDGE_CURVE ( 'NONE', #7218, #3362, #4742, .T. ) ;
#3695 = CARTESIAN_POINT ( 'NONE',  ( -3.267549472984893700, 3.127525759019982800, -1.928059531309615400 ) ) ;
#3696 = ORIENTED_EDGE ( 'NONE', *, *, #616, .F. ) ;
#3697 = ORIENTED_EDGE ( 'NONE', *, *, #6380, .F. ) ;
#3698 = LINE ( 'NONE', #5340, #877 ) ;
#3699 = CARTESIAN_POINT ( 'NONE',  ( 2.988879130295389900, 2.672717240949518600, 2.189291157387829300 ) ) ;
#3700 = AXIS2_PLACEMENT_3D ( 'NONE', #2980, #6446, #5254 ) ;
#3701 = EDGE_LOOP ( 'NONE', ( #1946, #3740, #5987, #3171 ) ) ;
#3702 = DIRECTION ( 'NONE',  ( -0.0000000000000000000, -0.0000000000000000000, -1.000000000000000000 ) ) ;
#3703 = ORIENTED_EDGE ( 'NONE', *, *, #2667, .T. ) ;
#3704 = DIRECTION ( 'NONE',  ( -0.4321736818136791600, -0.7735893215949538600, -0.4634495336731583900 ) ) ;
#3705 = CARTESIAN_POINT ( 'NONE',  ( -3.350000000000001900, 9.549923952960633400E-017, -1.499999999999999800 ) ) ;
#3706 = VERTEX_POINT ( 'NONE', #7052 ) ;
#3707 = DIRECTION ( 'NONE',  ( -0.6819983600624948100, 0.0000000000000000000, -0.7313537016191739000 ) ) ;
#3708 = DIRECTION ( 'NONE',  ( 0.0000000000000000000, 0.0000000000000000000, 1.000000000000000000 ) ) ;
#3709 = VECTOR ( 'NONE', #6341, 1000.000000000000000 ) ;
#3710 = ORIENTED_EDGE ( 'NONE', *, *, #749, .T. ) ;
#3711 = CARTESIAN_POINT ( 'NONE',  ( -3.189068880933071600, 3.126035164890092600, -1.840703908002312600 ) ) ;
#3712 = CARTESIAN_POINT ( 'NONE',  ( 2.027991948634480000, 3.069535577218959900, 3.085332950362919200 ) ) ;
#3713 = DIRECTION ( 'NONE',  ( -0.0000000000000000000, -0.0000000000000000000, 1.000000000000000000 ) ) ;
#3714 = ADVANCED_FACE ( 'NONE', ( #7454 ), #7480, .F. ) ;
#3715 = VECTOR ( 'NONE', #4643, 1000.000000000000000 ) ;
#3716 = VERTEX_POINT ( 'NONE', #1282 ) ;
#3717 = CARTESIAN_POINT ( 'NONE',  ( -3.268303602822587800, 3.129701815023969500, -1.927356293859059400 ) ) ;
#3718 = VERTEX_POINT ( 'NONE', #4696 ) ;
#3719 = ORIENTED_EDGE ( 'NONE', *, *, #5729, .T. ) ;
#3720 = DIRECTION ( 'NONE',  ( -0.6819983600624931500, 0.0000000000000000000, -0.7313537016191754600 ) ) ;
#3721 = CARTESIAN_POINT ( 'NONE',  ( -1.980000000000001300, 4.179999999999999700, 0.9699999999999998600 ) ) ;
#3722 = ADVANCED_FACE ( 'NONE', ( #2546 ), #627, .T. ) ;
#3723 = VECTOR ( 'NONE', #909, 1000.000000000000100 ) ;
#3724 = AXIS2_PLACEMENT_3D ( 'NONE', #848, #2063, #3753 ) ;
#3725 = CARTESIAN_POINT ( 'NONE',  ( 3.001256687404107100, 2.664551243264973400, 2.232829688536492000 ) ) ;
#3726 = ORIENTED_EDGE ( 'NONE', *, *, #5484, .T. ) ;
#3727 = EDGE_CURVE ( 'NONE', #4056, #3273, #1276, .T. ) ;
#3728 = CYLINDRICAL_SURFACE ( 'NONE', #2771, 0.0009999999999999158900 ) ;
#3729 = DIRECTION ( 'NONE',  ( 1.000000000000000000, 0.0000000000000000000, 0.0000000000000000000 ) ) ;
#3730 = CARTESIAN_POINT ( 'NONE',  ( -1.531817412545554400, 1.462697334180883800, -3.546655863162090600 ) ) ;
#3731 = VECTOR ( 'NONE', #7352, 1000.000000000000000 ) ;
#3732 = B_SPLINE_CURVE_WITH_KNOTS ( 'NONE', 3,
 ( #3604, #5281, #701, #4219 ),
 .UNSPECIFIED., .F., .F.,
 ( 4, 4 ),
 ( 0.0000000000000000000, 0.8136112016920445900 ),
 .UNSPECIFIED. ) ;
#3733 = DIRECTION ( 'NONE',  ( 0.6915587563919107800, 0.7223202104729409300, 0.0000000000000000000 ) ) ;
#3734 = VERTEX_POINT ( 'NONE', #6633 ) ;
#3735 = CARTESIAN_POINT ( 'NONE',  ( 2.388465401156709200, 2.889749033031404000, 2.815557756020447200 ) ) ;
#3736 = DIRECTION ( 'NONE',  ( 0.6819983600624933700, -0.0000000000000000000, 0.7313537016191753400 ) ) ;
#3737 = EDGE_CURVE ( 'NONE', #465, #5481, #3829, .T. ) ;
#3738 =( NAMED_UNIT ( * ) PLANE_ANGLE_UNIT ( ) SI_UNIT ( $, .RADIAN. ) );
#3739 = LINE ( 'NONE', #2500, #637 ) ;
#3740 = ORIENTED_EDGE ( 'NONE', *, *, #572, .F. ) ;
#3741 = CARTESIAN_POINT ( 'NONE',  ( -3.365572467520396000, 2.865509092369907100, -2.195685736331221000 ) ) ;
#3742 = CYLINDRICAL_SURFACE ( 'NONE', #1056, 0.3500000000000000300 ) ;
#3743 = FACE_OUTER_BOUND ( 'NONE', #4404, .T. ) ;
#3744 = AXIS2_PLACEMENT_3D ( 'NONE', #6712, #6685, #4441 ) ;
#3745 = CARTESIAN_POINT ( 'NONE',  ( 3.233650242465650600, 3.125908529843755900, 1.888509744701952100 ) ) ;
#3746 = CARTESIAN_POINT ( 'NONE',  ( 3.234616239897258000, 3.126035741999276100, 1.889547470609032500 ) ) ;
#3747 = DIRECTION ( 'NONE',  ( 0.0000000000000000000, -1.000000000000000000, 0.0000000000000000000 ) ) ;
#3748 = EDGE_CURVE ( 'NONE', #1067, #3994, #6059, .T. ) ;
#3749 = ORIENTED_EDGE ( 'NONE', *, *, #271, .T. ) ;
#3750 = LINE ( 'NONE', #6208, #6277 ) ;
#3751 = ADVANCED_FACE ( 'NONE', ( #4479 ), #2634, .F. ) ;
#3752 = PLANE ( 'NONE',  #1898 ) ;
#3753 = DIRECTION ( 'NONE',  ( 0.7313537016191743500, 0.0000000000000000000, -0.6819983600624943700 ) ) ;
#3754 = CARTESIAN_POINT ( 'NONE',  ( -3.099999999999998800, 4.500000000000000000, -1.879202823377632800 ) ) ;
#3755 = ORIENTED_EDGE ( 'NONE', *, *, #6651, .F. ) ;
#3756 = AXIS2_PLACEMENT_3D ( 'NONE', #2797, #3472, #1603 ) ;
#3757 = CARTESIAN_POINT ( 'NONE',  ( 3.100000000000002300, 2.650000000000000800, 3.100000000000001000 ) ) ;
#3758 = VECTOR ( 'NONE', #189, 1000.000000000000000 ) ;
#3759 = ADVANCED_FACE ( 'NONE', ( #1095 ), #2478, .T. ) ;
#3760 = CARTESIAN_POINT ( 'NONE',  ( -3.278378958632869100, 2.830676121061022500, -2.393607128509462900 ) ) ;
#3761 = CARTESIAN_POINT ( 'NONE',  ( -2.990147807123188600, 2.677008140004553100, -2.181821883944389000 ) ) ;
#3762 = EDGE_CURVE ( 'NONE', #306, #7107, #4013, .T. ) ;
#3763 = ORIENTED_EDGE ( 'NONE', *, *, #127, .T. ) ;
#3764 = CARTESIAN_POINT ( 'NONE',  ( -2.182199805401552300, 2.696798113649098400, -2.941531797526668200 ) ) ;
#3765 = FACE_OUTER_BOUND ( 'NONE', #5508, .T. ) ;
#3766 = CARTESIAN_POINT ( 'NONE',  ( -3.099252197081730800, 2.907272590217529400, -2.560452888321922900 ) ) ;
#3767 = EDGE_LOOP ( 'NONE', ( #2759, #2147, #6450, #3622 ) ) ;
#3768 = CARTESIAN_POINT ( 'NONE',  ( -1.949745329491134900, 3.115829818233359500, -3.079687171548958000 ) ) ;
#3769 = DIRECTION ( 'NONE',  ( -5.042800802258159400E-016, -1.000000000000000000, 0.0000000000000000000 ) ) ;
#3770 = EDGE_CURVE ( 'NONE', #1785, #5032, #7005, .T. ) ;
#3771 = CARTESIAN_POINT ( 'NONE',  ( 2.240216019763925800, 2.668591327651332400, 2.941415339336148600 ) ) ;
#3772 =( BOUNDED_SURFACE ( )  B_SPLINE_SURFACE ( 3, 3, ( 
 ( #2606, #4377, #5020, #5511 ),
 ( #372, #4971, #4995, #5589 ),
 ( #7280, #6667, #882, #3306 ),
 ( #5539, #3888, #6777, #3202 ) ),
 .UNSPECIFIED., .F., .F., .F. ) 
 B_SPLINE_SURFACE_WITH_KNOTS ( ( 4, 4 ),
 ( 4, 4 ),
 ( 0.0000000000000000000, 1.000000000000000000 ),
 ( 0.0000000000000000000, 1.000000000000000000 ),
 .UNSPECIFIED. ) 
 GEOMETRIC_REPRESENTATION_ITEM ( )  RATIONAL_B_SPLINE_SURFACE ( (
 ( 1.000000000000000000, 0.9588221941632402200, 0.9588221941632402200, 1.000000000000000000),
 ( 0.9801383684162315900, 0.9397784209884294500, 0.9397784209884294500, 0.9801383684162315900),
 ( 0.9801383684162315900, 0.9397784209884294500, 0.9397784209884294500, 0.9801383684162315900),
 ( 1.000000000000000000, 0.9588221941632402200, 0.9588221941632402200, 1.000000000000000000) ) ) 
 REPRESENTATION_ITEM ( '' )  SURFACE ( )  );
#3773 = PRESENTATION_STYLE_ASSIGNMENT (( #6276 ) ) ;
#3774 = CLOSED_SHELL ( 'NONE', ( #2906, #6554, #2382 ) ) ;
#3775 = ORIENTED_EDGE ( 'NONE', *, *, #2173, .T. ) ;
#3776 = CARTESIAN_POINT ( 'NONE',  ( -3.269143326964645700, 3.206999999999999900, -1.926573238428398200 ) ) ;
#3777 = MECHANICAL_DESIGN_GEOMETRIC_PRESENTATION_REPRESENTATION (  '', ( #5198 ), #652 ) ;
#3778 = VECTOR ( 'NONE', #7327, 1000.000000000000000 ) ;
#3779 = CARTESIAN_POINT ( 'NONE',  ( 2.929884795176155500, 2.796390514538608800, 2.242936937422070500 ) ) ;
#3780 = CARTESIAN_POINT ( 'NONE',  ( -3.451981752369437800, 4.179999999999999700, -1.756073648412773700 ) ) ;
#3781 = B_SPLINE_CURVE_WITH_KNOTS ( 'NONE', 3,
 ( #1499, #7349, #390, #4961, #4468, #5036, #6660, #363, #6739, #1525, #2702, #6154, #1452, #7272, #1424, #899, #2674, #3269, #3779, #7322, #6767, #3295, #3876, #5504, #289, #4368, #4986, #1473, #1051, #2141, #3904, #4541, #5059, #437, #7447, #4493, #4515 ),
 .UNSPECIFIED., .F., .F.,
 ( 4, 3, 3, 3, 3, 3, 3, 3, 3, 3, 3, 3, 4 ),
 ( 2.125969666964390000E-005, 5.240279541580184500E-005, 7.870476515662834900E-005, 9.186855231486599800E-005, 9.605966327929034700E-005, 9.939560275450916600E-005, 0.0001018904512733142800, 0.0001050832570250403300, 0.0001105727111158676500, 0.0001160176376733998000, 0.0001214589514658193400, 0.0001253571140318022200, 0.0001292552992853364400 ),
 .UNSPECIFIED. ) ;
#3782 = EDGE_CURVE ( 'NONE', #6322, #3966, #4474, .T. ) ;
#3783 = ORIENTED_EDGE ( 'NONE', *, *, #264, .T. ) ;
#3784 = CARTESIAN_POINT ( 'NONE',  ( -3.167383481307799000, 3.122493403704286000, -1.815395977726565800 ) ) ;
#3785 = FACE_OUTER_BOUND ( 'NONE', #4207, .T. ) ;
#3786 = CARTESIAN_POINT ( 'NONE',  ( -3.350000000000001400, 4.179999999999999700, -1.646074051843239100 ) ) ;
#3787 = CARTESIAN_POINT ( 'NONE',  ( -3.068537154132051600, 2.852292096261801500, -2.422594871552473400 ) ) ;
#3788 = AXIS2_PLACEMENT_3D ( 'NONE', #6216, #2734, #5668 ) ;
#3789 = EDGE_LOOP ( 'NONE', ( #1435, #808, #5126 ) ) ;
#3790 = ORIENTED_EDGE ( 'NONE', *, *, #5474, .T. ) ;
#3791 = VERTEX_POINT ( 'NONE', #1994 ) ;
#3792 = EDGE_CURVE ( 'NONE', #7025, #178, #5378, .T. ) ;
#3793 = CARTESIAN_POINT ( 'NONE',  ( -3.167893077028064200, 3.122502720409079800, -1.815954495658374900 ) ) ;
#3794 = VECTOR ( 'NONE', #2502, 1000.000000000000000 ) ;
#3795 = CARTESIAN_POINT ( 'NONE',  ( -2.097976604818962100, 4.029999999999999400, -3.018703875211630600 ) ) ;
#3796 = CARTESIAN_POINT ( 'NONE',  ( 3.234132736328532600, 3.125972994355052900, 1.889028976510745100 ) ) ;
#3797 = ADVANCED_FACE ( 'NONE', ( #2371 ), #7027, .F. ) ;
#3798 = ORIENTED_EDGE ( 'NONE', *, *, #834, .F. ) ;
#3799 = ORIENTED_EDGE ( 'NONE', *, *, #4813, .T. ) ;
#3800 = CLOSED_SHELL ( 'NONE', ( #3900, #1727, #1912, #6034, #2978, #1798, #4097, #285, #736, #3573, #5239, #2488, #2565, #1922, #1418, #745, #692, #4784, #4400, #4826, #2448, #2941, #4057, #1998, #5436, #4447, #209, #5311, #1686, #4627, #245, #1952, #55, #5248, #852, #6513, #1458, #703, #775, #3220, #3675, #2917, #3179, #5353, #2421, #7136, #46, #7097 ) ) ;
#3801 = AXIS2_PLACEMENT_3D ( 'NONE', #3514, #2820, #539 ) ;
#3802 = DIRECTION ( 'NONE',  ( -3.491481338843134100E-015, -1.000000000000000000, 0.0000000000000000000 ) ) ;
#3803 = LINE ( 'NONE', #5683, #702 ) ;
#3804 = ORIENTED_EDGE ( 'NONE', *, *, #4660, .F. ) ;
#3805 = DIRECTION ( 'NONE',  ( 0.0000000000000000000, -1.000000000000000000, 0.0000000000000000000 ) ) ;
#3806 = ORIENTED_EDGE ( 'NONE', *, *, #4546, .F. ) ;
#3807 = CARTESIAN_POINT ( 'NONE',  ( -3.330107870537956300, 4.365925337565635700, 2.392545166429222500 ) ) ;
#3808 = ORIENTED_EDGE ( 'NONE', *, *, #2444, .T. ) ;
#3809 = LINE ( 'NONE', #4225, #7434 ) ;
#3810 = CARTESIAN_POINT ( 'NONE',  ( 3.350000000000001400, 4.179999999999999700, 1.500000000000000200 ) ) ;
#3811 = ORIENTED_EDGE ( 'NONE', *, *, #6916, .F. ) ;
#3812 = CARTESIAN_POINT ( 'NONE',  ( -2.350000000000001400, 0.1499999999999966100, 1.500000000000000200 ) ) ;
#3813 = CARTESIAN_POINT ( 'NONE',  ( -3.262901255083862300, 3.119679312412313400, -1.932452796606673400 ) ) ;
#3814 = EDGE_LOOP ( 'NONE', ( #1764, #72, #4173, #2345 ) ) ;
#3815 = ORIENTED_EDGE ( 'NONE', *, *, #5190, .F. ) ;
#3816 = CARTESIAN_POINT ( 'NONE',  ( 1.988273549576085700, -2.287516853390374000, 3.121003629221004600 ) ) ;
#3817 = EDGE_CURVE ( 'NONE', #4623, #7231, #2597, .T. ) ;
#3818 = LINE ( 'NONE', #3468, #5728 ) ;
#3819 = ORIENTED_EDGE ( 'NONE', *, *, #5112, .T. ) ;
#3820 = CARTESIAN_POINT ( 'NONE',  ( -2.944294750045205200, 2.815021492899146600, -2.229499437116122100 ) ) ;
#3821 = CARTESIAN_POINT ( 'NONE',  ( -2.027991948634480000, 3.069535577218959900, -3.085332950362919200 ) ) ;
#3822 = ORIENTED_EDGE ( 'NONE', *, *, #5694, .F. ) ;
#3823 = AXIS2_PLACEMENT_3D ( 'NONE', #1080, #4055, #2314 ) ;
#3824 = FACE_OUTER_BOUND ( 'NONE', #2697, .T. ) ;
#3825 = ORIENTED_EDGE ( 'NONE', *, *, #6616, .F. ) ;
#3826 = CARTESIAN_POINT ( 'NONE',  ( 2.350000000000001900, -3.412945818780435200E-015, 1.149999999999999700 ) ) ;
#3827 = CARTESIAN_POINT ( 'NONE',  ( -1.907497642152407000, 3.119082440460420300, -3.034382073575999900 ) ) ;
#3828 = VECTOR ( 'NONE', #6528, 1000.000000000000000 ) ;
#3829 = B_SPLINE_CURVE_WITH_KNOTS ( 'NONE', 3,
 ( #5480, #3659, #5432, #1330, #5383, #1894, #242, #7150, #1943, #199, #1404, #2569, #4882, #6579, #2505, #6558 ),
 .UNSPECIFIED., .F., .F.,
 ( 4, 3, 3, 3, 3, 4 ),
 ( 0.0000000000000000000, 2.931710343577988700E-005, 4.146444205235334200E-005, 4.512025382275860300E-005, 4.961542524259159900E-005, 5.192270480901331200E-005 ),
 .UNSPECIFIED. ) ;
#3830 = LINE ( 'NONE', #294, #2270 ) ;
#3831 = CARTESIAN_POINT ( 'NONE',  ( -1.630000000000001200, 4.350000000000000500, -0.9700000000000004200 ) ) ;
#3832 = ADVANCED_FACE ( 'NONE', ( #7273 ), #7369, .F. ) ;
#3833 =( GEOMETRIC_REPRESENTATION_CONTEXT ( 3 ) GLOBAL_UNCERTAINTY_ASSIGNED_CONTEXT ( ( #5450 ) ) GLOBAL_UNIT_ASSIGNED_CONTEXT ( ( #347, #320, #3253 ) ) REPRESENTATION_CONTEXT ( 'NONE', 'WORKASPACE' ) );
#3834 = ORIENTED_EDGE ( 'NONE', *, *, #3158, .F. ) ;
#3835 = CARTESIAN_POINT ( 'NONE',  ( 2.244259809515543000, 2.821929211080253600, 2.882292579983506600 ) ) ;
#3836 = EDGE_CURVE ( 'NONE', #684, #5476, #6728, .T. ) ;
#3837 = CARTESIAN_POINT ( 'NONE',  ( -3.451981752369437800, -2.287516853390374000, -1.756073648412773700 ) ) ;
#3838 = FACE_OUTER_BOUND ( 'NONE', #6980, .T. ) ;
#3839 = PLANE ( 'NONE',  #5437 ) ;
#3840 = CARTESIAN_POINT ( 'NONE',  ( 1.630000000000001200, 4.500000000000000900, 0.6200000000000007700 ) ) ;
#3841 = ORIENTED_EDGE ( 'NONE', *, *, #1568, .T. ) ;
#3842 = AXIS2_PLACEMENT_3D ( 'NONE', #2908, #5325, #6398 ) ;
#3843 = LINE ( 'NONE', #831, #7464 ) ;
#3844 = CARTESIAN_POINT ( 'NONE',  ( -2.960788822001790600, 2.727570477775227400, -2.215485793645868300 ) ) ;
#3845 = CARTESIAN_POINT ( 'NONE',  ( 3.257941543862459300, 3.120818597845292300, 1.918665371876514800 ) ) ;
#3846 = EDGE_CURVE ( 'NONE', #3716, #1743, #2269, .T. ) ;
#3847 = ORIENTED_EDGE ( 'NONE', *, *, #3624, .F. ) ;
#3848 = CARTESIAN_POINT ( 'NONE',  ( 1.977900264026785100, 3.111105802670600900, 3.106787881240612700 ) ) ;
#3849 = CYLINDRICAL_SURFACE ( 'NONE', #463, 0.5073896953895640200 ) ;
#3850 = ORIENTED_EDGE ( 'NONE', *, *, #2370, .T. ) ;
#3851 = CARTESIAN_POINT ( 'NONE',  ( 3.350000000000001900, 8.131516293641283300E-017, -1.500000000000000200 ) ) ;
#3852 = CARTESIAN_POINT ( 'NONE',  ( 2.388465401156709200, 2.889749033031404000, 2.815557756020447200 ) ) ;
#3853 = CARTESIAN_POINT ( 'NONE',  ( -2.166603114999113200, 1.862403764255938300, -1.466749423128763400 ) ) ;
#3854 = DIRECTION ( 'NONE',  ( -0.6819983600624933700, 0.0000000000000000000, -0.7313537016191753400 ) ) ;
#3855 = ORIENTED_EDGE ( 'NONE', *, *, #2115, .F. ) ;
#3856 = CARTESIAN_POINT ( 'NONE',  ( -3.288754719344653600, 2.950228971132732100, -2.369607113994459400 ) ) ;
#3857 = VECTOR ( 'NONE', #1189, 1000.000000000000200 ) ;
#3858 = ORIENTED_EDGE ( 'NONE', *, *, #3305, .F. ) ;
#3859 = DIRECTION ( 'NONE',  ( 0.0000000000000000000, 1.000000000000000000, 0.0000000000000000000 ) ) ;
#3860 = CARTESIAN_POINT ( 'NONE',  ( -3.350000000000001400, 0.1500000000000001100, 1.500000000000000200 ) ) ;
#3861 = EDGE_LOOP ( 'NONE', ( #6310, #5540 ) ) ;
#3862 = CARTESIAN_POINT ( 'NONE',  ( 2.994829943206959400, 2.693954659428874400, 2.432130445960585300 ) ) ;
#3863 = ADVANCED_FACE ( 'NONE', ( #7181 ), #6186, .T. ) ;
#3864 = VERTEX_POINT ( 'NONE', #5606 ) ;
#3865 = CARTESIAN_POINT ( 'NONE',  ( 3.250000000000001300, 4.250000000000000000, 0.9700000000000004200 ) ) ;
#3866 = VERTEX_POINT ( 'NONE', #3240 ) ;
#3867 = VECTOR ( 'NONE', #6943, 1000.000000000000100 ) ;
#3868 = CARTESIAN_POINT ( 'NONE',  ( 2.248192049305640900, 2.816995927951907200, 2.878625707056927200 ) ) ;
#3869 = DIRECTION ( 'NONE',  ( -0.0000000000000000000, 1.000000000000000000, 1.037514040655985100E-016 ) ) ;
#3870 = CARTESIAN_POINT ( 'NONE',  ( 3.259268491265609600, 3.125777925367918100, 1.915983773605818700 ) ) ;
#3871 = EDGE_LOOP ( 'NONE', ( #5447, #6356, #6851, #5979 ) ) ;
#3872 = VECTOR ( 'NONE', #469, 1000.000000000000000 ) ;
#3873 = CARTESIAN_POINT ( 'NONE',  ( -2.874358216493333900, 2.752586802168695900, -2.105530594023920600 ) ) ;
#3874 = DIRECTION ( 'NONE',  ( -1.142445755987358100E-016, 0.0000000000000000000, -1.000000000000000000 ) ) ;
#3875 = ORIENTED_EDGE ( 'NONE', *, *, #6319, .F. ) ;
#3876 = CARTESIAN_POINT ( 'NONE',  ( 2.931786630621957100, 2.800650923894249600, 2.241163447177501000 ) ) ;
#3877 = CARTESIAN_POINT ( 'NONE',  ( 1.951311994573425200, 3.115628382665900400, 3.081367214162293400 ) ) ;
#3878 = CARTESIAN_POINT ( 'NONE',  ( 1.993466470255342600, 3.109422787685936800, 3.116189812499612800 ) ) ;
#3879 = CARTESIAN_POINT ( 'NONE',  ( 0.0000000000000000000, 0.0000000000000000000, 0.0000000000000000000 ) ) ;
#3880 = VECTOR ( 'NONE', #7261, 1000.000000000000000 ) ;
#3881 = B_SPLINE_CURVE_WITH_KNOTS ( 'NONE', 3,
 ( #7476, #7380, #5185, #4112 ),
 .UNSPECIFIED., .F., .F.,
 ( 4, 4 ),
 ( 0.0000000000000000000, 3.908080274462979900E-006 ),
 .UNSPECIFIED. ) ;
#3882 = EDGE_CURVE ( 'NONE', #7201, #621, #3781, .T. ) ;
#3883 = DIRECTION ( 'NONE',  ( 0.0000000000000000000, 1.000000000000000000, 0.0000000000000000000 ) ) ;
#3884 = VERTEX_POINT ( 'NONE', #4417 ) ;
#3885 = VERTEX_POINT ( 'NONE', #2097 ) ;
#3886 = ORIENTED_EDGE ( 'NONE', *, *, #1152, .F. ) ;
#3887 = CARTESIAN_POINT ( 'NONE',  ( -3.240885025041015500, 3.097278091128265100, -1.953933892579194300 ) ) ;
#3888 = CARTESIAN_POINT ( 'NONE',  ( 3.157362928121621800, 2.767024083463285300, 2.508304619520144400 ) ) ;
#3889 = AXIS2_PLACEMENT_3D ( 'NONE', #1556, #6888, #7466 ) ;
#3890 = VECTOR ( 'NONE', #6184, 1000.000000000000000 ) ;
#3891 = VERTEX_POINT ( 'NONE', #7395 ) ;
#3892 = EDGE_CURVE ( 'NONE', #6461, #3103, #1, .T. ) ;
#3893 = CARTESIAN_POINT ( 'NONE',  ( 2.233566530746264000, 2.742871315494357400, 2.892264223756133600 ) ) ;
#3894 = CARTESIAN_POINT ( 'NONE',  ( -2.395556088220720100, 2.905325670479141500, -3.147704362652314000 ) ) ;
#3895 = CARTESIAN_POINT ( 'NONE',  ( 3.350000000000001400, -2.287516853390374000, 1.645639239468278400 ) ) ;
#3896 = CARTESIAN_POINT ( 'NONE',  ( 2.362600623323023900, 2.914283042967217500, 3.157901817412932700 ) ) ;
#3897 = LINE ( 'NONE', #2242, #4351 ) ;
#3898 = ORIENTED_EDGE ( 'NONE', *, *, #278, .F. ) ;
#3899 = ORIENTED_EDGE ( 'NONE', *, *, #2598, .T. ) ;
#3900 = ADVANCED_FACE ( 'NONE', ( #2642 ), #1545, .T. ) ;
#3901 = ORIENTED_EDGE ( 'NONE', *, *, #3727, .T. ) ;
#3902 = CARTESIAN_POINT ( 'NONE',  ( 1.955625906677282500, 3.115025058893683400, 3.085940243485506300 ) ) ;
#3903 = CARTESIAN_POINT ( 'NONE',  ( -3.350000000000001400, 4.179999999999999700, -0.9700000000000004200 ) ) ;
#3904 = CARTESIAN_POINT ( 'NONE',  ( 2.939819570804556500, 2.810189194262589000, 2.233672609271199100 ) ) ;
#3905 = CARTESIAN_POINT ( 'NONE',  ( -2.244476603498850600, 2.820977228932759900, -2.883025889925424000 ) ) ;
#3906 = CARTESIAN_POINT ( 'NONE',  ( 3.112747279225592600, 2.881323480759183200, 2.548061168299063700 ) ) ;
#3907 = EDGE_CURVE ( 'NONE', #2785, #3634, #4645, .T. ) ;
#3908 = ORIENTED_EDGE ( 'NONE', *, *, #2049, .T. ) ;
#3909 = LINE ( 'NONE', #5473, #2175 ) ;
#3910 =( BOUNDED_CURVE ( )  B_SPLINE_CURVE ( 3, ( #1070, #2160, #2582, #405 ),
 .UNSPECIFIED., .F., .F. ) 
 B_SPLINE_CURVE_WITH_KNOTS ( ( 4, 4 ),
 ( 3.827903063253757000, 3.974699096357952000 ),
 .UNSPECIFIED. ) 
 CURVE ( )  GEOMETRIC_REPRESENTATION_ITEM ( )  RATIONAL_B_SPLINE_CURVE ( ( 1.000000000000000000, 0.9982050497624677100, 0.9982050497624677100, 1.000000000000000000 ) ) 
 REPRESENTATION_ITEM ( '' )  );
#3911 = PLANE ( 'NONE',  #1746 ) ;
#3912 = CARTESIAN_POINT ( 'NONE',  ( -2.407400788524676200, 2.791199719888828300, -3.156708055265265300 ) ) ;
#3913 = CARTESIAN_POINT ( 'NONE',  ( -3.128569075079107500, 2.867308219936593300, -2.535155321870319800 ) ) ;
#3914 = VECTOR ( 'NONE', #3293, 1000.000000000000000 ) ;
#3915 = DIRECTION ( 'NONE',  ( 0.0000000000000000000, -1.000000000000000000, -1.037514040655985100E-016 ) ) ;
#3916 = CARTESIAN_POINT ( 'NONE',  ( 1.885973795566711700, 3.119686418325990000, 3.011300573978128000 ) ) ;
#3917 = EDGE_CURVE ( 'NONE', #1072, #5277, #5531, .T. ) ;
#3918 = ORIENTED_EDGE ( 'NONE', *, *, #1028, .F. ) ;
#3919 = CARTESIAN_POINT ( 'NONE',  ( 2.379850670112541700, 2.662652853352527300, 3.048179337804728400 ) ) ;
#3920 = CIRCLE ( 'NONE', #3700, 0.5073896953895636900 ) ;
#3921 = CARTESIAN_POINT ( 'NONE',  ( 2.244536499906733400, 2.820943539329711300, 2.883107702333587600 ) ) ;
#3922 = DIRECTION ( 'NONE',  ( -5.042800802258159400E-016, -1.000000000000000000, 0.0000000000000000000 ) ) ;
#3923 = DIRECTION ( 'NONE',  ( 0.7313537016191747900, 0.0000000000000000000, -0.6819983600624940400 ) ) ;
#3924 = EDGE_LOOP ( 'NONE', ( #5592, #3523, #2111, #4263, #3341 ) ) ;
#3925 = AXIS2_PLACEMENT_3D ( 'NONE', #5863, #103, #4760 ) ;
#3926 = EDGE_CURVE ( 'NONE', #2559, #3884, #4837, .T. ) ;
#3927 = LINE ( 'NONE', #4993, #7275 ) ;
#3928 = CARTESIAN_POINT ( 'NONE',  ( 1.951311994573425200, 3.115628382665900400, 3.081367214162293400 ) ) ;
#3929 = EDGE_CURVE ( 'NONE', #3092, #3884, #6196, .T. ) ;
#3930 = DIRECTION ( 'NONE',  ( 3.491481338843134100E-015, -1.000000000000000000, 0.0000000000000000000 ) ) ;
#3931 = CARTESIAN_POINT ( 'NONE',  ( -3.234616239897258000, 3.126035741999276600, -1.889547470609031800 ) ) ;
#3932 = ORIENTED_EDGE ( 'NONE', *, *, #7045, .T. ) ;
#3933 = B_SPLINE_CURVE_WITH_KNOTS ( 'NONE', 3,
 ( #5633, #6315, #514, #2826 ),
 .UNSPECIFIED., .F., .F.,
 ( 4, 4 ),
 ( 0.0000000000000000000, 8.434269282995268300E-005 ),
 .UNSPECIFIED. ) ;
#3934 = LINE ( 'NONE', #2766, #1019 ) ;
#3935 = CARTESIAN_POINT ( 'NONE',  ( -3.234616239897258000, 3.126035741999276100, -1.889547470609032500 ) ) ;
#3936 = AXIS2_PLACEMENT_3D ( 'NONE', #7085, #7183, #756 ) ;
#3937 = EDGE_CURVE ( 'NONE', #7474, #2335, #3096, .T. ) ;
#3938 = ORIENTED_EDGE ( 'NONE', *, *, #5484, .F. ) ;
#3939 = CARTESIAN_POINT ( 'NONE',  ( -1.969522190716183700, 3.118943794721331700, -3.100895258709201600 ) ) ;
#3940 = CARTESIAN_POINT ( 'NONE',  ( -2.453110310995071200, 2.900905161318848300, -3.112455478755828100 ) ) ;
#3941 = FACE_OUTER_BOUND ( 'NONE', #5754, .T. ) ;
#3942 = CARTESIAN_POINT ( 'NONE',  ( 2.490031946878999800, 2.830835462956047700, 3.079653253514830900 ) ) ;
#3943 = VERTEX_POINT ( 'NONE', #1632 ) ;
#3944 = CARTESIAN_POINT ( 'NONE',  ( -1.939411187542752900, 3.114129320860119100, -3.068681605769260700 ) ) ;
#3945 = CARTESIAN_POINT ( 'NONE',  ( -2.350000000000001900, -3.412945818780434400E-015, 1.500000000000000000 ) ) ;
#3946 = ORIENTED_EDGE ( 'NONE', *, *, #3134, .T. ) ;
#3947 = VERTEX_POINT ( 'NONE', #1604 ) ;
#3948 = CARTESIAN_POINT ( 'NONE',  ( 3.350000000000001400, 4.179999999999999700, -0.9699999999999998600 ) ) ;
#3949 = FACE_OUTER_BOUND ( 'NONE', #3267, .T. ) ;
#3950 = DIRECTION ( 'NONE',  ( -1.000000000000000000, 0.0000000000000000000, 0.0000000000000000000 ) ) ;
#3951 = DIRECTION ( 'NONE',  ( -1.606225440719266100E-016, -5.608106152246404900E-031, -1.000000000000000000 ) ) ;
#3952 = CARTESIAN_POINT ( 'NONE',  ( 1.887690873277517100, 3.119637903750236900, 3.013141914387876600 ) ) ;
#3953 = ORIENTED_EDGE ( 'NONE', *, *, #4869, .F. ) ;
#3954 = EDGE_CURVE ( 'NONE', #3891, #1498, #1910, .T. ) ;
#3955 = CARTESIAN_POINT ( 'NONE',  ( -1.980000000000001300, 4.500000000000000900, -0.9700000000000004200 ) ) ;
#3956 = LINE ( 'NONE', #396, #3595 ) ;
#3957 = CARTESIAN_POINT ( 'NONE',  ( -3.076473924389283400, 2.952156128891859400, -2.581886618908744600 ) ) ;
#3958 = PLANE ( 'NONE',  #7329 ) ;
#3959 = B_SPLINE_CURVE_WITH_KNOTS ( 'NONE', 3,
 ( #2905, #10, #2394, #1782, #7017, #1248, #622, #4768, #2473, #57, #7118, #5898, #6523, #3654, #4132, #4109 ),
 .UNSPECIFIED., .F., .F.,
 ( 4, 3, 3, 3, 3, 4 ),
 ( 0.0000000000000000000, 3.603110628231449400E-007, 7.210341936644370000E-007, 1.074813074046431700E-006, 1.414809267590425000E-006, 1.594187539279941100E-006 ),
 .UNSPECIFIED. ) ;
#3960 = ORIENTED_EDGE ( 'NONE', *, *, #5710, .F. ) ;
#3961 = AXIS2_PLACEMENT_3D ( 'NONE', #6747, #828, #7223 ) ;
#3962 = FACE_OUTER_BOUND ( 'NONE', #693, .T. ) ;
#3963 = CARTESIAN_POINT ( 'NONE',  ( 1.951311994573425200, 3.115628382665900400, 3.081367214162293400 ) ) ;
#3964 = EDGE_CURVE ( 'NONE', #6375, #4810, #752, .T. ) ;
#3965 = CARTESIAN_POINT ( 'NONE',  ( -2.000000000000001800, -4.634964287375531500E-015, -1.149999999999999700 ) ) ;
#3966 = VERTEX_POINT ( 'NONE', #6817 ) ;
#3967 = VERTEX_POINT ( 'NONE', #5733 ) ;
#3968 = ORIENTED_EDGE ( 'NONE', *, *, #5375, .T. ) ;
#3969 = CIRCLE ( 'NONE', #2490, 0.5073896953895640200 ) ;
#3970 = AXIS2_PLACEMENT_3D ( 'NONE', #7248, #3854, #4419 ) ;
#3971 = ORIENTED_EDGE ( 'NONE', *, *, #6723, .F. ) ;
#3972 = VERTEX_POINT ( 'NONE', #1656 ) ;
#3973 = DIRECTION ( 'NONE',  ( 1.606225440719266100E-016, 5.608106152246404900E-031, 1.000000000000000000 ) ) ;
#3974 = ORIENTED_EDGE ( 'NONE', *, *, #711, .F. ) ;
#3975 = CARTESIAN_POINT ( 'NONE',  ( -2.350000000000001400, 0.1499999999999966100, -1.499999999999999800 ) ) ;
#3976 = B_SPLINE_CURVE_WITH_KNOTS ( 'NONE', 3,
 ( #1864, #4162, #4241, #1306 ),
 .UNSPECIFIED., .F., .F.,
 ( 4, 4 ),
 ( 8.021583198531781500E-005, 0.0001690630429533457200 ),
 .UNSPECIFIED. ) ;
#3977 = EDGE_CURVE ( 'NONE', #3669, #1785, #1731, .T. ) ;
#3978 = ORIENTED_EDGE ( 'NONE', *, *, #6637, .T. ) ;
#3979 = CARTESIAN_POINT ( 'NONE',  ( 3.350000000000001400, 4.179999999999999700, 1.645639239468278400 ) ) ;
#3980 = ADVANCED_FACE ( 'NONE', ( #1361 ), #2827, .T. ) ;
#3981 = LINE ( 'NONE', #5148, #789 ) ;
#3982 = CARTESIAN_POINT ( 'NONE',  ( -2.259012180726067200, 2.786823684701662500, -2.868535771273392800 ) ) ;
#3983 = ORIENTED_EDGE ( 'NONE', *, *, #4058, .T. ) ;
#3984 = CARTESIAN_POINT ( 'NONE',  ( -3.114058924534711900, 2.660129138311673200, -2.400958660968159000 ) ) ;
#3985 = VERTEX_POINT ( 'NONE', #3421 ) ;
#3986 = VERTEX_POINT ( 'NONE', #4004 ) ;
#3987 = CARTESIAN_POINT ( 'NONE',  ( -4.053867229607820800E-029, 0.1499999999999883900, -1.499999999999999800 ) ) ;
#3988 = ORIENTED_EDGE ( 'NONE', *, *, #1342, .T. ) ;
#3989 = AXIS2_PLACEMENT_3D ( 'NONE', #3735, #6691, #6666 ) ;
#3990 = CARTESIAN_POINT ( 'NONE',  ( 2.350000000000001900, -3.395982099313527000E-015, -1.500000000000000000 ) ) ;
#3991 = EDGE_CURVE ( 'NONE', #2846, #4982, #4420, .T. ) ;
#3992 = CIRCLE ( 'NONE', #534, 0.3500000000000000300 ) ;
#3993 = VERTEX_POINT ( 'NONE', #1002 ) ;
#3994 = VERTEX_POINT ( 'NONE', #5245 ) ;
#3995 = ORIENTED_EDGE ( 'NONE', *, *, #1786, .T. ) ;
#3996 = DIRECTION ( 'NONE',  ( 1.000000000000000000, 0.0000000000000000000, 0.0000000000000000000 ) ) ;
#3997 = CARTESIAN_POINT ( 'NONE',  ( 1.949859907266674000, 3.115441426562255000, 3.079815122773812400 ) ) ;
#3998 = ORIENTED_EDGE ( 'NONE', *, *, #354, .F. ) ;
#3999 = FACE_OUTER_BOUND ( 'NONE', #5713, .T. ) ;
#4000 = AXIS2_PLACEMENT_3D ( 'NONE', #2027, #1481, #2127 ) ;
#4001 = CARTESIAN_POINT ( 'NONE',  ( -2.249857423731079600, 2.814969231754801200, -2.877170881960340300 ) ) ;
#4002 = ORIENTED_EDGE ( 'NONE', *, *, #958, .T. ) ;
#4003 =( BOUNDED_SURFACE ( )  B_SPLINE_SURFACE ( 3, 3, ( 
 ( #6587, #779, #4812, #4247 ),
 ( #182, #1900, #734, #3123 ),
 ( #1314, #5991, #6565, #123 ),
 ( #4839, #7133, #806, #2460 ) ),
 .UNSPECIFIED., .F., .F., .F. ) 
 B_SPLINE_SURFACE_WITH_KNOTS ( ( 4, 4 ),
 ( 4, 4 ),
 ( 0.0000000000000000000, 1.000000000000000000 ),
 ( 0.0000000000000000000, 1.000000000000000000 ),
 .UNSPECIFIED. ) 
 GEOMETRIC_REPRESENTATION_ITEM ( )  RATIONAL_B_SPLINE_SURFACE ( (
 ( 1.000000000000000000, 0.3333333333333330900, 0.3333333333333330900, 1.000000000000000000),
 ( 0.8047378541243654900, 0.2682459513747882900, 0.2682459513747882900, 0.8047378541243654900),
 ( 0.8047378541243654900, 0.2682459513747882900, 0.2682459513747882900, 0.8047378541243654900),
 ( 1.000000000000000000, 0.3333333333333330900, 0.3333333333333330900, 1.000000000000000000) ) ) 
 REPRESENTATION_ITEM ( '' )  SURFACE ( )  );
#4004 = CARTESIAN_POINT ( 'NONE',  ( -2.350000000000001900, -3.395982099313527700E-015, -1.499999999999999800 ) ) ;
#4005 = CARTESIAN_POINT ( 'NONE',  ( 3.100000000000000500, 4.500000000000000000, 1.879202823377652800 ) ) ;
#4006 = CARTESIAN_POINT ( 'NONE',  ( -3.308344323261362500, 2.974229134080793400, -2.283947487011448500 ) ) ;
#4007 = CARTESIAN_POINT ( 'NONE',  ( -3.262901255083862300, 3.119679312412313400, -1.932452796606673400 ) ) ;
#4008 = VECTOR ( 'NONE', #3550, 1000.000000000000000 ) ;
#4009 = CARTESIAN_POINT ( 'NONE',  ( -3.240693932845441200, 3.125239131511491600, -1.896064998355802700 ) ) ;
#4010 = VERTEX_POINT ( 'NONE', #515 ) ;
#4011 = CARTESIAN_POINT ( 'NONE',  ( -2.261063927270565700, 2.792704367739150800, -2.866622486667708400 ) ) ;
#4012 = CARTESIAN_POINT ( 'NONE',  ( -2.263203435979724600, 2.664689108852207300, -2.944030809021481500 ) ) ;
#4013 = LINE ( 'NONE', #3088, #826 ) ;
#4014 = DIRECTION ( 'NONE',  ( 1.000000000000000000, 3.491481338843133700E-015, 0.0000000000000000000 ) ) ;
#4015 = VECTOR ( 'NONE', #247, 1000.000000000000200 ) ;
#4016 = B_SPLINE_CURVE_WITH_KNOTS ( 'NONE', 3,
 ( #5673, #450, #3868, #2182, #3257, #4529, #1511, #1544, #2741, #2762, #6806, #6829, #7308, #4433, #5568, #348, #936, #6198, #4457, #7361, #7404, #1040, #6143, #3893, #5024 ),
 .UNSPECIFIED., .F., .F.,
 ( 4, 3, 3, 3, 3, 3, 3, 3, 4 ),
 ( 0.0000000000000000000, 1.094536363062815300E-005, 2.189408320467866500E-005, 3.299221285513846100E-005, 3.572134795716811000E-005, 3.845490253786863400E-005, 4.490272699856100000E-005, 7.358547015006989800E-005, 0.0001136230335195560600 ),
 .UNSPECIFIED. ) ;
#4017 = EDGE_CURVE ( 'NONE', #1743, #713, #2468, .T. ) ;
#4018 = CARTESIAN_POINT ( 'NONE',  ( -3.247851382349798300, 3.098396605053969700, -2.342519118927764300 ) ) ;
#4019 = ORIENTED_EDGE ( 'NONE', *, *, #4560, .F. ) ;
#4020 = PLANE ( 'NONE',  #1645 ) ;
#4021 = CARTESIAN_POINT ( 'NONE',  ( -1.928666909080211100, 3.113444989416475700, -3.057755649794604100 ) ) ;
#4022 = DIRECTION ( 'NONE',  ( -1.000000000000000000, 3.484935554417692700E-015, 0.0000000000000000000 ) ) ;
#4023 = VECTOR ( 'NONE', #7417, 1000.000000000000000 ) ;
#4024 = ADVANCED_FACE ( 'NONE', ( #3838 ), #2910, .F. ) ;
#4025 = AXIS2_PLACEMENT_3D ( 'NONE', #6913, #3451, #6345 ) ;
#4026 = ORIENTED_EDGE ( 'NONE', *, *, #3762, .F. ) ;
#4027 = EDGE_CURVE ( 'NONE', #4810, #1072, #4102, .T. ) ;
#4028 = LINE ( 'NONE', #5413, #6022 ) ;
#4029 = CARTESIAN_POINT ( 'NONE',  ( -3.073925652642142600, 2.947922917752089100, -2.577196850564789100 ) ) ;
#4030 = CARTESIAN_POINT ( 'NONE',  ( 1.630000000000001200, 4.500000000000000900, -0.6199999999999998800 ) ) ;
#4031 = DIRECTION ( 'NONE',  ( 3.491481338843134100E-015, -1.000000000000000000, 0.0000000000000000000 ) ) ;
#4032 = CARTESIAN_POINT ( 'NONE',  ( -2.000000000000001300, 0.1499999999999953900, -1.149999999999999700 ) ) ;
#4033 = ORIENTED_EDGE ( 'NONE', *, *, #4508, .F. ) ;
#4034 = ORIENTED_EDGE ( 'NONE', *, *, #780, .T. ) ;
#4035 = CARTESIAN_POINT ( 'NONE',  ( -3.500000000000001300, 4.250000000000000000, 0.9699999999999999700 ) ) ;
#4036 = AXIS2_PLACEMENT_3D ( 'NONE', #6458, #2298, #5858 ) ;
#4037 = CIRCLE ( 'NONE', #3198, 0.3500000000000000300 ) ;
#4038 = EDGE_CURVE ( 'NONE', #1074, #6846, #1552, .T. ) ;
#4039 = DIRECTION ( 'NONE',  ( 0.0000000000000000000, 0.0000000000000000000, 1.000000000000000000 ) ) ;
#4040 = PLANE ( 'NONE',  #6023 ) ;
#4041 = ORIENTED_EDGE ( 'NONE', *, *, #711, .T. ) ;
#4042 = CIRCLE ( 'NONE', #1674, 0.2999999999999998800 ) ;
#4043 = DIRECTION ( 'NONE',  ( -0.7313537016191739000, 0.0000000000000000000, 0.6819983600624948100 ) ) ;
#4044 = CARTESIAN_POINT ( 'NONE',  ( -3.003757589575264800, 2.662634703922750500, -2.255441710857885700 ) ) ;
#4045 = ORIENTED_EDGE ( 'NONE', *, *, #3429, .F. ) ;
#4046 = ORIENTED_EDGE ( 'NONE', *, *, #6789, .T. ) ;
#4047 = VECTOR ( 'NONE', #4495, 1000.000000000000000 ) ;
#4048 = DIRECTION ( 'NONE',  ( 0.0000000000000000000, 1.000000000000000000, 0.0000000000000000000 ) ) ;
#4049 = AXIS2_PLACEMENT_3D ( 'NONE', #918, #303, #2089 ) ;
#4050 = VERTEX_POINT ( 'NONE', #2901 ) ;
#4051 = CARTESIAN_POINT ( 'NONE',  ( -2.386361905417368100, 2.756916493494002500, -3.176327131158316300 ) ) ;
#4052 = CARTESIAN_POINT ( 'NONE',  ( 1.870422479592332300, 2.049999999999999800, 0.4266287676471041700 ) ) ;
#4053 = CARTESIAN_POINT ( 'NONE',  ( -3.349999999999998300, 0.1035533905932737300, -1.646074051843216900 ) ) ;
#4054 = LINE ( 'NONE', #6232, #495 ) ;
#4055 = DIRECTION ( 'NONE',  ( -0.0000000000000000000, 1.000000000000000000, 0.0000000000000000000 ) ) ;
#4056 = VERTEX_POINT ( 'NONE', #2925 ) ;
#4057 = ADVANCED_FACE ( 'NONE', ( #375 ), #2309, .F. ) ;
#4058 = EDGE_CURVE ( 'NONE', #2417, #1758, #5817, .T. ) ;
#4059 = EDGE_LOOP ( 'NONE', ( #6742, #2222, #2526 ) ) ;
#4060 = CARTESIAN_POINT ( 'NONE',  ( -2.261237587420845200, 2.793599829842803300, -2.866460545957711900 ) ) ;
#4061 = PLANE ( 'NONE',  #4395 ) ;
#4062 = CARTESIAN_POINT ( 'NONE',  ( -1.964462865838694700, 3.113581940744619500, -3.094884675270052300 ) ) ;
#4063 = LINE ( 'NONE', #914, #3880 ) ;
#4064 = DIRECTION ( 'NONE',  ( -1.000000000000000000, 3.491481338843134100E-015, 0.0000000000000000000 ) ) ;
#4065 = ORIENTED_EDGE ( 'NONE', *, *, #5847, .F. ) ;
#4066 = ORIENTED_EDGE ( 'NONE', *, *, #7334, .T. ) ;
#4067 = CARTESIAN_POINT ( 'NONE',  ( 2.944294750045206100, 2.815021492899146600, 2.229499437116123400 ) ) ;
#4068 = EDGE_LOOP ( 'NONE', ( #2865, #7462, #6416, #2959, #3072, #1678, #549, #6456, #2794, #3783 ) ) ;
#4069 = AXIS2_PLACEMENT_3D ( 'NONE', #1619, #4577, #7482 ) ;
#4070 = DIRECTION ( 'NONE',  ( -0.6819983600624948100, 0.0000000000000000000, -0.7313537016191739000 ) ) ;
#4071 = EDGE_CURVE ( 'NONE', #3734, #623, #6915, .T. ) ;
#4072 = VECTOR ( 'NONE', #4606, 1000.000000000000000 ) ;
#4073 = ORIENTED_EDGE ( 'NONE', *, *, #4915, .T. ) ;
#4074 = ORIENTED_EDGE ( 'NONE', *, *, #954, .F. ) ;
#4075 = CARTESIAN_POINT ( 'NONE',  ( -2.122821699205876400, 2.762694048011758300, -2.805258744273711400 ) ) ;
#4076 = CARTESIAN_POINT ( 'NONE',  ( -1.630000000000001200, 4.500000000000000900, -0.6200000000000007700 ) ) ;
#4077 = LINE ( 'NONE', #307, #1792 ) ;
#4078 = DIRECTION ( 'NONE',  ( 3.491481338843134100E-015, -1.000000000000000000, 0.0000000000000000000 ) ) ;
#4079 = CARTESIAN_POINT ( 'NONE',  ( 1.900316718884521100, 3.119249865206242100, 3.026681476154430900 ) ) ;
#4080 = ORIENTED_EDGE ( 'NONE', *, *, #2979, .F. ) ;
#4081 = EDGE_CURVE ( 'NONE', #685, #5885, #2278, .T. ) ;
#4082 = CARTESIAN_POINT ( 'NONE',  ( 3.329128784747791500, 0.1500000000000000200, -1.500000000000000200 ) ) ;
#4083 = VERTEX_POINT ( 'NONE', #4130 ) ;
#4084 = CARTESIAN_POINT ( 'NONE',  ( -3.122488675856200900, 2.790889963794761300, -2.474891028070248300 ) ) ;
#4085 = CARTESIAN_POINT ( 'NONE',  ( 3.003481516899944500, 2.811813004320799600, 2.297131873642952900 ) ) ;
#4086 = LINE ( 'NONE', #7135, #2534 ) ;
#4087 = CARTESIAN_POINT ( 'NONE',  ( -1.955625906677282500, 3.115025058893683400, -3.085940243485506300 ) ) ;
#4088 = CARTESIAN_POINT ( 'NONE',  ( -1.629999999999998600, -9.334880824091971600, -3.249999999999999100 ) ) ;
#4089 = AXIS2_PLACEMENT_3D ( 'NONE', #3277, #2125, #7357 ) ;
#4090 = ORIENTED_EDGE ( 'NONE', *, *, #140, .T. ) ;
#4091 = ORIENTED_EDGE ( 'NONE', *, *, #3694, .F. ) ;
#4092 = CARTESIAN_POINT ( 'NONE',  ( 3.180887220243540100, 2.952156128891861200, 2.484519645331297400 ) ) ;
#4093 = LINE ( 'NONE', #1579, #3914 ) ;
#4094 = CARTESIAN_POINT ( 'NONE',  ( -1.885973795566711700, 3.119686418325990000, -3.011300573978128000 ) ) ;
#4095 = DIRECTION ( 'NONE',  ( -1.000000000000000000, -6.982962677686266700E-015, 0.0000000000000000000 ) ) ;
#4096 = DIRECTION ( 'NONE',  ( 0.0000000000000000000, 0.0000000000000000000, -1.000000000000000000 ) ) ;
#4097 = ADVANCED_FACE ( 'NONE', ( #202 ), #544, .T. ) ;
#4098 = ORIENTED_EDGE ( 'NONE', *, *, #1809, .T. ) ;
#4099 = CARTESIAN_POINT ( 'NONE',  ( -1.629999999999998600, 0.0000000000000000000, -3.249999999999999100 ) ) ;
#4100 = DIRECTION ( 'NONE',  ( 0.8825624517165026100, 0.4131759111665281900, 0.2244308028142868400 ) ) ;
#4101 =( BOUNDED_SURFACE ( )  B_SPLINE_SURFACE ( 3, 2, ( 
 ( #815, #4278, #5446 ),
 ( #4870, #4892, #6049 ),
 ( #6570, #7138, #2560 ),
 ( #741, #6544, #258 ) ),
 .UNSPECIFIED., .F., .F., .F. ) 
 B_SPLINE_SURFACE_WITH_KNOTS ( ( 4, 4 ),
 ( 3, 3 ),
 ( -2.299531419536893000E-006, 5.324737874270669200E-005 ),
 ( 0.0000000000000000000, 1.000000000000000000 ),
 .UNSPECIFIED. ) 
 GEOMETRIC_REPRESENTATION_ITEM ( )  RATIONAL_B_SPLINE_SURFACE ( (
 ( 1.000000000000000000, 1.000000000000000000, 1.000000000000000000),
 ( 1.000000000000000000, 0.9989798142526441500, 1.000000000000000000),
 ( 1.000000000000000000, 0.9980433599527462900, 1.000000000000000000),
 ( 1.000000000000000000, 0.8818545020931639600, 1.000000000000000000) ) ) 
 REPRESENTATION_ITEM ( '' )  SURFACE ( )  );
#4102 = CIRCLE ( 'NONE', #864, 0.4604790787174171700 ) ;
#4103 = VECTOR ( 'NONE', #2808, 1000.000000000000000 ) ;
#4104 = PRODUCT_CONTEXT ( 'NONE', #29, 'mechanical' ) ;
#4105 = CARTESIAN_POINT ( 'NONE',  ( 1.194667218608491200, 2.649999999999999900, 1.056780743051422400 ) ) ;
#4106 = DIRECTION ( 'NONE',  ( -3.491481338843133000E-015, 1.000000000000000000, 0.0000000000000000000 ) ) ;
#4107 = ORIENTED_EDGE ( 'NONE', *, *, #3291, .F. ) ;
#4108 = FACE_OUTER_BOUND ( 'NONE', #5341, .T. ) ;
#4109 = CARTESIAN_POINT ( 'NONE',  ( 2.945223269778516300, 2.814036741076667800, 2.230000905918391400 ) ) ;
#4110 = LINE ( 'NONE', #3536, #4939 ) ;
#4111 = DIRECTION ( 'NONE',  ( 0.0000000000000000000, -0.0000000000000000000, -1.000000000000000000 ) ) ;
#4112 = CARTESIAN_POINT ( 'NONE',  ( 3.167893077028064200, 3.122502720409079800, 1.815954495658374900 ) ) ;
#4113 = VERTEX_POINT ( 'NONE', #6410 ) ;
#4114 = CARTESIAN_POINT ( 'NONE',  ( -1.963983757142226500, 3.115659448150052600, -3.094933823916250000 ) ) ;
#4115 = CARTESIAN_POINT ( 'NONE',  ( 1.951311994560377600, 3.115628382665901300, 3.081367214148305500 ) ) ;
#4116 = CARTESIAN_POINT ( 'NONE',  ( -2.941309017287281800, 2.811803891882247900, -2.232283677956496500 ) ) ;
#4117 = LINE ( 'NONE', #5561, #3667 ) ;
#4118 = B_SPLINE_CURVE_WITH_KNOTS ( 'NONE', 3,
 ( #1220, #5874, #7073, #5379 ),
 .UNSPECIFIED., .F., .F.,
 ( 4, 4 ),
 ( 0.3647069689505289500, 1.000000000000000000 ),
 .UNSPECIFIED. ) ;
#4119 = DIRECTION ( 'NONE',  ( -1.000000000000000000, 0.0000000000000000000, 0.0000000000000000000 ) ) ;
#4120 = ORIENTED_EDGE ( 'NONE', *, *, #1725, .T. ) ;
#4121 = CARTESIAN_POINT ( 'NONE',  ( -2.593388065980804400, 2.649999999999999900, -2.556725213832716100 ) ) ;
#4122 = CARTESIAN_POINT ( 'NONE',  ( 2.190880056723572000, 2.681513213125143600, 2.923751105819028400 ) ) ;
#4123 = FACE_OUTER_BOUND ( 'NONE', #344, .T. ) ;
#4124 = CARTESIAN_POINT ( 'NONE',  ( -3.100000000000002800, 2.649999999999999900, -3.100000000000000500 ) ) ;
#4125 = CARTESIAN_POINT ( 'NONE',  ( 1.980000000000001300, 4.179999999999999700, 0.6200000000000003300 ) ) ;
#4126 = EDGE_CURVE ( 'NONE', #6507, #7392, #5387, .T. ) ;
#4127 = ORIENTED_EDGE ( 'NONE', *, *, #891, .F. ) ;
#4128 = DIRECTION ( 'NONE',  ( 0.6819983600624992500, 0.0000000000000000000, -0.7313537016191699000 ) ) ;
#4129 = LINE ( 'NONE', #2293, #7029 ) ;
#4130 = CARTESIAN_POINT ( 'NONE',  ( 3.248848284792187800, 2.829283322248509400, 2.421144927369708500 ) ) ;
#4131 = DIRECTION ( 'NONE',  ( -0.6819983600624948100, 7.454326309761505700E-016, -0.7313537016191740100 ) ) ;
#4132 = CARTESIAN_POINT ( 'NONE',  ( 2.945182081791296800, 2.814036774263106300, 2.229956667715153900 ) ) ;
#4133 = ORIENTED_EDGE ( 'NONE', *, *, #5493, .F. ) ;
#4134 = ADVANCED_FACE ( 'NONE', ( #5209 ), #3473, .F. ) ;
#4135 = CARTESIAN_POINT ( 'NONE',  ( 1.532918898155505100, 1.461878182136589800, 3.546996038674752300 ) ) ;
#4136 = LINE ( 'NONE', #679, #7394 ) ;
#4137 = EDGE_CURVE ( 'NONE', #2612, #5767, #743, .T. ) ;
#4138 = CARTESIAN_POINT ( 'NONE',  ( 3.211752351661609300, 3.122897534274178300, 1.865028952270491500 ) ) ;
#4139 = DIRECTION ( 'NONE',  ( 0.4321736818136791600, -0.7735893215949538600, 0.4634495336731583900 ) ) ;
#4140 = CARTESIAN_POINT ( 'NONE',  ( -3.237205752329687800, 3.126400445091491100, -1.892324382715790300 ) ) ;
#4141 = CARTESIAN_POINT ( 'NONE',  ( -2.000000000000001800, -4.618000567908624400E-015, -1.499999999999999800 ) ) ;
#4142 = VERTEX_POINT ( 'NONE', #2949 ) ;
#4143 = PRESENTATION_LAYER_ASSIGNMENT (  '', '', ( #7246 ) ) ;
#4144 = DIRECTION ( 'NONE',  ( -1.142445755987358100E-016, 0.0000000000000000000, -1.000000000000000000 ) ) ;
#4145 = CARTESIAN_POINT ( 'NONE',  ( 1.886574842187914900, 3.111924560620024800, 3.014212256094971600 ) ) ;
#4146 = DIRECTION ( 'NONE',  ( 0.7313537016191752300, 0.0000000000000000000, -0.6819983600624932600 ) ) ;
#4147 = ORIENTED_EDGE ( 'NONE', *, *, #5201, .T. ) ;
#4148 = DIRECTION ( 'NONE',  ( 0.0000000000000000000, 0.0000000000000000000, 1.000000000000000000 ) ) ;
#4149 = FACE_OUTER_BOUND ( 'NONE', #4667, .T. ) ;
#4150 = EDGE_CURVE ( 'NONE', #6593, #4142, #3682, .T. ) ;
#4151 = DIRECTION ( 'NONE',  ( 0.0000000000000000000, 0.0000000000000000000, 1.000000000000000000 ) ) ;
#4152 = VERTEX_POINT ( 'NONE', #1165 ) ;
#4153 = CARTESIAN_POINT ( 'NONE',  ( -1.993022273759004200, 3.109961572821697400, -3.116611132595631200 ) ) ;
#4154 = ORIENTED_EDGE ( 'NONE', *, *, #4456, .F. ) ;
#4155 = CARTESIAN_POINT ( 'NONE',  ( 2.350000000000001900, -3.412945818780435200E-015, 1.149999999999999700 ) ) ;
#4156 = CARTESIAN_POINT ( 'NONE',  ( 2.988879130295389900, 2.672717240949518600, 2.189291157387829300 ) ) ;
#4157 = VERTEX_POINT ( 'NONE', #4030 ) ;
#4158 = LINE ( 'NONE', #6374, #6495 ) ;
#4159 = EDGE_CURVE ( 'NONE', #3103, #1627, #192, .T. ) ;
#4160 = CARTESIAN_POINT ( 'NONE',  ( -3.167078968203488100, 3.126261112468990500, -1.816650673565352900 ) ) ;
#4161 = VERTEX_POINT ( 'NONE', #3448 ) ;
#4162 = CARTESIAN_POINT ( 'NONE',  ( -2.984891008264184200, 2.813279875669193200, -2.274124271840706900 ) ) ;
#4163 = DIRECTION ( 'NONE',  ( 0.8819238886962632600, 0.4698463103929566600, -0.03814051857259585100 ) ) ;
#4164 = VERTEX_POINT ( 'NONE', #4209 ) ;
#4165 = DIRECTION ( 'NONE',  ( 0.8900779411759872600, 0.4558083573519859400, 0.0000000000000000000 ) ) ;
#4166 = EDGE_LOOP ( 'NONE', ( #4657, #712, #2012 ) ) ;
#4167 = CARTESIAN_POINT ( 'NONE',  ( -2.947070691560090600, 2.753788345568811500, -2.226910829775256200 ) ) ;
#4168 = B_SPLINE_CURVE_WITH_KNOTS ( 'NONE', 3,
 ( #3044, #3635, #7203, #4223 ),
 .UNSPECIFIED., .F., .F.,
 ( 4, 4 ),
 ( 1.562978587788593200E-005, 0.0001038850015279349900 ),
 .UNSPECIFIED. ) ;
#4169 = DIRECTION ( 'NONE',  ( 1.606225440719266100E-016, -5.608106152246404900E-031, 1.000000000000000000 ) ) ;
#4170 = VECTOR ( 'NONE', #526, 1000.000000000000000 ) ;
#4171 = EDGE_CURVE ( 'NONE', #3634, #465, #5566, .T. ) ;
#4172 = ORIENTED_EDGE ( 'NONE', *, *, #1913, .T. ) ;
#4173 = ORIENTED_EDGE ( 'NONE', *, *, #3349, .T. ) ;
#4174 = PLANE ( 'NONE',  #2315 ) ;
#4175 = EDGE_CURVE ( 'NONE', #1493, #5494, #5580, .T. ) ;
#4176 = ORIENTED_EDGE ( 'NONE', *, *, #3926, .T. ) ;
#4177 = CARTESIAN_POINT ( 'NONE',  ( 3.003481516899944500, 2.811813004320799600, 2.297131873642952900 ) ) ;
#4178 = ADVANCED_FACE ( 'NONE', ( #3653 ), #4653, .F. ) ;
#4179 = PLANE ( 'NONE',  #7032 ) ;
#4180 = CARTESIAN_POINT ( 'NONE',  ( 3.250000000000001300, 4.500000000000000900, -0.9699999999999999700 ) ) ;
#4181 = ORIENTED_EDGE ( 'NONE', *, *, #2519, .F. ) ;
#4182 = ORIENTED_EDGE ( 'NONE', *, *, #2414, .T. ) ;
#4183 = DIRECTION ( 'NONE',  ( 0.7313537016191752300, 0.0000000000000000000, -0.6819983600624933700 ) ) ;
#4184 = ORIENTED_EDGE ( 'NONE', *, *, #2946, .F. ) ;
#4185 = AXIS2_PLACEMENT_3D ( 'NONE', #4480, #3915, #2783 ) ;
#4186 = CARTESIAN_POINT ( 'NONE',  ( -2.350000000000001400, 0.1499999999999966100, -1.149999999999999700 ) ) ;
#4187 = CARTESIAN_POINT ( 'NONE',  ( -1.924064390110130600, 2.961950312832712000, -3.128053938807782600 ) ) ;
#4188 = CARTESIAN_POINT ( 'NONE',  ( -1.630000000000001200, 4.350000000000000500, 0.6199999999999998800 ) ) ;
#4189 = EDGE_CURVE ( 'NONE', #5532, #1701, #6106, .T. ) ;
#4190 = DIRECTION ( 'NONE',  ( 0.0000000000000000000, 0.8703550311807757300, 0.4924247350593904400 ) ) ;
#4191 = ORIENTED_EDGE ( 'NONE', *, *, #2414, .F. ) ;
#4192 = EDGE_LOOP ( 'NONE', ( #6750, #335, #5298, #3726 ) ) ;
#4193 = PLANE ( 'NONE',  #720 ) ;
#4194 = CARTESIAN_POINT ( 'NONE',  ( -3.349999999999998800, 2.049999999999999800, -1.646074051843216400 ) ) ;
#4195 = CARTESIAN_POINT ( 'NONE',  ( 1.929238040736830800, 3.115531827362850100, 3.057734596818831200 ) ) ;
#4196 = LINE ( 'NONE', #3450, #1722 ) ;
#4197 = AXIS2_PLACEMENT_3D ( 'NONE', #4203, #1797, #1823 ) ;
#4198 = CARTESIAN_POINT ( 'NONE',  ( 1.885973795566711700, 4.029999999999999400, 3.011300573978128000 ) ) ;
#4199 = CARTESIAN_POINT ( 'NONE',  ( -3.250000000000001800, 4.250000000000000900, 3.397182120936205900 ) ) ;
#4200 = VERTEX_POINT ( 'NONE', #7043 ) ;
#4201 = FACE_OUTER_BOUND ( 'NONE', #5749, .T. ) ;
#4202 = DIRECTION ( 'NONE',  ( 0.0000000000000000000, 1.000000000000000000, -1.037514040655985100E-016 ) ) ;
#4203 = CARTESIAN_POINT ( 'NONE',  ( -1.630000000000001200, 4.500000000000000900, 3.397182120936205900 ) ) ;
#4204 = LINE ( 'NONE', #967, #4297 ) ;
#4205 = CARTESIAN_POINT ( 'NONE',  ( 3.076473924389283400, 2.952156128891859400, 2.581886618908744600 ) ) ;
#4206 = CARTESIAN_POINT ( 'NONE',  ( -3.500000000000001300, -2.287516853390374000, -1.645639239468278400 ) ) ;
#4207 = EDGE_LOOP ( 'NONE', ( #4885, #5613, #3055, #7503 ) ) ;
#4208 = PRESENTATION_STYLE_ASSIGNMENT (( #1012 ) ) ;
#4209 = CARTESIAN_POINT ( 'NONE',  ( 3.350000000000000100, 2.049999999999999800, 1.646074051843240200 ) ) ;
#4210 = EDGE_CURVE ( 'NONE', #77, #1498, #3285, .T. ) ;
#4211 = DIRECTION ( 'NONE',  ( 0.0000000000000000000, 0.0000000000000000000, -1.000000000000000000 ) ) ;
#4212 = ORIENTED_EDGE ( 'NONE', *, *, #7142, .T. ) ;
#4213 = CARTESIAN_POINT ( 'NONE',  ( -3.350000000000001400, 3.779999999999999400, 1.099999999999999900 ) ) ;
#4214 = VECTOR ( 'NONE', #2103, 1000.000000000000000 ) ;
#4215 = DIRECTION ( 'NONE',  ( 0.0000000000000000000, 1.000000000000000000, 0.0000000000000000000 ) ) ;
#4216 = AXIS2_PLACEMENT_3D ( 'NONE', #585, #2202, #5141 ) ;
#4217 = CARTESIAN_POINT ( 'NONE',  ( -3.247851382349798300, 3.098396605053969700, -2.342519118927764300 ) ) ;
#4218 = ORIENTED_EDGE ( 'NONE', *, *, #7511, .T. ) ;
#4219 = CARTESIAN_POINT ( 'NONE',  ( 3.262901255083862300, 3.119679312412313400, 1.932452796606673400 ) ) ;
#4220 = B_SPLINE_CURVE_WITH_KNOTS ( 'NONE', 3,
 ( #5471, #2009, #3160, #7213, #6572, #4872, #5449, #865, #6653, #3768, #5998, #7264, #816 ),
 .UNSPECIFIED., .F., .F.,
 ( 4, 3, 3, 3, 4 ),
 ( 0.0000000000000000000, 7.554548054132989600E-006, 4.799761926837678000E-005, 9.360587256884925600E-005, 9.591185584348658600E-005 ),
 .UNSPECIFIED. ) ;
#4221 = EDGE_CURVE ( 'NONE', #2870, #7064, #5129, .T. ) ;
#4222 = CIRCLE ( 'NONE', #5057, 0.3500000000000000300 ) ;
#4223 = CARTESIAN_POINT ( 'NONE',  ( 2.227847911950346900, 2.731839322350151400, 2.898964249514908200 ) ) ;
#4224 = CARTESIAN_POINT ( 'NONE',  ( -3.263341047193565100, 2.829283322248509900, -2.407630207790617300 ) ) ;
#4225 = CARTESIAN_POINT ( 'NONE',  ( 2.000000000000001800, -4.618000567908624400E-015, 1.499999999999999800 ) ) ;
#4226 = ORIENTED_EDGE ( 'NONE', *, *, #6670, .T. ) ;
#4227 = DIRECTION ( 'NONE',  ( -0.4194872498868741400, -0.8191520442889902400, 0.3911781889619043200 ) ) ;
#4228 = EDGE_CURVE ( 'NONE', #1887, #434, #1105, .T. ) ;
#4229 = CARTESIAN_POINT ( 'NONE',  ( -3.269143326964646200, 3.136367956935301600, -1.926573238428395600 ) ) ;
#4230 = ORIENTED_EDGE ( 'NONE', *, *, #3429, .T. ) ;
#4231 = CARTESIAN_POINT ( 'NONE',  ( 2.217354649592791800, 2.714740368609030800, 2.908749374967519500 ) ) ;
#4232 = ORIENTED_EDGE ( 'NONE', *, *, #2358, .T. ) ;
#4233 = CARTESIAN_POINT ( 'NONE',  ( -1.898532082527492700, 2.981826231161863700, -3.098283497931407600 ) ) ;
#4234 = DIRECTION ( 'NONE',  ( -0.009204126107053048700, -0.4924038765061046800, -0.8703181639287820300 ) ) ;
#4235 = FACE_OUTER_BOUND ( 'NONE', #4059, .T. ) ;
#4236 = CARTESIAN_POINT ( 'NONE',  ( 3.099999999999999600, 0.2500000000000000000, -4.083688374701585600E-016 ) ) ;
#4237 = AXIS2_PLACEMENT_3D ( 'NONE', #3221, #5560, #2195 ) ;
#4238 = ORIENTED_EDGE ( 'NONE', *, *, #6383, .F. ) ;
#4239 =( BOUNDED_CURVE ( )  B_SPLINE_CURVE ( 3, ( #3152, #4322, #858, #1411 ),
 .UNSPECIFIED., .F., .F. ) 
 B_SPLINE_CURVE_WITH_KNOTS ( ( 4, 4 ),
 ( 4.712388980384691500, 6.283185307179586200 ),
 .UNSPECIFIED. ) 
 CURVE ( )  GEOMETRIC_REPRESENTATION_ITEM ( )  RATIONAL_B_SPLINE_CURVE ( ( 1.000000000000000000, 0.8047378541243654900, 0.8047378541243654900, 1.000000000000000000 ) ) 
 REPRESENTATION_ITEM ( '' )  );
#4240 = EDGE_CURVE ( 'NONE', #2335, #684, #313, .T. ) ;
#4241 = CARTESIAN_POINT ( 'NONE',  ( -2.965470799502838900, 2.814020427014325900, -2.251747885935738000 ) ) ;
#4242 = LINE ( 'NONE', #2214, #6392 ) ;
#4243 = CARTESIAN_POINT ( 'NONE',  ( -2.976500953095364600, 2.706125004250574200, -2.227497040454461600 ) ) ;
#4244 = ORIENTED_EDGE ( 'NONE', *, *, #6935, .F. ) ;
#4245 = AXIS2_PLACEMENT_3D ( 'NONE', #7075, #3657, #1812 ) ;
#4246 = VECTOR ( 'NONE', #4492, 1000.000000000000000 ) ;
#4247 = CARTESIAN_POINT ( 'NONE',  ( 2.964469397867387700, 2.649999999999999900, 2.210686273664426200 ) ) ;
#4248 = ADVANCED_FACE ( 'NONE', ( #3663 ), #4846, .T. ) ;
#4249 = CARTESIAN_POINT ( 'NONE',  ( -1.629999999999998600, 4.500000000000000000, -3.249999999999999100 ) ) ;
#4250 = VERTEX_POINT ( 'NONE', #1318 ) ;
#4251 = ORIENTED_EDGE ( 'NONE', *, *, #5386, .T. ) ;
#4252 = CARTESIAN_POINT ( 'NONE',  ( 2.303937058652244300, 2.940350529699895500, 3.155504282095324500 ) ) ;
#4253 = DIRECTION ( 'NONE',  ( -0.009204126107053097300, 0.4924038765061046200, -0.8703181639287821400 ) ) ;
#4254 = FACE_OUTER_BOUND ( 'NONE', #842, .T. ) ;
#4255 = ORIENTED_EDGE ( 'NONE', *, *, #3582, .F. ) ;
#4256 = ORIENTED_EDGE ( 'NONE', *, *, #2306, .F. ) ;
#4257 = DIRECTION ( 'NONE',  ( -1.000000000000000000, 5.042800802258159400E-016, -5.231976636574106000E-032 ) ) ;
#4258 = EDGE_LOOP ( 'NONE', ( #5722, #4608, #5675, #3825 ) ) ;
#4259 = LINE ( 'NONE', #2397, #1977 ) ;
#4260 = PLANE ( 'NONE',  #6220 ) ;
#4261 = CARTESIAN_POINT ( 'NONE',  ( 1.874163567568069000, 3.077441116313915700, 3.022313789757586500 ) ) ;
#4262 = ORIENTED_EDGE ( 'NONE', *, *, #1252, .F. ) ;
#4263 = ORIENTED_EDGE ( 'NONE', *, *, #1302, .T. ) ;
#4264 = CARTESIAN_POINT ( 'NONE',  ( 3.261235797955768700, 3.664779390779125700, 2.528929275305877900 ) ) ;
#4265 = B_SPLINE_CURVE_WITH_KNOTS ( 'NONE', 3,
 ( #6134, #7225, #224, #1999, #4886, #2552 ),
 .UNSPECIFIED., .F., .F.,
 ( 4, 2, 4 ),
 ( 0.01633430635140827000, 0.5000000000075177600, 1.000000000000000000 ),
 .UNSPECIFIED. ) ;
#4266 = ORIENTED_EDGE ( 'NONE', *, *, #6494, .F. ) ;
#4267 = AXIS2_PLACEMENT_3D ( 'NONE', #6407, #613, #2963 ) ;
#4268 = VECTOR ( 'NONE', #2466, 1000.000000000000000 ) ;
#4269 = CARTESIAN_POINT ( 'NONE',  ( 3.266793828328013600, 3.125345331976394200, 1.928764181351915600 ) ) ;
#4270 = CARTESIAN_POINT ( 'NONE',  ( 1.885973795566711700, -2.287516853390374000, 3.011300573978128000 ) ) ;
#4271 = EDGE_CURVE ( 'NONE', #4554, #4663, #3106, .T. ) ;
#4272 = CARTESIAN_POINT ( 'NONE',  ( -3.350000000000001400, 4.250000000000000900, 0.9699999999999999700 ) ) ;
#4273 = ORIENTED_EDGE ( 'NONE', *, *, #6448, .F. ) ;
#4274 = EDGE_CURVE ( 'NONE', #7141, #5828, #3115, .T. ) ;
#4275 = VERTEX_POINT ( 'NONE', #5398 ) ;
#4276 = DIRECTION ( 'NONE',  ( 0.0000000000000000000, -1.000000000000000000, 0.0000000000000000000 ) ) ;
#4277 = VECTOR ( 'NONE', #5038, 1000.000000000000000 ) ;
#4278 = CARTESIAN_POINT ( 'NONE',  ( 1.951311994574581200, 3.115628382648576400, 3.081367214163537300 ) ) ;
#4279 = ORIENTED_EDGE ( 'NONE', *, *, #2878, .F. ) ;
#4280 = EDGE_CURVE ( 'NONE', #6800, #4113, #2122, .T. ) ;
#4281 = CARTESIAN_POINT ( 'NONE',  ( 2.350000000000001900, -3.410166175906719700E-015, 1.499999999999999800 ) ) ;
#4282 = DIRECTION ( 'NONE',  ( -0.0000000000000000000, 1.037514040655985100E-016, -1.000000000000000000 ) ) ;
#4283 = EDGE_LOOP ( 'NONE', ( #239, #4107, #4649, #457, #1420, #988, #1181 ) ) ;
#4284 = EDGE_CURVE ( 'NONE', #5023, #4050, #7362, .T. ) ;
#4285 = VECTOR ( 'NONE', #4664, 1000.000000000000000 ) ;
#4286 = PLANE ( 'NONE',  #5578 ) ;
#4287 = LINE ( 'NONE', #5159, #1007 ) ;
#4288 = ADVANCED_FACE ( 'NONE', ( #563 ), #3209, .F. ) ;
#4289 = CARTESIAN_POINT ( 'NONE',  ( 1.763922250330561400, 3.373814478675813100, 3.331581927823137800 ) ) ;
#4290 = DIRECTION ( 'NONE',  ( 1.000000000000000000, 3.491481338843134100E-015, 0.0000000000000000000 ) ) ;
#4291 = ORIENTED_EDGE ( 'NONE', *, *, #3031, .T. ) ;
#4292 = CARTESIAN_POINT ( 'NONE',  ( -3.250000000000001800, 4.250000000000000900, 3.397182120936205900 ) ) ;
#4293 = CARTESIAN_POINT ( 'NONE',  ( 2.990957995582208100, 2.684486768402910800, 2.240960442969230000 ) ) ;
#4294 = AXIS2_PLACEMENT_3D ( 'NONE', #1209, #125, #7109 ) ;
#4295 = CARTESIAN_POINT ( 'NONE',  ( 2.222306734094220600, 3.664779390779127500, 2.902764154001006500 ) ) ;
#4296 = FACE_OUTER_BOUND ( 'NONE', #2681, .T. ) ;
#4297 = VECTOR ( 'NONE', #1488, 1000.000000000000100 ) ;
#4298 = ADVANCED_FACE ( 'NONE', ( #7105 ), #6547, .T. ) ;
#4299 = ORIENTED_EDGE ( 'NONE', *, *, #4797, .F. ) ;
#4300 = DIRECTION ( 'NONE',  ( -1.317318830548898700E-016, 0.0000000000000000000, -1.000000000000000000 ) ) ;
#4301 = EDGE_CURVE ( 'NONE', #2559, #1315, #4220, .T. ) ;
#4302 = SURFACE_STYLE_USAGE ( .BOTH. , #3099 ) ;
#4303 = DIRECTION ( 'NONE',  ( 0.5602494390798655700, -0.6427876096865357000, -0.5224410539421321400 ) ) ;
#4304 = VERTEX_POINT ( 'NONE', #6673 ) ;
#4305 = CARTESIAN_POINT ( 'NONE',  ( 3.500000000000001300, 4.179999999999999700, 0.9700000000000004200 ) ) ;
#4306 = CIRCLE ( 'NONE', #1384, 0.3500000000000000300 ) ;
#4307 = CARTESIAN_POINT ( 'NONE',  ( -3.452299754009375400, -2.287516853390374000, -1.755777107086115200 ) ) ;
#4308 = EDGE_CURVE ( 'NONE', #3258, #2308, #2547, .T. ) ;
#4309 = CARTESIAN_POINT ( 'NONE',  ( 2.996196074933779500, 2.668120287896175400, 2.210444095262701600 ) ) ;
#4310 = EDGE_LOOP ( 'NONE', ( #7515, #5553, #6893, #5227 ) ) ;
#4311 = FACE_OUTER_BOUND ( 'NONE', #6567, .T. ) ;
#4312 = CARTESIAN_POINT ( 'NONE',  ( -3.579288274492468800, 2.993684533874358500, -2.150301493924061000 ) ) ;
#4313 = CARTESIAN_POINT ( 'NONE',  ( -1.194667218608491200, 2.649999999999999900, -1.056780743051422400 ) ) ;
#4314 = B_SPLINE_CURVE_WITH_KNOTS ( 'NONE', 1,
 ( #244, #3681 ),
 .UNSPECIFIED., .F., .F.,
 ( 2, 2 ),
 ( 0.0000000000000000000, 1.000000000000000000 ),
 .UNSPECIFIED. ) ;
#4315 = EDGE_CURVE ( 'NONE', #5532, #7063, #6744, .T. ) ;
#4316 = VERTEX_POINT ( 'NONE', #5518 ) ;
#4317 = EDGE_CURVE ( 'NONE', #5967, #6524, #11, .T. ) ;
#4318 = DIRECTION ( 'NONE',  ( 0.7313537016191739000, 0.0000000000000000000, -0.6819983600624948100 ) ) ;
#4319 = VECTOR ( 'NONE', #6485, 1000.000000000000000 ) ;
#4320 = CARTESIAN_POINT ( 'NONE',  ( -3.211971101397213400, 3.128982949508826800, -1.865263532647405400 ) ) ;
#4321 = DIRECTION ( 'NONE',  ( -1.000000000000000000, 3.491481338843133700E-015, 0.0000000000000000000 ) ) ;
#4322 = CARTESIAN_POINT ( 'NONE',  ( 2.519073134182604300, 2.649999999999999900, 3.221007155642456900 ) ) ;
#4323 = ADVANCED_FACE ( 'NONE', ( #5200 ), #6623, .T. ) ;
#4324 = VERTEX_POINT ( 'NONE', #5419 ) ;
#4325 = AXIS2_PLACEMENT_3D ( 'NONE', #3329, #3859, #6768 ) ;
#4326 = CARTESIAN_POINT ( 'NONE',  ( -2.449012816618379300, 2.761234062908032500, -3.072073943167980200 ) ) ;
#4327 = ORIENTED_EDGE ( 'NONE', *, *, #3406, .F. ) ;
#4328 = EDGE_CURVE ( 'NONE', #4056, #3947, #903, .T. ) ;
#4329 = CARTESIAN_POINT ( 'NONE',  ( 1.980000000000001300, 4.500000000000000900, -0.9699999999999999700 ) ) ;
#4330 = CARTESIAN_POINT ( 'NONE',  ( -1.887243614729573200, 3.206999999999999900, -0.4109428053656667400 ) ) ;
#4331 = DIRECTION ( 'NONE',  ( 0.0000000000000000000, 1.000000000000000000, 0.0000000000000000000 ) ) ;
#4332 = CARTESIAN_POINT ( 'NONE',  ( 3.167934073359798900, 3.122503453523927800, 1.815999542171751000 ) ) ;
#4333 = CARTESIAN_POINT ( 'NONE',  ( 2.263203435979724600, 2.664689108852207300, 2.944030809021481500 ) ) ;
#4334 = ADVANCED_FACE ( 'NONE', ( #5025 ), #364, .F. ) ;
#4335 = ORIENTED_EDGE ( 'NONE', *, *, #4315, .F. ) ;
#4336 = VECTOR ( 'NONE', #2087, 1000.000000000000000 ) ;
#4337 = ORIENTED_EDGE ( 'NONE', *, *, #6693, .T. ) ;
#4338 = ORIENTED_EDGE ( 'NONE', *, *, #3991, .F. ) ;
#4339 = DIRECTION ( 'NONE',  ( -0.8819238886962632600, 0.4698463103929566600, 0.03814051857259585100 ) ) ;
#4340 = ORIENTED_EDGE ( 'NONE', *, *, #1006, .F. ) ;
#4341 = VECTOR ( 'NONE', #2621, 1000.000000000000000 ) ;
#4342 = CARTESIAN_POINT ( 'NONE',  ( -3.500000000000001300, 2.049999999999999800, -1.645639239468278400 ) ) ;
#4343 = ORIENTED_EDGE ( 'NONE', *, *, #6221, .F. ) ;
#4344 = ORIENTED_EDGE ( 'NONE', *, *, #2893, .F. ) ;
#4345 = CARTESIAN_POINT ( 'NONE',  ( 2.315730420004455900, 2.786910444923625700, 3.242192056862166700 ) ) ;
#4346 = CARTESIAN_POINT ( 'NONE',  ( -2.985129713113609200, 2.673370412616768600, -2.184235169910647000 ) ) ;
#4347 = ORIENTED_EDGE ( 'NONE', *, *, #226, .T. ) ;
#4348 = DIRECTION ( 'NONE',  ( -1.000000000000000000, 3.491481338843133700E-015, 0.0000000000000000000 ) ) ;
#4349 = DIRECTION ( 'NONE',  ( 0.009204126107053069500, -0.4924038765061046200, 0.8703181639287821400 ) ) ;
#4350 = EDGE_CURVE ( 'NONE', #6690, #990, #6535, .T. ) ;
#4351 = VECTOR ( 'NONE', #2834, 1000.000000000000100 ) ;
#4352 = EDGE_LOOP ( 'NONE', ( #7296, #6534, #6562, #406 ) ) ;
#4353 = DIRECTION ( 'NONE',  ( 5.042800802258159400E-016, -1.000000000000000000, 0.0000000000000000000 ) ) ;
#4354 = EDGE_LOOP ( 'NONE', ( #3533, #2045, #6001, #110, #6072, #3553 ) ) ;
#4355 = DIRECTION ( 'NONE',  ( 3.491481338843133000E-015, 1.000000000000000000, 0.0000000000000000000 ) ) ;
#4356 = ORIENTED_EDGE ( 'NONE', *, *, #4703, .F. ) ;
#4357 = DIRECTION ( 'NONE',  ( -0.0000000000000000000, -1.037514040655985100E-016, 1.000000000000000000 ) ) ;
#4358 = DIRECTION ( 'NONE',  ( -0.5602494390798655700, -0.6427876096865357000, 0.5224410539421321400 ) ) ;
#4359 = PRESENTATION_STYLE_ASSIGNMENT (( #4302 ) ) ;
#4360 = STYLED_ITEM ( 'NONE', ( #2136 ), #970 ) ;
#4361 = ORIENTED_EDGE ( 'NONE', *, *, #5301, .T. ) ;
#4362 = ORIENTED_EDGE ( 'NONE', *, *, #749, .F. ) ;
#4363 = ORIENTED_EDGE ( 'NONE', *, *, #5095, .F. ) ;
#4364 = ADVANCED_FACE ( 'NONE', ( #5034 ), #5118, .F. ) ;
#4365 = VERTEX_POINT ( 'NONE', #3844 ) ;
#4366 = CARTESIAN_POINT ( 'NONE',  ( 2.194499376182423900, 2.680825750923201900, 2.926810671157732200 ) ) ;
#4367 = DIRECTION ( 'NONE',  ( 0.0000000000000000000, 0.0000000000000000000, 1.000000000000000000 ) ) ;
#4368 = CARTESIAN_POINT ( 'NONE',  ( 2.934695117916602800, 2.804426570804441800, 2.238451238897416900 ) ) ;
#4369 = CARTESIAN_POINT ( 'NONE',  ( 1.954633720483733000, 3.116088246796619100, 3.084929329091787000 ) ) ;
#4370 = CARTESIAN_POINT ( 'NONE',  ( -1.906562708821004200, 3.112346404430850600, -3.035039671497187500 ) ) ;
#4371 = B_SPLINE_CURVE_WITH_KNOTS ( 'NONE', 3,
 ( #5461, #6044, #3151, #4914, #2000, #3761, #4346 ),
 .UNSPECIFIED., .F., .F.,
 ( 4, 3, 4 ),
 ( -5.142617856370416100E-006, 8.470329472543003400E-022, 1.995537714099773400E-005 ),
 .UNSPECIFIED. ) ;
#4372 = CARTESIAN_POINT ( 'NONE',  ( -3.128680572316412200, 2.952156128891861200, -2.533203132120021000 ) ) ;
#4373 = ORIENTED_EDGE ( 'NONE', *, *, #2576, .T. ) ;
#4374 = DIRECTION ( 'NONE',  ( 0.0000000000000000000, -1.000000000000000000, -1.037514040655985100E-016 ) ) ;
#4375 = DIRECTION ( 'NONE',  ( -0.0000000000000000000, 0.0000000000000000000, -1.000000000000000000 ) ) ;
#4376 = EDGE_CURVE ( 'NONE', #2998, #5218, #365, .T. ) ;
#4377 = CARTESIAN_POINT ( 'NONE',  ( 2.962532879232232700, 2.782589359575951900, 2.212492106506291500 ) ) ;
#4378 = FACE_OUTER_BOUND ( 'NONE', #4956, .T. ) ;
#4379 = VERTEX_POINT ( 'NONE', #351 ) ;
#4380 = CARTESIAN_POINT ( 'NONE',  ( -2.183283699777226700, 2.694859220309715000, -2.939301518906006500 ) ) ;
#4381 = ORIENTED_EDGE ( 'NONE', *, *, #7426, .F. ) ;
#4382 = CARTESIAN_POINT ( 'NONE',  ( 3.350000000000001400, 4.179999999999999700, 1.645639239468278400 ) ) ;
#4383 = VECTOR ( 'NONE', #4064, 1000.000000000000000 ) ;
#4384 = FACE_OUTER_BOUND ( 'NONE', #3701, .T. ) ;
#4385 = AXIS2_PLACEMENT_3D ( 'NONE', #5402, #337, #4799 ) ;
#4386 = CARTESIAN_POINT ( 'NONE',  ( -2.942091234985562600, 2.812642807790891400, -2.231554248151770300 ) ) ;
#4387 = CARTESIAN_POINT ( 'NONE',  ( -2.882625588524312800, 3.244444004301705300, -3.302704918041373000 ) ) ;
#4388 = DIRECTION ( 'NONE',  ( 0.0000000000000000000, 1.037514040655985100E-016, 1.000000000000000000 ) ) ;
#4389 = EDGE_CURVE ( 'NONE', #5426, #1887, #282, .T. ) ;
#4390 = ORIENTED_EDGE ( 'NONE', *, *, #5739, .F. ) ;
#4391 = DIRECTION ( 'NONE',  ( -0.0000000000000000000, -0.0000000000000000000, -1.000000000000000000 ) ) ;
#4392 = DIRECTION ( 'NONE',  ( -1.000000000000000000, 3.491481338843134100E-015, 0.0000000000000000000 ) ) ;
#4393 = DIRECTION ( 'NONE',  ( 0.0000000000000000000, 1.000000000000000000, 0.0000000000000000000 ) ) ;
#4394 = ORIENTED_EDGE ( 'NONE', *, *, #2544, .F. ) ;
#4395 = AXIS2_PLACEMENT_3D ( 'NONE', #626, #2376, #5803 ) ;
#4396 = CARTESIAN_POINT ( 'NONE',  ( 2.326059493707732400, 3.077912769167390600, 3.077441108795564400 ) ) ;
#4397 = VECTOR ( 'NONE', #4507, 1000.000000000000000 ) ;
#4398 = DIRECTION ( 'NONE',  ( 0.0000000000000000000, 0.0000000000000000000, 1.000000000000000000 ) ) ;
#4399 = VERTEX_POINT ( 'NONE', #4460 ) ;
#4400 = ADVANCED_FACE ( 'NONE', ( #5824 ), #2636, .F. ) ;
#4401 = CARTESIAN_POINT ( 'NONE',  ( -3.349999999999998800, 4.249999999999999100, -1.646074051843216400 ) ) ;
#4402 = VECTOR ( 'NONE', #3076, 1000.000000000000000 ) ;
#4403 = CARTESIAN_POINT ( 'NONE',  ( -3.234132736328532600, 3.125972994355052900, -1.889028976510745100 ) ) ;
#4404 = EDGE_LOOP ( 'NONE', ( #6233, #2746, #4033, #6168 ) ) ;
#4405 = ORIENTED_EDGE ( 'NONE', *, *, #653, .F. ) ;
#4406 = CARTESIAN_POINT ( 'NONE',  ( -2.933399516014361100, 2.803266133200950100, -2.240238613587255400 ) ) ;
#4407 = CARTESIAN_POINT ( 'NONE',  ( 3.317374411475690500, 2.649999999999999900, 2.897295081958628100 ) ) ;
#4408 = EDGE_CURVE ( 'NONE', #2248, #6116, #4561, .T. ) ;
#4409 = ADVANCED_FACE ( 'NONE', ( #3564 ), #2353, .F. ) ;
#4410 = VECTOR ( 'NONE', #2144, 1000.000000000000100 ) ;
#4411 = ORIENTED_EDGE ( 'NONE', *, *, #6349, .T. ) ;
#4412 = EDGE_LOOP ( 'NONE', ( #6142, #3850, #2997, #5092 ) ) ;
#4413 = CARTESIAN_POINT ( 'NONE',  ( -1.988273549576085700, 3.125280889729180200, -3.121003629221004600 ) ) ;
#4414 = DIRECTION ( 'NONE',  ( 0.0000000000000000000, 1.000000000000000000, 0.0000000000000000000 ) ) ;
#4415 = AXIS2_PLACEMENT_3D ( 'NONE', #6496, #1889, #4190 ) ;
#4416 = FACE_OUTER_BOUND ( 'NONE', #2726, .T. ) ;
#4417 = CARTESIAN_POINT ( 'NONE',  ( -1.885973795566711700, 4.029999999999999400, -3.011300573978128000 ) ) ;
#4418 = DIRECTION ( 'NONE',  ( -0.8900779411759872600, 0.4558083573519859400, 0.0000000000000000000 ) ) ;
#4419 = DIRECTION ( 'NONE',  ( -0.7313537016191752300, 0.0000000000000000000, 0.6819983600624932600 ) ) ;
#4420 = B_SPLINE_CURVE_WITH_KNOTS ( 'NONE', 3,
 ( #6795, #3321, #6229, #2749 ),
 .UNSPECIFIED., .F., .F.,
 ( 4, 4 ),
 ( 0.2305823822331232700, 0.5033566414660429800 ),
 .UNSPECIFIED. ) ;
#4421 = EDGE_CURVE ( 'NONE', #420, #3187, #4204, .T. ) ;
#4422 = B_SPLINE_SURFACE_WITH_KNOTS ( 'NONE', 1, 3, ( 
 ( #3005, #3594, #108, #4233, #4187, #686 ),
 ( #4765, #717, #4820, #1273, #1319, #5346 ) ),
 .UNSPECIFIED., .F., .F., .F.,
 ( 2, 2 ),
 ( 4, 2, 4 ),
 ( 0.0000000000000000000, 1.000000000000000000 ),
 ( 0.0000000000000000000, 0.5000000000000000000, 1.000000000000000000 ),
 .UNSPECIFIED. ) ;
#4423 = DIRECTION ( 'NONE',  ( -3.491481338843133000E-015, 1.000000000000000000, 0.0000000000000000000 ) ) ;
#4424 = ORIENTED_EDGE ( 'NONE', *, *, #5581, .F. ) ;
#4425 = VECTOR ( 'NONE', #2223, 1000.000000000000000 ) ;
#4426 = CARTESIAN_POINT ( 'NONE',  ( -3.166843572955270400, 3.129835182247248800, -1.816870183185520700 ) ) ;
#4427 = CARTESIAN_POINT ( 'NONE',  ( 4.722883736414965800, -0.2181894562934712500, 0.5723057027491413900 ) ) ;
#4428 = AXIS2_PLACEMENT_3D ( 'NONE', #4307, #4847, #2539 ) ;
#4429 = ORIENTED_EDGE ( 'NONE', *, *, #2392, .F. ) ;
#4430 = ORIENTED_EDGE ( 'NONE', *, *, #6349, .F. ) ;
#4431 = VERTEX_POINT ( 'NONE', #7339 ) ;
#4432 = EDGE_CURVE ( 'NONE', #5415, #7144, #3633, .T. ) ;
#4433 = CARTESIAN_POINT ( 'NONE',  ( 2.261327005017892900, 2.794542291170843300, 2.866377162699500900 ) ) ;
#4434 = CIRCLE ( 'NONE', #5128, 0.02299999999999997900 ) ;
#4435 = CARTESIAN_POINT ( 'NONE',  ( 3.500000000000001300, 3.779999999999999400, -1.499999999999999800 ) ) ;
#4436 = ORIENTED_EDGE ( 'NONE', *, *, #2498, .F. ) ;
#4437 = EDGE_LOOP ( 'NONE', ( #472, #2241, #3032, #2439, #2815 ) ) ;
#4438 = ORIENTED_EDGE ( 'NONE', *, *, #2717, .T. ) ;
#4439 = DIRECTION ( 'NONE',  ( -0.009204126107052261100, 0.4924038765061049000, -0.8703181639287819200 ) ) ;
#4440 = LINE ( 'NONE', #975, #3441 ) ;
#4441 = DIRECTION ( 'NONE',  ( -0.0000000000000000000, -1.000000000000000000, 1.037514040655985100E-016 ) ) ;
#4442 = VERTEX_POINT ( 'NONE', #7309 ) ;
#4443 = CARTESIAN_POINT ( 'NONE',  ( -3.269143326964645700, 2.049999999999999800, -1.926573238428398200 ) ) ;
#4444 = CARTESIAN_POINT ( 'NONE',  ( 2.350000000000001900, -3.410166175906719700E-015, 1.499999999999999800 ) ) ;
#4445 = ORIENTED_EDGE ( 'NONE', *, *, #2318, .F. ) ;
#4446 = DIRECTION ( 'NONE',  ( 0.5602494390798655700, 0.6427876096865357000, -0.5224410539421321400 ) ) ;
#4447 = ADVANCED_FACE ( 'NONE', ( #4384 ), #5052, .F. ) ;
#4448 = LINE ( 'NONE', #2501, #168 ) ;
#4449 = CARTESIAN_POINT ( 'NONE',  ( 2.196368124876839600, 2.680542461124567800, 2.928319625870896600 ) ) ;
#4450 = EDGE_LOOP ( 'NONE', ( #4091, #5956, #6077, #5862 ) ) ;
#4451 = PLANE ( 'NONE',  #1339 ) ;
#4452 = VERTEX_POINT ( 'NONE', #2088 ) ;
#4453 = ORIENTED_EDGE ( 'NONE', *, *, #7154, .T. ) ;
#4454 = ORIENTED_EDGE ( 'NONE', *, *, #6845, .T. ) ;
#4455 = DIRECTION ( 'NONE',  ( 0.0000000000000000000, 0.0000000000000000000, -1.000000000000000000 ) ) ;
#4456 = EDGE_CURVE ( 'NONE', #6630, #7263, #7096, .T. ) ;
#4457 = CARTESIAN_POINT ( 'NONE',  ( 2.259012180726067200, 2.786823684701662500, 2.868535771273392800 ) ) ;
#4458 = VECTOR ( 'NONE', #4736, 1000.000000000000100 ) ;
#4459 = ORIENTED_EDGE ( 'NONE', *, *, #3101, .T. ) ;
#4460 = CARTESIAN_POINT ( 'NONE',  ( 3.358423830897825800, 2.876018661286031900, 2.159853207536672300 ) ) ;
#4461 = CARTESIAN_POINT ( 'NONE',  ( 3.500000000000001300, 0.1500000000000012700, -1.500000000000000200 ) ) ;
#4462 = DIRECTION ( 'NONE',  ( 0.0000000000000000000, 1.000000000000000000, 0.0000000000000000000 ) ) ;
#4463 = ORIENTED_EDGE ( 'NONE', *, *, #5963, .T. ) ;
#4464 = AXIS2_PLACEMENT_3D ( 'NONE', #4199, #3531, #7082 ) ;
#4465 = FACE_OUTER_BOUND ( 'NONE', #2422, .T. ) ;
#4466 = EDGE_CURVE ( 'NONE', #6484, #3734, #5557, .T. ) ;
#4467 = ORIENTED_EDGE ( 'NONE', *, *, #7035, .T. ) ;
#4468 = CARTESIAN_POINT ( 'NONE',  ( 2.943436804984190100, 2.761011486623786500, 2.230299483828595900 ) ) ;
#4469 = CARTESIAN_POINT ( 'NONE',  ( -3.360750264387326600, 0.8544661983266783600, -1.536146339286769400 ) ) ;
#4470 = CARTESIAN_POINT ( 'NONE',  ( -1.929238040736830800, 3.115531827362850100, -3.057734596818831200 ) ) ;
#4471 = B_SPLINE_CURVE_WITH_KNOTS ( 'NONE', 3,
 ( #6008, #4366, #5478, #1992 ),
 .UNSPECIFIED., .F., .F.,
 ( 4, 4 ),
 ( 0.0000000000000000000, 0.02501160961181146700 ),
 .UNSPECIFIED. ) ;
#4472 = LINE ( 'NONE', #7170, #452 ) ;
#4473 = AXIS2_PLACEMENT_3D ( 'NONE', #5497, #6598, #2617 ) ;
#4474 =( BOUNDED_CURVE ( )  B_SPLINE_CURVE ( 3, ( #6012, #1968, #6057, #3754 ),
 .UNSPECIFIED., .F., .F. ) 
 B_SPLINE_CURVE_WITH_KNOTS ( ( 4, 4 ),
 ( 3.141592653589796700, 4.712388980384687900 ),
 .UNSPECIFIED. ) 
 CURVE ( )  GEOMETRIC_REPRESENTATION_ITEM ( )  RATIONAL_B_SPLINE_CURVE ( ( 1.000000000000000000, 0.8047378541243662700, 0.8047378541243662700, 1.000000000000000000 ) ) 
 REPRESENTATION_ITEM ( '' )  );
#4475 = EDGE_LOOP ( 'NONE', ( #5959, #257, #1203, #5590 ) ) ;
#4476 = CARTESIAN_POINT ( 'NONE',  ( -2.360634143192569900, 2.800477469234856200, -3.200318657565503600 ) ) ;
#4477 = EDGE_CURVE ( 'NONE', #6823, #6484, #6638, .T. ) ;
#4478 = CARTESIAN_POINT ( 'NONE',  ( 3.500000000000001300, 0.1500000000000012700, -1.500000000000000200 ) ) ;
#4479 = FACE_OUTER_BOUND ( 'NONE', #3685, .T. ) ;
#4480 = CARTESIAN_POINT ( 'NONE',  ( 1.980000000000001300, 4.500000000000000900, -0.6199999999999998800 ) ) ;
#4481 = LINE ( 'NONE', #71, #1013 ) ;
#4482 = CARTESIAN_POINT ( 'NONE',  ( -1.898532082527492700, 2.981826231161863700, -3.098283497931407600 ) ) ;
#4483 = CARTESIAN_POINT ( 'NONE',  ( -1.763922250330561400, 3.373814478675813100, -3.331581927823137800 ) ) ;
#4484 = EDGE_LOOP ( 'NONE', ( #2851, #2605, #449, #7289 ) ) ;
#4485 = LINE ( 'NONE', #5100, #5751 ) ;
#4486 = CARTESIAN_POINT ( 'NONE',  ( -3.166843572955270400, 3.129835182247248800, -1.816870183185520700 ) ) ;
#4487 = CARTESIAN_POINT ( 'NONE',  ( -2.320886441921326900, 2.931956073642799900, -3.159011432801475100 ) ) ;
#4488 = ORIENTED_EDGE ( 'NONE', *, *, #140, .F. ) ;
#4489 = DIRECTION ( 'NONE',  ( 0.0000000000000000000, 0.0000000000000000000, -1.000000000000000000 ) ) ;
#4490 = CIRCLE ( 'NONE', #6540, 0.2500000000000002200 ) ;
#4491 = CARTESIAN_POINT ( 'NONE',  ( -3.349999999999998800, 4.249999999999999100, -1.646074051843216400 ) ) ;
#4492 = DIRECTION ( 'NONE',  ( -0.0000000000000000000, -1.000000000000000000, 1.037514040655985100E-016 ) ) ;
#4493 = CARTESIAN_POINT ( 'NONE',  ( 2.943548802904145200, 2.814216246142052600, 2.230195044078621800 ) ) ;
#4494 = CARTESIAN_POINT ( 'NONE',  ( 3.166843572955270400, 3.129835182247248800, 1.816870183185520700 ) ) ;
#4495 = DIRECTION ( 'NONE',  ( -0.6819983600624948100, 0.0000000000000000000, -0.7313537016191739000 ) ) ;
#4496 = ORIENTED_EDGE ( 'NONE', *, *, #3031, .F. ) ;
#4497 = CARTESIAN_POINT ( 'NONE',  ( -3.234616239897258000, 3.126035741999278800, -1.889547470609032500 ) ) ;
#4498 = CIRCLE ( 'NONE', #317, 0.3499999999999999800 ) ;
#4499 = CARTESIAN_POINT ( 'NONE',  ( 3.285964462101886000, 3.206999999999999900, 1.910887276146959500 ) ) ;
#4500 = CARTESIAN_POINT ( 'NONE',  ( -3.091772916731248400, 2.922281082973633200, -2.567620077747159600 ) ) ;
#4501 = CARTESIAN_POINT ( 'NONE',  ( -2.000000000000001800, -4.634964287375531500E-015, 1.149999999999999700 ) ) ;
#4502 = CARTESIAN_POINT ( 'NONE',  ( -3.349999999999998300, 0.2500000000000002200, 2.150000000000000800 ) ) ;
#4503 = VERTEX_POINT ( 'NONE', #7439 ) ;
#4504 = VECTOR ( 'NONE', #193, 1000.000000000000000 ) ;
#4505 = CARTESIAN_POINT ( 'NONE',  ( -2.000000000000001800, -4.618000567908624400E-015, 1.149999999999999700 ) ) ;
#4506 = CARTESIAN_POINT ( 'NONE',  ( -2.404104873307498100, 2.903743253927711700, -3.143770804199711700 ) ) ;
#4507 = DIRECTION ( 'NONE',  ( 0.0000000000000000000, 1.000000000000000000, 0.0000000000000000000 ) ) ;
#4508 = EDGE_CURVE ( 'NONE', #5218, #1001, #1475, .T. ) ;
#4509 = CARTESIAN_POINT ( 'NONE',  ( -3.099999999999998300, 4.249999999999999100, 0.9699999999999999700 ) ) ;
#4510 = EDGE_LOOP ( 'NONE', ( #1198, #5132, #1521, #5368, #5431, #15, #1586, #6403, #1978, #2648, #6212, #4630, #3898, #776, #3560 ) ) ;
#4511 = VECTOR ( 'NONE', #7355, 1000.000000000000000 ) ;
#4512 = ADVANCED_FACE ( 'NONE', ( #2008 ), #4020, .T. ) ;
#4513 = EDGE_LOOP ( 'NONE', ( #4424, #3155, #2986, #2404, #6816, #173, #3567, #2179, #6707, #7277 ) ) ;
#4514 = AXIS2_PLACEMENT_3D ( 'NONE', #1624, #7440, #5142 ) ;
#4515 = CARTESIAN_POINT ( 'NONE',  ( 2.944294750045206100, 2.815021492899146600, 2.229499437116123400 ) ) ;
#4516 = CARTESIAN_POINT ( 'NONE',  ( 2.942091234985562600, 2.812642807790891400, 2.231554248151770300 ) ) ;
#4517 = LINE ( 'NONE', #2662, #5073 ) ;
#4518 = B_SPLINE_CURVE_WITH_KNOTS ( 'NONE', 3,
 ( #5635, #5571, #2407, #5587 ),
 .UNSPECIFIED., .F., .F.,
 ( 4, 4 ),
 ( 0.0002765876194063310900, 0.0003956030104721320200 ),
 .UNSPECIFIED. ) ;
#4519 = EDGE_CURVE ( 'NONE', #178, #6388, #735, .T. ) ;
#4520 = CARTESIAN_POINT ( 'NONE',  ( -2.593388065980804400, 2.649999999999999900, -2.556725213832716100 ) ) ;
#4521 = ORIENTED_EDGE ( 'NONE', *, *, #2059, .F. ) ;
#4522 = ORIENTED_EDGE ( 'NONE', *, *, #2610, .F. ) ;
#4523 = CARTESIAN_POINT ( 'NONE',  ( -3.349000000000001100, 4.179999999999999700, -1.645639239468278400 ) ) ;
#4524 = CARTESIAN_POINT ( 'NONE',  ( -3.080955532791603600, 2.886382305945061100, -2.431828073170932300 ) ) ;
#4525 = CARTESIAN_POINT ( 'NONE',  ( -3.240080579300004300, 3.126858069472743500, -1.895407257205493400 ) ) ;
#4526 = DIRECTION ( 'NONE',  ( 0.0000000000000000000, 1.000000000000000000, 0.0000000000000000000 ) ) ;
#4527 = ORIENTED_EDGE ( 'NONE', *, *, #2201, .T. ) ;
#4528 = EDGE_CURVE ( 'NONE', #6098, #7428, #950, .T. ) ;
#4529 = CARTESIAN_POINT ( 'NONE',  ( 2.254045009763759700, 2.809523624852348500, 2.873167733131165600 ) ) ;
#4530 = DIRECTION ( 'NONE',  ( 0.0000000000000000000, 1.000000000000000000, -0.0000000000000000000 ) ) ;
#4531 = CARTESIAN_POINT ( 'NONE',  ( 3.285964462101886900, 3.230000000000000000, 1.910887276146960900 ) ) ;
#4532 = DIRECTION ( 'NONE',  ( 0.4701050976991863500, -0.7660444431189820100, -0.4383800956747089800 ) ) ;
#4533 = DIRECTION ( 'NONE',  ( -0.0000000000000000000, -1.037514040655985100E-016, -1.000000000000000000 ) ) ;
#4534 = VERTEX_POINT ( 'NONE', #503 ) ;
#4535 = VECTOR ( 'NONE', #2350, 1000.000000000000000 ) ;
#4536 = ORIENTED_EDGE ( 'NONE', *, *, #7502, .T. ) ;
#4537 = ORIENTED_EDGE ( 'NONE', *, *, #2101, .T. ) ;
#4538 = ORIENTED_EDGE ( 'NONE', *, *, #5199, .T. ) ;
#4539 = CARTESIAN_POINT ( 'NONE',  ( 2.985129713113609200, 2.673370412616768600, 2.184235169910647000 ) ) ;
#4540 = CARTESIAN_POINT ( 'NONE',  ( 2.468332918659730700, 2.901817111391474600, 3.099887924683823100 ) ) ;
#4541 = CARTESIAN_POINT ( 'NONE',  ( 2.940563143061917900, 2.810998521237315200, 2.232979216923575800 ) ) ;
#4542 = VECTOR ( 'NONE', #2962, 1000.000000000000000 ) ;
#4543 = CARTESIAN_POINT ( 'NONE',  ( -2.244259809515543500, 2.821929211080253200, -2.882292579983505700 ) ) ;
#4544 = CARTESIAN_POINT ( 'NONE',  ( 1.891124938196041100, 3.119534143554457000, 3.016824498154695400 ) ) ;
#4545 = VERTEX_POINT ( 'NONE', #453 ) ;
#4546 = EDGE_CURVE ( 'NONE', #2517, #7313, #2737, .T. ) ;
#4547 = ORIENTED_EDGE ( 'NONE', *, *, #2348, .T. ) ;
#4548 = CARTESIAN_POINT ( 'NONE',  ( -3.099999999999998800, 4.500000000000000900, -0.9700000000000004200 ) ) ;
#4549 = CARTESIAN_POINT ( 'NONE',  ( -2.364883570789317900, 2.818666014943783900, -2.994534422505914500 ) ) ;
#4550 = FACE_OUTER_BOUND ( 'NONE', #2243, .T. ) ;
#4551 = CARTESIAN_POINT ( 'NONE',  ( 1.630000000000001200, 4.350000000000000500, -0.9699999999999999700 ) ) ;
#4552 = DIRECTION ( 'NONE',  ( -0.0000000000000000000, -1.037514040655985100E-016, -1.000000000000000000 ) ) ;
#4553 = EDGE_CURVE ( 'NONE', #6150, #5871, #1530, .T. ) ;
#4554 = VERTEX_POINT ( 'NONE', #2250 ) ;
#4555 = PLANE ( 'NONE',  #5628 ) ;
#4556 = VECTOR ( 'NONE', #7121, 1000.000000000000000 ) ;
#4557 = CARTESIAN_POINT ( 'NONE',  ( 2.244364645636737900, 2.821061224095819900, 2.882861914131833500 ) ) ;
#4558 = EDGE_LOOP ( 'NONE', ( #7436, #759, #6311, #1057 ) ) ;
#4559 = LINE ( 'NONE', #5829, #1455 ) ;
#4560 = EDGE_CURVE ( 'NONE', #5481, #6906, #2706, .T. ) ;
#4561 = LINE ( 'NONE', #6175, #827 ) ;
#4562 = DIRECTION ( 'NONE',  ( -0.0000000000000000000, -1.037514040655985100E-016, -1.000000000000000000 ) ) ;
#4563 = CARTESIAN_POINT ( 'NONE',  ( 2.460934238011420700, 2.901512825941023400, 3.106244181052562100 ) ) ;
#4564 =( BOUNDED_CURVE ( )  B_SPLINE_CURVE ( 3, ( #6839, #4563, #4540, #436 ),
 .UNSPECIFIED., .F., .F. ) 
 B_SPLINE_CURVE_WITH_KNOTS ( ( 4, 4 ),
 ( 2.334298268746847000, 2.443460952792065200 ),
 .UNSPECIFIED. ) 
 CURVE ( )  GEOMETRIC_REPRESENTATION_ITEM ( )  RATIONAL_B_SPLINE_CURVE ( ( 1.000000000000000000, 0.9990072055424464900, 0.9990072055424464900, 1.000000000000000000 ) ) 
 REPRESENTATION_ITEM ( '' )  );
#4565 = CARTESIAN_POINT ( 'NONE',  ( -3.350000000000001900, 8.131516293641283300E-017, 1.500000000000000200 ) ) ;
#4566 = CARTESIAN_POINT ( 'NONE',  ( -1.993466470255342600, 3.109422787685936800, -3.116189812499612800 ) ) ;
#4567 = VERTEX_POINT ( 'NONE', #4505 ) ;
#4568 = B_SPLINE_CURVE_WITH_KNOTS ( 'NONE', 3,
 ( #4012, #2196, #6262, #1614 ),
 .UNSPECIFIED., .F., .F.,
 ( 4, 4 ),
 ( 0.0000000000000000000, 7.038752501392209600E-005 ),
 .UNSPECIFIED. ) ;
#4569 = VECTOR ( 'NONE', #4868, 1000.000000000000100 ) ;
#4570 = CARTESIAN_POINT ( 'NONE',  ( 3.250000000000001800, 4.250000000000000900, -3.397182120936205900 ) ) ;
#4571 = AXIS2_PLACEMENT_3D ( 'NONE', #7301, #295, #5537 ) ;
#4572 = DIRECTION ( 'NONE',  ( 0.0000000000000000000, 1.000000000000000000, 0.0000000000000000000 ) ) ;
#4573 = EDGE_CURVE ( 'NONE', #5939, #1804, #6729, .T. ) ;
#4574 = CARTESIAN_POINT ( 'NONE',  ( -3.500000000000001300, 4.179999999999999700, -1.500000000000000200 ) ) ;
#4575 = ORIENTED_EDGE ( 'NONE', *, *, #4126, .F. ) ;
#4576 = VECTOR ( 'NONE', #4202, 1000.000000000000000 ) ;
#4577 = DIRECTION ( 'NONE',  ( -0.6819983600624948100, -0.0000000000000000000, -0.7313537016191739000 ) ) ;
#4578 = ORIENTED_EDGE ( 'NONE', *, *, #4965, .T. ) ;
#4579 = CARTESIAN_POINT ( 'NONE',  ( -3.167078968203488100, 3.126261112468990500, -1.816650673565352900 ) ) ;
#4580 = CARTESIAN_POINT ( 'NONE',  ( -1.949859907266674000, 3.115441426562255000, -3.079815122773812400 ) ) ;
#4581 = CARTESIAN_POINT ( 'NONE',  ( -3.500000000000001300, 4.179999999999999700, -0.9700000000000004200 ) ) ;
#4582 = PRESENTATION_STYLE_ASSIGNMENT (( #2659 ) ) ;
#4583 = EDGE_LOOP ( 'NONE', ( #7137, #6809, #2593 ) ) ;
#4584 = CARTESIAN_POINT ( 'NONE',  ( 3.500000000000001300, 2.049999999999999800, 1.500000000000000200 ) ) ;
#4585 = LINE ( 'NONE', #4180, #5762 ) ;
#4586 = DIRECTION ( 'NONE',  ( 0.0000000000000000000, 0.0000000000000000000, 1.000000000000000000 ) ) ;
#4587 = ORIENTED_EDGE ( 'NONE', *, *, #656, .T. ) ;
#4588 = CARTESIAN_POINT ( 'NONE',  ( 3.451981752369437800, 4.179999999999999700, 1.756073648412773700 ) ) ;
#4589 = ORIENTED_EDGE ( 'NONE', *, *, #4171, .T. ) ;
#4590 = EDGE_CURVE ( 'NONE', #790, #1855, #1644, .T. ) ;
#4591 = CARTESIAN_POINT ( 'NONE',  ( -2.250596212048138900, 2.771250581114541600, -2.876383789030012600 ) ) ;
#4592 = CIRCLE ( 'NONE', #1044, 0.3500000000000000300 ) ;
#4593 = CARTESIAN_POINT ( 'NONE',  ( -3.157362928121621800, 2.767024083463285300, -2.508304619520144400 ) ) ;
#4594 = CARTESIAN_POINT ( 'NONE',  ( 2.350000000000001900, -3.395982099313527400E-015, -1.149999999999999900 ) ) ;
#4595 = B_SPLINE_CURVE_WITH_KNOTS ( 'NONE', 3,
 ( #2860, #6955, #6329, #6924 ),
 .UNSPECIFIED., .F., .F.,
 ( 4, 4 ),
 ( 0.0000000000000000000, 1.000000000000000000 ),
 .UNSPECIFIED. ) ;
#4596 = ORIENTED_EDGE ( 'NONE', *, *, #2935, .F. ) ;
#4597 = CARTESIAN_POINT ( 'NONE',  ( -2.000000000000001800, -4.634964287375531500E-015, 1.500000000000000000 ) ) ;
#4598 = FACE_OUTER_BOUND ( 'NONE', #4615, .T. ) ;
#4599 = DIRECTION ( 'NONE',  ( 0.7313537016191752300, 0.0000000000000000000, -0.6819983600624933700 ) ) ;
#4600 = CARTESIAN_POINT ( 'NONE',  ( 1.950828809695911400, 3.115566063882463600, 3.080849061818490900 ) ) ;
#4601 = DIRECTION ( 'NONE',  ( 0.0000000000000000000, 0.0000000000000000000, -1.000000000000000000 ) ) ;
#4602 = ORIENTED_EDGE ( 'NONE', *, *, #3977, .F. ) ;
#4603 = ORIENTED_EDGE ( 'NONE', *, *, #6543, .T. ) ;
#4604 = ORIENTED_EDGE ( 'NONE', *, *, #6076, .F. ) ;
#4605 = VECTOR ( 'NONE', #300, 1000.000000000000000 ) ;
#4606 = DIRECTION ( 'NONE',  ( -1.317318830548898700E-016, 0.0000000000000000000, -1.000000000000000000 ) ) ;
#4607 = EDGE_CURVE ( 'NONE', #6846, #6690, #4481, .T. ) ;
#4608 = ORIENTED_EDGE ( 'NONE', *, *, #1825, .T. ) ;
#4609 = DIRECTION ( 'NONE',  ( 1.000000000000000000, 3.491481338843134100E-015, 0.0000000000000000000 ) ) ;
#4610 = ORIENTED_EDGE ( 'NONE', *, *, #5404, .F. ) ;
#4611 = CARTESIAN_POINT ( 'NONE',  ( 1.918695658615759700, 3.118404859659850400, 3.046390476045640800 ) ) ;
#4612 = EDGE_CURVE ( 'NONE', #2324, #4056, #2635, .T. ) ;
#4613 = CARTESIAN_POINT ( 'NONE',  ( -1.629999999999998600, 4.500000000000000000, -3.249999999999999100 ) ) ;
#4614 = CIRCLE ( 'NONE', #5306, 0.3500000000000000300 ) ;
#4615 = EDGE_LOOP ( 'NONE', ( #2590, #3899, #3137, #3173, #7337, #7057, #6682, #1495, #3388, #5869, #654 ) ) ;
#4616 = ORIENTED_EDGE ( 'NONE', *, *, #2868, .F. ) ;
#4617 = DIRECTION ( 'NONE',  ( 0.0000000000000000000, 0.0000000000000000000, -1.000000000000000000 ) ) ;
#4618 = AXIS2_PLACEMENT_3D ( 'NONE', #792, #1890, #4418 ) ;
#4619 = EDGE_CURVE ( 'NONE', #3469, #2559, #5954, .T. ) ;
#4620 = CARTESIAN_POINT ( 'NONE',  ( -3.042126436291191300, 2.818837373381005000, -2.354466227766381700 ) ) ;
#4621 = VECTOR ( 'NONE', #60, 1000.000000000000000 ) ;
#4622 = EDGE_LOOP ( 'NONE', ( #1617, #4884, #3235, #4244 ) ) ;
#4623 = VERTEX_POINT ( 'NONE', #2938 ) ;
#4624 = CARTESIAN_POINT ( 'NONE',  ( 3.250000000000001800, 4.350000000000001400, 0.9700000000000004200 ) ) ;
#4625 = ORIENTED_EDGE ( 'NONE', *, *, #3652, .F. ) ;
#4626 = CARTESIAN_POINT ( 'NONE',  ( -3.088251653415373000, 2.709208174222399500, -2.370474437647076500 ) ) ;
#4627 = ADVANCED_FACE ( 'NONE', ( #1186 ), #5788, .F. ) ;
#4628 = FACE_OUTER_BOUND ( 'NONE', #4475, .T. ) ;
#4629 = AXIS2_PLACEMENT_3D ( 'NONE', #240, #7240, #4290 ) ;
#4630 = ORIENTED_EDGE ( 'NONE', *, *, #1491, .F. ) ;
#4631 = PLANE ( 'NONE',  #7004 ) ;
#4632 = APPLICATION_PROTOCOL_DEFINITION ( 'draft international standard', 'automotive_design', 1998, #29 ) ;
#4633 = ORIENTED_EDGE ( 'NONE', *, *, #4408, .F. ) ;
#4634 = DIRECTION ( 'NONE',  ( -0.7313537016191734600, -0.0000000000000000000, 0.6819983600624953700 ) ) ;
#4635 = DIRECTION ( 'NONE',  ( -0.0000000000000000000, 0.0000000000000000000, 1.000000000000000000 ) ) ;
#4636 = DIRECTION ( 'NONE',  ( 5.042800802258159400E-016, -1.000000000000000000, 0.0000000000000000000 ) ) ;
#4637 = DIRECTION ( 'NONE',  ( 3.491481338843133000E-015, -1.000000000000000000, -0.0000000000000000000 ) ) ;
#4638 = FACE_OUTER_BOUND ( 'NONE', #3043, .T. ) ;
#4639 = CARTESIAN_POINT ( 'NONE',  ( 3.360750264387326600, 0.8544661983266783600, 1.536146339286769400 ) ) ;
#4640 = ORIENTED_EDGE ( 'NONE', *, *, #4210, .F. ) ;
#4641 = VERTEX_POINT ( 'NONE', #6406 ) ;
#4642 = DIRECTION ( 'NONE',  ( -0.0000000000000000000, -1.037514040655985100E-016, 1.000000000000000000 ) ) ;
#4643 = DIRECTION ( 'NONE',  ( 1.000000000000000000, 0.0000000000000000000, 0.0000000000000000000 ) ) ;
#4644 = CARTESIAN_POINT ( 'NONE',  ( -1.993413622165175500, 3.109424678841782500, -3.116162053940659600 ) ) ;
#4645 = LINE ( 'NONE', #6840, #6735 ) ;
#4646 = CARTESIAN_POINT ( 'NONE',  ( 3.350000000000001400, 2.049999999999999800, 1.500000000000000000 ) ) ;
#4647 = FACE_OUTER_BOUND ( 'NONE', #3248, .T. ) ;
#4648 = B_SPLINE_CURVE_WITH_KNOTS ( 'NONE', 3,
 ( #4326, #298, #860, #6726 ),
 .UNSPECIFIED., .F., .F.,
 ( 4, 4 ),
 ( 1.062296840242592400E-018, 0.0002463618899993530300 ),
 .UNSPECIFIED. ) ;
#4649 = ORIENTED_EDGE ( 'NONE', *, *, #2239, .F. ) ;
#4650 = ORIENTED_EDGE ( 'NONE', *, *, #1138, .T. ) ;
#4651 = CIRCLE ( 'NONE', #6934, 0.0009999999999999158900 ) ;
#4652 = CARTESIAN_POINT ( 'NONE',  ( 1.888256698380109200, 3.111962397303647400, 3.015962964777846100 ) ) ;
#4653 = CYLINDRICAL_SURFACE ( 'NONE', #7382, 0.5073896953895640200 ) ;
#4654 = PLANE ( 'NONE',  #4267 ) ;
#4655 = AXIS2_PLACEMENT_3D ( 'NONE', #2152, #4552, #4526 ) ;
#4656 = DIRECTION ( 'NONE',  ( 0.6819983600624945900, -0.0000000000000000000, 0.7313537016191742300 ) ) ;
#4657 = ORIENTED_EDGE ( 'NONE', *, *, #1046, .T. ) ;
#4658 =( BOUNDED_SURFACE ( )  B_SPLINE_SURFACE ( 3, 3, ( 
 ( #5977, #3541, #4732, #2410 ),
 ( #6462, #1211, #5814, #4683 ),
 ( #2361, #2942, #2999, #5887 ),
 ( #1234, #5267, #4124, #5312 ) ),
 .UNSPECIFIED., .F., .F., .F. ) 
 B_SPLINE_SURFACE_WITH_KNOTS ( ( 4, 4 ),
 ( 4, 4 ),
 ( 0.0000000000000000000, 1.000000000000000000 ),
 ( 0.0000000000000000000, 1.000000000000000000 ),
 .UNSPECIFIED. ) 
 GEOMETRIC_REPRESENTATION_ITEM ( )  RATIONAL_B_SPLINE_SURFACE ( (
 ( 1.000000000000000000, 0.3333333333333330900, 0.3333333333333330900, 1.000000000000000000),
 ( 0.8047378541243654900, 0.2682459513747882900, 0.2682459513747882900, 0.8047378541243654900),
 ( 0.8047378541243654900, 0.2682459513747882900, 0.2682459513747882900, 0.8047378541243654900),
 ( 1.000000000000000000, 0.3333333333333330900, 0.3333333333333330900, 1.000000000000000000) ) ) 
 REPRESENTATION_ITEM ( '' )  SURFACE ( )  );
#4659 = ORIENTED_EDGE ( 'NONE', *, *, #4519, .T. ) ;
#4660 = EDGE_CURVE ( 'NONE', #4790, #7258, #1096, .T. ) ;
#4661 = CARTESIAN_POINT ( 'NONE',  ( -2.196368124876839600, 2.680542461124567800, -2.928319625870896600 ) ) ;
#4662 = VECTOR ( 'NONE', #225, 1000.000000000000000 ) ;
#4663 = VERTEX_POINT ( 'NONE', #7006 ) ;
#4664 = DIRECTION ( 'NONE',  ( 0.0000000000000000000, 1.000000000000000000, -1.037514040655985100E-016 ) ) ;
#4665 = DIRECTION ( 'NONE',  ( 0.0000000000000000000, 0.0000000000000000000, 1.000000000000000000 ) ) ;
#4666 = PLANE ( 'NONE',  #6738 ) ;
#4667 = EDGE_LOOP ( 'NONE', ( #6972, #762, #543, #5641 ) ) ;
#4668 = CARTESIAN_POINT ( 'NONE',  ( -3.262358333491259400, 3.118638075250149000, -1.929475632399002300 ) ) ;
#4669 = AXIS2_PLACEMENT_3D ( 'NONE', #4186, #1856, #639 ) ;
#4670 = FACE_OUTER_BOUND ( 'NONE', #6225, .T. ) ;
#4671 = CARTESIAN_POINT ( 'NONE',  ( -2.000000000000001300, 0.1499999999999953900, 0.0000000000000000000 ) ) ;
#4672 = EDGE_CURVE ( 'NONE', #1989, #3967, #4110, .T. ) ;
#4673 = DIRECTION ( 'NONE',  ( 1.000000000000000000, 0.0000000000000000000, -0.0000000000000000000 ) ) ;
#4674 = CARTESIAN_POINT ( 'NONE',  ( -1.963938539829629800, 3.117333466574046900, -3.094907526210762100 ) ) ;
#4675 = CARTESIAN_POINT ( 'NONE',  ( -3.233093868170667600, 2.952156128891860300, -2.435836158542573400 ) ) ;
#4676 = ORIENTED_EDGE ( 'NONE', *, *, #5016, .T. ) ;
#4677 = CARTESIAN_POINT ( 'NONE',  ( -3.500000000000001300, 3.779999999999999400, 1.499999999999999800 ) ) ;
#4678 = VECTOR ( 'NONE', #4227, 1000.000000000000000 ) ;
#4679 = AXIS2_PLACEMENT_3D ( 'NONE', #4330, #1905, #5418 ) ;
#4680 = CARTESIAN_POINT ( 'NONE',  ( -3.179131998563743600, 3.085786930232151900, -1.806809010982915400 ) ) ;
#4681 = PLANE ( 'NONE',  #3801 ) ;
#4682 = ORIENTED_EDGE ( 'NONE', *, *, #6647, .T. ) ;
#4683 = CARTESIAN_POINT ( 'NONE',  ( -3.261235797955769100, 2.649999999999999900, -2.528929275305877900 ) ) ;
#4684 = CARTESIAN_POINT ( 'NONE',  ( -3.203411258036229300, 3.206999999999999900, -1.782770265182396700 ) ) ;
#4685 = CARTESIAN_POINT ( 'NONE',  ( 1.630000000000000300, -9.334880824091971600, 3.250000000000000900 ) ) ;
#4686 = CIRCLE ( 'NONE', #511, 0.3500000000000000300 ) ;
#4687 = DIRECTION ( 'NONE',  ( -0.5990898797796674300, 0.5735764363510464900, 0.5586603508469324400 ) ) ;
#4688 = VERTEX_POINT ( 'NONE', #6359 ) ;
#4689 = CARTESIAN_POINT ( 'NONE',  ( 3.100000000000000100, 4.249999999999999100, -0.9699999999999999700 ) ) ;
#4690 = LINE ( 'NONE', #3831, #3778 ) ;
#4691 = CARTESIAN_POINT ( 'NONE',  ( 2.865177838662855700, 2.926031455907360800, 2.293095585858637700 ) ) ;
#4692 = EDGE_LOOP ( 'NONE', ( #2977, #6290, #3078 ) ) ;
#4693 = DIRECTION ( 'NONE',  ( -0.0000000000000000000, -1.000000000000000000, 1.037514040655985100E-016 ) ) ;
#4694 = CARTESIAN_POINT ( 'NONE',  ( 3.312677434621850800, 2.982358206814725900, 2.412036548978736800 ) ) ;
#4695 = CYLINDRICAL_SURFACE ( 'NONE', #1575, 0.3499999999999999800 ) ;
#4696 = CARTESIAN_POINT ( 'NONE',  ( 2.350000000000001400, 0.1499999999999966100, -1.500000000000000200 ) ) ;
#4697 = B_SPLINE_CURVE_WITH_KNOTS ( 'NONE', 3,
 ( #5332, #4092, #5832, #6426 ),
 .UNSPECIFIED., .F., .F.,
 ( 4, 4 ),
 ( 0.3724515647660622300, 1.000000000000000000 ),
 .UNSPECIFIED. ) ;
#4698 = ORIENTED_EDGE ( 'NONE', *, *, #6771, .F. ) ;
#4699 = CARTESIAN_POINT ( 'NONE',  ( 2.000000000000001800, -4.618000567908624400E-015, -1.500000000000000000 ) ) ;
#4700 = ORIENTED_EDGE ( 'NONE', *, *, #2086, .T. ) ;
#4701 = AXIS2_PLACEMENT_3D ( 'NONE', #3051, #3643, #737 ) ;
#4702 = CARTESIAN_POINT ( 'NONE',  ( -3.269143326964645700, 3.206999999999999900, -1.926573238428398000 ) ) ;
#4703 = EDGE_CURVE ( 'NONE', #1593, #5871, #6531, .T. ) ;
#4704 = CARTESIAN_POINT ( 'NONE',  ( -1.995676850809587700, 4.029999999999999400, -2.909000819968754000 ) ) ;
#4705 = ADVANCED_FACE ( 'NONE', ( #3385 ), #5307, .F. ) ;
#4706 = DIRECTION ( 'NONE',  ( -1.000000000000000000, 3.491481338843134100E-015, 0.0000000000000000000 ) ) ;
#4707 = DIRECTION ( 'NONE',  ( -1.330309414092644500E-016, 0.0000000000000000000, -1.000000000000000000 ) ) ;
#4708 = ORIENTED_EDGE ( 'NONE', *, *, #1387, .F. ) ;
#4709 = AXIS2_PLACEMENT_3D ( 'NONE', #1398, #4282, #3747 ) ;
#4710 = VECTOR ( 'NONE', #4802, 1000.000000000000000 ) ;
#4711 = DIRECTION ( 'NONE',  ( 0.4701884262107515800, 0.8825660563705453000, 0.0000000000000000000 ) ) ;
#4712 = ADVANCED_FACE ( 'NONE', ( #2548 ), #6908, .T. ) ;
#4713 = ORIENTED_EDGE ( 'NONE', *, *, #1590, .T. ) ;
#4714 = ORIENTED_EDGE ( 'NONE', *, *, #1390, .T. ) ;
#4715 = EDGE_CURVE ( 'NONE', #2711, #3258, #7126, .T. ) ;
#4716 = ORIENTED_EDGE ( 'NONE', *, *, #5594, .F. ) ;
#4717 = ORIENTED_EDGE ( 'NONE', *, *, #1958, .F. ) ;
#4718 = VERTEX_POINT ( 'NONE', #1925 ) ;
#4719 = DIRECTION ( 'NONE',  ( 0.0000000000000000000, 1.000000000000000000, 0.0000000000000000000 ) ) ;
#4720 = DIRECTION ( 'NONE',  ( 0.0000000000000000000, -1.000000000000000000, -0.0000000000000000000 ) ) ;
#4721 = LINE ( 'NONE', #4783, #5176 ) ;
#4722 = CARTESIAN_POINT ( 'NONE',  ( -1.969738172597796300, 3.112614304907736600, -3.099730874465741200 ) ) ;
#4723 = CARTESIAN_POINT ( 'NONE',  ( 2.990147807123188600, 2.677008140004553100, 2.181821883944389000 ) ) ;
#4724 = ORIENTED_EDGE ( 'NONE', *, *, #249, .F. ) ;
#4725 = AXIS2_PLACEMENT_3D ( 'NONE', #2285, #4078, #2236 ) ;
#4726 = ORIENTED_EDGE ( 'NONE', *, *, #4788, .F. ) ;
#4727 = DIRECTION ( 'NONE',  ( 0.8900779411759872600, 0.4558083573519859400, 0.0000000000000000000 ) ) ;
#4728 = LINE ( 'NONE', #6070, #1626 ) ;
#4729 = CARTESIAN_POINT ( 'NONE',  ( -1.885886159059277300, 3.117163579971110400, -3.011382296343407800 ) ) ;
#4730 = AXIS2_PLACEMENT_3D ( 'NONE', #4895, #4388, #1468 ) ;
#4731 = ORIENTED_EDGE ( 'NONE', *, *, #177, .F. ) ;
#4732 = CARTESIAN_POINT ( 'NONE',  ( -2.964469397867387700, 1.635220609220872100, -2.210686273664426200 ) ) ;
#4733 = DIRECTION ( 'NONE',  ( 0.7313537016191741200, 0.0000000000000000000, -0.6819983600624944800 ) ) ;
#4734 = PRODUCT_DEFINITION_FORMATION_WITH_SPECIFIED_SOURCE ( 'ANY', '', #7375, .NOT_KNOWN. ) ;
#4735 = VECTOR ( 'NONE', #5089, 1000.000000000000000 ) ;
#4736 = DIRECTION ( 'NONE',  ( -0.4194872498868741400, -0.8191520442889903600, 0.3911781889619042600 ) ) ;
#4737 =( LENGTH_UNIT ( ) NAMED_UNIT ( * ) SI_UNIT ( .MILLI., .METRE. ) );
#4738 = CARTESIAN_POINT ( 'NONE',  ( 2.385261945363141400, 2.713645541093291600, 3.046580924433523600 ) ) ;
#4739 = EDGE_CURVE ( 'NONE', #5706, #1379, #5657, .T. ) ;
#4740 = PLANE ( 'NONE',  #4877 ) ;
#4741 = ORIENTED_EDGE ( 'NONE', *, *, #7164, .F. ) ;
#4742 = CIRCLE ( 'NONE', #567, 0.2000000000000002100 ) ;
#4743 = DIRECTION ( 'NONE',  ( -0.6819983600624948100, 0.0000000000000000000, -0.7313537016191739000 ) ) ;
#4744 = FACE_OUTER_BOUND ( 'NONE', #4437, .T. ) ;
#4745 = CARTESIAN_POINT ( 'NONE',  ( 2.421801166067089300, 2.788342916875101700, 3.143279485960888600 ) ) ;
#4746 = ORIENTED_EDGE ( 'NONE', *, *, #1093, .T. ) ;
#4747 = CARTESIAN_POINT ( 'NONE',  ( -1.993431313776335100, 3.109424068447353800, -3.116171361688612900 ) ) ;
#4748 = AXIS2_PLACEMENT_3D ( 'NONE', #4597, #4169, #1844 ) ;
#4749 = CARTESIAN_POINT ( 'NONE',  ( 3.350000000000001400, 4.179999999999999700, 1.500000000000000200 ) ) ;
#4750 = DIRECTION ( 'NONE',  ( 0.0000000000000000000, 0.0000000000000000000, -1.000000000000000000 ) ) ;
#4751 = LINE ( 'NONE', #3241, #2193 ) ;
#4752 = EDGE_CURVE ( 'NONE', #7331, #2174, #1368, .T. ) ;
#4753 = ADVANCED_FACE ( 'NONE', ( #2373 ), #3196, .T. ) ;
#4754 = EDGE_LOOP ( 'NONE', ( #5363, #715, #3255, #4901 ) ) ;
#4755 = CARTESIAN_POINT ( 'NONE',  ( 1.992007075490996900, 3.111405636636742000, 3.117522059980864000 ) ) ;
#4756 = FILL_AREA_STYLE_COLOUR ( '', #3626 ) ;
#4757 = CYLINDRICAL_SURFACE ( 'NONE', #3050, 0.3500000000000000300 ) ;
#4758 = DIRECTION ( 'NONE',  ( -1.142445755987358100E-016, 0.0000000000000000000, -1.000000000000000000 ) ) ;
#4759 = AXIS2_PLACEMENT_3D ( 'NONE', #3090, #7152, #4937 ) ;
#4760 = DIRECTION ( 'NONE',  ( -0.0000000000000000000, -1.000000000000000000, 1.037514040655985100E-016 ) ) ;
#4761 = EDGE_CURVE ( 'NONE', #2742, #465, #176, .T. ) ;
#4762 = ORIENTED_EDGE ( 'NONE', *, *, #6693, .F. ) ;
#4763 = DIRECTION ( 'NONE',  ( -0.6819983600624948100, 0.0000000000000000000, -0.7313537016191739000 ) ) ;
#4764 = VECTOR ( 'NONE', #252, 1000.000000000000000 ) ;
#4765 = CARTESIAN_POINT ( 'NONE',  ( -1.988273549576086200, 3.115628382665899900, -3.121003629221005000 ) ) ;
#4766 = CARTESIAN_POINT ( 'NONE',  ( -2.988879130295389900, 2.672717240949518600, -2.189291157387829300 ) ) ;
#4767 = EDGE_LOOP ( 'NONE', ( #4429, #4337, #6423, #7100, #4034 ) ) ;
#4768 = CARTESIAN_POINT ( 'NONE',  ( 2.944686551374058300, 2.814300697858715500, 2.229557031043945400 ) ) ;
#4769 = ORIENTED_EDGE ( 'NONE', *, *, #3937, .T. ) ;
#4770 = AXIS2_PLACEMENT_3D ( 'NONE', #2849, #3973, #6 ) ;
#4771 = FACE_OUTER_BOUND ( 'NONE', #3435, .T. ) ;
#4772 = EDGE_CURVE ( 'NONE', #6333, #4810, #1919, .T. ) ;
#4773 = DIRECTION ( 'NONE',  ( 0.0000000000000000000, 0.0000000000000000000, -1.000000000000000000 ) ) ;
#4774 = DIRECTION ( 'NONE',  ( 0.7313537016191752300, 0.0000000000000000000, -0.6819983600624933700 ) ) ;
#4775 = CARTESIAN_POINT ( 'NONE',  ( -3.239249746270030300, 3.126722700901219300, -1.894516297860893800 ) ) ;
#4776 = CARTESIAN_POINT ( 'NONE',  ( -2.930858874569370000, 2.788086345269514200, -2.242028593663787800 ) ) ;
#4777 = VERTEX_POINT ( 'NONE', #3665 ) ;
#4778 = CARTESIAN_POINT ( 'NONE',  ( 3.246446609406725700, 4.929745695473435900E-016, -1.742639150792151300 ) ) ;
#4779 = CYLINDRICAL_SURFACE ( 'NONE', #121, 0.02300000000000001700 ) ;
#4780 = AXIS2_PLACEMENT_3D ( 'NONE', #4478, #4398, #986 ) ;
#4781 = CARTESIAN_POINT ( 'NONE',  ( 3.250000000000001800, 4.250000000000000900, -3.397182120936205900 ) ) ;
#4782 = B_SPLINE_SURFACE_WITH_KNOTS ( 'NONE', 1, 3, ( 
 ( #769, #3676, #6577, #217, #2212, #2190 ),
 ( #1607, #4516, #6255, #5686, #1003, #6188 ) ),
 .UNSPECIFIED., .F., .F., .F.,
 ( 2, 2 ),
 ( 4, 2, 4 ),
 ( 0.0000000000000000000, 1.000000000000000000 ),
 ( 0.0000000000000000000, 0.5000000000000000000, 1.000000000000000000 ),
 .UNSPECIFIED. ) ;
#4783 = CARTESIAN_POINT ( 'NONE',  ( -3.349681998360063900, 2.049999999999999800, -1.646370593169897500 ) ) ;
#4784 = ADVANCED_FACE ( 'NONE', ( #3012 ), #7370, .T. ) ;
#4785 = ORIENTED_EDGE ( 'NONE', *, *, #4408, .T. ) ;
#4786 = CARTESIAN_POINT ( 'NONE',  ( -2.491088311971429500, 2.649999999999999900, -2.447022158589839100 ) ) ;
#4787 = VECTOR ( 'NONE', #2154, 1000.000000000000000 ) ;
#4788 = EDGE_CURVE ( 'NONE', #6607, #2625, #2507, .T. ) ;
#4789 = DIRECTION ( 'NONE',  ( 1.000000000000000000, 0.0000000000000000000, -0.0000000000000000000 ) ) ;
#4790 = VERTEX_POINT ( 'NONE', #5439 ) ;
#4791 = ORIENTED_EDGE ( 'NONE', *, *, #7306, .T. ) ;
#4792 = CARTESIAN_POINT ( 'NONE',  ( 2.452293344084210500, 2.857198929007403400, 3.035205217999510800 ) ) ;
#4793 = ADVANCED_FACE ( 'NONE', ( #1824 ), #4174, .F. ) ;
#4794 = ORIENTED_EDGE ( 'NONE', *, *, #5474, .F. ) ;
#4795 = CIRCLE ( 'NONE', #4929, 0.1499999999999999700 ) ;
#4796 = CARTESIAN_POINT ( 'NONE',  ( 3.126864378450390900, 2.808464004020113400, 2.500145183063559700 ) ) ;
#4797 = EDGE_CURVE ( 'NONE', #4817, #7313, #102, .T. ) ;
#4798 = ORIENTED_EDGE ( 'NONE', *, *, #7306, .F. ) ;
#4799 = DIRECTION ( 'NONE',  ( 0.0000000000000000000, 1.000000000000000000, 0.0000000000000000000 ) ) ;
#4800 =( BOUNDED_CURVE ( )  B_SPLINE_CURVE ( 3, ( #2843, #2330, #506, #6337 ),
 .UNSPECIFIED., .F., .F. ) 
 B_SPLINE_CURVE_WITH_KNOTS ( ( 4, 4 ),
 ( 3.752457891787806900, 3.870929591950389000 ),
 .UNSPECIFIED. ) 
 CURVE ( )  GEOMETRIC_REPRESENTATION_ITEM ( )  RATIONAL_B_SPLINE_CURVE ( ( 1.000000000000000000, 0.9988307133228409000, 0.9988307133228409000, 1.000000000000000000 ) ) 
 REPRESENTATION_ITEM ( '' )  );
#4801 = ORIENTED_EDGE ( 'NONE', *, *, #2003, .T. ) ;
#4802 = DIRECTION ( 'NONE',  ( -1.000000000000000000, -3.491481338843134100E-015, 1.606225440719266100E-016 ) ) ;
#4803 = CARTESIAN_POINT ( 'NONE',  ( -2.401786804608012600, 2.843019764175392700, -3.027723561456157500 ) ) ;
#4804 = ORIENTED_EDGE ( 'NONE', *, *, #5918, .F. ) ;
#4805 = CARTESIAN_POINT ( 'NONE',  ( 3.350000000000001400, 3.779999999999999400, -1.499999999999999800 ) ) ;
#4806 = CARTESIAN_POINT ( 'NONE',  ( -2.943436804984190100, 2.761011486623786500, -2.230299483828595900 ) ) ;
#4807 = B_SPLINE_CURVE_WITH_KNOTS ( 'NONE', 3,
 ( #7267, #6030, #3232, #4927 ),
 .UNSPECIFIED., .F., .F.,
 ( 4, 4 ),
 ( 0.7461093225873233200, 0.9419255407983746500 ),
 .UNSPECIFIED. ) ;
#4808 = DIRECTION ( 'NONE',  ( -0.0000000000000000000, -1.000000000000000000, 1.037514040655985100E-016 ) ) ;
#4809 = ORIENTED_EDGE ( 'NONE', *, *, #4849, .F. ) ;
#4810 = VERTEX_POINT ( 'NONE', #2459 ) ;
#4811 = CARTESIAN_POINT ( 'NONE',  ( 3.268799921876919700, 3.132076228901198100, 1.926893468853357200 ) ) ;
#4812 = CARTESIAN_POINT ( 'NONE',  ( 2.964469397867387700, 1.635220609220872100, 2.210686273664426200 ) ) ;
#4813 = EDGE_CURVE ( 'NONE', #2308, #4907, #7252, .T. ) ;
#4814 = CARTESIAN_POINT ( 'NONE',  ( -3.099999999999998800, 0.2500000000000000000, -1.499999999999999800 ) ) ;
#4815 = DIRECTION ( 'NONE',  ( 0.0000000000000000000, 1.000000000000000000, 0.0000000000000000000 ) ) ;
#4816 = VECTOR ( 'NONE', #6825, 1000.000000000000000 ) ;
#4817 = VERTEX_POINT ( 'NONE', #3097 ) ;
#4818 = EDGE_LOOP ( 'NONE', ( #5772, #6627, #361, #7078, #5744, #6241 ) ) ;
#4819 = ORIENTED_EDGE ( 'NONE', *, *, #6954, .F. ) ;
#4820 = CARTESIAN_POINT ( 'NONE',  ( -2.001599964991565500, 3.099741591203888400, -3.108723906916176300 ) ) ;
#4821 = CARTESIAN_POINT ( 'NONE',  ( -3.181598905542374100, 3.129472225933470900, -1.832693340157937900 ) ) ;
#4822 = EDGE_CURVE ( 'NONE', #7490, #3690, #4265, .T. ) ;
#4823 = LINE ( 'NONE', #3079, #7443 ) ;
#4824 = DIRECTION ( 'NONE',  ( 0.4194872498868747500, 0.8191520442889914700, -0.3911781889619011500 ) ) ;
#4825 = ORIENTED_EDGE ( 'NONE', *, *, #1038, .T. ) ;
#4826 = ADVANCED_FACE ( 'NONE', ( #4744 ), #1385, .F. ) ;
#4827 = FACE_OUTER_BOUND ( 'NONE', #6336, .T. ) ;
#4828 = CARTESIAN_POINT ( 'NONE',  ( 2.350000000000001400, 0.1499999999999966100, 1.499999999999999800 ) ) ;
#4829 = DIRECTION ( 'NONE',  ( 0.0000000000000000000, 0.0000000000000000000, -1.000000000000000000 ) ) ;
#4830 = PLANE ( 'NONE',  #3336 ) ;
#4831 = CARTESIAN_POINT ( 'NONE',  ( 2.976500953095364600, 2.706125004250574200, 2.227497040454461600 ) ) ;
#4832 = LINE ( 'NONE', #3572, #1270 ) ;
#4833 = DIRECTION ( 'NONE',  ( -0.8825624517165026100, 0.4131759111665281900, -0.2244308028142868400 ) ) ;
#4834 = EDGE_LOOP ( 'NONE', ( #4218, #5318, #3125, #5522, #969 ) ) ;
#4835 = DIRECTION ( 'NONE',  ( 0.0000000000000000000, 0.0000000000000000000, 1.000000000000000000 ) ) ;
#4836 = VERTEX_POINT ( 'NONE', #1845 ) ;
#4837 = LINE ( 'NONE', #5150, #1740 ) ;
#4838 = CARTESIAN_POINT ( 'NONE',  ( 1.989726465983597400, 3.115928235569012500, 3.119648762752103000 ) ) ;
#4839 = CARTESIAN_POINT ( 'NONE',  ( 3.100000000000001400, 2.649999999999999900, 3.100000000000000100 ) ) ;
#4840 = CARTESIAN_POINT ( 'NONE',  ( 3.234105972093218400, 3.126102175071103300, 1.889000275382247700 ) ) ;
#4841 = FACE_OUTER_BOUND ( 'NONE', #3650, .T. ) ;
#4842 = CARTESIAN_POINT ( 'NONE',  ( -3.350000000000001400, 4.179999999999999700, -0.9700000000000003100 ) ) ;
#4843 = VERTEX_POINT ( 'NONE', #3021 ) ;
#4844 = CARTESIAN_POINT ( 'NONE',  ( 1.630000000000001200, 4.350000000000000500, 0.6200000000000007700 ) ) ;
#4845 = VECTOR ( 'NONE', #447, 1000.000000000000000 ) ;
#4846 = CYLINDRICAL_SURFACE ( 'NONE', #3506, 0.3999999999999999700 ) ;
#4847 = DIRECTION ( 'NONE',  ( 0.6819983600624948100, 0.0000000000000000000, 0.7313537016191739000 ) ) ;
#4848 = CARTESIAN_POINT ( 'NONE',  ( 1.995676850809587700, 4.029999999999999400, 2.909000819968754000 ) ) ;
#4849 = EDGE_CURVE ( 'NONE', #879, #493, #7455, .T. ) ;
#4850 = ORIENTED_EDGE ( 'NONE', *, *, #3350, .F. ) ;
#4851 = CARTESIAN_POINT ( 'NONE',  ( 3.349000000000001100, 2.049999999999999800, 1.645639239468278400 ) ) ;
#4852 = VECTOR ( 'NONE', #7340, 1000.000000000000100 ) ;
#4853 = CARTESIAN_POINT ( 'NONE',  ( -2.000000000000001800, -4.618000567908624400E-015, -1.149999999999999700 ) ) ;
#4854 = CARTESIAN_POINT ( 'NONE',  ( -4.053867229607820800E-029, 0.1499999999999883900, 0.0000000000000000000 ) ) ;
#4855 = EDGE_CURVE ( 'NONE', #4907, #3528, #1278, .T. ) ;
#4856 = CARTESIAN_POINT ( 'NONE',  ( 3.326048196250863700, 2.952156128891860300, 2.349154845286001600 ) ) ;
#4857 = VERTEX_POINT ( 'NONE', #907 ) ;
#4858 = DIRECTION ( 'NONE',  ( 0.0000000000000000000, 0.0000000000000000000, 1.000000000000000000 ) ) ;
#4859 = B_SPLINE_CURVE_WITH_KNOTS ( 'NONE', 3,
 ( #1033, #928, #6163, #3250 ),
 .UNSPECIFIED., .F., .F.,
 ( 4, 4 ),
 ( 9.955180766904732700E-007, 0.0001051686158573768200 ),
 .UNSPECIFIED. ) ;
#4860 = EDGE_CURVE ( 'NONE', #2164, #3891, #3927, .T. ) ;
#4861 = LINE ( 'NONE', #1957, #1752 ) ;
#4862 = DIRECTION ( 'NONE',  ( 0.8523066728710100300, -0.5230423839227078500, 0.0000000000000000000 ) ) ;
#4863 = CARTESIAN_POINT ( 'NONE',  ( 3.269143326964646200, 3.136367956935301600, 1.926573238428395600 ) ) ;
#4864 = ORIENTED_EDGE ( 'NONE', *, *, #5293, .T. ) ;
#4865 = ADVANCED_FACE ( 'NONE', ( #2463 ), #7182, .T. ) ;
#4866 = DIRECTION ( 'NONE',  ( -1.317318830548898700E-016, -0.0000000000000000000, -1.000000000000000000 ) ) ;
#4867 = VECTOR ( 'NONE', #1236, 1000.000000000000000 ) ;
#4868 = DIRECTION ( 'NONE',  ( 0.2150365125489326300, -0.3289899283371637300, 0.9195242929490773400 ) ) ;
#4869 = EDGE_CURVE ( 'NONE', #3426, #306, #5742, .T. ) ;
#4870 = CARTESIAN_POINT ( 'NONE',  ( 1.963937291366910900, 3.114011158435489300, 3.094906187393331500 ) ) ;
#4871 = ORIENTED_EDGE ( 'NONE', *, *, #5179, .T. ) ;
#4872 = CARTESIAN_POINT ( 'NONE',  ( -1.909508083555500700, 3.118901850811512500, -3.036538008030015500 ) ) ;
#4873 = DIRECTION ( 'NONE',  ( -1.000000000000000000, -0.0000000000000000000, -0.0000000000000000000 ) ) ;
#4874 = ADVANCED_FACE ( 'NONE', ( #3743 ), #829, .F. ) ;
#4875 = FACE_OUTER_BOUND ( 'NONE', #4166, .T. ) ;
#4876 = DIRECTION ( 'NONE',  ( -0.7313537016191734600, -5.782411586589364300E-015, 0.6819983600624953700 ) ) ;
#4877 = AXIS2_PLACEMENT_3D ( 'NONE', #2950, #4131, #6391 ) ;
#4878 = VERTEX_POINT ( 'NONE', #1479 ) ;
#4879 = CARTESIAN_POINT ( 'NONE',  ( -2.362600623323023900, 2.914283042967217500, -3.157901817412932700 ) ) ;
#4880 = DIRECTION ( 'NONE',  ( 0.7313537016191755700, 0.0000000000000000000, -0.6819983600624931500 ) ) ;
#4881 = FACE_OUTER_BOUND ( 'NONE', #485, .T. ) ;
#4882 = CARTESIAN_POINT ( 'NONE',  ( 3.236182768158857700, 3.126253636465177200, 1.891227366500142000 ) ) ;
#4883 = CARTESIAN_POINT ( 'NONE',  ( 2.882625588524312800, 3.244444004301705300, 3.302704918041373000 ) ) ;
#4884 = ORIENTED_EDGE ( 'NONE', *, *, #3204, .T. ) ;
#4885 = ORIENTED_EDGE ( 'NONE', *, *, #4975, .F. ) ;
#4886 = CARTESIAN_POINT ( 'NONE',  ( 1.924064390110130600, 2.961950312832712000, 3.128053938807782600 ) ) ;
#4887 = VECTOR ( 'NONE', #3360, 1000.000000000000000 ) ;
#4888 = CARTESIAN_POINT ( 'NONE',  ( -3.234616239897258000, 3.126035741999276600, -1.889547470609031800 ) ) ;
#4889 = CARTESIAN_POINT ( 'NONE',  ( -3.350000000000001400, 4.179999999999999700, -0.9700000000000004200 ) ) ;
#4890 = ORIENTED_EDGE ( 'NONE', *, *, #3770, .F. ) ;
#4891 = ORIENTED_EDGE ( 'NONE', *, *, #636, .F. ) ;
#4892 = CARTESIAN_POINT ( 'NONE',  ( 1.963983757142226500, 3.115659448150052600, 3.094933823916250000 ) ) ;
#4893 = CARTESIAN_POINT ( 'NONE',  ( 3.250000000000001800, 4.250000000000000900, -0.9699999999999999700 ) ) ;
#4894 = DIRECTION ( 'NONE',  ( 0.0000000000000000000, 0.7933743027384437800, 0.6087341092417017900 ) ) ;
#4895 = CARTESIAN_POINT ( 'NONE',  ( -3.350000000000001400, 4.179999999999999700, 0.9699999999999998600 ) ) ;
#4896 = UNCERTAINTY_MEASURE_WITH_UNIT (LENGTH_MEASURE( 1.000000000000000100E-005 ), #6021, 'distance_accuracy_value', 'NONE');
#4897 = EDGE_LOOP ( 'NONE', ( #5548, #7055, #5041, #305 ) ) ;
#4898 = ADVANCED_FACE ( 'NONE', ( #5470 ), #644, .F. ) ;
#4899 = LINE ( 'NONE', #1715, #4535 ) ;
#4900 = DIRECTION ( 'NONE',  ( 0.0000000000000000000, 0.0000000000000000000, -1.000000000000000000 ) ) ;
#4901 = ORIENTED_EDGE ( 'NONE', *, *, #3907, .F. ) ;
#4902 = ORIENTED_EDGE ( 'NONE', *, *, #3518, .F. ) ;
#4903 = VERTEX_POINT ( 'NONE', #2077 ) ;
#4904 = CARTESIAN_POINT ( 'NONE',  ( 2.964469397867386800, 2.650000000000000400, 2.210686273664425300 ) ) ;
#4905 = B_SPLINE_CURVE_WITH_KNOTS ( 'NONE', 3,
 ( #866, #3186, #214, #4332, #5519, #3210, #302, #7265, #2010, #2540, #5472, #3132, #3161, #3745, #3796, #6674 ),
 .UNSPECIFIED., .F., .F.,
 ( 4, 3, 3, 3, 3, 4 ),
 ( -5.999999999640823100E-008, 0.0000000000000000000, 7.347346624923868700E-006, 4.949132734035382900E-005, 9.723157563013311000E-005, 9.936674351222238100E-005 ),
 .UNSPECIFIED. ) ;
#4906 = ORIENTED_EDGE ( 'NONE', *, *, #1786, .F. ) ;
#4907 = VERTEX_POINT ( 'NONE', #2603 ) ;
#4908 = DIRECTION ( 'NONE',  ( -3.491481338843133000E-015, 1.000000000000000000, 0.0000000000000000000 ) ) ;
#4909 = ADVANCED_FACE ( 'NONE', ( #1456 ), #2046, .F. ) ;
#4910 = AXIS2_PLACEMENT_3D ( 'NONE', #2760, #7401, #4455 ) ;
#4911 = FACE_OUTER_BOUND ( 'NONE', #7318, .T. ) ;
#4912 = DIRECTION ( 'NONE',  ( 0.0000000000000000000, 0.0000000000000000000, 1.000000000000000000 ) ) ;
#4913 = ORIENTED_EDGE ( 'NONE', *, *, #766, .F. ) ;
#4914 = CARTESIAN_POINT ( 'NONE',  ( -3.000150886302990600, 2.684352526940364700, -2.177027512674909900 ) ) ;
#4915 = EDGE_CURVE ( 'NONE', #1379, #2881, #2186, .T. ) ;
#4916 = CARTESIAN_POINT ( 'NONE',  ( 3.181598905542374100, 3.129472225933470900, 1.832693340157937900 ) ) ;
#4917 = ORIENTED_EDGE ( 'NONE', *, *, #3600, .T. ) ;
#4918 = FACE_OUTER_BOUND ( 'NONE', #6734, .T. ) ;
#4919 = CARTESIAN_POINT ( 'NONE',  ( -5.237222008265105300E-016, -1.160096324559489700E-014, 0.0000000000000000000 ) ) ;
#4920 = CARTESIAN_POINT ( 'NONE',  ( 2.227847911950346900, 2.731839322350151400, 2.898964249514908200 ) ) ;
#4921 = LINE ( 'NONE', #3104, #4268 ) ;
#4922 = CARTESIAN_POINT ( 'NONE',  ( -3.269100629994708300, 3.135412573203660200, -1.926613053996995000 ) ) ;
#4923 = AXIS2_PLACEMENT_3D ( 'NONE', #4105, #1141, #5224 ) ;
#4924 = CARTESIAN_POINT ( 'NONE',  ( -2.944474096641958000, 2.814578179461327600, -2.229468519758178900 ) ) ;
#4925 = CARTESIAN_POINT ( 'NONE',  ( 1.980000000000001300, 4.179999999999999700, -0.9699999999999998600 ) ) ;
#4926 = CARTESIAN_POINT ( 'NONE',  ( 3.240637236426382900, 3.126053340568399000, 1.896015655555263900 ) ) ;
#4927 = CARTESIAN_POINT ( 'NONE',  ( 2.484598686415511600, 2.786910444923660800, 3.084719850863948000 ) ) ;
#4928 = ORIENTED_EDGE ( 'NONE', *, *, #5779, .T. ) ;
#4929 = AXIS2_PLACEMENT_3D ( 'NONE', #308, #4391, #898 ) ;
#4930 = EDGE_CURVE ( 'NONE', #3629, #6317, #3830, .T. ) ;
#4931 = LINE ( 'NONE', #142, #275 ) ;
#4932 = PLANE ( 'NONE',  #2280 ) ;
#4933 = ORIENTED_EDGE ( 'NONE', *, *, #3146, .T. ) ;
#4934 = DIRECTION ( 'NONE',  ( -1.000000000000000000, 0.0000000000000000000, 1.606225440719266100E-016 ) ) ;
#4935 = CARTESIAN_POINT ( 'NONE',  ( -4.053867229607820800E-029, 0.1499999999999883900, -1.499999999999999800 ) ) ;
#4936 = AXIS2_PLACEMENT_3D ( 'NONE', #1963, #5659, #388 ) ;
#4937 = DIRECTION ( 'NONE',  ( 0.8900779411759770500, 0.4558083573520057600, -5.421010862427520300E-014 ) ) ;
#4938 = VECTOR ( 'NONE', #5741, 1000.000000000000000 ) ;
#4939 = VECTOR ( 'NONE', #561, 1000.000000000000000 ) ;
#4940 = CARTESIAN_POINT ( 'NONE',  ( -3.180887220243540100, 2.952156128891861200, -2.484519645331297400 ) ) ;
#4941 = ORIENTED_EDGE ( 'NONE', *, *, #7044, .F. ) ;
#4942 = CARTESIAN_POINT ( 'NONE',  ( 2.484598686415511600, 2.786910444923660800, 3.084719850863948000 ) ) ;
#4943 = EDGE_CURVE ( 'NONE', #1476, #3056, #3470, .T. ) ;
#4944 = CYLINDRICAL_SURFACE ( 'NONE', #4473, 0.2000000000000002100 ) ;
#4945 = CARTESIAN_POINT ( 'NONE',  ( -3.500000000000001300, 4.179999999999999700, 1.499999999999999800 ) ) ;
#4946 = CARTESIAN_POINT ( 'NONE',  ( 3.250000000000001800, 4.350000000000001400, -0.9699999999999999700 ) ) ;
#4947 = ORIENTED_EDGE ( 'NONE', *, *, #1059, .F. ) ;
#4948 = CARTESIAN_POINT ( 'NONE',  ( 3.084123420560266100, 2.937218605932747600, 2.574753348327952100 ) ) ;
#4949 = FACE_OUTER_BOUND ( 'NONE', #1210, .T. ) ;
#4950 = CARTESIAN_POINT ( 'NONE',  ( -3.248848284792187800, 2.829283322248509400, -2.421144927369708500 ) ) ;
#4951 = CARTESIAN_POINT ( 'NONE',  ( -2.519073134182603800, 3.664779390779126200, -3.221007155642457800 ) ) ;
#4952 = DIRECTION ( 'NONE',  ( 0.0000000000000000000, 1.000000000000000000, 0.0000000000000000000 ) ) ;
#4953 = EDGE_CURVE ( 'NONE', #6150, #6593, #4859, .T. ) ;
#4954 = CARTESIAN_POINT ( 'NONE',  ( 2.217606709363387600, 2.674148500848491800, 2.936054569279968400 ) ) ;
#4955 = ADVANCED_FACE ( 'NONE', ( #194 ), #2390, .F. ) ;
#4956 = EDGE_LOOP ( 'NONE', ( #3077, #6405, #2890, #3049, #5622, #7496, #5466, #845 ) ) ;
#4957 = LINE ( 'NONE', #6541, #4402 ) ;
#4958 = CARTESIAN_POINT ( 'NONE',  ( -2.320886441921326900, 2.931956073642799900, -3.159011432801475100 ) ) ;
#4959 = CARTESIAN_POINT ( 'NONE',  ( -3.099999999999998800, 0.0000000000000000000, -1.646074051843216400 ) ) ;
#4960 = AXIS2_PLACEMENT_3D ( 'NONE', #3261, #3922, #5222 ) ;
#4961 = CARTESIAN_POINT ( 'NONE',  ( 2.947070691560090600, 2.753788345568811500, 2.226910829775256200 ) ) ;
#4962 = CARTESIAN_POINT ( 'NONE',  ( 2.960788822001790600, 2.727570477775227400, 2.215485793645868300 ) ) ;
#4963 = CARTESIAN_POINT ( 'NONE',  ( -1.885581398033818100, 3.119697467920330400, -3.010879779141962600 ) ) ;
#4964 = B_SPLINE_CURVE_WITH_KNOTS ( 'NONE', 3,
 ( #1814, #5358, #1202, #3580, #5279, #4723, #1225 ),
 .UNSPECIFIED., .F., .F.,
 ( 4, 3, 4 ),
 ( -5.142617856370416100E-006, 8.470329472543003400E-022, 1.995537714099773400E-005 ),
 .UNSPECIFIED. ) ;
#4965 = EDGE_CURVE ( 'NONE', #2922, #5426, #1446, .T. ) ;
#4966 = ORIENTED_EDGE ( 'NONE', *, *, #124, .F. ) ;
#4967 = FILL_AREA_STYLE ('',( #6664 ) ) ;
#4968 = LINE ( 'NONE', #6433, #6378 ) ;
#4969 = DIRECTION ( 'NONE',  ( -0.009204126107052705200, -0.4924038765061045100, -0.8703181639287820300 ) ) ;
#4970 = DIRECTION ( 'NONE',  ( -0.009204126107052207400, 0.4924038765061048400, -0.8703181639287819200 ) ) ;
#4971 = CARTESIAN_POINT ( 'NONE',  ( 3.046017378535642400, 2.782589359575951900, 2.302018271331346200 ) ) ;
#4972 = EDGE_LOOP ( 'NONE', ( #4335, #4090, #6219, #3775, #3496 ) ) ;
#4973 = DIRECTION ( 'NONE',  ( 0.0000000000000000000, 1.000000000000000000, 0.0000000000000000000 ) ) ;
#4974 = LINE ( 'NONE', #1563, #3872 ) ;
#4975 = EDGE_CURVE ( 'NONE', #6484, #4554, #6006, .T. ) ;
#4976 = DIRECTION ( 'NONE',  ( -3.491481338843133000E-015, 1.000000000000000000, 0.0000000000000000000 ) ) ;
#4977 = CARTESIAN_POINT ( 'NONE',  ( -3.317374411475690900, 2.650000000000000800, -2.897295081958628100 ) ) ;
#4978 = CARTESIAN_POINT ( 'NONE',  ( 2.964469397867387300, 2.650000000000000400, 2.210686273664426200 ) ) ;
#4979 = ORIENTED_EDGE ( 'NONE', *, *, #3892, .T. ) ;
#4980 = ORIENTED_EDGE ( 'NONE', *, *, #3359, .T. ) ;
#4981 = EDGE_LOOP ( 'NONE', ( #5377, #507, #2274, #1605 ) ) ;
#4982 = VERTEX_POINT ( 'NONE', #1506 ) ;
#4983 = ORIENTED_EDGE ( 'NONE', *, *, #3640, .F. ) ;
#4984 = DIRECTION ( 'NONE',  ( 1.317318830548898700E-016, -0.0000000000000000000, 1.000000000000000000 ) ) ;
#4985 = ORIENTED_EDGE ( 'NONE', *, *, #3201, .T. ) ;
#4986 = CARTESIAN_POINT ( 'NONE',  ( 2.935705393146145000, 2.805605797212434600, 2.237509142016331800 ) ) ;
#4987 = CARTESIAN_POINT ( 'NONE',  ( 1.952869298295357300, 3.115838665353748200, 3.083037217945699700 ) ) ;
#4988 = LINE ( 'NONE', #4959, #4341 ) ;
#4989 = DIRECTION ( 'NONE',  ( 0.0000000000000000000, -1.000000000000000000, -1.037514040655985100E-016 ) ) ;
#4990 = ADVANCED_FACE ( 'NONE', ( #7363 ), #3911, .T. ) ;
#4991 = ORIENTED_EDGE ( 'NONE', *, *, #3508, .T. ) ;
#4992 = ORIENTED_EDGE ( 'NONE', *, *, #3683, .F. ) ;
#4993 = CARTESIAN_POINT ( 'NONE',  ( -3.350000000000001900, 9.549923952960633400E-017, 1.500000000000000200 ) ) ;
#4994 = DIRECTION ( 'NONE',  ( 5.042800802258159400E-016, -1.000000000000000000, 0.0000000000000000000 ) ) ;
#4995 = CARTESIAN_POINT ( 'NONE',  ( 3.013393679023149000, 2.896212205721080400, 2.332440363292366500 ) ) ;
#4996 = DIRECTION ( 'NONE',  ( -1.142445755987358100E-016, 0.0000000000000000000, -1.000000000000000000 ) ) ;
#4997 = COLOUR_RGB ( '',0.7921568627450980000, 0.8196078431372548800, 0.9333333333333333500 ) ;
#4998 = ORIENTED_EDGE ( 'NONE', *, *, #1882, .F. ) ;
#4999 = CARTESIAN_POINT ( 'NONE',  ( 2.227242867665474100, 2.732483383110707800, 2.898161134978622500 ) ) ;
#5000 = ORIENTED_EDGE ( 'NONE', *, *, #2830, .F. ) ;
#5001 = CARTESIAN_POINT ( 'NONE',  ( -2.925956042812358300, 2.795590047592868600, -2.247967885732114400 ) ) ;
#5002 = CARTESIAN_POINT ( 'NONE',  ( 1.630000000000001200, 4.500000000000000900, 0.6200000000000007700 ) ) ;
#5003 = VERTEX_POINT ( 'NONE', #2733 ) ;
#5004 = VERTEX_POINT ( 'NONE', #6799 ) ;
#5005 = ORIENTED_EDGE ( 'NONE', *, *, #6822, .F. ) ;
#5006 = EDGE_CURVE ( 'NONE', #6906, #2742, #5434, .T. ) ;
#5007 = VERTEX_POINT ( 'NONE', #343 ) ;
#5008 = EDGE_CURVE ( 'NONE', #3634, #1758, #3378, .T. ) ;
#5009 = CARTESIAN_POINT ( 'NONE',  ( 2.297671269249744100, 2.812043054840172900, 3.228163651671152500 ) ) ;
#5010 = CARTESIAN_POINT ( 'NONE',  ( -2.097976604818962100, 4.179999999999999700, -3.018703875211630600 ) ) ;
#5011 = CARTESIAN_POINT ( 'NONE',  ( -1.907357770443500300, 3.115623340148254300, -3.034232079604815900 ) ) ;
#5012 = B_SPLINE_CURVE_WITH_KNOTS ( 'NONE', 3,
 ( #2310, #2873, #6938, #6366 ),
 .UNSPECIFIED., .F., .F.,
 ( 4, 4 ),
 ( 0.0000000000000000000, 6.849146438534198100E-005 ),
 .UNSPECIFIED. ) ;
#5013 = ORIENTED_EDGE ( 'NONE', *, *, #6394, .T. ) ;
#5014 = CARTESIAN_POINT ( 'NONE',  ( -3.250000000000001300, 4.500000000000000900, -0.9700000000000004200 ) ) ;
#5015 = ORIENTED_EDGE ( 'NONE', *, *, #5135, .F. ) ;
#5016 = EDGE_CURVE ( 'NONE', #5939, #3342, #1177, .T. ) ;
#5017 = CARTESIAN_POINT ( 'NONE',  ( -3.500000000000001300, 0.1500000000000012700, -1.499999999999999800 ) ) ;
#5018 = DIRECTION ( 'NONE',  ( -0.0000000000000000000, -0.0000000000000000000, 1.000000000000000000 ) ) ;
#5019 = EDGE_CURVE ( 'NONE', #147, #5808, #6266, .T. ) ;
#5020 = CARTESIAN_POINT ( 'NONE',  ( 2.929909179719740700, 2.896212205721080000, 2.242914198467311800 ) ) ;
#5021 = CIRCLE ( 'NONE', #5545, 0.3500000000000000300 ) ;
#5022 = EDGE_LOOP ( 'NONE', ( #1512, #2545, #358, #1335 ) ) ;
#5023 = VERTEX_POINT ( 'NONE', #370 ) ;
#5024 = CARTESIAN_POINT ( 'NONE',  ( 2.227242867665474100, 2.732483383110707800, 2.898161134978622500 ) ) ;
#5025 = FACE_OUTER_BOUND ( 'NONE', #3373, .T. ) ;
#5026 = VECTOR ( 'NONE', #1714, 1000.000000000000100 ) ;
#5027 = CARTESIAN_POINT ( 'NONE',  ( -2.944931137230461600, 2.814112779316399100, -2.229725264265167700 ) ) ;
#5028 = DIRECTION ( 'NONE',  ( 1.317318830548898700E-016, 0.0000000000000000000, 1.000000000000000000 ) ) ;
#5029 = CARTESIAN_POINT ( 'NONE',  ( -2.391215041168987600, 2.906296479174437200, -3.149420255810448900 ) ) ;
#5030 = ADVANCED_FACE ( 'NONE', ( #6820 ), #6871, .F. ) ;
#5031 = EDGE_CURVE ( 'NONE', #6892, #7037, #2912, .T. ) ;
#5032 = VERTEX_POINT ( 'NONE', #2833 ) ;
#5033 = VECTOR ( 'NONE', #7244, 1000.000000000000000 ) ;
#5034 = FACE_OUTER_BOUND ( 'NONE', #3392, .T. ) ;
#5035 = DIRECTION ( 'NONE',  ( 0.0000000000000000000, 0.0000000000000000000, 1.000000000000000000 ) ) ;
#5036 = CARTESIAN_POINT ( 'NONE',  ( 2.939801814904068300, 2.768235854780484000, 2.233689166901022800 ) ) ;
#5037 = DIRECTION ( 'NONE',  ( -0.009204126107053041800, 0.4924038765061046800, -0.8703181639287820300 ) ) ;
#5038 = DIRECTION ( 'NONE',  ( 0.0000000000000000000, 1.000000000000000000, 0.0000000000000000000 ) ) ;
#5039 = ORIENTED_EDGE ( 'NONE', *, *, #5937, .T. ) ;
#5040 = DIRECTION ( 'NONE',  ( 1.000000000000000000, -0.0000000000000000000, -0.0000000000000000000 ) ) ;
#5041 = ORIENTED_EDGE ( 'NONE', *, *, #5115, .T. ) ;
#5042 =( BOUNDED_SURFACE ( )  B_SPLINE_SURFACE ( 3, 2, ( 
 ( #7295, #2021, #3299 ),
 ( #2070, #4470, #6084 ),
 ( #4370, #5011, #3827 ),
 ( #2595, #6662, #4963 ) ),
 .UNSPECIFIED., .F., .F., .F. ) 
 B_SPLINE_SURFACE_WITH_KNOTS ( ( 4, 4 ),
 ( 3, 3 ),
 ( -2.299530942477635100E-006, 9.417128885559976200E-005 ),
 ( 0.0000000000000000000, 1.000000000000000000 ),
 .UNSPECIFIED. ) 
 GEOMETRIC_REPRESENTATION_ITEM ( )  RATIONAL_B_SPLINE_SURFACE ( (
 ( 1.000000000000000000, 1.000000000000000000, 1.000000000000000000),
 ( 1.000000000000000000, 0.9970630627198654400, 1.000000000000000000),
 ( 1.000000000000000000, 0.9845163466185736800, 1.000000000000000000),
 ( 1.000000000000000000, 0.9798813982308267600, 1.000000000000000000) ) ) 
 REPRESENTATION_ITEM ( '' )  SURFACE ( )  );
#5043 = CARTESIAN_POINT ( 'NONE',  ( -3.444318278152775000, 2.771211668306418300, -2.854893206407994800 ) ) ;
#5044 = CARTESIAN_POINT ( 'NONE',  ( -3.257978894968082800, 3.114639170785713100, -1.937131600807624300 ) ) ;
#5045 = ORIENTED_EDGE ( 'NONE', *, *, #5228, .T. ) ;
#5046 = CARTESIAN_POINT ( 'NONE',  ( -1.988273549576085700, 3.125280889729180200, -3.121003629221004600 ) ) ;
#5047 = DIRECTION ( 'NONE',  ( 0.0000000000000000000, 0.0000000000000000000, 1.000000000000000000 ) ) ;
#5048 = FACE_OUTER_BOUND ( 'NONE', #2405, .T. ) ;
#5049 = DIRECTION ( 'NONE',  ( -0.7538479548248587800, 0.6570489030554557100, 0.0000000000000000000 ) ) ;
#5050 = AXIS2_PLACEMENT_3D ( 'NONE', #771, #1964, #4880 ) ;
#5051 = VERTEX_POINT ( 'NONE', #6917 ) ;
#5052 = PLANE ( 'NONE',  #5969 ) ;
#5053 = VECTOR ( 'NONE', #6176, 1000.000000000000100 ) ;
#5054 = ORIENTED_EDGE ( 'NONE', *, *, #5786, .F. ) ;
#5055 = CARTESIAN_POINT ( 'NONE',  ( 1.951795179542872700, 3.115566091265856500, 3.081885366604772100 ) ) ;
#5056 = DIRECTION ( 'NONE',  ( 1.317318830548898700E-016, -0.0000000000000000000, 1.000000000000000000 ) ) ;
#5057 = AXIS2_PLACEMENT_3D ( 'NONE', #5648, #7431, #962 ) ;
#5058 = FACE_OUTER_BOUND ( 'NONE', #4192, .T. ) ;
#5059 = CARTESIAN_POINT ( 'NONE',  ( 2.941309017287281800, 2.811803891882247900, 2.232283677956496500 ) ) ;
#5060 = DIRECTION ( 'NONE',  ( -0.7313537016191739000, 0.0000000000000000000, 0.6819983600624948100 ) ) ;
#5061 = DIRECTION ( 'NONE',  ( -0.0000000000000000000, -1.000000000000000000, 1.037514040655985100E-016 ) ) ;
#5062 = EDGE_CURVE ( 'NONE', #6680, #3599, #6015, .T. ) ;
#5063 = EDGE_CURVE ( 'NONE', #88, #4275, #5652, .T. ) ;
#5064 = ORIENTED_EDGE ( 'NONE', *, *, #2508, .F. ) ;
#5065 = DIRECTION ( 'NONE',  ( -1.000000000000000000, 5.042800802258159400E-016, -5.231976636574106000E-032 ) ) ;
#5066 = VECTOR ( 'NONE', #32, 1000.000000000000000 ) ;
#5067 = PLANE ( 'NONE',  #3788 ) ;
#5068 = CARTESIAN_POINT ( 'NONE',  ( -1.885713209975143900, 3.115927358760900700, -3.011543573973495000 ) ) ;
#5069 = AXIS2_PLACEMENT_3D ( 'NONE', #3852, #310, #7293 ) ;
#5070 = CARTESIAN_POINT ( 'NONE',  ( -3.350000000000001900, 9.549923952960633400E-017, -1.499999999999999800 ) ) ;
#5071 = ORIENTED_EDGE ( 'NONE', *, *, #6063, .F. ) ;
#5072 = EDGE_CURVE ( 'NONE', #126, #4113, #6581, .T. ) ;
#5073 = VECTOR ( 'NONE', #5120, 1000.000000000000000 ) ;
#5074 = DIRECTION ( 'NONE',  ( -0.0000000000000000000, 0.0000000000000000000, -1.000000000000000000 ) ) ;
#5075 = CARTESIAN_POINT ( 'NONE',  ( -2.303937058652244300, 2.940350529699895500, -3.155504282095324500 ) ) ;
#5076 = CARTESIAN_POINT ( 'NONE',  ( 3.349999999999999600, 4.250000000000000000, -1.646074051843217100 ) ) ;
#5077 = VERTEX_POINT ( 'NONE', #4548 ) ;
#5078 = EDGE_LOOP ( 'NONE', ( #6228, #5448, #1171, #4467, #1459 ) ) ;
#5079 = ORIENTED_EDGE ( 'NONE', *, *, #1979, .F. ) ;
#5080 = AXIS2_PLACEMENT_3D ( 'NONE', #2415, #617, #4183 ) ;
#5081 = CARTESIAN_POINT ( 'NONE',  ( 1.993449007648548500, 3.109423469054730200, 3.116180665857971800 ) ) ;
#5082 = CARTESIAN_POINT ( 'NONE',  ( -2.524187237066381200, 2.901817111391437700, -3.047802930143644200 ) ) ;
#5083 = EDGE_LOOP ( 'NONE', ( #5797, #2081, #5966, #3574 ) ) ;
#5084 = CARTESIAN_POINT ( 'NONE',  ( -2.244323867417866000, 2.821123581751886300, -2.882785476940712900 ) ) ;
#5085 = CARTESIAN_POINT ( 'NONE',  ( -3.263923464041269500, 3.121038177401906000, -1.931440839352015000 ) ) ;
#5086 = EDGE_CURVE ( 'NONE', #191, #4545, #5905, .T. ) ;
#5087 = ORIENTED_EDGE ( 'NONE', *, *, #2449, .F. ) ;
#5088 = FACE_OUTER_BOUND ( 'NONE', #5569, .T. ) ;
#5089 = DIRECTION ( 'NONE',  ( 1.142445755987358100E-016, 0.0000000000000000000, 1.000000000000000000 ) ) ;
#5090 = VERTEX_POINT ( 'NONE', #3955 ) ;
#5091 = CARTESIAN_POINT ( 'NONE',  ( -3.350000000000001400, 4.179999999999999700, 1.499999999999999800 ) ) ;
#5092 = ORIENTED_EDGE ( 'NONE', *, *, #5538, .F. ) ;
#5093 = CARTESIAN_POINT ( 'NONE',  ( -3.350000000000001900, 8.131516293641283300E-017, -1.499999999999999800 ) ) ;
#5094 = ORIENTED_EDGE ( 'NONE', *, *, #7177, .T. ) ;
#5095 = EDGE_CURVE ( 'NONE', #2990, #6490, #2543, .T. ) ;
#5096 = DIRECTION ( 'NONE',  ( -0.6819983600624948100, -0.0000000000000000000, -0.7313537016191739000 ) ) ;
#5097 = VECTOR ( 'NONE', #1508, 1000.000000000000000 ) ;
#5098 = ORIENTED_EDGE ( 'NONE', *, *, #3652, .T. ) ;
#5099 = DIRECTION ( 'NONE',  ( 1.000000000000000000, 0.0000000000000000000, -0.0000000000000000000 ) ) ;
#5100 = CARTESIAN_POINT ( 'NONE',  ( -1.532918898155505100, 1.461878182136589800, -3.546996038674752300 ) ) ;
#5101 = CYLINDRICAL_SURFACE ( 'NONE', #1849, 0.1510000000000000000 ) ;
#5102 = VECTOR ( 'NONE', #2116, 1000.000000000000000 ) ;
#5103 = EDGE_CURVE ( 'NONE', #3545, #2417, #4287, .T. ) ;
#5104 = DIRECTION ( 'NONE',  ( 1.000000000000000000, -3.491481338843134100E-015, -1.606225440719266100E-016 ) ) ;
#5105 = CARTESIAN_POINT ( 'NONE',  ( 1.884851367023351800, 3.111887739978135900, 3.012416898625435800 ) ) ;
#5106 = EDGE_LOOP ( 'NONE', ( #56, #2249, #552, #1685, #1216 ) ) ;
#5107 = CARTESIAN_POINT ( 'NONE',  ( -2.475284316832580400, 2.901817111391474100, -3.093405641017891000 ) ) ;
#5108 = CARTESIAN_POINT ( 'NONE',  ( -3.238242256774536400, 3.125508735287911800, -1.893471409796782400 ) ) ;
#5109 = CARTESIAN_POINT ( 'NONE',  ( -1.980000000000001300, 4.350000000000000500, 0.6199999999999998800 ) ) ;
#5110 = B_SPLINE_CURVE_WITH_KNOTS ( 'NONE', 3,
 ( #3766, #6858, #5125, #2767 ),
 .UNSPECIFIED., .F., .F.,
 ( 4, 4 ),
 ( 0.0003956030104721320200, 0.0004462076537733759900 ),
 .UNSPECIFIED. ) ;
#5111 = VECTOR ( 'NONE', #1501, 1000.000000000000100 ) ;
#5112 = EDGE_CURVE ( 'NONE', #4442, #3264, #7000, .T. ) ;
#5113 = ORIENTED_EDGE ( 'NONE', *, *, #7069, .T. ) ;
#5114 = DIRECTION ( 'NONE',  ( -0.0000000000000000000, -1.000000000000000000, -0.0000000000000000000 ) ) ;
#5115 = EDGE_CURVE ( 'NONE', #4275, #2965, #6190, .T. ) ;
#5116 = LINE ( 'NONE', #3987, #4383 ) ;
#5117 = CARTESIAN_POINT ( 'NONE',  ( -1.975847798257181800, 3.120502653369432400, -3.107678642308064000 ) ) ;
#5118 = CYLINDRICAL_SURFACE ( 'NONE', #2812, 0.1500000000000000800 ) ;
#5119 = PLANE ( 'NONE',  #3446 ) ;
#5120 = DIRECTION ( 'NONE',  ( -0.0000000000000000000, -1.000000000000000000, 1.037514040655985100E-016 ) ) ;
#5121 = ORIENTED_EDGE ( 'NONE', *, *, #6756, .F. ) ;
#5122 = FACE_OUTER_BOUND ( 'NONE', #6689, .T. ) ;
#5123 = CARTESIAN_POINT ( 'NONE',  ( -3.451981752369437800, 4.179999999999999700, -1.756073648412773700 ) ) ;
#5124 = CARTESIAN_POINT ( 'NONE',  ( -3.350000000000001400, 4.250000000000000900, 0.9699999999999999700 ) ) ;
#5125 = CARTESIAN_POINT ( 'NONE',  ( -3.083517650083846800, 2.934660720365273700, -2.572448025194236500 ) ) ;
#5126 = ORIENTED_EDGE ( 'NONE', *, *, #1083, .T. ) ;
#5127 = DIRECTION ( 'NONE',  ( -1.000000000000000000, 0.0000000000000000000, 0.0000000000000000000 ) ) ;
#5128 = AXIS2_PLACEMENT_3D ( 'NONE', #3335, #5096, #6242 ) ;
#5129 =( BOUNDED_CURVE ( )  B_SPLINE_CURVE ( 3, ( #158, #1906, #107, #6466 ),
 .UNSPECIFIED., .F., .F. ) 
 B_SPLINE_CURVE_WITH_KNOTS ( ( 4, 4 ),
 ( 4.712388980384691500, 6.283185307179586200 ),
 .UNSPECIFIED. ) 
 CURVE ( )  GEOMETRIC_REPRESENTATION_ITEM ( )  RATIONAL_B_SPLINE_CURVE ( ( 1.000000000000000000, 0.8047378541243654900, 0.8047378541243654900, 1.000000000000000000 ) ) 
 REPRESENTATION_ITEM ( '' )  );
#5130 = CARTESIAN_POINT ( 'NONE',  ( -2.491585290243852200, 2.901817111391473700, -3.078204737393152300 ) ) ;
#5131 = CARTESIAN_POINT ( 'NONE',  ( 2.678939156946782900, 2.560313645555282800, 2.478314858332503900 ) ) ;
#5132 = ORIENTED_EDGE ( 'NONE', *, *, #2586, .T. ) ;
#5133 = CARTESIAN_POINT ( 'NONE',  ( 2.960788822001790600, 2.727570477775227400, 2.215485793645868300 ) ) ;
#5134 = VECTOR ( 'NONE', #4815, 1000.000000000000000 ) ;
#5135 = EDGE_CURVE ( 'NONE', #7111, #1660, #3100, .T. ) ;
#5136 = CARTESIAN_POINT ( 'NONE',  ( -2.250145496683935600, 2.814510577359329500, -2.876804087906691600 ) ) ;
#5137 = DIRECTION ( 'NONE',  ( 0.0000000000000000000, 0.0000000000000000000, -1.000000000000000000 ) ) ;
#5138 = EDGE_LOOP ( 'NONE', ( #369, #2447 ) ) ;
#5139 = CARTESIAN_POINT ( 'NONE',  ( -1.884851367023351800, 3.111887739978135900, -3.012416898625435800 ) ) ;
#5140 = FACE_OUTER_BOUND ( 'NONE', #2937, .T. ) ;
#5141 = DIRECTION ( 'NONE',  ( 0.7313537016191739000, 0.0000000000000000000, -0.6819983600624948100 ) ) ;
#5142 = DIRECTION ( 'NONE',  ( 0.0000000000000000000, 0.0000000000000000000, 1.000000000000000000 ) ) ;
#5143 = CARTESIAN_POINT ( 'NONE',  ( 1.885713209975143900, 3.115927358760900700, 3.011543573973495000 ) ) ;
#5144 = ORIENTED_EDGE ( 'NONE', *, *, #2264, .F. ) ;
#5145 = EDGE_LOOP ( 'NONE', ( #5233, #730, #564, #2483 ) ) ;
#5146 = VECTOR ( 'NONE', #4423, 1000.000000000000000 ) ;
#5147 = CARTESIAN_POINT ( 'NONE',  ( -2.141960055506171300, 2.821929211080257600, -2.772589524740628300 ) ) ;
#5148 = CARTESIAN_POINT ( 'NONE',  ( -3.350000000000001400, 4.179999999999999700, -1.500000000000000200 ) ) ;
#5149 = ORIENTED_EDGE ( 'NONE', *, *, #2655, .T. ) ;
#5150 = CARTESIAN_POINT ( 'NONE',  ( -1.885973795566711700, -2.287516853390374000, -3.011300573978128000 ) ) ;
#5151 = DIRECTION ( 'NONE',  ( 1.000000000000000000, 0.0000000000000000000, 0.0000000000000000000 ) ) ;
#5152 = CYLINDRICAL_SURFACE ( 'NONE', #5524, 0.001000000000000123200 ) ;
#5153 = B_SPLINE_CURVE_WITH_KNOTS ( 'NONE', 3,
 ( #2319, #6373, #3509, #4085 ),
 .UNSPECIFIED., .F., .F.,
 ( 4, 4 ),
 ( 8.058834469405672600E-005, 0.0001498801495962505800 ),
 .UNSPECIFIED. ) ;
#5154 = EDGE_CURVE ( 'NONE', #2417, #4663, #367, .T. ) ;
#5155 = ORIENTED_EDGE ( 'NONE', *, *, #1927, .T. ) ;
#5156 = ORIENTED_EDGE ( 'NONE', *, *, #6296, .T. ) ;
#5157 = VERTEX_POINT ( 'NONE', #6473 ) ;
#5158 = ORIENTED_EDGE ( 'NONE', *, *, #5872, .T. ) ;
#5159 = CARTESIAN_POINT ( 'NONE',  ( 3.288889876908363400, 3.230000000000000000, 1.908159282706710900 ) ) ;
#5160 = FACE_OUTER_BOUND ( 'NONE', #7284, .T. ) ;
#5161 = AXIS2_PLACEMENT_3D ( 'NONE', #6439, #2367, #2343 ) ;
#5162 = ORIENTED_EDGE ( 'NONE', *, *, #2206, .F. ) ;
#5163 = ORIENTED_EDGE ( 'NONE', *, *, #3134, .F. ) ;
#5164 = EDGE_CURVE ( 'NONE', #4623, #7047, #500, .T. ) ;
#5165 = CARTESIAN_POINT ( 'NONE',  ( -1.989726465983597400, 3.115928235569012500, -3.119648762752103000 ) ) ;
#5166 = ORIENTED_EDGE ( 'NONE', *, *, #2494, .T. ) ;
#5167 = CARTESIAN_POINT ( 'NONE',  ( 3.350000000000001400, 2.049999999999999800, 1.646074051843239100 ) ) ;
#5168 = CARTESIAN_POINT ( 'NONE',  ( -1.899271876022011300, 3.112224392707026800, -3.027419329942475200 ) ) ;
#5169 = FACE_OUTER_BOUND ( 'NONE', #5428, .T. ) ;
#5170 = ORIENTED_EDGE ( 'NONE', *, *, #2444, .F. ) ;
#5171 = AXIS2_PLACEMENT_3D ( 'NONE', #3860, #6695, #3354 ) ;
#5172 = ORIENTED_EDGE ( 'NONE', *, *, #6637, .F. ) ;
#5173 = CARTESIAN_POINT ( 'NONE',  ( -2.524187237066381200, 2.901817111391437700, -3.047802930143644200 ) ) ;
#5174 = FILL_AREA_STYLE_COLOUR ( '', #4997 ) ;
#5175 = DIRECTION ( 'NONE',  ( 0.0000000000000000000, 0.0000000000000000000, 1.000000000000000000 ) ) ;
#5176 = VECTOR ( 'NONE', #6459, 1000.000000000000000 ) ;
#5177 = CARTESIAN_POINT ( 'NONE',  ( -3.100000000000001400, 2.649999999999999900, -3.100000000000000100 ) ) ;
#5178 = ORIENTED_EDGE ( 'NONE', *, *, #869, .T. ) ;
#5179 = EDGE_CURVE ( 'NONE', #5612, #3972, #1363, .T. ) ;
#5180 = ORIENTED_EDGE ( 'NONE', *, *, #1400, .T. ) ;
#5181 = ORIENTED_EDGE ( 'NONE', *, *, #6352, .T. ) ;
#5182 = CARTESIAN_POINT ( 'NONE',  ( -3.272868975615928800, 3.124993985498856200, -1.930568507466577500 ) ) ;
#5183 = ORIENTED_EDGE ( 'NONE', *, *, #2667, .F. ) ;
#5184 = CARTESIAN_POINT ( 'NONE',  ( -2.217354649592791800, 2.714740368609030800, -2.908749374967519500 ) ) ;
#5185 = CARTESIAN_POINT ( 'NONE',  ( 3.167522325709816000, 3.123714442368911800, 1.816256624619921700 ) ) ;
#5186 = LINE ( 'NONE', #6269, #3637 ) ;
#5187 = CARTESIAN_POINT ( 'NONE',  ( 3.269143326964645700, 3.206999999999999900, 1.926573238428398200 ) ) ;
#5188 = EDGE_LOOP ( 'NONE', ( #871, #1151, #7519, #3674 ) ) ;
#5189 = B_SPLINE_CURVE_WITH_KNOTS ( 'NONE', 3,
 ( #519, #3906, #6865, #1658 ),
 .UNSPECIFIED., .F., .F.,
 ( 4, 4 ),
 ( 0.3647069689505289500, 1.000000000000000000 ),
 .UNSPECIFIED. ) ;
#5190 = EDGE_CURVE ( 'NONE', #419, #3866, #7176, .T. ) ;
#5191 = ORIENTED_EDGE ( 'NONE', *, *, #5115, .F. ) ;
#5192 = DIRECTION ( 'NONE',  ( -0.6819983600624948100, 0.0000000000000000000, -0.7313537016191739000 ) ) ;
#5193 = FACE_OUTER_BOUND ( 'NONE', #1653, .T. ) ;
#5194 = CARTESIAN_POINT ( 'NONE',  ( -3.350000000000001400, -2.287516853390374000, -1.500000000000000200 ) ) ;
#5195 = CARTESIAN_POINT ( 'NONE',  ( 1.630000000000000300, 0.0000000000000000000, 3.250000000000000900 ) ) ;
#5196 = DIRECTION ( 'NONE',  ( 1.000000000000000000, 0.0000000000000000000, 0.0000000000000000000 ) ) ;
#5197 = ORIENTED_EDGE ( 'NONE', *, *, #5103, .F. ) ;
#5198 = STYLED_ITEM ( 'NONE', ( #3773 ), #1618 ) ;
#5199 = EDGE_CURVE ( 'NONE', #5679, #7162, #220, .T. ) ;
#5200 = FACE_OUTER_BOUND ( 'NONE', #6787, .T. ) ;
#5201 = EDGE_CURVE ( 'NONE', #2711, #4903, #801, .T. ) ;
#5202 = VECTOR ( 'NONE', #5074, 1000.000000000000000 ) ;
#5203 = CARTESIAN_POINT ( 'NONE',  ( 3.350000000000001400, 4.350000000000001400, 0.9700000000000004200 ) ) ;
#5204 = CARTESIAN_POINT ( 'NONE',  ( -3.452299754009375400, 2.049999999999999800, -1.755777107086115200 ) ) ;
#5205 = ORIENTED_EDGE ( 'NONE', *, *, #1252, .T. ) ;
#5206 = CARTESIAN_POINT ( 'NONE',  ( -3.261235797955769100, 2.649999999999999900, -2.528929275305877900 ) ) ;
#5207 = LINE ( 'NONE', #6390, #5745 ) ;
#5208 = PLANE ( 'NONE',  #3823 ) ;
#5209 = FACE_OUTER_BOUND ( 'NONE', #3623, .T. ) ;
#5210 = AXIS2_PLACEMENT_3D ( 'NONE', #4781, #1362, #5909 ) ;
#5211 = ADVANCED_FACE ( 'NONE', ( #5819 ), #6971, .T. ) ;
#5212 = CARTESIAN_POINT ( 'NONE',  ( -2.261285815437205300, 2.795466987400984800, -2.866415572604883400 ) ) ;
#5213 = EDGE_CURVE ( 'NONE', #621, #5871, #3920, .T. ) ;
#5214 = ORIENTED_EDGE ( 'NONE', *, *, #5386, .F. ) ;
#5215 = DIRECTION ( 'NONE',  ( -0.8819238886962634800, -0.4698463103929561600, 0.03814051857259667000 ) ) ;
#5216 = FACE_OUTER_BOUND ( 'NONE', #6413, .T. ) ;
#5217 = CARTESIAN_POINT ( 'NONE',  ( -3.003481516899944500, 2.811813004320799600, -2.297131873642952900 ) ) ;
#5218 = VERTEX_POINT ( 'NONE', #4160 ) ;
#5219 = STYLED_ITEM ( 'NONE', ( #4359 ), #6592 ) ;
#5220 = CARTESIAN_POINT ( 'NONE',  ( -2.350000000000001400, 0.1499999999999966100, -1.149999999999999700 ) ) ;
#5221 = VECTOR ( 'NONE', #1243, 1000.000000000000000 ) ;
#5222 = DIRECTION ( 'NONE',  ( -1.000000000000000000, 0.0000000000000000000, 0.0000000000000000000 ) ) ;
#5223 = ORIENTED_EDGE ( 'NONE', *, *, #2508, .T. ) ;
#5224 = DIRECTION ( 'NONE',  ( 0.7313537016191736800, 0.0000000000000000000, -0.6819983600624949200 ) ) ;
#5225 = DIRECTION ( 'NONE',  ( 0.4095068767208487300, 0.5553524075725675400, -0.7238009542144086000 ) ) ;
#5226 = ORIENTED_EDGE ( 'NONE', *, *, #2126, .F. ) ;
#5227 = ORIENTED_EDGE ( 'NONE', *, *, #4975, .T. ) ;
#5228 = EDGE_CURVE ( 'NONE', #5885, #4777, #2730, .T. ) ;
#5229 = CARTESIAN_POINT ( 'NONE',  ( 3.350000000000000100, -9.334880824091971600, 1.646074051843240200 ) ) ;
#5230 = FACE_OUTER_BOUND ( 'NONE', #6912, .T. ) ;
#5231 = DIRECTION ( 'NONE',  ( 1.000000000000000000, -3.491481338843133700E-015, 0.0000000000000000000 ) ) ;
#5232 = B_SPLINE_CURVE_WITH_KNOTS ( 'NONE', 3,
 ( #3205, #2002, #6139, #833, #4380, #883, #3764 ),
 .UNSPECIFIED., .F., .F.,
 ( 4, 3, 4 ),
 ( 0.0000000000000000000, 2.027951799813959100E-005, 2.500112759491201200E-005 ),
 .UNSPECIFIED. ) ;
#5233 = ORIENTED_EDGE ( 'NONE', *, *, #954, .T. ) ;
#5234 = AXIS2_PLACEMENT_3D ( 'NONE', #5957, #804, #2482 ) ;
#5235 = LINE ( 'NONE', #2287, #5066 ) ;
#5236 = CARTESIAN_POINT ( 'NONE',  ( 3.238242256774536400, 3.125508735287911800, 1.893471409796782400 ) ) ;
#5237 = EDGE_CURVE ( 'NONE', #7529, #6492, #6354, .T. ) ;
#5238 = CARTESIAN_POINT ( 'NONE',  ( 3.579288274492468800, 2.993684533874358500, 2.150301493924061000 ) ) ;
#5239 = ADVANCED_FACE ( 'NONE', ( #4841 ), #4193, .F. ) ;
#5240 = ORIENTED_EDGE ( 'NONE', *, *, #3817, .F. ) ;
#5241 = CARTESIAN_POINT ( 'NONE',  ( -2.227847911950346900, 2.731839322350151400, -2.898964249514908200 ) ) ;
#5242 = CARTESIAN_POINT ( 'NONE',  ( -3.350000000000001400, 3.779999999999999400, 1.099999999999999900 ) ) ;
#5243 = LINE ( 'NONE', #2440, #3060 ) ;
#5244 = CARTESIAN_POINT ( 'NONE',  ( -3.250000000000001800, 4.250000000000000900, 0.9699999999999999700 ) ) ;
#5245 = CARTESIAN_POINT ( 'NONE',  ( 3.003757589575264800, 2.662634703922750500, 2.255441710857885700 ) ) ;
#5246 = CLOSED_SHELL ( 'NONE', ( #1448, #3492, #2638 ) ) ;
#5247 = CARTESIAN_POINT ( 'NONE',  ( -1.957476183979601500, 2.954628910751111900, -3.151089964714125300 ) ) ;
#5248 = ADVANCED_FACE ( 'NONE', ( #1815 ), #5280, .F. ) ;
#5249 = VERTEX_POINT ( 'NONE', #4828 ) ;
#5250 = CARTESIAN_POINT ( 'NONE',  ( -2.391215041168987600, 2.906296479174437200, -3.149420255810448900 ) ) ;
#5251 = EDGE_CURVE ( 'NONE', #5808, #5939, #7449, .T. ) ;
#5252 = CARTESIAN_POINT ( 'NONE',  ( -3.246743223873029800, 3.124037775012897400, -1.902566224726452800 ) ) ;
#5253 = LINE ( 'NONE', #3372, #3709 ) ;
#5254 = DIRECTION ( 'NONE',  ( 0.7313537016191740100, 0.0000000000000000000, -0.6819983600624948100 ) ) ;
#5255 = ORIENTED_EDGE ( 'NONE', *, *, #4284, .F. ) ;
#5256 = PLANE ( 'NONE',  #338 ) ;
#5257 = DIRECTION ( 'NONE',  ( 0.7313537016191741200, 0.0000000000000000000, -0.6819983600624944800 ) ) ;
#5258 = CARTESIAN_POINT ( 'NONE',  ( 1.980000000000001300, 4.350000000000000500, -0.9699999999999999700 ) ) ;
#5259 =( BOUNDED_CURVE ( )  B_SPLINE_CURVE ( 3, ( #4978, #3230, #4407, #867 ),
 .UNSPECIFIED., .F., .T. ) 
 B_SPLINE_CURVE_WITH_KNOTS ( ( 4, 4 ),
 ( 4.712388980384691500, 6.283185307179586200 ),
 .UNSPECIFIED. ) 
 CURVE ( )  GEOMETRIC_REPRESENTATION_ITEM ( )  RATIONAL_B_SPLINE_CURVE ( ( 1.000000000000000000, 0.8047378541243654900, 0.8047378541243654900, 1.000000000000000000 ) ) 
 REPRESENTATION_ITEM ( '' )  );
#5260 = VECTOR ( 'NONE', #6237, 1000.000000000000000 ) ;
#5261 = ORIENTED_EDGE ( 'NONE', *, *, #4822, .T. ) ;
#5262 = ORIENTED_EDGE ( 'NONE', *, *, #7154, .F. ) ;
#5263 = CARTESIAN_POINT ( 'NONE',  ( 3.236063798996610300, 3.125833493358030100, 1.891105701386322600 ) ) ;
#5264 = CARTESIAN_POINT ( 'NONE',  ( -3.167893077028064200, 3.122502720409079800, -1.815954495658374900 ) ) ;
#5265 = ORIENTED_EDGE ( 'NONE', *, *, #3465, .F. ) ;
#5266 = DIRECTION ( 'NONE',  ( 0.0000000000000000000, 1.000000000000000000, -1.037514040655985100E-016 ) ) ;
#5267 = CARTESIAN_POINT ( 'NONE',  ( -3.100000000000001900, 2.649999999999999900, -3.100000000000000100 ) ) ;
#5268 = DIRECTION ( 'NONE',  ( 0.0000000000000000000, -1.084202172485504400E-015, 1.000000000000000000 ) ) ;
#5269 = LINE ( 'NONE', #4581, #6254 ) ;
#5270 = ORIENTED_EDGE ( 'NONE', *, *, #5213, .F. ) ;
#5271 = CARTESIAN_POINT ( 'NONE',  ( 3.350000000000001900, 9.549923952960633400E-017, 1.499999999999999800 ) ) ;
#5272 = CARTESIAN_POINT ( 'NONE',  ( 1.630000000000001200, 4.500000000000000900, -3.397182120936205900 ) ) ;
#5273 = FACE_OUTER_BOUND ( 'NONE', #1735, .T. ) ;
#5274 = CARTESIAN_POINT ( 'NONE',  ( -2.000000000000001800, -4.634964287375531500E-015, 1.149999999999999700 ) ) ;
#5275 = ORIENTED_EDGE ( 'NONE', *, *, #6434, .T. ) ;
#5276 = ADVANCED_FACE ( 'NONE', ( #1637 ), #3, .T. ) ;
#5277 = VERTEX_POINT ( 'NONE', #2647 ) ;
#5278 = DIRECTION ( 'NONE',  ( 0.0000000000000000000, 0.0000000000000000000, 1.000000000000000000 ) ) ;
#5279 = CARTESIAN_POINT ( 'NONE',  ( 2.995155058999521700, 2.680669154678922100, 2.179419336290606200 ) ) ;
#5280 = CYLINDRICAL_SURFACE ( 'NONE', #1487, 0.3500000000000000300 ) ;
#5281 = CARTESIAN_POINT ( 'NONE',  ( 3.244581175789765600, 3.100924052835970300, 1.950262652939487800 ) ) ;
#5282 = B_SPLINE_CURVE_WITH_KNOTS ( 'NONE', 3,
 ( #2238, #1661, #548, #7471 ),
 .UNSPECIFIED., .F., .F.,
 ( 4, 4 ),
 ( 7.836642546379261700E-005, 0.0002597336190642790100 ),
 .UNSPECIFIED. ) ;
#5283 = CARTESIAN_POINT ( 'NONE',  ( -2.985129713113609200, 2.673370412616768600, -2.184235169910647000 ) ) ;
#5285 = ADVANCED_FACE ( 'NONE', ( #4378 ), #6497, .T. ) ;
#5284 = ORIENTED_EDGE ( 'NONE', *, *, #3551, .F. ) ;
#5286 = FACE_OUTER_BOUND ( 'NONE', #5351, .T. ) ;
#5287 = CARTESIAN_POINT ( 'NONE',  ( 3.256490758151696900, 3.121270864241190600, 1.916394115116145700 ) ) ;
#5288 = CARTESIAN_POINT ( 'NONE',  ( 1.928666909080211100, 3.113444989416475700, 3.057755649794604100 ) ) ;
#5289 = DIRECTION ( 'NONE',  ( -1.000000000000000000, 8.673617379884027600E-016, 0.0000000000000000000 ) ) ;
#5290 = VECTOR ( 'NONE', #6111, 1000.000000000000000 ) ;
#5291 = CARTESIAN_POINT ( 'NONE',  ( 1.630000000000000300, -9.334880824091971600, 3.250000000000000900 ) ) ;
#5292 = ORIENTED_EDGE ( 'NONE', *, *, #3111, .T. ) ;
#5293 = EDGE_CURVE ( 'NONE', #5871, #5931, #94, .T. ) ;
#5294 = CARTESIAN_POINT ( 'NONE',  ( 1.630000000000001200, 4.500000000000000900, -0.6199999999999998800 ) ) ;
#5295 = FACE_OUTER_BOUND ( 'NONE', #1419, .T. ) ;
#5296 = CARTESIAN_POINT ( 'NONE',  ( 3.305711012045604100, 2.049999999999999800, 1.892473320425273500 ) ) ;
#5297 = CARTESIAN_POINT ( 'NONE',  ( 3.088251653415373000, 2.709208174222399500, 2.370474437647076500 ) ) ;
#5298 = ORIENTED_EDGE ( 'NONE', *, *, #4590, .F. ) ;
#5299 = AXIS2_PLACEMENT_3D ( 'NONE', #2437, #7084, #5961 ) ;
#5300 = FACE_OUTER_BOUND ( 'NONE', #7510, .T. ) ;
#5301 = EDGE_CURVE ( 'NONE', #3474, #6281, #1380, .T. ) ;
#5302 = DIRECTION ( 'NONE',  ( 0.0000000000000000000, 1.000000000000000000, -1.037514040655985100E-016 ) ) ;
#5303 = ORIENTED_EDGE ( 'NONE', *, *, #2576, .F. ) ;
#5304 = VECTOR ( 'NONE', #4866, 1000.000000000000000 ) ;
#5305 = DIRECTION ( 'NONE',  ( 1.000000000000000000, 0.0000000000000000000, 0.0000000000000000000 ) ) ;
#5306 = AXIS2_PLACEMENT_3D ( 'NONE', #6815, #3930, #6153 ) ;
#5307 = PLANE ( 'NONE',  #1933 ) ;
#5308 = CARTESIAN_POINT ( 'NONE',  ( -3.200323323375795500, 3.049615090003858800, -1.809088737387843500 ) ) ;
#5309 = CARTESIAN_POINT ( 'NONE',  ( 3.269143326964644800, 3.126035741999277500, 1.926573238428396900 ) ) ;
#5310 = ORIENTED_EDGE ( 'NONE', *, *, #5647, .T. ) ;
#5311 = ADVANCED_FACE ( 'NONE', ( #4647 ), #6089, .F. ) ;
#5312 = CARTESIAN_POINT ( 'NONE',  ( -3.100000000000001900, 2.649999999999999900, -3.100000000000000500 ) ) ;
#5313 = CARTESIAN_POINT ( 'NONE',  ( 3.350000000000001400, 4.250000000000000900, -0.9699999999999999700 ) ) ;
#5314 = VECTOR ( 'NONE', #3692, 1000.000000000000000 ) ;
#5315 = EDGE_CURVE ( 'NONE', #1221, #253, #820, .T. ) ;
#5316 = CARTESIAN_POINT ( 'NONE',  ( 2.484598686415511600, 2.786910444923660800, 3.084719850863948000 ) ) ;
#5317 = ORIENTED_EDGE ( 'NONE', *, *, #3145, .T. ) ;
#5318 = ORIENTED_EDGE ( 'NONE', *, *, #2632, .T. ) ;
#5319 = CARTESIAN_POINT ( 'NONE',  ( -2.964469397867386800, 2.650000000000000400, -2.210686273664425300 ) ) ;
#5320 = ADVANCED_FACE ( 'NONE', ( #2099 ), #2183, .T. ) ;
#5321 = AXIS2_PLACEMENT_3D ( 'NONE', #3206, #4353, #7210 ) ;
#5322 = DIRECTION ( 'NONE',  ( 0.6819983600624933700, -0.0000000000000000000, 0.7313537016191753400 ) ) ;
#5323 = EDGE_CURVE ( 'NONE', #7421, #1855, #3739, .T. ) ;
#5324 = ORIENTED_EDGE ( 'NONE', *, *, #7266, .T. ) ;
#5325 = DIRECTION ( 'NONE',  ( -0.6819983600624948100, 0.0000000000000000000, -0.7313537016191740100 ) ) ;
#5326 = CARTESIAN_POINT ( 'NONE',  ( 3.054683373377649100, 2.825527100958818800, 2.377356961788095600 ) ) ;
#5327 = VECTOR ( 'NONE', #774, 1000.000000000000000 ) ;
#5328 = DIRECTION ( 'NONE',  ( -1.000000000000000000, -3.491481338843133700E-015, 0.0000000000000000000 ) ) ;
#5329 = CARTESIAN_POINT ( 'NONE',  ( -2.930130598437561900, 2.797394594850831900, -2.242707722172587300 ) ) ;
#5330 = ORIENTED_EDGE ( 'NONE', *, *, #4930, .F. ) ;
#5331 = EDGE_LOOP ( 'NONE', ( #3998, #2602, #3363 ) ) ;
#5332 = CARTESIAN_POINT ( 'NONE',  ( 3.233093868170667600, 2.952156128891860300, 2.435836158542573400 ) ) ;
#5333 = ORIENTED_EDGE ( 'NONE', *, *, #3770, .T. ) ;
#5334 = AXIS2_PLACEMENT_3D ( 'NONE', #4842, #1976, #5443 ) ;
#5335 = CARTESIAN_POINT ( 'NONE',  ( 1.990600553671505700, 3.113767388524065500, 3.118833662796521200 ) ) ;
#5336 = CYLINDRICAL_SURFACE ( 'NONE', #2690, 0.1999999999999998700 ) ;
#5337 = CARTESIAN_POINT ( 'NONE',  ( 1.884893681204151500, 3.111888607213998600, 3.012460843086003600 ) ) ;
#5338 = EDGE_CURVE ( 'NONE', #1880, #6593, #3001, .T. ) ;
#5339 = DIRECTION ( 'NONE',  ( 0.0000000000000000000, 0.0000000000000000000, 1.000000000000000000 ) ) ;
#5340 = CARTESIAN_POINT ( 'NONE',  ( 3.203411258036228400, 3.206999999999999900, 1.782770265182395800 ) ) ;
#5341 = EDGE_LOOP ( 'NONE', ( #7418, #4769, #2479, #6859 ) ) ;
#5342 = ORIENTED_EDGE ( 'NONE', *, *, #6696, .F. ) ;
#5343 = DIRECTION ( 'NONE',  ( 1.000000000000000000, 3.491481338843134100E-015, -0.0000000000000000000 ) ) ;
#5344 = AXIS2_PLACEMENT_3D ( 'NONE', #1974, #248, #4321 ) ;
#5345 = CARTESIAN_POINT ( 'NONE',  ( 3.269143326964645700, 2.049999999999999800, 1.926573238428398200 ) ) ;
#5346 = CARTESIAN_POINT ( 'NONE',  ( -2.027991948634480000, 3.069535577218961600, -3.085332950362918300 ) ) ;
#5347 = FACE_OUTER_BOUND ( 'NONE', #878, .T. ) ;
#5348 = ORIENTED_EDGE ( 'NONE', *, *, #5031, .T. ) ;
#5349 = EDGE_CURVE ( 'NONE', #6690, #79, #556, .T. ) ;
#5350 = ORIENTED_EDGE ( 'NONE', *, *, #409, .F. ) ;
#5351 = EDGE_LOOP ( 'NONE', ( #339, #5223, #2529, #6056 ) ) ;
#5352 = VERTEX_POINT ( 'NONE', #1305 ) ;
#5353 = ADVANCED_FACE ( 'NONE', ( #2001 ), #6435, .T. ) ;
#5354 = DIRECTION ( 'NONE',  ( 0.0000000000000000000, 0.0000000000000000000, -1.000000000000000000 ) ) ;
#5355 = CARTESIAN_POINT ( 'NONE',  ( 2.449492765435436100, 2.786910444923621300, 3.117456651790626100 ) ) ;
#5356 = LINE ( 'NONE', #7060, #76 ) ;
#5357 = CARTESIAN_POINT ( 'NONE',  ( -3.250000000000001300, 4.500000000000000900, 0.9699999999999999700 ) ) ;
#5358 = CARTESIAN_POINT ( 'NONE',  ( 3.002725039641442000, 2.686252467726134800, 2.175795450318291500 ) ) ;
#5359 = EDGE_LOOP ( 'NONE', ( #4616, #6369, #3630, #321 ) ) ;
#5360 = AXIS2_PLACEMENT_3D ( 'NONE', #1956, #7188, #1932 ) ;
#5361 = ORIENTED_EDGE ( 'NONE', *, *, #4175, .T. ) ;
#5362 = CARTESIAN_POINT ( 'NONE',  ( -2.932796038200878200, 2.782945711823933800, -2.240222159353089500 ) ) ;
#5363 = ORIENTED_EDGE ( 'NONE', *, *, #1951, .F. ) ;
#5364 = DIRECTION ( 'NONE',  ( -0.4701050976991865700, -0.7660444431189820100, 0.4383800956747088700 ) ) ;
#5365 = CARTESIAN_POINT ( 'NONE',  ( 1.980000000000001300, 4.179999999999999700, 0.9700000000000003100 ) ) ;
#5366 = CARTESIAN_POINT ( 'NONE',  ( -3.349681998360063900, 4.179999999999999700, -1.646370593169897500 ) ) ;
#5367 = CARTESIAN_POINT ( 'NONE',  ( 3.203411258036228400, 2.049999999999999800, 1.782770265182396000 ) ) ;
#5368 = ORIENTED_EDGE ( 'NONE', *, *, #490, .F. ) ;
#5369 = ORIENTED_EDGE ( 'NONE', *, *, #6556, .T. ) ;
#5370 = CARTESIAN_POINT ( 'NONE',  ( 1.980000000000001300, 4.350000000000000500, 0.9700000000000004200 ) ) ;
#5371 = CIRCLE ( 'NONE', #7479, 0.1499999999999999700 ) ;
#5372 = CARTESIAN_POINT ( 'NONE',  ( 3.500000000000001300, 0.1500000000000012700, 1.499999999999999800 ) ) ;
#5373 = DIRECTION ( 'NONE',  ( 0.0000000000000000000, 1.000000000000000000, 0.0000000000000000000 ) ) ;
#5374 = CARTESIAN_POINT ( 'NONE',  ( 1.980000000000001300, 4.500000000000000900, 0.9700000000000004200 ) ) ;
#5375 = EDGE_CURVE ( 'NONE', #868, #3103, #4472, .T. ) ;
#5376 = CARTESIAN_POINT ( 'NONE',  ( 2.987640832905764700, 2.672900666989260500, 2.187579140202704100 ) ) ;
#5377 = ORIENTED_EDGE ( 'NONE', *, *, #512, .F. ) ;
#5378 = LINE ( 'NONE', #7200, #3828 ) ;
#5379 = CARTESIAN_POINT ( 'NONE',  ( -3.139397011872315300, 2.829283322248509000, -2.523209890564457800 ) ) ;
#5380 = VECTOR ( 'NONE', #5065, 1000.000000000000000 ) ;
#5381 = ORIENTED_EDGE ( 'NONE', *, *, #4274, .F. ) ;
#5382 = AXIS2_PLACEMENT_3D ( 'NONE', #7178, #5364, #4862 ) ;
#5383 = CARTESIAN_POINT ( 'NONE',  ( 3.247246204569066200, 3.128238756534988100, 1.903091449531797400 ) ) ;
#5384 = CARTESIAN_POINT ( 'NONE',  ( -2.951373546374366900, 2.745235484434200800, -2.222898352747483000 ) ) ;
#5385 = B_SPLINE_CURVE_WITH_KNOTS ( 'NONE', 3,
 ( #3963, #4600, #6880, #3997, #2385, #5288, #7034, #5859, #7533, #1265, #4652, #4145, #5337, #2329, #2299, #6382 ),
 .UNSPECIFIED., .F., .F.,
 ( 4, 3, 3, 3, 3, 4 ),
 ( -2.133658296893979200E-006, 0.0000000000000000000, 4.597470059934608600E-005, 8.636790704253975900E-005, 9.365020989447431900E-005, 9.371020989446970700E-005 ),
 .UNSPECIFIED. ) ;
#5386 = EDGE_CURVE ( 'NONE', #1578, #5833, #4931, .T. ) ;
#5387 = LINE ( 'NONE', #4076, #4285 ) ;
#5388 = CARTESIAN_POINT ( 'NONE',  ( 3.350000000000001400, 4.179999999999999700, -1.099999999999999600 ) ) ;
#5389 = CARTESIAN_POINT ( 'NONE',  ( -2.000000000000001300, 0.1499999999999953900, 1.149999999999999900 ) ) ;
#5390 = ORIENTED_EDGE ( 'NONE', *, *, #5338, .F. ) ;
#5391 = LINE ( 'NONE', #2684, #6200 ) ;
#5392 = ADVANCED_FACE ( 'NONE', ( #6628 ), #4782, .F. ) ;
#5393 = CARTESIAN_POINT ( 'NONE',  ( 1.763922250330561400, 3.373814478675813100, 3.331581927823137800 ) ) ;
#5394 = EDGE_CURVE ( 'NONE', #4554, #1401, #1537, .T. ) ;
#5395 = ORIENTED_EDGE ( 'NONE', *, *, #6733, .T. ) ;
#5396 = DIRECTION ( 'NONE',  ( -0.7313537016191754600, 0.0000000000000000000, 0.6819983600624931500 ) ) ;
#5397 = CIRCLE ( 'NONE', #2653, 0.1499999999999998000 ) ;
#5398 = CARTESIAN_POINT ( 'NONE',  ( 3.250000000000001300, 4.500000000000000900, -0.9699999999999999700 ) ) ;
#5399 = CARTESIAN_POINT ( 'NONE',  ( -3.350000000000001400, 0.1500000000000001100, -1.499999999999999800 ) ) ;
#5400 = ORIENTED_EDGE ( 'NONE', *, *, #6997, .F. ) ;
#5401 = ORIENTED_EDGE ( 'NONE', *, *, #3748, .T. ) ;
#5402 = CARTESIAN_POINT ( 'NONE',  ( -3.250000000000001300, 4.250000000000000000, 0.9699999999999999700 ) ) ;
#5403 = LINE ( 'NONE', #1800, #1941 ) ;
#5404 = EDGE_CURVE ( 'NONE', #7410, #3092, #2263, .T. ) ;
#5405 = ORIENTED_EDGE ( 'NONE', *, *, #6780, .T. ) ;
#5406 = PLANE ( 'NONE',  #2822 ) ;
#5407 = CARTESIAN_POINT ( 'NONE',  ( -3.342359303718795500, 2.842141911647440900, -2.333944491500545400 ) ) ;
#5408 = DIRECTION ( 'NONE',  ( -0.7313537016191736800, 0.0000000000000000000, 0.6819983600624949200 ) ) ;
#5409 = EDGE_LOOP ( 'NONE', ( #3822, #4575, #172, #2601 ) ) ;
#5410 = DIRECTION ( 'NONE',  ( 3.491481338843133000E-015, -1.000000000000000000, -0.0000000000000000000 ) ) ;
#5411 = VECTOR ( 'NONE', #2877, 1000.000000000000000 ) ;
#5412 = CARTESIAN_POINT ( 'NONE',  ( 1.991704542055572800, 3.111904086371814100, 3.117804176973458100 ) ) ;
#5413 = CARTESIAN_POINT ( 'NONE',  ( 3.500000000000001300, -2.287516853390374000, 1.645639239468278400 ) ) ;
#5414 =( NAMED_UNIT ( * ) SI_UNIT ( $, .STERADIAN. ) SOLID_ANGLE_UNIT ( ) );
#5415 = VERTEX_POINT ( 'NONE', #4494 ) ;
#5416 = DIRECTION ( 'NONE',  ( -1.142445755987358100E-016, 0.0000000000000000000, -1.000000000000000000 ) ) ;
#5417 = CIRCLE ( 'NONE', #451, 0.0009999999999999158900 ) ;
#5418 = DIRECTION ( 'NONE',  ( 0.7313537016191735700, 0.0000000000000000000, -0.6819983600624953700 ) ) ;
#5419 = CARTESIAN_POINT ( 'NONE',  ( -1.980000000000001300, 4.350000000000000500, -0.9700000000000004200 ) ) ;
#5420 = CARTESIAN_POINT ( 'NONE',  ( 2.263203435979724600, 2.664689108852207300, 2.944030809021481500 ) ) ;
#5421 = ORIENTED_EDGE ( 'NONE', *, *, #7035, .F. ) ;
#5422 = AXIS2_PLACEMENT_3D ( 'NONE', #1378, #6475, #7172 ) ;
#5423 = LINE ( 'NONE', #5430, #2423 ) ;
#5424 = CARTESIAN_POINT ( 'NONE',  ( 3.003757589575264800, 2.662634703922750500, 2.255441710857885700 ) ) ;
#5425 = ADVANCED_FACE ( 'NONE', ( #5193 ), #6724, .F. ) ;
#5426 = VERTEX_POINT ( 'NONE', #2120 ) ;
#5427 = DIRECTION ( 'NONE',  ( 0.0000000000000000000, 1.000000000000000000, 0.0000000000000000000 ) ) ;
#5428 = EDGE_LOOP ( 'NONE', ( #7153, #4731, #3326, #4340, #4430, #7430, #4724 ) ) ;
#5429 = CARTESIAN_POINT ( 'NONE',  ( -2.381838357983360000, 2.908393430778970900, -3.153126593546359000 ) ) ;
#5430 = CARTESIAN_POINT ( 'NONE',  ( -3.349681998360063900, -2.287516853390374000, -1.646370593169897500 ) ) ;
#5431 = ORIENTED_EDGE ( 'NONE', *, *, #4466, .F. ) ;
#5432 = CARTESIAN_POINT ( 'NONE',  ( 3.256535568640735300, 3.130713866773232400, 1.913053072898282600 ) ) ;
#5433 = CARTESIAN_POINT ( 'NONE',  ( 3.100000000000001900, 2.649999999999999900, 3.100000000000000500 ) ) ;
#5434 = B_SPLINE_CURVE_WITH_KNOTS ( 'NONE', 3,
 ( #6215, #7398, #7332, #3327 ),
 .UNSPECIFIED., .F., .F.,
 ( 4, 4 ),
 ( 0.0000000000000000000, 1.000000000000000000 ),
 .UNSPECIFIED. ) ;
#5435 = VECTOR ( 'NONE', #3874, 1000.000000000000000 ) ;
#5436 = ADVANCED_FACE ( 'NONE', ( #6346 ), #1027, .F. ) ;
#5437 = AXIS2_PLACEMENT_3D ( 'NONE', #5591, #2557, #3154 ) ;
#5438 = ORIENTED_EDGE ( 'NONE', *, *, #3836, .T. ) ;
#5439 = CARTESIAN_POINT ( 'NONE',  ( -3.166843572955270400, 3.206999999999999900, -1.816870183185520700 ) ) ;
#5440 = CARTESIAN_POINT ( 'NONE',  ( -2.000000000000001800, -4.634964287375531500E-015, -1.499999999999999800 ) ) ;
#5441 = EDGE_CURVE ( 'NONE', #1540, #6680, #1969, .T. ) ;
#5442 = DIRECTION ( 'NONE',  ( 1.000000000000000000, 0.0000000000000000000, -1.606225440719266100E-016 ) ) ;
#5443 = DIRECTION ( 'NONE',  ( -0.0000000000000000000, -1.000000000000000000, 1.037514040655985100E-016 ) ) ;
#5444 = VECTOR ( 'NONE', #3430, 1000.000000000000000 ) ;
#5445 = ORIENTED_EDGE ( 'NONE', *, *, #1046, .F. ) ;
#5446 = CARTESIAN_POINT ( 'NONE',  ( 1.951311994573423200, 3.115628382650545100, 3.081367214162295200 ) ) ;
#5447 = ORIENTED_EDGE ( 'NONE', *, *, #1217, .T. ) ;
#5448 = ORIENTED_EDGE ( 'NONE', *, *, #366, .T. ) ;
#5449 = CARTESIAN_POINT ( 'NONE',  ( -1.918695658615759700, 3.118404859659850400, -3.046390476045640800 ) ) ;
#5450 = UNCERTAINTY_MEASURE_WITH_UNIT (LENGTH_MEASURE( 1.000000000000000100E-005 ), #347, 'distance_accuracy_value', 'NONE');
#5451 = EDGE_CURVE ( 'NONE', #5249, #6668, #6622, .T. ) ;
#5452 = ORIENTED_EDGE ( 'NONE', *, *, #1429, .T. ) ;
#5453 = ORIENTED_EDGE ( 'NONE', *, *, #3231, .T. ) ;
#5454 = DIRECTION ( 'NONE',  ( 0.7538479548248944200, 0.6570489030554148600, 0.0000000000000000000 ) ) ;
#5455 = CARTESIAN_POINT ( 'NONE',  ( -3.349999999999998800, 0.2500000000000002200, -1.646074051843216400 ) ) ;
#5456 = CARTESIAN_POINT ( 'NONE',  ( 2.593388065980804400, 2.649999999999999900, 2.556725213832716100 ) ) ;
#5457 = CARTESIAN_POINT ( 'NONE',  ( 3.003757589575264800, 2.662634703922750500, 2.255441710857885700 ) ) ;
#5458 = LINE ( 'NONE', #2874, #2629 ) ;
#5459 = CARTESIAN_POINT ( 'NONE',  ( 1.629999999999998600, 4.500000000000000000, -3.249999999999999600 ) ) ;
#5460 = ORIENTED_EDGE ( 'NONE', *, *, #5462, .T. ) ;
#5461 = CARTESIAN_POINT ( 'NONE',  ( -3.004010976374651000, 2.687204667031139100, -2.175180482637804900 ) ) ;
#5462 = EDGE_CURVE ( 'NONE', #5931, #2625, #1585, .T. ) ;
#5463 = PLANE ( 'NONE',  #2327 ) ;
#5464 = VECTOR ( 'NONE', #4719, 1000.000000000000000 ) ;
#5465 = ADVANCED_FACE ( 'NONE', ( #2537 ), #2904, .T. ) ;
#5466 = ORIENTED_EDGE ( 'NONE', *, *, #377, .F. ) ;
#5467 = CARTESIAN_POINT ( 'NONE',  ( -3.201181958817635600, 3.123435284724545000, -1.852646472596684900 ) ) ;
#5468 = CARTESIAN_POINT ( 'NONE',  ( -1.885713209975143900, 3.115927358760900700, -3.011543573973495000 ) ) ;
#5469 = FACE_OUTER_BOUND ( 'NONE', #4068, .T. ) ;
#5470 = FACE_OUTER_BOUND ( 'NONE', #96, .T. ) ;
#5471 = CARTESIAN_POINT ( 'NONE',  ( -1.885973795566711700, 3.119686418325990000, -3.011300573978128000 ) ) ;
#5472 = CARTESIAN_POINT ( 'NONE',  ( 3.211834699062287700, 3.123885888743092900, 1.864454783238703700 ) ) ;
#5473 = CARTESIAN_POINT ( 'NONE',  ( 3.500000000000001300, 2.049999999999999800, 1.500000000000000200 ) ) ;
#5474 = EDGE_CURVE ( 'NONE', #2973, #3273, #5640, .T. ) ;
#5475 = ADVANCED_FACE ( 'NONE', ( #187 ), #1357, .F. ) ;
#5476 = VERTEX_POINT ( 'NONE', #4006 ) ;
#5477 = VECTOR ( 'NONE', #6136, 1000.000000000000100 ) ;
#5478 = CARTESIAN_POINT ( 'NONE',  ( 2.192669952338365000, 2.681150060617689700, 2.925287493430049200 ) ) ;
#5479 = AXIS2_PLACEMENT_3D ( 'NONE', #6697, #911, #2631 ) ;
#5480 = CARTESIAN_POINT ( 'NONE',  ( 3.269143326964645700, 3.137321539385737000, 1.926573238428398200 ) ) ;
#5481 = VERTEX_POINT ( 'NONE', #5796 ) ;
#5482 = CARTESIAN_POINT ( 'NONE',  ( 2.222306734094220600, 2.649999999999999900, 2.902764154001006100 ) ) ;
#5483 = B_SPLINE_CURVE_WITH_KNOTS ( 'NONE', 3,
 ( #2514, #3688, #1950, #3712 ),
 .UNSPECIFIED., .F., .F.,
 ( 4, 4 ),
 ( 0.1297236381229298400, 1.000000000000000000 ),
 .UNSPECIFIED. ) ;
#5484 = EDGE_CURVE ( 'NONE', #790, #5051, #997, .T. ) ;
#5485 = VECTOR ( 'NONE', #1331, 1000.000000000000000 ) ;
#5486 = CARTESIAN_POINT ( 'NONE',  ( 3.073925652642142600, 2.947922917752089100, 2.577196850564789100 ) ) ;
#5487 = ORIENTED_EDGE ( 'NONE', *, *, #2868, .T. ) ;
#5488 = MECHANICAL_DESIGN_GEOMETRIC_PRESENTATION_REPRESENTATION (  '', ( #6896 ), #133 ) ;
#5489 = COLOUR_RGB ( '',0.2509803921568627400, 0.2509803921568627400, 0.2509803921568627400 ) ;
#5490 = EDGE_CURVE ( 'NONE', #4836, #3669, #4196, .T. ) ;
#5491 = DIRECTION ( 'NONE',  ( -0.7313537016191743500, 0.0000000000000000000, 0.6819983600624943700 ) ) ;
#5492 = CARTESIAN_POINT ( 'NONE',  ( -2.350000000000001900, -3.395982099313527000E-015, 1.500000000000000000 ) ) ;
#5493 = EDGE_CURVE ( 'NONE', #5767, #1246, #3467, .T. ) ;
#5494 = VERTEX_POINT ( 'NONE', #1657 ) ;
#5495 = CARTESIAN_POINT ( 'NONE',  ( -3.350000000000001400, 4.179999999999999700, -1.500000000000000200 ) ) ;
#5496 = CARTESIAN_POINT ( 'NONE',  ( 3.240693932845441200, 3.125239131511491600, 1.896064998355802700 ) ) ;
#5497 = CARTESIAN_POINT ( 'NONE',  ( 3.941906072725688500, 1.301672027803379100, 1.501392592336814300 ) ) ;
#5498 = FACE_OUTER_BOUND ( 'NONE', #4412, .T. ) ;
#5499 = AXIS2_PLACEMENT_3D ( 'NONE', #5948, #2475, #6555 ) ;
#5500 = ORIENTED_EDGE ( 'NONE', *, *, #6845, .F. ) ;
#5501 = ORIENTED_EDGE ( 'NONE', *, *, #5895, .F. ) ;
#5502 = DIRECTION ( 'NONE',  ( -0.6819983600624949200, 0.0000000000000000000, -0.7313537016191740100 ) ) ;
#5503 = CARTESIAN_POINT ( 'NONE',  ( 2.409338161078493400E-016, 0.1499999999999883900, 1.499999999999999800 ) ) ;
#5504 = CARTESIAN_POINT ( 'NONE',  ( 2.932744548309496500, 2.801948861407368000, 2.240270174482605500 ) ) ;
#5505 = CARTESIAN_POINT ( 'NONE',  ( -3.236182768158857700, 3.126253636465177200, -1.891227366500142000 ) ) ;
#5506 = DIRECTION ( 'NONE',  ( 0.0000000000000000000, 1.000000000000000000, 0.0000000000000000000 ) ) ;
#5507 = ADVANCED_FACE ( 'NONE', ( #7358 ), #6864, .T. ) ;
#5508 = EDGE_LOOP ( 'NONE', ( #5284, #4527, #1135, #6140, #7345, #6930 ) ) ;
#5509 = DIRECTION ( 'NONE',  ( 0.0000000000000000000, 1.037514040655985100E-016, -1.000000000000000000 ) ) ;
#5510 = FACE_OUTER_BOUND ( 'NONE', #6944, .T. ) ;
#5511 = CARTESIAN_POINT ( 'NONE',  ( 2.870548186382836600, 2.987382675969000500, 2.298269220282090700 ) ) ;
#5512 = DIRECTION ( 'NONE',  ( -1.000000000000000000, -3.491481338843134100E-015, 1.606225440719266100E-016 ) ) ;
#5513 = EDGE_LOOP ( 'NONE', ( #5170, #6384, #2060, #4825 ) ) ;
#5514 = EDGE_CURVE ( 'NONE', #6524, #6532, #6529, .T. ) ;
#5515 = ORIENTED_EDGE ( 'NONE', *, *, #7402, .T. ) ;
#5516 = CARTESIAN_POINT ( 'NONE',  ( -3.191775996697630000, 3.123037418613831700, -1.842220186021656000 ) ) ;
#5517 = LINE ( 'NONE', #5503, #3431 ) ;
#5518 = CARTESIAN_POINT ( 'NONE',  ( 3.349681998360063900, 4.179999999999999700, 1.646370593169897500 ) ) ;
#5519 = CARTESIAN_POINT ( 'NONE',  ( 3.169584441125425000, 3.122533753438646400, 1.817808833494247300 ) ) ;
#5520 = CARTESIAN_POINT ( 'NONE',  ( -1.957476183979601500, 2.954628910751111900, -3.151089964714125300 ) ) ;
#5521 = ORIENTED_EDGE ( 'NONE', *, *, #2392, .T. ) ;
#5522 = ORIENTED_EDGE ( 'NONE', *, *, #2348, .F. ) ;
#5523 = ORIENTED_EDGE ( 'NONE', *, *, #788, .T. ) ;
#5524 = AXIS2_PLACEMENT_3D ( 'NONE', #3093, #1382, #3733 ) ;
#5525 = EDGE_CURVE ( 'NONE', #7531, #4157, #728, .T. ) ;
#5526 = VECTOR ( 'NONE', #411, 1000.000000000000000 ) ;
#5527 = DIRECTION ( 'NONE',  ( -0.8819238886962633700, 0.4698463103929561600, 0.03814051857259712100 ) ) ;
#5528 = ORIENTED_EDGE ( 'NONE', *, *, #1480, .T. ) ;
#5529 = DIRECTION ( 'NONE',  ( 1.000000000000000000, 0.0000000000000000000, 0.0000000000000000000 ) ) ;
#5530 = VERTEX_POINT ( 'NONE', #3422 ) ;
#5531 = B_SPLINE_CURVE_WITH_KNOTS ( 'NONE', 3,
 ( #5082, #1026, #5130, #5107 ),
 .UNSPECIFIED., .F., .F.,
 ( 4, 4 ),
 ( 0.2305823822331232700, 0.5033566414660429800 ),
 .UNSPECIFIED. ) ;
#5532 = VERTEX_POINT ( 'NONE', #4566 ) ;
#5533 = SURFACE_STYLE_USAGE ( .BOTH. , #1996 ) ;
#5534 = PRESENTATION_LAYER_ASSIGNMENT (  '', '', ( #6247 ) ) ;
#5535 = CARTESIAN_POINT ( 'NONE',  ( 3.350000000000001400, 4.179999999999999700, 1.500000000000000200 ) ) ;
#5536 = ORIENTED_EDGE ( 'NONE', *, *, #1103, .F. ) ;
#5537 = DIRECTION ( 'NONE',  ( 0.0000000000000000000, 0.0000000000000000000, 1.000000000000000000 ) ) ;
#5538 = EDGE_CURVE ( 'NONE', #3065, #2069, #6181, .T. ) ;
#5539 = CARTESIAN_POINT ( 'NONE',  ( 3.159001298442012400, 2.659311801097806100, 2.506776814479700500 ) ) ;
#5540 = ORIENTED_EDGE ( 'NONE', *, *, #3882, .F. ) ;
#5541 = EDGE_LOOP ( 'NONE', ( #2265, #1987, #4633, #689 ) ) ;
#5542 = VERTEX_POINT ( 'NONE', #5247 ) ;
#5543 = CARTESIAN_POINT ( 'NONE',  ( -3.350000000000001400, 4.179999999999999700, 1.499999999999999800 ) ) ;
#5544 = LINE ( 'NONE', #1020, #1349 ) ;
#5545 = AXIS2_PLACEMENT_3D ( 'NONE', #3620, #136, #4211 ) ;
#5546 = DIRECTION ( 'NONE',  ( 0.6819983600624948100, 0.0000000000000000000, 0.7313537016191740100 ) ) ;
#5547 = CARTESIAN_POINT ( 'NONE',  ( 2.000000000000001800, -4.618000567908624400E-015, 1.149999999999999700 ) ) ;
#5549 = ADVANCED_FACE ( 'NONE', ( #4638 ), #1077, .F. ) ;
#5548 = ORIENTED_EDGE ( 'NONE', *, *, #330, .F. ) ;
#5550 = EDGE_CURVE ( 'NONE', #5781, #378, #5458, .T. ) ;
#5551 = CIRCLE ( 'NONE', #5161, 0.2999999999999998800 ) ;
#5552 = CARTESIAN_POINT ( 'NONE',  ( -2.421801166067089300, 2.788342916875101700, -3.143279485960888600 ) ) ;
#5553 = ORIENTED_EDGE ( 'NONE', *, *, #498, .T. ) ;
#5554 = CARTESIAN_POINT ( 'NONE',  ( 1.924064390110130600, 2.961950312832712000, 3.128053938807782600 ) ) ;
#5555 = CARTESIAN_POINT ( 'NONE',  ( -3.262901255083862300, 3.119679312412313400, -1.932452796606673400 ) ) ;
#5556 = CIRCLE ( 'NONE', #3548, 0.2500000000000002200 ) ;
#5557 = LINE ( 'NONE', #5167, #2920 ) ;
#5558 = CARTESIAN_POINT ( 'NONE',  ( 3.083517650083846800, 2.934660720365273700, 2.572448025194236500 ) ) ;
#5559 = VERTEX_POINT ( 'NONE', #6939 ) ;
#5560 = DIRECTION ( 'NONE',  ( 0.8819238886962635900, -0.4698463103929559900, -0.03814051857259676000 ) ) ;
#5561 = CARTESIAN_POINT ( 'NONE',  ( -3.350000000000001400, 4.179999999999999700, 0.9699999999999999700 ) ) ;
#5562 = EDGE_CURVE ( 'NONE', #1989, #2580, #2092, .T. ) ;
#5563 = CARTESIAN_POINT ( 'NONE',  ( 2.350000000000001900, -3.395982099313527700E-015, 1.499999999999999800 ) ) ;
#5564 = LINE ( 'NONE', #3853, #1829 ) ;
#5565 = CARTESIAN_POINT ( 'NONE',  ( -3.241740517381052700, 3.127150994319933800, -1.897187322864188000 ) ) ;
#5566 = LINE ( 'NONE', #5345, #1175 ) ;
#5567 = FILL_AREA_STYLE_COLOUR ( '', #5489 ) ;
#5568 = CARTESIAN_POINT ( 'NONE',  ( 2.261237587420845200, 2.793599829842803300, 2.866460545957711900 ) ) ;
#5569 = EDGE_LOOP ( 'NONE', ( #2609, #2215, #3249, #4299 ) ) ;
#5570 = FACE_OUTER_BOUND ( 'NONE', #3013, .T. ) ;
#5571 = CARTESIAN_POINT ( 'NONE',  ( 3.124953548741743200, 2.840741481973003200, 2.523829700625676700 ) ) ;
#5572 = CARTESIAN_POINT ( 'NONE',  ( -3.350000000000001400, 2.049999999999999800, -1.500000000000000000 ) ) ;
#5573 = EDGE_CURVE ( 'NONE', #3994, #538, #520, .T. ) ;
#5574 = VERTEX_POINT ( 'NONE', #517 ) ;
#5575 = ADVANCED_FACE ( 'NONE', ( #1904 ), #6993, .T. ) ;
#5576 = DIRECTION ( 'NONE',  ( -0.8900779411759872600, 0.4558083573519859400, 0.0000000000000000000 ) ) ;
#5577 = CARTESIAN_POINT ( 'NONE',  ( -3.250000000000001800, 4.350000000000001400, -0.9700000000000004200 ) ) ;
#5578 = AXIS2_PLACEMENT_3D ( 'NONE', #6575, #237, #215 ) ;
#5579 = CARTESIAN_POINT ( 'NONE',  ( -3.099999999999998300, 0.0000000000000000000, 2.848212002188448300 ) ) ;
#5580 = B_SPLINE_CURVE_WITH_KNOTS ( 'NONE', 3,
 ( #3592, #3029, #4231, #6491 ),
 .UNSPECIFIED., .F., .F.,
 ( 4, 4 ),
 ( 0.0000000000000000000, 0.4464219771012991600 ),
 .UNSPECIFIED. ) ;
#5581 = EDGE_CURVE ( 'NONE', #419, #987, #5551, .T. ) ;
#5582 = ORIENTED_EDGE ( 'NONE', *, *, #1417, .F. ) ;
#5583 = DIRECTION ( 'NONE',  ( 0.4701050976991866200, 0.7660444431189820100, -0.4383800956747088700 ) ) ;
#5584 = ADVANCED_FACE ( 'NONE', ( #7532 ), #4740, .T. ) ;
#5585 =( BOUNDED_SURFACE ( )  B_SPLINE_SURFACE ( 3, 2, ( 
 ( #7377, #4497, #3935 ),
 ( #3504, #6347, #4009 ),
 ( #1168, #5823, #5252 ),
 ( #521, #3456, #1104 ),
 ( #1711, #1757, #4668 ),
 ( #1122, #5182, #574 ) ),
 .UNSPECIFIED., .F., .F., .F. ) 
 B_SPLINE_SURFACE_WITH_KNOTS ( ( 4, 2, 4 ),
 ( 3, 3 ),
 ( -2.307279566408001100E-006, 2.398256595765871700E-005, 5.027241148172543800E-005 ),
 ( 0.0000000000000000000, 1.000000000000000000 ),
 .UNSPECIFIED. ) 
 GEOMETRIC_REPRESENTATION_ITEM ( )  RATIONAL_B_SPLINE_SURFACE ( (
 ( 1.000000000000000000, 1.000000000000000000, 1.000000000000000000),
 ( 1.000000000000000000, 0.9988543067370260200, 1.000000000000000000),
 ( 1.000000000000000000, 1.000057410610172700, 1.000000000000000000),
 ( 1.000000000000000000, 0.9645167435703129200, 1.000000000000000000),
 ( 1.000000000000000000, 0.9176558058515519300, 1.000000000000000000),
 ( 1.000000000000000000, 0.8292337432870611200, 1.000000000000000000) ) ) 
 REPRESENTATION_ITEM ( '' )  SURFACE ( )  );
#5586 = VECTOR ( 'NONE', #3869, 1000.000000000000000 ) ;
#5587 = CARTESIAN_POINT ( 'NONE',  ( 3.099252197081730800, 2.907272590217529400, 2.560452888321922900 ) ) ;
#5588 = CARTESIAN_POINT ( 'NONE',  ( -3.203411258036229300, 2.049999999999999800, -1.782770265182396700 ) ) ;
#5589 = CARTESIAN_POINT ( 'NONE',  ( 2.954032685686246200, 2.987382675969001400, 2.387795385107145400 ) ) ;
#5590 = ORIENTED_EDGE ( 'NONE', *, *, #4607, .T. ) ;
#5591 = CARTESIAN_POINT ( 'NONE',  ( 2.000000000000001800, -4.634964287375531500E-015, 1.499999999999999800 ) ) ;
#5592 = ORIENTED_EDGE ( 'NONE', *, *, #3406, .T. ) ;
#5593 = VECTOR ( 'NONE', #7495, 1000.000000000000100 ) ;
#5594 = EDGE_CURVE ( 'NONE', #1972, #2165, #1781, .T. ) ;
#5595 = CARTESIAN_POINT ( 'NONE',  ( 2.283380416078245400, 2.928869819216490400, 2.845812024184846600 ) ) ;
#5596 = DIRECTION ( 'NONE',  ( 0.0000000000000000000, -1.037514040655985100E-016, 1.000000000000000000 ) ) ;
#5597 = DIRECTION ( 'NONE',  ( 0.0000000000000000000, 1.000000000000000000, 0.0000000000000000000 ) ) ;
#5598 = CARTESIAN_POINT ( 'NONE',  ( 3.264617085130185900, 3.121430128103295200, 1.930825156977527000 ) ) ;
#5599 = CARTESIAN_POINT ( 'NONE',  ( 3.263846880378248500, 3.134090786560730400, 1.920893494834826600 ) ) ;
#5600 = ORIENTED_EDGE ( 'NONE', *, *, #235, .F. ) ;
#5601 = VECTOR ( 'NONE', #1055, 1000.000000000000100 ) ;
#5602 = CARTESIAN_POINT ( 'NONE',  ( 1.971115956495235200, 3.112359665504385500, 3.100922116977924000 ) ) ;
#5603 = VERTEX_POINT ( 'NONE', #7015 ) ;
#5604 = CARTESIAN_POINT ( 'NONE',  ( -2.244678701378020900, 2.820925672181812300, -2.883269284463379800 ) ) ;
#5605 = VERTEX_POINT ( 'NONE', #2926 ) ;
#5606 = CARTESIAN_POINT ( 'NONE',  ( -3.100000000000001400, 2.649999999999999900, -3.100000000000000100 ) ) ;
#5607 = CARTESIAN_POINT ( 'NONE',  ( 1.953751672983113300, 3.115960846361748100, 3.083983448951367100 ) ) ;
#5608 = CARTESIAN_POINT ( 'NONE',  ( 1.992100384059741500, 3.111051561387353300, 3.117450666038447300 ) ) ;
#5609 = CARTESIAN_POINT ( 'NONE',  ( 3.500000000000001300, 2.049999999999999800, 1.500000000000000200 ) ) ;
#5610 = CIRCLE ( 'NONE', #844, 0.2000000000000000700 ) ;
#5611 = CARTESIAN_POINT ( 'NONE',  ( 3.366710564062426000, 2.863663646958515500, 2.203773303240915900 ) ) ;
#5612 = VERTEX_POINT ( 'NONE', #6992 ) ;
#5613 = ORIENTED_EDGE ( 'NONE', *, *, #4466, .T. ) ;
#5614 = CARTESIAN_POINT ( 'NONE',  ( -3.349999999999998800, 2.049999999999999800, -1.646074051843216400 ) ) ;
#5615 = CARTESIAN_POINT ( 'NONE',  ( -2.235797024896118800, 2.829315158102583300, -3.219045891542840800 ) ) ;
#5616 = CARTESIAN_POINT ( 'NONE',  ( -3.183664708092511100, 3.230000000000000000, -1.801184220904082700 ) ) ;
#5617 = DIRECTION ( 'NONE',  ( 0.0000000000000000000, 1.000000000000000000, 0.0000000000000000000 ) ) ;
#5618 = CARTESIAN_POINT ( 'NONE',  ( -2.192669952338365000, 2.681150060617689700, -2.925287493430049200 ) ) ;
#5619 = EDGE_CURVE ( 'NONE', #990, #1896, #5810, .T. ) ;
#5620 = ORIENTED_EDGE ( 'NONE', *, *, #2658, .T. ) ;
#5621 = CARTESIAN_POINT ( 'NONE',  ( 3.500000000000001300, 4.179999999999999700, -1.499999999999999800 ) ) ;
#5622 = ORIENTED_EDGE ( 'NONE', *, *, #6296, .F. ) ;
#5623 = CARTESIAN_POINT ( 'NONE',  ( -2.945139349069672900, 2.814042254781830000, -2.229913509214565000 ) ) ;
#5624 = CARTESIAN_POINT ( 'NONE',  ( 2.186160717668578000, 2.689737993007078800, 2.933389961753320600 ) ) ;
#5625 = CARTESIAN_POINT ( 'NONE',  ( 3.350000000000001400, 0.1500000000000001100, 1.499999999999999800 ) ) ;
#5626 = ORIENTED_EDGE ( 'NONE', *, *, #7451, .T. ) ;
#5627 = LINE ( 'NONE', #4501, #4816 ) ;
#5628 = AXIS2_PLACEMENT_3D ( 'NONE', #1669, #5743, #2841 ) ;
#5629 = ORIENTED_EDGE ( 'NONE', *, *, #3907, .T. ) ;
#5630 = ORIENTED_EDGE ( 'NONE', *, *, #226, .F. ) ;
#5631 = EDGE_CURVE ( 'NONE', #4050, #2859, #4832, .T. ) ;
#5632 = ORIENTED_EDGE ( 'NONE', *, *, #2981, .T. ) ;
#5633 = CARTESIAN_POINT ( 'NONE',  ( 3.253831132270995400, 2.951007748578822600, 2.414581472091160500 ) ) ;
#5634 = CARTESIAN_POINT ( 'NONE',  ( -3.249978214144381400, 3.128966688481531900, -1.906021171115853200 ) ) ;
#5635 = CARTESIAN_POINT ( 'NONE',  ( 3.126864378450390900, 2.808464004020113400, 2.500145183063559700 ) ) ;
#5636 = CARTESIAN_POINT ( 'NONE',  ( 1.975847798257181800, 3.120502653369432400, 3.107678642308064000 ) ) ;
#5637 = CIRCLE ( 'NONE', #4000, 0.1999999999999999000 ) ;
#5638 = CARTESIAN_POINT ( 'NONE',  ( -3.236063798996610300, 3.125833493358030100, -1.891105701386322600 ) ) ;
#5639 = CARTESIAN_POINT ( 'NONE',  ( -2.985129713113609200, 2.673370412616768600, -2.184235169910647000 ) ) ;
#5640 = B_SPLINE_CURVE_WITH_KNOTS ( 'NONE', 3,
 ( #3931, #392, #6230, #5638, #439, #5108, #3501, #5776, #6294, #1679, #6890, #6911, #7492, #6966, #2902, #1120 ),
 .UNSPECIFIED., .F., .F.,
 ( 4, 3, 3, 3, 3, 4 ),
 ( -2.136449160243311100E-006, 4.235164736271501700E-022, 4.848291111619183100E-006, 2.431860709182208500E-005, 5.034109102438158600E-005, 5.040109099718224300E-005 ),
 .UNSPECIFIED. ) ;
#5641 = ORIENTED_EDGE ( 'NONE', *, *, #6780, .F. ) ;
#5642 = ORIENTED_EDGE ( 'NONE', *, *, #3085, .T. ) ;
#5643 = DIRECTION ( 'NONE',  ( 0.0000000000000000000, 0.0000000000000000000, -1.000000000000000000 ) ) ;
#5644 = EDGE_CURVE ( 'NONE', #1887, #1793, #2356, .T. ) ;
#5645 = FACE_OUTER_BOUND ( 'NONE', #2066, .T. ) ;
#5646 = CARTESIAN_POINT ( 'NONE',  ( -1.959036799188651000, 3.116753540910448500, -3.089651052922717200 ) ) ;
#5647 = EDGE_CURVE ( 'NONE', #6490, #3428, #601, .T. ) ;
#5648 = CARTESIAN_POINT ( 'NONE',  ( -2.350000000000001900, -3.395982099313526600E-015, -1.149999999999999700 ) ) ;
#5649 = ORIENTED_EDGE ( 'NONE', *, *, #7282, .F. ) ;
#5650 = CARTESIAN_POINT ( 'NONE',  ( 2.401786804608012600, 2.843019764175392700, 3.027723561456157500 ) ) ;
#5651 = VECTOR ( 'NONE', #2234, 1000.000000000000000 ) ;
#5652 = CIRCLE ( 'NONE', #6952, 0.2500000000000002200 ) ;
#5653 = CARTESIAN_POINT ( 'NONE',  ( -2.945223269778516300, 2.814036741076667800, -2.230000905918391400 ) ) ;
#5654 = CARTESIAN_POINT ( 'NONE',  ( 2.437937562739017400, 2.899726732338477700, 3.124500894849066700 ) ) ;
#5655 = ORIENTED_EDGE ( 'NONE', *, *, #5895, .T. ) ;
#5656 = FACE_OUTER_BOUND ( 'NONE', #2149, .T. ) ;
#5657 = CIRCLE ( 'NONE', #2085, 0.3500000000000000300 ) ;
#5658 = CARTESIAN_POINT ( 'NONE',  ( -2.235797024896118800, 2.829315158102583300, -3.219045891542840800 ) ) ;
#5659 = DIRECTION ( 'NONE',  ( 0.0000000000000000000, 1.000000000000000000, 0.0000000000000000000 ) ) ;
#5660 = DIRECTION ( 'NONE',  ( -1.142445755987358100E-016, 0.0000000000000000000, -1.000000000000000000 ) ) ;
#5661 = CARTESIAN_POINT ( 'NONE',  ( -2.357146806657521000, 2.928869819216494400, -2.924916793293528700 ) ) ;
#5662 = CARTESIAN_POINT ( 'NONE',  ( 1.992586691285067600, 3.110542381954885200, 3.117007820589434300 ) ) ;
#5663 = VERTEX_POINT ( 'NONE', #1885 ) ;
#5664 = CARTESIAN_POINT ( 'NONE',  ( 4.690887853798108700, -0.1025167453825044000, 0.3956758993577647600 ) ) ;
#5665 = FACE_OUTER_BOUND ( 'NONE', #1570, .T. ) ;
#5666 = CARTESIAN_POINT ( 'NONE',  ( 4.304651082427970900, 1.091200236299941600, 2.052619887322272500 ) ) ;
#5667 = DIRECTION ( 'NONE',  ( -0.2150365125489326300, -0.3289899283371637300, -0.9195242929490773400 ) ) ;
#5668 = DIRECTION ( 'NONE',  ( -0.4701050976991863500, -0.7660444431189820100, 0.4383800956747089800 ) ) ;
#5669 = ORIENTED_EDGE ( 'NONE', *, *, #2318, .T. ) ;
#5670 =( LENGTH_UNIT ( ) NAMED_UNIT ( * ) SI_UNIT ( .MILLI., .METRE. ) );
#5671 = CARTESIAN_POINT ( 'NONE',  ( -2.196368124876764100, 2.680542461124566100, -2.928319625870816600 ) ) ;
#5672 = VECTOR ( 'NONE', #4833, 1000.000000000000000 ) ;
#5673 = CARTESIAN_POINT ( 'NONE',  ( 2.244259809515543500, 2.821929211080253200, 2.882292579983505700 ) ) ;
#5674 = AXIS2_PLACEMENT_3D ( 'NONE', #92, #4139, #4163 ) ;
#5675 = ORIENTED_EDGE ( 'NONE', *, *, #658, .F. ) ;
#5676 = DIRECTION ( 'NONE',  ( 0.6819983600624933700, -0.0000000000000000000, 0.7313537016191753400 ) ) ;
#5677 = CARTESIAN_POINT ( 'NONE',  ( 2.395556088220720100, 2.905325670479141500, 3.147704362652314000 ) ) ;
#5678 = CARTESIAN_POINT ( 'NONE',  ( 3.350000000000000100, 4.396446609406726000, -1.646074051843217100 ) ) ;
#5679 = VERTEX_POINT ( 'NONE', #1779 ) ;
#5680 = ORIENTED_EDGE ( 'NONE', *, *, #1518, .F. ) ;
#5681 = ORIENTED_EDGE ( 'NONE', *, *, #3792, .F. ) ;
#5682 = CARTESIAN_POINT ( 'NONE',  ( 3.167893077028064200, 3.122502720409079800, 1.815954495658374900 ) ) ;
#5683 = CARTESIAN_POINT ( 'NONE',  ( 3.329128784747791500, 0.1500000000000000200, -4.385524037470636700E-016 ) ) ;
#5684 = CYLINDRICAL_SURFACE ( 'NONE', #3436, 0.09999999999999982500 ) ;
#5685 = DIRECTION ( 'NONE',  ( 0.8819238886962633700, -0.4698463103929562100, -0.03814051857259703100 ) ) ;
#5686 = CARTESIAN_POINT ( 'NONE',  ( 2.933399516014361100, 2.803266133200950100, 2.240238613587255400 ) ) ;
#5687 = B_SPLINE_CURVE_WITH_KNOTS ( 'NONE', 3,
 ( #5604, #2725, #2095, #1496 ),
 .UNSPECIFIED., .F., .F.,
 ( 4, 4 ),
 ( 9.955180766904732700E-007, 0.0001051686158573768200 ),
 .UNSPECIFIED. ) ;
#5688 = EDGE_CURVE ( 'NONE', #6061, #3718, #1090, .T. ) ;
#5689 = CARTESIAN_POINT ( 'NONE',  ( -3.500000000000001300, 3.779999999999999400, 1.099999999999999900 ) ) ;
#5690 = ORIENTED_EDGE ( 'NONE', *, *, #5006, .T. ) ;
#5691 = CARTESIAN_POINT ( 'NONE',  ( 3.350000000000001900, 9.549923952960633400E-017, 1.499999999999999800 ) ) ;
#5692 = CARTESIAN_POINT ( 'NONE',  ( 3.500000000000001300, 4.179999999999999700, 1.500000000000000200 ) ) ;
#5693 = ORIENTED_EDGE ( 'NONE', *, *, #6261, .F. ) ;
#5694 = EDGE_CURVE ( 'NONE', #7392, #4688, #5021, .T. ) ;
#5695 = CIRCLE ( 'NONE', #2788, 0.1000000000000002600 ) ;
#5696 = CARTESIAN_POINT ( 'NONE',  ( 2.244476603498850600, 2.820977228932759900, 2.883025889925424000 ) ) ;
#5697 = CARTESIAN_POINT ( 'NONE',  ( 2.524187237066381200, 2.901817111391437700, 3.047802930143644200 ) ) ;
#5698 = CARTESIAN_POINT ( 'NONE',  ( -2.490031946878999800, 2.830835462956047700, -3.079653253514830900 ) ) ;
#5699 = CARTESIAN_POINT ( 'NONE',  ( 3.099999999999999600, 4.500000000000000000, -1.879202823377633200 ) ) ;
#5700 = EDGE_LOOP ( 'NONE', ( #6796, #4785, #6919, #1111 ) ) ;
#5701 = ORIENTED_EDGE ( 'NONE', *, *, #4752, .F. ) ;
#5702 = ORIENTED_EDGE ( 'NONE', *, *, #4240, .F. ) ;
#5703 = FACE_OUTER_BOUND ( 'NONE', #5994, .T. ) ;
#5704 = CARTESIAN_POINT ( 'NONE',  ( -3.500000000000001300, 0.1500000000000012700, 1.500000000000000200 ) ) ;
#5705 = CARTESIAN_POINT ( 'NONE',  ( 3.139397011872315300, 2.829283322248509000, 2.523209890564457800 ) ) ;
#5706 = VERTEX_POINT ( 'NONE', #4188 ) ;
#5707 = CARTESIAN_POINT ( 'NONE',  ( -2.244235142475364200, 2.821835563310005400, -2.882315582370437400 ) ) ;
#5708 = VERTEX_POINT ( 'NONE', #4766 ) ;
#5709 = CARTESIAN_POINT ( 'NONE',  ( -1.980000000000001300, 4.350000000000000500, 0.9699999999999999700 ) ) ;
#5710 = EDGE_CURVE ( 'NONE', #4304, #2859, #2723, .T. ) ;
#5711 = PLANE ( 'NONE',  #1469 ) ;
#5712 = CARTESIAN_POINT ( 'NONE',  ( -2.252099253838314200, 2.812024832641892800, -2.874982179885584400 ) ) ;
#5713 = EDGE_LOOP ( 'NONE', ( #6422, #6039, #384, #5680 ) ) ;
#5714 = CARTESIAN_POINT ( 'NONE',  ( -3.076176742384099300, 2.947775768417118400, -2.584011962506357100 ) ) ;
#5715 = ORIENTED_EDGE ( 'NONE', *, *, #6822, .T. ) ;
#5716 = ORIENTED_EDGE ( 'NONE', *, *, #2610, .T. ) ;
#5717 = CARTESIAN_POINT ( 'NONE',  ( 2.350000000000001900, -3.395982099313527400E-015, -1.149999999999999900 ) ) ;
#5718 = ORIENTED_EDGE ( 'NONE', *, *, #2856, .F. ) ;
#5719 = CARTESIAN_POINT ( 'NONE',  ( 1.630000000000001200, 4.350000000000000500, -3.397182120936205900 ) ) ;
#5720 = EDGE_CURVE ( 'NONE', #2973, #2998, #6393, .T. ) ;
#5721 = ORIENTED_EDGE ( 'NONE', *, *, #2816, .F. ) ;
#5722 = ORIENTED_EDGE ( 'NONE', *, *, #6319, .T. ) ;
#5723 = DIRECTION ( 'NONE',  ( 0.0000000000000000000, 0.0000000000000000000, -1.000000000000000000 ) ) ;
#5724 = CARTESIAN_POINT ( 'NONE',  ( -1.884865984730721600, 3.111888015154471400, -3.012431989059857900 ) ) ;
#5725 = ORIENTED_EDGE ( 'NONE', *, *, #7385, .T. ) ;
#5726 = PLANE ( 'NONE',  #1307 ) ;
#5727 = AXIS2_PLACEMENT_3D ( 'NONE', #153, #6047, #7087 ) ;
#5728 = VECTOR ( 'NONE', #1700, 1000.000000000000000 ) ;
#5729 = EDGE_CURVE ( 'NONE', #6550, #2164, #5371, .T. ) ;
#5730 = ORIENTED_EDGE ( 'NONE', *, *, #4038, .F. ) ;
#5731 = CARTESIAN_POINT ( 'NONE',  ( 2.449012816618379300, 2.761234062908032500, 3.072073943167980200 ) ) ;
#5732 = EDGE_LOOP ( 'NONE', ( #2640, #3164, #3166, #1343, #2148, #3214 ) ) ;
#5733 = CARTESIAN_POINT ( 'NONE',  ( 3.250000000000001800, 4.350000000000001400, 0.9700000000000004200 ) ) ;
#5734 = CARTESIAN_POINT ( 'NONE',  ( -3.124953548741743200, 2.840741481973003200, -2.523829700625676700 ) ) ;
#5735 = AXIS2_PLACEMENT_3D ( 'NONE', #7279, #4994, #908 ) ;
#5736 = ADVANCED_FACE ( 'NONE', ( #4465 ), #7269, .T. ) ;
#5737 = ORIENTED_EDGE ( 'NONE', *, *, #1344, .T. ) ;
#5738 = CARTESIAN_POINT ( 'NONE',  ( -2.257785218801651200, 2.804281592282675400, -2.869679931778023300 ) ) ;
#5739 = EDGE_CURVE ( 'NONE', #6098, #6641, #4518, .T. ) ;
#5740 = VECTOR ( 'NONE', #3069, 1000.000000000000000 ) ;
#5741 = DIRECTION ( 'NONE',  ( -1.000000000000000000, 3.491481338843134100E-015, 0.0000000000000000000 ) ) ;
#5742 = LINE ( 'NONE', #5535, #5290 ) ;
#5743 = DIRECTION ( 'NONE',  ( 5.042800802258159400E-016, -1.000000000000000000, 0.0000000000000000000 ) ) ;
#5744 = ORIENTED_EDGE ( 'NONE', *, *, #1609, .T. ) ;
#5745 = VECTOR ( 'NONE', #1119, 1000.000000000000000 ) ;
#5746 = CARTESIAN_POINT ( 'NONE',  ( 2.244282005547309400, 2.821187596517580300, 2.882707008486499900 ) ) ;
#5747 = CARTESIAN_POINT ( 'NONE',  ( -1.888256698380109200, 3.111962397303647400, -3.015962964777846100 ) ) ;
#5748 = DIRECTION ( 'NONE',  ( 3.491481338843133000E-015, 1.000000000000000000, 0.0000000000000000000 ) ) ;
#5749 = EDGE_LOOP ( 'NONE', ( #5144, #5780, #316, #5916 ) ) ;
#5750 = CARTESIAN_POINT ( 'NONE',  ( -2.244259809515543000, 2.821929211080253600, -2.882292579983506600 ) ) ;
#5751 = VECTOR ( 'NONE', #404, 1000.000000000000000 ) ;
#5752 = CARTESIAN_POINT ( 'NONE',  ( 2.340847485018012100, 2.815422605352922800, 2.976781380630093100 ) ) ;
#5753 = CARTESIAN_POINT ( 'NONE',  ( 1.629999999999998600, -9.334880824091971600, -3.249999999999999600 ) ) ;
#5754 = EDGE_LOOP ( 'NONE', ( #803, #1924, #1841 ) ) ;
#5755 = DIRECTION ( 'NONE',  ( 0.0000000000000000000, 1.000000000000000000, 0.0000000000000000000 ) ) ;
#5756 = EDGE_CURVE ( 'NONE', #6708, #524, #357, .T. ) ;
#5757 = CARTESIAN_POINT ( 'NONE',  ( 3.250000000000001300, 4.500000000000000900, -3.397182120936205900 ) ) ;
#5758 = CARTESIAN_POINT ( 'NONE',  ( -3.350000000000001900, 9.549923952960633400E-017, -1.499999999999999800 ) ) ;
#5759 = ORIENTED_EDGE ( 'NONE', *, *, #6546, .T. ) ;
#5760 = CARTESIAN_POINT ( 'NONE',  ( -2.222306734094221500, 2.649999999999999900, -2.902764154001006500 ) ) ;
#5761 = B_SPLINE_CURVE_WITH_KNOTS ( 'NONE', 3,
 ( #6295, #5734, #1052, #7467 ),
 .UNSPECIFIED., .F., .F.,
 ( 4, 4 ),
 ( 0.0002765876194063310900, 0.0003956030104721320200 ),
 .UNSPECIFIED. ) ;
#5762 = VECTOR ( 'NONE', #3566, 1000.000000000000000 ) ;
#5763 = AXIS2_PLACEMENT_3D ( 'NONE', #2100, #314, #851 ) ;
#5764 = CARTESIAN_POINT ( 'NONE',  ( 2.244250964150583400, 2.821265849970758600, 2.882632619732510300 ) ) ;
#5765 = CARTESIAN_POINT ( 'NONE',  ( 2.965470799502838900, 2.814020427014325900, 2.251747885935738000 ) ) ;
#5766 = CARTESIAN_POINT ( 'NONE',  ( 2.391215041168987600, 2.906296479174437200, 3.149420255810448900 ) ) ;
#5767 = VERTEX_POINT ( 'NONE', #7145 ) ;
#5768 = ADVANCED_FACE ( 'NONE', ( #7089 ), #6412, .F. ) ;
#5769 = VECTOR ( 'NONE', #2572, 1000.000000000000100 ) ;
#5770 = CARTESIAN_POINT ( 'NONE',  ( 2.244259809515543500, 2.821929211080253200, 2.882292579983505700 ) ) ;
#5771 = CARTESIAN_POINT ( 'NONE',  ( 0.0000000000000000000, 0.0000000000000000000, 0.0000000000000000000 ) ) ;
#5772 = ORIENTED_EDGE ( 'NONE', *, *, #2126, .T. ) ;
#5773 = AXIS2_PLACEMENT_3D ( 'NONE', #3030, #3082, #6467 ) ;
#5774 = EDGE_CURVE ( 'NONE', #4275, #524, #4093, .T. ) ;
#5775 = CARTESIAN_POINT ( 'NONE',  ( -2.806141992263972100, 2.649999999999999900, -2.784875867313686200 ) ) ;
#5776 = CARTESIAN_POINT ( 'NONE',  ( -3.243638906798518700, 3.124614421255049700, -1.899441636638408800 ) ) ;
#5777 = CARTESIAN_POINT ( 'NONE',  ( 3.100000000000000500, 4.249999999999999100, 2.149999999999999900 ) ) ;
#5778 = LINE ( 'NONE', #20, #3517 ) ;
#5779 = EDGE_CURVE ( 'NONE', #3684, #1972, #2369, .T. ) ;
#5780 = ORIENTED_EDGE ( 'NONE', *, *, #1667, .F. ) ;
#5781 = VERTEX_POINT ( 'NONE', #7346 ) ;
#5782 = DIRECTION ( 'NONE',  ( -0.6819983600624948100, 0.0000000000000000000, -0.7313537016191739000 ) ) ;
#5783 = CYLINDRICAL_SURFACE ( 'NONE', #1930, 0.1499999999999999700 ) ;
#5784 = CARTESIAN_POINT ( 'NONE',  ( -2.994829943206959400, 2.693954659428874400, -2.432130445960585300 ) ) ;
#5785 = ORIENTED_EDGE ( 'NONE', *, *, #6801, .F. ) ;
#5786 = EDGE_CURVE ( 'NONE', #7119, #746, #1102, .T. ) ;
#5787 = ORIENTED_EDGE ( 'NONE', *, *, #5063, .F. ) ;
#5788 = PLANE ( 'NONE',  #4036 ) ;
#5789 = CARTESIAN_POINT ( 'NONE',  ( -2.227242867665474100, 2.732483383110707800, -2.898161134978622500 ) ) ;
#5790 = ORIENTED_EDGE ( 'NONE', *, *, #3762, .T. ) ;
#5791 = PLANE ( 'NONE',  #385 ) ;
#5792 = FILL_AREA_STYLE ('',( #5174 ) ) ;
#5793 = CARTESIAN_POINT ( 'NONE',  ( -3.329128784747790600, 0.1500000000000000200, 3.803349051270464100E-016 ) ) ;
#5794 = CARTESIAN_POINT ( 'NONE',  ( -3.349681998360063900, -2.287516853390374000, -1.646370593169897500 ) ) ;
#5795 = VECTOR ( 'NONE', #5877, 1000.000000000000100 ) ;
#5796 = CARTESIAN_POINT ( 'NONE',  ( 3.234616239897258000, 3.126035741999276600, 1.889547470609031800 ) ) ;
#5797 = ORIENTED_EDGE ( 'NONE', *, *, #6601, .F. ) ;
#5798 = EDGE_LOOP ( 'NONE', ( #886, #3978, #705, #6285, #183, #350, #783, #942, #3798, #683, #3875 ) ) ;
#5799 = DIRECTION ( 'NONE',  ( 0.0000000000000000000, -0.0000000000000000000, 1.000000000000000000 ) ) ;
#5800 = EDGE_LOOP ( 'NONE', ( #5240, #7523, #1718, #1123, #1902, #4762, #6984 ) ) ;
#5801 = ADVANCED_FACE ( 'NONE', ( #5645 ), #6183, .F. ) ;
#5802 = DIRECTION ( 'NONE',  ( -0.0000000000000000000, -1.000000000000000000, 1.037514040655985100E-016 ) ) ;
#5803 = DIRECTION ( 'NONE',  ( 0.0000000000000000000, -0.0000000000000000000, 1.000000000000000000 ) ) ;
#5804 = VECTOR ( 'NONE', #4355, 1000.000000000000000 ) ;
#5805 = CARTESIAN_POINT ( 'NONE',  ( -1.959470807515521200, 3.114427298625074500, -3.089904743780457900 ) ) ;
#5806 = EDGE_LOOP ( 'NONE', ( #5071, #943, #1965, #2853, #5381, #4625, #3847 ) ) ;
#5807 = B_SPLINE_CURVE_WITH_KNOTS ( 'NONE', 3,
 ( #6620, #2199, #1037, #2784 ),
 .UNSPECIFIED., .F., .F.,
 ( 4, 4 ),
 ( 0.0000000000000000000, 1.177367140582804200E-006 ),
 .UNSPECIFIED. ) ;
#5808 = VERTEX_POINT ( 'NONE', #1047 ) ;
#5809 =( BOUNDED_SURFACE ( )  B_SPLINE_SURFACE ( 3, 3, ( 
 ( #1214, #5864, #6741, #980 ),
 ( #5661, #3322, #413, #6841 ),
 ( #6694, #4803, #3139, #1858 ),
 ( #5851, #5698, #892, #6675 ) ),
 .UNSPECIFIED., .F., .F., .F. ) 
 B_SPLINE_SURFACE_WITH_KNOTS ( ( 4, 4 ),
 ( 4, 4 ),
 ( 0.0000000000000000000, 1.000000000000000000 ),
 ( 0.0000000000000000000, 1.000000000000000000 ),
 .UNSPECIFIED. ) 
 GEOMETRIC_REPRESENTATION_ITEM ( )  RATIONAL_B_SPLINE_SURFACE ( (
 ( 1.000000000000000000, 0.9743895709830416900, 0.9743895709830416900, 1.000000000000000000),
 ( 0.9844085453031260500, 0.9591974201299531300, 0.9591974201299531300, 0.9844085453031260500),
 ( 0.9844085453031260500, 0.9591974201299531300, 0.9591974201299531300, 0.9844085453031260500),
 ( 1.000000000000000000, 0.9743895709830416900, 0.9743895709830416900, 1.000000000000000000) ) ) 
 REPRESENTATION_ITEM ( '' )  SURFACE ( )  );
#5810 = LINE ( 'NONE', #84, #547 ) ;
#5811 = DIRECTION ( 'NONE',  ( 0.8819238886962633700, -0.4698463103929561600, -0.03814051857259666300 ) ) ;
#5812 = DIRECTION ( 'NONE',  ( -0.8819238886962633700, -0.4698463103929560500, 0.03814051857259707200 ) ) ;
#5813 = VERTEX_POINT ( 'NONE', #5682 ) ;
#5814 = CARTESIAN_POINT ( 'NONE',  ( -3.261235797955770000, 1.635220609220874100, -2.528929275305877900 ) ) ;
#5815 = AXIS2_PLACEMENT_3D ( 'NONE', #4594, #1693, #2814 ) ;
#5816 = DIRECTION ( 'NONE',  ( 1.000000000000000000, -0.0000000000000000000, -0.0000000000000000000 ) ) ;
#5817 = LINE ( 'NONE', #2871, #920 ) ;
#5818 = EDGE_CURVE ( 'NONE', #5931, #5574, #1635, .T. ) ;
#5819 = FACE_OUTER_BOUND ( 'NONE', #1983, .T. ) ;
#5820 = DIRECTION ( 'NONE',  ( 1.000000000000000000, 0.0000000000000000000, 0.0000000000000000000 ) ) ;
#5821 = DIRECTION ( 'NONE',  ( -0.6819983600624947000, 0.0000000000000000000, -0.7313537016191740100 ) ) ;
#5822 = VERTEX_POINT ( 'NONE', #5658 ) ;
#5823 = CARTESIAN_POINT ( 'NONE',  ( -3.246727372236257700, 3.126024522483057400, -1.902535069974562000 ) ) ;
#5824 = FACE_OUTER_BOUND ( 'NONE', #6884, .T. ) ;
#5825 = CARTESIAN_POINT ( 'NONE',  ( -1.980000000000001300, 4.500000000000000900, 0.6199999999999998800 ) ) ;
#5826 = EDGE_CURVE ( 'NONE', #713, #3009, #814, .T. ) ;
#5827 = CARTESIAN_POINT ( 'NONE',  ( 3.234616239896688700, 3.126035742001223900, 1.889547470608417400 ) ) ;
#5828 = VERTEX_POINT ( 'NONE', #2670 ) ;
#5829 = CARTESIAN_POINT ( 'NONE',  ( 1.531817412545554400, 1.462697334180883800, 3.546655863162090600 ) ) ;
#5830 = CARTESIAN_POINT ( 'NONE',  ( -2.939801814904068300, 2.768235854780484000, -2.233689166901022800 ) ) ;
#5831 = LINE ( 'NONE', #4270, #4662 ) ;
#5832 = CARTESIAN_POINT ( 'NONE',  ( 3.128680572316412200, 2.952156128891861200, 2.533203132120021000 ) ) ;
#5833 = VERTEX_POINT ( 'NONE', #7393 ) ;
#5834 = AXIS2_PLACEMENT_3D ( 'NONE', #5372, #4151, #4789 ) ;
#5835 = DIRECTION ( 'NONE',  ( -0.6819983600624933700, 0.0000000000000000000, -0.7313537016191753400 ) ) ;
#5836 = CARTESIAN_POINT ( 'NONE',  ( 3.249378372937839800, 2.993454998540977700, 1.838598953078888900 ) ) ;
#5837 = CIRCLE ( 'NONE', #4759, 0.2000000000000000700 ) ;
#5838 = ADVANCED_FACE ( 'NONE', ( #3280 ), #1628, .T. ) ;
#5839 = CARTESIAN_POINT ( 'NONE',  ( -3.350000000000001400, 0.1500000000000001100, 0.0000000000000000000 ) ) ;
#5840 = ORIENTED_EDGE ( 'NONE', *, *, #2845, .F. ) ;
#5841 = PLANE ( 'NONE',  #5834 ) ;
#5842 = LINE ( 'NONE', #4401, #663 ) ;
#5843 = CARTESIAN_POINT ( 'NONE',  ( 2.986390739342909200, 2.673118968404085500, 2.185893749755640800 ) ) ;
#5844 = ADVANCED_FACE ( 'NONE', ( #5273 ), #5791, .T. ) ;
#5845 = CARTESIAN_POINT ( 'NONE',  ( 3.122488675856200900, 2.790889963794761300, 2.474891028070248300 ) ) ;
#5846 = ORIENTED_EDGE ( 'NONE', *, *, #5928, .T. ) ;
#5847 = EDGE_CURVE ( 'NONE', #7486, #2881, #2453, .T. ) ;
#5848 = CARTESIAN_POINT ( 'NONE',  ( -3.366400249357113200, 2.864269612754381600, -2.201076926603441100 ) ) ;
#5849 = LINE ( 'NONE', #6986, #4319 ) ;
#5850 = DIRECTION ( 'NONE',  ( 3.491481338843133000E-015, 1.000000000000000000, 0.0000000000000000000 ) ) ;
#5851 = CARTESIAN_POINT ( 'NONE',  ( -2.524796039991803500, 2.903086963731710500, -3.047235212231246900 ) ) ;
#5852 = DIRECTION ( 'NONE',  ( -0.4701884262107528000, -0.8825660563705447500, 0.0000000000000000000 ) ) ;
#5853 = CARTESIAN_POINT ( 'NONE',  ( -2.936302398263589600, 2.775582085089666900, -2.236952425710951000 ) ) ;
#5854 = B_SPLINE_CURVE_WITH_KNOTS ( 'NONE', 3,
 ( #6131, #3274, #3856, #7250 ),
 .UNSPECIFIED., .F., .F.,
 ( 4, 4 ),
 ( 0.0000000000000000000, 8.434269282995268300E-005 ),
 .UNSPECIFIED. ) ;
#5855 = ORIENTED_EDGE ( 'NONE', *, *, #1938, .T. ) ;
#5856 = CARTESIAN_POINT ( 'NONE',  ( -3.349000000000001100, 4.179999999999999700, -1.645639239468278400 ) ) ;
#5857 = COLOUR_RGB ( '',0.7921568627450980000, 0.8196078431372548800, 0.9333333333333333500 ) ;
#5858 = DIRECTION ( 'NONE',  ( -1.000000000000000000, 5.042800802258159400E-016, 0.0000000000000000000 ) ) ;
#5859 = CARTESIAN_POINT ( 'NONE',  ( 1.908629890758001500, 3.112505701907709400, 3.037101087672553500 ) ) ;
#5860 = EDGE_CURVE ( 'NONE', #7037, #7305, #6902, .T. ) ;
#5861 = CARTESIAN_POINT ( 'NONE',  ( 2.122821699205876400, 2.762694048011758300, 2.805258744273711400 ) ) ;
#5862 = ORIENTED_EDGE ( 'NONE', *, *, #2295, .F. ) ;
#5863 = CARTESIAN_POINT ( 'NONE',  ( -3.350000000000001400, 4.179999999999999700, -0.9700000000000003100 ) ) ;
#5864 = CARTESIAN_POINT ( 'NONE',  ( -2.245074783031614000, 2.849257804980987400, -2.881532604884883500 ) ) ;
#5865 = LINE ( 'NONE', #7056, #5327 ) ;
#5866 = CARTESIAN_POINT ( 'NONE',  ( -3.350000000000001400, 3.779999999999999400, 1.499999999999999800 ) ) ;
#5867 = SURFACE_SIDE_STYLE ('',( #1699 ) ) ;
#5868 = AXIS2_PLACEMENT_3D ( 'NONE', #3639, #3736, #880 ) ;
#5869 = ORIENTED_EDGE ( 'NONE', *, *, #757, .F. ) ;
#5870 = ORIENTED_EDGE ( 'NONE', *, *, #724, .T. ) ;
#5871 = VERTEX_POINT ( 'NONE', #5770 ) ;
#5872 = EDGE_CURVE ( 'NONE', #1895, #2528, #2817, .T. ) ;
#5873 = LINE ( 'NONE', #5577, #6873 ) ;
#5874 = CARTESIAN_POINT ( 'NONE',  ( -3.112747279225592600, 2.881323480759183200, -2.548061168299063700 ) ) ;
#5875 = ADVANCED_FACE ( 'NONE', ( #3824 ), #1097, .T. ) ;
#5876 = ORIENTED_EDGE ( 'NONE', *, *, #2109, .F. ) ;
#5877 = DIRECTION ( 'NONE',  ( 0.7313537016191739000, 0.0000000000000000000, -0.6819983600624948100 ) ) ;
#5878 = CARTESIAN_POINT ( 'NONE',  ( -1.951311994574581200, 3.115628382648576400, -3.081367214163537300 ) ) ;
#5879 = ORIENTED_EDGE ( 'NONE', *, *, #5826, .F. ) ;
#5880 = AXIS2_PLACEMENT_3D ( 'NONE', #3371, #359, #4439 ) ;
#5881 = DIRECTION ( 'NONE',  ( -1.000000000000000000, -3.491481338843134100E-015, 1.606225440719266100E-016 ) ) ;
#5882 = LINE ( 'NONE', #6872, #6066 ) ;
#5883 = ORIENTED_EDGE ( 'NONE', *, *, #6370, .T. ) ;
#5884 = ORIENTED_EDGE ( 'NONE', *, *, #7237, .F. ) ;
#5885 = VERTEX_POINT ( 'NONE', #2256 ) ;
#5886 = CARTESIAN_POINT ( 'NONE',  ( 3.246635808212544400, 3.103085422351466800, 1.948215439984524400 ) ) ;
#5887 = CARTESIAN_POINT ( 'NONE',  ( -3.317374411475691300, 2.649999999999999900, -2.897295081958628100 ) ) ;
#5888 = FACE_OUTER_BOUND ( 'NONE', #4692, .T. ) ;
#5889 = ORIENTED_EDGE ( 'NONE', *, *, #1320, .F. ) ;
#5890 = ORIENTED_EDGE ( 'NONE', *, *, #400, .F. ) ;
#5891 = DIRECTION ( 'NONE',  ( -1.000000000000000000, 0.0000000000000000000, 0.0000000000000000000 ) ) ;
#5892 = ORIENTED_EDGE ( 'NONE', *, *, #408, .F. ) ;
#5893 = CARTESIAN_POINT ( 'NONE',  ( -2.263203435979724600, 2.664689108852207300, -2.944030809021481500 ) ) ;
#5894 = CARTESIAN_POINT ( 'NONE',  ( 3.100000000000000100, 0.0000000000000000000, -1.879202823377633000 ) ) ;
#5895 = EDGE_CURVE ( 'NONE', #1072, #5781, #7423, .T. ) ;
#5896 = DIRECTION ( 'NONE',  ( -5.204170427930416600E-015, 1.000000000000000000, 0.0000000000000000000 ) ) ;
#5897 = CYLINDRICAL_SURFACE ( 'NONE', #5984, 0.1500000000000000200 ) ;
#5898 = CARTESIAN_POINT ( 'NONE',  ( 2.945015333165389700, 2.814073185652300200, 2.229795815510855000 ) ) ;
#5899 = ORIENTED_EDGE ( 'NONE', *, *, #7416, .F. ) ;
#5900 = ORIENTED_EDGE ( 'NONE', *, *, #394, .T. ) ;
#5901 = CARTESIAN_POINT ( 'NONE',  ( 2.449492765435436100, 2.786910444923621300, 3.117456651790626100 ) ) ;
#5902 =( BOUNDED_SURFACE ( )  B_SPLINE_SURFACE ( 3, 2, ( 
 ( #7022, #5827, #3460 ),
 ( #1126, #2857, #4138 ),
 ( #3480, #6998, #3529 ),
 ( #3555, #6918, #553 ) ),
 .UNSPECIFIED., .F., .F., .F. ) 
 B_SPLINE_SURFACE_WITH_KNOTS ( ( 4, 4 ),
 ( 3, 3 ),
 ( -2.280131667839774900E-006, 9.776798918263344200E-005 ),
 ( 0.0000000000000000000, 1.000000000000000000 ),
 .UNSPECIFIED. ) 
 GEOMETRIC_REPRESENTATION_ITEM ( )  RATIONAL_B_SPLINE_SURFACE ( (
 ( 1.000000000000000000, 1.000000000000000000, 1.000000000000000000),
 ( 1.000000000000000000, 0.9966058960458226100, 1.000000000000000000),
 ( 1.000000000000000000, 0.9857628153270080500, 1.000000000000000000),
 ( 1.000000000000000000, 0.9823407036568396800, 1.000000000000000000) ) ) 
 REPRESENTATION_ITEM ( '' )  SURFACE ( )  );
#5903 = CARTESIAN_POINT ( 'NONE',  ( -2.409338161078493400E-016, 0.1499999999999883900, -1.499999999999999800 ) ) ;
#5904 = DIRECTION ( 'NONE',  ( 0.0000000000000000000, 0.0000000000000000000, -1.000000000000000000 ) ) ;
#5905 = LINE ( 'NONE', #2217, #3286 ) ;
#5906 = CARTESIAN_POINT ( 'NONE',  ( -2.937747685433085300, 2.807922838636343100, -2.235604673648456900 ) ) ;
#5907 = ORIENTED_EDGE ( 'NONE', *, *, #1704, .T. ) ;
#5908 = VECTOR ( 'NONE', #473, 1000.000000000000000 ) ;
#5909 = DIRECTION ( 'NONE',  ( -1.000000000000000000, 0.0000000000000000000, 0.0000000000000000000 ) ) ;
#5910 = CARTESIAN_POINT ( 'NONE',  ( 2.000000000000001800, -4.618000567908624400E-015, 1.149999999999999700 ) ) ;
#5911 = VECTOR ( 'NONE', #318, 1000.000000000000000 ) ;
#5912 = ADVANCED_FACE ( 'NONE', ( #6263 ), #4631, .T. ) ;
#5913 = CARTESIAN_POINT ( 'NONE',  ( 2.000000000000001800, -4.634964287375531500E-015, 1.149999999999999700 ) ) ;
#5914 = AXIS2_PLACEMENT_3D ( 'NONE', #6609, #1918, #5986 ) ;
#5915 = DIRECTION ( 'NONE',  ( 0.0000000000000000000, 0.0000000000000000000, -1.000000000000000000 ) ) ;
#5916 = ORIENTED_EDGE ( 'NONE', *, *, #5688, .F. ) ;
#5917 = CARTESIAN_POINT ( 'NONE',  ( -2.222306734094221500, 2.649999999999999900, -2.902764154001006500 ) ) ;
#5918 = EDGE_CURVE ( 'NONE', #5530, #1600, #6941, .T. ) ;
#5919 = DIRECTION ( 'NONE',  ( -0.4701050976991864000, 0.7660444431189810100, 0.4383800956747110300 ) ) ;
#5920 = DIRECTION ( 'NONE',  ( -0.6819983600624933700, 0.0000000000000000000, -0.7313537016191753400 ) ) ;
#5921 = CARTESIAN_POINT ( 'NONE',  ( 3.246446609406726100, 4.500000000000000000, 1.742639150792173000 ) ) ;
#5922 = ADVANCED_FACE ( 'NONE', ( #901 ), #5897, .F. ) ;
#5923 = ORIENTED_EDGE ( 'NONE', *, *, #112, .T. ) ;
#5924 = CARTESIAN_POINT ( 'NONE',  ( -2.350000000000001900, -3.412945818780435200E-015, -1.149999999999999700 ) ) ;
#5925 = LINE ( 'NONE', #3611, #4576 ) ;
#5926 = ORIENTED_EDGE ( 'NONE', *, *, #7120, .T. ) ;
#5927 = CARTESIAN_POINT ( 'NONE',  ( 3.308344323261362500, 2.974229134080793400, 2.283947487011448500 ) ) ;
#5928 = EDGE_CURVE ( 'NONE', #587, #790, #268, .T. ) ;
#5929 = DIRECTION ( 'NONE',  ( 0.4194872498868747500, 0.8191520442889914700, -0.3911781889619011500 ) ) ;
#5930 = CARTESIAN_POINT ( 'NONE',  ( -2.350000000000001900, -3.412945818780435200E-015, -1.149999999999999700 ) ) ;
#5931 = VERTEX_POINT ( 'NONE', #6291 ) ;
#5932 = CIRCLE ( 'NONE', #5815, 0.3500000000000000300 ) ;
#5933 = DIRECTION ( 'NONE',  ( -0.0000000000000000000, -0.0000000000000000000, 1.000000000000000000 ) ) ;
#5934 = DIRECTION ( 'NONE',  ( -0.6819983600624931500, 0.0000000000000000000, -0.7313537016191754600 ) ) ;
#5935 = ORIENTED_EDGE ( 'NONE', *, *, #7469, .T. ) ;
#5936 = PLANE ( 'NONE',  #4701 ) ;
#5937 = EDGE_CURVE ( 'NONE', #830, #5542, #7526, .T. ) ;
#5938 = DIRECTION ( 'NONE',  ( 0.009204126107053095500, 0.4924038765061045700, 0.8703181639287820300 ) ) ;
#5939 = VERTEX_POINT ( 'NONE', #7488 ) ;
#5940 = CARTESIAN_POINT ( 'NONE',  ( 3.250000000000001800, 4.250000000000000900, -0.9699999999999999700 ) ) ;
#5941 = ORIENTED_EDGE ( 'NONE', *, *, #3882, .T. ) ;
#5942 = DIRECTION ( 'NONE',  ( -0.7313537016191741200, 0.0000000000000000000, 0.6819983600624947000 ) ) ;
#5943 = LINE ( 'NONE', #4613, #5411 ) ;
#5944 = CARTESIAN_POINT ( 'NONE',  ( 1.890169029536049800, 3.206999999999999900, 0.4082148119254169800 ) ) ;
#5945 = ADVANCED_FACE ( 'NONE', ( #1527 ), #2305, .F. ) ;
#5946 = EDGE_CURVE ( 'NONE', #5003, #3074, #1196, .T. ) ;
#5947 = ORIENTED_EDGE ( 'NONE', *, *, #5251, .F. ) ;
#5948 = CARTESIAN_POINT ( 'NONE',  ( -3.350000000000001400, 4.179999999999999700, 0.9699999999999998600 ) ) ;
#5949 = CARTESIAN_POINT ( 'NONE',  ( -3.349999999999998800, -9.334880824091971600, -1.646074051843216400 ) ) ;
#5950 = DIRECTION ( 'NONE',  ( 1.000000000000000000, 0.0000000000000000000, 0.0000000000000000000 ) ) ;
#5951 = LINE ( 'NONE', #1017, #4787 ) ;
#5952 = DIRECTION ( 'NONE',  ( -0.4321736818136809300, 0.7735893215949580800, -0.4634495336731496700 ) ) ;
#5953 = CARTESIAN_POINT ( 'NONE',  ( 4.053867229607820800E-029, 0.1499999999999883900, 1.499999999999999800 ) ) ;
#5954 = B_SPLINE_CURVE_WITH_KNOTS ( 'NONE', 3,
 ( #2328, #4729, #1723, #4094 ),
 .UNSPECIFIED., .F., .F.,
 ( 4, 4 ),
 ( 8.673617379884035500E-019, 3.775908190379650700E-006 ),
 .UNSPECIFIED. ) ;
#5955 = ORIENTED_EDGE ( 'NONE', *, *, #7142, .F. ) ;
#5956 = ORIENTED_EDGE ( 'NONE', *, *, #6063, .T. ) ;
#5957 = CARTESIAN_POINT ( 'NONE',  ( -3.350000000000001400, 0.1500000000000001100, 1.500000000000000200 ) ) ;
#5958 = ADVANCED_FACE ( 'NONE', ( #3461 ), #5841, .T. ) ;
#5959 = ORIENTED_EDGE ( 'NONE', *, *, #5349, .T. ) ;
#5960 = AXIS2_PLACEMENT_3D ( 'NONE', #2301, #6432, #1729 ) ;
#5961 = DIRECTION ( 'NONE',  ( 0.0000000000000000000, 0.0000000000000000000, -1.000000000000000000 ) ) ;
#5962 = CYLINDRICAL_SURFACE ( 'NONE', #6075, 1.099999999999999900 ) ;
#5963 = EDGE_CURVE ( 'NONE', #3056, #419, #2720, .T. ) ;
#5964 = DIRECTION ( 'NONE',  ( 1.606225440719266100E-016, -5.608106152246404900E-031, 1.000000000000000000 ) ) ;
#5965 = CARTESIAN_POINT ( 'NONE',  ( -3.250000000000001800, 4.350000000000001400, -0.9700000000000004200 ) ) ;
#5966 = ORIENTED_EDGE ( 'NONE', *, *, #6898, .F. ) ;
#5967 = VERTEX_POINT ( 'NONE', #1240 ) ;
#5968 = CARTESIAN_POINT ( 'NONE',  ( 2.350000000000001400, 0.1499999999999966100, -1.500000000000000200 ) ) ;
#5969 = AXIS2_PLACEMENT_3D ( 'NONE', #6784, #3437, #5099 ) ;
#5970 = CARTESIAN_POINT ( 'NONE',  ( -1.993466470255342600, 3.109422787685936800, -3.116189812499612800 ) ) ;
#5971 = CARTESIAN_POINT ( 'NONE',  ( 2.410595800713951900, 2.833482762561229800, 3.020722852770325200 ) ) ;
#5972 = LINE ( 'NONE', #5203, #7336 ) ;
#5973 = CARTESIAN_POINT ( 'NONE',  ( -3.222340001465155500, 3.127593135185458000, -1.876382816637643900 ) ) ;
#5974 = ORIENTED_EDGE ( 'NONE', *, *, #7187, .T. ) ;
#5975 = EDGE_CURVE ( 'NONE', #2813, #2286, #6899, .T. ) ;
#5976 = ORIENTED_EDGE ( 'NONE', *, *, #6472, .F. ) ;
#5977 = CARTESIAN_POINT ( 'NONE',  ( -2.222306734094221500, 2.649999999999999900, -2.902764154001006500 ) ) ;
#5978 = CARTESIAN_POINT ( 'NONE',  ( 3.233093868170667600, 2.952156128891860300, 2.435836158542573400 ) ) ;
#5979 = ORIENTED_EDGE ( 'NONE', *, *, #7342, .F. ) ;
#5980 = VECTOR ( 'NONE', #1253, 1000.000000000000000 ) ;
#5981 = CARTESIAN_POINT ( 'NONE',  ( 2.718733612364178800, 2.971609417656390400E-015, 2.915484856791749700 ) ) ;
#5982 = DIRECTION ( 'NONE',  ( 0.8819238886962634800, -0.4698463103929561600, -0.03814051857259667000 ) ) ;
#5983 = ORIENTED_EDGE ( 'NONE', *, *, #7088, .T. ) ;
#5984 = AXIS2_PLACEMENT_3D ( 'NONE', #6962, #7463, #7512 ) ;
#5985 = EDGE_LOOP ( 'NONE', ( #2835, #2768, #22, #6302 ) ) ;
#5986 = DIRECTION ( 'NONE',  ( 0.0000000000000000000, 0.0000000000000000000, -1.000000000000000000 ) ) ;
#5987 = ORIENTED_EDGE ( 'NONE', *, *, #5451, .F. ) ;
#5988 = DIRECTION ( 'NONE',  ( 0.6819983600624933700, -0.0000000000000000000, 0.7313537016191753400 ) ) ;
#5989 = FACE_OUTER_BOUND ( 'NONE', #5106, .T. ) ;
#5990 = CARTESIAN_POINT ( 'NONE',  ( 1.991853612178113400, 3.111652487093982300, 3.117665166835296800 ) ) ;
#5991 = CARTESIAN_POINT ( 'NONE',  ( 2.882625588524313300, 2.055555995698294500, 3.302704918041372600 ) ) ;
#5992 = CARTESIAN_POINT ( 'NONE',  ( 2.318745569085527000, 2.817423300928300700, 2.956576080005630200 ) ) ;
#5993 = ADVANCED_FACE ( 'NONE', ( #1263 ), #1442, .T. ) ;
#5994 = EDGE_LOOP ( 'NONE', ( #6862, #7003, #4445, #7509 ) ) ;
#5995 = DIRECTION ( 'NONE',  ( -0.0000000000000000000, 1.037514040655985100E-016, 1.000000000000000000 ) ) ;
#5996 = PLANE ( 'NONE',  #7053 ) ;
#5997 = ORIENTED_EDGE ( 'NONE', *, *, #6626, .F. ) ;
#5998 = CARTESIAN_POINT ( 'NONE',  ( -1.950267648495360300, 3.115764320646922300, -3.080247290105740700 ) ) ;
#5999 = CARTESIAN_POINT ( 'NONE',  ( 1.630000000000001200, 4.350000000000000500, -3.397182120936205900 ) ) ;
#6000 = EDGE_CURVE ( 'NONE', #2266, #3864, #6133, .T. ) ;
#6002 = ADVANCED_FACE ( 'NONE', ( #1716 ), #28, .F. ) ;
#6001 = ORIENTED_EDGE ( 'NONE', *, *, #5779, .F. ) ;
#6003 =( BOUNDED_SURFACE ( )  B_SPLINE_SURFACE ( 3, 2, ( 
 ( #2564, #6703, #3746 ),
 ( #263, #4926, #5496 ),
 ( #2585, #7312, #1517 ),
 ( #6178, #3870, #3845 ),
 ( #5599, #383, #6732 ),
 ( #3262, #353, #939 ) ),
 .UNSPECIFIED., .F., .F., .T. ) 
 B_SPLINE_SURFACE_WITH_KNOTS ( ( 4, 2, 4 ),
 ( 3, 3 ),
 ( -2.307279566408001100E-006, 2.398256595765871700E-005, 5.027241148172543800E-005 ),
 ( 0.0000000000000000000, 1.000000000000000000 ),
 .UNSPECIFIED. ) 
 GEOMETRIC_REPRESENTATION_ITEM ( )  RATIONAL_B_SPLINE_SURFACE ( (
 ( 1.000000000000000000, 1.000000000000000000, 1.000000000000000000),
 ( 1.000000000000000000, 0.9988543067370260200, 1.000000000000000000),
 ( 1.000000000000000000, 1.000057410610172700, 1.000000000000000000),
 ( 1.000000000000000000, 0.9645167435703129200, 1.000000000000000000),
 ( 1.000000000000000000, 0.9176558058515519300, 1.000000000000000000),
 ( 1.000000000000000000, 0.8292337432870611200, 1.000000000000000000) ) ) 
 REPRESENTATION_ITEM ( '' )  SURFACE ( )  );
#6004 = VECTOR ( 'NONE', #2259, 1000.000000000000000 ) ;
#6005 = DIRECTION ( 'NONE',  ( -1.317318830548898700E-016, 0.0000000000000000000, -1.000000000000000000 ) ) ;
#6006 = LINE ( 'NONE', #6236, #6539 ) ;
#6007 = DIRECTION ( 'NONE',  ( -3.491481338843133000E-015, 1.000000000000000000, 0.0000000000000000000 ) ) ;
#6008 = CARTESIAN_POINT ( 'NONE',  ( 2.196368124876764100, 2.680542461124566100, 2.928319625870816600 ) ) ;
#6009 = ORIENTED_EDGE ( 'NONE', *, *, #797, .F. ) ;
#6010 = DIRECTION ( 'NONE',  ( -1.000000000000000000, 3.491481338843134100E-015, 0.0000000000000000000 ) ) ;
#6011 = AXIS2_PLACEMENT_3D ( 'NONE', #4018, #6855, #6355 ) ;
#6012 = CARTESIAN_POINT ( 'NONE',  ( -3.349999999999998800, 4.250000000000000000, -1.646074051843216400 ) ) ;
#6013 = CARTESIAN_POINT ( 'NONE',  ( 3.350000000000001400, 4.179999999999999700, -1.099999999999999600 ) ) ;
#6014 = VECTOR ( 'NONE', #5302, 1000.000000000000000 ) ;
#6015 = B_SPLINE_CURVE_WITH_KNOTS ( 'NONE', 3,
 ( #6897, #523, #3382, #5136, #5712, #1741, #6279, #5738, #7475, #6947, #3405, #1688, #5212, #2880, #4060, #4011, #494, #6351, #3982, #2854, #4591, #1150, #1106, #576, #1640 ),
 .UNSPECIFIED., .F., .F.,
 ( 4, 3, 3, 3, 3, 3, 3, 3, 4 ),
 ( 0.0000000000000000000, 1.094536363062815300E-005, 2.189408320467866500E-005, 3.299221285513846100E-005, 3.572134795716811000E-005, 3.845490253786863400E-005, 4.490272699856100000E-005, 7.358547015006989800E-005, 0.0001136230335195560600 ),
 .UNSPECIFIED. ) ;
#6016 = EDGE_CURVE ( 'NONE', #5871, #3993, #2255, .T. ) ;
#6017 = VECTOR ( 'NONE', #1346, 1000.000000000000000 ) ;
#6018 = CARTESIAN_POINT ( 'NONE',  ( 3.250000000000001800, 4.350000000000001400, 0.9700000000000004200 ) ) ;
#6019 = ORIENTED_EDGE ( 'NONE', *, *, #7298, .T. ) ;
#6020 = CARTESIAN_POINT ( 'NONE',  ( 3.264617085130185900, 3.121430128103295200, 1.930825156977527000 ) ) ;
#6021 =( LENGTH_UNIT ( ) NAMED_UNIT ( * ) SI_UNIT ( .MILLI., .METRE. ) );
#6022 = VECTOR ( 'NONE', #6510, 1000.000000000000000 ) ;
#6023 = AXIS2_PLACEMENT_3D ( 'NONE', #2811, #4617, #605 ) ;
#6024 = EDGE_CURVE ( 'NONE', #6524, #6781, #6714, .T. ) ;
#6025 = VERTEX_POINT ( 'NONE', #6409 ) ;
#6026 = CARTESIAN_POINT ( 'NONE',  ( -3.268799921876919700, 3.132076228901198100, -1.926893468853357200 ) ) ;
#6027 = FACE_OUTER_BOUND ( 'NONE', #2842, .T. ) ;
#6028 = CARTESIAN_POINT ( 'NONE',  ( -2.016602956445793900, 3.082245887019210900, -3.095330299582206700 ) ) ;
#6029 = PLANE ( 'NONE',  #6206 ) ;
#6030 = CARTESIAN_POINT ( 'NONE',  ( 2.461194730919753500, 2.786910444923624400, 3.106544392439035900 ) ) ;
#6031 = DIRECTION ( 'NONE',  ( -0.7313537016191735700, 0.0000000000000000000, 0.6819983600624953700 ) ) ;
#6032 = VERTEX_POINT ( 'NONE', #714 ) ;
#6033 = AXIS2_PLACEMENT_3D ( 'NONE', #2267, #6321, #2289 ) ;
#6034 = ADVANCED_FACE ( 'NONE', ( #7083 ), #50, .T. ) ;
#6035 = CARTESIAN_POINT ( 'NONE',  ( -2.249999999999998700, 0.0000000000000000000, 2.150000000000000800 ) ) ;
#6036 = CARTESIAN_POINT ( 'NONE',  ( -2.841994996035839700, 2.815021492899129700, -2.119796381873237900 ) ) ;
#6037 = DIRECTION ( 'NONE',  ( 1.000000000000000000, 0.0000000000000000000, 0.0000000000000000000 ) ) ;
#6038 = CARTESIAN_POINT ( 'NONE',  ( -3.349000000000001100, 2.049999999999999800, -1.645639239468278400 ) ) ;
#6039 = ORIENTED_EDGE ( 'NONE', *, *, #5323, .F. ) ;
#6040 = CARTESIAN_POINT ( 'NONE',  ( 3.350000000000001400, 2.049999999999999800, 1.646074051843239100 ) ) ;
#6041 = ADVANCED_FACE ( 'NONE', ( #6339 ), #2364, .T. ) ;
#6042 = CIRCLE ( 'NONE', #754, 0.2000000000000002100 ) ;
#6043 = CARTESIAN_POINT ( 'NONE',  ( -3.234616239896101600, 3.126035741999276100, -1.889547470607788400 ) ) ;
#6044 = CARTESIAN_POINT ( 'NONE',  ( -3.002725039641442000, 2.686252467726134800, -2.175795450318291500 ) ) ;
#6045 = CARTESIAN_POINT ( 'NONE',  ( 3.211554191033287000, 3.128227331882380100, 1.864816451018250100 ) ) ;
#6046 = ORIENTED_EDGE ( 'NONE', *, *, #1543, .T. ) ;
#6047 = DIRECTION ( 'NONE',  ( 0.6819983600624948100, 0.0000000000000000000, 0.7313537016191740100 ) ) ;
#6048 = LINE ( 'NONE', #6085, #6226 ) ;
#6049 = CARTESIAN_POINT ( 'NONE',  ( 1.963938539829629800, 3.117333466574046900, 3.094907526210762100 ) ) ;
#6050 = CARTESIAN_POINT ( 'NONE',  ( -2.005062984187988100, 3.095607103199509600, -3.105501600479300800 ) ) ;
#6051 = CARTESIAN_POINT ( 'NONE',  ( -3.261235797955769600, 2.650000000000000800, -2.528929275305877400 ) ) ;
#6052 = DIRECTION ( 'NONE',  ( 1.000000000000000000, -6.982962677686266700E-015, -0.0000000000000000000 ) ) ;
#6053 = ORIENTED_EDGE ( 'NONE', *, *, #1048, .T. ) ;
#6054 = LINE ( 'NONE', #4699, #2588 ) ;
#6055 = ORIENTED_EDGE ( 'NONE', *, *, #766, .T. ) ;
#6056 = ORIENTED_EDGE ( 'NONE', *, *, #78, .F. ) ;
#6057 = CARTESIAN_POINT ( 'NONE',  ( -3.246446609406724800, 4.500000000000000000, -1.742639150792151000 ) ) ;
#6058 = CARTESIAN_POINT ( 'NONE',  ( 3.317374411475690900, 3.244444004301705300, 2.897295081958628100 ) ) ;
#6059 = B_SPLINE_CURVE_WITH_KNOTS ( 'NONE', 3,
 ( #3169, #4831, #4293, #5457 ),
 .UNSPECIFIED., .F., .F.,
 ( 4, 4 ),
 ( 0.0000000000000000000, 8.751417698722364000E-005 ),
 .UNSPECIFIED. ) ;
#6060 = DIRECTION ( 'NONE',  ( 0.0000000000000000000, 0.7933743027384437800, -0.6087341092417017900 ) ) ;
#6061 = VERTEX_POINT ( 'NONE', #6465 ) ;
#6062 = CARTESIAN_POINT ( 'NONE',  ( 3.350000000000001400, 4.250000000000000900, -0.9699999999999999700 ) ) ;
#6063 = EDGE_CURVE ( 'NONE', #7218, #1064, #6082, .T. ) ;
#6064 = ADVANCED_FACE ( 'NONE', ( #718 ), #105, .F. ) ;
#6065 = PLANE ( 'NONE',  #2943 ) ;
#6066 = VECTOR ( 'NONE', #3407, 1000.000000000000000 ) ;
#6067 = EDGE_LOOP ( 'NONE', ( #1888, #322, #4933, #3953, #3703, #2020, #4522, #5330, #5005, #6542, #4809 ) ) ;
#6068 = CARTESIAN_POINT ( 'NONE',  ( -3.233168315946964600, 3.125847499316132300, -1.887989580109168600 ) ) ;
#6069 = EDGE_LOOP ( 'NONE', ( #7081, #1684 ) ) ;
#6070 = CARTESIAN_POINT ( 'NONE',  ( -3.350000000000001400, 4.179999999999999700, -1.500000000000000200 ) ) ;
#6071 = VERTEX_POINT ( 'NONE', #5294 ) ;
#6072 = ORIENTED_EDGE ( 'NONE', *, *, #6898, .T. ) ;
#6073 = CARTESIAN_POINT ( 'NONE',  ( -1.980981438864560400, 2.992931132907061800, -3.129170959930388700 ) ) ;
#6074 = ADVANCED_FACE ( 'NONE', ( #4628 ), #7211, .F. ) ;
#6075 = AXIS2_PLACEMENT_3D ( 'NONE', #6605, #4414, #4367 ) ;
#6076 = EDGE_CURVE ( 'NONE', #6967, #2082, #2213, .T. ) ;
#6077 = ORIENTED_EDGE ( 'NONE', *, *, #3537, .F. ) ;
#6078 = ORIENTED_EDGE ( 'NONE', *, *, #6543, .F. ) ;
#6079 = PLANE ( 'NONE',  #4629 ) ;
#6080 = CARTESIAN_POINT ( 'NONE',  ( -3.350000000000001400, 4.179999999999999700, -1.645639239468278400 ) ) ;
#6081 = CARTESIAN_POINT ( 'NONE',  ( 2.235797024896118800, 2.829315158102583300, 3.219045891542840800 ) ) ;
#6082 = LINE ( 'NONE', #7066, #6172 ) ;
#6083 = MECHANICAL_DESIGN_GEOMETRIC_PRESENTATION_REPRESENTATION (  '', ( #7246 ), #6457 ) ;
#6084 = CARTESIAN_POINT ( 'NONE',  ( -1.929468574240285100, 3.118437116832695600, -3.057943013677120600 ) ) ;
#6085 = CARTESIAN_POINT ( 'NONE',  ( 1.630000000000001200, 4.500000000000000900, -0.6199999999999998800 ) ) ;
#6086 = ORIENTED_EDGE ( 'NONE', *, *, #4221, .T. ) ;
#6087 = CARTESIAN_POINT ( 'NONE',  ( -3.234616239896688700, 3.126035742001223900, -1.889547470608417400 ) ) ;
#6088 = CARTESIAN_POINT ( 'NONE',  ( 3.350000000000001400, 0.1500000000000001100, -1.500000000000000200 ) ) ;
#6089 = CYLINDRICAL_SURFACE ( 'NONE', #2524, 0.3500000000000000300 ) ;
#6090 = PLANE ( 'NONE',  #5479 ) ;
#6091 = ORIENTED_EDGE ( 'NONE', *, *, #3571, .T. ) ;
#6092 = CARTESIAN_POINT ( 'NONE',  ( -3.167907118772754300, 3.122502958869017900, -1.815969992120082900 ) ) ;
#6093 = VECTOR ( 'NONE', #555, 1000.000000000000000 ) ;
#6094 = CARTESIAN_POINT ( 'NONE',  ( -1.993466470255342600, 3.109422787685936800, -3.116189812499612800 ) ) ;
#6095 = DIRECTION ( 'NONE',  ( -0.0000000000000000000, 1.000000000000000000, 1.037514040655985100E-016 ) ) ;
#6096 = EDGE_CURVE ( 'NONE', #2889, #6032, #3084, .T. ) ;
#6097 = DIRECTION ( 'NONE',  ( 0.0000000000000000000, 1.000000000000000000, 0.0000000000000000000 ) ) ;
#6098 = VERTEX_POINT ( 'NONE', #1366 ) ;
#6099 = LINE ( 'NONE', #5794, #650 ) ;
#6100 = DIRECTION ( 'NONE',  ( 0.7313537016191741200, 0.0000000000000000000, -0.6819983600624944800 ) ) ;
#6101 = AXIS2_PLACEMENT_3D ( 'NONE', #7407, #5597, #1598 ) ;
#6102 = CARTESIAN_POINT ( 'NONE',  ( 1.957476183979802900, 2.954628910751114600, 3.151089964714340700 ) ) ;
#6103 = CARTESIAN_POINT ( 'NONE',  ( 1.955515352315744000, 3.116221459148182900, 3.085874763482197500 ) ) ;
#6104 = ORIENTED_EDGE ( 'NONE', *, *, #467, .F. ) ;
#6105 = CARTESIAN_POINT ( 'NONE',  ( 1.370356941941429000, 0.9439737714805841500, 3.344201651926385300 ) ) ;
#6106 = B_SPLINE_CURVE_WITH_KNOTS ( 'NONE', 3,
 ( #5970, #4153, #3618, #1300 ),
 .UNSPECIFIED., .F., .F.,
 ( 4, 4 ),
 ( 0.0000000000000000000, 1.000000000000000000 ),
 .UNSPECIFIED. ) ;
#6107 = EDGE_CURVE ( 'NONE', #5663, #3469, #1054, .T. ) ;
#6108 = LINE ( 'NONE', #6429, #2651 ) ;
#6109 = CARTESIAN_POINT ( 'NONE',  ( -3.358423830897825800, 2.876018661286031900, -2.159853207536672300 ) ) ;
#6110 = ADVANCED_FACE ( 'NONE', ( #446 ), #4101, .T. ) ;
#6111 = DIRECTION ( 'NONE',  ( -0.0000000000000000000, -0.0000000000000000000, 1.000000000000000000 ) ) ;
#6112 = DIRECTION ( 'NONE',  ( 1.000000000000000000, 0.0000000000000000000, -0.0000000000000000000 ) ) ;
#6113 = ORIENTED_EDGE ( 'NONE', *, *, #6916, .T. ) ;
#6114 = CARTESIAN_POINT ( 'NONE',  ( -2.000000000000001800, -4.618000567908624400E-015, 1.149999999999999700 ) ) ;
#6115 = SURFACE_STYLE_FILL_AREA ( #7304 ) ;
#6116 = VERTEX_POINT ( 'NONE', #5968 ) ;
#6117 = EDGE_CURVE ( 'NONE', #250, #4152, #3182, .T. ) ;
#6118 = DIRECTION ( 'NONE',  ( 0.009204126107053097300, 0.4924038765061045700, 0.8703181639287820300 ) ) ;
#6119 = ORIENTED_EDGE ( 'NONE', *, *, #4739, .F. ) ;
#6120 = VERTEX_POINT ( 'NONE', #5492 ) ;
#6121 = CARTESIAN_POINT ( 'NONE',  ( -2.945096206143571000, 2.814053015081218000, -2.229872565669532000 ) ) ;
#6122 = FACE_OUTER_BOUND ( 'NONE', #3515, .T. ) ;
#6123 = ORIENTED_EDGE ( 'NONE', *, *, #5975, .F. ) ;
#6124 = PRESENTATION_LAYER_ASSIGNMENT (  '', '', ( #5219 ) ) ;
#6125 = ORIENTED_EDGE ( 'NONE', *, *, #3085, .F. ) ;
#6126 = ORIENTED_EDGE ( 'NONE', *, *, #724, .F. ) ;
#6127 = CARTESIAN_POINT ( 'NONE',  ( -2.876094914038956200, 2.815021492899146200, -2.156364066954204400 ) ) ;
#6128 = FACE_OUTER_BOUND ( 'NONE', #7446, .T. ) ;
#6129 = CARTESIAN_POINT ( 'NONE',  ( 2.027991948634480000, 3.069535577218961600, 3.085332950362918300 ) ) ;
#6130 = CARTESIAN_POINT ( 'NONE',  ( -3.139397011872315300, 2.829283322248509000, -2.523209890564457800 ) ) ;
#6131 = CARTESIAN_POINT ( 'NONE',  ( -3.253831132270995400, 2.951007748578822600, -2.414581472091160500 ) ) ;
#6132 = EDGE_LOOP ( 'NONE', ( #5045, #3063, #4041, #1156 ) ) ;
#6133 =( BOUNDED_CURVE ( )  B_SPLINE_CURVE ( 3, ( #5917, #7090, #2967, #3546 ),
 .UNSPECIFIED., .F., .F. ) 
 B_SPLINE_CURVE_WITH_KNOTS ( ( 4, 4 ),
 ( 4.712388980384691500, 6.283185307179586200 ),
 .UNSPECIFIED. ) 
 CURVE ( )  GEOMETRIC_REPRESENTATION_ITEM ( )  RATIONAL_B_SPLINE_CURVE ( ( 1.000000000000000000, 0.8047378541243654900, 0.8047378541243654900, 1.000000000000000000 ) ) 
 REPRESENTATION_ITEM ( '' )  );
#6134 = CARTESIAN_POINT ( 'NONE',  ( 1.884851367023351800, 3.111887739978135900, 3.012416898625435800 ) ) ;
#6135 = CIRCLE ( 'NONE', #1966, 0.1510000000000000800 ) ;
#6136 = DIRECTION ( 'NONE',  ( 0.7313537016191739000, 0.0000000000000000000, -0.6819983600624948100 ) ) ;
#6137 = CARTESIAN_POINT ( 'NONE',  ( -3.080661043885175600, 2.919388496627143100, -2.523286380286387000 ) ) ;
#6138 = ADVANCED_FACE ( 'NONE', ( #4550 ), #2623, .F. ) ;
#6139 = CARTESIAN_POINT ( 'NONE',  ( -2.186160717668578000, 2.689737993007078800, -2.933389961753320600 ) ) ;
#6140 = ORIENTED_EDGE ( 'NONE', *, *, #6626, .T. ) ;
#6141 = ORIENTED_EDGE ( 'NONE', *, *, #6096, .F. ) ;
#6142 = ORIENTED_EDGE ( 'NONE', *, *, #2471, .F. ) ;
#6143 = CARTESIAN_POINT ( 'NONE',  ( 2.239888859398109700, 2.753261466743642600, 2.886368556908760500 ) ) ;
#6144 = CIRCLE ( 'NONE', #5321, 0.3500000000000000300 ) ;
#6145 = DIRECTION ( 'NONE',  ( 0.0000000000000000000, -0.8703550311807760600, -0.4924247350593897700 ) ) ;
#6146 = DIRECTION ( 'NONE',  ( -0.0000000000000000000, 1.037514040655985100E-016, 1.000000000000000000 ) ) ;
#6147 = CARTESIAN_POINT ( 'NONE',  ( 3.349000000000001100, -2.287516853390374000, 1.645639239468278400 ) ) ;
#6148 = ADVANCED_FACE ( 'NONE', ( #5989 ), #5996, .F. ) ;
#6149 = ORIENTED_EDGE ( 'NONE', *, *, #7317, .T. ) ;
#6150 = VERTEX_POINT ( 'NONE', #6517 ) ;
#6151 = VERTEX_POINT ( 'NONE', #4844 ) ;
#6152 = EDGE_CURVE ( 'NONE', #1401, #790, #4921, .T. ) ;
#6153 = DIRECTION ( 'NONE',  ( 1.000000000000000000, 3.491481338843134500E-015, 0.0000000000000000000 ) ) ;
#6154 = CARTESIAN_POINT ( 'NONE',  ( 2.930421255414935800, 2.789357826258736400, 2.242436680156299800 ) ) ;
#6155 = ORIENTED_EDGE ( 'NONE', *, *, #400, .T. ) ;
#6156 = CARTESIAN_POINT ( 'NONE',  ( 3.297915196885238900, 2.968592387169215500, 1.901110363132154200 ) ) ;
#6157 = ORIENTED_EDGE ( 'NONE', *, *, #2494, .F. ) ;
#6158 = CARTESIAN_POINT ( 'NONE',  ( -3.349999999999998800, 4.307456996582145000, 2.270524249340164900 ) ) ;
#6159 = B_SPLINE_CURVE_WITH_KNOTS ( 'NONE', 3,
 ( #219, #4243, #6530, #800 ),
 .UNSPECIFIED., .F., .F.,
 ( 4, 4 ),
 ( 0.0000000000000000000, 8.751417698722364000E-005 ),
 .UNSPECIFIED. ) ;
#6160 = CARTESIAN_POINT ( 'NONE',  ( -3.167893077028064200, 3.122502720409079800, -1.815954495658374900 ) ) ;
#6161 = AXIS2_PLACEMENT_3D ( 'NONE', #1405, #3172, #4858 ) ;
#6162 = FACE_OUTER_BOUND ( 'NONE', #1504, .T. ) ;
#6163 = CARTESIAN_POINT ( 'NONE',  ( 2.293172779015926600, 2.819738184764834200, 2.933197748790144400 ) ) ;
#6164 = VERTEX_POINT ( 'NONE', #7233 ) ;
#6165 = DIRECTION ( 'NONE',  ( 0.0000000000000000000, -1.000000000000000000, -1.037514040655985100E-016 ) ) ;
#6166 = EDGE_CURVE ( 'NONE', #4083, #5007, #3910, .T. ) ;
#6167 = DIRECTION ( 'NONE',  ( -0.5602494390798650200, 0.6427876096865357000, 0.5224410539421326900 ) ) ;
#6168 = ORIENTED_EDGE ( 'NONE', *, *, #4376, .F. ) ;
#6169 = DIRECTION ( 'NONE',  ( 0.7313537016191697900, -0.0000000000000000000, 0.6819983600624991400 ) ) ;
#6170 = VERTEX_POINT ( 'NONE', #4252 ) ;
#6171 = CARTESIAN_POINT ( 'NONE',  ( 2.297990272170799200, 2.758326327802822100, 2.980081154146020600 ) ) ;
#6172 = VECTOR ( 'NONE', #1215, 1000.000000000000000 ) ;
#6173 = AXIS2_PLACEMENT_3D ( 'NONE', #4689, #109, #5896 ) ;
#6174 = EDGE_LOOP ( 'NONE', ( #4998, #2960, #2395, #2053, #3591 ) ) ;
#6175 = CARTESIAN_POINT ( 'NONE',  ( 2.350000000000001900, -3.412945818780434400E-015, -1.500000000000000000 ) ) ;
#6176 = DIRECTION ( 'NONE',  ( -0.7313537016191695700, 0.0000000000000000000, 0.6819983600624994800 ) ) ;
#6177 = CARTESIAN_POINT ( 'NONE',  ( -3.203411258036228400, 2.049999999999999800, -1.782770265182396000 ) ) ;
#6178 = CARTESIAN_POINT ( 'NONE',  ( 3.258214650749282200, 3.131397587305921000, 1.914853668013051700 ) ) ;
#6179 = ORIENTED_EDGE ( 'NONE', *, *, #881, .T. ) ;
#6180 = EDGE_CURVE ( 'NONE', #2530, #4843, #4823, .T. ) ;
#6181 = LINE ( 'NONE', #5753, #3644 ) ;
#6182 = ORIENTED_EDGE ( 'NONE', *, *, #5562, .F. ) ;
#6183 = PLANE ( 'NONE',  #3558 ) ;
#6184 = DIRECTION ( 'NONE',  ( -3.491481338843133000E-015, 1.000000000000000000, 0.0000000000000000000 ) ) ;
#6185 = ORIENTED_EDGE ( 'NONE', *, *, #656, .F. ) ;
#6186 = PLANE ( 'NONE',  #3744 ) ;
#6187 = CARTESIAN_POINT ( 'NONE',  ( -3.350000000000001400, 4.179999999999999700, 1.099999999999999600 ) ) ;
#6188 = CARTESIAN_POINT ( 'NONE',  ( 2.925956042812358300, 2.795590047592868600, 2.247967885732114400 ) ) ;
#6189 = DIRECTION ( 'NONE',  ( 0.0000000000000000000, -0.0000000000000000000, 1.000000000000000000 ) ) ;
#6190 = LINE ( 'NONE', #5757, #4103 ) ;
#6191 = DIRECTION ( 'NONE',  ( 1.000000000000000000, 0.0000000000000000000, 0.0000000000000000000 ) ) ;
#6192 = VERTEX_POINT ( 'NONE', #4487 ) ;
#6193 = CARTESIAN_POINT ( 'NONE',  ( -3.076473924389283400, 2.952156128891859400, -2.581886618908744600 ) ) ;
#6194 = VECTOR ( 'NONE', #2736, 1000.000000000000000 ) ;
#6195 = FILL_AREA_STYLE ('',( #425 ) ) ;
#6196 = LINE ( 'NONE', #1582, #4023 ) ;
#6197 = CARTESIAN_POINT ( 'NONE',  ( -1.957476183979601500, 2.954628910751111900, -3.151089964714125300 ) ) ;
#6198 = CARTESIAN_POINT ( 'NONE',  ( 2.259851750144817700, 2.788667362028505600, 2.867752860124548300 ) ) ;
#6199 = ORIENTED_EDGE ( 'NONE', *, *, #3964, .F. ) ;
#6200 = VECTOR ( 'NONE', #6165, 1000.000000000000000 ) ;
#6201 = CARTESIAN_POINT ( 'NONE',  ( 2.183283699777226700, 2.694859220309715000, 2.939301518906006500 ) ) ;
#6202 = CARTESIAN_POINT ( 'NONE',  ( 2.334143142944833800, 2.925029037828152900, 3.161122900557108200 ) ) ;
#6203 = EDGE_LOOP ( 'NONE', ( #4262, #4791, #3163, #3289, #5310, #5262, #4045, #5721, #6086, #7368 ) ) ;
#6204 = CARTESIAN_POINT ( 'NONE',  ( 1.959470807515521200, 3.114427298625074500, 3.089904743780457900 ) ) ;
#6205 = LINE ( 'NONE', #7103, #2200 ) ;
#6206 = AXIS2_PLACEMENT_3D ( 'NONE', #6597, #7192, #4894 ) ;
#6207 = CARTESIAN_POINT ( 'NONE',  ( -3.318379646281411200, 2.966011696598388300, -2.342519118927764300 ) ) ;
#6208 = CARTESIAN_POINT ( 'NONE',  ( 3.349681998360063900, 2.049999999999999800, 1.646370593169897500 ) ) ;
#6209 = CARTESIAN_POINT ( 'NONE',  ( -2.244678701378020900, 2.820925672181812300, -2.883269284463379800 ) ) ;
#6210 = DIRECTION ( 'NONE',  ( -5.042800802258159400E-016, -1.000000000000000000, 0.0000000000000000000 ) ) ;
#6211 = EDGE_CURVE ( 'NONE', #874, #6641, #2751, .T. ) ;
#6212 = ORIENTED_EDGE ( 'NONE', *, *, #4432, .T. ) ;
#6213 = CARTESIAN_POINT ( 'NONE',  ( -2.960788822001790600, 2.727570477775227400, -2.215485793645868300 ) ) ;
#6214 = VECTOR ( 'NONE', #2837, 1000.000000000000000 ) ;
#6215 = CARTESIAN_POINT ( 'NONE',  ( 3.262901255083862300, 3.119679312412313400, 1.932452796606673400 ) ) ;
#6216 = CARTESIAN_POINT ( 'NONE',  ( 6.699785041593268700, 0.8824128821501414600, 4.273344373685717700 ) ) ;
#6217 = CARTESIAN_POINT ( 'NONE',  ( -3.047873667131116600, 2.660550356025169500, -2.300287254211840400 ) ) ;
#6218 = SURFACE_SIDE_STYLE ('',( #468 ) ) ;
#6219 = ORIENTED_EDGE ( 'NONE', *, *, #2804, .T. ) ;
#6220 = AXIS2_PLACEMENT_3D ( 'NONE', #6631, #6659, #7242 ) ;
#6221 = EDGE_CURVE ( 'NONE', #4010, #623, #5186, .T. ) ;
#6222 = DIRECTION ( 'NONE',  ( -0.5602494390798655700, -0.6427876096865357000, 0.5224410539421321400 ) ) ;
#6223 = DIRECTION ( 'NONE',  ( -0.009204126107053097300, 0.4924038765061046200, -0.8703181639287821400 ) ) ;
#6224 = DIRECTION ( 'NONE',  ( 0.8819238886962634800, -0.4698463103929561600, -0.03814051857259676000 ) ) ;
#6225 = EDGE_LOOP ( 'NONE', ( #5955, #4347, #6963, #6571, #1862, #4991, #3425, #5523, #2952, #5626, #5649, #919, #5725, #1407, #1297, #6516, #5528, #1066, #6125, #4232 ) ) ;
#6226 = VECTOR ( 'NONE', #4989, 1000.000000000000000 ) ;
#6227 = CARTESIAN_POINT ( 'NONE',  ( 1.969738172597796300, 3.112614304907736600, 3.099730874465741200 ) ) ;
#6228 = ORIENTED_EDGE ( 'NONE', *, *, #3246, .T. ) ;
#6229 = CARTESIAN_POINT ( 'NONE',  ( 2.491585290243852200, 2.901817111391473700, 3.078204737393152300 ) ) ;
#6230 = CARTESIAN_POINT ( 'NONE',  ( -3.235582447223042100, 3.125902828104048000, -1.890585460685406900 ) ) ;
#6231 = CARTESIAN_POINT ( 'NONE',  ( -2.141960055506168600, 2.821929211080253200, -2.772589524740630000 ) ) ;
#6232 = CARTESIAN_POINT ( 'NONE',  ( -4.793187607807484000, -0.1025167453825044000, -0.5053789546006410800 ) ) ;
#6233 = ORIENTED_EDGE ( 'NONE', *, *, #5720, .F. ) ;
#6234 = ORIENTED_EDGE ( 'NONE', *, *, #6789, .F. ) ;
#6235 = ORIENTED_EDGE ( 'NONE', *, *, #4274, .T. ) ;
#6236 = CARTESIAN_POINT ( 'NONE',  ( 1.906990164673290700, 2.049999999999999800, 0.3925288496439796000 ) ) ;
#6237 = DIRECTION ( 'NONE',  ( 0.0000000000000000000, -0.0000000000000000000, -1.000000000000000000 ) ) ;
#6238 = CARTESIAN_POINT ( 'NONE',  ( -1.951311994573425200, 3.115628382665900400, -3.081367214162293400 ) ) ;
#6239 = DIRECTION ( 'NONE',  ( 0.0000000000000000000, -1.000000000000000000, 0.0000000000000000000 ) ) ;
#6240 = EDGE_CURVE ( 'NONE', #6550, #77, #5544, .T. ) ;
#6241 = ORIENTED_EDGE ( 'NONE', *, *, #1062, .T. ) ;
#6242 = DIRECTION ( 'NONE',  ( 0.7313537016191747900, -1.885568995626966100E-014, -0.6819983600624941500 ) ) ;
#6243 = CARTESIAN_POINT ( 'NONE',  ( 3.235099743673198500, 3.125968325665404700, 1.890065964929529900 ) ) ;
#6244 = CARTESIAN_POINT ( 'NONE',  ( 2.399859038427361000, 2.904474080853345400, 3.145812917451408500 ) ) ;
#6245 = DIRECTION ( 'NONE',  ( -0.0000000000000000000, -0.0000000000000000000, 1.000000000000000000 ) ) ;
#6246 = LINE ( 'NONE', #114, #5795 ) ;
#6247 = STYLED_ITEM ( 'NONE', ( #4582 ), #2091 ) ;
#6248 = VERTEX_POINT ( 'NONE', #5143 ) ;
#6249 = ORIENTED_EDGE ( 'NONE', *, *, #6556, .F. ) ;
#6250 = EDGE_CURVE ( 'NONE', #1444, #3009, #6427, .T. ) ;
#6251 = ORIENTED_EDGE ( 'NONE', *, *, #3954, .F. ) ;
#6252 = CARTESIAN_POINT ( 'NONE',  ( -3.350000000000001400, 4.350000000000001400, -0.9700000000000004200 ) ) ;
#6253 = CARTESIAN_POINT ( 'NONE',  ( -2.472896696404071300, 2.786910444923624400, -3.095632133087447900 ) ) ;
#6254 = VECTOR ( 'NONE', #5266, 1000.000000000000000 ) ;
#6255 = CARTESIAN_POINT ( 'NONE',  ( 2.939478589990912400, 2.809791765439367600, 2.234095965801905900 ) ) ;
#6256 = CARTESIAN_POINT ( 'NONE',  ( 1.885973795566711700, 3.119686418325990000, 3.011300573978128000 ) ) ;
#6257 = ORIENTED_EDGE ( 'NONE', *, *, #5644, .F. ) ;
#6258 = B_SPLINE_CURVE_WITH_KNOTS ( 'NONE', 3,
 ( #4029, #3397, #3445, #1705 ),
 .UNSPECIFIED., .F., .F.,
 ( 4, 4 ),
 ( 0.9783725020300244600, 1.000000000000000000 ),
 .UNSPECIFIED. ) ;
#6259 = ORIENTED_EDGE ( 'NONE', *, *, #6303, .T. ) ;
#6260 = CARTESIAN_POINT ( 'NONE',  ( 2.137368214536062600, 2.708261523045293600, 2.862305528211505300 ) ) ;
#6261 = EDGE_CURVE ( 'NONE', #4200, #7025, #349, .T. ) ;
#6262 = CARTESIAN_POINT ( 'NONE',  ( -2.217606709363387600, 2.674148500848491800, -2.936054569279968400 ) ) ;
#6263 = FACE_OUTER_BOUND ( 'NONE', #2300, .T. ) ;
#6264 = DIRECTION ( 'NONE',  ( 0.009204126107052207400, 0.4924038765061048400, 0.8703181639287819200 ) ) ;
#6265 = ORIENTED_EDGE ( 'NONE', *, *, #1354, .T. ) ;
#6266 = LINE ( 'NONE', #5614, #4735 ) ;
#6267 = AXIS2_PLACEMENT_3D ( 'NONE', #4814, #677, #5289 ) ;
#6268 = CARTESIAN_POINT ( 'NONE',  ( 2.244213354052019500, 2.821650688967884500, 2.882389711959357600 ) ) ;
#6269 = CARTESIAN_POINT ( 'NONE',  ( 3.500000000000001300, 2.049999999999999800, 1.645639239468278400 ) ) ;
#6270 = ORIENTED_EDGE ( 'NONE', *, *, #1891, .F. ) ;
#6271 = LINE ( 'NONE', #7477, #6093 ) ;
#6272 = VECTOR ( 'NONE', #4144, 1000.000000000000000 ) ;
#6273 = CARTESIAN_POINT ( 'NONE',  ( -2.159010499289737000, 2.686205627210857600, -2.898154539805152000 ) ) ;
#6274 = CARTESIAN_POINT ( 'NONE',  ( 3.350000000000001400, 3.779999999999999400, -1.499999999999999800 ) ) ;
#6275 = EDGE_LOOP ( 'NONE', ( #972, #1081, #2354, #4251, #6606 ) ) ;
#6276 = SURFACE_STYLE_USAGE ( .BOTH. , #2750 ) ;
#6277 = VECTOR ( 'NONE', #1474, 1000.000000000000000 ) ;
#6278 = EDGE_CURVE ( 'NONE', #4534, #4857, #3677, .T. ) ;
#6279 = CARTESIAN_POINT ( 'NONE',  ( -2.255908633929711200, 2.806911691006785900, -2.871429875481525100 ) ) ;
#6280 = DIRECTION ( 'NONE',  ( -0.0000000000000000000, -1.000000000000000000, 1.037514040655985100E-016 ) ) ;
#6281 = VERTEX_POINT ( 'NONE', #1042 ) ;
#6282 = CARTESIAN_POINT ( 'NONE',  ( 2.000000000000001800, -4.618000567908624400E-015, -1.149999999999999700 ) ) ;
#6283 = VECTOR ( 'NONE', #2480, 1000.000000000000100 ) ;
#6284 = DIRECTION ( 'NONE',  ( -1.000000000000000000, 5.042800802258159400E-016, -5.231976636574106000E-032 ) ) ;
#6285 = ORIENTED_EDGE ( 'NONE', *, *, #2219, .F. ) ;
#6286 = DIRECTION ( 'NONE',  ( 0.6819983600624947000, 0.0000000000000000000, 0.7313537016191740100 ) ) ;
#6287 = DIRECTION ( 'NONE',  ( 3.491481338843134100E-015, 1.000000000000000000, -0.0000000000000000000 ) ) ;
#6288 = FACE_OUTER_BOUND ( 'NONE', #6677, .T. ) ;
#6289 = ADVANCED_FACE ( 'NONE', ( #3999 ), #1085, .T. ) ;
#6290 = ORIENTED_EDGE ( 'NONE', *, *, #4715, .T. ) ;
#6291 = CARTESIAN_POINT ( 'NONE',  ( 1.993466470255342600, 3.109422787685936800, 3.116189812499612800 ) ) ;
#6292 = CARTESIAN_POINT ( 'NONE',  ( -3.350000000000001400, 4.250000000000000900, 0.9699999999999999700 ) ) ;
#6293 = AXIS2_PLACEMENT_3D ( 'NONE', #2563, #3769, #6573 ) ;
#6294 = CARTESIAN_POINT ( 'NONE',  ( -3.247846020894814300, 3.123688900415961400, -1.904320430568296400 ) ) ;
#6295 = CARTESIAN_POINT ( 'NONE',  ( -3.126864378450390900, 2.808464004020113400, -2.500145183063559700 ) ) ;
#6296 = EDGE_CURVE ( 'NONE', #1780, #1221, #2897, .T. ) ;
#6297 = EDGE_LOOP ( 'NONE', ( #2987, #163, #5039 ) ) ;
#6298 = ORIENTED_EDGE ( 'NONE', *, *, #834, .T. ) ;
#6299 = DIRECTION ( 'NONE',  ( 0.6819983600624948100, -0.0000000000000000000, 0.7313537016191739000 ) ) ;
#6300 = FACE_OUTER_BOUND ( 'NONE', #1621, .T. ) ;
#6301 = AXIS2_PLACEMENT_3D ( 'NONE', #4469, #2676, #2774 ) ;
#6302 = ORIENTED_EDGE ( 'NONE', *, *, #616, .T. ) ;
#6303 = EDGE_CURVE ( 'NONE', #286, #290, #5110, .T. ) ;
#6304 = DIRECTION ( 'NONE',  ( 0.0000000000000000000, -1.000000000000000000, 0.0000000000000000000 ) ) ;
#6305 = CYLINDRICAL_SURFACE ( 'NONE', #3189, 0.2500000000000002200 ) ;
#6306 = CARTESIAN_POINT ( 'NONE',  ( 2.244212662269432300, 2.821443074836062200, 2.882498342368335500 ) ) ;
#6307 = CARTESIAN_POINT ( 'NONE',  ( -1.884851367023351800, 3.111887739978135900, -3.012416898625435800 ) ) ;
#6308 = CARTESIAN_POINT ( 'NONE',  ( 3.183664708092511600, 3.230000000000000000, 1.801184220904083100 ) ) ;
#6309 = ORIENTED_EDGE ( 'NONE', *, *, #813, .F. ) ;
#6310 = ORIENTED_EDGE ( 'NONE', *, *, #235, .T. ) ;
#6311 = ORIENTED_EDGE ( 'NONE', *, *, #551, .F. ) ;
#6312 = AXIS2_PLACEMENT_3D ( 'NONE', #2577, #5964, #5442 ) ;
#6313 = VECTOR ( 'NONE', #922, 1000.000000000000000 ) ;
#6314 = DIRECTION ( 'NONE',  ( 0.0000000000000000000, -1.000000000000000000, -1.037514040655985100E-016 ) ) ;
#6315 = CARTESIAN_POINT ( 'NONE',  ( 3.272822411444766400, 2.948858530223487300, 2.393284345445858600 ) ) ;
#6316 = EDGE_LOOP ( 'NONE', ( #5759, #3007, #148, #6251 ) ) ;
#6317 = VERTEX_POINT ( 'NONE', #5625 ) ;
#6318 = CARTESIAN_POINT ( 'NONE',  ( -3.099999999999998800, 0.0000000000000000000, -1.879202823377632800 ) ) ;
#6319 = EDGE_CURVE ( 'NONE', #7305, #4817, #4728, .T. ) ;
#6320 = CARTESIAN_POINT ( 'NONE',  ( 3.507241365635807000, 2.648338861663068800, 2.796216478063708900 ) ) ;
#6321 = DIRECTION ( 'NONE',  ( -0.0000000000000000000, 1.037514040655985100E-016, 1.000000000000000000 ) ) ;
#6322 = VERTEX_POINT ( 'NONE', #482 ) ;
#6323 = ORIENTED_EDGE ( 'NONE', *, *, #4301, .F. ) ;
#6324 = PLANE ( 'NONE',  #418 ) ;
#6325 = ORIENTED_EDGE ( 'NONE', *, *, #797, .T. ) ;
#6326 = CARTESIAN_POINT ( 'NONE',  ( -2.960037396819625400, 2.728184629177832700, -2.214819181503241600 ) ) ;
#6327 = B_SPLINE_CURVE_WITH_KNOTS ( 'NONE', 3,
 ( #352, #5677, #6244, #2765, #6833, #5654, #2693 ),
 .UNSPECIFIED., .F., .F.,
 ( 4, 3, 4 ),
 ( 7.606913144427067600E-005, 9.024968686651467000E-005, 0.0001484074309342597200 ),
 .UNSPECIFIED. ) ;
#6328 = EDGE_CURVE ( 'NONE', #1880, #510, #7520, .T. ) ;
#6329 = CARTESIAN_POINT ( 'NONE',  ( 1.980981438864560400, 2.992931132907061800, 3.129170959930388700 ) ) ;
#6330 = VERTEX_POINT ( 'NONE', #1651 ) ;
#6331 = CYLINDRICAL_SURFACE ( 'NONE', #5171, 0.1499999999999999700 ) ;
#6332 = VERTEX_POINT ( 'NONE', #6308 ) ;
#6333 = VERTEX_POINT ( 'NONE', #6958 ) ;
#6334 = ORIENTED_EDGE ( 'NONE', *, *, #2695, .F. ) ;
#6335 = CARTESIAN_POINT ( 'NONE',  ( 3.131041923489281200, 2.815403776910900400, 2.507833418617420500 ) ) ;
#6336 = EDGE_LOOP ( 'NONE', ( #859, #3521, #4488, #1036 ) ) ;
#6337 = CARTESIAN_POINT ( 'NONE',  ( -3.253831132270995400, 2.951007748578822600, -2.414581472091160500 ) ) ;
#6338 = AXIS2_PLACEMENT_3D ( 'NONE', #1730, #3314, #6224 ) ;
#6339 = FACE_OUTER_BOUND ( 'NONE', #7505, .T. ) ;
#6340 = EDGE_CURVE ( 'NONE', #7169, #1660, #2993, .T. ) ;
#6341 = DIRECTION ( 'NONE',  ( 0.0000000000000000000, 0.0000000000000000000, 1.000000000000000000 ) ) ;
#6342 = ORIENTED_EDGE ( 'NONE', *, *, #3465, .T. ) ;
#6343 = DIRECTION ( 'NONE',  ( 0.0000000000000000000, 0.0000000000000000000, 1.000000000000000000 ) ) ;
#6344 = DIRECTION ( 'NONE',  ( 0.0000000000000000000, 1.000000000000000000, 0.0000000000000000000 ) ) ;
#6345 = DIRECTION ( 'NONE',  ( 3.491481338843133000E-015, -1.000000000000000000, 0.0000000000000000000 ) ) ;
#6346 = FACE_OUTER_BOUND ( 'NONE', #5541, .T. ) ;
#6347 = CARTESIAN_POINT ( 'NONE',  ( -3.240637236426382900, 3.126053340568399000, -1.896015655555263900 ) ) ;
#6348 = ORIENTED_EDGE ( 'NONE', *, *, #3636, .T. ) ;
#6349 = EDGE_CURVE ( 'NONE', #3528, #2530, #4800, .T. ) ;
#6350 = EDGE_LOOP ( 'NONE', ( #7217, #4676, #600, #1425 ) ) ;
#6351 = CARTESIAN_POINT ( 'NONE',  ( -2.259851750144817700, 2.788667362028505600, -2.867752860124548300 ) ) ;
#6352 = EDGE_CURVE ( 'NONE', #2773, #3505, #3818, .T. ) ;
#6353 = VECTOR ( 'NONE', #2169, 1000.000000000000000 ) ;
#6354 = LINE ( 'NONE', #4135, #3190 ) ;
#6355 = DIRECTION ( 'NONE',  ( -0.4701884262107528000, -0.8825660563705447500, 0.0000000000000000000 ) ) ;
#6356 = ORIENTED_EDGE ( 'NONE', *, *, #5688, .T. ) ;
#6357 = AXIS2_PLACEMENT_3D ( 'NONE', #2446, #4128, #3002 ) ;
#6358 = FACE_OUTER_BOUND ( 'NONE', #6868, .T. ) ;
#6359 = CARTESIAN_POINT ( 'NONE',  ( -1.980000000000001300, 4.500000000000000900, -0.9700000000000004200 ) ) ;
#6360 = CARTESIAN_POINT ( 'NONE',  ( 3.100000000000000500, 0.0000000000000000000, 1.879202823377653200 ) ) ;
#6361 = VECTOR ( 'NONE', #7067, 1000.000000000000000 ) ;
#6362 = CARTESIAN_POINT ( 'NONE',  ( -3.500000000000001300, 4.179999999999999700, -1.645639239468278400 ) ) ;
#6363 = ORIENTED_EDGE ( 'NONE', *, *, #5072, .F. ) ;
#6364 = CARTESIAN_POINT ( 'NONE',  ( -2.499494246174041900, 2.887530631062918700, -3.045329303139182800 ) ) ;
#6365 = VECTOR ( 'NONE', #6904, 1000.000000000000000 ) ;
#6366 = CARTESIAN_POINT ( 'NONE',  ( -3.003757589575264800, 2.662634703922750500, -2.255441710857885700 ) ) ;
#6367 = DIRECTION ( 'NONE',  ( -0.0000000000000000000, 1.000000000000000000, 1.037514040655985100E-016 ) ) ;
#6368 = CARTESIAN_POINT ( 'NONE',  ( -2.964469397867387300, 2.650000000000000400, -2.210686273664426200 ) ) ;
#6369 = ORIENTED_EDGE ( 'NONE', *, *, #1646, .F. ) ;
#6371 = ORIENTED_EDGE ( 'NONE', *, *, #2954, .F. ) ;
#6370 = EDGE_CURVE ( 'NONE', #6330, #4903, #3348, .T. ) ;
#6372 = CARTESIAN_POINT ( 'NONE',  ( 3.250000000000001300, 4.250000000000000000, -0.9699999999999999700 ) ) ;
#6373 = CARTESIAN_POINT ( 'NONE',  ( 3.031329678545829700, 2.813085384058789700, 2.334784221864393100 ) ) ;
#6374 = CARTESIAN_POINT ( 'NONE',  ( 3.166843572955270000, 3.230000000000000000, 1.816870183185521000 ) ) ;
#6375 = VERTEX_POINT ( 'NONE', #1160 ) ;
#6376 = DIRECTION ( 'NONE',  ( -0.4147371171650280900, -0.7938448060994649500, -0.4447511073336914400 ) ) ;
#6377 = B_SPLINE_CURVE_WITH_KNOTS ( 'NONE', 3,
 ( #5139, #2738, #6754, #4482, #376, #6197 ),
 .UNSPECIFIED., .F., .F.,
 ( 4, 2, 4 ),
 ( 0.01633430635140827000, 0.5000000000075177600, 1.000000000000000000 ),
 .UNSPECIFIED. ) ;
#6378 = VECTOR ( 'NONE', #4100, 1000.000000000000000 ) ;
#6379 = DIRECTION ( 'NONE',  ( -0.0000000000000000000, -1.000000000000000000, -0.0000000000000000000 ) ) ;
#6380 = EDGE_CURVE ( 'NONE', #1660, #3716, #1807, .T. ) ;
#6381 = DIRECTION ( 'NONE',  ( -0.6915587563919118900, 0.7223202104729399300, 0.0000000000000000000 ) ) ;
#6382 = CARTESIAN_POINT ( 'NONE',  ( 1.884851367023351800, 3.111887739978135900, 3.012416898625435800 ) ) ;
#6383 = EDGE_CURVE ( 'NONE', #6823, #3545, #85, .T. ) ;
#6384 = ORIENTED_EDGE ( 'NONE', *, *, #4317, .T. ) ;
#6385 = DIRECTION ( 'NONE',  ( 0.5990898797796674300, 0.5735764363510464900, -0.5586603508469323300 ) ) ;
#6386 = CYLINDRICAL_SURFACE ( 'NONE', #7314, 0.5073896953895638000 ) ;
#6387 = DIRECTION ( 'NONE',  ( 1.000000000000000000, 0.0000000000000000000, 0.0000000000000000000 ) ) ;
#6388 = VERTEX_POINT ( 'NONE', #7461 ) ;
#6389 = AXIS2_PLACEMENT_3D ( 'NONE', #4856, #5952, #1917 ) ;
#6390 = CARTESIAN_POINT ( 'NONE',  ( 3.100000000000000100, 4.500000000000000000, -1.646074051843217100 ) ) ;
#6391 = DIRECTION ( 'NONE',  ( -0.7313537016191740100, 0.0000000000000000000, 0.6819983600624948100 ) ) ;
#6392 = VECTOR ( 'NONE', #2146, 1000.000000000000000 ) ;
#6393 = B_SPLINE_CURVE_WITH_KNOTS ( 'NONE', 3,
 ( #54, #1194, #2495, #2470, #5973, #1908, #6549, #3083, #4821, #3058, #7117, #7139, #161 ),
 .UNSPECIFIED., .F., .F.,
 ( 4, 3, 3, 3, 4 ),
 ( -2.253415808373160400E-006, 0.0000000000000000000, 4.744269240625095800E-005, 8.962395942774290600E-005, 9.719794532385727700E-005 ),
 .UNSPECIFIED. ) ;
#6394 = EDGE_CURVE ( 'NONE', #4399, #420, #1995, .T. ) ;
#6395 = CARTESIAN_POINT ( 'NONE',  ( 1.630000000000000300, 2.049999999999999800, 3.250000000000000900 ) ) ;
#6396 = ADVANCED_FACE ( 'NONE', ( #7262 ), #2351, .T. ) ;
#6397 = ORIENTED_EDGE ( 'NONE', *, *, #1028, .T. ) ;
#6398 = DIRECTION ( 'NONE',  ( -0.7313537016191747900, 0.0000000000000000000, 0.6819983600624941500 ) ) ;
#6399 = CARTESIAN_POINT ( 'NONE',  ( 3.100000000000000500, -7.773710951811824600E-016, 1.499999999999999800 ) ) ;
#6400 = CYLINDRICAL_SURFACE ( 'NONE', #4464, 0.09999999999999982500 ) ;
#6401 = CARTESIAN_POINT ( 'NONE',  ( -2.929692717984170100, 2.795605899534737900, -2.243116052301299800 ) ) ;
#6402 = ORIENTED_EDGE ( 'NONE', *, *, #1289, .T. ) ;
#6403 = ORIENTED_EDGE ( 'NONE', *, *, #139, .F. ) ;
#6404 = CARTESIAN_POINT ( 'NONE',  ( -3.350000000000001900, 8.131516293641283300E-017, -1.499999999999999800 ) ) ;
#6405 = ORIENTED_EDGE ( 'NONE', *, *, #3672, .T. ) ;
#6406 = CARTESIAN_POINT ( 'NONE',  ( -1.995676850809587700, 4.179999999999999700, -2.909000819968754000 ) ) ;
#6407 = CARTESIAN_POINT ( 'NONE',  ( 1.870422479592332300, 3.230000000000000000, 0.4266287676471041700 ) ) ;
#6408 = ORIENTED_EDGE ( 'NONE', *, *, #2219, .T. ) ;
#6409 = CARTESIAN_POINT ( 'NONE',  ( 2.263203435979724600, 2.664689108852207300, 2.944030809021481500 ) ) ;
#6410 = CARTESIAN_POINT ( 'NONE',  ( -2.227847911950346900, 2.731839322350151400, -2.898964249514908200 ) ) ;
#6411 = LINE ( 'NONE', #4574, #7159 ) ;
#6412 = PLANE ( 'NONE',  #2763 ) ;
#6413 = EDGE_LOOP ( 'NONE', ( #3370, #7127, #2228, #2153 ) ) ;
#6414 = VERTEX_POINT ( 'NONE', #2919 ) ;
#6415 = DIRECTION ( 'NONE',  ( 3.491481338843134100E-015, 1.000000000000000000, -0.0000000000000000000 ) ) ;
#6416 = ORIENTED_EDGE ( 'NONE', *, *, #6670, .F. ) ;
#6417 = EDGE_LOOP ( 'NONE', ( #7391, #5947, #1058, #1365, #6983, #935, #6019, #662, #4537, #4741 ) ) ;
#6418 = CARTESIAN_POINT ( 'NONE',  ( -3.126864378450390900, 2.808464004020113400, -2.500145183063559700 ) ) ;
#6419 = LINE ( 'NONE', #6802, #4170 ) ;
#6420 = CARTESIAN_POINT ( 'NONE',  ( -1.953714367004405300, 3.115303057174384700, -3.083930503553784500 ) ) ;
#6421 = DIRECTION ( 'NONE',  ( -0.4194872498868747500, 0.8191520442889914700, 0.3911781889619011500 ) ) ;
#6422 = ORIENTED_EDGE ( 'NONE', *, *, #1390, .F. ) ;
#6423 = ORIENTED_EDGE ( 'NONE', *, *, #5338, .T. ) ;
#6424 = CARTESIAN_POINT ( 'NONE',  ( -2.929601935683315200, 2.794762632429727700, -2.243200708166406300 ) ) ;
#6425 = B_SPLINE_CURVE_WITH_KNOTS ( 'NONE', 3,
 ( #3699, #4309, #3725, #5424 ),
 .UNSPECIFIED., .F., .F.,
 ( 4, 4 ),
 ( 0.0000000000000000000, 6.849146438534198100E-005 ),
 .UNSPECIFIED. ) ;
#6426 = CARTESIAN_POINT ( 'NONE',  ( 3.076473924389283400, 2.952156128891859400, 2.581886618908744600 ) ) ;
#6427 = LINE ( 'NONE', #3945, #5804 ) ;
#6428 = CARTESIAN_POINT ( 'NONE',  ( 3.262884114605363500, 3.119678942642527100, 1.932395714827537900 ) ) ;
#6429 = CARTESIAN_POINT ( 'NONE',  ( 3.500000000000001300, 0.1500000000000012700, -1.500000000000000200 ) ) ;
#6430 = ADVANCED_FACE ( 'NONE', ( #1620 ), #4681, .T. ) ;
#6431 = ORIENTED_EDGE ( 'NONE', *, *, #6117, .T. ) ;
#6432 = DIRECTION ( 'NONE',  ( 0.6819983600624952600, 1.884081197869260900E-015, 0.7313537016191735700 ) ) ;
#6433 = CARTESIAN_POINT ( 'NONE',  ( -6.699785041593268700, 0.8824128821501414600, -4.273344373685717700 ) ) ;
#6434 = EDGE_CURVE ( 'NONE', #1375, #7331, #5269, .T. ) ;
#6435 = CYLINDRICAL_SURFACE ( 'NONE', #1596, 0.0009999999999999158900 ) ;
#6436 = DIRECTION ( 'NONE',  ( 0.6915587563919118900, 0.7223202104729399300, 0.0000000000000000000 ) ) ;
#6437 = DIRECTION ( 'NONE',  ( -0.0000000000000000000, -1.000000000000000000, -0.0000000000000000000 ) ) ;
#6438 = DIRECTION ( 'NONE',  ( -0.6819983600624948100, 0.0000000000000000000, -0.7313537016191739000 ) ) ;
#6439 = CARTESIAN_POINT ( 'NONE',  ( -3.232577655931763200, 3.121764274572729600, -2.277206664225243300 ) ) ;
#6441 = ADVANCED_FACE ( 'NONE', ( #6987 ), #5726, .F. ) ;
#6440 = VERTEX_POINT ( 'NONE', #1185 ) ;
#6442 = CYLINDRICAL_SURFACE ( 'NONE', #2754, 0.1510000000000000800 ) ;
#6443 = CARTESIAN_POINT ( 'NONE',  ( 3.108016385482688100, 2.754254910926015900, 2.427235477518099300 ) ) ;
#6444 = VECTOR ( 'NONE', #4043, 1000.000000000000100 ) ;
#6445 = AXIS2_PLACEMENT_3D ( 'NONE', #5495, #4331, #3108 ) ;
#6446 = DIRECTION ( 'NONE',  ( 0.6819983600624949200, 0.0000000000000000000, 0.7313537016191740100 ) ) ;
#6447 =( BOUNDED_CURVE ( )  B_SPLINE_CURVE ( 3, ( #3940, #2858, #530, #2323 ),
 .UNSPECIFIED., .F., .F. ) 
 B_SPLINE_CURVE_WITH_KNOTS ( ( 4, 4 ),
 ( 2.334298268746847000, 2.443460952792065200 ),
 .UNSPECIFIED. ) 
 CURVE ( )  GEOMETRIC_REPRESENTATION_ITEM ( )  RATIONAL_B_SPLINE_CURVE ( ( 1.000000000000000000, 0.9990072055424464900, 0.9990072055424464900, 1.000000000000000000 ) ) 
 REPRESENTATION_ITEM ( '' )  );
#6448 = EDGE_CURVE ( 'NONE', #253, #2174, #2247, .T. ) ;
#6449 = DIRECTION ( 'NONE',  ( 0.0000000000000000000, 0.0000000000000000000, -1.000000000000000000 ) ) ;
#6450 = ORIENTED_EDGE ( 'NONE', *, *, #3066, .F. ) ;
#6451 = CARTESIAN_POINT ( 'NONE',  ( -1.951311994573423200, 3.115628382650545100, -3.081367214162295200 ) ) ;
#6452 = CARTESIAN_POINT ( 'NONE',  ( 1.951311994560377400, 3.115628382665574400, 3.081367214148305500 ) ) ;
#6453 = CARTESIAN_POINT ( 'NONE',  ( -2.933722765142579000, 2.803191440513940000, -2.239357972528242000 ) ) ;
#6454 = FACE_OUTER_BOUND ( 'NONE', #1371, .T. ) ;
#6455 = DIRECTION ( 'NONE',  ( -0.5602494390798650200, 0.6427876096865357000, 0.5224410539421328000 ) ) ;
#6456 = ORIENTED_EDGE ( 'NONE', *, *, #1531, .F. ) ;
#6457 =( GEOMETRIC_REPRESENTATION_CONTEXT ( 3 ) GLOBAL_UNCERTAINTY_ASSIGNED_CONTEXT ( ( #2180 ) ) GLOBAL_UNIT_ASSIGNED_CONTEXT ( ( #4737, #81, #3519 ) ) REPRESENTATION_CONTEXT ( 'NONE', 'WORKASPACE' ) );
#6458 = CARTESIAN_POINT ( 'NONE',  ( -1.630000000000001200, 4.350000000000000500, 3.397182120936205900 ) ) ;
#6459 = DIRECTION ( 'NONE',  ( -0.6819983600624948100, -0.0000000000000000000, -0.7313537016191739000 ) ) ;
#6460 = CIRCLE ( 'NONE', #1631, 0.1499999999999999700 ) ;
#6461 = VERTEX_POINT ( 'NONE', #1113 ) ;
#6462 = CARTESIAN_POINT ( 'NONE',  ( -2.519073134182604300, 2.649999999999999900, -3.221007155642456900 ) ) ;
#6463 = CARTESIAN_POINT ( 'NONE',  ( -2.388465401156709200, 2.759195778354287800, -2.889421466279356000 ) ) ;
#6464 = EDGE_LOOP ( 'NONE', ( #3855, #2777, #6119, #3696 ) ) ;
#6465 = CARTESIAN_POINT ( 'NONE',  ( 2.350000000000001900, -3.395982099313527000E-015, -1.500000000000000000 ) ) ;
#6466 = CARTESIAN_POINT ( 'NONE',  ( 3.350000000000000100, 0.2500000000000002200, 1.646074051843240200 ) ) ;
#6467 = DIRECTION ( 'NONE',  ( 1.000000000000000000, 0.0000000000000000000, -1.142445755987357900E-016 ) ) ;
#6468 = CARTESIAN_POINT ( 'NONE',  ( 3.349999999999999600, 4.396446609406726900, 1.646074051843240400 ) ) ;
#6469 = AXIS2_PLACEMENT_3D ( 'NONE', #824, #873, #4934 ) ;
#6470 = ORIENTED_EDGE ( 'NONE', *, *, #498, .F. ) ;
#6471 = ADVANCED_FACE ( 'NONE', ( #2442 ), #2433, .F. ) ;
#6472 = EDGE_CURVE ( 'NONE', #3505, #5885, #4721, .T. ) ;
#6473 = CARTESIAN_POINT ( 'NONE',  ( 2.000000000000001300, 0.1499999999999953900, -1.149999999999999900 ) ) ;
#6474 = CARTESIAN_POINT ( 'NONE',  ( 3.042126436291191300, 2.818837373381005000, 2.354466227766381700 ) ) ;
#6475 = DIRECTION ( 'NONE',  ( -3.491481338843133000E-015, 1.000000000000000000, 0.0000000000000000000 ) ) ;
#6476 = DIRECTION ( 'NONE',  ( 0.8819238886962633700, -0.4698463103929562100, -0.03814051857259703100 ) ) ;
#6477 = CARTESIAN_POINT ( 'NONE',  ( -2.942801820517651800, 2.813412793946953100, -2.230891616423541300 ) ) ;
#6478 = EDGE_LOOP ( 'NONE', ( #5693, #7238, #3080, #5681 ) ) ;
#6479 = ORIENTED_EDGE ( 'NONE', *, *, #934, .F. ) ;
#6480 = CARTESIAN_POINT ( 'NONE',  ( 2.524187237066381200, 2.901817111391437700, 3.047802930143644200 ) ) ;
#6481 = CARTESIAN_POINT ( 'NONE',  ( -1.980000000000001300, 4.350000000000000500, 0.6199999999999998800 ) ) ;
#6482 = PLANE ( 'NONE',  #3153 ) ;
#6483 = CARTESIAN_POINT ( 'NONE',  ( -3.350000000000001400, 2.049999999999999800, -1.645639239468278400 ) ) ;
#6484 = VERTEX_POINT ( 'NONE', #5367 ) ;
#6485 = DIRECTION ( 'NONE',  ( -0.6819983600624931500, 0.0000000000000000000, -0.7313537016191754600 ) ) ;
#6486 = CARTESIAN_POINT ( 'NONE',  ( -2.244259809515543500, 2.821929211080253200, -2.882292579983505700 ) ) ;
#6487 = FACE_OUTER_BOUND ( 'NONE', #3408, .T. ) ;
#6488 = CARTESIAN_POINT ( 'NONE',  ( -2.678939156946782900, 2.560313645555282800, -2.478314858332503900 ) ) ;
#6489 = ORIENTED_EDGE ( 'NONE', *, *, #2016, .T. ) ;
#6490 = VERTEX_POINT ( 'NONE', #1877 ) ;
#6491 = CARTESIAN_POINT ( 'NONE',  ( 2.227847911950346900, 2.731839322350151400, 2.898964249514908200 ) ) ;
#6492 = VERTEX_POINT ( 'NONE', #1847 ) ;
#6493 = ORIENTED_EDGE ( 'NONE', *, *, #5631, .F. ) ;
#6494 = EDGE_CURVE ( 'NONE', #1743, #4250, #3174, .T. ) ;
#6495 = VECTOR ( 'NONE', #5257, 1000.000000000000100 ) ;
#6496 = CARTESIAN_POINT ( 'NONE',  ( -2.326059493707732400, 3.077912769167391100, -3.077441108795565800 ) ) ;
#6497 = PLANE ( 'NONE',  #5499 ) ;
#6498 = ORIENTED_EDGE ( 'NONE', *, *, #90, .T. ) ;
#6499 = DIRECTION ( 'NONE',  ( 0.0000000000000000000, 1.000000000000000000, 0.0000000000000000000 ) ) ;
#6500 = CARTESIAN_POINT ( 'NONE',  ( -3.349999999999998800, -9.334880824091971600, -1.646074051843216400 ) ) ;
#6501 = ORIENTED_EDGE ( 'NONE', *, *, #913, .T. ) ;
#6502 = DIRECTION ( 'NONE',  ( -3.491481338843133000E-015, 1.000000000000000000, 0.0000000000000000000 ) ) ;
#6503 = CARTESIAN_POINT ( 'NONE',  ( -2.935705393146145000, 2.805605797212434600, -2.237509142016331800 ) ) ;
#6504 = CARTESIAN_POINT ( 'NONE',  ( 3.076473924389283400, 2.952156128891859400, 2.581886618908744600 ) ) ;
#6505 = LINE ( 'NONE', #3851, #3890 ) ;
#6506 = ORIENTED_EDGE ( 'NONE', *, *, #2, .T. ) ;
#6507 = VERTEX_POINT ( 'NONE', #3414 ) ;
#6508 = ORIENTED_EDGE ( 'NONE', *, *, #3350, .T. ) ;
#6509 = CARTESIAN_POINT ( 'NONE',  ( -2.484598686415511600, 2.786910444923660800, -3.084719850863948000 ) ) ;
#6510 = DIRECTION ( 'NONE',  ( 0.0000000000000000000, 1.000000000000000000, 0.0000000000000000000 ) ) ;
#6511 = ORIENTED_EDGE ( 'NONE', *, *, #4081, .T. ) ;
#6512 = CARTESIAN_POINT ( 'NONE',  ( 3.263573686845336700, 3.120383697444950600, 1.931767011864009100 ) ) ;
#6513 = ADVANCED_FACE ( 'NONE', ( #2983 ), #2359, .F. ) ;
#6514 = DIRECTION ( 'NONE',  ( -0.0000000000000000000, -1.000000000000000000, 1.037514040655985100E-016 ) ) ;
#6515 = ORIENTED_EDGE ( 'NONE', *, *, #31, .F. ) ;
#6516 = ORIENTED_EDGE ( 'NONE', *, *, #7237, .T. ) ;
#6517 = CARTESIAN_POINT ( 'NONE',  ( 2.244678701378020900, 2.820925672181812300, 2.883269284463379800 ) ) ;
#6518 = EDGE_LOOP ( 'NONE', ( #2927, #4985, #4941, #695 ) ) ;
#6519 = DIRECTION ( 'NONE',  ( 1.000000000000000000, 0.0000000000000000000, 0.0000000000000000000 ) ) ;
#6520 = EDGE_CURVE ( 'NONE', #2990, #4316, #5356, .T. ) ;
#6521 = CARTESIAN_POINT ( 'NONE',  ( 3.500000000000001300, -2.287516853390374000, 1.500000000000000200 ) ) ;
#6522 = VECTOR ( 'NONE', #785, 1000.000000000000000 ) ;
#6523 = CARTESIAN_POINT ( 'NONE',  ( 2.945096206143571000, 2.814053015081218000, 2.229872565669532000 ) ) ;
#6524 = VERTEX_POINT ( 'NONE', #3563 ) ;
#6525 = ORIENTED_EDGE ( 'NONE', *, *, #6723, .T. ) ;
#6526 = DIRECTION ( 'NONE',  ( -0.5602494390798655700, 0.6427876096865357000, 0.5224410539421321400 ) ) ;
#6527 = DIRECTION ( 'NONE',  ( 0.0000000000000000000, 1.000000000000000000, 0.0000000000000000000 ) ) ;
#6528 = DIRECTION ( 'NONE',  ( 1.142445755987358100E-016, 0.0000000000000000000, 1.000000000000000000 ) ) ;
#6529 = CIRCLE ( 'NONE', #4725, 0.3500000000000000300 ) ;
#6530 = CARTESIAN_POINT ( 'NONE',  ( -2.990957995582208100, 2.684486768402910800, -2.240960442969230000 ) ) ;
#6531 = B_SPLINE_CURVE_WITH_KNOTS ( 'NONE', 1,
 ( #7033, #3562 ),
 .UNSPECIFIED., .F., .F.,
 ( 2, 2 ),
 ( 0.0000000000000000000, 1.000000000000000000 ),
 .UNSPECIFIED. ) ;
#6532 = VERTEX_POINT ( 'NONE', #5910 ) ;
#6533 = CARTESIAN_POINT ( 'NONE',  ( 2.313127940966701200, 2.955327232481483400, 3.146933645682177700 ) ) ;
#6534 = ORIENTED_EDGE ( 'NONE', *, *, #5086, .T. ) ;
#6535 = CIRCLE ( 'NONE', #3107, 0.02299999999999997900 ) ;
#6536 = DIRECTION ( 'NONE',  ( 0.0000000000000000000, -1.000000000000000000, 0.0000000000000000000 ) ) ;
#6537 = DIRECTION ( 'NONE',  ( -3.491481338843133000E-015, -1.000000000000000000, 0.0000000000000000000 ) ) ;
#6538 = CARTESIAN_POINT ( 'NONE',  ( 3.500000000000001300, 2.049999999999999800, 1.500000000000000200 ) ) ;
#6539 = VECTOR ( 'NONE', #2780, 1000.000000000000000 ) ;
#6540 = AXIS2_PLACEMENT_3D ( 'NONE', #431, #6146, #4462 ) ;
#6541 = CARTESIAN_POINT ( 'NONE',  ( 3.349999999999999600, 4.179999999999999700, -1.646074051843217100 ) ) ;
#6542 = ORIENTED_EDGE ( 'NONE', *, *, #2718, .T. ) ;
#6543 = EDGE_CURVE ( 'NONE', #3884, #4641, #993, .T. ) ;
#6544 = CARTESIAN_POINT ( 'NONE',  ( 1.990520188868250900, 3.115101542027829000, 3.123412854900632100 ) ) ;
#6545 = FACE_OUTER_BOUND ( 'NONE', #4897, .T. ) ;
#6546 = EDGE_CURVE ( 'NONE', #3891, #6120, #1432, .T. ) ;
#6547 = CYLINDRICAL_SURFACE ( 'NONE', #86, 0.1500000000000001100 ) ;
#6548 = DIRECTION ( 'NONE',  ( -0.7313537016191752300, 0.0000000000000000000, 0.6819983600624933700 ) ) ;
#6549 = CARTESIAN_POINT ( 'NONE',  ( -3.200774347252102200, 3.128729350752261300, -1.853256483848353000 ) ) ;
#6550 = VERTEX_POINT ( 'NONE', #707 ) ;
#6551 = CARTESIAN_POINT ( 'NONE',  ( 3.451981752369437800, 2.049999999999999800, 1.756073648412773700 ) ) ;
#6552 = AXIS2_PLACEMENT_3D ( 'NONE', #1811, #1863, #34 ) ;
#6553 = LINE ( 'NONE', #5002, #2924 ) ;
#6554 = ADVANCED_FACE ( 'NONE', ( #3361 ), #2939, .F. ) ;
#6555 = DIRECTION ( 'NONE',  ( 0.0000000000000000000, 1.000000000000000000, -1.037514040655985100E-016 ) ) ;
#6556 = EDGE_CURVE ( 'NONE', #3631, #6532, #3809, .T. ) ;
#6557 = PLANE ( 'NONE',  #2570 ) ;
#6558 = CARTESIAN_POINT ( 'NONE',  ( 3.234616239897258000, 3.126035741999276600, 1.889547470609031800 ) ) ;
#6559 = ORIENTED_EDGE ( 'NONE', *, *, #2003, .F. ) ;
#6560 = CARTESIAN_POINT ( 'NONE',  ( 3.288889876908363400, 3.230000000000000000, 1.908159282706710900 ) ) ;
#6561 = CIRCLE ( 'NONE', #2168, 0.3999999999999999700 ) ;
#6562 = ORIENTED_EDGE ( 'NONE', *, *, #1564, .T. ) ;
#6563 = AXIS2_PLACEMENT_3D ( 'NONE', #2167, #7320, #5576 ) ;
#6564 = DIRECTION ( 'NONE',  ( 0.7313537016191754600, 0.0000000000000000000, -0.6819983600624931500 ) ) ;
#6565 = CARTESIAN_POINT ( 'NONE',  ( 3.317374411475690900, 2.055555995698294500, 2.897295081958627600 ) ) ;
#6566 = DIRECTION ( 'NONE',  ( -0.8819238886962633700, -0.4698463103929561600, 0.03814051857259666300 ) ) ;
#6567 = EDGE_LOOP ( 'NONE', ( #6199, #1437, #476 ) ) ;
#6568 = DIRECTION ( 'NONE',  ( -1.000000000000000000, 0.0000000000000000000, 0.0000000000000000000 ) ) ;
#6569 = CIRCLE ( 'NONE', #1285, 0.1999999999999999000 ) ;
#6570 = CARTESIAN_POINT ( 'NONE',  ( 1.978167872117970500, 3.108925731718214600, 3.108816182711910100 ) ) ;
#6571 = ORIENTED_EDGE ( 'NONE', *, *, #1531, .T. ) ;
#6572 = CARTESIAN_POINT ( 'NONE',  ( -1.900316718884521100, 3.119249865206242100, -3.026681476154430900 ) ) ;
#6573 = DIRECTION ( 'NONE',  ( -1.000000000000000000, 0.0000000000000000000, 0.0000000000000000000 ) ) ;
#6574 = LINE ( 'NONE', #3552, #1760 ) ;
#6575 = CARTESIAN_POINT ( 'NONE',  ( -3.250000000000001300, 4.500000000000000900, 3.397182120936205900 ) ) ;
#6576 = VERTEX_POINT ( 'NONE', #4177 ) ;
#6577 = CARTESIAN_POINT ( 'NONE',  ( 2.874358216493333900, 2.752586802168695900, 2.105530594023920600 ) ) ;
#6578 = CARTESIAN_POINT ( 'NONE',  ( -2.350000000000001900, -3.395982099313526600E-015, -1.149999999999999700 ) ) ;
#6579 = CARTESIAN_POINT ( 'NONE',  ( 3.235660742217320300, 3.126178720436598700, 1.890667562214615800 ) ) ;
#6580 = ORIENTED_EDGE ( 'NONE', *, *, #177, .T. ) ;
#6581 = B_SPLINE_CURVE_WITH_KNOTS ( 'NONE', 3,
 ( #3459, #3479, #5184, #1663 ),
 .UNSPECIFIED., .F., .F.,
 ( 4, 4 ),
 ( 0.0000000000000000000, 0.4464219771012991600 ),
 .UNSPECIFIED. ) ;
#6582 = DIRECTION ( 'NONE',  ( 0.7313537016191752300, 0.0000000000000000000, -0.6819983600624933700 ) ) ;
#6583 = VERTEX_POINT ( 'NONE', #6483 ) ;
#6584 = AXIS2_PLACEMENT_3D ( 'NONE', #3879, #3243, #6189 ) ;
#6585 = CARTESIAN_POINT ( 'NONE',  ( 3.268303602822587800, 3.129701815023969500, 1.927356293859059400 ) ) ;
#6586 = CIRCLE ( 'NONE', #2155, 0.5073896953895634700 ) ;
#6587 = CARTESIAN_POINT ( 'NONE',  ( 2.222306734094221500, 2.649999999999999900, 2.902764154001006500 ) ) ;
#6588 = EDGE_CURVE ( 'NONE', #3358, #1593, #2803, .T. ) ;
#6589 = CARTESIAN_POINT ( 'NONE',  ( 3.191188254397440400, 3.129175776470403100, 1.842976657819622500 ) ) ;
#6590 = ADVANCED_FACE ( 'NONE', ( #5888 ), #45, .F. ) ;
#6591 = CARTESIAN_POINT ( 'NONE',  ( -3.099999999999998300, 4.249999999999999100, 2.150000000000000800 ) ) ;
#6592 = MANIFOLD_SOLID_BREP ( 'CirPattern1[2]', #3156 ) ;
#6593 = VERTEX_POINT ( 'NONE', #5992 ) ;
#6594 = ORIENTED_EDGE ( 'NONE', *, *, #5164, .F. ) ;
#6595 = AXIS2_PLACEMENT_3D ( 'NONE', #6937, #4586, #568 ) ;
#6596 = CARTESIAN_POINT ( 'NONE',  ( -2.388465401156709200, 2.889749033031404000, -2.815557756020447200 ) ) ;
#6597 = CARTESIAN_POINT ( 'NONE',  ( 0.4220182304761942400, 0.5723196694795260600, -0.7459146971120795800 ) ) ;
#6598 = DIRECTION ( 'NONE',  ( 0.4194872498868741400, -0.8191520442889902400, -0.3911781889619043200 ) ) ;
#6599 = ADVANCED_FACE ( 'NONE', ( #1801 ), #5463, .F. ) ;
#6600 = ORIENTED_EDGE ( 'NONE', *, *, #3008, .T. ) ;
#6601 = EDGE_CURVE ( 'NONE', #5481, #5415, #3300, .T. ) ;
#6602 = DIRECTION ( 'NONE',  ( -1.317318830548898700E-016, 0.0000000000000000000, -1.000000000000000000 ) ) ;
#6603 = DIRECTION ( 'NONE',  ( 0.0000000000000000000, 1.000000000000000000, 0.0000000000000000000 ) ) ;
#6604 = VECTOR ( 'NONE', #7147, 1000.000000000000000 ) ;
#6605 = CARTESIAN_POINT ( 'NONE',  ( -2.249999999999998700, -9.334880824091971600, 2.150000000000000800 ) ) ;
#6606 = ORIENTED_EDGE ( 'NONE', *, *, #2209, .F. ) ;
#6607 = VERTEX_POINT ( 'NONE', #251 ) ;
#6608 = ORIENTED_EDGE ( 'NONE', *, *, #7414, .T. ) ;
#6609 = CARTESIAN_POINT ( 'NONE',  ( 1.980000000000001300, 4.500000000000000900, -0.6199999999999998800 ) ) ;
#6610 = ORIENTED_EDGE ( 'NONE', *, *, #1833, .T. ) ;
#6611 = EDGE_LOOP ( 'NONE', ( #6870, #3381, #5149, #1494 ) ) ;
#6612 = CARTESIAN_POINT ( 'NONE',  ( 1.630000000000001200, 4.500000000000000900, -3.397182120936205900 ) ) ;
#6613 = LINE ( 'NONE', #3837, #5097 ) ;
#6614 = CARTESIAN_POINT ( 'NONE',  ( -3.211752351661609300, 3.122897534274178300, -1.865028952270491500 ) ) ;
#6615 = CARTESIAN_POINT ( 'NONE',  ( -3.249378372937839800, 2.993454998540977700, -1.838598953078888900 ) ) ;
#6616 = EDGE_CURVE ( 'NONE', #7305, #1375, #532, .T. ) ;
#6617 = CARTESIAN_POINT ( 'NONE',  ( 2.964469397867387300, 2.650000000000000400, 2.210686273664426200 ) ) ;
#6618 = ORIENTED_EDGE ( 'NONE', *, *, #2778, .F. ) ;
#6619 = LINE ( 'NONE', #2616, #6812 ) ;
#6620 = CARTESIAN_POINT ( 'NONE',  ( -2.960788822001790600, 2.727570477775227400, -2.215485793645868300 ) ) ;
#6621 = CARTESIAN_POINT ( 'NONE',  ( 2.391215041168987600, 2.906296479174437200, 3.149420255810448900 ) ) ;
#6622 = LINE ( 'NONE', #4444, #3731 ) ;
#6623 = PLANE ( 'NONE',  #6445 ) ;
#6624 = CARTESIAN_POINT ( 'NONE',  ( -2.222306734094220600, 3.664779390779127500, -2.902764154001006500 ) ) ;
#6625 = CARTESIAN_POINT ( 'NONE',  ( 3.500000000000001300, 0.1500000000000012700, 1.499999999999999800 ) ) ;
#6626 = EDGE_CURVE ( 'NONE', #2090, #6120, #3992, .T. ) ;
#6627 = ORIENTED_EDGE ( 'NONE', *, *, #2306, .T. ) ;
#6628 = FACE_OUTER_BOUND ( 'NONE', #7257, .T. ) ;
#6629 = ADVANCED_FACE ( 'NONE', ( #1892 ), #3178, .F. ) ;
#6630 = VERTEX_POINT ( 'NONE', #6617 ) ;
#6631 = CARTESIAN_POINT ( 'NONE',  ( -2.222306734094221100, 2.649999999999999900, -2.902764154001006100 ) ) ;
#6632 = AXIS2_PLACEMENT_3D ( 'NONE', #4919, #7208, #3226 ) ;
#6633 = CARTESIAN_POINT ( 'NONE',  ( 3.349681998360063900, 2.049999999999999800, 1.646370593169897500 ) ) ;
#6634 = CARTESIAN_POINT ( 'NONE',  ( 2.519073134182603800, 3.664779390779126200, 3.221007155642457800 ) ) ;
#6635 = LINE ( 'NONE', #5692, #5908 ) ;
#6636 = B_SPLINE_CURVE_WITH_KNOTS ( 'NONE', 3,
 ( #6717, #7325, #902, #3807, #6158, #949 ),
 .UNSPECIFIED., .F., .F.,
 ( 4, 2, 4 ),
 ( 0.0000000000000000000, 0.0004005566649030820700, 0.0008011133298061641500 ),
 .UNSPECIFIED. ) ;
#6637 = EDGE_CURVE ( 'NONE', #7037, #7486, #1162, .T. ) ;
#6638 = LINE ( 'NONE', #1623, #2824 ) ;
#6639 = EDGE_CURVE ( 'NONE', #7263, #4379, #4239, .T. ) ;
#6640 = ADVANCED_FACE ( 'NONE', ( #894 ), #1337, .T. ) ;
#6641 = VERTEX_POINT ( 'NONE', #274 ) ;
#6642 = CARTESIAN_POINT ( 'NONE',  ( -3.189839452728862500, 3.122900865516671700, -1.840010488195306500 ) ) ;
#6643 = CARTESIAN_POINT ( 'NONE',  ( 3.172009373021390300, 3.129711993373499400, 1.822409825538670700 ) ) ;
#6644 = LINE ( 'NONE', #1853, #4569 ) ;
#6645 = AXIS2_PLACEMENT_3D ( 'NONE', #2079, #2575, #4970 ) ;
#6646 = CARTESIAN_POINT ( 'NONE',  ( -2.302470107457224500, 1.946715935069752900, -1.417610868459649600 ) ) ;
#6647 = EDGE_CURVE ( 'NONE', #987, #3264, #6705, .T. ) ;
#6648 = CARTESIAN_POINT ( 'NONE',  ( 3.073925652642142600, 2.947922917752089100, 2.577196850564789100 ) ) ;
#6649 = ORIENTED_EDGE ( 'NONE', *, *, #3246, .F. ) ;
#6650 = CARTESIAN_POINT ( 'NONE',  ( 2.320886441921326900, 2.931956073642799900, 3.159011432801475100 ) ) ;
#6651 = EDGE_CURVE ( 'NONE', #2528, #2052, #2076, .T. ) ;
#6652 = LINE ( 'NONE', #4141, #1567 ) ;
#6653 = CARTESIAN_POINT ( 'NONE',  ( -1.939416600044978600, 3.117125016846111300, -3.068610965276589400 ) ) ;
#6654 = CARTESIAN_POINT ( 'NONE',  ( -3.261235797955768700, 3.664779390779125700, -2.528929275305877900 ) ) ;
#6655 = ORIENTED_EDGE ( 'NONE', *, *, #196, .F. ) ;
#6656 = ORIENTED_EDGE ( 'NONE', *, *, #1333, .F. ) ;
#6657 = LINE ( 'NONE', #1954, #4678 ) ;
#6658 = PLANE ( 'NONE',  #4936 ) ;
#6659 = DIRECTION ( 'NONE',  ( -0.6819983600624933700, 0.0000000000000000000, -0.7313537016191753400 ) ) ;
#6660 = CARTESIAN_POINT ( 'NONE',  ( 2.936302398263589600, 2.775582085089666900, 2.236952425710951000 ) ) ;
#6661 = CARTESIAN_POINT ( 'NONE',  ( -3.235660742217320300, 3.126178720436598700, -1.890667562214615800 ) ) ;
#6662 = CARTESIAN_POINT ( 'NONE',  ( -1.885528233768073900, 3.115624645896892400, -3.010822767446887500 ) ) ;
#6663 = VERTEX_POINT ( 'NONE', #5486 ) ;
#6664 = FILL_AREA_STYLE_COLOUR ( '', #5857 ) ;
#6665 = VECTOR ( 'NONE', #4637, 1000.000000000000000 ) ;
#6666 = DIRECTION ( 'NONE',  ( 0.0000000000000000000, -0.8703550311807760600, 0.4924247350593897700 ) ) ;
#6667 = CARTESIAN_POINT ( 'NONE',  ( 3.112276747337555400, 2.777295795383303300, 2.402620568090678300 ) ) ;
#6668 = VERTEX_POINT ( 'NONE', #5563 ) ;
#6669 = CARTESIAN_POINT ( 'NONE',  ( 1.629999999999998600, 4.500000000000000000, -3.249999999999999600 ) ) ;
#6670 = EDGE_CURVE ( 'NONE', #1804, #3342, #4086, .T. ) ;
#6671 = CIRCLE ( 'NONE', #5763, 0.3500000000000000300 ) ;
#6672 = CARTESIAN_POINT ( 'NONE',  ( -3.305711012045604100, 2.049999999999999800, -1.892473320425273500 ) ) ;
#6673 = CARTESIAN_POINT ( 'NONE',  ( 1.980000000000001300, 4.350000000000000500, 0.9700000000000004200 ) ) ;
#6674 = CARTESIAN_POINT ( 'NONE',  ( 3.234616239897258000, 3.126035741999276600, 1.889547470609031800 ) ) ;
#6675 = CARTESIAN_POINT ( 'NONE',  ( -2.469480522759808200, 2.661854146664691000, -3.098817766547588900 ) ) ;
#6676 = ADVANCED_FACE ( 'NONE', ( #6889 ), #3772, .T. ) ;
#6677 = EDGE_LOOP ( 'NONE', ( #5369, #615, #1207, #1981 ) ) ;
#6678 = AXIS2_PLACEMENT_3D ( 'NONE', #6821, #6847, #2806 ) ;
#6679 = VECTOR ( 'NONE', #3708, 1000.000000000000000 ) ;
#6680 = VERTEX_POINT ( 'NONE', #930 ) ;
#6681 = ORIENTED_EDGE ( 'NONE', *, *, #3275, .F. ) ;
#6682 = ORIENTED_EDGE ( 'NONE', *, *, #4953, .T. ) ;
#6683 = CARTESIAN_POINT ( 'NONE',  ( -2.372204481684653500, 2.911067933199377800, -3.156034919783007100 ) ) ;
#6684 = ORIENTED_EDGE ( 'NONE', *, *, #2856, .T. ) ;
#6685 = DIRECTION ( 'NONE',  ( 0.0000000000000000000, -1.037514040655985100E-016, -1.000000000000000000 ) ) ;
#6686 = CARTESIAN_POINT ( 'NONE',  ( -2.350000000000001900, -3.412945818780434800E-015, 1.149999999999999900 ) ) ;
#6687 = LINE ( 'NONE', #697, #3794 ) ;
#6688 = B_SPLINE_CURVE_WITH_KNOTS ( 'NONE', 3,
 ( #135, #4738, #7116, #5420 ),
 .UNSPECIFIED., .F., .F.,
 ( 4, 4 ),
 ( 1.062296840242592400E-018, 0.0002463618899993530300 ),
 .UNSPECIFIED. ) ;
#6689 = EDGE_LOOP ( 'NONE', ( #5642, #1470, #3988, #1413 ) ) ;
#6690 = VERTEX_POINT ( 'NONE', #1536 ) ;
#6691 = DIRECTION ( 'NONE',  ( 0.009204126107053097300, 0.4924038765061046200, 0.8703181639287821400 ) ) ;
#6692 = CARTESIAN_POINT ( 'NONE',  ( -3.303660011631156300, 2.986408392222999400, -2.253420035467768500 ) ) ;
#6693 = EDGE_CURVE ( 'NONE', #6170, #1880, #5637, .T. ) ;
#6694 = CARTESIAN_POINT ( 'NONE',  ( -2.438893226903266200, 2.920139414342827400, -2.993121262873238700 ) ) ;
#6695 = DIRECTION ( 'NONE',  ( 0.0000000000000000000, -0.0000000000000000000, 1.000000000000000000 ) ) ;
#6696 = EDGE_CURVE ( 'NONE', #79, #1074, #2171, .T. ) ;
#6697 = CARTESIAN_POINT ( 'NONE',  ( 3.350000000000001400, 4.179999999999999700, -1.499999999999999800 ) ) ;
#6698 = CIRCLE ( 'NONE', #593, 0.5073896953895636900 ) ;
#6699 = EDGE_LOOP ( 'NONE', ( #4708, #836, #3815, #2805 ) ) ;
#6700 = ORIENTED_EDGE ( 'NONE', *, *, #4171, .F. ) ;
#6701 = AXIS2_PLACEMENT_3D ( 'NONE', #89, #1251, #5354 ) ;
#6702 = CARTESIAN_POINT ( 'NONE',  ( -2.853580495207964000, 2.785760356083547800, -2.108992729114798100 ) ) ;
#6703 = CARTESIAN_POINT ( 'NONE',  ( 3.234616239897258000, 3.126035741999278800, 1.889547470609032500 ) ) ;
#6704 = EDGE_CURVE ( 'NONE', #1476, #3273, #1681, .T. ) ;
#6705 = LINE ( 'NONE', #2080, #3723 ) ;
#6706 = ORIENTED_EDGE ( 'NONE', *, *, #2778, .T. ) ;
#6707 = ORIENTED_EDGE ( 'NONE', *, *, #3101, .F. ) ;
#6708 = VERTEX_POINT ( 'NONE', #2628 ) ;
#6709 = ORIENTED_EDGE ( 'NONE', *, *, #2830, .T. ) ;
#6710 = DIRECTION ( 'NONE',  ( 0.0000000000000000000, 0.0000000000000000000, 1.000000000000000000 ) ) ;
#6711 = CARTESIAN_POINT ( 'NONE',  ( -3.099252197081730800, 2.907272590217529400, -2.560452888321922900 ) ) ;
#6712 = CARTESIAN_POINT ( 'NONE',  ( -3.350000000000001400, 4.179999999999999700, -1.500000000000000200 ) ) ;
#6713 = DIRECTION ( 'NONE',  ( -0.8819238886962633700, -0.4698463103929562100, 0.03814051857259703100 ) ) ;
#6714 = LINE ( 'NONE', #5271, #3270 ) ;
#6715 = CARTESIAN_POINT ( 'NONE',  ( -3.349999999999998800, 0.1924132143811869700, 2.270796500365353400 ) ) ;
#6716 = AXIS2_PLACEMENT_3D ( 'NONE', #2554, #3124, #6566 ) ;
#6717 = CARTESIAN_POINT ( 'NONE',  ( -3.099999999999998300, 4.500000000000000000, 2.848212002188448300 ) ) ;
#6718 = ORIENTED_EDGE ( 'NONE', *, *, #5213, .T. ) ;
#6719 = CARTESIAN_POINT ( 'NONE',  ( -0.4220182304761942400, 0.5723196694795260600, 0.7459146971120795800 ) ) ;
#6721 = ADVANCED_FACE ( 'NONE', ( #6807 ), #3278, .F. ) ;
#6720 = FACE_OUTER_BOUND ( 'NONE', #345, .T. ) ;
#6722 = CARTESIAN_POINT ( 'NONE',  ( -2.350000000000001900, -3.395982099313527700E-015, -1.499999999999999800 ) ) ;
#6723 = EDGE_CURVE ( 'NONE', #4843, #290, #1005, .T. ) ;
#6724 = CYLINDRICAL_SURFACE ( 'NONE', #6301, 0.5073896953895638000 ) ;
#6725 = EDGE_LOOP ( 'NONE', ( #132, #421, #6249, #2587, #1449, #1819 ) ) ;
#6726 = CARTESIAN_POINT ( 'NONE',  ( -2.263203435979724600, 2.664689108852207300, -2.944030809021481500 ) ) ;
#6727 = ORIENTED_EDGE ( 'NONE', *, *, #4761, .T. ) ;
#6728 = LINE ( 'NONE', #3193, #6826 ) ;
#6729 = LINE ( 'NONE', #655, #6272 ) ;
#6730 = PLANE ( 'NONE',  #6338 ) ;
#6731 = CARTESIAN_POINT ( 'NONE',  ( 2.350000000000001400, 0.1499999999999966100, 1.149999999999999700 ) ) ;
#6732 = CARTESIAN_POINT ( 'NONE',  ( 3.262358333491259400, 3.118638075250149000, 1.929475632399002300 ) ) ;
#6733 = EDGE_CURVE ( 'NONE', #5885, #2517, #6613, .T. ) ;
#6734 = EDGE_LOOP ( 'NONE', ( #4871, #2004, #4798, #5452 ) ) ;
#6735 = VECTOR ( 'NONE', #3398, 1000.000000000000000 ) ;
#6736 = CARTESIAN_POINT ( 'NONE',  ( 3.349681998360063900, -2.287516853390374000, 1.646370593169897500 ) ) ;
#6737 = CARTESIAN_POINT ( 'NONE',  ( -3.350000000000001400, 4.350000000000001400, 0.9699999999999999700 ) ) ;
#6738 = AXIS2_PLACEMENT_3D ( 'NONE', #2312, #5225, #2261 ) ;
#6739 = CARTESIAN_POINT ( 'NONE',  ( 2.932796038200878200, 2.782945711823933800, 2.240222159353089500 ) ) ;
#6740 = PLANE ( 'NONE',  #7042 ) ;
#6741 = CARTESIAN_POINT ( 'NONE',  ( -2.224223881591523600, 2.758326327802820300, -2.900976385037336200 ) ) ;
#6742 = ORIENTED_EDGE ( 'NONE', *, *, #3256, .F. ) ;
#6743 = DIRECTION ( 'NONE',  ( 1.000000000000000000, 0.0000000000000000000, -1.330309414092644500E-016 ) ) ;
#6744 = B_SPLINE_CURVE_WITH_KNOTS ( 'NONE', 3,
 ( #6094, #6050, #6028, #2614 ),
 .UNSPECIFIED., .F., .F.,
 ( 4, 4 ),
 ( 0.1297236381229298400, 1.000000000000000000 ),
 .UNSPECIFIED. ) ;
#6745 = EDGE_CURVE ( 'NONE', #3985, #3690, #3543, .T. ) ;
#6746 = CYLINDRICAL_SURFACE ( 'NONE', #3936, 0.3499999999999999800 ) ;
#6747 = CARTESIAN_POINT ( 'NONE',  ( -3.099999999999998800, 0.2500000000000000000, 1.500000000000000200 ) ) ;
#6748 = CARTESIAN_POINT ( 'NONE',  ( 2.129562106342401500, 2.794576878488202400, 2.784150799373009500 ) ) ;
#6749 = CARTESIAN_POINT ( 'NONE',  ( -3.253795380268192700, 3.110383091887917800, -1.941111730687710800 ) ) ;
#6750 = ORIENTED_EDGE ( 'NONE', *, *, #1443, .T. ) ;
#6751 = CARTESIAN_POINT ( 'NONE',  ( -1.952869298295357300, 3.115838665353748200, -3.083037217945699700 ) ) ;
#6752 = ADVANCED_FACE ( 'NONE', ( #4911 ), #6331, .T. ) ;
#6753 = AXIS2_PLACEMENT_3D ( 'NONE', #1460, #5509, #805 ) ;
#6754 = CARTESIAN_POINT ( 'NONE',  ( -1.873925686501048300, 3.038815506254438900, -3.046035775803782400 ) ) ;
#6755 = LINE ( 'NONE', #5999, #1935 ) ;
#6756 = EDGE_CURVE ( 'NONE', #6800, #126, #4568, .T. ) ;
#6757 = CARTESIAN_POINT ( 'NONE',  ( 2.296196103931063000, 2.663061770107023800, 2.981754243096642800 ) ) ;
#6758 = ORIENTED_EDGE ( 'NONE', *, *, #3991, .T. ) ;
#6759 = CARTESIAN_POINT ( 'NONE',  ( 3.167078968203488100, 3.126261112468990500, 1.816650673565352900 ) ) ;
#6760 = CARTESIAN_POINT ( 'NONE',  ( 3.349000000000001100, 4.179999999999999700, 1.645639239468278400 ) ) ;
#6761 = CARTESIAN_POINT ( 'NONE',  ( 2.960788822001790600, 2.727570477775227400, 2.215485793645868300 ) ) ;
#6762 = ORIENTED_EDGE ( 'NONE', *, *, #4797, .T. ) ;
#6763 = CARTESIAN_POINT ( 'NONE',  ( 1.954667906046404300, 3.115167047737414900, 3.084937944231128000 ) ) ;
#6764 = ORIENTED_EDGE ( 'NONE', *, *, #6117, .F. ) ;
#6765 = DIRECTION ( 'NONE',  ( -0.0000000000000000000, -1.000000000000000000, -0.0000000000000000000 ) ) ;
#6766 = LINE ( 'NONE', #1372, #4504 ) ;
#6767 = CARTESIAN_POINT ( 'NONE',  ( 2.930535428414151200, 2.798328541686605100, 2.242330212112089200 ) ) ;
#6768 = DIRECTION ( 'NONE',  ( 0.0000000000000000000, 0.0000000000000000000, 1.000000000000000000 ) ) ;
#6769 = CARTESIAN_POINT ( 'NONE',  ( -2.244213354052019500, 2.821650688967884500, -2.882389711959357600 ) ) ;
#6770 = DIRECTION ( 'NONE',  ( 0.4194872498868741400, -0.8191520442889902400, -0.3911781889619043200 ) ) ;
#6771 = EDGE_CURVE ( 'NONE', #5157, #2541, #6419, .T. ) ;
#6772 = CARTESIAN_POINT ( 'NONE',  ( 2.450480628857240700, 2.839759327337552100, 3.210866440995672600 ) ) ;
#6773 = ORIENTED_EDGE ( 'NONE', *, *, #2566, .F. ) ;
#6774 = CARTESIAN_POINT ( 'NONE',  ( 2.257375012161655800, 2.806094168991871500, 2.870628244019136000 ) ) ;
#6775 = CIRCLE ( 'NONE', #699, 0.2999999999999999300 ) ;
#6776 = CARTESIAN_POINT ( 'NONE',  ( -3.177776130458774200, 3.088115234034315600, -1.806675408383438200 ) ) ;
#6777 = CARTESIAN_POINT ( 'NONE',  ( 3.128569075079107500, 2.867308219936593300, 2.535155321870319800 ) ) ;
#6778 = DIRECTION ( 'NONE',  ( -0.7313537016191752300, 0.0000000000000000000, 0.6819983600624932600 ) ) ;
#6779 = DIRECTION ( 'NONE',  ( 1.000000000000000000, 0.0000000000000000000, 0.0000000000000000000 ) ) ;
#6780 = EDGE_CURVE ( 'NONE', #5426, #6490, #5882, .T. ) ;
#6781 = VERTEX_POINT ( 'NONE', #5691 ) ;
#6782 = CARTESIAN_POINT ( 'NONE',  ( 2.471108811520113400, 2.748311038006369300, 3.097299362714015700 ) ) ;
#6783 = CYLINDRICAL_SURFACE ( 'NONE', #764, 0.09999999999999982500 ) ;
#6784 = CARTESIAN_POINT ( 'NONE',  ( 3.350000000000001900, 8.131516293641283300E-017, 1.499999999999999800 ) ) ;
#6785 = ORIENTED_EDGE ( 'NONE', *, *, #2655, .F. ) ;
#6786 = VERTEX_POINT ( 'NONE', #3957 ) ;
#6787 = EDGE_LOOP ( 'NONE', ( #5000, #4917, #6408, #6600 ) ) ;
#6788 = ADVANCED_FACE ( 'NONE', ( #6162 ), #2740, .T. ) ;
#6789 = EDGE_CURVE ( 'NONE', #1513, #1018, #7468, .T. ) ;
#6790 = CARTESIAN_POINT ( 'NONE',  ( 1.956898657743637100, 3.114836419714913400, 3.087271847457047100 ) ) ;
#6791 = CARTESIAN_POINT ( 'NONE',  ( 3.350000000000001400, -2.287516853390374000, 1.500000000000000200 ) ) ;
#6792 = VECTOR ( 'NONE', #921, 1000.000000000000000 ) ;
#6793 = CARTESIAN_POINT ( 'NONE',  ( -3.256535568640735300, 3.130713866773232400, -1.913053072898282600 ) ) ;
#6794 =( BOUNDED_CURVE ( )  B_SPLINE_CURVE ( 3, ( #6368, #5206, #1708, #5177 ),
 .UNSPECIFIED., .F., .F. ) 
 B_SPLINE_CURVE_WITH_KNOTS ( ( 4, 4 ),
 ( 4.712388980384691500, 6.283185307179586200 ),
 .UNSPECIFIED. ) 
 CURVE ( )  GEOMETRIC_REPRESENTATION_ITEM ( )  RATIONAL_B_SPLINE_CURVE ( ( 1.000000000000000000, 0.8047378541243654900, 0.8047378541243654900, 1.000000000000000000 ) ) 
 REPRESENTATION_ITEM ( '' )  );
#6795 = CARTESIAN_POINT ( 'NONE',  ( 2.524187237066381200, 2.901817111391437700, 3.047802930143644200 ) ) ;
#6796 = ORIENTED_EDGE ( 'NONE', *, *, #3617, .T. ) ;
#6797 = CARTESIAN_POINT ( 'NONE',  ( 1.980000000000001300, 4.350000000000000500, -0.6199999999999998800 ) ) ;
#6798 = LINE ( 'NONE', #4694, #3167 ) ;
#6799 = CARTESIAN_POINT ( 'NONE',  ( -3.500000000000001300, 4.179999999999999700, 1.099999999999999600 ) ) ;
#6800 = VERTEX_POINT ( 'NONE', #2809 ) ;
#6801 = EDGE_CURVE ( 'NONE', #2068, #6550, #6411, .T. ) ;
#6802 = CARTESIAN_POINT ( 'NONE',  ( 2.000000000000001300, 0.1499999999999953900, 0.0000000000000000000 ) ) ;
#6803 = ORIENTED_EDGE ( 'NONE', *, *, #653, .T. ) ;
#6804 = PLANE ( 'NONE',  #2366 ) ;
#6805 = ORIENTED_EDGE ( 'NONE', *, *, #857, .F. ) ;
#6806 = CARTESIAN_POINT ( 'NONE',  ( 2.261071688629982200, 2.797309311133361600, 2.866615249082521200 ) ) ;
#6807 = FACE_OUTER_BOUND ( 'NONE', #2633, .T. ) ;
#6808 = AXIS2_PLACEMENT_3D ( 'NONE', #597, #4031, #4609 ) ;
#6809 = ORIENTED_EDGE ( 'NONE', *, *, #13, .T. ) ;
#6810 = CARTESIAN_POINT ( 'NONE',  ( -2.874358216493333900, 2.752586802168695900, -2.105530594023920600 ) ) ;
#6811 = CARTESIAN_POINT ( 'NONE',  ( -1.992100384059741500, 3.111051561387353300, -3.117450666038447300 ) ) ;
#6812 = VECTOR ( 'NONE', #3133, 1000.000000000000000 ) ;
#6813 = VECTOR ( 'NONE', #5104, 1000.000000000000000 ) ;
#6814 = CARTESIAN_POINT ( 'NONE',  ( 1.985403100728843300, 3.109701057155465500, 3.111947631985063200 ) ) ;
#6815 = CARTESIAN_POINT ( 'NONE',  ( 2.350000000000001900, -3.395982099313526600E-015, 1.149999999999999700 ) ) ;
#6816 = ORIENTED_EDGE ( 'NONE', *, *, #3571, .F. ) ;
#6817 = CARTESIAN_POINT ( 'NONE',  ( -3.099999999999998800, 4.500000000000000000, -1.879202823377632800 ) ) ;
#6818 = CARTESIAN_POINT ( 'NONE',  ( -2.244605774653624300, 2.820925739520651700, -2.883191197796825600 ) ) ;
#6819 = DIRECTION ( 'NONE',  ( -1.000000000000000000, 0.0000000000000000000, 0.0000000000000000000 ) ) ;
#6820 = FACE_OUTER_BOUND ( 'NONE', #5078, .T. ) ;
#6821 = CARTESIAN_POINT ( 'NONE',  ( 1.630000000000001200, 4.350000000000000500, -3.397182120936205900 ) ) ;
#6822 = EDGE_CURVE ( 'NONE', #623, #3629, #2709, .T. ) ;
#6823 = VERTEX_POINT ( 'NONE', #1084 ) ;
#6824 = DIRECTION ( 'NONE',  ( -1.000000000000000000, 0.0000000000000000000, 0.0000000000000000000 ) ) ;
#6825 = DIRECTION ( 'NONE',  ( -3.491481338843133000E-015, -1.000000000000000000, -0.0000000000000000000 ) ) ;
#6826 = VECTOR ( 'NONE', #5527, 1000.000000000000100 ) ;
#6827 = DIRECTION ( 'NONE',  ( -0.6819983600624933700, 0.0000000000000000000, -0.7313537016191753400 ) ) ;
#6828 = CARTESIAN_POINT ( 'NONE',  ( -3.350000000000001400, 4.179999999999999700, -1.500000000000000200 ) ) ;
#6829 = CARTESIAN_POINT ( 'NONE',  ( 2.261244719627441700, 2.796389578496324200, 2.866453895067465000 ) ) ;
#6830 = EDGE_LOOP ( 'NONE', ( #2536, #4230, #2346, #2031 ) ) ;
#6831 = VECTOR ( 'NONE', #2178, 1000.000000000000000 ) ;
#6832 = CARTESIAN_POINT ( 'NONE',  ( -3.167522325709816000, 3.123714442368911800, -1.816256624619921700 ) ) ;
#6833 = CARTESIAN_POINT ( 'NONE',  ( 2.421388836812349500, 2.900768200429961300, 3.135457760496525000 ) ) ;
#6834 = CARTESIAN_POINT ( 'NONE',  ( 3.003481516899944500, 2.811813004320799600, 2.297131873642952900 ) ) ;
#6835 = DIRECTION ( 'NONE',  ( 0.0000000000000000000, 1.000000000000000000, -1.037514040655985100E-016 ) ) ;
#6836 = ORIENTED_EDGE ( 'NONE', *, *, #4308, .T. ) ;
#6837 = CARTESIAN_POINT ( 'NONE',  ( 1.993466470255342600, 3.109422787685936800, 3.116189812499612800 ) ) ;
#6838 = FACE_OUTER_BOUND ( 'NONE', #5806, .T. ) ;
#6839 = CARTESIAN_POINT ( 'NONE',  ( 2.453110310995071200, 2.900905161318848300, 3.112455478755828100 ) ) ;
#6840 = CARTESIAN_POINT ( 'NONE',  ( 3.269143326964645700, 3.206999999999999900, 1.926573238428398000 ) ) ;
#6841 = CARTESIAN_POINT ( 'NONE',  ( -2.296196103931063000, 2.663061770107023800, -2.981754243096642800 ) ) ;
#6842 = CARTESIAN_POINT ( 'NONE',  ( 3.452299754009375400, 2.049999999999999800, 1.755777107086115200 ) ) ;
#6843 = CARTESIAN_POINT ( 'NONE',  ( -3.309759121295397800, 2.965631561358846200, -2.303468537065511200 ) ) ;
#6844 = B_SPLINE_CURVE_WITH_KNOTS ( 'NONE', 3,
 ( #2232, #6887, #3419, #2869, #7465, #1098 ),
 .UNSPECIFIED., .F., .F.,
 ( 4, 2, 4 ),
 ( 0.0000000000000000000, 0.4999999999967854000, 0.9844667149200561100 ),
 .UNSPECIFIED. ) ;
#6845 = EDGE_CURVE ( 'NONE', #1600, #3469, #3897, .T. ) ;
#6846 = VERTEX_POINT ( 'NONE', #2150 ) ;
#6847 = DIRECTION ( 'NONE',  ( 5.042800802258159400E-016, -1.000000000000000000, 0.0000000000000000000 ) ) ;
#6848 = CYLINDRICAL_SURFACE ( 'NONE', #7508, 0.001000000000000033800 ) ;
#6849 = CARTESIAN_POINT ( 'NONE',  ( -1.870422479592332300, 2.049999999999999800, -0.4266287676471041700 ) ) ;
#6850 = CARTESIAN_POINT ( 'NONE',  ( -2.929909179719740700, 2.896212205721080000, -2.242914198467311800 ) ) ;
#6851 = ORIENTED_EDGE ( 'NONE', *, *, #7120, .F. ) ;
#6852 = AXIS2_PLACEMENT_3D ( 'NONE', #5272, #1193, #6964 ) ;
#6853 = FACE_OUTER_BOUND ( 'NONE', #27, .T. ) ;
#6854 = EDGE_CURVE ( 'NONE', #6120, #1790, #2608, .T. ) ;
#6855 = DIRECTION ( 'NONE',  ( 0.8819238886962633700, -0.4698463103929562100, -0.03814051857259703100 ) ) ;
#6856 = CARTESIAN_POINT ( 'NONE',  ( 3.235582447223042100, 3.125902828104048000, 1.890585460685406900 ) ) ;
#6857 = DIRECTION ( 'NONE',  ( 0.0000000000000000000, 0.0000000000000000000, -1.000000000000000000 ) ) ;
#6858 = CARTESIAN_POINT ( 'NONE',  ( -3.091860056929278700, 2.921106595396118600, -2.566768227539012200 ) ) ;
#6859 = ORIENTED_EDGE ( 'NONE', *, *, #6180, .F. ) ;
#6860 = ORIENTED_EDGE ( 'NONE', *, *, #3439, .F. ) ;
#6861 = CARTESIAN_POINT ( 'NONE',  ( -2.122821699205876400, 2.762694048011758300, -2.805258744273711400 ) ) ;
#6862 = ORIENTED_EDGE ( 'NONE', *, *, #1320, .T. ) ;
#6863 = CARTESIAN_POINT ( 'NONE',  ( -2.449492765435436100, 2.786910444923621300, -3.117456651790626100 ) ) ;
#6864 = PLANE ( 'NONE',  #6808 ) ;
#6865 = CARTESIAN_POINT ( 'NONE',  ( 3.126072145548954000, 2.855303401503846300, 2.535635529431761200 ) ) ;
#6866 = VECTOR ( 'NONE', #5933, 1000.000000000000000 ) ;
#6867 = DIRECTION ( 'NONE',  ( -0.7313537016191752300, 0.0000000000000000000, 0.6819983600624933700 ) ) ;
#6868 = EDGE_LOOP ( 'NONE', ( #791, #4226, #7373 ) ) ;
#6869 = ORIENTED_EDGE ( 'NONE', *, *, #6434, .F. ) ;
#6870 = ORIENTED_EDGE ( 'NONE', *, *, #2498, .T. ) ;
#6871 = PLANE ( 'NONE',  #1204 ) ;
#6872 = CARTESIAN_POINT ( 'NONE',  ( 3.350000000000000100, 4.249999999999999100, 1.646074051843240200 ) ) ;
#6873 = VECTOR ( 'NONE', #4900, 1000.000000000000000 ) ;
#6874 = DIRECTION ( 'NONE',  ( 0.4701884262107528000, -0.8825660563705447500, 0.0000000000000000000 ) ) ;
#6875 = B_SPLINE_CURVE_WITH_KNOTS ( 'NONE', 3,
 ( #3821, #2058, #6073, #5520 ),
 .UNSPECIFIED., .F., .F.,
 ( 4, 4 ),
 ( 0.0000000000000000000, 1.000000000000000000 ),
 .UNSPECIFIED. ) ;
#6876 = EDGE_CURVE ( 'NONE', #868, #2090, #5627, .T. ) ;
#6877 = ORIENTED_EDGE ( 'NONE', *, *, #5462, .F. ) ;
#6878 = PLANE ( 'NONE',  #2399 ) ;
#6879 = ORIENTED_EDGE ( 'NONE', *, *, #1429, .F. ) ;
#6880 = CARTESIAN_POINT ( 'NONE',  ( 1.950344826085942800, 3.115502320601395900, 3.080331822624397200 ) ) ;
#6881 = DIRECTION ( 'NONE',  ( 0.0000000000000000000, 0.0000000000000000000, -1.000000000000000000 ) ) ;
#6882 = LINE ( 'NONE', #6736, #5526 ) ;
#6883 = AXIS2_PLACEMENT_3D ( 'NONE', #6591, #5416, #709 ) ;
#6884 = EDGE_LOOP ( 'NONE', ( #4578, #1639, #399, #6009, #1794 ) ) ;
#6885 = ORIENTED_EDGE ( 'NONE', *, *, #6756, .T. ) ;
#6886 = ORIENTED_EDGE ( 'NONE', *, *, #6854, .F. ) ;
#6887 = CARTESIAN_POINT ( 'NONE',  ( 3.276971034663228400, 2.974420593628062100, 1.866445863347411200 ) ) ;
#6888 = DIRECTION ( 'NONE',  ( -0.4701050976991864000, -0.7660444431189810100, 0.4383800956747108100 ) ) ;
#6889 = FACE_OUTER_BOUND ( 'NONE', #1601, .T. ) ;
#6890 = CARTESIAN_POINT ( 'NONE',  ( -3.256490758151696900, 3.121270864241190600, -1.916394115116145700 ) ) ;
#6891 =( NAMED_UNIT ( * ) PLANE_ANGLE_UNIT ( ) SI_UNIT ( $, .RADIAN. ) );
#6892 = VERTEX_POINT ( 'NONE', #2757 ) ;
#6893 = ORIENTED_EDGE ( 'NONE', *, *, #4477, .T. ) ;
#6894 = DIRECTION ( 'NONE',  ( -0.009204126107051180400, 0.4924038765061032300, -0.8703181639287829200 ) ) ;
#6895 = ORIENTED_EDGE ( 'NONE', *, *, #7134, .T. ) ;
#6896 = STYLED_ITEM ( 'NONE', ( #4208 ), #3447 ) ;
#6897 = CARTESIAN_POINT ( 'NONE',  ( -2.244259809515543500, 2.821929211080253200, -2.882292579983505700 ) ) ;
#6898 = EDGE_CURVE ( 'NONE', #7144, #5813, #3881, .T. ) ;
#6899 = LINE ( 'NONE', #5866, #540 ) ;
#6900 = DIRECTION ( 'NONE',  ( -0.8819238886962634800, 0.4698463103929560500, 0.03814051857259702400 ) ) ;
#6901 = EDGE_LOOP ( 'NONE', ( #3266, #6762, #3806, #3974 ) ) ;
#6902 = LINE ( 'NONE', #6252, #5102 ) ;
#6903 = CARTESIAN_POINT ( 'NONE',  ( 2.244206369293339600, 2.821545296770451300, 2.882437774859198900 ) ) ;
#6904 = DIRECTION ( 'NONE',  ( -3.491481338843133000E-015, -1.000000000000000000, -0.0000000000000000000 ) ) ;
#6905 = ADVANCED_FACE ( 'NONE', ( #2342 ), #4061, .T. ) ;
#6906 = VERTEX_POINT ( 'NONE', #1787 ) ;
#6907 = CYLINDRICAL_SURFACE ( 'NONE', #1298, 0.1500000000000000200 ) ;
#6908 = CYLINDRICAL_SURFACE ( 'NONE', #1014, 0.1510000000000001900 ) ;
#6909 = DIRECTION ( 'NONE',  ( -0.009204126107052705200, 0.4924038765061045100, -0.8703181639287820300 ) ) ;
#6910 = CARTESIAN_POINT ( 'NONE',  ( 2.389727555434236500, 2.826718718802292400, 3.008767483558425000 ) ) ;
#6911 = CARTESIAN_POINT ( 'NONE',  ( -3.260405759716248100, 3.119611939180813900, -1.924198704196043300 ) ) ;
#6912 = EDGE_LOOP ( 'NONE', ( #2015, #2409, #4133, #2341, #2840, #4717, #2258, #7470 ) ) ;
#6913 = CARTESIAN_POINT ( 'NONE',  ( 2.000000000000001800, -4.634964287375531500E-015, 1.499999999999999800 ) ) ;
#6914 = LINE ( 'NONE', #4443, #3203 ) ;
#6915 = CIRCLE ( 'NONE', #1783, 0.0009999999999999158900 ) ;
#6916 = EDGE_CURVE ( 'NONE', #2580, #6164, #4899, .T. ) ;
#6917 = CARTESIAN_POINT ( 'NONE',  ( 3.349681998360063900, 4.179999999999999700, 1.646370593169897500 ) ) ;
#6918 = CARTESIAN_POINT ( 'NONE',  ( 3.166396587949311200, 3.126035569390091400, 1.816390850451279600 ) ) ;
#6919 = ORIENTED_EDGE ( 'NONE', *, *, #23, .T. ) ;
#6920 = CARTESIAN_POINT ( 'NONE',  ( 3.366400249357113200, 2.864269612754381600, 2.201076926603441100 ) ) ;
#6921 = FACE_OUTER_BOUND ( 'NONE', #2661, .T. ) ;
#6922 = B_SPLINE_CURVE_WITH_KNOTS ( 'NONE', 3,
 ( #6761, #7341, #3556, #2352 ),
 .UNSPECIFIED., .F., .F.,
 ( 4, 4 ),
 ( 0.0000000000000000000, 1.177367140582804200E-006 ),
 .UNSPECIFIED. ) ;
#6923 =( BOUNDED_SURFACE ( )  B_SPLINE_SURFACE ( 3, 3, ( 
 ( #5595, #428, #7386, #1594 ),
 ( #992, #2110, #6171, #6757 ),
 ( #1569, #5650, #3284, #3919 ),
 ( #7338, #3942, #6782, #3310 ) ),
 .UNSPECIFIED., .F., .F., .F. ) 
 B_SPLINE_SURFACE_WITH_KNOTS ( ( 4, 4 ),
 ( 4, 4 ),
 ( 0.0000000000000000000, 1.000000000000000000 ),
 ( 0.0000000000000000000, 1.000000000000000000 ),
 .UNSPECIFIED. ) 
 GEOMETRIC_REPRESENTATION_ITEM ( )  RATIONAL_B_SPLINE_SURFACE ( (
 ( 1.000000000000000000, 0.9743895709830416900, 0.9743895709830416900, 1.000000000000000000),
 ( 0.9844085453031260500, 0.9591974201299531300, 0.9591974201299531300, 0.9844085453031260500),
 ( 0.9844085453031260500, 0.9591974201299531300, 0.9591974201299531300, 0.9844085453031260500),
 ( 1.000000000000000000, 0.9743895709830416900, 0.9743895709830416900, 1.000000000000000000) ) ) 
 REPRESENTATION_ITEM ( '' )  SURFACE ( )  );
#6924 = CARTESIAN_POINT ( 'NONE',  ( 1.957476183979601500, 2.954628910751111900, 3.151089964714125300 ) ) ;
#6925 = EDGE_LOOP ( 'NONE', ( #2696, #6489, #751, #3593, #1436, #1154, #5324, #4046, #4098, #5501, #7303 ) ) ;
#6926 = CARTESIAN_POINT ( 'NONE',  ( 3.135219467680798700, 2.822343549579705300, 2.515521654590939300 ) ) ;
#6927 = CARTESIAN_POINT ( 'NONE',  ( -1.884893681204151500, 3.111888607213998600, -3.012460843086003600 ) ) ;
#6928 = EDGE_CURVE ( 'NONE', #7490, #6248, #1147, .T. ) ;
#6929 = CARTESIAN_POINT ( 'NONE',  ( 2.372204481684653500, 2.911067933199377800, 3.156034919783007100 ) ) ;
#6930 = ORIENTED_EDGE ( 'NONE', *, *, #4860, .F. ) ;
#6931 = VERTEX_POINT ( 'NONE', #6399 ) ;
#6932 = CARTESIAN_POINT ( 'NONE',  ( -2.141960055506168600, 2.821929211080253200, -2.772589524740630000 ) ) ;
#6933 =( LENGTH_UNIT ( ) NAMED_UNIT ( * ) SI_UNIT ( .MILLI., .METRE. ) );
#6934 = AXIS2_PLACEMENT_3D ( 'NONE', #1061, #5617, #5137 ) ;
#6935 = EDGE_CURVE ( 'NONE', #5828, #1073, #6798, .T. ) ;
#6936 = LINE ( 'NONE', #680, #3857 ) ;
#6937 = CARTESIAN_POINT ( 'NONE',  ( -2.249999999999998700, -9.334880824091971600, 3.250000000000000900 ) ) ;
#6938 = CARTESIAN_POINT ( 'NONE',  ( -3.001256687404107100, 2.664551243264973400, -2.232829688536492000 ) ) ;
#6939 = CARTESIAN_POINT ( 'NONE',  ( 1.629999999999999900, 0.0000000000000000000, 3.250000000000000900 ) ) ;
#6940 = CARTESIAN_POINT ( 'NONE',  ( 1.950267648495360300, 3.115764320646922300, 3.080247290105740700 ) ) ;
#6941 = B_SPLINE_CURVE_WITH_KNOTS ( 'NONE', 3,
 ( #542, #1733, #3497, #4075, #1163, #6932 ),
 .UNSPECIFIED., .F., .F.,
 ( 4, 2, 4 ),
 ( 0.02501160961181146700, 0.5000000000000118800, 1.000000000000000000 ),
 .UNSPECIFIED. ) ;
#6942 = EDGE_CURVE ( 'NONE', #1261, #1444, #342, .T. ) ;
#6943 = DIRECTION ( 'NONE',  ( 0.7313537016191741200, 0.0000000000000000000, -0.6819983600624944800 ) ) ;
#6944 = EDGE_LOOP ( 'NONE', ( #4176, #4603, #1802, #6953, #2450, #5163, #3311, #5730, #4587, #5421, #1451, #3298, #704, #4454, #3616 ) ) ;
#6945 = ORIENTED_EDGE ( 'NONE', *, *, #3223, .F. ) ;
#6946 = ADVANCED_FACE ( 'NONE', ( #983 ), #5256, .T. ) ;
#6947 = CARTESIAN_POINT ( 'NONE',  ( -2.260813916744616000, 2.798163772810104500, -2.866855625254407500 ) ) ;
#6948 = CIRCLE ( 'NONE', #3391, 0.1499999999999998000 ) ;
#6949 = CARTESIAN_POINT ( 'NONE',  ( -2.407400788524676200, 2.791199719888828300, -3.156708055265265300 ) ) ;
#6950 = CARTESIAN_POINT ( 'NONE',  ( -1.993466470255342600, 3.109422787685936800, -3.116189812499612800 ) ) ;
#6951 = CARTESIAN_POINT ( 'NONE',  ( 4.660830306505737000, 1.339005375493257400, 6.775116882219586900 ) ) ;
#6952 = AXIS2_PLACEMENT_3D ( 'NONE', #6372, #4642, #4572 ) ;
#6953 = ORIENTED_EDGE ( 'NONE', *, *, #186, .F. ) ;
#6954 = EDGE_CURVE ( 'NONE', #5077, #5090, #1071, .T. ) ;
#6955 = CARTESIAN_POINT ( 'NONE',  ( 2.004486693749520000, 3.031233355063010800, 3.107251955146654000 ) ) ;
#6956 = FACE_OUTER_BOUND ( 'NONE', #1094, .T. ) ;
#6957 = DIRECTION ( 'NONE',  ( 0.0000000000000000000, 0.0000000000000000000, -1.000000000000000000 ) ) ;
#6958 = CARTESIAN_POINT ( 'NONE',  ( -2.449012816618379300, 2.761234062908032500, -3.072073943167980200 ) ) ;
#6959 = ORIENTED_EDGE ( 'NONE', *, *, #6988, .F. ) ;
#6960 = CARTESIAN_POINT ( 'NONE',  ( -2.389727555434236500, 2.826718718802292400, -3.008767483558425000 ) ) ;
#6961 = LINE ( 'NONE', #7199, #6313 ) ;
#6962 = CARTESIAN_POINT ( 'NONE',  ( 3.247851382349798300, 3.098396605053969700, 2.342519118927764300 ) ) ;
#6963 = ORIENTED_EDGE ( 'NONE', *, *, #319, .T. ) ;
#6964 = DIRECTION ( 'NONE',  ( 0.0000000000000000000, 0.0000000000000000000, 1.000000000000000000 ) ) ;
#6965 = ORIENTED_EDGE ( 'NONE', *, *, #5937, .F. ) ;
#6966 = CARTESIAN_POINT ( 'NONE',  ( -3.262889902619790400, 3.119679099124153400, -1.932414858339228200 ) ) ;
#6967 = VERTEX_POINT ( 'NONE', #2290 ) ;
#6968 = CARTESIAN_POINT ( 'NONE',  ( 1.929055043369651200, 3.117844480830226600, 3.057499556110820900 ) ) ;
#6969 = CARTESIAN_POINT ( 'NONE',  ( -2.313127940966701200, 2.955327232481483400, -3.146933645682177700 ) ) ;
#6970 = FACE_OUTER_BOUND ( 'NONE', #6067, .T. ) ;
#6971 = PLANE ( 'NONE',  #6552 ) ;
#6972 = ORIENTED_EDGE ( 'NONE', *, *, #4965, .F. ) ;
#6973 = DIRECTION ( 'NONE',  ( 0.0000000000000000000, 1.000000000000000000, 0.0000000000000000000 ) ) ;
#6974 = CARTESIAN_POINT ( 'NONE',  ( -1.977900264026785100, 3.111105802670600900, -3.106787881240612700 ) ) ;
#6975 = CARTESIAN_POINT ( 'NONE',  ( 3.365572467520396000, 2.865509092369907100, 2.195685736331221000 ) ) ;
#6976 = B_SPLINE_CURVE_WITH_KNOTS ( 'NONE', 3,
 ( #475, #7383, #2686, #3916 ),
 .UNSPECIFIED., .F., .F.,
 ( 4, 4 ),
 ( 8.673617379884035500E-019, 3.775908190379650700E-006 ),
 .UNSPECIFIED. ) ;
#6977 = DIRECTION ( 'NONE',  ( 1.142445755987358100E-016, 0.0000000000000000000, 1.000000000000000000 ) ) ;
#6978 = FACE_OUTER_BOUND ( 'NONE', #4258, .T. ) ;
#6979 = ORIENTED_EDGE ( 'NONE', *, *, #4240, .T. ) ;
#6980 = EDGE_LOOP ( 'NONE', ( #4356, #395, #784, #6718 ) ) ;
#6981 = CARTESIAN_POINT ( 'NONE',  ( 3.262901255083862300, 3.119679312412313400, 1.932452796606673400 ) ) ;
#6982 = CARTESIAN_POINT ( 'NONE',  ( -3.250000000000001800, 4.350000000000001400, 0.9699999999999999700 ) ) ;
#6983 = ORIENTED_EDGE ( 'NONE', *, *, #687, .T. ) ;
#6984 = ORIENTED_EDGE ( 'NONE', *, *, #904, .F. ) ;
#6985 = ADVANCED_FACE ( 'NONE', ( #1155 ), #794, .T. ) ;
#6986 = CARTESIAN_POINT ( 'NONE',  ( 1.885973795566711700, 4.029999999999999400, 3.011300573978128000 ) ) ;
#6987 = FACE_OUTER_BOUND ( 'NONE', #818, .T. ) ;
#6988 = EDGE_CURVE ( 'NONE', #5603, #6576, #5153, .T. ) ;
#6989 = SURFACE_STYLE_USAGE ( .BOTH. , #5867 ) ;
#6990 = VERTEX_POINT ( 'NONE', #6949 ) ;
#6991 = DIRECTION ( 'NONE',  ( -0.7313537016191739000, -0.0000000000000000000, 0.6819983600624948100 ) ) ;
#6992 = CARTESIAN_POINT ( 'NONE',  ( 3.350000000000001400, 2.049999999999999800, 1.645639239468278400 ) ) ;
#6993 = CYLINDRICAL_SURFACE ( 'NONE', #3062, 0.2999999999999998800 ) ;
#6994 = DIRECTION ( 'NONE',  ( -0.4194872498868746900, 0.8191520442889915800, 0.3911781889619011500 ) ) ;
#6995 = ORIENTED_EDGE ( 'NONE', *, *, #802, .F. ) ;
#6996 = CARTESIAN_POINT ( 'NONE',  ( 3.306079775925482500, 2.959458921717111700, 2.323899274044165100 ) ) ;
#6997 = EDGE_CURVE ( 'NONE', #7064, #4164, #432, .T. ) ;
#6998 = CARTESIAN_POINT ( 'NONE',  ( 3.189068880933071600, 3.126035164890092600, 1.840703908002312600 ) ) ;
#6999 = CARTESIAN_POINT ( 'NONE',  ( -2.302096233430834400, 2.841869754398676000, -2.981440649309567100 ) ) ;
#7000 = LINE ( 'NONE', #7498, #5026 ) ;
#7001 = CARTESIAN_POINT ( 'NONE',  ( -2.931326839095889100, 2.786844512077293800, -2.241592209683031600 ) ) ;
#7002 = CARTESIAN_POINT ( 'NONE',  ( -3.349999999999998800, -9.334880824091971600, -1.646074051843216400 ) ) ;
#7003 = ORIENTED_EDGE ( 'NONE', *, *, #3453, .T. ) ;
#7004 = AXIS2_PLACEMENT_3D ( 'NONE', #3471, #2899, #6314 ) ;
#7005 = CIRCLE ( 'NONE', #1438, 0.3999999999999999700 ) ;
#7006 = CARTESIAN_POINT ( 'NONE',  ( 3.305711012045604100, 3.206999999999999900, 1.892473320425273500 ) ) ;
#7007 = DIRECTION ( 'NONE',  ( 0.6819983600624933700, -0.0000000000000000000, 0.7313537016191753400 ) ) ;
#7008 = DIRECTION ( 'NONE',  ( -0.0000000000000000000, -0.0000000000000000000, 1.000000000000000000 ) ) ;
#7009 = CARTESIAN_POINT ( 'NONE',  ( -3.349999999999998800, 4.179999999999999700, -1.646074051843216400 ) ) ;
#7010 = ORIENTED_EDGE ( 'NONE', *, *, #6472, .T. ) ;
#7011 = EDGE_CURVE ( 'NONE', #6583, #4817, #2971, .T. ) ;
#7012 = CARTESIAN_POINT ( 'NONE',  ( 2.472488292829814900, 2.778465741003976100, 3.080939861124821500 ) ) ;
#7013 = LINE ( 'NONE', #3390, #6365 ) ;
#7014 = CARTESIAN_POINT ( 'NONE',  ( 2.318745569085527000, 2.817423300928300700, 2.956576080005630200 ) ) ;
#7015 = CARTESIAN_POINT ( 'NONE',  ( 3.042126436291191300, 2.818837373381005000, 2.354466227766381700 ) ) ;
#7016 = ORIENTED_EDGE ( 'NONE', *, *, #1279, .T. ) ;
#7017 = CARTESIAN_POINT ( 'NONE',  ( 2.944474096641958000, 2.814578179461327600, 2.229468519758178900 ) ) ;
#7018 = LINE ( 'NONE', #269, #5672 ) ;
#7019 = ADVANCED_FACE ( 'NONE', ( #1340 ), #5902, .F. ) ;
#7020 = EDGE_CURVE ( 'NONE', #5249, #1857, #3263, .T. ) ;
#7021 = CARTESIAN_POINT ( 'NONE',  ( -3.365572467520396000, 2.865509092369907100, -2.195685736331221000 ) ) ;
#7022 = CARTESIAN_POINT ( 'NONE',  ( 3.234616239897274900, 3.126035742003172100, 1.889547470609046500 ) ) ;
#7023 = CARTESIAN_POINT ( 'NONE',  ( -1.951795179542872700, 3.115566091265856500, -3.081885366604772100 ) ) ;
#7024 = CARTESIAN_POINT ( 'NONE',  ( 1.951311994560377200, 3.115628382665246700, 3.081367214148305100 ) ) ;
#7025 = VERTEX_POINT ( 'NONE', #602 ) ;
#7026 = CARTESIAN_POINT ( 'NONE',  ( -2.932744548309496500, 2.801948861407368000, -2.240270174482605500 ) ) ;
#7027 = B_SPLINE_SURFACE_WITH_KNOTS ( 'NONE', 1, 3, ( 
 ( #3142, #4261, #946, #2118, #5554, #6102 ),
 ( #2042, #334, #2065, #2594, #2019, #6129 ) ),
 .UNSPECIFIED., .F., .F., .F.,
 ( 2, 2 ),
 ( 4, 2, 4 ),
 ( 0.0000000000000000000, 1.000000000000000000 ),
 ( 0.0000000000000000000, 0.5000000000000000000, 1.000000000000000000 ),
 .UNSPECIFIED. ) ;
#7028 = B_SPLINE_CURVE_WITH_KNOTS ( 'NONE', 3,
 ( #5639, #1584, #3347, #3400 ),
 .UNSPECIFIED., .F., .F.,
 ( 4, 4 ),
 ( 0.9773609842919626100, 1.000000000000000000 ),
 .UNSPECIFIED. ) ;
#7029 = VECTOR ( 'NONE', #40, 1000.000000000000100 ) ;
#7030 = DIRECTION ( 'NONE',  ( 1.000000000000000000, 5.042800802258159400E-016, 5.231976636574106000E-032 ) ) ;
#7031 = ADVANCED_FACE ( 'NONE', ( #5088 ), #1422, .F. ) ;
#7032 = AXIS2_PLACEMENT_3D ( 'NONE', #1771, #25, #4706 ) ;
#7033 = CARTESIAN_POINT ( 'NONE',  ( 2.141960055506168600, 2.821929211080253200, 2.772589524740630000 ) ) ;
#7034 = CARTESIAN_POINT ( 'NONE',  ( 1.918001931304511600, 3.112945040759200300, 3.046761975862873700 ) ) ;
#7035 = EDGE_CURVE ( 'NONE', #2998, #4790, #4448, .T. ) ;
#7036 = CARTESIAN_POINT ( 'NONE',  ( 3.199549314404649600, 3.050501204991015400, 1.808623114136226300 ) ) ;
#7037 = VERTEX_POINT ( 'NONE', #197 ) ;
#7038 = CARTESIAN_POINT ( 'NONE',  ( -3.349999999999998300, 4.250000000000000000, 2.150000000000000800 ) ) ;
#7039 = DIRECTION ( 'NONE',  ( 0.4701884262107515800, -0.8825660563705453000, 2.891205793294679800E-015 ) ) ;
#7040 = CYLINDRICAL_SURFACE ( 'NONE', #267, 0.3499999999999999800 ) ;
#7041 = ORIENTED_EDGE ( 'NONE', *, *, #53, .F. ) ;
#7042 = AXIS2_PLACEMENT_3D ( 'NONE', #923, #4393, #900 ) ;
#7043 = CARTESIAN_POINT ( 'NONE',  ( -3.350000000000001400, 4.250000000000000900, 0.9699999999999999700 ) ) ;
#7044 = EDGE_CURVE ( 'NONE', #2517, #4718, #6246, .T. ) ;
#7045 = EDGE_CURVE ( 'NONE', #1073, #5603, #3401, .T. ) ;
#7046 = DIRECTION ( 'NONE',  ( -3.491481338843133000E-015, -1.000000000000000000, -0.0000000000000000000 ) ) ;
#7047 = VERTEX_POINT ( 'NONE', #5355 ) ;
#7048 = CARTESIAN_POINT ( 'NONE',  ( 3.350000000000001400, -2.287516853390374000, 1.645639239468278400 ) ) ;
#7049 = CARTESIAN_POINT ( 'NONE',  ( -2.027991948634480000, 3.069535577218959900, -3.085332950362919200 ) ) ;
#7050 = CARTESIAN_POINT ( 'NONE',  ( 3.250000000000001300, 4.500000000000000900, 0.9700000000000004200 ) ) ;
#7051 = VECTOR ( 'NONE', #2719, 1000.000000000000000 ) ;
#7052 = CARTESIAN_POINT ( 'NONE',  ( 3.365572467520396000, 2.865509092369907100, 2.195685736331221000 ) ) ;
#7053 = AXIS2_PLACEMENT_3D ( 'NONE', #2520, #5396, #837 ) ;
#7054 = CARTESIAN_POINT ( 'NONE',  ( -2.934695117916602800, 2.804426570804441800, -2.238451238897416900 ) ) ;
#7055 = ORIENTED_EDGE ( 'NONE', *, *, #5063, .T. ) ;
#7056 = CARTESIAN_POINT ( 'NONE',  ( 1.980000000000001300, 4.179999999999999700, 0.9700000000000003100 ) ) ;
#7057 = ORIENTED_EDGE ( 'NONE', *, *, #4553, .F. ) ;
#7058 = DIRECTION ( 'NONE',  ( -0.4194872498868749700, -0.8191520442889914700, 0.3911781889619012600 ) ) ;
#7059 = VECTOR ( 'NONE', #2883, 1000.000000000000000 ) ;
#7060 = CARTESIAN_POINT ( 'NONE',  ( 1.630000000000000300, 4.179999999999999700, 3.250000000000000900 ) ) ;
#7061 = ADVANCED_FACE ( 'NONE', ( #619 ), #254, .F. ) ;
#7062 = CARTESIAN_POINT ( 'NONE',  ( -3.250000000000001800, 4.350000000000001400, -0.9700000000000004200 ) ) ;
#7063 = VERTEX_POINT ( 'NONE', #7049 ) ;
#7064 = VERTEX_POINT ( 'NONE', #91 ) ;
#7065 = ORIENTED_EDGE ( 'NONE', *, *, #6152, .T. ) ;
#7066 = CARTESIAN_POINT ( 'NONE',  ( 4.119921660960886600, 1.392833699273776200, 1.501392592336814300 ) ) ;
#7067 = DIRECTION ( 'NONE',  ( 1.000000000000000000, -6.982962677686266700E-015, -0.0000000000000000000 ) ) ;
#7068 = CARTESIAN_POINT ( 'NONE',  ( 1.992100384059741500, 3.111051561387353300, 3.117450666038447300 ) ) ;
#7069 = EDGE_CURVE ( 'NONE', #4157, #70, #1707, .T. ) ;
#7070 = SHAPE_DEFINITION_REPRESENTATION ( #190, #1755 ) ;
#7071 = ORIENTED_EDGE ( 'NONE', *, *, #1564, .F. ) ;
#7072 = ORIENTED_EDGE ( 'NONE', *, *, #645, .T. ) ;
#7073 = CARTESIAN_POINT ( 'NONE',  ( -3.126072145548954000, 2.855303401503846300, -2.535635529431761200 ) ) ;
#7074 = EDGE_LOOP ( 'NONE', ( #4390, #2078, #1916 ) ) ;
#7075 = CARTESIAN_POINT ( 'NONE',  ( -1.890169029536049800, 3.206999999999999900, -0.4082148119254169800 ) ) ;
#7076 = CARTESIAN_POINT ( 'NONE',  ( 3.166843572955270400, 2.049999999999999800, 1.816870183185520700 ) ) ;
#7077 = ORIENTED_EDGE ( 'NONE', *, *, #366, .F. ) ;
#7078 = ORIENTED_EDGE ( 'NONE', *, *, #5786, .T. ) ;
#7079 = ORIENTED_EDGE ( 'NONE', *, *, #687, .F. ) ;
#7080 = CARTESIAN_POINT ( 'NONE',  ( -3.042126436291191300, 2.818837373381005000, -2.354466227766381700 ) ) ;
#7081 = ORIENTED_EDGE ( 'NONE', *, *, #6016, .T. ) ;
#7082 = DIRECTION ( 'NONE',  ( 1.000000000000000000, 0.0000000000000000000, 0.0000000000000000000 ) ) ;
#7083 = FACE_OUTER_BOUND ( 'NONE', #1145, .T. ) ;
#7084 = DIRECTION ( 'NONE',  ( -0.0000000000000000000, -1.000000000000000000, -0.0000000000000000000 ) ) ;
#7085 = CARTESIAN_POINT ( 'NONE',  ( 1.980000000000001300, 4.179999999999999700, 0.6200000000000003300 ) ) ;
#7086 = ORIENTED_EDGE ( 'NONE', *, *, #3098, .F. ) ;
#7087 = DIRECTION ( 'NONE',  ( 0.7313537016191747900, 0.0000000000000000000, -0.6819983600624941500 ) ) ;
#7088 = EDGE_CURVE ( 'NONE', #6071, #607, #4259, .T. ) ;
#7089 = FACE_OUTER_BOUND ( 'NONE', #1345, .T. ) ;
#7090 = CARTESIAN_POINT ( 'NONE',  ( -2.519073134182604300, 2.649999999999999900, -3.221007155642456900 ) ) ;
#7091 = CARTESIAN_POINT ( 'NONE',  ( 3.350000000000001400, 0.1500000000000001100, 0.0000000000000000000 ) ) ;
#7092 = CARTESIAN_POINT ( 'NONE',  ( 1.630000000000001200, 4.350000000000000500, 0.9700000000000004200 ) ) ;
#7093 = ORIENTED_EDGE ( 'NONE', *, *, #5086, .F. ) ;
#7094 = VECTOR ( 'NONE', #1256, 1000.000000000000000 ) ;
#7095 = CARTESIAN_POINT ( 'NONE',  ( -1.980000000000001300, 4.350000000000000500, 0.9699999999999999700 ) ) ;
#7096 = CIRCLE ( 'NONE', #1250, 0.5073896953895634700 ) ;
#7097 = ADVANCED_FACE ( 'NONE', ( #2792 ), #167, .F. ) ;
#7098 = CARTESIAN_POINT ( 'NONE',  ( -3.350000000000001400, -2.287516853390374000, -1.645639239468278400 ) ) ;
#7099 = EDGE_CURVE ( 'NONE', #3885, #5605, #7516, .T. ) ;
#7100 = ORIENTED_EDGE ( 'NONE', *, *, #4953, .F. ) ;
#7101 = CARTESIAN_POINT ( 'NONE',  ( 1.630000000000001200, 4.350000000000000500, -0.6199999999999998800 ) ) ;
#7102 = CARTESIAN_POINT ( 'NONE',  ( 1.907497642152407000, 3.119082440460420300, 3.034382073575999900 ) ) ;
#7103 = CARTESIAN_POINT ( 'NONE',  ( -1.629999999999998600, -9.334880824091971600, -3.249999999999999100 ) ) ;
#7104 = LINE ( 'NONE', #7333, #560 ) ;
#7105 = FACE_OUTER_BOUND ( 'NONE', #3170, .T. ) ;
#7106 = DIRECTION ( 'NONE',  ( 0.0000000000000000000, 0.0000000000000000000, 1.000000000000000000 ) ) ;
#7107 = VERTEX_POINT ( 'NONE', #143 ) ;
#7108 = CARTESIAN_POINT ( 'NONE',  ( -3.139397011872315300, 2.829283322248509000, -2.523209890564457800 ) ) ;
#7109 = DIRECTION ( 'NONE',  ( 0.0000000000000000000, 0.7933743027384437800, -0.6087341092417017900 ) ) ;
#7110 = LINE ( 'NONE', #3109, #4852 ) ;
#7111 = VERTEX_POINT ( 'NONE', #3601 ) ;
#7112 = CARTESIAN_POINT ( 'NONE',  ( -3.264617085130185900, 3.121430128103295200, -1.930825156977527000 ) ) ;
#7113 = B_SPLINE_SURFACE_WITH_KNOTS ( 'NONE', 1, 3, ( 
 ( #2627, #3222, #6615, #7256, #6776, #1589 ),
 ( #1535, #3887, #371, #5044, #1507, #7379 ) ),
 .UNSPECIFIED., .F., .F., .F.,
 ( 2, 2 ),
 ( 4, 2, 4 ),
 ( 0.0000000000000000000, 1.000000000000000000 ),
 ( 0.0000000000000000000, 0.5000000000000000000, 1.000000000000000000 ),
 .UNSPECIFIED. ) ;
#7114 = VECTOR ( 'NONE', #6779, 1000.000000000000000 ) ;
#7115 = CARTESIAN_POINT ( 'NONE',  ( -3.018178465251675700, 2.810653351678624300, -2.315320807684479600 ) ) ;
#7116 = CARTESIAN_POINT ( 'NONE',  ( 2.322064846244608700, 2.682703859100618300, 3.000013605010193500 ) ) ;
#7117 = CARTESIAN_POINT ( 'NONE',  ( -3.170287462274090600, 3.129755046372269900, -1.820563302331811300 ) ) ;
#7118 = CARTESIAN_POINT ( 'NONE',  ( 2.944931137230461600, 2.814112779316399100, 2.229725264265167700 ) ) ;
#7119 = VERTEX_POINT ( 'NONE', #725 ) ;
#7120 = EDGE_CURVE ( 'NONE', #4836, #3718, #1611, .T. ) ;
#7121 = DIRECTION ( 'NONE',  ( 0.0000000000000000000, 1.000000000000000000, 0.0000000000000000000 ) ) ;
#7122 = LINE ( 'NONE', #938, #5586 ) ;
#7123 = CARTESIAN_POINT ( 'NONE',  ( -3.451981752369437800, 4.179999999999999700, -1.756073648412773700 ) ) ;
#7124 = DIRECTION ( 'NONE',  ( 0.0000000000000000000, 1.000000000000000000, 0.0000000000000000000 ) ) ;
#7125 = CARTESIAN_POINT ( 'NONE',  ( 3.100000000000002300, 2.649999999999999900, 3.100000000000001000 ) ) ;
#7126 = B_SPLINE_CURVE_WITH_KNOTS ( 'NONE', 3,
 ( #2384, #610, #1132, #7108 ),
 .UNSPECIFIED., .F., .F.,
 ( 4, 4 ),
 ( 0.8936339948079631300, 1.000000000000000000 ),
 .UNSPECIFIED. ) ;
#7127 = ORIENTED_EDGE ( 'NONE', *, *, #5975, .T. ) ;
#7128 = ORIENTED_EDGE ( 'NONE', *, *, #7494, .F. ) ;
#7129 = CARTESIAN_POINT ( 'NONE',  ( -3.349999999999998800, 4.249999999999999100, -0.9700000000000004200 ) ) ;
#7130 = AXIS2_PLACEMENT_3D ( 'NONE', #1364, #2464, #6568 ) ;
#7131 = LINE ( 'NONE', #3324, #4047 ) ;
#7132 = CARTESIAN_POINT ( 'NONE',  ( 3.269143326964645700, 3.137321539385737000, 1.926573238428398200 ) ) ;
#7133 = CARTESIAN_POINT ( 'NONE',  ( 3.100000000000001900, 2.649999999999999900, 3.100000000000000100 ) ) ;
#7134 = EDGE_CURVE ( 'NONE', #684, #3947, #3976, .T. ) ;
#7135 = CARTESIAN_POINT ( 'NONE',  ( -1.629999999999998600, 4.179999999999999700, -3.249999999999999100 ) ) ;
#7136 = ADVANCED_FACE ( 'NONE', ( #2527 ), #5406, .F. ) ;
#7137 = ORIENTED_EDGE ( 'NONE', *, *, #802, .T. ) ;
#7138 = CARTESIAN_POINT ( 'NONE',  ( 1.978414391071085000, 3.115455240390098800, 3.110430976133052600 ) ) ;
#7139 = CARTESIAN_POINT ( 'NONE',  ( -3.168565526892032700, 3.129796018790510700, -1.818716752707408400 ) ) ;
#7140 = ADVANCED_FACE ( 'NONE', ( #6978 ), #6557, .T. ) ;
#7141 = VERTEX_POINT ( 'NONE', #5978 ) ;
#7142 = EDGE_CURVE ( 'NONE', #3057, #7169, #1244, .T. ) ;
#7143 = LINE ( 'NONE', #5913, #4336 ) ;
#7144 = VERTEX_POINT ( 'NONE', #822 ) ;
#7145 = CARTESIAN_POINT ( 'NONE',  ( 3.100000000000000500, -7.773710951811816800E-016, -1.500000000000000200 ) ) ;
#7146 = ORIENTED_EDGE ( 'NONE', *, *, #6704, .F. ) ;
#7147 = DIRECTION ( 'NONE',  ( 0.0000000000000000000, -1.000000000000000000, -1.037514040655985100E-016 ) ) ;
#7148 = DIRECTION ( 'NONE',  ( 0.7313537016191740100, 0.0000000000000000000, -0.6819983600624948100 ) ) ;
#7149 = ORIENTED_EDGE ( 'NONE', *, *, #636, .T. ) ;
#7150 = CARTESIAN_POINT ( 'NONE',  ( 3.240910896875815800, 3.127000484246382800, 1.896297663793176800 ) ) ;
#7151 =( GEOMETRIC_REPRESENTATION_CONTEXT ( 3 ) GLOBAL_UNCERTAINTY_ASSIGNED_CONTEXT ( ( #4896 ) ) GLOBAL_UNIT_ASSIGNED_CONTEXT ( ( #6021, #3738, #5414 ) ) REPRESENTATION_CONTEXT ( 'NONE', 'WORKASPACE' ) );
#7152 = DIRECTION ( 'NONE',  ( -0.4194872498868747500, 0.8191520442889914700, 0.3911781889619011500 ) ) ;
#7153 = ORIENTED_EDGE ( 'NONE', *, *, #1967, .F. ) ;
#7154 = EDGE_CURVE ( 'NONE', #4431, #3428, #4077, .T. ) ;
#7155 = CARTESIAN_POINT ( 'NONE',  ( -2.350000000000001900, -3.395982099313527400E-015, 1.149999999999999900 ) ) ;
#7156 = CARTESIAN_POINT ( 'NONE',  ( 2.985129713113609200, 2.673370412616768600, 2.184235169910647000 ) ) ;
#7157 =( BOUNDED_SURFACE ( )  B_SPLINE_SURFACE ( 3, 3, ( 
 ( #4904, #1358, #4295, #5482 ),
 ( #1945, #4264, #6634, #3661 ),
 ( #200, #6058, #4883, #7221 ),
 ( #5433, #7125, #3757, #7175 ) ),
 .UNSPECIFIED., .F., .F., .F. ) 
 B_SPLINE_SURFACE_WITH_KNOTS ( ( 4, 4 ),
 ( 4, 4 ),
 ( 0.0000000000000000000, 1.000000000000000000 ),
 ( 0.0000000000000000000, 1.000000000000000000 ),
 .UNSPECIFIED. ) 
 GEOMETRIC_REPRESENTATION_ITEM ( )  RATIONAL_B_SPLINE_SURFACE ( (
 ( 1.000000000000000000, 0.3333333333333337000, 0.3333333333333337000, 1.000000000000000000),
 ( 0.8047378541243652700, 0.2682459513747887400, 0.2682459513747887400, 0.8047378541243652700),
 ( 0.8047378541243652700, 0.2682459513747887400, 0.2682459513747887400, 0.8047378541243652700),
 ( 1.000000000000000000, 0.3333333333333337000, 0.3333333333333337000, 1.000000000000000000) ) ) 
 REPRESENTATION_ITEM ( '' )  SURFACE ( )  );
#7158 = EDGE_LOOP ( 'NONE', ( #355, #5718, #2795, #3481 ) ) ;
#7159 = VECTOR ( 'NONE', #6280, 1000.000000000000000 ) ;
#7160 = ORIENTED_EDGE ( 'NONE', *, *, #5928, .F. ) ;
#7161 = VERTEX_POINT ( 'NONE', #5455 ) ;
#7162 = VERTEX_POINT ( 'NONE', #3165 ) ;
#7163 = CARTESIAN_POINT ( 'NONE',  ( -1.630000000000001200, 4.350000000000000500, 3.397182120936205900 ) ) ;
#7164 = EDGE_CURVE ( 'NONE', #1804, #6322, #1519, .T. ) ;
#7165 = VECTOR ( 'NONE', #4601, 1000.000000000000000 ) ;
#7166 = CARTESIAN_POINT ( 'NONE',  ( -3.127275233891903600, 2.892439130144407200, -2.261048139182287200 ) ) ;
#7167 = ORIENTED_EDGE ( 'NONE', *, *, #2903, .F. ) ;
#7168 = ADVANCED_FACE ( 'NONE', ( #68 ), #288, .T. ) ;
#7169 = VERTEX_POINT ( 'NONE', #4853 ) ;
#7170 = CARTESIAN_POINT ( 'NONE',  ( -2.000000000000001300, 0.1499999999999953900, 0.0000000000000000000 ) ) ;
#7171 = CARTESIAN_POINT ( 'NONE',  ( -2.334143142944833800, 2.925029037828152900, -3.161122900557108200 ) ) ;
#7172 = DIRECTION ( 'NONE',  ( -1.000000000000000000, -3.491481338843133700E-015, 0.0000000000000000000 ) ) ;
#7173 = MECHANICAL_DESIGN_GEOMETRIC_PRESENTATION_REPRESENTATION (  '', ( #4360 ), #1182 ) ;
#7174 = VECTOR ( 'NONE', #2953, 1000.000000000000000 ) ;
#7175 = CARTESIAN_POINT ( 'NONE',  ( 3.100000000000001900, 2.649999999999999900, 3.100000000000001000 ) ) ;
#7176 = B_SPLINE_CURVE_WITH_KNOTS ( 'NONE', 3,
 ( #7021, #1172, #5848, #2929 ),
 .UNSPECIFIED., .F., .F.,
 ( 4, 4 ),
 ( 0.0000000000000000000, 8.269894283240230300E-006 ),
 .UNSPECIFIED. ) ;
#7177 = EDGE_CURVE ( 'NONE', #987, #4442, #3254, .T. ) ;
#7178 = CARTESIAN_POINT ( 'NONE',  ( 2.302096233430834400, 2.841869754398676000, 2.981440649309567100 ) ) ;
#7180 = ADVANCED_FACE ( 'NONE', ( #7241 ), #3752, .T. ) ;
#7179 = ORIENTED_EDGE ( 'NONE', *, *, #757, .T. ) ;
#7181 = FACE_OUTER_BOUND ( 'NONE', #3259, .T. ) ;
#7182 = PLANE ( 'NONE',  #1539 ) ;
#7183 = DIRECTION ( 'NONE',  ( 0.0000000000000000000, -1.000000000000000000, -1.037514040655985100E-016 ) ) ;
#7184 = AXIS2_PLACEMENT_3D ( 'NONE', #4313, #3707, #5408 ) ;
#7185 = DIRECTION ( 'NONE',  ( 0.6819983600624948100, -0.0000000000000000000, 0.7313537016191739000 ) ) ;
#7186 = ORIENTED_EDGE ( 'NONE', *, *, #5112, .F. ) ;
#7187 = EDGE_CURVE ( 'NONE', #6192, #2732, #1736, .T. ) ;
#7188 = DIRECTION ( 'NONE',  ( 0.0000000000000000000, 1.000000000000000000, 0.0000000000000000000 ) ) ;
#7189 = LINE ( 'NONE', #1789, #6014 ) ;
#7190 = VECTOR ( 'NONE', #4070, 1000.000000000000000 ) ;
#7191 = CARTESIAN_POINT ( 'NONE',  ( -2.944767834503924800, 2.814225062837274000, -2.229606299491525800 ) ) ;
#7192 = DIRECTION ( 'NONE',  ( 0.4095068767208487300, 0.5553524075725675400, -0.7238009542144086000 ) ) ;
#7193 = DIRECTION ( 'NONE',  ( 0.0000000000000000000, 0.0000000000000000000, 1.000000000000000000 ) ) ;
#7194 = CARTESIAN_POINT ( 'NONE',  ( 2.190880056723572000, 2.681513213125143600, 2.923751105819028400 ) ) ;
#7195 = ORIENTED_EDGE ( 'NONE', *, *, #1083, .F. ) ;
#7196 = AXIS2_PLACEMENT_3D ( 'NONE', #3649, #4234, #1321 ) ;
#7197 = LINE ( 'NONE', #7460, #3301 ) ;
#7198 = CARTESIAN_POINT ( 'NONE',  ( 2.960037396819625400, 2.728184629177832700, 2.214819181503241600 ) ) ;
#7199 = CARTESIAN_POINT ( 'NONE',  ( 3.500000000000001300, 4.250000000000000000, -3.397182120936205900 ) ) ;
#7200 = CARTESIAN_POINT ( 'NONE',  ( -3.099999999999998300, 4.500000000000000000, 2.150000000000000800 ) ) ;
#7201 = VERTEX_POINT ( 'NONE', #7198 ) ;
#7202 = VECTOR ( 'NONE', #3070, 1000.000000000000000 ) ;
#7203 = CARTESIAN_POINT ( 'NONE',  ( 2.238320748456449100, 2.709831352560951400, 2.915442786698631200 ) ) ;
#7204 = CARTESIAN_POINT ( 'NONE',  ( -3.293881042201971500, 2.833454218672371500, -2.379151201714708700 ) ) ;
#7205 = DIRECTION ( 'NONE',  ( 0.0000000000000000000, 1.000000000000000000, -0.0000000000000000000 ) ) ;
#7206 = ORIENTED_EDGE ( 'NONE', *, *, #760, .F. ) ;
#7207 = ADVANCED_FACE ( 'NONE', ( #333 ), #4932, .T. ) ;
#7208 = DIRECTION ( 'NONE',  ( -3.491481338843134100E-015, -1.000000000000000000, 0.0000000000000000000 ) ) ;
#7209 = EDGE_CURVE ( 'NONE', #1493, #3358, #4471, .T. ) ;
#7210 = DIRECTION ( 'NONE',  ( 1.000000000000000000, 0.0000000000000000000, 0.0000000000000000000 ) ) ;
#7211 = PLANE ( 'NONE',  #5360 ) ;
#7212 = ORIENTED_EDGE ( 'NONE', *, *, #6988, .T. ) ;
#7213 = CARTESIAN_POINT ( 'NONE',  ( -1.891124938196041100, 3.119534143554457000, -3.016824498154695400 ) ) ;
#7214 = CARTESIAN_POINT ( 'NONE',  ( -2.222306734094220600, 2.649999999999999900, -2.902764154001006100 ) ) ;
#7215 = CARTESIAN_POINT ( 'NONE',  ( 3.500000000000001300, 4.250000000000000000, -0.9699999999999999700 ) ) ;
#7216 = ADVANCED_FACE ( 'NONE', ( #4254 ), #6079, .F. ) ;
#7217 = ORIENTED_EDGE ( 'NONE', *, *, #5251, .T. ) ;
#7218 = VERTEX_POINT ( 'NONE', #1402 ) ;
#7219 = DIRECTION ( 'NONE',  ( -0.4147371171650762700, 0.7938448060994460800, -0.4447511073336802300 ) ) ;
#7220 = LINE ( 'NONE', #368, #5146 ) ;
#7221 = CARTESIAN_POINT ( 'NONE',  ( 2.882625588524313300, 2.649999999999999900, 3.302704918041373400 ) ) ;
#7222 = B_SPLINE_CURVE_WITH_KNOTS ( 'NONE', 3,
 ( #6834, #7408, #5765, #481 ),
 .UNSPECIFIED., .F., .F.,
 ( 4, 4 ),
 ( 8.021583198531781500E-005, 0.0001690630429533457200 ),
 .UNSPECIFIED. ) ;
#7223 = DIRECTION ( 'NONE',  ( 1.000000000000000000, -1.734723475976805500E-015, 0.0000000000000000000 ) ) ;
#7224 = ORIENTED_EDGE ( 'NONE', *, *, #5103, .T. ) ;
#7225 = CARTESIAN_POINT ( 'NONE',  ( 1.874135366549585900, 3.074988554437091200, 3.023810984079723200 ) ) ;
#7226 = LINE ( 'NONE', #1695, #1492 ) ;
#7227 = EDGE_CURVE ( 'NONE', #4056, #6680, #6698, .T. ) ;
#7228 = CARTESIAN_POINT ( 'NONE',  ( 3.233595819263019000, 3.126170534951414800, 1.888453203449811800 ) ) ;
#7229 = ORIENTED_EDGE ( 'NONE', *, *, #354, .T. ) ;
#7230 = ORIENTED_EDGE ( 'NONE', *, *, #1387, .T. ) ;
#7231 = VERTEX_POINT ( 'NONE', #2591 ) ;
#7232 = CARTESIAN_POINT ( 'NONE',  ( -3.167934073359798900, 3.122503453523927800, -1.815999542171751000 ) ) ;
#7233 = CARTESIAN_POINT ( 'NONE',  ( 1.630000000000001200, 4.500000000000000900, 0.6200000000000007700 ) ) ;
#7234 = FACE_OUTER_BOUND ( 'NONE', #5138, .T. ) ;
#7235 = CARTESIAN_POINT ( 'NONE',  ( -2.238320748456449100, 2.709831352560951400, -2.915442786698631200 ) ) ;
#7236 = EDGE_LOOP ( 'NONE', ( #4438, #3207, #2368, #4327, #2531, #5840 ) ) ;
#7237 = EDGE_CURVE ( 'NONE', #3791, #6281, #976, .T. ) ;
#7238 = ORIENTED_EDGE ( 'NONE', *, *, #7298, .F. ) ;
#7239 = ORIENTED_EDGE ( 'NONE', *, *, #5237, .T. ) ;
#7240 = DIRECTION ( 'NONE',  ( 3.491481338843134100E-015, -1.000000000000000000, 0.0000000000000000000 ) ) ;
#7241 = FACE_OUTER_BOUND ( 'NONE', #3059, .T. ) ;
#7242 = DIRECTION ( 'NONE',  ( -0.7313537016191752300, 0.0000000000000000000, 0.6819983600624932600 ) ) ;
#7243 = ORIENTED_EDGE ( 'NONE', *, *, #4421, .T. ) ;
#7244 = DIRECTION ( 'NONE',  ( -0.6819983600624931500, -0.0000000000000000000, -0.7313537016191754600 ) ) ;
#7245 = CARTESIAN_POINT ( 'NONE',  ( -3.235138415984457600, 3.126108373487913800, -1.890107435906069000 ) ) ;
#7246 = STYLED_ITEM ( 'NONE', ( #973 ), #1755 ) ;
#7247 = ORIENTED_EDGE ( 'NONE', *, *, #4672, .T. ) ;
#7248 = CARTESIAN_POINT ( 'NONE',  ( -2.222306734094221100, 2.649999999999999900, -2.902764154001006100 ) ) ;
#7249 = EDGE_LOOP ( 'NONE', ( #3576, #1770, #3790, #7146, #1351 ) ) ;
#7250 = CARTESIAN_POINT ( 'NONE',  ( -3.298699525350364100, 2.955527081853199300, -2.343370224139346400 ) ) ;
#7251 = ADVANCED_FACE ( 'NONE', ( #5347 ), #6658, .F. ) ;
#7252 =( BOUNDED_CURVE ( )  B_SPLINE_CURVE ( 3, ( #122, #4224, #3760, #7204 ),
 .UNSPECIFIED., .F., .F. ) 
 B_SPLINE_CURVE_WITH_KNOTS ( ( 4, 4 ),
 ( 3.827903063253757000, 3.974699096357952000 ),
 .UNSPECIFIED. ) 
 CURVE ( )  GEOMETRIC_REPRESENTATION_ITEM ( )  RATIONAL_B_SPLINE_CURVE ( ( 1.000000000000000000, 0.9982050497624677100, 0.9982050497624677100, 1.000000000000000000 ) ) 
 REPRESENTATION_ITEM ( '' )  );
#7253 = VECTOR ( 'NONE', #1928, 1000.000000000000000 ) ;
#7254 = CARTESIAN_POINT ( 'NONE',  ( -3.211762053954284800, 3.125928481699875600, -1.864999012300798900 ) ) ;
#7255 = ORIENTED_EDGE ( 'NONE', *, *, #5918, .T. ) ;
#7256 = CARTESIAN_POINT ( 'NONE',  ( -3.199549314404649600, 3.050501204991015400, -1.808623114136226300 ) ) ;
#7257 = EDGE_LOOP ( 'NONE', ( #6498, #5941, #3858, #4928, #47, #609 ) ) ;
#7258 = VERTEX_POINT ( 'NONE', #3776 ) ;
#7259 = ORIENTED_EDGE ( 'NONE', *, *, #6745, .T. ) ;
#7260 = PLANE ( 'NONE',  #6632 ) ;
#7261 = DIRECTION ( 'NONE',  ( 0.0000000000000000000, 1.000000000000000000, 0.0000000000000000000 ) ) ;
#7262 = FACE_OUTER_BOUND ( 'NONE', #2669, .T. ) ;
#7263 = VERTEX_POINT ( 'NONE', #360 ) ;
#7264 = CARTESIAN_POINT ( 'NONE',  ( -1.950789772870630900, 3.115695527854617500, -3.080807199948521800 ) ) ;
#7265 = CARTESIAN_POINT ( 'NONE',  ( 3.182341654281552100, 3.122792711508579200, 1.831813646353058100 ) ) ;
#7266 = EDGE_CURVE ( 'NONE', #1540, #1513, #5687, .T. ) ;
#7267 = CARTESIAN_POINT ( 'NONE',  ( 2.449492765435436100, 2.786910444923621300, 3.117456651790626100 ) ) ;
#7268 = ORIENTED_EDGE ( 'NONE', *, *, #5538, .T. ) ;
#7269 = CYLINDRICAL_SURFACE ( 'NONE', #7196, 0.2999999999999997700 ) ;
#7270 = ORIENTED_EDGE ( 'NONE', *, *, #4943, .T. ) ;
#7271 = CARTESIAN_POINT ( 'NONE',  ( -1.630000000000001200, 4.500000000000000900, -0.6200000000000007700 ) ) ;
#7272 = CARTESIAN_POINT ( 'NONE',  ( 2.929830852218444600, 2.791727558146903700, 2.242987240043931200 ) ) ;
#7273 = FACE_OUTER_BOUND ( 'NONE', #3118, .T. ) ;
#7274 = B_SPLINE_CURVE_WITH_KNOTS ( 'NONE', 3,
 ( #2892, #611, #2961, #5308, #4680, #5264 ),
 .UNSPECIFIED., .F., .F.,
 ( 4, 2, 4 ),
 ( 0.0000000000000000000, 0.4999999999967854000, 0.9844667149200561100 ),
 .UNSPECIFIED. ) ;
#7275 = VECTOR ( 'NONE', #4912, 1000.000000000000000 ) ;
#7276 = CARTESIAN_POINT ( 'NONE',  ( 3.099252197081730800, 2.907272590217529400, 2.560452888321922900 ) ) ;
#7277 = ORIENTED_EDGE ( 'NONE', *, *, #7177, .F. ) ;
#7278 = CARTESIAN_POINT ( 'NONE',  ( -3.234616239897274900, 3.126035742003172100, -1.889547470609046500 ) ) ;
#7279 = CARTESIAN_POINT ( 'NONE',  ( 1.980000000000001300, 4.350000000000000500, -0.6199999999999998800 ) ) ;
#7280 = CARTESIAN_POINT ( 'NONE',  ( 3.114058924534711900, 2.660129138311673200, 2.400958660968159000 ) ) ;
#7281 = PRESENTATION_LAYER_ASSIGNMENT (  '', '', ( #6896 ) ) ;
#7282 = EDGE_CURVE ( 'NONE', #6668, #2657, #4614, .T. ) ;
#7283 = CARTESIAN_POINT ( 'NONE',  ( -3.172883176876404800, 3.122599342764359700, -1.821429153765803800 ) ) ;
#7284 = EDGE_LOOP ( 'NONE', ( #2051, #5098, #3710, #1231, #6046, #5669 ) ) ;
#7285 = CIRCLE ( 'NONE', #4571, 0.0009999999999999158900 ) ;
#7286 = DIRECTION ( 'NONE',  ( 0.0000000000000000000, 1.000000000000000000, -1.037514040655985100E-016 ) ) ;
#7287 = ORIENTED_EDGE ( 'NONE', *, *, #6240, .F. ) ;
#7288 = ADVANCED_FACE ( 'NONE', ( #6970 ), #1524, .T. ) ;
#7289 = ORIENTED_EDGE ( 'NONE', *, *, #525, .F. ) ;
#7290 = AXIS2_PLACEMENT_3D ( 'NONE', #1654, #594, #1117 ) ;
#7291 = LINE ( 'NONE', #3816, #483 ) ;
#7292 = CARTESIAN_POINT ( 'NONE',  ( -3.500000000000001300, 4.250000000000000000, -0.9700000000000004200 ) ) ;
#7293 = DIRECTION ( 'NONE',  ( 0.0000000000000000000, -0.8703550311807760600, 0.4924247350593897700 ) ) ;
#7294 = CARTESIAN_POINT ( 'NONE',  ( 1.966054723880029700, 3.118140027910338800, 3.097176855771061700 ) ) ;
#7295 = CARTESIAN_POINT ( 'NONE',  ( -1.951311994560377600, 3.115628382665901300, -3.081367214148305500 ) ) ;
#7296 = ORIENTED_EDGE ( 'NONE', *, *, #2272, .T. ) ;
#7297 = CARTESIAN_POINT ( 'NONE',  ( -3.305711012045604100, 3.206999999999999900, -1.892473320425273500 ) ) ;
#7298 = EDGE_CURVE ( 'NONE', #1522, #4200, #2240, .T. ) ;
#7299 = FACE_OUTER_BOUND ( 'NONE', #346, .T. ) ;
#7300 = CARTESIAN_POINT ( 'NONE',  ( 2.122821699205876400, 2.762694048011758300, 2.805258744273711400 ) ) ;
#7301 = CARTESIAN_POINT ( 'NONE',  ( 3.349000000000001100, 4.179999999999999700, 1.645639239468278400 ) ) ;
#7302 = CARTESIAN_POINT ( 'NONE',  ( -3.073925652642142600, 2.947922917752089100, -2.577196850564789100 ) ) ;
#7303 = ORIENTED_EDGE ( 'NONE', *, *, #4027, .F. ) ;
#7304 = FILL_AREA_STYLE ('',( #5567 ) ) ;
#7305 = VERTEX_POINT ( 'NONE', #3903 ) ;
#7306 = EDGE_CURVE ( 'NONE', #323, #4316, #6882, .T. ) ;
#7307 = LINE ( 'NONE', #5839, #401 ) ;
#7308 = CARTESIAN_POINT ( 'NONE',  ( 2.261285815437205300, 2.795466987400984800, 2.866415572604883400 ) ) ;
#7309 = CARTESIAN_POINT ( 'NONE',  ( -3.004010976374651000, 2.687204667031139100, -2.175180482637804900 ) ) ;
#7310 = CARTESIAN_POINT ( 'NONE',  ( 2.190880056723572000, 2.681513213125143600, 2.923751105819028400 ) ) ;
#7311 = DIRECTION ( 'NONE',  ( -3.491481338843134100E-015, 1.000000000000000000, -0.0000000000000000000 ) ) ;
#7312 = CARTESIAN_POINT ( 'NONE',  ( 3.246727372236257700, 3.126024522483057400, 1.902535069974562000 ) ) ;
#7313 = VERTEX_POINT ( 'NONE', #332 ) ;
#7314 = AXIS2_PLACEMENT_3D ( 'NONE', #4639, #6994, #1148 ) ;
#7315 = LINE ( 'NONE', #1229, #1053 ) ;
#7316 = ADVANCED_FACE ( 'NONE', ( #1509 ), #2643, .T. ) ;
#7317 = EDGE_CURVE ( 'NONE', #6990, #6375, #1851, .T. ) ;
#7318 = EDGE_LOOP ( 'NONE', ( #2499, #7287, #3719, #3380 ) ) ;
#7319 = CARTESIAN_POINT ( 'NONE',  ( 1.953714367004405300, 3.115303057174384700, 3.083930503553784500 ) ) ;
#7320 = DIRECTION ( 'NONE',  ( -0.4194872498868741400, -0.8191520442889902400, 0.3911781889619043200 ) ) ;
#7321 = ORIENTED_EDGE ( 'NONE', *, *, #6876, .F. ) ;
#7322 = CARTESIAN_POINT ( 'NONE',  ( 2.930130598437561900, 2.797394594850831900, 2.242707722172587300 ) ) ;
#7323 = CARTESIAN_POINT ( 'NONE',  ( 1.951831095814068800, 3.115698476884946300, 3.081923882090095800 ) ) ;
#7324 = CARTESIAN_POINT ( 'NONE',  ( -2.244219345173069000, 2.821741088284659400, -2.882348486390352800 ) ) ;
#7325 = CARTESIAN_POINT ( 'NONE',  ( -3.185934205311280000, 4.500000000000000900, 2.743596105747762700 ) ) ;
#7326 = B_SPLINE_CURVE_WITH_KNOTS ( 'NONE', 3,
 ( #4333, #3771, #4954, #1370 ),
 .UNSPECIFIED., .F., .F.,
 ( 4, 4 ),
 ( 0.0000000000000000000, 7.038752501392209600E-005 ),
 .UNSPECIFIED. ) ;
#7327 = DIRECTION ( 'NONE',  ( -1.000000000000000000, 5.042800802258159400E-016, -5.231976636574106000E-032 ) ) ;
#7328 = ADVANCED_FACE ( 'NONE', ( #5169 ), #3071, .T. ) ;
#7329 = AXIS2_PLACEMENT_3D ( 'NONE', #6951, #2911, #5215 ) ;
#7330 = ORIENTED_EDGE ( 'NONE', *, *, #1590, .F. ) ;
#7331 = VERTEX_POINT ( 'NONE', #7292 ) ;
#7332 = CARTESIAN_POINT ( 'NONE',  ( 3.263923464041269500, 3.121038177401906000, 1.931440839352015000 ) ) ;
#7333 = CARTESIAN_POINT ( 'NONE',  ( -3.500000000000001300, 2.049999999999999800, -1.500000000000000200 ) ) ;
#7334 = EDGE_CURVE ( 'NONE', #3966, #5077, #2331, .T. ) ;
#7335 = CARTESIAN_POINT ( 'NONE',  ( -1.955515352315744000, 3.116221459148182900, -3.085874763482197500 ) ) ;
#7336 = VECTOR ( 'NONE', #2772, 1000.000000000000000 ) ;
#7337 = ORIENTED_EDGE ( 'NONE', *, *, #6016, .F. ) ;
#7338 = CARTESIAN_POINT ( 'NONE',  ( 2.524796039991803500, 2.903086963731710500, 3.047235212231246900 ) ) ;
#7339 = CARTESIAN_POINT ( 'NONE',  ( 1.630000000000000300, 4.500000000000000000, 3.250000000000000900 ) ) ;
#7340 = DIRECTION ( 'NONE',  ( 0.8819238886962633700, 0.4698463103929561600, -0.03814051857259712100 ) ) ;
#7341 = CARTESIAN_POINT ( 'NONE',  ( 2.960538120790344100, 2.727773869612099700, 2.215262629689150200 ) ) ;
#7342 = EDGE_CURVE ( 'NONE', #2052, #4836, #6505, .T. ) ;
#7343 = ORIENTED_EDGE ( 'NONE', *, *, #2839, .T. ) ;
#7344 = ORIENTED_EDGE ( 'NONE', *, *, #4071, .T. ) ;
#7345 = ORIENTED_EDGE ( 'NONE', *, *, #6546, .F. ) ;
#7346 = CARTESIAN_POINT ( 'NONE',  ( -2.452293344084210500, 2.857198929007403400, -3.035205217999510800 ) ) ;
#7347 = DIRECTION ( 'NONE',  ( -1.000000000000000000, 0.0000000000000000000, 0.0000000000000000000 ) ) ;
#7348 = CARTESIAN_POINT ( 'NONE',  ( -3.269143326964645700, 3.137321539385737000, -1.926573238428398200 ) ) ;
#7349 = CARTESIAN_POINT ( 'NONE',  ( 2.955703031617595800, 2.736707692424574600, 2.218861042442961600 ) ) ;
#7350 = DIRECTION ( 'NONE',  ( 0.0000000000000000000, 0.0000000000000000000, 1.000000000000000000 ) ) ;
#7351 = VECTOR ( 'NONE', #5938, 1000.000000000000100 ) ;
#7352 = DIRECTION ( 'NONE',  ( 3.491481338843133000E-015, -1.000000000000000000, -0.0000000000000000000 ) ) ;
#7353 = DIRECTION ( 'NONE',  ( 0.4701050976991864000, 0.7660444431189810100, -0.4383800956747110300 ) ) ;
#7354 = ORIENTED_EDGE ( 'NONE', *, *, #2128, .F. ) ;
#7355 = DIRECTION ( 'NONE',  ( 1.000000000000000000, 0.0000000000000000000, 0.0000000000000000000 ) ) ;
#7356 = EDGE_LOOP ( 'NONE', ( #5983, #541, #682, #5191, #3157, #4291 ) ) ;
#7357 = DIRECTION ( 'NONE',  ( 0.0000000000000000000, -1.000000000000000000, 0.0000000000000000000 ) ) ;
#7358 = FACE_OUTER_BOUND ( 'NONE', #6725, .T. ) ;
#7359 = CARTESIAN_POINT ( 'NONE',  ( -1.982111241537975800, 3.122670445329651700, -3.114395362899401700 ) ) ;
#7360 = ORIENTED_EDGE ( 'NONE', *, *, #1128, .T. ) ;
#7361 = CARTESIAN_POINT ( 'NONE',  ( 2.255270915738111400, 2.778607943063199100, 2.872024557315899800 ) ) ;
#7362 = CIRCLE ( 'NONE', #2425, 0.1000000000000002600 ) ;
#7363 = FACE_OUTER_BOUND ( 'NONE', #678, .T. ) ;
#7364 = CARTESIAN_POINT ( 'NONE',  ( 3.166843572955270400, 3.128639004530236800, 1.816870183185520700 ) ) ;
#7365 = DIRECTION ( 'NONE',  ( -0.8523066728710272400, -0.5230423839226795400, -6.505213034913030400E-014 ) ) ;
#7366 = CARTESIAN_POINT ( 'NONE',  ( 1.980000000000001300, 4.500000000000000900, 0.9700000000000004200 ) ) ;
#7367 = DIRECTION ( 'NONE',  ( 0.0000000000000000000, -1.000000000000000000, 0.0000000000000000000 ) ) ;
#7368 = ORIENTED_EDGE ( 'NONE', *, *, #6997, .T. ) ;
#7369 = CYLINDRICAL_SURFACE ( 'NONE', #5069, 0.1500000000000000800 ) ;
#7370 = CYLINDRICAL_SURFACE ( 'NONE', #5210, 0.09999999999999982500 ) ;
#7371 = CARTESIAN_POINT ( 'NONE',  ( 1.993431313776335100, 3.109424068447353800, 3.116171361688612900 ) ) ;
#7372 = AXIS2_PLACEMENT_3D ( 'NONE', #6731, #7311, #1516 ) ;
#7373 = ORIENTED_EDGE ( 'NONE', *, *, #5016, .F. ) ;
#7374 = CARTESIAN_POINT ( 'NONE',  ( 2.141960055506168600, 2.821929211080253200, 2.772589524740630000 ) ) ;
#7375 = PRODUCT ( 'SPM6545VT-100M-D', 'SPM6545VT-100M-D', '', ( #4104 ) ) ;
#7376 = VECTOR ( 'NONE', #2438, 1000.000000000000000 ) ;
#7377 = CARTESIAN_POINT ( 'NONE',  ( -3.234616239897258000, 3.126035741999281500, -1.889547470609032500 ) ) ;
#7378 = CARTESIAN_POINT ( 'NONE',  ( -1.630000000000001200, 4.350000000000000500, 0.9699999999999999700 ) ) ;
#7379 = CARTESIAN_POINT ( 'NONE',  ( -3.269143326964644800, 3.126035741999277500, -1.926573238428396900 ) ) ;
#7380 = CARTESIAN_POINT ( 'NONE',  ( 3.167249183977410600, 3.124979378516602700, 1.816491944788271500 ) ) ;
#7381 = EDGE_LOOP ( 'NONE', ( #4864, #984, #1810, #3614 ) ) ;
#7382 = AXIS2_PLACEMENT_3D ( 'NONE', #716, #5919, #1831 ) ;
#7383 = CARTESIAN_POINT ( 'NONE',  ( 1.885886159059277300, 3.117163579971110400, 3.011382296343407800 ) ) ;
#7384 = LINE ( 'NONE', #5953, #7202 ) ;
#7385 = EDGE_CURVE ( 'NONE', #6931, #2870, #2879, .T. ) ;
#7386 = CARTESIAN_POINT ( 'NONE',  ( 2.224223881591523600, 2.758326327802820300, 2.900976385037336200 ) ) ;
#7387 = ORIENTED_EDGE ( 'NONE', *, *, #1979, .T. ) ;
#7388 = CARTESIAN_POINT ( 'NONE',  ( -3.166922670250364600, 3.127438044480600700, -1.816796423764573100 ) ) ;
#7389 = CARTESIAN_POINT ( 'NONE',  ( 3.091772916731248400, 2.922281082973633200, 2.567620077747159600 ) ) ;
#7390 = LINE ( 'NONE', #4206, #5134 ) ;
#7391 = ORIENTED_EDGE ( 'NONE', *, *, #4573, .F. ) ;
#7392 = VERTEX_POINT ( 'NONE', #1554 ) ;
#7393 = CARTESIAN_POINT ( 'NONE',  ( -3.250000000000001800, 4.350000000000001400, 0.9699999999999999700 ) ) ;
#7394 = VECTOR ( 'NONE', #2332, 1000.000000000000000 ) ;
#7395 = CARTESIAN_POINT ( 'NONE',  ( -3.350000000000001900, 9.549923952960672900E-017, 1.500000000000000200 ) ) ;
#7396 =( LENGTH_UNIT ( ) NAMED_UNIT ( * ) SI_UNIT ( .MILLI., .METRE. ) );
#7397 = ORIENTED_EDGE ( 'NONE', *, *, #1197, .F. ) ;
#7398 = CARTESIAN_POINT ( 'NONE',  ( 3.263337210149060800, 3.120476890306865100, 1.931987529950806200 ) ) ;
#7399 = VECTOR ( 'NONE', #341, 1000.000000000000000 ) ;
#7400 = CARTESIAN_POINT ( 'NONE',  ( -1.968368199396191700, 3.118659409492348500, -3.099657754526002200 ) ) ;
#7401 = DIRECTION ( 'NONE',  ( 0.0000000000000000000, 1.000000000000000000, 0.0000000000000000000 ) ) ;
#7402 = EDGE_CURVE ( 'NONE', #4857, #1887, #4440, .T. ) ;
#7403 = VERTEX_POINT ( 'NONE', #2748 ) ;
#7404 = CARTESIAN_POINT ( 'NONE',  ( 2.250596212048138900, 2.771250581114541600, 2.876383789030012600 ) ) ;
#7405 = FACE_OUTER_BOUND ( 'NONE', #7497, .T. ) ;
#7406 = CARTESIAN_POINT ( 'NONE',  ( 3.139397011872315300, 2.829283322248509000, 2.523209890564457800 ) ) ;
#7407 = CARTESIAN_POINT ( 'NONE',  ( -3.349000000000001100, -2.287516853390374000, -1.645639239468278400 ) ) ;
#7408 = CARTESIAN_POINT ( 'NONE',  ( 2.984891008264184200, 2.813279875669193200, 2.274124271840706900 ) ) ;
#7409 = DIRECTION ( 'NONE',  ( 0.0000000000000000000, 0.0000000000000000000, -1.000000000000000000 ) ) ;
#7410 = VERTEX_POINT ( 'NONE', #4413 ) ;
#7411 = ORIENTED_EDGE ( 'NONE', *, *, #1344, .F. ) ;
#7412 = AXIS2_PLACEMENT_3D ( 'NONE', #5924, #3575, #2976 ) ;
#7413 = EDGE_CURVE ( 'NONE', #5828, #5679, #3933, .T. ) ;
#7414 = EDGE_CURVE ( 'NONE', #7, #2197, #3981, .T. ) ;
#7415 = CARTESIAN_POINT ( 'NONE',  ( 2.958545174206075300, 2.678688643225843000, 2.149261290801882200 ) ) ;
#7416 = EDGE_CURVE ( 'NONE', #1857, #1246, #3803, .T. ) ;
#7417 = DIRECTION ( 'NONE',  ( 0.6819983600624931500, 0.0000000000000000000, 0.7313537016191754600 ) ) ;
#7418 = ORIENTED_EDGE ( 'NONE', *, *, #1006, .T. ) ;
#7419 = DIRECTION ( 'NONE',  ( -3.491481338843134100E-015, 1.000000000000000000, -0.0000000000000000000 ) ) ;
#7420 = CARTESIAN_POINT ( 'NONE',  ( 2.000000000000001800, -4.634964287375531500E-015, -1.500000000000000000 ) ) ;
#7421 = VERTEX_POINT ( 'NONE', #2283 ) ;
#7422 = CARTESIAN_POINT ( 'NONE',  ( -3.308344323261362500, 2.974229134080793400, -2.283947487011448500 ) ) ;
#7423 = B_SPLINE_CURVE_WITH_KNOTS ( 'NONE', 3,
 ( #5173, #6364, #4, #2281 ),
 .UNSPECIFIED., .F., .F.,
 ( 4, 4 ),
 ( 4.860822957698735000E-005, 0.0001341244992979139500 ),
 .UNSPECIFIED. ) ;
#7424 = VECTOR ( 'NONE', #6603, 1000.000000000000000 ) ;
#7425 = ORIENTED_EDGE ( 'NONE', *, *, #3387, .T. ) ;
#7426 = EDGE_CURVE ( 'NONE', #290, #6786, #6258, .T. ) ;
#7427 = CARTESIAN_POINT ( 'NONE',  ( -2.962532879232232700, 2.782589359575951900, -2.212492106506291500 ) ) ;
#7428 = VERTEX_POINT ( 'NONE', #5705 ) ;
#7429 = DIRECTION ( 'NONE',  ( 0.0000000000000000000, -0.0000000000000000000, 1.000000000000000000 ) ) ;
#7430 = ORIENTED_EDGE ( 'NONE', *, *, #4855, .F. ) ;
#7431 = DIRECTION ( 'NONE',  ( -3.491481338843134100E-015, -1.000000000000000000, 0.0000000000000000000 ) ) ;
#7432 = ORIENTED_EDGE ( 'NONE', *, *, #3964, .T. ) ;
#7433 = CARTESIAN_POINT ( 'NONE',  ( -3.500000000000001300, 4.179999999999999700, -1.500000000000000200 ) ) ;
#7434 = VECTOR ( 'NONE', #5339, 1000.000000000000000 ) ;
#7435 = ORIENTED_EDGE ( 'NONE', *, *, #5550, .F. ) ;
#7436 = ORIENTED_EDGE ( 'NONE', *, *, #5490, .T. ) ;
#7437 = AXIS2_PLACEMENT_3D ( 'NONE', #456, #7442, #3923 ) ;
#7438 = VERTEX_POINT ( 'NONE', #4584 ) ;
#7439 = CARTESIAN_POINT ( 'NONE',  ( 1.988273549576085700, 4.029999999999999400, 3.121003629221004600 ) ) ;
#7440 = DIRECTION ( 'NONE',  ( 0.0000000000000000000, 1.000000000000000000, 0.0000000000000000000 ) ) ;
#7441 = ORIENTED_EDGE ( 'NONE', *, *, #3201, .F. ) ;
#7442 = DIRECTION ( 'NONE',  ( 0.6819983600624931500, -0.0000000000000000000, 0.7313537016191754600 ) ) ;
#7443 = VECTOR ( 'NONE', #3183, 1000.000000000000100 ) ;
#7444 = CARTESIAN_POINT ( 'NONE',  ( -2.266883889531641700, 2.795449127592414900, -2.862562611519608800 ) ) ;
#7445 = DIRECTION ( 'NONE',  ( -0.0000000000000000000, -1.000000000000000000, 1.037514040655985100E-016 ) ) ;
#7446 = EDGE_LOOP ( 'NONE', ( #3983, #1960, #2073, #7224 ) ) ;
#7447 = CARTESIAN_POINT ( 'NONE',  ( 2.942801820517651800, 2.813412793946953100, 2.230891616423541300 ) ) ;
#7448 = DIRECTION ( 'NONE',  ( -0.009204126107053095500, 0.4924038765061045700, -0.8703181639287820300 ) ) ;
#7449 = LINE ( 'NONE', #7098, #4556 ) ;
#7450 = DIRECTION ( 'NONE',  ( -0.8819238886962635900, -0.4698463103929559900, 0.03814051857259676000 ) ) ;
#7451 = EDGE_CURVE ( 'NONE', #4161, #2657, #5253, .T. ) ;
#7452 = ORIENTED_EDGE ( 'NONE', *, *, #6166, .F. ) ;
#7453 = CARTESIAN_POINT ( 'NONE',  ( 3.350000000000001400, 2.049999999999999800, 1.500000000000000200 ) ) ;
#7454 = FACE_OUTER_BOUND ( 'NONE', #5359, .T. ) ;
#7455 = LINE ( 'NONE', #3810, #5911 ) ;
#7456 = B_SPLINE_CURVE_WITH_KNOTS ( 'NONE', 3,
 ( #4796, #5845, #3011, #6443 ),
 .UNSPECIFIED., .F., .F.,
 ( 4, 4 ),
 ( 2.995398813858597600E-005, 0.0001226945781615042600 ),
 .UNSPECIFIED. ) ;
#7457 = PLANE ( 'NONE',  #4216 ) ;
#7458 = ORIENTED_EDGE ( 'NONE', *, *, #1927, .F. ) ;
#7459 = CARTESIAN_POINT ( 'NONE',  ( -3.167893077028064200, 3.122502720409079800, -1.815954495658374900 ) ) ;
#7460 = CARTESIAN_POINT ( 'NONE',  ( -1.630000000000001200, 4.350000000000000500, 3.397182120936205900 ) ) ;
#7461 = CARTESIAN_POINT ( 'NONE',  ( -2.249999999999998700, 4.500000000000000000, 3.250000000000000900 ) ) ;
#7462 = ORIENTED_EDGE ( 'NONE', *, *, #3393, .T. ) ;
#7463 = DIRECTION ( 'NONE',  ( -0.8819238886962633700, -0.4698463103929562100, 0.03814051857259703100 ) ) ;
#7464 = VECTOR ( 'NONE', #5018, 1000.000000000000000 ) ;
#7465 = CARTESIAN_POINT ( 'NONE',  ( 3.179131998563743600, 3.085786930232151900, 1.806809010982915400 ) ) ;
#7466 = DIRECTION ( 'NONE',  ( 0.009204126107052261100, 0.4924038765061049000, 0.8703181639287819200 ) ) ;
#7467 = CARTESIAN_POINT ( 'NONE',  ( -3.099252197081730800, 2.907272590217529400, -2.560452888321922900 ) ) ;
#7468 = B_SPLINE_CURVE_WITH_KNOTS ( 'NONE', 3,
 ( #2781, #471, #4549, #2220 ),
 .UNSPECIFIED., .F., .F.,
 ( 4, 4 ),
 ( 6.133173666733497700E-019, 8.868670336624405700E-005 ),
 .UNSPECIFIED. ) ;
#7469 = EDGE_CURVE ( 'NONE', #4152, #4982, #4564, .T. ) ;
#7470 = ORIENTED_EDGE ( 'NONE', *, *, #7385, .F. ) ;
#7471 = CARTESIAN_POINT ( 'NONE',  ( 3.073925652642142600, 2.947922917752089100, 2.577196850564789100 ) ) ;
#7472 = VECTOR ( 'NONE', #6514, 1000.000000000000000 ) ;
#7473 = ADVANCED_FACE ( 'NONE', ( #2521 ), #2188, .T. ) ;
#7474 = VERTEX_POINT ( 'NONE', #7489 ) ;
#7475 = CARTESIAN_POINT ( 'NONE',  ( -2.259789185584718300, 2.801560549397478900, -2.867811202520247300 ) ) ;
#7476 = CARTESIAN_POINT ( 'NONE',  ( 3.167078968203488100, 3.126261112468990500, 1.816650673565352900 ) ) ;
#7477 = CARTESIAN_POINT ( 'NONE',  ( -3.350000000000001400, 4.179999999999999700, 1.099999999999999600 ) ) ;
#7478 = ORIENTED_EDGE ( 'NONE', *, *, #2553, .T. ) ;
#7479 = AXIS2_PLACEMENT_3D ( 'NONE', #5399, #7429, #2452 ) ;
#7480 =( BOUNDED_SURFACE ( )  B_SPLINE_SURFACE ( 3, 2, ( 
 ( #4115, #6452, #7024 ),
 ( #727, #4195, #3557 ),
 ( #648, #3038, #7102 ),
 ( #3603, #116, #3628 ) ),
 .UNSPECIFIED., .F., .F., .F. ) 
 B_SPLINE_SURFACE_WITH_KNOTS ( ( 4, 4 ),
 ( 3, 3 ),
 ( -2.299530942477635100E-006, 9.417128885559976200E-005 ),
 ( 0.0000000000000000000, 1.000000000000000000 ),
 .UNSPECIFIED. ) 
 GEOMETRIC_REPRESENTATION_ITEM ( )  RATIONAL_B_SPLINE_SURFACE ( (
 ( 1.000000000000000000, 1.000000000000000000, 1.000000000000000000),
 ( 1.000000000000000000, 0.9970630627198654400, 1.000000000000000000),
 ( 1.000000000000000000, 0.9845163466185736800, 1.000000000000000000),
 ( 1.000000000000000000, 0.9798813982308267600, 1.000000000000000000) ) ) 
 REPRESENTATION_ITEM ( '' )  SURFACE ( )  );
#7481 = EDGE_CURVE ( 'NONE', #2807, #879, #5972, .T. ) ;
#7482 = DIRECTION ( 'NONE',  ( 0.7313537016191747900, -3.771137991253932100E-014, -0.6819983600624941500 ) ) ;
#7483 = CARTESIAN_POINT ( 'NONE',  ( 2.244219345173069000, 2.821741088284659400, 2.882348486390352800 ) ) ;
#7484 = CARTESIAN_POINT ( 'NONE',  ( -3.250000000000001300, 4.500000000000000900, 3.397182120936205900 ) ) ;
#7485 = ORIENTED_EDGE ( 'NONE', *, *, #958, .F. ) ;
#7486 = VERTEX_POINT ( 'NONE', #6292 ) ;
#7487 = VECTOR ( 'NONE', #7522, 1000.000000000000000 ) ;
#7488 = CARTESIAN_POINT ( 'NONE',  ( -3.350000000000001400, 4.179999999999999700, -1.645639239468278400 ) ) ;
#7489 = CARTESIAN_POINT ( 'NONE',  ( -3.298699525350364100, 2.955527081853199300, -2.343370224139346400 ) ) ;
#7490 = VERTEX_POINT ( 'NONE', #5105 ) ;
#7491 = CARTESIAN_POINT ( 'NONE',  ( 2.364883570789317900, 2.818666014943783900, 2.994534422505914500 ) ) ;
#7492 = CARTESIAN_POINT ( 'NONE',  ( -3.262884114605363500, 3.119678942642527100, -1.932395714827537900 ) ) ;
#7493 = VECTOR ( 'NONE', #1130, 1000.000000000000000 ) ;
#7494 = EDGE_CURVE ( 'NONE', #5090, #4324, #522, .T. ) ;
#7495 = DIRECTION ( 'NONE',  ( -0.2150365125489326300, 0.3289899283371637300, -0.9195242929490773400 ) ) ;
#7496 = ORIENTED_EDGE ( 'NONE', *, *, #3008, .F. ) ;
#7497 = EDGE_LOOP ( 'NONE', ( #4065, #5172, #155, #1100 ) ) ;
#7498 = CARTESIAN_POINT ( 'NONE',  ( -1.595841985638535700, 1.339005375493241800, -3.488319310330466800 ) ) ;
#7499 = DIRECTION ( 'NONE',  ( 1.000000000000000000, -3.491481338843134100E-015, -1.606225440719266100E-016 ) ) ;
#7500 = LINE ( 'NONE', #6500, #2231 ) ;
#7501 = B_SPLINE_CURVE_WITH_KNOTS ( 'NONE', 3,
 ( #6648, #1850, #3612, #4205 ),
 .UNSPECIFIED., .F., .F.,
 ( 4, 4 ),
 ( 0.9783725020300244600, 1.000000000000000000 ),
 .UNSPECIFIED. ) ;
#7502 = EDGE_CURVE ( 'NONE', #3718, #3885, #2062, .T. ) ;
#7503 = ORIENTED_EDGE ( 'NONE', *, *, #5394, .F. ) ;
#7504 = CARTESIAN_POINT ( 'NONE',  ( -3.054683373377649100, 2.825527100958818800, -2.377356961788095600 ) ) ;
#7505 = EDGE_LOOP ( 'NONE', ( #698, #628, #5976, #4746 ) ) ;
#7506 = CARTESIAN_POINT ( 'NONE',  ( 3.243638906798518700, 3.124614421255049700, 1.899441636638408800 ) ) ;
#7507 = VECTOR ( 'NONE', #7513, 1000.000000000000000 ) ;
#7508 = AXIS2_PLACEMENT_3D ( 'NONE', #5393, #4303, #812 ) ;
#7509 = ORIENTED_EDGE ( 'NONE', *, *, #4528, .F. ) ;
#7510 = EDGE_LOOP ( 'NONE', ( #6309, #6508, #5361 ) ) ;
#7511 = EDGE_CURVE ( 'NONE', #3187, #5813, #6844, .T. ) ;
#7512 = DIRECTION ( 'NONE',  ( 0.4701884262107528000, -0.8825660563705447500, 0.0000000000000000000 ) ) ;
#7513 = DIRECTION ( 'NONE',  ( -0.0000000000000000000, -1.000000000000000000, 1.037514040655985100E-016 ) ) ;
#7514 = CARTESIAN_POINT ( 'NONE',  ( -3.500000000000001300, 2.049999999999999800, -1.500000000000000200 ) ) ;
#7515 = ORIENTED_EDGE ( 'NONE', *, *, #4271, .T. ) ;
#7516 = LINE ( 'NONE', #1222, #5980 ) ;
#7517 = CARTESIAN_POINT ( 'NONE',  ( 3.050291662069463800, 2.679075721088799000, 2.311822992253914000 ) ) ;
#7518 = CARTESIAN_POINT ( 'NONE',  ( -3.246446609406724400, -8.111191434266471600E-017, -1.742639150792150600 ) ) ;
#7519 = ORIENTED_EDGE ( 'NONE', *, *, #1184, .F. ) ;
#7520 = B_SPLINE_CURVE_WITH_KNOTS ( 'NONE', 3,
 ( #6650, #6202, #3315, #3896, #6929, #2277, #5766 ),
 .UNSPECIFIED., .F., .F.,
 ( 4, 3, 4 ),
 ( 0.0000000000000000000, 4.531710703017414500E-005, 7.606913144427067600E-005 ),
 .UNSPECIFIED. ) ;
#7521 = EDGE_LOOP ( 'NONE', ( #4147, #6091, #2229, #3535 ) ) ;
#7522 = DIRECTION ( 'NONE',  ( -0.4701050976991866200, 0.7660444431189820100, 0.4383800956747088700 ) ) ;
#7523 = ORIENTED_EDGE ( 'NONE', *, *, #1871, .F. ) ;
#7524 = EDGE_CURVE ( 'NONE', #1793, #4534, #1884, .T. ) ;
#7525 = CARTESIAN_POINT ( 'NONE',  ( -3.350000000000001400, -2.287516853390374000, -1.645639239468278400 ) ) ;
#7526 = LINE ( 'NONE', #565, #180 ) ;
#7527 = CARTESIAN_POINT ( 'NONE',  ( -1.968382373761832000, 3.112866045276257800, -3.098513251985411300 ) ) ;
#7528 = CARTESIAN_POINT ( 'NONE',  ( 3.247851382349798300, 3.098396605053969700, 2.342519118927764300 ) ) ;
#7529 = VERTEX_POINT ( 'NONE', #1677 ) ;
#7530 = DIRECTION ( 'NONE',  ( 0.0000000000000000000, 0.0000000000000000000, 1.000000000000000000 ) ) ;
#7531 = VERTEX_POINT ( 'NONE', #2257 ) ;
#7532 = FACE_OUTER_BOUND ( 'NONE', #1360, .T. ) ;
#7533 = CARTESIAN_POINT ( 'NONE',  ( 1.899271876022011300, 3.112224392707026800, 3.027419329942475200 ) ) ;
#7534 = ORIENTED_EDGE ( 'NONE', *, *, #6221, .T. ) ;
ENDSEC;
END-ISO-10303-21;
