#VRML V2.0 utf8
# 3D model generated by easyeda2kicad.py (https://github.com/uPesy/easyeda2kicad.py)

Shape{
    appearance Appearance {
        material  Material 	{
            diffuseColor 0.25098039215686274 0.25098039215686274 0.25098039215686274
            specularColor 0.12549019607843137 0.12549019607843137 0.12549019607843137
            ambientIntensity 0.251
            transparency 0.0
            shininess 0.5
        }
    }
    geometry IndexedFaceSet {
        ccw TRUE
        solid FALSE
        coord DEF co Coordinate {
            point [
                0.7853 0.0575 1.2992, 0.7874 0.0 1.2992, 0.7874 0.0 0.9055, 0.7853 -0.0575 0.9055, 0.7853 -0.0575 1.2992, 0.7686 -0.1712 1.2992, 0.7686 -0.1712 0.9055, 0.7354 -0.2813 1.2992, 0.7354 -0.2813 0.9055, 0.6867 -0.3854 1.2992, 0.6867 -0.3854 0.9055, 0.6232 -0.4812 1.2992, 0.6232 -0.4812 0.9055, 0.5465 -0.5669 1.2992, 0.5465 -0.5669 0.9055, 0.4582 -0.6404 1.2992, 0.4582 -0.6404 0.9055, 0.36 -0.7003 1.2992, 0.36 -0.7003 0.9055, 0.2542 -0.7452 1.2992, 0.2542 -0.7452 0.9055, 0.143 -0.7743 1.2992, 0.143 -0.7743 0.9055, 0.0288 -0.7869 1.2992, 0.0288 -0.7869 0.9055, -0.0861 -0.7827 1.2992, -0.0861 -0.7827 0.9055, -0.1992 -0.7618 1.2992, -0.1992 -0.7618 0.9055, -0.308 -0.7247 1.2992, -0.308 -0.7247 0.9055, -0.4102 -0.6721 1.2992, -0.4102 -0.6721 0.9055, -0.5037 -0.6052 1.2992, -0.5037 -0.6052 0.9055, -0.5864 -0.5254 1.2992, -0.5864 -0.5254 0.9055, -0.6567 -0.4345 1.2992, -0.6567 -0.4345 0.9055, -0.713 -0.3342 1.2992, -0.713 -0.3342 0.9055, -0.754 -0.2268 1.2992, -0.754 -0.2268 0.9055, -0.779 -0.1146 1.2992, -0.779 -0.1146 0.9055, -0.7874 0.0 1.2992, -0.7874 0.0 0.9055, -0.779 0.1146 1.2992, -0.779 0.1146 0.9055, -0.754 0.2268 1.2992, -0.754 0.2268 0.9055, -0.713 0.3342 1.2992, -0.713 0.3342 0.9055, -0.6567 0.4345 1.2992, -0.6567 0.4345 0.9055, -0.5864 0.5254 1.2992, -0.5864 0.5254 0.9055, -0.5037 0.6052 1.2992, -0.5037 0.6052 0.9055, -0.4102 0.6721 1.2992, -0.4102 0.6721 0.9055, -0.308 0.7247 1.2992, -0.308 0.7247 0.9055, -0.1992 0.7618 1.2992, -0.1992 0.7618 0.9055, -0.0861 0.7827 1.2992, -0.0861 0.7827 0.9055, 0.0288 0.7869 1.2992, 0.0288 0.7869 0.9055, 0.143 0.7743 1.2992, 0.143 0.7743 0.9055, 0.2542 0.7452 1.2992, 0.2542 0.7452 0.9055, 0.36 0.7003 1.2992, 0.36 0.7003 0.9055, 0.4582 0.6404 1.2992, 0.4582 0.6404 0.9055, 0.5465 0.5669 1.2992, 0.5465 0.5669 0.9055, 0.6232 0.4812 1.2992, 0.6232 0.4812 0.9055, 0.6867 0.3854 1.2992, 0.6867 0.3854 0.9055, 0.7354 0.2813 1.2992, 0.7354 0.2813 0.9055, 0.7686 0.1712 1.2992, 0.7686 0.1712 0.9055, 0.7853 0.0575 0.9055, 0.0 0.0 0.9055, 0.7382 0.0 1.9685, 0.7299 0.11 1.378, 0.7299 0.11 1.9685, 0.7054 0.2176 1.378, 0.7054 0.2176 1.9685, 0.6651 0.3203 1.378, 0.6651 0.3203 1.9685, 0.6099 0.4158 1.378, 0.6099 0.4158 1.9685, 0.5411 0.5021 1.378, 0.5411 0.5021 1.9685, 0.4603 0.5771 1.378, 0.4603 0.5771 1.9685, 0.3691 0.6393 1.378, 0.3691 0.6393 1.9685, 0.2697 0.6872 1.378, 0.2697 0.6872 1.9685, 0.1643 0.7197 1.378, 0.1643 0.7197 1.9685, 0.0552 0.7361 1.378, 0.0552 0.7361 1.9685, -0.0552 0.7361 1.378, -0.0552 0.7361 1.9685, -0.1643 0.7197 1.378, -0.1643 0.7197 1.9685, -0.2697 0.6872 1.378, -0.2697 0.6872 1.9685, -0.3691 0.6393 1.378, -0.3691 0.6393 1.9685, -0.4603 0.5771 1.378, -0.4603 0.5771 1.9685, -0.5411 0.5021 1.378, -0.5411 0.5021 1.9685, -0.6099 0.4158 1.378, -0.6099 0.4158 1.9685, -0.6651 0.3203 1.378, -0.6651 0.3203 1.9685, -0.7054 0.2176 1.378, -0.7054 0.2176 1.9685, -0.7299 0.11 1.378, -0.7299 0.11 1.9685, -0.7382 0.0 1.378, -0.7382 0.0 1.9685, -0.7299 -0.11 1.378, -0.7299 -0.11 1.9685, -0.7054 -0.2176 1.378, -0.7054 -0.2176 1.9685, -0.6651 -0.3203 1.378, -0.6651 -0.3203 1.9685, -0.6099 -0.4158 1.378, -0.6099 -0.4158 1.9685, -0.5411 -0.5021 1.378, -0.5411 -0.5021 1.9685, -0.4603 -0.5771 1.378, -0.4603 -0.5771 1.9685, -0.3691 -0.6393 1.378, -0.3691 -0.6393 1.9685, -0.2697 -0.6872 1.378, -0.2697 -0.6872 1.9685, -0.1643 -0.7197 1.378, -0.1643 -0.7197 1.9685, -0.0552 -0.7361 1.378, -0.0552 -0.7361 1.9685, 0.0552 -0.7361 1.378, 0.0552 -0.7361 1.9685, 0.1643 -0.7197 1.378, 0.1643 -0.7197 1.9685, 0.2697 -0.6872 1.378, 0.2697 -0.6872 1.9685, 0.3691 -0.6393 1.378, 0.3691 -0.6393 1.9685, 0.4603 -0.5771 1.378, 0.4603 -0.5771 1.9685, 0.5411 -0.5021 1.378, 0.5411 -0.5021 1.9685, 0.6099 -0.4158 1.378, 0.6099 -0.4158 1.9685, 0.6651 -0.3203 1.378, 0.6651 -0.3203 1.9685, 0.7054 -0.2176 1.378, 0.7054 -0.2176 1.9685, 0.7299 -0.11 1.378, 0.7299 -0.11 1.9685, 0.7382 0.0 1.378, 0.7643 -0.0559 1.378, 0.7663 0.0 1.378, 0.7643 0.0559 1.378, 0.748 0.1666 1.378, 0.7157 0.2737 1.378, 0.6683 0.375 1.378, 0.6065 0.4683 1.378, 0.5319 0.5517 1.378, 0.4459 0.6232 1.378, 0.3504 0.6815 1.378, 0.2474 0.7253 1.378, 0.1392 0.7536 1.378, 0.028 0.7658 1.378, -0.0838 0.7617 1.378, -0.1938 0.7414 1.378, -0.2997 0.7053 1.378, -0.3992 0.6541 1.378, -0.4902 0.589 1.378, -0.5707 0.5114 1.378, -0.6391 0.4228 1.378, -0.6938 0.3253 1.378, -0.7338 0.2208 1.378, -0.7581 0.1116 1.378, -0.7663 0.0 1.378, -0.7581 -0.1116 1.378, -0.7338 -0.2208 1.378, -0.6938 -0.3253 1.378, -0.6391 -0.4228 1.378, -0.5707 -0.5114 1.378, -0.4902 -0.589 1.378, -0.3992 -0.6541 1.378, -0.2997 -0.7053 1.378, -0.1938 -0.7414 1.378, -0.0838 -0.7617 1.378, 0.028 -0.7658 1.378, 0.1392 -0.7536 1.378, 0.2474 -0.7253 1.378, 0.3504 -0.6815 1.378, 0.4459 -0.6232 1.378, 0.5319 -0.5517 1.378, 0.6065 -0.4683 1.378, 0.6683 -0.375 1.378, 0.7157 -0.2737 1.378, 0.748 -0.1666 1.378, 0.2953 -0.4921 1.9685, -0.4921 0.2953 1.9685, -0.4921 -0.2953 1.9685, -0.2953 -0.4921 1.9685, 0.4921 0.2953 1.9685, 0.4921 -0.2953 1.9685, -0.2953 0.4921 1.9685, 0.2953 0.4921 1.9685, 0.4921 0.2953 2.5591, 0.4921 -0.2953 2.5591, 0.2953 0.4921 2.5591, -0.2953 0.4921 2.5591, -0.4921 0.2953 2.5591, -0.4921 -0.2953 2.5591, -0.2953 -0.4921 2.5591, 0.2953 -0.4921 2.5591, 0.1734 0.3535 2.5591, 0.241 0.3113 2.5591, 0.3442 0.1911 2.5591, 0.3756 0.1179 2.5591, -0.3618 -0.1553 2.5591, -0.3856 -0.0793 2.5591, -0.3937 0.0 2.5591, -0.3856 0.0793 2.5591, -0.2083 0.3341 2.5591, -0.1367 0.3692 2.5591, 0.3917 0.0398 2.5591, 0.3937 0.0 2.5591, 0.3917 -0.0398 2.5591, 0.3756 -0.1179 2.5591, 0.2987 0.2564 2.5591, 0.3442 -0.1911 2.5591, 0.2987 -0.2564 2.5591, 0.241 -0.3113 2.5591, 0.1734 -0.3535 2.5591, 0.0987 -0.3811 2.5591, 0.0199 -0.3932 2.5591, -0.0596 -0.3892 2.5591, -0.1367 -0.3692 2.5591, -0.2083 -0.3341 2.5591, -0.2712 -0.2854 2.5591, -0.3231 -0.2249 2.5591, -0.3618 0.1553 2.5591, -0.3231 0.2249 2.5591, -0.2712 0.2854 2.5591, -0.0596 0.3892 2.5591, 0.0199 0.3932 2.5591, 0.0987 0.3811 2.5591, 0.3917 0.0398 2.9528, 0.3937 0.0 2.9528, 0.3917 -0.0398 2.9528, 0.3756 -0.1179 2.9528, 0.3442 -0.1911 2.9528, 0.2987 -0.2564 2.9528, 0.241 -0.3113 2.9528, 0.1734 -0.3535 2.9528, 0.0987 -0.3811 2.9528, 0.0199 -0.3932 2.9528, -0.0596 -0.3892 2.9528, -0.1367 -0.3692 2.9528, -0.2083 -0.3341 2.9528, -0.2712 -0.2854 2.9528, -0.3231 -0.2249 2.9528, -0.3618 -0.1553 2.9528, -0.3856 -0.0793 2.9528, -0.3937 0.0 2.9528, -0.3856 0.0793 2.9528, -0.3618 0.1553 2.9528, -0.3231 0.2249 2.9528, -0.2712 0.2854 2.9528, -0.2083 0.3341 2.9528, -0.1367 0.3692 2.9528, -0.0596 0.3892 2.9528, 0.0199 0.3932 2.9528, 0.0987 0.3811 2.9528, 0.1734 0.3535 2.9528, 0.241 0.3113 2.9528, 0.2987 0.2564 2.9528, 0.3442 0.1911 2.9528, 0.3756 0.1179 2.9528, 0.2953 -0.4921 3.3465, 0.2953 -0.4921 2.9528, 0.4921 -0.2953 3.3465, 0.4921 -0.2953 2.9528, 0.4921 0.2953 3.3465, 0.4921 0.2953 2.9528, 0.2953 0.4921 3.3465, 0.2953 0.4921 2.9528, -0.2953 0.4921 3.3465, -0.2953 0.4921 2.9528, -0.4921 0.2953 3.3465, -0.4921 0.2953 2.9528, -0.4921 -0.2953 3.3465, -0.4921 -0.2953 2.9528, -0.2953 -0.4921 3.3465, -0.2953 -0.4921 2.9528, 0.2137 -0.2953 3.5433, 0.2953 -0.2137 3.5433, -0.2137 -0.2953 3.5433, 0.2953 0.2137 3.5433, -0.2953 -0.2137 3.5433, 0.2137 0.2953 3.5433, -0.2953 0.2137 3.5433, -0.2137 0.2953 3.5433, -1.9685 -1.1024 0.3858, -1.9685 -1.4567 0.3858, -1.9685 -1.9882 0.8268, -1.9685 -1.9882 0.0, -1.9685 1.1024 0.3465, -1.9685 1.9882 0.0, -1.9685 1.4567 0.3465, -1.9685 1.9882 0.8268, -1.9685 1.4567 0.3858, -1.9685 1.1024 0.3858, -1.9685 -1.4567 0.3465, -1.9685 -1.1024 0.3465, -1.9685 -0.3543 0.3858, -1.9685 0.0 0.3858, -1.9685 0.0 0.3465, -1.9685 -0.3543 0.3465, 1.9685 -1.1024 0.3465, 1.9685 -1.4567 0.3465, 1.9685 -1.9882 0.0, 1.9685 -1.9882 0.8268, 1.9685 1.1024 0.3858, 1.9685 1.9882 0.8268, 1.9685 1.4567 0.3858, 1.9685 1.9882 0.0, 1.9685 1.4567 0.3465, 1.9685 1.1024 0.3465, 1.9685 -1.4567 0.3858, 1.9685 -1.1024 0.3858, 1.9685 -0.3543 0.3465, 1.9685 0.0 0.3465, 1.9685 0.0 0.3858, 1.9685 -0.3543 0.3858, 1.1811 -1.9882 0.0, 1.1811 -1.5945 0.0, 0.3937 -1.9882 0.0, -0.3937 -1.9882 0.0, 0.3937 -1.5945 0.0, -0.3937 -1.5945 0.0, -1.1811 -1.9882 0.0, -1.1811 -1.5945 0.0, 0.7923 -0.994 0.0, 0.8279 -1.0087 0.0, 0.8661 -1.0138 0.0, 0.8661 -0.7185 0.0, 0.8279 -0.7235 0.0, -0.3937 1.5945 0.0, 0.7923 -0.7383 0.0, -1.1811 1.5945 0.0, 0.7617 -0.7617 0.0, 0.7383 -0.7923 0.0, -0.8279 -0.7235 0.0, -0.8661 -0.7185 0.0, 0.7235 -0.8279 0.0, 1.1811 1.9882 0.0, 1.1811 1.5945 0.0, 0.3937 1.5945 0.0, 0.3937 1.9882 0.0, -0.3937 1.9882 0.0, 0.994 -0.7923 0.0, 0.9705 -0.7617 0.0, -0.7923 -0.7383 0.0, -0.94 -0.7383 0.0, -0.9705 -0.7617 0.0, -0.994 -0.7923 0.0, -0.7235 -0.8279 0.0, -0.7185 -0.8661 0.0, -0.7235 -0.9044 0.0, -0.7383 -0.7923 0.0, -0.7617 -0.7617 0.0, 0.9044 -1.0087 0.0, 0.94 -0.994 0.0, 0.9705 -0.9705 0.0, 0.994 -0.94 0.0, 1.0087 -0.9044 0.0, 1.0138 -0.8661 0.0, 1.0087 -0.8279 0.0, 0.94 -0.7383 0.0, 0.9044 -0.7235 0.0, 0.7185 -0.8661 0.0, 0.7235 -0.9044 0.0, 0.7383 -0.94 0.0, 0.7617 -0.9705 0.0, -1.1811 1.9882 0.0, -0.9044 -0.7235 0.0, -1.0087 -0.9044 0.0, -1.0138 -0.8661 0.0, -1.0087 -0.8279 0.0, -0.994 -0.94 0.0, -0.9705 -0.9705 0.0, -0.94 -0.994 0.0, -0.9044 -1.0087 0.0, -0.8661 -1.0138 0.0, -0.8279 -1.0087 0.0, -0.7923 -0.994 0.0, -0.7617 -0.9705 0.0, -0.7383 -0.94 0.0, -1.1811 -1.9882 0.2756, -0.3937 -1.9882 0.2756, 1.1811 -1.9882 0.2756, 0.3937 -1.9882 0.2756, 1.1811 1.9882 0.2756, 0.3937 1.9882 0.2756, -1.1811 1.9882 0.2756, -0.3937 1.9882 0.2756, -1.1811 -1.5945 0.2756, -0.3937 -1.5945 0.2756, -1.1811 1.5945 0.2756, -0.3937 1.5945 0.2756, 1.1811 1.5945 0.2756, 0.3937 1.5945 0.2756, 1.1811 -1.5945 0.2756, 0.3937 -1.5945 0.2756
            ]
        }
        coordIndex [
            0,1,2,-1,2,1,3,-1,1,4,3,-1,3,4,5,-1,3,5,6,-1,6,5,7,-1,6,7,8,-1,8,7,9,-1,8,9,10,-1,10,9,11,-1,10,11,12,-1,12,11,13,-1,12,13,14,-1,14,13,15,-1,14,15,16,-1,16,15,17,-1,16,17,18,-1,18,17,19,-1,18,19,20,-1,20,19,21,-1,20,21,22,-1,22,21,23,-1,22,23,24,-1,24,23,25,-1,24,25,26,-1,26,25,27,-1,26,27,28,-1,28,27,29,-1,28,29,30,-1,30,29,31,-1,30,31,32,-1,32,31,33,-1,32,33,34,-1,34,33,35,-1,34,35,36,-1,36,35,37,-1,36,37,38,-1,38,37,39,-1,38,39,40,-1,40,39,41,-1,40,41,42,-1,42,41,43,-1,42,43,44,-1,44,43,45,-1,44,45,46,-1,46,45,47,-1,46,47,48,-1,48,47,49,-1,48,49,50,-1,50,49,51,-1,50,51,52,-1,52,51,53,-1,52,53,54,-1,54,53,55,-1,54,55,56,-1,56,55,57,-1,56,57,58,-1,58,57,59,-1,58,59,60,-1,60,59,61,-1,60,61,62,-1,62,61,63,-1,62,63,64,-1,64,63,65,-1,64,65,66,-1,66,65,67,-1,66,67,68,-1,68,67,69,-1,68,69,70,-1,70,69,71,-1,70,71,72,-1,72,71,73,-1,72,73,74,-1,74,73,75,-1,74,75,76,-1,76,75,77,-1,76,77,78,-1,78,77,79,-1,78,79,80,-1,80,79,81,-1,80,81,82,-1,82,81,83,-1,82,83,84,-1,84,83,85,-1,84,85,86,-1,86,85,0,-1,86,0,87,-1,87,0,2,-1,2,3,88,-1,2,88,87,-1,82,84,88,-1,88,84,86,-1,88,86,87,-1,76,78,88,-1,88,78,80,-1,88,80,82,-1,70,72,88,-1,88,72,74,-1,88,74,76,-1,64,66,88,-1,88,66,68,-1,88,68,70,-1,58,60,88,-1,88,60,62,-1,88,62,64,-1,52,54,88,-1,88,54,56,-1,88,56,58,-1,46,48,88,-1,88,48,50,-1,88,50,52,-1,40,42,88,-1,88,42,44,-1,88,44,46,-1,34,36,88,-1,88,36,38,-1,88,38,40,-1,28,30,88,-1,88,30,32,-1,88,32,34,-1,22,24,88,-1,88,24,26,-1,88,26,28,-1,16,18,88,-1,88,18,20,-1,88,20,22,-1,10,12,88,-1,88,12,14,-1,88,14,16,-1,3,6,88,-1,88,6,8,-1,88,8,10,-1,89,90,91,-1,91,90,92,-1,91,92,93,-1,93,92,94,-1,93,94,95,-1,95,94,96,-1,95,96,97,-1,97,96,98,-1,97,98,99,-1,99,98,100,-1,99,100,101,-1,101,100,102,-1,101,102,103,-1,103,102,104,-1,103,104,105,-1,105,104,106,-1,105,106,107,-1,107,106,108,-1,107,108,109,-1,109,108,110,-1,109,110,111,-1,111,110,112,-1,111,112,113,-1,113,112,114,-1,113,114,115,-1,115,114,116,-1,115,116,117,-1,117,116,118,-1,117,118,119,-1,119,118,120,-1,119,120,121,-1,121,120,122,-1,121,122,123,-1,123,122,124,-1,123,124,125,-1,125,124,126,-1,125,126,127,-1,127,126,128,-1,127,128,129,-1,129,128,130,-1,129,130,131,-1,131,130,132,-1,131,132,133,-1,133,132,134,-1,133,134,135,-1,135,134,136,-1,135,136,137,-1,137,136,138,-1,137,138,139,-1,139,138,140,-1,139,140,141,-1,141,140,142,-1,141,142,143,-1,143,142,144,-1,143,144,145,-1,145,144,146,-1,145,146,147,-1,147,146,148,-1,147,148,149,-1,149,148,150,-1,149,150,151,-1,151,150,152,-1,151,152,153,-1,153,152,154,-1,153,154,155,-1,155,154,156,-1,155,156,157,-1,157,156,158,-1,157,158,159,-1,159,158,160,-1,159,160,161,-1,161,160,162,-1,161,162,163,-1,163,162,164,-1,163,164,165,-1,165,164,166,-1,165,166,167,-1,167,166,168,-1,167,168,169,-1,169,168,170,-1,169,170,171,-1,171,170,172,-1,171,172,89,-1,89,172,90,-1,173,174,172,-1,172,174,175,-1,172,175,90,-1,90,175,176,-1,90,176,92,-1,92,176,177,-1,92,177,94,-1,94,177,178,-1,94,178,96,-1,96,178,179,-1,96,179,98,-1,98,179,180,-1,98,180,100,-1,100,180,181,-1,100,181,102,-1,102,181,182,-1,102,182,104,-1,104,182,183,-1,104,183,106,-1,106,183,184,-1,106,184,108,-1,108,184,185,-1,108,185,110,-1,110,185,186,-1,110,186,112,-1,112,186,187,-1,112,187,114,-1,114,187,188,-1,114,188,116,-1,116,188,189,-1,116,189,118,-1,118,189,190,-1,118,190,120,-1,120,190,191,-1,120,191,122,-1,122,191,192,-1,122,192,124,-1,124,192,193,-1,124,193,126,-1,126,193,194,-1,126,194,128,-1,128,194,195,-1,128,195,130,-1,130,195,196,-1,130,196,132,-1,132,196,197,-1,132,197,134,-1,134,197,198,-1,134,198,136,-1,136,198,199,-1,136,199,138,-1,138,199,200,-1,138,200,140,-1,140,200,201,-1,140,201,142,-1,142,201,202,-1,142,202,144,-1,144,202,203,-1,144,203,146,-1,146,203,204,-1,146,204,148,-1,148,204,205,-1,148,205,150,-1,150,205,206,-1,150,206,152,-1,152,206,207,-1,152,207,154,-1,154,207,208,-1,154,208,156,-1,156,208,209,-1,156,209,158,-1,158,209,210,-1,158,210,160,-1,160,210,211,-1,160,211,162,-1,162,211,212,-1,162,212,164,-1,164,212,213,-1,164,213,166,-1,166,213,214,-1,166,214,168,-1,168,214,215,-1,168,215,170,-1,170,215,216,-1,170,216,172,-1,172,216,173,-1,155,157,217,-1,123,125,218,-1,135,137,219,-1,220,145,147,-1,135,219,133,-1,221,95,97,-1,95,221,93,-1,147,149,220,-1,220,149,151,-1,220,151,217,-1,217,151,153,-1,217,153,155,-1,165,167,222,-1,222,167,169,-1,137,139,219,-1,219,139,141,-1,219,141,220,-1,220,141,143,-1,220,143,145,-1,123,218,121,-1,121,218,223,-1,121,223,119,-1,97,99,221,-1,221,99,101,-1,221,101,224,-1,224,101,103,-1,224,103,105,-1,105,107,224,-1,224,107,109,-1,224,109,223,-1,223,109,111,-1,223,111,113,-1,113,115,223,-1,223,115,117,-1,223,117,119,-1,157,159,217,-1,217,159,161,-1,217,161,222,-1,222,161,163,-1,222,163,165,-1,125,127,218,-1,218,127,129,-1,218,129,219,-1,219,129,131,-1,219,131,133,-1,169,171,222,-1,222,171,89,-1,222,89,221,-1,221,89,91,-1,221,91,93,-1,175,174,1,-1,1,174,4,-1,174,173,4,-1,4,173,216,-1,4,216,5,-1,5,216,215,-1,5,215,7,-1,7,215,214,-1,7,214,9,-1,9,214,213,-1,9,213,11,-1,11,213,212,-1,11,212,13,-1,13,212,211,-1,13,211,15,-1,15,211,210,-1,15,210,17,-1,17,210,209,-1,17,209,19,-1,19,209,208,-1,19,208,21,-1,21,208,207,-1,21,207,23,-1,23,207,206,-1,23,206,25,-1,25,206,205,-1,25,205,27,-1,27,205,204,-1,27,204,29,-1,29,204,203,-1,29,203,31,-1,31,203,202,-1,31,202,33,-1,33,202,201,-1,33,201,35,-1,35,201,200,-1,35,200,37,-1,37,200,199,-1,37,199,39,-1,39,199,198,-1,39,198,41,-1,41,198,197,-1,41,197,43,-1,43,197,196,-1,43,196,45,-1,45,196,195,-1,45,195,47,-1,47,195,194,-1,47,194,49,-1,49,194,193,-1,49,193,51,-1,51,193,192,-1,51,192,53,-1,53,192,191,-1,53,191,55,-1,55,191,190,-1,55,190,57,-1,57,190,189,-1,57,189,59,-1,59,189,188,-1,59,188,61,-1,61,188,187,-1,61,187,63,-1,63,187,186,-1,63,186,65,-1,65,186,185,-1,65,185,67,-1,67,185,184,-1,67,184,69,-1,69,184,183,-1,69,183,71,-1,71,183,182,-1,71,182,73,-1,73,182,181,-1,73,181,75,-1,75,181,180,-1,75,180,77,-1,77,180,179,-1,77,179,79,-1,79,179,178,-1,79,178,81,-1,81,178,177,-1,81,177,83,-1,83,177,176,-1,83,176,85,-1,85,176,175,-1,85,175,0,-1,0,175,1,-1,225,226,221,-1,221,226,222,-1,227,225,224,-1,224,225,221,-1,228,227,223,-1,223,227,224,-1,229,228,218,-1,218,228,223,-1,230,229,219,-1,219,229,218,-1,231,230,220,-1,220,230,219,-1,232,231,217,-1,217,231,220,-1,226,232,222,-1,222,232,217,-1,233,234,227,-1,235,236,225,-1,237,238,230,-1,230,238,239,-1,230,239,229,-1,229,239,240,-1,228,241,242,-1,236,243,225,-1,225,243,244,-1,225,244,226,-1,226,244,245,-1,226,245,246,-1,227,234,225,-1,225,234,247,-1,225,247,235,-1,246,248,226,-1,226,248,249,-1,226,249,232,-1,232,249,250,-1,232,250,251,-1,251,252,232,-1,232,252,253,-1,232,253,231,-1,231,253,254,-1,231,254,255,-1,255,256,231,-1,231,256,257,-1,231,257,230,-1,230,257,258,-1,230,258,237,-1,240,259,229,-1,229,259,260,-1,229,260,228,-1,228,260,261,-1,228,261,241,-1,242,262,228,-1,228,262,263,-1,228,263,227,-1,227,263,264,-1,227,264,233,-1,265,266,244,-1,244,266,245,-1,266,267,245,-1,245,267,268,-1,245,268,246,-1,246,268,269,-1,246,269,248,-1,248,269,270,-1,248,270,249,-1,249,270,271,-1,249,271,250,-1,250,271,272,-1,250,272,251,-1,251,272,273,-1,251,273,252,-1,252,273,274,-1,252,274,253,-1,253,274,275,-1,253,275,254,-1,254,275,276,-1,254,276,255,-1,255,276,277,-1,255,277,256,-1,256,277,278,-1,256,278,257,-1,257,278,279,-1,257,279,258,-1,258,279,280,-1,258,280,237,-1,237,280,281,-1,237,281,238,-1,238,281,282,-1,238,282,239,-1,239,282,283,-1,239,283,240,-1,240,283,284,-1,240,284,259,-1,259,284,285,-1,259,285,260,-1,260,285,286,-1,260,286,261,-1,261,286,287,-1,261,287,241,-1,241,287,288,-1,241,288,242,-1,242,288,289,-1,242,289,262,-1,262,289,290,-1,262,290,263,-1,263,290,291,-1,263,291,264,-1,264,291,292,-1,264,292,233,-1,233,292,293,-1,233,293,234,-1,234,293,294,-1,234,294,247,-1,247,294,295,-1,247,295,235,-1,235,295,296,-1,235,296,236,-1,236,296,265,-1,236,265,243,-1,243,265,244,-1,297,298,299,-1,299,298,300,-1,299,300,301,-1,301,300,302,-1,301,302,303,-1,303,302,304,-1,303,304,305,-1,305,304,306,-1,305,306,307,-1,307,306,308,-1,307,308,309,-1,309,308,310,-1,309,310,311,-1,311,310,312,-1,311,312,297,-1,297,312,298,-1,281,310,282,-1,282,310,308,-1,282,308,283,-1,283,308,284,-1,269,268,300,-1,312,277,276,-1,288,287,306,-1,306,287,286,-1,306,286,308,-1,308,286,285,-1,308,285,284,-1,281,280,310,-1,310,280,279,-1,310,279,312,-1,312,279,278,-1,312,278,277,-1,276,275,312,-1,312,275,274,-1,312,274,298,-1,298,274,273,-1,273,272,298,-1,298,272,271,-1,298,271,300,-1,300,271,270,-1,300,270,269,-1,292,291,304,-1,304,291,290,-1,304,290,306,-1,306,290,289,-1,306,289,288,-1,268,267,300,-1,300,267,266,-1,300,266,302,-1,302,266,265,-1,302,265,296,-1,296,295,302,-1,302,295,294,-1,302,294,304,-1,304,294,293,-1,304,293,292,-1,313,314,315,-1,315,314,316,-1,315,316,317,-1,317,316,318,-1,317,318,319,-1,319,318,320,-1,303,318,301,-1,301,318,316,-1,305,320,303,-1,303,320,318,-1,314,299,316,-1,316,299,301,-1,307,319,305,-1,305,319,320,-1,313,297,314,-1,314,297,299,-1,309,317,307,-1,307,317,319,-1,315,311,313,-1,313,311,297,-1,311,315,309,-1,309,315,317,-1,321,322,323,-1,324,325,326,-1,326,325,327,-1,326,327,328,-1,328,327,329,-1,328,329,330,-1,323,322,324,-1,324,322,331,-1,324,331,332,-1,333,328,334,-1,334,328,330,-1,334,330,335,-1,330,325,335,-1,335,325,324,-1,335,324,336,-1,336,324,332,-1,336,332,333,-1,333,332,321,-1,333,321,328,-1,328,321,323,-1,337,338,339,-1,340,341,342,-1,342,341,343,-1,342,343,344,-1,344,343,345,-1,344,345,346,-1,339,338,340,-1,340,338,347,-1,340,347,348,-1,349,344,350,-1,350,344,346,-1,350,346,351,-1,346,341,351,-1,351,341,340,-1,351,340,352,-1,352,340,348,-1,352,348,349,-1,349,348,337,-1,349,337,344,-1,344,337,339,-1,339,353,354,-1,355,356,357,-1,357,356,358,-1,359,324,360,-1,360,324,326,-1,361,362,354,-1,354,362,363,-1,364,365,366,-1,366,365,367,-1,366,367,368,-1,368,367,369,-1,368,369,370,-1,371,372,373,-1,374,344,375,-1,375,344,364,-1,375,364,376,-1,376,364,366,-1,376,366,377,-1,377,366,378,-1,379,380,344,-1,371,373,381,-1,382,383,326,-1,326,383,384,-1,385,357,386,-1,386,357,387,-1,385,388,357,-1,357,388,389,-1,357,389,381,-1,363,390,354,-1,354,390,391,-1,354,391,339,-1,339,391,392,-1,339,392,393,-1,393,394,339,-1,339,394,395,-1,339,395,344,-1,344,395,396,-1,344,396,379,-1,380,397,344,-1,344,397,398,-1,344,398,364,-1,373,399,381,-1,381,399,400,-1,381,400,357,-1,357,400,401,-1,357,401,354,-1,354,401,402,-1,354,402,361,-1,326,403,368,-1,382,326,404,-1,404,326,368,-1,404,368,372,-1,372,368,370,-1,372,370,373,-1,405,360,406,-1,406,360,326,-1,406,326,407,-1,407,326,384,-1,405,408,360,-1,360,408,409,-1,360,409,410,-1,410,411,360,-1,360,411,412,-1,360,412,358,-1,358,412,413,-1,413,414,358,-1,358,414,415,-1,358,415,357,-1,357,415,416,-1,357,416,387,-1,323,324,359,-1,359,417,323,-1,323,417,418,-1,323,418,340,-1,353,339,419,-1,419,339,340,-1,419,340,420,-1,420,340,418,-1,420,418,355,-1,355,418,356,-1,342,344,374,-1,374,421,342,-1,342,421,422,-1,342,422,328,-1,403,326,423,-1,423,326,328,-1,423,328,424,-1,424,328,422,-1,424,422,378,-1,378,422,377,-1,328,323,342,-1,342,323,340,-1,425,417,360,-1,360,417,359,-1,418,426,356,-1,356,426,358,-1,426,425,358,-1,358,425,360,-1,426,418,425,-1,425,418,417,-1,423,427,403,-1,403,427,368,-1,427,428,368,-1,368,428,366,-1,428,424,366,-1,366,424,378,-1,424,428,423,-1,423,428,427,-1,429,421,375,-1,375,421,374,-1,422,430,377,-1,377,430,376,-1,430,429,376,-1,376,429,375,-1,430,422,429,-1,429,422,421,-1,419,431,353,-1,353,431,354,-1,431,432,354,-1,354,432,357,-1,432,420,357,-1,357,420,355,-1,420,432,419,-1,419,432,431,-1,
        ]
    }
}
Shape{
    appearance Appearance {
        material  Material 	{
            diffuseColor 0.7529411764705882 0.7529411764705882 0.7529411764705882
            specularColor 0.3764705882352941 0.3764705882352941 0.3764705882352941
            ambientIntensity 0.7529
            transparency 0.0
            shininess 0.5
        }
    }
    geometry IndexedFaceSet {
        ccw TRUE
        solid FALSE
        coord DEF co Coordinate {
            point [
                2.4222 0.0 0.178, 2.389 0.0 0.0315, 2.4222 -0.3543 0.178, 2.389 -0.3543 0.0315, 2.4606 0.0 0.1693, 2.4606 -0.3543 0.1693, 2.4274 0.0 0.0228, 2.4274 -0.3543 0.0228, 2.4245 -0.3543 0.0145, 2.4245 0.0 0.0145, 2.4198 -0.3543 0.007, 2.4198 0.0 0.007, 2.4136 -0.3543 0.0007, 2.4136 0.0 0.0007, 2.4061 -0.3543 -0.004, 2.4061 0.0 -0.004, 2.3978 -0.3543 -0.0069, 2.3978 0.0 -0.0069, 2.389 -0.3543 -0.0079, 2.389 0.0 -0.0079, 2.296 0.0 -0.0079, 2.296 -0.3543 -0.0079, 2.2869 -0.3543 -0.0068, 2.2869 0.0 -0.0068, 2.2783 -0.3543 -0.0037, 2.2783 0.0 -0.0037, 2.2707 -0.3543 0.0013, 2.2707 0.0 0.0013, 2.2644 -0.3543 0.008, 2.2644 0.0 0.008, 2.2599 -0.3543 0.0159, 2.2599 0.0 0.0159, 2.2572 -0.3543 0.0247, 2.2572 0.0 0.0247, 2.2062 0.0 0.3139, 2.2062 -0.3543 0.3139, 2.2036 0.0 0.3227, 2.2036 -0.3543 0.3227, 2.199 0.0 0.3306, 2.199 -0.3543 0.3306, 2.1928 0.0 0.3372, 2.1928 -0.3543 0.3372, 2.1851 0.0 0.3423, 2.1851 -0.3543 0.3423, 2.1765 0.0 0.3454, 2.1765 -0.3543 0.3454, 2.1675 0.0 0.3465, 2.1675 -0.3543 0.3465, 1.9685 0.0 0.3465, 1.9685 -0.3543 0.3465, 2.1675 0.0 0.3858, 1.9685 0.0 0.3858, 2.1675 -0.3543 0.3858, 1.9685 -0.3543 0.3858, 2.1856 -0.3543 0.3837, 2.1856 0.0 0.3837, 2.2028 -0.3543 0.3775, 2.2028 0.0 0.3775, 2.2181 -0.3543 0.3674, 2.2181 0.0 0.3674, 2.2306 -0.3543 0.3541, 2.2306 0.0 0.3541, 2.2398 -0.3543 0.3383, 2.2398 0.0 0.3383, 2.245 -0.3543 0.3208, 2.245 0.0 0.3208, 2.296 0.0 0.0315, 2.296 -0.3543 0.0315, 2.4222 1.4567 0.178, 2.389 1.4567 0.0315, 2.4222 1.1024 0.178, 2.389 1.1024 0.0315, 2.4606 1.4567 0.1693, 2.4606 1.1024 0.1693, 2.4274 1.4567 0.0228, 2.4274 1.1024 0.0228, 2.4245 1.1024 0.0145, 2.4245 1.4567 0.0145, 2.4198 1.1024 0.007, 2.4198 1.4567 0.007, 2.4136 1.1024 0.0007, 2.4136 1.4567 0.0007, 2.4061 1.1024 -0.004, 2.4061 1.4567 -0.004, 2.3978 1.1024 -0.0069, 2.3978 1.4567 -0.0069, 2.389 1.1024 -0.0079, 2.389 1.4567 -0.0079, 2.296 1.4567 -0.0079, 2.296 1.1024 -0.0079, 2.2869 1.1024 -0.0068, 2.2869 1.4567 -0.0068, 2.2783 1.1024 -0.0037, 2.2783 1.4567 -0.0037, 2.2707 1.1024 0.0013, 2.2707 1.4567 0.0013, 2.2644 1.1024 0.008, 2.2644 1.4567 0.008, 2.2599 1.1024 0.0159, 2.2599 1.4567 0.0159, 2.2572 1.1024 0.0247, 2.2572 1.4567 0.0247, 2.2062 1.4567 0.3139, 2.2062 1.1024 0.3139, 2.2036 1.4567 0.3227, 2.2036 1.1024 0.3227, 2.199 1.4567 0.3306, 2.199 1.1024 0.3306, 2.1928 1.4567 0.3372, 2.1928 1.1024 0.3372, 2.1851 1.4567 0.3423, 2.1851 1.1024 0.3423, 2.1765 1.4567 0.3454, 2.1765 1.1024 0.3454, 2.1675 1.4567 0.3465, 2.1675 1.1024 0.3465, 1.9685 1.4567 0.3465, 1.9685 1.1024 0.3465, 2.1675 1.4567 0.3858, 1.9685 1.4567 0.3858, 2.1675 1.1024 0.3858, 1.9685 1.1024 0.3858, 2.1856 1.1024 0.3837, 2.1856 1.4567 0.3837, 2.2028 1.1024 0.3775, 2.2028 1.4567 0.3775, 2.2181 1.1024 0.3674, 2.2181 1.4567 0.3674, 2.2306 1.1024 0.3541, 2.2306 1.4567 0.3541, 2.2398 1.1024 0.3383, 2.2398 1.4567 0.3383, 2.245 1.1024 0.3208, 2.245 1.4567 0.3208, 2.296 1.4567 0.0315, 2.296 1.1024 0.0315, 2.4222 -1.1024 0.178, 2.389 -1.1024 0.0315, 2.4222 -1.4567 0.178, 2.389 -1.4567 0.0315, 2.4606 -1.1024 0.1693, 2.4606 -1.4567 0.1693, 2.4274 -1.1024 0.0228, 2.4274 -1.4567 0.0228, 2.4245 -1.4567 0.0145, 2.4245 -1.1024 0.0145, 2.4198 -1.4567 0.007, 2.4198 -1.1024 0.007, 2.4136 -1.4567 0.0007, 2.4136 -1.1024 0.0007, 2.4061 -1.4567 -0.004, 2.4061 -1.1024 -0.004, 2.3978 -1.4567 -0.0069, 2.3978 -1.1024 -0.0069, 2.389 -1.4567 -0.0079, 2.389 -1.1024 -0.0079, 2.296 -1.1024 -0.0079, 2.296 -1.4567 -0.0079, 2.2869 -1.4567 -0.0068, 2.2869 -1.1024 -0.0068, 2.2783 -1.4567 -0.0037, 2.2783 -1.1024 -0.0037, 2.2707 -1.4567 0.0013, 2.2707 -1.1024 0.0013, 2.2644 -1.4567 0.008, 2.2644 -1.1024 0.008, 2.2599 -1.4567 0.0159, 2.2599 -1.1024 0.0159, 2.2572 -1.4567 0.0247, 2.2572 -1.1024 0.0247, 2.2062 -1.1024 0.3139, 2.2062 -1.4567 0.3139, 2.2036 -1.1024 0.3227, 2.2036 -1.4567 0.3227, 2.199 -1.1024 0.3306, 2.199 -1.4567 0.3306, 2.1928 -1.1024 0.3372, 2.1928 -1.4567 0.3372, 2.1851 -1.1024 0.3423, 2.1851 -1.4567 0.3423, 2.1765 -1.1024 0.3454, 2.1765 -1.4567 0.3454, 2.1675 -1.1024 0.3465, 2.1675 -1.4567 0.3465, 1.9685 -1.1024 0.3465, 1.9685 -1.4567 0.3465, 2.1675 -1.1024 0.3858, 1.9685 -1.1024 0.3858, 2.1675 -1.4567 0.3858, 1.9685 -1.4567 0.3858, 2.1856 -1.4567 0.3837, 2.1856 -1.1024 0.3837, 2.2028 -1.4567 0.3775, 2.2028 -1.1024 0.3775, 2.2181 -1.4567 0.3674, 2.2181 -1.1024 0.3674, 2.2306 -1.4567 0.3541, 2.2306 -1.1024 0.3541, 2.2398 -1.4567 0.3383, 2.2398 -1.1024 0.3383, 2.245 -1.4567 0.3208, 2.245 -1.1024 0.3208, 2.296 -1.1024 0.0315, 2.296 -1.4567 0.0315, -2.389 0.0 0.0315, -2.4222 0.0 0.178, -2.389 -0.3543 0.0315, -2.4222 -0.3543 0.178, -2.296 0.0 0.0315, -2.296 -0.3543 0.0315, -2.245 0.0 0.3208, -2.245 -0.3543 0.3208, -2.2398 -0.3543 0.3383, -2.2398 0.0 0.3383, -2.2306 -0.3543 0.3541, -2.2306 0.0 0.3541, -2.2181 -0.3543 0.3674, -2.2181 0.0 0.3674, -2.2028 -0.3543 0.3775, -2.2028 0.0 0.3775, -2.1856 -0.3543 0.3837, -2.1856 0.0 0.3837, -2.1675 -0.3543 0.3858, -2.1675 0.0 0.3858, -1.9685 0.0 0.3858, -1.9685 -0.3543 0.3858, -2.1675 0.0 0.3465, -1.9685 0.0 0.3465, -2.1675 -0.3543 0.3465, -1.9685 -0.3543 0.3465, -2.1765 0.0 0.3454, -2.1765 -0.3543 0.3454, -2.1851 0.0 0.3423, -2.1851 -0.3543 0.3423, -2.1928 0.0 0.3372, -2.1928 -0.3543 0.3372, -2.199 0.0 0.3306, -2.199 -0.3543 0.3306, -2.2036 0.0 0.3227, -2.2036 -0.3543 0.3227, -2.2062 0.0 0.3139, -2.2062 -0.3543 0.3139, -2.2572 0.0 0.0247, -2.2572 -0.3543 0.0247, -2.2599 -0.3543 0.0159, -2.2599 0.0 0.0159, -2.2644 -0.3543 0.008, -2.2644 0.0 0.008, -2.2707 -0.3543 0.0013, -2.2707 0.0 0.0013, -2.2783 -0.3543 -0.0037, -2.2783 0.0 -0.0037, -2.2869 -0.3543 -0.0068, -2.2869 0.0 -0.0068, -2.296 -0.3543 -0.0079, -2.296 0.0 -0.0079, -2.389 0.0 -0.0079, -2.389 -0.3543 -0.0079, -2.3978 -0.3543 -0.0069, -2.3978 0.0 -0.0069, -2.4061 -0.3543 -0.004, -2.4061 0.0 -0.004, -2.4136 -0.3543 0.0007, -2.4136 0.0 0.0007, -2.4198 -0.3543 0.007, -2.4198 0.0 0.007, -2.4245 -0.3543 0.0145, -2.4245 0.0 0.0145, -2.4274 -0.3543 0.0228, -2.4274 0.0 0.0228, -2.4606 0.0 0.1693, -2.4606 -0.3543 0.1693, -2.389 1.4567 0.0315, -2.4222 1.4567 0.178, -2.389 1.1024 0.0315, -2.4222 1.1024 0.178, -2.296 1.4567 0.0315, -2.296 1.1024 0.0315, -2.245 1.4567 0.3208, -2.245 1.1024 0.3208, -2.2398 1.1024 0.3383, -2.2398 1.4567 0.3383, -2.2306 1.1024 0.3541, -2.2306 1.4567 0.3541, -2.2181 1.1024 0.3674, -2.2181 1.4567 0.3674, -2.2028 1.1024 0.3775, -2.2028 1.4567 0.3775, -2.1856 1.1024 0.3837, -2.1856 1.4567 0.3837, -2.1675 1.1024 0.3858, -2.1675 1.4567 0.3858, -1.9685 1.4567 0.3858, -1.9685 1.1024 0.3858, -2.1675 1.4567 0.3465, -1.9685 1.4567 0.3465, -2.1675 1.1024 0.3465, -1.9685 1.1024 0.3465, -2.1765 1.4567 0.3454, -2.1765 1.1024 0.3454, -2.1851 1.4567 0.3423, -2.1851 1.1024 0.3423, -2.1928 1.4567 0.3372, -2.1928 1.1024 0.3372, -2.199 1.4567 0.3306, -2.199 1.1024 0.3306, -2.2036 1.4567 0.3227, -2.2036 1.1024 0.3227, -2.2062 1.4567 0.3139, -2.2062 1.1024 0.3139, -2.2572 1.4567 0.0247, -2.2572 1.1024 0.0247, -2.2599 1.1024 0.0159, -2.2599 1.4567 0.0159, -2.2644 1.1024 0.008, -2.2644 1.4567 0.008, -2.2707 1.1024 0.0013, -2.2707 1.4567 0.0013, -2.2783 1.1024 -0.0037, -2.2783 1.4567 -0.0037, -2.2869 1.1024 -0.0068, -2.2869 1.4567 -0.0068, -2.296 1.1024 -0.0079, -2.296 1.4567 -0.0079, -2.389 1.4567 -0.0079, -2.389 1.1024 -0.0079, -2.3978 1.1024 -0.0069, -2.3978 1.4567 -0.0069, -2.4061 1.1024 -0.004, -2.4061 1.4567 -0.004, -2.4136 1.1024 0.0007, -2.4136 1.4567 0.0007, -2.4198 1.1024 0.007, -2.4198 1.4567 0.007, -2.4245 1.1024 0.0145, -2.4245 1.4567 0.0145, -2.4274 1.1024 0.0228, -2.4274 1.4567 0.0228, -2.4606 1.4567 0.1693, -2.4606 1.1024 0.1693, -2.389 -1.1024 0.0315, -2.4222 -1.1024 0.178, -2.389 -1.4567 0.0315, -2.4222 -1.4567 0.178, -2.296 -1.1024 0.0315, -2.296 -1.4567 0.0315, -2.245 -1.1024 0.3208, -2.245 -1.4567 0.3208, -2.2398 -1.4567 0.3383, -2.2398 -1.1024 0.3383, -2.2306 -1.4567 0.3541, -2.2306 -1.1024 0.3541, -2.2181 -1.4567 0.3674, -2.2181 -1.1024 0.3674, -2.2028 -1.4567 0.3775, -2.2028 -1.1024 0.3775, -2.1856 -1.4567 0.3837, -2.1856 -1.1024 0.3837, -2.1675 -1.4567 0.3858, -2.1675 -1.1024 0.3858, -1.9685 -1.1024 0.3858, -1.9685 -1.4567 0.3858, -2.1675 -1.1024 0.3465, -1.9685 -1.1024 0.3465, -2.1675 -1.4567 0.3465, -1.9685 -1.4567 0.3465, -2.1765 -1.1024 0.3454, -2.1765 -1.4567 0.3454, -2.1851 -1.1024 0.3423, -2.1851 -1.4567 0.3423, -2.1928 -1.1024 0.3372, -2.1928 -1.4567 0.3372, -2.199 -1.1024 0.3306, -2.199 -1.4567 0.3306, -2.2036 -1.1024 0.3227, -2.2036 -1.4567 0.3227, -2.2062 -1.1024 0.3139, -2.2062 -1.4567 0.3139, -2.2572 -1.1024 0.0247, -2.2572 -1.4567 0.0247, -2.2599 -1.4567 0.0159, -2.2599 -1.1024 0.0159, -2.2644 -1.4567 0.008, -2.2644 -1.1024 0.008, -2.2707 -1.4567 0.0013, -2.2707 -1.1024 0.0013, -2.2783 -1.4567 -0.0037, -2.2783 -1.1024 -0.0037, -2.2869 -1.4567 -0.0068, -2.2869 -1.1024 -0.0068, -2.296 -1.4567 -0.0079, -2.296 -1.1024 -0.0079, -2.389 -1.1024 -0.0079, -2.389 -1.4567 -0.0079, -2.3978 -1.4567 -0.0069, -2.3978 -1.1024 -0.0069, -2.4061 -1.4567 -0.004, -2.4061 -1.1024 -0.004, -2.4136 -1.4567 0.0007, -2.4136 -1.1024 0.0007, -2.4198 -1.4567 0.007, -2.4198 -1.1024 0.007, -2.4245 -1.4567 0.0145, -2.4245 -1.1024 0.0145, -2.4274 -1.4567 0.0228, -2.4274 -1.1024 0.0228, -2.4606 -1.1024 0.1693, -2.4606 -1.4567 0.1693
            ]
        }
        coordIndex [
            0,1,2,-1,2,1,3,-1,4,0,5,-1,5,0,2,-1,6,4,7,-1,7,4,5,-1,6,7,8,-1,6,8,9,-1,9,8,10,-1,9,10,11,-1,11,10,12,-1,11,12,13,-1,13,12,14,-1,13,14,15,-1,15,14,16,-1,15,16,17,-1,17,16,18,-1,17,18,19,-1,20,19,21,-1,21,19,18,-1,20,21,22,-1,20,22,23,-1,23,22,24,-1,23,24,25,-1,25,24,26,-1,25,26,27,-1,27,26,28,-1,27,28,29,-1,29,28,30,-1,29,30,31,-1,31,30,32,-1,31,32,33,-1,34,33,35,-1,35,33,32,-1,34,35,36,-1,36,35,37,-1,36,37,38,-1,38,37,39,-1,38,39,40,-1,40,39,41,-1,40,41,42,-1,42,41,43,-1,42,43,44,-1,44,43,45,-1,44,45,46,-1,46,45,47,-1,48,46,49,-1,49,46,47,-1,50,51,52,-1,52,51,53,-1,50,52,54,-1,50,54,55,-1,55,54,56,-1,55,56,57,-1,57,56,58,-1,57,58,59,-1,59,58,60,-1,59,60,61,-1,61,60,62,-1,61,62,63,-1,63,62,64,-1,63,64,65,-1,66,65,67,-1,67,65,64,-1,1,66,3,-1,3,66,67,-1,1,13,15,-1,0,4,1,-1,1,4,6,-1,23,25,66,-1,66,25,27,-1,66,27,29,-1,6,9,1,-1,1,9,11,-1,1,11,13,-1,15,17,1,-1,1,17,19,-1,1,19,66,-1,66,19,20,-1,66,20,23,-1,48,51,46,-1,46,51,50,-1,46,50,44,-1,44,50,55,-1,44,55,42,-1,42,55,57,-1,42,57,40,-1,40,57,59,-1,40,59,38,-1,38,59,61,-1,38,61,36,-1,36,61,63,-1,36,63,34,-1,34,63,65,-1,34,65,33,-1,33,65,66,-1,33,66,31,-1,31,66,29,-1,16,14,3,-1,3,14,12,-1,3,12,10,-1,5,2,7,-1,7,2,3,-1,7,3,8,-1,8,3,10,-1,30,28,67,-1,67,28,26,-1,67,26,24,-1,24,22,67,-1,67,22,21,-1,67,21,3,-1,3,21,18,-1,3,18,16,-1,53,49,52,-1,52,49,47,-1,52,47,54,-1,54,47,45,-1,54,45,56,-1,56,45,43,-1,56,43,58,-1,58,43,41,-1,58,41,60,-1,60,41,39,-1,60,39,62,-1,62,39,37,-1,62,37,64,-1,64,37,35,-1,64,35,67,-1,67,35,32,-1,67,32,30,-1,68,69,70,-1,70,69,71,-1,72,68,73,-1,73,68,70,-1,74,72,75,-1,75,72,73,-1,74,75,76,-1,74,76,77,-1,77,76,78,-1,77,78,79,-1,79,78,80,-1,79,80,81,-1,81,80,82,-1,81,82,83,-1,83,82,84,-1,83,84,85,-1,85,84,86,-1,85,86,87,-1,88,87,89,-1,89,87,86,-1,88,89,90,-1,88,90,91,-1,91,90,92,-1,91,92,93,-1,93,92,94,-1,93,94,95,-1,95,94,96,-1,95,96,97,-1,97,96,98,-1,97,98,99,-1,99,98,100,-1,99,100,101,-1,102,101,103,-1,103,101,100,-1,102,103,104,-1,104,103,105,-1,104,105,106,-1,106,105,107,-1,106,107,108,-1,108,107,109,-1,108,109,110,-1,110,109,111,-1,110,111,112,-1,112,111,113,-1,112,113,114,-1,114,113,115,-1,116,114,117,-1,117,114,115,-1,118,119,120,-1,120,119,121,-1,118,120,122,-1,118,122,123,-1,123,122,124,-1,123,124,125,-1,125,124,126,-1,125,126,127,-1,127,126,128,-1,127,128,129,-1,129,128,130,-1,129,130,131,-1,131,130,132,-1,131,132,133,-1,134,133,135,-1,135,133,132,-1,69,134,71,-1,71,134,135,-1,69,81,83,-1,68,72,69,-1,69,72,74,-1,91,93,134,-1,134,93,95,-1,134,95,97,-1,74,77,69,-1,69,77,79,-1,69,79,81,-1,83,85,69,-1,69,85,87,-1,69,87,134,-1,134,87,88,-1,134,88,91,-1,116,119,114,-1,114,119,118,-1,114,118,112,-1,112,118,123,-1,112,123,110,-1,110,123,125,-1,110,125,108,-1,108,125,127,-1,108,127,106,-1,106,127,129,-1,106,129,104,-1,104,129,131,-1,104,131,102,-1,102,131,133,-1,102,133,101,-1,101,133,134,-1,101,134,99,-1,99,134,97,-1,84,82,71,-1,71,82,80,-1,71,80,78,-1,73,70,75,-1,75,70,71,-1,75,71,76,-1,76,71,78,-1,98,96,135,-1,135,96,94,-1,135,94,92,-1,92,90,135,-1,135,90,89,-1,135,89,71,-1,71,89,86,-1,71,86,84,-1,121,117,120,-1,120,117,115,-1,120,115,122,-1,122,115,113,-1,122,113,124,-1,124,113,111,-1,124,111,126,-1,126,111,109,-1,126,109,128,-1,128,109,107,-1,128,107,130,-1,130,107,105,-1,130,105,132,-1,132,105,103,-1,132,103,135,-1,135,103,100,-1,135,100,98,-1,136,137,138,-1,138,137,139,-1,140,136,141,-1,141,136,138,-1,142,140,143,-1,143,140,141,-1,142,143,144,-1,142,144,145,-1,145,144,146,-1,145,146,147,-1,147,146,148,-1,147,148,149,-1,149,148,150,-1,149,150,151,-1,151,150,152,-1,151,152,153,-1,153,152,154,-1,153,154,155,-1,156,155,157,-1,157,155,154,-1,156,157,158,-1,156,158,159,-1,159,158,160,-1,159,160,161,-1,161,160,162,-1,161,162,163,-1,163,162,164,-1,163,164,165,-1,165,164,166,-1,165,166,167,-1,167,166,168,-1,167,168,169,-1,170,169,171,-1,171,169,168,-1,170,171,172,-1,172,171,173,-1,172,173,174,-1,174,173,175,-1,174,175,176,-1,176,175,177,-1,176,177,178,-1,178,177,179,-1,178,179,180,-1,180,179,181,-1,180,181,182,-1,182,181,183,-1,184,182,185,-1,185,182,183,-1,186,187,188,-1,188,187,189,-1,186,188,190,-1,186,190,191,-1,191,190,192,-1,191,192,193,-1,193,192,194,-1,193,194,195,-1,195,194,196,-1,195,196,197,-1,197,196,198,-1,197,198,199,-1,199,198,200,-1,199,200,201,-1,202,201,203,-1,203,201,200,-1,137,202,139,-1,139,202,203,-1,137,149,151,-1,136,140,137,-1,137,140,142,-1,159,161,202,-1,202,161,163,-1,202,163,165,-1,142,145,137,-1,137,145,147,-1,137,147,149,-1,151,153,137,-1,137,153,155,-1,137,155,202,-1,202,155,156,-1,202,156,159,-1,184,187,182,-1,182,187,186,-1,182,186,180,-1,180,186,191,-1,180,191,178,-1,178,191,193,-1,178,193,176,-1,176,193,195,-1,176,195,174,-1,174,195,197,-1,174,197,172,-1,172,197,199,-1,172,199,170,-1,170,199,201,-1,170,201,169,-1,169,201,202,-1,169,202,167,-1,167,202,165,-1,152,150,139,-1,139,150,148,-1,139,148,146,-1,141,138,143,-1,143,138,139,-1,143,139,144,-1,144,139,146,-1,166,164,203,-1,203,164,162,-1,203,162,160,-1,160,158,203,-1,203,158,157,-1,203,157,139,-1,139,157,154,-1,139,154,152,-1,189,185,188,-1,188,185,183,-1,188,183,190,-1,190,183,181,-1,190,181,192,-1,192,181,179,-1,192,179,194,-1,194,179,177,-1,194,177,196,-1,196,177,175,-1,196,175,198,-1,198,175,173,-1,198,173,200,-1,200,173,171,-1,200,171,203,-1,203,171,168,-1,203,168,166,-1,204,205,206,-1,206,205,207,-1,208,204,209,-1,209,204,206,-1,210,208,211,-1,211,208,209,-1,210,211,212,-1,210,212,213,-1,213,212,214,-1,213,214,215,-1,215,214,216,-1,215,216,217,-1,217,216,218,-1,217,218,219,-1,219,218,220,-1,219,220,221,-1,221,220,222,-1,221,222,223,-1,224,223,225,-1,225,223,222,-1,226,227,228,-1,228,227,229,-1,226,228,230,-1,230,228,231,-1,230,231,232,-1,232,231,233,-1,232,233,234,-1,234,233,235,-1,234,235,236,-1,236,235,237,-1,236,237,238,-1,238,237,239,-1,238,239,240,-1,240,239,241,-1,242,240,243,-1,243,240,241,-1,242,243,244,-1,242,244,245,-1,245,244,246,-1,245,246,247,-1,247,246,248,-1,247,248,249,-1,249,248,250,-1,249,250,251,-1,251,250,252,-1,251,252,253,-1,253,252,254,-1,253,254,255,-1,256,255,257,-1,257,255,254,-1,256,257,258,-1,256,258,259,-1,259,258,260,-1,259,260,261,-1,261,260,262,-1,261,262,263,-1,263,262,264,-1,263,264,265,-1,265,264,266,-1,265,266,267,-1,267,266,268,-1,267,268,269,-1,270,269,271,-1,271,269,268,-1,205,270,207,-1,207,270,271,-1,247,249,208,-1,204,263,265,-1,270,205,269,-1,269,205,204,-1,269,204,267,-1,267,204,265,-1,256,204,255,-1,255,204,208,-1,256,259,204,-1,204,259,261,-1,204,261,263,-1,247,208,245,-1,249,251,208,-1,208,251,253,-1,208,253,255,-1,224,227,223,-1,223,227,226,-1,223,226,221,-1,221,226,230,-1,221,230,219,-1,219,230,232,-1,219,232,217,-1,217,232,234,-1,217,234,215,-1,215,234,236,-1,215,236,213,-1,213,236,238,-1,213,238,210,-1,210,238,240,-1,210,240,208,-1,208,240,242,-1,208,242,245,-1,206,262,260,-1,207,271,206,-1,206,271,268,-1,260,258,206,-1,206,258,257,-1,206,257,209,-1,209,257,254,-1,209,254,252,-1,268,266,206,-1,206,266,264,-1,206,264,262,-1,252,250,209,-1,209,250,248,-1,209,248,246,-1,229,225,228,-1,228,225,222,-1,228,222,231,-1,231,222,220,-1,231,220,233,-1,233,220,218,-1,233,218,235,-1,235,218,216,-1,235,216,237,-1,237,216,214,-1,237,214,239,-1,239,214,212,-1,239,212,241,-1,241,212,211,-1,241,211,243,-1,243,211,209,-1,243,209,244,-1,244,209,246,-1,272,273,274,-1,274,273,275,-1,276,272,277,-1,277,272,274,-1,278,276,279,-1,279,276,277,-1,278,279,280,-1,278,280,281,-1,281,280,282,-1,281,282,283,-1,283,282,284,-1,283,284,285,-1,285,284,286,-1,285,286,287,-1,287,286,288,-1,287,288,289,-1,289,288,290,-1,289,290,291,-1,292,291,293,-1,293,291,290,-1,294,295,296,-1,296,295,297,-1,294,296,298,-1,298,296,299,-1,298,299,300,-1,300,299,301,-1,300,301,302,-1,302,301,303,-1,302,303,304,-1,304,303,305,-1,304,305,306,-1,306,305,307,-1,306,307,308,-1,308,307,309,-1,310,308,311,-1,311,308,309,-1,310,311,312,-1,310,312,313,-1,313,312,314,-1,313,314,315,-1,315,314,316,-1,315,316,317,-1,317,316,318,-1,317,318,319,-1,319,318,320,-1,319,320,321,-1,321,320,322,-1,321,322,323,-1,324,323,325,-1,325,323,322,-1,324,325,326,-1,324,326,327,-1,327,326,328,-1,327,328,329,-1,329,328,330,-1,329,330,331,-1,331,330,332,-1,331,332,333,-1,333,332,334,-1,333,334,335,-1,335,334,336,-1,335,336,337,-1,338,337,339,-1,339,337,336,-1,273,338,275,-1,275,338,339,-1,315,317,276,-1,272,331,333,-1,338,273,337,-1,337,273,272,-1,337,272,335,-1,335,272,333,-1,324,272,323,-1,323,272,276,-1,324,327,272,-1,272,327,329,-1,272,329,331,-1,315,276,313,-1,317,319,276,-1,276,319,321,-1,276,321,323,-1,292,295,291,-1,291,295,294,-1,291,294,289,-1,289,294,298,-1,289,298,287,-1,287,298,300,-1,287,300,285,-1,285,300,302,-1,285,302,283,-1,283,302,304,-1,283,304,281,-1,281,304,306,-1,281,306,278,-1,278,306,308,-1,278,308,276,-1,276,308,310,-1,276,310,313,-1,274,330,328,-1,275,339,274,-1,274,339,336,-1,328,326,274,-1,274,326,325,-1,274,325,277,-1,277,325,322,-1,277,322,320,-1,336,334,274,-1,274,334,332,-1,274,332,330,-1,320,318,277,-1,277,318,316,-1,277,316,314,-1,297,293,296,-1,296,293,290,-1,296,290,299,-1,299,290,288,-1,299,288,301,-1,301,288,286,-1,301,286,303,-1,303,286,284,-1,303,284,305,-1,305,284,282,-1,305,282,307,-1,307,282,280,-1,307,280,309,-1,309,280,279,-1,309,279,311,-1,311,279,277,-1,311,277,312,-1,312,277,314,-1,340,341,342,-1,342,341,343,-1,344,340,345,-1,345,340,342,-1,346,344,347,-1,347,344,345,-1,346,347,348,-1,346,348,349,-1,349,348,350,-1,349,350,351,-1,351,350,352,-1,351,352,353,-1,353,352,354,-1,353,354,355,-1,355,354,356,-1,355,356,357,-1,357,356,358,-1,357,358,359,-1,360,359,361,-1,361,359,358,-1,362,363,364,-1,364,363,365,-1,362,364,366,-1,366,364,367,-1,366,367,368,-1,368,367,369,-1,368,369,370,-1,370,369,371,-1,370,371,372,-1,372,371,373,-1,372,373,374,-1,374,373,375,-1,374,375,376,-1,376,375,377,-1,378,376,379,-1,379,376,377,-1,378,379,380,-1,378,380,381,-1,381,380,382,-1,381,382,383,-1,383,382,384,-1,383,384,385,-1,385,384,386,-1,385,386,387,-1,387,386,388,-1,387,388,389,-1,389,388,390,-1,389,390,391,-1,392,391,393,-1,393,391,390,-1,392,393,394,-1,392,394,395,-1,395,394,396,-1,395,396,397,-1,397,396,398,-1,397,398,399,-1,399,398,400,-1,399,400,401,-1,401,400,402,-1,401,402,403,-1,403,402,404,-1,403,404,405,-1,406,405,407,-1,407,405,404,-1,341,406,343,-1,343,406,407,-1,383,385,344,-1,340,399,401,-1,406,341,405,-1,405,341,340,-1,405,340,403,-1,403,340,401,-1,392,340,391,-1,391,340,344,-1,392,395,340,-1,340,395,397,-1,340,397,399,-1,383,344,381,-1,385,387,344,-1,344,387,389,-1,344,389,391,-1,360,363,359,-1,359,363,362,-1,359,362,357,-1,357,362,366,-1,357,366,355,-1,355,366,368,-1,355,368,353,-1,353,368,370,-1,353,370,351,-1,351,370,372,-1,351,372,349,-1,349,372,374,-1,349,374,346,-1,346,374,376,-1,346,376,344,-1,344,376,378,-1,344,378,381,-1,342,398,396,-1,343,407,342,-1,342,407,404,-1,396,394,342,-1,342,394,393,-1,342,393,345,-1,345,393,390,-1,345,390,388,-1,404,402,342,-1,342,402,400,-1,342,400,398,-1,388,386,345,-1,345,386,384,-1,345,384,382,-1,365,361,364,-1,364,361,358,-1,364,358,367,-1,367,358,356,-1,367,356,369,-1,369,356,354,-1,369,354,371,-1,371,354,352,-1,371,352,373,-1,373,352,350,-1,373,350,375,-1,375,350,348,-1,375,348,377,-1,377,348,347,-1,377,347,379,-1,379,347,345,-1,379,345,380,-1,380,345,382,-1,
        ]
    }
}
Shape{
    appearance Appearance {
        material  Material 	{
            diffuseColor 0.25098039215686274 0.25098039215686274 0.25098039215686274
            specularColor 0.12549019607843137 0.12549019607843137 0.12549019607843137
            ambientIntensity 0.251
            transparency 0.0
            shininess 0.5
        }
    }
    geometry IndexedFaceSet {
        ccw TRUE
        solid FALSE
        coord DEF co Coordinate {
            point [
                0.8661 -1.0138 0.0, 0.9044 -1.0087 -0.1575, 0.9044 -1.0087 0.0, 0.94 -0.994 -0.1575, 0.94 -0.994 0.0, 0.9705 -0.9705 -0.1575, 0.9705 -0.9705 0.0, 0.994 -0.94 -0.1575, 0.994 -0.94 0.0, 1.0087 -0.9044 -0.1575, 1.0087 -0.9044 0.0, 1.0138 -0.8661 -0.1575, 1.0138 -0.8661 0.0, 1.0087 -0.8279 -0.1575, 1.0087 -0.8279 0.0, 0.994 -0.7923 -0.1575, 0.994 -0.7923 0.0, 0.9705 -0.7617 -0.1575, 0.9705 -0.7617 0.0, 0.94 -0.7383 -0.1575, 0.94 -0.7383 0.0, 0.9044 -0.7235 -0.1575, 0.9044 -0.7235 0.0, 0.8661 -0.7185 -0.1575, 0.8661 -0.7185 0.0, 0.8279 -0.7235 -0.1575, 0.8279 -0.7235 0.0, 0.7923 -0.7383 -0.1575, 0.7923 -0.7383 0.0, 0.7617 -0.7617 -0.1575, 0.7617 -0.7617 0.0, 0.7383 -0.7923 -0.1575, 0.7383 -0.7923 0.0, 0.7235 -0.8279 -0.1575, 0.7235 -0.8279 0.0, 0.7185 -0.8661 -0.1575, 0.7185 -0.8661 0.0, 0.7235 -0.9044 -0.1575, 0.7235 -0.9044 0.0, 0.7383 -0.94 -0.1575, 0.7383 -0.94 0.0, 0.7617 -0.9705 -0.1575, 0.7617 -0.9705 0.0, 0.7923 -0.994 -0.1575, 0.7923 -0.994 0.0, 0.8279 -1.0087 -0.1575, 0.8279 -1.0087 0.0, 0.8661 -1.0138 -0.1575, 0.812 -0.7724 -0.1968, 0.8381 -0.7616 -0.1968, 0.8661 -0.8661 -0.1968, 0.8661 -0.7579 -0.1968, 0.8942 -0.7616 -0.1968, 0.7616 -0.8381 -0.1968, 0.7724 -0.812 -0.1968, 0.7896 -0.7896 -0.1968, 0.7724 -0.9203 -0.1968, 0.7616 -0.8942 -0.1968, 0.7579 -0.8661 -0.1968, 0.8381 -0.9707 -0.1968, 0.812 -0.9599 -0.1968, 0.7896 -0.9427 -0.1968, 0.9203 -0.9599 -0.1968, 0.8942 -0.9707 -0.1968, 0.8661 -0.9744 -0.1968, 0.9707 -0.8942 -0.1968, 0.9599 -0.9203 -0.1968, 0.9427 -0.9427 -0.1968, 0.9599 -0.812 -0.1968, 0.9707 -0.8381 -0.1968, 0.9744 -0.8661 -0.1968, 0.9203 -0.7724 -0.1968, 0.9427 -0.7896 -0.1968, -0.8661 -1.0138 0.0, -0.8279 -1.0087 -0.1575, -0.8279 -1.0087 0.0, -0.7923 -0.994 -0.1575, -0.7923 -0.994 0.0, -0.7617 -0.9705 -0.1575, -0.7617 -0.9705 0.0, -0.7383 -0.94 -0.1575, -0.7383 -0.94 0.0, -0.7235 -0.9044 -0.1575, -0.7235 -0.9044 0.0, -0.7185 -0.8661 -0.1575, -0.7185 -0.8661 0.0, -0.7235 -0.8279 -0.1575, -0.7235 -0.8279 0.0, -0.7383 -0.7923 -0.1575, -0.7383 -0.7923 0.0, -0.7617 -0.7617 -0.1575, -0.7617 -0.7617 0.0, -0.7923 -0.7383 -0.1575, -0.7923 -0.7383 0.0, -0.8279 -0.7235 -0.1575, -0.8279 -0.7235 0.0, -0.8661 -0.7185 -0.1575, -0.8661 -0.7185 0.0, -0.9044 -0.7235 -0.1575, -0.9044 -0.7235 0.0, -0.94 -0.7383 -0.1575, -0.94 -0.7383 0.0, -0.9705 -0.7617 -0.1575, -0.9705 -0.7617 0.0, -0.994 -0.7923 -0.1575, -0.994 -0.7923 0.0, -1.0087 -0.8279 -0.1575, -1.0087 -0.8279 0.0, -1.0138 -0.8661 -0.1575, -1.0138 -0.8661 0.0, -1.0087 -0.9044 -0.1575, -1.0087 -0.9044 0.0, -0.994 -0.94 -0.1575, -0.994 -0.94 0.0, -0.9705 -0.9705 -0.1575, -0.9705 -0.9705 0.0, -0.94 -0.994 -0.1575, -0.94 -0.994 0.0, -0.9044 -1.0087 -0.1575, -0.9044 -1.0087 0.0, -0.8661 -1.0138 -0.1575, -0.812 -0.9599 -0.1968, -0.8381 -0.9707 -0.1968, -0.8661 -0.8661 -0.1968, -0.8661 -0.9744 -0.1968, -0.8942 -0.9707 -0.1968, -0.7616 -0.8942 -0.1968, -0.7724 -0.9203 -0.1968, -0.7896 -0.9427 -0.1968, -0.7724 -0.812 -0.1968, -0.7616 -0.8381 -0.1968, -0.7579 -0.8661 -0.1968, -0.8381 -0.7616 -0.1968, -0.812 -0.7724 -0.1968, -0.7896 -0.7896 -0.1968, -0.9203 -0.7724 -0.1968, -0.8942 -0.7616 -0.1968, -0.8661 -0.7579 -0.1968, -0.9707 -0.8381 -0.1968, -0.9599 -0.812 -0.1968, -0.9427 -0.7896 -0.1968, -0.9599 -0.9203 -0.1968, -0.9707 -0.8942 -0.1968, -0.9744 -0.8661 -0.1968, -0.9203 -0.9599 -0.1968, -0.9427 -0.9427 -0.1968
            ]
        }
        coordIndex [
            0,1,2,-1,2,1,3,-1,2,3,4,-1,4,3,5,-1,4,5,6,-1,6,5,7,-1,6,7,8,-1,8,7,9,-1,8,9,10,-1,10,9,11,-1,10,11,12,-1,12,11,13,-1,12,13,14,-1,14,13,15,-1,14,15,16,-1,16,15,17,-1,16,17,18,-1,18,17,19,-1,18,19,20,-1,20,19,21,-1,20,21,22,-1,22,21,23,-1,22,23,24,-1,24,23,25,-1,24,25,26,-1,26,25,27,-1,26,27,28,-1,28,27,29,-1,28,29,30,-1,30,29,31,-1,30,31,32,-1,32,31,33,-1,32,33,34,-1,34,33,35,-1,34,35,36,-1,36,35,37,-1,36,37,38,-1,38,37,39,-1,38,39,40,-1,40,39,41,-1,40,41,42,-1,42,41,43,-1,42,43,44,-1,44,43,45,-1,44,45,46,-1,46,45,47,-1,46,47,0,-1,0,47,1,-1,48,49,50,-1,50,49,51,-1,50,51,52,-1,53,54,50,-1,50,54,55,-1,50,55,48,-1,56,57,50,-1,50,57,58,-1,50,58,53,-1,59,60,50,-1,50,60,61,-1,50,61,56,-1,62,63,50,-1,50,63,64,-1,50,64,59,-1,65,66,50,-1,50,66,67,-1,50,67,62,-1,68,69,50,-1,50,69,70,-1,50,70,65,-1,52,71,50,-1,50,71,72,-1,50,72,68,-1,73,74,75,-1,75,74,76,-1,75,76,77,-1,77,76,78,-1,77,78,79,-1,79,78,80,-1,79,80,81,-1,81,80,82,-1,81,82,83,-1,83,82,84,-1,83,84,85,-1,85,84,86,-1,85,86,87,-1,87,86,88,-1,87,88,89,-1,89,88,90,-1,89,90,91,-1,91,90,92,-1,91,92,93,-1,93,92,94,-1,93,94,95,-1,95,94,96,-1,95,96,97,-1,97,96,98,-1,97,98,99,-1,99,98,100,-1,99,100,101,-1,101,100,102,-1,101,102,103,-1,103,102,104,-1,103,104,105,-1,105,104,106,-1,105,106,107,-1,107,106,108,-1,107,108,109,-1,109,108,110,-1,109,110,111,-1,111,110,112,-1,111,112,113,-1,113,112,114,-1,113,114,115,-1,115,114,116,-1,115,116,117,-1,117,116,118,-1,117,118,119,-1,119,118,120,-1,119,120,73,-1,73,120,74,-1,121,122,123,-1,123,122,124,-1,123,124,125,-1,126,127,123,-1,123,127,128,-1,123,128,121,-1,129,130,123,-1,123,130,131,-1,123,131,126,-1,132,133,123,-1,123,133,134,-1,123,134,129,-1,135,136,123,-1,123,136,137,-1,123,137,132,-1,138,139,123,-1,123,139,140,-1,123,140,135,-1,141,142,123,-1,123,142,143,-1,123,143,138,-1,125,144,123,-1,123,144,145,-1,123,145,141,-1,120,122,74,-1,74,122,121,-1,74,121,76,-1,76,121,128,-1,76,128,78,-1,78,128,127,-1,78,127,80,-1,80,127,126,-1,80,126,82,-1,82,126,131,-1,82,131,84,-1,84,131,130,-1,84,130,86,-1,86,130,129,-1,86,129,88,-1,88,129,134,-1,88,134,90,-1,90,134,133,-1,90,133,92,-1,92,133,132,-1,92,132,94,-1,94,132,137,-1,94,137,96,-1,96,137,136,-1,96,136,98,-1,98,136,135,-1,98,135,100,-1,100,135,140,-1,100,140,102,-1,102,140,139,-1,102,139,104,-1,104,139,138,-1,104,138,106,-1,106,138,143,-1,106,143,108,-1,108,143,142,-1,108,142,110,-1,110,142,141,-1,110,141,112,-1,112,141,145,-1,112,145,114,-1,114,145,144,-1,114,144,116,-1,116,144,125,-1,116,125,118,-1,118,125,124,-1,118,124,120,-1,120,124,122,-1,47,63,1,-1,1,63,62,-1,1,62,3,-1,3,62,67,-1,3,67,5,-1,5,67,66,-1,5,66,7,-1,7,66,65,-1,7,65,9,-1,9,65,70,-1,9,70,11,-1,11,70,69,-1,11,69,13,-1,13,69,68,-1,13,68,15,-1,15,68,72,-1,15,72,17,-1,17,72,71,-1,17,71,19,-1,19,71,52,-1,19,52,21,-1,21,52,51,-1,21,51,23,-1,23,51,49,-1,23,49,25,-1,25,49,48,-1,25,48,27,-1,27,48,55,-1,27,55,29,-1,29,55,54,-1,29,54,31,-1,31,54,53,-1,31,53,33,-1,33,53,58,-1,33,58,35,-1,35,58,57,-1,35,57,37,-1,37,57,56,-1,37,56,39,-1,39,56,61,-1,39,61,41,-1,41,61,60,-1,41,60,43,-1,43,60,59,-1,43,59,45,-1,45,59,64,-1,45,64,47,-1,47,64,63,-1,
        ]
    }
}
Shape{
    appearance Appearance {
        material  Material 	{
            diffuseColor 0.7529411764705882 0.7529411764705882 0.7529411764705882
            specularColor 0.3764705882352941 0.3764705882352941 0.3764705882352941
            ambientIntensity 0.7529
            transparency 0.0
            shininess 0.5
        }
    }
    geometry IndexedFaceSet {
        ccw TRUE
        solid FALSE
        coord DEF co Coordinate {
            point [
                -0.9253 -1.221 0.9055, -0.9253 -1.3392 0.9055, -0.8721 -1.3392 0.9055, 1.9685 -1.2198 0.9055, 1.9685 -1.0708 0.9055, -0.5307 -1.0708 0.9055, -0.7144 -1.5665 0.9055, -0.7203 -1.5672 0.9055, -0.6868 -1.5672 0.9055, -0.9449 -1.9094 0.9055, -0.8687 -1.9094 0.9055, -0.8687 -1.6201 0.9055, 1.7126 -1.9488 0.9055, 1.7126 -1.9843 0.9055, 1.8701 -1.9843 0.9055, 1.8701 -1.5748 0.9055, 1.8777 -1.5672 0.9055, -0.5307 -1.5672 0.9055, -0.1378 1.9488 0.9055, -0.1378 1.9843 0.9055, -0.5307 1.9843 0.9055, -0.8178 -1.2211 0.9055, -0.8076 -1.2198 0.9055, -0.8607 -1.2198 0.9055, -0.7834 -1.3547 0.9055, -0.7919 -1.3555 0.9055, -0.7478 -1.3555 0.9055, -1.437 -1.9488 0.9055, -1.437 -1.9843 0.9055, -1.0041 -1.9843 0.9055, -1.6567 -1.4038 0.9055, -1.6548 -1.3947 0.9055, -1.9685 -1.3947 0.9055, -1.1114 -1.326 0.9055, -1.0859 -1.3481 0.9055, -1.0041 -1.2198 0.9055, -1.0041 -1.3555 0.9055, -1.197 -1.2345 0.9055, -1.1659 -1.2703 0.9055, -1.1457 -1.3094 0.9055, -1.1394 -1.3116 0.9055, -1.326 -1.1851 0.9055, -1.2869 -1.1893 0.9055, -1.0041 -1.0708 0.9055, -1.2393 -1.206 0.9055, -1.2188 -1.2198 0.9055, -1.4168 -1.2079 0.9055, -1.3731 -1.191 0.9055, -1.9685 -1.0708 0.9055, -1.6126 -1.3075 0.9055, -1.6035 -1.2991 0.9055, -1.9685 -1.2198 0.9055, -1.4361 -1.2198 0.9055, -1.4399 -1.2221 0.9055, -1.5715 -1.278 0.9055, -1.5361 -1.2655 0.9055, -1.5034 -1.262 0.9055, -1.4622 -1.2412 0.9055, -1.4925 -1.2626 0.9055, -1.4816 -1.2639 0.9055, -1.9685 -1.3555 0.9055, -1.6491 -1.3664 0.9055, -1.6438 -1.3555 0.9055, -1.6329 -1.3329 0.9055, -1.5585 -1.5592 0.9055, -1.5921 -1.5413 0.9055, -1.8777 -1.5672 0.9055, -1.6173 -1.5191 0.9055, -1.6214 -1.5144 0.9055, -1.6412 -1.4837 0.9055, -1.9685 -1.4764 0.9055, -1.6537 -1.4482 0.9055, -1.6571 -1.4157 0.9055, -1.8701 -1.6201 0.9055, -1.4905 -1.6201 0.9055, -1.4993 -1.6164 0.9055, -1.5178 -1.6024 0.9055, -1.5319 -1.585 0.9055, -1.8701 -1.5748 0.9055, -1.5402 -1.5672 0.9055, -1.5414 -1.5647 0.9055, -1.4662 -1.9108 0.9055, -1.4567 -1.9147 0.9055, -1.412 -1.6201 0.9055, -1.7011 -1.921 0.9055, -1.6929 -1.9147 0.9055, -1.0041 -1.6201 0.9055, -1.7126 -1.9843 0.9055, -1.7126 -1.9488 0.9055, -1.8701 -1.9843 0.9055, -1.7113 -1.9386 0.9055, -1.7073 -1.9291 0.9055, -1.4485 -1.921 0.9055, -1.4423 -1.9291 0.9055, -1.4383 -1.9386 0.9055, -1.4283 -1.6264 0.9055, -1.4513 -1.6292 0.9055, -1.4764 -1.9094 0.9055, -1.455 -1.6291 0.9055, -1.6834 -1.9108 0.9055, -1.6732 -1.9094 0.9055, -1.4774 -1.6256 0.9055, -1.0041 -1.5672 0.9055, -1.3623 -1.5672 0.9055, -1.3624 -1.5674 0.9055, -1.3736 -1.5886 0.9055, -1.3883 -1.6051 0.9055, -1.4072 -1.6183 0.9055, -1.3801 -1.4707 0.9055, -1.253 -1.4043 0.9055, -1.3966 -1.4557 0.9055, -1.4168 -1.4449 0.9055, -1.1111 -1.4265 0.9055, -1.1155 -1.4083 0.9055, -1.1228 -1.3947 0.9055, -1.595 -1.3947 0.9055, -1.2334 -1.566 0.9055, -1.2398 -1.5638 0.9055, -1.2461 -1.5597 0.9055, -1.2495 -1.5563 0.9055, -1.2466 -1.515 0.9055, -1.2407 -1.511 0.9055, -1.2235 -1.4546 0.9055, -1.2342 -1.5086 0.9055, -1.0691 -1.4995 0.9055, -1.0869 -1.5239 0.9055, -1.0896 -1.5267 0.9055, -1.1144 -1.5468 0.9055, -1.5895 -1.4515 0.9055, -1.5781 -1.4709 0.9055, -1.5299 -1.4806 0.9055, -1.5611 -1.4884 0.9055, -1.5404 -1.5011 0.9055, -1.4948 -1.4493 0.9055, -1.5142 -1.4627 0.9055, -1.5974 -1.4138 0.9055, -1.5963 -1.4283 0.9055, -1.0557 -1.4044 0.9055, -1.0518 -1.4337 0.9055, -1.0041 -1.3947 0.9055, -1.0519 -1.4386 0.9055, -1.0567 -1.4697 0.9055, -1.1436 -1.5605 0.9055, -1.1733 -1.5666 0.9055, -1.2292 -1.5666 0.9055, -1.2568 -1.5372 0.9055, -1.2566 -1.5344 0.9055, -1.3564 -1.5248 0.9055, -1.255 -1.5271 0.9055, -1.2515 -1.5205 0.9055, -1.4739 -1.4413 0.9055, -1.4513 -1.4385 0.9055, -1.4397 -1.4392 0.9055, -1.2535 -1.5503 0.9055, -1.2559 -1.5439 0.9055, -1.3569 -1.544 0.9055, -1.3564 -1.5343 0.9055, -1.2273 -1.5077 0.9055, -1.2264 -1.5078 0.9055, -1.2236 -1.5084 0.9055, -1.1299 -1.4848 0.9055, -1.1194 -1.47 0.9055, -1.1129 -1.4531 0.9055, -1.1106 -1.4347 0.9055, -1.2216 -1.5087 0.9055, -1.1789 -1.5087 0.9055, -1.162 -1.5055 0.9055, -1.1453 -1.4977 0.9055, -1.1312 -1.4863 0.9055, -1.1922 -1.3607 0.9055, -1.5864 -1.3697 0.9055, -1.5946 -1.3909 0.9055, -1.1846 -1.3607 0.9055, -1.1243 -1.3919 0.9055, -1.1354 -1.3795 0.9055, -1.1501 -1.3693 0.9055, -1.1666 -1.3629 0.9055, -1.5766 -1.3555 0.9055, -1.4522 -1.3332 0.9055, -1.4592 -1.3294 0.9055, -1.209 -1.3098 0.9055, -1.2291 -1.283 0.9055, -1.2382 -1.2744 0.9055, -1.2652 -1.2564 0.9055, -1.2951 -1.2455 0.9055, -1.4805 -1.3216 0.9055, -1.5025 -1.3189 0.9055, -1.5122 -1.3194 0.9055, -1.1932 -1.3555 0.9055, -1.196 -1.3411 0.9055, -1.3251 -1.2421 0.9055, -1.3296 -1.2421 0.9055, -1.4391 -1.3053 0.9055, -1.3612 -1.2469 0.9055, -1.4183 -1.2795 0.9055, -1.3921 -1.2598 0.9055, -1.5356 -1.3249 0.9055, -1.5568 -1.3361 0.9055, -1.5733 -1.3508 0.9055, -1.0807 -1.3555 0.9055, -1.0669 -1.3753 0.9055, -1.0595 -1.3947 0.9055, -0.6868 -1.2943 0.9055, -0.7228 -1.2943 0.9055, -0.6868 -1.3392 0.9055, -0.7228 -1.3392 0.9055, -0.7401 -1.221 0.9055, -0.6868 -1.221 0.9055, -0.6868 -1.2198 0.9055, -0.6713 -1.221 0.9055, -0.6557 -1.2198 0.9055, -0.6713 -1.2363 0.9055, -0.6683 -1.3392 0.9055, -0.6557 -1.3555 0.9055, -0.6683 -1.3544 0.9055, -0.6868 -1.3555 0.9055, -0.6751 -1.2943 0.9055, -0.6751 -1.279 0.9055, -0.6868 -1.279 0.9055, -0.6868 -1.2363 0.9055, -0.7228 -1.2363 0.9055, -0.7228 -1.279 0.9055, -0.7478 -1.0708 0.9055, -0.7842 -1.2198 0.9055, -0.7478 -1.2198 0.9055, -0.7807 -1.2201 0.9055, -0.7668 -1.2242 0.9055, -0.6868 -1.3544 0.9055, -0.7401 -1.3544 0.9055, -0.7668 -1.2422 0.9055, -0.769 -1.35 0.9055, -0.7949 -1.3411 0.9055, -0.7798 -1.3382 0.9055, -0.7668 -1.3324 0.9055, -0.7668 -1.3489 0.9055, -0.8485 -1.2941 0.9055, -0.7683 -1.2414 0.9055, -0.7818 -1.2362 0.9055, -0.842 -1.3182 0.9055, -0.8355 -1.3272 0.9055, -0.8329 -1.3298 0.9055, -0.8242 -1.336 0.9055, -0.8147 -1.3397 0.9055, -0.8012 -1.3413 0.9055, -0.8346 -1.2491 0.9055, -0.8418 -1.2591 0.9055, -0.8255 -1.2416 0.9055, -0.815 -1.2367 0.9055, -0.7982 -1.2343 0.9055, -0.8034 -1.2345 0.9055, -0.8486 -1.2892 0.9055, -0.8463 -1.2706 0.9055, -0.8463 -1.3075 0.9055, -0.8607 -1.0708 0.9055, -0.7984 -1.2187 0.9055, -0.7981 -1.2187 0.9055, -0.8634 -1.2658 0.9055, -0.8607 -1.2595 0.9055, -0.8571 -1.251 0.9055, -0.8474 -1.2383 0.9055, -0.8442 -1.2353 0.9055, -0.8318 -1.2265 0.9055, -0.8664 -1.2832 0.9055, -0.8687 -1.2198 0.9055, -0.8667 -1.2902 0.9055, -0.8687 -1.3555 0.9055, -0.864 -1.3122 0.9055, -0.8607 -1.3205 0.9055, -0.8388 -1.3474 0.9055, -0.8496 -1.3384 0.9055, -0.8607 -1.3555 0.9055, -0.8585 -1.326 0.9055, -0.8037 -1.3567 0.9055, -0.8118 -1.3563 0.9055, -0.8607 -1.3947 0.9055, -0.8154 -1.3555 0.9055, -0.8262 -1.3533 0.9055, -0.5819 1.9843 0.9055, -0.6299 1.9843 0.9055, -0.6299 1.9094 0.9055, 0.9449 1.9094 0.9055, 1.9685 1.4764 0.9055, 1.8701 1.5748 0.9055, 1.7011 1.921 0.9055, 1.6929 1.9147 0.9055, 1.6834 1.9108 0.9055, 1.4485 1.921 0.9055, 1.4423 1.9291 0.9055, 1.437 1.9843 0.9055, 0.9449 1.9843 0.9055, 1.437 1.9488 0.9055, 1.4383 1.9386 0.9055, 0.6299 1.9843 0.9055, 0.1378 1.9843 0.9055, 0.6299 1.9094 0.9055, 0.1378 1.9488 0.9055, 0.1365 1.9386 0.9055, 0.1325 1.9291 0.9055, 0.1263 1.921 0.9055, -0.4306 0.8541 0.9055, 1.7126 1.9843 0.9055, 1.7126 1.9488 0.9055, 1.8701 1.9843 0.9055, 1.7113 1.9386 0.9055, 1.7073 1.9291 0.9055, -0.2801 0.9146 0.9055, -0.1215 0.9487 0.9055, 0.0406 0.9556 0.9055, 0.7442 0.6009 0.9055, 0.835 0.4665 0.9055, 0.9427 -0.1616 0.9055, 0.9018 -0.3186 0.9055, 0.835 -0.4665 0.9055, 0.7442 -0.6009 0.9055, 0.6319 -0.718 0.9055, 0.5015 -0.8145 0.9055, 0.3566 -0.8875 0.9055, -0.5307 -0.7924 0.9055, -0.4306 -0.8541 0.9055, -0.2801 -0.9146 0.9055, 0.1181 1.9147 0.9055, 0.1086 1.9108 0.9055, 0.0984 1.9094 0.9055, 1.4662 1.9108 0.9055, 1.4567 1.9147 0.9055, 0.2015 0.935 0.9055, 0.3566 0.8875 0.9055, 0.5015 0.8145 0.9055, 0.6319 0.718 0.9055, 0.2015 -0.935 0.9055, 0.0406 -0.9556 0.9055, -0.1215 -0.9487 0.9055, -0.1181 1.9147 0.9055, -0.5307 0.7924 0.9055, -0.1086 1.9108 0.9055, -0.0984 1.9094 0.9055, -0.1263 1.921 0.9055, -0.1325 1.9291 0.9055, -0.1365 1.9386 0.9055, 1.6732 1.9094 0.9055, 1.4764 1.9094 0.9055, 0.9018 0.3186 0.9055, 0.9427 0.1616 0.9055, 0.9565 0.0 0.9055, -0.3409 -1.5661 0.9055, -0.3599 -1.5661 0.9055, -0.2589 -1.5661 0.9055, -0.2725 -1.5296 0.9055, -0.328 -1.5296 0.9055, -0.5012 -1.5661 0.9055, -0.5307 -1.5661 0.9055, -0.476 -1.5661 0.9055, -0.5042 -1.4327 0.9055, -0.5042 -1.448 0.9055, -0.476 -1.4327 0.9055, -0.5307 -1.3947 0.9055, -0.5307 -1.4327 0.9055, 1.9685 -1.3947 0.9055, -0.2907 -1.4327 0.9055, -0.3091 -1.4327 0.9055, -0.2398 -1.5661 0.9055, 1.9685 -1.4764 0.9055, -0.3874 -1.4503 0.9055, -0.3828 -1.4548 0.9055, -0.3745 -1.4664 0.9055, -0.3696 -1.4791 0.9055, -0.5307 -1.5509 0.9055, -0.5012 -1.5509 0.9055, -0.508 -1.506 0.9055, -0.508 -1.4907 0.9055, -0.5307 -1.4907 0.9055, -0.4379 -1.4327 0.9055, -0.4175 -1.4349 0.9055, -0.4014 -1.4408 0.9055, -0.3709 -1.5218 0.9055, -0.3677 -1.5061 0.9055, -0.3673 -1.4977 0.9055, -0.3775 -1.5356 0.9055, -0.3874 -1.5474 0.9055, -0.4012 -1.5573 0.9055, -0.4164 -1.5633 0.9055, -0.4392 -1.5661 0.9055, 0.6299 -1.9094 0.9055, 0.9449 -1.9094 0.9055, 1.8701 -1.6201 0.9055, -0.5307 -1.6201 0.9055, 1.6834 -1.9108 0.9055, 1.6929 -1.9147 0.9055, -0.1378 -1.9843 0.9055, -0.1378 -1.9488 0.9055, -0.5307 -1.9843 0.9055, -0.1365 -1.9386 0.9055, -0.1325 -1.9291 0.9055, -0.1263 -1.921 0.9055, -0.1181 -1.9147 0.9055, -0.1086 -1.9108 0.9055, -0.0984 -1.9094 0.9055, 0.1263 -1.921 0.9055, 0.1325 -1.9291 0.9055, 0.1378 -1.9843 0.9055, 0.6299 -1.9843 0.9055, 0.1378 -1.9488 0.9055, 0.1365 -1.9386 0.9055, 0.9449 -1.9843 0.9055, 1.437 -1.9843 0.9055, 1.437 -1.9488 0.9055, 1.4383 -1.9386 0.9055, 1.4423 -1.9291 0.9055, 1.4485 -1.921 0.9055, 1.6732 -1.9094 0.9055, 1.7011 -1.921 0.9055, 1.7073 -1.9291 0.9055, 1.7113 -1.9386 0.9055, 0.0984 -1.9094 0.9055, 0.1086 -1.9108 0.9055, 0.1181 -1.9147 0.9055, 1.4567 -1.9147 0.9055, 1.4662 -1.9108 0.9055, 1.4764 -1.9094 0.9055, -0.6557 -1.9094 0.9055, -0.6868 -1.6201 0.9055, -0.6868 -1.9094 0.9055, -0.7478 -1.6201 0.9055, -0.7478 -1.9094 0.9055, -0.8607 -1.6201 0.9055, -0.8607 -1.9094 0.9055, -1.7126 1.9488 0.9055, -1.7126 1.9843 0.9055, -1.8701 1.9843 0.9055, -1.0041 1.9843 0.9055, -1.8701 1.5748 0.9055, -1.9685 1.4764 0.9055, -1.437 1.9843 0.9055, -1.437 1.9488 0.9055, -1.4383 1.9386 0.9055, -1.4423 1.9291 0.9055, -1.6929 1.9147 0.9055, -1.7011 1.921 0.9055, -1.7073 1.9291 0.9055, -1.7113 1.9386 0.9055, -1.4485 1.921 0.9055, -1.4567 1.9147 0.9055, -1.4662 1.9108 0.9055, -1.4764 1.9094 0.9055, -1.6732 1.9094 0.9055, -1.6834 1.9108 0.9055, -0.9495 0.1018 0.9055, -0.9256 0.241 0.9055, -0.9449 1.9094 0.9055, -0.8716 0.394 0.9055, -0.8687 1.9094 0.9055, -0.8687 0.3991 0.9055, -0.8607 0.4134 0.9055, -0.8607 1.9094 0.9055, -0.7925 0.5356 0.9055, -0.7478 1.9094 0.9055, -0.7478 0.5909 0.9055, -0.6905 0.6618 0.9055, -0.6868 1.9094 0.9055, -0.6868 0.6651 0.9055, -0.6557 0.6925 0.9055, -0.5688 0.769 0.9055, -0.5819 0.7574 0.9055, -0.6557 1.9094 0.9055, -0.9495 -0.1018 0.9055, -0.953 -0.0811 0.9055, -0.953 0.0811 0.9055, -0.9495 1.9843 0.9055, -0.9449 1.9843 0.9055, -0.8716 -0.394 0.9055, -0.9256 -0.241 0.9055, -0.9495 -1.0708 0.9055, -0.8687 -0.3991 0.9055, -0.7925 -0.5356 0.9055, -0.7478 -0.5909 0.9055, -0.6905 -0.6618 0.9055, -0.6868 -0.6651 0.9055, -0.538 -1.3101 0.9055, -0.5446 -1.3239 0.9055, -0.5307 -1.3555 0.9055, -0.5819 -1.2198 0.9055, -0.5819 -1.2242 0.9055, -0.5307 -1.2198 0.9055, -0.5685 -1.2291 0.9055, -0.5819 -1.351 0.9055, -0.5819 -1.3555 0.9055, -0.5683 -1.3456 0.9055, -0.5545 -1.3357 0.9055, -0.5545 -1.2386 0.9055, -0.5499 -1.2431 0.9055, -0.5417 -1.2547 0.9055, -0.5367 -1.2674 0.9055, -0.5344 -1.286 0.9055, -0.5348 -1.2944 0.9055, -0.605 -1.221 0.9055, -0.5846 -1.2232 0.9055, -0.5835 -1.3516 0.9055, -0.6064 -1.3544 0.9055, -0.6431 -1.3544 0.9055, -0.6431 -1.221 0.9055, -0.8094 -1.5651 0.9055, -0.8155 -1.5672 0.9055, -0.7949 -1.5661 0.9055, -0.848 -1.5207 0.9055, -0.8454 -1.4937 0.9055, -0.8514 -1.5255 0.9055, -0.8536 -1.5314 0.9055, -0.8033 -1.5611 0.9055, -0.8347 -1.5671 0.9055, -0.8411 -1.5647 0.9055, -0.8607 -1.5672 0.9055, -0.8518 -1.5539 0.9055, -0.8539 -1.5483 0.9055, -0.8297 -1.4707 0.9055, -0.8421 -1.4755 0.9055, -0.8454 -1.4775 0.9055, -0.8084 -1.4828 0.9055, -0.8142 -1.4822 0.9055, -0.8231 -1.5095 0.9055, -0.8429 -1.5163 0.9055, -0.8358 -1.5126 0.9055, -0.8338 -1.4864 0.9055, -0.8234 -1.4831 0.9055, -0.8466 -1.5609 0.9055, -0.8483 -1.559 0.9055, -0.7949 -1.5514 0.9055, -0.7953 -1.5514 0.9055, -0.798 -1.5555 0.9055, -0.7479 -1.5145 0.9055, -0.7555 -1.5455 0.9055, -0.7478 -1.5145 0.9055, -0.7495 -1.5493 0.9055, -0.7478 -1.5499 0.9055, -0.8547 -1.5406 0.9055, -0.8547 -1.5386 0.9055, -0.7949 -1.5055 0.9055, -0.7954 -1.4983 0.9055, -0.7972 -1.4922 0.9055, -0.7991 -1.4888 0.9055, -0.8126 -1.4686 0.9055, -0.8027 -1.4695 0.9055, -0.7956 -1.4716 0.9055, -0.8016 -1.4861 0.9055, -0.8046 -1.4842 0.9055, -0.7478 -1.3947 0.9055, -0.75 -1.481 0.9055, -0.753 -1.4856 0.9055, -0.7901 -1.4747 0.9055, -0.7507 -1.5116 0.9055, -0.7526 -1.5086 0.9055, -0.7782 -1.5048 0.9055, -0.7546 -1.5036 0.9055, -0.7795 -1.4919 0.9055, -0.7856 -1.479 0.9055, -0.7821 -1.4843 0.9055, -0.7548 -1.491 0.9055, -0.7554 -1.4965 0.9055, -0.8163 -1.5675 0.9055, -0.834 -1.5672 0.9055, -0.8252 -1.5684 0.9055, -0.8245 -1.5684 0.9055, -0.7555 -1.5628 0.9055, -0.7782 -1.5661 0.9055, -0.7478 -1.5655 0.9055, -0.7478 -1.5672 0.9055, -0.7438 -1.5669 0.9055, -0.7404 -1.5672 0.9055, -0.7297 -1.5684 0.9055, -0.6957 -1.4728 0.9055, -0.6957 -1.4891 0.9055, -0.6967 -1.5244 0.9055, -0.6939 -1.5285 0.9055, -0.6937 -1.5517 0.9055, -0.6967 -1.5562 0.9055, -0.7478 -1.479 0.9055, -0.7447 -1.4762 0.9055, -0.7406 -1.4737 0.9055, -0.7317 -1.4702 0.9055, -0.7183 -1.4686 0.9055, -0.6868 -1.3947 0.9055, -0.7066 -1.4697 0.9055, -0.7019 -1.5608 0.9055, -0.7057 -1.5631 0.9055, -0.692 -1.5333 0.9055, -0.6911 -1.5402 0.9055, -0.6918 -1.5464 0.9055, -0.7199 -1.4822 0.9055, -0.7249 -1.4826 0.9055, -0.7382 -1.495 0.9055, -0.7293 -1.4837 0.9055, -0.7331 -1.4857 0.9055, -0.738 -1.4972 0.9055, -0.7374 -1.4998 0.9055, -0.7362 -1.5021 0.9055, -0.7345 -1.5039 0.9055, -0.7286 -1.5076 0.9055, -0.7082 -1.4836 0.9055, -0.7183 -1.5121 0.9055, -0.6988 -1.4873 0.9055, -0.7118 -1.5147 0.9055, -0.7007 -1.5209 0.9055, -0.7356 -1.488 0.9055, -0.7371 -1.4901 0.9055, -0.7379 -1.4923 0.9055, -0.739 -1.5533 0.9055, -0.7301 -1.5242 0.9055, -0.7401 -1.5196 0.9055, -0.728 -1.5547 0.9055, -0.7273 -1.5547 0.9055, -0.7191 -1.5288 0.9055, -0.7187 -1.5537 0.9055, -0.7083 -1.5418 0.9055, -0.7085 -1.5397 0.9055, -0.7144 -1.5522 0.9055, -0.7129 -1.5512 0.9055, -0.711 -1.5495 0.9055, -0.7095 -1.5474 0.9055, -0.7086 -1.545 0.9055, -0.7092 -1.5371 0.9055, -0.7105 -1.5349 0.9055, -0.7126 -1.5327 0.9055, -0.6083 -1.4708 0.9055, -0.5909 -1.4708 0.9055, -0.5819 -1.3947 0.9055, -0.6388 -1.5424 0.9055, -0.6368 -1.5503 0.9055, -0.6364 -1.5503 0.9055, -0.6557 -1.3947 0.9055, -0.6557 -1.494 0.9055, -0.6343 -1.5426 0.9055, -0.6356 -1.547 0.9055, -0.6557 -1.5672 0.9055, -0.6557 -1.5389 0.9055, -0.6824 -1.4708 0.9055, -0.6637 -1.4708 0.9055, -0.6451 -1.5659 0.9055, -0.6456 -1.5672 0.9055, -0.6524 -1.5832 0.9055, -0.6719 -1.6109 0.9055, -0.679 -1.6096 0.9055, -0.679 -1.5948 0.9055, -0.6546 -1.6076 0.9055, -0.6557 -1.608 0.9055, -0.6557 -1.6201 0.9055, -0.6612 -1.6101 0.9055, -0.6682 -1.611 0.9055, -0.6756 -1.5959 0.9055, -0.6695 -1.5967 0.9055, -0.6663 -1.5964 0.9055, -0.6626 -1.5952 0.9055, -0.6595 -1.5933 0.9055, -0.6299 -1.9843 0.9055, -0.5819 -1.9843 0.9055, -0.6299 -1.9094 0.9055, -0.5819 -1.6201 0.9055, -0.6561 -1.5898 0.9055, -0.6557 -1.5891 0.9055, -0.5819 -1.5672 0.9055, -0.629 -1.5672 0.9055, -0.6342 -1.5805 0.9055, -0.6345 -1.5812 0.9055, -0.6425 -1.5963 0.9055, -0.6486 -1.6033 0.9055, -0.6488 -1.6034 0.9055, -0.5307 -1.506 0.9055, -0.5557 -1.506 0.9055, -0.5557 -1.5509 0.9055, -0.5307 -1.448 0.9055, -0.5557 -1.448 0.9055, -0.5557 -1.4907 0.9055, -0.5729 -1.5661 0.9055, -0.5729 -1.4327 0.9055, -0.5819 -1.0708 0.9055, -0.6557 -1.0708 0.9055, -0.6868 -1.0708 0.9055, -0.5688 -0.769 0.9055, -0.5819 -0.7574 0.9055, -0.6557 -0.6925 0.9055, -0.8687 -1.0708 0.9055, -0.8607 -0.4134 0.9055, -0.9495 -1.2198 0.9055, -0.508 -1.3544 0.9055, -0.527 -1.3544 0.9055, -0.426 -1.3544 0.9055, -0.4396 -1.3179 0.9055, -0.4952 -1.3179 0.9055, -0.4762 -1.221 0.9055, -0.4578 -1.221 0.9055, -0.4069 -1.3544 0.9055, 1.9685 -1.3555 0.9055, -0.9495 -1.3555 0.9055, -0.9425 -1.3544 0.9055, -0.9425 -1.221 0.9055, -0.8721 -1.3544 0.9055, -0.8687 -1.3947 0.9055, -0.9495 -1.3947 0.9055, -0.9495 -1.5672 0.9055, -0.9425 -1.5661 0.9055, -0.9425 -1.4327 0.9055, -0.8738 -1.4327 0.9055, -0.8707 -1.5661 0.9055, -0.8687 -1.5672 0.9055, -0.8707 -1.5509 0.9055, -0.8738 -1.448 0.9055, -0.9253 -1.506 0.9055, -0.9253 -1.5509 0.9055, -0.8776 -1.506 0.9055, -0.8776 -1.4907 0.9055, -0.9253 -1.4907 0.9055, -0.9253 -1.448 0.9055, -0.9495 -1.6201 0.9055, -0.9495 -1.9843 0.9055, -0.9449 -1.9843 0.9055, 1.1811 2.0669 0.4331, 0.9449 2.0669 0.4331, 0.9449 2.0669 0.8228, 1.104 2.0669 0.0, 1.104 2.0669 0.2362, 1.8701 2.0669 0.0, 1.1811 2.0669 0.2362, 1.7011 2.0669 0.3265, 1.7073 2.0669 0.3346, 1.4423 2.0669 0.3346, 1.4485 2.0669 0.3265, 1.7126 2.0669 0.8228, 1.8701 2.0669 0.8228, 1.7126 2.0669 0.3543, 1.7113 2.0669 0.3441, 1.437 2.0669 0.8228, 1.437 2.0669 0.3543, 1.4383 2.0669 0.3441, 1.6732 2.0669 0.315, 1.6834 2.0669 0.3163, 1.6929 2.0669 0.3202, 1.4567 2.0669 0.3202, 1.4662 2.0669 0.3163, 1.4764 2.0669 0.315, 0.9449 1.9882 0.8228, 0.9449 1.9882 0.4331, 1.437 1.9882 0.8228, 1.1811 1.9882 0.4331, 1.437 1.9882 0.3543, 1.7113 1.9882 0.3441, 1.7073 1.9882 0.3346, 1.8701 1.9882 0.0, 1.104 1.9882 0.2362, 1.104 1.9882 0.0, 1.1811 1.9882 0.2362, 1.4567 1.9882 0.3202, 1.4485 1.9882 0.3265, 1.4423 1.9882 0.3346, 1.4383 1.9882 0.3441, 1.8701 1.9882 0.8228, 1.7126 1.9882 0.8228, 1.7126 1.9882 0.3543, 1.7011 1.9882 0.3265, 1.6929 1.9882 0.3202, 1.6834 1.9882 0.3163, 1.6732 1.9882 0.315, 1.4764 1.9882 0.315, 1.4662 1.9882 0.3163, -0.3937 2.0669 0.4331, -0.6299 2.0669 0.4331, -0.6299 2.0669 0.8228, 0.6299 2.0669 0.8228, 0.6299 2.0669 0.4331, 0.1378 2.0669 0.8228, 0.3937 2.0669 0.4331, -0.4708 2.0669 0.0, -0.4708 2.0669 0.2362, -0.3937 2.0669 0.2362, -0.1263 2.0669 0.3265, -0.1181 2.0669 0.3202, 0.4708 2.0669 0.0, 0.3937 2.0669 0.2362, 0.4708 2.0669 0.2362, -0.1325 2.0669 0.3346, 0.1263 2.0669 0.3265, 0.1181 2.0669 0.3202, 0.1086 2.0669 0.3163, -0.1378 2.0669 0.8228, -0.1378 2.0669 0.3543, -0.1365 2.0669 0.3441, 0.1325 2.0669 0.3346, 0.1365 2.0669 0.3441, 0.1378 2.0669 0.3543, -0.1086 2.0669 0.3163, -0.0984 2.0669 0.315, 0.0984 2.0669 0.315, 0.3937 1.9882 0.4331, 0.6299 1.9882 0.4331, 0.6299 1.9882 0.8228, -0.6299 1.9882 0.8228, -0.6299 1.9882 0.4331, -0.1378 1.9882 0.8228, -0.3937 1.9882 0.4331, -0.4708 1.9882 0.2362, -0.4708 1.9882 0.0, -0.3937 1.9882 0.2362, 0.4708 1.9882 0.0, 0.3937 1.9882 0.2362, 0.4708 1.9882 0.2362, -0.1086 1.9882 0.3163, -0.1181 1.9882 0.3202, -0.1263 1.9882 0.3265, 0.1378 1.9882 0.8228, 0.1378 1.9882 0.3543, 0.1365 1.9882 0.3441, 0.1325 1.9882 0.3346, 0.1263 1.9882 0.3265, 0.1181 1.9882 0.3202, 0.1086 1.9882 0.3163, 0.0984 1.9882 0.315, -0.0984 1.9882 0.315, -0.1325 1.9882 0.3346, -0.1365 1.9882 0.3441, -0.1378 1.9882 0.3543, -0.9449 2.0669 0.8228, -0.9449 2.0669 0.4331, -1.437 2.0669 0.8228, -1.1811 2.0669 0.4331, -1.437 2.0669 0.3543, -1.7113 2.0669 0.3441, -1.7073 2.0669 0.3346, -1.8701 2.0669 0.0, -1.104 2.0669 0.2362, -1.104 2.0669 0.0, -1.1811 2.0669 0.2362, -1.4567 2.0669 0.3202, -1.4485 2.0669 0.3265, -1.4423 2.0669 0.3346, -1.4383 2.0669 0.3441, -1.8701 2.0669 0.8228, -1.7126 2.0669 0.8228, -1.7126 2.0669 0.3543, -1.7011 2.0669 0.3265, -1.6929 2.0669 0.3202, -1.6834 2.0669 0.3163, -1.6732 2.0669 0.315, -1.4764 2.0669 0.315, -1.4662 2.0669 0.3163, -1.1811 1.9882 0.4331, -0.9449 1.9882 0.4331, -0.9449 1.9882 0.8228, -1.104 1.9882 0.0, -1.104 1.9882 0.2362, -1.8701 1.9882 0.0, -1.1811 1.9882 0.2362, -1.4423 1.9882 0.3346, -1.4485 1.9882 0.3265, -1.437 1.9882 0.8228, -1.437 1.9882 0.3543, -1.4383 1.9882 0.3441, -1.7126 1.9882 0.8228, -1.8701 1.9882 0.8228, -1.7126 1.9882 0.3543, -1.7113 1.9882 0.3441, -1.7073 1.9882 0.3346, -1.6732 1.9882 0.315, -1.6834 1.9882 0.3163, -1.6929 1.9882 0.3202, -1.7011 1.9882 0.3265, -1.4567 1.9882 0.3202, -1.4662 1.9882 0.3163, -1.4764 1.9882 0.315, 1.8701 -1.9882 0.0, 1.8701 -2.0669 0.0, 1.104 -1.9882 0.0, 1.104 -2.0669 0.0, 1.104 -2.0669 0.2362, 1.1811 -2.0669 0.2362, 1.7113 -2.0669 0.3441, 1.7073 -2.0669 0.3346, 0.9449 -2.0669 0.8228, 0.9449 -2.0669 0.4331, 1.437 -2.0669 0.8228, 1.1811 -2.0669 0.4331, 1.437 -2.0669 0.3543, 1.4567 -2.0669 0.3202, 1.4485 -2.0669 0.3265, 1.4423 -2.0669 0.3346, 1.4383 -2.0669 0.3441, 1.8701 -2.0669 0.8228, 1.7126 -2.0669 0.8228, 1.7126 -2.0669 0.3543, 1.7011 -2.0669 0.3265, 1.6929 -2.0669 0.3202, 1.6834 -2.0669 0.3163, 1.6732 -2.0669 0.315, 1.4764 -2.0669 0.315, 1.4662 -2.0669 0.3163, 1.1811 -1.9882 0.4331, 0.9449 -1.9882 0.4331, 0.9449 -1.9882 0.8228, 1.104 -1.9882 0.2362, 1.1811 -1.9882 0.2362, 1.7011 -1.9882 0.3265, 1.7073 -1.9882 0.3346, 1.4423 -1.9882 0.3346, 1.4485 -1.9882 0.3265, 1.437 -1.9882 0.8228, 1.437 -1.9882 0.3543, 1.4383 -1.9882 0.3441, 1.7126 -1.9882 0.8228, 1.8701 -1.9882 0.8228, 1.7126 -1.9882 0.3543, 1.7113 -1.9882 0.3441, 1.6732 -1.9882 0.315, 1.6834 -1.9882 0.3163, 1.6929 -1.9882 0.3202, 1.4567 -1.9882 0.3202, 1.4662 -1.9882 0.3163, 1.4764 -1.9882 0.315, 0.3937 -2.0669 0.4331, 0.6299 -2.0669 0.4331, 0.6299 -2.0669 0.8228, -0.6299 -2.0669 0.8228, -0.6299 -2.0669 0.4331, -0.1378 -2.0669 0.8228, -0.3937 -2.0669 0.4331, -0.4708 -2.0669 0.2362, -0.4708 -2.0669 0.0, -0.3937 -2.0669 0.2362, 0.4708 -2.0669 0.0, 0.3937 -2.0669 0.2362, 0.4708 -2.0669 0.2362, 0.1378 -2.0669 0.8228, 0.1378 -2.0669 0.3543, 0.1365 -2.0669 0.3441, 0.1325 -2.0669 0.3346, 0.1263 -2.0669 0.3265, 0.1181 -2.0669 0.3202, -0.1263 -2.0669 0.3265, -0.1181 -2.0669 0.3202, -0.1086 -2.0669 0.3163, -0.1325 -2.0669 0.3346, -0.1365 -2.0669 0.3441, -0.1378 -2.0669 0.3543, 0.1086 -2.0669 0.3163, 0.0984 -2.0669 0.315, -0.0984 -2.0669 0.315, -0.3937 -1.9882 0.4331, -0.6299 -1.9882 0.4331, -0.6299 -1.9882 0.8228, -0.4708 -1.9882 0.0, -0.4708 -1.9882 0.2362, -0.3937 -1.9882 0.2362, 0.6299 -1.9882 0.8228, 0.6299 -1.9882 0.4331, 0.1378 -1.9882 0.8228, 0.3937 -1.9882 0.4331, 0.4708 -1.9882 0.0, 0.3937 -1.9882 0.2362, 0.4708 -1.9882 0.2362, -0.1378 -1.9882 0.8228, -0.1378 -1.9882 0.3543, -0.1365 -1.9882 0.3441, -0.1325 -1.9882 0.3346, -0.1263 -1.9882 0.3265, -0.1181 -1.9882 0.3202, 0.1263 -1.9882 0.3265, 0.1181 -1.9882 0.3202, 0.1086 -1.9882 0.3163, -0.1086 -1.9882 0.3163, -0.0984 -1.9882 0.315, 0.0984 -1.9882 0.315, 0.1325 -1.9882 0.3346, 0.1365 -1.9882 0.3441, 0.1378 -1.9882 0.3543, -1.1811 -2.0669 0.4331, -0.9449 -2.0669 0.4331, -0.9449 -2.0669 0.8228, -1.104 -2.0669 0.0, -1.104 -2.0669 0.2362, -1.8701 -2.0669 0.0, -1.1811 -2.0669 0.2362, -1.7011 -2.0669 0.3265, -1.7073 -2.0669 0.3346, -1.4423 -2.0669 0.3346, -1.4485 -2.0669 0.3265, -1.437 -2.0669 0.8228, -1.437 -2.0669 0.3543, -1.4383 -2.0669 0.3441, -1.7126 -2.0669 0.8228, -1.8701 -2.0669 0.8228, -1.7126 -2.0669 0.3543, -1.7113 -2.0669 0.3441, -1.6732 -2.0669 0.315, -1.6834 -2.0669 0.3163, -1.6929 -2.0669 0.3202, -1.4567 -2.0669 0.3202, -1.4662 -2.0669 0.3163, -1.4764 -2.0669 0.315, -0.9449 -1.9882 0.8228, -0.9449 -1.9882 0.4331, -1.437 -1.9882 0.8228, -1.1811 -1.9882 0.4331, -1.437 -1.9882 0.3543, -1.7113 -1.9882 0.3441, -1.7073 -1.9882 0.3346, -1.8701 -1.9882 0.0, -1.104 -1.9882 0.2362, -1.104 -1.9882 0.0, -1.1811 -1.9882 0.2362, -1.4567 -1.9882 0.3202, -1.4485 -1.9882 0.3265, -1.4423 -1.9882 0.3346, -1.4383 -1.9882 0.3441, -1.8701 -1.9882 0.8228, -1.7126 -1.9882 0.8228, -1.7126 -1.9882 0.3543, -1.7011 -1.9882 0.3265, -1.6929 -1.9882 0.3202, -1.6834 -1.9882 0.3163, -1.6732 -1.9882 0.315, -1.4764 -1.9882 0.315, -1.4662 -1.9882 0.3163, -1.8701 -1.5748 0.8268, -1.9685 -1.4764 0.8268, -0.9449 -1.9094 0.8268, 1.8701 1.5748 0.8268, 1.9685 1.4764 0.8268, 0.9449 1.9094 0.8268, 1.9685 -1.4764 0.8268, 1.8701 -1.5748 0.8268, 0.9449 -1.9094 0.8268, 1.4662 -1.9108 0.8268, -0.9449 1.9094 0.8268, -1.9685 1.4764 0.8268, -1.8701 1.5748 0.8268, -1.7126 -1.9488 0.8268, -1.7126 -1.9843 0.8268, -1.8701 -1.9843 0.8268, 1.4567 -1.9147 0.8268, 1.4485 -1.921 0.8268, 1.4423 -1.9291 0.8268, 1.437 -1.9843 0.8268, 0.9449 -1.9843 0.8268, 1.437 -1.9488 0.8268, 1.4383 -1.9386 0.8268, 1.7126 1.9488 0.8268, 1.7126 1.9843 0.8268, 1.8701 1.9843 0.8268, -0.1181 -1.9147 0.8268, -0.1263 -1.921 0.8268, -0.6299 -1.9094 0.8268, -0.1325 -1.9291 0.8268, 0.1368 -1.9401 0.8268, 0.1339 -1.9317 0.8268, 0.6299 -1.9094 0.8268, 0.1292 -1.9243 0.8268, 0.123 -1.918 0.8268, 1.7126 -1.9843 0.8268, 1.7126 -1.9488 0.8268, 1.8701 -1.9843 0.8268, 1.7116 -1.9401 0.8268, 1.7087 -1.9317 0.8268, 1.704 -1.9243 0.8268, 1.6978 -1.918 0.8268, 1.6903 -1.9133 0.8268, 1.682 -1.9104 0.8268, 0.1181 1.9147 0.8268, 0.1263 1.921 0.8268, 0.6299 1.9094 0.8268, 0.1325 1.9291 0.8268, -0.1378 -1.9843 0.8268, -0.6299 -1.9843 0.8268, -0.1378 -1.9488 0.8268, -0.1365 -1.9386 0.8268, -0.1181 1.9147 0.8268, -0.6299 1.9094 0.8268, 0.1155 -1.9133 0.8268, 1.6732 -1.9094 0.8268, 1.4764 -1.9094 0.8268, -1.4485 1.921 0.8268, -1.4423 1.9291 0.8268, -1.437 1.9843 0.8268, -0.9449 1.9843 0.8268, -1.437 1.9488 0.8268, -1.4383 1.9386 0.8268, 0.1378 1.9843 0.8268, 0.6299 1.9843 0.8268, 0.1378 1.9488 0.8268, 0.1365 1.9386 0.8268, -0.6299 1.9843 0.8268, -0.1378 1.9843 0.8268, -0.1378 1.9488 0.8268, -0.1365 1.9386 0.8268, -0.1325 1.9291 0.8268, -0.1263 1.921 0.8268, 1.6834 1.9108 0.8268, 1.6929 1.9147 0.8268, 0.6299 -1.9843 0.8268, 0.1378 -1.9843 0.8268, 0.1378 -1.9488 0.8268, 0.1072 -1.9104 0.8268, 0.0984 -1.9094 0.8268, -0.0984 -1.9094 0.8268, -0.1086 -1.9108 0.8268, -1.6929 -1.9147 0.8268, -1.7011 -1.921 0.8268, -1.7073 -1.9291 0.8268, -1.7113 -1.9386 0.8268, -1.7126 1.9843 0.8268, -1.7126 1.9488 0.8268, -1.8701 1.9843 0.8268, -1.7113 1.9386 0.8268, -1.7073 1.9291 0.8268, -1.7011 1.921 0.8268, -0.1086 1.9108 0.8268, -0.0984 1.9094 0.8268, 0.0984 1.9094 0.8268, 0.1086 1.9108 0.8268, 0.9449 1.9843 0.8268, 1.437 1.9843 0.8268, 1.437 1.9488 0.8268, 1.4383 1.9386 0.8268, 1.4423 1.9291 0.8268, 1.4485 1.921 0.8268, 1.6732 1.9094 0.8268, -1.6929 1.9147 0.8268, -1.6834 1.9108 0.8268, -1.6732 1.9094 0.8268, 1.7011 1.921 0.8268, 1.7073 1.9291 0.8268, 1.7113 1.9386 0.8268, -1.438 -1.9401 0.8268, -1.4409 -1.9317 0.8268, -1.4456 -1.9243 0.8268, -1.4764 -1.9094 0.8268, -1.6732 -1.9094 0.8268, -1.6834 -1.9108 0.8268, -1.4764 1.9094 0.8268, -1.4662 1.9108 0.8268, -1.4567 1.9147 0.8268, -1.4518 -1.918 0.8268, -1.4593 -1.9133 0.8268, -1.4676 -1.9104 0.8268, 1.4567 1.9147 0.8268, 1.4662 1.9108 0.8268, 1.4764 1.9094 0.8268, -0.9449 -1.9843 0.8268, -1.437 -1.9843 0.8268, -1.437 -1.9488 0.8268, 1.437 2.0057 0.9027, 0.9449 2.0057 0.9027, 1.437 2.0256 0.8944, 0.9449 2.0256 0.8944, 1.437 2.0427 0.8813, 0.9449 2.0427 0.8813, 1.437 2.0559 0.8642, 0.9449 2.0559 0.8642, 1.437 2.0641 0.8442, 0.9449 2.0641 0.8442, 0.6299 2.0057 0.9027, 0.1378 2.0057 0.9027, 0.6299 2.0256 0.8944, 0.1378 2.0256 0.8944, 0.6299 2.0427 0.8813, 0.1378 2.0427 0.8813, 0.6299 2.0559 0.8642, 0.1378 2.0559 0.8642, 0.6299 2.0641 0.8442, 0.1378 2.0641 0.8442, -0.9449 2.0057 0.9027, -1.437 2.0057 0.9027, -0.9449 2.0256 0.8944, -1.437 2.0256 0.8944, -0.9449 2.0427 0.8813, -1.437 2.0427 0.8813, -0.9449 2.0559 0.8642, -1.437 2.0559 0.8642, -0.9449 2.0641 0.8442, -1.437 2.0641 0.8442, -0.1378 2.0057 0.9027, -0.6299 2.0057 0.9027, -0.1378 2.0256 0.8944, -0.6299 2.0256 0.8944, -0.1378 2.0427 0.8813, -0.6299 2.0427 0.8813, -0.1378 2.0559 0.8642, -0.6299 2.0559 0.8642, -0.1378 2.0641 0.8442, -0.6299 2.0641 0.8442, 0.9449 1.9881 0.8239, 1.437 1.9881 0.8239, 0.9449 1.9877 0.8248, 1.437 1.9877 0.8248, 0.9449 1.987 0.8256, 1.437 1.987 0.8256, 0.9449 1.9862 0.8262, 1.437 1.9862 0.8262, 0.9449 1.9853 0.8266, 1.437 1.9853 0.8266, 0.1378 1.9881 0.8239, 0.6299 1.9881 0.8239, 0.1378 1.9877 0.8248, 0.6299 1.9877 0.8248, 0.1378 1.987 0.8256, 0.6299 1.987 0.8256, 0.1378 1.9862 0.8262, 0.6299 1.9862 0.8262, 0.1378 1.9853 0.8266, 0.6299 1.9853 0.8266, -1.437 1.9881 0.8239, -0.9449 1.9881 0.8239, -1.437 1.9877 0.8248, -0.9449 1.9877 0.8248, -1.437 1.987 0.8256, -0.9449 1.987 0.8256, -1.437 1.9862 0.8262, -0.9449 1.9862 0.8262, -1.437 1.9853 0.8266, -0.9449 1.9853 0.8266, -0.6299 1.9881 0.8239, -0.1378 1.9881 0.8239, -0.6299 1.9877 0.8248, -0.1378 1.9877 0.8248, -0.6299 1.987 0.8256, -0.1378 1.987 0.8256, -0.6299 1.9862 0.8262, -0.1378 1.9862 0.8262, -0.6299 1.9853 0.8266, -0.1378 1.9853 0.8266, 1.8701 2.0057 0.9027, 1.7126 2.0057 0.9027, 1.8701 2.0256 0.8944, 1.7126 2.0256 0.8944, 1.8701 2.0427 0.8813, 1.7126 2.0427 0.8813, 1.8701 2.0559 0.8642, 1.7126 2.0559 0.8642, 1.8701 2.0641 0.8442, 1.7126 2.0641 0.8442, -1.7126 2.0057 0.9027, -1.8701 2.0057 0.9027, -1.7126 2.0256 0.8944, -1.8701 2.0256 0.8944, -1.7126 2.0427 0.8813, -1.8701 2.0427 0.8813, -1.7126 2.0559 0.8642, -1.8701 2.0559 0.8642, -1.7126 2.0641 0.8442, -1.8701 2.0641 0.8442, 1.7126 1.9881 0.8239, 1.8701 1.9881 0.8239, 1.7126 1.9877 0.8248, 1.8701 1.9877 0.8248, 1.7126 1.987 0.8256, 1.8701 1.987 0.8256, 1.7126 1.9862 0.8262, 1.8701 1.9862 0.8262, 1.7126 1.9853 0.8266, 1.8701 1.9853 0.8266, -1.8701 1.9881 0.8239, -1.7126 1.9881 0.8239, -1.8701 1.9877 0.8248, -1.7126 1.9877 0.8248, -1.8701 1.987 0.8256, -1.7126 1.987 0.8256, -1.8701 1.9862 0.8262, -1.7126 1.9862 0.8262, -1.8701 1.9853 0.8266, -1.7126 1.9853 0.8266, -0.6299 -2.0057 0.9027, -0.1378 -2.0057 0.9027, -0.6299 -2.0256 0.8944, -0.1378 -2.0256 0.8944, -0.6299 -2.0427 0.8813, -0.1378 -2.0427 0.8813, -0.6299 -2.0559 0.8642, -0.1378 -2.0559 0.8642, -0.6299 -2.0641 0.8442, -0.1378 -2.0641 0.8442, -0.1378 -1.9881 0.8239, -0.6299 -1.9881 0.8239, -0.1378 -1.9877 0.8248, -0.6299 -1.9877 0.8248, -0.1378 -1.987 0.8256, -0.6299 -1.987 0.8256, -0.1378 -1.9862 0.8262, -0.6299 -1.9862 0.8262, -0.1378 -1.9853 0.8266, -0.6299 -1.9853 0.8266, 0.1378 -2.0057 0.9027, 0.6299 -2.0057 0.9027, 0.1378 -2.0256 0.8944, 0.6299 -2.0256 0.8944, 0.1378 -2.0427 0.8813, 0.6299 -2.0427 0.8813, 0.1378 -2.0559 0.8642, 0.6299 -2.0559 0.8642, 0.1378 -2.0641 0.8442, 0.6299 -2.0641 0.8442, 0.6299 -1.9881 0.8239, 0.1378 -1.9881 0.8239, 0.6299 -1.9877 0.8248, 0.1378 -1.9877 0.8248, 0.6299 -1.987 0.8256, 0.1378 -1.987 0.8256, 0.6299 -1.9862 0.8262, 0.1378 -1.9862 0.8262, 0.6299 -1.9853 0.8266, 0.1378 -1.9853 0.8266, 1.7126 -2.0057 0.9027, 1.8701 -2.0057 0.9027, 1.7126 -2.0256 0.8944, 1.8701 -2.0256 0.8944, 1.7126 -2.0427 0.8813, 1.8701 -2.0427 0.8813, 1.7126 -2.0559 0.8642, 1.8701 -2.0559 0.8642, 1.7126 -2.0641 0.8442, 1.8701 -2.0641 0.8442, 1.8701 -1.9881 0.8239, 1.7126 -1.9881 0.8239, 1.8701 -1.9877 0.8248, 1.7126 -1.9877 0.8248, 1.8701 -1.987 0.8256, 1.7126 -1.987 0.8256, 1.8701 -1.9862 0.8262, 1.7126 -1.9862 0.8262, 1.8701 -1.9853 0.8266, 1.7126 -1.9853 0.8266, -1.437 -2.0057 0.9027, -0.9449 -2.0057 0.9027, -1.437 -2.0256 0.8944, -0.9449 -2.0256 0.8944, -1.437 -2.0427 0.8813, -0.9449 -2.0427 0.8813, -1.437 -2.0559 0.8642, -0.9449 -2.0559 0.8642, -1.437 -2.0641 0.8442, -0.9449 -2.0641 0.8442, -0.9449 -1.9881 0.8239, -1.437 -1.9881 0.8239, -0.9449 -1.9877 0.8248, -1.437 -1.9877 0.8248, -0.9449 -1.987 0.8256, -1.437 -1.987 0.8256, -0.9449 -1.9862 0.8262, -1.437 -1.9862 0.8262, -0.9449 -1.9853 0.8266, -1.437 -1.9853 0.8266, 0.9449 -2.0057 0.9027, 1.437 -2.0057 0.9027, 0.9449 -2.0256 0.8944, 1.437 -2.0256 0.8944, 0.9449 -2.0427 0.8813, 1.437 -2.0427 0.8813, 0.9449 -2.0559 0.8642, 1.437 -2.0559 0.8642, 0.9449 -2.0641 0.8442, 1.437 -2.0641 0.8442, 1.437 -1.9881 0.8239, 0.9449 -1.9881 0.8239, 1.437 -1.9877 0.8248, 0.9449 -1.9877 0.8248, 1.437 -1.987 0.8256, 0.9449 -1.987 0.8256, 1.437 -1.9862 0.8262, 0.9449 -1.9862 0.8262, 1.437 -1.9853 0.8266, 0.9449 -1.9853 0.8266, -1.8701 -2.0057 0.9027, -1.7126 -2.0057 0.9027, -1.8701 -2.0256 0.8944, -1.7126 -2.0256 0.8944, -1.8701 -2.0427 0.8813, -1.7126 -2.0427 0.8813, -1.8701 -2.0559 0.8642, -1.7126 -2.0559 0.8642, -1.8701 -2.0641 0.8442, -1.7126 -2.0641 0.8442, -1.7126 -1.9881 0.8239, -1.8701 -1.9881 0.8239, -1.7126 -1.9877 0.8248, -1.8701 -1.9877 0.8248, -1.7126 -1.987 0.8256, -1.8701 -1.987 0.8256, -1.7126 -1.9862 0.8262, -1.8701 -1.9862 0.8262, -1.7126 -1.9853 0.8266, -1.8701 -1.9853 0.8266, 0.1072 -1.9104 0.9055, 0.1155 -1.9133 0.9055, 0.123 -1.918 0.9055, 0.1292 -1.9243 0.9055, 0.1339 -1.9317 0.9055, 0.1368 -1.9401 0.9055, -1.4676 -1.9104 0.9055, -1.4593 -1.9133 0.9055, -1.4518 -1.918 0.9055, -1.4456 -1.9243 0.9055, -1.4409 -1.9317 0.9055, -1.438 -1.9401 0.9055, 1.682 -1.9104 0.9055, 1.6903 -1.9133 0.9055, 1.6978 -1.918 0.9055, 1.704 -1.9243 0.9055, 1.7087 -1.9317 0.9055, 1.7116 -1.9401 0.9055, -1.103 -1.9881 0.2362, -1.0826 -2.0641 0.2362, -1.102 -1.9877 0.2362, -1.0627 -2.0559 0.2362, -1.1012 -1.987 0.2362, -1.0455 -2.0427 0.2362, -1.1012 -1.987 0.0, -1.0455 -2.0427 0.0, -1.102 -1.9877 0.0, -1.0627 -2.0559 0.0, -1.103 -1.9881 0.0, -1.0826 -2.0641 0.0, -0.9306 -1.8164 0.0, -0.8749 -1.8721 0.0, -0.8749 -1.8721 0.2362, -0.9306 -1.8164 0.2362, -0.4716 -1.9881 0.0, -0.4869 -2.0653 0.0, -0.4723 -1.9879 0.0, -0.5024 -2.0606 0.0, -0.473 -1.9875 0.0, -0.5167 -2.053 0.0, -0.4736 -1.987 0.0, -0.5293 -2.0427 0.0, -0.4736 -1.987 0.2362, -0.5293 -2.0427 0.2362, -0.473 -1.9875 0.2362, -0.5167 -2.053 0.2362, -0.4723 -1.9879 0.2362, -0.5024 -2.0606 0.2362, -0.4716 -1.9881 0.2362, -0.4869 -2.0653 0.2362, -0.6443 -1.8164 0.2362, -0.6999 -1.8721 0.2362, -0.6999 -1.8721 0.0, -0.6443 -1.8164 0.0, 0.4718 -1.9881 0.2362, 0.4922 -2.0641 0.2362, 0.4728 -1.9877 0.2362, 0.5121 -2.0559 0.2362, 0.4736 -1.987 0.2362, 0.5293 -2.0427 0.2362, 0.4736 -1.987 0.0, 0.5293 -2.0427 0.0, 0.4728 -1.9877 0.0, 0.5121 -2.0559 0.0, 0.4718 -1.9881 0.0, 0.4922 -2.0641 0.0, 0.6443 -1.8164 0.0, 0.6999 -1.8721 0.0, 0.6999 -1.8721 0.2362, 0.6443 -1.8164 0.2362, 1.103 -1.9881 0.0, 1.0826 -2.0641 0.0, 1.102 -1.9877 0.0, 1.0627 -2.0559 0.0, 1.1012 -1.987 0.0, 1.0455 -2.0427 0.0, 1.1012 -1.987 0.2362, 1.0455 -2.0427 0.2362, 1.102 -1.9877 0.2362, 1.0627 -2.0559 0.2362, 1.103 -1.9881 0.2362, 1.0826 -2.0641 0.2362, 0.9306 -1.8164 0.2362, 0.8749 -1.8721 0.2362, 0.8749 -1.8721 0.0, 0.9306 -1.8164 0.0, -1.103 1.9881 0.0, -1.0826 2.0641 0.0, -1.102 1.9877 0.0, -1.0627 2.0559 0.0, -1.1012 1.987 0.0, -1.0455 2.0427 0.0, -1.1012 1.987 0.2362, -1.0455 2.0427 0.2362, -1.102 1.9877 0.2362, -1.0627 2.0559 0.2362, -1.103 1.9881 0.2362, -1.0826 2.0641 0.2362, -0.8749 1.8721 0.0, -0.9306 1.8164 0.0, -0.9306 1.8164 0.2362, -0.8749 1.8721 0.2362, -0.4718 1.9881 0.2362, -0.4922 2.0641 0.2362, -0.4728 1.9877 0.2362, -0.5121 2.0559 0.2362, -0.4736 1.987 0.2362, -0.5293 2.0427 0.2362, -0.4736 1.987 0.0, -0.5293 2.0427 0.0, -0.4728 1.9877 0.0, -0.5121 2.0559 0.0, -0.4718 1.9881 0.0, -0.4922 2.0641 0.0, -0.6999 1.8721 0.2362, -0.6443 1.8164 0.2362, -0.6443 1.8164 0.0, -0.6999 1.8721 0.0, 0.4716 1.9881 0.0, 0.4869 2.0653 0.0, 0.4723 1.9879 0.0, 0.5024 2.0606 0.0, 0.473 1.9875 0.0, 0.5167 2.053 0.0, 0.4736 1.987 0.0, 0.5293 2.0427 0.0, 0.4736 1.987 0.2362, 0.5293 2.0427 0.2362, 0.473 1.9875 0.2362, 0.5167 2.053 0.2362, 0.4723 1.9879 0.2362, 0.5024 2.0606 0.2362, 0.4716 1.9881 0.2362, 0.4869 2.0653 0.2362, 0.6999 1.8721 0.0, 0.6443 1.8164 0.0, 0.6443 1.8164 0.2362, 0.6999 1.8721 0.2362, 1.103 1.9881 0.2362, 1.0826 2.0641 0.2362, 1.102 1.9877 0.2362, 1.0627 2.0559 0.2362, 1.1012 1.987 0.2362, 1.0455 2.0427 0.2362, 1.1012 1.987 0.0, 1.0455 2.0427 0.0, 1.102 1.9877 0.0, 1.0627 2.0559 0.0, 1.103 1.9881 0.0, 1.0826 2.0641 0.0, 0.8749 1.8721 0.2362, 0.9306 1.8164 0.2362, 0.9306 1.8164 0.0, 0.8749 1.8721 0.0, -0.3597 -0.7225 1.2205, -0.3359 -0.836 1.2205, -0.2209 -0.7763 1.2205, -0.1898 -0.8807 1.2205, -0.0745 -0.8036 1.2205, -0.0382 -0.9001 1.2205, 0.0745 -0.8036 1.2205, 0.1144 -0.8937 1.2205, 0.2209 -0.7763 1.2205, 0.2638 -0.8615 1.2205, 0.3597 -0.7225 1.2205, 0.4056 -0.8045 1.2205, 0.4864 -0.6441 1.2205, 0.5357 -0.7244 1.2205, 0.5964 -0.5437 1.2205, 0.6504 -0.6234 1.2205, 0.6862 -0.4249 1.2205, 0.7464 -0.5045 1.2205, 0.7526 -0.2916 1.2205, 0.821 -0.3711 1.2205, 0.7933 -0.1483 1.2205, 0.8719 -0.227 1.2205, 0.8071 0.0 1.2205, 0.8977 -0.0764 1.2205, -0.3597 0.7225 1.2205, -0.4724 0.7672 1.2205, -0.4864 0.6441 1.2205, -0.5952 0.6763 1.2205, -0.5964 0.5437 1.2205, -0.701 0.566 1.2205, -0.6862 0.4249 1.2205, -0.7865 0.4394 1.2205, -0.7526 0.2916 1.2205, -0.8495 0.3001 1.2205, -0.7933 0.1483 1.2205, -0.888 0.1523 1.2205, -0.8071 0.0 1.2205, -0.9009 0.0 1.2205, -0.7933 -0.1483 1.2205, -0.888 -0.1523 1.2205, -0.7526 -0.2916 1.2205, -0.8495 -0.3001 1.2205, -0.6862 -0.4249 1.2205, -0.7865 -0.4394 1.2205, -0.5964 -0.5437 1.2205, -0.701 -0.566 1.2205, -0.4864 -0.6441 1.2205, -0.5952 -0.6763 1.2205, -0.4724 -0.7672 1.2205, 0.9009 0.0 1.2205, 0.8977 0.0764 1.2205, 0.7933 0.1483 1.2205, 0.8719 0.227 1.2205, 0.7526 0.2916 1.2205, 0.821 0.3711 1.2205, 0.6862 0.4249 1.2205, 0.7464 0.5045 1.2205, 0.5964 0.5437 1.2205, 0.6504 0.6234 1.2205, 0.4864 0.6441 1.2205, 0.5357 0.7244 1.2205, 0.3597 0.7225 1.2205, 0.4056 0.8045 1.2205, 0.2209 0.7763 1.2205, 0.2638 0.8615 1.2205, 0.0745 0.8036 1.2205, 0.1144 0.8937 1.2205, -0.0745 0.8036 1.2205, -0.0382 0.9001 1.2205, -0.2209 0.7763 1.2205, -0.1898 0.8807 1.2205, -0.3359 0.836 1.2205, 0.953 -0.0811 0.9055, 0.9256 -0.241 0.9055, 0.8716 -0.394 0.9055, 0.7925 -0.5356 0.9055, 0.6905 -0.6618 0.9055, 0.5688 -0.769 0.9055, 0.4306 -0.8541 0.9055, 0.2801 -0.9146 0.9055, 0.1215 -0.9487 0.9055, -0.0406 -0.9556 0.9055, -0.2015 -0.935 0.9055, -0.3566 -0.8875 0.9055, -0.5015 -0.8145 0.9055, -0.6319 -0.718 0.9055, -0.7442 -0.6009 0.9055, -0.835 -0.4665 0.9055, -0.9018 -0.3186 0.9055, -0.9427 -0.1616 0.9055, -0.9565 0.0 0.9055, -0.9427 0.1616 0.9055, -0.9018 0.3186 0.9055, -0.835 0.4665 0.9055, -0.7442 0.6009 0.9055, -0.6319 0.718 0.9055, -0.5015 0.8145 0.9055, -0.3566 0.8875 0.9055, -0.2015 0.935 0.9055, -0.0406 0.9556 0.9055, 0.1215 0.9487 0.9055, 0.2801 0.9146 0.9055, 0.4306 0.8541 0.9055, 0.5688 0.769 0.9055, 0.6905 0.6618 0.9055, 0.7925 0.5356 0.9055, 0.8716 0.394 0.9055, 0.9256 0.241 0.9055, 0.953 0.0811 0.9055, 0.8071 -0.0 0.9055, 0.7933 0.1483 0.9055, 0.7526 0.2916 0.9055, 0.6862 0.4249 0.9055, 0.5964 0.5437 0.9055, 0.4864 0.6441 0.9055, 0.3597 0.7225 0.9055, 0.2209 0.7763 0.9055, 0.0745 0.8036 0.9055, -0.0745 0.8036 0.9055, -0.2209 0.7763 0.9055, -0.3597 0.7225 0.9055, -0.4864 0.6441 0.9055, -0.5964 0.5437 0.9055, -0.6862 0.4249 0.9055, -0.7526 0.2916 0.9055, -0.7933 0.1483 0.9055, -0.8071 0.0 0.9055, -0.7933 -0.1483 0.9055, -0.7526 -0.2916 0.9055, -0.6862 -0.4249 0.9055, -0.5964 -0.5437 0.9055, -0.4864 -0.6441 0.9055, -0.3597 -0.7225 0.9055, -0.2209 -0.7763 0.9055, -0.0745 -0.8036 0.9055, 0.0745 -0.8036 0.9055, 0.2209 -0.7763 0.9055, 0.3597 -0.7225 0.9055, 0.4864 -0.6441 0.9055, 0.5964 -0.5437 0.9055, 0.6862 -0.4249 0.9055, 0.7526 -0.2916 0.9055, 0.7933 -0.1483 0.9055, 0.0 0.0 0.9055
            ]
        }
        coordIndex [
            0,1,2,-1,3,4,5,-1,6,7,8,-1,9,10,11,-1,12,13,14,-1,15,16,17,-1,18,19,20,-1,21,22,23,-1,24,25,26,-1,27,28,29,-1,30,31,32,-1,33,34,35,-1,35,34,36,-1,35,37,38,-1,38,39,35,-1,35,39,40,-1,35,40,33,-1,41,42,43,-1,43,42,44,-1,43,44,35,-1,35,44,45,-1,35,45,37,-1,46,47,48,-1,48,47,41,-1,49,50,51,-1,46,48,52,-1,52,48,51,-1,52,51,53,-1,50,54,51,-1,51,54,55,-1,51,55,53,-1,53,55,56,-1,53,56,57,-1,57,56,58,-1,57,58,59,-1,32,31,60,-1,31,61,60,-1,60,61,62,-1,60,62,51,-1,51,62,63,-1,51,63,49,-1,64,65,66,-1,66,65,67,-1,67,68,66,-1,66,68,69,-1,66,69,70,-1,70,69,71,-1,70,71,32,-1,32,71,72,-1,32,72,30,-1,73,74,75,-1,75,76,73,-1,73,76,77,-1,73,77,78,-1,78,77,79,-1,78,79,66,-1,66,79,80,-1,66,80,64,-1,81,82,83,-1,73,84,85,-1,83,82,86,-1,87,88,89,-1,89,88,90,-1,89,90,73,-1,73,90,91,-1,73,91,84,-1,82,92,86,-1,86,92,93,-1,86,93,29,-1,29,93,94,-1,29,94,27,-1,83,95,81,-1,81,95,96,-1,81,96,97,-1,97,96,98,-1,85,99,73,-1,73,99,100,-1,73,100,74,-1,74,100,97,-1,74,97,101,-1,101,97,98,-1,102,103,86,-1,86,103,104,-1,86,104,105,-1,105,106,86,-1,86,106,107,-1,86,107,83,-1,108,109,110,-1,110,109,111,-1,112,113,109,-1,109,113,114,-1,109,114,115,-1,116,117,103,-1,103,117,118,-1,103,118,119,-1,120,121,122,-1,122,121,123,-1,124,125,102,-1,102,125,126,-1,102,126,127,-1,128,129,130,-1,130,129,131,-1,130,131,132,-1,133,115,134,-1,134,115,135,-1,134,135,130,-1,130,135,136,-1,130,136,128,-1,137,138,139,-1,139,138,140,-1,139,140,102,-1,102,140,141,-1,102,141,124,-1,127,142,102,-1,102,142,143,-1,102,143,103,-1,103,143,144,-1,103,144,116,-1,145,146,147,-1,147,146,148,-1,147,148,122,-1,122,148,149,-1,122,149,120,-1,133,150,115,-1,115,150,151,-1,115,151,109,-1,109,151,152,-1,109,152,111,-1,119,153,103,-1,103,153,154,-1,103,154,155,-1,155,154,145,-1,155,145,156,-1,156,145,147,-1,123,157,122,-1,122,157,158,-1,122,158,159,-1,160,161,122,-1,122,161,162,-1,122,162,109,-1,109,162,163,-1,109,163,112,-1,159,164,122,-1,122,164,165,-1,122,165,166,-1,166,167,122,-1,122,167,168,-1,122,168,160,-1,169,170,171,-1,171,115,169,-1,169,115,114,-1,169,114,172,-1,172,114,173,-1,173,174,172,-1,172,174,175,-1,172,175,176,-1,177,178,179,-1,180,181,178,-1,181,182,178,-1,178,182,183,-1,178,183,184,-1,179,185,177,-1,177,185,186,-1,177,186,187,-1,170,169,177,-1,177,169,188,-1,177,188,178,-1,178,188,189,-1,178,189,180,-1,184,190,178,-1,178,190,191,-1,178,191,192,-1,192,191,193,-1,192,193,194,-1,194,193,195,-1,196,197,187,-1,187,197,198,-1,187,198,177,-1,34,199,36,-1,36,199,200,-1,36,200,139,-1,139,200,201,-1,139,201,137,-1,202,203,204,-1,204,203,205,-1,206,207,208,-1,208,207,209,-1,208,209,210,-1,209,211,210,-1,210,211,212,-1,210,212,213,-1,213,212,214,-1,213,214,215,-1,202,204,216,-1,216,204,212,-1,216,212,217,-1,217,212,211,-1,217,211,218,-1,211,219,218,-1,218,219,220,-1,218,220,221,-1,222,223,224,-1,224,223,225,-1,224,225,226,-1,214,227,215,-1,215,227,228,-1,215,228,26,-1,26,228,224,-1,26,224,229,-1,229,224,226,-1,24,26,230,-1,231,232,229,-1,229,232,233,-1,229,233,26,-1,26,233,234,-1,26,234,230,-1,235,236,237,-1,238,239,229,-1,229,239,240,-1,229,240,241,-1,241,242,229,-1,229,242,243,-1,229,243,231,-1,244,245,246,-1,246,245,247,-1,237,248,235,-1,235,248,249,-1,235,249,250,-1,250,249,247,-1,250,247,251,-1,251,247,245,-1,236,235,229,-1,229,235,252,-1,229,252,238,-1,23,22,253,-1,253,22,254,-1,253,254,222,-1,222,254,255,-1,222,255,223,-1,256,257,23,-1,23,257,258,-1,23,258,259,-1,259,260,23,-1,23,260,261,-1,23,261,21,-1,262,263,264,-1,264,263,265,-1,264,265,266,-1,266,265,267,-1,268,269,270,-1,270,269,271,-1,272,273,274,-1,274,273,275,-1,274,275,270,-1,270,275,276,-1,270,276,268,-1,277,278,279,-1,280,281,282,-1,283,284,282,-1,282,284,285,-1,280,286,287,-1,288,289,290,-1,290,289,280,-1,290,280,291,-1,291,280,287,-1,292,293,294,-1,294,293,295,-1,294,295,296,-1,296,297,294,-1,294,297,298,-1,294,298,299,-1,300,301,302,-1,302,301,303,-1,302,303,282,-1,282,303,304,-1,282,304,283,-1,299,305,294,-1,294,305,306,-1,294,306,307,-1,281,308,309,-1,310,311,4,-1,4,311,312,-1,4,312,313,-1,313,314,4,-1,4,314,315,-1,4,315,316,-1,317,5,318,-1,318,5,319,-1,298,320,299,-1,299,320,321,-1,299,321,322,-1,282,323,280,-1,280,323,324,-1,280,324,286,-1,307,325,294,-1,294,325,326,-1,294,326,280,-1,280,326,327,-1,280,327,281,-1,281,327,328,-1,281,328,308,-1,316,329,4,-1,4,329,330,-1,4,330,5,-1,5,330,331,-1,5,331,319,-1,332,333,334,-1,334,333,299,-1,334,299,335,-1,335,299,322,-1,336,337,20,-1,20,337,338,-1,20,338,18,-1,285,339,282,-1,282,339,340,-1,282,340,323,-1,309,341,281,-1,281,341,342,-1,281,342,4,-1,4,342,343,-1,4,343,310,-1,344,345,17,-1,346,347,348,-1,349,350,17,-1,351,352,353,-1,351,354,352,-1,352,354,355,-1,352,355,356,-1,357,355,358,-1,358,355,359,-1,348,344,346,-1,346,344,17,-1,346,17,360,-1,360,17,16,-1,360,16,358,-1,358,16,361,-1,358,361,357,-1,362,363,359,-1,359,363,364,-1,359,364,365,-1,366,367,368,-1,368,367,351,-1,368,351,369,-1,369,351,353,-1,369,353,370,-1,354,371,355,-1,355,371,372,-1,355,372,359,-1,359,372,373,-1,359,373,362,-1,374,345,375,-1,375,345,359,-1,375,359,376,-1,376,359,365,-1,374,377,345,-1,345,377,378,-1,345,378,379,-1,379,380,345,-1,345,380,381,-1,345,381,17,-1,17,381,351,-1,17,351,349,-1,349,351,367,-1,382,383,384,-1,15,17,384,-1,384,17,385,-1,384,385,382,-1,386,387,384,-1,388,389,390,-1,390,389,391,-1,390,391,385,-1,385,391,392,-1,385,392,393,-1,393,394,385,-1,385,394,395,-1,385,395,396,-1,382,397,398,-1,399,400,401,-1,401,400,382,-1,401,382,402,-1,402,382,398,-1,403,404,383,-1,383,404,405,-1,405,406,383,-1,383,406,407,-1,383,407,408,-1,386,384,409,-1,387,410,384,-1,384,410,411,-1,384,411,14,-1,14,411,412,-1,14,412,12,-1,396,413,385,-1,385,413,414,-1,385,414,382,-1,382,414,415,-1,382,415,397,-1,408,416,383,-1,383,416,417,-1,383,417,384,-1,384,417,418,-1,384,418,409,-1,419,420,421,-1,421,420,422,-1,421,422,423,-1,423,422,424,-1,423,424,425,-1,426,427,428,-1,43,429,430,-1,41,43,48,-1,48,43,430,-1,48,430,431,-1,432,433,429,-1,429,433,434,-1,429,434,435,-1,436,437,430,-1,430,437,438,-1,430,438,428,-1,428,438,439,-1,428,439,426,-1,435,440,429,-1,429,440,441,-1,429,441,430,-1,430,441,442,-1,430,442,443,-1,443,444,430,-1,430,444,445,-1,430,445,436,-1,446,447,448,-1,448,447,449,-1,448,449,450,-1,449,451,450,-1,450,451,452,-1,450,452,453,-1,453,452,454,-1,453,454,455,-1,454,456,455,-1,455,456,457,-1,455,457,458,-1,458,457,459,-1,458,459,460,-1,332,336,333,-1,333,336,20,-1,333,20,461,-1,461,20,277,-1,461,277,462,-1,462,277,279,-1,462,279,460,-1,460,279,463,-1,460,463,458,-1,464,465,43,-1,43,465,466,-1,43,466,429,-1,429,466,446,-1,429,446,467,-1,467,446,448,-1,467,448,468,-1,469,470,471,-1,469,471,472,-1,473,253,474,-1,474,253,222,-1,474,222,475,-1,475,222,476,-1,477,478,479,-1,480,481,482,-1,482,481,483,-1,484,485,486,-1,486,485,479,-1,486,479,487,-1,487,479,478,-1,483,488,482,-1,482,488,489,-1,482,489,490,-1,490,491,482,-1,482,491,492,-1,482,492,479,-1,479,492,493,-1,479,493,477,-1,210,494,480,-1,480,494,495,-1,480,495,481,-1,484,496,485,-1,485,496,497,-1,485,497,213,-1,213,497,498,-1,213,498,210,-1,210,498,499,-1,210,499,494,-1,500,501,502,-1,503,504,505,-1,505,504,506,-1,500,502,507,-1,508,509,510,-1,510,511,512,-1,513,274,514,-1,514,274,515,-1,516,517,518,-1,503,519,504,-1,504,519,520,-1,504,520,521,-1,521,520,518,-1,521,518,522,-1,522,518,517,-1,509,523,510,-1,510,523,524,-1,510,524,511,-1,525,526,502,-1,502,526,527,-1,502,527,507,-1,528,529,530,-1,530,529,531,-1,530,531,532,-1,512,533,510,-1,510,533,534,-1,510,534,274,-1,274,534,506,-1,274,506,515,-1,515,506,504,-1,535,536,518,-1,518,536,537,-1,518,537,538,-1,513,539,274,-1,274,539,540,-1,274,540,541,-1,538,542,518,-1,518,542,543,-1,518,543,516,-1,25,272,544,-1,544,272,274,-1,544,274,545,-1,545,274,541,-1,545,541,546,-1,546,541,547,-1,548,549,550,-1,550,549,551,-1,550,551,552,-1,547,553,546,-1,546,553,554,-1,546,554,555,-1,555,554,552,-1,555,552,556,-1,556,552,551,-1,501,557,422,-1,508,510,558,-1,558,510,424,-1,558,424,559,-1,422,557,424,-1,424,557,560,-1,424,560,559,-1,528,548,529,-1,529,548,550,-1,529,550,561,-1,561,550,562,-1,561,562,563,-1,563,562,564,-1,563,564,565,-1,565,564,566,-1,567,566,422,-1,422,566,564,-1,422,564,501,-1,501,564,562,-1,501,562,502,-1,568,569,8,-1,570,571,569,-1,572,573,8,-1,545,574,544,-1,544,574,575,-1,544,575,576,-1,576,577,544,-1,544,577,578,-1,544,578,579,-1,579,578,580,-1,579,580,568,-1,573,581,8,-1,8,581,582,-1,8,582,6,-1,571,583,569,-1,569,583,584,-1,569,584,8,-1,8,584,585,-1,8,585,572,-1,586,587,588,-1,588,587,589,-1,588,589,590,-1,588,591,586,-1,586,591,592,-1,586,592,593,-1,593,594,586,-1,586,594,595,-1,586,595,596,-1,596,595,597,-1,596,597,598,-1,598,597,599,-1,598,599,569,-1,569,599,600,-1,569,600,570,-1,601,602,590,-1,590,602,603,-1,590,603,588,-1,604,605,532,-1,532,605,606,-1,532,606,530,-1,604,607,605,-1,605,607,608,-1,605,608,609,-1,609,608,610,-1,609,611,612,-1,610,613,609,-1,609,613,614,-1,609,614,615,-1,615,616,609,-1,609,616,617,-1,609,617,611,-1,612,618,609,-1,609,618,619,-1,609,619,620,-1,621,622,623,-1,624,625,626,-1,623,627,621,-1,621,627,628,-1,621,628,629,-1,629,628,624,-1,629,624,630,-1,630,624,626,-1,631,632,8,-1,8,632,633,-1,568,8,579,-1,579,8,633,-1,579,633,627,-1,627,633,634,-1,627,634,628,-1,635,632,636,-1,636,632,631,-1,636,631,637,-1,638,639,420,-1,420,639,640,-1,641,642,643,-1,643,642,644,-1,643,644,645,-1,567,422,7,-1,7,422,420,-1,7,420,8,-1,8,420,640,-1,8,640,631,-1,631,640,646,-1,631,646,647,-1,647,648,631,-1,631,648,649,-1,631,649,650,-1,651,652,653,-1,653,652,654,-1,653,654,419,-1,419,654,643,-1,419,643,420,-1,420,643,645,-1,420,645,638,-1,650,655,631,-1,631,655,656,-1,631,656,637,-1,657,658,654,-1,654,658,659,-1,654,659,660,-1,660,661,654,-1,654,661,662,-1,654,662,643,-1,643,662,663,-1,643,663,641,-1,368,664,366,-1,366,664,665,-1,366,665,666,-1,353,667,370,-1,370,667,668,-1,370,668,669,-1,657,670,671,-1,356,355,671,-1,671,355,623,-1,671,623,657,-1,657,623,622,-1,657,622,658,-1,482,672,480,-1,480,672,673,-1,480,673,210,-1,210,673,674,-1,210,674,208,-1,675,676,672,-1,672,676,677,-1,672,677,673,-1,673,677,476,-1,673,476,674,-1,674,476,222,-1,674,222,208,-1,208,222,224,-1,208,224,206,-1,206,224,228,-1,253,678,23,-1,23,678,263,-1,23,263,256,-1,256,263,262,-1,473,679,253,-1,253,679,472,-1,253,472,678,-1,678,472,471,-1,678,471,263,-1,263,471,680,-1,681,682,479,-1,683,684,685,-1,479,682,482,-1,482,682,686,-1,482,686,687,-1,685,681,683,-1,683,681,479,-1,683,479,688,-1,688,479,689,-1,688,689,687,-1,687,689,3,-1,687,3,482,-1,482,3,5,-1,482,5,672,-1,672,5,317,-1,672,317,675,-1,680,690,691,-1,691,692,680,-1,680,692,0,-1,680,0,263,-1,263,0,2,-1,263,2,265,-1,265,2,693,-1,25,544,26,-1,26,544,579,-1,26,579,215,-1,215,579,627,-1,215,627,213,-1,213,627,623,-1,213,623,485,-1,485,623,355,-1,485,355,479,-1,479,355,357,-1,479,357,689,-1,693,691,265,-1,265,691,690,-1,265,690,694,-1,694,690,695,-1,696,697,698,-1,699,694,698,-1,698,694,695,-1,698,695,696,-1,700,701,702,-1,702,701,694,-1,702,694,703,-1,703,694,699,-1,704,705,706,-1,706,705,702,-1,706,702,707,-1,707,702,703,-1,707,703,708,-1,708,703,709,-1,271,267,270,-1,270,267,265,-1,270,265,274,-1,274,265,694,-1,274,694,510,-1,510,694,701,-1,510,701,424,-1,424,701,11,-1,424,11,425,-1,425,11,10,-1,700,697,701,-1,701,697,696,-1,701,696,11,-1,11,696,710,-1,11,710,9,-1,9,710,711,-1,9,711,712,-1,350,670,17,-1,17,670,657,-1,17,657,385,-1,385,657,654,-1,385,654,390,-1,390,654,652,-1,470,464,471,-1,471,464,43,-1,471,43,680,-1,680,43,35,-1,680,35,690,-1,690,35,36,-1,690,36,695,-1,695,36,139,-1,695,139,696,-1,696,139,102,-1,696,102,710,-1,710,102,86,-1,710,86,711,-1,711,86,29,-1,713,714,715,-1,716,717,718,-1,718,717,719,-1,720,721,718,-1,722,723,719,-1,724,725,726,-1,726,725,718,-1,726,718,727,-1,727,718,721,-1,715,728,713,-1,713,728,729,-1,713,729,719,-1,719,729,730,-1,719,730,722,-1,731,732,718,-1,718,732,733,-1,718,733,720,-1,723,734,719,-1,719,734,735,-1,719,735,718,-1,718,735,736,-1,718,736,731,-1,737,738,739,-1,739,738,740,-1,739,740,741,-1,742,743,744,-1,745,746,747,-1,747,746,744,-1,747,748,740,-1,740,748,749,-1,749,750,740,-1,740,750,751,-1,740,751,741,-1,752,753,744,-1,744,753,754,-1,744,754,742,-1,743,755,744,-1,744,755,756,-1,744,756,757,-1,757,758,744,-1,744,758,759,-1,744,759,747,-1,747,759,760,-1,747,760,748,-1,718,744,716,-1,716,744,746,-1,761,762,763,-1,764,765,766,-1,766,765,767,-1,768,769,770,-1,771,772,770,-1,768,770,773,-1,773,770,774,-1,773,774,775,-1,771,770,776,-1,777,774,778,-1,778,774,779,-1,763,780,761,-1,761,780,781,-1,761,781,770,-1,770,781,782,-1,770,782,776,-1,777,783,774,-1,774,783,784,-1,774,784,767,-1,767,784,785,-1,767,785,766,-1,772,786,770,-1,770,786,787,-1,770,787,774,-1,774,787,788,-1,774,788,779,-1,789,790,791,-1,792,793,794,-1,794,793,795,-1,796,797,798,-1,798,797,799,-1,798,799,800,-1,800,799,801,-1,802,803,798,-1,798,803,804,-1,791,805,789,-1,789,805,806,-1,789,806,800,-1,800,806,807,-1,807,808,800,-1,800,808,809,-1,800,809,810,-1,810,811,800,-1,800,811,812,-1,800,812,798,-1,798,812,813,-1,798,813,802,-1,804,814,798,-1,798,814,815,-1,798,815,795,-1,795,815,816,-1,795,816,794,-1,797,768,799,-1,799,768,773,-1,775,774,801,-1,801,774,800,-1,817,818,819,-1,819,818,820,-1,819,820,821,-1,822,823,824,-1,825,826,827,-1,827,826,824,-1,827,828,820,-1,820,828,829,-1,829,830,820,-1,820,830,831,-1,820,831,821,-1,832,833,824,-1,824,833,834,-1,824,834,822,-1,823,835,824,-1,824,835,836,-1,824,836,837,-1,837,838,824,-1,824,838,839,-1,824,839,827,-1,827,839,840,-1,827,840,828,-1,841,842,843,-1,844,845,846,-1,846,845,847,-1,848,849,847,-1,843,850,841,-1,841,850,851,-1,841,851,847,-1,847,851,852,-1,847,852,848,-1,853,854,855,-1,855,854,846,-1,855,846,856,-1,856,846,857,-1,858,859,846,-1,859,860,846,-1,846,860,861,-1,846,861,857,-1,849,862,847,-1,847,862,863,-1,847,863,846,-1,846,863,864,-1,846,864,858,-1,846,824,844,-1,844,824,826,-1,825,827,845,-1,845,827,847,-1,865,866,867,-1,867,866,868,-1,869,868,870,-1,870,868,866,-1,871,872,866,-1,873,874,875,-1,875,874,876,-1,875,876,877,-1,870,878,876,-1,876,878,879,-1,879,880,876,-1,876,880,881,-1,876,881,877,-1,882,883,866,-1,866,883,884,-1,866,884,871,-1,872,885,866,-1,866,885,886,-1,866,886,887,-1,887,888,866,-1,866,888,889,-1,866,889,870,-1,870,889,890,-1,870,890,878,-1,891,892,893,-1,867,894,865,-1,865,894,895,-1,896,897,865,-1,898,899,895,-1,893,900,891,-1,891,900,901,-1,891,901,895,-1,895,901,902,-1,895,902,898,-1,903,904,905,-1,905,904,865,-1,905,865,906,-1,906,865,897,-1,907,908,865,-1,865,908,909,-1,865,909,896,-1,899,910,895,-1,895,910,911,-1,895,911,865,-1,865,911,912,-1,865,912,907,-1,870,895,869,-1,869,895,894,-1,913,914,915,-1,916,917,918,-1,918,917,919,-1,920,921,922,-1,922,921,923,-1,922,923,924,-1,924,923,925,-1,915,926,913,-1,913,926,927,-1,913,927,924,-1,924,927,928,-1,928,929,924,-1,924,929,930,-1,924,930,931,-1,932,922,933,-1,933,922,934,-1,932,935,922,-1,922,935,936,-1,922,936,919,-1,919,936,937,-1,919,937,918,-1,931,938,924,-1,924,938,939,-1,924,939,922,-1,922,939,940,-1,922,940,934,-1,941,942,943,-1,944,945,946,-1,947,948,949,-1,949,948,950,-1,944,946,951,-1,951,946,952,-1,951,952,953,-1,943,954,941,-1,941,954,955,-1,941,955,946,-1,946,955,956,-1,956,957,946,-1,946,957,958,-1,946,958,959,-1,960,952,961,-1,961,952,962,-1,959,963,946,-1,946,963,964,-1,946,964,952,-1,952,964,965,-1,952,965,962,-1,960,966,952,-1,952,966,967,-1,952,967,950,-1,950,967,968,-1,950,968,949,-1,921,944,923,-1,923,944,951,-1,952,924,953,-1,953,924,925,-1,922,946,920,-1,920,946,945,-1,969,970,971,-1,972,973,974,-1,974,973,975,-1,976,977,974,-1,978,979,975,-1,971,980,969,-1,969,980,981,-1,969,981,975,-1,975,981,982,-1,975,982,978,-1,983,984,985,-1,985,984,974,-1,985,974,986,-1,986,974,977,-1,987,988,974,-1,974,988,989,-1,974,989,976,-1,979,990,975,-1,975,990,991,-1,975,991,974,-1,974,991,992,-1,974,992,987,-1,993,994,995,-1,995,994,996,-1,995,996,997,-1,998,999,1000,-1,1001,1002,1003,-1,1003,1002,1000,-1,1003,1004,996,-1,996,1004,1005,-1,1005,1006,996,-1,996,1006,1007,-1,996,1007,997,-1,1008,1009,1000,-1,1000,1009,1010,-1,1000,1010,998,-1,999,1011,1000,-1,1000,1011,1012,-1,1000,1012,1013,-1,1013,1014,1000,-1,1000,1014,1015,-1,1000,1015,1003,-1,1003,1015,1016,-1,1003,1016,1004,-1,974,1000,972,-1,972,1000,1002,-1,1003,975,1001,-1,1001,975,973,-1,1017,1018,1019,-1,1020,1021,1022,-1,1023,1024,1025,-1,1025,1024,1026,-1,1027,1028,1029,-1,1030,1031,1032,-1,1026,1033,1025,-1,1025,1033,1034,-1,1025,1034,1035,-1,1036,1037,1038,-1,1038,1037,1025,-1,1038,1025,1039,-1,1039,1025,1035,-1,1040,1041,1042,-1,1043,1044,1045,-1,1045,1044,1046,-1,1047,1048,1049,-1,1049,1048,1050,-1,1049,1050,1051,-1,1019,1018,1045,-1,1052,1053,1054,-1,1054,1053,1055,-1,1054,1055,1024,-1,1024,1055,1056,-1,1024,1056,1057,-1,1057,1058,1024,-1,1024,1058,1059,-1,1024,1059,1060,-1,1061,1062,1063,-1,1063,1062,1064,-1,1022,1021,1063,-1,1065,1066,1067,-1,1067,1066,1045,-1,1067,1045,1068,-1,1068,1045,1046,-1,1069,1023,1070,-1,1070,1023,1025,-1,1070,1025,1027,-1,1027,1025,1049,-1,1027,1049,1028,-1,1028,1049,1051,-1,1028,1051,1071,-1,1060,1072,1024,-1,1024,1072,1073,-1,1024,1073,1026,-1,1027,1074,1075,-1,1076,1077,1078,-1,1078,1077,1027,-1,1078,1027,1079,-1,1079,1027,1075,-1,1080,1081,1082,-1,1082,1081,1063,-1,1082,1063,1083,-1,1083,1063,1064,-1,1084,1085,1070,-1,1070,1085,1086,-1,1070,1086,1087,-1,1087,1088,1070,-1,1070,1088,1089,-1,1070,1089,1069,-1,1090,1091,1020,-1,1092,1093,1049,-1,1049,1093,1094,-1,1049,1094,1047,-1,1071,1095,1028,-1,1028,1095,1096,-1,1028,1096,1018,-1,1018,1096,1097,-1,1018,1097,1045,-1,1045,1097,1098,-1,1045,1098,1043,-1,1099,1100,1017,-1,1017,1100,1101,-1,1017,1101,1032,-1,1032,1101,1102,-1,1032,1102,1030,-1,1103,1104,1105,-1,1105,1104,1106,-1,1105,1106,1029,-1,1029,1106,1107,-1,1029,1107,1108,-1,1069,1109,1023,-1,1023,1109,1110,-1,1023,1110,1021,-1,1021,1110,1111,-1,1021,1111,1063,-1,1063,1111,1112,-1,1063,1112,1061,-1,1113,1114,1022,-1,1022,1114,1115,-1,1115,1116,1022,-1,1022,1116,1117,-1,1022,1117,1118,-1,1090,1020,1119,-1,1108,1120,1029,-1,1029,1120,1121,-1,1029,1121,1122,-1,1091,1123,1020,-1,1020,1123,1124,-1,1020,1124,1042,-1,1042,1124,1125,-1,1042,1125,1040,-1,1126,1127,1019,-1,1019,1127,1128,-1,1129,1130,1017,-1,1017,1130,1131,-1,1017,1131,1099,-1,1122,1132,1029,-1,1029,1132,1133,-1,1029,1133,1027,-1,1027,1133,1134,-1,1027,1134,1074,-1,1128,1135,1019,-1,1019,1135,1136,-1,1019,1136,1017,-1,1017,1136,1137,-1,1017,1137,1129,-1,1118,1138,1022,-1,1022,1138,1139,-1,1022,1139,1020,-1,1020,1139,1140,-1,1020,1140,1119,-1,1141,1142,1019,-1,1019,1142,1143,-1,1019,1143,1126,-1,289,288,1144,-1,289,1144,1145,-1,1145,1144,1146,-1,1145,1146,1147,-1,1147,1146,1148,-1,1147,1148,1149,-1,1149,1148,1150,-1,1149,1150,1151,-1,1151,1150,1152,-1,1151,1152,1153,-1,1153,1152,728,-1,1153,728,715,-1,293,292,1154,-1,293,1154,1155,-1,1155,1154,1156,-1,1155,1156,1157,-1,1157,1156,1158,-1,1157,1158,1159,-1,1159,1158,1160,-1,1159,1160,1161,-1,1161,1160,1162,-1,1161,1162,1163,-1,1163,1162,764,-1,1163,764,766,-1,432,468,1164,-1,432,1164,1165,-1,1165,1164,1166,-1,1165,1166,1167,-1,1167,1166,1168,-1,1167,1168,1169,-1,1169,1168,1170,-1,1169,1170,1171,-1,1171,1170,1172,-1,1171,1172,1173,-1,1173,1172,817,-1,1173,817,819,-1,278,19,1174,-1,278,1174,1175,-1,1175,1174,1176,-1,1175,1176,1177,-1,1177,1176,1178,-1,1177,1178,1179,-1,1179,1178,1180,-1,1179,1180,1181,-1,1181,1180,1182,-1,1181,1182,1183,-1,1183,1182,780,-1,1183,780,763,-1,737,739,1184,-1,1184,739,1185,-1,1184,1185,1186,-1,1186,1185,1187,-1,1186,1187,1188,-1,1188,1187,1189,-1,1188,1189,1190,-1,1190,1189,1191,-1,1190,1191,1192,-1,1192,1191,1193,-1,1192,1193,1113,-1,1113,1193,1114,-1,805,791,1194,-1,1194,791,1195,-1,1194,1195,1196,-1,1196,1195,1197,-1,1196,1197,1198,-1,1198,1197,1199,-1,1198,1199,1200,-1,1200,1199,1201,-1,1200,1201,1202,-1,1202,1201,1203,-1,1202,1203,1080,-1,1080,1203,1081,-1,850,843,1204,-1,1204,843,1205,-1,1204,1205,1206,-1,1206,1205,1207,-1,1206,1207,1208,-1,1208,1207,1209,-1,1208,1209,1210,-1,1210,1209,1211,-1,1210,1211,1212,-1,1212,1211,1213,-1,1212,1213,1076,-1,1076,1213,1077,-1,792,794,1214,-1,1214,794,1215,-1,1214,1215,1216,-1,1216,1215,1217,-1,1216,1217,1218,-1,1218,1217,1219,-1,1218,1219,1220,-1,1220,1219,1221,-1,1220,1221,1222,-1,1222,1221,1223,-1,1222,1223,1084,-1,1084,1223,1085,-1,300,302,1224,-1,300,1224,1225,-1,1225,1224,1226,-1,1225,1226,1227,-1,1227,1226,1228,-1,1227,1228,1229,-1,1229,1228,1230,-1,1229,1230,1231,-1,1231,1230,1232,-1,1231,1232,1233,-1,1233,1232,725,-1,1233,725,724,-1,428,427,1234,-1,428,1234,1235,-1,1235,1234,1236,-1,1235,1236,1237,-1,1237,1236,1238,-1,1237,1238,1239,-1,1239,1238,1240,-1,1239,1240,1241,-1,1241,1240,1242,-1,1241,1242,1243,-1,1243,1242,833,-1,1243,833,832,-1,753,752,1244,-1,1244,752,1245,-1,1244,1245,1246,-1,1246,1245,1247,-1,1246,1247,1248,-1,1248,1247,1249,-1,1248,1249,1250,-1,1250,1249,1251,-1,1250,1251,1252,-1,1252,1251,1253,-1,1252,1253,1041,-1,1041,1253,1042,-1,854,853,1254,-1,1254,853,1255,-1,1254,1255,1256,-1,1256,1255,1257,-1,1256,1257,1258,-1,1258,1257,1259,-1,1258,1259,1260,-1,1260,1259,1261,-1,1260,1261,1262,-1,1262,1261,1263,-1,1262,1263,1105,-1,1105,1263,1103,-1,388,651,1264,-1,388,1264,1265,-1,1265,1264,1266,-1,1265,1266,1267,-1,1267,1266,1268,-1,1267,1268,1269,-1,1269,1268,1270,-1,1269,1270,1271,-1,1271,1270,1272,-1,1271,1272,1273,-1,1273,1272,916,-1,1273,916,918,-1,954,943,1274,-1,1274,943,1275,-1,1274,1275,1276,-1,1276,1275,1277,-1,1276,1277,1278,-1,1278,1277,1279,-1,1278,1279,1280,-1,1280,1279,1281,-1,1280,1281,1282,-1,1282,1281,1283,-1,1282,1283,1065,-1,1065,1283,1066,-1,400,399,1284,-1,400,1284,1285,-1,1285,1284,1286,-1,1285,1286,1287,-1,1287,1286,1288,-1,1287,1288,1289,-1,1289,1288,1290,-1,1289,1290,1291,-1,1291,1290,1292,-1,1291,1292,1293,-1,1293,1292,926,-1,1293,926,915,-1,947,949,1294,-1,1294,949,1295,-1,1294,1295,1296,-1,1296,1295,1297,-1,1296,1297,1298,-1,1298,1297,1299,-1,1298,1299,1300,-1,1300,1299,1301,-1,1300,1301,1302,-1,1302,1301,1303,-1,1302,1303,1092,-1,1092,1303,1093,-1,14,13,1304,-1,14,1304,1305,-1,1305,1304,1306,-1,1305,1306,1307,-1,1307,1306,1308,-1,1307,1308,1309,-1,1309,1308,1310,-1,1309,1310,1311,-1,1311,1310,1312,-1,1311,1312,1313,-1,1313,1312,883,-1,1313,883,882,-1,904,903,1314,-1,1314,903,1315,-1,1314,1315,1316,-1,1316,1315,1317,-1,1316,1317,1318,-1,1318,1317,1319,-1,1318,1319,1320,-1,1320,1319,1321,-1,1320,1321,1322,-1,1322,1321,1323,-1,1322,1323,1054,-1,1054,1323,1052,-1,712,28,1324,-1,712,1324,1325,-1,1325,1324,1326,-1,1325,1326,1327,-1,1327,1326,1328,-1,1327,1328,1329,-1,1329,1328,1330,-1,1329,1330,1331,-1,1331,1330,1332,-1,1331,1332,1333,-1,1333,1332,980,-1,1333,980,971,-1,993,995,1334,-1,1334,995,1335,-1,1334,1335,1336,-1,1336,1335,1337,-1,1336,1337,1338,-1,1338,1337,1339,-1,1338,1339,1340,-1,1340,1339,1341,-1,1340,1341,1342,-1,1342,1341,1343,-1,1342,1343,1141,-1,1141,1343,1142,-1,404,403,1344,-1,404,1344,1345,-1,1345,1344,1346,-1,1345,1346,1347,-1,1347,1346,1348,-1,1347,1348,1349,-1,1349,1348,1350,-1,1349,1350,1351,-1,1351,1350,1352,-1,1351,1352,1353,-1,1353,1352,873,-1,1353,873,875,-1,900,893,1354,-1,1354,893,1355,-1,1354,1355,1356,-1,1356,1355,1357,-1,1356,1357,1358,-1,1358,1357,1359,-1,1358,1359,1360,-1,1360,1359,1361,-1,1360,1361,1362,-1,1362,1361,1363,-1,1362,1363,1036,-1,1036,1363,1037,-1,361,1023,281,-1,281,1023,1021,-1,431,1028,70,-1,70,1028,1018,-1,87,89,1364,-1,87,1364,1365,-1,1365,1364,1366,-1,1365,1366,1367,-1,1367,1366,1368,-1,1367,1368,1369,-1,1369,1368,1370,-1,1369,1370,1371,-1,1371,1370,1372,-1,1371,1372,1373,-1,1373,1372,984,-1,1373,984,983,-1,1009,1008,1374,-1,1374,1008,1375,-1,1374,1375,1376,-1,1376,1375,1377,-1,1376,1377,1378,-1,1378,1377,1379,-1,1378,1379,1380,-1,1380,1379,1381,-1,1380,1381,1382,-1,1382,1381,1383,-1,1382,1383,1031,-1,1031,1383,1032,-1,430,1029,431,-1,431,1029,1028,-1,1029,430,1105,-1,1105,430,428,-1,1105,428,1262,-1,1262,428,1235,-1,1262,1235,1260,-1,1260,1235,1237,-1,1260,1237,1258,-1,1258,1237,1239,-1,1258,1239,1256,-1,1256,1239,1241,-1,1256,1241,1254,-1,1254,1241,1243,-1,1254,1243,854,-1,854,1243,832,-1,854,832,846,-1,846,832,824,-1,281,1021,282,-1,282,1021,1020,-1,744,718,752,-1,752,718,725,-1,752,725,1245,-1,1245,725,1232,-1,1245,1232,1247,-1,1247,1232,1230,-1,1247,1230,1249,-1,1249,1230,1228,-1,1249,1228,1251,-1,1251,1228,1226,-1,1251,1226,1253,-1,1253,1226,1224,-1,1253,1224,1042,-1,1042,1224,302,-1,1042,302,1020,-1,1020,302,282,-1,70,1018,78,-1,78,1018,1017,-1,1000,974,1008,-1,1008,974,984,-1,1008,984,1375,-1,1375,984,1372,-1,1375,1372,1377,-1,1377,1372,1370,-1,1377,1370,1379,-1,1379,1370,1368,-1,1379,1368,1381,-1,1381,1368,1366,-1,1381,1366,1383,-1,1383,1366,1364,-1,1383,1364,1032,-1,1032,1364,89,-1,1032,89,1017,-1,1017,89,78,-1,15,1024,361,-1,361,1024,1023,-1,1024,15,1054,-1,1054,15,14,-1,1054,14,1322,-1,1322,14,1305,-1,1322,1305,1320,-1,1320,1305,1307,-1,1320,1307,1318,-1,1318,1307,1309,-1,1318,1309,1316,-1,1316,1309,1311,-1,1316,1311,1314,-1,1314,1311,1313,-1,1314,1313,904,-1,904,1313,882,-1,904,882,865,-1,865,882,866,-1,413,396,1096,-1,1096,396,1097,-1,968,927,949,-1,949,927,926,-1,949,926,1295,-1,1295,926,1292,-1,1295,1292,1297,-1,1297,1292,1290,-1,1297,1290,1299,-1,1299,1290,1288,-1,1299,1288,1301,-1,1301,1288,1286,-1,1301,1286,1303,-1,1303,1286,1284,-1,1303,1284,1093,-1,1093,1284,399,-1,1093,399,1094,-1,1094,399,401,-1,1067,389,1065,-1,1065,389,388,-1,1065,388,1282,-1,1282,388,1265,-1,1282,1265,1280,-1,1280,1265,1267,-1,1280,1267,1278,-1,1278,1267,1269,-1,1278,1269,1276,-1,1276,1269,1271,-1,1276,1271,1274,-1,1274,1271,1273,-1,1274,1273,954,-1,954,1273,918,-1,954,918,955,-1,955,918,937,-1,965,964,939,-1,939,964,940,-1,927,968,928,-1,928,968,967,-1,928,967,929,-1,929,967,966,-1,929,966,930,-1,930,966,960,-1,930,960,931,-1,931,960,961,-1,931,961,938,-1,938,961,962,-1,938,962,939,-1,939,962,965,-1,940,964,934,-1,934,964,963,-1,934,963,933,-1,933,963,959,-1,933,959,932,-1,932,959,958,-1,932,958,935,-1,935,958,957,-1,935,957,936,-1,936,957,956,-1,936,956,937,-1,937,956,955,-1,413,1096,1384,-1,1384,1096,1095,-1,1384,1095,1385,-1,1385,1095,1071,-1,1385,1071,1386,-1,1386,1071,1051,-1,1386,1051,1387,-1,1387,1051,1050,-1,1387,1050,1388,-1,1388,1050,1048,-1,1388,1048,1389,-1,1389,1048,1047,-1,1389,1047,401,-1,401,1047,1094,-1,1097,396,1098,-1,1098,396,395,-1,1098,395,1043,-1,1043,395,394,-1,1043,394,1044,-1,1044,394,393,-1,1044,393,1046,-1,1046,393,392,-1,1046,392,1068,-1,1068,392,391,-1,1068,391,1067,-1,1067,391,389,-1,409,418,1072,-1,1072,418,1073,-1,905,884,903,-1,903,884,883,-1,903,883,1315,-1,1315,883,1312,-1,1315,1312,1317,-1,1317,1312,1310,-1,1317,1310,1319,-1,1319,1310,1308,-1,1319,1308,1321,-1,1321,1308,1306,-1,1321,1306,1323,-1,1323,1306,1304,-1,1323,1304,1052,-1,1052,1304,13,-1,1052,13,1053,-1,1053,13,12,-1,1038,405,1036,-1,1036,405,404,-1,1036,404,1362,-1,1362,404,1345,-1,1362,1345,1360,-1,1360,1345,1347,-1,1360,1347,1358,-1,1358,1347,1349,-1,1358,1349,1356,-1,1356,1349,1351,-1,1356,1351,1354,-1,1354,1351,1353,-1,1354,1353,900,-1,900,1353,875,-1,900,875,901,-1,901,875,877,-1,907,912,888,-1,888,912,889,-1,97,100,1129,-1,1129,100,1130,-1,997,981,995,-1,995,981,980,-1,995,980,1335,-1,1335,980,1332,-1,1335,1332,1337,-1,1337,1332,1330,-1,1337,1330,1339,-1,1339,1330,1328,-1,1339,1328,1341,-1,1341,1328,1326,-1,1341,1326,1343,-1,1343,1326,1324,-1,1343,1324,1142,-1,1142,1324,28,-1,1142,28,1143,-1,1143,28,27,-1,1030,88,1031,-1,1031,88,87,-1,1031,87,1382,-1,1382,87,1365,-1,1382,1365,1380,-1,1380,1365,1367,-1,1380,1367,1378,-1,1378,1367,1369,-1,1378,1369,1376,-1,1376,1369,1371,-1,1376,1371,1374,-1,1374,1371,1373,-1,1374,1373,1009,-1,1009,1373,983,-1,1009,983,1010,-1,1010,983,985,-1,1015,1014,992,-1,992,1014,987,-1,981,997,982,-1,982,997,1007,-1,982,1007,978,-1,978,1007,1006,-1,978,1006,979,-1,979,1006,1005,-1,979,1005,990,-1,990,1005,1004,-1,990,1004,991,-1,991,1004,1016,-1,991,1016,992,-1,992,1016,1015,-1,987,1014,988,-1,988,1014,1013,-1,988,1013,989,-1,989,1013,1012,-1,989,1012,976,-1,976,1012,1011,-1,976,1011,977,-1,977,1011,999,-1,977,999,986,-1,986,999,998,-1,986,998,985,-1,985,998,1010,-1,97,1129,1390,-1,1390,1129,1137,-1,1390,1137,1391,-1,1391,1137,1136,-1,1391,1136,1392,-1,1392,1136,1135,-1,1392,1135,1393,-1,1393,1135,1128,-1,1393,1128,1394,-1,1394,1128,1127,-1,1394,1127,1395,-1,1395,1127,1126,-1,1395,1126,27,-1,27,1126,1143,-1,1130,100,1131,-1,1131,100,99,-1,1131,99,1099,-1,1099,99,85,-1,1099,85,1100,-1,1100,85,84,-1,1100,84,1101,-1,1101,84,91,-1,1101,91,1102,-1,1102,91,90,-1,1102,90,1030,-1,1030,90,88,-1,884,905,871,-1,871,905,906,-1,871,906,872,-1,872,906,897,-1,872,897,885,-1,885,897,896,-1,885,896,886,-1,886,896,909,-1,886,909,887,-1,887,909,908,-1,887,908,888,-1,888,908,907,-1,889,912,890,-1,890,912,911,-1,890,911,878,-1,878,911,910,-1,878,910,879,-1,879,910,899,-1,879,899,880,-1,880,899,898,-1,880,898,881,-1,881,898,902,-1,881,902,877,-1,877,902,901,-1,409,1072,1396,-1,1396,1072,1060,-1,1396,1060,1397,-1,1397,1060,1059,-1,1397,1059,1398,-1,1398,1059,1058,-1,1398,1058,1399,-1,1399,1058,1057,-1,1399,1057,1400,-1,1400,1057,1056,-1,1400,1056,1401,-1,1401,1056,1055,-1,1401,1055,12,-1,12,1055,1053,-1,1073,418,1026,-1,1026,418,417,-1,1026,417,1033,-1,1033,417,416,-1,1033,416,1034,-1,1034,416,408,-1,1034,408,1035,-1,1035,408,407,-1,1035,407,1039,-1,1039,407,406,-1,1039,406,1038,-1,1038,406,405,-1,382,1049,383,-1,383,1049,1025,-1,1049,382,1092,-1,1092,382,400,-1,1092,400,1302,-1,1302,400,1285,-1,1302,1285,1300,-1,1300,1285,1287,-1,1300,1287,1298,-1,1298,1287,1289,-1,1298,1289,1296,-1,1296,1289,1291,-1,1296,1291,1294,-1,1294,1291,1293,-1,1294,1293,947,-1,947,1293,915,-1,947,915,948,-1,948,915,914,-1,892,874,893,-1,893,874,873,-1,893,873,1355,-1,1355,873,1352,-1,1355,1352,1357,-1,1357,1352,1350,-1,1357,1350,1359,-1,1359,1350,1348,-1,1359,1348,1361,-1,1361,1348,1346,-1,1361,1346,1363,-1,1363,1346,1344,-1,1363,1344,1037,-1,1037,1344,403,-1,1037,403,1025,-1,1025,403,383,-1,913,924,950,-1,950,924,952,-1,914,913,948,-1,948,913,950,-1,876,874,891,-1,891,874,892,-1,870,876,895,-1,895,876,891,-1,9,1019,653,-1,653,1019,1045,-1,942,917,943,-1,943,917,916,-1,943,916,1275,-1,1275,916,1272,-1,1275,1272,1277,-1,1277,1272,1270,-1,1277,1270,1279,-1,1279,1270,1268,-1,1279,1268,1281,-1,1281,1268,1266,-1,1281,1266,1283,-1,1283,1266,1264,-1,1283,1264,1066,-1,1066,1264,651,-1,1066,651,1045,-1,1045,651,653,-1,1019,9,1141,-1,1141,9,712,-1,1141,712,1342,-1,1342,712,1325,-1,1342,1325,1340,-1,1340,1325,1327,-1,1340,1327,1338,-1,1338,1327,1329,-1,1338,1329,1336,-1,1336,1329,1331,-1,1336,1331,1334,-1,1334,1331,1333,-1,1334,1333,993,-1,993,1333,971,-1,993,971,994,-1,994,971,970,-1,919,917,941,-1,941,917,942,-1,922,919,946,-1,946,919,941,-1,969,975,996,-1,996,975,1003,-1,970,969,994,-1,994,969,996,-1,1111,1110,322,-1,322,1110,335,-1,1082,295,1080,-1,1080,295,293,-1,1080,293,1202,-1,1202,293,1155,-1,1202,1155,1200,-1,1200,1155,1157,-1,1200,1157,1198,-1,1198,1157,1159,-1,1198,1159,1196,-1,1196,1159,1161,-1,1196,1161,1194,-1,1194,1161,1163,-1,1194,1163,805,-1,805,1163,766,-1,805,766,806,-1,806,766,785,-1,816,781,794,-1,794,781,780,-1,794,780,1215,-1,1215,780,1182,-1,1215,1182,1217,-1,1217,1182,1180,-1,1217,1180,1219,-1,1219,1180,1178,-1,1219,1178,1221,-1,1221,1178,1176,-1,1221,1176,1223,-1,1223,1176,1174,-1,1223,1174,1085,-1,1085,1174,19,-1,1085,19,1086,-1,1086,19,18,-1,788,787,812,-1,812,787,813,-1,788,812,779,-1,779,812,811,-1,779,811,778,-1,778,811,810,-1,778,810,777,-1,777,810,809,-1,777,809,783,-1,783,809,808,-1,783,808,784,-1,784,808,807,-1,784,807,785,-1,785,807,806,-1,781,816,782,-1,782,816,815,-1,782,815,776,-1,776,815,814,-1,776,814,771,-1,771,814,804,-1,771,804,772,-1,772,804,803,-1,772,803,786,-1,786,803,802,-1,786,802,787,-1,787,802,813,-1,1111,322,1112,-1,1112,322,321,-1,1112,321,1061,-1,1061,321,320,-1,1061,320,1062,-1,1062,320,298,-1,1062,298,1064,-1,1064,298,297,-1,1064,297,1083,-1,1083,297,296,-1,1083,296,1082,-1,1082,296,295,-1,335,1110,334,-1,334,1110,1109,-1,334,1109,332,-1,332,1109,1069,-1,332,1069,336,-1,336,1069,1089,-1,336,1089,337,-1,337,1089,1088,-1,337,1088,338,-1,338,1088,1087,-1,338,1087,18,-1,18,1087,1086,-1,1119,1140,339,-1,339,1140,340,-1,1040,301,1041,-1,1041,301,300,-1,1041,300,1252,-1,1252,300,1225,-1,1252,1225,1250,-1,1250,1225,1227,-1,1250,1227,1248,-1,1248,1227,1229,-1,1248,1229,1246,-1,1246,1229,1231,-1,1246,1231,1244,-1,1244,1231,1233,-1,1244,1233,753,-1,753,1233,724,-1,753,724,754,-1,754,724,726,-1,741,729,739,-1,739,729,728,-1,739,728,1185,-1,1185,728,1152,-1,1185,1152,1187,-1,1187,1152,1150,-1,1187,1150,1189,-1,1189,1150,1148,-1,1189,1148,1191,-1,1191,1148,1146,-1,1191,1146,1193,-1,1193,1146,1144,-1,1193,1144,1114,-1,1114,1144,288,-1,1114,288,1115,-1,1115,288,290,-1,731,736,758,-1,758,736,759,-1,1132,1122,443,-1,443,1122,444,-1,1078,433,1076,-1,1076,433,432,-1,1076,432,1212,-1,1212,432,1165,-1,1212,1165,1210,-1,1210,1165,1167,-1,1210,1167,1208,-1,1208,1167,1169,-1,1208,1169,1206,-1,1206,1169,1171,-1,1206,1171,1204,-1,1204,1171,1173,-1,1204,1173,850,-1,850,1173,819,-1,850,819,851,-1,851,819,821,-1,855,834,853,-1,853,834,833,-1,853,833,1255,-1,1255,833,1242,-1,1255,1242,1257,-1,1257,1242,1240,-1,1257,1240,1259,-1,1259,1240,1238,-1,1259,1238,1261,-1,1261,1238,1236,-1,1261,1236,1263,-1,1263,1236,1234,-1,1263,1234,1103,-1,1103,1234,427,-1,1103,427,1104,-1,1104,427,426,-1,839,838,864,-1,864,838,858,-1,839,864,840,-1,840,864,863,-1,840,863,828,-1,828,863,862,-1,828,862,829,-1,829,862,849,-1,829,849,830,-1,830,849,848,-1,830,848,831,-1,831,848,852,-1,831,852,821,-1,821,852,851,-1,834,855,822,-1,822,855,856,-1,822,856,823,-1,823,856,857,-1,823,857,835,-1,835,857,861,-1,835,861,836,-1,836,861,860,-1,836,860,837,-1,837,860,859,-1,837,859,838,-1,838,859,858,-1,1132,443,1133,-1,1133,443,442,-1,1133,442,1134,-1,1134,442,441,-1,1134,441,1074,-1,1074,441,440,-1,1074,440,1075,-1,1075,440,435,-1,1075,435,1079,-1,1079,435,434,-1,1079,434,1078,-1,1078,434,433,-1,444,1122,445,-1,445,1122,1121,-1,445,1121,436,-1,436,1121,1120,-1,436,1120,437,-1,437,1120,1108,-1,437,1108,438,-1,438,1108,1107,-1,438,1107,439,-1,439,1107,1106,-1,439,1106,426,-1,426,1106,1104,-1,731,758,732,-1,732,758,757,-1,732,757,733,-1,733,757,756,-1,733,756,720,-1,720,756,755,-1,720,755,721,-1,721,755,743,-1,721,743,727,-1,727,743,742,-1,727,742,726,-1,726,742,754,-1,729,741,730,-1,730,741,751,-1,730,751,722,-1,722,751,750,-1,722,750,723,-1,723,750,749,-1,723,749,734,-1,734,749,748,-1,734,748,735,-1,735,748,760,-1,735,760,736,-1,736,760,759,-1,1119,339,1090,-1,1090,339,285,-1,1090,285,1091,-1,1091,285,284,-1,1091,284,1123,-1,1123,284,283,-1,1123,283,1124,-1,1124,283,304,-1,1124,304,1125,-1,1125,304,303,-1,1125,303,1040,-1,1040,303,301,-1,340,1140,323,-1,323,1140,1139,-1,323,1139,324,-1,324,1139,1138,-1,324,1138,286,-1,286,1138,1118,-1,286,1118,287,-1,287,1118,1117,-1,287,1117,291,-1,291,1117,1116,-1,291,1116,290,-1,290,1116,1115,-1,280,1022,294,-1,294,1022,1063,-1,1022,280,1113,-1,1113,280,289,-1,1113,289,1192,-1,1192,289,1145,-1,1192,1145,1190,-1,1190,1145,1147,-1,1190,1147,1188,-1,1188,1147,1149,-1,1188,1149,1186,-1,1186,1149,1151,-1,1186,1151,1184,-1,1184,1151,1153,-1,1184,1153,737,-1,737,1153,715,-1,737,715,738,-1,738,715,714,-1,790,765,791,-1,791,765,764,-1,791,764,1195,-1,1195,764,1162,-1,1195,1162,1197,-1,1197,1162,1160,-1,1197,1160,1199,-1,1199,1160,1158,-1,1199,1158,1201,-1,1201,1158,1156,-1,1201,1156,1203,-1,1203,1156,1154,-1,1203,1154,1081,-1,1081,1154,292,-1,1081,292,1063,-1,1063,292,294,-1,747,719,745,-1,745,719,717,-1,719,747,713,-1,713,747,740,-1,713,740,714,-1,714,740,738,-1,765,790,767,-1,767,790,789,-1,767,789,774,-1,774,789,800,-1,279,1070,448,-1,448,1070,1027,-1,842,818,843,-1,843,818,817,-1,843,817,1205,-1,1205,817,1172,-1,1205,1172,1207,-1,1207,1172,1170,-1,1207,1170,1209,-1,1209,1170,1168,-1,1209,1168,1211,-1,1211,1168,1166,-1,1211,1166,1213,-1,1213,1166,1164,-1,1213,1164,1077,-1,1077,1164,468,-1,1077,468,1027,-1,1027,468,448,-1,1070,279,1084,-1,1084,279,278,-1,1084,278,1222,-1,1222,278,1175,-1,1222,1175,1220,-1,1220,1175,1177,-1,1220,1177,1218,-1,1218,1177,1179,-1,1218,1179,1216,-1,1216,1179,1181,-1,1216,1181,1214,-1,1214,1181,1183,-1,1214,1183,792,-1,792,1183,763,-1,792,763,793,-1,793,763,762,-1,818,842,820,-1,820,842,841,-1,820,841,827,-1,827,841,847,-1,798,770,796,-1,796,770,769,-1,770,798,761,-1,761,798,795,-1,761,795,762,-1,762,795,793,-1,1001,973,1402,-1,1402,973,1403,-1,1402,1403,1404,-1,1404,1403,1405,-1,1404,1405,1406,-1,1406,1405,1407,-1,1408,1409,1410,-1,1410,1409,1411,-1,1410,1411,1412,-1,1412,1411,1413,-1,1412,1413,1002,-1,1002,1413,972,-1,973,972,1413,-1,973,1413,1403,-1,1403,1413,1411,-1,1403,1411,1405,-1,1405,1411,1409,-1,1405,1409,1407,-1,1406,1408,1404,-1,1404,1408,1410,-1,1404,1410,1402,-1,1402,1410,1412,-1,1402,1412,1001,-1,1001,1412,1002,-1,1414,1415,1408,-1,1408,1415,1409,-1,1416,1417,1407,-1,1407,1417,1406,-1,1415,1416,1409,-1,1409,1416,1407,-1,1406,1417,1408,-1,1408,1417,1414,-1,1416,1415,1417,-1,1417,1415,1414,-1,944,921,1418,-1,1418,921,1419,-1,1418,1419,1420,-1,1420,1419,1421,-1,1420,1421,1422,-1,1422,1421,1423,-1,1422,1423,1424,-1,1424,1423,1425,-1,1426,1427,1428,-1,1428,1427,1429,-1,1428,1429,1430,-1,1430,1429,1431,-1,1430,1431,1432,-1,1432,1431,1433,-1,1432,1433,945,-1,945,1433,920,-1,921,920,1433,-1,921,1433,1419,-1,1419,1433,1431,-1,1419,1431,1421,-1,1421,1431,1429,-1,1421,1429,1423,-1,1423,1429,1427,-1,1423,1427,1425,-1,1424,1426,1422,-1,1422,1426,1428,-1,1422,1428,1420,-1,1420,1428,1430,-1,1420,1430,1418,-1,1418,1430,1432,-1,1418,1432,944,-1,944,1432,945,-1,1434,1435,1426,-1,1426,1435,1427,-1,1436,1437,1425,-1,1425,1437,1424,-1,1435,1436,1427,-1,1427,1436,1425,-1,1424,1437,1426,-1,1426,1437,1434,-1,1436,1435,1437,-1,1437,1435,1434,-1,953,925,1438,-1,1438,925,1439,-1,1438,1439,1440,-1,1440,1439,1441,-1,1440,1441,1442,-1,1442,1441,1443,-1,1444,1445,1446,-1,1446,1445,1447,-1,1446,1447,1448,-1,1448,1447,1449,-1,1448,1449,951,-1,951,1449,923,-1,925,923,1449,-1,925,1449,1439,-1,1439,1449,1447,-1,1439,1447,1441,-1,1441,1447,1445,-1,1441,1445,1443,-1,1442,1444,1440,-1,1440,1444,1446,-1,1440,1446,1438,-1,1438,1446,1448,-1,1438,1448,953,-1,953,1448,951,-1,1450,1451,1444,-1,1444,1451,1445,-1,1452,1453,1443,-1,1443,1453,1442,-1,1451,1452,1445,-1,1445,1452,1443,-1,1442,1453,1444,-1,1444,1453,1450,-1,1452,1451,1453,-1,1453,1451,1450,-1,867,868,1454,-1,1454,868,1455,-1,1454,1455,1456,-1,1456,1455,1457,-1,1456,1457,1458,-1,1458,1457,1459,-1,1460,1461,1462,-1,1462,1461,1463,-1,1462,1463,1464,-1,1464,1463,1465,-1,1464,1465,894,-1,894,1465,869,-1,868,869,1465,-1,868,1465,1455,-1,1455,1465,1463,-1,1455,1463,1457,-1,1457,1463,1461,-1,1457,1461,1459,-1,1458,1460,1456,-1,1456,1460,1462,-1,1456,1462,1454,-1,1454,1462,1464,-1,1454,1464,867,-1,867,1464,894,-1,1466,1467,1460,-1,1460,1467,1461,-1,1468,1469,1459,-1,1459,1469,1458,-1,1467,1468,1461,-1,1461,1468,1459,-1,1458,1469,1460,-1,1460,1469,1466,-1,1468,1467,1469,-1,1469,1467,1466,-1,844,826,1470,-1,1470,826,1471,-1,1470,1471,1472,-1,1472,1471,1473,-1,1472,1473,1474,-1,1474,1473,1475,-1,1476,1477,1478,-1,1478,1477,1479,-1,1478,1479,1480,-1,1480,1479,1481,-1,1480,1481,845,-1,845,1481,825,-1,826,825,1481,-1,826,1481,1471,-1,1471,1481,1479,-1,1471,1479,1473,-1,1473,1479,1477,-1,1473,1477,1475,-1,1474,1476,1472,-1,1472,1476,1478,-1,1472,1478,1470,-1,1470,1478,1480,-1,1470,1480,844,-1,844,1480,845,-1,1482,1483,1475,-1,1475,1483,1474,-1,1484,1485,1476,-1,1476,1485,1477,-1,1485,1482,1477,-1,1477,1482,1475,-1,1474,1483,1476,-1,1476,1483,1484,-1,1482,1485,1483,-1,1483,1485,1484,-1,796,769,1486,-1,1486,769,1487,-1,1486,1487,1488,-1,1488,1487,1489,-1,1488,1489,1490,-1,1490,1489,1491,-1,1492,1493,1494,-1,1494,1493,1495,-1,1494,1495,1496,-1,1496,1495,1497,-1,1496,1497,797,-1,797,1497,768,-1,769,768,1497,-1,769,1497,1487,-1,1487,1497,1495,-1,1487,1495,1489,-1,1489,1495,1493,-1,1489,1493,1491,-1,1490,1492,1488,-1,1488,1492,1494,-1,1488,1494,1486,-1,1486,1494,1496,-1,1486,1496,796,-1,796,1496,797,-1,1498,1499,1491,-1,1491,1499,1490,-1,1500,1501,1492,-1,1492,1501,1493,-1,1501,1498,1493,-1,1493,1498,1491,-1,1490,1499,1492,-1,1492,1499,1500,-1,1498,1501,1499,-1,1499,1501,1500,-1,799,773,1502,-1,1502,773,1503,-1,1502,1503,1504,-1,1504,1503,1505,-1,1504,1505,1506,-1,1506,1505,1507,-1,1506,1507,1508,-1,1508,1507,1509,-1,1510,1511,1512,-1,1512,1511,1513,-1,1512,1513,1514,-1,1514,1513,1515,-1,1514,1515,1516,-1,1516,1515,1517,-1,1516,1517,801,-1,801,1517,775,-1,773,775,1517,-1,773,1517,1503,-1,1503,1517,1515,-1,1503,1515,1505,-1,1505,1515,1513,-1,1505,1513,1507,-1,1507,1513,1511,-1,1507,1511,1509,-1,1508,1510,1506,-1,1506,1510,1512,-1,1506,1512,1504,-1,1504,1512,1514,-1,1504,1514,1502,-1,1502,1514,1516,-1,1502,1516,799,-1,799,1516,801,-1,1518,1519,1509,-1,1509,1519,1508,-1,1520,1521,1510,-1,1510,1521,1511,-1,1521,1518,1511,-1,1511,1518,1509,-1,1508,1519,1510,-1,1510,1519,1520,-1,1518,1521,1519,-1,1519,1521,1520,-1,745,717,1522,-1,1522,717,1523,-1,1522,1523,1524,-1,1524,1523,1525,-1,1524,1525,1526,-1,1526,1525,1527,-1,1528,1529,1530,-1,1530,1529,1531,-1,1530,1531,1532,-1,1532,1531,1533,-1,1532,1533,746,-1,746,1533,716,-1,717,716,1533,-1,717,1533,1523,-1,1523,1533,1531,-1,1523,1531,1525,-1,1525,1531,1529,-1,1525,1529,1527,-1,1526,1528,1524,-1,1524,1528,1530,-1,1524,1530,1522,-1,1522,1530,1532,-1,1522,1532,745,-1,745,1532,746,-1,1534,1535,1527,-1,1527,1535,1526,-1,1536,1537,1528,-1,1528,1537,1529,-1,1537,1534,1529,-1,1529,1534,1527,-1,1526,1535,1528,-1,1528,1535,1536,-1,1534,1537,1535,-1,1535,1537,1536,-1,1538,1539,1540,-1,1540,1539,1541,-1,1540,1541,1542,-1,1542,1541,1543,-1,1542,1543,1544,-1,1544,1543,1545,-1,1544,1545,1546,-1,1546,1545,1547,-1,1546,1547,1548,-1,1548,1547,1549,-1,1548,1549,1550,-1,1550,1549,1551,-1,1550,1551,1552,-1,1552,1551,1553,-1,1552,1553,1554,-1,1554,1553,1555,-1,1554,1555,1556,-1,1556,1555,1557,-1,1556,1557,1558,-1,1558,1557,1559,-1,1558,1559,1560,-1,1560,1559,1561,-1,1562,1563,1564,-1,1564,1563,1565,-1,1564,1565,1566,-1,1566,1565,1567,-1,1566,1567,1568,-1,1568,1567,1569,-1,1568,1569,1570,-1,1570,1569,1571,-1,1570,1571,1572,-1,1572,1571,1573,-1,1572,1573,1574,-1,1574,1573,1575,-1,1574,1575,1576,-1,1576,1575,1577,-1,1576,1577,1578,-1,1578,1577,1579,-1,1578,1579,1580,-1,1580,1579,1581,-1,1580,1581,1582,-1,1582,1581,1583,-1,1582,1583,1584,-1,1584,1583,1585,-1,1584,1585,1538,-1,1538,1585,1586,-1,1538,1586,1539,-1,1561,1587,1560,-1,1560,1587,1588,-1,1560,1588,1589,-1,1589,1588,1590,-1,1589,1590,1591,-1,1591,1590,1592,-1,1591,1592,1593,-1,1593,1592,1594,-1,1593,1594,1595,-1,1595,1594,1596,-1,1595,1596,1597,-1,1597,1596,1598,-1,1597,1598,1599,-1,1599,1598,1600,-1,1599,1600,1601,-1,1601,1600,1602,-1,1601,1602,1603,-1,1603,1602,1604,-1,1603,1604,1605,-1,1605,1604,1606,-1,1605,1606,1607,-1,1607,1606,1608,-1,1607,1608,1562,-1,1562,1608,1609,-1,1562,1609,1563,-1,1588,1587,343,-1,343,1587,1610,-1,1587,1561,1610,-1,1610,1561,1559,-1,1610,1559,1611,-1,1611,1559,1557,-1,1611,1557,1612,-1,1612,1557,1555,-1,1612,1555,1613,-1,1613,1555,1553,-1,1613,1553,1614,-1,1614,1553,1551,-1,1614,1551,1615,-1,1615,1551,1549,-1,1615,1549,1616,-1,1616,1549,1547,-1,1616,1547,1617,-1,1617,1547,1545,-1,1617,1545,1618,-1,1618,1545,1543,-1,1618,1543,1619,-1,1619,1543,1541,-1,1619,1541,1620,-1,1620,1541,1539,-1,1620,1539,1621,-1,1621,1539,1586,-1,1621,1586,1622,-1,1622,1586,1585,-1,1622,1585,1623,-1,1623,1585,1583,-1,1623,1583,1624,-1,1624,1583,1581,-1,1624,1581,1625,-1,1625,1581,1579,-1,1625,1579,1626,-1,1626,1579,1577,-1,1626,1577,1627,-1,1627,1577,1575,-1,1627,1575,1628,-1,1628,1575,1573,-1,1628,1573,1629,-1,1629,1573,1571,-1,1629,1571,1630,-1,1630,1571,1569,-1,1630,1569,1631,-1,1631,1569,1567,-1,1631,1567,1632,-1,1632,1567,1565,-1,1632,1565,1633,-1,1633,1565,1563,-1,1633,1563,1634,-1,1634,1563,1609,-1,1634,1609,1635,-1,1635,1609,1608,-1,1635,1608,1636,-1,1636,1608,1606,-1,1636,1606,1637,-1,1637,1606,1604,-1,1637,1604,1638,-1,1638,1604,1602,-1,1638,1602,1639,-1,1639,1602,1600,-1,1639,1600,1640,-1,1640,1600,1598,-1,1640,1598,1641,-1,1641,1598,1596,-1,1641,1596,1642,-1,1642,1596,1594,-1,1642,1594,1643,-1,1643,1594,1592,-1,1643,1592,1644,-1,1644,1592,1590,-1,1644,1590,1645,-1,1645,1590,1588,-1,1645,1588,1646,-1,1646,1588,343,-1,1647,1560,1648,-1,1648,1560,1589,-1,1648,1589,1649,-1,1649,1589,1591,-1,1649,1591,1650,-1,1650,1591,1593,-1,1650,1593,1651,-1,1651,1593,1595,-1,1651,1595,1652,-1,1652,1595,1597,-1,1652,1597,1653,-1,1653,1597,1599,-1,1653,1599,1654,-1,1654,1599,1601,-1,1654,1601,1655,-1,1655,1601,1603,-1,1655,1603,1656,-1,1656,1603,1605,-1,1656,1605,1657,-1,1657,1605,1607,-1,1657,1607,1658,-1,1658,1607,1562,-1,1658,1562,1659,-1,1659,1562,1564,-1,1659,1564,1660,-1,1660,1564,1566,-1,1660,1566,1661,-1,1661,1566,1568,-1,1661,1568,1662,-1,1662,1568,1570,-1,1662,1570,1663,-1,1663,1570,1572,-1,1663,1572,1664,-1,1664,1572,1574,-1,1664,1574,1665,-1,1665,1574,1576,-1,1665,1576,1666,-1,1666,1576,1578,-1,1666,1578,1667,-1,1667,1578,1580,-1,1667,1580,1668,-1,1668,1580,1582,-1,1668,1582,1669,-1,1669,1582,1584,-1,1669,1584,1670,-1,1670,1584,1538,-1,1670,1538,1671,-1,1671,1538,1540,-1,1671,1540,1672,-1,1672,1540,1542,-1,1672,1542,1673,-1,1673,1542,1544,-1,1673,1544,1674,-1,1674,1544,1546,-1,1674,1546,1675,-1,1675,1546,1548,-1,1675,1548,1676,-1,1676,1548,1550,-1,1676,1550,1677,-1,1677,1550,1552,-1,1677,1552,1678,-1,1678,1552,1554,-1,1678,1554,1679,-1,1679,1554,1556,-1,1679,1556,1680,-1,1680,1556,1558,-1,1680,1558,1647,-1,1647,1558,1560,-1,1647,1648,1681,-1,1678,1679,1681,-1,1681,1679,1680,-1,1681,1680,1647,-1,1675,1676,1681,-1,1681,1676,1677,-1,1681,1677,1678,-1,1672,1673,1681,-1,1681,1673,1674,-1,1681,1674,1675,-1,1669,1670,1681,-1,1681,1670,1671,-1,1681,1671,1672,-1,1666,1667,1681,-1,1681,1667,1668,-1,1681,1668,1669,-1,1663,1664,1681,-1,1681,1664,1665,-1,1681,1665,1666,-1,1660,1661,1681,-1,1681,1661,1662,-1,1681,1662,1663,-1,1657,1658,1681,-1,1681,1658,1659,-1,1681,1659,1660,-1,1654,1655,1681,-1,1681,1655,1656,-1,1681,1656,1657,-1,1651,1652,1681,-1,1681,1652,1653,-1,1681,1653,1654,-1,1648,1649,1681,-1,1681,1649,1650,-1,1681,1650,1651,-1,
        ]
    }
}
Shape{
    appearance Appearance {
        material  Material 	{
            diffuseColor 0.0 0.0 0.0
            specularColor 0.0 0.0 0.0
            ambientIntensity 0.0
            transparency 0.0
            shininess 0.5
        }
    }
    geometry IndexedFaceSet {
        ccw TRUE
        solid FALSE
        coord DEF co Coordinate {
            point [
                -0.8721 -1.3392 0.9094, -0.8721 -1.3544 0.9094, -0.8721 -1.3392 0.9055, -0.8721 -1.3544 0.9055, -0.9253 -1.3392 0.9094, -0.9253 -1.3392 0.9055, -0.9253 -1.221 0.9094, -0.9253 -1.221 0.9055, -0.9425 -1.221 0.9094, -0.9425 -1.221 0.9055, -0.9425 -1.3544 0.9094, -0.9425 -1.3544 0.9055, -0.8037 -1.3567 0.9094, -0.8037 -1.3567 0.9055, -0.7834 -1.3547 0.9094, -0.7919 -1.3555 0.9055, -0.7834 -1.3547 0.9055, -0.769 -1.35 0.9055, -0.769 -1.35 0.9094, -0.7668 -1.3489 0.9055, -0.7668 -1.3489 0.9094, -0.7668 -1.3324 0.9094, -0.7668 -1.3324 0.9055, -0.7798 -1.3382 0.9055, -0.7798 -1.3382 0.9094, -0.7949 -1.3411 0.9055, -0.7949 -1.3411 0.9094, -0.8012 -1.3413 0.9055, -0.8012 -1.3413 0.9094, -0.8147 -1.3397 0.9055, -0.8147 -1.3397 0.9094, -0.8242 -1.336 0.9055, -0.8242 -1.336 0.9094, -0.8329 -1.3298 0.9055, -0.8329 -1.3298 0.9094, -0.8355 -1.3272 0.9055, -0.8355 -1.3272 0.9094, -0.842 -1.3182 0.9055, -0.842 -1.3182 0.9094, -0.8463 -1.3075 0.9055, -0.8463 -1.3075 0.9094, -0.8485 -1.2941 0.9055, -0.8485 -1.2941 0.9094, -0.8486 -1.2892 0.9055, -0.8486 -1.2892 0.9094, -0.8463 -1.2706 0.9055, -0.8463 -1.2706 0.9094, -0.8418 -1.2591 0.9055, -0.8418 -1.2591 0.9094, -0.8346 -1.2491 0.9055, -0.8346 -1.2491 0.9094, -0.8255 -1.2416 0.9055, -0.8255 -1.2416 0.9094, -0.815 -1.2367 0.9055, -0.815 -1.2367 0.9094, -0.8034 -1.2345 0.9055, -0.8034 -1.2345 0.9094, -0.7982 -1.2343 0.9055, -0.7982 -1.2343 0.9094, -0.7818 -1.2362 0.9055, -0.7818 -1.2362 0.9094, -0.7683 -1.2414 0.9055, -0.7683 -1.2414 0.9094, -0.7668 -1.2422 0.9055, -0.7668 -1.2422 0.9094, -0.7668 -1.2242 0.9094, -0.7668 -1.2242 0.9055, -0.7984 -1.2187 0.9055, -0.7984 -1.2187 0.9094, -0.7981 -1.2187 0.9094, -0.7807 -1.2201 0.9055, -0.7807 -1.2201 0.9094, -0.7842 -1.2198 0.9055, -0.7981 -1.2187 0.9055, -0.8076 -1.2198 0.9055, -0.8178 -1.2211 0.9094, -0.8178 -1.2211 0.9055, -0.8318 -1.2265 0.9055, -0.8318 -1.2265 0.9094, -0.8442 -1.2353 0.9055, -0.8442 -1.2353 0.9094, -0.8474 -1.2383 0.9055, -0.8474 -1.2383 0.9094, -0.8571 -1.251 0.9055, -0.8607 -1.2595 0.9055, -0.8634 -1.2658 0.9094, -0.8571 -1.251 0.9094, -0.8634 -1.2658 0.9055, -0.8664 -1.2832 0.9055, -0.8664 -1.2832 0.9094, -0.8667 -1.2902 0.9055, -0.8667 -1.2902 0.9094, -0.864 -1.3122 0.9055, -0.8607 -1.3205 0.9055, -0.8585 -1.326 0.9094, -0.864 -1.3122 0.9094, -0.8585 -1.326 0.9055, -0.8496 -1.3384 0.9055, -0.8496 -1.3384 0.9094, -0.8262 -1.3533 0.9055, -0.8388 -1.3474 0.9094, -0.8388 -1.3474 0.9055, -0.8154 -1.3555 0.9055, -0.8118 -1.3563 0.9094, -0.8262 -1.3533 0.9094, -0.8118 -1.3563 0.9055, -0.6683 -1.3392 0.9094, -0.6683 -1.3544 0.9094, -0.6683 -1.3392 0.9055, -0.6683 -1.3544 0.9055, -0.7228 -1.3392 0.9055, -0.7228 -1.3392 0.9094, -0.6868 -1.3392 0.9055, -0.7228 -1.2943 0.9094, -0.7228 -1.2943 0.9055, -0.6751 -1.2943 0.9094, -0.6868 -1.2943 0.9055, -0.6751 -1.2943 0.9055, -0.6751 -1.279 0.9094, -0.6751 -1.279 0.9055, -0.7228 -1.279 0.9055, -0.7228 -1.279 0.9094, -0.6868 -1.279 0.9055, -0.7228 -1.2363 0.9094, -0.7228 -1.2363 0.9055, -0.6713 -1.2363 0.9055, -0.6713 -1.2363 0.9094, -0.6868 -1.2363 0.9055, -0.6713 -1.221 0.9094, -0.6713 -1.221 0.9055, -0.7401 -1.221 0.9055, -0.7401 -1.221 0.9094, -0.6868 -1.221 0.9055, -0.7401 -1.3544 0.9094, -0.7401 -1.3544 0.9055, -0.6868 -1.3544 0.9055, -0.5602 -1.317 0.9094, -0.5668 -1.3253 0.9094, -0.5545 -1.3357 0.9094, -0.5693 -1.3275 0.9094, -0.5683 -1.3456 0.9094, -0.5781 -1.3333 0.9094, -0.5835 -1.3516 0.9094, -0.5895 -1.3374 0.9094, -0.6064 -1.3544 0.9094, -0.6065 -1.3392 0.9094, -0.6431 -1.3544 0.9094, -0.6258 -1.3392 0.9094, -0.6431 -1.221 0.9094, -0.6258 -1.2363 0.9094, -0.605 -1.221 0.9094, -0.6057 -1.2363 0.9094, -0.5846 -1.2232 0.9094, -0.5885 -1.2382 0.9094, -0.5685 -1.2291 0.9094, -0.5769 -1.2424 0.9094, -0.5545 -1.2386 0.9094, -0.5672 -1.2489 0.9094, -0.5499 -1.2431 0.9094, -0.5628 -1.2533 0.9094, -0.5417 -1.2547 0.9094, -0.5578 -1.261 0.9094, -0.5367 -1.2674 0.9094, -0.5542 -1.2711 0.9094, -0.5344 -1.286 0.9094, -0.5525 -1.2864 0.9094, -0.5348 -1.2944 0.9094, -0.553 -1.2949 0.9094, -0.538 -1.3101 0.9094, -0.5556 -1.3071 0.9094, -0.5446 -1.3239 0.9094, -0.6064 -1.3544 0.9055, -0.6431 -1.3544 0.9055, -0.5545 -1.3357 0.9055, -0.5835 -1.3516 0.9055, -0.5819 -1.351 0.9055, -0.5683 -1.3456 0.9055, -0.5446 -1.3239 0.9055, -0.538 -1.3101 0.9055, -0.5348 -1.2944 0.9055, -0.5344 -1.286 0.9055, -0.5367 -1.2674 0.9055, -0.5417 -1.2547 0.9055, -0.5499 -1.2431 0.9055, -0.5545 -1.2386 0.9055, -0.5685 -1.2291 0.9055, -0.5819 -1.2242 0.9055, -0.5846 -1.2232 0.9055, -0.605 -1.221 0.9055, -0.6431 -1.221 0.9055, -0.6057 -1.2363 0.9055, -0.6258 -1.2363 0.9055, -0.6258 -1.3392 0.9055, -0.6065 -1.3392 0.9055, -0.5668 -1.3253 0.9055, -0.5693 -1.3275 0.9055, -0.5781 -1.3333 0.9055, -0.5895 -1.3374 0.9055, -0.5525 -1.2864 0.9055, -0.553 -1.2949 0.9055, -0.5556 -1.3071 0.9055, -0.5602 -1.317 0.9055, -0.5672 -1.2489 0.9055, -0.5628 -1.2533 0.9055, -0.5578 -1.261 0.9055, -0.5542 -1.2711 0.9055, -0.5885 -1.2382 0.9055, -0.5769 -1.2424 0.9055
            ]
        }
        coordIndex [
            0,1,2,-1,2,1,3,-1,4,0,5,-1,5,0,2,-1,6,4,7,-1,7,4,5,-1,8,6,9,-1,9,6,7,-1,10,8,11,-1,11,8,9,-1,1,10,3,-1,3,10,11,-1,6,8,4,-1,4,8,10,-1,4,10,0,-1,0,10,1,-1,12,13,14,-1,14,13,15,-1,15,16,14,-1,14,16,17,-1,14,17,18,-1,18,17,19,-1,18,19,20,-1,21,20,22,-1,22,20,19,-1,21,22,23,-1,21,23,24,-1,24,23,25,-1,24,25,26,-1,26,25,27,-1,26,27,28,-1,28,27,29,-1,28,29,30,-1,30,29,31,-1,30,31,32,-1,32,31,33,-1,32,33,34,-1,34,33,35,-1,34,35,36,-1,36,35,37,-1,36,37,38,-1,38,37,39,-1,38,39,40,-1,40,39,41,-1,40,41,42,-1,42,41,43,-1,42,43,44,-1,44,43,45,-1,44,45,46,-1,46,45,47,-1,46,47,48,-1,48,47,49,-1,48,49,50,-1,50,49,51,-1,50,51,52,-1,52,51,53,-1,52,53,54,-1,54,53,55,-1,54,55,56,-1,56,55,57,-1,56,57,58,-1,58,57,59,-1,58,59,60,-1,60,59,61,-1,60,61,62,-1,62,61,63,-1,62,63,64,-1,65,64,66,-1,66,64,63,-1,67,68,69,-1,65,66,70,-1,65,70,71,-1,71,70,72,-1,71,72,69,-1,69,72,73,-1,69,73,67,-1,68,67,74,-1,68,74,75,-1,74,76,75,-1,75,76,77,-1,75,77,78,-1,78,77,79,-1,78,79,80,-1,80,79,81,-1,80,81,82,-1,82,81,83,-1,84,85,83,-1,83,85,86,-1,83,86,82,-1,84,87,85,-1,85,87,88,-1,85,88,89,-1,89,88,90,-1,89,90,91,-1,91,90,92,-1,93,94,92,-1,92,94,95,-1,92,95,91,-1,93,96,94,-1,94,96,97,-1,94,97,98,-1,99,100,101,-1,101,100,98,-1,101,98,97,-1,102,103,99,-1,99,103,104,-1,99,104,100,-1,102,105,103,-1,103,105,13,-1,103,13,12,-1,62,64,65,-1,52,80,50,-1,50,80,82,-1,50,82,48,-1,48,82,86,-1,48,86,46,-1,62,65,60,-1,60,65,71,-1,60,71,58,-1,58,71,69,-1,58,69,56,-1,56,69,68,-1,56,68,54,-1,54,68,75,-1,54,75,52,-1,52,75,78,-1,52,78,80,-1,91,44,89,-1,89,44,46,-1,89,46,85,-1,85,46,86,-1,20,21,18,-1,18,21,24,-1,18,24,14,-1,14,24,26,-1,14,26,12,-1,12,26,28,-1,12,28,103,-1,103,28,30,-1,103,30,104,-1,104,30,32,-1,104,32,100,-1,100,32,34,-1,100,34,98,-1,98,34,36,-1,98,36,94,-1,94,36,38,-1,94,38,95,-1,95,38,40,-1,95,40,91,-1,91,40,42,-1,91,42,44,-1,106,107,108,-1,108,107,109,-1,110,111,112,-1,112,111,106,-1,112,106,108,-1,113,111,114,-1,114,111,110,-1,113,114,115,-1,115,114,116,-1,115,116,117,-1,118,115,119,-1,119,115,117,-1,120,121,122,-1,122,121,118,-1,122,118,119,-1,123,121,124,-1,124,121,120,-1,125,126,127,-1,127,126,123,-1,127,123,124,-1,128,126,129,-1,129,126,125,-1,130,131,132,-1,132,131,128,-1,132,128,129,-1,133,131,134,-1,134,131,130,-1,109,107,135,-1,135,107,133,-1,135,133,134,-1,133,107,106,-1,106,111,133,-1,133,111,113,-1,133,113,131,-1,126,128,123,-1,123,128,131,-1,123,131,121,-1,121,131,113,-1,121,113,118,-1,118,113,115,-1,136,137,138,-1,138,137,139,-1,138,139,140,-1,140,139,141,-1,140,141,142,-1,142,141,143,-1,142,143,144,-1,144,143,145,-1,144,145,146,-1,146,145,147,-1,146,147,148,-1,148,147,149,-1,148,149,150,-1,150,149,151,-1,150,151,152,-1,152,151,153,-1,152,153,154,-1,154,153,155,-1,154,155,156,-1,156,155,157,-1,156,157,158,-1,158,157,159,-1,158,159,160,-1,160,159,161,-1,160,161,162,-1,162,161,163,-1,162,163,164,-1,164,163,165,-1,164,165,166,-1,166,165,167,-1,166,167,168,-1,168,167,169,-1,168,169,170,-1,170,169,136,-1,170,136,138,-1,144,146,171,-1,171,146,172,-1,173,138,140,-1,144,171,174,-1,144,174,142,-1,142,174,175,-1,142,175,140,-1,140,175,176,-1,140,176,173,-1,138,173,177,-1,138,177,170,-1,170,177,178,-1,170,178,168,-1,168,178,179,-1,168,179,166,-1,166,179,180,-1,166,180,164,-1,164,180,181,-1,164,181,162,-1,162,181,182,-1,162,182,160,-1,160,182,183,-1,160,183,158,-1,158,183,184,-1,158,184,156,-1,156,184,185,-1,186,152,185,-1,185,152,154,-1,185,154,156,-1,186,187,152,-1,152,187,188,-1,152,188,150,-1,148,150,189,-1,189,150,188,-1,146,148,172,-1,172,148,189,-1,151,149,190,-1,190,149,191,-1,149,147,191,-1,191,147,192,-1,147,145,192,-1,192,145,193,-1,137,194,195,-1,137,195,139,-1,139,195,196,-1,139,196,141,-1,141,196,197,-1,141,197,143,-1,143,197,193,-1,143,193,145,-1,165,198,199,-1,165,199,167,-1,167,199,200,-1,167,200,169,-1,169,200,201,-1,169,201,136,-1,136,201,194,-1,136,194,137,-1,157,202,203,-1,157,203,159,-1,159,203,204,-1,159,204,161,-1,161,204,205,-1,161,205,163,-1,163,205,198,-1,163,198,165,-1,151,190,206,-1,151,206,153,-1,153,206,207,-1,153,207,155,-1,155,207,202,-1,155,202,157,-1,
        ]
    }
}
Shape{
    appearance Appearance {
        material  Material 	{
            diffuseColor 0.7529411764705882 0.7529411764705882 0.7529411764705882
            specularColor 0.3764705882352941 0.3764705882352941 0.3764705882352941
            ambientIntensity 0.7529
            transparency 0.0
            shininess 0.5
        }
    }
    geometry IndexedFaceSet {
        ccw TRUE
        solid FALSE
        coord DEF co Coordinate {
            point [
                -0.6258 -1.2363 0.9055, -0.6258 -1.3392 0.9055, -0.6057 -1.2363 0.9055, -0.6065 -1.3392 0.9055, -0.5895 -1.3374 0.9055, -0.5781 -1.3333 0.9055, -0.5693 -1.3275 0.9055, -0.5668 -1.3253 0.9055, -0.5602 -1.317 0.9055, -0.5556 -1.3071 0.9055, -0.553 -1.2949 0.9055, -0.5525 -1.2864 0.9055, -0.5542 -1.2711 0.9055, -0.5578 -1.261 0.9055, -0.5628 -1.2533 0.9055, -0.5672 -1.2489 0.9055, -0.5885 -1.2382 0.9055, -0.5769 -1.2424 0.9055
            ]
        }
        coordIndex [
            0,1,2,-1,2,1,3,-1,2,3,4,-1,4,5,2,-1,2,5,6,-1,2,6,7,-1,7,8,2,-1,2,8,9,-1,2,9,10,-1,10,11,2,-1,2,11,12,-1,2,12,13,-1,13,14,2,-1,2,14,15,-1,2,15,16,-1,16,15,17,-1,
        ]
    }
}
Shape{
    appearance Appearance {
        material  Material 	{
            diffuseColor 0.0 0.0 0.0
            specularColor 0.0 0.0 0.0
            ambientIntensity 0.0
            transparency 0.0
            shininess 0.5
        }
    }
    geometry IndexedFaceSet {
        ccw TRUE
        solid FALSE
        coord DEF co Coordinate {
            point [
                -0.4897 -1.3028 0.9094, -0.4952 -1.3179 0.9094, -0.4449 -1.3028 0.9094, -0.4396 -1.3179 0.9094, -0.4697 -1.2474 0.9094, -0.4762 -1.221 0.9094, -0.527 -1.3544 0.9094, -0.508 -1.3544 0.9094, -0.4686 -1.2434 0.9094, -0.4676 -1.238 0.9094, -0.4578 -1.221 0.9094, -0.4672 -1.238 0.9094, -0.4661 -1.2437 0.9094, -0.4651 -1.2474 0.9094, -0.4069 -1.3544 0.9094, -0.426 -1.3544 0.9094, -0.4578 -1.221 0.9055, -0.4069 -1.3544 0.9055, -0.4762 -1.221 0.9055, -0.527 -1.3544 0.9055, -0.508 -1.3544 0.9055, -0.4952 -1.3179 0.9055, -0.4396 -1.3179 0.9055, -0.426 -1.3544 0.9055, -0.4897 -1.3028 0.9055, -0.4449 -1.3028 0.9055, -0.4651 -1.2474 0.9055, -0.4672 -1.238 0.9055, -0.4661 -1.2437 0.9055, -0.4676 -1.238 0.9055, -0.4697 -1.2474 0.9055, -0.4686 -1.2434 0.9055
            ]
        }
        coordIndex [
            0,1,2,-1,2,1,3,-1,4,5,0,-1,0,5,6,-1,0,6,1,-1,1,6,7,-1,4,8,5,-1,5,8,9,-1,5,9,10,-1,10,9,11,-1,10,11,12,-1,12,13,10,-1,10,13,2,-1,10,2,14,-1,14,2,3,-1,14,3,15,-1,10,14,16,-1,16,14,17,-1,5,10,18,-1,18,10,16,-1,6,5,19,-1,19,5,18,-1,7,6,20,-1,20,6,19,-1,1,7,21,-1,21,7,20,-1,3,1,22,-1,22,1,21,-1,15,3,23,-1,23,3,22,-1,14,15,17,-1,17,15,23,-1,0,2,24,-1,24,2,25,-1,2,13,25,-1,25,13,26,-1,11,27,28,-1,11,28,12,-1,12,28,26,-1,12,26,13,-1,11,9,27,-1,27,9,29,-1,4,30,31,-1,4,31,8,-1,8,31,29,-1,8,29,9,-1,4,0,30,-1,30,0,24,-1,
        ]
    }
}
Shape{
    appearance Appearance {
        material  Material 	{
            diffuseColor 0.7529411764705882 0.7529411764705882 0.7529411764705882
            specularColor 0.3764705882352941 0.3764705882352941 0.3764705882352941
            ambientIntensity 0.7529
            transparency 0.0
            shininess 0.5
        }
    }
    geometry IndexedFaceSet {
        ccw TRUE
        solid FALSE
        coord DEF co Coordinate {
            point [
                -0.4672 -1.238 0.9055, -0.4676 -1.238 0.9055, -0.4661 -1.2437 0.9055, -0.4686 -1.2434 0.9055, -0.4651 -1.2474 0.9055, -0.4697 -1.2474 0.9055, -0.4449 -1.3028 0.9055, -0.4897 -1.3028 0.9055
            ]
        }
        coordIndex [
            0,1,2,-1,2,1,3,-1,2,3,4,-1,4,3,5,-1,4,5,6,-1,6,5,7,-1,
        ]
    }
}
Shape{
    appearance Appearance {
        material  Material 	{
            diffuseColor 0.0 0.0 0.0
            specularColor 0.0 0.0 0.0
            ambientIntensity 0.0
            transparency 0.0
            shininess 0.5
        }
    }
    geometry IndexedFaceSet {
        ccw TRUE
        solid FALSE
        coord DEF co Coordinate {
            point [
                -0.8707 -1.5509 0.9094, -0.8707 -1.5661 0.9094, -0.8707 -1.5509 0.9055, -0.8707 -1.5661 0.9055, -0.9253 -1.5509 0.9094, -0.9253 -1.5509 0.9055, -0.9253 -1.506 0.9094, -0.9253 -1.506 0.9055, -0.8776 -1.506 0.9094, -0.8776 -1.506 0.9055, -0.8776 -1.4907 0.9094, -0.8776 -1.4907 0.9055, -0.9253 -1.4907 0.9094, -0.9253 -1.4907 0.9055, -0.9253 -1.448 0.9094, -0.9253 -1.448 0.9055, -0.8738 -1.448 0.9094, -0.8738 -1.448 0.9055, -0.8738 -1.4327 0.9094, -0.8738 -1.4327 0.9055, -0.9425 -1.4327 0.9094, -0.9425 -1.4327 0.9055, -0.9425 -1.5661 0.9094, -0.9425 -1.5661 0.9055, -0.8172 -1.5213 0.9094, -0.7949 -1.5183 0.9094, -0.7782 -1.5048 0.9094, -0.7949 -1.5661 0.9094, -0.7782 -1.5661 0.9094, -0.7949 -1.5514 0.9094, -0.7949 -1.5055 0.9094, -0.8312 -1.5255 0.9094, -0.8272 -1.5236 0.9094, -0.7953 -1.5514 0.9094, -0.8037 -1.5485 0.9094, -0.798 -1.5555 0.9094, -0.8083 -1.5518 0.9094, -0.7949 -1.5274 0.9094, -0.7958 -1.5354 0.9094, -0.7982 -1.5415 0.9094, -0.802 -1.5469 0.9094, -0.8258 -1.554 0.9094, -0.8245 -1.5684 0.9094, -0.8202 -1.5546 0.9094, -0.8163 -1.5675 0.9094, -0.8133 -1.5538 0.9094, -0.8094 -1.5651 0.9094, -0.8033 -1.5611 0.9094, -0.7954 -1.4983 0.9094, -0.7795 -1.4919 0.9094, -0.7972 -1.4922 0.9094, -0.7821 -1.4843 0.9094, -0.7991 -1.4888 0.9094, -0.7856 -1.479 0.9094, -0.8016 -1.4861 0.9094, -0.7901 -1.4747 0.9094, -0.8046 -1.4842 0.9094, -0.7956 -1.4716 0.9094, -0.8084 -1.4828 0.9094, -0.8027 -1.4695 0.9094, -0.8142 -1.4822 0.9094, -0.8126 -1.4686 0.9094, -0.8234 -1.4831 0.9094, -0.8297 -1.4707 0.9094, -0.8338 -1.4864 0.9094, -0.8421 -1.4755 0.9094, -0.8454 -1.4937 0.9094, -0.8454 -1.4775 0.9094, -0.8344 -1.5489 0.9094, -0.8466 -1.5609 0.9094, -0.8329 -1.5503 0.9094, -0.8411 -1.5647 0.9094, -0.8296 -1.5526 0.9094, -0.8347 -1.5671 0.9094, -0.8252 -1.5684 0.9094, -0.8376 -1.5366 0.9094, -0.8547 -1.5386 0.9094, -0.8378 -1.5392 0.9094, -0.8547 -1.5406 0.9094, -0.8374 -1.5431 0.9094, -0.8539 -1.5483 0.9094, -0.8363 -1.5461 0.9094, -0.8518 -1.5539 0.9094, -0.8483 -1.559 0.9094, -0.8231 -1.5095 0.9094, -0.8358 -1.5126 0.9094, -0.8334 -1.5271 0.9094, -0.8429 -1.5163 0.9094, -0.8354 -1.5296 0.9094, -0.848 -1.5207 0.9094, -0.8368 -1.5327 0.9094, -0.8514 -1.5255 0.9094, -0.8536 -1.5314 0.9094, -0.8126 -1.4686 0.9055, -0.8297 -1.4707 0.9055, -0.8421 -1.4755 0.9055, -0.8454 -1.4775 0.9055, -0.8454 -1.4937 0.9055, -0.8338 -1.4864 0.9055, -0.8234 -1.4831 0.9055, -0.8142 -1.4822 0.9055, -0.8084 -1.4828 0.9055, -0.8046 -1.4842 0.9055, -0.8016 -1.4861 0.9055, -0.7991 -1.4888 0.9055, -0.7972 -1.4922 0.9055, -0.7954 -1.4983 0.9055, -0.7949 -1.5055 0.9055, -0.8231 -1.5095 0.9055, -0.8358 -1.5126 0.9055, -0.8429 -1.5163 0.9055, -0.848 -1.5207 0.9055, -0.8514 -1.5255 0.9055, -0.8536 -1.5314 0.9055, -0.8547 -1.5386 0.9055, -0.8547 -1.5406 0.9055, -0.8539 -1.5483 0.9055, -0.8518 -1.5539 0.9055, -0.8483 -1.559 0.9055, -0.8466 -1.5609 0.9055, -0.8245 -1.5684 0.9055, -0.8411 -1.5647 0.9055, -0.8347 -1.5671 0.9055, -0.834 -1.5672 0.9055, -0.8252 -1.5684 0.9055, -0.8163 -1.5675 0.9055, -0.8155 -1.5672 0.9055, -0.8094 -1.5651 0.9055, -0.8033 -1.5611 0.9055, -0.798 -1.5555 0.9055, -0.7953 -1.5514 0.9055, -0.7949 -1.5514 0.9055, -0.7949 -1.5661 0.9055, -0.7782 -1.5661 0.9055, -0.7782 -1.5048 0.9055, -0.7795 -1.4919 0.9055, -0.7821 -1.4843 0.9055, -0.7856 -1.479 0.9055, -0.7901 -1.4747 0.9055, -0.7956 -1.4716 0.9055, -0.8027 -1.4695 0.9055, -0.8334 -1.5271 0.9055, -0.8312 -1.5255 0.9055, -0.8272 -1.5236 0.9055, -0.8172 -1.5213 0.9055, -0.8378 -1.5392 0.9055, -0.8376 -1.5366 0.9055, -0.8368 -1.5327 0.9055, -0.8354 -1.5296 0.9055, -0.8329 -1.5503 0.9055, -0.8344 -1.5489 0.9055, -0.8363 -1.5461 0.9055, -0.8374 -1.5431 0.9055, -0.8202 -1.5546 0.9055, -0.8258 -1.554 0.9055, -0.8296 -1.5526 0.9055, -0.802 -1.5469 0.9055, -0.8037 -1.5485 0.9055, -0.8083 -1.5518 0.9055, -0.8133 -1.5538 0.9055, -0.7949 -1.5274 0.9055, -0.7958 -1.5354 0.9055, -0.7982 -1.5415 0.9055, -0.7949 -1.5183 0.9055
            ]
        }
        coordIndex [
            0,1,2,-1,2,1,3,-1,4,0,5,-1,5,0,2,-1,6,4,7,-1,7,4,5,-1,8,6,9,-1,9,6,7,-1,10,8,11,-1,11,8,9,-1,12,10,13,-1,13,10,11,-1,14,12,15,-1,15,12,13,-1,16,14,17,-1,17,14,15,-1,18,16,19,-1,19,16,17,-1,20,18,21,-1,21,18,19,-1,22,20,23,-1,23,20,21,-1,1,22,3,-1,3,22,23,-1,22,1,0,-1,0,4,22,-1,22,4,6,-1,22,6,20,-1,16,18,14,-1,14,18,20,-1,14,20,12,-1,12,20,6,-1,12,6,10,-1,10,6,8,-1,24,25,26,-1,27,28,29,-1,29,28,26,-1,30,31,32,-1,33,34,35,-1,35,34,36,-1,25,37,26,-1,26,37,38,-1,26,38,29,-1,29,38,39,-1,29,39,33,-1,33,39,40,-1,33,40,34,-1,41,42,43,-1,43,42,44,-1,43,44,45,-1,45,44,46,-1,45,46,36,-1,36,46,47,-1,36,47,35,-1,32,24,30,-1,30,24,26,-1,30,26,48,-1,48,26,49,-1,48,49,50,-1,50,49,51,-1,50,51,52,-1,52,51,53,-1,52,53,54,-1,54,53,55,-1,54,55,56,-1,56,55,57,-1,56,57,58,-1,58,57,59,-1,58,59,60,-1,60,59,61,-1,60,61,62,-1,62,61,63,-1,62,63,64,-1,64,63,65,-1,64,65,66,-1,66,65,67,-1,68,69,70,-1,70,69,71,-1,70,71,72,-1,72,71,73,-1,72,73,41,-1,41,73,74,-1,41,74,42,-1,75,76,77,-1,77,76,78,-1,77,78,79,-1,79,78,80,-1,79,80,81,-1,81,80,82,-1,81,82,68,-1,68,82,83,-1,68,83,69,-1,30,84,31,-1,31,84,85,-1,31,85,86,-1,86,85,87,-1,86,87,88,-1,88,87,89,-1,88,89,90,-1,90,89,91,-1,90,91,75,-1,75,91,92,-1,75,92,76,-1,61,93,94,-1,61,94,63,-1,63,94,95,-1,63,95,65,-1,65,95,96,-1,65,96,67,-1,66,67,97,-1,97,67,96,-1,66,97,98,-1,66,98,64,-1,64,98,99,-1,64,99,62,-1,62,99,100,-1,62,100,60,-1,60,100,101,-1,60,101,58,-1,58,101,102,-1,58,102,56,-1,56,102,103,-1,56,103,54,-1,54,103,104,-1,54,104,52,-1,52,104,105,-1,52,105,50,-1,50,105,106,-1,50,106,48,-1,48,106,107,-1,48,107,30,-1,84,30,108,-1,108,30,107,-1,84,108,109,-1,84,109,85,-1,85,109,110,-1,85,110,87,-1,87,110,111,-1,87,111,89,-1,89,111,112,-1,89,112,91,-1,91,112,113,-1,91,113,92,-1,92,113,114,-1,92,114,76,-1,76,114,115,-1,76,115,78,-1,78,115,116,-1,78,116,80,-1,80,116,117,-1,80,117,82,-1,82,117,118,-1,82,118,83,-1,83,118,119,-1,83,119,69,-1,120,42,74,-1,69,119,121,-1,69,121,71,-1,71,121,122,-1,71,122,73,-1,73,122,123,-1,73,123,74,-1,74,123,124,-1,74,124,120,-1,42,120,125,-1,42,125,44,-1,44,125,126,-1,44,126,46,-1,126,127,46,-1,46,127,128,-1,46,128,47,-1,47,128,129,-1,47,129,35,-1,35,129,130,-1,35,130,33,-1,29,33,131,-1,131,33,130,-1,27,29,132,-1,132,29,131,-1,28,27,133,-1,133,27,132,-1,26,28,134,-1,134,28,133,-1,26,134,135,-1,26,135,49,-1,49,135,136,-1,49,136,51,-1,51,136,137,-1,51,137,53,-1,53,137,138,-1,53,138,55,-1,55,138,139,-1,55,139,57,-1,57,139,140,-1,57,140,59,-1,59,140,93,-1,59,93,61,-1,86,141,142,-1,86,142,31,-1,31,142,143,-1,31,143,32,-1,32,143,144,-1,32,144,24,-1,77,145,146,-1,77,146,75,-1,75,146,147,-1,75,147,90,-1,90,147,148,-1,90,148,88,-1,88,148,141,-1,88,141,86,-1,70,149,150,-1,70,150,68,-1,68,150,151,-1,68,151,81,-1,81,151,152,-1,81,152,79,-1,79,152,145,-1,79,145,77,-1,43,153,154,-1,43,154,41,-1,41,154,155,-1,41,155,72,-1,72,155,149,-1,72,149,70,-1,40,156,157,-1,40,157,34,-1,34,157,158,-1,34,158,36,-1,36,158,159,-1,36,159,45,-1,45,159,153,-1,45,153,43,-1,37,160,161,-1,37,161,38,-1,38,161,162,-1,38,162,39,-1,39,162,156,-1,39,156,40,-1,37,25,160,-1,160,25,163,-1,25,24,163,-1,163,24,144,-1,
        ]
    }
}
Shape{
    appearance Appearance {
        material  Material 	{
            diffuseColor 0.7529411764705882 0.7529411764705882 0.7529411764705882
            specularColor 0.3764705882352941 0.3764705882352941 0.3764705882352941
            ambientIntensity 0.7529
            transparency 0.0
            shininess 0.5
        }
    }
    geometry IndexedFaceSet {
        ccw TRUE
        solid FALSE
        coord DEF co Coordinate {
            point [
                -0.7949 -1.5274 0.9055, -0.7949 -1.5183 0.9055, -0.8172 -1.5213 0.9055, -0.8037 -1.5485 0.9055, -0.802 -1.5469 0.9055, -0.8272 -1.5236 0.9055, -0.8312 -1.5255 0.9055, -0.8133 -1.5538 0.9055, -0.8083 -1.5518 0.9055, -0.7982 -1.5415 0.9055, -0.7958 -1.5354 0.9055, -0.8334 -1.5271 0.9055, -0.8354 -1.5296 0.9055, -0.8368 -1.5327 0.9055, -0.8376 -1.5366 0.9055, -0.8378 -1.5392 0.9055, -0.8374 -1.5431 0.9055, -0.8296 -1.5526 0.9055, -0.8258 -1.554 0.9055, -0.8329 -1.5503 0.9055, -0.8202 -1.5546 0.9055, -0.8363 -1.5461 0.9055, -0.8344 -1.5489 0.9055
            ]
        }
        coordIndex [
            0,1,2,-1,3,4,2,-1,5,6,7,-1,5,7,2,-1,2,7,8,-1,2,8,3,-1,4,9,2,-1,2,9,10,-1,2,10,0,-1,6,11,7,-1,7,11,12,-1,7,12,13,-1,13,14,7,-1,7,14,15,-1,7,15,16,-1,17,18,19,-1,19,18,20,-1,19,20,7,-1,16,21,7,-1,7,21,22,-1,7,22,19,-1,
        ]
    }
}
Shape{
    appearance Appearance {
        material  Material 	{
            diffuseColor 0.0 0.0 0.0
            specularColor 0.0 0.0 0.0
            ambientIntensity 0.0
            transparency 0.0
            shininess 0.5
        }
    }
    geometry IndexedFaceSet {
        ccw TRUE
        solid FALSE
        coord DEF co Coordinate {
            point [
                -0.7555 -1.5455 0.9055, -0.7555 -1.5455 0.9094, -0.7495 -1.5493 0.9094, -0.728 -1.5547 0.9094, -0.728 -1.5547 0.9055, -0.739 -1.5533 0.9055, -0.739 -1.5533 0.9094, -0.7478 -1.5499 0.9055, -0.7495 -1.5493 0.9055, -0.7555 -1.5628 0.9094, -0.7555 -1.5628 0.9055, -0.7438 -1.5669 0.9094, -0.7478 -1.5655 0.9055, -0.7297 -1.5684 0.9055, -0.7297 -1.5684 0.9094, -0.7404 -1.5672 0.9055, -0.7438 -1.5669 0.9055, -0.7144 -1.5665 0.9094, -0.7203 -1.5672 0.9055, -0.7144 -1.5665 0.9055, -0.7057 -1.5631 0.9055, -0.7057 -1.5631 0.9094, -0.7019 -1.5608 0.9055, -0.7019 -1.5608 0.9094, -0.6967 -1.5562 0.9055, -0.6967 -1.5562 0.9094, -0.6937 -1.5517 0.9055, -0.6937 -1.5517 0.9094, -0.6918 -1.5464 0.9055, -0.6918 -1.5464 0.9094, -0.6911 -1.5402 0.9055, -0.6911 -1.5402 0.9094, -0.692 -1.5333 0.9055, -0.692 -1.5333 0.9094, -0.6939 -1.5285 0.9055, -0.6939 -1.5285 0.9094, -0.6967 -1.5244 0.9055, -0.6967 -1.5244 0.9094, -0.7007 -1.5209 0.9055, -0.7007 -1.5209 0.9094, -0.7118 -1.5147 0.9055, -0.7118 -1.5147 0.9094, -0.7183 -1.5121 0.9055, -0.7183 -1.5121 0.9094, -0.7286 -1.5076 0.9055, -0.7286 -1.5076 0.9094, -0.7345 -1.5039 0.9055, -0.7345 -1.5039 0.9094, -0.7362 -1.5021 0.9055, -0.7362 -1.5021 0.9094, -0.7374 -1.4998 0.9055, -0.7374 -1.4998 0.9094, -0.738 -1.4972 0.9055, -0.738 -1.4972 0.9094, -0.7382 -1.495 0.9055, -0.7382 -1.495 0.9094, -0.7379 -1.4923 0.9055, -0.7379 -1.4923 0.9094, -0.7371 -1.4901 0.9055, -0.7371 -1.4901 0.9094, -0.7356 -1.488 0.9055, -0.7356 -1.488 0.9094, -0.7331 -1.4857 0.9055, -0.7331 -1.4857 0.9094, -0.7293 -1.4837 0.9055, -0.7293 -1.4837 0.9094, -0.7249 -1.4826 0.9055, -0.7249 -1.4826 0.9094, -0.7199 -1.4822 0.9055, -0.7199 -1.4822 0.9094, -0.7082 -1.4836 0.9055, -0.7082 -1.4836 0.9094, -0.6988 -1.4873 0.9055, -0.6988 -1.4873 0.9094, -0.6957 -1.4891 0.9055, -0.6957 -1.4891 0.9094, -0.6957 -1.4728 0.9094, -0.6957 -1.4728 0.9055, -0.7066 -1.4697 0.9055, -0.7066 -1.4697 0.9094, -0.7183 -1.4686 0.9055, -0.7183 -1.4686 0.9094, -0.7317 -1.4702 0.9055, -0.7317 -1.4702 0.9094, -0.7406 -1.4737 0.9055, -0.7406 -1.4737 0.9094, -0.7447 -1.4762 0.9055, -0.7447 -1.4762 0.9094, -0.75 -1.481 0.9094, -0.7478 -1.479 0.9055, -0.75 -1.481 0.9055, -0.753 -1.4856 0.9055, -0.753 -1.4856 0.9094, -0.7548 -1.491 0.9055, -0.7548 -1.491 0.9094, -0.7554 -1.4965 0.9055, -0.7554 -1.4965 0.9094, -0.7546 -1.5036 0.9055, -0.7546 -1.5036 0.9094, -0.7526 -1.5086 0.9055, -0.7526 -1.5086 0.9094, -0.7507 -1.5116 0.9055, -0.7507 -1.5116 0.9094, -0.7301 -1.5242 0.9055, -0.7301 -1.5242 0.9094, -0.7401 -1.5196 0.9094, -0.7479 -1.5145 0.9055, -0.7479 -1.5145 0.9094, -0.7478 -1.5145 0.9055, -0.7401 -1.5196 0.9055, -0.7191 -1.5288 0.9055, -0.7191 -1.5288 0.9094, -0.7126 -1.5327 0.9055, -0.7126 -1.5327 0.9094, -0.7105 -1.5349 0.9055, -0.7105 -1.5349 0.9094, -0.7092 -1.5371 0.9055, -0.7092 -1.5371 0.9094, -0.7085 -1.5397 0.9055, -0.7085 -1.5397 0.9094, -0.7083 -1.5418 0.9055, -0.7083 -1.5418 0.9094, -0.7086 -1.545 0.9055, -0.7086 -1.545 0.9094, -0.7095 -1.5474 0.9055, -0.7095 -1.5474 0.9094, -0.711 -1.5495 0.9055, -0.711 -1.5495 0.9094, -0.7129 -1.5512 0.9055, -0.7129 -1.5512 0.9094, -0.7144 -1.5522 0.9055, -0.7144 -1.5522 0.9094, -0.7187 -1.5537 0.9055, -0.7187 -1.5537 0.9094, -0.7273 -1.5547 0.9055, -0.7273 -1.5547 0.9094, -0.6083 -1.4708 0.9094, -0.5909 -1.4708 0.9094, -0.6083 -1.4708 0.9055, -0.5909 -1.4708 0.9055, -0.6343 -1.5426 0.9094, -0.6343 -1.5426 0.9055, -0.6356 -1.547 0.9055, -0.6356 -1.547 0.9094, -0.6364 -1.5503 0.9055, -0.6364 -1.5503 0.9094, -0.6368 -1.5503 0.9094, -0.6368 -1.5503 0.9055, -0.6388 -1.5424 0.9094, -0.6388 -1.5424 0.9055, -0.6637 -1.4708 0.9055, -0.6637 -1.4708 0.9094, -0.6557 -1.494 0.9055, -0.6824 -1.4708 0.9094, -0.6824 -1.4708 0.9055, -0.6451 -1.5659 0.9055, -0.6451 -1.5659 0.9094, -0.6557 -1.5389 0.9055, -0.6524 -1.5832 0.9055, -0.6524 -1.5832 0.9094, -0.6456 -1.5672 0.9055, -0.6557 -1.5891 0.9055, -0.6561 -1.5898 0.9094, -0.6561 -1.5898 0.9055, -0.6595 -1.5933 0.9055, -0.6595 -1.5933 0.9094, -0.6626 -1.5952 0.9055, -0.6626 -1.5952 0.9094, -0.6663 -1.5964 0.9055, -0.6663 -1.5964 0.9094, -0.6695 -1.5967 0.9055, -0.6695 -1.5967 0.9094, -0.6756 -1.5959 0.9055, -0.6756 -1.5959 0.9094, -0.679 -1.5948 0.9055, -0.679 -1.5948 0.9094, -0.679 -1.6096 0.9094, -0.679 -1.6096 0.9055, -0.6719 -1.6109 0.9055, -0.6719 -1.6109 0.9094, -0.6682 -1.611 0.9055, -0.6682 -1.611 0.9094, -0.6612 -1.6101 0.9055, -0.6612 -1.6101 0.9094, -0.6557 -1.608 0.9055, -0.6546 -1.6076 0.9094, -0.6546 -1.6076 0.9055, -0.6488 -1.6034 0.9055, -0.6488 -1.6034 0.9094, -0.6486 -1.6033 0.9055, -0.6486 -1.6033 0.9094, -0.6425 -1.5963 0.9055, -0.6425 -1.5963 0.9094, -0.6345 -1.5812 0.9055, -0.6345 -1.5812 0.9094, -0.6342 -1.5805 0.9055, -0.6342 -1.5805 0.9094, -0.629 -1.5672 0.9055, -0.5012 -1.5509 0.9094, -0.5012 -1.5661 0.9094, -0.5012 -1.5509 0.9055, -0.5012 -1.5661 0.9055, -0.5557 -1.5509 0.9055, -0.5557 -1.5509 0.9094, -0.5307 -1.5509 0.9055, -0.5557 -1.506 0.9094, -0.5557 -1.506 0.9055, -0.508 -1.506 0.9055, -0.508 -1.506 0.9094, -0.5307 -1.506 0.9055, -0.508 -1.4907 0.9094, -0.508 -1.4907 0.9055, -0.5557 -1.4907 0.9055, -0.5557 -1.4907 0.9094, -0.5307 -1.4907 0.9055, -0.5557 -1.448 0.9094, -0.5557 -1.448 0.9055, -0.5042 -1.448 0.9055, -0.5042 -1.448 0.9094, -0.5307 -1.448 0.9055, -0.5042 -1.4327 0.9094, -0.5042 -1.4327 0.9055, -0.5729 -1.4327 0.9055, -0.5729 -1.4327 0.9094, -0.5307 -1.4327 0.9055, -0.5729 -1.5661 0.9094, -0.5729 -1.5661 0.9055, -0.5307 -1.5661 0.9055, -0.393 -1.5287 0.9094, -0.3997 -1.537 0.9094, -0.3874 -1.5474 0.9094, -0.4021 -1.5392 0.9094, -0.4012 -1.5573 0.9094, -0.411 -1.545 0.9094, -0.4164 -1.5633 0.9094, -0.4224 -1.5491 0.9094, -0.4392 -1.5661 0.9094, -0.4394 -1.5509 0.9094, -0.476 -1.5661 0.9094, -0.4587 -1.5509 0.9094, -0.476 -1.4327 0.9094, -0.4587 -1.448 0.9094, -0.4379 -1.4327 0.9094, -0.4386 -1.448 0.9094, -0.4175 -1.4349 0.9094, -0.4214 -1.4499 0.9094, -0.4014 -1.4408 0.9094, -0.4098 -1.4541 0.9094, -0.3874 -1.4503 0.9094, -0.4001 -1.4606 0.9094, -0.3828 -1.4548 0.9094, -0.3957 -1.465 0.9094, -0.3745 -1.4664 0.9094, -0.3907 -1.4727 0.9094, -0.3696 -1.4791 0.9094, -0.3871 -1.4828 0.9094, -0.3673 -1.4977 0.9094, -0.3854 -1.4982 0.9094, -0.3677 -1.5061 0.9094, -0.3859 -1.5066 0.9094, -0.3709 -1.5218 0.9094, -0.3884 -1.5188 0.9094, -0.3775 -1.5356 0.9094, -0.4392 -1.5661 0.9055, -0.476 -1.5661 0.9055, -0.4164 -1.5633 0.9055, -0.4012 -1.5573 0.9055, -0.3874 -1.5474 0.9055, -0.3775 -1.5356 0.9055, -0.3709 -1.5218 0.9055, -0.3677 -1.5061 0.9055, -0.3673 -1.4977 0.9055, -0.3696 -1.4791 0.9055, -0.3745 -1.4664 0.9055, -0.3828 -1.4548 0.9055, -0.3874 -1.4503 0.9055, -0.4014 -1.4408 0.9055, -0.4175 -1.4349 0.9055, -0.4379 -1.4327 0.9055, -0.476 -1.4327 0.9055, -0.4386 -1.448 0.9055, -0.4587 -1.448 0.9055, -0.4587 -1.5509 0.9055, -0.4394 -1.5509 0.9055, -0.3997 -1.537 0.9055, -0.4021 -1.5392 0.9055, -0.411 -1.545 0.9055, -0.4224 -1.5491 0.9055, -0.3854 -1.4982 0.9055, -0.3859 -1.5066 0.9055, -0.3884 -1.5188 0.9055, -0.393 -1.5287 0.9055, -0.4001 -1.4606 0.9055, -0.3957 -1.465 0.9055, -0.3907 -1.4727 0.9055, -0.3871 -1.4828 0.9055, -0.4214 -1.4499 0.9055, -0.4098 -1.4541 0.9055
            ]
        }
        coordIndex [
            0,1,2,-1,3,4,5,-1,3,5,6,-1,6,5,7,-1,6,7,2,-1,2,7,8,-1,2,8,0,-1,9,1,10,-1,10,1,0,-1,9,10,11,-1,11,10,12,-1,13,14,15,-1,15,14,11,-1,15,11,16,-1,16,11,12,-1,14,13,17,-1,17,13,18,-1,18,19,17,-1,17,19,20,-1,17,20,21,-1,21,20,22,-1,21,22,23,-1,23,22,24,-1,23,24,25,-1,25,24,26,-1,25,26,27,-1,27,26,28,-1,27,28,29,-1,29,28,30,-1,29,30,31,-1,31,30,32,-1,31,32,33,-1,33,32,34,-1,33,34,35,-1,35,34,36,-1,35,36,37,-1,37,36,38,-1,37,38,39,-1,39,38,40,-1,39,40,41,-1,41,40,42,-1,41,42,43,-1,43,42,44,-1,43,44,45,-1,45,44,46,-1,45,46,47,-1,47,46,48,-1,47,48,49,-1,49,48,50,-1,49,50,51,-1,51,50,52,-1,51,52,53,-1,53,52,54,-1,53,54,55,-1,55,54,56,-1,55,56,57,-1,57,56,58,-1,57,58,59,-1,59,58,60,-1,59,60,61,-1,61,60,62,-1,61,62,63,-1,63,62,64,-1,63,64,65,-1,65,64,66,-1,65,66,67,-1,67,66,68,-1,67,68,69,-1,69,68,70,-1,69,70,71,-1,71,70,72,-1,71,72,73,-1,73,72,74,-1,73,74,75,-1,76,75,77,-1,77,75,74,-1,76,77,78,-1,76,78,79,-1,79,78,80,-1,79,80,81,-1,81,80,82,-1,81,82,83,-1,83,82,84,-1,83,84,85,-1,85,84,86,-1,85,86,87,-1,87,86,88,-1,88,86,89,-1,89,90,88,-1,88,90,91,-1,88,91,92,-1,92,91,93,-1,92,93,94,-1,94,93,95,-1,94,95,96,-1,96,95,97,-1,96,97,98,-1,98,97,99,-1,98,99,100,-1,100,99,101,-1,100,101,102,-1,103,104,105,-1,102,101,106,-1,102,106,107,-1,107,106,108,-1,107,108,105,-1,105,108,109,-1,105,109,103,-1,104,103,110,-1,104,110,111,-1,111,110,112,-1,111,112,113,-1,113,112,114,-1,113,114,115,-1,115,114,116,-1,115,116,117,-1,117,116,118,-1,117,118,119,-1,119,118,120,-1,119,120,121,-1,121,120,122,-1,121,122,123,-1,123,122,124,-1,123,124,125,-1,125,124,126,-1,125,126,127,-1,127,126,128,-1,127,128,129,-1,129,128,130,-1,129,130,131,-1,131,130,132,-1,131,132,133,-1,133,132,134,-1,133,134,135,-1,135,134,4,-1,135,4,3,-1,59,61,87,-1,87,61,85,-1,85,61,63,-1,85,63,83,-1,125,25,27,-1,111,43,104,-1,104,43,45,-1,125,27,123,-1,123,27,29,-1,123,29,121,-1,121,29,31,-1,121,31,119,-1,119,31,33,-1,119,33,117,-1,117,33,35,-1,117,35,115,-1,115,35,37,-1,115,37,113,-1,113,37,39,-1,113,39,111,-1,111,39,41,-1,111,41,43,-1,25,125,23,-1,23,125,127,-1,23,127,21,-1,14,3,11,-1,11,3,6,-1,11,6,9,-1,9,6,2,-1,9,2,1,-1,63,65,83,-1,83,65,67,-1,83,67,81,-1,81,67,69,-1,81,69,79,-1,79,69,71,-1,79,71,76,-1,76,71,73,-1,76,73,75,-1,127,129,21,-1,21,129,131,-1,21,131,17,-1,17,131,133,-1,17,133,14,-1,14,133,135,-1,14,135,3,-1,87,88,59,-1,59,88,92,-1,59,92,57,-1,57,92,94,-1,57,94,55,-1,55,94,96,-1,55,96,53,-1,53,96,98,-1,53,98,51,-1,51,98,100,-1,51,100,49,-1,49,100,102,-1,49,102,47,-1,47,102,107,-1,47,107,45,-1,45,107,105,-1,45,105,104,-1,136,137,138,-1,138,137,139,-1,140,136,141,-1,141,136,138,-1,140,141,142,-1,140,142,143,-1,143,142,144,-1,143,144,145,-1,146,145,147,-1,147,145,144,-1,148,146,149,-1,149,146,147,-1,150,151,152,-1,152,151,148,-1,152,148,149,-1,153,151,154,-1,154,151,150,-1,155,156,157,-1,157,156,153,-1,157,153,154,-1,158,159,160,-1,160,159,156,-1,160,156,155,-1,158,161,159,-1,159,161,162,-1,161,163,162,-1,162,163,164,-1,162,164,165,-1,165,164,166,-1,165,166,167,-1,167,166,168,-1,167,168,169,-1,169,168,170,-1,169,170,171,-1,171,170,172,-1,171,172,173,-1,173,172,174,-1,173,174,175,-1,176,175,177,-1,177,175,174,-1,176,177,178,-1,176,178,179,-1,179,178,180,-1,179,180,181,-1,181,180,182,-1,181,182,183,-1,183,182,184,-1,183,184,185,-1,184,186,185,-1,185,186,187,-1,185,187,188,-1,188,187,189,-1,188,189,190,-1,190,189,191,-1,190,191,192,-1,192,191,193,-1,192,193,194,-1,194,193,195,-1,194,195,196,-1,139,137,197,-1,197,137,196,-1,197,196,195,-1,143,145,196,-1,137,136,196,-1,196,136,140,-1,196,140,143,-1,151,153,148,-1,148,153,156,-1,148,156,146,-1,145,146,196,-1,196,146,156,-1,196,156,194,-1,194,156,159,-1,194,159,192,-1,192,159,162,-1,192,162,190,-1,190,162,165,-1,175,176,173,-1,173,176,179,-1,173,179,171,-1,171,179,181,-1,171,181,169,-1,169,181,183,-1,169,183,167,-1,167,183,185,-1,167,185,165,-1,165,185,188,-1,165,188,190,-1,198,199,200,-1,200,199,201,-1,202,203,204,-1,204,203,198,-1,204,198,200,-1,205,203,206,-1,206,203,202,-1,207,208,209,-1,209,208,205,-1,209,205,206,-1,210,208,211,-1,211,208,207,-1,212,213,214,-1,214,213,210,-1,214,210,211,-1,215,213,216,-1,216,213,212,-1,217,218,219,-1,219,218,215,-1,219,215,216,-1,220,218,221,-1,221,218,217,-1,222,223,224,-1,224,223,220,-1,224,220,221,-1,225,223,226,-1,226,223,222,-1,201,199,227,-1,227,199,225,-1,227,225,226,-1,225,199,198,-1,198,203,225,-1,225,203,205,-1,225,205,223,-1,218,220,215,-1,215,220,223,-1,215,223,213,-1,213,223,205,-1,213,205,210,-1,210,205,208,-1,228,229,230,-1,230,229,231,-1,230,231,232,-1,232,231,233,-1,232,233,234,-1,234,233,235,-1,234,235,236,-1,236,235,237,-1,236,237,238,-1,238,237,239,-1,238,239,240,-1,240,239,241,-1,240,241,242,-1,242,241,243,-1,242,243,244,-1,244,243,245,-1,244,245,246,-1,246,245,247,-1,246,247,248,-1,248,247,249,-1,248,249,250,-1,250,249,251,-1,250,251,252,-1,252,251,253,-1,252,253,254,-1,254,253,255,-1,254,255,256,-1,256,255,257,-1,256,257,258,-1,258,257,259,-1,258,259,260,-1,260,259,261,-1,260,261,262,-1,262,261,228,-1,262,228,230,-1,236,238,263,-1,263,238,264,-1,236,263,265,-1,236,265,234,-1,234,265,266,-1,234,266,232,-1,232,266,267,-1,232,267,230,-1,230,267,268,-1,230,268,262,-1,262,268,269,-1,262,269,260,-1,260,269,270,-1,260,270,258,-1,258,270,271,-1,258,271,256,-1,256,271,272,-1,256,272,254,-1,254,272,273,-1,254,273,252,-1,252,273,274,-1,252,274,250,-1,250,274,275,-1,250,275,248,-1,248,275,276,-1,248,276,246,-1,246,276,277,-1,246,277,244,-1,244,277,278,-1,244,278,242,-1,240,242,279,-1,279,242,278,-1,238,240,264,-1,264,240,279,-1,243,241,280,-1,280,241,281,-1,241,239,281,-1,281,239,282,-1,239,237,282,-1,282,237,283,-1,229,284,285,-1,229,285,231,-1,231,285,286,-1,231,286,233,-1,233,286,287,-1,233,287,235,-1,235,287,283,-1,235,283,237,-1,257,288,289,-1,257,289,259,-1,259,289,290,-1,259,290,261,-1,261,290,291,-1,261,291,228,-1,228,291,284,-1,228,284,229,-1,249,292,293,-1,249,293,251,-1,251,293,294,-1,251,294,253,-1,253,294,295,-1,253,295,255,-1,255,295,288,-1,255,288,257,-1,243,280,296,-1,243,296,245,-1,245,296,297,-1,245,297,247,-1,247,297,292,-1,247,292,249,-1,
        ]
    }
}
Shape{
    appearance Appearance {
        material  Material 	{
            diffuseColor 0.7529411764705882 0.7529411764705882 0.7529411764705882
            specularColor 0.3764705882352941 0.3764705882352941 0.3764705882352941
            ambientIntensity 0.7529
            transparency 0.0
            shininess 0.5
        }
    }
    geometry IndexedFaceSet {
        ccw TRUE
        solid FALSE
        coord DEF co Coordinate {
            point [
                -0.4587 -1.448 0.9055, -0.4587 -1.5509 0.9055, -0.4386 -1.448 0.9055, -0.4394 -1.5509 0.9055, -0.4224 -1.5491 0.9055, -0.411 -1.545 0.9055, -0.4021 -1.5392 0.9055, -0.3997 -1.537 0.9055, -0.393 -1.5287 0.9055, -0.3884 -1.5188 0.9055, -0.3859 -1.5066 0.9055, -0.3854 -1.4982 0.9055, -0.3871 -1.4828 0.9055, -0.3907 -1.4727 0.9055, -0.3957 -1.465 0.9055, -0.4001 -1.4606 0.9055, -0.4214 -1.4499 0.9055, -0.4098 -1.4541 0.9055
            ]
        }
        coordIndex [
            0,1,2,-1,2,1,3,-1,2,3,4,-1,4,5,2,-1,2,5,6,-1,2,6,7,-1,7,8,2,-1,2,8,9,-1,2,9,10,-1,10,11,2,-1,2,11,12,-1,2,12,13,-1,13,14,2,-1,2,14,15,-1,2,15,16,-1,16,15,17,-1,
        ]
    }
}
Shape{
    appearance Appearance {
        material  Material 	{
            diffuseColor 0.0 0.0 0.0
            specularColor 0.0 0.0 0.0
            ambientIntensity 0.0
            transparency 0.0
            shininess 0.5
        }
    }
    geometry IndexedFaceSet {
        ccw TRUE
        solid FALSE
        coord DEF co Coordinate {
            point [
                -0.3226 -1.5145 0.9094, -0.328 -1.5296 0.9094, -0.2778 -1.5145 0.9094, -0.2725 -1.5296 0.9094, -0.3026 -1.4591 0.9094, -0.3091 -1.4327 0.9094, -0.3599 -1.5661 0.9094, -0.3409 -1.5661 0.9094, -0.3015 -1.4551 0.9094, -0.3004 -1.4497 0.9094, -0.2907 -1.4327 0.9094, -0.3 -1.4497 0.9094, -0.299 -1.4554 0.9094, -0.298 -1.4591 0.9094, -0.2398 -1.5661 0.9094, -0.2589 -1.5661 0.9094, -0.2907 -1.4327 0.9055, -0.2398 -1.5661 0.9055, -0.3091 -1.4327 0.9055, -0.3599 -1.5661 0.9055, -0.3409 -1.5661 0.9055, -0.328 -1.5296 0.9055, -0.2725 -1.5296 0.9055, -0.2589 -1.5661 0.9055, -0.3226 -1.5145 0.9055, -0.2778 -1.5145 0.9055, -0.298 -1.4591 0.9055, -0.3 -1.4497 0.9055, -0.299 -1.4554 0.9055, -0.3004 -1.4497 0.9055, -0.3026 -1.4591 0.9055, -0.3015 -1.4551 0.9055
            ]
        }
        coordIndex [
            0,1,2,-1,2,1,3,-1,4,5,0,-1,0,5,6,-1,0,6,1,-1,1,6,7,-1,4,8,5,-1,5,8,9,-1,5,9,10,-1,10,9,11,-1,10,11,12,-1,12,13,10,-1,10,13,2,-1,10,2,14,-1,14,2,3,-1,14,3,15,-1,10,14,16,-1,16,14,17,-1,5,10,18,-1,18,10,16,-1,6,5,19,-1,19,5,18,-1,7,6,20,-1,20,6,19,-1,1,7,21,-1,21,7,20,-1,3,1,22,-1,22,1,21,-1,15,3,23,-1,23,3,22,-1,14,15,17,-1,17,15,23,-1,0,2,24,-1,24,2,25,-1,2,13,25,-1,25,13,26,-1,11,27,28,-1,11,28,12,-1,12,28,26,-1,12,26,13,-1,11,9,27,-1,27,9,29,-1,4,30,31,-1,4,31,8,-1,8,31,29,-1,8,29,9,-1,4,0,30,-1,30,0,24,-1,
        ]
    }
}
Shape{
    appearance Appearance {
        material  Material 	{
            diffuseColor 0.7529411764705882 0.7529411764705882 0.7529411764705882
            specularColor 0.3764705882352941 0.3764705882352941 0.3764705882352941
            ambientIntensity 0.7529
            transparency 0.0
            shininess 0.5
        }
    }
    geometry IndexedFaceSet {
        ccw TRUE
        solid FALSE
        coord DEF co Coordinate {
            point [
                -0.3 -1.4497 0.9055, -0.3004 -1.4497 0.9055, -0.299 -1.4554 0.9055, -0.3015 -1.4551 0.9055, -0.298 -1.4591 0.9055, -0.3026 -1.4591 0.9055, -0.2778 -1.5145 0.9055, -0.3226 -1.5145 0.9055
            ]
        }
        coordIndex [
            0,1,2,-1,2,1,3,-1,2,3,4,-1,4,3,5,-1,4,5,6,-1,6,5,7,-1,
        ]
    }
}
Shape{
    appearance Appearance {
        material  Material 	{
            diffuseColor 0.0 0.0 0.0
            specularColor 0.0 0.0 0.0
            ambientIntensity 0.0
            transparency 0.0
            shininess 0.5
        }
    }
    geometry IndexedFaceSet {
        ccw TRUE
        solid FALSE
        coord DEF co Coordinate {
            point [
                -1.5319 -1.585 0.9094, -1.5178 -1.6024 0.9094, -1.5404 -1.5011 0.9094, -1.2235 -1.4546 0.9094, -1.253 -1.4043 0.9094, -1.3801 -1.4707 0.9094, -1.4522 -1.4983 0.9094, -1.4446 -1.4991 0.9094, -1.3564 -1.5248 0.9094, -1.4357 -1.5021 0.9094, -1.4281 -1.5072 0.9094, -1.4155 -1.5306 0.9094, -1.3564 -1.5343 0.9094, -1.4155 -1.5398 0.9094, -1.4767 -1.563 0.9094, -1.4691 -1.5681 0.9094, -1.4993 -1.6164 0.9094, -1.4603 -1.5714 0.9094, -1.4397 -1.4392 0.9094, -1.4513 -1.4385 0.9094, -1.4684 -1.502 0.9094, -1.5611 -1.4884 0.9094, -1.5585 -1.5592 0.9094, -1.5414 -1.5647 0.9094, -1.4219 -1.514 0.9094, -1.4177 -1.5218 0.9094, -1.4168 -1.4449 0.9094, -1.4739 -1.4413 0.9094, -1.4948 -1.4493 0.9094, -1.476 -1.5069 0.9094, -1.5142 -1.4627 0.9094, -1.4822 -1.5137 0.9094, -1.5299 -1.4806 0.9094, -1.4867 -1.5219 0.9094, -1.489 -1.531 0.9094, -1.1922 -1.3607 0.9094, -1.1846 -1.3607 0.9094, -1.1457 -1.3094 0.9094, -1.1666 -1.3629 0.9094, -1.1394 -1.3116 0.9094, -1.1501 -1.3693 0.9094, -1.1114 -1.326 0.9094, -1.0859 -1.3481 0.9094, -1.4592 -1.3294 0.9094, -1.4522 -1.3332 0.9094, -1.4816 -1.2639 0.9094, -1.4391 -1.3053 0.9094, -1.4622 -1.2412 0.9094, -1.4183 -1.2795 0.9094, -1.4399 -1.2221 0.9094, -1.3921 -1.2598 0.9094, -1.4168 -1.2079 0.9094, -1.2334 -1.566 0.9094, -1.2292 -1.5666 0.9094, -1.2216 -1.5087 0.9094, -1.3731 -1.191 0.9094, -1.3612 -1.2469 0.9094, -1.326 -1.1851 0.9094, -1.197 -1.2345 0.9094, -1.2291 -1.283 0.9094, -1.1659 -1.2703 0.9094, -1.209 -1.3098 0.9094, -1.196 -1.3411 0.9094, -1.5781 -1.4709 0.9094, -1.6173 -1.5191 0.9094, -1.5921 -1.5413 0.9094, -1.5946 -1.3909 0.9094, -1.6567 -1.4038 0.9094, -1.5974 -1.4138 0.9094, -1.6571 -1.4157 0.9094, -1.5963 -1.4283 0.9094, -1.6537 -1.4482 0.9094, -1.5895 -1.4515 0.9094, -1.6412 -1.4837 0.9094, -1.6214 -1.5144 0.9094, -1.4828 -1.5561 0.9094, -1.4869 -1.5483 0.9094, -1.489 -1.5396 0.9094, -1.46 -1.4991 0.9094, -1.3966 -1.4557 0.9094, -1.1354 -1.3795 0.9094, -1.1243 -1.3919 0.9094, -1.0669 -1.3753 0.9094, -1.1155 -1.4083 0.9094, -1.0557 -1.4044 0.9094, -1.1111 -1.4265 0.9094, -1.0518 -1.4337 0.9094, -1.1106 -1.4347 0.9094, -1.1789 -1.5087 0.9094, -1.1733 -1.5666 0.9094, -1.162 -1.5055 0.9094, -1.1436 -1.5605 0.9094, -1.1453 -1.4977 0.9094, -1.1144 -1.5468 0.9094, -1.1312 -1.4863 0.9094, -1.0896 -1.5267 0.9094, -1.1299 -1.4848 0.9094, -1.0869 -1.5239 0.9094, -1.1194 -1.47 0.9094, -1.0691 -1.4995 0.9094, -1.1129 -1.4531 0.9094, -1.0567 -1.4697 0.9094, -1.0519 -1.4386 0.9094, -1.4805 -1.3216 0.9094, -1.4925 -1.2626 0.9094, -1.5025 -1.3189 0.9094, -1.5034 -1.262 0.9094, -1.5122 -1.3194 0.9094, -1.5361 -1.2655 0.9094, -1.5356 -1.3249 0.9094, -1.5715 -1.278 0.9094, -1.5568 -1.3361 0.9094, -1.6035 -1.2991 0.9094, -1.5733 -1.3508 0.9094, -1.6126 -1.3075 0.9094, -1.5864 -1.3697 0.9094, -1.6329 -1.3329 0.9094, -1.6491 -1.3664 0.9094, -1.2566 -1.5344 0.9094, -1.2568 -1.5372 0.9094, -1.2264 -1.5078 0.9094, -1.3296 -1.2421 0.9094, -1.3251 -1.2421 0.9094, -1.2869 -1.1893 0.9094, -1.2951 -1.2455 0.9094, -1.2393 -1.206 0.9094, -1.2652 -1.2564 0.9094, -1.2382 -1.2744 0.9094, -1.4774 -1.6256 0.9094, -1.455 -1.6291 0.9094, -1.4522 -1.5723 0.9094, -1.4513 -1.6292 0.9094, -1.4444 -1.5714 0.9094, -1.4283 -1.6264 0.9094, -1.436 -1.5685 0.9094, -1.4072 -1.6183 0.9094, -1.4286 -1.5637 0.9094, -1.3883 -1.6051 0.9094, -1.4223 -1.557 0.9094, -1.3736 -1.5886 0.9094, -1.4178 -1.5489 0.9094, -1.3624 -1.5674 0.9094, -1.3569 -1.544 0.9094, -1.2495 -1.5563 0.9094, -1.2461 -1.5597 0.9094, -1.2559 -1.5439 0.9094, -1.2535 -1.5503 0.9094, -1.2236 -1.5084 0.9094, -1.2398 -1.5638 0.9094, -1.2273 -1.5077 0.9094, -1.2342 -1.5086 0.9094, -1.2407 -1.511 0.9094, -1.2466 -1.515 0.9094, -1.2515 -1.5205 0.9094, -1.255 -1.5271 0.9094, -1.0807 -1.3555 0.9055, -1.0669 -1.3753 0.9055, -1.0595 -1.3947 0.9055, -1.0557 -1.4044 0.9055, -1.0518 -1.4337 0.9055, -1.0859 -1.3481 0.9055, -1.1114 -1.326 0.9055, -1.1394 -1.3116 0.9055, -1.1457 -1.3094 0.9055, -1.1659 -1.2703 0.9055, -1.197 -1.2345 0.9055, -1.2188 -1.2198 0.9055, -1.2393 -1.206 0.9055, -1.2869 -1.1893 0.9055, -1.326 -1.1851 0.9055, -1.3731 -1.191 0.9055, -1.4168 -1.2079 0.9055, -1.4361 -1.2198 0.9055, -1.4399 -1.2221 0.9055, -1.4622 -1.2412 0.9055, -1.4816 -1.2639 0.9055, -1.4925 -1.2626 0.9055, -1.5034 -1.262 0.9055, -1.5361 -1.2655 0.9055, -1.5715 -1.278 0.9055, -1.6035 -1.2991 0.9055, -1.6126 -1.3075 0.9055, -1.6329 -1.3329 0.9055, -1.6438 -1.3555 0.9055, -1.6491 -1.3664 0.9055, -1.6548 -1.3947 0.9055, -1.6567 -1.4038 0.9055, -1.6571 -1.4157 0.9055, -1.6537 -1.4482 0.9055, -1.6412 -1.4837 0.9055, -1.6214 -1.5144 0.9055, -1.6173 -1.5191 0.9055, -1.5921 -1.5413 0.9055, -1.5585 -1.5592 0.9055, -1.5414 -1.5647 0.9055, -1.5402 -1.5672 0.9055, -1.5319 -1.585 0.9055, -1.5178 -1.6024 0.9055, -1.4993 -1.6164 0.9055, -1.4905 -1.6201 0.9055, -1.4774 -1.6256 0.9055, -1.455 -1.6291 0.9055, -1.4513 -1.6292 0.9055, -1.3564 -1.5343 0.9055, -1.4283 -1.6264 0.9055, -1.412 -1.6201 0.9055, -1.4072 -1.6183 0.9055, -1.3883 -1.6051 0.9055, -1.3736 -1.5886 0.9055, -1.3624 -1.5674 0.9055, -1.3623 -1.5672 0.9055, -1.3569 -1.544 0.9055, -1.3564 -1.5248 0.9055, -1.2235 -1.4546 0.9055, -1.253 -1.4043 0.9055, -1.3801 -1.4707 0.9055, -1.3966 -1.4557 0.9055, -1.4168 -1.4449 0.9055, -1.4397 -1.4392 0.9055, -1.4513 -1.4385 0.9055, -1.4739 -1.4413 0.9055, -1.4948 -1.4493 0.9055, -1.5142 -1.4627 0.9055, -1.5299 -1.4806 0.9055, -1.5404 -1.5011 0.9055, -1.5611 -1.4884 0.9055, -1.5781 -1.4709 0.9055, -1.5895 -1.4515 0.9055, -1.5963 -1.4283 0.9055, -1.5974 -1.4138 0.9055, -1.595 -1.3947 0.9055, -1.5946 -1.3909 0.9055, -1.5864 -1.3697 0.9055, -1.5766 -1.3555 0.9055, -1.5733 -1.3508 0.9055, -1.5568 -1.3361 0.9055, -1.5356 -1.3249 0.9055, -1.5122 -1.3194 0.9055, -1.5025 -1.3189 0.9055, -1.4805 -1.3216 0.9055, -1.4592 -1.3294 0.9055, -1.4522 -1.3332 0.9055, -1.4391 -1.3053 0.9055, -1.4183 -1.2795 0.9055, -1.3921 -1.2598 0.9055, -1.3612 -1.2469 0.9055, -1.3296 -1.2421 0.9055, -1.3251 -1.2421 0.9055, -1.2951 -1.2455 0.9055, -1.2652 -1.2564 0.9055, -1.2382 -1.2744 0.9055, -1.2291 -1.283 0.9055, -1.209 -1.3098 0.9055, -1.196 -1.3411 0.9055, -1.1932 -1.3555 0.9055, -1.1922 -1.3607 0.9055, -1.1846 -1.3607 0.9055, -1.1666 -1.3629 0.9055, -1.1501 -1.3693 0.9055, -1.1354 -1.3795 0.9055, -1.1243 -1.3919 0.9055, -1.1228 -1.3947 0.9055, -1.1155 -1.4083 0.9055, -1.1111 -1.4265 0.9055, -1.1106 -1.4347 0.9055, -1.1129 -1.4531 0.9055, -1.1194 -1.47 0.9055, -1.1299 -1.4848 0.9055, -1.1312 -1.4863 0.9055, -1.1453 -1.4977 0.9055, -1.162 -1.5055 0.9055, -1.1789 -1.5087 0.9055, -1.2216 -1.5087 0.9055, -1.2236 -1.5084 0.9055, -1.2264 -1.5078 0.9055, -1.2273 -1.5077 0.9055, -1.2342 -1.5086 0.9055, -1.2407 -1.511 0.9055, -1.2466 -1.515 0.9055, -1.2515 -1.5205 0.9055, -1.255 -1.5271 0.9055, -1.2566 -1.5344 0.9055, -1.2568 -1.5372 0.9055, -1.2559 -1.5439 0.9055, -1.2535 -1.5503 0.9055, -1.2495 -1.5563 0.9055, -1.2461 -1.5597 0.9055, -1.2398 -1.5638 0.9055, -1.2334 -1.566 0.9055, -1.2292 -1.5666 0.9055, -1.1733 -1.5666 0.9055, -1.1436 -1.5605 0.9055, -1.1144 -1.5468 0.9055, -1.0896 -1.5267 0.9055, -1.0869 -1.5239 0.9055, -1.0691 -1.4995 0.9055, -1.0567 -1.4697 0.9055, -1.0519 -1.4386 0.9055, -1.4522 -1.4983 0.9055, -1.4446 -1.4991 0.9055, -1.4357 -1.5021 0.9055, -1.4281 -1.5072 0.9055, -1.4219 -1.514 0.9055, -1.4177 -1.5218 0.9055, -1.4155 -1.5306 0.9055, -1.4155 -1.5398 0.9055, -1.4178 -1.5489 0.9055, -1.4223 -1.557 0.9055, -1.4286 -1.5637 0.9055, -1.436 -1.5685 0.9055, -1.4444 -1.5714 0.9055, -1.4522 -1.5723 0.9055, -1.4603 -1.5714 0.9055, -1.4691 -1.5681 0.9055, -1.4767 -1.563 0.9055, -1.4828 -1.5561 0.9055, -1.4869 -1.5483 0.9055, -1.489 -1.5396 0.9055, -1.489 -1.531 0.9055, -1.4867 -1.5219 0.9055, -1.4822 -1.5137 0.9055, -1.476 -1.5069 0.9055, -1.4684 -1.502 0.9055, -1.46 -1.4991 0.9055
            ]
        }
        coordIndex [
            0,1,2,-1,3,4,5,-1,6,7,3,-1,3,7,8,-1,8,7,9,-1,8,9,10,-1,8,11,12,-1,12,11,13,-1,14,1,15,-1,15,1,16,-1,15,16,17,-1,18,19,20,-1,21,22,2,-1,2,22,23,-1,2,23,0,-1,10,24,8,-1,8,24,25,-1,8,25,11,-1,18,20,26,-1,19,27,20,-1,20,27,28,-1,20,28,29,-1,29,28,30,-1,29,30,31,-1,31,30,32,-1,31,32,33,-1,33,32,2,-1,33,2,34,-1,35,36,37,-1,37,36,38,-1,37,38,39,-1,39,38,40,-1,39,40,41,-1,41,40,42,-1,43,44,45,-1,45,44,46,-1,45,46,47,-1,47,46,48,-1,47,48,49,-1,49,48,50,-1,49,50,51,-1,52,53,54,-1,51,50,55,-1,55,50,56,-1,55,56,57,-1,58,59,60,-1,60,59,61,-1,60,61,37,-1,37,61,62,-1,37,62,35,-1,63,64,21,-1,21,64,65,-1,21,65,22,-1,66,67,68,-1,68,67,69,-1,68,69,70,-1,70,69,71,-1,70,71,72,-1,72,71,73,-1,72,73,63,-1,63,73,74,-1,63,74,64,-1,14,75,1,-1,1,75,76,-1,1,76,2,-1,2,76,77,-1,2,77,34,-1,6,3,78,-1,78,3,5,-1,78,5,20,-1,20,5,79,-1,20,79,26,-1,40,80,42,-1,42,80,81,-1,42,81,82,-1,82,81,83,-1,82,83,84,-1,84,83,85,-1,84,85,86,-1,86,85,87,-1,54,53,88,-1,88,53,89,-1,88,89,90,-1,90,89,91,-1,90,91,92,-1,92,91,93,-1,92,93,94,-1,94,93,95,-1,94,95,96,-1,96,95,97,-1,96,97,98,-1,98,97,99,-1,98,99,100,-1,100,99,101,-1,100,101,87,-1,87,101,102,-1,87,102,86,-1,43,45,103,-1,103,45,104,-1,103,104,105,-1,105,104,106,-1,105,106,107,-1,107,106,108,-1,107,108,109,-1,109,108,110,-1,109,110,111,-1,111,110,112,-1,111,112,113,-1,113,112,114,-1,113,114,115,-1,115,114,116,-1,115,116,66,-1,66,116,117,-1,66,117,67,-1,118,119,120,-1,56,121,57,-1,57,121,122,-1,57,122,123,-1,123,122,124,-1,123,124,125,-1,125,124,126,-1,125,126,58,-1,58,126,127,-1,58,127,59,-1,16,128,17,-1,17,128,129,-1,17,129,130,-1,130,129,131,-1,130,131,132,-1,132,131,133,-1,132,133,134,-1,134,133,135,-1,134,135,136,-1,136,135,137,-1,136,137,138,-1,138,137,139,-1,138,139,140,-1,140,139,141,-1,140,141,13,-1,13,141,142,-1,13,142,12,-1,120,143,144,-1,119,145,120,-1,120,145,146,-1,120,146,143,-1,54,147,52,-1,52,147,120,-1,52,120,148,-1,148,120,144,-1,120,149,118,-1,118,149,150,-1,118,150,151,-1,151,152,118,-1,118,152,153,-1,118,153,154,-1,155,42,156,-1,156,42,82,-1,156,82,157,-1,157,82,84,-1,157,84,158,-1,158,84,86,-1,158,86,159,-1,155,160,42,-1,42,160,161,-1,42,161,41,-1,41,161,162,-1,41,162,39,-1,39,162,163,-1,39,163,37,-1,37,163,164,-1,37,164,60,-1,60,164,165,-1,60,165,58,-1,125,58,166,-1,166,58,165,-1,166,167,125,-1,125,167,168,-1,125,168,123,-1,123,168,169,-1,123,169,57,-1,57,169,170,-1,57,170,55,-1,55,170,171,-1,55,171,51,-1,51,171,49,-1,49,171,172,-1,49,172,173,-1,49,173,174,-1,49,174,47,-1,47,174,175,-1,47,175,45,-1,45,175,176,-1,45,176,104,-1,104,176,177,-1,104,177,106,-1,106,177,178,-1,106,178,108,-1,108,178,179,-1,108,179,110,-1,110,179,180,-1,110,180,112,-1,112,180,181,-1,112,181,114,-1,117,116,182,-1,182,116,114,-1,182,114,181,-1,182,183,117,-1,117,183,184,-1,117,184,67,-1,67,184,185,-1,185,186,67,-1,67,186,187,-1,67,187,69,-1,69,187,188,-1,69,188,71,-1,71,188,189,-1,71,189,73,-1,73,189,190,-1,73,190,74,-1,74,190,191,-1,74,191,64,-1,64,191,192,-1,64,192,65,-1,65,192,193,-1,65,193,22,-1,22,193,194,-1,22,194,23,-1,23,194,195,-1,23,195,0,-1,195,196,0,-1,0,196,197,-1,0,197,1,-1,1,197,198,-1,1,198,16,-1,16,198,199,-1,16,199,128,-1,199,200,128,-1,128,200,201,-1,128,201,129,-1,129,201,202,-1,129,202,131,-1,203,12,142,-1,131,202,204,-1,205,135,204,-1,204,135,133,-1,204,133,131,-1,205,206,135,-1,135,206,207,-1,135,207,137,-1,137,207,208,-1,137,208,139,-1,139,208,209,-1,139,209,141,-1,141,209,210,-1,141,210,142,-1,142,210,211,-1,142,211,203,-1,8,12,212,-1,212,12,203,-1,3,8,213,-1,213,8,212,-1,4,3,214,-1,214,3,213,-1,5,4,215,-1,215,4,214,-1,5,215,216,-1,5,216,79,-1,79,216,217,-1,79,217,26,-1,26,217,218,-1,26,218,18,-1,18,218,219,-1,18,219,19,-1,19,219,220,-1,19,220,27,-1,27,220,221,-1,27,221,28,-1,28,221,222,-1,28,222,30,-1,30,222,223,-1,30,223,32,-1,32,223,224,-1,32,224,2,-1,2,224,225,-1,2,225,21,-1,21,225,226,-1,21,226,63,-1,63,226,227,-1,63,227,72,-1,72,227,228,-1,72,228,70,-1,70,228,229,-1,70,229,68,-1,66,68,229,-1,229,230,66,-1,66,230,231,-1,66,231,232,-1,233,113,232,-1,232,113,115,-1,232,115,66,-1,233,234,113,-1,113,234,235,-1,113,235,111,-1,111,235,236,-1,111,236,109,-1,109,236,237,-1,109,237,107,-1,107,237,238,-1,107,238,105,-1,105,238,239,-1,105,239,103,-1,103,239,240,-1,103,240,43,-1,43,240,241,-1,43,241,44,-1,44,241,242,-1,44,242,46,-1,46,242,243,-1,46,243,48,-1,48,243,244,-1,48,244,50,-1,50,244,245,-1,50,245,56,-1,56,245,246,-1,56,246,121,-1,121,246,247,-1,121,247,122,-1,122,247,248,-1,122,248,124,-1,124,248,249,-1,124,249,126,-1,126,249,250,-1,126,250,127,-1,127,250,251,-1,127,251,59,-1,59,251,252,-1,59,252,61,-1,61,252,253,-1,61,253,62,-1,62,253,35,-1,35,253,254,-1,35,254,255,-1,36,35,256,-1,256,35,255,-1,36,256,257,-1,36,257,38,-1,38,257,258,-1,38,258,40,-1,40,258,259,-1,40,259,80,-1,80,259,260,-1,80,260,81,-1,81,260,261,-1,81,261,83,-1,261,262,83,-1,83,262,263,-1,83,263,85,-1,85,263,264,-1,85,264,87,-1,87,264,265,-1,87,265,100,-1,100,265,266,-1,100,266,98,-1,98,266,267,-1,98,267,96,-1,96,267,268,-1,96,268,94,-1,94,268,269,-1,94,269,92,-1,92,269,270,-1,92,270,90,-1,90,270,271,-1,90,271,88,-1,54,88,272,-1,272,88,271,-1,54,272,273,-1,54,273,147,-1,147,273,274,-1,147,274,120,-1,120,274,275,-1,120,275,149,-1,149,275,276,-1,149,276,150,-1,150,276,277,-1,150,277,151,-1,151,277,278,-1,151,278,152,-1,152,278,279,-1,152,279,153,-1,153,279,280,-1,153,280,154,-1,154,280,281,-1,154,281,118,-1,118,281,282,-1,118,282,119,-1,119,282,283,-1,119,283,145,-1,145,283,284,-1,145,284,146,-1,146,284,285,-1,146,285,143,-1,143,285,286,-1,143,286,144,-1,144,286,287,-1,144,287,148,-1,148,287,288,-1,148,288,52,-1,52,288,289,-1,52,289,53,-1,89,53,290,-1,290,53,289,-1,89,290,291,-1,89,291,91,-1,91,291,292,-1,91,292,93,-1,93,292,293,-1,93,293,95,-1,95,293,294,-1,95,294,97,-1,97,294,295,-1,97,295,99,-1,99,295,296,-1,99,296,101,-1,101,296,297,-1,101,297,102,-1,102,297,159,-1,102,159,86,-1,6,298,299,-1,6,299,7,-1,7,299,300,-1,7,300,9,-1,9,300,301,-1,9,301,10,-1,10,301,302,-1,10,302,24,-1,24,302,303,-1,24,303,25,-1,25,303,304,-1,25,304,11,-1,11,304,305,-1,11,305,13,-1,13,305,306,-1,13,306,140,-1,140,306,307,-1,140,307,138,-1,138,307,308,-1,138,308,136,-1,136,308,309,-1,136,309,134,-1,134,309,310,-1,134,310,132,-1,132,310,311,-1,132,311,130,-1,130,311,312,-1,130,312,17,-1,17,312,313,-1,17,313,15,-1,15,313,314,-1,15,314,14,-1,14,314,315,-1,14,315,75,-1,75,315,316,-1,75,316,76,-1,76,316,317,-1,76,317,77,-1,77,317,318,-1,77,318,34,-1,34,318,319,-1,34,319,33,-1,33,319,320,-1,33,320,31,-1,31,320,321,-1,31,321,29,-1,29,321,322,-1,29,322,20,-1,20,322,323,-1,20,323,78,-1,78,323,298,-1,78,298,6,-1,
        ]
    }
}
Shape{
    appearance Appearance {
        material  Material 	{
            diffuseColor 0.7529411764705882 0.7529411764705882 0.7529411764705882
            specularColor 0.3764705882352941 0.3764705882352941 0.3764705882352941
            ambientIntensity 0.7529
            transparency 0.0
            shininess 0.5
        }
    }
    geometry IndexedFaceSet {
        ccw TRUE
        solid FALSE
        coord DEF co Coordinate {
            point [
                -1.46 -1.4991 0.9055, -1.4522 -1.5723 0.9055, -1.4522 -1.4983 0.9055, -1.4444 -1.5714 0.9055, -1.4446 -1.4991 0.9055, -1.4822 -1.5137 0.9055, -1.4867 -1.5219 0.9055, -1.489 -1.531 0.9055, -1.4869 -1.5483 0.9055, -1.4828 -1.5561 0.9055, -1.4767 -1.563 0.9055, -1.4177 -1.5218 0.9055, -1.4219 -1.514 0.9055, -1.4286 -1.5637 0.9055, -1.4281 -1.5072 0.9055, -1.489 -1.5396 0.9055, -1.4684 -1.502 0.9055, -1.476 -1.5069 0.9055, -1.4691 -1.5681 0.9055, -1.4603 -1.5714 0.9055, -1.4178 -1.5489 0.9055, -1.4155 -1.5398 0.9055, -1.4155 -1.5306 0.9055, -1.436 -1.5685 0.9055, -1.4357 -1.5021 0.9055, -1.4223 -1.557 0.9055
            ]
        }
        coordIndex [
            0,1,2,-1,2,1,3,-1,2,3,4,-1,5,6,7,-1,8,9,0,-1,0,9,10,-1,11,12,13,-1,13,12,14,-1,8,0,15,-1,15,0,16,-1,15,16,7,-1,7,16,17,-1,7,17,5,-1,10,18,0,-1,0,18,19,-1,0,19,1,-1,20,21,22,-1,3,23,4,-1,4,23,13,-1,4,13,24,-1,24,13,14,-1,11,13,22,-1,22,13,25,-1,22,25,20,-1,
        ]
    }
}