ISO-10303-21;
HEADER;
/* Generated by software containing ST-Developer
 * from STEP Tools, Inc. (www.steptools.com) 
 */
/* OPTION: strings as raw bytes, not using required /X/ escapes */

FILE_DESCRIPTION(
/* description */ ('Unknown',
'CAx-IF Rec.Pracs.---Representation and Presentation of Product Manufa
cturing Information (PMI)---4.0---2014-10-13',
'CAx-IF Rec.Pracs.---3D Tessellated Geometry---0.4---2014-09-14','2;1'),

/* implementation_level */ '2;1');

FILE_NAME(
/* name */ 'RCMP20HT-01',
/* time_stamp */ '2025-06-26T14:35:57+02:00',
/* author */ ('Unknown'),
/* organization */ ('Unknown'),
/* preprocessor_version */ 'ST-DEVELOPER v18.102',
/* originating_system */ 'Solid Edge',
/* authorisation */ 'Unknown');

FILE_SCHEMA (('AP242_MANAGED_MODEL_BASED_3D_ENGINEERING_MIM_LF { 1 0 10303 442 1 1 4 }'));
ENDSEC;

DATA;
#10=CONSTRUCTIVE_GEOMETRY_REPRESENTATION_RELATIONSHIP(
'supplemental geometry','',#8703,#11);
#11=CONSTRUCTIVE_GEOMETRY_REPRESENTATION('supplemental geometry',(#9305),
#13279);
#12=SHAPE_REPRESENTATION_RELATIONSHIP('','',#8703,#13);
#13=ADVANCED_BREP_SHAPE_REPRESENTATION('',(#8701),#13279);
#14=DRAUGHTING_PRE_DEFINED_COLOUR('white');
#15=TOROIDAL_SURFACE('',#9032,1.18799999999999,0.997919999999982);
#16=TOROIDAL_SURFACE('',#9037,16.8030107608863,0.997919999999982);
#17=TOROIDAL_SURFACE('',#9039,1.52208000000001,0.997919999999982);
#18=TOROIDAL_SURFACE('',#9042,1.95791999999997,0.997919999999982);
#19=TOROIDAL_SURFACE('',#9048,1.18799999999999,0.997919999999982);
#20=TOROIDAL_SURFACE('',#9055,1.52208000000001,0.997919999999982);
#21=TOROIDAL_SURFACE('',#9058,1.95791999999997,0.997919999999982);
#22=TOROIDAL_SURFACE('',#9121,0.729000000000001,0.189000000000001);
#23=TOROIDAL_SURFACE('',#9197,0.85,0.65);
#24=TOROIDAL_SURFACE('',#9198,0.85,0.65);
#25=TOROIDAL_SURFACE('',#9266,0.415,0.185);
#26=TOROIDAL_SURFACE('',#9270,0.735,0.185);
#27=TOROIDAL_SURFACE('',#9274,0.735,0.185);
#28=TOROIDAL_SURFACE('',#9278,0.415,0.185);
#29=TOROIDAL_SURFACE('',#9290,0.685,0.185);
#30=TOROIDAL_SURFACE('',#9292,0.915,0.185);
#31=TOROIDAL_SURFACE('',#9296,0.915,0.185);
#32=TOROIDAL_SURFACE('',#9298,0.685,0.185);
#33=TOROIDAL_SURFACE('',#9304,11.,1.);
#34=DEGENERATE_TOROIDAL_SURFACE('',#9014,0.863094413341643,0.863999999999991,
 .T.);
#35=DEGENERATE_TOROIDAL_SURFACE('',#9016,0.863094569310292,0.863999999999991,
 .T.);
#36=(
BOUNDED_SURFACE()
B_SPLINE_SURFACE(3,2,((#12463,#12464,#12465),(#12466,#12467,#12468),(#12469,
#12470,#12471),(#12472,#12473,#12474)),.UNSPECIFIED.,.F.,.F.,.F.)
B_SPLINE_SURFACE_WITH_KNOTS((4,4),(3,3),(0.0286859712914378,0.0444839263993716),
(0.,1.),.PIECEWISE_BEZIER_KNOTS.)
GEOMETRIC_REPRESENTATION_ITEM()
RATIONAL_B_SPLINE_SURFACE(((1.,0.723107548204676,1.),(1.,0.723166840537167,
1.),(1.,0.723226792002126,1.),(1.,0.723287425093912,1.)))
REPRESENTATION_ITEM('')
SURFACE()
);
#37=(
BOUNDED_SURFACE()
B_SPLINE_SURFACE(3,2,((#12481,#12482,#12483),(#12484,#12485,#12486),(#12487,
#12488,#12489),(#12490,#12491,#12492)),.UNSPECIFIED.,.F.,.F.,.F.)
B_SPLINE_SURFACE_WITH_KNOTS((4,4),(3,3),(0.0295758219515364,0.0453737770594531),
(0.,1.),.PIECEWISE_BEZIER_KNOTS.)
GEOMETRIC_REPRESENTATION_ITEM()
RATIONAL_B_SPLINE_SURFACE(((1.,0.723287425093912,1.),(1.,0.723226791995403,
1.),(1.,0.723166840527813,1.),(1.,0.723107548204676,1.)))
REPRESENTATION_ITEM('')
SURFACE()
);
#38=(
BOUNDED_SURFACE()
B_SPLINE_SURFACE(3,2,((#12532,#12533,#12534),(#12535,#12536,#12537),(#12538,
#12539,#12540),(#12541,#12542,#12543),(#12544,#12545,#12546)),
 .UNSPECIFIED.,.F.,.F.,.F.)
B_SPLINE_SURFACE_WITH_KNOTS((4,1,4),(3,3),(0.,0.00141145696638746,0.00282291393277493),
(0.,1.),.UNSPECIFIED.)
GEOMETRIC_REPRESENTATION_ITEM()
RATIONAL_B_SPLINE_SURFACE(((1.,0.711839564401622,1.),(1.,0.711783539303544,
1.),(1.,0.71071137023473,1.),(1.,0.70832517277138,1.),(1.,0.707106781186548,
1.)))
REPRESENTATION_ITEM('')
SURFACE()
);
#39=(
BOUNDED_SURFACE()
B_SPLINE_SURFACE(3,2,((#12554,#12555,#12556),(#12557,#12558,#12559),(#12560,
#12561,#12562),(#12563,#12564,#12565),(#12566,#12567,#12568)),
 .UNSPECIFIED.,.F.,.F.,.F.)
B_SPLINE_SURFACE_WITH_KNOTS((4,1,4),(3,3),(0.,0.00141145785043917,0.00282291570087835),
(0.,1.),.UNSPECIFIED.)
GEOMETRIC_REPRESENTATION_ITEM()
RATIONAL_B_SPLINE_SURFACE(((1.,0.707106781186548,1.),(1.,0.708325175258102,
1.),(1.,0.710707091100718,1.),(1.,0.711783539312138,1.),(1.,0.711839564401491,
1.)))
REPRESENTATION_ITEM('')
SURFACE()
);
#40=(
BOUNDED_SURFACE()
B_SPLINE_SURFACE(3,2,((#12578,#12579,#12580),(#12581,#12582,#12583),(#12584,
#12585,#12586),(#12587,#12588,#12589),(#12590,#12591,#12592),(#12593,#12594,
#12595),(#12596,#12597,#12598)),.UNSPECIFIED.,.F.,.F.,.F.)
B_SPLINE_SURFACE_WITH_KNOTS((4,1,1,1,4),(3,3),(1.5707963267949,1.96349540849362,
2.35619449019234,2.74889357189107,3.14159265358979),(0.,1.),
 .UNSPECIFIED.)
GEOMETRIC_REPRESENTATION_ITEM()
RATIONAL_B_SPLINE_SURFACE(((1.,1.,1.),(1.,0.999999993858965,1.),(1.,0.973464424646834,
1.),(1.,0.869029042234582,1.),(1.,0.746571829121447,1.),(1.,0.707106849954645,
1.),(1.,0.707106781186548,1.)))
REPRESENTATION_ITEM('')
SURFACE()
);
#41=(
BOUNDED_SURFACE()
B_SPLINE_SURFACE(3,2,((#12606,#12607,#12608),(#12609,#12610,#12611),(#12612,
#12613,#12614),(#12615,#12616,#12617),(#12618,#12619,#12620),(#12621,#12622,
#12623),(#12624,#12625,#12626)),.UNSPECIFIED.,.F.,.F.,.F.)
B_SPLINE_SURFACE_WITH_KNOTS((4,1,1,1,4),(3,3),(1.5707963267949,1.96349540849362,
2.35619449019234,2.74889357189107,3.14159265358979),(0.,1.),
 .UNSPECIFIED.)
GEOMETRIC_REPRESENTATION_ITEM()
RATIONAL_B_SPLINE_SURFACE(((1.,1.,1.),(1.,0.999999993858965,1.),(1.,0.973464424646838,
1.),(1.,0.869029042234574,1.),(1.,0.74657182912148,1.),(1.,0.707106849954572,
1.),(1.,0.707106781186548,1.)))
REPRESENTATION_ITEM('')
SURFACE()
);
#42=(
BOUNDED_SURFACE()
B_SPLINE_SURFACE(3,2,((#13028,#13029,#13030),(#13031,#13032,#13033),(#13034,
#13035,#13036),(#13037,#13038,#13039)),.UNSPECIFIED.,.F.,.F.,.F.)
B_SPLINE_SURFACE_WITH_KNOTS((4,4),(3,3),(0.0364890269512961,0.038518720581503),
(0.,1.),.PIECEWISE_BEZIER_KNOTS.)
GEOMETRIC_REPRESENTATION_ITEM()
RATIONAL_B_SPLINE_SURFACE(((1.,0.797069298524174,1.),(1.,0.797109854377784,
1.),(1.,0.797150465264915,1.),(1.,0.797191131410527,1.)))
REPRESENTATION_ITEM('')
SURFACE()
);
#43=(
BOUNDED_SURFACE()
B_SPLINE_SURFACE(3,2,((#13040,#13041,#13042),(#13043,#13044,#13045),(#13046,
#13047,#13048),(#13049,#13050,#13051)),.UNSPECIFIED.,.F.,.F.,.F.)
B_SPLINE_SURFACE_WITH_KNOTS((4,4),(3,3),(0.036497044172217,0.038526737802399),
(0.,1.),.PIECEWISE_BEZIER_KNOTS.)
GEOMETRIC_REPRESENTATION_ITEM()
RATIONAL_B_SPLINE_SURFACE(((1.,0.797191131410527,1.),(1.,0.797150465265027,
1.),(1.,0.797109854377484,1.),(1.,0.797069298524174,1.)))
REPRESENTATION_ITEM('')
SURFACE()
);
#44=(
BOUNDED_SURFACE()
B_SPLINE_SURFACE(3,2,((#13184,#13185,#13186),(#13187,#13188,#13189),(#13190,
#13191,#13192),(#13193,#13194,#13195)),.UNSPECIFIED.,.F.,.F.,.F.)
B_SPLINE_SURFACE_WITH_KNOTS((4,4),(3,3),(1.5707963267949,3.14159265358979),
(0.,1.),.PIECEWISE_BEZIER_KNOTS.)
GEOMETRIC_REPRESENTATION_ITEM()
RATIONAL_B_SPLINE_SURFACE(((1.,1.,1.),(1.,0.999999912356823,1.),(1.,0.923879685027199,
1.),(1.,0.923879532511287,1.)))
REPRESENTATION_ITEM('')
SURFACE()
);
#45=(
BOUNDED_SURFACE()
B_SPLINE_SURFACE(3,2,((#13199,#13200,#13201),(#13202,#13203,#13204),(#13205,
#13206,#13207),(#13208,#13209,#13210)),.UNSPECIFIED.,.F.,.F.,.F.)
B_SPLINE_SURFACE_WITH_KNOTS((4,4),(3,3),(6.28318530717959,7.85398163397448),
(0.,1.),.PIECEWISE_BEZIER_KNOTS.)
GEOMETRIC_REPRESENTATION_ITEM()
RATIONAL_B_SPLINE_SURFACE(((1.,0.923879532511285,1.),(1.,0.923879685027408,
1.),(1.,0.999999912356825,1.),(1.,1.,1.)))
REPRESENTATION_ITEM('')
SURFACE()
);
#46=(
BOUNDED_SURFACE()
B_SPLINE_SURFACE(3,2,((#13230,#13231,#13232),(#13233,#13234,#13235),(#13236,
#13237,#13238),(#13239,#13240,#13241)),.UNSPECIFIED.,.F.,.F.,.F.)
B_SPLINE_SURFACE_WITH_KNOTS((4,4),(3,3),(6.28318530717959,7.85398163397448),
(0.,1.),.PIECEWISE_BEZIER_KNOTS.)
GEOMETRIC_REPRESENTATION_ITEM()
RATIONAL_B_SPLINE_SURFACE(((1.,0.923879532511288,1.),(1.,0.923879685027205,
1.),(1.,0.999999912356825,1.),(1.,1.,1.)))
REPRESENTATION_ITEM('')
SURFACE()
);
#47=(
BOUNDED_SURFACE()
B_SPLINE_SURFACE(3,2,((#13245,#13246,#13247),(#13248,#13249,#13250),(#13251,
#13252,#13253),(#13254,#13255,#13256)),.UNSPECIFIED.,.F.,.F.,.F.)
B_SPLINE_SURFACE_WITH_KNOTS((4,4),(3,3),(1.5707963267949,3.14159265358979),
(0.,1.),.PIECEWISE_BEZIER_KNOTS.)
GEOMETRIC_REPRESENTATION_ITEM()
RATIONAL_B_SPLINE_SURFACE(((1.,1.,1.),(1.,0.999999912356825,1.),(1.,0.923879685027046,
1.),(1.,0.923879532511287,1.)))
REPRESENTATION_ITEM('')
SURFACE()
);
#48=CONICAL_SURFACE('',#8999,18.0117595959936,0.0134315347465318);
#49=CONICAL_SURFACE('',#9122,1.25,0.785398163397457);
#50=CONICAL_SURFACE('',#9123,1.85,0.785398163397457);
#51=CONICAL_SURFACE('',#9159,2.77689004823625,0.785398163397448);
#52=CONICAL_SURFACE('',#9160,2.37689004823625,0.785398163397448);
#53=B_SPLINE_CURVE_WITH_KNOTS('',3,(#11319,#11320,#11321,#11322),
 .UNSPECIFIED.,.F.,.F.,(4,4),(-0.000143171089116273,0.000616957706764175),
 .UNSPECIFIED.);
#54=B_SPLINE_CURVE_WITH_KNOTS('',3,(#11331,#11332,#11333,#11334),
 .UNSPECIFIED.,.F.,.F.,(4,4),(2.68730790267406E-5,0.000787003496790703),
 .UNSPECIFIED.);
#55=B_SPLINE_CURVE_WITH_KNOTS('',3,(#11343,#11344,#11345,#11346),
 .UNSPECIFIED.,.F.,.F.,(4,4),(0.00502769780999097,0.00542418614910876),
 .UNSPECIFIED.);
#56=B_SPLINE_CURVE_WITH_KNOTS('',3,(#11355,#11356,#11357,#11358),
 .UNSPECIFIED.,.F.,.F.,(4,4),(0.00502769780999097,0.00542418614910876),
 .UNSPECIFIED.);
#57=B_SPLINE_CURVE_WITH_KNOTS('',3,(#11759,#11760,#11761,#11762),
 .UNSPECIFIED.,.F.,.F.,(4,4),(0.,0.00129956043916548),.UNSPECIFIED.);
#58=B_SPLINE_CURVE_WITH_KNOTS('',3,(#11828,#11829,#11830,#11831),
 .UNSPECIFIED.,.F.,.F.,(4,4),(0.,0.00129956077800445),.UNSPECIFIED.);
#59=B_SPLINE_CURVE_WITH_KNOTS('',3,(#11863,#11864,#11865,#11866),
 .UNSPECIFIED.,.F.,.F.,(4,4),(0.,0.000530866406238905),.UNSPECIFIED.);
#60=B_SPLINE_CURVE_WITH_KNOTS('',3,(#11989,#11990,#11991,#11992),
 .UNSPECIFIED.,.F.,.F.,(4,4),(0.,4.67552936603245E-5),.UNSPECIFIED.);
#61=B_SPLINE_CURVE_WITH_KNOTS('',3,(#12036,#12037,#12038,#12039),
 .UNSPECIFIED.,.F.,.F.,(4,4),(0.,4.67552936603732E-5),.UNSPECIFIED.);
#62=B_SPLINE_CURVE_WITH_KNOTS('',3,(#12045,#12046,#12047,#12048,#12049),
 .UNSPECIFIED.,.F.,.F.,(4,1,4),(0.,0.000322992440529592,0.000645984881059184),
 .UNSPECIFIED.);
#63=B_SPLINE_CURVE_WITH_KNOTS('',3,(#12057,#12058,#12059,#12060,#12061),
 .UNSPECIFIED.,.F.,.F.,(4,1,4),(0.,0.000364023192264958,0.000728046384529915),
 .UNSPECIFIED.);
#64=B_SPLINE_CURVE_WITH_KNOTS('',3,(#12063,#12064,#12065,#12066),
 .UNSPECIFIED.,.F.,.F.,(4,4),(0.,1.03281223187344E-5),.UNSPECIFIED.);
#65=B_SPLINE_CURVE_WITH_KNOTS('',3,(#12113,#12114,#12115,#12116,#12117),
 .UNSPECIFIED.,.F.,.F.,(4,1,4),(0.,0.00032266185388122,0.000645323707762441),
 .UNSPECIFIED.);
#66=B_SPLINE_CURVE_WITH_KNOTS('',3,(#12125,#12126,#12127,#12128,#12129),
 .UNSPECIFIED.,.F.,.F.,(4,1,4),(0.,0.000365746520884602,0.000731493041769204),
 .UNSPECIFIED.);
#67=B_SPLINE_CURVE_WITH_KNOTS('',3,(#12133,#12134,#12135,#12136),
 .UNSPECIFIED.,.F.,.F.,(4,4),(0.,1.03281223187326E-5),.UNSPECIFIED.);
#68=B_SPLINE_CURVE_WITH_KNOTS('',3,(#12362,#12363,#12364,#12365,#12366),
 .UNSPECIFIED.,.F.,.F.,(4,1,4),(0.,0.00142629357372831,0.00285258714745663),
 .UNSPECIFIED.);
#69=B_SPLINE_CURVE_WITH_KNOTS('',3,(#12370,#12371,#12372,#12373,#12374),
 .UNSPECIFIED.,.F.,.F.,(4,1,4),(0.,0.00142630860748971,0.00285261721497941),
 .UNSPECIFIED.);
#70=B_SPLINE_CURVE_WITH_KNOTS('',3,(#12392,#12393,#12394,#12395),
 .UNSPECIFIED.,.F.,.F.,(4,4),(0.,0.00199209146730111),.UNSPECIFIED.);
#71=B_SPLINE_CURVE_WITH_KNOTS('',3,(#12396,#12397,#12398,#12399),
 .UNSPECIFIED.,.F.,.F.,(4,4),(0.,0.0157037324411531),.UNSPECIFIED.);
#72=B_SPLINE_CURVE_WITH_KNOTS('',3,(#12403,#12404,#12405,#12406),
 .UNSPECIFIED.,.F.,.F.,(4,4),(0.000984605792537381,0.0166883382337073),
 .UNSPECIFIED.);
#73=B_SPLINE_CURVE_WITH_KNOTS('',3,(#12407,#12408,#12409,#12410),
 .UNSPECIFIED.,.F.,.F.,(4,4),(0.,0.00199209146730111),.UNSPECIFIED.);
#74=B_SPLINE_CURVE_WITH_KNOTS('',3,(#12413,#12414,#12415,#12416),
 .UNSPECIFIED.,.F.,.F.,(4,4),(8.67361737988404E-19,7.83734634056885E-5),
 .UNSPECIFIED.);
#75=B_SPLINE_CURVE_WITH_KNOTS('',3,(#12420,#12421,#12422,#12423),
 .UNSPECIFIED.,.F.,.F.,(4,4),(4.33680868994202E-19,7.88758336617203E-5),
 .UNSPECIFIED.);
#76=B_SPLINE_CURVE_WITH_KNOTS('',3,(#12428,#12429,#12430,#12431),
 .UNSPECIFIED.,.F.,.F.,(4,4),(0.,7.88893621582929E-5),.UNSPECIFIED.);
#77=B_SPLINE_CURVE_WITH_KNOTS('',3,(#12435,#12436,#12437,#12438),
 .UNSPECIFIED.,.F.,.F.,(4,4),(1.2266347333467E-18,7.83947351302182E-5),
 .UNSPECIFIED.);
#78=B_SPLINE_CURVE_WITH_KNOTS('',3,(#12440,#12441,#12442,#12443),
 .UNSPECIFIED.,.F.,.F.,(4,4),(0.,0.0156787227596366),.UNSPECIFIED.);
#79=B_SPLINE_CURVE_WITH_KNOTS('',3,(#12455,#12456,#12457,#12458),
 .UNSPECIFIED.,.F.,.F.,(4,4),(0.000998010215645031,0.0166767329752817),
 .UNSPECIFIED.);
#80=B_SPLINE_CURVE_WITH_KNOTS('',3,(#12475,#12476,#12477,#12478),
 .UNSPECIFIED.,.F.,.F.,(4,4),(5.93873657494515E-17,0.00131015388922614),
 .UNSPECIFIED.);
#81=B_SPLINE_CURVE_WITH_KNOTS('',3,(#12493,#12494,#12495,#12496),
 .UNSPECIFIED.,.F.,.F.,(4,4),(0.,0.00131016529610183),.UNSPECIFIED.);
#82=B_SPLINE_CURVE_WITH_KNOTS('',3,(#13001,#13002,#13003,#13004),
 .UNSPECIFIED.,.F.,.F.,(4,4),(0.,0.00129915900955127),.UNSPECIFIED.);
#83=B_SPLINE_CURVE_WITH_KNOTS('',3,(#13008,#13009,#13010,#13011),
 .UNSPECIFIED.,.F.,.F.,(4,4),(0.,0.00199209293512465),.UNSPECIFIED.);
#84=B_SPLINE_CURVE_WITH_KNOTS('',3,(#13018,#13019,#13020,#13021),
 .UNSPECIFIED.,.F.,.F.,(4,4),(0.,0.00129915934040036),.UNSPECIFIED.);
#85=B_SPLINE_CURVE_WITH_KNOTS('',3,(#13024,#13025,#13026,#13027),
 .UNSPECIFIED.,.F.,.F.,(4,4),(0.,0.00199209293512465),.UNSPECIFIED.);
#86=B_SPLINE_CURVE_WITH_KNOTS('',3,(#13056,#13057,#13058,#13059),
 .UNSPECIFIED.,.F.,.F.,(4,4),(0.,0.000143731329075297),.UNSPECIFIED.);
#87=B_SPLINE_CURVE_WITH_KNOTS('',3,(#13061,#13062,#13063,#13064),
 .UNSPECIFIED.,.F.,.F.,(4,4),(0.000617288104704216,0.000760136244713287),
 .UNSPECIFIED.);
#88=B_SPLINE_CURVE_WITH_KNOTS('',3,(#13067,#13068,#13069,#13070,#13071),
 .UNSPECIFIED.,.F.,.F.,(4,1,4),(4.33680868994202E-19,0.000832860642679538,
0.00166572128535907),.UNSPECIFIED.);
#89=B_SPLINE_CURVE_WITH_KNOTS('',3,(#13074,#13075,#13076,#13077,#13078),
 .UNSPECIFIED.,.F.,.F.,(4,1,4),(0.,0.00083281241670981,0.00166562483341962),
 .UNSPECIFIED.);
#90=B_SPLINE_CURVE_WITH_KNOTS('',3,(#13086,#13087,#13088,#13089),
 .UNSPECIFIED.,.F.,.F.,(4,4),(0.,0.00085975028746666),.UNSPECIFIED.);
#91=B_SPLINE_CURVE_WITH_KNOTS('',3,(#13093,#13094,#13095,#13096),
 .UNSPECIFIED.,.F.,.F.,(4,4),(0.,0.000859749915559574),.UNSPECIFIED.);
#92=B_SPLINE_CURVE_WITH_KNOTS('',3,(#13102,#13103,#13104,#13105),
 .UNSPECIFIED.,.F.,.F.,(4,4),(0.,0.000859749661301261),.UNSPECIFIED.);
#93=B_SPLINE_CURVE_WITH_KNOTS('',3,(#13109,#13110,#13111,#13112),
 .UNSPECIFIED.,.F.,.F.,(4,4),(0.,0.000859749289771733),.UNSPECIFIED.);
#94=B_SPLINE_CURVE_WITH_KNOTS('',3,(#13148,#13149,#13150,#13151),
 .UNSPECIFIED.,.F.,.F.,(4,4),(8.94056015336375E-19,0.00085975272519197),
 .UNSPECIFIED.);
#95=B_SPLINE_CURVE_WITH_KNOTS('',3,(#13152,#13153,#13154,#13155),
 .UNSPECIFIED.,.F.,.F.,(4,4),(0.,0.000859752351815791),.UNSPECIFIED.);
#96=B_SPLINE_CURVE_WITH_KNOTS('',3,(#13156,#13157,#13158,#13159),
 .UNSPECIFIED.,.F.,.F.,(4,4),(0.,0.000939121471683955),.UNSPECIFIED.);
#97=B_SPLINE_CURVE_WITH_KNOTS('',3,(#13160,#13161,#13162,#13163),
 .UNSPECIFIED.,.F.,.F.,(4,4),(0.,0.000939127175835823),.UNSPECIFIED.);
#98=ELLIPSE('',#8710,25.4724747028578,18.0117595959936);
#99=ELLIPSE('',#8759,25.4724747028578,18.0117595959936);
#100=ELLIPSE('',#8878,25.4724747028578,18.0117595959936);
#101=ELLIPSE('',#8880,25.4724747028578,18.0117595959936);
#102=ELLIPSE('',#8961,25.4724747028579,18.0117595959936);
#103=ELLIPSE('',#8963,25.4724747028579,18.0117595959936);
#104=ELLIPSE('',#8970,25.4724747028579,18.0117595959936);
#105=ELLIPSE('',#8971,25.4724747028579,18.0117595959936);
#106=ELLIPSE('',#9003,25.3525314434647,17.9253295709394);
#107=ELLIPSE('',#9006,25.3525314434647,17.9253295709394);
#108=ELLIPSE('',#9047,1.00674998744285,0.997919999999982);
#109=ELLIPSE('',#9050,1.00674998744285,0.997919999999982);
#110=ELLIPSE('',#9054,1.00674998744285,0.997919999999982);
#111=ELLIPSE('',#9057,1.00674998744285,0.997919999999982);
#112=ELLIPSE('',#9259,0.188320508770842,0.185);
#113=ELLIPSE('',#9260,0.188320508770842,0.185);
#114=ELLIPSE('',#9262,0.188320508770842,0.185);
#115=ELLIPSE('',#9263,0.188320508770842,0.185);
#116=ELLIPSE('',#9281,0.188320508770842,0.185);
#117=ELLIPSE('',#9282,0.188320508770842,0.185);
#118=ELLIPSE('',#9284,0.188320508770842,0.185);
#119=ELLIPSE('',#9285,0.188320508770842,0.185);
#120=ELLIPSE('',#9288,0.261629509039023,0.185);
#121=ELLIPSE('',#9301,0.261629509039023,0.185);
#122=CYLINDRICAL_SURFACE('',#8707,18.0117595959936);
#123=CYLINDRICAL_SURFACE('',#8752,0.5);
#124=CYLINDRICAL_SURFACE('',#8754,0.5);
#125=CYLINDRICAL_SURFACE('',#8758,18.0117595959936);
#126=CYLINDRICAL_SURFACE('',#8761,0.319075654947443);
#127=CYLINDRICAL_SURFACE('',#8766,0.819075654947443);
#128=CYLINDRICAL_SURFACE('',#8774,0.319075654947443);
#129=CYLINDRICAL_SURFACE('',#8779,0.819075654947443);
#130=CYLINDRICAL_SURFACE('',#8787,0.319075654947443);
#131=CYLINDRICAL_SURFACE('',#8792,0.819075654947443);
#132=CYLINDRICAL_SURFACE('',#8800,0.319075654947443);
#133=CYLINDRICAL_SURFACE('',#8805,0.819075654947443);
#134=CYLINDRICAL_SURFACE('',#8877,18.0117595959936);
#135=CYLINDRICAL_SURFACE('',#8879,18.0117595959936);
#136=CYLINDRICAL_SURFACE('',#8887,0.863999999999991);
#137=CYLINDRICAL_SURFACE('',#8888,10.);
#138=CYLINDRICAL_SURFACE('',#8896,0.864874102595299);
#139=CYLINDRICAL_SURFACE('',#8897,0.864874102595299);
#140=CYLINDRICAL_SURFACE('',#8900,0.864874102595299);
#141=CYLINDRICAL_SURFACE('',#8901,0.864874102595299);
#142=CYLINDRICAL_SURFACE('',#8903,0.863999999999991);
#143=CYLINDRICAL_SURFACE('',#8904,0.24618398145205);
#144=CYLINDRICAL_SURFACE('',#8905,2.37689004823625);
#145=CYLINDRICAL_SURFACE('',#8907,0.417961499333353);
#146=CYLINDRICAL_SURFACE('',#8909,0.389703289736965);
#147=CYLINDRICAL_SURFACE('',#8911,0.4);
#148=CYLINDRICAL_SURFACE('',#8913,0.4);
#149=CYLINDRICAL_SURFACE('',#8918,0.4);
#150=CYLINDRICAL_SURFACE('',#8920,0.4);
#151=CYLINDRICAL_SURFACE('',#8922,0.622688698035715);
#152=CYLINDRICAL_SURFACE('',#8923,0.622688698035715);
#153=CYLINDRICAL_SURFACE('',#8924,0.24618398145205);
#154=CYLINDRICAL_SURFACE('',#8925,2.37689004823625);
#155=CYLINDRICAL_SURFACE('',#8927,0.417961499333353);
#156=CYLINDRICAL_SURFACE('',#8929,0.389703289736965);
#157=CYLINDRICAL_SURFACE('',#8931,0.4);
#158=CYLINDRICAL_SURFACE('',#8933,0.4);
#159=CYLINDRICAL_SURFACE('',#8939,0.4);
#160=CYLINDRICAL_SURFACE('',#8941,0.4);
#161=CYLINDRICAL_SURFACE('',#8945,0.35);
#162=CYLINDRICAL_SURFACE('',#8947,0.35);
#163=CYLINDRICAL_SURFACE('',#8953,0.35);
#164=CYLINDRICAL_SURFACE('',#8955,0.35);
#165=CYLINDRICAL_SURFACE('',#8960,18.0117595959936);
#166=CYLINDRICAL_SURFACE('',#8969,18.0117595959936);
#167=CYLINDRICAL_SURFACE('',#8973,1.25);
#168=CYLINDRICAL_SURFACE('',#8976,1.25);
#169=CYLINDRICAL_SURFACE('',#8979,2.51999999999999);
#170=CYLINDRICAL_SURFACE('',#8981,0.959999999999989);
#171=CYLINDRICAL_SURFACE('',#8983,0.959999999999989);
#172=CYLINDRICAL_SURFACE('',#9011,2.51999999999999);
#173=CYLINDRICAL_SURFACE('',#9025,2.18591999999997);
#174=CYLINDRICAL_SURFACE('',#9027,2.18591999999997);
#175=CYLINDRICAL_SURFACE('',#9029,0.997919999999982);
#176=CYLINDRICAL_SURFACE('',#9035,0.997919999999982);
#177=CYLINDRICAL_SURFACE('',#9044,0.997919999999982);
#178=CYLINDRICAL_SURFACE('',#9046,0.997919999999982);
#179=CYLINDRICAL_SURFACE('',#9051,0.997919999999982);
#180=CYLINDRICAL_SURFACE('',#9053,0.997919999999982);
#181=CYLINDRICAL_SURFACE('',#9060,0.997919999999982);
#182=CYLINDRICAL_SURFACE('',#9065,0.6);
#183=CYLINDRICAL_SURFACE('',#9066,0.6);
#184=CYLINDRICAL_SURFACE('',#9067,0.6);
#185=CYLINDRICAL_SURFACE('',#9100,0.54);
#186=CYLINDRICAL_SURFACE('',#9101,0.54);
#187=CYLINDRICAL_SURFACE('',#9111,0.189000000000002);
#188=CYLINDRICAL_SURFACE('',#9112,0.189000000000002);
#189=CYLINDRICAL_SURFACE('',#9113,0.189000000000002);
#190=CYLINDRICAL_SURFACE('',#9114,0.189000000000002);
#191=CYLINDRICAL_SURFACE('',#9115,0.189000000000002);
#192=CYLINDRICAL_SURFACE('',#9116,0.189000000000002);
#193=CYLINDRICAL_SURFACE('',#9117,0.189000000000002);
#194=CYLINDRICAL_SURFACE('',#9118,0.189000000000002);
#195=CYLINDRICAL_SURFACE('',#9119,0.189000000000001);
#196=CYLINDRICAL_SURFACE('',#9134,0.189000000000002);
#197=CYLINDRICAL_SURFACE('',#9136,0.189000000000002);
#198=CYLINDRICAL_SURFACE('',#9138,0.189000000000002);
#199=CYLINDRICAL_SURFACE('',#9140,0.189000000000002);
#200=CYLINDRICAL_SURFACE('',#9147,1.25);
#201=CYLINDRICAL_SURFACE('',#9150,1.25);
#202=CYLINDRICAL_SURFACE('',#9153,1.25);
#203=CYLINDRICAL_SURFACE('',#9156,1.25);
#204=CYLINDRICAL_SURFACE('',#9177,0.319075654947443);
#205=CYLINDRICAL_SURFACE('',#9182,0.819075654947443);
#206=CYLINDRICAL_SURFACE('',#9191,1.5);
#207=CYLINDRICAL_SURFACE('',#9195,1.5);
#208=CYLINDRICAL_SURFACE('',#9222,0.5);
#209=CYLINDRICAL_SURFACE('',#9223,0.5);
#210=CYLINDRICAL_SURFACE('',#9224,1.1);
#211=CYLINDRICAL_SURFACE('',#9226,1.1);
#212=CYLINDRICAL_SURFACE('',#9230,18.0017595959936);
#213=CYLINDRICAL_SURFACE('',#9232,18.0117595959936);
#214=CYLINDRICAL_SURFACE('',#9239,17.9629871503172);
#215=CYLINDRICAL_SURFACE('',#9240,0.55);
#216=CYLINDRICAL_SURFACE('',#9241,0.55);
#217=CYLINDRICAL_SURFACE('',#9243,0.55);
#218=CYLINDRICAL_SURFACE('',#9244,0.55);
#219=CYLINDRICAL_SURFACE('',#9246,0.6);
#220=CYLINDRICAL_SURFACE('',#9248,0.6);
#221=CYLINDRICAL_SURFACE('',#9250,0.0999999999999997);
#222=CYLINDRICAL_SURFACE('',#9252,0.0999999999999997);
#223=CYLINDRICAL_SURFACE('',#9254,0.0999999999999997);
#224=CYLINDRICAL_SURFACE('',#9256,0.0999999999999997);
#225=CYLINDRICAL_SURFACE('',#9258,0.185);
#226=CYLINDRICAL_SURFACE('',#9261,0.185);
#227=CYLINDRICAL_SURFACE('',#9264,0.185);
#228=CYLINDRICAL_SURFACE('',#9268,0.185);
#229=CYLINDRICAL_SURFACE('',#9272,0.185);
#230=CYLINDRICAL_SURFACE('',#9276,0.185);
#231=CYLINDRICAL_SURFACE('',#9280,0.185);
#232=CYLINDRICAL_SURFACE('',#9283,0.185);
#233=CYLINDRICAL_SURFACE('',#9286,0.185);
#234=CYLINDRICAL_SURFACE('',#9287,0.185);
#235=CYLINDRICAL_SURFACE('',#9294,0.185);
#236=CYLINDRICAL_SURFACE('',#9300,0.185);
#237=CYLINDRICAL_SURFACE('',#9302,0.185);
#238=CYLINDRICAL_SURFACE('',#9303,0.185);
#239=CIRCLE('',#8706,17.9629871503172);
#240=CIRCLE('',#8708,18.0117595959936);
#241=CIRCLE('',#8709,18.0117595959936);
#242=CIRCLE('',#8712,18.0117595959936);
#243=CIRCLE('',#8714,1.5);
#244=CIRCLE('',#8715,10.);
#245=CIRCLE('',#8716,1.5);
#246=CIRCLE('',#8717,18.0117595959936);
#247=CIRCLE('',#8718,0.863999999999991);
#248=CIRCLE('',#8719,0.24618398145205);
#249=CIRCLE('',#8720,2.37689004823625);
#250=CIRCLE('',#8721,0.417961499333353);
#251=CIRCLE('',#8722,0.389703289736965);
#252=CIRCLE('',#8723,0.4);
#253=CIRCLE('',#8724,0.4);
#254=CIRCLE('',#8725,0.4);
#255=CIRCLE('',#8726,0.4);
#256=CIRCLE('',#8727,0.622688698035715);
#257=CIRCLE('',#8728,0.864874102595299);
#258=CIRCLE('',#8729,0.35);
#259=CIRCLE('',#8730,0.35);
#260=CIRCLE('',#8731,0.35);
#261=CIRCLE('',#8732,0.35);
#262=CIRCLE('',#8733,0.864874102595299);
#263=CIRCLE('',#8734,0.622688698035715);
#264=CIRCLE('',#8735,0.4);
#265=CIRCLE('',#8736,0.4);
#266=CIRCLE('',#8737,0.4);
#267=CIRCLE('',#8738,0.4);
#268=CIRCLE('',#8739,0.389703289736965);
#269=CIRCLE('',#8740,0.417961499333353);
#270=CIRCLE('',#8741,2.37689004823625);
#271=CIRCLE('',#8742,0.24618398145205);
#272=CIRCLE('',#8743,0.863999999999991);
#273=CIRCLE('',#8744,18.0117595959936);
#274=CIRCLE('',#8745,18.0117595959936);
#275=CIRCLE('',#8746,18.0017595959936);
#276=CIRCLE('',#8748,18.0017595959936);
#277=CIRCLE('',#8749,18.0117595959936);
#278=CIRCLE('',#8750,10.);
#279=CIRCLE('',#8751,18.0017595959936);
#280=CIRCLE('',#8753,0.5);
#281=CIRCLE('',#8755,0.5);
#282=CIRCLE('',#8762,0.319075654947443);
#283=CIRCLE('',#8763,0.319075654947443);
#284=CIRCLE('',#8767,0.819075654947443);
#285=CIRCLE('',#8768,0.819075654947443);
#286=CIRCLE('',#8775,0.319075654947443);
#287=CIRCLE('',#8776,0.319075654947443);
#288=CIRCLE('',#8780,0.819075654947443);
#289=CIRCLE('',#8781,0.819075654947443);
#290=CIRCLE('',#8788,0.319075654947443);
#291=CIRCLE('',#8789,0.319075654947443);
#292=CIRCLE('',#8793,0.819075654947443);
#293=CIRCLE('',#8794,0.819075654947443);
#294=CIRCLE('',#8801,0.319075654947443);
#295=CIRCLE('',#8802,0.319075654947443);
#296=CIRCLE('',#8806,0.819075654947443);
#297=CIRCLE('',#8807,0.819075654947443);
#298=CIRCLE('',#8815,0.864874102595299);
#299=CIRCLE('',#8816,0.622688698035715);
#300=CIRCLE('',#8817,0.4);
#301=CIRCLE('',#8818,0.4);
#302=CIRCLE('',#8819,0.4);
#303=CIRCLE('',#8820,0.4);
#304=CIRCLE('',#8821,0.389703289736965);
#305=CIRCLE('',#8822,2.77689004823625);
#306=CIRCLE('',#8823,0.863999999999991);
#307=CIRCLE('',#8824,18.0117595959936);
#308=CIRCLE('',#8825,10.);
#309=CIRCLE('',#8826,18.0117595959936);
#310=CIRCLE('',#8827,0.863999999999991);
#311=CIRCLE('',#8828,2.77689004823625);
#312=CIRCLE('',#8829,0.389703289736965);
#313=CIRCLE('',#8830,0.4);
#314=CIRCLE('',#8831,0.4);
#315=CIRCLE('',#8832,0.4);
#316=CIRCLE('',#8833,0.4);
#317=CIRCLE('',#8834,0.622688698035715);
#318=CIRCLE('',#8835,0.864874102595299);
#319=CIRCLE('',#8836,0.35);
#320=CIRCLE('',#8837,0.35);
#321=CIRCLE('',#8838,0.35);
#322=CIRCLE('',#8839,0.35);
#323=CIRCLE('',#8844,18.0117595959936);
#324=CIRCLE('',#8845,18.0017595959936);
#325=CIRCLE('',#8846,18.0017595959936);
#326=CIRCLE('',#8847,18.0117595959936);
#327=CIRCLE('',#8848,18.0117595959936);
#328=CIRCLE('',#8849,18.0117595959936);
#329=CIRCLE('',#8850,0.863999999999991);
#330=CIRCLE('',#8851,2.18591999999997);
#331=CIRCLE('',#8852,2.51999999999999);
#332=CIRCLE('',#8853,0.959999999999989);
#333=CIRCLE('',#8854,0.864874102595299);
#334=CIRCLE('',#8855,0.864874102595299);
#335=CIRCLE('',#8856,0.959999999999989);
#336=CIRCLE('',#8857,2.51999999999999);
#337=CIRCLE('',#8858,2.18591999999997);
#338=CIRCLE('',#8859,0.863999999999991);
#339=CIRCLE('',#8860,18.0117595959936);
#340=CIRCLE('',#8861,18.0117595959936);
#341=CIRCLE('',#8862,1.85);
#342=CIRCLE('',#8863,1.85);
#343=CIRCLE('',#8864,10.);
#344=CIRCLE('',#8865,10.);
#345=CIRCLE('',#8867,0.189000000000002);
#346=CIRCLE('',#8868,0.189000000000002);
#347=CIRCLE('',#8869,0.189000000000002);
#348=CIRCLE('',#8870,0.189000000000002);
#349=CIRCLE('',#8874,0.189000000000001);
#350=CIRCLE('',#8883,0.189000000000002);
#351=CIRCLE('',#8884,0.189000000000002);
#352=CIRCLE('',#8885,0.189000000000002);
#353=CIRCLE('',#8886,0.189000000000002);
#354=CIRCLE('',#8889,10.);
#355=CIRCLE('',#8892,0.189000000000002);
#356=CIRCLE('',#8893,0.189000000000002);
#357=CIRCLE('',#8894,0.189000000000002);
#358=CIRCLE('',#8895,0.189000000000002);
#359=CIRCLE('',#8898,0.864874102595299);
#360=CIRCLE('',#8902,0.864874102595299);
#361=CIRCLE('',#8906,2.37689004823625);
#362=CIRCLE('',#8915,0.6);
#363=CIRCLE('',#8917,0.6);
#364=CIRCLE('',#8926,2.37689004823625);
#365=CIRCLE('',#8935,0.6);
#366=CIRCLE('',#8938,0.6);
#367=CIRCLE('',#8949,0.6);
#368=CIRCLE('',#8952,0.6);
#369=CIRCLE('',#8962,18.0117595959936);
#370=CIRCLE('',#8964,18.0117595959936);
#371=CIRCLE('',#8967,18.0117595959936);
#372=CIRCLE('',#8972,18.0117595959936);
#373=CIRCLE('',#8974,1.25);
#374=CIRCLE('',#8975,1.25);
#375=CIRCLE('',#8977,1.25);
#376=CIRCLE('',#8978,1.25);
#377=CIRCLE('',#8980,2.51999999999999);
#378=CIRCLE('',#8982,0.959999999999989);
#379=CIRCLE('',#8984,0.959999999999989);
#380=CIRCLE('',#8986,11.);
#381=CIRCLE('',#8987,1.25);
#382=CIRCLE('',#8988,1.25);
#383=CIRCLE('',#8989,1.25);
#384=CIRCLE('',#8990,1.25);
#385=CIRCLE('',#8991,1.95791999999997);
#386=CIRCLE('',#8992,1.95791999999997);
#387=CIRCLE('',#8993,1.52208000000001);
#388=CIRCLE('',#8994,1.18799999999999);
#389=CIRCLE('',#8995,16.8030107608863);
#390=CIRCLE('',#8996,1.18799999999999);
#391=CIRCLE('',#8997,1.52208000000001);
#392=CIRCLE('',#9000,17.9850037260918);
#393=CIRCLE('',#9001,17.8008407467991);
#394=CIRCLE('',#9002,17.9850037260918);
#395=CIRCLE('',#9004,17.9629871503172);
#396=CIRCLE('',#9005,17.9629871503172);
#397=CIRCLE('',#9008,0.863094413341643);
#398=CIRCLE('',#9010,0.863094569310292);
#399=CIRCLE('',#9012,2.51999999999999);
#400=CIRCLE('',#9013,0.863999999999991);
#401=CIRCLE('',#9015,0.863999999999991);
#402=CIRCLE('',#9026,2.18591999999997);
#403=CIRCLE('',#9028,2.18591999999997);
#404=CIRCLE('',#9030,0.997919999999982);
#405=CIRCLE('',#9031,0.997919999999982);
#406=CIRCLE('',#9033,0.997919999999982);
#407=CIRCLE('',#9034,0.997919999999982);
#408=CIRCLE('',#9036,0.997919999999982);
#409=CIRCLE('',#9038,0.997919999999982);
#410=CIRCLE('',#9040,0.997919999999982);
#411=CIRCLE('',#9041,0.997919999999982);
#412=CIRCLE('',#9043,0.997919999999982);
#413=CIRCLE('',#9045,0.997919999999982);
#414=CIRCLE('',#9049,0.997919999999982);
#415=CIRCLE('',#9052,0.997919999999982);
#416=CIRCLE('',#9056,0.997919999999982);
#417=CIRCLE('',#9059,0.997919999999982);
#418=CIRCLE('',#9070,0.189000000000002);
#419=CIRCLE('',#9071,0.189000000000002);
#420=CIRCLE('',#9072,0.189000000000002);
#421=CIRCLE('',#9073,0.189000000000002);
#422=CIRCLE('',#9076,0.189000000000002);
#423=CIRCLE('',#9077,0.189000000000002);
#424=CIRCLE('',#9078,0.189000000000002);
#425=CIRCLE('',#9079,0.189000000000002);
#426=CIRCLE('',#9081,0.729000000000001);
#427=CIRCLE('',#9084,0.54);
#428=CIRCLE('',#9086,0.54);
#429=CIRCLE('',#9089,0.54);
#430=CIRCLE('',#9091,0.189000000000002);
#431=CIRCLE('',#9092,0.189000000000002);
#432=CIRCLE('',#9093,0.189000000000002);
#433=CIRCLE('',#9094,0.189000000000002);
#434=CIRCLE('',#9102,0.54);
#435=CIRCLE('',#9120,0.189000000000001);
#436=CIRCLE('',#9148,1.25);
#437=CIRCLE('',#9151,1.25);
#438=CIRCLE('',#9154,1.25);
#439=CIRCLE('',#9157,1.25);
#440=CIRCLE('',#9178,0.319075654947443);
#441=CIRCLE('',#9179,0.319075654947443);
#442=CIRCLE('',#9183,0.819075654947443);
#443=CIRCLE('',#9184,0.819075654947443);
#444=CIRCLE('',#9190,0.85);
#445=CIRCLE('',#9192,1.5);
#446=CIRCLE('',#9194,0.85);
#447=CIRCLE('',#9196,1.5);
#448=CIRCLE('',#9200,0.415);
#449=CIRCLE('',#9201,0.735);
#450=CIRCLE('',#9202,0.735);
#451=CIRCLE('',#9203,0.415);
#452=CIRCLE('',#9204,0.685);
#453=CIRCLE('',#9205,0.915);
#454=CIRCLE('',#9206,0.915);
#455=CIRCLE('',#9207,0.685);
#456=CIRCLE('',#9212,0.185);
#457=CIRCLE('',#9213,0.185);
#458=CIRCLE('',#9216,0.185);
#459=CIRCLE('',#9217,0.185);
#460=CIRCLE('',#9220,0.5);
#461=CIRCLE('',#9221,0.5);
#462=CIRCLE('',#9225,1.1);
#463=CIRCLE('',#9227,1.1);
#464=CIRCLE('',#9231,18.0017595959936);
#465=CIRCLE('',#9233,18.0117595959936);
#466=CIRCLE('',#9238,17.9629871503172);
#467=CIRCLE('',#9242,0.55);
#468=CIRCLE('',#9245,0.55);
#469=CIRCLE('',#9247,0.6);
#470=CIRCLE('',#9249,0.6);
#471=CIRCLE('',#9251,0.0999999999999997);
#472=CIRCLE('',#9253,0.0999999999999997);
#473=CIRCLE('',#9255,0.0999999999999997);
#474=CIRCLE('',#9257,0.0999999999999997);
#475=CIRCLE('',#9265,0.185);
#476=CIRCLE('',#9267,0.185);
#477=CIRCLE('',#9269,0.185);
#478=CIRCLE('',#9271,0.185);
#479=CIRCLE('',#9273,0.185);
#480=CIRCLE('',#9275,0.185);
#481=CIRCLE('',#9277,0.185);
#482=CIRCLE('',#9279,0.185);
#483=CIRCLE('',#9289,0.185);
#484=CIRCLE('',#9291,0.185);
#485=CIRCLE('',#9293,0.185);
#486=CIRCLE('',#9295,0.185);
#487=CIRCLE('',#9297,0.185);
#488=CIRCLE('',#9299,0.185);
#489=ORIENTED_EDGE('',*,*,#2337,.T.);
#490=ORIENTED_EDGE('',*,*,#2338,.T.);
#491=ORIENTED_EDGE('',*,*,#2339,.T.);
#492=ORIENTED_EDGE('',*,*,#2340,.F.);
#493=ORIENTED_EDGE('',*,*,#2341,.F.);
#494=ORIENTED_EDGE('',*,*,#2342,.T.);
#495=ORIENTED_EDGE('',*,*,#2343,.F.);
#496=ORIENTED_EDGE('',*,*,#2344,.T.);
#497=ORIENTED_EDGE('',*,*,#2345,.T.);
#498=ORIENTED_EDGE('',*,*,#2346,.T.);
#499=ORIENTED_EDGE('',*,*,#2347,.T.);
#500=ORIENTED_EDGE('',*,*,#2348,.T.);
#501=ORIENTED_EDGE('',*,*,#2349,.F.);
#502=ORIENTED_EDGE('',*,*,#2350,.F.);
#503=ORIENTED_EDGE('',*,*,#2351,.T.);
#504=ORIENTED_EDGE('',*,*,#2352,.F.);
#505=ORIENTED_EDGE('',*,*,#2353,.F.);
#506=ORIENTED_EDGE('',*,*,#2341,.T.);
#507=ORIENTED_EDGE('',*,*,#2354,.F.);
#508=ORIENTED_EDGE('',*,*,#2355,.F.);
#509=ORIENTED_EDGE('',*,*,#2356,.F.);
#510=ORIENTED_EDGE('',*,*,#2357,.T.);
#511=ORIENTED_EDGE('',*,*,#2358,.T.);
#512=ORIENTED_EDGE('',*,*,#2359,.T.);
#513=ORIENTED_EDGE('',*,*,#2360,.T.);
#514=ORIENTED_EDGE('',*,*,#2361,.T.);
#515=ORIENTED_EDGE('',*,*,#2362,.T.);
#516=ORIENTED_EDGE('',*,*,#2363,.T.);
#517=ORIENTED_EDGE('',*,*,#2364,.T.);
#518=ORIENTED_EDGE('',*,*,#2365,.T.);
#519=ORIENTED_EDGE('',*,*,#2366,.T.);
#520=ORIENTED_EDGE('',*,*,#2367,.T.);
#521=ORIENTED_EDGE('',*,*,#2368,.T.);
#522=ORIENTED_EDGE('',*,*,#2369,.T.);
#523=ORIENTED_EDGE('',*,*,#2370,.T.);
#524=ORIENTED_EDGE('',*,*,#2371,.T.);
#525=ORIENTED_EDGE('',*,*,#2372,.T.);
#526=ORIENTED_EDGE('',*,*,#2373,.T.);
#527=ORIENTED_EDGE('',*,*,#2374,.T.);
#528=ORIENTED_EDGE('',*,*,#2375,.T.);
#529=ORIENTED_EDGE('',*,*,#2376,.F.);
#530=ORIENTED_EDGE('',*,*,#2377,.F.);
#531=ORIENTED_EDGE('',*,*,#2378,.F.);
#532=ORIENTED_EDGE('',*,*,#2379,.T.);
#533=ORIENTED_EDGE('',*,*,#2380,.T.);
#534=ORIENTED_EDGE('',*,*,#2381,.T.);
#535=ORIENTED_EDGE('',*,*,#2382,.T.);
#536=ORIENTED_EDGE('',*,*,#2383,.T.);
#537=ORIENTED_EDGE('',*,*,#2384,.T.);
#538=ORIENTED_EDGE('',*,*,#2385,.T.);
#539=ORIENTED_EDGE('',*,*,#2386,.T.);
#540=ORIENTED_EDGE('',*,*,#2387,.T.);
#541=ORIENTED_EDGE('',*,*,#2388,.T.);
#542=ORIENTED_EDGE('',*,*,#2389,.T.);
#543=ORIENTED_EDGE('',*,*,#2390,.F.);
#544=ORIENTED_EDGE('',*,*,#2391,.F.);
#545=ORIENTED_EDGE('',*,*,#2392,.F.);
#546=ORIENTED_EDGE('',*,*,#2393,.F.);
#547=ORIENTED_EDGE('',*,*,#2394,.F.);
#548=ORIENTED_EDGE('',*,*,#2395,.F.);
#549=ORIENTED_EDGE('',*,*,#2396,.F.);
#550=ORIENTED_EDGE('',*,*,#2397,.F.);
#551=ORIENTED_EDGE('',*,*,#2398,.F.);
#552=ORIENTED_EDGE('',*,*,#2399,.T.);
#553=ORIENTED_EDGE('',*,*,#2400,.F.);
#554=ORIENTED_EDGE('',*,*,#2401,.F.);
#555=ORIENTED_EDGE('',*,*,#2402,.F.);
#556=ORIENTED_EDGE('',*,*,#2403,.F.);
#557=ORIENTED_EDGE('',*,*,#2404,.F.);
#558=ORIENTED_EDGE('',*,*,#2405,.F.);
#559=ORIENTED_EDGE('',*,*,#2406,.F.);
#560=ORIENTED_EDGE('',*,*,#2407,.F.);
#561=ORIENTED_EDGE('',*,*,#2408,.F.);
#562=ORIENTED_EDGE('',*,*,#2409,.F.);
#563=ORIENTED_EDGE('',*,*,#2410,.T.);
#564=ORIENTED_EDGE('',*,*,#2411,.T.);
#565=ORIENTED_EDGE('',*,*,#2412,.T.);
#566=ORIENTED_EDGE('',*,*,#2413,.T.);
#567=ORIENTED_EDGE('',*,*,#2414,.T.);
#568=ORIENTED_EDGE('',*,*,#2415,.T.);
#569=ORIENTED_EDGE('',*,*,#2416,.F.);
#570=ORIENTED_EDGE('',*,*,#2417,.F.);
#571=ORIENTED_EDGE('',*,*,#2418,.T.);
#572=ORIENTED_EDGE('',*,*,#2419,.T.);
#573=ORIENTED_EDGE('',*,*,#2420,.T.);
#574=ORIENTED_EDGE('',*,*,#2421,.T.);
#575=ORIENTED_EDGE('',*,*,#2422,.T.);
#576=ORIENTED_EDGE('',*,*,#2423,.T.);
#577=ORIENTED_EDGE('',*,*,#2424,.T.);
#578=ORIENTED_EDGE('',*,*,#2425,.T.);
#579=ORIENTED_EDGE('',*,*,#2426,.F.);
#580=ORIENTED_EDGE('',*,*,#2427,.T.);
#581=ORIENTED_EDGE('',*,*,#2343,.T.);
#582=ORIENTED_EDGE('',*,*,#2428,.T.);
#583=ORIENTED_EDGE('',*,*,#2429,.T.);
#584=ORIENTED_EDGE('',*,*,#2430,.T.);
#585=ORIENTED_EDGE('',*,*,#2431,.T.);
#586=ORIENTED_EDGE('',*,*,#2432,.T.);
#587=ORIENTED_EDGE('',*,*,#2433,.F.);
#588=ORIENTED_EDGE('',*,*,#2434,.T.);
#589=ORIENTED_EDGE('',*,*,#2435,.T.);
#590=ORIENTED_EDGE('',*,*,#2436,.F.);
#591=ORIENTED_EDGE('',*,*,#2437,.T.);
#592=ORIENTED_EDGE('',*,*,#2438,.T.);
#593=ORIENTED_EDGE('',*,*,#2439,.F.);
#594=ORIENTED_EDGE('',*,*,#2440,.F.);
#595=ORIENTED_EDGE('',*,*,#2441,.F.);
#596=ORIENTED_EDGE('',*,*,#2442,.T.);
#597=ORIENTED_EDGE('',*,*,#2443,.T.);
#598=ORIENTED_EDGE('',*,*,#2444,.T.);
#599=ORIENTED_EDGE('',*,*,#2445,.T.);
#600=ORIENTED_EDGE('',*,*,#2446,.T.);
#601=ORIENTED_EDGE('',*,*,#2447,.T.);
#602=ORIENTED_EDGE('',*,*,#2448,.F.);
#603=ORIENTED_EDGE('',*,*,#2449,.F.);
#604=ORIENTED_EDGE('',*,*,#2415,.F.);
#605=ORIENTED_EDGE('',*,*,#2450,.F.);
#606=ORIENTED_EDGE('',*,*,#2451,.T.);
#607=ORIENTED_EDGE('',*,*,#2420,.F.);
#608=ORIENTED_EDGE('',*,*,#2452,.T.);
#609=ORIENTED_EDGE('',*,*,#2453,.F.);
#610=ORIENTED_EDGE('',*,*,#2454,.F.);
#611=ORIENTED_EDGE('',*,*,#2455,.T.);
#612=ORIENTED_EDGE('',*,*,#2456,.T.);
#613=ORIENTED_EDGE('',*,*,#2457,.F.);
#614=ORIENTED_EDGE('',*,*,#2458,.F.);
#615=ORIENTED_EDGE('',*,*,#2453,.T.);
#616=ORIENTED_EDGE('',*,*,#2459,.F.);
#617=ORIENTED_EDGE('',*,*,#2460,.F.);
#618=ORIENTED_EDGE('',*,*,#2457,.T.);
#619=ORIENTED_EDGE('',*,*,#2461,.T.);
#620=ORIENTED_EDGE('',*,*,#2462,.F.);
#621=ORIENTED_EDGE('',*,*,#2463,.T.);
#622=ORIENTED_EDGE('',*,*,#2464,.F.);
#623=ORIENTED_EDGE('',*,*,#2465,.F.);
#624=ORIENTED_EDGE('',*,*,#2466,.T.);
#625=ORIENTED_EDGE('',*,*,#2467,.F.);
#626=ORIENTED_EDGE('',*,*,#2468,.F.);
#627=ORIENTED_EDGE('',*,*,#2464,.T.);
#628=ORIENTED_EDGE('',*,*,#2469,.T.);
#629=ORIENTED_EDGE('',*,*,#2470,.F.);
#630=ORIENTED_EDGE('',*,*,#2471,.F.);
#631=ORIENTED_EDGE('',*,*,#2467,.T.);
#632=ORIENTED_EDGE('',*,*,#2472,.T.);
#633=ORIENTED_EDGE('',*,*,#2455,.F.);
#634=ORIENTED_EDGE('',*,*,#2473,.F.);
#635=ORIENTED_EDGE('',*,*,#2470,.T.);
#636=ORIENTED_EDGE('',*,*,#2474,.F.);
#637=ORIENTED_EDGE('',*,*,#2465,.T.);
#638=ORIENTED_EDGE('',*,*,#2468,.T.);
#639=ORIENTED_EDGE('',*,*,#2471,.T.);
#640=ORIENTED_EDGE('',*,*,#2473,.T.);
#641=ORIENTED_EDGE('',*,*,#2454,.T.);
#642=ORIENTED_EDGE('',*,*,#2458,.T.);
#643=ORIENTED_EDGE('',*,*,#2460,.T.);
#644=ORIENTED_EDGE('',*,*,#2463,.F.);
#645=ORIENTED_EDGE('',*,*,#2475,.T.);
#646=ORIENTED_EDGE('',*,*,#2461,.F.);
#647=ORIENTED_EDGE('',*,*,#2456,.F.);
#648=ORIENTED_EDGE('',*,*,#2452,.F.);
#649=ORIENTED_EDGE('',*,*,#2472,.F.);
#650=ORIENTED_EDGE('',*,*,#2469,.F.);
#651=ORIENTED_EDGE('',*,*,#2466,.F.);
#652=ORIENTED_EDGE('',*,*,#2476,.T.);
#653=ORIENTED_EDGE('',*,*,#2477,.F.);
#654=ORIENTED_EDGE('',*,*,#2478,.F.);
#655=ORIENTED_EDGE('',*,*,#2479,.T.);
#656=ORIENTED_EDGE('',*,*,#2480,.T.);
#657=ORIENTED_EDGE('',*,*,#2481,.F.);
#658=ORIENTED_EDGE('',*,*,#2482,.F.);
#659=ORIENTED_EDGE('',*,*,#2477,.T.);
#660=ORIENTED_EDGE('',*,*,#2483,.F.);
#661=ORIENTED_EDGE('',*,*,#2484,.F.);
#662=ORIENTED_EDGE('',*,*,#2481,.T.);
#663=ORIENTED_EDGE('',*,*,#2485,.T.);
#664=ORIENTED_EDGE('',*,*,#2486,.F.);
#665=ORIENTED_EDGE('',*,*,#2487,.T.);
#666=ORIENTED_EDGE('',*,*,#2488,.F.);
#667=ORIENTED_EDGE('',*,*,#2489,.F.);
#668=ORIENTED_EDGE('',*,*,#2490,.T.);
#669=ORIENTED_EDGE('',*,*,#2491,.F.);
#670=ORIENTED_EDGE('',*,*,#2492,.F.);
#671=ORIENTED_EDGE('',*,*,#2488,.T.);
#672=ORIENTED_EDGE('',*,*,#2493,.T.);
#673=ORIENTED_EDGE('',*,*,#2494,.F.);
#674=ORIENTED_EDGE('',*,*,#2495,.F.);
#675=ORIENTED_EDGE('',*,*,#2491,.T.);
#676=ORIENTED_EDGE('',*,*,#2496,.T.);
#677=ORIENTED_EDGE('',*,*,#2479,.F.);
#678=ORIENTED_EDGE('',*,*,#2497,.F.);
#679=ORIENTED_EDGE('',*,*,#2494,.T.);
#680=ORIENTED_EDGE('',*,*,#2498,.F.);
#681=ORIENTED_EDGE('',*,*,#2489,.T.);
#682=ORIENTED_EDGE('',*,*,#2492,.T.);
#683=ORIENTED_EDGE('',*,*,#2495,.T.);
#684=ORIENTED_EDGE('',*,*,#2497,.T.);
#685=ORIENTED_EDGE('',*,*,#2478,.T.);
#686=ORIENTED_EDGE('',*,*,#2482,.T.);
#687=ORIENTED_EDGE('',*,*,#2484,.T.);
#688=ORIENTED_EDGE('',*,*,#2487,.F.);
#689=ORIENTED_EDGE('',*,*,#2499,.T.);
#690=ORIENTED_EDGE('',*,*,#2485,.F.);
#691=ORIENTED_EDGE('',*,*,#2480,.F.);
#692=ORIENTED_EDGE('',*,*,#2476,.F.);
#693=ORIENTED_EDGE('',*,*,#2496,.F.);
#694=ORIENTED_EDGE('',*,*,#2493,.F.);
#695=ORIENTED_EDGE('',*,*,#2490,.F.);
#696=ORIENTED_EDGE('',*,*,#2500,.T.);
#697=ORIENTED_EDGE('',*,*,#2501,.F.);
#698=ORIENTED_EDGE('',*,*,#2502,.F.);
#699=ORIENTED_EDGE('',*,*,#2503,.T.);
#700=ORIENTED_EDGE('',*,*,#2504,.T.);
#701=ORIENTED_EDGE('',*,*,#2505,.F.);
#702=ORIENTED_EDGE('',*,*,#2506,.F.);
#703=ORIENTED_EDGE('',*,*,#2501,.T.);
#704=ORIENTED_EDGE('',*,*,#2507,.F.);
#705=ORIENTED_EDGE('',*,*,#2508,.F.);
#706=ORIENTED_EDGE('',*,*,#2505,.T.);
#707=ORIENTED_EDGE('',*,*,#2509,.T.);
#708=ORIENTED_EDGE('',*,*,#2510,.F.);
#709=ORIENTED_EDGE('',*,*,#2511,.T.);
#710=ORIENTED_EDGE('',*,*,#2512,.F.);
#711=ORIENTED_EDGE('',*,*,#2513,.F.);
#712=ORIENTED_EDGE('',*,*,#2514,.T.);
#713=ORIENTED_EDGE('',*,*,#2515,.F.);
#714=ORIENTED_EDGE('',*,*,#2516,.F.);
#715=ORIENTED_EDGE('',*,*,#2512,.T.);
#716=ORIENTED_EDGE('',*,*,#2517,.T.);
#717=ORIENTED_EDGE('',*,*,#2518,.F.);
#718=ORIENTED_EDGE('',*,*,#2519,.F.);
#719=ORIENTED_EDGE('',*,*,#2515,.T.);
#720=ORIENTED_EDGE('',*,*,#2520,.T.);
#721=ORIENTED_EDGE('',*,*,#2503,.F.);
#722=ORIENTED_EDGE('',*,*,#2521,.F.);
#723=ORIENTED_EDGE('',*,*,#2518,.T.);
#724=ORIENTED_EDGE('',*,*,#2522,.F.);
#725=ORIENTED_EDGE('',*,*,#2513,.T.);
#726=ORIENTED_EDGE('',*,*,#2516,.T.);
#727=ORIENTED_EDGE('',*,*,#2519,.T.);
#728=ORIENTED_EDGE('',*,*,#2521,.T.);
#729=ORIENTED_EDGE('',*,*,#2502,.T.);
#730=ORIENTED_EDGE('',*,*,#2506,.T.);
#731=ORIENTED_EDGE('',*,*,#2508,.T.);
#732=ORIENTED_EDGE('',*,*,#2511,.F.);
#733=ORIENTED_EDGE('',*,*,#2523,.T.);
#734=ORIENTED_EDGE('',*,*,#2509,.F.);
#735=ORIENTED_EDGE('',*,*,#2504,.F.);
#736=ORIENTED_EDGE('',*,*,#2500,.F.);
#737=ORIENTED_EDGE('',*,*,#2520,.F.);
#738=ORIENTED_EDGE('',*,*,#2517,.F.);
#739=ORIENTED_EDGE('',*,*,#2514,.F.);
#740=ORIENTED_EDGE('',*,*,#2524,.T.);
#741=ORIENTED_EDGE('',*,*,#2525,.F.);
#742=ORIENTED_EDGE('',*,*,#2526,.F.);
#743=ORIENTED_EDGE('',*,*,#2527,.T.);
#744=ORIENTED_EDGE('',*,*,#2528,.T.);
#745=ORIENTED_EDGE('',*,*,#2529,.F.);
#746=ORIENTED_EDGE('',*,*,#2530,.F.);
#747=ORIENTED_EDGE('',*,*,#2525,.T.);
#748=ORIENTED_EDGE('',*,*,#2531,.F.);
#749=ORIENTED_EDGE('',*,*,#2532,.F.);
#750=ORIENTED_EDGE('',*,*,#2529,.T.);
#751=ORIENTED_EDGE('',*,*,#2533,.T.);
#752=ORIENTED_EDGE('',*,*,#2534,.F.);
#753=ORIENTED_EDGE('',*,*,#2535,.T.);
#754=ORIENTED_EDGE('',*,*,#2536,.F.);
#755=ORIENTED_EDGE('',*,*,#2537,.F.);
#756=ORIENTED_EDGE('',*,*,#2538,.T.);
#757=ORIENTED_EDGE('',*,*,#2539,.F.);
#758=ORIENTED_EDGE('',*,*,#2540,.F.);
#759=ORIENTED_EDGE('',*,*,#2536,.T.);
#760=ORIENTED_EDGE('',*,*,#2541,.T.);
#761=ORIENTED_EDGE('',*,*,#2542,.F.);
#762=ORIENTED_EDGE('',*,*,#2543,.F.);
#763=ORIENTED_EDGE('',*,*,#2539,.T.);
#764=ORIENTED_EDGE('',*,*,#2544,.T.);
#765=ORIENTED_EDGE('',*,*,#2527,.F.);
#766=ORIENTED_EDGE('',*,*,#2545,.F.);
#767=ORIENTED_EDGE('',*,*,#2542,.T.);
#768=ORIENTED_EDGE('',*,*,#2546,.F.);
#769=ORIENTED_EDGE('',*,*,#2537,.T.);
#770=ORIENTED_EDGE('',*,*,#2540,.T.);
#771=ORIENTED_EDGE('',*,*,#2543,.T.);
#772=ORIENTED_EDGE('',*,*,#2545,.T.);
#773=ORIENTED_EDGE('',*,*,#2526,.T.);
#774=ORIENTED_EDGE('',*,*,#2530,.T.);
#775=ORIENTED_EDGE('',*,*,#2532,.T.);
#776=ORIENTED_EDGE('',*,*,#2535,.F.);
#777=ORIENTED_EDGE('',*,*,#2547,.T.);
#778=ORIENTED_EDGE('',*,*,#2533,.F.);
#779=ORIENTED_EDGE('',*,*,#2528,.F.);
#780=ORIENTED_EDGE('',*,*,#2524,.F.);
#781=ORIENTED_EDGE('',*,*,#2544,.F.);
#782=ORIENTED_EDGE('',*,*,#2541,.F.);
#783=ORIENTED_EDGE('',*,*,#2538,.F.);
#784=ORIENTED_EDGE('',*,*,#2462,.T.);
#785=ORIENTED_EDGE('',*,*,#2474,.T.);
#786=ORIENTED_EDGE('',*,*,#2459,.T.);
#787=ORIENTED_EDGE('',*,*,#2475,.F.);
#788=ORIENTED_EDGE('',*,*,#2486,.T.);
#789=ORIENTED_EDGE('',*,*,#2498,.T.);
#790=ORIENTED_EDGE('',*,*,#2483,.T.);
#791=ORIENTED_EDGE('',*,*,#2499,.F.);
#792=ORIENTED_EDGE('',*,*,#2510,.T.);
#793=ORIENTED_EDGE('',*,*,#2522,.T.);
#794=ORIENTED_EDGE('',*,*,#2507,.T.);
#795=ORIENTED_EDGE('',*,*,#2523,.F.);
#796=ORIENTED_EDGE('',*,*,#2534,.T.);
#797=ORIENTED_EDGE('',*,*,#2546,.T.);
#798=ORIENTED_EDGE('',*,*,#2531,.T.);
#799=ORIENTED_EDGE('',*,*,#2547,.F.);
#800=ORIENTED_EDGE('',*,*,#2548,.T.);
#801=ORIENTED_EDGE('',*,*,#2549,.T.);
#802=ORIENTED_EDGE('',*,*,#2550,.T.);
#803=ORIENTED_EDGE('',*,*,#2551,.T.);
#804=ORIENTED_EDGE('',*,*,#2552,.T.);
#805=ORIENTED_EDGE('',*,*,#2553,.T.);
#806=ORIENTED_EDGE('',*,*,#2554,.T.);
#807=ORIENTED_EDGE('',*,*,#2555,.F.);
#808=ORIENTED_EDGE('',*,*,#2556,.F.);
#809=ORIENTED_EDGE('',*,*,#2557,.T.);
#810=ORIENTED_EDGE('',*,*,#2558,.T.);
#811=ORIENTED_EDGE('',*,*,#2559,.F.);
#812=ORIENTED_EDGE('',*,*,#2560,.F.);
#813=ORIENTED_EDGE('',*,*,#2561,.T.);
#814=ORIENTED_EDGE('',*,*,#2562,.F.);
#815=ORIENTED_EDGE('',*,*,#2563,.T.);
#816=ORIENTED_EDGE('',*,*,#2564,.T.);
#817=ORIENTED_EDGE('',*,*,#2565,.T.);
#818=ORIENTED_EDGE('',*,*,#2566,.F.);
#819=ORIENTED_EDGE('',*,*,#2567,.F.);
#820=ORIENTED_EDGE('',*,*,#2568,.F.);
#821=ORIENTED_EDGE('',*,*,#2569,.F.);
#822=ORIENTED_EDGE('',*,*,#2570,.F.);
#823=ORIENTED_EDGE('',*,*,#2571,.F.);
#824=ORIENTED_EDGE('',*,*,#2572,.F.);
#825=ORIENTED_EDGE('',*,*,#2573,.F.);
#826=ORIENTED_EDGE('',*,*,#2574,.F.);
#827=ORIENTED_EDGE('',*,*,#2575,.F.);
#828=ORIENTED_EDGE('',*,*,#2576,.F.);
#829=ORIENTED_EDGE('',*,*,#2577,.F.);
#830=ORIENTED_EDGE('',*,*,#2578,.F.);
#831=ORIENTED_EDGE('',*,*,#2579,.F.);
#832=ORIENTED_EDGE('',*,*,#2580,.T.);
#833=ORIENTED_EDGE('',*,*,#2581,.T.);
#834=ORIENTED_EDGE('',*,*,#2582,.F.);
#835=ORIENTED_EDGE('',*,*,#2583,.T.);
#836=ORIENTED_EDGE('',*,*,#2584,.T.);
#837=ORIENTED_EDGE('',*,*,#2585,.F.);
#838=ORIENTED_EDGE('',*,*,#2586,.F.);
#839=ORIENTED_EDGE('',*,*,#2587,.F.);
#840=ORIENTED_EDGE('',*,*,#2588,.F.);
#841=ORIENTED_EDGE('',*,*,#2589,.T.);
#842=ORIENTED_EDGE('',*,*,#2590,.F.);
#843=ORIENTED_EDGE('',*,*,#2591,.T.);
#844=ORIENTED_EDGE('',*,*,#2592,.T.);
#845=ORIENTED_EDGE('',*,*,#2593,.T.);
#846=ORIENTED_EDGE('',*,*,#2594,.T.);
#847=ORIENTED_EDGE('',*,*,#2595,.T.);
#848=ORIENTED_EDGE('',*,*,#2596,.T.);
#849=ORIENTED_EDGE('',*,*,#2597,.T.);
#850=ORIENTED_EDGE('',*,*,#2598,.T.);
#851=ORIENTED_EDGE('',*,*,#2599,.T.);
#852=ORIENTED_EDGE('',*,*,#2600,.T.);
#853=ORIENTED_EDGE('',*,*,#2601,.T.);
#854=ORIENTED_EDGE('',*,*,#2602,.T.);
#855=ORIENTED_EDGE('',*,*,#2603,.T.);
#856=ORIENTED_EDGE('',*,*,#2604,.T.);
#857=ORIENTED_EDGE('',*,*,#2605,.T.);
#858=ORIENTED_EDGE('',*,*,#2606,.T.);
#859=ORIENTED_EDGE('',*,*,#2607,.T.);
#860=ORIENTED_EDGE('',*,*,#2608,.T.);
#861=ORIENTED_EDGE('',*,*,#2609,.T.);
#862=ORIENTED_EDGE('',*,*,#2610,.T.);
#863=ORIENTED_EDGE('',*,*,#2611,.T.);
#864=ORIENTED_EDGE('',*,*,#2612,.F.);
#865=ORIENTED_EDGE('',*,*,#2613,.F.);
#866=ORIENTED_EDGE('',*,*,#2614,.F.);
#867=ORIENTED_EDGE('',*,*,#2615,.F.);
#868=ORIENTED_EDGE('',*,*,#2616,.F.);
#869=ORIENTED_EDGE('',*,*,#2617,.T.);
#870=ORIENTED_EDGE('',*,*,#2618,.F.);
#871=ORIENTED_EDGE('',*,*,#2619,.F.);
#872=ORIENTED_EDGE('',*,*,#2620,.F.);
#873=ORIENTED_EDGE('',*,*,#2621,.F.);
#874=ORIENTED_EDGE('',*,*,#2622,.F.);
#875=ORIENTED_EDGE('',*,*,#2623,.T.);
#876=ORIENTED_EDGE('',*,*,#2624,.T.);
#877=ORIENTED_EDGE('',*,*,#2378,.T.);
#878=ORIENTED_EDGE('',*,*,#2625,.F.);
#879=ORIENTED_EDGE('',*,*,#2563,.F.);
#880=ORIENTED_EDGE('',*,*,#2626,.F.);
#881=ORIENTED_EDGE('',*,*,#2627,.T.);
#882=ORIENTED_EDGE('',*,*,#2622,.T.);
#883=ORIENTED_EDGE('',*,*,#2562,.T.);
#884=ORIENTED_EDGE('',*,*,#2628,.T.);
#885=ORIENTED_EDGE('',*,*,#2629,.F.);
#886=ORIENTED_EDGE('',*,*,#2630,.T.);
#887=ORIENTED_EDGE('',*,*,#2631,.T.);
#888=ORIENTED_EDGE('',*,*,#2632,.T.);
#889=ORIENTED_EDGE('',*,*,#2633,.F.);
#890=ORIENTED_EDGE('',*,*,#2634,.T.);
#891=ORIENTED_EDGE('',*,*,#2433,.T.);
#892=ORIENTED_EDGE('',*,*,#2635,.F.);
#893=ORIENTED_EDGE('',*,*,#2636,.F.);
#894=ORIENTED_EDGE('',*,*,#2637,.F.);
#895=ORIENTED_EDGE('',*,*,#2638,.T.);
#896=ORIENTED_EDGE('',*,*,#2639,.F.);
#897=ORIENTED_EDGE('',*,*,#2640,.T.);
#898=ORIENTED_EDGE('',*,*,#2641,.F.);
#899=ORIENTED_EDGE('',*,*,#2642,.F.);
#900=ORIENTED_EDGE('',*,*,#2643,.F.);
#901=ORIENTED_EDGE('',*,*,#2439,.T.);
#902=ORIENTED_EDGE('',*,*,#2644,.T.);
#903=ORIENTED_EDGE('',*,*,#2645,.T.);
#904=ORIENTED_EDGE('',*,*,#2646,.T.);
#905=ORIENTED_EDGE('',*,*,#2647,.T.);
#906=ORIENTED_EDGE('',*,*,#2648,.T.);
#907=ORIENTED_EDGE('',*,*,#2649,.T.);
#908=ORIENTED_EDGE('',*,*,#2650,.T.);
#909=ORIENTED_EDGE('',*,*,#2651,.T.);
#910=ORIENTED_EDGE('',*,*,#2652,.T.);
#911=ORIENTED_EDGE('',*,*,#2653,.F.);
#912=ORIENTED_EDGE('',*,*,#2654,.T.);
#913=ORIENTED_EDGE('',*,*,#2655,.F.);
#914=ORIENTED_EDGE('',*,*,#2656,.F.);
#915=ORIENTED_EDGE('',*,*,#2657,.F.);
#916=ORIENTED_EDGE('',*,*,#2658,.F.);
#917=ORIENTED_EDGE('',*,*,#2659,.T.);
#918=ORIENTED_EDGE('',*,*,#2660,.F.);
#919=ORIENTED_EDGE('',*,*,#2661,.F.);
#920=ORIENTED_EDGE('',*,*,#2549,.F.);
#921=ORIENTED_EDGE('',*,*,#2662,.T.);
#922=ORIENTED_EDGE('',*,*,#2663,.T.);
#923=ORIENTED_EDGE('',*,*,#2664,.T.);
#924=ORIENTED_EDGE('',*,*,#2632,.F.);
#925=ORIENTED_EDGE('',*,*,#2665,.T.);
#926=ORIENTED_EDGE('',*,*,#2666,.F.);
#927=ORIENTED_EDGE('',*,*,#2667,.T.);
#928=ORIENTED_EDGE('',*,*,#2668,.T.);
#929=ORIENTED_EDGE('',*,*,#2669,.T.);
#930=ORIENTED_EDGE('',*,*,#2670,.T.);
#931=ORIENTED_EDGE('',*,*,#2671,.T.);
#932=ORIENTED_EDGE('',*,*,#2672,.T.);
#933=ORIENTED_EDGE('',*,*,#2673,.T.);
#934=ORIENTED_EDGE('',*,*,#2674,.T.);
#935=ORIENTED_EDGE('',*,*,#2675,.T.);
#936=ORIENTED_EDGE('',*,*,#2676,.F.);
#937=ORIENTED_EDGE('',*,*,#2677,.F.);
#938=ORIENTED_EDGE('',*,*,#2678,.F.);
#939=ORIENTED_EDGE('',*,*,#2679,.T.);
#940=ORIENTED_EDGE('',*,*,#2680,.T.);
#941=ORIENTED_EDGE('',*,*,#2681,.T.);
#942=ORIENTED_EDGE('',*,*,#2682,.T.);
#943=ORIENTED_EDGE('',*,*,#2683,.F.);
#944=ORIENTED_EDGE('',*,*,#2684,.T.);
#945=ORIENTED_EDGE('',*,*,#2685,.F.);
#946=ORIENTED_EDGE('',*,*,#2686,.F.);
#947=ORIENTED_EDGE('',*,*,#2687,.F.);
#948=ORIENTED_EDGE('',*,*,#2688,.F.);
#949=ORIENTED_EDGE('',*,*,#2689,.T.);
#950=ORIENTED_EDGE('',*,*,#2690,.F.);
#951=ORIENTED_EDGE('',*,*,#2691,.T.);
#952=ORIENTED_EDGE('',*,*,#2692,.T.);
#953=ORIENTED_EDGE('',*,*,#2693,.F.);
#954=ORIENTED_EDGE('',*,*,#2694,.T.);
#955=ORIENTED_EDGE('',*,*,#2695,.T.);
#956=ORIENTED_EDGE('',*,*,#2696,.T.);
#957=ORIENTED_EDGE('',*,*,#2697,.T.);
#958=ORIENTED_EDGE('',*,*,#2698,.T.);
#959=ORIENTED_EDGE('',*,*,#2699,.T.);
#960=ORIENTED_EDGE('',*,*,#2700,.T.);
#961=ORIENTED_EDGE('',*,*,#2701,.T.);
#962=ORIENTED_EDGE('',*,*,#2702,.T.);
#963=ORIENTED_EDGE('',*,*,#2703,.T.);
#964=ORIENTED_EDGE('',*,*,#2704,.T.);
#965=ORIENTED_EDGE('',*,*,#2705,.T.);
#966=ORIENTED_EDGE('',*,*,#2706,.T.);
#967=ORIENTED_EDGE('',*,*,#2707,.T.);
#968=ORIENTED_EDGE('',*,*,#2708,.F.);
#969=ORIENTED_EDGE('',*,*,#2660,.T.);
#970=ORIENTED_EDGE('',*,*,#2709,.F.);
#971=ORIENTED_EDGE('',*,*,#2710,.T.);
#972=ORIENTED_EDGE('',*,*,#2711,.T.);
#973=ORIENTED_EDGE('',*,*,#2666,.T.);
#974=ORIENTED_EDGE('',*,*,#2712,.F.);
#975=ORIENTED_EDGE('',*,*,#2713,.F.);
#976=ORIENTED_EDGE('',*,*,#2662,.F.);
#977=ORIENTED_EDGE('',*,*,#2548,.F.);
#978=ORIENTED_EDGE('',*,*,#2714,.F.);
#979=ORIENTED_EDGE('',*,*,#2715,.T.);
#980=ORIENTED_EDGE('',*,*,#2716,.T.);
#981=ORIENTED_EDGE('',*,*,#2629,.T.);
#982=ORIENTED_EDGE('',*,*,#2664,.F.);
#983=ORIENTED_EDGE('',*,*,#2717,.F.);
#984=ORIENTED_EDGE('',*,*,#2718,.T.);
#985=ORIENTED_EDGE('',*,*,#2719,.T.);
#986=ORIENTED_EDGE('',*,*,#2720,.F.);
#987=ORIENTED_EDGE('',*,*,#2721,.T.);
#988=ORIENTED_EDGE('',*,*,#2722,.F.);
#989=ORIENTED_EDGE('',*,*,#2723,.T.);
#990=ORIENTED_EDGE('',*,*,#2724,.T.);
#991=ORIENTED_EDGE('',*,*,#2725,.T.);
#992=ORIENTED_EDGE('',*,*,#2726,.T.);
#993=ORIENTED_EDGE('',*,*,#2727,.F.);
#994=ORIENTED_EDGE('',*,*,#2728,.F.);
#995=ORIENTED_EDGE('',*,*,#2729,.T.);
#996=ORIENTED_EDGE('',*,*,#2730,.T.);
#997=ORIENTED_EDGE('',*,*,#2731,.T.);
#998=ORIENTED_EDGE('',*,*,#2732,.T.);
#999=ORIENTED_EDGE('',*,*,#2733,.F.);
#1000=ORIENTED_EDGE('',*,*,#2734,.T.);
#1001=ORIENTED_EDGE('',*,*,#2735,.T.);
#1002=ORIENTED_EDGE('',*,*,#2736,.T.);
#1003=ORIENTED_EDGE('',*,*,#2737,.T.);
#1004=ORIENTED_EDGE('',*,*,#2738,.T.);
#1005=ORIENTED_EDGE('',*,*,#2739,.F.);
#1006=ORIENTED_EDGE('',*,*,#2740,.T.);
#1007=ORIENTED_EDGE('',*,*,#2741,.F.);
#1008=ORIENTED_EDGE('',*,*,#2742,.T.);
#1009=ORIENTED_EDGE('',*,*,#2582,.T.);
#1010=ORIENTED_EDGE('',*,*,#2743,.T.);
#1011=ORIENTED_EDGE('',*,*,#2357,.F.);
#1012=ORIENTED_EDGE('',*,*,#2590,.T.);
#1013=ORIENTED_EDGE('',*,*,#2744,.T.);
#1014=ORIENTED_EDGE('',*,*,#2745,.T.);
#1015=ORIENTED_EDGE('',*,*,#2411,.F.);
#1016=ORIENTED_EDGE('',*,*,#2746,.T.);
#1017=ORIENTED_EDGE('',*,*,#2565,.F.);
#1018=ORIENTED_EDGE('',*,*,#2747,.T.);
#1019=ORIENTED_EDGE('',*,*,#2376,.T.);
#1020=ORIENTED_EDGE('',*,*,#2748,.F.);
#1021=ORIENTED_EDGE('',*,*,#2724,.F.);
#1022=ORIENTED_EDGE('',*,*,#2749,.T.);
#1023=ORIENTED_EDGE('',*,*,#2750,.F.);
#1024=ORIENTED_EDGE('',*,*,#2751,.T.);
#1025=ORIENTED_EDGE('',*,*,#2731,.F.);
#1026=ORIENTED_EDGE('',*,*,#2752,.T.);
#1027=ORIENTED_EDGE('',*,*,#2753,.F.);
#1028=ORIENTED_EDGE('',*,*,#2754,.T.);
#1029=ORIENTED_EDGE('',*,*,#2755,.T.);
#1030=ORIENTED_EDGE('',*,*,#2658,.T.);
#1031=ORIENTED_EDGE('',*,*,#2756,.T.);
#1032=ORIENTED_EDGE('',*,*,#2757,.T.);
#1033=ORIENTED_EDGE('',*,*,#2758,.F.);
#1034=ORIENTED_EDGE('',*,*,#2759,.T.);
#1035=ORIENTED_EDGE('',*,*,#2591,.F.);
#1036=ORIENTED_EDGE('',*,*,#2746,.F.);
#1037=ORIENTED_EDGE('',*,*,#2410,.F.);
#1038=ORIENTED_EDGE('',*,*,#2760,.T.);
#1039=ORIENTED_EDGE('',*,*,#2761,.F.);
#1040=ORIENTED_EDGE('',*,*,#2424,.F.);
#1041=ORIENTED_EDGE('',*,*,#2762,.F.);
#1042=ORIENTED_EDGE('',*,*,#2694,.F.);
#1043=ORIENTED_EDGE('',*,*,#2351,.F.);
#1044=ORIENTED_EDGE('',*,*,#2763,.T.);
#1045=ORIENTED_EDGE('',*,*,#2586,.T.);
#1046=ORIENTED_EDGE('',*,*,#2764,.T.);
#1047=ORIENTED_EDGE('',*,*,#2690,.T.);
#1048=ORIENTED_EDGE('',*,*,#2607,.F.);
#1049=ORIENTED_EDGE('',*,*,#2765,.T.);
#1050=ORIENTED_EDGE('',*,*,#2392,.T.);
#1051=ORIENTED_EDGE('',*,*,#2766,.F.);
#1052=ORIENTED_EDGE('',*,*,#2767,.F.);
#1053=ORIENTED_EDGE('',*,*,#2768,.T.);
#1054=ORIENTED_EDGE('',*,*,#2769,.T.);
#1055=ORIENTED_EDGE('',*,*,#2770,.T.);
#1056=ORIENTED_EDGE('',*,*,#2735,.F.);
#1057=ORIENTED_EDGE('',*,*,#2771,.T.);
#1058=ORIENTED_EDGE('',*,*,#2772,.T.);
#1059=ORIENTED_EDGE('',*,*,#2773,.T.);
#1060=ORIENTED_EDGE('',*,*,#2668,.F.);
#1061=ORIENTED_EDGE('',*,*,#2774,.F.);
#1062=ORIENTED_EDGE('',*,*,#2775,.T.);
#1063=ORIENTED_EDGE('',*,*,#2776,.T.);
#1064=ORIENTED_EDGE('',*,*,#2608,.F.);
#1065=ORIENTED_EDGE('',*,*,#2766,.T.);
#1066=ORIENTED_EDGE('',*,*,#2391,.T.);
#1067=ORIENTED_EDGE('',*,*,#2777,.F.);
#1068=ORIENTED_EDGE('',*,*,#2667,.F.);
#1069=ORIENTED_EDGE('',*,*,#2711,.F.);
#1070=ORIENTED_EDGE('',*,*,#2778,.T.);
#1071=ORIENTED_EDGE('',*,*,#2774,.T.);
#1072=ORIENTED_EDGE('',*,*,#2609,.F.);
#1073=ORIENTED_EDGE('',*,*,#2777,.T.);
#1074=ORIENTED_EDGE('',*,*,#2390,.T.);
#1075=ORIENTED_EDGE('',*,*,#2779,.F.);
#1076=ORIENTED_EDGE('',*,*,#2780,.T.);
#1077=ORIENTED_EDGE('',*,*,#2781,.T.);
#1078=ORIENTED_EDGE('',*,*,#2564,.F.);
#1079=ORIENTED_EDGE('',*,*,#2625,.T.);
#1080=ORIENTED_EDGE('',*,*,#2377,.T.);
#1081=ORIENTED_EDGE('',*,*,#2747,.F.);
#1082=ORIENTED_EDGE('',*,*,#2659,.F.);
#1083=ORIENTED_EDGE('',*,*,#2755,.F.);
#1084=ORIENTED_EDGE('',*,*,#2782,.T.);
#1085=ORIENTED_EDGE('',*,*,#2709,.T.);
#1086=ORIENTED_EDGE('',*,*,#2581,.F.);
#1087=ORIENTED_EDGE('',*,*,#2783,.T.);
#1088=ORIENTED_EDGE('',*,*,#2784,.T.);
#1089=ORIENTED_EDGE('',*,*,#2358,.F.);
#1090=ORIENTED_EDGE('',*,*,#2743,.F.);
#1091=ORIENTED_EDGE('',*,*,#2785,.F.);
#1092=ORIENTED_EDGE('',*,*,#2786,.T.);
#1093=ORIENTED_EDGE('',*,*,#2758,.T.);
#1094=ORIENTED_EDGE('',*,*,#2409,.T.);
#1095=ORIENTED_EDGE('',*,*,#2787,.F.);
#1096=ORIENTED_EDGE('',*,*,#2788,.T.);
#1097=ORIENTED_EDGE('',*,*,#2785,.T.);
#1098=ORIENTED_EDGE('',*,*,#2408,.T.);
#1099=ORIENTED_EDGE('',*,*,#2789,.F.);
#1100=ORIENTED_EDGE('',*,*,#2790,.T.);
#1101=ORIENTED_EDGE('',*,*,#2787,.T.);
#1102=ORIENTED_EDGE('',*,*,#2407,.T.);
#1103=ORIENTED_EDGE('',*,*,#2593,.F.);
#1104=ORIENTED_EDGE('',*,*,#2791,.T.);
#1105=ORIENTED_EDGE('',*,*,#2789,.T.);
#1106=ORIENTED_EDGE('',*,*,#2406,.T.);
#1107=ORIENTED_EDGE('',*,*,#2792,.F.);
#1108=ORIENTED_EDGE('',*,*,#2594,.F.);
#1109=ORIENTED_EDGE('',*,*,#2792,.T.);
#1110=ORIENTED_EDGE('',*,*,#2405,.T.);
#1111=ORIENTED_EDGE('',*,*,#2793,.F.);
#1112=ORIENTED_EDGE('',*,*,#2595,.F.);
#1113=ORIENTED_EDGE('',*,*,#2793,.T.);
#1114=ORIENTED_EDGE('',*,*,#2404,.T.);
#1115=ORIENTED_EDGE('',*,*,#2794,.F.);
#1116=ORIENTED_EDGE('',*,*,#2596,.F.);
#1117=ORIENTED_EDGE('',*,*,#2794,.T.);
#1118=ORIENTED_EDGE('',*,*,#2403,.T.);
#1119=ORIENTED_EDGE('',*,*,#2795,.F.);
#1120=ORIENTED_EDGE('',*,*,#2597,.F.);
#1121=ORIENTED_EDGE('',*,*,#2795,.T.);
#1122=ORIENTED_EDGE('',*,*,#2402,.T.);
#1123=ORIENTED_EDGE('',*,*,#2796,.F.);
#1124=ORIENTED_EDGE('',*,*,#2598,.F.);
#1125=ORIENTED_EDGE('',*,*,#2796,.T.);
#1126=ORIENTED_EDGE('',*,*,#2401,.T.);
#1127=ORIENTED_EDGE('',*,*,#2797,.F.);
#1128=ORIENTED_EDGE('',*,*,#2798,.F.);
#1129=ORIENTED_EDGE('',*,*,#2799,.T.);
#1130=ORIENTED_EDGE('',*,*,#2800,.T.);
#1131=ORIENTED_EDGE('',*,*,#2801,.T.);
#1132=ORIENTED_EDGE('',*,*,#2599,.F.);
#1133=ORIENTED_EDGE('',*,*,#2797,.T.);
#1134=ORIENTED_EDGE('',*,*,#2400,.T.);
#1135=ORIENTED_EDGE('',*,*,#2802,.T.);
#1136=ORIENTED_EDGE('',*,*,#2557,.F.);
#1137=ORIENTED_EDGE('',*,*,#2803,.F.);
#1138=ORIENTED_EDGE('',*,*,#2804,.T.);
#1139=ORIENTED_EDGE('',*,*,#2805,.T.);
#1140=ORIENTED_EDGE('',*,*,#2806,.F.);
#1141=ORIENTED_EDGE('',*,*,#2807,.T.);
#1142=ORIENTED_EDGE('',*,*,#2559,.T.);
#1143=ORIENTED_EDGE('',*,*,#2808,.T.);
#1144=ORIENTED_EDGE('',*,*,#2398,.T.);
#1145=ORIENTED_EDGE('',*,*,#2809,.F.);
#1146=ORIENTED_EDGE('',*,*,#2601,.F.);
#1147=ORIENTED_EDGE('',*,*,#2810,.F.);
#1148=ORIENTED_EDGE('',*,*,#2602,.F.);
#1149=ORIENTED_EDGE('',*,*,#2809,.T.);
#1150=ORIENTED_EDGE('',*,*,#2397,.T.);
#1151=ORIENTED_EDGE('',*,*,#2811,.F.);
#1152=ORIENTED_EDGE('',*,*,#2603,.F.);
#1153=ORIENTED_EDGE('',*,*,#2811,.T.);
#1154=ORIENTED_EDGE('',*,*,#2396,.T.);
#1155=ORIENTED_EDGE('',*,*,#2812,.F.);
#1156=ORIENTED_EDGE('',*,*,#2604,.F.);
#1157=ORIENTED_EDGE('',*,*,#2812,.T.);
#1158=ORIENTED_EDGE('',*,*,#2395,.T.);
#1159=ORIENTED_EDGE('',*,*,#2813,.F.);
#1160=ORIENTED_EDGE('',*,*,#2605,.F.);
#1161=ORIENTED_EDGE('',*,*,#2813,.T.);
#1162=ORIENTED_EDGE('',*,*,#2394,.T.);
#1163=ORIENTED_EDGE('',*,*,#2814,.F.);
#1164=ORIENTED_EDGE('',*,*,#2606,.F.);
#1165=ORIENTED_EDGE('',*,*,#2814,.T.);
#1166=ORIENTED_EDGE('',*,*,#2393,.T.);
#1167=ORIENTED_EDGE('',*,*,#2765,.F.);
#1168=ORIENTED_EDGE('',*,*,#2815,.F.);
#1169=ORIENTED_EDGE('',*,*,#2566,.T.);
#1170=ORIENTED_EDGE('',*,*,#2748,.T.);
#1171=ORIENTED_EDGE('',*,*,#2375,.F.);
#1172=ORIENTED_EDGE('',*,*,#2784,.F.);
#1173=ORIENTED_EDGE('',*,*,#2816,.T.);
#1174=ORIENTED_EDGE('',*,*,#2817,.T.);
#1175=ORIENTED_EDGE('',*,*,#2359,.F.);
#1176=ORIENTED_EDGE('',*,*,#2817,.F.);
#1177=ORIENTED_EDGE('',*,*,#2818,.T.);
#1178=ORIENTED_EDGE('',*,*,#2819,.T.);
#1179=ORIENTED_EDGE('',*,*,#2360,.F.);
#1180=ORIENTED_EDGE('',*,*,#2819,.F.);
#1181=ORIENTED_EDGE('',*,*,#2820,.T.);
#1182=ORIENTED_EDGE('',*,*,#2821,.T.);
#1183=ORIENTED_EDGE('',*,*,#2361,.F.);
#1184=ORIENTED_EDGE('',*,*,#2821,.F.);
#1185=ORIENTED_EDGE('',*,*,#2822,.T.);
#1186=ORIENTED_EDGE('',*,*,#2579,.T.);
#1187=ORIENTED_EDGE('',*,*,#2823,.T.);
#1188=ORIENTED_EDGE('',*,*,#2362,.F.);
#1189=ORIENTED_EDGE('',*,*,#2823,.F.);
#1190=ORIENTED_EDGE('',*,*,#2578,.T.);
#1191=ORIENTED_EDGE('',*,*,#2824,.T.);
#1192=ORIENTED_EDGE('',*,*,#2363,.F.);
#1193=ORIENTED_EDGE('',*,*,#2824,.F.);
#1194=ORIENTED_EDGE('',*,*,#2577,.T.);
#1195=ORIENTED_EDGE('',*,*,#2825,.T.);
#1196=ORIENTED_EDGE('',*,*,#2364,.F.);
#1197=ORIENTED_EDGE('',*,*,#2825,.F.);
#1198=ORIENTED_EDGE('',*,*,#2576,.T.);
#1199=ORIENTED_EDGE('',*,*,#2826,.T.);
#1200=ORIENTED_EDGE('',*,*,#2365,.F.);
#1201=ORIENTED_EDGE('',*,*,#2826,.F.);
#1202=ORIENTED_EDGE('',*,*,#2575,.T.);
#1203=ORIENTED_EDGE('',*,*,#2827,.T.);
#1204=ORIENTED_EDGE('',*,*,#2366,.F.);
#1205=ORIENTED_EDGE('',*,*,#2827,.F.);
#1206=ORIENTED_EDGE('',*,*,#2574,.T.);
#1207=ORIENTED_EDGE('',*,*,#2828,.T.);
#1208=ORIENTED_EDGE('',*,*,#2367,.F.);
#1209=ORIENTED_EDGE('',*,*,#2829,.F.);
#1210=ORIENTED_EDGE('',*,*,#2830,.T.);
#1211=ORIENTED_EDGE('',*,*,#2831,.F.);
#1212=ORIENTED_EDGE('',*,*,#2832,.T.);
#1213=ORIENTED_EDGE('',*,*,#2833,.T.);
#1214=ORIENTED_EDGE('',*,*,#2834,.T.);
#1215=ORIENTED_EDGE('',*,*,#2368,.F.);
#1216=ORIENTED_EDGE('',*,*,#2828,.F.);
#1217=ORIENTED_EDGE('',*,*,#2573,.T.);
#1218=ORIENTED_EDGE('',*,*,#2835,.F.);
#1219=ORIENTED_EDGE('',*,*,#2836,.F.);
#1220=ORIENTED_EDGE('',*,*,#2837,.T.);
#1221=ORIENTED_EDGE('',*,*,#2838,.T.);
#1222=ORIENTED_EDGE('',*,*,#2833,.F.);
#1223=ORIENTED_EDGE('',*,*,#2839,.F.);
#1224=ORIENTED_EDGE('',*,*,#2840,.T.);
#1225=ORIENTED_EDGE('',*,*,#2841,.F.);
#1226=ORIENTED_EDGE('',*,*,#2842,.T.);
#1227=ORIENTED_EDGE('',*,*,#2571,.T.);
#1228=ORIENTED_EDGE('',*,*,#2843,.T.);
#1229=ORIENTED_EDGE('',*,*,#2370,.F.);
#1230=ORIENTED_EDGE('',*,*,#2844,.T.);
#1231=ORIENTED_EDGE('',*,*,#2837,.F.);
#1232=ORIENTED_EDGE('',*,*,#2845,.F.);
#1233=ORIENTED_EDGE('',*,*,#2843,.F.);
#1234=ORIENTED_EDGE('',*,*,#2570,.T.);
#1235=ORIENTED_EDGE('',*,*,#2846,.T.);
#1236=ORIENTED_EDGE('',*,*,#2371,.F.);
#1237=ORIENTED_EDGE('',*,*,#2846,.F.);
#1238=ORIENTED_EDGE('',*,*,#2569,.T.);
#1239=ORIENTED_EDGE('',*,*,#2847,.T.);
#1240=ORIENTED_EDGE('',*,*,#2372,.F.);
#1241=ORIENTED_EDGE('',*,*,#2847,.F.);
#1242=ORIENTED_EDGE('',*,*,#2568,.T.);
#1243=ORIENTED_EDGE('',*,*,#2848,.T.);
#1244=ORIENTED_EDGE('',*,*,#2373,.F.);
#1245=ORIENTED_EDGE('',*,*,#2848,.F.);
#1246=ORIENTED_EDGE('',*,*,#2567,.T.);
#1247=ORIENTED_EDGE('',*,*,#2815,.T.);
#1248=ORIENTED_EDGE('',*,*,#2374,.F.);
#1249=ORIENTED_EDGE('',*,*,#2849,.F.);
#1250=ORIENTED_EDGE('',*,*,#2612,.T.);
#1251=ORIENTED_EDGE('',*,*,#2850,.F.);
#1252=ORIENTED_EDGE('',*,*,#2851,.T.);
#1253=ORIENTED_EDGE('',*,*,#2779,.T.);
#1254=ORIENTED_EDGE('',*,*,#2389,.F.);
#1255=ORIENTED_EDGE('',*,*,#2624,.F.);
#1256=ORIENTED_EDGE('',*,*,#2852,.T.);
#1257=ORIENTED_EDGE('',*,*,#2853,.F.);
#1258=ORIENTED_EDGE('',*,*,#2854,.T.);
#1259=ORIENTED_EDGE('',*,*,#2560,.T.);
#1260=ORIENTED_EDGE('',*,*,#2855,.T.);
#1261=ORIENTED_EDGE('',*,*,#2379,.F.);
#1262=ORIENTED_EDGE('',*,*,#2855,.F.);
#1263=ORIENTED_EDGE('',*,*,#2621,.T.);
#1264=ORIENTED_EDGE('',*,*,#2856,.T.);
#1265=ORIENTED_EDGE('',*,*,#2380,.F.);
#1266=ORIENTED_EDGE('',*,*,#2856,.F.);
#1267=ORIENTED_EDGE('',*,*,#2620,.T.);
#1268=ORIENTED_EDGE('',*,*,#2857,.T.);
#1269=ORIENTED_EDGE('',*,*,#2381,.F.);
#1270=ORIENTED_EDGE('',*,*,#2857,.F.);
#1271=ORIENTED_EDGE('',*,*,#2619,.T.);
#1272=ORIENTED_EDGE('',*,*,#2858,.T.);
#1273=ORIENTED_EDGE('',*,*,#2382,.F.);
#1274=ORIENTED_EDGE('',*,*,#2859,.T.);
#1275=ORIENTED_EDGE('',*,*,#2860,.T.);
#1276=ORIENTED_EDGE('',*,*,#2861,.F.);
#1277=ORIENTED_EDGE('',*,*,#2862,.T.);
#1278=ORIENTED_EDGE('',*,*,#2863,.T.);
#1279=ORIENTED_EDGE('',*,*,#2864,.T.);
#1280=ORIENTED_EDGE('',*,*,#2383,.F.);
#1281=ORIENTED_EDGE('',*,*,#2858,.F.);
#1282=ORIENTED_EDGE('',*,*,#2618,.T.);
#1283=ORIENTED_EDGE('',*,*,#2865,.F.);
#1284=ORIENTED_EDGE('',*,*,#2866,.F.);
#1285=ORIENTED_EDGE('',*,*,#2867,.T.);
#1286=ORIENTED_EDGE('',*,*,#2868,.T.);
#1287=ORIENTED_EDGE('',*,*,#2863,.F.);
#1288=ORIENTED_EDGE('',*,*,#2869,.F.);
#1289=ORIENTED_EDGE('',*,*,#2870,.T.);
#1290=ORIENTED_EDGE('',*,*,#2871,.T.);
#1291=ORIENTED_EDGE('',*,*,#2872,.T.);
#1292=ORIENTED_EDGE('',*,*,#2616,.T.);
#1293=ORIENTED_EDGE('',*,*,#2873,.T.);
#1294=ORIENTED_EDGE('',*,*,#2385,.F.);
#1295=ORIENTED_EDGE('',*,*,#2874,.T.);
#1296=ORIENTED_EDGE('',*,*,#2867,.F.);
#1297=ORIENTED_EDGE('',*,*,#2875,.F.);
#1298=ORIENTED_EDGE('',*,*,#2873,.F.);
#1299=ORIENTED_EDGE('',*,*,#2615,.T.);
#1300=ORIENTED_EDGE('',*,*,#2876,.T.);
#1301=ORIENTED_EDGE('',*,*,#2386,.F.);
#1302=ORIENTED_EDGE('',*,*,#2876,.F.);
#1303=ORIENTED_EDGE('',*,*,#2614,.T.);
#1304=ORIENTED_EDGE('',*,*,#2877,.T.);
#1305=ORIENTED_EDGE('',*,*,#2387,.F.);
#1306=ORIENTED_EDGE('',*,*,#2877,.F.);
#1307=ORIENTED_EDGE('',*,*,#2613,.T.);
#1308=ORIENTED_EDGE('',*,*,#2849,.T.);
#1309=ORIENTED_EDGE('',*,*,#2388,.F.);
#1310=ORIENTED_EDGE('',*,*,#2745,.F.);
#1311=ORIENTED_EDGE('',*,*,#2878,.T.);
#1312=ORIENTED_EDGE('',*,*,#2879,.T.);
#1313=ORIENTED_EDGE('',*,*,#2412,.F.);
#1314=ORIENTED_EDGE('',*,*,#2422,.F.);
#1315=ORIENTED_EDGE('',*,*,#2880,.T.);
#1316=ORIENTED_EDGE('',*,*,#2881,.T.);
#1317=ORIENTED_EDGE('',*,*,#2413,.F.);
#1318=ORIENTED_EDGE('',*,*,#2879,.F.);
#1319=ORIENTED_EDGE('',*,*,#2882,.T.);
#1320=ORIENTED_EDGE('',*,*,#2588,.T.);
#1321=ORIENTED_EDGE('',*,*,#2883,.T.);
#1322=ORIENTED_EDGE('',*,*,#2688,.T.);
#1323=ORIENTED_EDGE('',*,*,#2884,.F.);
#1324=ORIENTED_EDGE('',*,*,#2885,.F.);
#1325=ORIENTED_EDGE('',*,*,#2886,.T.);
#1326=ORIENTED_EDGE('',*,*,#2426,.T.);
#1327=ORIENTED_EDGE('',*,*,#2887,.T.);
#1328=ORIENTED_EDGE('',*,*,#2692,.F.);
#1329=ORIENTED_EDGE('',*,*,#2888,.F.);
#1330=ORIENTED_EDGE('',*,*,#2584,.F.);
#1331=ORIENTED_EDGE('',*,*,#2889,.T.);
#1332=ORIENTED_EDGE('',*,*,#2890,.T.);
#1333=ORIENTED_EDGE('',*,*,#2355,.T.);
#1334=ORIENTED_EDGE('',*,*,#2890,.F.);
#1335=ORIENTED_EDGE('',*,*,#2891,.T.);
#1336=ORIENTED_EDGE('',*,*,#2741,.T.);
#1337=ORIENTED_EDGE('',*,*,#2356,.T.);
#1338=ORIENTED_EDGE('',*,*,#2892,.T.);
#1339=ORIENTED_EDGE('',*,*,#2893,.T.);
#1340=ORIENTED_EDGE('',*,*,#2894,.F.);
#1341=ORIENTED_EDGE('',*,*,#2895,.T.);
#1342=ORIENTED_EDGE('',*,*,#2896,.F.);
#1343=ORIENTED_EDGE('',*,*,#2897,.T.);
#1344=ORIENTED_EDGE('',*,*,#2898,.T.);
#1345=ORIENTED_EDGE('',*,*,#2899,.T.);
#1346=ORIENTED_EDGE('',*,*,#2900,.T.);
#1347=ORIENTED_EDGE('',*,*,#2655,.T.);
#1348=ORIENTED_EDGE('',*,*,#2901,.T.);
#1349=ORIENTED_EDGE('',*,*,#2902,.T.);
#1350=ORIENTED_EDGE('',*,*,#2903,.T.);
#1351=ORIENTED_EDGE('',*,*,#2904,.T.);
#1352=ORIENTED_EDGE('',*,*,#2894,.T.);
#1353=ORIENTED_EDGE('',*,*,#2905,.T.);
#1354=ORIENTED_EDGE('',*,*,#2906,.T.);
#1355=ORIENTED_EDGE('',*,*,#2907,.T.);
#1356=ORIENTED_EDGE('',*,*,#2908,.T.);
#1357=ORIENTED_EDGE('',*,*,#2909,.T.);
#1358=ORIENTED_EDGE('',*,*,#2901,.F.);
#1359=ORIENTED_EDGE('',*,*,#2910,.T.);
#1360=ORIENTED_EDGE('',*,*,#2911,.F.);
#1361=ORIENTED_EDGE('',*,*,#2912,.T.);
#1362=ORIENTED_EDGE('',*,*,#2913,.T.);
#1363=ORIENTED_EDGE('',*,*,#2914,.F.);
#1364=ORIENTED_EDGE('',*,*,#2915,.T.);
#1365=ORIENTED_EDGE('',*,*,#2916,.T.);
#1366=ORIENTED_EDGE('',*,*,#2900,.F.);
#1367=ORIENTED_EDGE('',*,*,#2917,.T.);
#1368=ORIENTED_EDGE('',*,*,#2918,.T.);
#1369=ORIENTED_EDGE('',*,*,#2656,.T.);
#1370=ORIENTED_EDGE('',*,*,#2918,.F.);
#1371=ORIENTED_EDGE('',*,*,#2919,.T.);
#1372=ORIENTED_EDGE('',*,*,#2756,.F.);
#1373=ORIENTED_EDGE('',*,*,#2657,.T.);
#1374=ORIENTED_EDGE('',*,*,#2776,.F.);
#1375=ORIENTED_EDGE('',*,*,#2920,.T.);
#1376=ORIENTED_EDGE('',*,*,#2921,.F.);
#1377=ORIENTED_EDGE('',*,*,#2669,.F.);
#1378=ORIENTED_EDGE('',*,*,#2922,.T.);
#1379=ORIENTED_EDGE('',*,*,#2923,.T.);
#1380=ORIENTED_EDGE('',*,*,#2924,.T.);
#1381=ORIENTED_EDGE('',*,*,#2925,.T.);
#1382=ORIENTED_EDGE('',*,*,#2926,.T.);
#1383=ORIENTED_EDGE('',*,*,#2927,.T.);
#1384=ORIENTED_EDGE('',*,*,#2928,.T.);
#1385=ORIENTED_EDGE('',*,*,#2929,.T.);
#1386=ORIENTED_EDGE('',*,*,#2930,.T.);
#1387=ORIENTED_EDGE('',*,*,#2931,.T.);
#1388=ORIENTED_EDGE('',*,*,#2932,.T.);
#1389=ORIENTED_EDGE('',*,*,#2933,.T.);
#1390=ORIENTED_EDGE('',*,*,#2934,.T.);
#1391=ORIENTED_EDGE('',*,*,#2935,.T.);
#1392=ORIENTED_EDGE('',*,*,#2936,.T.);
#1393=ORIENTED_EDGE('',*,*,#2937,.T.);
#1394=ORIENTED_EDGE('',*,*,#2938,.T.);
#1395=ORIENTED_EDGE('',*,*,#2939,.T.);
#1396=ORIENTED_EDGE('',*,*,#2940,.T.);
#1397=ORIENTED_EDGE('',*,*,#2941,.T.);
#1398=ORIENTED_EDGE('',*,*,#2942,.T.);
#1399=ORIENTED_EDGE('',*,*,#2943,.T.);
#1400=ORIENTED_EDGE('',*,*,#2944,.T.);
#1401=ORIENTED_EDGE('',*,*,#2945,.T.);
#1402=ORIENTED_EDGE('',*,*,#2946,.T.);
#1403=ORIENTED_EDGE('',*,*,#2914,.T.);
#1404=ORIENTED_EDGE('',*,*,#2916,.F.);
#1405=ORIENTED_EDGE('',*,*,#2947,.T.);
#1406=ORIENTED_EDGE('',*,*,#2948,.T.);
#1407=ORIENTED_EDGE('',*,*,#2949,.T.);
#1408=ORIENTED_EDGE('',*,*,#2671,.F.);
#1409=ORIENTED_EDGE('',*,*,#2950,.F.);
#1410=ORIENTED_EDGE('',*,*,#2951,.T.);
#1411=ORIENTED_EDGE('',*,*,#2679,.F.);
#1412=ORIENTED_EDGE('',*,*,#2897,.F.);
#1413=ORIENTED_EDGE('',*,*,#2675,.F.);
#1414=ORIENTED_EDGE('',*,*,#2952,.T.);
#1415=ORIENTED_EDGE('',*,*,#2953,.T.);
#1416=ORIENTED_EDGE('',*,*,#2954,.T.);
#1417=ORIENTED_EDGE('',*,*,#2651,.F.);
#1418=ORIENTED_EDGE('',*,*,#2912,.F.);
#1419=ORIENTED_EDGE('',*,*,#2647,.F.);
#1420=ORIENTED_EDGE('',*,*,#2955,.T.);
#1421=ORIENTED_EDGE('',*,*,#2956,.F.);
#1422=ORIENTED_EDGE('',*,*,#2444,.F.);
#1423=ORIENTED_EDGE('',*,*,#2957,.T.);
#1424=ORIENTED_EDGE('',*,*,#2958,.T.);
#1425=ORIENTED_EDGE('',*,*,#2959,.T.);
#1426=ORIENTED_EDGE('',*,*,#2340,.T.);
#1427=ORIENTED_EDGE('',*,*,#2960,.F.);
#1428=ORIENTED_EDGE('',*,*,#2961,.T.);
#1429=ORIENTED_EDGE('',*,*,#2962,.T.);
#1430=ORIENTED_EDGE('',*,*,#2963,.T.);
#1431=ORIENTED_EDGE('',*,*,#2964,.T.);
#1432=ORIENTED_EDGE('',*,*,#2448,.T.);
#1433=ORIENTED_EDGE('',*,*,#2965,.T.);
#1434=ORIENTED_EDGE('',*,*,#2966,.T.);
#1435=ORIENTED_EDGE('',*,*,#2967,.T.);
#1436=ORIENTED_EDGE('',*,*,#2653,.T.);
#1437=ORIENTED_EDGE('',*,*,#2968,.F.);
#1438=ORIENTED_EDGE('',*,*,#2969,.T.);
#1439=ORIENTED_EDGE('',*,*,#2970,.T.);
#1440=ORIENTED_EDGE('',*,*,#2971,.T.);
#1441=ORIENTED_EDGE('',*,*,#2972,.F.);
#1442=ORIENTED_EDGE('',*,*,#2673,.F.);
#1443=ORIENTED_EDGE('',*,*,#2921,.T.);
#1444=ORIENTED_EDGE('',*,*,#2973,.T.);
#1445=ORIENTED_EDGE('',*,*,#2947,.F.);
#1446=ORIENTED_EDGE('',*,*,#2670,.F.);
#1447=ORIENTED_EDGE('',*,*,#2954,.F.);
#1448=ORIENTED_EDGE('',*,*,#2974,.T.);
#1449=ORIENTED_EDGE('',*,*,#2965,.F.);
#1450=ORIENTED_EDGE('',*,*,#2975,.F.);
#1451=ORIENTED_EDGE('',*,*,#2975,.T.);
#1452=ORIENTED_EDGE('',*,*,#2968,.T.);
#1453=ORIENTED_EDGE('',*,*,#2652,.F.);
#1454=ORIENTED_EDGE('',*,*,#2971,.F.);
#1455=ORIENTED_EDGE('',*,*,#2976,.T.);
#1456=ORIENTED_EDGE('',*,*,#2952,.F.);
#1457=ORIENTED_EDGE('',*,*,#2977,.F.);
#1458=ORIENTED_EDGE('',*,*,#2972,.T.);
#1459=ORIENTED_EDGE('',*,*,#2977,.T.);
#1460=ORIENTED_EDGE('',*,*,#2674,.F.);
#1461=ORIENTED_EDGE('',*,*,#2881,.F.);
#1462=ORIENTED_EDGE('',*,*,#2978,.T.);
#1463=ORIENTED_EDGE('',*,*,#2450,.T.);
#1464=ORIENTED_EDGE('',*,*,#2414,.F.);
#1465=ORIENTED_EDGE('',*,*,#2979,.T.);
#1466=ORIENTED_EDGE('',*,*,#2980,.T.);
#1467=ORIENTED_EDGE('',*,*,#2892,.F.);
#1468=ORIENTED_EDGE('',*,*,#2678,.T.);
#1469=ORIENTED_EDGE('',*,*,#2981,.T.);
#1470=ORIENTED_EDGE('',*,*,#2982,.T.);
#1471=ORIENTED_EDGE('',*,*,#2979,.F.);
#1472=ORIENTED_EDGE('',*,*,#2677,.T.);
#1473=ORIENTED_EDGE('',*,*,#2896,.T.);
#1474=ORIENTED_EDGE('',*,*,#2983,.T.);
#1475=ORIENTED_EDGE('',*,*,#2981,.F.);
#1476=ORIENTED_EDGE('',*,*,#2676,.T.);
#1477=ORIENTED_EDGE('',*,*,#2345,.F.);
#1478=ORIENTED_EDGE('',*,*,#2984,.T.);
#1479=ORIENTED_EDGE('',*,*,#2885,.T.);
#1480=ORIENTED_EDGE('',*,*,#2354,.T.);
#1481=ORIENTED_EDGE('',*,*,#2911,.T.);
#1482=ORIENTED_EDGE('',*,*,#2985,.T.);
#1483=ORIENTED_EDGE('',*,*,#2986,.F.);
#1484=ORIENTED_EDGE('',*,*,#2648,.F.);
#1485=ORIENTED_EDGE('',*,*,#2986,.T.);
#1486=ORIENTED_EDGE('',*,*,#2987,.T.);
#1487=ORIENTED_EDGE('',*,*,#2988,.F.);
#1488=ORIENTED_EDGE('',*,*,#2649,.F.);
#1489=ORIENTED_EDGE('',*,*,#2988,.T.);
#1490=ORIENTED_EDGE('',*,*,#2989,.T.);
#1491=ORIENTED_EDGE('',*,*,#2908,.F.);
#1492=ORIENTED_EDGE('',*,*,#2650,.F.);
#1493=ORIENTED_EDGE('',*,*,#2967,.F.);
#1494=ORIENTED_EDGE('',*,*,#2990,.T.);
#1495=ORIENTED_EDGE('',*,*,#2898,.F.);
#1496=ORIENTED_EDGE('',*,*,#2654,.F.);
#1497=ORIENTED_EDGE('',*,*,#2949,.F.);
#1498=ORIENTED_EDGE('',*,*,#2991,.T.);
#1499=ORIENTED_EDGE('',*,*,#2969,.F.);
#1500=ORIENTED_EDGE('',*,*,#2672,.F.);
#1501=ORIENTED_EDGE('',*,*,#2992,.F.);
#1502=ORIENTED_EDGE('',*,*,#2939,.F.);
#1503=ORIENTED_EDGE('',*,*,#2993,.F.);
#1504=ORIENTED_EDGE('',*,*,#2966,.F.);
#1505=ORIENTED_EDGE('',*,*,#2993,.T.);
#1506=ORIENTED_EDGE('',*,*,#2938,.F.);
#1507=ORIENTED_EDGE('',*,*,#2994,.F.);
#1508=ORIENTED_EDGE('',*,*,#2990,.F.);
#1509=ORIENTED_EDGE('',*,*,#2992,.T.);
#1510=ORIENTED_EDGE('',*,*,#2974,.F.);
#1511=ORIENTED_EDGE('',*,*,#2995,.F.);
#1512=ORIENTED_EDGE('',*,*,#2940,.F.);
#1513=ORIENTED_EDGE('',*,*,#2994,.T.);
#1514=ORIENTED_EDGE('',*,*,#2937,.F.);
#1515=ORIENTED_EDGE('',*,*,#2996,.F.);
#1516=ORIENTED_EDGE('',*,*,#2899,.F.);
#1517=ORIENTED_EDGE('',*,*,#2995,.T.);
#1518=ORIENTED_EDGE('',*,*,#2953,.F.);
#1519=ORIENTED_EDGE('',*,*,#2997,.F.);
#1520=ORIENTED_EDGE('',*,*,#2941,.F.);
#1521=ORIENTED_EDGE('',*,*,#2996,.T.);
#1522=ORIENTED_EDGE('',*,*,#2936,.F.);
#1523=ORIENTED_EDGE('',*,*,#2998,.F.);
#1524=ORIENTED_EDGE('',*,*,#2917,.F.);
#1525=ORIENTED_EDGE('',*,*,#2997,.T.);
#1526=ORIENTED_EDGE('',*,*,#2976,.F.);
#1527=ORIENTED_EDGE('',*,*,#2999,.F.);
#1528=ORIENTED_EDGE('',*,*,#2942,.F.);
#1529=ORIENTED_EDGE('',*,*,#2998,.T.);
#1530=ORIENTED_EDGE('',*,*,#2935,.F.);
#1531=ORIENTED_EDGE('',*,*,#3000,.F.);
#1532=ORIENTED_EDGE('',*,*,#2919,.F.);
#1533=ORIENTED_EDGE('',*,*,#2999,.T.);
#1534=ORIENTED_EDGE('',*,*,#2970,.F.);
#1535=ORIENTED_EDGE('',*,*,#3001,.F.);
#1536=ORIENTED_EDGE('',*,*,#2943,.F.);
#1537=ORIENTED_EDGE('',*,*,#3000,.T.);
#1538=ORIENTED_EDGE('',*,*,#2934,.F.);
#1539=ORIENTED_EDGE('',*,*,#3002,.F.);
#1540=ORIENTED_EDGE('',*,*,#2757,.F.);
#1541=ORIENTED_EDGE('',*,*,#3001,.T.);
#1542=ORIENTED_EDGE('',*,*,#2991,.F.);
#1543=ORIENTED_EDGE('',*,*,#3003,.F.);
#1544=ORIENTED_EDGE('',*,*,#2944,.F.);
#1545=ORIENTED_EDGE('',*,*,#2782,.F.);
#1546=ORIENTED_EDGE('',*,*,#3002,.T.);
#1547=ORIENTED_EDGE('',*,*,#3004,.F.);
#1548=ORIENTED_EDGE('',*,*,#3003,.T.);
#1549=ORIENTED_EDGE('',*,*,#2948,.F.);
#1550=ORIENTED_EDGE('',*,*,#3005,.F.);
#1551=ORIENTED_EDGE('',*,*,#2945,.F.);
#1552=ORIENTED_EDGE('',*,*,#3004,.T.);
#1553=ORIENTED_EDGE('',*,*,#2933,.F.);
#1554=ORIENTED_EDGE('',*,*,#3006,.F.);
#1555=ORIENTED_EDGE('',*,*,#2710,.F.);
#1556=ORIENTED_EDGE('',*,*,#3005,.T.);
#1557=ORIENTED_EDGE('',*,*,#2973,.F.);
#1558=ORIENTED_EDGE('',*,*,#3007,.F.);
#1559=ORIENTED_EDGE('',*,*,#2946,.F.);
#1560=ORIENTED_EDGE('',*,*,#2778,.F.);
#1561=ORIENTED_EDGE('',*,*,#3006,.T.);
#1562=ORIENTED_EDGE('',*,*,#3008,.F.);
#1563=ORIENTED_EDGE('',*,*,#3007,.T.);
#1564=ORIENTED_EDGE('',*,*,#2920,.F.);
#1565=ORIENTED_EDGE('',*,*,#3009,.F.);
#1566=ORIENTED_EDGE('',*,*,#2931,.F.);
#1567=ORIENTED_EDGE('',*,*,#3008,.T.);
#1568=ORIENTED_EDGE('',*,*,#2932,.F.);
#1569=ORIENTED_EDGE('',*,*,#3009,.T.);
#1570=ORIENTED_EDGE('',*,*,#2775,.F.);
#1571=ORIENTED_EDGE('',*,*,#2585,.T.);
#1572=ORIENTED_EDGE('',*,*,#2888,.T.);
#1573=ORIENTED_EDGE('',*,*,#2691,.F.);
#1574=ORIENTED_EDGE('',*,*,#2764,.F.);
#1575=ORIENTED_EDGE('',*,*,#2689,.F.);
#1576=ORIENTED_EDGE('',*,*,#2883,.F.);
#1577=ORIENTED_EDGE('',*,*,#2587,.T.);
#1578=ORIENTED_EDGE('',*,*,#2763,.F.);
#1579=ORIENTED_EDGE('',*,*,#2761,.T.);
#1580=ORIENTED_EDGE('',*,*,#2693,.T.);
#1581=ORIENTED_EDGE('',*,*,#2887,.F.);
#1582=ORIENTED_EDGE('',*,*,#2425,.F.);
#1583=ORIENTED_EDGE('',*,*,#2762,.T.);
#1584=ORIENTED_EDGE('',*,*,#2423,.F.);
#1585=ORIENTED_EDGE('',*,*,#2884,.T.);
#1586=ORIENTED_EDGE('',*,*,#2687,.T.);
#1587=ORIENTED_EDGE('',*,*,#2834,.F.);
#1588=ORIENTED_EDGE('',*,*,#2838,.F.);
#1589=ORIENTED_EDGE('',*,*,#2844,.F.);
#1590=ORIENTED_EDGE('',*,*,#2369,.F.);
#1591=ORIENTED_EDGE('',*,*,#2802,.F.);
#1592=ORIENTED_EDGE('',*,*,#2399,.F.);
#1593=ORIENTED_EDGE('',*,*,#2808,.F.);
#1594=ORIENTED_EDGE('',*,*,#2558,.F.);
#1595=ORIENTED_EDGE('',*,*,#2864,.F.);
#1596=ORIENTED_EDGE('',*,*,#2868,.F.);
#1597=ORIENTED_EDGE('',*,*,#2874,.F.);
#1598=ORIENTED_EDGE('',*,*,#2384,.F.);
#1599=ORIENTED_EDGE('',*,*,#3010,.F.);
#1600=ORIENTED_EDGE('',*,*,#3011,.T.);
#1601=ORIENTED_EDGE('',*,*,#2700,.F.);
#1602=ORIENTED_EDGE('',*,*,#3012,.F.);
#1603=ORIENTED_EDGE('',*,*,#3013,.F.);
#1604=ORIENTED_EDGE('',*,*,#2718,.F.);
#1605=ORIENTED_EDGE('',*,*,#3014,.F.);
#1606=ORIENTED_EDGE('',*,*,#2715,.F.);
#1607=ORIENTED_EDGE('',*,*,#3015,.F.);
#1608=ORIENTED_EDGE('',*,*,#2719,.F.);
#1609=ORIENTED_EDGE('',*,*,#3013,.T.);
#1610=ORIENTED_EDGE('',*,*,#3016,.T.);
#1611=ORIENTED_EDGE('',*,*,#3017,.T.);
#1612=ORIENTED_EDGE('',*,*,#3018,.T.);
#1613=ORIENTED_EDGE('',*,*,#3019,.T.);
#1614=ORIENTED_EDGE('',*,*,#3020,.T.);
#1615=ORIENTED_EDGE('',*,*,#3021,.T.);
#1616=ORIENTED_EDGE('',*,*,#3022,.T.);
#1617=ORIENTED_EDGE('',*,*,#3010,.T.);
#1618=ORIENTED_EDGE('',*,*,#2714,.T.);
#1619=ORIENTED_EDGE('',*,*,#2663,.F.);
#1620=ORIENTED_EDGE('',*,*,#2716,.F.);
#1621=ORIENTED_EDGE('',*,*,#3014,.T.);
#1622=ORIENTED_EDGE('',*,*,#2717,.T.);
#1623=ORIENTED_EDGE('',*,*,#2722,.T.);
#1624=ORIENTED_EDGE('',*,*,#3023,.T.);
#1625=ORIENTED_EDGE('',*,*,#3024,.T.);
#1626=ORIENTED_EDGE('',*,*,#3025,.F.);
#1627=ORIENTED_EDGE('',*,*,#2726,.F.);
#1628=ORIENTED_EDGE('',*,*,#3026,.T.);
#1629=ORIENTED_EDGE('',*,*,#3027,.F.);
#1630=ORIENTED_EDGE('',*,*,#3028,.T.);
#1631=ORIENTED_EDGE('',*,*,#2729,.F.);
#1632=ORIENTED_EDGE('',*,*,#3029,.T.);
#1633=ORIENTED_EDGE('',*,*,#3030,.F.);
#1634=ORIENTED_EDGE('',*,*,#3031,.T.);
#1635=ORIENTED_EDGE('',*,*,#2697,.F.);
#1636=ORIENTED_EDGE('',*,*,#3032,.T.);
#1637=ORIENTED_EDGE('',*,*,#3033,.T.);
#1638=ORIENTED_EDGE('',*,*,#2720,.T.);
#1639=ORIENTED_EDGE('',*,*,#3034,.F.);
#1640=ORIENTED_EDGE('',*,*,#3035,.T.);
#1641=ORIENTED_EDGE('',*,*,#3036,.T.);
#1642=ORIENTED_EDGE('',*,*,#3037,.F.);
#1643=ORIENTED_EDGE('',*,*,#3038,.T.);
#1644=ORIENTED_EDGE('',*,*,#2698,.F.);
#1645=ORIENTED_EDGE('',*,*,#3036,.F.);
#1646=ORIENTED_EDGE('',*,*,#2727,.T.);
#1647=ORIENTED_EDGE('',*,*,#3025,.T.);
#1648=ORIENTED_EDGE('',*,*,#3039,.T.);
#1649=ORIENTED_EDGE('',*,*,#2699,.F.);
#1650=ORIENTED_EDGE('',*,*,#3038,.F.);
#1651=ORIENTED_EDGE('',*,*,#3040,.F.);
#1652=ORIENTED_EDGE('',*,*,#3041,.F.);
#1653=ORIENTED_EDGE('',*,*,#2738,.F.);
#1654=ORIENTED_EDGE('',*,*,#3042,.T.);
#1655=ORIENTED_EDGE('',*,*,#3043,.T.);
#1656=ORIENTED_EDGE('',*,*,#2683,.T.);
#1657=ORIENTED_EDGE('',*,*,#3044,.F.);
#1658=ORIENTED_EDGE('',*,*,#3045,.F.);
#1659=ORIENTED_EDGE('',*,*,#3046,.F.);
#1660=ORIENTED_EDGE('',*,*,#3047,.F.);
#1661=ORIENTED_EDGE('',*,*,#3048,.T.);
#1662=ORIENTED_EDGE('',*,*,#3044,.T.);
#1663=ORIENTED_EDGE('',*,*,#2686,.T.);
#1664=ORIENTED_EDGE('',*,*,#3049,.F.);
#1665=ORIENTED_EDGE('',*,*,#2740,.F.);
#1666=ORIENTED_EDGE('',*,*,#3050,.F.);
#1667=ORIENTED_EDGE('',*,*,#3051,.T.);
#1668=ORIENTED_EDGE('',*,*,#3047,.T.);
#1669=ORIENTED_EDGE('',*,*,#2685,.T.);
#1670=ORIENTED_EDGE('',*,*,#3052,.T.);
#1671=ORIENTED_EDGE('',*,*,#3049,.T.);
#1672=ORIENTED_EDGE('',*,*,#3053,.T.);
#1673=ORIENTED_EDGE('',*,*,#3042,.F.);
#1674=ORIENTED_EDGE('',*,*,#2737,.F.);
#1675=ORIENTED_EDGE('',*,*,#3054,.T.);
#1676=ORIENTED_EDGE('',*,*,#3055,.T.);
#1677=ORIENTED_EDGE('',*,*,#3056,.T.);
#1678=ORIENTED_EDGE('',*,*,#3057,.T.);
#1679=ORIENTED_EDGE('',*,*,#3058,.T.);
#1680=ORIENTED_EDGE('',*,*,#3059,.T.);
#1681=ORIENTED_EDGE('',*,*,#3060,.T.);
#1682=ORIENTED_EDGE('',*,*,#2733,.T.);
#1683=ORIENTED_EDGE('',*,*,#3041,.T.);
#1684=ORIENTED_EDGE('',*,*,#3061,.T.);
#1685=ORIENTED_EDGE('',*,*,#3034,.T.);
#1686=ORIENTED_EDGE('',*,*,#2728,.T.);
#1687=ORIENTED_EDGE('',*,*,#3037,.T.);
#1688=ORIENTED_EDGE('',*,*,#3035,.F.);
#1689=ORIENTED_EDGE('',*,*,#3061,.F.);
#1690=ORIENTED_EDGE('',*,*,#3040,.T.);
#1691=ORIENTED_EDGE('',*,*,#2767,.T.);
#1692=ORIENTED_EDGE('',*,*,#3062,.T.);
#1693=ORIENTED_EDGE('',*,*,#3057,.F.);
#1694=ORIENTED_EDGE('',*,*,#3063,.T.);
#1695=ORIENTED_EDGE('',*,*,#3045,.T.);
#1696=ORIENTED_EDGE('',*,*,#3048,.F.);
#1697=ORIENTED_EDGE('',*,*,#3051,.F.);
#1698=ORIENTED_EDGE('',*,*,#3064,.F.);
#1699=ORIENTED_EDGE('',*,*,#3050,.T.);
#1700=ORIENTED_EDGE('',*,*,#2739,.T.);
#1701=ORIENTED_EDGE('',*,*,#3046,.T.);
#1702=ORIENTED_EDGE('',*,*,#3064,.T.);
#1703=ORIENTED_EDGE('',*,*,#3052,.F.);
#1704=ORIENTED_EDGE('',*,*,#2684,.F.);
#1705=ORIENTED_EDGE('',*,*,#3043,.F.);
#1706=ORIENTED_EDGE('',*,*,#3053,.F.);
#1707=ORIENTED_EDGE('',*,*,#3024,.F.);
#1708=ORIENTED_EDGE('',*,*,#3065,.T.);
#1709=ORIENTED_EDGE('',*,*,#2695,.F.);
#1710=ORIENTED_EDGE('',*,*,#3039,.F.);
#1711=ORIENTED_EDGE('',*,*,#2841,.T.);
#1712=ORIENTED_EDGE('',*,*,#3066,.T.);
#1713=ORIENTED_EDGE('',*,*,#2829,.T.);
#1714=ORIENTED_EDGE('',*,*,#3067,.T.);
#1715=ORIENTED_EDGE('',*,*,#2572,.T.);
#1716=ORIENTED_EDGE('',*,*,#2842,.F.);
#1717=ORIENTED_EDGE('',*,*,#3067,.F.);
#1718=ORIENTED_EDGE('',*,*,#2835,.T.);
#1719=ORIENTED_EDGE('',*,*,#2800,.F.);
#1720=ORIENTED_EDGE('',*,*,#3068,.T.);
#1721=ORIENTED_EDGE('',*,*,#2804,.F.);
#1722=ORIENTED_EDGE('',*,*,#3069,.F.);
#1723=ORIENTED_EDGE('',*,*,#2600,.F.);
#1724=ORIENTED_EDGE('',*,*,#2801,.F.);
#1725=ORIENTED_EDGE('',*,*,#3069,.T.);
#1726=ORIENTED_EDGE('',*,*,#2810,.T.);
#1727=ORIENTED_EDGE('',*,*,#3059,.F.);
#1728=ORIENTED_EDGE('',*,*,#3070,.T.);
#1729=ORIENTED_EDGE('',*,*,#2772,.F.);
#1730=ORIENTED_EDGE('',*,*,#3071,.T.);
#1731=ORIENTED_EDGE('',*,*,#2753,.T.);
#1732=ORIENTED_EDGE('',*,*,#3072,.T.);
#1733=ORIENTED_EDGE('',*,*,#3027,.T.);
#1734=ORIENTED_EDGE('',*,*,#3073,.T.);
#1735=ORIENTED_EDGE('',*,*,#3055,.F.);
#1736=ORIENTED_EDGE('',*,*,#3074,.T.);
#1737=ORIENTED_EDGE('',*,*,#2769,.F.);
#1738=ORIENTED_EDGE('',*,*,#3075,.T.);
#1739=ORIENTED_EDGE('',*,*,#2750,.T.);
#1740=ORIENTED_EDGE('',*,*,#3076,.T.);
#1741=ORIENTED_EDGE('',*,*,#3030,.T.);
#1742=ORIENTED_EDGE('',*,*,#3077,.T.);
#1743=ORIENTED_EDGE('',*,*,#3026,.F.);
#1744=ORIENTED_EDGE('',*,*,#2725,.F.);
#1745=ORIENTED_EDGE('',*,*,#2754,.F.);
#1746=ORIENTED_EDGE('',*,*,#3073,.F.);
#1747=ORIENTED_EDGE('',*,*,#3056,.F.);
#1748=ORIENTED_EDGE('',*,*,#3075,.F.);
#1749=ORIENTED_EDGE('',*,*,#2768,.F.);
#1750=ORIENTED_EDGE('',*,*,#3063,.F.);
#1751=ORIENTED_EDGE('',*,*,#2770,.F.);
#1752=ORIENTED_EDGE('',*,*,#3074,.F.);
#1753=ORIENTED_EDGE('',*,*,#3054,.F.);
#1754=ORIENTED_EDGE('',*,*,#2736,.F.);
#1755=ORIENTED_EDGE('',*,*,#3060,.F.);
#1756=ORIENTED_EDGE('',*,*,#3071,.F.);
#1757=ORIENTED_EDGE('',*,*,#2771,.F.);
#1758=ORIENTED_EDGE('',*,*,#2734,.F.);
#1759=ORIENTED_EDGE('',*,*,#2773,.F.);
#1760=ORIENTED_EDGE('',*,*,#3070,.F.);
#1761=ORIENTED_EDGE('',*,*,#3058,.F.);
#1762=ORIENTED_EDGE('',*,*,#3062,.F.);
#1763=ORIENTED_EDGE('',*,*,#3029,.F.);
#1764=ORIENTED_EDGE('',*,*,#2732,.F.);
#1765=ORIENTED_EDGE('',*,*,#2751,.F.);
#1766=ORIENTED_EDGE('',*,*,#3077,.F.);
#1767=ORIENTED_EDGE('',*,*,#2749,.F.);
#1768=ORIENTED_EDGE('',*,*,#2723,.F.);
#1769=ORIENTED_EDGE('',*,*,#3031,.F.);
#1770=ORIENTED_EDGE('',*,*,#3076,.F.);
#1771=ORIENTED_EDGE('',*,*,#2752,.F.);
#1772=ORIENTED_EDGE('',*,*,#2730,.F.);
#1773=ORIENTED_EDGE('',*,*,#3028,.F.);
#1774=ORIENTED_EDGE('',*,*,#3072,.F.);
#1775=ORIENTED_EDGE('',*,*,#2721,.F.);
#1776=ORIENTED_EDGE('',*,*,#3033,.F.);
#1777=ORIENTED_EDGE('',*,*,#3078,.F.);
#1778=ORIENTED_EDGE('',*,*,#3023,.F.);
#1779=ORIENTED_EDGE('',*,*,#2696,.F.);
#1780=ORIENTED_EDGE('',*,*,#3065,.F.);
#1781=ORIENTED_EDGE('',*,*,#3078,.T.);
#1782=ORIENTED_EDGE('',*,*,#3032,.F.);
#1783=ORIENTED_EDGE('',*,*,#2681,.F.);
#1784=ORIENTED_EDGE('',*,*,#2915,.F.);
#1785=ORIENTED_EDGE('',*,*,#2913,.F.);
#1786=ORIENTED_EDGE('',*,*,#2682,.F.);
#1787=ORIENTED_EDGE('',*,*,#2910,.F.);
#1788=ORIENTED_EDGE('',*,*,#2904,.F.);
#1789=ORIENTED_EDGE('',*,*,#3079,.F.);
#1790=ORIENTED_EDGE('',*,*,#2985,.F.);
#1791=ORIENTED_EDGE('',*,*,#3079,.T.);
#1792=ORIENTED_EDGE('',*,*,#2903,.F.);
#1793=ORIENTED_EDGE('',*,*,#3080,.F.);
#1794=ORIENTED_EDGE('',*,*,#2987,.F.);
#1795=ORIENTED_EDGE('',*,*,#3080,.T.);
#1796=ORIENTED_EDGE('',*,*,#2902,.F.);
#1797=ORIENTED_EDGE('',*,*,#2909,.F.);
#1798=ORIENTED_EDGE('',*,*,#2989,.F.);
#1799=ORIENTED_EDGE('',*,*,#2895,.F.);
#1800=ORIENTED_EDGE('',*,*,#2907,.F.);
#1801=ORIENTED_EDGE('',*,*,#3081,.F.);
#1802=ORIENTED_EDGE('',*,*,#2983,.F.);
#1803=ORIENTED_EDGE('',*,*,#3081,.T.);
#1804=ORIENTED_EDGE('',*,*,#2906,.F.);
#1805=ORIENTED_EDGE('',*,*,#3082,.F.);
#1806=ORIENTED_EDGE('',*,*,#2982,.F.);
#1807=ORIENTED_EDGE('',*,*,#2893,.F.);
#1808=ORIENTED_EDGE('',*,*,#2980,.F.);
#1809=ORIENTED_EDGE('',*,*,#3082,.T.);
#1810=ORIENTED_EDGE('',*,*,#2905,.F.);
#1811=ORIENTED_EDGE('',*,*,#2744,.F.);
#1812=ORIENTED_EDGE('',*,*,#2589,.F.);
#1813=ORIENTED_EDGE('',*,*,#2882,.F.);
#1814=ORIENTED_EDGE('',*,*,#2878,.F.);
#1815=ORIENTED_EDGE('',*,*,#2451,.F.);
#1816=ORIENTED_EDGE('',*,*,#2978,.F.);
#1817=ORIENTED_EDGE('',*,*,#2880,.F.);
#1818=ORIENTED_EDGE('',*,*,#2421,.F.);
#1819=ORIENTED_EDGE('',*,*,#2742,.F.);
#1820=ORIENTED_EDGE('',*,*,#2891,.F.);
#1821=ORIENTED_EDGE('',*,*,#2889,.F.);
#1822=ORIENTED_EDGE('',*,*,#2583,.F.);
#1823=ORIENTED_EDGE('',*,*,#2344,.F.);
#1824=ORIENTED_EDGE('',*,*,#2427,.F.);
#1825=ORIENTED_EDGE('',*,*,#2886,.F.);
#1826=ORIENTED_EDGE('',*,*,#2984,.F.);
#1827=ORIENTED_EDGE('',*,*,#3083,.T.);
#1828=ORIENTED_EDGE('',*,*,#2701,.F.);
#1829=ORIENTED_EDGE('',*,*,#3011,.F.);
#1830=ORIENTED_EDGE('',*,*,#3022,.F.);
#1831=ORIENTED_EDGE('',*,*,#3084,.T.);
#1832=ORIENTED_EDGE('',*,*,#2702,.F.);
#1833=ORIENTED_EDGE('',*,*,#3083,.F.);
#1834=ORIENTED_EDGE('',*,*,#3021,.F.);
#1835=ORIENTED_EDGE('',*,*,#3085,.T.);
#1836=ORIENTED_EDGE('',*,*,#2703,.F.);
#1837=ORIENTED_EDGE('',*,*,#3084,.F.);
#1838=ORIENTED_EDGE('',*,*,#3020,.F.);
#1839=ORIENTED_EDGE('',*,*,#3086,.T.);
#1840=ORIENTED_EDGE('',*,*,#2704,.F.);
#1841=ORIENTED_EDGE('',*,*,#3085,.F.);
#1842=ORIENTED_EDGE('',*,*,#3019,.F.);
#1843=ORIENTED_EDGE('',*,*,#3087,.T.);
#1844=ORIENTED_EDGE('',*,*,#2705,.F.);
#1845=ORIENTED_EDGE('',*,*,#3086,.F.);
#1846=ORIENTED_EDGE('',*,*,#3018,.F.);
#1847=ORIENTED_EDGE('',*,*,#3088,.T.);
#1848=ORIENTED_EDGE('',*,*,#2706,.F.);
#1849=ORIENTED_EDGE('',*,*,#3087,.F.);
#1850=ORIENTED_EDGE('',*,*,#3017,.F.);
#1851=ORIENTED_EDGE('',*,*,#3012,.T.);
#1852=ORIENTED_EDGE('',*,*,#2707,.F.);
#1853=ORIENTED_EDGE('',*,*,#3088,.F.);
#1854=ORIENTED_EDGE('',*,*,#3016,.F.);
#1855=ORIENTED_EDGE('',*,*,#2617,.F.);
#1856=ORIENTED_EDGE('',*,*,#2872,.F.);
#1857=ORIENTED_EDGE('',*,*,#3089,.T.);
#1858=ORIENTED_EDGE('',*,*,#2865,.T.);
#1859=ORIENTED_EDGE('',*,*,#2871,.F.);
#1860=ORIENTED_EDGE('',*,*,#3090,.T.);
#1861=ORIENTED_EDGE('',*,*,#2859,.F.);
#1862=ORIENTED_EDGE('',*,*,#3089,.F.);
#1863=ORIENTED_EDGE('',*,*,#2866,.T.);
#1864=ORIENTED_EDGE('',*,*,#2862,.F.);
#1865=ORIENTED_EDGE('',*,*,#3091,.F.);
#1866=ORIENTED_EDGE('',*,*,#2875,.T.);
#1867=ORIENTED_EDGE('',*,*,#2861,.T.);
#1868=ORIENTED_EDGE('',*,*,#3092,.T.);
#1869=ORIENTED_EDGE('',*,*,#2869,.T.);
#1870=ORIENTED_EDGE('',*,*,#3091,.T.);
#1871=ORIENTED_EDGE('',*,*,#2860,.F.);
#1872=ORIENTED_EDGE('',*,*,#3090,.F.);
#1873=ORIENTED_EDGE('',*,*,#2870,.F.);
#1874=ORIENTED_EDGE('',*,*,#3092,.F.);
#1875=ORIENTED_EDGE('',*,*,#2923,.F.);
#1876=ORIENTED_EDGE('',*,*,#3093,.F.);
#1877=ORIENTED_EDGE('',*,*,#3094,.T.);
#1878=ORIENTED_EDGE('',*,*,#3095,.T.);
#1879=ORIENTED_EDGE('',*,*,#2924,.F.);
#1880=ORIENTED_EDGE('',*,*,#3095,.F.);
#1881=ORIENTED_EDGE('',*,*,#3096,.T.);
#1882=ORIENTED_EDGE('',*,*,#3097,.T.);
#1883=ORIENTED_EDGE('',*,*,#2925,.F.);
#1884=ORIENTED_EDGE('',*,*,#3097,.F.);
#1885=ORIENTED_EDGE('',*,*,#3098,.T.);
#1886=ORIENTED_EDGE('',*,*,#3099,.T.);
#1887=ORIENTED_EDGE('',*,*,#2926,.F.);
#1888=ORIENTED_EDGE('',*,*,#3099,.F.);
#1889=ORIENTED_EDGE('',*,*,#3100,.T.);
#1890=ORIENTED_EDGE('',*,*,#3101,.T.);
#1891=ORIENTED_EDGE('',*,*,#2927,.F.);
#1892=ORIENTED_EDGE('',*,*,#3101,.F.);
#1893=ORIENTED_EDGE('',*,*,#3102,.T.);
#1894=ORIENTED_EDGE('',*,*,#3103,.T.);
#1895=ORIENTED_EDGE('',*,*,#2928,.F.);
#1896=ORIENTED_EDGE('',*,*,#3103,.F.);
#1897=ORIENTED_EDGE('',*,*,#3104,.T.);
#1898=ORIENTED_EDGE('',*,*,#3105,.T.);
#1899=ORIENTED_EDGE('',*,*,#2929,.F.);
#1900=ORIENTED_EDGE('',*,*,#3105,.F.);
#1901=ORIENTED_EDGE('',*,*,#3106,.T.);
#1902=ORIENTED_EDGE('',*,*,#3107,.T.);
#1903=ORIENTED_EDGE('',*,*,#2930,.F.);
#1904=ORIENTED_EDGE('',*,*,#3107,.F.);
#1905=ORIENTED_EDGE('',*,*,#3108,.T.);
#1906=ORIENTED_EDGE('',*,*,#3093,.T.);
#1907=ORIENTED_EDGE('',*,*,#3094,.F.);
#1908=ORIENTED_EDGE('',*,*,#3108,.F.);
#1909=ORIENTED_EDGE('',*,*,#3106,.F.);
#1910=ORIENTED_EDGE('',*,*,#3104,.F.);
#1911=ORIENTED_EDGE('',*,*,#3102,.F.);
#1912=ORIENTED_EDGE('',*,*,#3100,.F.);
#1913=ORIENTED_EDGE('',*,*,#3098,.F.);
#1914=ORIENTED_EDGE('',*,*,#3096,.F.);
#1915=ORIENTED_EDGE('',*,*,#2786,.F.);
#1916=ORIENTED_EDGE('',*,*,#2788,.F.);
#1917=ORIENTED_EDGE('',*,*,#2790,.F.);
#1918=ORIENTED_EDGE('',*,*,#2791,.F.);
#1919=ORIENTED_EDGE('',*,*,#2592,.F.);
#1920=ORIENTED_EDGE('',*,*,#2759,.F.);
#1921=ORIENTED_EDGE('',*,*,#2783,.F.);
#1922=ORIENTED_EDGE('',*,*,#2580,.F.);
#1923=ORIENTED_EDGE('',*,*,#2822,.F.);
#1924=ORIENTED_EDGE('',*,*,#2820,.F.);
#1925=ORIENTED_EDGE('',*,*,#2818,.F.);
#1926=ORIENTED_EDGE('',*,*,#2816,.F.);
#1927=ORIENTED_EDGE('',*,*,#2708,.T.);
#1928=ORIENTED_EDGE('',*,*,#3109,.F.);
#1929=ORIENTED_EDGE('',*,*,#2550,.F.);
#1930=ORIENTED_EDGE('',*,*,#2661,.T.);
#1931=ORIENTED_EDGE('',*,*,#2713,.T.);
#1932=ORIENTED_EDGE('',*,*,#3110,.F.);
#1933=ORIENTED_EDGE('',*,*,#2630,.F.);
#1934=ORIENTED_EDGE('',*,*,#3015,.T.);
#1935=ORIENTED_EDGE('',*,*,#2551,.F.);
#1936=ORIENTED_EDGE('',*,*,#3109,.T.);
#1937=ORIENTED_EDGE('',*,*,#2712,.T.);
#1938=ORIENTED_EDGE('',*,*,#2665,.F.);
#1939=ORIENTED_EDGE('',*,*,#2631,.F.);
#1940=ORIENTED_EDGE('',*,*,#3110,.T.);
#1941=ORIENTED_EDGE('',*,*,#2610,.F.);
#1942=ORIENTED_EDGE('',*,*,#2781,.F.);
#1943=ORIENTED_EDGE('',*,*,#3111,.T.);
#1944=ORIENTED_EDGE('',*,*,#3112,.T.);
#1945=ORIENTED_EDGE('',*,*,#2611,.F.);
#1946=ORIENTED_EDGE('',*,*,#3112,.F.);
#1947=ORIENTED_EDGE('',*,*,#3113,.T.);
#1948=ORIENTED_EDGE('',*,*,#2850,.T.);
#1949=ORIENTED_EDGE('',*,*,#3111,.F.);
#1950=ORIENTED_EDGE('',*,*,#2780,.F.);
#1951=ORIENTED_EDGE('',*,*,#2851,.F.);
#1952=ORIENTED_EDGE('',*,*,#3113,.F.);
#1953=ORIENTED_EDGE('',*,*,#2853,.T.);
#1954=ORIENTED_EDGE('',*,*,#3114,.T.);
#1955=ORIENTED_EDGE('',*,*,#2626,.T.);
#1956=ORIENTED_EDGE('',*,*,#3115,.T.);
#1957=ORIENTED_EDGE('',*,*,#2628,.F.);
#1958=ORIENTED_EDGE('',*,*,#2561,.F.);
#1959=ORIENTED_EDGE('',*,*,#2854,.F.);
#1960=ORIENTED_EDGE('',*,*,#3115,.F.);
#1961=ORIENTED_EDGE('',*,*,#2852,.F.);
#1962=ORIENTED_EDGE('',*,*,#2623,.F.);
#1963=ORIENTED_EDGE('',*,*,#2627,.F.);
#1964=ORIENTED_EDGE('',*,*,#3114,.F.);
#1965=ORIENTED_EDGE('',*,*,#2836,.T.);
#1966=ORIENTED_EDGE('',*,*,#2832,.F.);
#1967=ORIENTED_EDGE('',*,*,#3116,.F.);
#1968=ORIENTED_EDGE('',*,*,#2845,.T.);
#1969=ORIENTED_EDGE('',*,*,#2831,.T.);
#1970=ORIENTED_EDGE('',*,*,#3117,.T.);
#1971=ORIENTED_EDGE('',*,*,#2839,.T.);
#1972=ORIENTED_EDGE('',*,*,#3116,.T.);
#1973=ORIENTED_EDGE('',*,*,#2830,.F.);
#1974=ORIENTED_EDGE('',*,*,#3066,.F.);
#1975=ORIENTED_EDGE('',*,*,#2840,.F.);
#1976=ORIENTED_EDGE('',*,*,#3117,.F.);
#1977=ORIENTED_EDGE('',*,*,#2556,.T.);
#1978=ORIENTED_EDGE('',*,*,#2807,.F.);
#1979=ORIENTED_EDGE('',*,*,#3118,.F.);
#1980=ORIENTED_EDGE('',*,*,#2803,.T.);
#1981=ORIENTED_EDGE('',*,*,#2806,.T.);
#1982=ORIENTED_EDGE('',*,*,#3119,.T.);
#1983=ORIENTED_EDGE('',*,*,#2798,.T.);
#1984=ORIENTED_EDGE('',*,*,#3118,.T.);
#1985=ORIENTED_EDGE('',*,*,#2805,.F.);
#1986=ORIENTED_EDGE('',*,*,#3068,.F.);
#1987=ORIENTED_EDGE('',*,*,#2799,.F.);
#1988=ORIENTED_EDGE('',*,*,#3119,.F.);
#1989=ORIENTED_EDGE('',*,*,#3120,.T.);
#1990=ORIENTED_EDGE('',*,*,#3121,.F.);
#1991=ORIENTED_EDGE('',*,*,#3122,.F.);
#1992=ORIENTED_EDGE('',*,*,#3123,.T.);
#1993=ORIENTED_EDGE('',*,*,#3124,.T.);
#1994=ORIENTED_EDGE('',*,*,#3125,.F.);
#1995=ORIENTED_EDGE('',*,*,#3126,.F.);
#1996=ORIENTED_EDGE('',*,*,#3121,.T.);
#1997=ORIENTED_EDGE('',*,*,#2554,.F.);
#1998=ORIENTED_EDGE('',*,*,#3127,.F.);
#1999=ORIENTED_EDGE('',*,*,#3125,.T.);
#2000=ORIENTED_EDGE('',*,*,#3128,.T.);
#2001=ORIENTED_EDGE('',*,*,#2552,.F.);
#2002=ORIENTED_EDGE('',*,*,#3129,.T.);
#2003=ORIENTED_EDGE('',*,*,#3130,.F.);
#2004=ORIENTED_EDGE('',*,*,#3131,.F.);
#2005=ORIENTED_EDGE('',*,*,#3132,.T.);
#2006=ORIENTED_EDGE('',*,*,#3133,.F.);
#2007=ORIENTED_EDGE('',*,*,#3134,.F.);
#2008=ORIENTED_EDGE('',*,*,#3130,.T.);
#2009=ORIENTED_EDGE('',*,*,#3135,.T.);
#2010=ORIENTED_EDGE('',*,*,#3136,.F.);
#2011=ORIENTED_EDGE('',*,*,#3137,.F.);
#2012=ORIENTED_EDGE('',*,*,#3133,.T.);
#2013=ORIENTED_EDGE('',*,*,#3138,.T.);
#2014=ORIENTED_EDGE('',*,*,#3123,.F.);
#2015=ORIENTED_EDGE('',*,*,#3139,.F.);
#2016=ORIENTED_EDGE('',*,*,#3136,.T.);
#2017=ORIENTED_EDGE('',*,*,#2553,.F.);
#2018=ORIENTED_EDGE('',*,*,#3131,.T.);
#2019=ORIENTED_EDGE('',*,*,#3134,.T.);
#2020=ORIENTED_EDGE('',*,*,#3137,.T.);
#2021=ORIENTED_EDGE('',*,*,#3139,.T.);
#2022=ORIENTED_EDGE('',*,*,#3122,.T.);
#2023=ORIENTED_EDGE('',*,*,#3126,.T.);
#2024=ORIENTED_EDGE('',*,*,#3127,.T.);
#2025=ORIENTED_EDGE('',*,*,#3129,.F.);
#2026=ORIENTED_EDGE('',*,*,#2555,.T.);
#2027=ORIENTED_EDGE('',*,*,#3128,.F.);
#2028=ORIENTED_EDGE('',*,*,#3124,.F.);
#2029=ORIENTED_EDGE('',*,*,#3120,.F.);
#2030=ORIENTED_EDGE('',*,*,#3138,.F.);
#2031=ORIENTED_EDGE('',*,*,#3135,.F.);
#2032=ORIENTED_EDGE('',*,*,#3132,.F.);
#2033=ORIENTED_EDGE('',*,*,#3140,.T.);
#2034=ORIENTED_EDGE('',*,*,#3141,.T.);
#2035=ORIENTED_EDGE('',*,*,#2352,.T.);
#2036=ORIENTED_EDGE('',*,*,#3142,.T.);
#2037=ORIENTED_EDGE('',*,*,#3143,.T.);
#2038=ORIENTED_EDGE('',*,*,#2350,.T.);
#2039=ORIENTED_EDGE('',*,*,#3141,.F.);
#2040=ORIENTED_EDGE('',*,*,#3140,.F.);
#2041=ORIENTED_EDGE('',*,*,#3142,.F.);
#2042=ORIENTED_EDGE('',*,*,#3143,.F.);
#2043=ORIENTED_EDGE('',*,*,#3144,.T.);
#2044=ORIENTED_EDGE('',*,*,#3145,.T.);
#2045=ORIENTED_EDGE('',*,*,#3146,.F.);
#2046=ORIENTED_EDGE('',*,*,#3147,.T.);
#2047=ORIENTED_EDGE('',*,*,#3148,.T.);
#2048=ORIENTED_EDGE('',*,*,#3149,.T.);
#2049=ORIENTED_EDGE('',*,*,#3150,.T.);
#2050=ORIENTED_EDGE('',*,*,#3151,.T.);
#2051=ORIENTED_EDGE('',*,*,#3152,.T.);
#2052=ORIENTED_EDGE('',*,*,#3153,.T.);
#2053=ORIENTED_EDGE('',*,*,#3154,.T.);
#2054=ORIENTED_EDGE('',*,*,#3155,.T.);
#2055=ORIENTED_EDGE('',*,*,#3156,.T.);
#2056=ORIENTED_EDGE('',*,*,#3157,.T.);
#2057=ORIENTED_EDGE('',*,*,#3158,.T.);
#2058=ORIENTED_EDGE('',*,*,#3159,.T.);
#2059=ORIENTED_EDGE('',*,*,#3160,.F.);
#2060=ORIENTED_EDGE('',*,*,#3161,.T.);
#2061=ORIENTED_EDGE('',*,*,#3162,.T.);
#2062=ORIENTED_EDGE('',*,*,#3163,.T.);
#2063=ORIENTED_EDGE('',*,*,#3164,.T.);
#2064=ORIENTED_EDGE('',*,*,#3165,.T.);
#2065=ORIENTED_EDGE('',*,*,#3166,.T.);
#2066=ORIENTED_EDGE('',*,*,#3167,.T.);
#2067=ORIENTED_EDGE('',*,*,#3168,.T.);
#2068=ORIENTED_EDGE('',*,*,#3169,.T.);
#2069=ORIENTED_EDGE('',*,*,#3170,.T.);
#2070=ORIENTED_EDGE('',*,*,#2961,.F.);
#2071=ORIENTED_EDGE('',*,*,#3171,.T.);
#2072=ORIENTED_EDGE('',*,*,#3172,.T.);
#2073=ORIENTED_EDGE('',*,*,#3173,.T.);
#2074=ORIENTED_EDGE('',*,*,#2963,.F.);
#2075=ORIENTED_EDGE('',*,*,#3174,.T.);
#2076=ORIENTED_EDGE('',*,*,#3175,.T.);
#2077=ORIENTED_EDGE('',*,*,#3176,.T.);
#2078=ORIENTED_EDGE('',*,*,#2958,.F.);
#2079=ORIENTED_EDGE('',*,*,#3146,.T.);
#2080=ORIENTED_EDGE('',*,*,#3177,.T.);
#2081=ORIENTED_EDGE('',*,*,#3178,.F.);
#2082=ORIENTED_EDGE('',*,*,#3179,.T.);
#2083=ORIENTED_EDGE('',*,*,#2950,.T.);
#2084=ORIENTED_EDGE('',*,*,#2447,.F.);
#2085=ORIENTED_EDGE('',*,*,#3180,.T.);
#2086=ORIENTED_EDGE('',*,*,#3178,.T.);
#2087=ORIENTED_EDGE('',*,*,#3181,.T.);
#2088=ORIENTED_EDGE('',*,*,#2633,.T.);
#2089=ORIENTED_EDGE('',*,*,#3182,.T.);
#2090=ORIENTED_EDGE('',*,*,#3183,.T.);
#2091=ORIENTED_EDGE('',*,*,#3184,.T.);
#2092=ORIENTED_EDGE('',*,*,#3160,.T.);
#2093=ORIENTED_EDGE('',*,*,#3185,.T.);
#2094=ORIENTED_EDGE('',*,*,#2441,.T.);
#2095=ORIENTED_EDGE('',*,*,#2956,.T.);
#2096=ORIENTED_EDGE('',*,*,#3186,.T.);
#2097=ORIENTED_EDGE('',*,*,#2645,.F.);
#2098=ORIENTED_EDGE('',*,*,#3187,.T.);
#2099=ORIENTED_EDGE('',*,*,#3183,.F.);
#2100=ORIENTED_EDGE('',*,*,#3188,.T.);
#2101=ORIENTED_EDGE('',*,*,#2646,.F.);
#2102=ORIENTED_EDGE('',*,*,#3188,.F.);
#2103=ORIENTED_EDGE('',*,*,#3186,.F.);
#2104=ORIENTED_EDGE('',*,*,#2955,.F.);
#2105=ORIENTED_EDGE('',*,*,#2680,.F.);
#2106=ORIENTED_EDGE('',*,*,#2951,.F.);
#2107=ORIENTED_EDGE('',*,*,#3179,.F.);
#2108=ORIENTED_EDGE('',*,*,#3182,.F.);
#2109=ORIENTED_EDGE('',*,*,#2431,.F.);
#2110=ORIENTED_EDGE('',*,*,#3189,.T.);
#2111=ORIENTED_EDGE('',*,*,#2639,.T.);
#2112=ORIENTED_EDGE('',*,*,#3190,.T.);
#2113=ORIENTED_EDGE('',*,*,#2638,.F.);
#2114=ORIENTED_EDGE('',*,*,#3191,.T.);
#2115=ORIENTED_EDGE('',*,*,#2432,.F.);
#2116=ORIENTED_EDGE('',*,*,#3190,.F.);
#2117=ORIENTED_EDGE('',*,*,#2430,.F.);
#2118=ORIENTED_EDGE('',*,*,#3192,.T.);
#2119=ORIENTED_EDGE('',*,*,#2640,.F.);
#2120=ORIENTED_EDGE('',*,*,#3189,.F.);
#2121=ORIENTED_EDGE('',*,*,#2348,.F.);
#2122=ORIENTED_EDGE('',*,*,#3193,.T.);
#2123=ORIENTED_EDGE('',*,*,#2437,.F.);
#2124=ORIENTED_EDGE('',*,*,#3194,.F.);
#2125=ORIENTED_EDGE('',*,*,#2435,.F.);
#2126=ORIENTED_EDGE('',*,*,#3195,.T.);
#2127=ORIENTED_EDGE('',*,*,#2346,.F.);
#2128=ORIENTED_EDGE('',*,*,#3196,.F.);
#2129=ORIENTED_EDGE('',*,*,#2353,.T.);
#2130=ORIENTED_EDGE('',*,*,#3197,.T.);
#2131=ORIENTED_EDGE('',*,*,#2428,.F.);
#2132=ORIENTED_EDGE('',*,*,#2342,.F.);
#2133=ORIENTED_EDGE('',*,*,#2416,.T.);
#2134=ORIENTED_EDGE('',*,*,#2449,.T.);
#2135=ORIENTED_EDGE('',*,*,#2419,.F.);
#2136=ORIENTED_EDGE('',*,*,#3198,.F.);
#2137=ORIENTED_EDGE('',*,*,#3199,.T.);
#2138=ORIENTED_EDGE('',*,*,#3200,.T.);
#2139=ORIENTED_EDGE('',*,*,#3201,.T.);
#2140=ORIENTED_EDGE('',*,*,#3202,.T.);
#2141=ORIENTED_EDGE('',*,*,#3203,.T.);
#2142=ORIENTED_EDGE('',*,*,#2641,.T.);
#2143=ORIENTED_EDGE('',*,*,#3192,.F.);
#2144=ORIENTED_EDGE('',*,*,#2429,.F.);
#2145=ORIENTED_EDGE('',*,*,#3197,.F.);
#2146=ORIENTED_EDGE('',*,*,#2417,.T.);
#2147=ORIENTED_EDGE('',*,*,#3198,.T.);
#2148=ORIENTED_EDGE('',*,*,#2418,.F.);
#2149=ORIENTED_EDGE('',*,*,#3191,.F.);
#2150=ORIENTED_EDGE('',*,*,#2637,.T.);
#2151=ORIENTED_EDGE('',*,*,#2643,.T.);
#2152=ORIENTED_EDGE('',*,*,#3204,.T.);
#2153=ORIENTED_EDGE('',*,*,#3205,.T.);
#2154=ORIENTED_EDGE('',*,*,#3206,.T.);
#2155=ORIENTED_EDGE('',*,*,#3207,.T.);
#2156=ORIENTED_EDGE('',*,*,#3208,.T.);
#2157=ORIENTED_EDGE('',*,*,#2635,.T.);
#2158=ORIENTED_EDGE('',*,*,#2436,.T.);
#2159=ORIENTED_EDGE('',*,*,#3196,.T.);
#2160=ORIENTED_EDGE('',*,*,#2349,.T.);
#2161=ORIENTED_EDGE('',*,*,#3194,.T.);
#2162=ORIENTED_EDGE('',*,*,#2440,.T.);
#2163=ORIENTED_EDGE('',*,*,#3209,.T.);
#2164=ORIENTED_EDGE('',*,*,#3210,.T.);
#2165=ORIENTED_EDGE('',*,*,#3211,.T.);
#2166=ORIENTED_EDGE('',*,*,#3204,.F.);
#2167=ORIENTED_EDGE('',*,*,#2642,.T.);
#2168=ORIENTED_EDGE('',*,*,#3203,.F.);
#2169=ORIENTED_EDGE('',*,*,#3212,.T.);
#2170=ORIENTED_EDGE('',*,*,#3213,.T.);
#2171=ORIENTED_EDGE('',*,*,#3214,.T.);
#2172=ORIENTED_EDGE('',*,*,#3215,.T.);
#2173=ORIENTED_EDGE('',*,*,#3216,.T.);
#2174=ORIENTED_EDGE('',*,*,#3217,.F.);
#2175=ORIENTED_EDGE('',*,*,#3218,.T.);
#2176=ORIENTED_EDGE('',*,*,#3199,.F.);
#2177=ORIENTED_EDGE('',*,*,#2636,.T.);
#2178=ORIENTED_EDGE('',*,*,#3208,.F.);
#2179=ORIENTED_EDGE('',*,*,#3219,.T.);
#2180=ORIENTED_EDGE('',*,*,#3220,.T.);
#2181=ORIENTED_EDGE('',*,*,#3221,.T.);
#2182=ORIENTED_EDGE('',*,*,#3206,.F.);
#2183=ORIENTED_EDGE('',*,*,#3222,.T.);
#2184=ORIENTED_EDGE('',*,*,#3223,.T.);
#2185=ORIENTED_EDGE('',*,*,#3201,.F.);
#2186=ORIENTED_EDGE('',*,*,#3224,.T.);
#2187=ORIENTED_EDGE('',*,*,#3213,.F.);
#2188=ORIENTED_EDGE('',*,*,#3225,.T.);
#2189=ORIENTED_EDGE('',*,*,#3222,.F.);
#2190=ORIENTED_EDGE('',*,*,#3226,.T.);
#2191=ORIENTED_EDGE('',*,*,#3217,.T.);
#2192=ORIENTED_EDGE('',*,*,#3227,.T.);
#2193=ORIENTED_EDGE('',*,*,#2960,.T.);
#2194=ORIENTED_EDGE('',*,*,#3228,.T.);
#2195=ORIENTED_EDGE('',*,*,#3200,.F.);
#2196=ORIENTED_EDGE('',*,*,#3218,.F.);
#2197=ORIENTED_EDGE('',*,*,#3226,.F.);
#2198=ORIENTED_EDGE('',*,*,#3224,.F.);
#2199=ORIENTED_EDGE('',*,*,#3211,.F.);
#2200=ORIENTED_EDGE('',*,*,#3229,.T.);
#2201=ORIENTED_EDGE('',*,*,#3219,.F.);
#2202=ORIENTED_EDGE('',*,*,#3205,.F.);
#2203=ORIENTED_EDGE('',*,*,#3225,.F.);
#2204=ORIENTED_EDGE('',*,*,#3212,.F.);
#2205=ORIENTED_EDGE('',*,*,#3202,.F.);
#2206=ORIENTED_EDGE('',*,*,#3223,.F.);
#2207=ORIENTED_EDGE('',*,*,#3221,.F.);
#2208=ORIENTED_EDGE('',*,*,#3230,.T.);
#2209=ORIENTED_EDGE('',*,*,#3214,.F.);
#2210=ORIENTED_EDGE('',*,*,#3207,.F.);
#2211=ORIENTED_EDGE('',*,*,#2339,.F.);
#2212=ORIENTED_EDGE('',*,*,#3231,.T.);
#2213=ORIENTED_EDGE('',*,*,#3209,.F.);
#2214=ORIENTED_EDGE('',*,*,#3228,.F.);
#2215=ORIENTED_EDGE('',*,*,#3216,.F.);
#2216=ORIENTED_EDGE('',*,*,#3232,.T.);
#2217=ORIENTED_EDGE('',*,*,#3168,.F.);
#2218=ORIENTED_EDGE('',*,*,#3227,.F.);
#2219=ORIENTED_EDGE('',*,*,#3176,.F.);
#2220=ORIENTED_EDGE('',*,*,#3233,.T.);
#2221=ORIENTED_EDGE('',*,*,#2337,.F.);
#2222=ORIENTED_EDGE('',*,*,#2959,.F.);
#2223=ORIENTED_EDGE('',*,*,#3173,.F.);
#2224=ORIENTED_EDGE('',*,*,#3234,.T.);
#2225=ORIENTED_EDGE('',*,*,#2445,.F.);
#2226=ORIENTED_EDGE('',*,*,#2964,.F.);
#2227=ORIENTED_EDGE('',*,*,#3170,.F.);
#2228=ORIENTED_EDGE('',*,*,#3235,.T.);
#2229=ORIENTED_EDGE('',*,*,#3171,.F.);
#2230=ORIENTED_EDGE('',*,*,#2962,.F.);
#2231=ORIENTED_EDGE('',*,*,#2443,.F.);
#2232=ORIENTED_EDGE('',*,*,#3236,.T.);
#2233=ORIENTED_EDGE('',*,*,#3174,.F.);
#2234=ORIENTED_EDGE('',*,*,#2957,.F.);
#2235=ORIENTED_EDGE('',*,*,#3185,.F.);
#2236=ORIENTED_EDGE('',*,*,#3159,.F.);
#2237=ORIENTED_EDGE('',*,*,#3237,.F.);
#2238=ORIENTED_EDGE('',*,*,#2442,.F.);
#2239=ORIENTED_EDGE('',*,*,#3236,.F.);
#2240=ORIENTED_EDGE('',*,*,#3237,.T.);
#2241=ORIENTED_EDGE('',*,*,#3238,.F.);
#2242=ORIENTED_EDGE('',*,*,#3238,.T.);
#2243=ORIENTED_EDGE('',*,*,#3158,.F.);
#2244=ORIENTED_EDGE('',*,*,#3239,.F.);
#2245=ORIENTED_EDGE('',*,*,#3175,.F.);
#2246=ORIENTED_EDGE('',*,*,#3233,.F.);
#2247=ORIENTED_EDGE('',*,*,#3239,.T.);
#2248=ORIENTED_EDGE('',*,*,#3240,.F.);
#2249=ORIENTED_EDGE('',*,*,#3240,.T.);
#2250=ORIENTED_EDGE('',*,*,#3157,.F.);
#2251=ORIENTED_EDGE('',*,*,#3241,.F.);
#2252=ORIENTED_EDGE('',*,*,#2338,.F.);
#2253=ORIENTED_EDGE('',*,*,#3241,.T.);
#2254=ORIENTED_EDGE('',*,*,#3156,.F.);
#2255=ORIENTED_EDGE('',*,*,#3242,.F.);
#2256=ORIENTED_EDGE('',*,*,#3231,.F.);
#2257=ORIENTED_EDGE('',*,*,#3242,.T.);
#2258=ORIENTED_EDGE('',*,*,#3155,.F.);
#2259=ORIENTED_EDGE('',*,*,#3243,.F.);
#2260=ORIENTED_EDGE('',*,*,#3210,.F.);
#2261=ORIENTED_EDGE('',*,*,#3243,.T.);
#2262=ORIENTED_EDGE('',*,*,#3154,.F.);
#2263=ORIENTED_EDGE('',*,*,#3244,.F.);
#2264=ORIENTED_EDGE('',*,*,#3229,.F.);
#2265=ORIENTED_EDGE('',*,*,#3244,.T.);
#2266=ORIENTED_EDGE('',*,*,#3153,.F.);
#2267=ORIENTED_EDGE('',*,*,#3245,.F.);
#2268=ORIENTED_EDGE('',*,*,#3220,.F.);
#2269=ORIENTED_EDGE('',*,*,#3245,.T.);
#2270=ORIENTED_EDGE('',*,*,#3152,.F.);
#2271=ORIENTED_EDGE('',*,*,#3246,.F.);
#2272=ORIENTED_EDGE('',*,*,#3230,.F.);
#2273=ORIENTED_EDGE('',*,*,#3246,.T.);
#2274=ORIENTED_EDGE('',*,*,#3151,.F.);
#2275=ORIENTED_EDGE('',*,*,#3247,.F.);
#2276=ORIENTED_EDGE('',*,*,#3215,.F.);
#2277=ORIENTED_EDGE('',*,*,#3247,.T.);
#2278=ORIENTED_EDGE('',*,*,#3150,.F.);
#2279=ORIENTED_EDGE('',*,*,#3248,.F.);
#2280=ORIENTED_EDGE('',*,*,#3232,.F.);
#2281=ORIENTED_EDGE('',*,*,#3248,.T.);
#2282=ORIENTED_EDGE('',*,*,#3149,.F.);
#2283=ORIENTED_EDGE('',*,*,#3249,.F.);
#2284=ORIENTED_EDGE('',*,*,#3169,.F.);
#2285=ORIENTED_EDGE('',*,*,#3235,.F.);
#2286=ORIENTED_EDGE('',*,*,#3249,.T.);
#2287=ORIENTED_EDGE('',*,*,#3250,.F.);
#2288=ORIENTED_EDGE('',*,*,#3250,.T.);
#2289=ORIENTED_EDGE('',*,*,#3148,.F.);
#2290=ORIENTED_EDGE('',*,*,#3251,.F.);
#2291=ORIENTED_EDGE('',*,*,#3172,.F.);
#2292=ORIENTED_EDGE('',*,*,#3234,.F.);
#2293=ORIENTED_EDGE('',*,*,#3251,.T.);
#2294=ORIENTED_EDGE('',*,*,#3252,.F.);
#2295=ORIENTED_EDGE('',*,*,#3180,.F.);
#2296=ORIENTED_EDGE('',*,*,#2446,.F.);
#2297=ORIENTED_EDGE('',*,*,#3252,.T.);
#2298=ORIENTED_EDGE('',*,*,#3147,.F.);
#2299=ORIENTED_EDGE('',*,*,#3162,.F.);
#2300=ORIENTED_EDGE('',*,*,#3253,.T.);
#2301=ORIENTED_EDGE('',*,*,#2644,.F.);
#2302=ORIENTED_EDGE('',*,*,#3254,.F.);
#2303=ORIENTED_EDGE('',*,*,#3254,.T.);
#2304=ORIENTED_EDGE('',*,*,#2438,.F.);
#2305=ORIENTED_EDGE('',*,*,#3255,.F.);
#2306=ORIENTED_EDGE('',*,*,#3163,.F.);
#2307=ORIENTED_EDGE('',*,*,#3255,.T.);
#2308=ORIENTED_EDGE('',*,*,#3193,.F.);
#2309=ORIENTED_EDGE('',*,*,#3256,.F.);
#2310=ORIENTED_EDGE('',*,*,#3164,.F.);
#2311=ORIENTED_EDGE('',*,*,#3256,.T.);
#2312=ORIENTED_EDGE('',*,*,#2347,.F.);
#2313=ORIENTED_EDGE('',*,*,#3257,.F.);
#2314=ORIENTED_EDGE('',*,*,#3165,.F.);
#2315=ORIENTED_EDGE('',*,*,#3257,.T.);
#2316=ORIENTED_EDGE('',*,*,#3195,.F.);
#2317=ORIENTED_EDGE('',*,*,#3258,.F.);
#2318=ORIENTED_EDGE('',*,*,#3166,.F.);
#2319=ORIENTED_EDGE('',*,*,#3258,.T.);
#2320=ORIENTED_EDGE('',*,*,#2434,.F.);
#2321=ORIENTED_EDGE('',*,*,#3259,.F.);
#2322=ORIENTED_EDGE('',*,*,#3167,.F.);
#2323=ORIENTED_EDGE('',*,*,#2634,.F.);
#2324=ORIENTED_EDGE('',*,*,#3260,.T.);
#2325=ORIENTED_EDGE('',*,*,#3144,.F.);
#2326=ORIENTED_EDGE('',*,*,#3259,.T.);
#2327=ORIENTED_EDGE('',*,*,#3184,.F.);
#2328=ORIENTED_EDGE('',*,*,#3187,.F.);
#2329=ORIENTED_EDGE('',*,*,#3253,.F.);
#2330=ORIENTED_EDGE('',*,*,#3161,.F.);
#2331=ORIENTED_EDGE('',*,*,#3177,.F.);
#2332=ORIENTED_EDGE('',*,*,#3145,.F.);
#2333=ORIENTED_EDGE('',*,*,#3260,.F.);
#2334=ORIENTED_EDGE('',*,*,#3181,.F.);
#2335=ORIENTED_EDGE('',*,*,#2760,.F.);
#2336=ORIENTED_EDGE('',*,*,#2922,.F.);
#2337=EDGE_CURVE('',#3261,#3262,#3861,.T.);
#2338=EDGE_CURVE('',#3262,#3263,#3862,.T.);
#2339=EDGE_CURVE('',#3263,#3264,#3863,.F.);
#2340=EDGE_CURVE('',#3261,#3264,#239,.F.);
#2341=EDGE_CURVE('',#3265,#3266,#240,.T.);
#2342=EDGE_CURVE('',#3265,#3267,#3864,.T.);
#2343=EDGE_CURVE('',#3268,#3267,#241,.F.);
#2344=EDGE_CURVE('',#3268,#3269,#98,.T.);
#2345=EDGE_CURVE('',#3269,#3266,#3865,.T.);
#2346=EDGE_CURVE('',#3270,#3271,#3866,.T.);
#2347=EDGE_CURVE('',#3271,#3272,#3867,.F.);
#2348=EDGE_CURVE('',#3272,#3273,#3868,.T.);
#2349=EDGE_CURVE('',#3270,#3273,#242,.T.);
#2350=EDGE_CURVE('',#3274,#3274,#243,.T.);
#2351=EDGE_CURVE('',#3275,#3275,#244,.F.);
#2352=EDGE_CURVE('',#3276,#3276,#245,.T.);
#2353=EDGE_CURVE('',#3265,#3277,#3869,.T.);
#2354=EDGE_CURVE('',#3278,#3266,#3870,.T.);
#2355=EDGE_CURVE('',#3279,#3278,#3871,.T.);
#2356=EDGE_CURVE('',#3280,#3279,#3872,.T.);
#2357=EDGE_CURVE('',#3280,#3281,#246,.T.);
#2358=EDGE_CURVE('',#3281,#3282,#247,.F.);
#2359=EDGE_CURVE('',#3282,#3283,#248,.T.);
#2360=EDGE_CURVE('',#3283,#3284,#249,.T.);
#2361=EDGE_CURVE('',#3284,#3285,#250,.T.);
#2362=EDGE_CURVE('',#3285,#3286,#3873,.T.);
#2363=EDGE_CURVE('',#3286,#3287,#251,.T.);
#2364=EDGE_CURVE('',#3287,#3288,#3874,.T.);
#2365=EDGE_CURVE('',#3288,#3289,#252,.T.);
#2366=EDGE_CURVE('',#3289,#3290,#3875,.T.);
#2367=EDGE_CURVE('',#3290,#3291,#253,.T.);
#2368=EDGE_CURVE('',#3291,#3292,#3876,.T.);
#2369=EDGE_CURVE('',#3292,#3293,#3877,.T.);
#2370=EDGE_CURVE('',#3293,#3294,#3878,.T.);
#2371=EDGE_CURVE('',#3294,#3295,#254,.T.);
#2372=EDGE_CURVE('',#3295,#3296,#3879,.T.);
#2373=EDGE_CURVE('',#3296,#3297,#255,.T.);
#2374=EDGE_CURVE('',#3297,#3298,#3880,.T.);
#2375=EDGE_CURVE('',#3298,#3299,#256,.T.);
#2376=EDGE_CURVE('',#3300,#3299,#3881,.T.);
#2377=EDGE_CURVE('',#3301,#3300,#257,.T.);
#2378=EDGE_CURVE('',#3302,#3301,#3882,.T.);
#2379=EDGE_CURVE('',#3302,#3303,#3883,.T.);
#2380=EDGE_CURVE('',#3303,#3304,#258,.T.);
#2381=EDGE_CURVE('',#3304,#3305,#3884,.T.);
#2382=EDGE_CURVE('',#3305,#3306,#259,.T.);
#2383=EDGE_CURVE('',#3306,#3307,#3885,.T.);
#2384=EDGE_CURVE('',#3307,#3308,#3886,.T.);
#2385=EDGE_CURVE('',#3308,#3309,#3887,.T.);
#2386=EDGE_CURVE('',#3309,#3310,#260,.T.);
#2387=EDGE_CURVE('',#3310,#3311,#3888,.T.);
#2388=EDGE_CURVE('',#3311,#3312,#261,.T.);
#2389=EDGE_CURVE('',#3312,#3313,#3889,.T.);
#2390=EDGE_CURVE('',#3314,#3313,#3890,.T.);
#2391=EDGE_CURVE('',#3315,#3314,#262,.T.);
#2392=EDGE_CURVE('',#3316,#3315,#3891,.T.);
#2393=EDGE_CURVE('',#3317,#3316,#263,.T.);
#2394=EDGE_CURVE('',#3318,#3317,#3892,.T.);
#2395=EDGE_CURVE('',#3319,#3318,#264,.T.);
#2396=EDGE_CURVE('',#3320,#3319,#3893,.T.);
#2397=EDGE_CURVE('',#3321,#3320,#265,.T.);
#2398=EDGE_CURVE('',#3322,#3321,#3894,.T.);
#2399=EDGE_CURVE('',#3322,#3323,#3895,.F.);
#2400=EDGE_CURVE('',#3324,#3323,#3896,.T.);
#2401=EDGE_CURVE('',#3325,#3324,#266,.T.);
#2402=EDGE_CURVE('',#3326,#3325,#3897,.T.);
#2403=EDGE_CURVE('',#3327,#3326,#267,.T.);
#2404=EDGE_CURVE('',#3328,#3327,#3898,.T.);
#2405=EDGE_CURVE('',#3329,#3328,#268,.T.);
#2406=EDGE_CURVE('',#3330,#3329,#3899,.T.);
#2407=EDGE_CURVE('',#3331,#3330,#269,.T.);
#2408=EDGE_CURVE('',#3332,#3331,#270,.T.);
#2409=EDGE_CURVE('',#3333,#3332,#271,.T.);
#2410=EDGE_CURVE('',#3333,#3334,#272,.F.);
#2411=EDGE_CURVE('',#3334,#3335,#273,.T.);
#2412=EDGE_CURVE('',#3335,#3336,#3900,.T.);
#2413=EDGE_CURVE('',#3336,#3337,#3901,.T.);
#2414=EDGE_CURVE('',#3337,#3338,#3902,.T.);
#2415=EDGE_CURVE('',#3338,#3339,#274,.T.);
#2416=EDGE_CURVE('',#3340,#3339,#3903,.T.);
#2417=EDGE_CURVE('',#3277,#3340,#275,.F.);
#2418=EDGE_CURVE('',#3341,#3342,#276,.F.);
#2419=EDGE_CURVE('',#3342,#3343,#3904,.T.);
#2420=EDGE_CURVE('',#3343,#3344,#277,.F.);
#2421=EDGE_CURVE('',#3344,#3345,#3905,.T.);
#2422=EDGE_CURVE('',#3345,#3346,#3906,.T.);
#2423=EDGE_CURVE('',#3346,#3347,#3907,.T.);
#2424=EDGE_CURVE('',#3347,#3348,#278,.T.);
#2425=EDGE_CURVE('',#3348,#3349,#3908,.T.);
#2426=EDGE_CURVE('',#3350,#3349,#3909,.T.);
#2427=EDGE_CURVE('',#3350,#3268,#3910,.T.);
#2428=EDGE_CURVE('',#3267,#3351,#3911,.T.);
#2429=EDGE_CURVE('',#3351,#3352,#279,.F.);
#2430=EDGE_CURVE('',#3352,#3353,#3912,.F.);
#2431=EDGE_CURVE('',#3353,#3354,#3913,.T.);
#2432=EDGE_CURVE('',#3354,#3341,#3914,.F.);
#2433=EDGE_CURVE('',#3355,#3356,#3915,.T.);
#2434=EDGE_CURVE('',#3355,#3357,#280,.F.);
#2435=EDGE_CURVE('',#3357,#3358,#3916,.T.);
#2436=EDGE_CURVE('',#3356,#3358,#53,.T.);
#2437=EDGE_CURVE('',#3359,#3360,#3917,.T.);
#2438=EDGE_CURVE('',#3360,#3361,#281,.F.);
#2439=EDGE_CURVE('',#3362,#3361,#3918,.F.);
#2440=EDGE_CURVE('',#3359,#3362,#54,.T.);
#2441=EDGE_CURVE('',#3363,#3364,#3919,.T.);
#2442=EDGE_CURVE('',#3363,#3365,#3920,.T.);
#2443=EDGE_CURVE('',#3365,#3366,#3921,.T.);
#2444=EDGE_CURVE('',#3366,#3364,#55,.T.);
#2445=EDGE_CURVE('',#3367,#3368,#3922,.F.);
#2446=EDGE_CURVE('',#3368,#3369,#3923,.F.);
#2447=EDGE_CURVE('',#3369,#3370,#3924,.T.);
#2448=EDGE_CURVE('',#3367,#3370,#56,.T.);
#2449=EDGE_CURVE('',#3339,#3343,#3925,.T.);
#2450=EDGE_CURVE('',#3371,#3338,#3926,.T.);
#2451=EDGE_CURVE('',#3371,#3344,#99,.F.);
#2452=EDGE_CURVE('',#3372,#3373,#3927,.T.);
#2453=EDGE_CURVE('',#3374,#3373,#3928,.T.);
#2454=EDGE_CURVE('',#3375,#3374,#3929,.T.);
#2455=EDGE_CURVE('',#3375,#3372,#3930,.T.);
#2456=EDGE_CURVE('',#3373,#3376,#282,.T.);
#2457=EDGE_CURVE('',#3377,#3376,#3931,.T.);
#2458=EDGE_CURVE('',#3374,#3377,#283,.T.);
#2459=EDGE_CURVE('',#3378,#3379,#3932,.T.);
#2460=EDGE_CURVE('',#3377,#3378,#3933,.T.);
#2461=EDGE_CURVE('',#3376,#3379,#3934,.T.);
#2462=EDGE_CURVE('',#3380,#3381,#3935,.T.);
#2463=EDGE_CURVE('',#3380,#3382,#3936,.T.);
#2464=EDGE_CURVE('',#3383,#3382,#3937,.T.);
#2465=EDGE_CURVE('',#3381,#3383,#3938,.T.);
#2466=EDGE_CURVE('',#3382,#3384,#284,.T.);
#2467=EDGE_CURVE('',#3385,#3384,#3939,.T.);
#2468=EDGE_CURVE('',#3383,#3385,#285,.T.);
#2469=EDGE_CURVE('',#3384,#3386,#3940,.T.);
#2470=EDGE_CURVE('',#3387,#3386,#3941,.T.);
#2471=EDGE_CURVE('',#3385,#3387,#3942,.T.);
#2472=EDGE_CURVE('',#3386,#3372,#3943,.T.);
#2473=EDGE_CURVE('',#3387,#3375,#3944,.T.);
#2474=EDGE_CURVE('',#3381,#3378,#3945,.T.);
#2475=EDGE_CURVE('',#3380,#3379,#3946,.T.);
#2476=EDGE_CURVE('',#3388,#3389,#3947,.T.);
#2477=EDGE_CURVE('',#3390,#3389,#3948,.T.);
#2478=EDGE_CURVE('',#3391,#3390,#3949,.T.);
#2479=EDGE_CURVE('',#3391,#3388,#3950,.T.);
#2480=EDGE_CURVE('',#3389,#3392,#286,.T.);
#2481=EDGE_CURVE('',#3393,#3392,#3951,.T.);
#2482=EDGE_CURVE('',#3390,#3393,#287,.T.);
#2483=EDGE_CURVE('',#3394,#3395,#3952,.T.);
#2484=EDGE_CURVE('',#3393,#3394,#3953,.T.);
#2485=EDGE_CURVE('',#3392,#3395,#3954,.T.);
#2486=EDGE_CURVE('',#3396,#3397,#3955,.T.);
#2487=EDGE_CURVE('',#3396,#3398,#3956,.T.);
#2488=EDGE_CURVE('',#3399,#3398,#3957,.T.);
#2489=EDGE_CURVE('',#3397,#3399,#3958,.T.);
#2490=EDGE_CURVE('',#3398,#3400,#288,.T.);
#2491=EDGE_CURVE('',#3401,#3400,#3959,.T.);
#2492=EDGE_CURVE('',#3399,#3401,#289,.T.);
#2493=EDGE_CURVE('',#3400,#3402,#3960,.T.);
#2494=EDGE_CURVE('',#3403,#3402,#3961,.T.);
#2495=EDGE_CURVE('',#3401,#3403,#3962,.T.);
#2496=EDGE_CURVE('',#3402,#3388,#3963,.T.);
#2497=EDGE_CURVE('',#3403,#3391,#3964,.T.);
#2498=EDGE_CURVE('',#3397,#3394,#3965,.T.);
#2499=EDGE_CURVE('',#3396,#3395,#3966,.T.);
#2500=EDGE_CURVE('',#3404,#3405,#3967,.T.);
#2501=EDGE_CURVE('',#3406,#3405,#3968,.T.);
#2502=EDGE_CURVE('',#3407,#3406,#3969,.T.);
#2503=EDGE_CURVE('',#3407,#3404,#3970,.T.);
#2504=EDGE_CURVE('',#3405,#3408,#290,.T.);
#2505=EDGE_CURVE('',#3409,#3408,#3971,.T.);
#2506=EDGE_CURVE('',#3406,#3409,#291,.T.);
#2507=EDGE_CURVE('',#3410,#3411,#3972,.T.);
#2508=EDGE_CURVE('',#3409,#3410,#3973,.T.);
#2509=EDGE_CURVE('',#3408,#3411,#3974,.T.);
#2510=EDGE_CURVE('',#3412,#3413,#3975,.T.);
#2511=EDGE_CURVE('',#3412,#3414,#3976,.T.);
#2512=EDGE_CURVE('',#3415,#3414,#3977,.T.);
#2513=EDGE_CURVE('',#3413,#3415,#3978,.T.);
#2514=EDGE_CURVE('',#3414,#3416,#292,.T.);
#2515=EDGE_CURVE('',#3417,#3416,#3979,.T.);
#2516=EDGE_CURVE('',#3415,#3417,#293,.T.);
#2517=EDGE_CURVE('',#3416,#3418,#3980,.T.);
#2518=EDGE_CURVE('',#3419,#3418,#3981,.T.);
#2519=EDGE_CURVE('',#3417,#3419,#3982,.T.);
#2520=EDGE_CURVE('',#3418,#3404,#3983,.T.);
#2521=EDGE_CURVE('',#3419,#3407,#3984,.T.);
#2522=EDGE_CURVE('',#3413,#3410,#3985,.T.);
#2523=EDGE_CURVE('',#3412,#3411,#3986,.T.);
#2524=EDGE_CURVE('',#3420,#3421,#3987,.T.);
#2525=EDGE_CURVE('',#3422,#3421,#3988,.T.);
#2526=EDGE_CURVE('',#3423,#3422,#3989,.T.);
#2527=EDGE_CURVE('',#3423,#3420,#3990,.T.);
#2528=EDGE_CURVE('',#3421,#3424,#294,.T.);
#2529=EDGE_CURVE('',#3425,#3424,#3991,.T.);
#2530=EDGE_CURVE('',#3422,#3425,#295,.T.);
#2531=EDGE_CURVE('',#3426,#3427,#3992,.T.);
#2532=EDGE_CURVE('',#3425,#3426,#3993,.T.);
#2533=EDGE_CURVE('',#3424,#3427,#3994,.T.);
#2534=EDGE_CURVE('',#3428,#3429,#3995,.T.);
#2535=EDGE_CURVE('',#3428,#3430,#3996,.T.);
#2536=EDGE_CURVE('',#3431,#3430,#3997,.T.);
#2537=EDGE_CURVE('',#3429,#3431,#3998,.T.);
#2538=EDGE_CURVE('',#3430,#3432,#296,.T.);
#2539=EDGE_CURVE('',#3433,#3432,#3999,.T.);
#2540=EDGE_CURVE('',#3431,#3433,#297,.T.);
#2541=EDGE_CURVE('',#3432,#3434,#4000,.T.);
#2542=EDGE_CURVE('',#3435,#3434,#4001,.T.);
#2543=EDGE_CURVE('',#3433,#3435,#4002,.T.);
#2544=EDGE_CURVE('',#3434,#3420,#4003,.T.);
#2545=EDGE_CURVE('',#3435,#3423,#4004,.T.);
#2546=EDGE_CURVE('',#3429,#3426,#4005,.T.);
#2547=EDGE_CURVE('',#3428,#3427,#4006,.T.);
#2548=EDGE_CURVE('',#3436,#3437,#4007,.T.);
#2549=EDGE_CURVE('',#3437,#3438,#4008,.T.);
#2550=EDGE_CURVE('',#3438,#3439,#4009,.T.);
#2551=EDGE_CURVE('',#3439,#3436,#4010,.T.);
#2552=EDGE_CURVE('',#3440,#3441,#4011,.T.);
#2553=EDGE_CURVE('',#3441,#3442,#4012,.T.);
#2554=EDGE_CURVE('',#3442,#3443,#4013,.T.);
#2555=EDGE_CURVE('',#3440,#3443,#4014,.T.);
#2556=EDGE_CURVE('',#3444,#3445,#4015,.T.);
#2557=EDGE_CURVE('',#3444,#3446,#4016,.T.);
#2558=EDGE_CURVE('',#3446,#3447,#4017,.T.);
#2559=EDGE_CURVE('',#3445,#3447,#4018,.T.);
#2560=EDGE_CURVE('',#3448,#3449,#4019,.T.);
#2561=EDGE_CURVE('',#3448,#3450,#4020,.T.);
#2562=EDGE_CURVE('',#3451,#3450,#4021,.T.);
#2563=EDGE_CURVE('',#3451,#3452,#4022,.T.);
#2564=EDGE_CURVE('',#3452,#3453,#298,.T.);
#2565=EDGE_CURVE('',#3453,#3454,#4023,.T.);
#2566=EDGE_CURVE('',#3455,#3454,#299,.F.);
#2567=EDGE_CURVE('',#3456,#3455,#4024,.T.);
#2568=EDGE_CURVE('',#3457,#3456,#300,.T.);
#2569=EDGE_CURVE('',#3458,#3457,#4025,.T.);
#2570=EDGE_CURVE('',#3459,#3458,#301,.T.);
#2571=EDGE_CURVE('',#3460,#3459,#4026,.T.);
#2572=EDGE_CURVE('',#3461,#3460,#4027,.T.);
#2573=EDGE_CURVE('',#3462,#3461,#4028,.T.);
#2574=EDGE_CURVE('',#3463,#3462,#302,.T.);
#2575=EDGE_CURVE('',#3464,#3463,#4029,.T.);
#2576=EDGE_CURVE('',#3465,#3464,#303,.T.);
#2577=EDGE_CURVE('',#3466,#3465,#4030,.T.);
#2578=EDGE_CURVE('',#3467,#3466,#304,.F.);
#2579=EDGE_CURVE('',#3468,#3467,#4031,.T.);
#2580=EDGE_CURVE('',#3468,#3469,#305,.F.);
#2581=EDGE_CURVE('',#3469,#3470,#306,.F.);
#2582=EDGE_CURVE('',#3471,#3470,#307,.F.);
#2583=EDGE_CURVE('',#3471,#3472,#4032,.T.);
#2584=EDGE_CURVE('',#3472,#3473,#4033,.T.);
#2585=EDGE_CURVE('',#3474,#3473,#4034,.T.);
#2586=EDGE_CURVE('',#3475,#3474,#308,.T.);
#2587=EDGE_CURVE('',#3476,#3475,#4035,.T.);
#2588=EDGE_CURVE('',#3477,#3476,#4036,.T.);
#2589=EDGE_CURVE('',#3477,#3478,#4037,.T.);
#2590=EDGE_CURVE('',#3479,#3478,#309,.F.);
#2591=EDGE_CURVE('',#3479,#3480,#310,.F.);
#2592=EDGE_CURVE('',#3480,#3481,#311,.F.);
#2593=EDGE_CURVE('',#3481,#3482,#4038,.T.);
#2594=EDGE_CURVE('',#3482,#3483,#312,.T.);
#2595=EDGE_CURVE('',#3483,#3484,#4039,.T.);
#2596=EDGE_CURVE('',#3484,#3485,#313,.F.);
#2597=EDGE_CURVE('',#3485,#3486,#4040,.T.);
#2598=EDGE_CURVE('',#3486,#3487,#314,.F.);
#2599=EDGE_CURVE('',#3487,#3488,#4041,.T.);
#2600=EDGE_CURVE('',#3488,#3489,#4042,.T.);
#2601=EDGE_CURVE('',#3489,#3490,#4043,.T.);
#2602=EDGE_CURVE('',#3490,#3491,#315,.F.);
#2603=EDGE_CURVE('',#3491,#3492,#4044,.T.);
#2604=EDGE_CURVE('',#3492,#3493,#316,.F.);
#2605=EDGE_CURVE('',#3493,#3494,#4045,.T.);
#2606=EDGE_CURVE('',#3494,#3495,#317,.T.);
#2607=EDGE_CURVE('',#3495,#3496,#4046,.T.);
#2608=EDGE_CURVE('',#3496,#3497,#318,.T.);
#2609=EDGE_CURVE('',#3497,#3498,#4047,.T.);
#2610=EDGE_CURVE('',#3498,#3499,#4048,.T.);
#2611=EDGE_CURVE('',#3499,#3500,#4049,.T.);
#2612=EDGE_CURVE('',#3501,#3500,#4050,.T.);
#2613=EDGE_CURVE('',#3502,#3501,#319,.T.);
#2614=EDGE_CURVE('',#3503,#3502,#4051,.T.);
#2615=EDGE_CURVE('',#3504,#3503,#320,.T.);
#2616=EDGE_CURVE('',#3505,#3504,#4052,.T.);
#2617=EDGE_CURVE('',#3505,#3506,#4053,.T.);
#2618=EDGE_CURVE('',#3507,#3506,#4054,.T.);
#2619=EDGE_CURVE('',#3508,#3507,#321,.T.);
#2620=EDGE_CURVE('',#3509,#3508,#4055,.T.);
#2621=EDGE_CURVE('',#3449,#3509,#322,.T.);
#2622=EDGE_CURVE('',#3510,#3451,#4056,.T.);
#2623=EDGE_CURVE('',#3510,#3511,#4057,.T.);
#2624=EDGE_CURVE('',#3511,#3302,#4058,.T.);
#2625=EDGE_CURVE('',#3452,#3301,#4059,.T.);
#2626=EDGE_CURVE('',#3512,#3513,#4060,.T.);
#2627=EDGE_CURVE('',#3512,#3510,#4061,.T.);
#2628=EDGE_CURVE('',#3450,#3513,#4062,.T.);
#2629=EDGE_CURVE('',#3514,#3515,#4063,.T.);
#2630=EDGE_CURVE('',#3514,#3516,#4064,.T.);
#2631=EDGE_CURVE('',#3516,#3517,#4065,.T.);
#2632=EDGE_CURVE('',#3517,#3515,#4066,.T.);
#2633=EDGE_CURVE('',#3518,#3519,#4067,.T.);
#2634=EDGE_CURVE('',#3518,#3355,#4068,.F.);
#2635=EDGE_CURVE('',#3520,#3356,#323,.T.);
#2636=EDGE_CURVE('',#3521,#3520,#4069,.T.);
#2637=EDGE_CURVE('',#3522,#3521,#324,.T.);
#2638=EDGE_CURVE('',#3522,#3523,#4070,.T.);
#2639=EDGE_CURVE('',#3524,#3523,#4071,.T.);
#2640=EDGE_CURVE('',#3524,#3525,#4072,.F.);
#2641=EDGE_CURVE('',#3526,#3525,#325,.T.);
#2642=EDGE_CURVE('',#3527,#3526,#4073,.T.);
#2643=EDGE_CURVE('',#3362,#3527,#326,.T.);
#2644=EDGE_CURVE('',#3361,#3528,#4074,.F.);
#2645=EDGE_CURVE('',#3528,#3529,#4075,.T.);
#2646=EDGE_CURVE('',#3529,#3530,#57,.T.);
#2647=EDGE_CURVE('',#3530,#3531,#327,.T.);
#2648=EDGE_CURVE('',#3531,#3532,#4076,.T.);
#2649=EDGE_CURVE('',#3532,#3533,#4077,.T.);
#2650=EDGE_CURVE('',#3533,#3534,#4078,.T.);
#2651=EDGE_CURVE('',#3534,#3535,#328,.T.);
#2652=EDGE_CURVE('',#3535,#3536,#329,.F.);
#2653=EDGE_CURVE('',#3537,#3536,#4079,.T.);
#2654=EDGE_CURVE('',#3537,#3538,#330,.T.);
#2655=EDGE_CURVE('',#3539,#3538,#4080,.T.);
#2656=EDGE_CURVE('',#3540,#3539,#331,.T.);
#2657=EDGE_CURVE('',#3541,#3540,#332,.T.);
#2658=EDGE_CURVE('',#3542,#3541,#4081,.T.);
#2659=EDGE_CURVE('',#3542,#3543,#333,.T.);
#2660=EDGE_CURVE('',#3544,#3543,#4082,.T.);
#2661=EDGE_CURVE('',#3438,#3544,#4083,.T.);
#2662=EDGE_CURVE('',#3437,#3545,#4084,.T.);
#2663=EDGE_CURVE('',#3545,#3546,#4085,.T.);
#2664=EDGE_CURVE('',#3546,#3515,#4086,.T.);
#2665=EDGE_CURVE('',#3517,#3547,#4087,.T.);
#2666=EDGE_CURVE('',#3548,#3547,#4088,.T.);
#2667=EDGE_CURVE('',#3548,#3549,#334,.T.);
#2668=EDGE_CURVE('',#3549,#3550,#4089,.T.);
#2669=EDGE_CURVE('',#3550,#3551,#335,.T.);
#2670=EDGE_CURVE('',#3551,#3552,#336,.T.);
#2671=EDGE_CURVE('',#3552,#3553,#4090,.T.);
#2672=EDGE_CURVE('',#3553,#3554,#337,.T.);
#2673=EDGE_CURVE('',#3554,#3555,#4091,.T.);
#2674=EDGE_CURVE('',#3555,#3556,#338,.F.);
#2675=EDGE_CURVE('',#3556,#3557,#339,.T.);
#2676=EDGE_CURVE('',#3558,#3557,#4092,.T.);
#2677=EDGE_CURVE('',#3559,#3558,#4093,.T.);
#2678=EDGE_CURVE('',#3560,#3559,#4094,.T.);
#2679=EDGE_CURVE('',#3560,#3561,#340,.T.);
#2680=EDGE_CURVE('',#3561,#3519,#58,.T.);
#2681=EDGE_CURVE('',#3562,#3562,#341,.F.);
#2682=EDGE_CURVE('',#3563,#3563,#342,.F.);
#2683=EDGE_CURVE('',#3564,#3565,#4095,.T.);
#2684=EDGE_CURVE('',#3564,#3566,#4096,.F.);
#2685=EDGE_CURVE('',#3567,#3566,#4097,.T.);
#2686=EDGE_CURVE('',#3565,#3567,#4098,.T.);
#2687=EDGE_CURVE('',#3568,#3569,#4099,.T.);
#2688=EDGE_CURVE('',#3570,#3568,#4100,.T.);
#2689=EDGE_CURVE('',#3570,#3571,#4101,.T.);
#2690=EDGE_CURVE('',#3572,#3571,#343,.T.);
#2691=EDGE_CURVE('',#3572,#3573,#4102,.T.);
#2692=EDGE_CURVE('',#3573,#3574,#4103,.T.);
#2693=EDGE_CURVE('',#3575,#3574,#4104,.T.);
#2694=EDGE_CURVE('',#3575,#3569,#344,.T.);
#2695=EDGE_CURVE('',#3576,#3577,#4105,.T.);
#2696=EDGE_CURVE('',#3577,#3578,#59,.F.);
#2697=EDGE_CURVE('',#3578,#3579,#4106,.T.);
#2698=EDGE_CURVE('',#3579,#3580,#4107,.T.);
#2699=EDGE_CURVE('',#3580,#3576,#4108,.T.);
#2700=EDGE_CURVE('',#3581,#3582,#4109,.T.);
#2701=EDGE_CURVE('',#3582,#3583,#345,.T.);
#2702=EDGE_CURVE('',#3583,#3584,#4110,.T.);
#2703=EDGE_CURVE('',#3584,#3585,#346,.T.);
#2704=EDGE_CURVE('',#3585,#3586,#4111,.T.);
#2705=EDGE_CURVE('',#3586,#3587,#347,.T.);
#2706=EDGE_CURVE('',#3587,#3588,#4112,.T.);
#2707=EDGE_CURVE('',#3588,#3581,#348,.T.);
#2708=EDGE_CURVE('',#3544,#3589,#4113,.T.);
#2709=EDGE_CURVE('',#3590,#3543,#4114,.T.);
#2710=EDGE_CURVE('',#3590,#3591,#4115,.T.);
#2711=EDGE_CURVE('',#3591,#3548,#4116,.T.);
#2712=EDGE_CURVE('',#3592,#3547,#4117,.T.);
#2713=EDGE_CURVE('',#3589,#3592,#4118,.T.);
#2714=EDGE_CURVE('',#3593,#3436,#4119,.T.);
#2715=EDGE_CURVE('',#3593,#3594,#4120,.T.);
#2716=EDGE_CURVE('',#3594,#3545,#4121,.T.);
#2717=EDGE_CURVE('',#3595,#3546,#4122,.T.);
#2718=EDGE_CURVE('',#3595,#3596,#4123,.T.);
#2719=EDGE_CURVE('',#3596,#3514,#4124,.T.);
#2720=EDGE_CURVE('',#3597,#3598,#4125,.T.);
#2721=EDGE_CURVE('',#3597,#3599,#349,.F.);
#2722=EDGE_CURVE('',#3600,#3599,#4126,.T.);
#2723=EDGE_CURVE('',#3600,#3601,#4127,.F.);
#2724=EDGE_CURVE('',#3601,#3602,#4128,.T.);
#2725=EDGE_CURVE('',#3602,#3603,#4129,.F.);
#2726=EDGE_CURVE('',#3603,#3604,#4130,.T.);
#2727=EDGE_CURVE('',#3605,#3604,#4131,.T.);
#2728=EDGE_CURVE('',#3598,#3605,#4132,.T.);
#2729=EDGE_CURVE('',#3606,#3607,#4133,.T.);
#2730=EDGE_CURVE('',#3607,#3608,#4134,.F.);
#2731=EDGE_CURVE('',#3608,#3609,#4135,.T.);
#2732=EDGE_CURVE('',#3609,#3606,#4136,.F.);
#2733=EDGE_CURVE('',#3610,#3611,#4137,.T.);
#2734=EDGE_CURVE('',#3610,#3612,#4138,.T.);
#2735=EDGE_CURVE('',#3612,#3613,#4139,.T.);
#2736=EDGE_CURVE('',#3613,#3614,#4140,.T.);
#2737=EDGE_CURVE('',#3614,#3615,#4141,.T.);
#2738=EDGE_CURVE('',#3615,#3616,#4142,.T.);
#2739=EDGE_CURVE('',#3617,#3616,#4143,.T.);
#2740=EDGE_CURVE('',#3617,#3611,#4144,.T.);
#2741=EDGE_CURVE('',#3618,#3280,#4145,.T.);
#2742=EDGE_CURVE('',#3618,#3471,#100,.F.);
#2743=EDGE_CURVE('',#3470,#3281,#4146,.T.);
#2744=EDGE_CURVE('',#3478,#3619,#101,.T.);
#2745=EDGE_CURVE('',#3619,#3335,#4147,.T.);
#2746=EDGE_CURVE('',#3334,#3479,#4148,.F.);
#2747=EDGE_CURVE('',#3453,#3300,#4149,.T.);
#2748=EDGE_CURVE('',#3454,#3299,#4150,.T.);
#2749=EDGE_CURVE('',#3601,#3620,#350,.T.);
#2750=EDGE_CURVE('',#3621,#3620,#4151,.T.);
#2751=EDGE_CURVE('',#3621,#3609,#351,.T.);
#2752=EDGE_CURVE('',#3608,#3622,#352,.T.);
#2753=EDGE_CURVE('',#3623,#3622,#4152,.T.);
#2754=EDGE_CURVE('',#3623,#3602,#353,.T.);
#2755=EDGE_CURVE('',#3624,#3542,#4153,.T.);
#2756=EDGE_CURVE('',#3541,#3625,#4154,.F.);
#2757=EDGE_CURVE('',#3625,#3624,#4155,.T.);
#2758=EDGE_CURVE('',#3626,#3333,#4156,.T.);
#2759=EDGE_CURVE('',#3626,#3480,#60,.T.);
#2760=EDGE_CURVE('',#3627,#3627,#354,.T.);
#2761=EDGE_CURVE('',#3348,#3575,#4157,.T.);
#2762=EDGE_CURVE('',#3569,#3347,#4158,.F.);
#2763=EDGE_CURVE('',#3571,#3475,#4159,.F.);
#2764=EDGE_CURVE('',#3474,#3572,#4160,.T.);
#2765=EDGE_CURVE('',#3495,#3316,#4161,.T.);
#2766=EDGE_CURVE('',#3496,#3315,#4162,.T.);
#2767=EDGE_CURVE('',#3628,#3629,#4163,.T.);
#2768=EDGE_CURVE('',#3628,#3630,#355,.T.);
#2769=EDGE_CURVE('',#3630,#3631,#4164,.T.);
#2770=EDGE_CURVE('',#3631,#3613,#356,.T.);
#2771=EDGE_CURVE('',#3612,#3632,#357,.T.);
#2772=EDGE_CURVE('',#3632,#3633,#4165,.T.);
#2773=EDGE_CURVE('',#3633,#3629,#358,.T.);
#2774=EDGE_CURVE('',#3634,#3549,#4166,.T.);
#2775=EDGE_CURVE('',#3634,#3635,#4167,.T.);
#2776=EDGE_CURVE('',#3635,#3550,#4168,.F.);
#2777=EDGE_CURVE('',#3497,#3314,#4169,.T.);
#2778=EDGE_CURVE('',#3591,#3634,#359,.T.);
#2779=EDGE_CURVE('',#3636,#3313,#4170,.T.);
#2780=EDGE_CURVE('',#3636,#3637,#4171,.T.);
#2781=EDGE_CURVE('',#3637,#3498,#4172,.T.);
#2782=EDGE_CURVE('',#3624,#3590,#360,.T.);
#2783=EDGE_CURVE('',#3469,#3638,#61,.T.);
#2784=EDGE_CURVE('',#3638,#3282,#4173,.T.);
#2785=EDGE_CURVE('',#3639,#3332,#4174,.T.);
#2786=EDGE_CURVE('',#3639,#3626,#62,.T.);
#2787=EDGE_CURVE('',#3640,#3331,#4175,.T.);
#2788=EDGE_CURVE('',#3640,#3639,#361,.T.);
#2789=EDGE_CURVE('',#3641,#3330,#4176,.T.);
#2790=EDGE_CURVE('',#3641,#3640,#63,.T.);
#2791=EDGE_CURVE('',#3481,#3641,#64,.T.);
#2792=EDGE_CURVE('',#3482,#3329,#4177,.T.);
#2793=EDGE_CURVE('',#3483,#3328,#4178,.T.);
#2794=EDGE_CURVE('',#3484,#3327,#4179,.T.);
#2795=EDGE_CURVE('',#3485,#3326,#4180,.T.);
#2796=EDGE_CURVE('',#3486,#3325,#4181,.T.);
#2797=EDGE_CURVE('',#3487,#3324,#4182,.T.);
#2798=EDGE_CURVE('',#3642,#3643,#4183,.T.);
#2799=EDGE_CURVE('',#3642,#3644,#4184,.T.);
#2800=EDGE_CURVE('',#3644,#3645,#4185,.T.);
#2801=EDGE_CURVE('',#3645,#3488,#4186,.T.);
#2802=EDGE_CURVE('',#3323,#3446,#362,.F.);
#2803=EDGE_CURVE('',#3643,#3444,#4187,.T.);
#2804=EDGE_CURVE('',#3646,#3647,#4188,.T.);
#2805=EDGE_CURVE('',#3647,#3648,#4189,.T.);
#2806=EDGE_CURVE('',#3649,#3648,#4190,.T.);
#2807=EDGE_CURVE('',#3649,#3445,#4191,.T.);
#2808=EDGE_CURVE('',#3447,#3322,#363,.F.);
#2809=EDGE_CURVE('',#3490,#3321,#4192,.T.);
#2810=EDGE_CURVE('',#3646,#3489,#4193,.T.);
#2811=EDGE_CURVE('',#3491,#3320,#4194,.T.);
#2812=EDGE_CURVE('',#3492,#3319,#4195,.T.);
#2813=EDGE_CURVE('',#3493,#3318,#4196,.T.);
#2814=EDGE_CURVE('',#3494,#3317,#4197,.T.);
#2815=EDGE_CURVE('',#3455,#3298,#4198,.T.);
#2816=EDGE_CURVE('',#3638,#3650,#65,.T.);
#2817=EDGE_CURVE('',#3650,#3283,#4199,.T.);
#2818=EDGE_CURVE('',#3650,#3651,#364,.T.);
#2819=EDGE_CURVE('',#3651,#3284,#4200,.T.);
#2820=EDGE_CURVE('',#3651,#3652,#66,.T.);
#2821=EDGE_CURVE('',#3652,#3285,#4201,.T.);
#2822=EDGE_CURVE('',#3652,#3468,#67,.T.);
#2823=EDGE_CURVE('',#3467,#3286,#4202,.T.);
#2824=EDGE_CURVE('',#3466,#3287,#4203,.T.);
#2825=EDGE_CURVE('',#3465,#3288,#4204,.T.);
#2826=EDGE_CURVE('',#3464,#3289,#4205,.T.);
#2827=EDGE_CURVE('',#3463,#3290,#4206,.T.);
#2828=EDGE_CURVE('',#3462,#3291,#4207,.T.);
#2829=EDGE_CURVE('',#3653,#3654,#4208,.T.);
#2830=EDGE_CURVE('',#3653,#3655,#4209,.F.);
#2831=EDGE_CURVE('',#3656,#3655,#4210,.T.);
#2832=EDGE_CURVE('',#3656,#3657,#4211,.T.);
#2833=EDGE_CURVE('',#3657,#3658,#4212,.T.);
#2834=EDGE_CURVE('',#3658,#3292,#365,.T.);
#2835=EDGE_CURVE('',#3654,#3461,#4213,.T.);
#2836=EDGE_CURVE('',#3659,#3657,#4214,.T.);
#2837=EDGE_CURVE('',#3659,#3660,#4215,.T.);
#2838=EDGE_CURVE('',#3660,#3658,#4216,.F.);
#2839=EDGE_CURVE('',#3661,#3662,#4217,.T.);
#2840=EDGE_CURVE('',#3661,#3663,#4218,.F.);
#2841=EDGE_CURVE('',#3664,#3663,#4219,.T.);
#2842=EDGE_CURVE('',#3664,#3460,#4220,.T.);
#2843=EDGE_CURVE('',#3459,#3294,#4221,.T.);
#2844=EDGE_CURVE('',#3293,#3660,#366,.T.);
#2845=EDGE_CURVE('',#3662,#3659,#4222,.T.);
#2846=EDGE_CURVE('',#3458,#3295,#4223,.T.);
#2847=EDGE_CURVE('',#3457,#3296,#4224,.T.);
#2848=EDGE_CURVE('',#3456,#3297,#4225,.T.);
#2849=EDGE_CURVE('',#3501,#3312,#4226,.T.);
#2850=EDGE_CURVE('',#3665,#3500,#4227,.T.);
#2851=EDGE_CURVE('',#3665,#3636,#4228,.T.);
#2852=EDGE_CURVE('',#3511,#3666,#4229,.T.);
#2853=EDGE_CURVE('',#3667,#3666,#4230,.T.);
#2854=EDGE_CURVE('',#3667,#3448,#4231,.T.);
#2855=EDGE_CURVE('',#3449,#3303,#4232,.T.);
#2856=EDGE_CURVE('',#3509,#3304,#4233,.T.);
#2857=EDGE_CURVE('',#3508,#3305,#4234,.T.);
#2858=EDGE_CURVE('',#3507,#3306,#4235,.T.);
#2859=EDGE_CURVE('',#3668,#3669,#4236,.T.);
#2860=EDGE_CURVE('',#3669,#3670,#4237,.T.);
#2861=EDGE_CURVE('',#3671,#3670,#4238,.T.);
#2862=EDGE_CURVE('',#3671,#3672,#4239,.T.);
#2863=EDGE_CURVE('',#3672,#3673,#4240,.T.);
#2864=EDGE_CURVE('',#3673,#3307,#367,.T.);
#2865=EDGE_CURVE('',#3668,#3506,#4241,.T.);
#2866=EDGE_CURVE('',#3674,#3672,#4242,.T.);
#2867=EDGE_CURVE('',#3674,#3675,#4243,.T.);
#2868=EDGE_CURVE('',#3675,#3673,#4244,.F.);
#2869=EDGE_CURVE('',#3676,#3677,#4245,.T.);
#2870=EDGE_CURVE('',#3676,#3678,#4246,.T.);
#2871=EDGE_CURVE('',#3678,#3679,#4247,.T.);
#2872=EDGE_CURVE('',#3679,#3505,#4248,.T.);
#2873=EDGE_CURVE('',#3504,#3309,#4249,.T.);
#2874=EDGE_CURVE('',#3308,#3675,#368,.T.);
#2875=EDGE_CURVE('',#3677,#3674,#4250,.T.);
#2876=EDGE_CURVE('',#3503,#3310,#4251,.T.);
#2877=EDGE_CURVE('',#3502,#3311,#4252,.T.);
#2878=EDGE_CURVE('',#3619,#3680,#4253,.T.);
#2879=EDGE_CURVE('',#3680,#3336,#4254,.T.);
#2880=EDGE_CURVE('',#3345,#3681,#4255,.T.);
#2881=EDGE_CURVE('',#3681,#3337,#4256,.T.);
#2882=EDGE_CURVE('',#3680,#3477,#4257,.F.);
#2883=EDGE_CURVE('',#3476,#3570,#4258,.T.);
#2884=EDGE_CURVE('',#3346,#3568,#4259,.T.);
#2885=EDGE_CURVE('',#3682,#3278,#4260,.T.);
#2886=EDGE_CURVE('',#3682,#3350,#4261,.F.);
#2887=EDGE_CURVE('',#3349,#3574,#4262,.T.);
#2888=EDGE_CURVE('',#3473,#3573,#4263,.T.);
#2889=EDGE_CURVE('',#3472,#3683,#4264,.T.);
#2890=EDGE_CURVE('',#3683,#3279,#4265,.T.);
#2891=EDGE_CURVE('',#3683,#3618,#4266,.T.);
#2892=EDGE_CURVE('',#3560,#3684,#4267,.T.);
#2893=EDGE_CURVE('',#3684,#3685,#102,.T.);
#2894=EDGE_CURVE('',#3686,#3685,#369,.T.);
#2895=EDGE_CURVE('',#3686,#3687,#103,.T.);
#2896=EDGE_CURVE('',#3557,#3687,#4268,.T.);
#2897=EDGE_CURVE('',#3557,#3560,#370,.T.);
#2898=EDGE_CURVE('',#3538,#3688,#4269,.F.);
#2899=EDGE_CURVE('',#3688,#3689,#4270,.F.);
#2900=EDGE_CURVE('',#3689,#3539,#4271,.F.);
#2901=EDGE_CURVE('',#3690,#3691,#371,.T.);
#2902=EDGE_CURVE('',#3691,#3692,#4272,.T.);
#2903=EDGE_CURVE('',#3692,#3693,#4273,.T.);
#2904=EDGE_CURVE('',#3693,#3690,#4274,.T.);
#2905=EDGE_CURVE('',#3685,#3694,#4275,.T.);
#2906=EDGE_CURVE('',#3694,#3695,#4276,.T.);
#2907=EDGE_CURVE('',#3695,#3686,#4277,.T.);
#2908=EDGE_CURVE('',#3534,#3696,#4278,.T.);
#2909=EDGE_CURVE('',#3696,#3691,#104,.F.);
#2910=EDGE_CURVE('',#3690,#3697,#105,.F.);
#2911=EDGE_CURVE('',#3531,#3697,#4279,.T.);
#2912=EDGE_CURVE('',#3531,#3534,#372,.T.);
#2913=EDGE_CURVE('',#3698,#3698,#373,.T.);
#2914=EDGE_CURVE('',#3699,#3699,#374,.T.);
#2915=EDGE_CURVE('',#3700,#3700,#375,.T.);
#2916=EDGE_CURVE('',#3701,#3701,#376,.T.);
#2917=EDGE_CURVE('',#3689,#3702,#377,.F.);
#2918=EDGE_CURVE('',#3702,#3540,#4280,.T.);
#2919=EDGE_CURVE('',#3702,#3625,#378,.T.);
#2920=EDGE_CURVE('',#3635,#3703,#379,.T.);
#2921=EDGE_CURVE('',#3551,#3703,#4281,.T.);
#2922=EDGE_CURVE('',#3704,#3704,#380,.F.);
#2923=EDGE_CURVE('',#3705,#3706,#4282,.T.);
#2924=EDGE_CURVE('',#3706,#3707,#381,.T.);
#2925=EDGE_CURVE('',#3707,#3708,#4283,.T.);
#2926=EDGE_CURVE('',#3708,#3709,#382,.T.);
#2927=EDGE_CURVE('',#3709,#3710,#4284,.T.);
#2928=EDGE_CURVE('',#3710,#3711,#383,.T.);
#2929=EDGE_CURVE('',#3711,#3712,#4285,.T.);
#2930=EDGE_CURVE('',#3712,#3705,#384,.T.);
#2931=EDGE_CURVE('',#3713,#3714,#385,.F.);
#2932=EDGE_CURVE('',#3714,#3715,#4286,.F.);
#2933=EDGE_CURVE('',#3715,#3716,#4287,.F.);
#2934=EDGE_CURVE('',#3716,#3717,#4288,.F.);
#2935=EDGE_CURVE('',#3717,#3718,#386,.F.);
#2936=EDGE_CURVE('',#3718,#3719,#387,.T.);
#2937=EDGE_CURVE('',#3719,#3720,#4289,.T.);
#2938=EDGE_CURVE('',#3720,#3721,#388,.T.);
#2939=EDGE_CURVE('',#3721,#3722,#4290,.F.);
#2940=EDGE_CURVE('',#3722,#3723,#68,.T.);
#2941=EDGE_CURVE('',#3723,#3724,#389,.T.);
#2942=EDGE_CURVE('',#3724,#3725,#69,.T.);
#2943=EDGE_CURVE('',#3725,#3726,#4291,.T.);
#2944=EDGE_CURVE('',#3726,#3727,#390,.T.);
#2945=EDGE_CURVE('',#3727,#3728,#4292,.F.);
#2946=EDGE_CURVE('',#3728,#3713,#391,.T.);
#2947=EDGE_CURVE('',#3552,#3729,#4293,.F.);
#2948=EDGE_CURVE('',#3729,#3730,#4294,.T.);
#2949=EDGE_CURVE('',#3730,#3553,#4295,.F.);
#2950=EDGE_CURVE('',#3731,#3370,#392,.F.);
#2951=EDGE_CURVE('',#3731,#3561,#70,.T.);
#2952=EDGE_CURVE('',#3556,#3732,#71,.T.);
#2953=EDGE_CURVE('',#3732,#3733,#393,.F.);
#2954=EDGE_CURVE('',#3733,#3535,#72,.T.);
#2955=EDGE_CURVE('',#3530,#3734,#73,.T.);
#2956=EDGE_CURVE('',#3364,#3734,#394,.F.);
#2957=EDGE_CURVE('',#3366,#3735,#74,.T.);
#2958=EDGE_CURVE('',#3735,#3736,#106,.T.);
#2959=EDGE_CURVE('',#3736,#3261,#75,.T.);
#2960=EDGE_CURVE('',#3737,#3264,#395,.T.);
#2961=EDGE_CURVE('',#3737,#3738,#396,.F.);
#2962=EDGE_CURVE('',#3738,#3739,#76,.T.);
#2963=EDGE_CURVE('',#3739,#3740,#107,.F.);
#2964=EDGE_CURVE('',#3740,#3367,#77,.T.);
#2965=EDGE_CURVE('',#3741,#3742,#78,.T.);
#2966=EDGE_CURVE('',#3742,#3743,#4296,.T.);
#2967=EDGE_CURVE('',#3743,#3537,#4297,.T.);
#2968=EDGE_CURVE('',#3741,#3536,#397,.F.);
#2969=EDGE_CURVE('',#3554,#3744,#4298,.T.);
#2970=EDGE_CURVE('',#3744,#3745,#4299,.F.);
#2971=EDGE_CURVE('',#3745,#3746,#79,.T.);
#2972=EDGE_CURVE('',#3555,#3746,#398,.T.);
#2973=EDGE_CURVE('',#3703,#3729,#399,.F.);
#2974=EDGE_CURVE('',#3733,#3742,#80,.T.);
#2975=EDGE_CURVE('',#3535,#3741,#400,.T.);
#2976=EDGE_CURVE('',#3745,#3732,#81,.T.);
#2977=EDGE_CURVE('',#3746,#3556,#401,.T.);
#2978=EDGE_CURVE('',#3681,#3371,#4300,.T.);
#2979=EDGE_CURVE('',#3559,#3747,#4301,.T.);
#2980=EDGE_CURVE('',#3747,#3684,#4302,.T.);
#2981=EDGE_CURVE('',#3558,#3748,#4303,.T.);
#2982=EDGE_CURVE('',#3748,#3747,#4304,.T.);
#2983=EDGE_CURVE('',#3687,#3748,#4305,.T.);
#2984=EDGE_CURVE('',#3269,#3682,#4306,.T.);
#2985=EDGE_CURVE('',#3697,#3749,#4307,.T.);
#2986=EDGE_CURVE('',#3532,#3749,#4308,.T.);
#2987=EDGE_CURVE('',#3749,#3750,#4309,.T.);
#2988=EDGE_CURVE('',#3533,#3750,#4310,.T.);
#2989=EDGE_CURVE('',#3750,#3696,#4311,.T.);
#2990=EDGE_CURVE('',#3743,#3688,#402,.F.);
#2991=EDGE_CURVE('',#3730,#3744,#403,.F.);
#2992=EDGE_CURVE('',#3722,#3742,#404,.T.);
#2993=EDGE_CURVE('',#3743,#3721,#405,.T.);
#2994=EDGE_CURVE('',#3688,#3720,#406,.T.);
#2995=EDGE_CURVE('',#3723,#3733,#407,.T.);
#2996=EDGE_CURVE('',#3689,#3719,#408,.T.);
#2997=EDGE_CURVE('',#3724,#3732,#409,.T.);
#2998=EDGE_CURVE('',#3702,#3718,#410,.T.);
#2999=EDGE_CURVE('',#3725,#3745,#411,.T.);
#3000=EDGE_CURVE('',#3625,#3717,#412,.T.);
#3001=EDGE_CURVE('',#3726,#3744,#413,.T.);
#3002=EDGE_CURVE('',#3624,#3716,#108,.T.);
#3003=EDGE_CURVE('',#3727,#3730,#414,.T.);
#3004=EDGE_CURVE('',#3590,#3716,#109,.T.);
#3005=EDGE_CURVE('',#3728,#3729,#415,.T.);
#3006=EDGE_CURVE('',#3591,#3715,#110,.T.);
#3007=EDGE_CURVE('',#3713,#3703,#416,.T.);
#3008=EDGE_CURVE('',#3634,#3715,#111,.T.);
#3009=EDGE_CURVE('',#3714,#3635,#417,.T.);
#3010=EDGE_CURVE('',#3751,#3593,#4312,.T.);
#3011=EDGE_CURVE('',#3751,#3582,#4313,.T.);
#3012=EDGE_CURVE('',#3752,#3581,#4314,.T.);
#3013=EDGE_CURVE('',#3596,#3752,#4315,.T.);
#3014=EDGE_CURVE('',#3594,#3595,#4316,.T.);
#3015=EDGE_CURVE('',#3514,#3436,#4317,.T.);
#3016=EDGE_CURVE('',#3752,#3753,#418,.F.);
#3017=EDGE_CURVE('',#3753,#3754,#4318,.T.);
#3018=EDGE_CURVE('',#3754,#3755,#419,.F.);
#3019=EDGE_CURVE('',#3755,#3756,#4319,.T.);
#3020=EDGE_CURVE('',#3756,#3757,#420,.F.);
#3021=EDGE_CURVE('',#3757,#3758,#4320,.T.);
#3022=EDGE_CURVE('',#3758,#3751,#421,.F.);
#3023=EDGE_CURVE('',#3599,#3759,#4321,.T.);
#3024=EDGE_CURVE('',#3759,#3760,#4322,.F.);
#3025=EDGE_CURVE('',#3604,#3760,#4323,.T.);
#3026=EDGE_CURVE('',#3603,#3761,#422,.F.);
#3027=EDGE_CURVE('',#3762,#3761,#4324,.T.);
#3028=EDGE_CURVE('',#3762,#3607,#423,.F.);
#3029=EDGE_CURVE('',#3606,#3763,#424,.F.);
#3030=EDGE_CURVE('',#3764,#3763,#4325,.T.);
#3031=EDGE_CURVE('',#3764,#3600,#425,.F.);
#3032=EDGE_CURVE('',#3578,#3765,#426,.F.);
#3033=EDGE_CURVE('',#3765,#3597,#4326,.F.);
#3034=EDGE_CURVE('',#3766,#3598,#4327,.T.);
#3035=EDGE_CURVE('',#3766,#3767,#4328,.T.);
#3036=EDGE_CURVE('',#3767,#3579,#4329,.T.);
#3037=EDGE_CURVE('',#3768,#3767,#4330,.T.);
#3038=EDGE_CURVE('',#3768,#3580,#4331,.T.);
#3039=EDGE_CURVE('',#3760,#3576,#427,.F.);
#3040=EDGE_CURVE('',#3769,#3768,#4332,.T.);
#3041=EDGE_CURVE('',#3605,#3769,#4333,.T.);
#3042=EDGE_CURVE('',#3615,#3770,#4334,.T.);
#3043=EDGE_CURVE('',#3770,#3564,#428,.T.);
#3044=EDGE_CURVE('',#3771,#3565,#4335,.T.);
#3045=EDGE_CURVE('',#3772,#3771,#4336,.T.);
#3046=EDGE_CURVE('',#3616,#3772,#4337,.T.);
#3047=EDGE_CURVE('',#3773,#3567,#4338,.T.);
#3048=EDGE_CURVE('',#3773,#3771,#4339,.T.);
#3049=EDGE_CURVE('',#3611,#3774,#4340,.T.);
#3050=EDGE_CURVE('',#3775,#3617,#4341,.T.);
#3051=EDGE_CURVE('',#3775,#3773,#4342,.T.);
#3052=EDGE_CURVE('',#3566,#3774,#429,.T.);
#3053=EDGE_CURVE('',#3774,#3770,#4343,.T.);
#3054=EDGE_CURVE('',#3614,#3776,#430,.T.);
#3055=EDGE_CURVE('',#3776,#3777,#4344,.T.);
#3056=EDGE_CURVE('',#3777,#3778,#431,.T.);
#3057=EDGE_CURVE('',#3778,#3779,#4345,.T.);
#3058=EDGE_CURVE('',#3779,#3780,#432,.T.);
#3059=EDGE_CURVE('',#3780,#3781,#4346,.T.);
#3060=EDGE_CURVE('',#3781,#3610,#433,.T.);
#3061=EDGE_CURVE('',#3769,#3766,#4347,.T.);
#3062=EDGE_CURVE('',#3629,#3779,#4348,.T.);
#3063=EDGE_CURVE('',#3778,#3628,#4349,.T.);
#3064=EDGE_CURVE('',#3772,#3775,#4350,.T.);
#3065=EDGE_CURVE('',#3759,#3577,#434,.T.);
#3066=EDGE_CURVE('',#3663,#3653,#4351,.T.);
#3067=EDGE_CURVE('',#3654,#3664,#4352,.T.);
#3068=EDGE_CURVE('',#3644,#3647,#4353,.T.);
#3069=EDGE_CURVE('',#3645,#3646,#4354,.T.);
#3070=EDGE_CURVE('',#3780,#3633,#4355,.F.);
#3071=EDGE_CURVE('',#3632,#3781,#4356,.F.);
#3072=EDGE_CURVE('',#3622,#3762,#4357,.T.);
#3073=EDGE_CURVE('',#3761,#3623,#4358,.T.);
#3074=EDGE_CURVE('',#3776,#3631,#4359,.F.);
#3075=EDGE_CURVE('',#3630,#3777,#4360,.F.);
#3076=EDGE_CURVE('',#3620,#3764,#4361,.T.);
#3077=EDGE_CURVE('',#3763,#3621,#4362,.T.);
#3078=EDGE_CURVE('',#3759,#3765,#435,.T.);
#3079=EDGE_CURVE('',#3749,#3693,#4363,.F.);
#3080=EDGE_CURVE('',#3750,#3692,#4364,.F.);
#3081=EDGE_CURVE('',#3748,#3695,#4365,.F.);
#3082=EDGE_CURVE('',#3747,#3694,#4366,.F.);
#3083=EDGE_CURVE('',#3758,#3583,#4367,.T.);
#3084=EDGE_CURVE('',#3757,#3584,#4368,.T.);
#3085=EDGE_CURVE('',#3756,#3585,#4369,.T.);
#3086=EDGE_CURVE('',#3755,#3586,#4370,.T.);
#3087=EDGE_CURVE('',#3754,#3587,#4371,.T.);
#3088=EDGE_CURVE('',#3753,#3588,#4372,.T.);
#3089=EDGE_CURVE('',#3679,#3668,#4373,.T.);
#3090=EDGE_CURVE('',#3678,#3669,#4374,.T.);
#3091=EDGE_CURVE('',#3677,#3671,#4375,.T.);
#3092=EDGE_CURVE('',#3670,#3676,#4376,.T.);
#3093=EDGE_CURVE('',#3782,#3705,#4377,.T.);
#3094=EDGE_CURVE('',#3782,#3783,#4378,.T.);
#3095=EDGE_CURVE('',#3783,#3706,#4379,.T.);
#3096=EDGE_CURVE('',#3783,#3784,#436,.T.);
#3097=EDGE_CURVE('',#3784,#3707,#4380,.T.);
#3098=EDGE_CURVE('',#3784,#3785,#4381,.T.);
#3099=EDGE_CURVE('',#3785,#3708,#4382,.T.);
#3100=EDGE_CURVE('',#3785,#3786,#437,.T.);
#3101=EDGE_CURVE('',#3786,#3709,#4383,.T.);
#3102=EDGE_CURVE('',#3786,#3787,#4384,.T.);
#3103=EDGE_CURVE('',#3787,#3710,#4385,.T.);
#3104=EDGE_CURVE('',#3787,#3788,#438,.T.);
#3105=EDGE_CURVE('',#3788,#3711,#4386,.T.);
#3106=EDGE_CURVE('',#3788,#3789,#4387,.T.);
#3107=EDGE_CURVE('',#3789,#3712,#4388,.T.);
#3108=EDGE_CURVE('',#3789,#3782,#439,.T.);
#3109=EDGE_CURVE('',#3439,#3589,#4389,.T.);
#3110=EDGE_CURVE('',#3516,#3592,#4390,.T.);
#3111=EDGE_CURVE('',#3637,#3790,#4391,.T.);
#3112=EDGE_CURVE('',#3790,#3499,#4392,.T.);
#3113=EDGE_CURVE('',#3790,#3665,#4393,.T.);
#3114=EDGE_CURVE('',#3666,#3512,#4394,.T.);
#3115=EDGE_CURVE('',#3513,#3667,#4395,.T.);
#3116=EDGE_CURVE('',#3662,#3656,#4396,.T.);
#3117=EDGE_CURVE('',#3655,#3661,#4397,.T.);
#3118=EDGE_CURVE('',#3643,#3649,#4398,.T.);
#3119=EDGE_CURVE('',#3648,#3642,#4399,.T.);
#3120=EDGE_CURVE('',#3791,#3792,#4400,.T.);
#3121=EDGE_CURVE('',#3793,#3792,#4401,.T.);
#3122=EDGE_CURVE('',#3794,#3793,#4402,.T.);
#3123=EDGE_CURVE('',#3794,#3791,#4403,.T.);
#3124=EDGE_CURVE('',#3792,#3795,#440,.T.);
#3125=EDGE_CURVE('',#3796,#3795,#4404,.T.);
#3126=EDGE_CURVE('',#3793,#3796,#441,.T.);
#3127=EDGE_CURVE('',#3796,#3442,#4405,.T.);
#3128=EDGE_CURVE('',#3795,#3443,#4406,.T.);
#3129=EDGE_CURVE('',#3440,#3797,#4407,.T.);
#3130=EDGE_CURVE('',#3798,#3797,#4408,.T.);
#3131=EDGE_CURVE('',#3441,#3798,#4409,.T.);
#3132=EDGE_CURVE('',#3797,#3799,#442,.T.);
#3133=EDGE_CURVE('',#3800,#3799,#4410,.T.);
#3134=EDGE_CURVE('',#3798,#3800,#443,.T.);
#3135=EDGE_CURVE('',#3799,#3801,#4411,.T.);
#3136=EDGE_CURVE('',#3802,#3801,#4412,.T.);
#3137=EDGE_CURVE('',#3800,#3802,#4413,.T.);
#3138=EDGE_CURVE('',#3801,#3791,#4414,.T.);
#3139=EDGE_CURVE('',#3802,#3794,#4415,.T.);
#3140=EDGE_CURVE('',#3803,#3803,#444,.T.);
#3141=EDGE_CURVE('',#3804,#3804,#445,.F.);
#3142=EDGE_CURVE('',#3805,#3805,#446,.F.);
#3143=EDGE_CURVE('',#3806,#3806,#447,.T.);
#3144=EDGE_CURVE('',#3807,#3808,#4416,.T.);
#3145=EDGE_CURVE('',#3808,#3809,#4417,.F.);
#3146=EDGE_CURVE('',#3810,#3809,#4418,.T.);
#3147=EDGE_CURVE('',#3810,#3811,#4419,.T.);
#3148=EDGE_CURVE('',#3811,#3812,#4420,.F.);
#3149=EDGE_CURVE('',#3812,#3813,#4421,.F.);
#3150=EDGE_CURVE('',#3813,#3814,#448,.F.);
#3151=EDGE_CURVE('',#3814,#3815,#4422,.T.);
#3152=EDGE_CURVE('',#3815,#3816,#449,.T.);
#3153=EDGE_CURVE('',#3816,#3817,#4423,.T.);
#3154=EDGE_CURVE('',#3817,#3818,#450,.T.);
#3155=EDGE_CURVE('',#3818,#3819,#4424,.T.);
#3156=EDGE_CURVE('',#3819,#3820,#451,.F.);
#3157=EDGE_CURVE('',#3820,#3821,#4425,.F.);
#3158=EDGE_CURVE('',#3821,#3822,#4426,.T.);
#3159=EDGE_CURVE('',#3822,#3823,#4427,.F.);
#3160=EDGE_CURVE('',#3824,#3823,#4428,.T.);
#3161=EDGE_CURVE('',#3824,#3825,#4429,.T.);
#3162=EDGE_CURVE('',#3825,#3826,#4430,.T.);
#3163=EDGE_CURVE('',#3826,#3827,#452,.T.);
#3164=EDGE_CURVE('',#3827,#3828,#453,.F.);
#3165=EDGE_CURVE('',#3828,#3829,#4431,.T.);
#3166=EDGE_CURVE('',#3829,#3830,#454,.F.);
#3167=EDGE_CURVE('',#3830,#3807,#455,.T.);
#3168=EDGE_CURVE('',#3737,#3831,#4432,.F.);
#3169=EDGE_CURVE('',#3831,#3832,#4433,.T.);
#3170=EDGE_CURVE('',#3832,#3738,#4434,.F.);
#3171=EDGE_CURVE('',#3739,#3833,#4435,.F.);
#3172=EDGE_CURVE('',#3833,#3834,#4436,.F.);
#3173=EDGE_CURVE('',#3834,#3740,#4437,.F.);
#3174=EDGE_CURVE('',#3735,#3835,#4438,.F.);
#3175=EDGE_CURVE('',#3835,#3836,#4439,.F.);
#3176=EDGE_CURVE('',#3836,#3736,#4440,.F.);
#3177=EDGE_CURVE('',#3809,#3837,#456,.T.);
#3178=EDGE_CURVE('',#3838,#3837,#4441,.T.);
#3179=EDGE_CURVE('',#3838,#3731,#82,.T.);
#3180=EDGE_CURVE('',#3369,#3810,#457,.F.);
#3181=EDGE_CURVE('',#3837,#3518,#4442,.T.);
#3182=EDGE_CURVE('',#3519,#3838,#83,.T.);
#3183=EDGE_CURVE('',#3839,#3840,#4443,.T.);
#3184=EDGE_CURVE('',#3840,#3824,#458,.T.);
#3185=EDGE_CURVE('',#3823,#3363,#459,.F.);
#3186=EDGE_CURVE('',#3734,#3839,#84,.T.);
#3187=EDGE_CURVE('',#3528,#3840,#4444,.F.);
#3188=EDGE_CURVE('',#3839,#3529,#85,.T.);
#3189=EDGE_CURVE('',#3353,#3524,#460,.T.);
#3190=EDGE_CURVE('',#3523,#3354,#461,.T.);
#3191=EDGE_CURVE('',#3522,#3341,#86,.T.);
#3192=EDGE_CURVE('',#3352,#3525,#87,.T.);
#3193=EDGE_CURVE('',#3272,#3360,#462,.T.);
#3194=EDGE_CURVE('',#3273,#3359,#88,.T.);
#3195=EDGE_CURVE('',#3357,#3271,#463,.T.);
#3196=EDGE_CURVE('',#3358,#3270,#89,.T.);
#3197=EDGE_CURVE('',#3277,#3351,#4445,.T.);
#3198=EDGE_CURVE('',#3340,#3342,#4446,.T.);
#3199=EDGE_CURVE('',#3521,#3841,#4447,.T.);
#3200=EDGE_CURVE('',#3841,#3842,#90,.T.);
#3201=EDGE_CURVE('',#3842,#3843,#464,.T.);
#3202=EDGE_CURVE('',#3843,#3844,#91,.T.);
#3203=EDGE_CURVE('',#3844,#3526,#4448,.F.);
#3204=EDGE_CURVE('',#3527,#3845,#4449,.T.);
#3205=EDGE_CURVE('',#3845,#3846,#92,.T.);
#3206=EDGE_CURVE('',#3846,#3847,#465,.F.);
#3207=EDGE_CURVE('',#3847,#3848,#93,.T.);
#3208=EDGE_CURVE('',#3848,#3520,#4450,.F.);
#3209=EDGE_CURVE('',#3849,#3850,#4451,.T.);
#3210=EDGE_CURVE('',#3850,#3851,#4452,.F.);
#3211=EDGE_CURVE('',#3851,#3845,#4453,.F.);
#3212=EDGE_CURVE('',#3844,#3852,#4454,.F.);
#3213=EDGE_CURVE('',#3852,#3849,#4455,.T.);
#3214=EDGE_CURVE('',#3848,#3853,#4456,.F.);
#3215=EDGE_CURVE('',#3853,#3854,#4457,.F.);
#3216=EDGE_CURVE('',#3854,#3855,#4458,.T.);
#3217=EDGE_CURVE('',#3856,#3855,#4459,.T.);
#3218=EDGE_CURVE('',#3856,#3841,#4460,.F.);
#3219=EDGE_CURVE('',#3846,#3857,#4461,.T.);
#3220=EDGE_CURVE('',#3857,#3858,#4462,.F.);
#3221=EDGE_CURVE('',#3858,#3847,#4463,.T.);
#3222=EDGE_CURVE('',#3859,#3860,#466,.T.);
#3223=EDGE_CURVE('',#3860,#3843,#4464,.T.);
#3224=EDGE_CURVE('',#3842,#3859,#4465,.T.);
#3225=EDGE_CURVE('',#3852,#3860,#94,.T.);
#3226=EDGE_CURVE('',#3859,#3856,#95,.T.);
#3227=EDGE_CURVE('',#3855,#3737,#96,.T.);
#3228=EDGE_CURVE('',#3264,#3849,#97,.T.);
#3229=EDGE_CURVE('',#3851,#3857,#467,.F.);
#3230=EDGE_CURVE('',#3858,#3853,#468,.F.);
#3231=EDGE_CURVE('',#3263,#3850,#469,.T.);
#3232=EDGE_CURVE('',#3854,#3831,#470,.T.);
#3233=EDGE_CURVE('',#3836,#3262,#471,.T.);
#3234=EDGE_CURVE('',#3834,#3368,#472,.T.);
#3235=EDGE_CURVE('',#3832,#3833,#473,.T.);
#3236=EDGE_CURVE('',#3365,#3835,#474,.T.);
#3237=EDGE_CURVE('',#3365,#3822,#112,.T.);
#3238=EDGE_CURVE('',#3835,#3822,#113,.T.);
#3239=EDGE_CURVE('',#3836,#3821,#114,.F.);
#3240=EDGE_CURVE('',#3262,#3821,#115,.F.);
#3241=EDGE_CURVE('',#3263,#3820,#475,.T.);
#3242=EDGE_CURVE('',#3850,#3819,#476,.T.);
#3243=EDGE_CURVE('',#3851,#3818,#477,.T.);
#3244=EDGE_CURVE('',#3857,#3817,#478,.T.);
#3245=EDGE_CURVE('',#3858,#3816,#479,.T.);
#3246=EDGE_CURVE('',#3853,#3815,#480,.T.);
#3247=EDGE_CURVE('',#3854,#3814,#481,.T.);
#3248=EDGE_CURVE('',#3831,#3813,#482,.T.);
#3249=EDGE_CURVE('',#3832,#3812,#116,.F.);
#3250=EDGE_CURVE('',#3833,#3812,#117,.F.);
#3251=EDGE_CURVE('',#3834,#3811,#118,.T.);
#3252=EDGE_CURVE('',#3368,#3811,#119,.T.);
#3253=EDGE_CURVE('',#3825,#3528,#120,.F.);
#3254=EDGE_CURVE('',#3826,#3361,#483,.T.);
#3255=EDGE_CURVE('',#3827,#3360,#484,.T.);
#3256=EDGE_CURVE('',#3828,#3272,#485,.T.);
#3257=EDGE_CURVE('',#3829,#3271,#486,.T.);
#3258=EDGE_CURVE('',#3830,#3357,#487,.T.);
#3259=EDGE_CURVE('',#3807,#3355,#488,.T.);
#3260=EDGE_CURVE('',#3518,#3808,#121,.T.);
#3261=VERTEX_POINT('',#11118);
#3262=VERTEX_POINT('',#11119);
#3263=VERTEX_POINT('',#11121);
#3264=VERTEX_POINT('',#11123);
#3265=VERTEX_POINT('',#11127);
#3266=VERTEX_POINT('',#11128);
#3267=VERTEX_POINT('',#11130);
#3268=VERTEX_POINT('',#11132);
#3269=VERTEX_POINT('',#11134);
#3270=VERTEX_POINT('',#11138);
#3271=VERTEX_POINT('',#11139);
#3272=VERTEX_POINT('',#11141);
#3273=VERTEX_POINT('',#11143);
#3274=VERTEX_POINT('',#11147);
#3275=VERTEX_POINT('',#11149);
#3276=VERTEX_POINT('',#11151);
#3277=VERTEX_POINT('',#11153);
#3278=VERTEX_POINT('',#11155);
#3279=VERTEX_POINT('',#11157);
#3280=VERTEX_POINT('',#11159);
#3281=VERTEX_POINT('',#11161);
#3282=VERTEX_POINT('',#11163);
#3283=VERTEX_POINT('',#11165);
#3284=VERTEX_POINT('',#11167);
#3285=VERTEX_POINT('',#11169);
#3286=VERTEX_POINT('',#11171);
#3287=VERTEX_POINT('',#11173);
#3288=VERTEX_POINT('',#11175);
#3289=VERTEX_POINT('',#11177);
#3290=VERTEX_POINT('',#11179);
#3291=VERTEX_POINT('',#11181);
#3292=VERTEX_POINT('',#11183);
#3293=VERTEX_POINT('',#11185);
#3294=VERTEX_POINT('',#11187);
#3295=VERTEX_POINT('',#11189);
#3296=VERTEX_POINT('',#11191);
#3297=VERTEX_POINT('',#11193);
#3298=VERTEX_POINT('',#11195);
#3299=VERTEX_POINT('',#11197);
#3300=VERTEX_POINT('',#11199);
#3301=VERTEX_POINT('',#11201);
#3302=VERTEX_POINT('',#11203);
#3303=VERTEX_POINT('',#11205);
#3304=VERTEX_POINT('',#11207);
#3305=VERTEX_POINT('',#11209);
#3306=VERTEX_POINT('',#11211);
#3307=VERTEX_POINT('',#11213);
#3308=VERTEX_POINT('',#11215);
#3309=VERTEX_POINT('',#11217);
#3310=VERTEX_POINT('',#11219);
#3311=VERTEX_POINT('',#11221);
#3312=VERTEX_POINT('',#11223);
#3313=VERTEX_POINT('',#11225);
#3314=VERTEX_POINT('',#11227);
#3315=VERTEX_POINT('',#11229);
#3316=VERTEX_POINT('',#11231);
#3317=VERTEX_POINT('',#11233);
#3318=VERTEX_POINT('',#11235);
#3319=VERTEX_POINT('',#11237);
#3320=VERTEX_POINT('',#11239);
#3321=VERTEX_POINT('',#11241);
#3322=VERTEX_POINT('',#11243);
#3323=VERTEX_POINT('',#11245);
#3324=VERTEX_POINT('',#11247);
#3325=VERTEX_POINT('',#11249);
#3326=VERTEX_POINT('',#11251);
#3327=VERTEX_POINT('',#11253);
#3328=VERTEX_POINT('',#11255);
#3329=VERTEX_POINT('',#11257);
#3330=VERTEX_POINT('',#11259);
#3331=VERTEX_POINT('',#11261);
#3332=VERTEX_POINT('',#11263);
#3333=VERTEX_POINT('',#11265);
#3334=VERTEX_POINT('',#11267);
#3335=VERTEX_POINT('',#11269);
#3336=VERTEX_POINT('',#11271);
#3337=VERTEX_POINT('',#11273);
#3338=VERTEX_POINT('',#11275);
#3339=VERTEX_POINT('',#11277);
#3340=VERTEX_POINT('',#11279);
#3341=VERTEX_POINT('',#11283);
#3342=VERTEX_POINT('',#11284);
#3343=VERTEX_POINT('',#11286);
#3344=VERTEX_POINT('',#11288);
#3345=VERTEX_POINT('',#11290);
#3346=VERTEX_POINT('',#11292);
#3347=VERTEX_POINT('',#11294);
#3348=VERTEX_POINT('',#11296);
#3349=VERTEX_POINT('',#11298);
#3350=VERTEX_POINT('',#11300);
#3351=VERTEX_POINT('',#11303);
#3352=VERTEX_POINT('',#11305);
#3353=VERTEX_POINT('',#11307);
#3354=VERTEX_POINT('',#11309);
#3355=VERTEX_POINT('',#11313);
#3356=VERTEX_POINT('',#11314);
#3357=VERTEX_POINT('',#11316);
#3358=VERTEX_POINT('',#11318);
#3359=VERTEX_POINT('',#11325);
#3360=VERTEX_POINT('',#11326);
#3361=VERTEX_POINT('',#11328);
#3362=VERTEX_POINT('',#11330);
#3363=VERTEX_POINT('',#11337);
#3364=VERTEX_POINT('',#11338);
#3365=VERTEX_POINT('',#11340);
#3366=VERTEX_POINT('',#11342);
#3367=VERTEX_POINT('',#11349);
#3368=VERTEX_POINT('',#11350);
#3369=VERTEX_POINT('',#11352);
#3370=VERTEX_POINT('',#11354);
#3371=VERTEX_POINT('',#11362);
#3372=VERTEX_POINT('',#11366);
#3373=VERTEX_POINT('',#11367);
#3374=VERTEX_POINT('',#11369);
#3375=VERTEX_POINT('',#11371);
#3376=VERTEX_POINT('',#11375);
#3377=VERTEX_POINT('',#11377);
#3378=VERTEX_POINT('',#11381);
#3379=VERTEX_POINT('',#11382);
#3380=VERTEX_POINT('',#11387);
#3381=VERTEX_POINT('',#11388);
#3382=VERTEX_POINT('',#11390);
#3383=VERTEX_POINT('',#11392);
#3384=VERTEX_POINT('',#11396);
#3385=VERTEX_POINT('',#11398);
#3386=VERTEX_POINT('',#11402);
#3387=VERTEX_POINT('',#11404);
#3388=VERTEX_POINT('',#11415);
#3389=VERTEX_POINT('',#11416);
#3390=VERTEX_POINT('',#11418);
#3391=VERTEX_POINT('',#11420);
#3392=VERTEX_POINT('',#11424);
#3393=VERTEX_POINT('',#11426);
#3394=VERTEX_POINT('',#11430);
#3395=VERTEX_POINT('',#11431);
#3396=VERTEX_POINT('',#11436);
#3397=VERTEX_POINT('',#11437);
#3398=VERTEX_POINT('',#11439);
#3399=VERTEX_POINT('',#11441);
#3400=VERTEX_POINT('',#11445);
#3401=VERTEX_POINT('',#11447);
#3402=VERTEX_POINT('',#11451);
#3403=VERTEX_POINT('',#11453);
#3404=VERTEX_POINT('',#11464);
#3405=VERTEX_POINT('',#11465);
#3406=VERTEX_POINT('',#11467);
#3407=VERTEX_POINT('',#11469);
#3408=VERTEX_POINT('',#11473);
#3409=VERTEX_POINT('',#11475);
#3410=VERTEX_POINT('',#11479);
#3411=VERTEX_POINT('',#11480);
#3412=VERTEX_POINT('',#11485);
#3413=VERTEX_POINT('',#11486);
#3414=VERTEX_POINT('',#11488);
#3415=VERTEX_POINT('',#11490);
#3416=VERTEX_POINT('',#11494);
#3417=VERTEX_POINT('',#11496);
#3418=VERTEX_POINT('',#11500);
#3419=VERTEX_POINT('',#11502);
#3420=VERTEX_POINT('',#11513);
#3421=VERTEX_POINT('',#11514);
#3422=VERTEX_POINT('',#11516);
#3423=VERTEX_POINT('',#11518);
#3424=VERTEX_POINT('',#11522);
#3425=VERTEX_POINT('',#11524);
#3426=VERTEX_POINT('',#11528);
#3427=VERTEX_POINT('',#11529);
#3428=VERTEX_POINT('',#11534);
#3429=VERTEX_POINT('',#11535);
#3430=VERTEX_POINT('',#11537);
#3431=VERTEX_POINT('',#11539);
#3432=VERTEX_POINT('',#11543);
#3433=VERTEX_POINT('',#11545);
#3434=VERTEX_POINT('',#11549);
#3435=VERTEX_POINT('',#11551);
#3436=VERTEX_POINT('',#11562);
#3437=VERTEX_POINT('',#11563);
#3438=VERTEX_POINT('',#11565);
#3439=VERTEX_POINT('',#11567);
#3440=VERTEX_POINT('',#11570);
#3441=VERTEX_POINT('',#11571);
#3442=VERTEX_POINT('',#11573);
#3443=VERTEX_POINT('',#11575);
#3444=VERTEX_POINT('',#11579);
#3445=VERTEX_POINT('',#11580);
#3446=VERTEX_POINT('',#11582);
#3447=VERTEX_POINT('',#11584);
#3448=VERTEX_POINT('',#11588);
#3449=VERTEX_POINT('',#11589);
#3450=VERTEX_POINT('',#11591);
#3451=VERTEX_POINT('',#11593);
#3452=VERTEX_POINT('',#11595);
#3453=VERTEX_POINT('',#11597);
#3454=VERTEX_POINT('',#11599);
#3455=VERTEX_POINT('',#11601);
#3456=VERTEX_POINT('',#11603);
#3457=VERTEX_POINT('',#11605);
#3458=VERTEX_POINT('',#11607);
#3459=VERTEX_POINT('',#11609);
#3460=VERTEX_POINT('',#11611);
#3461=VERTEX_POINT('',#11613);
#3462=VERTEX_POINT('',#11615);
#3463=VERTEX_POINT('',#11617);
#3464=VERTEX_POINT('',#11619);
#3465=VERTEX_POINT('',#11621);
#3466=VERTEX_POINT('',#11623);
#3467=VERTEX_POINT('',#11625);
#3468=VERTEX_POINT('',#11627);
#3469=VERTEX_POINT('',#11629);
#3470=VERTEX_POINT('',#11631);
#3471=VERTEX_POINT('',#11633);
#3472=VERTEX_POINT('',#11635);
#3473=VERTEX_POINT('',#11637);
#3474=VERTEX_POINT('',#11639);
#3475=VERTEX_POINT('',#11641);
#3476=VERTEX_POINT('',#11643);
#3477=VERTEX_POINT('',#11645);
#3478=VERTEX_POINT('',#11647);
#3479=VERTEX_POINT('',#11649);
#3480=VERTEX_POINT('',#11651);
#3481=VERTEX_POINT('',#11653);
#3482=VERTEX_POINT('',#11655);
#3483=VERTEX_POINT('',#11657);
#3484=VERTEX_POINT('',#11659);
#3485=VERTEX_POINT('',#11661);
#3486=VERTEX_POINT('',#11663);
#3487=VERTEX_POINT('',#11665);
#3488=VERTEX_POINT('',#11667);
#3489=VERTEX_POINT('',#11669);
#3490=VERTEX_POINT('',#11671);
#3491=VERTEX_POINT('',#11673);
#3492=VERTEX_POINT('',#11675);
#3493=VERTEX_POINT('',#11677);
#3494=VERTEX_POINT('',#11679);
#3495=VERTEX_POINT('',#11681);
#3496=VERTEX_POINT('',#11683);
#3497=VERTEX_POINT('',#11685);
#3498=VERTEX_POINT('',#11687);
#3499=VERTEX_POINT('',#11689);
#3500=VERTEX_POINT('',#11691);
#3501=VERTEX_POINT('',#11693);
#3502=VERTEX_POINT('',#11695);
#3503=VERTEX_POINT('',#11697);
#3504=VERTEX_POINT('',#11699);
#3505=VERTEX_POINT('',#11701);
#3506=VERTEX_POINT('',#11703);
#3507=VERTEX_POINT('',#11705);
#3508=VERTEX_POINT('',#11707);
#3509=VERTEX_POINT('',#11709);
#3510=VERTEX_POINT('',#11713);
#3511=VERTEX_POINT('',#11715);
#3512=VERTEX_POINT('',#11720);
#3513=VERTEX_POINT('',#11721);
#3514=VERTEX_POINT('',#11726);
#3515=VERTEX_POINT('',#11727);
#3516=VERTEX_POINT('',#11729);
#3517=VERTEX_POINT('',#11731);
#3518=VERTEX_POINT('',#11735);
#3519=VERTEX_POINT('',#11736);
#3520=VERTEX_POINT('',#11739);
#3521=VERTEX_POINT('',#11741);
#3522=VERTEX_POINT('',#11743);
#3523=VERTEX_POINT('',#11745);
#3524=VERTEX_POINT('',#11747);
#3525=VERTEX_POINT('',#11749);
#3526=VERTEX_POINT('',#11751);
#3527=VERTEX_POINT('',#11753);
#3528=VERTEX_POINT('',#11756);
#3529=VERTEX_POINT('',#11758);
#3530=VERTEX_POINT('',#11763);
#3531=VERTEX_POINT('',#11765);
#3532=VERTEX_POINT('',#11767);
#3533=VERTEX_POINT('',#11769);
#3534=VERTEX_POINT('',#11771);
#3535=VERTEX_POINT('',#11773);
#3536=VERTEX_POINT('',#11775);
#3537=VERTEX_POINT('',#11777);
#3538=VERTEX_POINT('',#11779);
#3539=VERTEX_POINT('',#11781);
#3540=VERTEX_POINT('',#11783);
#3541=VERTEX_POINT('',#11785);
#3542=VERTEX_POINT('',#11787);
#3543=VERTEX_POINT('',#11789);
#3544=VERTEX_POINT('',#11791);
#3545=VERTEX_POINT('',#11794);
#3546=VERTEX_POINT('',#11796);
#3547=VERTEX_POINT('',#11799);
#3548=VERTEX_POINT('',#11801);
#3549=VERTEX_POINT('',#11803);
#3550=VERTEX_POINT('',#11805);
#3551=VERTEX_POINT('',#11807);
#3552=VERTEX_POINT('',#11809);
#3553=VERTEX_POINT('',#11811);
#3554=VERTEX_POINT('',#11813);
#3555=VERTEX_POINT('',#11815);
#3556=VERTEX_POINT('',#11817);
#3557=VERTEX_POINT('',#11819);
#3558=VERTEX_POINT('',#11821);
#3559=VERTEX_POINT('',#11823);
#3560=VERTEX_POINT('',#11825);
#3561=VERTEX_POINT('',#11827);
#3562=VERTEX_POINT('',#11833);
#3563=VERTEX_POINT('',#11835);
#3564=VERTEX_POINT('',#11837);
#3565=VERTEX_POINT('',#11838);
#3566=VERTEX_POINT('',#11840);
#3567=VERTEX_POINT('',#11842);
#3568=VERTEX_POINT('',#11845);
#3569=VERTEX_POINT('',#11846);
#3570=VERTEX_POINT('',#11848);
#3571=VERTEX_POINT('',#11850);
#3572=VERTEX_POINT('',#11852);
#3573=VERTEX_POINT('',#11854);
#3574=VERTEX_POINT('',#11856);
#3575=VERTEX_POINT('',#11858);
#3576=VERTEX_POINT('',#11861);
#3577=VERTEX_POINT('',#11862);
#3578=VERTEX_POINT('',#11867);
#3579=VERTEX_POINT('',#11869);
#3580=VERTEX_POINT('',#11871);
#3581=VERTEX_POINT('',#11875);
#3582=VERTEX_POINT('',#11876);
#3583=VERTEX_POINT('',#11878);
#3584=VERTEX_POINT('',#11880);
#3585=VERTEX_POINT('',#11882);
#3586=VERTEX_POINT('',#11884);
#3587=VERTEX_POINT('',#11886);
#3588=VERTEX_POINT('',#11888);
#3589=VERTEX_POINT('',#11891);
#3590=VERTEX_POINT('',#11893);
#3591=VERTEX_POINT('',#11895);
#3592=VERTEX_POINT('',#11898);
#3593=VERTEX_POINT('',#11902);
#3594=VERTEX_POINT('',#11904);
#3595=VERTEX_POINT('',#11908);
#3596=VERTEX_POINT('',#11910);
#3597=VERTEX_POINT('',#11914);
#3598=VERTEX_POINT('',#11915);
#3599=VERTEX_POINT('',#11917);
#3600=VERTEX_POINT('',#11919);
#3601=VERTEX_POINT('',#11921);
#3602=VERTEX_POINT('',#11923);
#3603=VERTEX_POINT('',#11925);
#3604=VERTEX_POINT('',#11927);
#3605=VERTEX_POINT('',#11929);
#3606=VERTEX_POINT('',#11933);
#3607=VERTEX_POINT('',#11934);
#3608=VERTEX_POINT('',#11936);
#3609=VERTEX_POINT('',#11938);
#3610=VERTEX_POINT('',#11942);
#3611=VERTEX_POINT('',#11943);
#3612=VERTEX_POINT('',#11945);
#3613=VERTEX_POINT('',#11947);
#3614=VERTEX_POINT('',#11949);
#3615=VERTEX_POINT('',#11951);
#3616=VERTEX_POINT('',#11953);
#3617=VERTEX_POINT('',#11955);
#3618=VERTEX_POINT('',#11959);
#3619=VERTEX_POINT('',#11964);
#3620=VERTEX_POINT('',#11972);
#3621=VERTEX_POINT('',#11974);
#3622=VERTEX_POINT('',#11977);
#3623=VERTEX_POINT('',#11979);
#3624=VERTEX_POINT('',#11982);
#3625=VERTEX_POINT('',#11984);
#3626=VERTEX_POINT('',#11988);
#3627=VERTEX_POINT('',#11995);
#3628=VERTEX_POINT('',#12005);
#3629=VERTEX_POINT('',#12006);
#3630=VERTEX_POINT('',#12008);
#3631=VERTEX_POINT('',#12010);
#3632=VERTEX_POINT('',#12013);
#3633=VERTEX_POINT('',#12015);
#3634=VERTEX_POINT('',#12018);
#3635=VERTEX_POINT('',#12020);
#3636=VERTEX_POINT('',#12028);
#3637=VERTEX_POINT('',#12030);
#3638=VERTEX_POINT('',#12040);
#3639=VERTEX_POINT('',#12044);
#3640=VERTEX_POINT('',#12052);
#3641=VERTEX_POINT('',#12056);
#3642=VERTEX_POINT('',#12080);
#3643=VERTEX_POINT('',#12081);
#3644=VERTEX_POINT('',#12083);
#3645=VERTEX_POINT('',#12085);
#3646=VERTEX_POINT('',#12091);
#3647=VERTEX_POINT('',#12092);
#3648=VERTEX_POINT('',#12094);
#3649=VERTEX_POINT('',#12096);
#3650=VERTEX_POINT('',#12118);
#3651=VERTEX_POINT('',#12122);
#3652=VERTEX_POINT('',#12130);
#3653=VERTEX_POINT('',#12150);
#3654=VERTEX_POINT('',#12151);
#3655=VERTEX_POINT('',#12153);
#3656=VERTEX_POINT('',#12155);
#3657=VERTEX_POINT('',#12157);
#3658=VERTEX_POINT('',#12159);
#3659=VERTEX_POINT('',#12164);
#3660=VERTEX_POINT('',#12166);
#3661=VERTEX_POINT('',#12170);
#3662=VERTEX_POINT('',#12171);
#3663=VERTEX_POINT('',#12173);
#3664=VERTEX_POINT('',#12175);
#3665=VERTEX_POINT('',#12190);
#3666=VERTEX_POINT('',#12194);
#3667=VERTEX_POINT('',#12196);
#3668=VERTEX_POINT('',#12207);
#3669=VERTEX_POINT('',#12208);
#3670=VERTEX_POINT('',#12210);
#3671=VERTEX_POINT('',#12212);
#3672=VERTEX_POINT('',#12214);
#3673=VERTEX_POINT('',#12216);
#3674=VERTEX_POINT('',#12221);
#3675=VERTEX_POINT('',#12223);
#3676=VERTEX_POINT('',#12227);
#3677=VERTEX_POINT('',#12228);
#3678=VERTEX_POINT('',#12230);
#3679=VERTEX_POINT('',#12232);
#3680=VERTEX_POINT('',#12244);
#3681=VERTEX_POINT('',#12248);
#3682=VERTEX_POINT('',#12255);
#3683=VERTEX_POINT('',#12260);
#3684=VERTEX_POINT('',#12266);
#3685=VERTEX_POINT('',#12268);
#3686=VERTEX_POINT('',#12270);
#3687=VERTEX_POINT('',#12272);
#3688=VERTEX_POINT('',#12277);
#3689=VERTEX_POINT('',#12279);
#3690=VERTEX_POINT('',#12283);
#3691=VERTEX_POINT('',#12284);
#3692=VERTEX_POINT('',#12286);
#3693=VERTEX_POINT('',#12288);
#3694=VERTEX_POINT('',#12292);
#3695=VERTEX_POINT('',#12294);
#3696=VERTEX_POINT('',#12298);
#3697=VERTEX_POINT('',#12301);
#3698=VERTEX_POINT('',#12306);
#3699=VERTEX_POINT('',#12308);
#3700=VERTEX_POINT('',#12311);
#3701=VERTEX_POINT('',#12313);
#3702=VERTEX_POINT('',#12316);
#3703=VERTEX_POINT('',#12322);
#3704=VERTEX_POINT('',#12326);
#3705=VERTEX_POINT('',#12328);
#3706=VERTEX_POINT('',#12329);
#3707=VERTEX_POINT('',#12331);
#3708=VERTEX_POINT('',#12333);
#3709=VERTEX_POINT('',#12335);
#3710=VERTEX_POINT('',#12337);
#3711=VERTEX_POINT('',#12339);
#3712=VERTEX_POINT('',#12341);
#3713=VERTEX_POINT('',#12344);
#3714=VERTEX_POINT('',#12345);
#3715=VERTEX_POINT('',#12347);
#3716=VERTEX_POINT('',#12349);
#3717=VERTEX_POINT('',#12351);
#3718=VERTEX_POINT('',#12353);
#3719=VERTEX_POINT('',#12355);
#3720=VERTEX_POINT('',#12357);
#3721=VERTEX_POINT('',#12359);
#3722=VERTEX_POINT('',#12361);
#3723=VERTEX_POINT('',#12367);
#3724=VERTEX_POINT('',#12369);
#3725=VERTEX_POINT('',#12375);
#3726=VERTEX_POINT('',#12377);
#3727=VERTEX_POINT('',#12379);
#3728=VERTEX_POINT('',#12381);
#3729=VERTEX_POINT('',#12385);
#3730=VERTEX_POINT('',#12387);
#3731=VERTEX_POINT('',#12391);
#3732=VERTEX_POINT('',#12400);
#3733=VERTEX_POINT('',#12402);
#3734=VERTEX_POINT('',#12411);
#3735=VERTEX_POINT('',#12417);
#3736=VERTEX_POINT('',#12419);
#3737=VERTEX_POINT('',#12425);
#3738=VERTEX_POINT('',#12427);
#3739=VERTEX_POINT('',#12432);
#3740=VERTEX_POINT('',#12434);
#3741=VERTEX_POINT('',#12444);
#3742=VERTEX_POINT('',#12445);
#3743=VERTEX_POINT('',#12447);
#3744=VERTEX_POINT('',#12452);
#3745=VERTEX_POINT('',#12454);
#3746=VERTEX_POINT('',#12459);
#3747=VERTEX_POINT('',#12503);
#3748=VERTEX_POINT('',#12507);
#3749=VERTEX_POINT('',#12515);
#3750=VERTEX_POINT('',#12519);
#3751=VERTEX_POINT('',#12640);
#3752=VERTEX_POINT('',#12643);
#3753=VERTEX_POINT('',#12649);
#3754=VERTEX_POINT('',#12651);
#3755=VERTEX_POINT('',#12653);
#3756=VERTEX_POINT('',#12655);
#3757=VERTEX_POINT('',#12657);
#3758=VERTEX_POINT('',#12659);
#3759=VERTEX_POINT('',#12664);
#3760=VERTEX_POINT('',#12666);
#3761=VERTEX_POINT('',#12669);
#3762=VERTEX_POINT('',#12671);
#3763=VERTEX_POINT('',#12674);
#3764=VERTEX_POINT('',#12676);
#3765=VERTEX_POINT('',#12680);
#3766=VERTEX_POINT('',#12683);
#3767=VERTEX_POINT('',#12685);
#3768=VERTEX_POINT('',#12689);
#3769=VERTEX_POINT('',#12694);
#3770=VERTEX_POINT('',#12698);
#3771=VERTEX_POINT('',#12701);
#3772=VERTEX_POINT('',#12703);
#3773=VERTEX_POINT('',#12707);
#3774=VERTEX_POINT('',#12711);
#3775=VERTEX_POINT('',#12713);
#3776=VERTEX_POINT('',#12719);
#3777=VERTEX_POINT('',#12721);
#3778=VERTEX_POINT('',#12723);
#3779=VERTEX_POINT('',#12725);
#3780=VERTEX_POINT('',#12727);
#3781=VERTEX_POINT('',#12729);
#3782=VERTEX_POINT('',#12814);
#3783=VERTEX_POINT('',#12816);
#3784=VERTEX_POINT('',#12820);
#3785=VERTEX_POINT('',#12824);
#3786=VERTEX_POINT('',#12828);
#3787=VERTEX_POINT('',#12832);
#3788=VERTEX_POINT('',#12836);
#3789=VERTEX_POINT('',#12840);
#3790=VERTEX_POINT('',#12854);
#3791=VERTEX_POINT('',#12876);
#3792=VERTEX_POINT('',#12877);
#3793=VERTEX_POINT('',#12879);
#3794=VERTEX_POINT('',#12881);
#3795=VERTEX_POINT('',#12885);
#3796=VERTEX_POINT('',#12887);
#3797=VERTEX_POINT('',#12894);
#3798=VERTEX_POINT('',#12896);
#3799=VERTEX_POINT('',#12900);
#3800=VERTEX_POINT('',#12902);
#3801=VERTEX_POINT('',#12906);
#3802=VERTEX_POINT('',#12908);
#3803=VERTEX_POINT('',#12917);
#3804=VERTEX_POINT('',#12920);
#3805=VERTEX_POINT('',#12923);
#3806=VERTEX_POINT('',#12926);
#3807=VERTEX_POINT('',#12931);
#3808=VERTEX_POINT('',#12932);
#3809=VERTEX_POINT('',#12934);
#3810=VERTEX_POINT('',#12936);
#3811=VERTEX_POINT('',#12938);
#3812=VERTEX_POINT('',#12940);
#3813=VERTEX_POINT('',#12942);
#3814=VERTEX_POINT('',#12944);
#3815=VERTEX_POINT('',#12946);
#3816=VERTEX_POINT('',#12948);
#3817=VERTEX_POINT('',#12950);
#3818=VERTEX_POINT('',#12952);
#3819=VERTEX_POINT('',#12954);
#3820=VERTEX_POINT('',#12956);
#3821=VERTEX_POINT('',#12958);
#3822=VERTEX_POINT('',#12960);
#3823=VERTEX_POINT('',#12962);
#3824=VERTEX_POINT('',#12964);
#3825=VERTEX_POINT('',#12966);
#3826=VERTEX_POINT('',#12968);
#3827=VERTEX_POINT('',#12970);
#3828=VERTEX_POINT('',#12972);
#3829=VERTEX_POINT('',#12974);
#3830=VERTEX_POINT('',#12976);
#3831=VERTEX_POINT('',#12980);
#3832=VERTEX_POINT('',#12982);
#3833=VERTEX_POINT('',#12986);
#3834=VERTEX_POINT('',#12988);
#3835=VERTEX_POINT('',#12992);
#3836=VERTEX_POINT('',#12994);
#3837=VERTEX_POINT('',#12998);
#3838=VERTEX_POINT('',#13000);
#3839=VERTEX_POINT('',#13014);
#3840=VERTEX_POINT('',#13015);
#3841=VERTEX_POINT('',#13085);
#3842=VERTEX_POINT('',#13090);
#3843=VERTEX_POINT('',#13092);
#3844=VERTEX_POINT('',#13097);
#3845=VERTEX_POINT('',#13101);
#3846=VERTEX_POINT('',#13106);
#3847=VERTEX_POINT('',#13108);
#3848=VERTEX_POINT('',#13113);
#3849=VERTEX_POINT('',#13117);
#3850=VERTEX_POINT('',#13118);
#3851=VERTEX_POINT('',#13120);
#3852=VERTEX_POINT('',#13123);
#3853=VERTEX_POINT('',#13127);
#3854=VERTEX_POINT('',#13129);
#3855=VERTEX_POINT('',#13131);
#3856=VERTEX_POINT('',#13133);
#3857=VERTEX_POINT('',#13137);
#3858=VERTEX_POINT('',#13139);
#3859=VERTEX_POINT('',#13143);
#3860=VERTEX_POINT('',#13144);
#3861=LINE('',#11117,#4466);
#3862=LINE('',#11120,#4467);
#3863=LINE('',#11122,#4468);
#3864=LINE('',#11129,#4469);
#3865=LINE('',#11135,#4470);
#3866=LINE('',#11137,#4471);
#3867=LINE('',#11140,#4472);
#3868=LINE('',#11142,#4473);
#3869=LINE('',#11152,#4474);
#3870=LINE('',#11154,#4475);
#3871=LINE('',#11156,#4476);
#3872=LINE('',#11158,#4477);
#3873=LINE('',#11170,#4478);
#3874=LINE('',#11174,#4479);
#3875=LINE('',#11178,#4480);
#3876=LINE('',#11182,#4481);
#3877=LINE('',#11184,#4482);
#3878=LINE('',#11186,#4483);
#3879=LINE('',#11190,#4484);
#3880=LINE('',#11194,#4485);
#3881=LINE('',#11198,#4486);
#3882=LINE('',#11202,#4487);
#3883=LINE('',#11204,#4488);
#3884=LINE('',#11208,#4489);
#3885=LINE('',#11212,#4490);
#3886=LINE('',#11214,#4491);
#3887=LINE('',#11216,#4492);
#3888=LINE('',#11220,#4493);
#3889=LINE('',#11224,#4494);
#3890=LINE('',#11226,#4495);
#3891=LINE('',#11230,#4496);
#3892=LINE('',#11234,#4497);
#3893=LINE('',#11238,#4498);
#3894=LINE('',#11242,#4499);
#3895=LINE('',#11244,#4500);
#3896=LINE('',#11246,#4501);
#3897=LINE('',#11250,#4502);
#3898=LINE('',#11254,#4503);
#3899=LINE('',#11258,#4504);
#3900=LINE('',#11270,#4505);
#3901=LINE('',#11272,#4506);
#3902=LINE('',#11274,#4507);
#3903=LINE('',#11278,#4508);
#3904=LINE('',#11285,#4509);
#3905=LINE('',#11289,#4510);
#3906=LINE('',#11291,#4511);
#3907=LINE('',#11293,#4512);
#3908=LINE('',#11297,#4513);
#3909=LINE('',#11299,#4514);
#3910=LINE('',#11301,#4515);
#3911=LINE('',#11302,#4516);
#3912=LINE('',#11306,#4517);
#3913=LINE('',#11308,#4518);
#3914=LINE('',#11310,#4519);
#3915=LINE('',#11312,#4520);
#3916=LINE('',#11317,#4521);
#3917=LINE('',#11324,#4522);
#3918=LINE('',#11329,#4523);
#3919=LINE('',#11336,#4524);
#3920=LINE('',#11339,#4525);
#3921=LINE('',#11341,#4526);
#3922=LINE('',#11348,#4527);
#3923=LINE('',#11351,#4528);
#3924=LINE('',#11353,#4529);
#3925=LINE('',#11360,#4530);
#3926=LINE('',#11361,#4531);
#3927=LINE('',#11365,#4532);
#3928=LINE('',#11368,#4533);
#3929=LINE('',#11370,#4534);
#3930=LINE('',#11372,#4535);
#3931=LINE('',#11376,#4536);
#3932=LINE('',#11380,#4537);
#3933=LINE('',#11383,#4538);
#3934=LINE('',#11384,#4539);
#3935=LINE('',#11386,#4540);
#3936=LINE('',#11389,#4541);
#3937=LINE('',#11391,#4542);
#3938=LINE('',#11393,#4543);
#3939=LINE('',#11397,#4544);
#3940=LINE('',#11401,#4545);
#3941=LINE('',#11403,#4546);
#3942=LINE('',#11405,#4547);
#3943=LINE('',#11407,#4548);
#3944=LINE('',#11408,#4549);
#3945=LINE('',#11410,#4550);
#3946=LINE('',#11412,#4551);
#3947=LINE('',#11414,#4552);
#3948=LINE('',#11417,#4553);
#3949=LINE('',#11419,#4554);
#3950=LINE('',#11421,#4555);
#3951=LINE('',#11425,#4556);
#3952=LINE('',#11429,#4557);
#3953=LINE('',#11432,#4558);
#3954=LINE('',#11433,#4559);
#3955=LINE('',#11435,#4560);
#3956=LINE('',#11438,#4561);
#3957=LINE('',#11440,#4562);
#3958=LINE('',#11442,#4563);
#3959=LINE('',#11446,#4564);
#3960=LINE('',#11450,#4565);
#3961=LINE('',#11452,#4566);
#3962=LINE('',#11454,#4567);
#3963=LINE('',#11456,#4568);
#3964=LINE('',#11457,#4569);
#3965=LINE('',#11459,#4570);
#3966=LINE('',#11461,#4571);
#3967=LINE('',#11463,#4572);
#3968=LINE('',#11466,#4573);
#3969=LINE('',#11468,#4574);
#3970=LINE('',#11470,#4575);
#3971=LINE('',#11474,#4576);
#3972=LINE('',#11478,#4577);
#3973=LINE('',#11481,#4578);
#3974=LINE('',#11482,#4579);
#3975=LINE('',#11484,#4580);
#3976=LINE('',#11487,#4581);
#3977=LINE('',#11489,#4582);
#3978=LINE('',#11491,#4583);
#3979=LINE('',#11495,#4584);
#3980=LINE('',#11499,#4585);
#3981=LINE('',#11501,#4586);
#3982=LINE('',#11503,#4587);
#3983=LINE('',#11505,#4588);
#3984=LINE('',#11506,#4589);
#3985=LINE('',#11508,#4590);
#3986=LINE('',#11510,#4591);
#3987=LINE('',#11512,#4592);
#3988=LINE('',#11515,#4593);
#3989=LINE('',#11517,#4594);
#3990=LINE('',#11519,#4595);
#3991=LINE('',#11523,#4596);
#3992=LINE('',#11527,#4597);
#3993=LINE('',#11530,#4598);
#3994=LINE('',#11531,#4599);
#3995=LINE('',#11533,#4600);
#3996=LINE('',#11536,#4601);
#3997=LINE('',#11538,#4602);
#3998=LINE('',#11540,#4603);
#3999=LINE('',#11544,#4604);
#4000=LINE('',#11548,#4605);
#4001=LINE('',#11550,#4606);
#4002=LINE('',#11552,#4607);
#4003=LINE('',#11554,#4608);
#4004=LINE('',#11555,#4609);
#4005=LINE('',#11557,#4610);
#4006=LINE('',#11559,#4611);
#4007=LINE('',#11561,#4612);
#4008=LINE('',#11564,#4613);
#4009=LINE('',#11566,#4614);
#4010=LINE('',#11568,#4615);
#4011=LINE('',#11569,#4616);
#4012=LINE('',#11572,#4617);
#4013=LINE('',#11574,#4618);
#4014=LINE('',#11576,#4619);
#4015=LINE('',#11578,#4620);
#4016=LINE('',#11581,#4621);
#4017=LINE('',#11583,#4622);
#4018=LINE('',#11585,#4623);
#4019=LINE('',#11587,#4624);
#4020=LINE('',#11590,#4625);
#4021=LINE('',#11592,#4626);
#4022=LINE('',#11594,#4627);
#4023=LINE('',#11598,#4628);
#4024=LINE('',#11602,#4629);
#4025=LINE('',#11606,#4630);
#4026=LINE('',#11610,#4631);
#4027=LINE('',#11612,#4632);
#4028=LINE('',#11614,#4633);
#4029=LINE('',#11618,#4634);
#4030=LINE('',#11622,#4635);
#4031=LINE('',#11626,#4636);
#4032=LINE('',#11634,#4637);
#4033=LINE('',#11636,#4638);
#4034=LINE('',#11638,#4639);
#4035=LINE('',#11642,#4640);
#4036=LINE('',#11644,#4641);
#4037=LINE('',#11646,#4642);
#4038=LINE('',#11654,#4643);
#4039=LINE('',#11658,#4644);
#4040=LINE('',#11662,#4645);
#4041=LINE('',#11666,#4646);
#4042=LINE('',#11668,#4647);
#4043=LINE('',#11670,#4648);
#4044=LINE('',#11674,#4649);
#4045=LINE('',#11678,#4650);
#4046=LINE('',#11682,#4651);
#4047=LINE('',#11686,#4652);
#4048=LINE('',#11688,#4653);
#4049=LINE('',#11690,#4654);
#4050=LINE('',#11692,#4655);
#4051=LINE('',#11696,#4656);
#4052=LINE('',#11700,#4657);
#4053=LINE('',#11702,#4658);
#4054=LINE('',#11704,#4659);
#4055=LINE('',#11708,#4660);
#4056=LINE('',#11712,#4661);
#4057=LINE('',#11714,#4662);
#4058=LINE('',#11716,#4663);
#4059=LINE('',#11717,#4664);
#4060=LINE('',#11719,#4665);
#4061=LINE('',#11722,#4666);
#4062=LINE('',#11723,#4667);
#4063=LINE('',#11725,#4668);
#4064=LINE('',#11728,#4669);
#4065=LINE('',#11730,#4670);
#4066=LINE('',#11732,#4671);
#4067=LINE('',#11734,#4672);
#4068=LINE('',#11737,#4673);
#4069=LINE('',#11740,#4674);
#4070=LINE('',#11744,#4675);
#4071=LINE('',#11746,#4676);
#4072=LINE('',#11748,#4677);
#4073=LINE('',#11752,#4678);
#4074=LINE('',#11755,#4679);
#4075=LINE('',#11757,#4680);
#4076=LINE('',#11766,#4681);
#4077=LINE('',#11768,#4682);
#4078=LINE('',#11770,#4683);
#4079=LINE('',#11776,#4684);
#4080=LINE('',#11780,#4685);
#4081=LINE('',#11786,#4686);
#4082=LINE('',#11790,#4687);
#4083=LINE('',#11792,#4688);
#4084=LINE('',#11793,#4689);
#4085=LINE('',#11795,#4690);
#4086=LINE('',#11797,#4691);
#4087=LINE('',#11798,#4692);
#4088=LINE('',#11800,#4693);
#4089=LINE('',#11804,#4694);
#4090=LINE('',#11810,#4695);
#4091=LINE('',#11814,#4696);
#4092=LINE('',#11820,#4697);
#4093=LINE('',#11822,#4698);
#4094=LINE('',#11824,#4699);
#4095=LINE('',#11836,#4700);
#4096=LINE('',#11839,#4701);
#4097=LINE('',#11841,#4702);
#4098=LINE('',#11843,#4703);
#4099=LINE('',#11844,#4704);
#4100=LINE('',#11847,#4705);
#4101=LINE('',#11849,#4706);
#4102=LINE('',#11853,#4707);
#4103=LINE('',#11855,#4708);
#4104=LINE('',#11857,#4709);
#4105=LINE('',#11860,#4710);
#4106=LINE('',#11868,#4711);
#4107=LINE('',#11870,#4712);
#4108=LINE('',#11872,#4713);
#4109=LINE('',#11874,#4714);
#4110=LINE('',#11879,#4715);
#4111=LINE('',#11883,#4716);
#4112=LINE('',#11887,#4717);
#4113=LINE('',#11890,#4718);
#4114=LINE('',#11892,#4719);
#4115=LINE('',#11894,#4720);
#4116=LINE('',#11896,#4721);
#4117=LINE('',#11897,#4722);
#4118=LINE('',#11899,#4723);
#4119=LINE('',#11901,#4724);
#4120=LINE('',#11903,#4725);
#4121=LINE('',#11905,#4726);
#4122=LINE('',#11907,#4727);
#4123=LINE('',#11909,#4728);
#4124=LINE('',#11911,#4729);
#4125=LINE('',#11913,#4730);
#4126=LINE('',#11918,#4731);
#4127=LINE('',#11920,#4732);
#4128=LINE('',#11922,#4733);
#4129=LINE('',#11924,#4734);
#4130=LINE('',#11926,#4735);
#4131=LINE('',#11928,#4736);
#4132=LINE('',#11930,#4737);
#4133=LINE('',#11932,#4738);
#4134=LINE('',#11935,#4739);
#4135=LINE('',#11937,#4740);
#4136=LINE('',#11939,#4741);
#4137=LINE('',#11941,#4742);
#4138=LINE('',#11944,#4743);
#4139=LINE('',#11946,#4744);
#4140=LINE('',#11948,#4745);
#4141=LINE('',#11950,#4746);
#4142=LINE('',#11952,#4747);
#4143=LINE('',#11954,#4748);
#4144=LINE('',#11956,#4749);
#4145=LINE('',#11958,#4750);
#4146=LINE('',#11961,#4751);
#4147=LINE('',#11965,#4752);
#4148=LINE('',#11966,#4753);
#4149=LINE('',#11968,#4754);
#4150=LINE('',#11969,#4755);
#4151=LINE('',#11973,#4756);
#4152=LINE('',#11978,#4757);
#4153=LINE('',#11981,#4758);
#4154=LINE('',#11983,#4759);
#4155=LINE('',#11985,#4760);
#4156=LINE('',#11987,#4761);
#4157=LINE('',#11996,#4762);
#4158=LINE('',#11997,#4763);
#4159=LINE('',#11998,#4764);
#4160=LINE('',#11999,#4765);
#4161=LINE('',#12001,#4766);
#4162=LINE('',#12002,#4767);
#4163=LINE('',#12004,#4768);
#4164=LINE('',#12009,#4769);
#4165=LINE('',#12014,#4770);
#4166=LINE('',#12017,#4771);
#4167=LINE('',#12019,#4772);
#4168=LINE('',#12021,#4773);
#4169=LINE('',#12023,#4774);
#4170=LINE('',#12027,#4775);
#4171=LINE('',#12029,#4776);
#4172=LINE('',#12031,#4777);
#4173=LINE('',#12041,#4778);
#4174=LINE('',#12043,#4779);
#4175=LINE('',#12051,#4780);
#4176=LINE('',#12055,#4781);
#4177=LINE('',#12067,#4782);
#4178=LINE('',#12069,#4783);
#4179=LINE('',#12071,#4784);
#4180=LINE('',#12073,#4785);
#4181=LINE('',#12075,#4786);
#4182=LINE('',#12077,#4787);
#4183=LINE('',#12079,#4788);
#4184=LINE('',#12082,#4789);
#4185=LINE('',#12084,#4790);
#4186=LINE('',#12086,#4791);
#4187=LINE('',#12088,#4792);
#4188=LINE('',#12090,#4793);
#4189=LINE('',#12093,#4794);
#4190=LINE('',#12095,#4795);
#4191=LINE('',#12097,#4796);
#4192=LINE('',#12099,#4797);
#4193=LINE('',#12100,#4798);
#4194=LINE('',#12102,#4799);
#4195=LINE('',#12104,#4800);
#4196=LINE('',#12106,#4801);
#4197=LINE('',#12108,#4802);
#4198=LINE('',#12111,#4803);
#4199=LINE('',#12119,#4804);
#4200=LINE('',#12123,#4805);
#4201=LINE('',#12131,#4806);
#4202=LINE('',#12137,#4807);
#4203=LINE('',#12139,#4808);
#4204=LINE('',#12141,#4809);
#4205=LINE('',#12143,#4810);
#4206=LINE('',#12145,#4811);
#4207=LINE('',#12147,#4812);
#4208=LINE('',#12149,#4813);
#4209=LINE('',#12152,#4814);
#4210=LINE('',#12154,#4815);
#4211=LINE('',#12156,#4816);
#4212=LINE('',#12158,#4817);
#4213=LINE('',#12161,#4818);
#4214=LINE('',#12163,#4819);
#4215=LINE('',#12165,#4820);
#4216=LINE('',#12167,#4821);
#4217=LINE('',#12169,#4822);
#4218=LINE('',#12172,#4823);
#4219=LINE('',#12174,#4824);
#4220=LINE('',#12176,#4825);
#4221=LINE('',#12177,#4826);
#4222=LINE('',#12179,#4827);
#4223=LINE('',#12181,#4828);
#4224=LINE('',#12183,#4829);
#4225=LINE('',#12185,#4830);
#4226=LINE('',#12188,#4831);
#4227=LINE('',#12189,#4832);
#4228=LINE('',#12191,#4833);
#4229=LINE('',#12193,#4834);
#4230=LINE('',#12195,#4835);
#4231=LINE('',#12197,#4836);
#4232=LINE('',#12198,#4837);
#4233=LINE('',#12200,#4838);
#4234=LINE('',#12202,#4839);
#4235=LINE('',#12204,#4840);
#4236=LINE('',#12206,#4841);
#4237=LINE('',#12209,#4842);
#4238=LINE('',#12211,#4843);
#4239=LINE('',#12213,#4844);
#4240=LINE('',#12215,#4845);
#4241=LINE('',#12218,#4846);
#4242=LINE('',#12220,#4847);
#4243=LINE('',#12222,#4848);
#4244=LINE('',#12224,#4849);
#4245=LINE('',#12226,#4850);
#4246=LINE('',#12229,#4851);
#4247=LINE('',#12231,#4852);
#4248=LINE('',#12233,#4853);
#4249=LINE('',#12234,#4854);
#4250=LINE('',#12236,#4855);
#4251=LINE('',#12238,#4856);
#4252=LINE('',#12240,#4857);
#4253=LINE('',#12243,#4858);
#4254=LINE('',#12245,#4859);
#4255=LINE('',#12247,#4860);
#4256=LINE('',#12249,#4861);
#4257=LINE('',#12250,#4862);
#4258=LINE('',#12251,#4863);
#4259=LINE('',#12252,#4864);
#4260=LINE('',#12254,#4865);
#4261=LINE('',#12256,#4866);
#4262=LINE('',#12257,#4867);
#4263=LINE('',#12258,#4868);
#4264=LINE('',#12259,#4869);
#4265=LINE('',#12261,#4870);
#4266=LINE('',#12263,#4871);
#4267=LINE('',#12265,#4872);
#4268=LINE('',#12273,#4873);
#4269=LINE('',#12276,#4874);
#4270=LINE('',#12278,#4875);
#4271=LINE('',#12280,#4876);
#4272=LINE('',#12285,#4877);
#4273=LINE('',#12287,#4878);
#4274=LINE('',#12289,#4879);
#4275=LINE('',#12291,#4880);
#4276=LINE('',#12293,#4881);
#4277=LINE('',#12295,#4882);
#4278=LINE('',#12297,#4883);
#4279=LINE('',#12302,#4884);
#4280=LINE('',#12317,#4885);
#4281=LINE('',#12323,#4886);
#4282=LINE('',#12327,#4887);
#4283=LINE('',#12332,#4888);
#4284=LINE('',#12336,#4889);
#4285=LINE('',#12340,#4890);
#4286=LINE('',#12346,#4891);
#4287=LINE('',#12348,#4892);
#4288=LINE('',#12350,#4893);
#4289=LINE('',#12356,#4894);
#4290=LINE('',#12360,#4895);
#4291=LINE('',#12376,#4896);
#4292=LINE('',#12380,#4897);
#4293=LINE('',#12384,#4898);
#4294=LINE('',#12386,#4899);
#4295=LINE('',#12388,#4900);
#4296=LINE('',#12446,#4901);
#4297=LINE('',#12448,#4902);
#4298=LINE('',#12451,#4903);
#4299=LINE('',#12453,#4904);
#4300=LINE('',#12500,#4905);
#4301=LINE('',#12502,#4906);
#4302=LINE('',#12504,#4907);
#4303=LINE('',#12506,#4908);
#4304=LINE('',#12508,#4909);
#4305=LINE('',#12510,#4910);
#4306=LINE('',#12512,#4911);
#4307=LINE('',#12514,#4912);
#4308=LINE('',#12516,#4913);
#4309=LINE('',#12518,#4914);
#4310=LINE('',#12520,#4915);
#4311=LINE('',#12522,#4916);
#4312=LINE('',#12639,#4917);
#4313=LINE('',#12641,#4918);
#4314=LINE('',#12642,#4919);
#4315=LINE('',#12644,#4920);
#4316=LINE('',#12645,#4921);
#4317=LINE('',#12647,#4922);
#4318=LINE('',#12650,#4923);
#4319=LINE('',#12654,#4924);
#4320=LINE('',#12658,#4925);
#4321=LINE('',#12663,#4926);
#4322=LINE('',#12665,#4927);
#4323=LINE('',#12667,#4928);
#4324=LINE('',#12670,#4929);
#4325=LINE('',#12675,#4930);
#4326=LINE('',#12681,#4931);
#4327=LINE('',#12682,#4932);
#4328=LINE('',#12684,#4933);
#4329=LINE('',#12686,#4934);
#4330=LINE('',#12688,#4935);
#4331=LINE('',#12690,#4936);
#4332=LINE('',#12693,#4937);
#4333=LINE('',#12695,#4938);
#4334=LINE('',#12697,#4939);
#4335=LINE('',#12700,#4940);
#4336=LINE('',#12702,#4941);
#4337=LINE('',#12704,#4942);
#4338=LINE('',#12706,#4943);
#4339=LINE('',#12708,#4944);
#4340=LINE('',#12710,#4945);
#4341=LINE('',#12712,#4946);
#4342=LINE('',#12714,#4947);
#4343=LINE('',#12717,#4948);
#4344=LINE('',#12720,#4949);
#4345=LINE('',#12724,#4950);
#4346=LINE('',#12728,#4951);
#4347=LINE('',#12732,#4952);
#4348=LINE('',#12735,#4953);
#4349=LINE('',#12736,#4954);
#4350=LINE('',#12738,#4955);
#4351=LINE('',#12744,#4956);
#4352=LINE('',#12745,#4957);
#4353=LINE('',#12748,#4958);
#4354=LINE('',#12749,#4959);
#4355=LINE('',#12752,#4960);
#4356=LINE('',#12753,#4961);
#4357=LINE('',#12755,#4962);
#4358=LINE('',#12756,#4963);
#4359=LINE('',#12758,#4964);
#4360=LINE('',#12759,#4965);
#4361=LINE('',#12761,#4966);
#4362=LINE('',#12762,#4967);
#4363=LINE('',#12777,#4968);
#4364=LINE('',#12779,#4969);
#4365=LINE('',#12782,#4970);
#4366=LINE('',#12784,#4971);
#4367=LINE('',#12791,#4972);
#4368=LINE('',#12793,#4973);
#4369=LINE('',#12795,#4974);
#4370=LINE('',#12797,#4975);
#4371=LINE('',#12799,#4976);
#4372=LINE('',#12801,#4977);
#4373=LINE('',#12804,#4978);
#4374=LINE('',#12806,#4979);
#4375=LINE('',#12808,#4980);
#4376=LINE('',#12810,#4981);
#4377=LINE('',#12813,#4982);
#4378=LINE('',#12815,#4983);
#4379=LINE('',#12817,#4984);
#4380=LINE('',#12821,#4985);
#4381=LINE('',#12823,#4986);
#4382=LINE('',#12825,#4987);
#4383=LINE('',#12829,#4988);
#4384=LINE('',#12831,#4989);
#4385=LINE('',#12833,#4990);
#4386=LINE('',#12837,#4991);
#4387=LINE('',#12839,#4992);
#4388=LINE('',#12841,#4993);
#4389=LINE('',#12848,#4994);
#4390=LINE('',#12850,#4995);
#4391=LINE('',#12853,#4996);
#4392=LINE('',#12855,#4997);
#4393=LINE('',#12857,#4998);
#4394=LINE('',#12860,#4999);
#4395=LINE('',#12861,#5000);
#4396=LINE('',#12865,#5001);
#4397=LINE('',#12867,#5002);
#4398=LINE('',#12870,#5003);
#4399=LINE('',#12872,#5004);
#4400=LINE('',#12875,#5005);
#4401=LINE('',#12878,#5006);
#4402=LINE('',#12880,#5007);
#4403=LINE('',#12882,#5008);
#4404=LINE('',#12886,#5009);
#4405=LINE('',#12890,#5010);
#4406=LINE('',#12891,#5011);
#4407=LINE('',#12893,#5012);
#4408=LINE('',#12895,#5013);
#4409=LINE('',#12897,#5014);
#4410=LINE('',#12901,#5015);
#4411=LINE('',#12905,#5016);
#4412=LINE('',#12907,#5017);
#4413=LINE('',#12909,#5018);
#4414=LINE('',#12911,#5019);
#4415=LINE('',#12912,#5020);
#4416=LINE('',#12930,#5021);
#4417=LINE('',#12933,#5022);
#4418=LINE('',#12935,#5023);
#4419=LINE('',#12937,#5024);
#4420=LINE('',#12939,#5025);
#4421=LINE('',#12941,#5026);
#4422=LINE('',#12945,#5027);
#4423=LINE('',#12949,#5028);
#4424=LINE('',#12953,#5029);
#4425=LINE('',#12957,#5030);
#4426=LINE('',#12959,#5031);
#4427=LINE('',#12961,#5032);
#4428=LINE('',#12963,#5033);
#4429=LINE('',#12965,#5034);
#4430=LINE('',#12967,#5035);
#4431=LINE('',#12973,#5036);
#4432=LINE('',#12979,#5037);
#4433=LINE('',#12981,#5038);
#4434=LINE('',#12983,#5039);
#4435=LINE('',#12985,#5040);
#4436=LINE('',#12987,#5041);
#4437=LINE('',#12989,#5042);
#4438=LINE('',#12991,#5043);
#4439=LINE('',#12993,#5044);
#4440=LINE('',#12995,#5045);
#4441=LINE('',#12999,#5046);
#4442=LINE('',#13007,#5047);
#4443=LINE('',#13013,#5048);
#4444=LINE('',#13023,#5049);
#4445=LINE('',#13080,#5050);
#4446=LINE('',#13082,#5051);
#4447=LINE('',#13084,#5052);
#4448=LINE('',#13098,#5053);
#4449=LINE('',#13100,#5054);
#4450=LINE('',#13114,#5055);
#4451=LINE('',#13116,#5056);
#4452=LINE('',#13119,#5057);
#4453=LINE('',#13121,#5058);
#4454=LINE('',#13122,#5059);
#4455=LINE('',#13124,#5060);
#4456=LINE('',#13126,#5061);
#4457=LINE('',#13128,#5062);
#4458=LINE('',#13130,#5063);
#4459=LINE('',#13132,#5064);
#4460=LINE('',#13134,#5065);
#4461=LINE('',#13136,#5066);
#4462=LINE('',#13138,#5067);
#4463=LINE('',#13140,#5068);
#4464=LINE('',#13145,#5069);
#4465=LINE('',#13146,#5070);
#4466=VECTOR('',#9310,1000.);
#4467=VECTOR('',#9311,1000.);
#4468=VECTOR('',#9312,1000.);
#4469=VECTOR('',#9319,1000.);
#4470=VECTOR('',#9324,1000.);
#4471=VECTOR('',#9327,1000.);
#4472=VECTOR('',#9328,1000.);
#4473=VECTOR('',#9329,1000.);
#4474=VECTOR('',#9340,1000.);
#4475=VECTOR('',#9341,1000.);
#4476=VECTOR('',#9342,1000.);
#4477=VECTOR('',#9343,1000.);
#4478=VECTOR('',#9354,1000.);
#4479=VECTOR('',#9357,1000.);
#4480=VECTOR('',#9360,1000.);
#4481=VECTOR('',#9363,1000.);
#4482=VECTOR('',#9364,1000.);
#4483=VECTOR('',#9365,1000.);
#4484=VECTOR('',#9368,1000.);
#4485=VECTOR('',#9371,1000.);
#4486=VECTOR('',#9374,1000.);
#4487=VECTOR('',#9377,1000.);
#4488=VECTOR('',#9378,1000.);
#4489=VECTOR('',#9381,1000.);
#4490=VECTOR('',#9384,1000.);
#4491=VECTOR('',#9385,1000.);
#4492=VECTOR('',#9386,1000.);
#4493=VECTOR('',#9389,1000.);
#4494=VECTOR('',#9392,1000.);
#4495=VECTOR('',#9393,1000.);
#4496=VECTOR('',#9396,1000.);
#4497=VECTOR('',#9399,1000.);
#4498=VECTOR('',#9402,1000.);
#4499=VECTOR('',#9405,1000.);
#4500=VECTOR('',#9406,1000.);
#4501=VECTOR('',#9407,1000.);
#4502=VECTOR('',#9410,1000.);
#4503=VECTOR('',#9413,1000.);
#4504=VECTOR('',#9416,1000.);
#4505=VECTOR('',#9427,1000.);
#4506=VECTOR('',#9428,1000.);
#4507=VECTOR('',#9429,1000.);
#4508=VECTOR('',#9432,1000.);
#4509=VECTOR('',#9439,1000.);
#4510=VECTOR('',#9442,1000.);
#4511=VECTOR('',#9443,1000.);
#4512=VECTOR('',#9444,1000.);
#4513=VECTOR('',#9447,1000.);
#4514=VECTOR('',#9448,1000.);
#4515=VECTOR('',#9449,1000.);
#4516=VECTOR('',#9450,1000.);
#4517=VECTOR('',#9453,1000.);
#4518=VECTOR('',#9454,1000.);
#4519=VECTOR('',#9455,1000.);
#4520=VECTOR('',#9458,1000.);
#4521=VECTOR('',#9461,1000.);
#4522=VECTOR('',#9464,1000.);
#4523=VECTOR('',#9467,1000.);
#4524=VECTOR('',#9470,1000.);
#4525=VECTOR('',#9471,1000.);
#4526=VECTOR('',#9472,1000.);
#4527=VECTOR('',#9475,1000.);
#4528=VECTOR('',#9476,1000.);
#4529=VECTOR('',#9477,1000.);
#4530=VECTOR('',#9480,1000.);
#4531=VECTOR('',#9481,1000.);
#4532=VECTOR('',#9486,1000.);
#4533=VECTOR('',#9487,1000.);
#4534=VECTOR('',#9488,1000.);
#4535=VECTOR('',#9489,1000.);
#4536=VECTOR('',#9494,1000.);
#4537=VECTOR('',#9499,1000.);
#4538=VECTOR('',#9500,1000.);
#4539=VECTOR('',#9501,1000.);
#4540=VECTOR('',#9504,1000.);
#4541=VECTOR('',#9505,1000.);
#4542=VECTOR('',#9506,1000.);
#4543=VECTOR('',#9507,1000.);
#4544=VECTOR('',#9512,1000.);
#4545=VECTOR('',#9517,1000.);
#4546=VECTOR('',#9518,1000.);
#4547=VECTOR('',#9519,1000.);
#4548=VECTOR('',#9522,1000.);
#4549=VECTOR('',#9523,1000.);
#4550=VECTOR('',#9526,1000.);
#4551=VECTOR('',#9529,1000.);
#4552=VECTOR('',#9532,1000.);
#4553=VECTOR('',#9533,1000.);
#4554=VECTOR('',#9534,1000.);
#4555=VECTOR('',#9535,1000.);
#4556=VECTOR('',#9540,1000.);
#4557=VECTOR('',#9545,1000.);
#4558=VECTOR('',#9546,1000.);
#4559=VECTOR('',#9547,1000.);
#4560=VECTOR('',#9550,1000.);
#4561=VECTOR('',#9551,1000.);
#4562=VECTOR('',#9552,1000.);
#4563=VECTOR('',#9553,1000.);
#4564=VECTOR('',#9558,1000.);
#4565=VECTOR('',#9563,1000.);
#4566=VECTOR('',#9564,1000.);
#4567=VECTOR('',#9565,1000.);
#4568=VECTOR('',#9568,1000.);
#4569=VECTOR('',#9569,1000.);
#4570=VECTOR('',#9572,1000.);
#4571=VECTOR('',#9575,1000.);
#4572=VECTOR('',#9578,1000.);
#4573=VECTOR('',#9579,1000.);
#4574=VECTOR('',#9580,1000.);
#4575=VECTOR('',#9581,1000.);
#4576=VECTOR('',#9586,1000.);
#4577=VECTOR('',#9591,1000.);
#4578=VECTOR('',#9592,1000.);
#4579=VECTOR('',#9593,1000.);
#4580=VECTOR('',#9596,1000.);
#4581=VECTOR('',#9597,1000.);
#4582=VECTOR('',#9598,1000.);
#4583=VECTOR('',#9599,1000.);
#4584=VECTOR('',#9604,1000.);
#4585=VECTOR('',#9609,1000.);
#4586=VECTOR('',#9610,1000.);
#4587=VECTOR('',#9611,1000.);
#4588=VECTOR('',#9614,1000.);
#4589=VECTOR('',#9615,1000.);
#4590=VECTOR('',#9618,1000.);
#4591=VECTOR('',#9621,1000.);
#4592=VECTOR('',#9624,1000.);
#4593=VECTOR('',#9625,1000.);
#4594=VECTOR('',#9626,1000.);
#4595=VECTOR('',#9627,1000.);
#4596=VECTOR('',#9632,1000.);
#4597=VECTOR('',#9637,1000.);
#4598=VECTOR('',#9638,1000.);
#4599=VECTOR('',#9639,1000.);
#4600=VECTOR('',#9642,1000.);
#4601=VECTOR('',#9643,1000.);
#4602=VECTOR('',#9644,1000.);
#4603=VECTOR('',#9645,1000.);
#4604=VECTOR('',#9650,1000.);
#4605=VECTOR('',#9655,1000.);
#4606=VECTOR('',#9656,1000.);
#4607=VECTOR('',#9657,1000.);
#4608=VECTOR('',#9660,1000.);
#4609=VECTOR('',#9661,1000.);
#4610=VECTOR('',#9664,1000.);
#4611=VECTOR('',#9667,1000.);
#4612=VECTOR('',#9670,1000.);
#4613=VECTOR('',#9671,1000.);
#4614=VECTOR('',#9672,1000.);
#4615=VECTOR('',#9673,1000.);
#4616=VECTOR('',#9674,1000.);
#4617=VECTOR('',#9675,1000.);
#4618=VECTOR('',#9676,1000.);
#4619=VECTOR('',#9677,1000.);
#4620=VECTOR('',#9680,1000.);
#4621=VECTOR('',#9681,1000.);
#4622=VECTOR('',#9682,1000.);
#4623=VECTOR('',#9683,1000.);
#4624=VECTOR('',#9686,1000.);
#4625=VECTOR('',#9687,1000.);
#4626=VECTOR('',#9688,1000.);
#4627=VECTOR('',#9689,1000.);
#4628=VECTOR('',#9692,1000.);
#4629=VECTOR('',#9695,1000.);
#4630=VECTOR('',#9698,1000.);
#4631=VECTOR('',#9701,1000.);
#4632=VECTOR('',#9702,1000.);
#4633=VECTOR('',#9703,1000.);
#4634=VECTOR('',#9706,1000.);
#4635=VECTOR('',#9709,1000.);
#4636=VECTOR('',#9712,1000.);
#4637=VECTOR('',#9719,1000.);
#4638=VECTOR('',#9720,1000.);
#4639=VECTOR('',#9721,1000.);
#4640=VECTOR('',#9724,1000.);
#4641=VECTOR('',#9725,1000.);
#4642=VECTOR('',#9726,1000.);
#4643=VECTOR('',#9733,1000.);
#4644=VECTOR('',#9736,1000.);
#4645=VECTOR('',#9739,1000.);
#4646=VECTOR('',#9742,1000.);
#4647=VECTOR('',#9743,1000.);
#4648=VECTOR('',#9744,1000.);
#4649=VECTOR('',#9747,1000.);
#4650=VECTOR('',#9750,1000.);
#4651=VECTOR('',#9753,1000.);
#4652=VECTOR('',#9756,1000.);
#4653=VECTOR('',#9757,1000.);
#4654=VECTOR('',#9758,1000.);
#4655=VECTOR('',#9759,1000.);
#4656=VECTOR('',#9762,1000.);
#4657=VECTOR('',#9765,1000.);
#4658=VECTOR('',#9766,1000.);
#4659=VECTOR('',#9767,1000.);
#4660=VECTOR('',#9770,1000.);
#4661=VECTOR('',#9775,1000.);
#4662=VECTOR('',#9776,1000.);
#4663=VECTOR('',#9777,1000.);
#4664=VECTOR('',#9778,1000.);
#4665=VECTOR('',#9781,1000.);
#4666=VECTOR('',#9782,1000.);
#4667=VECTOR('',#9783,1000.);
#4668=VECTOR('',#9786,1000.);
#4669=VECTOR('',#9787,1000.);
#4670=VECTOR('',#9788,1000.);
#4671=VECTOR('',#9789,1000.);
#4672=VECTOR('',#9792,1000.);
#4673=VECTOR('',#9793,1000.);
#4674=VECTOR('',#9796,1000.);
#4675=VECTOR('',#9799,1000.);
#4676=VECTOR('',#9800,1000.);
#4677=VECTOR('',#9801,1000.);
#4678=VECTOR('',#9804,1000.);
#4679=VECTOR('',#9807,1000.);
#4680=VECTOR('',#9808,1000.);
#4681=VECTOR('',#9811,1000.);
#4682=VECTOR('',#9812,1000.);
#4683=VECTOR('',#9813,1000.);
#4684=VECTOR('',#9818,1000.);
#4685=VECTOR('',#9821,1000.);
#4686=VECTOR('',#9826,1000.);
#4687=VECTOR('',#9829,1000.);
#4688=VECTOR('',#9830,1000.);
#4689=VECTOR('',#9831,1000.);
#4690=VECTOR('',#9832,1000.);
#4691=VECTOR('',#9833,1000.);
#4692=VECTOR('',#9834,1000.);
#4693=VECTOR('',#9835,1000.);
#4694=VECTOR('',#9838,1000.);
#4695=VECTOR('',#9843,1000.);
#4696=VECTOR('',#9846,1000.);
#4697=VECTOR('',#9851,1000.);
#4698=VECTOR('',#9852,1000.);
#4699=VECTOR('',#9853,1000.);
#4700=VECTOR('',#9860,1000.);
#4701=VECTOR('',#9861,1000.);
#4702=VECTOR('',#9862,1000.);
#4703=VECTOR('',#9863,1000.);
#4704=VECTOR('',#9864,1000.);
#4705=VECTOR('',#9865,1000.);
#4706=VECTOR('',#9866,1000.);
#4707=VECTOR('',#9869,1000.);
#4708=VECTOR('',#9870,1000.);
#4709=VECTOR('',#9871,1000.);
#4710=VECTOR('',#9874,1000.);
#4711=VECTOR('',#9875,1000.);
#4712=VECTOR('',#9876,1000.);
#4713=VECTOR('',#9877,1000.);
#4714=VECTOR('',#9880,1000.);
#4715=VECTOR('',#9883,1000.);
#4716=VECTOR('',#9886,1000.);
#4717=VECTOR('',#9889,1000.);
#4718=VECTOR('',#9892,1000.);
#4719=VECTOR('',#9893,1000.);
#4720=VECTOR('',#9894,1000.);
#4721=VECTOR('',#9895,1000.);
#4722=VECTOR('',#9896,1000.);
#4723=VECTOR('',#9897,1000.);
#4724=VECTOR('',#9900,1000.);
#4725=VECTOR('',#9901,1000.);
#4726=VECTOR('',#9902,1000.);
#4727=VECTOR('',#9905,1000.);
#4728=VECTOR('',#9906,1000.);
#4729=VECTOR('',#9907,1000.);
#4730=VECTOR('',#9910,1000.);
#4731=VECTOR('',#9913,1000.);
#4732=VECTOR('',#9914,1000.);
#4733=VECTOR('',#9915,1000.);
#4734=VECTOR('',#9916,1000.);
#4735=VECTOR('',#9917,1000.);
#4736=VECTOR('',#9918,1000.);
#4737=VECTOR('',#9919,1000.);
#4738=VECTOR('',#9922,1000.);
#4739=VECTOR('',#9923,1000.);
#4740=VECTOR('',#9924,1000.);
#4741=VECTOR('',#9925,1000.);
#4742=VECTOR('',#9928,1000.);
#4743=VECTOR('',#9929,1000.);
#4744=VECTOR('',#9930,1000.);
#4745=VECTOR('',#9931,1000.);
#4746=VECTOR('',#9932,1000.);
#4747=VECTOR('',#9933,1000.);
#4748=VECTOR('',#9934,1000.);
#4749=VECTOR('',#9935,1000.);
#4750=VECTOR('',#9938,1000.);
#4751=VECTOR('',#9941,1000.);
#4752=VECTOR('',#9946,1000.);
#4753=VECTOR('',#9947,1000.);
#4754=VECTOR('',#9950,1000.);
#4755=VECTOR('',#9951,1000.);
#4756=VECTOR('',#9956,1000.);
#4757=VECTOR('',#9961,1000.);
#4758=VECTOR('',#9964,1000.);
#4759=VECTOR('',#9965,1000.);
#4760=VECTOR('',#9966,1000.);
#4761=VECTOR('',#9969,1000.);
#4762=VECTOR('',#9974,1000.);
#4763=VECTOR('',#9975,1000.);
#4764=VECTOR('',#9976,1000.);
#4765=VECTOR('',#9977,1000.);
#4766=VECTOR('',#9980,1000.);
#4767=VECTOR('',#9981,1000.);
#4768=VECTOR('',#9984,1000.);
#4769=VECTOR('',#9987,1000.);
#4770=VECTOR('',#9992,1000.);
#4771=VECTOR('',#9995,1000.);
#4772=VECTOR('',#9996,1000.);
#4773=VECTOR('',#9997,1000.);
#4774=VECTOR('',#10000,1000.);
#4775=VECTOR('',#10007,1000.);
#4776=VECTOR('',#10008,1000.);
#4777=VECTOR('',#10009,1000.);
#4778=VECTOR('',#10018,1000.);
#4779=VECTOR('',#10021,1000.);
#4780=VECTOR('',#10024,1000.);
#4781=VECTOR('',#10029,1000.);
#4782=VECTOR('',#10032,1000.);
#4783=VECTOR('',#10035,1000.);
#4784=VECTOR('',#10038,1000.);
#4785=VECTOR('',#10041,1000.);
#4786=VECTOR('',#10044,1000.);
#4787=VECTOR('',#10047,1000.);
#4788=VECTOR('',#10050,1000.);
#4789=VECTOR('',#10051,1000.);
#4790=VECTOR('',#10052,1000.);
#4791=VECTOR('',#10053,1000.);
#4792=VECTOR('',#10056,1000.);
#4793=VECTOR('',#10059,1000.);
#4794=VECTOR('',#10060,1000.);
#4795=VECTOR('',#10061,1000.);
#4796=VECTOR('',#10062,1000.);
#4797=VECTOR('',#10065,1000.);
#4798=VECTOR('',#10066,1000.);
#4799=VECTOR('',#10069,1000.);
#4800=VECTOR('',#10072,1000.);
#4801=VECTOR('',#10075,1000.);
#4802=VECTOR('',#10078,1000.);
#4803=VECTOR('',#10083,1000.);
#4804=VECTOR('',#10086,1000.);
#4805=VECTOR('',#10091,1000.);
#4806=VECTOR('',#10094,1000.);
#4807=VECTOR('',#10097,1000.);
#4808=VECTOR('',#10100,1000.);
#4809=VECTOR('',#10103,1000.);
#4810=VECTOR('',#10106,1000.);
#4811=VECTOR('',#10109,1000.);
#4812=VECTOR('',#10112,1000.);
#4813=VECTOR('',#10115,1000.);
#4814=VECTOR('',#10116,1000.);
#4815=VECTOR('',#10117,1000.);
#4816=VECTOR('',#10118,1000.);
#4817=VECTOR('',#10119,1000.);
#4818=VECTOR('',#10122,1000.);
#4819=VECTOR('',#10125,1000.);
#4820=VECTOR('',#10126,1000.);
#4821=VECTOR('',#10127,1000.);
#4822=VECTOR('',#10130,1000.);
#4823=VECTOR('',#10131,1000.);
#4824=VECTOR('',#10132,1000.);
#4825=VECTOR('',#10133,1000.);
#4826=VECTOR('',#10134,1000.);
#4827=VECTOR('',#10137,1000.);
#4828=VECTOR('',#10140,1000.);
#4829=VECTOR('',#10143,1000.);
#4830=VECTOR('',#10146,1000.);
#4831=VECTOR('',#10151,1000.);
#4832=VECTOR('',#10152,1000.);
#4833=VECTOR('',#10153,1000.);
#4834=VECTOR('',#10156,1000.);
#4835=VECTOR('',#10157,1000.);
#4836=VECTOR('',#10158,1000.);
#4837=VECTOR('',#10159,1000.);
#4838=VECTOR('',#10162,1000.);
#4839=VECTOR('',#10165,1000.);
#4840=VECTOR('',#10168,1000.);
#4841=VECTOR('',#10171,1000.);
#4842=VECTOR('',#10172,1000.);
#4843=VECTOR('',#10173,1000.);
#4844=VECTOR('',#10174,1000.);
#4845=VECTOR('',#10175,1000.);
#4846=VECTOR('',#10178,1000.);
#4847=VECTOR('',#10181,1000.);
#4848=VECTOR('',#10182,1000.);
#4849=VECTOR('',#10183,1000.);
#4850=VECTOR('',#10186,1000.);
#4851=VECTOR('',#10187,1000.);
#4852=VECTOR('',#10188,1000.);
#4853=VECTOR('',#10189,1000.);
#4854=VECTOR('',#10190,1000.);
#4855=VECTOR('',#10193,1000.);
#4856=VECTOR('',#10196,1000.);
#4857=VECTOR('',#10199,1000.);
#4858=VECTOR('',#10204,1000.);
#4859=VECTOR('',#10205,1000.);
#4860=VECTOR('',#10208,1000.);
#4861=VECTOR('',#10209,1000.);
#4862=VECTOR('',#10210,1000.);
#4863=VECTOR('',#10211,1000.);
#4864=VECTOR('',#10212,1000.);
#4865=VECTOR('',#10215,1000.);
#4866=VECTOR('',#10216,1000.);
#4867=VECTOR('',#10217,1000.);
#4868=VECTOR('',#10218,1000.);
#4869=VECTOR('',#10219,1000.);
#4870=VECTOR('',#10220,1000.);
#4871=VECTOR('',#10223,1000.);
#4872=VECTOR('',#10226,1000.);
#4873=VECTOR('',#10233,1000.);
#4874=VECTOR('',#10238,1000.);
#4875=VECTOR('',#10239,1000.);
#4876=VECTOR('',#10240,1000.);
#4877=VECTOR('',#10245,1000.);
#4878=VECTOR('',#10246,1000.);
#4879=VECTOR('',#10247,1000.);
#4880=VECTOR('',#10250,1000.);
#4881=VECTOR('',#10251,1000.);
#4882=VECTOR('',#10252,1000.);
#4883=VECTOR('',#10255,1000.);
#4884=VECTOR('',#10260,1000.);
#4885=VECTOR('',#10279,1000.);
#4886=VECTOR('',#10288,1000.);
#4887=VECTOR('',#10293,1000.);
#4888=VECTOR('',#10296,1000.);
#4889=VECTOR('',#10299,1000.);
#4890=VECTOR('',#10302,1000.);
#4891=VECTOR('',#10307,1000.);
#4892=VECTOR('',#10308,1000.);
#4893=VECTOR('',#10309,1000.);
#4894=VECTOR('',#10314,1000.);
#4895=VECTOR('',#10317,1000.);
#4896=VECTOR('',#10320,1000.);
#4897=VECTOR('',#10323,1000.);
#4898=VECTOR('',#10328,1000.);
#4899=VECTOR('',#10329,1000.);
#4900=VECTOR('',#10330,1000.);
#4901=VECTOR('',#10349,1000.);
#4902=VECTOR('',#10350,1000.);
#4903=VECTOR('',#10355,1000.);
#4904=VECTOR('',#10356,1000.);
#4905=VECTOR('',#10373,1000.);
#4906=VECTOR('',#10376,1000.);
#4907=VECTOR('',#10377,1000.);
#4908=VECTOR('',#10380,1000.);
#4909=VECTOR('',#10381,1000.);
#4910=VECTOR('',#10384,1000.);
#4911=VECTOR('',#10387,1000.);
#4912=VECTOR('',#10390,1000.);
#4913=VECTOR('',#10391,1000.);
#4914=VECTOR('',#10394,1000.);
#4915=VECTOR('',#10395,1000.);
#4916=VECTOR('',#10398,1000.);
#4917=VECTOR('',#10487,1000.);
#4918=VECTOR('',#10488,1000.);
#4919=VECTOR('',#10489,1000.);
#4920=VECTOR('',#10490,1000.);
#4921=VECTOR('',#10491,1000.);
#4922=VECTOR('',#10494,1000.);
#4923=VECTOR('',#10497,1000.);
#4924=VECTOR('',#10500,1000.);
#4925=VECTOR('',#10503,1000.);
#4926=VECTOR('',#10510,1000.);
#4927=VECTOR('',#10511,1000.);
#4928=VECTOR('',#10512,1000.);
#4929=VECTOR('',#10515,1000.);
#4930=VECTOR('',#10520,1000.);
#4931=VECTOR('',#10527,1000.);
#4932=VECTOR('',#10528,1000.);
#4933=VECTOR('',#10529,1000.);
#4934=VECTOR('',#10530,1000.);
#4935=VECTOR('',#10533,1000.);
#4936=VECTOR('',#10534,1000.);
#4937=VECTOR('',#10539,1000.);
#4938=VECTOR('',#10540,1000.);
#4939=VECTOR('',#10543,1000.);
#4940=VECTOR('',#10546,1000.);
#4941=VECTOR('',#10547,1000.);
#4942=VECTOR('',#10548,1000.);
#4943=VECTOR('',#10551,1000.);
#4944=VECTOR('',#10552,1000.);
#4945=VECTOR('',#10555,1000.);
#4946=VECTOR('',#10556,1000.);
#4947=VECTOR('',#10557,1000.);
#4948=VECTOR('',#10562,1000.);
#4949=VECTOR('',#10565,1000.);
#4950=VECTOR('',#10568,1000.);
#4951=VECTOR('',#10571,1000.);
#4952=VECTOR('',#10576,1000.);
#4953=VECTOR('',#10581,1000.);
#4954=VECTOR('',#10582,1000.);
#4955=VECTOR('',#10585,1000.);
#4956=VECTOR('',#10596,1000.);
#4957=VECTOR('',#10597,1000.);
#4958=VECTOR('',#10602,1000.);
#4959=VECTOR('',#10603,1000.);
#4960=VECTOR('',#10608,1000.);
#4961=VECTOR('',#10609,1000.);
#4962=VECTOR('',#10612,1000.);
#4963=VECTOR('',#10613,1000.);
#4964=VECTOR('',#10616,1000.);
#4965=VECTOR('',#10617,1000.);
#4966=VECTOR('',#10620,1000.);
#4967=VECTOR('',#10621,1000.);
#4968=VECTOR('',#10650,1000.);
#4969=VECTOR('',#10653,1000.);
#4970=VECTOR('',#10658,1000.);
#4971=VECTOR('',#10661,1000.);
#4972=VECTOR('',#10674,1000.);
#4973=VECTOR('',#10677,1000.);
#4974=VECTOR('',#10680,1000.);
#4975=VECTOR('',#10683,1000.);
#4976=VECTOR('',#10686,1000.);
#4977=VECTOR('',#10689,1000.);
#4978=VECTOR('',#10694,1000.);
#4979=VECTOR('',#10697,1000.);
#4980=VECTOR('',#10700,1000.);
#4981=VECTOR('',#10703,1000.);
#4982=VECTOR('',#10708,1000.);
#4983=VECTOR('',#10709,1000.);
#4984=VECTOR('',#10710,1000.);
#4985=VECTOR('',#10715,1000.);
#4986=VECTOR('',#10718,1000.);
#4987=VECTOR('',#10719,1000.);
#4988=VECTOR('',#10724,1000.);
#4989=VECTOR('',#10727,1000.);
#4990=VECTOR('',#10728,1000.);
#4991=VECTOR('',#10733,1000.);
#4992=VECTOR('',#10736,1000.);
#4993=VECTOR('',#10737,1000.);
#4994=VECTOR('',#10750,1000.);
#4995=VECTOR('',#10753,1000.);
#4996=VECTOR('',#10758,1000.);
#4997=VECTOR('',#10759,1000.);
#4998=VECTOR('',#10762,1000.);
#4999=VECTOR('',#10767,1000.);
#5000=VECTOR('',#10768,1000.);
#5001=VECTOR('',#10775,1000.);
#5002=VECTOR('',#10778,1000.);
#5003=VECTOR('',#10783,1000.);
#5004=VECTOR('',#10786,1000.);
#5005=VECTOR('',#10791,1000.);
#5006=VECTOR('',#10792,1000.);
#5007=VECTOR('',#10793,1000.);
#5008=VECTOR('',#10794,1000.);
#5009=VECTOR('',#10799,1000.);
#5010=VECTOR('',#10804,1000.);
#5011=VECTOR('',#10805,1000.);
#5012=VECTOR('',#10808,1000.);
#5013=VECTOR('',#10809,1000.);
#5014=VECTOR('',#10810,1000.);
#5015=VECTOR('',#10815,1000.);
#5016=VECTOR('',#10820,1000.);
#5017=VECTOR('',#10821,1000.);
#5018=VECTOR('',#10822,1000.);
#5019=VECTOR('',#10825,1000.);
#5020=VECTOR('',#10826,1000.);
#5021=VECTOR('',#10853,1000.);
#5022=VECTOR('',#10854,1000.);
#5023=VECTOR('',#10855,1000.);
#5024=VECTOR('',#10856,1000.);
#5025=VECTOR('',#10857,1000.);
#5026=VECTOR('',#10858,1000.);
#5027=VECTOR('',#10861,1000.);
#5028=VECTOR('',#10864,1000.);
#5029=VECTOR('',#10867,1000.);
#5030=VECTOR('',#10870,1000.);
#5031=VECTOR('',#10871,1000.);
#5032=VECTOR('',#10872,1000.);
#5033=VECTOR('',#10873,1000.);
#5034=VECTOR('',#10874,1000.);
#5035=VECTOR('',#10875,1000.);
#5036=VECTOR('',#10880,1000.);
#5037=VECTOR('',#10887,1000.);
#5038=VECTOR('',#10888,1000.);
#5039=VECTOR('',#10889,1000.);
#5040=VECTOR('',#10892,1000.);
#5041=VECTOR('',#10893,1000.);
#5042=VECTOR('',#10894,1000.);
#5043=VECTOR('',#10897,1000.);
#5044=VECTOR('',#10898,1000.);
#5045=VECTOR('',#10899,1000.);
#5046=VECTOR('',#10904,1000.);
#5047=VECTOR('',#10909,1000.);
#5048=VECTOR('',#10912,1000.);
#5049=VECTOR('',#10919,1000.);
#5050=VECTOR('',#10940,1000.);
#5051=VECTOR('',#10943,1000.);
#5052=VECTOR('',#10946,1000.);
#5053=VECTOR('',#10949,1000.);
#5054=VECTOR('',#10952,1000.);
#5055=VECTOR('',#10955,1000.);
#5056=VECTOR('',#10958,1000.);
#5057=VECTOR('',#10959,1000.);
#5058=VECTOR('',#10960,1000.);
#5059=VECTOR('',#10961,1000.);
#5060=VECTOR('',#10962,1000.);
#5061=VECTOR('',#10965,1000.);
#5062=VECTOR('',#10966,1000.);
#5063=VECTOR('',#10967,1000.);
#5064=VECTOR('',#10968,1000.);
#5065=VECTOR('',#10969,1000.);
#5066=VECTOR('',#10972,1000.);
#5067=VECTOR('',#10973,1000.);
#5068=VECTOR('',#10974,1000.);
#5069=VECTOR('',#10979,1000.);
#5070=VECTOR('',#10980,1000.);
#5071=EDGE_LOOP('',(#489,#490,#491,#492));
#5072=EDGE_LOOP('',(#493,#494,#495,#496,#497));
#5073=EDGE_LOOP('',(#498,#499,#500,#501));
#5074=EDGE_LOOP('',(#502));
#5075=EDGE_LOOP('',(#503));
#5076=EDGE_LOOP('',(#504));
#5077=EDGE_LOOP('',(#505,#506,#507,#508,#509,#510,#511,#512,#513,#514,#515,
#516,#517,#518,#519,#520,#521,#522,#523,#524,#525,#526,#527,#528,#529,#530,
#531,#532,#533,#534,#535,#536,#537,#538,#539,#540,#541,#542,#543,#544,#545,
#546,#547,#548,#549,#550,#551,#552,#553,#554,#555,#556,#557,#558,#559,#560,
#561,#562,#563,#564,#565,#566,#567,#568,#569,#570));
#5078=EDGE_LOOP('',(#571,#572,#573,#574,#575,#576,#577,#578,#579,#580,#581,
#582,#583,#584,#585,#586));
#5079=EDGE_LOOP('',(#587,#588,#589,#590));
#5080=EDGE_LOOP('',(#591,#592,#593,#594));
#5081=EDGE_LOOP('',(#595,#596,#597,#598));
#5082=EDGE_LOOP('',(#599,#600,#601,#602));
#5083=EDGE_LOOP('',(#603,#604,#605,#606,#607));
#5084=EDGE_LOOP('',(#608,#609,#610,#611));
#5085=EDGE_LOOP('',(#612,#613,#614,#615));
#5086=EDGE_LOOP('',(#616,#617,#618,#619));
#5087=EDGE_LOOP('',(#620,#621,#622,#623));
#5088=EDGE_LOOP('',(#624,#625,#626,#627));
#5089=EDGE_LOOP('',(#628,#629,#630,#631));
#5090=EDGE_LOOP('',(#632,#633,#634,#635));
#5091=EDGE_LOOP('',(#636,#637,#638,#639,#640,#641,#642,#643));
#5092=EDGE_LOOP('',(#644,#645,#646,#647,#648,#649,#650,#651));
#5093=EDGE_LOOP('',(#652,#653,#654,#655));
#5094=EDGE_LOOP('',(#656,#657,#658,#659));
#5095=EDGE_LOOP('',(#660,#661,#662,#663));
#5096=EDGE_LOOP('',(#664,#665,#666,#667));
#5097=EDGE_LOOP('',(#668,#669,#670,#671));
#5098=EDGE_LOOP('',(#672,#673,#674,#675));
#5099=EDGE_LOOP('',(#676,#677,#678,#679));
#5100=EDGE_LOOP('',(#680,#681,#682,#683,#684,#685,#686,#687));
#5101=EDGE_LOOP('',(#688,#689,#690,#691,#692,#693,#694,#695));
#5102=EDGE_LOOP('',(#696,#697,#698,#699));
#5103=EDGE_LOOP('',(#700,#701,#702,#703));
#5104=EDGE_LOOP('',(#704,#705,#706,#707));
#5105=EDGE_LOOP('',(#708,#709,#710,#711));
#5106=EDGE_LOOP('',(#712,#713,#714,#715));
#5107=EDGE_LOOP('',(#716,#717,#718,#719));
#5108=EDGE_LOOP('',(#720,#721,#722,#723));
#5109=EDGE_LOOP('',(#724,#725,#726,#727,#728,#729,#730,#731));
#5110=EDGE_LOOP('',(#732,#733,#734,#735,#736,#737,#738,#739));
#5111=EDGE_LOOP('',(#740,#741,#742,#743));
#5112=EDGE_LOOP('',(#744,#745,#746,#747));
#5113=EDGE_LOOP('',(#748,#749,#750,#751));
#5114=EDGE_LOOP('',(#752,#753,#754,#755));
#5115=EDGE_LOOP('',(#756,#757,#758,#759));
#5116=EDGE_LOOP('',(#760,#761,#762,#763));
#5117=EDGE_LOOP('',(#764,#765,#766,#767));
#5118=EDGE_LOOP('',(#768,#769,#770,#771,#772,#773,#774,#775));
#5119=EDGE_LOOP('',(#776,#777,#778,#779,#780,#781,#782,#783));
#5120=EDGE_LOOP('',(#784,#785,#786,#787));
#5121=EDGE_LOOP('',(#788,#789,#790,#791));
#5122=EDGE_LOOP('',(#792,#793,#794,#795));
#5123=EDGE_LOOP('',(#796,#797,#798,#799));
#5124=EDGE_LOOP('',(#800,#801,#802,#803));
#5125=EDGE_LOOP('',(#804,#805,#806,#807));
#5126=EDGE_LOOP('',(#808,#809,#810,#811));
#5127=EDGE_LOOP('',(#812,#813,#814,#815,#816,#817,#818,#819,#820,#821,#822,
#823,#824,#825,#826,#827,#828,#829,#830,#831,#832,#833,#834,#835,#836,#837,
#838,#839,#840,#841,#842,#843,#844,#845,#846,#847,#848,#849,#850,#851,#852,
#853,#854,#855,#856,#857,#858,#859,#860,#861,#862,#863,#864,#865,#866,#867,
#868,#869,#870,#871,#872,#873));
#5128=EDGE_LOOP('',(#874,#875,#876,#877,#878,#879));
#5129=EDGE_LOOP('',(#880,#881,#882,#883,#884));
#5130=EDGE_LOOP('',(#885,#886,#887,#888));
#5131=EDGE_LOOP('',(#889,#890,#891,#892,#893,#894,#895,#896,#897,#898,#899,
#900,#901,#902,#903,#904,#905,#906,#907,#908,#909,#910,#911,#912,#913,#914,
#915,#916,#917,#918,#919,#920,#921,#922,#923,#924,#925,#926,#927,#928,#929,
#930,#931,#932,#933,#934,#935,#936,#937,#938,#939,#940));
#5132=EDGE_LOOP('',(#941));
#5133=EDGE_LOOP('',(#942));
#5134=EDGE_LOOP('',(#943,#944,#945,#946));
#5135=EDGE_LOOP('',(#947,#948,#949,#950,#951,#952,#953,#954));
#5136=EDGE_LOOP('',(#955,#956,#957,#958,#959));
#5137=EDGE_LOOP('',(#960,#961,#962,#963,#964,#965,#966,#967));
#5138=EDGE_LOOP('',(#968,#969,#970,#971,#972,#973,#974,#975));
#5139=EDGE_LOOP('',(#976,#977,#978,#979,#980));
#5140=EDGE_LOOP('',(#981,#982,#983,#984,#985));
#5141=EDGE_LOOP('',(#986,#987,#988,#989,#990,#991,#992,#993,#994));
#5142=EDGE_LOOP('',(#995,#996,#997,#998));
#5143=EDGE_LOOP('',(#999,#1000,#1001,#1002,#1003,#1004,#1005,#1006));
#5144=EDGE_LOOP('',(#1007,#1008,#1009,#1010,#1011));
#5145=EDGE_LOOP('',(#1012,#1013,#1014,#1015,#1016));
#5146=EDGE_LOOP('',(#1017,#1018,#1019,#1020));
#5147=EDGE_LOOP('',(#1021,#1022,#1023,#1024,#1025,#1026,#1027,#1028));
#5148=EDGE_LOOP('',(#1029,#1030,#1031,#1032));
#5149=EDGE_LOOP('',(#1033,#1034,#1035,#1036,#1037));
#5150=EDGE_LOOP('',(#1038));
#5151=EDGE_LOOP('',(#1039,#1040,#1041,#1042));
#5152=EDGE_LOOP('',(#1043));
#5153=EDGE_LOOP('',(#1044,#1045,#1046,#1047));
#5154=EDGE_LOOP('',(#1048,#1049,#1050,#1051));
#5155=EDGE_LOOP('',(#1052,#1053,#1054,#1055,#1056,#1057,#1058,#1059));
#5156=EDGE_LOOP('',(#1060,#1061,#1062,#1063));
#5157=EDGE_LOOP('',(#1064,#1065,#1066,#1067));
#5158=EDGE_LOOP('',(#1068,#1069,#1070,#1071));
#5159=EDGE_LOOP('',(#1072,#1073,#1074,#1075,#1076,#1077));
#5160=EDGE_LOOP('',(#1078,#1079,#1080,#1081));
#5161=EDGE_LOOP('',(#1082,#1083,#1084,#1085));
#5162=EDGE_LOOP('',(#1086,#1087,#1088,#1089,#1090));
#5163=EDGE_LOOP('',(#1091,#1092,#1093,#1094));
#5164=EDGE_LOOP('',(#1095,#1096,#1097,#1098));
#5165=EDGE_LOOP('',(#1099,#1100,#1101,#1102));
#5166=EDGE_LOOP('',(#1103,#1104,#1105,#1106,#1107));
#5167=EDGE_LOOP('',(#1108,#1109,#1110,#1111));
#5168=EDGE_LOOP('',(#1112,#1113,#1114,#1115));
#5169=EDGE_LOOP('',(#1116,#1117,#1118,#1119));
#5170=EDGE_LOOP('',(#1120,#1121,#1122,#1123));
#5171=EDGE_LOOP('',(#1124,#1125,#1126,#1127));
#5172=EDGE_LOOP('',(#1128,#1129,#1130,#1131,#1132,#1133,#1134,#1135,#1136,
#1137));
#5173=EDGE_LOOP('',(#1138,#1139,#1140,#1141,#1142,#1143,#1144,#1145,#1146,
#1147));
#5174=EDGE_LOOP('',(#1148,#1149,#1150,#1151));
#5175=EDGE_LOOP('',(#1152,#1153,#1154,#1155));
#5176=EDGE_LOOP('',(#1156,#1157,#1158,#1159));
#5177=EDGE_LOOP('',(#1160,#1161,#1162,#1163));
#5178=EDGE_LOOP('',(#1164,#1165,#1166,#1167));
#5179=EDGE_LOOP('',(#1168,#1169,#1170,#1171));
#5180=EDGE_LOOP('',(#1172,#1173,#1174,#1175));
#5181=EDGE_LOOP('',(#1176,#1177,#1178,#1179));
#5182=EDGE_LOOP('',(#1180,#1181,#1182,#1183));
#5183=EDGE_LOOP('',(#1184,#1185,#1186,#1187,#1188));
#5184=EDGE_LOOP('',(#1189,#1190,#1191,#1192));
#5185=EDGE_LOOP('',(#1193,#1194,#1195,#1196));
#5186=EDGE_LOOP('',(#1197,#1198,#1199,#1200));
#5187=EDGE_LOOP('',(#1201,#1202,#1203,#1204));
#5188=EDGE_LOOP('',(#1205,#1206,#1207,#1208));
#5189=EDGE_LOOP('',(#1209,#1210,#1211,#1212,#1213,#1214,#1215,#1216,#1217,
#1218));
#5190=EDGE_LOOP('',(#1219,#1220,#1221,#1222));
#5191=EDGE_LOOP('',(#1223,#1224,#1225,#1226,#1227,#1228,#1229,#1230,#1231,
#1232));
#5192=EDGE_LOOP('',(#1233,#1234,#1235,#1236));
#5193=EDGE_LOOP('',(#1237,#1238,#1239,#1240));
#5194=EDGE_LOOP('',(#1241,#1242,#1243,#1244));
#5195=EDGE_LOOP('',(#1245,#1246,#1247,#1248));
#5196=EDGE_LOOP('',(#1249,#1250,#1251,#1252,#1253,#1254));
#5197=EDGE_LOOP('',(#1255,#1256,#1257,#1258,#1259,#1260,#1261));
#5198=EDGE_LOOP('',(#1262,#1263,#1264,#1265));
#5199=EDGE_LOOP('',(#1266,#1267,#1268,#1269));
#5200=EDGE_LOOP('',(#1270,#1271,#1272,#1273));
#5201=EDGE_LOOP('',(#1274,#1275,#1276,#1277,#1278,#1279,#1280,#1281,#1282,
#1283));
#5202=EDGE_LOOP('',(#1284,#1285,#1286,#1287));
#5203=EDGE_LOOP('',(#1288,#1289,#1290,#1291,#1292,#1293,#1294,#1295,#1296,
#1297));
#5204=EDGE_LOOP('',(#1298,#1299,#1300,#1301));
#5205=EDGE_LOOP('',(#1302,#1303,#1304,#1305));
#5206=EDGE_LOOP('',(#1306,#1307,#1308,#1309));
#5207=EDGE_LOOP('',(#1310,#1311,#1312,#1313));
#5208=EDGE_LOOP('',(#1314,#1315,#1316,#1317,#1318,#1319,#1320,#1321,#1322,
#1323));
#5209=EDGE_LOOP('',(#1324,#1325,#1326,#1327,#1328,#1329,#1330,#1331,#1332,
#1333));
#5210=EDGE_LOOP('',(#1334,#1335,#1336,#1337));
#5211=EDGE_LOOP('',(#1338,#1339,#1340,#1341,#1342,#1343));
#5212=EDGE_LOOP('',(#1344,#1345,#1346,#1347));
#5213=EDGE_LOOP('',(#1348,#1349,#1350,#1351));
#5214=EDGE_LOOP('',(#1352,#1353,#1354,#1355));
#5215=EDGE_LOOP('',(#1356,#1357,#1358,#1359,#1360,#1361));
#5216=EDGE_LOOP('',(#1362));
#5217=EDGE_LOOP('',(#1363));
#5218=EDGE_LOOP('',(#1364));
#5219=EDGE_LOOP('',(#1365));
#5220=EDGE_LOOP('',(#1366,#1367,#1368,#1369));
#5221=EDGE_LOOP('',(#1370,#1371,#1372,#1373));
#5222=EDGE_LOOP('',(#1374,#1375,#1376,#1377));
#5223=EDGE_LOOP('',(#1378));
#5224=EDGE_LOOP('',(#1379,#1380,#1381,#1382,#1383,#1384,#1385,#1386));
#5225=EDGE_LOOP('',(#1387,#1388,#1389,#1390,#1391,#1392,#1393,#1394,#1395,
#1396,#1397,#1398,#1399,#1400,#1401,#1402));
#5226=EDGE_LOOP('',(#1403));
#5227=EDGE_LOOP('',(#1404));
#5228=EDGE_LOOP('',(#1405,#1406,#1407,#1408));
#5229=EDGE_LOOP('',(#1409,#1410,#1411,#1412,#1413,#1414,#1415,#1416,#1417,
#1418,#1419,#1420,#1421,#1422,#1423,#1424,#1425,#1426,#1427,#1428,#1429,
#1430,#1431,#1432));
#5230=EDGE_LOOP('',(#1433,#1434,#1435,#1436,#1437));
#5231=EDGE_LOOP('',(#1438,#1439,#1440,#1441,#1442));
#5232=EDGE_LOOP('',(#1443,#1444,#1445,#1446));
#5233=EDGE_LOOP('',(#1447,#1448,#1449,#1450));
#5234=EDGE_LOOP('',(#1451,#1452,#1453));
#5235=EDGE_LOOP('',(#1454,#1455,#1456,#1457));
#5236=EDGE_LOOP('',(#1458,#1459,#1460));
#5237=EDGE_LOOP('',(#1461,#1462,#1463,#1464));
#5238=EDGE_LOOP('',(#1465,#1466,#1467,#1468));
#5239=EDGE_LOOP('',(#1469,#1470,#1471,#1472));
#5240=EDGE_LOOP('',(#1473,#1474,#1475,#1476));
#5241=EDGE_LOOP('',(#1477,#1478,#1479,#1480));
#5242=EDGE_LOOP('',(#1481,#1482,#1483,#1484));
#5243=EDGE_LOOP('',(#1485,#1486,#1487,#1488));
#5244=EDGE_LOOP('',(#1489,#1490,#1491,#1492));
#5245=EDGE_LOOP('',(#1493,#1494,#1495,#1496));
#5246=EDGE_LOOP('',(#1497,#1498,#1499,#1500));
#5247=EDGE_LOOP('',(#1501,#1502,#1503,#1504));
#5248=EDGE_LOOP('',(#1505,#1506,#1507,#1508));
#5249=EDGE_LOOP('',(#1509,#1510,#1511,#1512));
#5250=EDGE_LOOP('',(#1513,#1514,#1515,#1516));
#5251=EDGE_LOOP('',(#1517,#1518,#1519,#1520));
#5252=EDGE_LOOP('',(#1521,#1522,#1523,#1524));
#5253=EDGE_LOOP('',(#1525,#1526,#1527,#1528));
#5254=EDGE_LOOP('',(#1529,#1530,#1531,#1532));
#5255=EDGE_LOOP('',(#1533,#1534,#1535,#1536));
#5256=EDGE_LOOP('',(#1537,#1538,#1539,#1540));
#5257=EDGE_LOOP('',(#1541,#1542,#1543,#1544));
#5258=EDGE_LOOP('',(#1545,#1546,#1547));
#5259=EDGE_LOOP('',(#1548,#1549,#1550,#1551));
#5260=EDGE_LOOP('',(#1552,#1553,#1554,#1555));
#5261=EDGE_LOOP('',(#1556,#1557,#1558,#1559));
#5262=EDGE_LOOP('',(#1560,#1561,#1562));
#5263=EDGE_LOOP('',(#1563,#1564,#1565,#1566));
#5264=EDGE_LOOP('',(#1567,#1568,#1569,#1570));
#5265=EDGE_LOOP('',(#1571,#1572,#1573,#1574));
#5266=EDGE_LOOP('',(#1575,#1576,#1577,#1578));
#5267=EDGE_LOOP('',(#1579,#1580,#1581,#1582));
#5268=EDGE_LOOP('',(#1583,#1584,#1585,#1586));
#5269=EDGE_LOOP('',(#1587,#1588,#1589,#1590));
#5270=EDGE_LOOP('',(#1591,#1592,#1593,#1594));
#5271=EDGE_LOOP('',(#1595,#1596,#1597,#1598));
#5272=EDGE_LOOP('',(#1599,#1600,#1601,#1602,#1603,#1604,#1605,#1606));
#5273=EDGE_LOOP('',(#1607,#1608,#1609,#1610,#1611,#1612,#1613,#1614,#1615,
#1616,#1617,#1618));
#5274=EDGE_LOOP('',(#1619,#1620,#1621,#1622));
#5275=EDGE_LOOP('',(#1623,#1624,#1625,#1626,#1627,#1628,#1629,#1630,#1631,
#1632,#1633,#1634));
#5276=EDGE_LOOP('',(#1635,#1636,#1637,#1638,#1639,#1640,#1641));
#5277=EDGE_LOOP('',(#1642,#1643,#1644,#1645));
#5278=EDGE_LOOP('',(#1646,#1647,#1648,#1649,#1650,#1651,#1652));
#5279=EDGE_LOOP('',(#1653,#1654,#1655,#1656,#1657,#1658,#1659));
#5280=EDGE_LOOP('',(#1660,#1661,#1662,#1663));
#5281=EDGE_LOOP('',(#1664,#1665,#1666,#1667,#1668,#1669,#1670));
#5282=EDGE_LOOP('',(#1671,#1672,#1673,#1674,#1675,#1676,#1677,#1678,#1679,
#1680,#1681,#1682));
#5283=EDGE_LOOP('',(#1683,#1684,#1685,#1686));
#5284=EDGE_LOOP('',(#1687,#1688,#1689,#1690));
#5285=EDGE_LOOP('',(#1691,#1692,#1693,#1694));
#5286=EDGE_LOOP('',(#1695,#1696,#1697,#1698));
#5287=EDGE_LOOP('',(#1699,#1700,#1701,#1702));
#5288=EDGE_LOOP('',(#1703,#1704,#1705,#1706));
#5289=EDGE_LOOP('',(#1707,#1708,#1709,#1710));
#5290=EDGE_LOOP('',(#1711,#1712,#1713,#1714));
#5291=EDGE_LOOP('',(#1715,#1716,#1717,#1718));
#5292=EDGE_LOOP('',(#1719,#1720,#1721,#1722));
#5293=EDGE_LOOP('',(#1723,#1724,#1725,#1726));
#5294=EDGE_LOOP('',(#1727,#1728,#1729,#1730));
#5295=EDGE_LOOP('',(#1731,#1732,#1733,#1734));
#5296=EDGE_LOOP('',(#1735,#1736,#1737,#1738));
#5297=EDGE_LOOP('',(#1739,#1740,#1741,#1742));
#5298=EDGE_LOOP('',(#1743,#1744,#1745,#1746));
#5299=EDGE_LOOP('',(#1747,#1748,#1749,#1750));
#5300=EDGE_LOOP('',(#1751,#1752,#1753,#1754));
#5301=EDGE_LOOP('',(#1755,#1756,#1757,#1758));
#5302=EDGE_LOOP('',(#1759,#1760,#1761,#1762));
#5303=EDGE_LOOP('',(#1763,#1764,#1765,#1766));
#5304=EDGE_LOOP('',(#1767,#1768,#1769,#1770));
#5305=EDGE_LOOP('',(#1771,#1772,#1773,#1774));
#5306=EDGE_LOOP('',(#1775,#1776,#1777,#1778));
#5307=EDGE_LOOP('',(#1779,#1780,#1781,#1782));
#5308=EDGE_LOOP('',(#1783));
#5309=EDGE_LOOP('',(#1784));
#5310=EDGE_LOOP('',(#1785));
#5311=EDGE_LOOP('',(#1786));
#5312=EDGE_LOOP('',(#1787,#1788,#1789,#1790));
#5313=EDGE_LOOP('',(#1791,#1792,#1793,#1794));
#5314=EDGE_LOOP('',(#1795,#1796,#1797,#1798));
#5315=EDGE_LOOP('',(#1799,#1800,#1801,#1802));
#5316=EDGE_LOOP('',(#1803,#1804,#1805,#1806));
#5317=EDGE_LOOP('',(#1807,#1808,#1809,#1810));
#5318=EDGE_LOOP('',(#1811,#1812,#1813,#1814));
#5319=EDGE_LOOP('',(#1815,#1816,#1817,#1818));
#5320=EDGE_LOOP('',(#1819,#1820,#1821,#1822));
#5321=EDGE_LOOP('',(#1823,#1824,#1825,#1826));
#5322=EDGE_LOOP('',(#1827,#1828,#1829,#1830));
#5323=EDGE_LOOP('',(#1831,#1832,#1833,#1834));
#5324=EDGE_LOOP('',(#1835,#1836,#1837,#1838));
#5325=EDGE_LOOP('',(#1839,#1840,#1841,#1842));
#5326=EDGE_LOOP('',(#1843,#1844,#1845,#1846));
#5327=EDGE_LOOP('',(#1847,#1848,#1849,#1850));
#5328=EDGE_LOOP('',(#1851,#1852,#1853,#1854));
#5329=EDGE_LOOP('',(#1855,#1856,#1857,#1858));
#5330=EDGE_LOOP('',(#1859,#1860,#1861,#1862));
#5331=EDGE_LOOP('',(#1863,#1864,#1865,#1866));
#5332=EDGE_LOOP('',(#1867,#1868,#1869,#1870));
#5333=EDGE_LOOP('',(#1871,#1872,#1873,#1874));
#5334=EDGE_LOOP('',(#1875,#1876,#1877,#1878));
#5335=EDGE_LOOP('',(#1879,#1880,#1881,#1882));
#5336=EDGE_LOOP('',(#1883,#1884,#1885,#1886));
#5337=EDGE_LOOP('',(#1887,#1888,#1889,#1890));
#5338=EDGE_LOOP('',(#1891,#1892,#1893,#1894));
#5339=EDGE_LOOP('',(#1895,#1896,#1897,#1898));
#5340=EDGE_LOOP('',(#1899,#1900,#1901,#1902));
#5341=EDGE_LOOP('',(#1903,#1904,#1905,#1906));
#5342=EDGE_LOOP('',(#1907,#1908,#1909,#1910,#1911,#1912,#1913,#1914));
#5343=EDGE_LOOP('',(#1915,#1916,#1917,#1918,#1919,#1920));
#5344=EDGE_LOOP('',(#1921,#1922,#1923,#1924,#1925,#1926));
#5345=EDGE_LOOP('',(#1927,#1928,#1929,#1930));
#5346=EDGE_LOOP('',(#1931,#1932,#1933,#1934,#1935,#1936));
#5347=EDGE_LOOP('',(#1937,#1938,#1939,#1940));
#5348=EDGE_LOOP('',(#1941,#1942,#1943,#1944));
#5349=EDGE_LOOP('',(#1945,#1946,#1947,#1948));
#5350=EDGE_LOOP('',(#1949,#1950,#1951,#1952));
#5351=EDGE_LOOP('',(#1953,#1954,#1955,#1956));
#5352=EDGE_LOOP('',(#1957,#1958,#1959,#1960));
#5353=EDGE_LOOP('',(#1961,#1962,#1963,#1964));
#5354=EDGE_LOOP('',(#1965,#1966,#1967,#1968));
#5355=EDGE_LOOP('',(#1969,#1970,#1971,#1972));
#5356=EDGE_LOOP('',(#1973,#1974,#1975,#1976));
#5357=EDGE_LOOP('',(#1977,#1978,#1979,#1980));
#5358=EDGE_LOOP('',(#1981,#1982,#1983,#1984));
#5359=EDGE_LOOP('',(#1985,#1986,#1987,#1988));
#5360=EDGE_LOOP('',(#1989,#1990,#1991,#1992));
#5361=EDGE_LOOP('',(#1993,#1994,#1995,#1996));
#5362=EDGE_LOOP('',(#1997,#1998,#1999,#2000));
#5363=EDGE_LOOP('',(#2001,#2002,#2003,#2004));
#5364=EDGE_LOOP('',(#2005,#2006,#2007,#2008));
#5365=EDGE_LOOP('',(#2009,#2010,#2011,#2012));
#5366=EDGE_LOOP('',(#2013,#2014,#2015,#2016));
#5367=EDGE_LOOP('',(#2017,#2018,#2019,#2020,#2021,#2022,#2023,#2024));
#5368=EDGE_LOOP('',(#2025,#2026,#2027,#2028,#2029,#2030,#2031,#2032));
#5369=EDGE_LOOP('',(#2033));
#5370=EDGE_LOOP('',(#2034));
#5371=EDGE_LOOP('',(#2035));
#5372=EDGE_LOOP('',(#2036));
#5373=EDGE_LOOP('',(#2037));
#5374=EDGE_LOOP('',(#2038));
#5375=EDGE_LOOP('',(#2039));
#5376=EDGE_LOOP('',(#2040));
#5377=EDGE_LOOP('',(#2041));
#5378=EDGE_LOOP('',(#2042));
#5379=EDGE_LOOP('',(#2043,#2044,#2045,#2046,#2047,#2048,#2049,#2050,#2051,
#2052,#2053,#2054,#2055,#2056,#2057,#2058,#2059,#2060,#2061,#2062,#2063,
#2064,#2065,#2066));
#5380=EDGE_LOOP('',(#2067,#2068,#2069,#2070));
#5381=EDGE_LOOP('',(#2071,#2072,#2073,#2074));
#5382=EDGE_LOOP('',(#2075,#2076,#2077,#2078));
#5383=EDGE_LOOP('',(#2079,#2080,#2081,#2082,#2083,#2084,#2085));
#5384=EDGE_LOOP('',(#2086,#2087,#2088,#2089));
#5385=EDGE_LOOP('',(#2090,#2091,#2092,#2093,#2094,#2095,#2096));
#5386=EDGE_LOOP('',(#2097,#2098,#2099,#2100));
#5387=EDGE_LOOP('',(#2101,#2102,#2103,#2104));
#5388=EDGE_LOOP('',(#2105,#2106,#2107,#2108));
#5389=EDGE_LOOP('',(#2109,#2110,#2111,#2112));
#5390=EDGE_LOOP('',(#2113,#2114,#2115,#2116));
#5391=EDGE_LOOP('',(#2117,#2118,#2119,#2120));
#5392=EDGE_LOOP('',(#2121,#2122,#2123,#2124));
#5393=EDGE_LOOP('',(#2125,#2126,#2127,#2128));
#5394=EDGE_LOOP('',(#2129,#2130,#2131,#2132));
#5395=EDGE_LOOP('',(#2133,#2134,#2135,#2136));
#5396=EDGE_LOOP('',(#2137,#2138,#2139,#2140,#2141,#2142,#2143,#2144,#2145,
#2146,#2147,#2148,#2149,#2150));
#5397=EDGE_LOOP('',(#2151,#2152,#2153,#2154,#2155,#2156,#2157,#2158,#2159,
#2160,#2161,#2162));
#5398=EDGE_LOOP('',(#2163,#2164,#2165,#2166,#2167,#2168,#2169,#2170));
#5399=EDGE_LOOP('',(#2171,#2172,#2173,#2174,#2175,#2176,#2177,#2178));
#5400=EDGE_LOOP('',(#2179,#2180,#2181,#2182));
#5401=EDGE_LOOP('',(#2183,#2184,#2185,#2186));
#5402=EDGE_LOOP('',(#2187,#2188,#2189,#2190,#2191,#2192,#2193,#2194));
#5403=EDGE_LOOP('',(#2195,#2196,#2197,#2198));
#5404=EDGE_LOOP('',(#2199,#2200,#2201,#2202));
#5405=EDGE_LOOP('',(#2203,#2204,#2205,#2206));
#5406=EDGE_LOOP('',(#2207,#2208,#2209,#2210));
#5407=EDGE_LOOP('',(#2211,#2212,#2213,#2214));
#5408=EDGE_LOOP('',(#2215,#2216,#2217,#2218));
#5409=EDGE_LOOP('',(#2219,#2220,#2221,#2222));
#5410=EDGE_LOOP('',(#2223,#2224,#2225,#2226));
#5411=EDGE_LOOP('',(#2227,#2228,#2229,#2230));
#5412=EDGE_LOOP('',(#2231,#2232,#2233,#2234));
#5413=EDGE_LOOP('',(#2235,#2236,#2237,#2238));
#5414=EDGE_LOOP('',(#2239,#2240,#2241));
#5415=EDGE_LOOP('',(#2242,#2243,#2244,#2245));
#5416=EDGE_LOOP('',(#2246,#2247,#2248));
#5417=EDGE_LOOP('',(#2249,#2250,#2251,#2252));
#5418=EDGE_LOOP('',(#2253,#2254,#2255,#2256));
#5419=EDGE_LOOP('',(#2257,#2258,#2259,#2260));
#5420=EDGE_LOOP('',(#2261,#2262,#2263,#2264));
#5421=EDGE_LOOP('',(#2265,#2266,#2267,#2268));
#5422=EDGE_LOOP('',(#2269,#2270,#2271,#2272));
#5423=EDGE_LOOP('',(#2273,#2274,#2275,#2276));
#5424=EDGE_LOOP('',(#2277,#2278,#2279,#2280));
#5425=EDGE_LOOP('',(#2281,#2282,#2283,#2284));
#5426=EDGE_LOOP('',(#2285,#2286,#2287));
#5427=EDGE_LOOP('',(#2288,#2289,#2290,#2291));
#5428=EDGE_LOOP('',(#2292,#2293,#2294));
#5429=EDGE_LOOP('',(#2295,#2296,#2297,#2298));
#5430=EDGE_LOOP('',(#2299,#2300,#2301,#2302));
#5431=EDGE_LOOP('',(#2303,#2304,#2305,#2306));
#5432=EDGE_LOOP('',(#2307,#2308,#2309,#2310));
#5433=EDGE_LOOP('',(#2311,#2312,#2313,#2314));
#5434=EDGE_LOOP('',(#2315,#2316,#2317,#2318));
#5435=EDGE_LOOP('',(#2319,#2320,#2321,#2322));
#5436=EDGE_LOOP('',(#2323,#2324,#2325,#2326));
#5437=EDGE_LOOP('',(#2327,#2328,#2329,#2330));
#5438=EDGE_LOOP('',(#2331,#2332,#2333,#2334));
#5439=EDGE_LOOP('',(#2335));
#5440=EDGE_LOOP('',(#2336));
#5441=FACE_BOUND('',#5071,.T.);
#5442=FACE_BOUND('',#5072,.T.);
#5443=FACE_BOUND('',#5073,.T.);
#5444=FACE_BOUND('',#5074,.T.);
#5445=FACE_BOUND('',#5075,.T.);
#5446=FACE_BOUND('',#5076,.T.);
#5447=FACE_BOUND('',#5077,.T.);
#5448=FACE_BOUND('',#5078,.T.);
#5449=FACE_BOUND('',#5079,.T.);
#5450=FACE_BOUND('',#5080,.T.);
#5451=FACE_BOUND('',#5081,.T.);
#5452=FACE_BOUND('',#5082,.T.);
#5453=FACE_BOUND('',#5083,.T.);
#5454=FACE_BOUND('',#5084,.T.);
#5455=FACE_BOUND('',#5085,.T.);
#5456=FACE_BOUND('',#5086,.T.);
#5457=FACE_BOUND('',#5087,.T.);
#5458=FACE_BOUND('',#5088,.T.);
#5459=FACE_BOUND('',#5089,.T.);
#5460=FACE_BOUND('',#5090,.T.);
#5461=FACE_BOUND('',#5091,.T.);
#5462=FACE_BOUND('',#5092,.T.);
#5463=FACE_BOUND('',#5093,.T.);
#5464=FACE_BOUND('',#5094,.T.);
#5465=FACE_BOUND('',#5095,.T.);
#5466=FACE_BOUND('',#5096,.T.);
#5467=FACE_BOUND('',#5097,.T.);
#5468=FACE_BOUND('',#5098,.T.);
#5469=FACE_BOUND('',#5099,.T.);
#5470=FACE_BOUND('',#5100,.T.);
#5471=FACE_BOUND('',#5101,.T.);
#5472=FACE_BOUND('',#5102,.T.);
#5473=FACE_BOUND('',#5103,.T.);
#5474=FACE_BOUND('',#5104,.T.);
#5475=FACE_BOUND('',#5105,.T.);
#5476=FACE_BOUND('',#5106,.T.);
#5477=FACE_BOUND('',#5107,.T.);
#5478=FACE_BOUND('',#5108,.T.);
#5479=FACE_BOUND('',#5109,.T.);
#5480=FACE_BOUND('',#5110,.T.);
#5481=FACE_BOUND('',#5111,.T.);
#5482=FACE_BOUND('',#5112,.T.);
#5483=FACE_BOUND('',#5113,.T.);
#5484=FACE_BOUND('',#5114,.T.);
#5485=FACE_BOUND('',#5115,.T.);
#5486=FACE_BOUND('',#5116,.T.);
#5487=FACE_BOUND('',#5117,.T.);
#5488=FACE_BOUND('',#5118,.T.);
#5489=FACE_BOUND('',#5119,.T.);
#5490=FACE_BOUND('',#5120,.T.);
#5491=FACE_BOUND('',#5121,.T.);
#5492=FACE_BOUND('',#5122,.T.);
#5493=FACE_BOUND('',#5123,.T.);
#5494=FACE_BOUND('',#5124,.T.);
#5495=FACE_BOUND('',#5125,.T.);
#5496=FACE_BOUND('',#5126,.T.);
#5497=FACE_BOUND('',#5127,.T.);
#5498=FACE_BOUND('',#5128,.T.);
#5499=FACE_BOUND('',#5129,.T.);
#5500=FACE_BOUND('',#5130,.T.);
#5501=FACE_BOUND('',#5131,.T.);
#5502=FACE_BOUND('',#5132,.T.);
#5503=FACE_BOUND('',#5133,.T.);
#5504=FACE_BOUND('',#5134,.T.);
#5505=FACE_BOUND('',#5135,.T.);
#5506=FACE_BOUND('',#5136,.T.);
#5507=FACE_BOUND('',#5137,.T.);
#5508=FACE_BOUND('',#5138,.T.);
#5509=FACE_BOUND('',#5139,.T.);
#5510=FACE_BOUND('',#5140,.T.);
#5511=FACE_BOUND('',#5141,.T.);
#5512=FACE_BOUND('',#5142,.T.);
#5513=FACE_BOUND('',#5143,.T.);
#5514=FACE_BOUND('',#5144,.T.);
#5515=FACE_BOUND('',#5145,.T.);
#5516=FACE_BOUND('',#5146,.T.);
#5517=FACE_BOUND('',#5147,.T.);
#5518=FACE_BOUND('',#5148,.T.);
#5519=FACE_BOUND('',#5149,.T.);
#5520=FACE_BOUND('',#5150,.T.);
#5521=FACE_BOUND('',#5151,.T.);
#5522=FACE_BOUND('',#5152,.T.);
#5523=FACE_BOUND('',#5153,.T.);
#5524=FACE_BOUND('',#5154,.T.);
#5525=FACE_BOUND('',#5155,.T.);
#5526=FACE_BOUND('',#5156,.T.);
#5527=FACE_BOUND('',#5157,.T.);
#5528=FACE_BOUND('',#5158,.T.);
#5529=FACE_BOUND('',#5159,.T.);
#5530=FACE_BOUND('',#5160,.T.);
#5531=FACE_BOUND('',#5161,.T.);
#5532=FACE_BOUND('',#5162,.T.);
#5533=FACE_BOUND('',#5163,.T.);
#5534=FACE_BOUND('',#5164,.T.);
#5535=FACE_BOUND('',#5165,.T.);
#5536=FACE_BOUND('',#5166,.T.);
#5537=FACE_BOUND('',#5167,.T.);
#5538=FACE_BOUND('',#5168,.T.);
#5539=FACE_BOUND('',#5169,.T.);
#5540=FACE_BOUND('',#5170,.T.);
#5541=FACE_BOUND('',#5171,.T.);
#5542=FACE_BOUND('',#5172,.T.);
#5543=FACE_BOUND('',#5173,.T.);
#5544=FACE_BOUND('',#5174,.T.);
#5545=FACE_BOUND('',#5175,.T.);
#5546=FACE_BOUND('',#5176,.T.);
#5547=FACE_BOUND('',#5177,.T.);
#5548=FACE_BOUND('',#5178,.T.);
#5549=FACE_BOUND('',#5179,.T.);
#5550=FACE_BOUND('',#5180,.T.);
#5551=FACE_BOUND('',#5181,.T.);
#5552=FACE_BOUND('',#5182,.T.);
#5553=FACE_BOUND('',#5183,.T.);
#5554=FACE_BOUND('',#5184,.T.);
#5555=FACE_BOUND('',#5185,.T.);
#5556=FACE_BOUND('',#5186,.T.);
#5557=FACE_BOUND('',#5187,.T.);
#5558=FACE_BOUND('',#5188,.T.);
#5559=FACE_BOUND('',#5189,.T.);
#5560=FACE_BOUND('',#5190,.T.);
#5561=FACE_BOUND('',#5191,.T.);
#5562=FACE_BOUND('',#5192,.T.);
#5563=FACE_BOUND('',#5193,.T.);
#5564=FACE_BOUND('',#5194,.T.);
#5565=FACE_BOUND('',#5195,.T.);
#5566=FACE_BOUND('',#5196,.T.);
#5567=FACE_BOUND('',#5197,.T.);
#5568=FACE_BOUND('',#5198,.T.);
#5569=FACE_BOUND('',#5199,.T.);
#5570=FACE_BOUND('',#5200,.T.);
#5571=FACE_BOUND('',#5201,.T.);
#5572=FACE_BOUND('',#5202,.T.);
#5573=FACE_BOUND('',#5203,.T.);
#5574=FACE_BOUND('',#5204,.T.);
#5575=FACE_BOUND('',#5205,.T.);
#5576=FACE_BOUND('',#5206,.T.);
#5577=FACE_BOUND('',#5207,.T.);
#5578=FACE_BOUND('',#5208,.T.);
#5579=FACE_BOUND('',#5209,.T.);
#5580=FACE_BOUND('',#5210,.T.);
#5581=FACE_BOUND('',#5211,.T.);
#5582=FACE_BOUND('',#5212,.T.);
#5583=FACE_BOUND('',#5213,.T.);
#5584=FACE_BOUND('',#5214,.T.);
#5585=FACE_BOUND('',#5215,.T.);
#5586=FACE_BOUND('',#5216,.T.);
#5587=FACE_BOUND('',#5217,.T.);
#5588=FACE_BOUND('',#5218,.T.);
#5589=FACE_BOUND('',#5219,.T.);
#5590=FACE_BOUND('',#5220,.T.);
#5591=FACE_BOUND('',#5221,.T.);
#5592=FACE_BOUND('',#5222,.T.);
#5593=FACE_BOUND('',#5223,.T.);
#5594=FACE_BOUND('',#5224,.T.);
#5595=FACE_BOUND('',#5225,.T.);
#5596=FACE_BOUND('',#5226,.T.);
#5597=FACE_BOUND('',#5227,.T.);
#5598=FACE_BOUND('',#5228,.T.);
#5599=FACE_BOUND('',#5229,.T.);
#5600=FACE_BOUND('',#5230,.T.);
#5601=FACE_BOUND('',#5231,.T.);
#5602=FACE_BOUND('',#5232,.T.);
#5603=FACE_BOUND('',#5233,.T.);
#5604=FACE_BOUND('',#5234,.T.);
#5605=FACE_BOUND('',#5235,.T.);
#5606=FACE_BOUND('',#5236,.T.);
#5607=FACE_BOUND('',#5237,.T.);
#5608=FACE_BOUND('',#5238,.T.);
#5609=FACE_BOUND('',#5239,.T.);
#5610=FACE_BOUND('',#5240,.T.);
#5611=FACE_BOUND('',#5241,.T.);
#5612=FACE_BOUND('',#5242,.T.);
#5613=FACE_BOUND('',#5243,.T.);
#5614=FACE_BOUND('',#5244,.T.);
#5615=FACE_BOUND('',#5245,.T.);
#5616=FACE_BOUND('',#5246,.T.);
#5617=FACE_BOUND('',#5247,.T.);
#5618=FACE_BOUND('',#5248,.T.);
#5619=FACE_BOUND('',#5249,.T.);
#5620=FACE_BOUND('',#5250,.T.);
#5621=FACE_BOUND('',#5251,.T.);
#5622=FACE_BOUND('',#5252,.T.);
#5623=FACE_BOUND('',#5253,.T.);
#5624=FACE_BOUND('',#5254,.T.);
#5625=FACE_BOUND('',#5255,.T.);
#5626=FACE_BOUND('',#5256,.T.);
#5627=FACE_BOUND('',#5257,.T.);
#5628=FACE_BOUND('',#5258,.T.);
#5629=FACE_BOUND('',#5259,.T.);
#5630=FACE_BOUND('',#5260,.T.);
#5631=FACE_BOUND('',#5261,.T.);
#5632=FACE_BOUND('',#5262,.T.);
#5633=FACE_BOUND('',#5263,.T.);
#5634=FACE_BOUND('',#5264,.T.);
#5635=FACE_BOUND('',#5265,.T.);
#5636=FACE_BOUND('',#5266,.T.);
#5637=FACE_BOUND('',#5267,.T.);
#5638=FACE_BOUND('',#5268,.T.);
#5639=FACE_BOUND('',#5269,.T.);
#5640=FACE_BOUND('',#5270,.T.);
#5641=FACE_BOUND('',#5271,.T.);
#5642=FACE_BOUND('',#5272,.T.);
#5643=FACE_BOUND('',#5273,.T.);
#5644=FACE_BOUND('',#5274,.T.);
#5645=FACE_BOUND('',#5275,.T.);
#5646=FACE_BOUND('',#5276,.T.);
#5647=FACE_BOUND('',#5277,.T.);
#5648=FACE_BOUND('',#5278,.T.);
#5649=FACE_BOUND('',#5279,.T.);
#5650=FACE_BOUND('',#5280,.T.);
#5651=FACE_BOUND('',#5281,.T.);
#5652=FACE_BOUND('',#5282,.T.);
#5653=FACE_BOUND('',#5283,.T.);
#5654=FACE_BOUND('',#5284,.T.);
#5655=FACE_BOUND('',#5285,.T.);
#5656=FACE_BOUND('',#5286,.T.);
#5657=FACE_BOUND('',#5287,.T.);
#5658=FACE_BOUND('',#5288,.T.);
#5659=FACE_BOUND('',#5289,.T.);
#5660=FACE_BOUND('',#5290,.T.);
#5661=FACE_BOUND('',#5291,.T.);
#5662=FACE_BOUND('',#5292,.T.);
#5663=FACE_BOUND('',#5293,.T.);
#5664=FACE_BOUND('',#5294,.T.);
#5665=FACE_BOUND('',#5295,.T.);
#5666=FACE_BOUND('',#5296,.T.);
#5667=FACE_BOUND('',#5297,.T.);
#5668=FACE_BOUND('',#5298,.T.);
#5669=FACE_BOUND('',#5299,.T.);
#5670=FACE_BOUND('',#5300,.T.);
#5671=FACE_BOUND('',#5301,.T.);
#5672=FACE_BOUND('',#5302,.T.);
#5673=FACE_BOUND('',#5303,.T.);
#5674=FACE_BOUND('',#5304,.T.);
#5675=FACE_BOUND('',#5305,.T.);
#5676=FACE_BOUND('',#5306,.T.);
#5677=FACE_BOUND('',#5307,.T.);
#5678=FACE_BOUND('',#5308,.T.);
#5679=FACE_BOUND('',#5309,.T.);
#5680=FACE_BOUND('',#5310,.T.);
#5681=FACE_BOUND('',#5311,.T.);
#5682=FACE_BOUND('',#5312,.T.);
#5683=FACE_BOUND('',#5313,.T.);
#5684=FACE_BOUND('',#5314,.T.);
#5685=FACE_BOUND('',#5315,.T.);
#5686=FACE_BOUND('',#5316,.T.);
#5687=FACE_BOUND('',#5317,.T.);
#5688=FACE_BOUND('',#5318,.T.);
#5689=FACE_BOUND('',#5319,.T.);
#5690=FACE_BOUND('',#5320,.T.);
#5691=FACE_BOUND('',#5321,.T.);
#5692=FACE_BOUND('',#5322,.T.);
#5693=FACE_BOUND('',#5323,.T.);
#5694=FACE_BOUND('',#5324,.T.);
#5695=FACE_BOUND('',#5325,.T.);
#5696=FACE_BOUND('',#5326,.T.);
#5697=FACE_BOUND('',#5327,.T.);
#5698=FACE_BOUND('',#5328,.T.);
#5699=FACE_BOUND('',#5329,.T.);
#5700=FACE_BOUND('',#5330,.T.);
#5701=FACE_BOUND('',#5331,.T.);
#5702=FACE_BOUND('',#5332,.T.);
#5703=FACE_BOUND('',#5333,.T.);
#5704=FACE_BOUND('',#5334,.T.);
#5705=FACE_BOUND('',#5335,.T.);
#5706=FACE_BOUND('',#5336,.T.);
#5707=FACE_BOUND('',#5337,.T.);
#5708=FACE_BOUND('',#5338,.T.);
#5709=FACE_BOUND('',#5339,.T.);
#5710=FACE_BOUND('',#5340,.T.);
#5711=FACE_BOUND('',#5341,.T.);
#5712=FACE_BOUND('',#5342,.T.);
#5713=FACE_BOUND('',#5343,.T.);
#5714=FACE_BOUND('',#5344,.T.);
#5715=FACE_BOUND('',#5345,.T.);
#5716=FACE_BOUND('',#5346,.T.);
#5717=FACE_BOUND('',#5347,.T.);
#5718=FACE_BOUND('',#5348,.T.);
#5719=FACE_BOUND('',#5349,.T.);
#5720=FACE_BOUND('',#5350,.T.);
#5721=FACE_BOUND('',#5351,.T.);
#5722=FACE_BOUND('',#5352,.T.);
#5723=FACE_BOUND('',#5353,.T.);
#5724=FACE_BOUND('',#5354,.T.);
#5725=FACE_BOUND('',#5355,.T.);
#5726=FACE_BOUND('',#5356,.T.);
#5727=FACE_BOUND('',#5357,.T.);
#5728=FACE_BOUND('',#5358,.T.);
#5729=FACE_BOUND('',#5359,.T.);
#5730=FACE_BOUND('',#5360,.T.);
#5731=FACE_BOUND('',#5361,.T.);
#5732=FACE_BOUND('',#5362,.T.);
#5733=FACE_BOUND('',#5363,.T.);
#5734=FACE_BOUND('',#5364,.T.);
#5735=FACE_BOUND('',#5365,.T.);
#5736=FACE_BOUND('',#5366,.T.);
#5737=FACE_BOUND('',#5367,.T.);
#5738=FACE_BOUND('',#5368,.T.);
#5739=FACE_BOUND('',#5369,.T.);
#5740=FACE_BOUND('',#5370,.T.);
#5741=FACE_BOUND('',#5371,.T.);
#5742=FACE_BOUND('',#5372,.T.);
#5743=FACE_BOUND('',#5373,.T.);
#5744=FACE_BOUND('',#5374,.T.);
#5745=FACE_BOUND('',#5375,.T.);
#5746=FACE_BOUND('',#5376,.T.);
#5747=FACE_BOUND('',#5377,.T.);
#5748=FACE_BOUND('',#5378,.T.);
#5749=FACE_BOUND('',#5379,.T.);
#5750=FACE_BOUND('',#5380,.T.);
#5751=FACE_BOUND('',#5381,.T.);
#5752=FACE_BOUND('',#5382,.T.);
#5753=FACE_BOUND('',#5383,.T.);
#5754=FACE_BOUND('',#5384,.T.);
#5755=FACE_BOUND('',#5385,.T.);
#5756=FACE_BOUND('',#5386,.T.);
#5757=FACE_BOUND('',#5387,.T.);
#5758=FACE_BOUND('',#5388,.T.);
#5759=FACE_BOUND('',#5389,.T.);
#5760=FACE_BOUND('',#5390,.T.);
#5761=FACE_BOUND('',#5391,.T.);
#5762=FACE_BOUND('',#5392,.T.);
#5763=FACE_BOUND('',#5393,.T.);
#5764=FACE_BOUND('',#5394,.T.);
#5765=FACE_BOUND('',#5395,.T.);
#5766=FACE_BOUND('',#5396,.T.);
#5767=FACE_BOUND('',#5397,.T.);
#5768=FACE_BOUND('',#5398,.T.);
#5769=FACE_BOUND('',#5399,.T.);
#5770=FACE_BOUND('',#5400,.T.);
#5771=FACE_BOUND('',#5401,.T.);
#5772=FACE_BOUND('',#5402,.T.);
#5773=FACE_BOUND('',#5403,.T.);
#5774=FACE_BOUND('',#5404,.T.);
#5775=FACE_BOUND('',#5405,.T.);
#5776=FACE_BOUND('',#5406,.T.);
#5777=FACE_BOUND('',#5407,.T.);
#5778=FACE_BOUND('',#5408,.T.);
#5779=FACE_BOUND('',#5409,.T.);
#5780=FACE_BOUND('',#5410,.T.);
#5781=FACE_BOUND('',#5411,.T.);
#5782=FACE_BOUND('',#5412,.T.);
#5783=FACE_BOUND('',#5413,.T.);
#5784=FACE_BOUND('',#5414,.T.);
#5785=FACE_BOUND('',#5415,.T.);
#5786=FACE_BOUND('',#5416,.T.);
#5787=FACE_BOUND('',#5417,.T.);
#5788=FACE_BOUND('',#5418,.T.);
#5789=FACE_BOUND('',#5419,.T.);
#5790=FACE_BOUND('',#5420,.T.);
#5791=FACE_BOUND('',#5421,.T.);
#5792=FACE_BOUND('',#5422,.T.);
#5793=FACE_BOUND('',#5423,.T.);
#5794=FACE_BOUND('',#5424,.T.);
#5795=FACE_BOUND('',#5425,.T.);
#5796=FACE_BOUND('',#5426,.T.);
#5797=FACE_BOUND('',#5427,.T.);
#5798=FACE_BOUND('',#5428,.T.);
#5799=FACE_BOUND('',#5429,.T.);
#5800=FACE_BOUND('',#5430,.T.);
#5801=FACE_BOUND('',#5431,.T.);
#5802=FACE_BOUND('',#5432,.T.);
#5803=FACE_BOUND('',#5433,.T.);
#5804=FACE_BOUND('',#5434,.T.);
#5805=FACE_BOUND('',#5435,.T.);
#5806=FACE_BOUND('',#5436,.T.);
#5807=FACE_BOUND('',#5437,.T.);
#5808=FACE_BOUND('',#5438,.T.);
#5809=FACE_BOUND('',#5439,.T.);
#5810=FACE_BOUND('',#5440,.T.);
#5811=PLANE('',#8705);
#5812=PLANE('',#8711);
#5813=PLANE('',#8713);
#5814=PLANE('',#8747);
#5815=PLANE('',#8756);
#5816=PLANE('',#8757);
#5817=PLANE('',#8760);
#5818=PLANE('',#8764);
#5819=PLANE('',#8765);
#5820=PLANE('',#8769);
#5821=PLANE('',#8770);
#5822=PLANE('',#8771);
#5823=PLANE('',#8772);
#5824=PLANE('',#8773);
#5825=PLANE('',#8777);
#5826=PLANE('',#8778);
#5827=PLANE('',#8782);
#5828=PLANE('',#8783);
#5829=PLANE('',#8784);
#5830=PLANE('',#8785);
#5831=PLANE('',#8786);
#5832=PLANE('',#8790);
#5833=PLANE('',#8791);
#5834=PLANE('',#8795);
#5835=PLANE('',#8796);
#5836=PLANE('',#8797);
#5837=PLANE('',#8798);
#5838=PLANE('',#8799);
#5839=PLANE('',#8803);
#5840=PLANE('',#8804);
#5841=PLANE('',#8808);
#5842=PLANE('',#8809);
#5843=PLANE('',#8810);
#5844=PLANE('',#8811);
#5845=PLANE('',#8812);
#5846=PLANE('',#8813);
#5847=PLANE('',#8814);
#5848=PLANE('',#8840);
#5849=PLANE('',#8841);
#5850=PLANE('',#8842);
#5851=PLANE('',#8843);
#5852=PLANE('',#8866);
#5853=PLANE('',#8871);
#5854=PLANE('',#8872);
#5855=PLANE('',#8873);
#5856=PLANE('',#8875);
#5857=PLANE('',#8876);
#5858=PLANE('',#8881);
#5859=PLANE('',#8882);
#5860=PLANE('',#8890);
#5861=PLANE('',#8891);
#5862=PLANE('',#8899);
#5863=PLANE('',#8908);
#5864=PLANE('',#8910);
#5865=PLANE('',#8912);
#5866=PLANE('',#8914);
#5867=PLANE('',#8916);
#5868=PLANE('',#8919);
#5869=PLANE('',#8921);
#5870=PLANE('',#8928);
#5871=PLANE('',#8930);
#5872=PLANE('',#8932);
#5873=PLANE('',#8934);
#5874=PLANE('',#8936);
#5875=PLANE('',#8937);
#5876=PLANE('',#8940);
#5877=PLANE('',#8942);
#5878=PLANE('',#8943);
#5879=PLANE('',#8944);
#5880=PLANE('',#8946);
#5881=PLANE('',#8948);
#5882=PLANE('',#8950);
#5883=PLANE('',#8951);
#5884=PLANE('',#8954);
#5885=PLANE('',#8956);
#5886=PLANE('',#8957);
#5887=PLANE('',#8958);
#5888=PLANE('',#8959);
#5889=PLANE('',#8965);
#5890=PLANE('',#8966);
#5891=PLANE('',#8968);
#5892=PLANE('',#8985);
#5893=PLANE('',#8998);
#5894=PLANE('',#9007);
#5895=PLANE('',#9009);
#5896=PLANE('',#9017);
#5897=PLANE('',#9018);
#5898=PLANE('',#9019);
#5899=PLANE('',#9020);
#5900=PLANE('',#9021);
#5901=PLANE('',#9022);
#5902=PLANE('',#9023);
#5903=PLANE('',#9024);
#5904=PLANE('',#9061);
#5905=PLANE('',#9062);
#5906=PLANE('',#9063);
#5907=PLANE('',#9064);
#5908=PLANE('',#9068);
#5909=PLANE('',#9069);
#5910=PLANE('',#9074);
#5911=PLANE('',#9075);
#5912=PLANE('',#9080);
#5913=PLANE('',#9082);
#5914=PLANE('',#9083);
#5915=PLANE('',#9085);
#5916=PLANE('',#9087);
#5917=PLANE('',#9088);
#5918=PLANE('',#9090);
#5919=PLANE('',#9095);
#5920=PLANE('',#9096);
#5921=PLANE('',#9097);
#5922=PLANE('',#9098);
#5923=PLANE('',#9099);
#5924=PLANE('',#9103);
#5925=PLANE('',#9104);
#5926=PLANE('',#9105);
#5927=PLANE('',#9106);
#5928=PLANE('',#9107);
#5929=PLANE('',#9108);
#5930=PLANE('',#9109);
#5931=PLANE('',#9110);
#5932=PLANE('',#9124);
#5933=PLANE('',#9125);
#5934=PLANE('',#9126);
#5935=PLANE('',#9127);
#5936=PLANE('',#9128);
#5937=PLANE('',#9129);
#5938=PLANE('',#9130);
#5939=PLANE('',#9131);
#5940=PLANE('',#9132);
#5941=PLANE('',#9133);
#5942=PLANE('',#9135);
#5943=PLANE('',#9137);
#5944=PLANE('',#9139);
#5945=PLANE('',#9141);
#5946=PLANE('',#9142);
#5947=PLANE('',#9143);
#5948=PLANE('',#9144);
#5949=PLANE('',#9145);
#5950=PLANE('',#9146);
#5951=PLANE('',#9149);
#5952=PLANE('',#9152);
#5953=PLANE('',#9155);
#5954=PLANE('',#9158);
#5955=PLANE('',#9161);
#5956=PLANE('',#9162);
#5957=PLANE('',#9163);
#5958=PLANE('',#9164);
#5959=PLANE('',#9165);
#5960=PLANE('',#9166);
#5961=PLANE('',#9167);
#5962=PLANE('',#9168);
#5963=PLANE('',#9169);
#5964=PLANE('',#9170);
#5965=PLANE('',#9171);
#5966=PLANE('',#9172);
#5967=PLANE('',#9173);
#5968=PLANE('',#9174);
#5969=PLANE('',#9175);
#5970=PLANE('',#9176);
#5971=PLANE('',#9180);
#5972=PLANE('',#9181);
#5973=PLANE('',#9185);
#5974=PLANE('',#9186);
#5975=PLANE('',#9187);
#5976=PLANE('',#9188);
#5977=PLANE('',#9189);
#5978=PLANE('',#9193);
#5979=PLANE('',#9199);
#5980=PLANE('',#9208);
#5981=PLANE('',#9209);
#5982=PLANE('',#9210);
#5983=PLANE('',#9211);
#5984=PLANE('',#9214);
#5985=PLANE('',#9215);
#5986=PLANE('',#9218);
#5987=PLANE('',#9219);
#5988=PLANE('',#9228);
#5989=PLANE('',#9229);
#5990=PLANE('',#9234);
#5991=PLANE('',#9235);
#5992=PLANE('',#9236);
#5993=PLANE('',#9237);
#5994=STYLED_ITEM('',(#6332),#8362);
#5995=STYLED_ITEM('',(#6333),#8363);
#5996=STYLED_ITEM('',(#6334),#8364);
#5997=STYLED_ITEM('',(#6335),#8365);
#5998=STYLED_ITEM('',(#6336),#8366);
#5999=STYLED_ITEM('',(#6337),#8367);
#6000=STYLED_ITEM('',(#6338),#8368);
#6001=STYLED_ITEM('',(#6339),#8369);
#6002=STYLED_ITEM('',(#6340),#8370);
#6003=STYLED_ITEM('',(#6341),#8371);
#6004=STYLED_ITEM('',(#6342),#8372);
#6005=STYLED_ITEM('',(#6343),#8373);
#6006=STYLED_ITEM('',(#6344),#8374);
#6007=STYLED_ITEM('',(#6345),#8375);
#6008=STYLED_ITEM('',(#6346),#8376);
#6009=STYLED_ITEM('',(#6347),#8377);
#6010=STYLED_ITEM('',(#6348),#8378);
#6011=STYLED_ITEM('',(#6349),#8379);
#6012=STYLED_ITEM('',(#6350),#8380);
#6013=STYLED_ITEM('',(#6351),#8381);
#6014=STYLED_ITEM('',(#6352),#8382);
#6015=STYLED_ITEM('',(#6353),#8383);
#6016=STYLED_ITEM('',(#6354),#8384);
#6017=STYLED_ITEM('',(#6355),#8385);
#6018=STYLED_ITEM('',(#6356),#8386);
#6019=STYLED_ITEM('',(#6357),#8387);
#6020=STYLED_ITEM('',(#6358),#8388);
#6021=STYLED_ITEM('',(#6359),#8389);
#6022=STYLED_ITEM('',(#6360),#8390);
#6023=STYLED_ITEM('',(#6361),#8391);
#6024=STYLED_ITEM('',(#6362),#8392);
#6025=STYLED_ITEM('',(#6363),#8393);
#6026=STYLED_ITEM('',(#6364),#8394);
#6027=STYLED_ITEM('',(#6365),#8395);
#6028=STYLED_ITEM('',(#6366),#8396);
#6029=STYLED_ITEM('',(#6367),#8397);
#6030=STYLED_ITEM('',(#6368),#8398);
#6031=STYLED_ITEM('',(#6369),#8399);
#6032=STYLED_ITEM('',(#6370),#8400);
#6033=STYLED_ITEM('',(#6371),#8401);
#6034=STYLED_ITEM('',(#6372),#8402);
#6035=STYLED_ITEM('',(#6373),#8403);
#6036=STYLED_ITEM('',(#6374),#8404);
#6037=STYLED_ITEM('',(#6375),#8405);
#6038=STYLED_ITEM('',(#6376),#8406);
#6039=STYLED_ITEM('',(#6377),#8407);
#6040=STYLED_ITEM('',(#6378),#8408);
#6041=STYLED_ITEM('',(#6379),#8409);
#6042=STYLED_ITEM('',(#6380),#8410);
#6043=STYLED_ITEM('',(#6381),#8411);
#6044=STYLED_ITEM('',(#6382),#8412);
#6045=STYLED_ITEM('',(#6383),#8413);
#6046=STYLED_ITEM('',(#6384),#8414);
#6047=STYLED_ITEM('',(#6385),#8415);
#6048=STYLED_ITEM('',(#6386),#8416);
#6049=STYLED_ITEM('',(#6387),#8417);
#6050=STYLED_ITEM('',(#6388),#8418);
#6051=STYLED_ITEM('',(#6389),#8419);
#6052=STYLED_ITEM('',(#6390),#8420);
#6053=STYLED_ITEM('',(#6391),#8421);
#6054=STYLED_ITEM('',(#6392),#8422);
#6055=STYLED_ITEM('',(#6393),#8423);
#6056=STYLED_ITEM('',(#6394),#8424);
#6057=STYLED_ITEM('',(#6395),#8425);
#6058=STYLED_ITEM('',(#6396),#8426);
#6059=STYLED_ITEM('',(#6397),#8427);
#6060=STYLED_ITEM('',(#6398),#8428);
#6061=STYLED_ITEM('',(#6399),#8429);
#6062=STYLED_ITEM('',(#6400),#8430);
#6063=STYLED_ITEM('',(#6401),#8431);
#6064=STYLED_ITEM('',(#6402),#8432);
#6065=STYLED_ITEM('',(#6403),#8433);
#6066=STYLED_ITEM('',(#6404),#8434);
#6067=STYLED_ITEM('',(#6405),#8435);
#6068=STYLED_ITEM('',(#6406),#8436);
#6069=STYLED_ITEM('',(#6407),#8437);
#6070=STYLED_ITEM('',(#6408),#8438);
#6071=STYLED_ITEM('',(#6409),#8439);
#6072=STYLED_ITEM('',(#6410),#8440);
#6073=STYLED_ITEM('',(#6411),#8441);
#6074=STYLED_ITEM('',(#6412),#8442);
#6075=STYLED_ITEM('',(#6413),#8443);
#6076=STYLED_ITEM('',(#6414),#8444);
#6077=STYLED_ITEM('',(#6415),#8445);
#6078=STYLED_ITEM('',(#6416),#8446);
#6079=STYLED_ITEM('',(#6417),#8447);
#6080=STYLED_ITEM('',(#6418),#8448);
#6081=STYLED_ITEM('',(#6419),#8449);
#6082=STYLED_ITEM('',(#6420),#8450);
#6083=STYLED_ITEM('',(#6421),#8451);
#6084=STYLED_ITEM('',(#6422),#8452);
#6085=STYLED_ITEM('',(#6423),#8453);
#6086=STYLED_ITEM('',(#6424),#8454);
#6087=STYLED_ITEM('',(#6425),#8455);
#6088=STYLED_ITEM('',(#6426),#8456);
#6089=STYLED_ITEM('',(#6427),#8457);
#6090=STYLED_ITEM('',(#6428),#8458);
#6091=STYLED_ITEM('',(#6429),#8459);
#6092=STYLED_ITEM('',(#6430),#8460);
#6093=STYLED_ITEM('',(#6431),#8461);
#6094=STYLED_ITEM('',(#6432),#8462);
#6095=STYLED_ITEM('',(#6433),#8463);
#6096=STYLED_ITEM('',(#6434),#8464);
#6097=STYLED_ITEM('',(#6435),#8465);
#6098=STYLED_ITEM('',(#6436),#8466);
#6099=STYLED_ITEM('',(#6437),#8467);
#6100=STYLED_ITEM('',(#6438),#8468);
#6101=STYLED_ITEM('',(#6439),#8469);
#6102=STYLED_ITEM('',(#6440),#8470);
#6103=STYLED_ITEM('',(#6441),#8471);
#6104=STYLED_ITEM('',(#6442),#8472);
#6105=STYLED_ITEM('',(#6443),#8473);
#6106=STYLED_ITEM('',(#6444),#8474);
#6107=STYLED_ITEM('',(#6445),#8475);
#6108=STYLED_ITEM('',(#6446),#8476);
#6109=STYLED_ITEM('',(#6447),#8477);
#6110=STYLED_ITEM('',(#6448),#8478);
#6111=STYLED_ITEM('',(#6449),#8479);
#6112=STYLED_ITEM('',(#6450),#8480);
#6113=STYLED_ITEM('',(#6451),#8481);
#6114=STYLED_ITEM('',(#6452),#8482);
#6115=STYLED_ITEM('',(#6453),#8483);
#6116=STYLED_ITEM('',(#6454),#8484);
#6117=STYLED_ITEM('',(#6455),#8485);
#6118=STYLED_ITEM('',(#6456),#8486);
#6119=STYLED_ITEM('',(#6457),#8487);
#6120=STYLED_ITEM('',(#6458),#8488);
#6121=STYLED_ITEM('',(#6459),#8489);
#6122=STYLED_ITEM('',(#6460),#8490);
#6123=STYLED_ITEM('',(#6461),#8491);
#6124=STYLED_ITEM('',(#6462),#8492);
#6125=STYLED_ITEM('',(#6463),#8493);
#6126=STYLED_ITEM('',(#6464),#8494);
#6127=STYLED_ITEM('',(#6465),#8495);
#6128=STYLED_ITEM('',(#6466),#8496);
#6129=STYLED_ITEM('',(#6467),#8497);
#6130=STYLED_ITEM('',(#6468),#8498);
#6131=STYLED_ITEM('',(#6469),#8499);
#6132=STYLED_ITEM('',(#6470),#8500);
#6133=STYLED_ITEM('',(#6471),#8501);
#6134=STYLED_ITEM('',(#6472),#8502);
#6135=STYLED_ITEM('',(#6473),#8503);
#6136=STYLED_ITEM('',(#6474),#8504);
#6137=STYLED_ITEM('',(#6475),#8505);
#6138=STYLED_ITEM('',(#6476),#8506);
#6139=STYLED_ITEM('',(#6477),#8507);
#6140=STYLED_ITEM('',(#6478),#8508);
#6141=STYLED_ITEM('',(#6479),#8509);
#6142=STYLED_ITEM('',(#6480),#8510);
#6143=STYLED_ITEM('',(#6481),#8511);
#6144=STYLED_ITEM('',(#6482),#8512);
#6145=STYLED_ITEM('',(#6483),#8513);
#6146=STYLED_ITEM('',(#6484),#8514);
#6147=STYLED_ITEM('',(#6485),#8515);
#6148=STYLED_ITEM('',(#6486),#8516);
#6149=STYLED_ITEM('',(#6487),#8517);
#6150=STYLED_ITEM('',(#6488),#8518);
#6151=STYLED_ITEM('',(#6489),#8519);
#6152=STYLED_ITEM('',(#6490),#8520);
#6153=STYLED_ITEM('',(#6491),#8521);
#6154=STYLED_ITEM('',(#6492),#8522);
#6155=STYLED_ITEM('',(#6493),#8523);
#6156=STYLED_ITEM('',(#6494),#8524);
#6157=STYLED_ITEM('',(#6495),#8525);
#6158=STYLED_ITEM('',(#6496),#8526);
#6159=STYLED_ITEM('',(#6497),#8527);
#6160=STYLED_ITEM('',(#6498),#8528);
#6161=STYLED_ITEM('',(#6499),#8529);
#6162=STYLED_ITEM('',(#6500),#8530);
#6163=STYLED_ITEM('',(#6501),#8531);
#6164=STYLED_ITEM('',(#6502),#8532);
#6165=STYLED_ITEM('',(#6503),#8533);
#6166=STYLED_ITEM('',(#6504),#8534);
#6167=STYLED_ITEM('',(#6505),#8535);
#6168=STYLED_ITEM('',(#6506),#8536);
#6169=STYLED_ITEM('',(#6507),#8537);
#6170=STYLED_ITEM('',(#6508),#8538);
#6171=STYLED_ITEM('',(#6509),#8539);
#6172=STYLED_ITEM('',(#6510),#8540);
#6173=STYLED_ITEM('',(#6511),#8541);
#6174=STYLED_ITEM('',(#6512),#8542);
#6175=STYLED_ITEM('',(#6513),#8543);
#6176=STYLED_ITEM('',(#6514),#8544);
#6177=STYLED_ITEM('',(#6515),#8545);
#6178=STYLED_ITEM('',(#6516),#8546);
#6179=STYLED_ITEM('',(#6517),#8547);
#6180=STYLED_ITEM('',(#6518),#8548);
#6181=STYLED_ITEM('',(#6519),#8549);
#6182=STYLED_ITEM('',(#6520),#8550);
#6183=STYLED_ITEM('',(#6521),#8551);
#6184=STYLED_ITEM('',(#6522),#8552);
#6185=STYLED_ITEM('',(#6523),#8553);
#6186=STYLED_ITEM('',(#6524),#8554);
#6187=STYLED_ITEM('',(#6525),#8555);
#6188=STYLED_ITEM('',(#6526),#8556);
#6189=STYLED_ITEM('',(#6527),#8557);
#6190=STYLED_ITEM('',(#6528),#8558);
#6191=STYLED_ITEM('',(#6529),#8559);
#6192=STYLED_ITEM('',(#6530),#8560);
#6193=STYLED_ITEM('',(#6531),#8561);
#6194=STYLED_ITEM('',(#6532),#8562);
#6195=STYLED_ITEM('',(#6533),#8563);
#6196=STYLED_ITEM('',(#6534),#8564);
#6197=STYLED_ITEM('',(#6535),#8565);
#6198=STYLED_ITEM('',(#6536),#8566);
#6199=STYLED_ITEM('',(#6537),#8567);
#6200=STYLED_ITEM('',(#6538),#8568);
#6201=STYLED_ITEM('',(#6539),#8569);
#6202=STYLED_ITEM('',(#6540),#8570);
#6203=STYLED_ITEM('',(#6541),#8571);
#6204=STYLED_ITEM('',(#6542),#8572);
#6205=STYLED_ITEM('',(#6543),#8573);
#6206=STYLED_ITEM('',(#6544),#8574);
#6207=STYLED_ITEM('',(#6545),#8575);
#6208=STYLED_ITEM('',(#6546),#8576);
#6209=STYLED_ITEM('',(#6547),#8577);
#6210=STYLED_ITEM('',(#6548),#8578);
#6211=STYLED_ITEM('',(#6549),#8579);
#6212=STYLED_ITEM('',(#6550),#8580);
#6213=STYLED_ITEM('',(#6551),#8581);
#6214=STYLED_ITEM('',(#6552),#8582);
#6215=STYLED_ITEM('',(#6553),#8583);
#6216=STYLED_ITEM('',(#6554),#8584);
#6217=STYLED_ITEM('',(#6555),#8585);
#6218=STYLED_ITEM('',(#6556),#8586);
#6219=STYLED_ITEM('',(#6557),#8587);
#6220=STYLED_ITEM('',(#6558),#8588);
#6221=STYLED_ITEM('',(#6559),#8589);
#6222=STYLED_ITEM('',(#6560),#8590);
#6223=STYLED_ITEM('',(#6561),#8591);
#6224=STYLED_ITEM('',(#6562),#8592);
#6225=STYLED_ITEM('',(#6563),#8593);
#6226=STYLED_ITEM('',(#6564),#8594);
#6227=STYLED_ITEM('',(#6565),#8595);
#6228=STYLED_ITEM('',(#6566),#8596);
#6229=STYLED_ITEM('',(#6567),#8597);
#6230=STYLED_ITEM('',(#6568),#8598);
#6231=STYLED_ITEM('',(#6569),#8599);
#6232=STYLED_ITEM('',(#6570),#8600);
#6233=STYLED_ITEM('',(#6571),#8601);
#6234=STYLED_ITEM('',(#6572),#8602);
#6235=STYLED_ITEM('',(#6573),#8603);
#6236=STYLED_ITEM('',(#6574),#8604);
#6237=STYLED_ITEM('',(#6575),#8605);
#6238=STYLED_ITEM('',(#6576),#8606);
#6239=STYLED_ITEM('',(#6577),#8607);
#6240=STYLED_ITEM('',(#6578),#8608);
#6241=STYLED_ITEM('',(#6579),#8609);
#6242=STYLED_ITEM('',(#6580),#8610);
#6243=STYLED_ITEM('',(#6581),#8611);
#6244=STYLED_ITEM('',(#6582),#8612);
#6245=STYLED_ITEM('',(#6583),#8613);
#6246=STYLED_ITEM('',(#6584),#8614);
#6247=STYLED_ITEM('',(#6585),#8615);
#6248=STYLED_ITEM('',(#6586),#8616);
#6249=STYLED_ITEM('',(#6587),#8617);
#6250=STYLED_ITEM('',(#6588),#8618);
#6251=STYLED_ITEM('',(#6589),#8619);
#6252=STYLED_ITEM('',(#6590),#8620);
#6253=STYLED_ITEM('',(#6591),#8621);
#6254=STYLED_ITEM('',(#6592),#8622);
#6255=STYLED_ITEM('',(#6593),#8623);
#6256=STYLED_ITEM('',(#6594),#8624);
#6257=STYLED_ITEM('',(#6595),#8625);
#6258=STYLED_ITEM('',(#6596),#8626);
#6259=STYLED_ITEM('',(#6597),#8627);
#6260=STYLED_ITEM('',(#6598),#8628);
#6261=STYLED_ITEM('',(#6599),#8629);
#6262=STYLED_ITEM('',(#6600),#8630);
#6263=STYLED_ITEM('',(#6601),#8631);
#6264=STYLED_ITEM('',(#6602),#8632);
#6265=STYLED_ITEM('',(#6603),#8633);
#6266=STYLED_ITEM('',(#6604),#8634);
#6267=STYLED_ITEM('',(#6605),#8635);
#6268=STYLED_ITEM('',(#6606),#8636);
#6269=STYLED_ITEM('',(#6607),#8637);
#6270=STYLED_ITEM('',(#6608),#8638);
#6271=STYLED_ITEM('',(#6609),#8639);
#6272=STYLED_ITEM('',(#6610),#8640);
#6273=STYLED_ITEM('',(#6611),#8641);
#6274=STYLED_ITEM('',(#6612),#8642);
#6275=STYLED_ITEM('',(#6613),#8643);
#6276=STYLED_ITEM('',(#6614),#8644);
#6277=STYLED_ITEM('',(#6615),#8645);
#6278=STYLED_ITEM('',(#6616),#8646);
#6279=STYLED_ITEM('',(#6617),#8647);
#6280=STYLED_ITEM('',(#6618),#8648);
#6281=STYLED_ITEM('',(#6619),#8649);
#6282=STYLED_ITEM('',(#6620),#8650);
#6283=STYLED_ITEM('',(#6621),#8651);
#6284=STYLED_ITEM('',(#6622),#8652);
#6285=STYLED_ITEM('',(#6623),#8653);
#6286=STYLED_ITEM('',(#6624),#8654);
#6287=STYLED_ITEM('',(#6625),#8655);
#6288=STYLED_ITEM('',(#6626),#8656);
#6289=STYLED_ITEM('',(#6627),#8657);
#6290=STYLED_ITEM('',(#6628),#8658);
#6291=STYLED_ITEM('',(#6629),#8659);
#6292=STYLED_ITEM('',(#6630),#8660);
#6293=STYLED_ITEM('',(#6631),#8661);
#6294=STYLED_ITEM('',(#6632),#8662);
#6295=STYLED_ITEM('',(#6633),#8663);
#6296=STYLED_ITEM('',(#6634),#8664);
#6297=STYLED_ITEM('',(#6635),#8665);
#6298=STYLED_ITEM('',(#6636),#8666);
#6299=STYLED_ITEM('',(#6637),#8667);
#6300=STYLED_ITEM('',(#6638),#8668);
#6301=STYLED_ITEM('',(#6639),#8669);
#6302=STYLED_ITEM('',(#6640),#8670);
#6303=STYLED_ITEM('',(#6641),#8671);
#6304=STYLED_ITEM('',(#6642),#8672);
#6305=STYLED_ITEM('',(#6643),#8673);
#6306=STYLED_ITEM('',(#6644),#8674);
#6307=STYLED_ITEM('',(#6645),#8675);
#6308=STYLED_ITEM('',(#6646),#8676);
#6309=STYLED_ITEM('',(#6647),#8677);
#6310=STYLED_ITEM('',(#6648),#8678);
#6311=STYLED_ITEM('',(#6649),#8679);
#6312=STYLED_ITEM('',(#6650),#8680);
#6313=STYLED_ITEM('',(#6651),#8681);
#6314=STYLED_ITEM('',(#6652),#8682);
#6315=STYLED_ITEM('',(#6653),#8683);
#6316=STYLED_ITEM('',(#6654),#8684);
#6317=STYLED_ITEM('',(#6655),#8685);
#6318=STYLED_ITEM('',(#6656),#8686);
#6319=STYLED_ITEM('',(#6657),#8687);
#6320=STYLED_ITEM('',(#6658),#8688);
#6321=STYLED_ITEM('',(#6659),#8689);
#6322=STYLED_ITEM('',(#6660),#8690);
#6323=STYLED_ITEM('',(#6661),#8691);
#6324=STYLED_ITEM('',(#6662),#8692);
#6325=STYLED_ITEM('',(#6663),#8693);
#6326=STYLED_ITEM('',(#6664),#8694);
#6327=STYLED_ITEM('',(#6665),#8695);
#6328=STYLED_ITEM('',(#6666),#8696);
#6329=STYLED_ITEM('',(#6667),#8697);
#6330=STYLED_ITEM('',(#6668),#8698);
#6331=STYLED_ITEM('',(#6669),#8699);
#6332=PRESENTATION_STYLE_ASSIGNMENT((#6670));
#6333=PRESENTATION_STYLE_ASSIGNMENT((#6671));
#6334=PRESENTATION_STYLE_ASSIGNMENT((#6672));
#6335=PRESENTATION_STYLE_ASSIGNMENT((#6673));
#6336=PRESENTATION_STYLE_ASSIGNMENT((#6674));
#6337=PRESENTATION_STYLE_ASSIGNMENT((#6675));
#6338=PRESENTATION_STYLE_ASSIGNMENT((#6676));
#6339=PRESENTATION_STYLE_ASSIGNMENT((#6677));
#6340=PRESENTATION_STYLE_ASSIGNMENT((#6678));
#6341=PRESENTATION_STYLE_ASSIGNMENT((#6679));
#6342=PRESENTATION_STYLE_ASSIGNMENT((#6680));
#6343=PRESENTATION_STYLE_ASSIGNMENT((#6681));
#6344=PRESENTATION_STYLE_ASSIGNMENT((#6682));
#6345=PRESENTATION_STYLE_ASSIGNMENT((#6683));
#6346=PRESENTATION_STYLE_ASSIGNMENT((#6684));
#6347=PRESENTATION_STYLE_ASSIGNMENT((#6685));
#6348=PRESENTATION_STYLE_ASSIGNMENT((#6686));
#6349=PRESENTATION_STYLE_ASSIGNMENT((#6687));
#6350=PRESENTATION_STYLE_ASSIGNMENT((#6688));
#6351=PRESENTATION_STYLE_ASSIGNMENT((#6689));
#6352=PRESENTATION_STYLE_ASSIGNMENT((#6690));
#6353=PRESENTATION_STYLE_ASSIGNMENT((#6691));
#6354=PRESENTATION_STYLE_ASSIGNMENT((#6692));
#6355=PRESENTATION_STYLE_ASSIGNMENT((#6693));
#6356=PRESENTATION_STYLE_ASSIGNMENT((#6694));
#6357=PRESENTATION_STYLE_ASSIGNMENT((#6695));
#6358=PRESENTATION_STYLE_ASSIGNMENT((#6696));
#6359=PRESENTATION_STYLE_ASSIGNMENT((#6697));
#6360=PRESENTATION_STYLE_ASSIGNMENT((#6698));
#6361=PRESENTATION_STYLE_ASSIGNMENT((#6699));
#6362=PRESENTATION_STYLE_ASSIGNMENT((#6700));
#6363=PRESENTATION_STYLE_ASSIGNMENT((#6701));
#6364=PRESENTATION_STYLE_ASSIGNMENT((#6702));
#6365=PRESENTATION_STYLE_ASSIGNMENT((#6703));
#6366=PRESENTATION_STYLE_ASSIGNMENT((#6704));
#6367=PRESENTATION_STYLE_ASSIGNMENT((#6705));
#6368=PRESENTATION_STYLE_ASSIGNMENT((#6706));
#6369=PRESENTATION_STYLE_ASSIGNMENT((#6707));
#6370=PRESENTATION_STYLE_ASSIGNMENT((#6708));
#6371=PRESENTATION_STYLE_ASSIGNMENT((#6709));
#6372=PRESENTATION_STYLE_ASSIGNMENT((#6710));
#6373=PRESENTATION_STYLE_ASSIGNMENT((#6711));
#6374=PRESENTATION_STYLE_ASSIGNMENT((#6712));
#6375=PRESENTATION_STYLE_ASSIGNMENT((#6713));
#6376=PRESENTATION_STYLE_ASSIGNMENT((#6714));
#6377=PRESENTATION_STYLE_ASSIGNMENT((#6715));
#6378=PRESENTATION_STYLE_ASSIGNMENT((#6716));
#6379=PRESENTATION_STYLE_ASSIGNMENT((#6717));
#6380=PRESENTATION_STYLE_ASSIGNMENT((#6718));
#6381=PRESENTATION_STYLE_ASSIGNMENT((#6719));
#6382=PRESENTATION_STYLE_ASSIGNMENT((#6720));
#6383=PRESENTATION_STYLE_ASSIGNMENT((#6721));
#6384=PRESENTATION_STYLE_ASSIGNMENT((#6722));
#6385=PRESENTATION_STYLE_ASSIGNMENT((#6723));
#6386=PRESENTATION_STYLE_ASSIGNMENT((#6724));
#6387=PRESENTATION_STYLE_ASSIGNMENT((#6725));
#6388=PRESENTATION_STYLE_ASSIGNMENT((#6726));
#6389=PRESENTATION_STYLE_ASSIGNMENT((#6727));
#6390=PRESENTATION_STYLE_ASSIGNMENT((#6728));
#6391=PRESENTATION_STYLE_ASSIGNMENT((#6729));
#6392=PRESENTATION_STYLE_ASSIGNMENT((#6730));
#6393=PRESENTATION_STYLE_ASSIGNMENT((#6731));
#6394=PRESENTATION_STYLE_ASSIGNMENT((#6732));
#6395=PRESENTATION_STYLE_ASSIGNMENT((#6733));
#6396=PRESENTATION_STYLE_ASSIGNMENT((#6734));
#6397=PRESENTATION_STYLE_ASSIGNMENT((#6735));
#6398=PRESENTATION_STYLE_ASSIGNMENT((#6736));
#6399=PRESENTATION_STYLE_ASSIGNMENT((#6737));
#6400=PRESENTATION_STYLE_ASSIGNMENT((#6738));
#6401=PRESENTATION_STYLE_ASSIGNMENT((#6739));
#6402=PRESENTATION_STYLE_ASSIGNMENT((#6740));
#6403=PRESENTATION_STYLE_ASSIGNMENT((#6741));
#6404=PRESENTATION_STYLE_ASSIGNMENT((#6742));
#6405=PRESENTATION_STYLE_ASSIGNMENT((#6743));
#6406=PRESENTATION_STYLE_ASSIGNMENT((#6744));
#6407=PRESENTATION_STYLE_ASSIGNMENT((#6745));
#6408=PRESENTATION_STYLE_ASSIGNMENT((#6746));
#6409=PRESENTATION_STYLE_ASSIGNMENT((#6747));
#6410=PRESENTATION_STYLE_ASSIGNMENT((#6748));
#6411=PRESENTATION_STYLE_ASSIGNMENT((#6749));
#6412=PRESENTATION_STYLE_ASSIGNMENT((#6750));
#6413=PRESENTATION_STYLE_ASSIGNMENT((#6751));
#6414=PRESENTATION_STYLE_ASSIGNMENT((#6752));
#6415=PRESENTATION_STYLE_ASSIGNMENT((#6753));
#6416=PRESENTATION_STYLE_ASSIGNMENT((#6754));
#6417=PRESENTATION_STYLE_ASSIGNMENT((#6755));
#6418=PRESENTATION_STYLE_ASSIGNMENT((#6756));
#6419=PRESENTATION_STYLE_ASSIGNMENT((#6757));
#6420=PRESENTATION_STYLE_ASSIGNMENT((#6758));
#6421=PRESENTATION_STYLE_ASSIGNMENT((#6759));
#6422=PRESENTATION_STYLE_ASSIGNMENT((#6760));
#6423=PRESENTATION_STYLE_ASSIGNMENT((#6761));
#6424=PRESENTATION_STYLE_ASSIGNMENT((#6762));
#6425=PRESENTATION_STYLE_ASSIGNMENT((#6763));
#6426=PRESENTATION_STYLE_ASSIGNMENT((#6764));
#6427=PRESENTATION_STYLE_ASSIGNMENT((#6765));
#6428=PRESENTATION_STYLE_ASSIGNMENT((#6766));
#6429=PRESENTATION_STYLE_ASSIGNMENT((#6767));
#6430=PRESENTATION_STYLE_ASSIGNMENT((#6768));
#6431=PRESENTATION_STYLE_ASSIGNMENT((#6769));
#6432=PRESENTATION_STYLE_ASSIGNMENT((#6770));
#6433=PRESENTATION_STYLE_ASSIGNMENT((#6771));
#6434=PRESENTATION_STYLE_ASSIGNMENT((#6772));
#6435=PRESENTATION_STYLE_ASSIGNMENT((#6773));
#6436=PRESENTATION_STYLE_ASSIGNMENT((#6774));
#6437=PRESENTATION_STYLE_ASSIGNMENT((#6775));
#6438=PRESENTATION_STYLE_ASSIGNMENT((#6776));
#6439=PRESENTATION_STYLE_ASSIGNMENT((#6777));
#6440=PRESENTATION_STYLE_ASSIGNMENT((#6778));
#6441=PRESENTATION_STYLE_ASSIGNMENT((#6779));
#6442=PRESENTATION_STYLE_ASSIGNMENT((#6780));
#6443=PRESENTATION_STYLE_ASSIGNMENT((#6781));
#6444=PRESENTATION_STYLE_ASSIGNMENT((#6782));
#6445=PRESENTATION_STYLE_ASSIGNMENT((#6783));
#6446=PRESENTATION_STYLE_ASSIGNMENT((#6784));
#6447=PRESENTATION_STYLE_ASSIGNMENT((#6785));
#6448=PRESENTATION_STYLE_ASSIGNMENT((#6786));
#6449=PRESENTATION_STYLE_ASSIGNMENT((#6787));
#6450=PRESENTATION_STYLE_ASSIGNMENT((#6788));
#6451=PRESENTATION_STYLE_ASSIGNMENT((#6789));
#6452=PRESENTATION_STYLE_ASSIGNMENT((#6790));
#6453=PRESENTATION_STYLE_ASSIGNMENT((#6791));
#6454=PRESENTATION_STYLE_ASSIGNMENT((#6792));
#6455=PRESENTATION_STYLE_ASSIGNMENT((#6793));
#6456=PRESENTATION_STYLE_ASSIGNMENT((#6794));
#6457=PRESENTATION_STYLE_ASSIGNMENT((#6795));
#6458=PRESENTATION_STYLE_ASSIGNMENT((#6796));
#6459=PRESENTATION_STYLE_ASSIGNMENT((#6797));
#6460=PRESENTATION_STYLE_ASSIGNMENT((#6798));
#6461=PRESENTATION_STYLE_ASSIGNMENT((#6799));
#6462=PRESENTATION_STYLE_ASSIGNMENT((#6800));
#6463=PRESENTATION_STYLE_ASSIGNMENT((#6801));
#6464=PRESENTATION_STYLE_ASSIGNMENT((#6802));
#6465=PRESENTATION_STYLE_ASSIGNMENT((#6803));
#6466=PRESENTATION_STYLE_ASSIGNMENT((#6804));
#6467=PRESENTATION_STYLE_ASSIGNMENT((#6805));
#6468=PRESENTATION_STYLE_ASSIGNMENT((#6806));
#6469=PRESENTATION_STYLE_ASSIGNMENT((#6807));
#6470=PRESENTATION_STYLE_ASSIGNMENT((#6808));
#6471=PRESENTATION_STYLE_ASSIGNMENT((#6809));
#6472=PRESENTATION_STYLE_ASSIGNMENT((#6810));
#6473=PRESENTATION_STYLE_ASSIGNMENT((#6811));
#6474=PRESENTATION_STYLE_ASSIGNMENT((#6812));
#6475=PRESENTATION_STYLE_ASSIGNMENT((#6813));
#6476=PRESENTATION_STYLE_ASSIGNMENT((#6814));
#6477=PRESENTATION_STYLE_ASSIGNMENT((#6815));
#6478=PRESENTATION_STYLE_ASSIGNMENT((#6816));
#6479=PRESENTATION_STYLE_ASSIGNMENT((#6817));
#6480=PRESENTATION_STYLE_ASSIGNMENT((#6818));
#6481=PRESENTATION_STYLE_ASSIGNMENT((#6819));
#6482=PRESENTATION_STYLE_ASSIGNMENT((#6820));
#6483=PRESENTATION_STYLE_ASSIGNMENT((#6821));
#6484=PRESENTATION_STYLE_ASSIGNMENT((#6822));
#6485=PRESENTATION_STYLE_ASSIGNMENT((#6823));
#6486=PRESENTATION_STYLE_ASSIGNMENT((#6824));
#6487=PRESENTATION_STYLE_ASSIGNMENT((#6825));
#6488=PRESENTATION_STYLE_ASSIGNMENT((#6826));
#6489=PRESENTATION_STYLE_ASSIGNMENT((#6827));
#6490=PRESENTATION_STYLE_ASSIGNMENT((#6828));
#6491=PRESENTATION_STYLE_ASSIGNMENT((#6829));
#6492=PRESENTATION_STYLE_ASSIGNMENT((#6830));
#6493=PRESENTATION_STYLE_ASSIGNMENT((#6831));
#6494=PRESENTATION_STYLE_ASSIGNMENT((#6832));
#6495=PRESENTATION_STYLE_ASSIGNMENT((#6833));
#6496=PRESENTATION_STYLE_ASSIGNMENT((#6834));
#6497=PRESENTATION_STYLE_ASSIGNMENT((#6835));
#6498=PRESENTATION_STYLE_ASSIGNMENT((#6836));
#6499=PRESENTATION_STYLE_ASSIGNMENT((#6837));
#6500=PRESENTATION_STYLE_ASSIGNMENT((#6838));
#6501=PRESENTATION_STYLE_ASSIGNMENT((#6839));
#6502=PRESENTATION_STYLE_ASSIGNMENT((#6840));
#6503=PRESENTATION_STYLE_ASSIGNMENT((#6841));
#6504=PRESENTATION_STYLE_ASSIGNMENT((#6842));
#6505=PRESENTATION_STYLE_ASSIGNMENT((#6843));
#6506=PRESENTATION_STYLE_ASSIGNMENT((#6844));
#6507=PRESENTATION_STYLE_ASSIGNMENT((#6845));
#6508=PRESENTATION_STYLE_ASSIGNMENT((#6846));
#6509=PRESENTATION_STYLE_ASSIGNMENT((#6847));
#6510=PRESENTATION_STYLE_ASSIGNMENT((#6848));
#6511=PRESENTATION_STYLE_ASSIGNMENT((#6849));
#6512=PRESENTATION_STYLE_ASSIGNMENT((#6850));
#6513=PRESENTATION_STYLE_ASSIGNMENT((#6851));
#6514=PRESENTATION_STYLE_ASSIGNMENT((#6852));
#6515=PRESENTATION_STYLE_ASSIGNMENT((#6853));
#6516=PRESENTATION_STYLE_ASSIGNMENT((#6854));
#6517=PRESENTATION_STYLE_ASSIGNMENT((#6855));
#6518=PRESENTATION_STYLE_ASSIGNMENT((#6856));
#6519=PRESENTATION_STYLE_ASSIGNMENT((#6857));
#6520=PRESENTATION_STYLE_ASSIGNMENT((#6858));
#6521=PRESENTATION_STYLE_ASSIGNMENT((#6859));
#6522=PRESENTATION_STYLE_ASSIGNMENT((#6860));
#6523=PRESENTATION_STYLE_ASSIGNMENT((#6861));
#6524=PRESENTATION_STYLE_ASSIGNMENT((#6862));
#6525=PRESENTATION_STYLE_ASSIGNMENT((#6863));
#6526=PRESENTATION_STYLE_ASSIGNMENT((#6864));
#6527=PRESENTATION_STYLE_ASSIGNMENT((#6865));
#6528=PRESENTATION_STYLE_ASSIGNMENT((#6866));
#6529=PRESENTATION_STYLE_ASSIGNMENT((#6867));
#6530=PRESENTATION_STYLE_ASSIGNMENT((#6868));
#6531=PRESENTATION_STYLE_ASSIGNMENT((#6869));
#6532=PRESENTATION_STYLE_ASSIGNMENT((#6870));
#6533=PRESENTATION_STYLE_ASSIGNMENT((#6871));
#6534=PRESENTATION_STYLE_ASSIGNMENT((#6872));
#6535=PRESENTATION_STYLE_ASSIGNMENT((#6873));
#6536=PRESENTATION_STYLE_ASSIGNMENT((#6874));
#6537=PRESENTATION_STYLE_ASSIGNMENT((#6875));
#6538=PRESENTATION_STYLE_ASSIGNMENT((#6876));
#6539=PRESENTATION_STYLE_ASSIGNMENT((#6877));
#6540=PRESENTATION_STYLE_ASSIGNMENT((#6878));
#6541=PRESENTATION_STYLE_ASSIGNMENT((#6879));
#6542=PRESENTATION_STYLE_ASSIGNMENT((#6880));
#6543=PRESENTATION_STYLE_ASSIGNMENT((#6881));
#6544=PRESENTATION_STYLE_ASSIGNMENT((#6882));
#6545=PRESENTATION_STYLE_ASSIGNMENT((#6883));
#6546=PRESENTATION_STYLE_ASSIGNMENT((#6884));
#6547=PRESENTATION_STYLE_ASSIGNMENT((#6885));
#6548=PRESENTATION_STYLE_ASSIGNMENT((#6886));
#6549=PRESENTATION_STYLE_ASSIGNMENT((#6887));
#6550=PRESENTATION_STYLE_ASSIGNMENT((#6888));
#6551=PRESENTATION_STYLE_ASSIGNMENT((#6889));
#6552=PRESENTATION_STYLE_ASSIGNMENT((#6890));
#6553=PRESENTATION_STYLE_ASSIGNMENT((#6891));
#6554=PRESENTATION_STYLE_ASSIGNMENT((#6892));
#6555=PRESENTATION_STYLE_ASSIGNMENT((#6893));
#6556=PRESENTATION_STYLE_ASSIGNMENT((#6894));
#6557=PRESENTATION_STYLE_ASSIGNMENT((#6895));
#6558=PRESENTATION_STYLE_ASSIGNMENT((#6896));
#6559=PRESENTATION_STYLE_ASSIGNMENT((#6897));
#6560=PRESENTATION_STYLE_ASSIGNMENT((#6898));
#6561=PRESENTATION_STYLE_ASSIGNMENT((#6899));
#6562=PRESENTATION_STYLE_ASSIGNMENT((#6900));
#6563=PRESENTATION_STYLE_ASSIGNMENT((#6901));
#6564=PRESENTATION_STYLE_ASSIGNMENT((#6902));
#6565=PRESENTATION_STYLE_ASSIGNMENT((#6903));
#6566=PRESENTATION_STYLE_ASSIGNMENT((#6904));
#6567=PRESENTATION_STYLE_ASSIGNMENT((#6905));
#6568=PRESENTATION_STYLE_ASSIGNMENT((#6906));
#6569=PRESENTATION_STYLE_ASSIGNMENT((#6907));
#6570=PRESENTATION_STYLE_ASSIGNMENT((#6908));
#6571=PRESENTATION_STYLE_ASSIGNMENT((#6909));
#6572=PRESENTATION_STYLE_ASSIGNMENT((#6910));
#6573=PRESENTATION_STYLE_ASSIGNMENT((#6911));
#6574=PRESENTATION_STYLE_ASSIGNMENT((#6912));
#6575=PRESENTATION_STYLE_ASSIGNMENT((#6913));
#6576=PRESENTATION_STYLE_ASSIGNMENT((#6914));
#6577=PRESENTATION_STYLE_ASSIGNMENT((#6915));
#6578=PRESENTATION_STYLE_ASSIGNMENT((#6916));
#6579=PRESENTATION_STYLE_ASSIGNMENT((#6917));
#6580=PRESENTATION_STYLE_ASSIGNMENT((#6918));
#6581=PRESENTATION_STYLE_ASSIGNMENT((#6919));
#6582=PRESENTATION_STYLE_ASSIGNMENT((#6920));
#6583=PRESENTATION_STYLE_ASSIGNMENT((#6921));
#6584=PRESENTATION_STYLE_ASSIGNMENT((#6922));
#6585=PRESENTATION_STYLE_ASSIGNMENT((#6923));
#6586=PRESENTATION_STYLE_ASSIGNMENT((#6924));
#6587=PRESENTATION_STYLE_ASSIGNMENT((#6925));
#6588=PRESENTATION_STYLE_ASSIGNMENT((#6926));
#6589=PRESENTATION_STYLE_ASSIGNMENT((#6927));
#6590=PRESENTATION_STYLE_ASSIGNMENT((#6928));
#6591=PRESENTATION_STYLE_ASSIGNMENT((#6929));
#6592=PRESENTATION_STYLE_ASSIGNMENT((#6930));
#6593=PRESENTATION_STYLE_ASSIGNMENT((#6931));
#6594=PRESENTATION_STYLE_ASSIGNMENT((#6932));
#6595=PRESENTATION_STYLE_ASSIGNMENT((#6933));
#6596=PRESENTATION_STYLE_ASSIGNMENT((#6934));
#6597=PRESENTATION_STYLE_ASSIGNMENT((#6935));
#6598=PRESENTATION_STYLE_ASSIGNMENT((#6936));
#6599=PRESENTATION_STYLE_ASSIGNMENT((#6937));
#6600=PRESENTATION_STYLE_ASSIGNMENT((#6938));
#6601=PRESENTATION_STYLE_ASSIGNMENT((#6939));
#6602=PRESENTATION_STYLE_ASSIGNMENT((#6940));
#6603=PRESENTATION_STYLE_ASSIGNMENT((#6941));
#6604=PRESENTATION_STYLE_ASSIGNMENT((#6942));
#6605=PRESENTATION_STYLE_ASSIGNMENT((#6943));
#6606=PRESENTATION_STYLE_ASSIGNMENT((#6944));
#6607=PRESENTATION_STYLE_ASSIGNMENT((#6945));
#6608=PRESENTATION_STYLE_ASSIGNMENT((#6946));
#6609=PRESENTATION_STYLE_ASSIGNMENT((#6947));
#6610=PRESENTATION_STYLE_ASSIGNMENT((#6948));
#6611=PRESENTATION_STYLE_ASSIGNMENT((#6949));
#6612=PRESENTATION_STYLE_ASSIGNMENT((#6950));
#6613=PRESENTATION_STYLE_ASSIGNMENT((#6951));
#6614=PRESENTATION_STYLE_ASSIGNMENT((#6952));
#6615=PRESENTATION_STYLE_ASSIGNMENT((#6953));
#6616=PRESENTATION_STYLE_ASSIGNMENT((#6954));
#6617=PRESENTATION_STYLE_ASSIGNMENT((#6955));
#6618=PRESENTATION_STYLE_ASSIGNMENT((#6956));
#6619=PRESENTATION_STYLE_ASSIGNMENT((#6957));
#6620=PRESENTATION_STYLE_ASSIGNMENT((#6958));
#6621=PRESENTATION_STYLE_ASSIGNMENT((#6959));
#6622=PRESENTATION_STYLE_ASSIGNMENT((#6960));
#6623=PRESENTATION_STYLE_ASSIGNMENT((#6961));
#6624=PRESENTATION_STYLE_ASSIGNMENT((#6962));
#6625=PRESENTATION_STYLE_ASSIGNMENT((#6963));
#6626=PRESENTATION_STYLE_ASSIGNMENT((#6964));
#6627=PRESENTATION_STYLE_ASSIGNMENT((#6965));
#6628=PRESENTATION_STYLE_ASSIGNMENT((#6966));
#6629=PRESENTATION_STYLE_ASSIGNMENT((#6967));
#6630=PRESENTATION_STYLE_ASSIGNMENT((#6968));
#6631=PRESENTATION_STYLE_ASSIGNMENT((#6969));
#6632=PRESENTATION_STYLE_ASSIGNMENT((#6970));
#6633=PRESENTATION_STYLE_ASSIGNMENT((#6971));
#6634=PRESENTATION_STYLE_ASSIGNMENT((#6972));
#6635=PRESENTATION_STYLE_ASSIGNMENT((#6973));
#6636=PRESENTATION_STYLE_ASSIGNMENT((#6974));
#6637=PRESENTATION_STYLE_ASSIGNMENT((#6975));
#6638=PRESENTATION_STYLE_ASSIGNMENT((#6976));
#6639=PRESENTATION_STYLE_ASSIGNMENT((#6977));
#6640=PRESENTATION_STYLE_ASSIGNMENT((#6978));
#6641=PRESENTATION_STYLE_ASSIGNMENT((#6979));
#6642=PRESENTATION_STYLE_ASSIGNMENT((#6980));
#6643=PRESENTATION_STYLE_ASSIGNMENT((#6981));
#6644=PRESENTATION_STYLE_ASSIGNMENT((#6982));
#6645=PRESENTATION_STYLE_ASSIGNMENT((#6983));
#6646=PRESENTATION_STYLE_ASSIGNMENT((#6984));
#6647=PRESENTATION_STYLE_ASSIGNMENT((#6985));
#6648=PRESENTATION_STYLE_ASSIGNMENT((#6986));
#6649=PRESENTATION_STYLE_ASSIGNMENT((#6987));
#6650=PRESENTATION_STYLE_ASSIGNMENT((#6988));
#6651=PRESENTATION_STYLE_ASSIGNMENT((#6989));
#6652=PRESENTATION_STYLE_ASSIGNMENT((#6990));
#6653=PRESENTATION_STYLE_ASSIGNMENT((#6991));
#6654=PRESENTATION_STYLE_ASSIGNMENT((#6992));
#6655=PRESENTATION_STYLE_ASSIGNMENT((#6993));
#6656=PRESENTATION_STYLE_ASSIGNMENT((#6994));
#6657=PRESENTATION_STYLE_ASSIGNMENT((#6995));
#6658=PRESENTATION_STYLE_ASSIGNMENT((#6996));
#6659=PRESENTATION_STYLE_ASSIGNMENT((#6997));
#6660=PRESENTATION_STYLE_ASSIGNMENT((#6998));
#6661=PRESENTATION_STYLE_ASSIGNMENT((#6999));
#6662=PRESENTATION_STYLE_ASSIGNMENT((#7000));
#6663=PRESENTATION_STYLE_ASSIGNMENT((#7001));
#6664=PRESENTATION_STYLE_ASSIGNMENT((#7002));
#6665=PRESENTATION_STYLE_ASSIGNMENT((#7003));
#6666=PRESENTATION_STYLE_ASSIGNMENT((#7004));
#6667=PRESENTATION_STYLE_ASSIGNMENT((#7005));
#6668=PRESENTATION_STYLE_ASSIGNMENT((#7006));
#6669=PRESENTATION_STYLE_ASSIGNMENT((#7007));
#6670=SURFACE_STYLE_USAGE(.BOTH.,#7008);
#6671=SURFACE_STYLE_USAGE(.BOTH.,#7009);
#6672=SURFACE_STYLE_USAGE(.BOTH.,#7010);
#6673=SURFACE_STYLE_USAGE(.BOTH.,#7011);
#6674=SURFACE_STYLE_USAGE(.BOTH.,#7012);
#6675=SURFACE_STYLE_USAGE(.BOTH.,#7013);
#6676=SURFACE_STYLE_USAGE(.BOTH.,#7014);
#6677=SURFACE_STYLE_USAGE(.BOTH.,#7015);
#6678=SURFACE_STYLE_USAGE(.BOTH.,#7016);
#6679=SURFACE_STYLE_USAGE(.BOTH.,#7017);
#6680=SURFACE_STYLE_USAGE(.BOTH.,#7018);
#6681=SURFACE_STYLE_USAGE(.BOTH.,#7019);
#6682=SURFACE_STYLE_USAGE(.BOTH.,#7020);
#6683=SURFACE_STYLE_USAGE(.BOTH.,#7021);
#6684=SURFACE_STYLE_USAGE(.BOTH.,#7022);
#6685=SURFACE_STYLE_USAGE(.BOTH.,#7023);
#6686=SURFACE_STYLE_USAGE(.BOTH.,#7024);
#6687=SURFACE_STYLE_USAGE(.BOTH.,#7025);
#6688=SURFACE_STYLE_USAGE(.BOTH.,#7026);
#6689=SURFACE_STYLE_USAGE(.BOTH.,#7027);
#6690=SURFACE_STYLE_USAGE(.BOTH.,#7028);
#6691=SURFACE_STYLE_USAGE(.BOTH.,#7029);
#6692=SURFACE_STYLE_USAGE(.BOTH.,#7030);
#6693=SURFACE_STYLE_USAGE(.BOTH.,#7031);
#6694=SURFACE_STYLE_USAGE(.BOTH.,#7032);
#6695=SURFACE_STYLE_USAGE(.BOTH.,#7033);
#6696=SURFACE_STYLE_USAGE(.BOTH.,#7034);
#6697=SURFACE_STYLE_USAGE(.BOTH.,#7035);
#6698=SURFACE_STYLE_USAGE(.BOTH.,#7036);
#6699=SURFACE_STYLE_USAGE(.BOTH.,#7037);
#6700=SURFACE_STYLE_USAGE(.BOTH.,#7038);
#6701=SURFACE_STYLE_USAGE(.BOTH.,#7039);
#6702=SURFACE_STYLE_USAGE(.BOTH.,#7040);
#6703=SURFACE_STYLE_USAGE(.BOTH.,#7041);
#6704=SURFACE_STYLE_USAGE(.BOTH.,#7042);
#6705=SURFACE_STYLE_USAGE(.BOTH.,#7043);
#6706=SURFACE_STYLE_USAGE(.BOTH.,#7044);
#6707=SURFACE_STYLE_USAGE(.BOTH.,#7045);
#6708=SURFACE_STYLE_USAGE(.BOTH.,#7046);
#6709=SURFACE_STYLE_USAGE(.BOTH.,#7047);
#6710=SURFACE_STYLE_USAGE(.BOTH.,#7048);
#6711=SURFACE_STYLE_USAGE(.BOTH.,#7049);
#6712=SURFACE_STYLE_USAGE(.BOTH.,#7050);
#6713=SURFACE_STYLE_USAGE(.BOTH.,#7051);
#6714=SURFACE_STYLE_USAGE(.BOTH.,#7052);
#6715=SURFACE_STYLE_USAGE(.BOTH.,#7053);
#6716=SURFACE_STYLE_USAGE(.BOTH.,#7054);
#6717=SURFACE_STYLE_USAGE(.BOTH.,#7055);
#6718=SURFACE_STYLE_USAGE(.BOTH.,#7056);
#6719=SURFACE_STYLE_USAGE(.BOTH.,#7057);
#6720=SURFACE_STYLE_USAGE(.BOTH.,#7058);
#6721=SURFACE_STYLE_USAGE(.BOTH.,#7059);
#6722=SURFACE_STYLE_USAGE(.BOTH.,#7060);
#6723=SURFACE_STYLE_USAGE(.BOTH.,#7061);
#6724=SURFACE_STYLE_USAGE(.BOTH.,#7062);
#6725=SURFACE_STYLE_USAGE(.BOTH.,#7063);
#6726=SURFACE_STYLE_USAGE(.BOTH.,#7064);
#6727=SURFACE_STYLE_USAGE(.BOTH.,#7065);
#6728=SURFACE_STYLE_USAGE(.BOTH.,#7066);
#6729=SURFACE_STYLE_USAGE(.BOTH.,#7067);
#6730=SURFACE_STYLE_USAGE(.BOTH.,#7068);
#6731=SURFACE_STYLE_USAGE(.BOTH.,#7069);
#6732=SURFACE_STYLE_USAGE(.BOTH.,#7070);
#6733=SURFACE_STYLE_USAGE(.BOTH.,#7071);
#6734=SURFACE_STYLE_USAGE(.BOTH.,#7072);
#6735=SURFACE_STYLE_USAGE(.BOTH.,#7073);
#6736=SURFACE_STYLE_USAGE(.BOTH.,#7074);
#6737=SURFACE_STYLE_USAGE(.BOTH.,#7075);
#6738=SURFACE_STYLE_USAGE(.BOTH.,#7076);
#6739=SURFACE_STYLE_USAGE(.BOTH.,#7077);
#6740=SURFACE_STYLE_USAGE(.BOTH.,#7078);
#6741=SURFACE_STYLE_USAGE(.BOTH.,#7079);
#6742=SURFACE_STYLE_USAGE(.BOTH.,#7080);
#6743=SURFACE_STYLE_USAGE(.BOTH.,#7081);
#6744=SURFACE_STYLE_USAGE(.BOTH.,#7082);
#6745=SURFACE_STYLE_USAGE(.BOTH.,#7083);
#6746=SURFACE_STYLE_USAGE(.BOTH.,#7084);
#6747=SURFACE_STYLE_USAGE(.BOTH.,#7085);
#6748=SURFACE_STYLE_USAGE(.BOTH.,#7086);
#6749=SURFACE_STYLE_USAGE(.BOTH.,#7087);
#6750=SURFACE_STYLE_USAGE(.BOTH.,#7088);
#6751=SURFACE_STYLE_USAGE(.BOTH.,#7089);
#6752=SURFACE_STYLE_USAGE(.BOTH.,#7090);
#6753=SURFACE_STYLE_USAGE(.BOTH.,#7091);
#6754=SURFACE_STYLE_USAGE(.BOTH.,#7092);
#6755=SURFACE_STYLE_USAGE(.BOTH.,#7093);
#6756=SURFACE_STYLE_USAGE(.BOTH.,#7094);
#6757=SURFACE_STYLE_USAGE(.BOTH.,#7095);
#6758=SURFACE_STYLE_USAGE(.BOTH.,#7096);
#6759=SURFACE_STYLE_USAGE(.BOTH.,#7097);
#6760=SURFACE_STYLE_USAGE(.BOTH.,#7098);
#6761=SURFACE_STYLE_USAGE(.BOTH.,#7099);
#6762=SURFACE_STYLE_USAGE(.BOTH.,#7100);
#6763=SURFACE_STYLE_USAGE(.BOTH.,#7101);
#6764=SURFACE_STYLE_USAGE(.BOTH.,#7102);
#6765=SURFACE_STYLE_USAGE(.BOTH.,#7103);
#6766=SURFACE_STYLE_USAGE(.BOTH.,#7104);
#6767=SURFACE_STYLE_USAGE(.BOTH.,#7105);
#6768=SURFACE_STYLE_USAGE(.BOTH.,#7106);
#6769=SURFACE_STYLE_USAGE(.BOTH.,#7107);
#6770=SURFACE_STYLE_USAGE(.BOTH.,#7108);
#6771=SURFACE_STYLE_USAGE(.BOTH.,#7109);
#6772=SURFACE_STYLE_USAGE(.BOTH.,#7110);
#6773=SURFACE_STYLE_USAGE(.BOTH.,#7111);
#6774=SURFACE_STYLE_USAGE(.BOTH.,#7112);
#6775=SURFACE_STYLE_USAGE(.BOTH.,#7113);
#6776=SURFACE_STYLE_USAGE(.BOTH.,#7114);
#6777=SURFACE_STYLE_USAGE(.BOTH.,#7115);
#6778=SURFACE_STYLE_USAGE(.BOTH.,#7116);
#6779=SURFACE_STYLE_USAGE(.BOTH.,#7117);
#6780=SURFACE_STYLE_USAGE(.BOTH.,#7118);
#6781=SURFACE_STYLE_USAGE(.BOTH.,#7119);
#6782=SURFACE_STYLE_USAGE(.BOTH.,#7120);
#6783=SURFACE_STYLE_USAGE(.BOTH.,#7121);
#6784=SURFACE_STYLE_USAGE(.BOTH.,#7122);
#6785=SURFACE_STYLE_USAGE(.BOTH.,#7123);
#6786=SURFACE_STYLE_USAGE(.BOTH.,#7124);
#6787=SURFACE_STYLE_USAGE(.BOTH.,#7125);
#6788=SURFACE_STYLE_USAGE(.BOTH.,#7126);
#6789=SURFACE_STYLE_USAGE(.BOTH.,#7127);
#6790=SURFACE_STYLE_USAGE(.BOTH.,#7128);
#6791=SURFACE_STYLE_USAGE(.BOTH.,#7129);
#6792=SURFACE_STYLE_USAGE(.BOTH.,#7130);
#6793=SURFACE_STYLE_USAGE(.BOTH.,#7131);
#6794=SURFACE_STYLE_USAGE(.BOTH.,#7132);
#6795=SURFACE_STYLE_USAGE(.BOTH.,#7133);
#6796=SURFACE_STYLE_USAGE(.BOTH.,#7134);
#6797=SURFACE_STYLE_USAGE(.BOTH.,#7135);
#6798=SURFACE_STYLE_USAGE(.BOTH.,#7136);
#6799=SURFACE_STYLE_USAGE(.BOTH.,#7137);
#6800=SURFACE_STYLE_USAGE(.BOTH.,#7138);
#6801=SURFACE_STYLE_USAGE(.BOTH.,#7139);
#6802=SURFACE_STYLE_USAGE(.BOTH.,#7140);
#6803=SURFACE_STYLE_USAGE(.BOTH.,#7141);
#6804=SURFACE_STYLE_USAGE(.BOTH.,#7142);
#6805=SURFACE_STYLE_USAGE(.BOTH.,#7143);
#6806=SURFACE_STYLE_USAGE(.BOTH.,#7144);
#6807=SURFACE_STYLE_USAGE(.BOTH.,#7145);
#6808=SURFACE_STYLE_USAGE(.BOTH.,#7146);
#6809=SURFACE_STYLE_USAGE(.BOTH.,#7147);
#6810=SURFACE_STYLE_USAGE(.BOTH.,#7148);
#6811=SURFACE_STYLE_USAGE(.BOTH.,#7149);
#6812=SURFACE_STYLE_USAGE(.BOTH.,#7150);
#6813=SURFACE_STYLE_USAGE(.BOTH.,#7151);
#6814=SURFACE_STYLE_USAGE(.BOTH.,#7152);
#6815=SURFACE_STYLE_USAGE(.BOTH.,#7153);
#6816=SURFACE_STYLE_USAGE(.BOTH.,#7154);
#6817=SURFACE_STYLE_USAGE(.BOTH.,#7155);
#6818=SURFACE_STYLE_USAGE(.BOTH.,#7156);
#6819=SURFACE_STYLE_USAGE(.BOTH.,#7157);
#6820=SURFACE_STYLE_USAGE(.BOTH.,#7158);
#6821=SURFACE_STYLE_USAGE(.BOTH.,#7159);
#6822=SURFACE_STYLE_USAGE(.BOTH.,#7160);
#6823=SURFACE_STYLE_USAGE(.BOTH.,#7161);
#6824=SURFACE_STYLE_USAGE(.BOTH.,#7162);
#6825=SURFACE_STYLE_USAGE(.BOTH.,#7163);
#6826=SURFACE_STYLE_USAGE(.BOTH.,#7164);
#6827=SURFACE_STYLE_USAGE(.BOTH.,#7165);
#6828=SURFACE_STYLE_USAGE(.BOTH.,#7166);
#6829=SURFACE_STYLE_USAGE(.BOTH.,#7167);
#6830=SURFACE_STYLE_USAGE(.BOTH.,#7168);
#6831=SURFACE_STYLE_USAGE(.BOTH.,#7169);
#6832=SURFACE_STYLE_USAGE(.BOTH.,#7170);
#6833=SURFACE_STYLE_USAGE(.BOTH.,#7171);
#6834=SURFACE_STYLE_USAGE(.BOTH.,#7172);
#6835=SURFACE_STYLE_USAGE(.BOTH.,#7173);
#6836=SURFACE_STYLE_USAGE(.BOTH.,#7174);
#6837=SURFACE_STYLE_USAGE(.BOTH.,#7175);
#6838=SURFACE_STYLE_USAGE(.BOTH.,#7176);
#6839=SURFACE_STYLE_USAGE(.BOTH.,#7177);
#6840=SURFACE_STYLE_USAGE(.BOTH.,#7178);
#6841=SURFACE_STYLE_USAGE(.BOTH.,#7179);
#6842=SURFACE_STYLE_USAGE(.BOTH.,#7180);
#6843=SURFACE_STYLE_USAGE(.BOTH.,#7181);
#6844=SURFACE_STYLE_USAGE(.BOTH.,#7182);
#6845=SURFACE_STYLE_USAGE(.BOTH.,#7183);
#6846=SURFACE_STYLE_USAGE(.BOTH.,#7184);
#6847=SURFACE_STYLE_USAGE(.BOTH.,#7185);
#6848=SURFACE_STYLE_USAGE(.BOTH.,#7186);
#6849=SURFACE_STYLE_USAGE(.BOTH.,#7187);
#6850=SURFACE_STYLE_USAGE(.BOTH.,#7188);
#6851=SURFACE_STYLE_USAGE(.BOTH.,#7189);
#6852=SURFACE_STYLE_USAGE(.BOTH.,#7190);
#6853=SURFACE_STYLE_USAGE(.BOTH.,#7191);
#6854=SURFACE_STYLE_USAGE(.BOTH.,#7192);
#6855=SURFACE_STYLE_USAGE(.BOTH.,#7193);
#6856=SURFACE_STYLE_USAGE(.BOTH.,#7194);
#6857=SURFACE_STYLE_USAGE(.BOTH.,#7195);
#6858=SURFACE_STYLE_USAGE(.BOTH.,#7196);
#6859=SURFACE_STYLE_USAGE(.BOTH.,#7197);
#6860=SURFACE_STYLE_USAGE(.BOTH.,#7198);
#6861=SURFACE_STYLE_USAGE(.BOTH.,#7199);
#6862=SURFACE_STYLE_USAGE(.BOTH.,#7200);
#6863=SURFACE_STYLE_USAGE(.BOTH.,#7201);
#6864=SURFACE_STYLE_USAGE(.BOTH.,#7202);
#6865=SURFACE_STYLE_USAGE(.BOTH.,#7203);
#6866=SURFACE_STYLE_USAGE(.BOTH.,#7204);
#6867=SURFACE_STYLE_USAGE(.BOTH.,#7205);
#6868=SURFACE_STYLE_USAGE(.BOTH.,#7206);
#6869=SURFACE_STYLE_USAGE(.BOTH.,#7207);
#6870=SURFACE_STYLE_USAGE(.BOTH.,#7208);
#6871=SURFACE_STYLE_USAGE(.BOTH.,#7209);
#6872=SURFACE_STYLE_USAGE(.BOTH.,#7210);
#6873=SURFACE_STYLE_USAGE(.BOTH.,#7211);
#6874=SURFACE_STYLE_USAGE(.BOTH.,#7212);
#6875=SURFACE_STYLE_USAGE(.BOTH.,#7213);
#6876=SURFACE_STYLE_USAGE(.BOTH.,#7214);
#6877=SURFACE_STYLE_USAGE(.BOTH.,#7215);
#6878=SURFACE_STYLE_USAGE(.BOTH.,#7216);
#6879=SURFACE_STYLE_USAGE(.BOTH.,#7217);
#6880=SURFACE_STYLE_USAGE(.BOTH.,#7218);
#6881=SURFACE_STYLE_USAGE(.BOTH.,#7219);
#6882=SURFACE_STYLE_USAGE(.BOTH.,#7220);
#6883=SURFACE_STYLE_USAGE(.BOTH.,#7221);
#6884=SURFACE_STYLE_USAGE(.BOTH.,#7222);
#6885=SURFACE_STYLE_USAGE(.BOTH.,#7223);
#6886=SURFACE_STYLE_USAGE(.BOTH.,#7224);
#6887=SURFACE_STYLE_USAGE(.BOTH.,#7225);
#6888=SURFACE_STYLE_USAGE(.BOTH.,#7226);
#6889=SURFACE_STYLE_USAGE(.BOTH.,#7227);
#6890=SURFACE_STYLE_USAGE(.BOTH.,#7228);
#6891=SURFACE_STYLE_USAGE(.BOTH.,#7229);
#6892=SURFACE_STYLE_USAGE(.BOTH.,#7230);
#6893=SURFACE_STYLE_USAGE(.BOTH.,#7231);
#6894=SURFACE_STYLE_USAGE(.BOTH.,#7232);
#6895=SURFACE_STYLE_USAGE(.BOTH.,#7233);
#6896=SURFACE_STYLE_USAGE(.BOTH.,#7234);
#6897=SURFACE_STYLE_USAGE(.BOTH.,#7235);
#6898=SURFACE_STYLE_USAGE(.BOTH.,#7236);
#6899=SURFACE_STYLE_USAGE(.BOTH.,#7237);
#6900=SURFACE_STYLE_USAGE(.BOTH.,#7238);
#6901=SURFACE_STYLE_USAGE(.BOTH.,#7239);
#6902=SURFACE_STYLE_USAGE(.BOTH.,#7240);
#6903=SURFACE_STYLE_USAGE(.BOTH.,#7241);
#6904=SURFACE_STYLE_USAGE(.BOTH.,#7242);
#6905=SURFACE_STYLE_USAGE(.BOTH.,#7243);
#6906=SURFACE_STYLE_USAGE(.BOTH.,#7244);
#6907=SURFACE_STYLE_USAGE(.BOTH.,#7245);
#6908=SURFACE_STYLE_USAGE(.BOTH.,#7246);
#6909=SURFACE_STYLE_USAGE(.BOTH.,#7247);
#6910=SURFACE_STYLE_USAGE(.BOTH.,#7248);
#6911=SURFACE_STYLE_USAGE(.BOTH.,#7249);
#6912=SURFACE_STYLE_USAGE(.BOTH.,#7250);
#6913=SURFACE_STYLE_USAGE(.BOTH.,#7251);
#6914=SURFACE_STYLE_USAGE(.BOTH.,#7252);
#6915=SURFACE_STYLE_USAGE(.BOTH.,#7253);
#6916=SURFACE_STYLE_USAGE(.BOTH.,#7254);
#6917=SURFACE_STYLE_USAGE(.BOTH.,#7255);
#6918=SURFACE_STYLE_USAGE(.BOTH.,#7256);
#6919=SURFACE_STYLE_USAGE(.BOTH.,#7257);
#6920=SURFACE_STYLE_USAGE(.BOTH.,#7258);
#6921=SURFACE_STYLE_USAGE(.BOTH.,#7259);
#6922=SURFACE_STYLE_USAGE(.BOTH.,#7260);
#6923=SURFACE_STYLE_USAGE(.BOTH.,#7261);
#6924=SURFACE_STYLE_USAGE(.BOTH.,#7262);
#6925=SURFACE_STYLE_USAGE(.BOTH.,#7263);
#6926=SURFACE_STYLE_USAGE(.BOTH.,#7264);
#6927=SURFACE_STYLE_USAGE(.BOTH.,#7265);
#6928=SURFACE_STYLE_USAGE(.BOTH.,#7266);
#6929=SURFACE_STYLE_USAGE(.BOTH.,#7267);
#6930=SURFACE_STYLE_USAGE(.BOTH.,#7268);
#6931=SURFACE_STYLE_USAGE(.BOTH.,#7269);
#6932=SURFACE_STYLE_USAGE(.BOTH.,#7270);
#6933=SURFACE_STYLE_USAGE(.BOTH.,#7271);
#6934=SURFACE_STYLE_USAGE(.BOTH.,#7272);
#6935=SURFACE_STYLE_USAGE(.BOTH.,#7273);
#6936=SURFACE_STYLE_USAGE(.BOTH.,#7274);
#6937=SURFACE_STYLE_USAGE(.BOTH.,#7275);
#6938=SURFACE_STYLE_USAGE(.BOTH.,#7276);
#6939=SURFACE_STYLE_USAGE(.BOTH.,#7277);
#6940=SURFACE_STYLE_USAGE(.BOTH.,#7278);
#6941=SURFACE_STYLE_USAGE(.BOTH.,#7279);
#6942=SURFACE_STYLE_USAGE(.BOTH.,#7280);
#6943=SURFACE_STYLE_USAGE(.BOTH.,#7281);
#6944=SURFACE_STYLE_USAGE(.BOTH.,#7282);
#6945=SURFACE_STYLE_USAGE(.BOTH.,#7283);
#6946=SURFACE_STYLE_USAGE(.BOTH.,#7284);
#6947=SURFACE_STYLE_USAGE(.BOTH.,#7285);
#6948=SURFACE_STYLE_USAGE(.BOTH.,#7286);
#6949=SURFACE_STYLE_USAGE(.BOTH.,#7287);
#6950=SURFACE_STYLE_USAGE(.BOTH.,#7288);
#6951=SURFACE_STYLE_USAGE(.BOTH.,#7289);
#6952=SURFACE_STYLE_USAGE(.BOTH.,#7290);
#6953=SURFACE_STYLE_USAGE(.BOTH.,#7291);
#6954=SURFACE_STYLE_USAGE(.BOTH.,#7292);
#6955=SURFACE_STYLE_USAGE(.BOTH.,#7293);
#6956=SURFACE_STYLE_USAGE(.BOTH.,#7294);
#6957=SURFACE_STYLE_USAGE(.BOTH.,#7295);
#6958=SURFACE_STYLE_USAGE(.BOTH.,#7296);
#6959=SURFACE_STYLE_USAGE(.BOTH.,#7297);
#6960=SURFACE_STYLE_USAGE(.BOTH.,#7298);
#6961=SURFACE_STYLE_USAGE(.BOTH.,#7299);
#6962=SURFACE_STYLE_USAGE(.BOTH.,#7300);
#6963=SURFACE_STYLE_USAGE(.BOTH.,#7301);
#6964=SURFACE_STYLE_USAGE(.BOTH.,#7302);
#6965=SURFACE_STYLE_USAGE(.BOTH.,#7303);
#6966=SURFACE_STYLE_USAGE(.BOTH.,#7304);
#6967=SURFACE_STYLE_USAGE(.BOTH.,#7305);
#6968=SURFACE_STYLE_USAGE(.BOTH.,#7306);
#6969=SURFACE_STYLE_USAGE(.BOTH.,#7307);
#6970=SURFACE_STYLE_USAGE(.BOTH.,#7308);
#6971=SURFACE_STYLE_USAGE(.BOTH.,#7309);
#6972=SURFACE_STYLE_USAGE(.BOTH.,#7310);
#6973=SURFACE_STYLE_USAGE(.BOTH.,#7311);
#6974=SURFACE_STYLE_USAGE(.BOTH.,#7312);
#6975=SURFACE_STYLE_USAGE(.BOTH.,#7313);
#6976=SURFACE_STYLE_USAGE(.BOTH.,#7314);
#6977=SURFACE_STYLE_USAGE(.BOTH.,#7315);
#6978=SURFACE_STYLE_USAGE(.BOTH.,#7316);
#6979=SURFACE_STYLE_USAGE(.BOTH.,#7317);
#6980=SURFACE_STYLE_USAGE(.BOTH.,#7318);
#6981=SURFACE_STYLE_USAGE(.BOTH.,#7319);
#6982=SURFACE_STYLE_USAGE(.BOTH.,#7320);
#6983=SURFACE_STYLE_USAGE(.BOTH.,#7321);
#6984=SURFACE_STYLE_USAGE(.BOTH.,#7322);
#6985=SURFACE_STYLE_USAGE(.BOTH.,#7323);
#6986=SURFACE_STYLE_USAGE(.BOTH.,#7324);
#6987=SURFACE_STYLE_USAGE(.BOTH.,#7325);
#6988=SURFACE_STYLE_USAGE(.BOTH.,#7326);
#6989=SURFACE_STYLE_USAGE(.BOTH.,#7327);
#6990=SURFACE_STYLE_USAGE(.BOTH.,#7328);
#6991=SURFACE_STYLE_USAGE(.BOTH.,#7329);
#6992=SURFACE_STYLE_USAGE(.BOTH.,#7330);
#6993=SURFACE_STYLE_USAGE(.BOTH.,#7331);
#6994=SURFACE_STYLE_USAGE(.BOTH.,#7332);
#6995=SURFACE_STYLE_USAGE(.BOTH.,#7333);
#6996=SURFACE_STYLE_USAGE(.BOTH.,#7334);
#6997=SURFACE_STYLE_USAGE(.BOTH.,#7335);
#6998=SURFACE_STYLE_USAGE(.BOTH.,#7336);
#6999=SURFACE_STYLE_USAGE(.BOTH.,#7337);
#7000=SURFACE_STYLE_USAGE(.BOTH.,#7338);
#7001=SURFACE_STYLE_USAGE(.BOTH.,#7339);
#7002=SURFACE_STYLE_USAGE(.BOTH.,#7340);
#7003=SURFACE_STYLE_USAGE(.BOTH.,#7341);
#7004=SURFACE_STYLE_USAGE(.BOTH.,#7342);
#7005=SURFACE_STYLE_USAGE(.BOTH.,#7343);
#7006=SURFACE_STYLE_USAGE(.BOTH.,#7344);
#7007=SURFACE_STYLE_USAGE(.BOTH.,#7345);
#7008=SURFACE_SIDE_STYLE('',(#7346));
#7009=SURFACE_SIDE_STYLE('',(#7347));
#7010=SURFACE_SIDE_STYLE('',(#7348));
#7011=SURFACE_SIDE_STYLE('',(#7349));
#7012=SURFACE_SIDE_STYLE('',(#7350));
#7013=SURFACE_SIDE_STYLE('',(#7351));
#7014=SURFACE_SIDE_STYLE('',(#7352));
#7015=SURFACE_SIDE_STYLE('',(#7353));
#7016=SURFACE_SIDE_STYLE('',(#7354));
#7017=SURFACE_SIDE_STYLE('',(#7355));
#7018=SURFACE_SIDE_STYLE('',(#7356));
#7019=SURFACE_SIDE_STYLE('',(#7357));
#7020=SURFACE_SIDE_STYLE('',(#7358));
#7021=SURFACE_SIDE_STYLE('',(#7359));
#7022=SURFACE_SIDE_STYLE('',(#7360));
#7023=SURFACE_SIDE_STYLE('',(#7361));
#7024=SURFACE_SIDE_STYLE('',(#7362));
#7025=SURFACE_SIDE_STYLE('',(#7363));
#7026=SURFACE_SIDE_STYLE('',(#7364));
#7027=SURFACE_SIDE_STYLE('',(#7365));
#7028=SURFACE_SIDE_STYLE('',(#7366));
#7029=SURFACE_SIDE_STYLE('',(#7367));
#7030=SURFACE_SIDE_STYLE('',(#7368));
#7031=SURFACE_SIDE_STYLE('',(#7369));
#7032=SURFACE_SIDE_STYLE('',(#7370));
#7033=SURFACE_SIDE_STYLE('',(#7371));
#7034=SURFACE_SIDE_STYLE('',(#7372));
#7035=SURFACE_SIDE_STYLE('',(#7373));
#7036=SURFACE_SIDE_STYLE('',(#7374));
#7037=SURFACE_SIDE_STYLE('',(#7375));
#7038=SURFACE_SIDE_STYLE('',(#7376));
#7039=SURFACE_SIDE_STYLE('',(#7377));
#7040=SURFACE_SIDE_STYLE('',(#7378));
#7041=SURFACE_SIDE_STYLE('',(#7379));
#7042=SURFACE_SIDE_STYLE('',(#7380));
#7043=SURFACE_SIDE_STYLE('',(#7381));
#7044=SURFACE_SIDE_STYLE('',(#7382));
#7045=SURFACE_SIDE_STYLE('',(#7383));
#7046=SURFACE_SIDE_STYLE('',(#7384));
#7047=SURFACE_SIDE_STYLE('',(#7385));
#7048=SURFACE_SIDE_STYLE('',(#7386));
#7049=SURFACE_SIDE_STYLE('',(#7387));
#7050=SURFACE_SIDE_STYLE('',(#7388));
#7051=SURFACE_SIDE_STYLE('',(#7389));
#7052=SURFACE_SIDE_STYLE('',(#7390));
#7053=SURFACE_SIDE_STYLE('',(#7391));
#7054=SURFACE_SIDE_STYLE('',(#7392));
#7055=SURFACE_SIDE_STYLE('',(#7393));
#7056=SURFACE_SIDE_STYLE('',(#7394));
#7057=SURFACE_SIDE_STYLE('',(#7395));
#7058=SURFACE_SIDE_STYLE('',(#7396));
#7059=SURFACE_SIDE_STYLE('',(#7397));
#7060=SURFACE_SIDE_STYLE('',(#7398));
#7061=SURFACE_SIDE_STYLE('',(#7399));
#7062=SURFACE_SIDE_STYLE('',(#7400));
#7063=SURFACE_SIDE_STYLE('',(#7401));
#7064=SURFACE_SIDE_STYLE('',(#7402));
#7065=SURFACE_SIDE_STYLE('',(#7403));
#7066=SURFACE_SIDE_STYLE('',(#7404));
#7067=SURFACE_SIDE_STYLE('',(#7405));
#7068=SURFACE_SIDE_STYLE('',(#7406));
#7069=SURFACE_SIDE_STYLE('',(#7407));
#7070=SURFACE_SIDE_STYLE('',(#7408));
#7071=SURFACE_SIDE_STYLE('',(#7409));
#7072=SURFACE_SIDE_STYLE('',(#7410));
#7073=SURFACE_SIDE_STYLE('',(#7411));
#7074=SURFACE_SIDE_STYLE('',(#7412));
#7075=SURFACE_SIDE_STYLE('',(#7413));
#7076=SURFACE_SIDE_STYLE('',(#7414));
#7077=SURFACE_SIDE_STYLE('',(#7415));
#7078=SURFACE_SIDE_STYLE('',(#7416));
#7079=SURFACE_SIDE_STYLE('',(#7417));
#7080=SURFACE_SIDE_STYLE('',(#7418));
#7081=SURFACE_SIDE_STYLE('',(#7419));
#7082=SURFACE_SIDE_STYLE('',(#7420));
#7083=SURFACE_SIDE_STYLE('',(#7421));
#7084=SURFACE_SIDE_STYLE('',(#7422));
#7085=SURFACE_SIDE_STYLE('',(#7423));
#7086=SURFACE_SIDE_STYLE('',(#7424));
#7087=SURFACE_SIDE_STYLE('',(#7425));
#7088=SURFACE_SIDE_STYLE('',(#7426));
#7089=SURFACE_SIDE_STYLE('',(#7427));
#7090=SURFACE_SIDE_STYLE('',(#7428));
#7091=SURFACE_SIDE_STYLE('',(#7429));
#7092=SURFACE_SIDE_STYLE('',(#7430));
#7093=SURFACE_SIDE_STYLE('',(#7431));
#7094=SURFACE_SIDE_STYLE('',(#7432));
#7095=SURFACE_SIDE_STYLE('',(#7433));
#7096=SURFACE_SIDE_STYLE('',(#7434));
#7097=SURFACE_SIDE_STYLE('',(#7435));
#7098=SURFACE_SIDE_STYLE('',(#7436));
#7099=SURFACE_SIDE_STYLE('',(#7437));
#7100=SURFACE_SIDE_STYLE('',(#7438));
#7101=SURFACE_SIDE_STYLE('',(#7439));
#7102=SURFACE_SIDE_STYLE('',(#7440));
#7103=SURFACE_SIDE_STYLE('',(#7441));
#7104=SURFACE_SIDE_STYLE('',(#7442));
#7105=SURFACE_SIDE_STYLE('',(#7443));
#7106=SURFACE_SIDE_STYLE('',(#7444));
#7107=SURFACE_SIDE_STYLE('',(#7445));
#7108=SURFACE_SIDE_STYLE('',(#7446));
#7109=SURFACE_SIDE_STYLE('',(#7447));
#7110=SURFACE_SIDE_STYLE('',(#7448));
#7111=SURFACE_SIDE_STYLE('',(#7449));
#7112=SURFACE_SIDE_STYLE('',(#7450));
#7113=SURFACE_SIDE_STYLE('',(#7451));
#7114=SURFACE_SIDE_STYLE('',(#7452));
#7115=SURFACE_SIDE_STYLE('',(#7453));
#7116=SURFACE_SIDE_STYLE('',(#7454));
#7117=SURFACE_SIDE_STYLE('',(#7455));
#7118=SURFACE_SIDE_STYLE('',(#7456));
#7119=SURFACE_SIDE_STYLE('',(#7457));
#7120=SURFACE_SIDE_STYLE('',(#7458));
#7121=SURFACE_SIDE_STYLE('',(#7459));
#7122=SURFACE_SIDE_STYLE('',(#7460));
#7123=SURFACE_SIDE_STYLE('',(#7461));
#7124=SURFACE_SIDE_STYLE('',(#7462));
#7125=SURFACE_SIDE_STYLE('',(#7463));
#7126=SURFACE_SIDE_STYLE('',(#7464));
#7127=SURFACE_SIDE_STYLE('',(#7465));
#7128=SURFACE_SIDE_STYLE('',(#7466));
#7129=SURFACE_SIDE_STYLE('',(#7467));
#7130=SURFACE_SIDE_STYLE('',(#7468));
#7131=SURFACE_SIDE_STYLE('',(#7469));
#7132=SURFACE_SIDE_STYLE('',(#7470));
#7133=SURFACE_SIDE_STYLE('',(#7471));
#7134=SURFACE_SIDE_STYLE('',(#7472));
#7135=SURFACE_SIDE_STYLE('',(#7473));
#7136=SURFACE_SIDE_STYLE('',(#7474));
#7137=SURFACE_SIDE_STYLE('',(#7475));
#7138=SURFACE_SIDE_STYLE('',(#7476));
#7139=SURFACE_SIDE_STYLE('',(#7477));
#7140=SURFACE_SIDE_STYLE('',(#7478));
#7141=SURFACE_SIDE_STYLE('',(#7479));
#7142=SURFACE_SIDE_STYLE('',(#7480));
#7143=SURFACE_SIDE_STYLE('',(#7481));
#7144=SURFACE_SIDE_STYLE('',(#7482));
#7145=SURFACE_SIDE_STYLE('',(#7483));
#7146=SURFACE_SIDE_STYLE('',(#7484));
#7147=SURFACE_SIDE_STYLE('',(#7485));
#7148=SURFACE_SIDE_STYLE('',(#7486));
#7149=SURFACE_SIDE_STYLE('',(#7487));
#7150=SURFACE_SIDE_STYLE('',(#7488));
#7151=SURFACE_SIDE_STYLE('',(#7489));
#7152=SURFACE_SIDE_STYLE('',(#7490));
#7153=SURFACE_SIDE_STYLE('',(#7491));
#7154=SURFACE_SIDE_STYLE('',(#7492));
#7155=SURFACE_SIDE_STYLE('',(#7493));
#7156=SURFACE_SIDE_STYLE('',(#7494));
#7157=SURFACE_SIDE_STYLE('',(#7495));
#7158=SURFACE_SIDE_STYLE('',(#7496));
#7159=SURFACE_SIDE_STYLE('',(#7497));
#7160=SURFACE_SIDE_STYLE('',(#7498));
#7161=SURFACE_SIDE_STYLE('',(#7499));
#7162=SURFACE_SIDE_STYLE('',(#7500));
#7163=SURFACE_SIDE_STYLE('',(#7501));
#7164=SURFACE_SIDE_STYLE('',(#7502));
#7165=SURFACE_SIDE_STYLE('',(#7503));
#7166=SURFACE_SIDE_STYLE('',(#7504));
#7167=SURFACE_SIDE_STYLE('',(#7505));
#7168=SURFACE_SIDE_STYLE('',(#7506));
#7169=SURFACE_SIDE_STYLE('',(#7507));
#7170=SURFACE_SIDE_STYLE('',(#7508));
#7171=SURFACE_SIDE_STYLE('',(#7509));
#7172=SURFACE_SIDE_STYLE('',(#7510));
#7173=SURFACE_SIDE_STYLE('',(#7511));
#7174=SURFACE_SIDE_STYLE('',(#7512));
#7175=SURFACE_SIDE_STYLE('',(#7513));
#7176=SURFACE_SIDE_STYLE('',(#7514));
#7177=SURFACE_SIDE_STYLE('',(#7515));
#7178=SURFACE_SIDE_STYLE('',(#7516));
#7179=SURFACE_SIDE_STYLE('',(#7517));
#7180=SURFACE_SIDE_STYLE('',(#7518));
#7181=SURFACE_SIDE_STYLE('',(#7519));
#7182=SURFACE_SIDE_STYLE('',(#7520));
#7183=SURFACE_SIDE_STYLE('',(#7521));
#7184=SURFACE_SIDE_STYLE('',(#7522));
#7185=SURFACE_SIDE_STYLE('',(#7523));
#7186=SURFACE_SIDE_STYLE('',(#7524));
#7187=SURFACE_SIDE_STYLE('',(#7525));
#7188=SURFACE_SIDE_STYLE('',(#7526));
#7189=SURFACE_SIDE_STYLE('',(#7527));
#7190=SURFACE_SIDE_STYLE('',(#7528));
#7191=SURFACE_SIDE_STYLE('',(#7529));
#7192=SURFACE_SIDE_STYLE('',(#7530));
#7193=SURFACE_SIDE_STYLE('',(#7531));
#7194=SURFACE_SIDE_STYLE('',(#7532));
#7195=SURFACE_SIDE_STYLE('',(#7533));
#7196=SURFACE_SIDE_STYLE('',(#7534));
#7197=SURFACE_SIDE_STYLE('',(#7535));
#7198=SURFACE_SIDE_STYLE('',(#7536));
#7199=SURFACE_SIDE_STYLE('',(#7537));
#7200=SURFACE_SIDE_STYLE('',(#7538));
#7201=SURFACE_SIDE_STYLE('',(#7539));
#7202=SURFACE_SIDE_STYLE('',(#7540));
#7203=SURFACE_SIDE_STYLE('',(#7541));
#7204=SURFACE_SIDE_STYLE('',(#7542));
#7205=SURFACE_SIDE_STYLE('',(#7543));
#7206=SURFACE_SIDE_STYLE('',(#7544));
#7207=SURFACE_SIDE_STYLE('',(#7545));
#7208=SURFACE_SIDE_STYLE('',(#7546));
#7209=SURFACE_SIDE_STYLE('',(#7547));
#7210=SURFACE_SIDE_STYLE('',(#7548));
#7211=SURFACE_SIDE_STYLE('',(#7549));
#7212=SURFACE_SIDE_STYLE('',(#7550));
#7213=SURFACE_SIDE_STYLE('',(#7551));
#7214=SURFACE_SIDE_STYLE('',(#7552));
#7215=SURFACE_SIDE_STYLE('',(#7553));
#7216=SURFACE_SIDE_STYLE('',(#7554));
#7217=SURFACE_SIDE_STYLE('',(#7555));
#7218=SURFACE_SIDE_STYLE('',(#7556));
#7219=SURFACE_SIDE_STYLE('',(#7557));
#7220=SURFACE_SIDE_STYLE('',(#7558));
#7221=SURFACE_SIDE_STYLE('',(#7559));
#7222=SURFACE_SIDE_STYLE('',(#7560));
#7223=SURFACE_SIDE_STYLE('',(#7561));
#7224=SURFACE_SIDE_STYLE('',(#7562));
#7225=SURFACE_SIDE_STYLE('',(#7563));
#7226=SURFACE_SIDE_STYLE('',(#7564));
#7227=SURFACE_SIDE_STYLE('',(#7565));
#7228=SURFACE_SIDE_STYLE('',(#7566));
#7229=SURFACE_SIDE_STYLE('',(#7567));
#7230=SURFACE_SIDE_STYLE('',(#7568));
#7231=SURFACE_SIDE_STYLE('',(#7569));
#7232=SURFACE_SIDE_STYLE('',(#7570));
#7233=SURFACE_SIDE_STYLE('',(#7571));
#7234=SURFACE_SIDE_STYLE('',(#7572));
#7235=SURFACE_SIDE_STYLE('',(#7573));
#7236=SURFACE_SIDE_STYLE('',(#7574));
#7237=SURFACE_SIDE_STYLE('',(#7575));
#7238=SURFACE_SIDE_STYLE('',(#7576));
#7239=SURFACE_SIDE_STYLE('',(#7577));
#7240=SURFACE_SIDE_STYLE('',(#7578));
#7241=SURFACE_SIDE_STYLE('',(#7579));
#7242=SURFACE_SIDE_STYLE('',(#7580));
#7243=SURFACE_SIDE_STYLE('',(#7581));
#7244=SURFACE_SIDE_STYLE('',(#7582));
#7245=SURFACE_SIDE_STYLE('',(#7583));
#7246=SURFACE_SIDE_STYLE('',(#7584));
#7247=SURFACE_SIDE_STYLE('',(#7585));
#7248=SURFACE_SIDE_STYLE('',(#7586));
#7249=SURFACE_SIDE_STYLE('',(#7587));
#7250=SURFACE_SIDE_STYLE('',(#7588));
#7251=SURFACE_SIDE_STYLE('',(#7589));
#7252=SURFACE_SIDE_STYLE('',(#7590));
#7253=SURFACE_SIDE_STYLE('',(#7591));
#7254=SURFACE_SIDE_STYLE('',(#7592));
#7255=SURFACE_SIDE_STYLE('',(#7593));
#7256=SURFACE_SIDE_STYLE('',(#7594));
#7257=SURFACE_SIDE_STYLE('',(#7595));
#7258=SURFACE_SIDE_STYLE('',(#7596));
#7259=SURFACE_SIDE_STYLE('',(#7597));
#7260=SURFACE_SIDE_STYLE('',(#7598));
#7261=SURFACE_SIDE_STYLE('',(#7599));
#7262=SURFACE_SIDE_STYLE('',(#7600));
#7263=SURFACE_SIDE_STYLE('',(#7601));
#7264=SURFACE_SIDE_STYLE('',(#7602));
#7265=SURFACE_SIDE_STYLE('',(#7603));
#7266=SURFACE_SIDE_STYLE('',(#7604));
#7267=SURFACE_SIDE_STYLE('',(#7605));
#7268=SURFACE_SIDE_STYLE('',(#7606));
#7269=SURFACE_SIDE_STYLE('',(#7607));
#7270=SURFACE_SIDE_STYLE('',(#7608));
#7271=SURFACE_SIDE_STYLE('',(#7609));
#7272=SURFACE_SIDE_STYLE('',(#7610));
#7273=SURFACE_SIDE_STYLE('',(#7611));
#7274=SURFACE_SIDE_STYLE('',(#7612));
#7275=SURFACE_SIDE_STYLE('',(#7613));
#7276=SURFACE_SIDE_STYLE('',(#7614));
#7277=SURFACE_SIDE_STYLE('',(#7615));
#7278=SURFACE_SIDE_STYLE('',(#7616));
#7279=SURFACE_SIDE_STYLE('',(#7617));
#7280=SURFACE_SIDE_STYLE('',(#7618));
#7281=SURFACE_SIDE_STYLE('',(#7619));
#7282=SURFACE_SIDE_STYLE('',(#7620));
#7283=SURFACE_SIDE_STYLE('',(#7621));
#7284=SURFACE_SIDE_STYLE('',(#7622));
#7285=SURFACE_SIDE_STYLE('',(#7623));
#7286=SURFACE_SIDE_STYLE('',(#7624));
#7287=SURFACE_SIDE_STYLE('',(#7625));
#7288=SURFACE_SIDE_STYLE('',(#7626));
#7289=SURFACE_SIDE_STYLE('',(#7627));
#7290=SURFACE_SIDE_STYLE('',(#7628));
#7291=SURFACE_SIDE_STYLE('',(#7629));
#7292=SURFACE_SIDE_STYLE('',(#7630));
#7293=SURFACE_SIDE_STYLE('',(#7631));
#7294=SURFACE_SIDE_STYLE('',(#7632));
#7295=SURFACE_SIDE_STYLE('',(#7633));
#7296=SURFACE_SIDE_STYLE('',(#7634));
#7297=SURFACE_SIDE_STYLE('',(#7635));
#7298=SURFACE_SIDE_STYLE('',(#7636));
#7299=SURFACE_SIDE_STYLE('',(#7637));
#7300=SURFACE_SIDE_STYLE('',(#7638));
#7301=SURFACE_SIDE_STYLE('',(#7639));
#7302=SURFACE_SIDE_STYLE('',(#7640));
#7303=SURFACE_SIDE_STYLE('',(#7641));
#7304=SURFACE_SIDE_STYLE('',(#7642));
#7305=SURFACE_SIDE_STYLE('',(#7643));
#7306=SURFACE_SIDE_STYLE('',(#7644));
#7307=SURFACE_SIDE_STYLE('',(#7645));
#7308=SURFACE_SIDE_STYLE('',(#7646));
#7309=SURFACE_SIDE_STYLE('',(#7647));
#7310=SURFACE_SIDE_STYLE('',(#7648));
#7311=SURFACE_SIDE_STYLE('',(#7649));
#7312=SURFACE_SIDE_STYLE('',(#7650));
#7313=SURFACE_SIDE_STYLE('',(#7651));
#7314=SURFACE_SIDE_STYLE('',(#7652));
#7315=SURFACE_SIDE_STYLE('',(#7653));
#7316=SURFACE_SIDE_STYLE('',(#7654));
#7317=SURFACE_SIDE_STYLE('',(#7655));
#7318=SURFACE_SIDE_STYLE('',(#7656));
#7319=SURFACE_SIDE_STYLE('',(#7657));
#7320=SURFACE_SIDE_STYLE('',(#7658));
#7321=SURFACE_SIDE_STYLE('',(#7659));
#7322=SURFACE_SIDE_STYLE('',(#7660));
#7323=SURFACE_SIDE_STYLE('',(#7661));
#7324=SURFACE_SIDE_STYLE('',(#7662));
#7325=SURFACE_SIDE_STYLE('',(#7663));
#7326=SURFACE_SIDE_STYLE('',(#7664));
#7327=SURFACE_SIDE_STYLE('',(#7665));
#7328=SURFACE_SIDE_STYLE('',(#7666));
#7329=SURFACE_SIDE_STYLE('',(#7667));
#7330=SURFACE_SIDE_STYLE('',(#7668));
#7331=SURFACE_SIDE_STYLE('',(#7669));
#7332=SURFACE_SIDE_STYLE('',(#7670));
#7333=SURFACE_SIDE_STYLE('',(#7671));
#7334=SURFACE_SIDE_STYLE('',(#7672));
#7335=SURFACE_SIDE_STYLE('',(#7673));
#7336=SURFACE_SIDE_STYLE('',(#7674));
#7337=SURFACE_SIDE_STYLE('',(#7675));
#7338=SURFACE_SIDE_STYLE('',(#7676));
#7339=SURFACE_SIDE_STYLE('',(#7677));
#7340=SURFACE_SIDE_STYLE('',(#7678));
#7341=SURFACE_SIDE_STYLE('',(#7679));
#7342=SURFACE_SIDE_STYLE('',(#7680));
#7343=SURFACE_SIDE_STYLE('',(#7681));
#7344=SURFACE_SIDE_STYLE('',(#7682));
#7345=SURFACE_SIDE_STYLE('',(#7683));
#7346=SURFACE_STYLE_FILL_AREA(#7684);
#7347=SURFACE_STYLE_FILL_AREA(#7685);
#7348=SURFACE_STYLE_FILL_AREA(#7686);
#7349=SURFACE_STYLE_FILL_AREA(#7687);
#7350=SURFACE_STYLE_FILL_AREA(#7688);
#7351=SURFACE_STYLE_FILL_AREA(#7689);
#7352=SURFACE_STYLE_FILL_AREA(#7690);
#7353=SURFACE_STYLE_FILL_AREA(#7691);
#7354=SURFACE_STYLE_FILL_AREA(#7692);
#7355=SURFACE_STYLE_FILL_AREA(#7693);
#7356=SURFACE_STYLE_FILL_AREA(#7694);
#7357=SURFACE_STYLE_FILL_AREA(#7695);
#7358=SURFACE_STYLE_FILL_AREA(#7696);
#7359=SURFACE_STYLE_FILL_AREA(#7697);
#7360=SURFACE_STYLE_FILL_AREA(#7698);
#7361=SURFACE_STYLE_FILL_AREA(#7699);
#7362=SURFACE_STYLE_FILL_AREA(#7700);
#7363=SURFACE_STYLE_FILL_AREA(#7701);
#7364=SURFACE_STYLE_FILL_AREA(#7702);
#7365=SURFACE_STYLE_FILL_AREA(#7703);
#7366=SURFACE_STYLE_FILL_AREA(#7704);
#7367=SURFACE_STYLE_FILL_AREA(#7705);
#7368=SURFACE_STYLE_FILL_AREA(#7706);
#7369=SURFACE_STYLE_FILL_AREA(#7707);
#7370=SURFACE_STYLE_FILL_AREA(#7708);
#7371=SURFACE_STYLE_FILL_AREA(#7709);
#7372=SURFACE_STYLE_FILL_AREA(#7710);
#7373=SURFACE_STYLE_FILL_AREA(#7711);
#7374=SURFACE_STYLE_FILL_AREA(#7712);
#7375=SURFACE_STYLE_FILL_AREA(#7713);
#7376=SURFACE_STYLE_FILL_AREA(#7714);
#7377=SURFACE_STYLE_FILL_AREA(#7715);
#7378=SURFACE_STYLE_FILL_AREA(#7716);
#7379=SURFACE_STYLE_FILL_AREA(#7717);
#7380=SURFACE_STYLE_FILL_AREA(#7718);
#7381=SURFACE_STYLE_FILL_AREA(#7719);
#7382=SURFACE_STYLE_FILL_AREA(#7720);
#7383=SURFACE_STYLE_FILL_AREA(#7721);
#7384=SURFACE_STYLE_FILL_AREA(#7722);
#7385=SURFACE_STYLE_FILL_AREA(#7723);
#7386=SURFACE_STYLE_FILL_AREA(#7724);
#7387=SURFACE_STYLE_FILL_AREA(#7725);
#7388=SURFACE_STYLE_FILL_AREA(#7726);
#7389=SURFACE_STYLE_FILL_AREA(#7727);
#7390=SURFACE_STYLE_FILL_AREA(#7728);
#7391=SURFACE_STYLE_FILL_AREA(#7729);
#7392=SURFACE_STYLE_FILL_AREA(#7730);
#7393=SURFACE_STYLE_FILL_AREA(#7731);
#7394=SURFACE_STYLE_FILL_AREA(#7732);
#7395=SURFACE_STYLE_FILL_AREA(#7733);
#7396=SURFACE_STYLE_FILL_AREA(#7734);
#7397=SURFACE_STYLE_FILL_AREA(#7735);
#7398=SURFACE_STYLE_FILL_AREA(#7736);
#7399=SURFACE_STYLE_FILL_AREA(#7737);
#7400=SURFACE_STYLE_FILL_AREA(#7738);
#7401=SURFACE_STYLE_FILL_AREA(#7739);
#7402=SURFACE_STYLE_FILL_AREA(#7740);
#7403=SURFACE_STYLE_FILL_AREA(#7741);
#7404=SURFACE_STYLE_FILL_AREA(#7742);
#7405=SURFACE_STYLE_FILL_AREA(#7743);
#7406=SURFACE_STYLE_FILL_AREA(#7744);
#7407=SURFACE_STYLE_FILL_AREA(#7745);
#7408=SURFACE_STYLE_FILL_AREA(#7746);
#7409=SURFACE_STYLE_FILL_AREA(#7747);
#7410=SURFACE_STYLE_FILL_AREA(#7748);
#7411=SURFACE_STYLE_FILL_AREA(#7749);
#7412=SURFACE_STYLE_FILL_AREA(#7750);
#7413=SURFACE_STYLE_FILL_AREA(#7751);
#7414=SURFACE_STYLE_FILL_AREA(#7752);
#7415=SURFACE_STYLE_FILL_AREA(#7753);
#7416=SURFACE_STYLE_FILL_AREA(#7754);
#7417=SURFACE_STYLE_FILL_AREA(#7755);
#7418=SURFACE_STYLE_FILL_AREA(#7756);
#7419=SURFACE_STYLE_FILL_AREA(#7757);
#7420=SURFACE_STYLE_FILL_AREA(#7758);
#7421=SURFACE_STYLE_FILL_AREA(#7759);
#7422=SURFACE_STYLE_FILL_AREA(#7760);
#7423=SURFACE_STYLE_FILL_AREA(#7761);
#7424=SURFACE_STYLE_FILL_AREA(#7762);
#7425=SURFACE_STYLE_FILL_AREA(#7763);
#7426=SURFACE_STYLE_FILL_AREA(#7764);
#7427=SURFACE_STYLE_FILL_AREA(#7765);
#7428=SURFACE_STYLE_FILL_AREA(#7766);
#7429=SURFACE_STYLE_FILL_AREA(#7767);
#7430=SURFACE_STYLE_FILL_AREA(#7768);
#7431=SURFACE_STYLE_FILL_AREA(#7769);
#7432=SURFACE_STYLE_FILL_AREA(#7770);
#7433=SURFACE_STYLE_FILL_AREA(#7771);
#7434=SURFACE_STYLE_FILL_AREA(#7772);
#7435=SURFACE_STYLE_FILL_AREA(#7773);
#7436=SURFACE_STYLE_FILL_AREA(#7774);
#7437=SURFACE_STYLE_FILL_AREA(#7775);
#7438=SURFACE_STYLE_FILL_AREA(#7776);
#7439=SURFACE_STYLE_FILL_AREA(#7777);
#7440=SURFACE_STYLE_FILL_AREA(#7778);
#7441=SURFACE_STYLE_FILL_AREA(#7779);
#7442=SURFACE_STYLE_FILL_AREA(#7780);
#7443=SURFACE_STYLE_FILL_AREA(#7781);
#7444=SURFACE_STYLE_FILL_AREA(#7782);
#7445=SURFACE_STYLE_FILL_AREA(#7783);
#7446=SURFACE_STYLE_FILL_AREA(#7784);
#7447=SURFACE_STYLE_FILL_AREA(#7785);
#7448=SURFACE_STYLE_FILL_AREA(#7786);
#7449=SURFACE_STYLE_FILL_AREA(#7787);
#7450=SURFACE_STYLE_FILL_AREA(#7788);
#7451=SURFACE_STYLE_FILL_AREA(#7789);
#7452=SURFACE_STYLE_FILL_AREA(#7790);
#7453=SURFACE_STYLE_FILL_AREA(#7791);
#7454=SURFACE_STYLE_FILL_AREA(#7792);
#7455=SURFACE_STYLE_FILL_AREA(#7793);
#7456=SURFACE_STYLE_FILL_AREA(#7794);
#7457=SURFACE_STYLE_FILL_AREA(#7795);
#7458=SURFACE_STYLE_FILL_AREA(#7796);
#7459=SURFACE_STYLE_FILL_AREA(#7797);
#7460=SURFACE_STYLE_FILL_AREA(#7798);
#7461=SURFACE_STYLE_FILL_AREA(#7799);
#7462=SURFACE_STYLE_FILL_AREA(#7800);
#7463=SURFACE_STYLE_FILL_AREA(#7801);
#7464=SURFACE_STYLE_FILL_AREA(#7802);
#7465=SURFACE_STYLE_FILL_AREA(#7803);
#7466=SURFACE_STYLE_FILL_AREA(#7804);
#7467=SURFACE_STYLE_FILL_AREA(#7805);
#7468=SURFACE_STYLE_FILL_AREA(#7806);
#7469=SURFACE_STYLE_FILL_AREA(#7807);
#7470=SURFACE_STYLE_FILL_AREA(#7808);
#7471=SURFACE_STYLE_FILL_AREA(#7809);
#7472=SURFACE_STYLE_FILL_AREA(#7810);
#7473=SURFACE_STYLE_FILL_AREA(#7811);
#7474=SURFACE_STYLE_FILL_AREA(#7812);
#7475=SURFACE_STYLE_FILL_AREA(#7813);
#7476=SURFACE_STYLE_FILL_AREA(#7814);
#7477=SURFACE_STYLE_FILL_AREA(#7815);
#7478=SURFACE_STYLE_FILL_AREA(#7816);
#7479=SURFACE_STYLE_FILL_AREA(#7817);
#7480=SURFACE_STYLE_FILL_AREA(#7818);
#7481=SURFACE_STYLE_FILL_AREA(#7819);
#7482=SURFACE_STYLE_FILL_AREA(#7820);
#7483=SURFACE_STYLE_FILL_AREA(#7821);
#7484=SURFACE_STYLE_FILL_AREA(#7822);
#7485=SURFACE_STYLE_FILL_AREA(#7823);
#7486=SURFACE_STYLE_FILL_AREA(#7824);
#7487=SURFACE_STYLE_FILL_AREA(#7825);
#7488=SURFACE_STYLE_FILL_AREA(#7826);
#7489=SURFACE_STYLE_FILL_AREA(#7827);
#7490=SURFACE_STYLE_FILL_AREA(#7828);
#7491=SURFACE_STYLE_FILL_AREA(#7829);
#7492=SURFACE_STYLE_FILL_AREA(#7830);
#7493=SURFACE_STYLE_FILL_AREA(#7831);
#7494=SURFACE_STYLE_FILL_AREA(#7832);
#7495=SURFACE_STYLE_FILL_AREA(#7833);
#7496=SURFACE_STYLE_FILL_AREA(#7834);
#7497=SURFACE_STYLE_FILL_AREA(#7835);
#7498=SURFACE_STYLE_FILL_AREA(#7836);
#7499=SURFACE_STYLE_FILL_AREA(#7837);
#7500=SURFACE_STYLE_FILL_AREA(#7838);
#7501=SURFACE_STYLE_FILL_AREA(#7839);
#7502=SURFACE_STYLE_FILL_AREA(#7840);
#7503=SURFACE_STYLE_FILL_AREA(#7841);
#7504=SURFACE_STYLE_FILL_AREA(#7842);
#7505=SURFACE_STYLE_FILL_AREA(#7843);
#7506=SURFACE_STYLE_FILL_AREA(#7844);
#7507=SURFACE_STYLE_FILL_AREA(#7845);
#7508=SURFACE_STYLE_FILL_AREA(#7846);
#7509=SURFACE_STYLE_FILL_AREA(#7847);
#7510=SURFACE_STYLE_FILL_AREA(#7848);
#7511=SURFACE_STYLE_FILL_AREA(#7849);
#7512=SURFACE_STYLE_FILL_AREA(#7850);
#7513=SURFACE_STYLE_FILL_AREA(#7851);
#7514=SURFACE_STYLE_FILL_AREA(#7852);
#7515=SURFACE_STYLE_FILL_AREA(#7853);
#7516=SURFACE_STYLE_FILL_AREA(#7854);
#7517=SURFACE_STYLE_FILL_AREA(#7855);
#7518=SURFACE_STYLE_FILL_AREA(#7856);
#7519=SURFACE_STYLE_FILL_AREA(#7857);
#7520=SURFACE_STYLE_FILL_AREA(#7858);
#7521=SURFACE_STYLE_FILL_AREA(#7859);
#7522=SURFACE_STYLE_FILL_AREA(#7860);
#7523=SURFACE_STYLE_FILL_AREA(#7861);
#7524=SURFACE_STYLE_FILL_AREA(#7862);
#7525=SURFACE_STYLE_FILL_AREA(#7863);
#7526=SURFACE_STYLE_FILL_AREA(#7864);
#7527=SURFACE_STYLE_FILL_AREA(#7865);
#7528=SURFACE_STYLE_FILL_AREA(#7866);
#7529=SURFACE_STYLE_FILL_AREA(#7867);
#7530=SURFACE_STYLE_FILL_AREA(#7868);
#7531=SURFACE_STYLE_FILL_AREA(#7869);
#7532=SURFACE_STYLE_FILL_AREA(#7870);
#7533=SURFACE_STYLE_FILL_AREA(#7871);
#7534=SURFACE_STYLE_FILL_AREA(#7872);
#7535=SURFACE_STYLE_FILL_AREA(#7873);
#7536=SURFACE_STYLE_FILL_AREA(#7874);
#7537=SURFACE_STYLE_FILL_AREA(#7875);
#7538=SURFACE_STYLE_FILL_AREA(#7876);
#7539=SURFACE_STYLE_FILL_AREA(#7877);
#7540=SURFACE_STYLE_FILL_AREA(#7878);
#7541=SURFACE_STYLE_FILL_AREA(#7879);
#7542=SURFACE_STYLE_FILL_AREA(#7880);
#7543=SURFACE_STYLE_FILL_AREA(#7881);
#7544=SURFACE_STYLE_FILL_AREA(#7882);
#7545=SURFACE_STYLE_FILL_AREA(#7883);
#7546=SURFACE_STYLE_FILL_AREA(#7884);
#7547=SURFACE_STYLE_FILL_AREA(#7885);
#7548=SURFACE_STYLE_FILL_AREA(#7886);
#7549=SURFACE_STYLE_FILL_AREA(#7887);
#7550=SURFACE_STYLE_FILL_AREA(#7888);
#7551=SURFACE_STYLE_FILL_AREA(#7889);
#7552=SURFACE_STYLE_FILL_AREA(#7890);
#7553=SURFACE_STYLE_FILL_AREA(#7891);
#7554=SURFACE_STYLE_FILL_AREA(#7892);
#7555=SURFACE_STYLE_FILL_AREA(#7893);
#7556=SURFACE_STYLE_FILL_AREA(#7894);
#7557=SURFACE_STYLE_FILL_AREA(#7895);
#7558=SURFACE_STYLE_FILL_AREA(#7896);
#7559=SURFACE_STYLE_FILL_AREA(#7897);
#7560=SURFACE_STYLE_FILL_AREA(#7898);
#7561=SURFACE_STYLE_FILL_AREA(#7899);
#7562=SURFACE_STYLE_FILL_AREA(#7900);
#7563=SURFACE_STYLE_FILL_AREA(#7901);
#7564=SURFACE_STYLE_FILL_AREA(#7902);
#7565=SURFACE_STYLE_FILL_AREA(#7903);
#7566=SURFACE_STYLE_FILL_AREA(#7904);
#7567=SURFACE_STYLE_FILL_AREA(#7905);
#7568=SURFACE_STYLE_FILL_AREA(#7906);
#7569=SURFACE_STYLE_FILL_AREA(#7907);
#7570=SURFACE_STYLE_FILL_AREA(#7908);
#7571=SURFACE_STYLE_FILL_AREA(#7909);
#7572=SURFACE_STYLE_FILL_AREA(#7910);
#7573=SURFACE_STYLE_FILL_AREA(#7911);
#7574=SURFACE_STYLE_FILL_AREA(#7912);
#7575=SURFACE_STYLE_FILL_AREA(#7913);
#7576=SURFACE_STYLE_FILL_AREA(#7914);
#7577=SURFACE_STYLE_FILL_AREA(#7915);
#7578=SURFACE_STYLE_FILL_AREA(#7916);
#7579=SURFACE_STYLE_FILL_AREA(#7917);
#7580=SURFACE_STYLE_FILL_AREA(#7918);
#7581=SURFACE_STYLE_FILL_AREA(#7919);
#7582=SURFACE_STYLE_FILL_AREA(#7920);
#7583=SURFACE_STYLE_FILL_AREA(#7921);
#7584=SURFACE_STYLE_FILL_AREA(#7922);
#7585=SURFACE_STYLE_FILL_AREA(#7923);
#7586=SURFACE_STYLE_FILL_AREA(#7924);
#7587=SURFACE_STYLE_FILL_AREA(#7925);
#7588=SURFACE_STYLE_FILL_AREA(#7926);
#7589=SURFACE_STYLE_FILL_AREA(#7927);
#7590=SURFACE_STYLE_FILL_AREA(#7928);
#7591=SURFACE_STYLE_FILL_AREA(#7929);
#7592=SURFACE_STYLE_FILL_AREA(#7930);
#7593=SURFACE_STYLE_FILL_AREA(#7931);
#7594=SURFACE_STYLE_FILL_AREA(#7932);
#7595=SURFACE_STYLE_FILL_AREA(#7933);
#7596=SURFACE_STYLE_FILL_AREA(#7934);
#7597=SURFACE_STYLE_FILL_AREA(#7935);
#7598=SURFACE_STYLE_FILL_AREA(#7936);
#7599=SURFACE_STYLE_FILL_AREA(#7937);
#7600=SURFACE_STYLE_FILL_AREA(#7938);
#7601=SURFACE_STYLE_FILL_AREA(#7939);
#7602=SURFACE_STYLE_FILL_AREA(#7940);
#7603=SURFACE_STYLE_FILL_AREA(#7941);
#7604=SURFACE_STYLE_FILL_AREA(#7942);
#7605=SURFACE_STYLE_FILL_AREA(#7943);
#7606=SURFACE_STYLE_FILL_AREA(#7944);
#7607=SURFACE_STYLE_FILL_AREA(#7945);
#7608=SURFACE_STYLE_FILL_AREA(#7946);
#7609=SURFACE_STYLE_FILL_AREA(#7947);
#7610=SURFACE_STYLE_FILL_AREA(#7948);
#7611=SURFACE_STYLE_FILL_AREA(#7949);
#7612=SURFACE_STYLE_FILL_AREA(#7950);
#7613=SURFACE_STYLE_FILL_AREA(#7951);
#7614=SURFACE_STYLE_FILL_AREA(#7952);
#7615=SURFACE_STYLE_FILL_AREA(#7953);
#7616=SURFACE_STYLE_FILL_AREA(#7954);
#7617=SURFACE_STYLE_FILL_AREA(#7955);
#7618=SURFACE_STYLE_FILL_AREA(#7956);
#7619=SURFACE_STYLE_FILL_AREA(#7957);
#7620=SURFACE_STYLE_FILL_AREA(#7958);
#7621=SURFACE_STYLE_FILL_AREA(#7959);
#7622=SURFACE_STYLE_FILL_AREA(#7960);
#7623=SURFACE_STYLE_FILL_AREA(#7961);
#7624=SURFACE_STYLE_FILL_AREA(#7962);
#7625=SURFACE_STYLE_FILL_AREA(#7963);
#7626=SURFACE_STYLE_FILL_AREA(#7964);
#7627=SURFACE_STYLE_FILL_AREA(#7965);
#7628=SURFACE_STYLE_FILL_AREA(#7966);
#7629=SURFACE_STYLE_FILL_AREA(#7967);
#7630=SURFACE_STYLE_FILL_AREA(#7968);
#7631=SURFACE_STYLE_FILL_AREA(#7969);
#7632=SURFACE_STYLE_FILL_AREA(#7970);
#7633=SURFACE_STYLE_FILL_AREA(#7971);
#7634=SURFACE_STYLE_FILL_AREA(#7972);
#7635=SURFACE_STYLE_FILL_AREA(#7973);
#7636=SURFACE_STYLE_FILL_AREA(#7974);
#7637=SURFACE_STYLE_FILL_AREA(#7975);
#7638=SURFACE_STYLE_FILL_AREA(#7976);
#7639=SURFACE_STYLE_FILL_AREA(#7977);
#7640=SURFACE_STYLE_FILL_AREA(#7978);
#7641=SURFACE_STYLE_FILL_AREA(#7979);
#7642=SURFACE_STYLE_FILL_AREA(#7980);
#7643=SURFACE_STYLE_FILL_AREA(#7981);
#7644=SURFACE_STYLE_FILL_AREA(#7982);
#7645=SURFACE_STYLE_FILL_AREA(#7983);
#7646=SURFACE_STYLE_FILL_AREA(#7984);
#7647=SURFACE_STYLE_FILL_AREA(#7985);
#7648=SURFACE_STYLE_FILL_AREA(#7986);
#7649=SURFACE_STYLE_FILL_AREA(#7987);
#7650=SURFACE_STYLE_FILL_AREA(#7988);
#7651=SURFACE_STYLE_FILL_AREA(#7989);
#7652=SURFACE_STYLE_FILL_AREA(#7990);
#7653=SURFACE_STYLE_FILL_AREA(#7991);
#7654=SURFACE_STYLE_FILL_AREA(#7992);
#7655=SURFACE_STYLE_FILL_AREA(#7993);
#7656=SURFACE_STYLE_FILL_AREA(#7994);
#7657=SURFACE_STYLE_FILL_AREA(#7995);
#7658=SURFACE_STYLE_FILL_AREA(#7996);
#7659=SURFACE_STYLE_FILL_AREA(#7997);
#7660=SURFACE_STYLE_FILL_AREA(#7998);
#7661=SURFACE_STYLE_FILL_AREA(#7999);
#7662=SURFACE_STYLE_FILL_AREA(#8000);
#7663=SURFACE_STYLE_FILL_AREA(#8001);
#7664=SURFACE_STYLE_FILL_AREA(#8002);
#7665=SURFACE_STYLE_FILL_AREA(#8003);
#7666=SURFACE_STYLE_FILL_AREA(#8004);
#7667=SURFACE_STYLE_FILL_AREA(#8005);
#7668=SURFACE_STYLE_FILL_AREA(#8006);
#7669=SURFACE_STYLE_FILL_AREA(#8007);
#7670=SURFACE_STYLE_FILL_AREA(#8008);
#7671=SURFACE_STYLE_FILL_AREA(#8009);
#7672=SURFACE_STYLE_FILL_AREA(#8010);
#7673=SURFACE_STYLE_FILL_AREA(#8011);
#7674=SURFACE_STYLE_FILL_AREA(#8012);
#7675=SURFACE_STYLE_FILL_AREA(#8013);
#7676=SURFACE_STYLE_FILL_AREA(#8014);
#7677=SURFACE_STYLE_FILL_AREA(#8015);
#7678=SURFACE_STYLE_FILL_AREA(#8016);
#7679=SURFACE_STYLE_FILL_AREA(#8017);
#7680=SURFACE_STYLE_FILL_AREA(#8018);
#7681=SURFACE_STYLE_FILL_AREA(#8019);
#7682=SURFACE_STYLE_FILL_AREA(#8020);
#7683=SURFACE_STYLE_FILL_AREA(#8021);
#7684=FILL_AREA_STYLE('',(#8022));
#7685=FILL_AREA_STYLE('',(#8023));
#7686=FILL_AREA_STYLE('',(#8024));
#7687=FILL_AREA_STYLE('',(#8025));
#7688=FILL_AREA_STYLE('',(#8026));
#7689=FILL_AREA_STYLE('',(#8027));
#7690=FILL_AREA_STYLE('',(#8028));
#7691=FILL_AREA_STYLE('',(#8029));
#7692=FILL_AREA_STYLE('',(#8030));
#7693=FILL_AREA_STYLE('',(#8031));
#7694=FILL_AREA_STYLE('',(#8032));
#7695=FILL_AREA_STYLE('',(#8033));
#7696=FILL_AREA_STYLE('',(#8034));
#7697=FILL_AREA_STYLE('',(#8035));
#7698=FILL_AREA_STYLE('',(#8036));
#7699=FILL_AREA_STYLE('',(#8037));
#7700=FILL_AREA_STYLE('',(#8038));
#7701=FILL_AREA_STYLE('',(#8039));
#7702=FILL_AREA_STYLE('',(#8040));
#7703=FILL_AREA_STYLE('',(#8041));
#7704=FILL_AREA_STYLE('',(#8042));
#7705=FILL_AREA_STYLE('',(#8043));
#7706=FILL_AREA_STYLE('',(#8044));
#7707=FILL_AREA_STYLE('',(#8045));
#7708=FILL_AREA_STYLE('',(#8046));
#7709=FILL_AREA_STYLE('',(#8047));
#7710=FILL_AREA_STYLE('',(#8048));
#7711=FILL_AREA_STYLE('',(#8049));
#7712=FILL_AREA_STYLE('',(#8050));
#7713=FILL_AREA_STYLE('',(#8051));
#7714=FILL_AREA_STYLE('',(#8052));
#7715=FILL_AREA_STYLE('',(#8053));
#7716=FILL_AREA_STYLE('',(#8054));
#7717=FILL_AREA_STYLE('',(#8055));
#7718=FILL_AREA_STYLE('',(#8056));
#7719=FILL_AREA_STYLE('',(#8057));
#7720=FILL_AREA_STYLE('',(#8058));
#7721=FILL_AREA_STYLE('',(#8059));
#7722=FILL_AREA_STYLE('',(#8060));
#7723=FILL_AREA_STYLE('',(#8061));
#7724=FILL_AREA_STYLE('',(#8062));
#7725=FILL_AREA_STYLE('',(#8063));
#7726=FILL_AREA_STYLE('',(#8064));
#7727=FILL_AREA_STYLE('',(#8065));
#7728=FILL_AREA_STYLE('',(#8066));
#7729=FILL_AREA_STYLE('',(#8067));
#7730=FILL_AREA_STYLE('',(#8068));
#7731=FILL_AREA_STYLE('',(#8069));
#7732=FILL_AREA_STYLE('',(#8070));
#7733=FILL_AREA_STYLE('',(#8071));
#7734=FILL_AREA_STYLE('',(#8072));
#7735=FILL_AREA_STYLE('',(#8073));
#7736=FILL_AREA_STYLE('',(#8074));
#7737=FILL_AREA_STYLE('',(#8075));
#7738=FILL_AREA_STYLE('',(#8076));
#7739=FILL_AREA_STYLE('',(#8077));
#7740=FILL_AREA_STYLE('',(#8078));
#7741=FILL_AREA_STYLE('',(#8079));
#7742=FILL_AREA_STYLE('',(#8080));
#7743=FILL_AREA_STYLE('',(#8081));
#7744=FILL_AREA_STYLE('',(#8082));
#7745=FILL_AREA_STYLE('',(#8083));
#7746=FILL_AREA_STYLE('',(#8084));
#7747=FILL_AREA_STYLE('',(#8085));
#7748=FILL_AREA_STYLE('',(#8086));
#7749=FILL_AREA_STYLE('',(#8087));
#7750=FILL_AREA_STYLE('',(#8088));
#7751=FILL_AREA_STYLE('',(#8089));
#7752=FILL_AREA_STYLE('',(#8090));
#7753=FILL_AREA_STYLE('',(#8091));
#7754=FILL_AREA_STYLE('',(#8092));
#7755=FILL_AREA_STYLE('',(#8093));
#7756=FILL_AREA_STYLE('',(#8094));
#7757=FILL_AREA_STYLE('',(#8095));
#7758=FILL_AREA_STYLE('',(#8096));
#7759=FILL_AREA_STYLE('',(#8097));
#7760=FILL_AREA_STYLE('',(#8098));
#7761=FILL_AREA_STYLE('',(#8099));
#7762=FILL_AREA_STYLE('',(#8100));
#7763=FILL_AREA_STYLE('',(#8101));
#7764=FILL_AREA_STYLE('',(#8102));
#7765=FILL_AREA_STYLE('',(#8103));
#7766=FILL_AREA_STYLE('',(#8104));
#7767=FILL_AREA_STYLE('',(#8105));
#7768=FILL_AREA_STYLE('',(#8106));
#7769=FILL_AREA_STYLE('',(#8107));
#7770=FILL_AREA_STYLE('',(#8108));
#7771=FILL_AREA_STYLE('',(#8109));
#7772=FILL_AREA_STYLE('',(#8110));
#7773=FILL_AREA_STYLE('',(#8111));
#7774=FILL_AREA_STYLE('',(#8112));
#7775=FILL_AREA_STYLE('',(#8113));
#7776=FILL_AREA_STYLE('',(#8114));
#7777=FILL_AREA_STYLE('',(#8115));
#7778=FILL_AREA_STYLE('',(#8116));
#7779=FILL_AREA_STYLE('',(#8117));
#7780=FILL_AREA_STYLE('',(#8118));
#7781=FILL_AREA_STYLE('',(#8119));
#7782=FILL_AREA_STYLE('',(#8120));
#7783=FILL_AREA_STYLE('',(#8121));
#7784=FILL_AREA_STYLE('',(#8122));
#7785=FILL_AREA_STYLE('',(#8123));
#7786=FILL_AREA_STYLE('',(#8124));
#7787=FILL_AREA_STYLE('',(#8125));
#7788=FILL_AREA_STYLE('',(#8126));
#7789=FILL_AREA_STYLE('',(#8127));
#7790=FILL_AREA_STYLE('',(#8128));
#7791=FILL_AREA_STYLE('',(#8129));
#7792=FILL_AREA_STYLE('',(#8130));
#7793=FILL_AREA_STYLE('',(#8131));
#7794=FILL_AREA_STYLE('',(#8132));
#7795=FILL_AREA_STYLE('',(#8133));
#7796=FILL_AREA_STYLE('',(#8134));
#7797=FILL_AREA_STYLE('',(#8135));
#7798=FILL_AREA_STYLE('',(#8136));
#7799=FILL_AREA_STYLE('',(#8137));
#7800=FILL_AREA_STYLE('',(#8138));
#7801=FILL_AREA_STYLE('',(#8139));
#7802=FILL_AREA_STYLE('',(#8140));
#7803=FILL_AREA_STYLE('',(#8141));
#7804=FILL_AREA_STYLE('',(#8142));
#7805=FILL_AREA_STYLE('',(#8143));
#7806=FILL_AREA_STYLE('',(#8144));
#7807=FILL_AREA_STYLE('',(#8145));
#7808=FILL_AREA_STYLE('',(#8146));
#7809=FILL_AREA_STYLE('',(#8147));
#7810=FILL_AREA_STYLE('',(#8148));
#7811=FILL_AREA_STYLE('',(#8149));
#7812=FILL_AREA_STYLE('',(#8150));
#7813=FILL_AREA_STYLE('',(#8151));
#7814=FILL_AREA_STYLE('',(#8152));
#7815=FILL_AREA_STYLE('',(#8153));
#7816=FILL_AREA_STYLE('',(#8154));
#7817=FILL_AREA_STYLE('',(#8155));
#7818=FILL_AREA_STYLE('',(#8156));
#7819=FILL_AREA_STYLE('',(#8157));
#7820=FILL_AREA_STYLE('',(#8158));
#7821=FILL_AREA_STYLE('',(#8159));
#7822=FILL_AREA_STYLE('',(#8160));
#7823=FILL_AREA_STYLE('',(#8161));
#7824=FILL_AREA_STYLE('',(#8162));
#7825=FILL_AREA_STYLE('',(#8163));
#7826=FILL_AREA_STYLE('',(#8164));
#7827=FILL_AREA_STYLE('',(#8165));
#7828=FILL_AREA_STYLE('',(#8166));
#7829=FILL_AREA_STYLE('',(#8167));
#7830=FILL_AREA_STYLE('',(#8168));
#7831=FILL_AREA_STYLE('',(#8169));
#7832=FILL_AREA_STYLE('',(#8170));
#7833=FILL_AREA_STYLE('',(#8171));
#7834=FILL_AREA_STYLE('',(#8172));
#7835=FILL_AREA_STYLE('',(#8173));
#7836=FILL_AREA_STYLE('',(#8174));
#7837=FILL_AREA_STYLE('',(#8175));
#7838=FILL_AREA_STYLE('',(#8176));
#7839=FILL_AREA_STYLE('',(#8177));
#7840=FILL_AREA_STYLE('',(#8178));
#7841=FILL_AREA_STYLE('',(#8179));
#7842=FILL_AREA_STYLE('',(#8180));
#7843=FILL_AREA_STYLE('',(#8181));
#7844=FILL_AREA_STYLE('',(#8182));
#7845=FILL_AREA_STYLE('',(#8183));
#7846=FILL_AREA_STYLE('',(#8184));
#7847=FILL_AREA_STYLE('',(#8185));
#7848=FILL_AREA_STYLE('',(#8186));
#7849=FILL_AREA_STYLE('',(#8187));
#7850=FILL_AREA_STYLE('',(#8188));
#7851=FILL_AREA_STYLE('',(#8189));
#7852=FILL_AREA_STYLE('',(#8190));
#7853=FILL_AREA_STYLE('',(#8191));
#7854=FILL_AREA_STYLE('',(#8192));
#7855=FILL_AREA_STYLE('',(#8193));
#7856=FILL_AREA_STYLE('',(#8194));
#7857=FILL_AREA_STYLE('',(#8195));
#7858=FILL_AREA_STYLE('',(#8196));
#7859=FILL_AREA_STYLE('',(#8197));
#7860=FILL_AREA_STYLE('',(#8198));
#7861=FILL_AREA_STYLE('',(#8199));
#7862=FILL_AREA_STYLE('',(#8200));
#7863=FILL_AREA_STYLE('',(#8201));
#7864=FILL_AREA_STYLE('',(#8202));
#7865=FILL_AREA_STYLE('',(#8203));
#7866=FILL_AREA_STYLE('',(#8204));
#7867=FILL_AREA_STYLE('',(#8205));
#7868=FILL_AREA_STYLE('',(#8206));
#7869=FILL_AREA_STYLE('',(#8207));
#7870=FILL_AREA_STYLE('',(#8208));
#7871=FILL_AREA_STYLE('',(#8209));
#7872=FILL_AREA_STYLE('',(#8210));
#7873=FILL_AREA_STYLE('',(#8211));
#7874=FILL_AREA_STYLE('',(#8212));
#7875=FILL_AREA_STYLE('',(#8213));
#7876=FILL_AREA_STYLE('',(#8214));
#7877=FILL_AREA_STYLE('',(#8215));
#7878=FILL_AREA_STYLE('',(#8216));
#7879=FILL_AREA_STYLE('',(#8217));
#7880=FILL_AREA_STYLE('',(#8218));
#7881=FILL_AREA_STYLE('',(#8219));
#7882=FILL_AREA_STYLE('',(#8220));
#7883=FILL_AREA_STYLE('',(#8221));
#7884=FILL_AREA_STYLE('',(#8222));
#7885=FILL_AREA_STYLE('',(#8223));
#7886=FILL_AREA_STYLE('',(#8224));
#7887=FILL_AREA_STYLE('',(#8225));
#7888=FILL_AREA_STYLE('',(#8226));
#7889=FILL_AREA_STYLE('',(#8227));
#7890=FILL_AREA_STYLE('',(#8228));
#7891=FILL_AREA_STYLE('',(#8229));
#7892=FILL_AREA_STYLE('',(#8230));
#7893=FILL_AREA_STYLE('',(#8231));
#7894=FILL_AREA_STYLE('',(#8232));
#7895=FILL_AREA_STYLE('',(#8233));
#7896=FILL_AREA_STYLE('',(#8234));
#7897=FILL_AREA_STYLE('',(#8235));
#7898=FILL_AREA_STYLE('',(#8236));
#7899=FILL_AREA_STYLE('',(#8237));
#7900=FILL_AREA_STYLE('',(#8238));
#7901=FILL_AREA_STYLE('',(#8239));
#7902=FILL_AREA_STYLE('',(#8240));
#7903=FILL_AREA_STYLE('',(#8241));
#7904=FILL_AREA_STYLE('',(#8242));
#7905=FILL_AREA_STYLE('',(#8243));
#7906=FILL_AREA_STYLE('',(#8244));
#7907=FILL_AREA_STYLE('',(#8245));
#7908=FILL_AREA_STYLE('',(#8246));
#7909=FILL_AREA_STYLE('',(#8247));
#7910=FILL_AREA_STYLE('',(#8248));
#7911=FILL_AREA_STYLE('',(#8249));
#7912=FILL_AREA_STYLE('',(#8250));
#7913=FILL_AREA_STYLE('',(#8251));
#7914=FILL_AREA_STYLE('',(#8252));
#7915=FILL_AREA_STYLE('',(#8253));
#7916=FILL_AREA_STYLE('',(#8254));
#7917=FILL_AREA_STYLE('',(#8255));
#7918=FILL_AREA_STYLE('',(#8256));
#7919=FILL_AREA_STYLE('',(#8257));
#7920=FILL_AREA_STYLE('',(#8258));
#7921=FILL_AREA_STYLE('',(#8259));
#7922=FILL_AREA_STYLE('',(#8260));
#7923=FILL_AREA_STYLE('',(#8261));
#7924=FILL_AREA_STYLE('',(#8262));
#7925=FILL_AREA_STYLE('',(#8263));
#7926=FILL_AREA_STYLE('',(#8264));
#7927=FILL_AREA_STYLE('',(#8265));
#7928=FILL_AREA_STYLE('',(#8266));
#7929=FILL_AREA_STYLE('',(#8267));
#7930=FILL_AREA_STYLE('',(#8268));
#7931=FILL_AREA_STYLE('',(#8269));
#7932=FILL_AREA_STYLE('',(#8270));
#7933=FILL_AREA_STYLE('',(#8271));
#7934=FILL_AREA_STYLE('',(#8272));
#7935=FILL_AREA_STYLE('',(#8273));
#7936=FILL_AREA_STYLE('',(#8274));
#7937=FILL_AREA_STYLE('',(#8275));
#7938=FILL_AREA_STYLE('',(#8276));
#7939=FILL_AREA_STYLE('',(#8277));
#7940=FILL_AREA_STYLE('',(#8278));
#7941=FILL_AREA_STYLE('',(#8279));
#7942=FILL_AREA_STYLE('',(#8280));
#7943=FILL_AREA_STYLE('',(#8281));
#7944=FILL_AREA_STYLE('',(#8282));
#7945=FILL_AREA_STYLE('',(#8283));
#7946=FILL_AREA_STYLE('',(#8284));
#7947=FILL_AREA_STYLE('',(#8285));
#7948=FILL_AREA_STYLE('',(#8286));
#7949=FILL_AREA_STYLE('',(#8287));
#7950=FILL_AREA_STYLE('',(#8288));
#7951=FILL_AREA_STYLE('',(#8289));
#7952=FILL_AREA_STYLE('',(#8290));
#7953=FILL_AREA_STYLE('',(#8291));
#7954=FILL_AREA_STYLE('',(#8292));
#7955=FILL_AREA_STYLE('',(#8293));
#7956=FILL_AREA_STYLE('',(#8294));
#7957=FILL_AREA_STYLE('',(#8295));
#7958=FILL_AREA_STYLE('',(#8296));
#7959=FILL_AREA_STYLE('',(#8297));
#7960=FILL_AREA_STYLE('',(#8298));
#7961=FILL_AREA_STYLE('',(#8299));
#7962=FILL_AREA_STYLE('',(#8300));
#7963=FILL_AREA_STYLE('',(#8301));
#7964=FILL_AREA_STYLE('',(#8302));
#7965=FILL_AREA_STYLE('',(#8303));
#7966=FILL_AREA_STYLE('',(#8304));
#7967=FILL_AREA_STYLE('',(#8305));
#7968=FILL_AREA_STYLE('',(#8306));
#7969=FILL_AREA_STYLE('',(#8307));
#7970=FILL_AREA_STYLE('',(#8308));
#7971=FILL_AREA_STYLE('',(#8309));
#7972=FILL_AREA_STYLE('',(#8310));
#7973=FILL_AREA_STYLE('',(#8311));
#7974=FILL_AREA_STYLE('',(#8312));
#7975=FILL_AREA_STYLE('',(#8313));
#7976=FILL_AREA_STYLE('',(#8314));
#7977=FILL_AREA_STYLE('',(#8315));
#7978=FILL_AREA_STYLE('',(#8316));
#7979=FILL_AREA_STYLE('',(#8317));
#7980=FILL_AREA_STYLE('',(#8318));
#7981=FILL_AREA_STYLE('',(#8319));
#7982=FILL_AREA_STYLE('',(#8320));
#7983=FILL_AREA_STYLE('',(#8321));
#7984=FILL_AREA_STYLE('',(#8322));
#7985=FILL_AREA_STYLE('',(#8323));
#7986=FILL_AREA_STYLE('',(#8324));
#7987=FILL_AREA_STYLE('',(#8325));
#7988=FILL_AREA_STYLE('',(#8326));
#7989=FILL_AREA_STYLE('',(#8327));
#7990=FILL_AREA_STYLE('',(#8328));
#7991=FILL_AREA_STYLE('',(#8329));
#7992=FILL_AREA_STYLE('',(#8330));
#7993=FILL_AREA_STYLE('',(#8331));
#7994=FILL_AREA_STYLE('',(#8332));
#7995=FILL_AREA_STYLE('',(#8333));
#7996=FILL_AREA_STYLE('',(#8334));
#7997=FILL_AREA_STYLE('',(#8335));
#7998=FILL_AREA_STYLE('',(#8336));
#7999=FILL_AREA_STYLE('',(#8337));
#8000=FILL_AREA_STYLE('',(#8338));
#8001=FILL_AREA_STYLE('',(#8339));
#8002=FILL_AREA_STYLE('',(#8340));
#8003=FILL_AREA_STYLE('',(#8341));
#8004=FILL_AREA_STYLE('',(#8342));
#8005=FILL_AREA_STYLE('',(#8343));
#8006=FILL_AREA_STYLE('',(#8344));
#8007=FILL_AREA_STYLE('',(#8345));
#8008=FILL_AREA_STYLE('',(#8346));
#8009=FILL_AREA_STYLE('',(#8347));
#8010=FILL_AREA_STYLE('',(#8348));
#8011=FILL_AREA_STYLE('',(#8349));
#8012=FILL_AREA_STYLE('',(#8350));
#8013=FILL_AREA_STYLE('',(#8351));
#8014=FILL_AREA_STYLE('',(#8352));
#8015=FILL_AREA_STYLE('',(#8353));
#8016=FILL_AREA_STYLE('',(#8354));
#8017=FILL_AREA_STYLE('',(#8355));
#8018=FILL_AREA_STYLE('',(#8356));
#8019=FILL_AREA_STYLE('',(#8357));
#8020=FILL_AREA_STYLE('',(#8358));
#8021=FILL_AREA_STYLE('',(#8359));
#8022=FILL_AREA_STYLE_COLOUR('',#8360);
#8023=FILL_AREA_STYLE_COLOUR('',#8360);
#8024=FILL_AREA_STYLE_COLOUR('',#8360);
#8025=FILL_AREA_STYLE_COLOUR('',#8360);
#8026=FILL_AREA_STYLE_COLOUR('',#8360);
#8027=FILL_AREA_STYLE_COLOUR('',#8360);
#8028=FILL_AREA_STYLE_COLOUR('',#8360);
#8029=FILL_AREA_STYLE_COLOUR('',#8360);
#8030=FILL_AREA_STYLE_COLOUR('',#8360);
#8031=FILL_AREA_STYLE_COLOUR('',#8360);
#8032=FILL_AREA_STYLE_COLOUR('',#8361);
#8033=FILL_AREA_STYLE_COLOUR('',#8361);
#8034=FILL_AREA_STYLE_COLOUR('',#8361);
#8035=FILL_AREA_STYLE_COLOUR('',#8361);
#8036=FILL_AREA_STYLE_COLOUR('',#8361);
#8037=FILL_AREA_STYLE_COLOUR('',#8361);
#8038=FILL_AREA_STYLE_COLOUR('',#8361);
#8039=FILL_AREA_STYLE_COLOUR('',#8361);
#8040=FILL_AREA_STYLE_COLOUR('',#8361);
#8041=FILL_AREA_STYLE_COLOUR('',#8361);
#8042=FILL_AREA_STYLE_COLOUR('',#8361);
#8043=FILL_AREA_STYLE_COLOUR('',#8361);
#8044=FILL_AREA_STYLE_COLOUR('',#8361);
#8045=FILL_AREA_STYLE_COLOUR('',#8361);
#8046=FILL_AREA_STYLE_COLOUR('',#8361);
#8047=FILL_AREA_STYLE_COLOUR('',#8361);
#8048=FILL_AREA_STYLE_COLOUR('',#8361);
#8049=FILL_AREA_STYLE_COLOUR('',#8361);
#8050=FILL_AREA_STYLE_COLOUR('',#8361);
#8051=FILL_AREA_STYLE_COLOUR('',#8361);
#8052=FILL_AREA_STYLE_COLOUR('',#8361);
#8053=FILL_AREA_STYLE_COLOUR('',#8361);
#8054=FILL_AREA_STYLE_COLOUR('',#8361);
#8055=FILL_AREA_STYLE_COLOUR('',#8361);
#8056=FILL_AREA_STYLE_COLOUR('',#8361);
#8057=FILL_AREA_STYLE_COLOUR('',#8361);
#8058=FILL_AREA_STYLE_COLOUR('',#8361);
#8059=FILL_AREA_STYLE_COLOUR('',#8361);
#8060=FILL_AREA_STYLE_COLOUR('',#8361);
#8061=FILL_AREA_STYLE_COLOUR('',#8361);
#8062=FILL_AREA_STYLE_COLOUR('',#8361);
#8063=FILL_AREA_STYLE_COLOUR('',#8361);
#8064=FILL_AREA_STYLE_COLOUR('',#8361);
#8065=FILL_AREA_STYLE_COLOUR('',#8361);
#8066=FILL_AREA_STYLE_COLOUR('',#8361);
#8067=FILL_AREA_STYLE_COLOUR('',#8361);
#8068=FILL_AREA_STYLE_COLOUR('',#8360);
#8069=FILL_AREA_STYLE_COLOUR('',#8360);
#8070=FILL_AREA_STYLE_COLOUR('',#8360);
#8071=FILL_AREA_STYLE_COLOUR('',#8360);
#8072=FILL_AREA_STYLE_COLOUR('',#8360);
#8073=FILL_AREA_STYLE_COLOUR('',#8360);
#8074=FILL_AREA_STYLE_COLOUR('',#8360);
#8075=FILL_AREA_STYLE_COLOUR('',#8360);
#8076=FILL_AREA_STYLE_COLOUR('',#8360);
#8077=FILL_AREA_STYLE_COLOUR('',#8360);
#8078=FILL_AREA_STYLE_COLOUR('',#8360);
#8079=FILL_AREA_STYLE_COLOUR('',#8360);
#8080=FILL_AREA_STYLE_COLOUR('',#8360);
#8081=FILL_AREA_STYLE_COLOUR('',#8360);
#8082=FILL_AREA_STYLE_COLOUR('',#8360);
#8083=FILL_AREA_STYLE_COLOUR('',#8360);
#8084=FILL_AREA_STYLE_COLOUR('',#8360);
#8085=FILL_AREA_STYLE_COLOUR('',#8360);
#8086=FILL_AREA_STYLE_COLOUR('',#8360);
#8087=FILL_AREA_STYLE_COLOUR('',#8360);
#8088=FILL_AREA_STYLE_COLOUR('',#8360);
#8089=FILL_AREA_STYLE_COLOUR('',#8360);
#8090=FILL_AREA_STYLE_COLOUR('',#8360);
#8091=FILL_AREA_STYLE_COLOUR('',#8360);
#8092=FILL_AREA_STYLE_COLOUR('',#8360);
#8093=FILL_AREA_STYLE_COLOUR('',#8360);
#8094=FILL_AREA_STYLE_COLOUR('',#8360);
#8095=FILL_AREA_STYLE_COLOUR('',#8360);
#8096=FILL_AREA_STYLE_COLOUR('',#8360);
#8097=FILL_AREA_STYLE_COLOUR('',#8360);
#8098=FILL_AREA_STYLE_COLOUR('',#8360);
#8099=FILL_AREA_STYLE_COLOUR('',#8360);
#8100=FILL_AREA_STYLE_COLOUR('',#8360);
#8101=FILL_AREA_STYLE_COLOUR('',#8360);
#8102=FILL_AREA_STYLE_COLOUR('',#8360);
#8103=FILL_AREA_STYLE_COLOUR('',#8360);
#8104=FILL_AREA_STYLE_COLOUR('',#8360);
#8105=FILL_AREA_STYLE_COLOUR('',#8360);
#8106=FILL_AREA_STYLE_COLOUR('',#8360);
#8107=FILL_AREA_STYLE_COLOUR('',#8360);
#8108=FILL_AREA_STYLE_COLOUR('',#8360);
#8109=FILL_AREA_STYLE_COLOUR('',#8360);
#8110=FILL_AREA_STYLE_COLOUR('',#8360);
#8111=FILL_AREA_STYLE_COLOUR('',#8360);
#8112=FILL_AREA_STYLE_COLOUR('',#8360);
#8113=FILL_AREA_STYLE_COLOUR('',#8360);
#8114=FILL_AREA_STYLE_COLOUR('',#8360);
#8115=FILL_AREA_STYLE_COLOUR('',#8360);
#8116=FILL_AREA_STYLE_COLOUR('',#8360);
#8117=FILL_AREA_STYLE_COLOUR('',#8360);
#8118=FILL_AREA_STYLE_COLOUR('',#8360);
#8119=FILL_AREA_STYLE_COLOUR('',#8360);
#8120=FILL_AREA_STYLE_COLOUR('',#8360);
#8121=FILL_AREA_STYLE_COLOUR('',#8360);
#8122=FILL_AREA_STYLE_COLOUR('',#8360);
#8123=FILL_AREA_STYLE_COLOUR('',#8360);
#8124=FILL_AREA_STYLE_COLOUR('',#8360);
#8125=FILL_AREA_STYLE_COLOUR('',#8360);
#8126=FILL_AREA_STYLE_COLOUR('',#8360);
#8127=FILL_AREA_STYLE_COLOUR('',#8360);
#8128=FILL_AREA_STYLE_COLOUR('',#8360);
#8129=FILL_AREA_STYLE_COLOUR('',#8360);
#8130=FILL_AREA_STYLE_COLOUR('',#8360);
#8131=FILL_AREA_STYLE_COLOUR('',#8360);
#8132=FILL_AREA_STYLE_COLOUR('',#8360);
#8133=FILL_AREA_STYLE_COLOUR('',#8360);
#8134=FILL_AREA_STYLE_COLOUR('',#8360);
#8135=FILL_AREA_STYLE_COLOUR('',#8360);
#8136=FILL_AREA_STYLE_COLOUR('',#8360);
#8137=FILL_AREA_STYLE_COLOUR('',#8360);
#8138=FILL_AREA_STYLE_COLOUR('',#8360);
#8139=FILL_AREA_STYLE_COLOUR('',#8360);
#8140=FILL_AREA_STYLE_COLOUR('',#8360);
#8141=FILL_AREA_STYLE_COLOUR('',#8360);
#8142=FILL_AREA_STYLE_COLOUR('',#8360);
#8143=FILL_AREA_STYLE_COLOUR('',#8360);
#8144=FILL_AREA_STYLE_COLOUR('',#8360);
#8145=FILL_AREA_STYLE_COLOUR('',#8360);
#8146=FILL_AREA_STYLE_COLOUR('',#8360);
#8147=FILL_AREA_STYLE_COLOUR('',#8360);
#8148=FILL_AREA_STYLE_COLOUR('',#8360);
#8149=FILL_AREA_STYLE_COLOUR('',#8360);
#8150=FILL_AREA_STYLE_COLOUR('',#8360);
#8151=FILL_AREA_STYLE_COLOUR('',#8360);
#8152=FILL_AREA_STYLE_COLOUR('',#8360);
#8153=FILL_AREA_STYLE_COLOUR('',#8360);
#8154=FILL_AREA_STYLE_COLOUR('',#8360);
#8155=FILL_AREA_STYLE_COLOUR('',#8360);
#8156=FILL_AREA_STYLE_COLOUR('',#8360);
#8157=FILL_AREA_STYLE_COLOUR('',#8360);
#8158=FILL_AREA_STYLE_COLOUR('',#8360);
#8159=FILL_AREA_STYLE_COLOUR('',#8360);
#8160=FILL_AREA_STYLE_COLOUR('',#8360);
#8161=FILL_AREA_STYLE_COLOUR('',#8360);
#8162=FILL_AREA_STYLE_COLOUR('',#8360);
#8163=FILL_AREA_STYLE_COLOUR('',#8360);
#8164=FILL_AREA_STYLE_COLOUR('',#8360);
#8165=FILL_AREA_STYLE_COLOUR('',#8360);
#8166=FILL_AREA_STYLE_COLOUR('',#8360);
#8167=FILL_AREA_STYLE_COLOUR('',#8360);
#8168=FILL_AREA_STYLE_COLOUR('',#8360);
#8169=FILL_AREA_STYLE_COLOUR('',#8360);
#8170=FILL_AREA_STYLE_COLOUR('',#8360);
#8171=FILL_AREA_STYLE_COLOUR('',#8360);
#8172=FILL_AREA_STYLE_COLOUR('',#8360);
#8173=FILL_AREA_STYLE_COLOUR('',#8360);
#8174=FILL_AREA_STYLE_COLOUR('',#8360);
#8175=FILL_AREA_STYLE_COLOUR('',#8360);
#8176=FILL_AREA_STYLE_COLOUR('',#8360);
#8177=FILL_AREA_STYLE_COLOUR('',#8360);
#8178=FILL_AREA_STYLE_COLOUR('',#8360);
#8179=FILL_AREA_STYLE_COLOUR('',#8360);
#8180=FILL_AREA_STYLE_COLOUR('',#8360);
#8181=FILL_AREA_STYLE_COLOUR('',#8360);
#8182=FILL_AREA_STYLE_COLOUR('',#8360);
#8183=FILL_AREA_STYLE_COLOUR('',#8360);
#8184=FILL_AREA_STYLE_COLOUR('',#8360);
#8185=FILL_AREA_STYLE_COLOUR('',#8360);
#8186=FILL_AREA_STYLE_COLOUR('',#8360);
#8187=FILL_AREA_STYLE_COLOUR('',#8360);
#8188=FILL_AREA_STYLE_COLOUR('',#8360);
#8189=FILL_AREA_STYLE_COLOUR('',#8360);
#8190=FILL_AREA_STYLE_COLOUR('',#8360);
#8191=FILL_AREA_STYLE_COLOUR('',#8360);
#8192=FILL_AREA_STYLE_COLOUR('',#8360);
#8193=FILL_AREA_STYLE_COLOUR('',#8360);
#8194=FILL_AREA_STYLE_COLOUR('',#8360);
#8195=FILL_AREA_STYLE_COLOUR('',#8360);
#8196=FILL_AREA_STYLE_COLOUR('',#8360);
#8197=FILL_AREA_STYLE_COLOUR('',#8360);
#8198=FILL_AREA_STYLE_COLOUR('',#8360);
#8199=FILL_AREA_STYLE_COLOUR('',#8360);
#8200=FILL_AREA_STYLE_COLOUR('',#8360);
#8201=FILL_AREA_STYLE_COLOUR('',#8360);
#8202=FILL_AREA_STYLE_COLOUR('',#8360);
#8203=FILL_AREA_STYLE_COLOUR('',#8360);
#8204=FILL_AREA_STYLE_COLOUR('',#8360);
#8205=FILL_AREA_STYLE_COLOUR('',#8360);
#8206=FILL_AREA_STYLE_COLOUR('',#8360);
#8207=FILL_AREA_STYLE_COLOUR('',#8360);
#8208=FILL_AREA_STYLE_COLOUR('',#8360);
#8209=FILL_AREA_STYLE_COLOUR('',#8360);
#8210=FILL_AREA_STYLE_COLOUR('',#8360);
#8211=FILL_AREA_STYLE_COLOUR('',#8360);
#8212=FILL_AREA_STYLE_COLOUR('',#8360);
#8213=FILL_AREA_STYLE_COLOUR('',#8360);
#8214=FILL_AREA_STYLE_COLOUR('',#8360);
#8215=FILL_AREA_STYLE_COLOUR('',#8360);
#8216=FILL_AREA_STYLE_COLOUR('',#8360);
#8217=FILL_AREA_STYLE_COLOUR('',#8360);
#8218=FILL_AREA_STYLE_COLOUR('',#8360);
#8219=FILL_AREA_STYLE_COLOUR('',#8360);
#8220=FILL_AREA_STYLE_COLOUR('',#8360);
#8221=FILL_AREA_STYLE_COLOUR('',#8360);
#8222=FILL_AREA_STYLE_COLOUR('',#8360);
#8223=FILL_AREA_STYLE_COLOUR('',#8360);
#8224=FILL_AREA_STYLE_COLOUR('',#8360);
#8225=FILL_AREA_STYLE_COLOUR('',#8360);
#8226=FILL_AREA_STYLE_COLOUR('',#8360);
#8227=FILL_AREA_STYLE_COLOUR('',#8360);
#8228=FILL_AREA_STYLE_COLOUR('',#8360);
#8229=FILL_AREA_STYLE_COLOUR('',#8360);
#8230=FILL_AREA_STYLE_COLOUR('',#8360);
#8231=FILL_AREA_STYLE_COLOUR('',#8360);
#8232=FILL_AREA_STYLE_COLOUR('',#8360);
#8233=FILL_AREA_STYLE_COLOUR('',#8360);
#8234=FILL_AREA_STYLE_COLOUR('',#8360);
#8235=FILL_AREA_STYLE_COLOUR('',#8360);
#8236=FILL_AREA_STYLE_COLOUR('',#8360);
#8237=FILL_AREA_STYLE_COLOUR('',#8360);
#8238=FILL_AREA_STYLE_COLOUR('',#8360);
#8239=FILL_AREA_STYLE_COLOUR('',#8360);
#8240=FILL_AREA_STYLE_COLOUR('',#8360);
#8241=FILL_AREA_STYLE_COLOUR('',#8360);
#8242=FILL_AREA_STYLE_COLOUR('',#8360);
#8243=FILL_AREA_STYLE_COLOUR('',#8360);
#8244=FILL_AREA_STYLE_COLOUR('',#8360);
#8245=FILL_AREA_STYLE_COLOUR('',#8360);
#8246=FILL_AREA_STYLE_COLOUR('',#8360);
#8247=FILL_AREA_STYLE_COLOUR('',#8360);
#8248=FILL_AREA_STYLE_COLOUR('',#8360);
#8249=FILL_AREA_STYLE_COLOUR('',#8360);
#8250=FILL_AREA_STYLE_COLOUR('',#8360);
#8251=FILL_AREA_STYLE_COLOUR('',#8360);
#8252=FILL_AREA_STYLE_COLOUR('',#8360);
#8253=FILL_AREA_STYLE_COLOUR('',#8360);
#8254=FILL_AREA_STYLE_COLOUR('',#8360);
#8255=FILL_AREA_STYLE_COLOUR('',#8360);
#8256=FILL_AREA_STYLE_COLOUR('',#8360);
#8257=FILL_AREA_STYLE_COLOUR('',#8360);
#8258=FILL_AREA_STYLE_COLOUR('',#14);
#8259=FILL_AREA_STYLE_COLOUR('',#14);
#8260=FILL_AREA_STYLE_COLOUR('',#14);
#8261=FILL_AREA_STYLE_COLOUR('',#14);
#8262=FILL_AREA_STYLE_COLOUR('',#14);
#8263=FILL_AREA_STYLE_COLOUR('',#14);
#8264=FILL_AREA_STYLE_COLOUR('',#14);
#8265=FILL_AREA_STYLE_COLOUR('',#14);
#8266=FILL_AREA_STYLE_COLOUR('',#14);
#8267=FILL_AREA_STYLE_COLOUR('',#8360);
#8268=FILL_AREA_STYLE_COLOUR('',#8360);
#8269=FILL_AREA_STYLE_COLOUR('',#8360);
#8270=FILL_AREA_STYLE_COLOUR('',#8360);
#8271=FILL_AREA_STYLE_COLOUR('',#8360);
#8272=FILL_AREA_STYLE_COLOUR('',#8360);
#8273=FILL_AREA_STYLE_COLOUR('',#8360);
#8274=FILL_AREA_STYLE_COLOUR('',#8360);
#8275=FILL_AREA_STYLE_COLOUR('',#8360);
#8276=FILL_AREA_STYLE_COLOUR('',#8360);
#8277=FILL_AREA_STYLE_COLOUR('',#8360);
#8278=FILL_AREA_STYLE_COLOUR('',#8360);
#8279=FILL_AREA_STYLE_COLOUR('',#8360);
#8280=FILL_AREA_STYLE_COLOUR('',#8360);
#8281=FILL_AREA_STYLE_COLOUR('',#8360);
#8282=FILL_AREA_STYLE_COLOUR('',#8360);
#8283=FILL_AREA_STYLE_COLOUR('',#8360);
#8284=FILL_AREA_STYLE_COLOUR('',#8361);
#8285=FILL_AREA_STYLE_COLOUR('',#8361);
#8286=FILL_AREA_STYLE_COLOUR('',#8361);
#8287=FILL_AREA_STYLE_COLOUR('',#8361);
#8288=FILL_AREA_STYLE_COLOUR('',#8361);
#8289=FILL_AREA_STYLE_COLOUR('',#8361);
#8290=FILL_AREA_STYLE_COLOUR('',#8361);
#8291=FILL_AREA_STYLE_COLOUR('',#8361);
#8292=FILL_AREA_STYLE_COLOUR('',#8361);
#8293=FILL_AREA_STYLE_COLOUR('',#8360);
#8294=FILL_AREA_STYLE_COLOUR('',#8360);
#8295=FILL_AREA_STYLE_COLOUR('',#8360);
#8296=FILL_AREA_STYLE_COLOUR('',#8360);
#8297=FILL_AREA_STYLE_COLOUR('',#8360);
#8298=FILL_AREA_STYLE_COLOUR('',#8360);
#8299=FILL_AREA_STYLE_COLOUR('',#8360);
#8300=FILL_AREA_STYLE_COLOUR('',#8360);
#8301=FILL_AREA_STYLE_COLOUR('',#8360);
#8302=FILL_AREA_STYLE_COLOUR('',#8360);
#8303=FILL_AREA_STYLE_COLOUR('',#8360);
#8304=FILL_AREA_STYLE_COLOUR('',#8360);
#8305=FILL_AREA_STYLE_COLOUR('',#8360);
#8306=FILL_AREA_STYLE_COLOUR('',#8360);
#8307=FILL_AREA_STYLE_COLOUR('',#8360);
#8308=FILL_AREA_STYLE_COLOUR('',#8360);
#8309=FILL_AREA_STYLE_COLOUR('',#8360);
#8310=FILL_AREA_STYLE_COLOUR('',#8360);
#8311=FILL_AREA_STYLE_COLOUR('',#8360);
#8312=FILL_AREA_STYLE_COLOUR('',#8360);
#8313=FILL_AREA_STYLE_COLOUR('',#8360);
#8314=FILL_AREA_STYLE_COLOUR('',#8360);
#8315=FILL_AREA_STYLE_COLOUR('',#8360);
#8316=FILL_AREA_STYLE_COLOUR('',#8360);
#8317=FILL_AREA_STYLE_COLOUR('',#8360);
#8318=FILL_AREA_STYLE_COLOUR('',#8360);
#8319=FILL_AREA_STYLE_COLOUR('',#8360);
#8320=FILL_AREA_STYLE_COLOUR('',#8360);
#8321=FILL_AREA_STYLE_COLOUR('',#8360);
#8322=FILL_AREA_STYLE_COLOUR('',#8360);
#8323=FILL_AREA_STYLE_COLOUR('',#8360);
#8324=FILL_AREA_STYLE_COLOUR('',#8360);
#8325=FILL_AREA_STYLE_COLOUR('',#8360);
#8326=FILL_AREA_STYLE_COLOUR('',#8360);
#8327=FILL_AREA_STYLE_COLOUR('',#8360);
#8328=FILL_AREA_STYLE_COLOUR('',#8360);
#8329=FILL_AREA_STYLE_COLOUR('',#8360);
#8330=FILL_AREA_STYLE_COLOUR('',#8360);
#8331=FILL_AREA_STYLE_COLOUR('',#8360);
#8332=FILL_AREA_STYLE_COLOUR('',#8360);
#8333=FILL_AREA_STYLE_COLOUR('',#8360);
#8334=FILL_AREA_STYLE_COLOUR('',#8360);
#8335=FILL_AREA_STYLE_COLOUR('',#8360);
#8336=FILL_AREA_STYLE_COLOUR('',#8360);
#8337=FILL_AREA_STYLE_COLOUR('',#8360);
#8338=FILL_AREA_STYLE_COLOUR('',#8360);
#8339=FILL_AREA_STYLE_COLOUR('',#8360);
#8340=FILL_AREA_STYLE_COLOUR('',#8360);
#8341=FILL_AREA_STYLE_COLOUR('',#8360);
#8342=FILL_AREA_STYLE_COLOUR('',#8360);
#8343=FILL_AREA_STYLE_COLOUR('',#8360);
#8344=FILL_AREA_STYLE_COLOUR('',#8360);
#8345=FILL_AREA_STYLE_COLOUR('',#8360);
#8346=FILL_AREA_STYLE_COLOUR('',#8360);
#8347=FILL_AREA_STYLE_COLOUR('',#8360);
#8348=FILL_AREA_STYLE_COLOUR('',#8360);
#8349=FILL_AREA_STYLE_COLOUR('',#8360);
#8350=FILL_AREA_STYLE_COLOUR('',#8360);
#8351=FILL_AREA_STYLE_COLOUR('',#8360);
#8352=FILL_AREA_STYLE_COLOUR('',#8360);
#8353=FILL_AREA_STYLE_COLOUR('',#8360);
#8354=FILL_AREA_STYLE_COLOUR('',#8360);
#8355=FILL_AREA_STYLE_COLOUR('',#8360);
#8356=FILL_AREA_STYLE_COLOUR('',#8360);
#8357=FILL_AREA_STYLE_COLOUR('',#8360);
#8358=FILL_AREA_STYLE_COLOUR('',#8360);
#8359=FILL_AREA_STYLE_COLOUR('',#8360);
#8360=COLOUR_RGB('',0.200000002980232,0.200000002980232,0.200000002980232);
#8361=COLOUR_RGB('',0.699999988079071,0.699999988079071,0.699999988079071);
#8362=ADVANCED_FACE('',(#5441),#5811,.F.);
#8363=ADVANCED_FACE('',(#5442),#122,.T.);
#8364=ADVANCED_FACE('',(#5443),#5812,.T.);
#8365=ADVANCED_FACE('',(#5444,#5445,#5446,#5447),#5813,.T.);
#8366=ADVANCED_FACE('',(#5448),#5814,.F.);
#8367=ADVANCED_FACE('',(#5449),#123,.F.);
#8368=ADVANCED_FACE('',(#5450),#124,.F.);
#8369=ADVANCED_FACE('',(#5451),#5815,.T.);
#8370=ADVANCED_FACE('',(#5452),#5816,.F.);
#8371=ADVANCED_FACE('',(#5453),#125,.T.);
#8372=ADVANCED_FACE('',(#5454),#5817,.F.);
#8373=ADVANCED_FACE('',(#5455),#126,.F.);
#8374=ADVANCED_FACE('',(#5456),#5818,.F.);
#8375=ADVANCED_FACE('',(#5457),#5819,.F.);
#8376=ADVANCED_FACE('',(#5458),#127,.T.);
#8377=ADVANCED_FACE('',(#5459),#5820,.F.);
#8378=ADVANCED_FACE('',(#5460),#5821,.F.);
#8379=ADVANCED_FACE('',(#5461),#5822,.F.);
#8380=ADVANCED_FACE('',(#5462),#5823,.T.);
#8381=ADVANCED_FACE('',(#5463),#5824,.F.);
#8382=ADVANCED_FACE('',(#5464),#128,.F.);
#8383=ADVANCED_FACE('',(#5465),#5825,.F.);
#8384=ADVANCED_FACE('',(#5466),#5826,.F.);
#8385=ADVANCED_FACE('',(#5467),#129,.T.);
#8386=ADVANCED_FACE('',(#5468),#5827,.F.);
#8387=ADVANCED_FACE('',(#5469),#5828,.F.);
#8388=ADVANCED_FACE('',(#5470),#5829,.F.);
#8389=ADVANCED_FACE('',(#5471),#5830,.T.);
#8390=ADVANCED_FACE('',(#5472),#5831,.F.);
#8391=ADVANCED_FACE('',(#5473),#130,.F.);
#8392=ADVANCED_FACE('',(#5474),#5832,.F.);
#8393=ADVANCED_FACE('',(#5475),#5833,.F.);
#8394=ADVANCED_FACE('',(#5476),#131,.T.);
#8395=ADVANCED_FACE('',(#5477),#5834,.F.);
#8396=ADVANCED_FACE('',(#5478),#5835,.F.);
#8397=ADVANCED_FACE('',(#5479),#5836,.F.);
#8398=ADVANCED_FACE('',(#5480),#5837,.T.);
#8399=ADVANCED_FACE('',(#5481),#5838,.F.);
#8400=ADVANCED_FACE('',(#5482),#132,.F.);
#8401=ADVANCED_FACE('',(#5483),#5839,.F.);
#8402=ADVANCED_FACE('',(#5484),#5840,.F.);
#8403=ADVANCED_FACE('',(#5485),#133,.T.);
#8404=ADVANCED_FACE('',(#5486),#5841,.F.);
#8405=ADVANCED_FACE('',(#5487),#5842,.F.);
#8406=ADVANCED_FACE('',(#5488),#5843,.F.);
#8407=ADVANCED_FACE('',(#5489),#5844,.T.);
#8408=ADVANCED_FACE('',(#5490,#5491,#5492,#5493,#5494,#5495),#5845,.T.);
#8409=ADVANCED_FACE('',(#5496),#5846,.F.);
#8410=ADVANCED_FACE('',(#5497),#5847,.T.);
#8411=ADVANCED_FACE('',(#5498),#5848,.F.);
#8412=ADVANCED_FACE('',(#5499),#5849,.F.);
#8413=ADVANCED_FACE('',(#5500),#5850,.T.);
#8414=ADVANCED_FACE('',(#5501,#5502,#5503,#5504,#5505,#5506),#5851,.T.);
#8415=ADVANCED_FACE('',(#5507,#5508),#5852,.F.);
#8416=ADVANCED_FACE('',(#5509),#5853,.T.);
#8417=ADVANCED_FACE('',(#5510),#5854,.T.);
#8418=ADVANCED_FACE('',(#5511),#5855,.F.);
#8419=ADVANCED_FACE('',(#5512),#5856,.F.);
#8420=ADVANCED_FACE('',(#5513),#5857,.T.);
#8421=ADVANCED_FACE('',(#5514),#134,.T.);
#8422=ADVANCED_FACE('',(#5515),#135,.T.);
#8423=ADVANCED_FACE('',(#5516),#5858,.F.);
#8424=ADVANCED_FACE('',(#5517,#5518),#5859,.F.);
#8425=ADVANCED_FACE('',(#5519),#136,.F.);
#8426=ADVANCED_FACE('',(#5520,#5521,#5522,#5523),#137,.F.);
#8427=ADVANCED_FACE('',(#5524),#5860,.F.);
#8428=ADVANCED_FACE('',(#5525,#5526),#5861,.F.);
#8429=ADVANCED_FACE('',(#5527),#138,.T.);
#8430=ADVANCED_FACE('',(#5528),#139,.T.);
#8431=ADVANCED_FACE('',(#5529),#5862,.F.);
#8432=ADVANCED_FACE('',(#5530),#140,.T.);
#8433=ADVANCED_FACE('',(#5531),#141,.T.);
#8434=ADVANCED_FACE('',(#5532),#142,.F.);
#8435=ADVANCED_FACE('',(#5533),#143,.T.);
#8436=ADVANCED_FACE('',(#5534),#144,.F.);
#8437=ADVANCED_FACE('',(#5535),#145,.T.);
#8438=ADVANCED_FACE('',(#5536),#5863,.F.);
#8439=ADVANCED_FACE('',(#5537),#146,.T.);
#8440=ADVANCED_FACE('',(#5538),#5864,.F.);
#8441=ADVANCED_FACE('',(#5539),#147,.F.);
#8442=ADVANCED_FACE('',(#5540),#5865,.F.);
#8443=ADVANCED_FACE('',(#5541),#148,.F.);
#8444=ADVANCED_FACE('',(#5542),#5866,.F.);
#8445=ADVANCED_FACE('',(#5543),#5867,.F.);
#8446=ADVANCED_FACE('',(#5544),#149,.F.);
#8447=ADVANCED_FACE('',(#5545),#5868,.F.);
#8448=ADVANCED_FACE('',(#5546),#150,.F.);
#8449=ADVANCED_FACE('',(#5547),#5869,.F.);
#8450=ADVANCED_FACE('',(#5548),#151,.T.);
#8451=ADVANCED_FACE('',(#5549),#152,.T.);
#8452=ADVANCED_FACE('',(#5550),#153,.T.);
#8453=ADVANCED_FACE('',(#5551),#154,.F.);
#8454=ADVANCED_FACE('',(#5552),#155,.T.);
#8455=ADVANCED_FACE('',(#5553),#5870,.T.);
#8456=ADVANCED_FACE('',(#5554),#156,.T.);
#8457=ADVANCED_FACE('',(#5555),#5871,.T.);
#8458=ADVANCED_FACE('',(#5556),#157,.F.);
#8459=ADVANCED_FACE('',(#5557),#5872,.T.);
#8460=ADVANCED_FACE('',(#5558),#158,.F.);
#8461=ADVANCED_FACE('',(#5559),#5873,.T.);
#8462=ADVANCED_FACE('',(#5560),#5874,.T.);
#8463=ADVANCED_FACE('',(#5561),#5875,.T.);
#8464=ADVANCED_FACE('',(#5562),#159,.F.);
#8465=ADVANCED_FACE('',(#5563),#5876,.T.);
#8466=ADVANCED_FACE('',(#5564),#160,.F.);
#8467=ADVANCED_FACE('',(#5565),#5877,.T.);
#8468=ADVANCED_FACE('',(#5566),#5878,.T.);
#8469=ADVANCED_FACE('',(#5567),#5879,.T.);
#8470=ADVANCED_FACE('',(#5568),#161,.F.);
#8471=ADVANCED_FACE('',(#5569),#5880,.T.);
#8472=ADVANCED_FACE('',(#5570),#162,.F.);
#8473=ADVANCED_FACE('',(#5571),#5881,.T.);
#8474=ADVANCED_FACE('',(#5572),#5882,.T.);
#8475=ADVANCED_FACE('',(#5573),#5883,.T.);
#8476=ADVANCED_FACE('',(#5574),#163,.F.);
#8477=ADVANCED_FACE('',(#5575),#5884,.T.);
#8478=ADVANCED_FACE('',(#5576),#164,.F.);
#8479=ADVANCED_FACE('',(#5577),#5885,.T.);
#8480=ADVANCED_FACE('',(#5578),#5886,.T.);
#8481=ADVANCED_FACE('',(#5579),#5887,.F.);
#8482=ADVANCED_FACE('',(#5580),#5888,.F.);
#8483=ADVANCED_FACE('',(#5581),#165,.T.);
#8484=ADVANCED_FACE('',(#5582),#5889,.T.);
#8485=ADVANCED_FACE('',(#5583),#5890,.T.);
#8486=ADVANCED_FACE('',(#5584),#5891,.T.);
#8487=ADVANCED_FACE('',(#5585),#166,.T.);
#8488=ADVANCED_FACE('',(#5586,#5587),#167,.F.);
#8489=ADVANCED_FACE('',(#5588,#5589),#168,.F.);
#8490=ADVANCED_FACE('',(#5590),#169,.T.);
#8491=ADVANCED_FACE('',(#5591),#170,.F.);
#8492=ADVANCED_FACE('',(#5592),#171,.F.);
#8493=ADVANCED_FACE('',(#5593,#5594,#5595,#5596,#5597),#5892,.T.);
#8494=ADVANCED_FACE('',(#5598),#5893,.T.);
#8495=ADVANCED_FACE('',(#5599),#48,.T.);
#8496=ADVANCED_FACE('',(#5600),#5894,.F.);
#8497=ADVANCED_FACE('',(#5601),#5895,.T.);
#8498=ADVANCED_FACE('',(#5602),#172,.T.);
#8499=ADVANCED_FACE('',(#5603),#36,.F.);
#8500=ADVANCED_FACE('',(#5604),#34,.F.);
#8501=ADVANCED_FACE('',(#5605),#37,.F.);
#8502=ADVANCED_FACE('',(#5606),#35,.F.);
#8503=ADVANCED_FACE('',(#5607),#5896,.T.);
#8504=ADVANCED_FACE('',(#5608),#5897,.T.);
#8505=ADVANCED_FACE('',(#5609),#5898,.T.);
#8506=ADVANCED_FACE('',(#5610),#5899,.T.);
#8507=ADVANCED_FACE('',(#5611),#5900,.F.);
#8508=ADVANCED_FACE('',(#5612),#5901,.F.);
#8509=ADVANCED_FACE('',(#5613),#5902,.F.);
#8510=ADVANCED_FACE('',(#5614),#5903,.F.);
#8511=ADVANCED_FACE('',(#5615),#173,.T.);
#8512=ADVANCED_FACE('',(#5616),#174,.T.);
#8513=ADVANCED_FACE('',(#5617),#175,.T.);
#8514=ADVANCED_FACE('',(#5618),#15,.T.);
#8515=ADVANCED_FACE('',(#5619),#38,.T.);
#8516=ADVANCED_FACE('',(#5620),#176,.T.);
#8517=ADVANCED_FACE('',(#5621),#16,.T.);
#8518=ADVANCED_FACE('',(#5622),#17,.T.);
#8519=ADVANCED_FACE('',(#5623),#39,.T.);
#8520=ADVANCED_FACE('',(#5624),#18,.T.);
#8521=ADVANCED_FACE('',(#5625),#177,.T.);
#8522=ADVANCED_FACE('',(#5626),#178,.T.);
#8523=ADVANCED_FACE('',(#5627),#19,.T.);
#8524=ADVANCED_FACE('',(#5628),#40,.T.);
#8525=ADVANCED_FACE('',(#5629),#179,.T.);
#8526=ADVANCED_FACE('',(#5630),#180,.T.);
#8527=ADVANCED_FACE('',(#5631),#20,.T.);
#8528=ADVANCED_FACE('',(#5632),#41,.T.);
#8529=ADVANCED_FACE('',(#5633),#21,.T.);
#8530=ADVANCED_FACE('',(#5634),#181,.T.);
#8531=ADVANCED_FACE('',(#5635),#5904,.T.);
#8532=ADVANCED_FACE('',(#5636),#5905,.T.);
#8533=ADVANCED_FACE('',(#5637),#5906,.F.);
#8534=ADVANCED_FACE('',(#5638),#5907,.F.);
#8535=ADVANCED_FACE('',(#5639),#182,.T.);
#8536=ADVANCED_FACE('',(#5640),#183,.T.);
#8537=ADVANCED_FACE('',(#5641),#184,.T.);
#8538=ADVANCED_FACE('',(#5642),#5908,.F.);
#8539=ADVANCED_FACE('',(#5643),#5909,.T.);
#8540=ADVANCED_FACE('',(#5644),#5910,.T.);
#8541=ADVANCED_FACE('',(#5645),#5911,.T.);
#8542=ADVANCED_FACE('',(#5646),#5912,.T.);
#8543=ADVANCED_FACE('',(#5647),#5913,.T.);
#8544=ADVANCED_FACE('',(#5648),#5914,.T.);
#8545=ADVANCED_FACE('',(#5649),#5915,.F.);
#8546=ADVANCED_FACE('',(#5650),#5916,.F.);
#8547=ADVANCED_FACE('',(#5651),#5917,.F.);
#8548=ADVANCED_FACE('',(#5652),#5918,.F.);
#8549=ADVANCED_FACE('',(#5653),#5919,.T.);
#8550=ADVANCED_FACE('',(#5654),#5920,.F.);
#8551=ADVANCED_FACE('',(#5655),#5921,.F.);
#8552=ADVANCED_FACE('',(#5656),#5922,.F.);
#8553=ADVANCED_FACE('',(#5657),#5923,.T.);
#8554=ADVANCED_FACE('',(#5658),#185,.T.);
#8555=ADVANCED_FACE('',(#5659),#186,.T.);
#8556=ADVANCED_FACE('',(#5660),#5924,.T.);
#8557=ADVANCED_FACE('',(#5661),#5925,.F.);
#8558=ADVANCED_FACE('',(#5662),#5926,.F.);
#8559=ADVANCED_FACE('',(#5663),#5927,.T.);
#8560=ADVANCED_FACE('',(#5664),#5928,.F.);
#8561=ADVANCED_FACE('',(#5665),#5929,.T.);
#8562=ADVANCED_FACE('',(#5666),#5930,.F.);
#8563=ADVANCED_FACE('',(#5667),#5931,.T.);
#8564=ADVANCED_FACE('',(#5668),#187,.F.);
#8565=ADVANCED_FACE('',(#5669),#188,.F.);
#8566=ADVANCED_FACE('',(#5670),#189,.F.);
#8567=ADVANCED_FACE('',(#5671),#190,.F.);
#8568=ADVANCED_FACE('',(#5672),#191,.F.);
#8569=ADVANCED_FACE('',(#5673),#192,.F.);
#8570=ADVANCED_FACE('',(#5674),#193,.F.);
#8571=ADVANCED_FACE('',(#5675),#194,.F.);
#8572=ADVANCED_FACE('',(#5676),#195,.F.);
#8573=ADVANCED_FACE('',(#5677),#22,.F.);
#8574=ADVANCED_FACE('',(#5678,#5679),#49,.F.);
#8575=ADVANCED_FACE('',(#5680,#5681),#50,.F.);
#8576=ADVANCED_FACE('',(#5682),#5932,.T.);
#8577=ADVANCED_FACE('',(#5683),#5933,.T.);
#8578=ADVANCED_FACE('',(#5684),#5934,.T.);
#8579=ADVANCED_FACE('',(#5685),#5935,.F.);
#8580=ADVANCED_FACE('',(#5686),#5936,.F.);
#8581=ADVANCED_FACE('',(#5687),#5937,.F.);
#8582=ADVANCED_FACE('',(#5688),#5938,.F.);
#8583=ADVANCED_FACE('',(#5689),#5939,.T.);
#8584=ADVANCED_FACE('',(#5690),#5940,.T.);
#8585=ADVANCED_FACE('',(#5691),#5941,.F.);
#8586=ADVANCED_FACE('',(#5692),#196,.F.);
#8587=ADVANCED_FACE('',(#5693),#5942,.T.);
#8588=ADVANCED_FACE('',(#5694),#197,.F.);
#8589=ADVANCED_FACE('',(#5695),#5943,.T.);
#8590=ADVANCED_FACE('',(#5696),#198,.F.);
#8591=ADVANCED_FACE('',(#5697),#5944,.T.);
#8592=ADVANCED_FACE('',(#5698),#199,.F.);
#8593=ADVANCED_FACE('',(#5699),#5945,.T.);
#8594=ADVANCED_FACE('',(#5700),#5946,.F.);
#8595=ADVANCED_FACE('',(#5701),#5947,.F.);
#8596=ADVANCED_FACE('',(#5702),#5948,.T.);
#8597=ADVANCED_FACE('',(#5703),#5949,.T.);
#8598=ADVANCED_FACE('',(#5704),#5950,.T.);
#8599=ADVANCED_FACE('',(#5705),#200,.T.);
#8600=ADVANCED_FACE('',(#5706),#5951,.T.);
#8601=ADVANCED_FACE('',(#5707),#201,.T.);
#8602=ADVANCED_FACE('',(#5708),#5952,.T.);
#8603=ADVANCED_FACE('',(#5709),#202,.T.);
#8604=ADVANCED_FACE('',(#5710),#5953,.T.);
#8605=ADVANCED_FACE('',(#5711),#203,.T.);
#8606=ADVANCED_FACE('',(#5712),#5954,.F.);
#8607=ADVANCED_FACE('',(#5713),#51,.F.);
#8608=ADVANCED_FACE('',(#5714),#52,.F.);
#8609=ADVANCED_FACE('',(#5715),#5955,.F.);
#8610=ADVANCED_FACE('',(#5716),#5956,.F.);
#8611=ADVANCED_FACE('',(#5717),#5957,.F.);
#8612=ADVANCED_FACE('',(#5718),#5958,.T.);
#8613=ADVANCED_FACE('',(#5719),#5959,.T.);
#8614=ADVANCED_FACE('',(#5720),#5960,.F.);
#8615=ADVANCED_FACE('',(#5721),#5961,.T.);
#8616=ADVANCED_FACE('',(#5722),#5962,.F.);
#8617=ADVANCED_FACE('',(#5723),#5963,.T.);
#8618=ADVANCED_FACE('',(#5724),#5964,.F.);
#8619=ADVANCED_FACE('',(#5725),#5965,.T.);
#8620=ADVANCED_FACE('',(#5726),#5966,.F.);
#8621=ADVANCED_FACE('',(#5727),#5967,.F.);
#8622=ADVANCED_FACE('',(#5728),#5968,.T.);
#8623=ADVANCED_FACE('',(#5729),#5969,.T.);
#8624=ADVANCED_FACE('',(#5730),#5970,.F.);
#8625=ADVANCED_FACE('',(#5731),#204,.F.);
#8626=ADVANCED_FACE('',(#5732),#5971,.F.);
#8627=ADVANCED_FACE('',(#5733),#5972,.F.);
#8628=ADVANCED_FACE('',(#5734),#205,.T.);
#8629=ADVANCED_FACE('',(#5735),#5973,.F.);
#8630=ADVANCED_FACE('',(#5736),#5974,.F.);
#8631=ADVANCED_FACE('',(#5737),#5975,.F.);
#8632=ADVANCED_FACE('',(#5738),#5976,.T.);
#8633=ADVANCED_FACE('',(#5739),#5977,.T.);
#8634=ADVANCED_FACE('',(#5740,#5741),#206,.T.);
#8635=ADVANCED_FACE('',(#5742),#5978,.F.);
#8636=ADVANCED_FACE('',(#5743,#5744),#207,.T.);
#8637=ADVANCED_FACE('',(#5745,#5746),#23,.T.);
#8638=ADVANCED_FACE('',(#5747,#5748),#24,.T.);
#8639=ADVANCED_FACE('',(#5749),#5979,.F.);
#8640=ADVANCED_FACE('',(#5750),#5980,.F.);
#8641=ADVANCED_FACE('',(#5751),#5981,.F.);
#8642=ADVANCED_FACE('',(#5752),#5982,.T.);
#8643=ADVANCED_FACE('',(#5753),#5983,.T.);
#8644=ADVANCED_FACE('',(#5754),#5984,.T.);
#8645=ADVANCED_FACE('',(#5755),#5985,.T.);
#8646=ADVANCED_FACE('',(#5756),#5986,.F.);
#8647=ADVANCED_FACE('',(#5757),#42,.F.);
#8648=ADVANCED_FACE('',(#5758),#43,.F.);
#8649=ADVANCED_FACE('',(#5759),#5987,.F.);
#8650=ADVANCED_FACE('',(#5760),#208,.F.);
#8651=ADVANCED_FACE('',(#5761),#209,.F.);
#8652=ADVANCED_FACE('',(#5762),#210,.T.);
#8653=ADVANCED_FACE('',(#5763),#211,.T.);
#8654=ADVANCED_FACE('',(#5764),#5988,.F.);
#8655=ADVANCED_FACE('',(#5765),#5989,.F.);
#8656=ADVANCED_FACE('',(#5766),#212,.T.);
#8657=ADVANCED_FACE('',(#5767),#213,.F.);
#8658=ADVANCED_FACE('',(#5768),#5990,.F.);
#8659=ADVANCED_FACE('',(#5769),#5991,.F.);
#8660=ADVANCED_FACE('',(#5770),#5992,.F.);
#8661=ADVANCED_FACE('',(#5771),#5993,.F.);
#8662=ADVANCED_FACE('',(#5772),#214,.T.);
#8663=ADVANCED_FACE('',(#5773),#215,.F.);
#8664=ADVANCED_FACE('',(#5774),#216,.F.);
#8665=ADVANCED_FACE('',(#5775),#217,.F.);
#8666=ADVANCED_FACE('',(#5776),#218,.F.);
#8667=ADVANCED_FACE('',(#5777),#219,.T.);
#8668=ADVANCED_FACE('',(#5778),#220,.T.);
#8669=ADVANCED_FACE('',(#5779),#221,.T.);
#8670=ADVANCED_FACE('',(#5780),#222,.T.);
#8671=ADVANCED_FACE('',(#5781),#223,.T.);
#8672=ADVANCED_FACE('',(#5782),#224,.T.);
#8673=ADVANCED_FACE('',(#5783),#225,.T.);
#8674=ADVANCED_FACE('',(#5784),#44,.T.);
#8675=ADVANCED_FACE('',(#5785),#226,.T.);
#8676=ADVANCED_FACE('',(#5786),#45,.T.);
#8677=ADVANCED_FACE('',(#5787),#227,.T.);
#8678=ADVANCED_FACE('',(#5788),#25,.T.);
#8679=ADVANCED_FACE('',(#5789),#228,.T.);
#8680=ADVANCED_FACE('',(#5790),#26,.T.);
#8681=ADVANCED_FACE('',(#5791),#229,.T.);
#8682=ADVANCED_FACE('',(#5792),#27,.T.);
#8683=ADVANCED_FACE('',(#5793),#230,.T.);
#8684=ADVANCED_FACE('',(#5794),#28,.T.);
#8685=ADVANCED_FACE('',(#5795),#231,.T.);
#8686=ADVANCED_FACE('',(#5796),#46,.T.);
#8687=ADVANCED_FACE('',(#5797),#232,.T.);
#8688=ADVANCED_FACE('',(#5798),#47,.T.);
#8689=ADVANCED_FACE('',(#5799),#233,.T.);
#8690=ADVANCED_FACE('',(#5800),#234,.T.);
#8691=ADVANCED_FACE('',(#5801),#29,.T.);
#8692=ADVANCED_FACE('',(#5802),#30,.T.);
#8693=ADVANCED_FACE('',(#5803),#235,.T.);
#8694=ADVANCED_FACE('',(#5804),#31,.T.);
#8695=ADVANCED_FACE('',(#5805),#32,.T.);
#8696=ADVANCED_FACE('',(#5806),#236,.T.);
#8697=ADVANCED_FACE('',(#5807),#237,.T.);
#8698=ADVANCED_FACE('',(#5808),#238,.T.);
#8699=ADVANCED_FACE('',(#5809,#5810),#33,.T.);
#8700=CLOSED_SHELL('',(#8362,#8363,#8364,#8365,#8366,#8367,#8368,#8369,
#8370,#8371,#8372,#8373,#8374,#8375,#8376,#8377,#8378,#8379,#8380,#8381,
#8382,#8383,#8384,#8385,#8386,#8387,#8388,#8389,#8390,#8391,#8392,#8393,
#8394,#8395,#8396,#8397,#8398,#8399,#8400,#8401,#8402,#8403,#8404,#8405,
#8406,#8407,#8408,#8409,#8410,#8411,#8412,#8413,#8414,#8415,#8416,#8417,
#8418,#8419,#8420,#8421,#8422,#8423,#8424,#8425,#8426,#8427,#8428,#8429,
#8430,#8431,#8432,#8433,#8434,#8435,#8436,#8437,#8438,#8439,#8440,#8441,
#8442,#8443,#8444,#8445,#8446,#8447,#8448,#8449,#8450,#8451,#8452,#8453,
#8454,#8455,#8456,#8457,#8458,#8459,#8460,#8461,#8462,#8463,#8464,#8465,
#8466,#8467,#8468,#8469,#8470,#8471,#8472,#8473,#8474,#8475,#8476,#8477,
#8478,#8479,#8480,#8481,#8482,#8483,#8484,#8485,#8486,#8487,#8488,#8489,
#8490,#8491,#8492,#8493,#8494,#8495,#8496,#8497,#8498,#8499,#8500,#8501,
#8502,#8503,#8504,#8505,#8506,#8507,#8508,#8509,#8510,#8511,#8512,#8513,
#8514,#8515,#8516,#8517,#8518,#8519,#8520,#8521,#8522,#8523,#8524,#8525,
#8526,#8527,#8528,#8529,#8530,#8531,#8532,#8533,#8534,#8535,#8536,#8537,
#8538,#8539,#8540,#8541,#8542,#8543,#8544,#8545,#8546,#8547,#8548,#8549,
#8550,#8551,#8552,#8553,#8554,#8555,#8556,#8557,#8558,#8559,#8560,#8561,
#8562,#8563,#8564,#8565,#8566,#8567,#8568,#8569,#8570,#8571,#8572,#8573,
#8574,#8575,#8576,#8577,#8578,#8579,#8580,#8581,#8582,#8583,#8584,#8585,
#8586,#8587,#8588,#8589,#8590,#8591,#8592,#8593,#8594,#8595,#8596,#8597,
#8598,#8599,#8600,#8601,#8602,#8603,#8604,#8605,#8606,#8607,#8608,#8609,
#8610,#8611,#8612,#8613,#8614,#8615,#8616,#8617,#8618,#8619,#8620,#8621,
#8622,#8623,#8624,#8625,#8626,#8627,#8628,#8629,#8630,#8631,#8632,#8633,
#8634,#8635,#8636,#8637,#8638,#8639,#8640,#8641,#8642,#8643,#8644,#8645,
#8646,#8647,#8648,#8649,#8650,#8651,#8652,#8653,#8654,#8655,#8656,#8657,
#8658,#8659,#8660,#8661,#8662,#8663,#8664,#8665,#8666,#8667,#8668,#8669,
#8670,#8671,#8672,#8673,#8674,#8675,#8676,#8677,#8678,#8679,#8680,#8681,
#8682,#8683,#8684,#8685,#8686,#8687,#8688,#8689,#8690,#8691,#8692,#8693,
#8694,#8695,#8696,#8697,#8698,#8699));
#8701=MANIFOLD_SOLID_BREP('',#8700);
#8702=SHAPE_DEFINITION_REPRESENTATION(#13284,#8703);
#8703=SHAPE_REPRESENTATION('RCMP20HT-01',(#8704),#13279);
#8704=AXIS2_PLACEMENT_3D('',#11115,#9306,#9307);
#8705=AXIS2_PLACEMENT_3D('',#11116,#9308,#9309);
#8706=AXIS2_PLACEMENT_3D('',#11124,#9313,#9314);
#8707=AXIS2_PLACEMENT_3D('',#11125,#9315,#9316);
#8708=AXIS2_PLACEMENT_3D('',#11126,#9317,#9318);
#8709=AXIS2_PLACEMENT_3D('',#11131,#9320,#9321);
#8710=AXIS2_PLACEMENT_3D('',#11133,#9322,#9323);
#8711=AXIS2_PLACEMENT_3D('',#11136,#9325,#9326);
#8712=AXIS2_PLACEMENT_3D('',#11144,#9330,#9331);
#8713=AXIS2_PLACEMENT_3D('',#11145,#9332,#9333);
#8714=AXIS2_PLACEMENT_3D('',#11146,#9334,#9335);
#8715=AXIS2_PLACEMENT_3D('',#11148,#9336,#9337);
#8716=AXIS2_PLACEMENT_3D('',#11150,#9338,#9339);
#8717=AXIS2_PLACEMENT_3D('',#11160,#9344,#9345);
#8718=AXIS2_PLACEMENT_3D('',#11162,#9346,#9347);
#8719=AXIS2_PLACEMENT_3D('',#11164,#9348,#9349);
#8720=AXIS2_PLACEMENT_3D('',#11166,#9350,#9351);
#8721=AXIS2_PLACEMENT_3D('',#11168,#9352,#9353);
#8722=AXIS2_PLACEMENT_3D('',#11172,#9355,#9356);
#8723=AXIS2_PLACEMENT_3D('',#11176,#9358,#9359);
#8724=AXIS2_PLACEMENT_3D('',#11180,#9361,#9362);
#8725=AXIS2_PLACEMENT_3D('',#11188,#9366,#9367);
#8726=AXIS2_PLACEMENT_3D('',#11192,#9369,#9370);
#8727=AXIS2_PLACEMENT_3D('',#11196,#9372,#9373);
#8728=AXIS2_PLACEMENT_3D('',#11200,#9375,#9376);
#8729=AXIS2_PLACEMENT_3D('',#11206,#9379,#9380);
#8730=AXIS2_PLACEMENT_3D('',#11210,#9382,#9383);
#8731=AXIS2_PLACEMENT_3D('',#11218,#9387,#9388);
#8732=AXIS2_PLACEMENT_3D('',#11222,#9390,#9391);
#8733=AXIS2_PLACEMENT_3D('',#11228,#9394,#9395);
#8734=AXIS2_PLACEMENT_3D('',#11232,#9397,#9398);
#8735=AXIS2_PLACEMENT_3D('',#11236,#9400,#9401);
#8736=AXIS2_PLACEMENT_3D('',#11240,#9403,#9404);
#8737=AXIS2_PLACEMENT_3D('',#11248,#9408,#9409);
#8738=AXIS2_PLACEMENT_3D('',#11252,#9411,#9412);
#8739=AXIS2_PLACEMENT_3D('',#11256,#9414,#9415);
#8740=AXIS2_PLACEMENT_3D('',#11260,#9417,#9418);
#8741=AXIS2_PLACEMENT_3D('',#11262,#9419,#9420);
#8742=AXIS2_PLACEMENT_3D('',#11264,#9421,#9422);
#8743=AXIS2_PLACEMENT_3D('',#11266,#9423,#9424);
#8744=AXIS2_PLACEMENT_3D('',#11268,#9425,#9426);
#8745=AXIS2_PLACEMENT_3D('',#11276,#9430,#9431);
#8746=AXIS2_PLACEMENT_3D('',#11280,#9433,#9434);
#8747=AXIS2_PLACEMENT_3D('',#11281,#9435,#9436);
#8748=AXIS2_PLACEMENT_3D('',#11282,#9437,#9438);
#8749=AXIS2_PLACEMENT_3D('',#11287,#9440,#9441);
#8750=AXIS2_PLACEMENT_3D('',#11295,#9445,#9446);
#8751=AXIS2_PLACEMENT_3D('',#11304,#9451,#9452);
#8752=AXIS2_PLACEMENT_3D('',#11311,#9456,#9457);
#8753=AXIS2_PLACEMENT_3D('',#11315,#9459,#9460);
#8754=AXIS2_PLACEMENT_3D('',#11323,#9462,#9463);
#8755=AXIS2_PLACEMENT_3D('',#11327,#9465,#9466);
#8756=AXIS2_PLACEMENT_3D('',#11335,#9468,#9469);
#8757=AXIS2_PLACEMENT_3D('',#11347,#9473,#9474);
#8758=AXIS2_PLACEMENT_3D('',#11359,#9478,#9479);
#8759=AXIS2_PLACEMENT_3D('',#11363,#9482,#9483);
#8760=AXIS2_PLACEMENT_3D('',#11364,#9484,#9485);
#8761=AXIS2_PLACEMENT_3D('',#11373,#9490,#9491);
#8762=AXIS2_PLACEMENT_3D('',#11374,#9492,#9493);
#8763=AXIS2_PLACEMENT_3D('',#11378,#9495,#9496);
#8764=AXIS2_PLACEMENT_3D('',#11379,#9497,#9498);
#8765=AXIS2_PLACEMENT_3D('',#11385,#9502,#9503);
#8766=AXIS2_PLACEMENT_3D('',#11394,#9508,#9509);
#8767=AXIS2_PLACEMENT_3D('',#11395,#9510,#9511);
#8768=AXIS2_PLACEMENT_3D('',#11399,#9513,#9514);
#8769=AXIS2_PLACEMENT_3D('',#11400,#9515,#9516);
#8770=AXIS2_PLACEMENT_3D('',#11406,#9520,#9521);
#8771=AXIS2_PLACEMENT_3D('',#11409,#9524,#9525);
#8772=AXIS2_PLACEMENT_3D('',#11411,#9527,#9528);
#8773=AXIS2_PLACEMENT_3D('',#11413,#9530,#9531);
#8774=AXIS2_PLACEMENT_3D('',#11422,#9536,#9537);
#8775=AXIS2_PLACEMENT_3D('',#11423,#9538,#9539);
#8776=AXIS2_PLACEMENT_3D('',#11427,#9541,#9542);
#8777=AXIS2_PLACEMENT_3D('',#11428,#9543,#9544);
#8778=AXIS2_PLACEMENT_3D('',#11434,#9548,#9549);
#8779=AXIS2_PLACEMENT_3D('',#11443,#9554,#9555);
#8780=AXIS2_PLACEMENT_3D('',#11444,#9556,#9557);
#8781=AXIS2_PLACEMENT_3D('',#11448,#9559,#9560);
#8782=AXIS2_PLACEMENT_3D('',#11449,#9561,#9562);
#8783=AXIS2_PLACEMENT_3D('',#11455,#9566,#9567);
#8784=AXIS2_PLACEMENT_3D('',#11458,#9570,#9571);
#8785=AXIS2_PLACEMENT_3D('',#11460,#9573,#9574);
#8786=AXIS2_PLACEMENT_3D('',#11462,#9576,#9577);
#8787=AXIS2_PLACEMENT_3D('',#11471,#9582,#9583);
#8788=AXIS2_PLACEMENT_3D('',#11472,#9584,#9585);
#8789=AXIS2_PLACEMENT_3D('',#11476,#9587,#9588);
#8790=AXIS2_PLACEMENT_3D('',#11477,#9589,#9590);
#8791=AXIS2_PLACEMENT_3D('',#11483,#9594,#9595);
#8792=AXIS2_PLACEMENT_3D('',#11492,#9600,#9601);
#8793=AXIS2_PLACEMENT_3D('',#11493,#9602,#9603);
#8794=AXIS2_PLACEMENT_3D('',#11497,#9605,#9606);
#8795=AXIS2_PLACEMENT_3D('',#11498,#9607,#9608);
#8796=AXIS2_PLACEMENT_3D('',#11504,#9612,#9613);
#8797=AXIS2_PLACEMENT_3D('',#11507,#9616,#9617);
#8798=AXIS2_PLACEMENT_3D('',#11509,#9619,#9620);
#8799=AXIS2_PLACEMENT_3D('',#11511,#9622,#9623);
#8800=AXIS2_PLACEMENT_3D('',#11520,#9628,#9629);
#8801=AXIS2_PLACEMENT_3D('',#11521,#9630,#9631);
#8802=AXIS2_PLACEMENT_3D('',#11525,#9633,#9634);
#8803=AXIS2_PLACEMENT_3D('',#11526,#9635,#9636);
#8804=AXIS2_PLACEMENT_3D('',#11532,#9640,#9641);
#8805=AXIS2_PLACEMENT_3D('',#11541,#9646,#9647);
#8806=AXIS2_PLACEMENT_3D('',#11542,#9648,#9649);
#8807=AXIS2_PLACEMENT_3D('',#11546,#9651,#9652);
#8808=AXIS2_PLACEMENT_3D('',#11547,#9653,#9654);
#8809=AXIS2_PLACEMENT_3D('',#11553,#9658,#9659);
#8810=AXIS2_PLACEMENT_3D('',#11556,#9662,#9663);
#8811=AXIS2_PLACEMENT_3D('',#11558,#9665,#9666);
#8812=AXIS2_PLACEMENT_3D('',#11560,#9668,#9669);
#8813=AXIS2_PLACEMENT_3D('',#11577,#9678,#9679);
#8814=AXIS2_PLACEMENT_3D('',#11586,#9684,#9685);
#8815=AXIS2_PLACEMENT_3D('',#11596,#9690,#9691);
#8816=AXIS2_PLACEMENT_3D('',#11600,#9693,#9694);
#8817=AXIS2_PLACEMENT_3D('',#11604,#9696,#9697);
#8818=AXIS2_PLACEMENT_3D('',#11608,#9699,#9700);
#8819=AXIS2_PLACEMENT_3D('',#11616,#9704,#9705);
#8820=AXIS2_PLACEMENT_3D('',#11620,#9707,#9708);
#8821=AXIS2_PLACEMENT_3D('',#11624,#9710,#9711);
#8822=AXIS2_PLACEMENT_3D('',#11628,#9713,#9714);
#8823=AXIS2_PLACEMENT_3D('',#11630,#9715,#9716);
#8824=AXIS2_PLACEMENT_3D('',#11632,#9717,#9718);
#8825=AXIS2_PLACEMENT_3D('',#11640,#9722,#9723);
#8826=AXIS2_PLACEMENT_3D('',#11648,#9727,#9728);
#8827=AXIS2_PLACEMENT_3D('',#11650,#9729,#9730);
#8828=AXIS2_PLACEMENT_3D('',#11652,#9731,#9732);
#8829=AXIS2_PLACEMENT_3D('',#11656,#9734,#9735);
#8830=AXIS2_PLACEMENT_3D('',#11660,#9737,#9738);
#8831=AXIS2_PLACEMENT_3D('',#11664,#9740,#9741);
#8832=AXIS2_PLACEMENT_3D('',#11672,#9745,#9746);
#8833=AXIS2_PLACEMENT_3D('',#11676,#9748,#9749);
#8834=AXIS2_PLACEMENT_3D('',#11680,#9751,#9752);
#8835=AXIS2_PLACEMENT_3D('',#11684,#9754,#9755);
#8836=AXIS2_PLACEMENT_3D('',#11694,#9760,#9761);
#8837=AXIS2_PLACEMENT_3D('',#11698,#9763,#9764);
#8838=AXIS2_PLACEMENT_3D('',#11706,#9768,#9769);
#8839=AXIS2_PLACEMENT_3D('',#11710,#9771,#9772);
#8840=AXIS2_PLACEMENT_3D('',#11711,#9773,#9774);
#8841=AXIS2_PLACEMENT_3D('',#11718,#9779,#9780);
#8842=AXIS2_PLACEMENT_3D('',#11724,#9784,#9785);
#8843=AXIS2_PLACEMENT_3D('',#11733,#9790,#9791);
#8844=AXIS2_PLACEMENT_3D('',#11738,#9794,#9795);
#8845=AXIS2_PLACEMENT_3D('',#11742,#9797,#9798);
#8846=AXIS2_PLACEMENT_3D('',#11750,#9802,#9803);
#8847=AXIS2_PLACEMENT_3D('',#11754,#9805,#9806);
#8848=AXIS2_PLACEMENT_3D('',#11764,#9809,#9810);
#8849=AXIS2_PLACEMENT_3D('',#11772,#9814,#9815);
#8850=AXIS2_PLACEMENT_3D('',#11774,#9816,#9817);
#8851=AXIS2_PLACEMENT_3D('',#11778,#9819,#9820);
#8852=AXIS2_PLACEMENT_3D('',#11782,#9822,#9823);
#8853=AXIS2_PLACEMENT_3D('',#11784,#9824,#9825);
#8854=AXIS2_PLACEMENT_3D('',#11788,#9827,#9828);
#8855=AXIS2_PLACEMENT_3D('',#11802,#9836,#9837);
#8856=AXIS2_PLACEMENT_3D('',#11806,#9839,#9840);
#8857=AXIS2_PLACEMENT_3D('',#11808,#9841,#9842);
#8858=AXIS2_PLACEMENT_3D('',#11812,#9844,#9845);
#8859=AXIS2_PLACEMENT_3D('',#11816,#9847,#9848);
#8860=AXIS2_PLACEMENT_3D('',#11818,#9849,#9850);
#8861=AXIS2_PLACEMENT_3D('',#11826,#9854,#9855);
#8862=AXIS2_PLACEMENT_3D('',#11832,#9856,#9857);
#8863=AXIS2_PLACEMENT_3D('',#11834,#9858,#9859);
#8864=AXIS2_PLACEMENT_3D('',#11851,#9867,#9868);
#8865=AXIS2_PLACEMENT_3D('',#11859,#9872,#9873);
#8866=AXIS2_PLACEMENT_3D('',#11873,#9878,#9879);
#8867=AXIS2_PLACEMENT_3D('',#11877,#9881,#9882);
#8868=AXIS2_PLACEMENT_3D('',#11881,#9884,#9885);
#8869=AXIS2_PLACEMENT_3D('',#11885,#9887,#9888);
#8870=AXIS2_PLACEMENT_3D('',#11889,#9890,#9891);
#8871=AXIS2_PLACEMENT_3D('',#11900,#9898,#9899);
#8872=AXIS2_PLACEMENT_3D('',#11906,#9903,#9904);
#8873=AXIS2_PLACEMENT_3D('',#11912,#9908,#9909);
#8874=AXIS2_PLACEMENT_3D('',#11916,#9911,#9912);
#8875=AXIS2_PLACEMENT_3D('',#11931,#9920,#9921);
#8876=AXIS2_PLACEMENT_3D('',#11940,#9926,#9927);
#8877=AXIS2_PLACEMENT_3D('',#11957,#9936,#9937);
#8878=AXIS2_PLACEMENT_3D('',#11960,#9939,#9940);
#8879=AXIS2_PLACEMENT_3D('',#11962,#9942,#9943);
#8880=AXIS2_PLACEMENT_3D('',#11963,#9944,#9945);
#8881=AXIS2_PLACEMENT_3D('',#11967,#9948,#9949);
#8882=AXIS2_PLACEMENT_3D('',#11970,#9952,#9953);
#8883=AXIS2_PLACEMENT_3D('',#11971,#9954,#9955);
#8884=AXIS2_PLACEMENT_3D('',#11975,#9957,#9958);
#8885=AXIS2_PLACEMENT_3D('',#11976,#9959,#9960);
#8886=AXIS2_PLACEMENT_3D('',#11980,#9962,#9963);
#8887=AXIS2_PLACEMENT_3D('',#11986,#9967,#9968);
#8888=AXIS2_PLACEMENT_3D('',#11993,#9970,#9971);
#8889=AXIS2_PLACEMENT_3D('',#11994,#9972,#9973);
#8890=AXIS2_PLACEMENT_3D('',#12000,#9978,#9979);
#8891=AXIS2_PLACEMENT_3D('',#12003,#9982,#9983);
#8892=AXIS2_PLACEMENT_3D('',#12007,#9985,#9986);
#8893=AXIS2_PLACEMENT_3D('',#12011,#9988,#9989);
#8894=AXIS2_PLACEMENT_3D('',#12012,#9990,#9991);
#8895=AXIS2_PLACEMENT_3D('',#12016,#9993,#9994);
#8896=AXIS2_PLACEMENT_3D('',#12022,#9998,#9999);
#8897=AXIS2_PLACEMENT_3D('',#12024,#10001,#10002);
#8898=AXIS2_PLACEMENT_3D('',#12025,#10003,#10004);
#8899=AXIS2_PLACEMENT_3D('',#12026,#10005,#10006);
#8900=AXIS2_PLACEMENT_3D('',#12032,#10010,#10011);
#8901=AXIS2_PLACEMENT_3D('',#12033,#10012,#10013);
#8902=AXIS2_PLACEMENT_3D('',#12034,#10014,#10015);
#8903=AXIS2_PLACEMENT_3D('',#12035,#10016,#10017);
#8904=AXIS2_PLACEMENT_3D('',#12042,#10019,#10020);
#8905=AXIS2_PLACEMENT_3D('',#12050,#10022,#10023);
#8906=AXIS2_PLACEMENT_3D('',#12053,#10025,#10026);
#8907=AXIS2_PLACEMENT_3D('',#12054,#10027,#10028);
#8908=AXIS2_PLACEMENT_3D('',#12062,#10030,#10031);
#8909=AXIS2_PLACEMENT_3D('',#12068,#10033,#10034);
#8910=AXIS2_PLACEMENT_3D('',#12070,#10036,#10037);
#8911=AXIS2_PLACEMENT_3D('',#12072,#10039,#10040);
#8912=AXIS2_PLACEMENT_3D('',#12074,#10042,#10043);
#8913=AXIS2_PLACEMENT_3D('',#12076,#10045,#10046);
#8914=AXIS2_PLACEMENT_3D('',#12078,#10048,#10049);
#8915=AXIS2_PLACEMENT_3D('',#12087,#10054,#10055);
#8916=AXIS2_PLACEMENT_3D('',#12089,#10057,#10058);
#8917=AXIS2_PLACEMENT_3D('',#12098,#10063,#10064);
#8918=AXIS2_PLACEMENT_3D('',#12101,#10067,#10068);
#8919=AXIS2_PLACEMENT_3D('',#12103,#10070,#10071);
#8920=AXIS2_PLACEMENT_3D('',#12105,#10073,#10074);
#8921=AXIS2_PLACEMENT_3D('',#12107,#10076,#10077);
#8922=AXIS2_PLACEMENT_3D('',#12109,#10079,#10080);
#8923=AXIS2_PLACEMENT_3D('',#12110,#10081,#10082);
#8924=AXIS2_PLACEMENT_3D('',#12112,#10084,#10085);
#8925=AXIS2_PLACEMENT_3D('',#12120,#10087,#10088);
#8926=AXIS2_PLACEMENT_3D('',#12121,#10089,#10090);
#8927=AXIS2_PLACEMENT_3D('',#12124,#10092,#10093);
#8928=AXIS2_PLACEMENT_3D('',#12132,#10095,#10096);
#8929=AXIS2_PLACEMENT_3D('',#12138,#10098,#10099);
#8930=AXIS2_PLACEMENT_3D('',#12140,#10101,#10102);
#8931=AXIS2_PLACEMENT_3D('',#12142,#10104,#10105);
#8932=AXIS2_PLACEMENT_3D('',#12144,#10107,#10108);
#8933=AXIS2_PLACEMENT_3D('',#12146,#10110,#10111);
#8934=AXIS2_PLACEMENT_3D('',#12148,#10113,#10114);
#8935=AXIS2_PLACEMENT_3D('',#12160,#10120,#10121);
#8936=AXIS2_PLACEMENT_3D('',#12162,#10123,#10124);
#8937=AXIS2_PLACEMENT_3D('',#12168,#10128,#10129);
#8938=AXIS2_PLACEMENT_3D('',#12178,#10135,#10136);
#8939=AXIS2_PLACEMENT_3D('',#12180,#10138,#10139);
#8940=AXIS2_PLACEMENT_3D('',#12182,#10141,#10142);
#8941=AXIS2_PLACEMENT_3D('',#12184,#10144,#10145);
#8942=AXIS2_PLACEMENT_3D('',#12186,#10147,#10148);
#8943=AXIS2_PLACEMENT_3D('',#12187,#10149,#10150);
#8944=AXIS2_PLACEMENT_3D('',#12192,#10154,#10155);
#8945=AXIS2_PLACEMENT_3D('',#12199,#10160,#10161);
#8946=AXIS2_PLACEMENT_3D('',#12201,#10163,#10164);
#8947=AXIS2_PLACEMENT_3D('',#12203,#10166,#10167);
#8948=AXIS2_PLACEMENT_3D('',#12205,#10169,#10170);
#8949=AXIS2_PLACEMENT_3D('',#12217,#10176,#10177);
#8950=AXIS2_PLACEMENT_3D('',#12219,#10179,#10180);
#8951=AXIS2_PLACEMENT_3D('',#12225,#10184,#10185);
#8952=AXIS2_PLACEMENT_3D('',#12235,#10191,#10192);
#8953=AXIS2_PLACEMENT_3D('',#12237,#10194,#10195);
#8954=AXIS2_PLACEMENT_3D('',#12239,#10197,#10198);
#8955=AXIS2_PLACEMENT_3D('',#12241,#10200,#10201);
#8956=AXIS2_PLACEMENT_3D('',#12242,#10202,#10203);
#8957=AXIS2_PLACEMENT_3D('',#12246,#10206,#10207);
#8958=AXIS2_PLACEMENT_3D('',#12253,#10213,#10214);
#8959=AXIS2_PLACEMENT_3D('',#12262,#10221,#10222);
#8960=AXIS2_PLACEMENT_3D('',#12264,#10224,#10225);
#8961=AXIS2_PLACEMENT_3D('',#12267,#10227,#10228);
#8962=AXIS2_PLACEMENT_3D('',#12269,#10229,#10230);
#8963=AXIS2_PLACEMENT_3D('',#12271,#10231,#10232);
#8964=AXIS2_PLACEMENT_3D('',#12274,#10234,#10235);
#8965=AXIS2_PLACEMENT_3D('',#12275,#10236,#10237);
#8966=AXIS2_PLACEMENT_3D('',#12281,#10241,#10242);
#8967=AXIS2_PLACEMENT_3D('',#12282,#10243,#10244);
#8968=AXIS2_PLACEMENT_3D('',#12290,#10248,#10249);
#8969=AXIS2_PLACEMENT_3D('',#12296,#10253,#10254);
#8970=AXIS2_PLACEMENT_3D('',#12299,#10256,#10257);
#8971=AXIS2_PLACEMENT_3D('',#12300,#10258,#10259);
#8972=AXIS2_PLACEMENT_3D('',#12303,#10261,#10262);
#8973=AXIS2_PLACEMENT_3D('',#12304,#10263,#10264);
#8974=AXIS2_PLACEMENT_3D('',#12305,#10265,#10266);
#8975=AXIS2_PLACEMENT_3D('',#12307,#10267,#10268);
#8976=AXIS2_PLACEMENT_3D('',#12309,#10269,#10270);
#8977=AXIS2_PLACEMENT_3D('',#12310,#10271,#10272);
#8978=AXIS2_PLACEMENT_3D('',#12312,#10273,#10274);
#8979=AXIS2_PLACEMENT_3D('',#12314,#10275,#10276);
#8980=AXIS2_PLACEMENT_3D('',#12315,#10277,#10278);
#8981=AXIS2_PLACEMENT_3D('',#12318,#10280,#10281);
#8982=AXIS2_PLACEMENT_3D('',#12319,#10282,#10283);
#8983=AXIS2_PLACEMENT_3D('',#12320,#10284,#10285);
#8984=AXIS2_PLACEMENT_3D('',#12321,#10286,#10287);
#8985=AXIS2_PLACEMENT_3D('',#12324,#10289,#10290);
#8986=AXIS2_PLACEMENT_3D('',#12325,#10291,#10292);
#8987=AXIS2_PLACEMENT_3D('',#12330,#10294,#10295);
#8988=AXIS2_PLACEMENT_3D('',#12334,#10297,#10298);
#8989=AXIS2_PLACEMENT_3D('',#12338,#10300,#10301);
#8990=AXIS2_PLACEMENT_3D('',#12342,#10303,#10304);
#8991=AXIS2_PLACEMENT_3D('',#12343,#10305,#10306);
#8992=AXIS2_PLACEMENT_3D('',#12352,#10310,#10311);
#8993=AXIS2_PLACEMENT_3D('',#12354,#10312,#10313);
#8994=AXIS2_PLACEMENT_3D('',#12358,#10315,#10316);
#8995=AXIS2_PLACEMENT_3D('',#12368,#10318,#10319);
#8996=AXIS2_PLACEMENT_3D('',#12378,#10321,#10322);
#8997=AXIS2_PLACEMENT_3D('',#12382,#10324,#10325);
#8998=AXIS2_PLACEMENT_3D('',#12383,#10326,#10327);
#8999=AXIS2_PLACEMENT_3D('',#12389,#10331,#10332);
#9000=AXIS2_PLACEMENT_3D('',#12390,#10333,#10334);
#9001=AXIS2_PLACEMENT_3D('',#12401,#10335,#10336);
#9002=AXIS2_PLACEMENT_3D('',#12412,#10337,#10338);
#9003=AXIS2_PLACEMENT_3D('',#12418,#10339,#10340);
#9004=AXIS2_PLACEMENT_3D('',#12424,#10341,#10342);
#9005=AXIS2_PLACEMENT_3D('',#12426,#10343,#10344);
#9006=AXIS2_PLACEMENT_3D('',#12433,#10345,#10346);
#9007=AXIS2_PLACEMENT_3D('',#12439,#10347,#10348);
#9008=AXIS2_PLACEMENT_3D('',#12449,#10351,#10352);
#9009=AXIS2_PLACEMENT_3D('',#12450,#10353,#10354);
#9010=AXIS2_PLACEMENT_3D('',#12460,#10357,#10358);
#9011=AXIS2_PLACEMENT_3D('',#12461,#10359,#10360);
#9012=AXIS2_PLACEMENT_3D('',#12462,#10361,#10362);
#9013=AXIS2_PLACEMENT_3D('',#12479,#10363,#10364);
#9014=AXIS2_PLACEMENT_3D('',#12480,#10365,#10366);
#9015=AXIS2_PLACEMENT_3D('',#12497,#10367,#10368);
#9016=AXIS2_PLACEMENT_3D('',#12498,#10369,#10370);
#9017=AXIS2_PLACEMENT_3D('',#12499,#10371,#10372);
#9018=AXIS2_PLACEMENT_3D('',#12501,#10374,#10375);
#9019=AXIS2_PLACEMENT_3D('',#12505,#10378,#10379);
#9020=AXIS2_PLACEMENT_3D('',#12509,#10382,#10383);
#9021=AXIS2_PLACEMENT_3D('',#12511,#10385,#10386);
#9022=AXIS2_PLACEMENT_3D('',#12513,#10388,#10389);
#9023=AXIS2_PLACEMENT_3D('',#12517,#10392,#10393);
#9024=AXIS2_PLACEMENT_3D('',#12521,#10396,#10397);
#9025=AXIS2_PLACEMENT_3D('',#12523,#10399,#10400);
#9026=AXIS2_PLACEMENT_3D('',#12524,#10401,#10402);
#9027=AXIS2_PLACEMENT_3D('',#12525,#10403,#10404);
#9028=AXIS2_PLACEMENT_3D('',#12526,#10405,#10406);
#9029=AXIS2_PLACEMENT_3D('',#12527,#10407,#10408);
#9030=AXIS2_PLACEMENT_3D('',#12528,#10409,#10410);
#9031=AXIS2_PLACEMENT_3D('',#12529,#10411,#10412);
#9032=AXIS2_PLACEMENT_3D('',#12530,#10413,#10414);
#9033=AXIS2_PLACEMENT_3D('',#12531,#10415,#10416);
#9034=AXIS2_PLACEMENT_3D('',#12547,#10417,#10418);
#9035=AXIS2_PLACEMENT_3D('',#12548,#10419,#10420);
#9036=AXIS2_PLACEMENT_3D('',#12549,#10421,#10422);
#9037=AXIS2_PLACEMENT_3D('',#12550,#10423,#10424);
#9038=AXIS2_PLACEMENT_3D('',#12551,#10425,#10426);
#9039=AXIS2_PLACEMENT_3D('',#12552,#10427,#10428);
#9040=AXIS2_PLACEMENT_3D('',#12553,#10429,#10430);
#9041=AXIS2_PLACEMENT_3D('',#12569,#10431,#10432);
#9042=AXIS2_PLACEMENT_3D('',#12570,#10433,#10434);
#9043=AXIS2_PLACEMENT_3D('',#12571,#10435,#10436);
#9044=AXIS2_PLACEMENT_3D('',#12572,#10437,#10438);
#9045=AXIS2_PLACEMENT_3D('',#12573,#10439,#10440);
#9046=AXIS2_PLACEMENT_3D('',#12574,#10441,#10442);
#9047=AXIS2_PLACEMENT_3D('',#12575,#10443,#10444);
#9048=AXIS2_PLACEMENT_3D('',#12576,#10445,#10446);
#9049=AXIS2_PLACEMENT_3D('',#12577,#10447,#10448);
#9050=AXIS2_PLACEMENT_3D('',#12599,#10449,#10450);
#9051=AXIS2_PLACEMENT_3D('',#12600,#10451,#10452);
#9052=AXIS2_PLACEMENT_3D('',#12601,#10453,#10454);
#9053=AXIS2_PLACEMENT_3D('',#12602,#10455,#10456);
#9054=AXIS2_PLACEMENT_3D('',#12603,#10457,#10458);
#9055=AXIS2_PLACEMENT_3D('',#12604,#10459,#10460);
#9056=AXIS2_PLACEMENT_3D('',#12605,#10461,#10462);
#9057=AXIS2_PLACEMENT_3D('',#12627,#10463,#10464);
#9058=AXIS2_PLACEMENT_3D('',#12628,#10465,#10466);
#9059=AXIS2_PLACEMENT_3D('',#12629,#10467,#10468);
#9060=AXIS2_PLACEMENT_3D('',#12630,#10469,#10470);
#9061=AXIS2_PLACEMENT_3D('',#12631,#10471,#10472);
#9062=AXIS2_PLACEMENT_3D('',#12632,#10473,#10474);
#9063=AXIS2_PLACEMENT_3D('',#12633,#10475,#10476);
#9064=AXIS2_PLACEMENT_3D('',#12634,#10477,#10478);
#9065=AXIS2_PLACEMENT_3D('',#12635,#10479,#10480);
#9066=AXIS2_PLACEMENT_3D('',#12636,#10481,#10482);
#9067=AXIS2_PLACEMENT_3D('',#12637,#10483,#10484);
#9068=AXIS2_PLACEMENT_3D('',#12638,#10485,#10486);
#9069=AXIS2_PLACEMENT_3D('',#12646,#10492,#10493);
#9070=AXIS2_PLACEMENT_3D('',#12648,#10495,#10496);
#9071=AXIS2_PLACEMENT_3D('',#12652,#10498,#10499);
#9072=AXIS2_PLACEMENT_3D('',#12656,#10501,#10502);
#9073=AXIS2_PLACEMENT_3D('',#12660,#10504,#10505);
#9074=AXIS2_PLACEMENT_3D('',#12661,#10506,#10507);
#9075=AXIS2_PLACEMENT_3D('',#12662,#10508,#10509);
#9076=AXIS2_PLACEMENT_3D('',#12668,#10513,#10514);
#9077=AXIS2_PLACEMENT_3D('',#12672,#10516,#10517);
#9078=AXIS2_PLACEMENT_3D('',#12673,#10518,#10519);
#9079=AXIS2_PLACEMENT_3D('',#12677,#10521,#10522);
#9080=AXIS2_PLACEMENT_3D('',#12678,#10523,#10524);
#9081=AXIS2_PLACEMENT_3D('',#12679,#10525,#10526);
#9082=AXIS2_PLACEMENT_3D('',#12687,#10531,#10532);
#9083=AXIS2_PLACEMENT_3D('',#12691,#10535,#10536);
#9084=AXIS2_PLACEMENT_3D('',#12692,#10537,#10538);
#9085=AXIS2_PLACEMENT_3D('',#12696,#10541,#10542);
#9086=AXIS2_PLACEMENT_3D('',#12699,#10544,#10545);
#9087=AXIS2_PLACEMENT_3D('',#12705,#10549,#10550);
#9088=AXIS2_PLACEMENT_3D('',#12709,#10553,#10554);
#9089=AXIS2_PLACEMENT_3D('',#12715,#10558,#10559);
#9090=AXIS2_PLACEMENT_3D('',#12716,#10560,#10561);
#9091=AXIS2_PLACEMENT_3D('',#12718,#10563,#10564);
#9092=AXIS2_PLACEMENT_3D('',#12722,#10566,#10567);
#9093=AXIS2_PLACEMENT_3D('',#12726,#10569,#10570);
#9094=AXIS2_PLACEMENT_3D('',#12730,#10572,#10573);
#9095=AXIS2_PLACEMENT_3D('',#12731,#10574,#10575);
#9096=AXIS2_PLACEMENT_3D('',#12733,#10577,#10578);
#9097=AXIS2_PLACEMENT_3D('',#12734,#10579,#10580);
#9098=AXIS2_PLACEMENT_3D('',#12737,#10583,#10584);
#9099=AXIS2_PLACEMENT_3D('',#12739,#10586,#10587);
#9100=AXIS2_PLACEMENT_3D('',#12740,#10588,#10589);
#9101=AXIS2_PLACEMENT_3D('',#12741,#10590,#10591);
#9102=AXIS2_PLACEMENT_3D('',#12742,#10592,#10593);
#9103=AXIS2_PLACEMENT_3D('',#12743,#10594,#10595);
#9104=AXIS2_PLACEMENT_3D('',#12746,#10598,#10599);
#9105=AXIS2_PLACEMENT_3D('',#12747,#10600,#10601);
#9106=AXIS2_PLACEMENT_3D('',#12750,#10604,#10605);
#9107=AXIS2_PLACEMENT_3D('',#12751,#10606,#10607);
#9108=AXIS2_PLACEMENT_3D('',#12754,#10610,#10611);
#9109=AXIS2_PLACEMENT_3D('',#12757,#10614,#10615);
#9110=AXIS2_PLACEMENT_3D('',#12760,#10618,#10619);
#9111=AXIS2_PLACEMENT_3D('',#12763,#10622,#10623);
#9112=AXIS2_PLACEMENT_3D('',#12764,#10624,#10625);
#9113=AXIS2_PLACEMENT_3D('',#12765,#10626,#10627);
#9114=AXIS2_PLACEMENT_3D('',#12766,#10628,#10629);
#9115=AXIS2_PLACEMENT_3D('',#12767,#10630,#10631);
#9116=AXIS2_PLACEMENT_3D('',#12768,#10632,#10633);
#9117=AXIS2_PLACEMENT_3D('',#12769,#10634,#10635);
#9118=AXIS2_PLACEMENT_3D('',#12770,#10636,#10637);
#9119=AXIS2_PLACEMENT_3D('',#12771,#10638,#10639);
#9120=AXIS2_PLACEMENT_3D('',#12772,#10640,#10641);
#9121=AXIS2_PLACEMENT_3D('',#12773,#10642,#10643);
#9122=AXIS2_PLACEMENT_3D('',#12774,#10644,#10645);
#9123=AXIS2_PLACEMENT_3D('',#12775,#10646,#10647);
#9124=AXIS2_PLACEMENT_3D('',#12776,#10648,#10649);
#9125=AXIS2_PLACEMENT_3D('',#12778,#10651,#10652);
#9126=AXIS2_PLACEMENT_3D('',#12780,#10654,#10655);
#9127=AXIS2_PLACEMENT_3D('',#12781,#10656,#10657);
#9128=AXIS2_PLACEMENT_3D('',#12783,#10659,#10660);
#9129=AXIS2_PLACEMENT_3D('',#12785,#10662,#10663);
#9130=AXIS2_PLACEMENT_3D('',#12786,#10664,#10665);
#9131=AXIS2_PLACEMENT_3D('',#12787,#10666,#10667);
#9132=AXIS2_PLACEMENT_3D('',#12788,#10668,#10669);
#9133=AXIS2_PLACEMENT_3D('',#12789,#10670,#10671);
#9134=AXIS2_PLACEMENT_3D('',#12790,#10672,#10673);
#9135=AXIS2_PLACEMENT_3D('',#12792,#10675,#10676);
#9136=AXIS2_PLACEMENT_3D('',#12794,#10678,#10679);
#9137=AXIS2_PLACEMENT_3D('',#12796,#10681,#10682);
#9138=AXIS2_PLACEMENT_3D('',#12798,#10684,#10685);
#9139=AXIS2_PLACEMENT_3D('',#12800,#10687,#10688);
#9140=AXIS2_PLACEMENT_3D('',#12802,#10690,#10691);
#9141=AXIS2_PLACEMENT_3D('',#12803,#10692,#10693);
#9142=AXIS2_PLACEMENT_3D('',#12805,#10695,#10696);
#9143=AXIS2_PLACEMENT_3D('',#12807,#10698,#10699);
#9144=AXIS2_PLACEMENT_3D('',#12809,#10701,#10702);
#9145=AXIS2_PLACEMENT_3D('',#12811,#10704,#10705);
#9146=AXIS2_PLACEMENT_3D('',#12812,#10706,#10707);
#9147=AXIS2_PLACEMENT_3D('',#12818,#10711,#10712);
#9148=AXIS2_PLACEMENT_3D('',#12819,#10713,#10714);
#9149=AXIS2_PLACEMENT_3D('',#12822,#10716,#10717);
#9150=AXIS2_PLACEMENT_3D('',#12826,#10720,#10721);
#9151=AXIS2_PLACEMENT_3D('',#12827,#10722,#10723);
#9152=AXIS2_PLACEMENT_3D('',#12830,#10725,#10726);
#9153=AXIS2_PLACEMENT_3D('',#12834,#10729,#10730);
#9154=AXIS2_PLACEMENT_3D('',#12835,#10731,#10732);
#9155=AXIS2_PLACEMENT_3D('',#12838,#10734,#10735);
#9156=AXIS2_PLACEMENT_3D('',#12842,#10738,#10739);
#9157=AXIS2_PLACEMENT_3D('',#12843,#10740,#10741);
#9158=AXIS2_PLACEMENT_3D('',#12844,#10742,#10743);
#9159=AXIS2_PLACEMENT_3D('',#12845,#10744,#10745);
#9160=AXIS2_PLACEMENT_3D('',#12846,#10746,#10747);
#9161=AXIS2_PLACEMENT_3D('',#12847,#10748,#10749);
#9162=AXIS2_PLACEMENT_3D('',#12849,#10751,#10752);
#9163=AXIS2_PLACEMENT_3D('',#12851,#10754,#10755);
#9164=AXIS2_PLACEMENT_3D('',#12852,#10756,#10757);
#9165=AXIS2_PLACEMENT_3D('',#12856,#10760,#10761);
#9166=AXIS2_PLACEMENT_3D('',#12858,#10763,#10764);
#9167=AXIS2_PLACEMENT_3D('',#12859,#10765,#10766);
#9168=AXIS2_PLACEMENT_3D('',#12862,#10769,#10770);
#9169=AXIS2_PLACEMENT_3D('',#12863,#10771,#10772);
#9170=AXIS2_PLACEMENT_3D('',#12864,#10773,#10774);
#9171=AXIS2_PLACEMENT_3D('',#12866,#10776,#10777);
#9172=AXIS2_PLACEMENT_3D('',#12868,#10779,#10780);
#9173=AXIS2_PLACEMENT_3D('',#12869,#10781,#10782);
#9174=AXIS2_PLACEMENT_3D('',#12871,#10784,#10785);
#9175=AXIS2_PLACEMENT_3D('',#12873,#10787,#10788);
#9176=AXIS2_PLACEMENT_3D('',#12874,#10789,#10790);
#9177=AXIS2_PLACEMENT_3D('',#12883,#10795,#10796);
#9178=AXIS2_PLACEMENT_3D('',#12884,#10797,#10798);
#9179=AXIS2_PLACEMENT_3D('',#12888,#10800,#10801);
#9180=AXIS2_PLACEMENT_3D('',#12889,#10802,#10803);
#9181=AXIS2_PLACEMENT_3D('',#12892,#10806,#10807);
#9182=AXIS2_PLACEMENT_3D('',#12898,#10811,#10812);
#9183=AXIS2_PLACEMENT_3D('',#12899,#10813,#10814);
#9184=AXIS2_PLACEMENT_3D('',#12903,#10816,#10817);
#9185=AXIS2_PLACEMENT_3D('',#12904,#10818,#10819);
#9186=AXIS2_PLACEMENT_3D('',#12910,#10823,#10824);
#9187=AXIS2_PLACEMENT_3D('',#12913,#10827,#10828);
#9188=AXIS2_PLACEMENT_3D('',#12914,#10829,#10830);
#9189=AXIS2_PLACEMENT_3D('',#12915,#10831,#10832);
#9190=AXIS2_PLACEMENT_3D('',#12916,#10833,#10834);
#9191=AXIS2_PLACEMENT_3D('',#12918,#10835,#10836);
#9192=AXIS2_PLACEMENT_3D('',#12919,#10837,#10838);
#9193=AXIS2_PLACEMENT_3D('',#12921,#10839,#10840);
#9194=AXIS2_PLACEMENT_3D('',#12922,#10841,#10842);
#9195=AXIS2_PLACEMENT_3D('',#12924,#10843,#10844);
#9196=AXIS2_PLACEMENT_3D('',#12925,#10845,#10846);
#9197=AXIS2_PLACEMENT_3D('',#12927,#10847,#10848);
#9198=AXIS2_PLACEMENT_3D('',#12928,#10849,#10850);
#9199=AXIS2_PLACEMENT_3D('',#12929,#10851,#10852);
#9200=AXIS2_PLACEMENT_3D('',#12943,#10859,#10860);
#9201=AXIS2_PLACEMENT_3D('',#12947,#10862,#10863);
#9202=AXIS2_PLACEMENT_3D('',#12951,#10865,#10866);
#9203=AXIS2_PLACEMENT_3D('',#12955,#10868,#10869);
#9204=AXIS2_PLACEMENT_3D('',#12969,#10876,#10877);
#9205=AXIS2_PLACEMENT_3D('',#12971,#10878,#10879);
#9206=AXIS2_PLACEMENT_3D('',#12975,#10881,#10882);
#9207=AXIS2_PLACEMENT_3D('',#12977,#10883,#10884);
#9208=AXIS2_PLACEMENT_3D('',#12978,#10885,#10886);
#9209=AXIS2_PLACEMENT_3D('',#12984,#10890,#10891);
#9210=AXIS2_PLACEMENT_3D('',#12990,#10895,#10896);
#9211=AXIS2_PLACEMENT_3D('',#12996,#10900,#10901);
#9212=AXIS2_PLACEMENT_3D('',#12997,#10902,#10903);
#9213=AXIS2_PLACEMENT_3D('',#13005,#10905,#10906);
#9214=AXIS2_PLACEMENT_3D('',#13006,#10907,#10908);
#9215=AXIS2_PLACEMENT_3D('',#13012,#10910,#10911);
#9216=AXIS2_PLACEMENT_3D('',#13016,#10913,#10914);
#9217=AXIS2_PLACEMENT_3D('',#13017,#10915,#10916);
#9218=AXIS2_PLACEMENT_3D('',#13022,#10917,#10918);
#9219=AXIS2_PLACEMENT_3D('',#13052,#10920,#10921);
#9220=AXIS2_PLACEMENT_3D('',#13053,#10922,#10923);
#9221=AXIS2_PLACEMENT_3D('',#13054,#10924,#10925);
#9222=AXIS2_PLACEMENT_3D('',#13055,#10926,#10927);
#9223=AXIS2_PLACEMENT_3D('',#13060,#10928,#10929);
#9224=AXIS2_PLACEMENT_3D('',#13065,#10930,#10931);
#9225=AXIS2_PLACEMENT_3D('',#13066,#10932,#10933);
#9226=AXIS2_PLACEMENT_3D('',#13072,#10934,#10935);
#9227=AXIS2_PLACEMENT_3D('',#13073,#10936,#10937);
#9228=AXIS2_PLACEMENT_3D('',#13079,#10938,#10939);
#9229=AXIS2_PLACEMENT_3D('',#13081,#10941,#10942);
#9230=AXIS2_PLACEMENT_3D('',#13083,#10944,#10945);
#9231=AXIS2_PLACEMENT_3D('',#13091,#10947,#10948);
#9232=AXIS2_PLACEMENT_3D('',#13099,#10950,#10951);
#9233=AXIS2_PLACEMENT_3D('',#13107,#10953,#10954);
#9234=AXIS2_PLACEMENT_3D('',#13115,#10956,#10957);
#9235=AXIS2_PLACEMENT_3D('',#13125,#10963,#10964);
#9236=AXIS2_PLACEMENT_3D('',#13135,#10970,#10971);
#9237=AXIS2_PLACEMENT_3D('',#13141,#10975,#10976);
#9238=AXIS2_PLACEMENT_3D('',#13142,#10977,#10978);
#9239=AXIS2_PLACEMENT_3D('',#13147,#10981,#10982);
#9240=AXIS2_PLACEMENT_3D('',#13164,#10983,#10984);
#9241=AXIS2_PLACEMENT_3D('',#13165,#10985,#10986);
#9242=AXIS2_PLACEMENT_3D('',#13166,#10987,#10988);
#9243=AXIS2_PLACEMENT_3D('',#13167,#10989,#10990);
#9244=AXIS2_PLACEMENT_3D('',#13168,#10991,#10992);
#9245=AXIS2_PLACEMENT_3D('',#13169,#10993,#10994);
#9246=AXIS2_PLACEMENT_3D('',#13170,#10995,#10996);
#9247=AXIS2_PLACEMENT_3D('',#13171,#10997,#10998);
#9248=AXIS2_PLACEMENT_3D('',#13172,#10999,#11000);
#9249=AXIS2_PLACEMENT_3D('',#13173,#11001,#11002);
#9250=AXIS2_PLACEMENT_3D('',#13174,#11003,#11004);
#9251=AXIS2_PLACEMENT_3D('',#13175,#11005,#11006);
#9252=AXIS2_PLACEMENT_3D('',#13176,#11007,#11008);
#9253=AXIS2_PLACEMENT_3D('',#13177,#11009,#11010);
#9254=AXIS2_PLACEMENT_3D('',#13178,#11011,#11012);
#9255=AXIS2_PLACEMENT_3D('',#13179,#11013,#11014);
#9256=AXIS2_PLACEMENT_3D('',#13180,#11015,#11016);
#9257=AXIS2_PLACEMENT_3D('',#13181,#11017,#11018);
#9258=AXIS2_PLACEMENT_3D('',#13182,#11019,#11020);
#9259=AXIS2_PLACEMENT_3D('',#13183,#11021,#11022);
#9260=AXIS2_PLACEMENT_3D('',#13196,#11023,#11024);
#9261=AXIS2_PLACEMENT_3D('',#13197,#11025,#11026);
#9262=AXIS2_PLACEMENT_3D('',#13198,#11027,#11028);
#9263=AXIS2_PLACEMENT_3D('',#13211,#11029,#11030);
#9264=AXIS2_PLACEMENT_3D('',#13212,#11031,#11032);
#9265=AXIS2_PLACEMENT_3D('',#13213,#11033,#11034);
#9266=AXIS2_PLACEMENT_3D('',#13214,#11035,#11036);
#9267=AXIS2_PLACEMENT_3D('',#13215,#11037,#11038);
#9268=AXIS2_PLACEMENT_3D('',#13216,#11039,#11040);
#9269=AXIS2_PLACEMENT_3D('',#13217,#11041,#11042);
#9270=AXIS2_PLACEMENT_3D('',#13218,#11043,#11044);
#9271=AXIS2_PLACEMENT_3D('',#13219,#11045,#11046);
#9272=AXIS2_PLACEMENT_3D('',#13220,#11047,#11048);
#9273=AXIS2_PLACEMENT_3D('',#13221,#11049,#11050);
#9274=AXIS2_PLACEMENT_3D('',#13222,#11051,#11052);
#9275=AXIS2_PLACEMENT_3D('',#13223,#11053,#11054);
#9276=AXIS2_PLACEMENT_3D('',#13224,#11055,#11056);
#9277=AXIS2_PLACEMENT_3D('',#13225,#11057,#11058);
#9278=AXIS2_PLACEMENT_3D('',#13226,#11059,#11060);
#9279=AXIS2_PLACEMENT_3D('',#13227,#11061,#11062);
#9280=AXIS2_PLACEMENT_3D('',#13228,#11063,#11064);
#9281=AXIS2_PLACEMENT_3D('',#13229,#11065,#11066);
#9282=AXIS2_PLACEMENT_3D('',#13242,#11067,#11068);
#9283=AXIS2_PLACEMENT_3D('',#13243,#11069,#11070);
#9284=AXIS2_PLACEMENT_3D('',#13244,#11071,#11072);
#9285=AXIS2_PLACEMENT_3D('',#13257,#11073,#11074);
#9286=AXIS2_PLACEMENT_3D('',#13258,#11075,#11076);
#9287=AXIS2_PLACEMENT_3D('',#13259,#11077,#11078);
#9288=AXIS2_PLACEMENT_3D('',#13260,#11079,#11080);
#9289=AXIS2_PLACEMENT_3D('',#13261,#11081,#11082);
#9290=AXIS2_PLACEMENT_3D('',#13262,#11083,#11084);
#9291=AXIS2_PLACEMENT_3D('',#13263,#11085,#11086);
#9292=AXIS2_PLACEMENT_3D('',#13264,#11087,#11088);
#9293=AXIS2_PLACEMENT_3D('',#13265,#11089,#11090);
#9294=AXIS2_PLACEMENT_3D('',#13266,#11091,#11092);
#9295=AXIS2_PLACEMENT_3D('',#13267,#11093,#11094);
#9296=AXIS2_PLACEMENT_3D('',#13268,#11095,#11096);
#9297=AXIS2_PLACEMENT_3D('',#13269,#11097,#11098);
#9298=AXIS2_PLACEMENT_3D('',#13270,#11099,#11100);
#9299=AXIS2_PLACEMENT_3D('',#13271,#11101,#11102);
#9300=AXIS2_PLACEMENT_3D('',#13272,#11103,#11104);
#9301=AXIS2_PLACEMENT_3D('',#13273,#11105,#11106);
#9302=AXIS2_PLACEMENT_3D('',#13274,#11107,#11108);
#9303=AXIS2_PLACEMENT_3D('',#13275,#11109,#11110);
#9304=AXIS2_PLACEMENT_3D('',#13276,#11111,#11112);
#9305=AXIS2_PLACEMENT_3D('Base',#13277,#11113,#11114);
#9306=DIRECTION('',(0.,0.,1.));
#9307=DIRECTION('',(1.,0.,0.));
#9308=DIRECTION('',(0.,1.,0.));
#9309=DIRECTION('',(0.,0.,1.));
#9310=DIRECTION('',(0.,0.,1.));
#9311=DIRECTION('',(-1.,0.,0.));
#9312=DIRECTION('',(1.2060192555918E-15,0.,1.));
#9313=DIRECTION('',(0.,1.,0.));
#9314=DIRECTION('',(0.,0.,1.));
#9315=DIRECTION('',(0.,1.,0.));
#9316=DIRECTION('',(0.,0.,1.));
#9317=DIRECTION('',(0.,1.,0.));
#9318=DIRECTION('',(0.,0.,1.));
#9319=DIRECTION('',(0.,-1.,0.));
#9320=DIRECTION('',(0.,1.,0.));
#9321=DIRECTION('',(0.,0.,1.));
#9322=DIRECTION('',(0.,0.707106781186548,0.707106781186547));
#9323=DIRECTION('',(0.,0.707106781186547,-0.707106781186548));
#9324=DIRECTION('',(0.,1.,0.));
#9325=DIRECTION('',(0.,1.,0.));
#9326=DIRECTION('',(0.,0.,1.));
#9327=DIRECTION('',(0.,0.,1.));
#9328=DIRECTION('',(-1.,0.,0.));
#9329=DIRECTION('',(0.,0.,-1.));
#9330=DIRECTION('',(0.,1.,0.));
#9331=DIRECTION('',(0.,0.,1.));
#9332=DIRECTION('',(0.,1.,0.));
#9333=DIRECTION('',(0.,0.,1.));
#9334=DIRECTION('',(0.,1.,0.));
#9335=DIRECTION('',(0.,0.,1.));
#9336=DIRECTION('',(0.,1.,0.));
#9337=DIRECTION('',(0.,0.,1.));
#9338=DIRECTION('',(0.,1.,0.));
#9339=DIRECTION('',(-1.,0.,0.));
#9340=DIRECTION('',(-0.358731142440629,0.,-0.93344092873799));
#9341=DIRECTION('',(1.,0.,0.));
#9342=DIRECTION('',(0.,0.,1.));
#9343=DIRECTION('',(-1.,0.,0.));
#9344=DIRECTION('',(0.,1.,0.));
#9345=DIRECTION('',(0.,0.,1.));
#9346=DIRECTION('',(0.,1.,0.));
#9347=DIRECTION('',(0.,0.,1.));
#9348=DIRECTION('',(0.,1.,0.));
#9349=DIRECTION('',(-1.,0.,0.));
#9350=DIRECTION('',(0.,-1.,0.));
#9351=DIRECTION('',(1.,0.,0.));
#9352=DIRECTION('',(0.,1.,0.));
#9353=DIRECTION('',(-1.,0.,0.));
#9354=DIRECTION('',(3.12696727502235E-15,0.,-1.));
#9355=DIRECTION('',(0.,1.,0.));
#9356=DIRECTION('',(-1.,0.,0.));
#9357=DIRECTION('',(-1.,0.,0.));
#9358=DIRECTION('',(0.,-1.,0.));
#9359=DIRECTION('',(1.,0.,0.));
#9360=DIRECTION('',(7.02220118347286E-13,0.,-1.));
#9361=DIRECTION('',(0.,-1.,0.));
#9362=DIRECTION('',(1.,0.,0.));
#9363=DIRECTION('',(1.,0.,0.));
#9364=DIRECTION('',(0.,0.,-1.));
#9365=DIRECTION('',(-1.,0.,0.));
#9366=DIRECTION('',(0.,-1.,0.));
#9367=DIRECTION('',(1.,0.,0.));
#9368=DIRECTION('',(-1.46353206210967E-14,0.,-1.));
#9369=DIRECTION('',(0.,-1.,0.));
#9370=DIRECTION('',(1.,0.,0.));
#9371=DIRECTION('',(1.,0.,-4.78977116720565E-15));
#9372=DIRECTION('',(0.,1.,0.));
#9373=DIRECTION('',(-1.,0.,0.));
#9374=DIRECTION('',(0.,0.,1.));
#9375=DIRECTION('',(0.,-1.,0.));
#9376=DIRECTION('',(-1.,0.,0.));
#9377=DIRECTION('',(1.,0.,-4.07815816469427E-16));
#9378=DIRECTION('',(-3.98529111339872E-16,0.,1.));
#9379=DIRECTION('',(0.,-1.,0.));
#9380=DIRECTION('',(-1.,0.,0.));
#9381=DIRECTION('',(-1.,0.,0.));
#9382=DIRECTION('',(0.,-1.,0.));
#9383=DIRECTION('',(1.,0.,0.));
#9384=DIRECTION('',(1.04817134295025E-15,0.,-1.));
#9385=DIRECTION('',(-1.,0.,0.));
#9386=DIRECTION('',(0.,0.,1.));
#9387=DIRECTION('',(0.,-1.,0.));
#9388=DIRECTION('',(-1.,0.,0.));
#9389=DIRECTION('',(-1.,0.,0.));
#9390=DIRECTION('',(0.,-1.,0.));
#9391=DIRECTION('',(1.,0.,0.));
#9392=DIRECTION('',(3.98529111339872E-16,0.,-1.));
#9393=DIRECTION('',(1.,0.,-4.07815816469427E-16));
#9394=DIRECTION('',(0.,-1.,0.));
#9395=DIRECTION('',(1.,0.,0.));
#9396=DIRECTION('',(2.48579070291183E-16,0.,-1.));
#9397=DIRECTION('',(0.,-1.,0.));
#9398=DIRECTION('',(1.,0.,0.));
#9399=DIRECTION('',(-1.,0.,0.));
#9400=DIRECTION('',(0.,1.,0.));
#9401=DIRECTION('',(-1.,0.,0.));
#9402=DIRECTION('',(-1.46353206210976E-14,0.,-1.));
#9403=DIRECTION('',(0.,1.,0.));
#9404=DIRECTION('',(-1.,0.,0.));
#9405=DIRECTION('',(1.,0.,0.));
#9406=DIRECTION('',(0.,0.,-1.));
#9407=DIRECTION('',(-1.,0.,9.37256114681399E-15));
#9408=DIRECTION('',(0.,1.,0.));
#9409=DIRECTION('',(-1.,0.,0.));
#9410=DIRECTION('',(-7.02220118347286E-13,0.,-1.));
#9411=DIRECTION('',(0.,1.,0.));
#9412=DIRECTION('',(-1.,0.,0.));
#9413=DIRECTION('',(1.,0.,0.));
#9414=DIRECTION('',(0.,-1.,0.));
#9415=DIRECTION('',(1.,0.,0.));
#9416=DIRECTION('',(-3.12696727502235E-15,0.,-1.));
#9417=DIRECTION('',(0.,-1.,0.));
#9418=DIRECTION('',(1.,0.,0.));
#9419=DIRECTION('',(0.,1.,0.));
#9420=DIRECTION('',(-1.,0.,0.));
#9421=DIRECTION('',(0.,-1.,0.));
#9422=DIRECTION('',(1.,0.,0.));
#9423=DIRECTION('',(0.,1.,0.));
#9424=DIRECTION('',(0.,0.,1.));
#9425=DIRECTION('',(0.,1.,0.));
#9426=DIRECTION('',(0.,0.,1.));
#9427=DIRECTION('',(1.,0.,0.));
#9428=DIRECTION('',(0.,0.,1.));
#9429=DIRECTION('',(-1.,0.,0.));
#9430=DIRECTION('',(0.,1.,0.));
#9431=DIRECTION('',(0.,0.,1.));
#9432=DIRECTION('',(-0.358731142441465,0.,0.933440928737669));
#9433=DIRECTION('',(0.,1.,0.));
#9434=DIRECTION('',(0.,0.,1.));
#9435=DIRECTION('',(0.,1.,0.));
#9436=DIRECTION('',(0.,0.,1.));
#9437=DIRECTION('',(0.,1.,0.));
#9438=DIRECTION('',(0.,0.,1.));
#9439=DIRECTION('',(-0.358731142441465,0.,0.933440928737669));
#9440=DIRECTION('',(0.,1.,0.));
#9441=DIRECTION('',(0.,0.,1.));
#9442=DIRECTION('',(1.,0.,0.));
#9443=DIRECTION('',(0.,0.,-1.));
#9444=DIRECTION('',(1.,0.,0.));
#9445=DIRECTION('',(0.,1.,0.));
#9446=DIRECTION('',(0.,0.,1.));
#9447=DIRECTION('',(1.,0.,0.));
#9448=DIRECTION('',(0.,0.,-1.));
#9449=DIRECTION('',(1.,0.,0.));
#9450=DIRECTION('',(-0.358731142440629,0.,-0.93344092873799));
#9451=DIRECTION('',(0.,1.,0.));
#9452=DIRECTION('',(0.,0.,1.));
#9453=DIRECTION('',(0.,0.,1.));
#9454=DIRECTION('',(-1.,0.,0.));
#9455=DIRECTION('',(0.,0.,-1.));
#9456=DIRECTION('',(0.,0.,-1.));
#9457=DIRECTION('',(-1.,0.,0.));
#9458=DIRECTION('',(0.,0.,-1.));
#9459=DIRECTION('',(0.,-1.22464679914735E-16,-1.));
#9460=DIRECTION('',(0.,1.,-1.22464679914735E-16));
#9461=DIRECTION('',(0.,0.,-1.));
#9462=DIRECTION('',(0.,0.,1.));
#9463=DIRECTION('',(1.,0.,0.));
#9464=DIRECTION('',(0.,0.,1.));
#9465=DIRECTION('',(0.,-1.22464679914735E-16,-1.));
#9466=DIRECTION('',(0.,1.,-1.22464679914735E-16));
#9467=DIRECTION('',(0.,0.,-1.));
#9468=DIRECTION('',(1.,-6.12303176911189E-17,0.));
#9469=DIRECTION('',(6.12303176911189E-17,1.,0.));
#9470=DIRECTION('',(0.,0.,-1.));
#9471=DIRECTION('',(-6.12303176911189E-17,-1.,1.22464679914735E-16));
#9472=DIRECTION('',(0.,0.,-1.));
#9473=DIRECTION('',(1.,-6.12303176911189E-17,0.));
#9474=DIRECTION('',(6.12303176911189E-17,1.,0.));
#9475=DIRECTION('',(0.,0.,-1.));
#9476=DIRECTION('',(-6.12303176911189E-17,-1.,1.22464679914735E-16));
#9477=DIRECTION('',(0.,0.,-1.));
#9478=DIRECTION('',(0.,1.,0.));
#9479=DIRECTION('',(0.,0.,1.));
#9480=DIRECTION('',(0.,-1.,0.));
#9481=DIRECTION('',(0.,1.,0.));
#9482=DIRECTION('',(0.,-0.707106781186548,-0.707106781186547));
#9483=DIRECTION('',(0.,0.707106781186547,-0.707106781186548));
#9484=DIRECTION('',(0.,0.,-1.));
#9485=DIRECTION('',(-1.,0.,0.));
#9486=DIRECTION('',(0.,-1.,0.));
#9487=DIRECTION('',(-1.,0.,0.));
#9488=DIRECTION('',(0.,-1.,0.));
#9489=DIRECTION('',(-1.,0.,0.));
#9490=DIRECTION('',(-1.,0.,0.));
#9491=DIRECTION('',(0.,0.,1.));
#9492=DIRECTION('',(-1.,0.,0.));
#9493=DIRECTION('',(0.,1.,0.));
#9494=DIRECTION('',(-1.,0.,0.));
#9495=DIRECTION('',(-1.,0.,0.));
#9496=DIRECTION('',(0.,1.,0.));
#9497=DIRECTION('',(0.,-1.,3.86191168857199E-16));
#9498=DIRECTION('',(0.,-3.86191168857199E-16,-1.));
#9499=DIRECTION('',(-1.,1.57494866840781E-31,4.07815816469427E-16));
#9500=DIRECTION('',(0.,3.86191168857199E-16,1.));
#9501=DIRECTION('',(0.,3.86191168857199E-16,1.));
#9502=DIRECTION('',(0.,1.,-3.86191168857199E-16));
#9503=DIRECTION('',(0.,3.86191168857199E-16,1.));
#9504=DIRECTION('',(1.,-1.57494866840781E-31,-4.07815816469427E-16));
#9505=DIRECTION('',(0.,-3.86191168857199E-16,-1.));
#9506=DIRECTION('',(-1.,0.,0.));
#9507=DIRECTION('',(0.,-3.86191168857199E-16,-1.));
#9508=DIRECTION('',(-1.,0.,0.));
#9509=DIRECTION('',(0.,0.,1.));
#9510=DIRECTION('',(1.,0.,0.));
#9511=DIRECTION('',(0.,1.,0.));
#9512=DIRECTION('',(-1.,0.,0.));
#9513=DIRECTION('',(1.,0.,0.));
#9514=DIRECTION('',(0.,1.,0.));
#9515=DIRECTION('',(0.,0.,1.));
#9516=DIRECTION('',(1.,0.,0.));
#9517=DIRECTION('',(0.,1.,0.));
#9518=DIRECTION('',(-1.,0.,0.));
#9519=DIRECTION('',(0.,1.,0.));
#9520=DIRECTION('',(0.,-1.,0.));
#9521=DIRECTION('',(0.,0.,-1.));
#9522=DIRECTION('',(0.,0.,1.));
#9523=DIRECTION('',(0.,0.,1.));
#9524=DIRECTION('',(-1.,0.,0.));
#9525=DIRECTION('',(0.,0.,1.));
#9526=DIRECTION('',(0.,1.,0.));
#9527=DIRECTION('',(-1.,0.,0.));
#9528=DIRECTION('',(0.,0.,1.));
#9529=DIRECTION('',(0.,1.,0.));
#9530=DIRECTION('',(0.,0.,-1.));
#9531=DIRECTION('',(-1.,0.,0.));
#9532=DIRECTION('',(0.,-1.,0.));
#9533=DIRECTION('',(-1.,0.,0.));
#9534=DIRECTION('',(0.,-1.,0.));
#9535=DIRECTION('',(-1.,0.,0.));
#9536=DIRECTION('',(-1.,0.,0.));
#9537=DIRECTION('',(0.,0.,1.));
#9538=DIRECTION('',(-1.,0.,0.));
#9539=DIRECTION('',(0.,1.,0.));
#9540=DIRECTION('',(-1.,0.,0.));
#9541=DIRECTION('',(-1.,0.,0.));
#9542=DIRECTION('',(0.,1.,0.));
#9543=DIRECTION('',(0.,-1.,3.86191168857199E-16));
#9544=DIRECTION('',(0.,-3.86191168857199E-16,-1.));
#9545=DIRECTION('',(-1.,1.57494866840781E-31,4.07815816469427E-16));
#9546=DIRECTION('',(0.,3.86191168857199E-16,1.));
#9547=DIRECTION('',(0.,3.86191168857199E-16,1.));
#9548=DIRECTION('',(0.,1.,-3.86191168857199E-16));
#9549=DIRECTION('',(0.,3.86191168857199E-16,1.));
#9550=DIRECTION('',(1.,-1.57494866840781E-31,-4.07815816469427E-16));
#9551=DIRECTION('',(0.,-3.86191168857199E-16,-1.));
#9552=DIRECTION('',(-1.,0.,0.));
#9553=DIRECTION('',(0.,-3.86191168857199E-16,-1.));
#9554=DIRECTION('',(-1.,0.,0.));
#9555=DIRECTION('',(0.,0.,1.));
#9556=DIRECTION('',(1.,0.,0.));
#9557=DIRECTION('',(0.,1.,0.));
#9558=DIRECTION('',(-1.,0.,0.));
#9559=DIRECTION('',(1.,0.,0.));
#9560=DIRECTION('',(0.,1.,0.));
#9561=DIRECTION('',(0.,0.,1.));
#9562=DIRECTION('',(1.,0.,0.));
#9563=DIRECTION('',(0.,1.,0.));
#9564=DIRECTION('',(-1.,0.,0.));
#9565=DIRECTION('',(0.,1.,0.));
#9566=DIRECTION('',(0.,-1.,0.));
#9567=DIRECTION('',(0.,0.,-1.));
#9568=DIRECTION('',(0.,0.,1.));
#9569=DIRECTION('',(0.,0.,1.));
#9570=DIRECTION('',(-1.,0.,0.));
#9571=DIRECTION('',(0.,0.,1.));
#9572=DIRECTION('',(0.,1.,0.));
#9573=DIRECTION('',(-1.,0.,0.));
#9574=DIRECTION('',(0.,0.,1.));
#9575=DIRECTION('',(0.,1.,0.));
#9576=DIRECTION('',(0.,0.,-1.));
#9577=DIRECTION('',(-1.,0.,0.));
#9578=DIRECTION('',(0.,-1.,0.));
#9579=DIRECTION('',(-1.,0.,0.));
#9580=DIRECTION('',(0.,-1.,0.));
#9581=DIRECTION('',(-1.,0.,0.));
#9582=DIRECTION('',(-1.,0.,0.));
#9583=DIRECTION('',(0.,0.,1.));
#9584=DIRECTION('',(-1.,0.,0.));
#9585=DIRECTION('',(0.,1.,0.));
#9586=DIRECTION('',(-1.,0.,0.));
#9587=DIRECTION('',(-1.,0.,0.));
#9588=DIRECTION('',(0.,1.,0.));
#9589=DIRECTION('',(0.,-1.,3.86191168857199E-16));
#9590=DIRECTION('',(0.,-3.86191168857199E-16,-1.));
#9591=DIRECTION('',(-1.,1.57494866840781E-31,4.07815816469427E-16));
#9592=DIRECTION('',(0.,3.86191168857199E-16,1.));
#9593=DIRECTION('',(0.,3.86191168857199E-16,1.));
#9594=DIRECTION('',(0.,1.,-3.86191168857199E-16));
#9595=DIRECTION('',(0.,3.86191168857199E-16,1.));
#9596=DIRECTION('',(1.,-1.57494866840781E-31,-4.07815816469427E-16));
#9597=DIRECTION('',(0.,-3.86191168857199E-16,-1.));
#9598=DIRECTION('',(-1.,0.,0.));
#9599=DIRECTION('',(0.,-3.86191168857199E-16,-1.));
#9600=DIRECTION('',(-1.,0.,0.));
#9601=DIRECTION('',(0.,0.,1.));
#9602=DIRECTION('',(1.,0.,0.));
#9603=DIRECTION('',(0.,1.,0.));
#9604=DIRECTION('',(-1.,0.,0.));
#9605=DIRECTION('',(1.,0.,0.));
#9606=DIRECTION('',(0.,1.,0.));
#9607=DIRECTION('',(0.,0.,1.));
#9608=DIRECTION('',(1.,0.,0.));
#9609=DIRECTION('',(0.,1.,0.));
#9610=DIRECTION('',(-1.,0.,0.));
#9611=DIRECTION('',(0.,1.,0.));
#9612=DIRECTION('',(0.,-1.,0.));
#9613=DIRECTION('',(0.,0.,-1.));
#9614=DIRECTION('',(0.,0.,1.));
#9615=DIRECTION('',(0.,0.,1.));
#9616=DIRECTION('',(-1.,0.,0.));
#9617=DIRECTION('',(0.,0.,1.));
#9618=DIRECTION('',(0.,1.,0.));
#9619=DIRECTION('',(-1.,0.,0.));
#9620=DIRECTION('',(0.,0.,1.));
#9621=DIRECTION('',(0.,1.,0.));
#9622=DIRECTION('',(0.,0.,-1.));
#9623=DIRECTION('',(-1.,0.,0.));
#9624=DIRECTION('',(0.,-1.,0.));
#9625=DIRECTION('',(-1.,0.,0.));
#9626=DIRECTION('',(0.,-1.,0.));
#9627=DIRECTION('',(-1.,0.,0.));
#9628=DIRECTION('',(-1.,0.,0.));
#9629=DIRECTION('',(0.,0.,1.));
#9630=DIRECTION('',(-1.,0.,0.));
#9631=DIRECTION('',(0.,1.,0.));
#9632=DIRECTION('',(-1.,0.,0.));
#9633=DIRECTION('',(-1.,0.,0.));
#9634=DIRECTION('',(0.,1.,0.));
#9635=DIRECTION('',(0.,-1.,3.86191168857199E-16));
#9636=DIRECTION('',(0.,-3.86191168857199E-16,-1.));
#9637=DIRECTION('',(-1.,1.57494866840781E-31,4.07815816469427E-16));
#9638=DIRECTION('',(0.,3.86191168857199E-16,1.));
#9639=DIRECTION('',(0.,3.86191168857199E-16,1.));
#9640=DIRECTION('',(0.,1.,-3.86191168857199E-16));
#9641=DIRECTION('',(0.,3.86191168857199E-16,1.));
#9642=DIRECTION('',(1.,-1.57494866840781E-31,-4.07815816469427E-16));
#9643=DIRECTION('',(0.,-3.86191168857199E-16,-1.));
#9644=DIRECTION('',(-1.,0.,0.));
#9645=DIRECTION('',(0.,-3.86191168857199E-16,-1.));
#9646=DIRECTION('',(-1.,0.,0.));
#9647=DIRECTION('',(0.,0.,1.));
#9648=DIRECTION('',(1.,0.,0.));
#9649=DIRECTION('',(0.,1.,0.));
#9650=DIRECTION('',(-1.,0.,0.));
#9651=DIRECTION('',(1.,0.,0.));
#9652=DIRECTION('',(0.,1.,0.));
#9653=DIRECTION('',(0.,0.,1.));
#9654=DIRECTION('',(1.,0.,0.));
#9655=DIRECTION('',(0.,1.,0.));
#9656=DIRECTION('',(-1.,0.,0.));
#9657=DIRECTION('',(0.,1.,0.));
#9658=DIRECTION('',(0.,-1.,0.));
#9659=DIRECTION('',(0.,0.,-1.));
#9660=DIRECTION('',(0.,0.,1.));
#9661=DIRECTION('',(0.,0.,1.));
#9662=DIRECTION('',(-1.,0.,0.));
#9663=DIRECTION('',(0.,0.,1.));
#9664=DIRECTION('',(0.,1.,0.));
#9665=DIRECTION('',(-1.,0.,0.));
#9666=DIRECTION('',(0.,0.,1.));
#9667=DIRECTION('',(0.,1.,0.));
#9668=DIRECTION('',(-4.07815816469427E-16,0.,-1.));
#9669=DIRECTION('',(-1.,0.,4.07815816469427E-16));
#9670=DIRECTION('',(0.,1.,0.));
#9671=DIRECTION('',(1.,0.,-4.07815816469427E-16));
#9672=DIRECTION('',(0.,-1.,0.));
#9673=DIRECTION('',(-1.,0.,4.07815816469427E-16));
#9674=DIRECTION('',(1.,-1.57494866840781E-31,-4.07815816469427E-16));
#9675=DIRECTION('',(0.,1.,0.));
#9676=DIRECTION('',(-1.,1.57494866840781E-31,4.07815816469427E-16));
#9677=DIRECTION('',(0.,1.,0.));
#9678=DIRECTION('',(1.,0.,0.));
#9679=DIRECTION('',(0.,0.,-1.));
#9680=DIRECTION('',(0.,0.,-1.));
#9681=DIRECTION('',(0.,1.,0.));
#9682=DIRECTION('',(0.,0.,-1.));
#9683=DIRECTION('',(0.,1.,0.));
#9684=DIRECTION('',(0.,-1.,-6.94937846688526E-17));
#9685=DIRECTION('',(0.,6.94937846688526E-17,-1.));
#9686=DIRECTION('',(-3.98529111339872E-16,-6.94937846688526E-17,1.));
#9687=DIRECTION('',(1.,-5.21351739722872E-17,-3.62307055370329E-33));
#9688=DIRECTION('',(0.,-6.94937846688526E-17,1.));
#9689=DIRECTION('',(1.,0.,0.));
#9690=DIRECTION('',(0.,-1.,-6.94937846688526E-17));
#9691=DIRECTION('',(0.,6.94937846688526E-17,-1.));
#9692=DIRECTION('',(0.,-6.94937846688526E-17,1.));
#9693=DIRECTION('',(0.,-1.,-6.94937846688526E-17));
#9694=DIRECTION('',(0.,6.94937846688526E-17,-1.));
#9695=DIRECTION('',(1.,3.32859326106868E-31,-4.78977116720565E-15));
#9696=DIRECTION('',(0.,-1.,-6.94937846688526E-17));
#9697=DIRECTION('',(0.,6.94937846688526E-17,-1.));
#9698=DIRECTION('',(-1.46353206210967E-14,6.94937846688526E-17,-1.));
#9699=DIRECTION('',(0.,-1.,-6.94937846688526E-17));
#9700=DIRECTION('',(0.,6.94937846688526E-17,-1.));
#9701=DIRECTION('',(-1.,0.,0.));
#9702=DIRECTION('',(0.,6.94937846688526E-17,-1.));
#9703=DIRECTION('',(1.,0.,0.));
#9704=DIRECTION('',(0.,-1.,-6.94937846688526E-17));
#9705=DIRECTION('',(0.,6.94937846688526E-17,-1.));
#9706=DIRECTION('',(7.02220118347286E-13,6.94937846688526E-17,-1.));
#9707=DIRECTION('',(0.,-1.,-6.94937846688526E-17));
#9708=DIRECTION('',(0.,6.94937846688526E-17,-1.));
#9709=DIRECTION('',(-1.,0.,0.));
#9710=DIRECTION('',(0.,-1.,-6.94937846688526E-17));
#9711=DIRECTION('',(0.,6.94937846688526E-17,-1.));
#9712=DIRECTION('',(3.12696727502235E-15,6.94937846688526E-17,-1.));
#9713=DIRECTION('',(0.,-1.,-6.94937846688526E-17));
#9714=DIRECTION('',(0.,6.94937846688526E-17,-1.));
#9715=DIRECTION('',(0.,-1.,-6.94937846688526E-17));
#9716=DIRECTION('',(0.,6.94937846688526E-17,-1.));
#9717=DIRECTION('',(0.,-1.,-6.94937846688526E-17));
#9718=DIRECTION('',(0.,6.94937846688526E-17,-1.));
#9719=DIRECTION('',(-1.,0.,0.));
#9720=DIRECTION('',(0.,-6.94937846688526E-17,1.));
#9721=DIRECTION('',(1.,0.,0.));
#9722=DIRECTION('',(0.,-1.,-6.94937846688526E-17));
#9723=DIRECTION('',(0.,6.94937846688526E-17,-1.));
#9724=DIRECTION('',(1.,0.,0.));
#9725=DIRECTION('',(0.,-6.94937846688526E-17,1.));
#9726=DIRECTION('',(-1.,0.,0.));
#9727=DIRECTION('',(0.,-1.,-6.94937846688526E-17));
#9728=DIRECTION('',(0.,6.94937846688526E-17,-1.));
#9729=DIRECTION('',(0.,-1.,-6.94937846688526E-17));
#9730=DIRECTION('',(0.,6.94937846688526E-17,-1.));
#9731=DIRECTION('',(0.,-1.,-6.94937846688526E-17));
#9732=DIRECTION('',(0.,6.94937846688526E-17,-1.));
#9733=DIRECTION('',(-3.12696727502235E-15,6.94937846688526E-17,-1.));
#9734=DIRECTION('',(0.,-1.,-6.94937846688526E-17));
#9735=DIRECTION('',(0.,6.94937846688526E-17,-1.));
#9736=DIRECTION('',(1.,0.,0.));
#9737=DIRECTION('',(0.,-1.,-6.94937846688526E-17));
#9738=DIRECTION('',(0.,6.94937846688526E-17,-1.));
#9739=DIRECTION('',(-7.02220118347286E-13,6.94937846688526E-17,-1.));
#9740=DIRECTION('',(0.,-1.,-6.94937846688526E-17));
#9741=DIRECTION('',(0.,6.94937846688526E-17,-1.));
#9742=DIRECTION('',(-1.,-6.51334746132346E-31,9.37256114681399E-15));
#9743=DIRECTION('',(0.,6.94937846688526E-17,-1.));
#9744=DIRECTION('',(1.,0.,0.));
#9745=DIRECTION('',(0.,-1.,-6.94937846688526E-17));
#9746=DIRECTION('',(0.,6.94937846688526E-17,-1.));
#9747=DIRECTION('',(-1.46353206210976E-14,6.94937846688526E-17,-1.));
#9748=DIRECTION('',(0.,-1.,-6.94937846688526E-17));
#9749=DIRECTION('',(0.,6.94937846688526E-17,-1.));
#9750=DIRECTION('',(-1.,0.,0.));
#9751=DIRECTION('',(0.,-1.,-6.94937846688526E-17));
#9752=DIRECTION('',(0.,6.94937846688526E-17,-1.));
#9753=DIRECTION('',(2.48579070291183E-16,6.94937846688526E-17,-1.));
#9754=DIRECTION('',(0.,-1.,-6.94937846688526E-17));
#9755=DIRECTION('',(0.,6.94937846688526E-17,-1.));
#9756=DIRECTION('',(1.,0.,0.));
#9757=DIRECTION('',(0.,-6.94937846688526E-17,1.));
#9758=DIRECTION('',(1.,0.,0.));
#9759=DIRECTION('',(3.98529111339872E-16,6.94937846688526E-17,-1.));
#9760=DIRECTION('',(0.,-1.,-6.94937846688526E-17));
#9761=DIRECTION('',(0.,6.94937846688526E-17,-1.));
#9762=DIRECTION('',(-1.,0.,0.));
#9763=DIRECTION('',(0.,-1.,-6.94937846688526E-17));
#9764=DIRECTION('',(0.,6.94937846688526E-17,-1.));
#9765=DIRECTION('',(0.,-6.94937846688526E-17,1.));
#9766=DIRECTION('',(1.,0.,0.));
#9767=DIRECTION('',(1.04817134295025E-15,6.94937846688526E-17,-1.));
#9768=DIRECTION('',(0.,-1.,-6.94937846688526E-17));
#9769=DIRECTION('',(0.,6.94937846688526E-17,-1.));
#9770=DIRECTION('',(-1.,0.,0.));
#9771=DIRECTION('',(0.,-1.,-6.94937846688526E-17));
#9772=DIRECTION('',(0.,6.94937846688526E-17,-1.));
#9773=DIRECTION('',(4.07815816469427E-16,0.,1.));
#9774=DIRECTION('',(1.,0.,-4.07815816469427E-16));
#9775=DIRECTION('',(0.,1.,6.94937846688526E-17));
#9776=DIRECTION('',(-1.,0.,4.07815816469427E-16));
#9777=DIRECTION('',(0.,1.,0.));
#9778=DIRECTION('',(0.,1.,0.));
#9779=DIRECTION('',(-1.,0.,0.));
#9780=DIRECTION('',(0.,0.,1.));
#9781=DIRECTION('',(0.,-6.94937846688526E-17,1.));
#9782=DIRECTION('',(0.,0.707106781186548,-0.707106781186548));
#9783=DIRECTION('',(0.,-1.,-6.94937846688526E-17));
#9784=DIRECTION('',(-4.07815816469427E-16,0.,-1.));
#9785=DIRECTION('',(-1.,0.,4.07815816469427E-16));
#9786=DIRECTION('',(0.,1.,0.));
#9787=DIRECTION('',(-1.,0.,4.07815816469427E-16));
#9788=DIRECTION('',(0.,1.,0.));
#9789=DIRECTION('',(1.,0.,-4.07815816469427E-16));
#9790=DIRECTION('',(0.,1.,0.));
#9791=DIRECTION('',(0.,0.,1.));
#9792=DIRECTION('',(0.,0.,-1.));
#9793=DIRECTION('',(-1.,0.,0.));
#9794=DIRECTION('',(0.,-1.,0.));
#9795=DIRECTION('',(-1.,0.,4.1559823582382E-16));
#9796=DIRECTION('',(-1.68860929225308E-15,0.,1.));
#9797=DIRECTION('',(0.,1.,0.));
#9798=DIRECTION('',(-1.,0.,4.1559823582382E-16));
#9799=DIRECTION('',(0.,0.,-1.));
#9800=DIRECTION('',(-1.,0.,0.));
#9801=DIRECTION('',(0.,0.,-1.));
#9802=DIRECTION('',(0.,1.,0.));
#9803=DIRECTION('',(-1.,0.,4.1559823582382E-16));
#9804=DIRECTION('',(-1.2060192555918E-15,0.,-1.));
#9805=DIRECTION('',(0.,-1.,0.));
#9806=DIRECTION('',(-1.,0.,4.1559823582382E-16));
#9807=DIRECTION('',(-1.,0.,0.));
#9808=DIRECTION('',(0.,0.,-1.));
#9809=DIRECTION('',(0.,1.,0.));
#9810=DIRECTION('',(-0.953422698788704,0.,-0.301637460263912));
#9811=DIRECTION('',(-1.,0.,0.));
#9812=DIRECTION('',(0.,0.,-1.));
#9813=DIRECTION('',(1.,0.,0.));
#9814=DIRECTION('',(0.,1.,0.));
#9815=DIRECTION('',(-1.,0.,0.));
#9816=DIRECTION('',(0.,1.,0.));
#9817=DIRECTION('',(0.,0.,1.));
#9818=DIRECTION('',(-0.953422698788704,0.,0.301637460263914));
#9819=DIRECTION('',(0.,1.,0.));
#9820=DIRECTION('',(0.,0.,1.));
#9821=DIRECTION('',(0.,0.,1.));
#9822=DIRECTION('',(0.,-1.,0.));
#9823=DIRECTION('',(-1.,0.,0.));
#9824=DIRECTION('',(0.,1.,0.));
#9825=DIRECTION('',(1.,0.,0.));
#9826=DIRECTION('',(0.,0.,1.));
#9827=DIRECTION('',(0.,1.,6.94937846688526E-17));
#9828=DIRECTION('',(0.,-6.94937846688526E-17,1.));
#9829=DIRECTION('',(1.,0.,0.));
#9830=DIRECTION('',(-4.07815816469427E-16,0.,-1.));
#9831=DIRECTION('',(7.44355384048147E-15,0.,1.));
#9832=DIRECTION('',(-1.,0.,0.));
#9833=DIRECTION('',(-3.72177692024073E-15,0.,-1.));
#9834=DIRECTION('',(-4.07815816469427E-16,0.,-1.));
#9835=DIRECTION('',(1.,0.,0.));
#9836=DIRECTION('',(0.,1.,6.94937846688526E-17));
#9837=DIRECTION('',(0.,-6.94937846688526E-17,1.));
#9838=DIRECTION('',(0.,0.,1.));
#9839=DIRECTION('',(0.,-1.,0.));
#9840=DIRECTION('',(-1.,0.,0.));
#9841=DIRECTION('',(0.,1.,0.));
#9842=DIRECTION('',(1.,0.,0.));
#9843=DIRECTION('',(0.,0.,1.));
#9844=DIRECTION('',(0.,1.,0.));
#9845=DIRECTION('',(0.,0.,1.));
#9846=DIRECTION('',(0.953422698788703,0.,0.301637460263917));
#9847=DIRECTION('',(0.,1.,0.));
#9848=DIRECTION('',(0.,0.,1.));
#9849=DIRECTION('',(0.,1.,0.));
#9850=DIRECTION('',(-0.953422698788704,0.,-0.301637460263912));
#9851=DIRECTION('',(-1.,0.,0.));
#9852=DIRECTION('',(0.,0.,-1.));
#9853=DIRECTION('',(1.,0.,0.));
#9854=DIRECTION('',(0.,1.,0.));
#9855=DIRECTION('',(-0.953422698788704,0.,-0.301637460263912));
#9856=DIRECTION('',(0.,1.,0.));
#9857=DIRECTION('',(0.,0.,1.));
#9858=DIRECTION('',(0.,1.,0.));
#9859=DIRECTION('',(0.,0.,1.));
#9860=DIRECTION('',(1.,0.,0.));
#9861=DIRECTION('',(0.,0.,1.));
#9862=DIRECTION('',(-1.,0.,0.));
#9863=DIRECTION('',(0.,0.,-1.));
#9864=DIRECTION('',(1.,0.,0.));
#9865=DIRECTION('',(0.,0.,1.));
#9866=DIRECTION('',(1.,0.,0.));
#9867=DIRECTION('',(0.,1.,6.94937846688526E-17));
#9868=DIRECTION('',(0.,-6.94937846688526E-17,1.));
#9869=DIRECTION('',(1.,0.,0.));
#9870=DIRECTION('',(0.,0.,1.));
#9871=DIRECTION('',(1.,0.,0.));
#9872=DIRECTION('',(0.,-1.,0.));
#9873=DIRECTION('',(0.,0.,-1.));
#9874=DIRECTION('',(0.,0.,1.));
#9875=DIRECTION('',(-1.,0.,0.));
#9876=DIRECTION('',(0.,0.,-1.));
#9877=DIRECTION('',(1.,0.,0.));
#9878=DIRECTION('',(4.07815816469427E-16,0.,1.));
#9879=DIRECTION('',(1.,0.,-4.07815816469427E-16));
#9880=DIRECTION('',(1.,0.,-4.07815816469427E-16));
#9881=DIRECTION('',(4.07815816469427E-16,0.,1.));
#9882=DIRECTION('',(-1.,0.,4.07815816469427E-16));
#9883=DIRECTION('',(-2.48180411614026E-16,1.,1.01211897194093E-31));
#9884=DIRECTION('',(4.07815816469427E-16,0.,1.));
#9885=DIRECTION('',(-1.,0.,4.07815816469427E-16));
#9886=DIRECTION('',(-1.,-2.39733709968179E-16,4.07815816469427E-16));
#9887=DIRECTION('',(4.07815816469427E-16,0.,1.));
#9888=DIRECTION('',(1.,0.,-4.07815816469427E-16));
#9889=DIRECTION('',(4.96360823228053E-16,-1.,-2.02423794388185E-31));
#9890=DIRECTION('',(4.07815816469427E-16,0.,1.));
#9891=DIRECTION('',(-1.,0.,4.07815816469427E-16));
#9892=DIRECTION('',(0.,-1.,0.));
#9893=DIRECTION('',(0.,1.,0.));
#9894=DIRECTION('',(-1.,0.,4.07815816469427E-16));
#9895=DIRECTION('',(0.,1.,0.));
#9896=DIRECTION('',(0.,1.,0.));
#9897=DIRECTION('',(-1.,0.,4.07815816469427E-16));
#9898=DIRECTION('',(-1.,0.,7.44355384048146E-15));
#9899=DIRECTION('',(7.44355384048146E-15,0.,1.));
#9900=DIRECTION('',(0.,1.,0.));
#9901=DIRECTION('',(7.44355384048147E-15,0.,1.));
#9902=DIRECTION('',(0.,1.,0.));
#9903=DIRECTION('',(1.,0.,-3.72177692024073E-15));
#9904=DIRECTION('',(-3.72177692024073E-15,0.,-1.));
#9905=DIRECTION('',(0.,1.,0.));
#9906=DIRECTION('',(-3.72177692024073E-15,0.,-1.));
#9907=DIRECTION('',(0.,1.,0.));
#9908=DIRECTION('',(0.,-1.,0.));
#9909=DIRECTION('',(0.,0.,-1.));
#9910=DIRECTION('',(-1.,0.,0.));
#9911=DIRECTION('',(0.,-1.,0.));
#9912=DIRECTION('',(0.,0.,-1.));
#9913=DIRECTION('',(0.,0.,1.));
#9914=DIRECTION('',(-1.,0.,0.));
#9915=DIRECTION('',(0.,1.05688855284245E-16,-1.));
#9916=DIRECTION('',(1.,0.,0.));
#9917=DIRECTION('',(0.,0.,-1.));
#9918=DIRECTION('',(1.,0.,0.));
#9919=DIRECTION('',(0.,1.05688855284245E-16,-1.));
#9920=DIRECTION('',(0.,1.,0.));
#9921=DIRECTION('',(0.,0.,1.));
#9922=DIRECTION('',(0.,0.,-1.));
#9923=DIRECTION('',(-1.,0.,0.));
#9924=DIRECTION('',(0.,0.,1.));
#9925=DIRECTION('',(1.,0.,0.));
#9926=DIRECTION('',(0.,1.,0.));
#9927=DIRECTION('',(0.,0.,1.));
#9928=DIRECTION('',(0.,0.,-1.));
#9929=DIRECTION('',(-1.,0.,0.));
#9930=DIRECTION('',(-2.48579070291183E-16,0.,1.));
#9931=DIRECTION('',(1.,0.,0.));
#9932=DIRECTION('',(0.,0.,1.));
#9933=DIRECTION('',(1.,0.,0.));
#9934=DIRECTION('',(-2.48579070291183E-16,0.,1.));
#9935=DIRECTION('',(-1.,0.,-1.48871076809629E-14));
#9936=DIRECTION('',(0.,1.,0.));
#9937=DIRECTION('',(0.,0.,1.));
#9938=DIRECTION('',(0.,1.,0.));
#9939=DIRECTION('',(0.,-0.707106781186548,0.707106781186547));
#9940=DIRECTION('',(0.,0.707106781186547,0.707106781186548));
#9941=DIRECTION('',(0.,1.,0.));
#9942=DIRECTION('',(0.,1.,0.));
#9943=DIRECTION('',(0.,0.,1.));
#9944=DIRECTION('',(0.,0.707106781186548,-0.707106781186547));
#9945=DIRECTION('',(0.,0.707106781186547,0.707106781186548));
#9946=DIRECTION('',(0.,1.,0.));
#9947=DIRECTION('',(0.,1.,0.));
#9948=DIRECTION('',(-1.,0.,0.));
#9949=DIRECTION('',(0.,0.,1.));
#9950=DIRECTION('',(0.,1.,0.));
#9951=DIRECTION('',(0.,1.,0.));
#9952=DIRECTION('',(-1.,0.,0.));
#9953=DIRECTION('',(0.,0.,1.));
#9954=DIRECTION('',(-1.,0.,0.));
#9955=DIRECTION('',(0.,0.,1.));
#9956=DIRECTION('',(-2.64421106045892E-18,-1.,0.));
#9957=DIRECTION('',(-1.,0.,0.));
#9958=DIRECTION('',(0.,0.,1.));
#9959=DIRECTION('',(-1.,0.,0.));
#9960=DIRECTION('',(0.,0.,1.));
#9961=DIRECTION('',(0.,1.,0.));
#9962=DIRECTION('',(-1.,0.,0.));
#9963=DIRECTION('',(0.,0.,1.));
#9964=DIRECTION('',(0.,1.,0.));
#9965=DIRECTION('',(0.,1.,0.));
#9966=DIRECTION('',(0.,0.,-1.));
#9967=DIRECTION('',(0.,1.,0.));
#9968=DIRECTION('',(0.,0.,1.));
#9969=DIRECTION('',(0.,1.,0.));
#9970=DIRECTION('',(0.,-1.,0.));
#9971=DIRECTION('',(0.,0.,-1.));
#9972=DIRECTION('',(0.,-1.,0.));
#9973=DIRECTION('',(0.,0.,-1.));
#9974=DIRECTION('',(0.,-1.,0.));
#9975=DIRECTION('',(0.,-1.,0.));
#9976=DIRECTION('',(0.,-1.,0.));
#9977=DIRECTION('',(0.,-1.,0.));
#9978=DIRECTION('',(1.,0.,2.48579070291183E-16));
#9979=DIRECTION('',(2.48579070291183E-16,0.,-1.));
#9980=DIRECTION('',(0.,1.,0.));
#9981=DIRECTION('',(0.,1.,0.));
#9982=DIRECTION('',(1.,0.,2.48579070291183E-16));
#9983=DIRECTION('',(2.48579070291183E-16,0.,-1.));
#9984=DIRECTION('',(2.48579070291183E-16,0.,-1.));
#9985=DIRECTION('',(1.,0.,2.48579070291183E-16));
#9986=DIRECTION('',(2.48579070291183E-16,0.,-1.));
#9987=DIRECTION('',(2.80294258672574E-15,-1.,0.));
#9988=DIRECTION('',(1.,0.,2.48579070291183E-16));
#9989=DIRECTION('',(2.48579070291183E-16,0.,-1.));
#9990=DIRECTION('',(1.,0.,2.48579070291183E-16));
#9991=DIRECTION('',(2.48579070291183E-16,0.,-1.));
#9992=DIRECTION('',(0.,1.,0.));
#9993=DIRECTION('',(1.,0.,2.48579070291183E-16));
#9994=DIRECTION('',(2.48579070291183E-16,0.,-1.));
#9995=DIRECTION('',(0.,1.,0.));
#9996=DIRECTION('',(-2.48579070291183E-16,0.,1.));
#9997=DIRECTION('',(0.,-1.,0.));
#9998=DIRECTION('',(0.,1.,0.));
#9999=DIRECTION('',(0.,0.,1.));
#10000=DIRECTION('',(0.,1.,0.));
#10001=DIRECTION('',(0.,1.,0.));
#10002=DIRECTION('',(0.,0.,1.));
#10003=DIRECTION('',(0.,1.,0.));
#10004=DIRECTION('',(0.,0.,1.));
#10005=DIRECTION('',(4.07815816469427E-16,0.,1.));
#10006=DIRECTION('',(1.,0.,-4.07815816469427E-16));
#10007=DIRECTION('',(0.,1.,0.));
#10008=DIRECTION('',(-1.,-4.87710308240137E-32,7.0180421251216E-16));
#10009=DIRECTION('',(0.,1.,6.94937846688526E-17));
#10010=DIRECTION('',(0.,1.,0.));
#10011=DIRECTION('',(0.,0.,1.));
#10012=DIRECTION('',(0.,1.,0.));
#10013=DIRECTION('',(0.,0.,1.));
#10014=DIRECTION('',(0.,1.,0.));
#10015=DIRECTION('',(0.,0.,1.));
#10016=DIRECTION('',(0.,1.,0.));
#10017=DIRECTION('',(0.,0.,1.));
#10018=DIRECTION('',(0.,1.,0.));
#10019=DIRECTION('',(0.,1.,0.));
#10020=DIRECTION('',(0.,0.,1.));
#10021=DIRECTION('',(0.,1.,0.));
#10022=DIRECTION('',(0.,1.,0.));
#10023=DIRECTION('',(0.,0.,1.));
#10024=DIRECTION('',(0.,1.,0.));
#10025=DIRECTION('',(0.,-1.,0.));
#10026=DIRECTION('',(0.,0.,-1.));
#10027=DIRECTION('',(0.,1.,0.));
#10028=DIRECTION('',(0.,0.,1.));
#10029=DIRECTION('',(0.,1.,0.));
#10030=DIRECTION('',(1.,0.,-3.12696727502235E-15));
#10031=DIRECTION('',(-3.12696727502235E-15,0.,-1.));
#10032=DIRECTION('',(0.,1.,0.));
#10033=DIRECTION('',(0.,1.,0.));
#10034=DIRECTION('',(0.,0.,1.));
#10035=DIRECTION('',(0.,1.,0.));
#10036=DIRECTION('',(0.,0.,1.));
#10037=DIRECTION('',(1.,0.,0.));
#10038=DIRECTION('',(0.,1.,0.));
#10039=DIRECTION('',(0.,1.,0.));
#10040=DIRECTION('',(0.,0.,1.));
#10041=DIRECTION('',(0.,1.,0.));
#10042=DIRECTION('',(1.,0.,-7.02220118347286E-13));
#10043=DIRECTION('',(-7.02220118347286E-13,0.,-1.));
#10044=DIRECTION('',(0.,1.,0.));
#10045=DIRECTION('',(0.,1.,0.));
#10046=DIRECTION('',(0.,0.,1.));
#10047=DIRECTION('',(0.,1.,0.));
#10048=DIRECTION('',(-9.37256114681399E-15,0.,-1.));
#10049=DIRECTION('',(-1.,0.,9.37256114681399E-15));
#10050=DIRECTION('',(0.,1.,0.));
#10051=DIRECTION('',(0.707106781186547,-0.707106781186548,-6.62740154399773E-15));
#10052=DIRECTION('',(1.,0.,0.));
#10053=DIRECTION('',(0.,1.,6.94937846688526E-17));
#10054=DIRECTION('',(-9.37256114681399E-15,0.,-1.));
#10055=DIRECTION('',(-1.,0.,9.37256114681399E-15));
#10056=DIRECTION('',(1.,0.,0.));
#10057=DIRECTION('',(0.,0.,1.));
#10058=DIRECTION('',(1.,0.,0.));
#10059=DIRECTION('',(-1.,0.,0.));
#10060=DIRECTION('',(-0.707106781186547,0.707106781186548,0.));
#10061=DIRECTION('',(0.,-1.,0.));
#10062=DIRECTION('',(1.,0.,0.));
#10063=DIRECTION('',(0.,0.,1.));
#10064=DIRECTION('',(1.,0.,0.));
#10065=DIRECTION('',(0.,1.,0.));
#10066=DIRECTION('',(0.,1.,6.94937846688526E-17));
#10067=DIRECTION('',(0.,1.,0.));
#10068=DIRECTION('',(0.,0.,1.));
#10069=DIRECTION('',(0.,1.,0.));
#10070=DIRECTION('',(1.,0.,-1.46353206210976E-14));
#10071=DIRECTION('',(-1.46353206210976E-14,0.,-1.));
#10072=DIRECTION('',(0.,1.,0.));
#10073=DIRECTION('',(0.,1.,0.));
#10074=DIRECTION('',(0.,0.,1.));
#10075=DIRECTION('',(0.,1.,0.));
#10076=DIRECTION('',(0.,0.,-1.));
#10077=DIRECTION('',(-1.,0.,0.));
#10078=DIRECTION('',(0.,1.,0.));
#10079=DIRECTION('',(0.,1.,0.));
#10080=DIRECTION('',(0.,0.,1.));
#10081=DIRECTION('',(0.,1.,0.));
#10082=DIRECTION('',(0.,0.,1.));
#10083=DIRECTION('',(0.,1.,0.));
#10084=DIRECTION('',(0.,1.,0.));
#10085=DIRECTION('',(0.,0.,1.));
#10086=DIRECTION('',(0.,1.,0.));
#10087=DIRECTION('',(0.,1.,0.));
#10088=DIRECTION('',(0.,0.,1.));
#10089=DIRECTION('',(0.,-1.,0.));
#10090=DIRECTION('',(0.,0.,-1.));
#10091=DIRECTION('',(0.,1.,0.));
#10092=DIRECTION('',(0.,1.,0.));
#10093=DIRECTION('',(0.,0.,1.));
#10094=DIRECTION('',(0.,1.,0.));
#10095=DIRECTION('',(1.,0.,3.12696727502235E-15));
#10096=DIRECTION('',(3.12696727502235E-15,0.,-1.));
#10097=DIRECTION('',(0.,1.,0.));
#10098=DIRECTION('',(0.,1.,0.));
#10099=DIRECTION('',(0.,0.,1.));
#10100=DIRECTION('',(0.,1.,0.));
#10101=DIRECTION('',(0.,0.,-1.));
#10102=DIRECTION('',(-1.,0.,0.));
#10103=DIRECTION('',(0.,1.,0.));
#10104=DIRECTION('',(0.,1.,0.));
#10105=DIRECTION('',(0.,0.,1.));
#10106=DIRECTION('',(0.,1.,0.));
#10107=DIRECTION('',(1.,0.,7.02220118347286E-13));
#10108=DIRECTION('',(7.02220118347286E-13,0.,-1.));
#10109=DIRECTION('',(0.,1.,0.));
#10110=DIRECTION('',(0.,1.,0.));
#10111=DIRECTION('',(0.,0.,1.));
#10112=DIRECTION('',(0.,1.,0.));
#10113=DIRECTION('',(0.,0.,1.));
#10114=DIRECTION('',(1.,0.,0.));
#10115=DIRECTION('',(-1.,0.,0.));
#10116=DIRECTION('',(-0.707106781186547,-0.707106781186548,0.));
#10117=DIRECTION('',(0.,-1.,0.));
#10118=DIRECTION('',(-1.,0.,0.));
#10119=DIRECTION('',(0.,1.,0.));
#10120=DIRECTION('',(0.,0.,1.));
#10121=DIRECTION('',(1.,0.,0.));
#10122=DIRECTION('',(0.,1.,6.94937846688526E-17));
#10123=DIRECTION('',(1.,0.,0.));
#10124=DIRECTION('',(0.,0.,-1.));
#10125=DIRECTION('',(0.,0.,1.));
#10126=DIRECTION('',(0.,1.,0.));
#10127=DIRECTION('',(0.,0.,-1.));
#10128=DIRECTION('',(0.,0.,-1.));
#10129=DIRECTION('',(-1.,0.,0.));
#10130=DIRECTION('',(0.,1.,0.));
#10131=DIRECTION('',(0.707106781186547,0.707106781186548,0.));
#10132=DIRECTION('',(1.,0.,0.));
#10133=DIRECTION('',(0.,1.,6.94937846688526E-17));
#10134=DIRECTION('',(0.,1.,0.));
#10135=DIRECTION('',(0.,0.,-1.));
#10136=DIRECTION('',(-1.,0.,0.));
#10137=DIRECTION('',(-1.,0.,0.));
#10138=DIRECTION('',(0.,1.,0.));
#10139=DIRECTION('',(0.,0.,1.));
#10140=DIRECTION('',(0.,1.,0.));
#10141=DIRECTION('',(1.,0.,-1.46353206210967E-14));
#10142=DIRECTION('',(-1.46353206210967E-14,0.,-1.));
#10143=DIRECTION('',(0.,1.,0.));
#10144=DIRECTION('',(0.,1.,0.));
#10145=DIRECTION('',(0.,0.,1.));
#10146=DIRECTION('',(0.,1.,0.));
#10147=DIRECTION('',(4.78977116720565E-15,0.,1.));
#10148=DIRECTION('',(1.,0.,-4.78977116720565E-15));
#10149=DIRECTION('',(1.,0.,3.98529111339872E-16));
#10150=DIRECTION('',(3.98529111339872E-16,0.,-1.));
#10151=DIRECTION('',(0.,1.,0.));
#10152=DIRECTION('',(0.,1.,6.94937846688526E-17));
#10153=DIRECTION('',(0.,6.94937846688526E-17,-1.));
#10154=DIRECTION('',(-1.,0.,-3.98529111339872E-16));
#10155=DIRECTION('',(-3.98529111339872E-16,0.,1.));
#10156=DIRECTION('',(-2.81802637128672E-16,-0.707106781186548,0.707106781186548));
#10157=DIRECTION('',(0.,6.94937846688526E-17,-1.));
#10158=DIRECTION('',(0.,1.,6.94937846688526E-17));
#10159=DIRECTION('',(0.,1.,0.));
#10160=DIRECTION('',(0.,1.,0.));
#10161=DIRECTION('',(0.,0.,1.));
#10162=DIRECTION('',(0.,1.,0.));
#10163=DIRECTION('',(0.,0.,-1.));
#10164=DIRECTION('',(-1.,0.,0.));
#10165=DIRECTION('',(0.,1.,0.));
#10166=DIRECTION('',(0.,1.,0.));
#10167=DIRECTION('',(0.,0.,1.));
#10168=DIRECTION('',(0.,1.,0.));
#10169=DIRECTION('',(1.,0.,1.04817134295025E-15));
#10170=DIRECTION('',(1.04817134295025E-15,0.,-1.));
#10171=DIRECTION('',(0.,6.94937846688526E-17,-1.));
#10172=DIRECTION('',(7.41169064445532E-16,0.707106781186547,-0.707106781186548));
#10173=DIRECTION('',(5.59093038238587E-16,-1.,0.));
#10174=DIRECTION('',(0.,0.,1.));
#10175=DIRECTION('',(0.,1.,0.));
#10176=DIRECTION('',(1.,0.,1.04817134295025E-15));
#10177=DIRECTION('',(1.04817134295025E-15,0.,-1.));
#10178=DIRECTION('',(0.,1.,6.94937846688526E-17));
#10179=DIRECTION('',(0.,0.,-1.));
#10180=DIRECTION('',(-1.,0.,0.));
#10181=DIRECTION('',(1.,4.8445487928011E-16,0.));
#10182=DIRECTION('',(0.,1.,0.));
#10183=DIRECTION('',(-1.,0.,0.));
#10184=DIRECTION('',(-1.,0.,0.));
#10185=DIRECTION('',(0.,0.,1.));
#10186=DIRECTION('',(-7.23366094675785E-16,1.,0.));
#10187=DIRECTION('',(0.,-0.707106781186547,0.707106781186548));
#10188=DIRECTION('',(0.,-6.94937846688526E-17,1.));
#10189=DIRECTION('',(0.,1.,6.94937846688526E-17));
#10190=DIRECTION('',(0.,1.,0.));
#10191=DIRECTION('',(-1.,0.,0.));
#10192=DIRECTION('',(0.,0.,1.));
#10193=DIRECTION('',(0.,0.,1.));
#10194=DIRECTION('',(0.,1.,0.));
#10195=DIRECTION('',(0.,0.,1.));
#10196=DIRECTION('',(0.,1.,0.));
#10197=DIRECTION('',(0.,0.,-1.));
#10198=DIRECTION('',(-1.,0.,0.));
#10199=DIRECTION('',(0.,1.,0.));
#10200=DIRECTION('',(0.,1.,0.));
#10201=DIRECTION('',(0.,0.,1.));
#10202=DIRECTION('',(0.,0.,1.));
#10203=DIRECTION('',(1.,0.,0.));
#10204=DIRECTION('',(1.,0.,0.));
#10205=DIRECTION('',(0.,1.,0.));
#10206=DIRECTION('',(-1.,0.,0.));
#10207=DIRECTION('',(0.,0.,1.));
#10208=DIRECTION('',(0.,0.707106781186547,-0.707106781186548));
#10209=DIRECTION('',(0.,1.,0.));
#10210=DIRECTION('',(0.,0.707106781186547,0.707106781186548));
#10211=DIRECTION('',(0.,-1.,0.));
#10212=DIRECTION('',(0.,-1.,0.));
#10213=DIRECTION('',(-1.,0.,0.));
#10214=DIRECTION('',(0.,0.,1.));
#10215=DIRECTION('',(0.,1.,0.));
#10216=DIRECTION('',(0.,0.707106781186547,-0.707106781186548));
#10217=DIRECTION('',(0.,-1.,0.));
#10218=DIRECTION('',(0.,-1.,0.));
#10219=DIRECTION('',(0.,0.707106781186547,0.707106781186548));
#10220=DIRECTION('',(0.,1.,0.));
#10221=DIRECTION('',(0.,0.,-1.));
#10222=DIRECTION('',(-1.,0.,0.));
#10223=DIRECTION('',(1.,0.,0.));
#10224=DIRECTION('',(0.,1.,0.));
#10225=DIRECTION('',(0.,0.,1.));
#10226=DIRECTION('',(0.,1.,0.));
#10227=DIRECTION('',(0.,-0.707106781186547,-0.707106781186547));
#10228=DIRECTION('',(0.,0.707106781186548,-0.707106781186548));
#10229=DIRECTION('',(0.,1.,0.));
#10230=DIRECTION('',(0.,0.,1.));
#10231=DIRECTION('',(0.,-0.707106781186547,0.707106781186547));
#10232=DIRECTION('',(0.,0.707106781186548,0.707106781186548));
#10233=DIRECTION('',(0.,1.,0.));
#10234=DIRECTION('',(0.,1.,0.));
#10235=DIRECTION('',(-0.953422698788704,0.,-0.301637460263912));
#10236=DIRECTION('',(1.,0.,0.));
#10237=DIRECTION('',(0.,0.,-1.));
#10238=DIRECTION('',(0.,1.,-6.42215858390095E-17));
#10239=DIRECTION('',(0.,0.,1.));
#10240=DIRECTION('',(0.,-1.,0.));
#10241=DIRECTION('',(0.,1.,0.));
#10242=DIRECTION('',(0.,0.,1.));
#10243=DIRECTION('',(0.,1.,0.));
#10244=DIRECTION('',(0.,0.,1.));
#10245=DIRECTION('',(-1.,0.,0.));
#10246=DIRECTION('',(0.,0.,1.));
#10247=DIRECTION('',(1.,0.,0.));
#10248=DIRECTION('',(0.,1.,0.));
#10249=DIRECTION('',(0.,0.,1.));
#10250=DIRECTION('',(1.,0.,0.));
#10251=DIRECTION('',(0.,0.,-1.));
#10252=DIRECTION('',(-1.,0.,0.));
#10253=DIRECTION('',(0.,1.,0.));
#10254=DIRECTION('',(0.,0.,1.));
#10255=DIRECTION('',(0.,1.,0.));
#10256=DIRECTION('',(0.,0.707106781186547,-0.707106781186547));
#10257=DIRECTION('',(0.,0.707106781186548,0.707106781186548));
#10258=DIRECTION('',(0.,0.707106781186547,0.707106781186547));
#10259=DIRECTION('',(0.,0.707106781186548,-0.707106781186548));
#10260=DIRECTION('',(0.,1.,0.));
#10261=DIRECTION('',(0.,1.,0.));
#10262=DIRECTION('',(-0.953422698788704,0.,-0.301637460263912));
#10263=DIRECTION('',(0.,-1.,0.));
#10264=DIRECTION('',(0.,0.,-1.));
#10265=DIRECTION('',(0.,1.,0.));
#10266=DIRECTION('',(0.,0.,1.));
#10267=DIRECTION('',(0.,1.,0.));
#10268=DIRECTION('',(1.,0.,0.));
#10269=DIRECTION('',(0.,-1.,0.));
#10270=DIRECTION('',(0.,0.,-1.));
#10271=DIRECTION('',(0.,1.,0.));
#10272=DIRECTION('',(0.,0.,1.));
#10273=DIRECTION('',(0.,-1.,0.));
#10274=DIRECTION('',(1.,0.,0.));
#10275=DIRECTION('',(0.,1.,0.));
#10276=DIRECTION('',(0.,0.,1.));
#10277=DIRECTION('',(0.,-1.,0.));
#10278=DIRECTION('',(0.,0.,-1.));
#10279=DIRECTION('',(0.,1.,0.));
#10280=DIRECTION('',(0.,1.,0.));
#10281=DIRECTION('',(0.,0.,1.));
#10282=DIRECTION('',(0.,-1.,0.));
#10283=DIRECTION('',(0.,0.,-1.));
#10284=DIRECTION('',(0.,-1.,0.));
#10285=DIRECTION('',(0.,0.,-1.));
#10286=DIRECTION('',(0.,-1.,0.));
#10287=DIRECTION('',(0.,0.,-1.));
#10288=DIRECTION('',(0.,-1.,0.));
#10289=DIRECTION('',(0.,-1.,0.));
#10290=DIRECTION('',(0.,0.,-1.));
#10291=DIRECTION('',(0.,-1.,0.));
#10292=DIRECTION('',(0.,0.,-1.));
#10293=DIRECTION('',(1.,0.,0.));
#10294=DIRECTION('',(0.,1.,0.));
#10295=DIRECTION('',(-1.,0.,0.));
#10296=DIRECTION('',(-1.79064816656375E-16,0.,-1.));
#10297=DIRECTION('',(0.,1.,0.));
#10298=DIRECTION('',(-1.,0.,0.));
#10299=DIRECTION('',(-1.,0.,0.));
#10300=DIRECTION('',(0.,1.,0.));
#10301=DIRECTION('',(1.,0.,0.));
#10302=DIRECTION('',(1.79064816656375E-16,0.,1.));
#10303=DIRECTION('',(0.,1.,0.));
#10304=DIRECTION('',(1.,0.,0.));
#10305=DIRECTION('',(0.,-1.,0.));
#10306=DIRECTION('',(0.,0.,-1.));
#10307=DIRECTION('',(-2.48579070291183E-16,0.,1.));
#10308=DIRECTION('',(-1.,0.,4.07815816469427E-16));
#10309=DIRECTION('',(0.,0.,-1.));
#10310=DIRECTION('',(0.,-1.,0.));
#10311=DIRECTION('',(0.,0.,-1.));
#10312=DIRECTION('',(0.,-1.,0.));
#10313=DIRECTION('',(0.,0.,-1.));
#10314=DIRECTION('',(0.,0.,1.));
#10315=DIRECTION('',(0.,-1.,0.));
#10316=DIRECTION('',(0.,0.,-1.));
#10317=DIRECTION('',(0.953422698788704,0.,-0.301637460263913));
#10318=DIRECTION('',(0.,-1.,0.));
#10319=DIRECTION('',(0.,0.,-1.));
#10320=DIRECTION('',(-0.953422698788704,0.,-0.301637460263913));
#10321=DIRECTION('',(0.,-1.,0.));
#10322=DIRECTION('',(0.,0.,-1.));
#10323=DIRECTION('',(0.,0.,1.));
#10324=DIRECTION('',(0.,-1.,0.));
#10325=DIRECTION('',(0.,0.,-1.));
#10326=DIRECTION('',(-1.,0.,0.));
#10327=DIRECTION('',(0.,0.,1.));
#10328=DIRECTION('',(0.,1.,0.));
#10329=DIRECTION('',(0.,0.,1.));
#10330=DIRECTION('',(0.,-1.,-6.42215858390095E-17));
#10331=DIRECTION('',(0.,1.,0.));
#10332=DIRECTION('',(0.,0.,1.));
#10333=DIRECTION('',(0.,-1.,0.));
#10334=DIRECTION('',(0.,0.,-1.));
#10335=DIRECTION('',(0.,-1.,0.));
#10336=DIRECTION('',(0.,0.,-1.));
#10337=DIRECTION('',(0.,-1.,0.));
#10338=DIRECTION('',(0.,0.,-1.));
#10339=DIRECTION('',(0.707106781186548,-0.707106781186548,0.));
#10340=DIRECTION('',(0.707106781186548,0.707106781186548,0.));
#10341=DIRECTION('',(0.,1.,0.));
#10342=DIRECTION('',(-1.,0.,0.));
#10343=DIRECTION('',(0.,1.,0.));
#10344=DIRECTION('',(0.,0.,1.));
#10345=DIRECTION('',(0.707106781186548,0.707106781186548,0.));
#10346=DIRECTION('',(-0.707106781186548,0.707106781186548,0.));
#10347=DIRECTION('',(-0.301637460263913,-6.12303176911189E-17,-0.953422698788704));
#10348=DIRECTION('',(-1.84693575195016E-17,1.,-5.83783747407563E-17));
#10349=DIRECTION('',(0.953422698788704,-3.08148791101958E-33,-0.301637460263913));
#10350=DIRECTION('',(3.08148791101958E-33,1.,-6.42215858390095E-17));
#10351=DIRECTION('',(-0.301637460263913,-6.12303176911189E-17,-0.953422698788704));
#10352=DIRECTION('',(-0.953422698788704,0.,0.301637460263913));
#10353=DIRECTION('',(-0.301637460263913,-6.12303176911189E-17,0.953422698788705));
#10354=DIRECTION('',(-1.84693575195016E-17,1.,5.83783747407563E-17));
#10355=DIRECTION('',(-3.8614961398661E-33,-1.,-6.42215858390095E-17));
#10356=DIRECTION('',(-0.953422698788704,-3.08148791101958E-33,-0.301637460263913));
#10357=DIRECTION('',(-0.301637460263913,-6.12303176911189E-17,0.953422698788705));
#10358=DIRECTION('',(0.953422698788704,0.,0.301637460263913));
#10359=DIRECTION('',(0.,-1.,0.));
#10360=DIRECTION('',(0.,0.,-1.));
#10361=DIRECTION('',(0.,-1.,0.));
#10362=DIRECTION('',(0.,0.,-1.));
#10363=DIRECTION('',(-0.0128189787424901,-0.999909608932961,0.00405558226794298));
#10364=DIRECTION('',(0.999917832164803,-0.0128190841654536,0.));
#10365=DIRECTION('',(-0.301637460263913,-6.12303176911189E-17,-0.953422698788704));
#10366=DIRECTION('',(-0.953422698788704,0.,0.301637460263913));
#10367=DIRECTION('',(0.0128189787424901,-0.999909608932961,0.00405558226794298));
#10368=DIRECTION('',(0.999917832164803,0.0128190841654536,0.));
#10369=DIRECTION('',(-0.301637460263913,-6.12303176911189E-17,0.953422698788705));
#10370=DIRECTION('',(0.953422698788704,0.,0.301637460263913));
#10371=DIRECTION('',(0.,0.,-1.));
#10372=DIRECTION('',(-1.,0.,0.));
#10373=DIRECTION('',(-1.,0.,0.));
#10374=DIRECTION('',(0.,0.,1.));
#10375=DIRECTION('',(1.,0.,0.));
#10376=DIRECTION('',(0.,1.,0.));
#10377=DIRECTION('',(-1.,0.,0.));
#10378=DIRECTION('',(1.,0.,0.));
#10379=DIRECTION('',(0.,0.,-1.));
#10380=DIRECTION('',(0.,1.,0.));
#10381=DIRECTION('',(0.,0.,1.));
#10382=DIRECTION('',(0.,0.,-1.));
#10383=DIRECTION('',(-1.,0.,0.));
#10384=DIRECTION('',(1.,0.,0.));
#10385=DIRECTION('',(0.,0.,1.));
#10386=DIRECTION('',(1.,0.,0.));
#10387=DIRECTION('',(-1.,0.,0.));
#10388=DIRECTION('',(0.,0.,-1.));
#10389=DIRECTION('',(-1.,0.,0.));
#10390=DIRECTION('',(-1.,0.,0.));
#10391=DIRECTION('',(0.,1.,0.));
#10392=DIRECTION('',(1.,0.,0.));
#10393=DIRECTION('',(0.,0.,-1.));
#10394=DIRECTION('',(0.,0.,-1.));
#10395=DIRECTION('',(0.,1.,0.));
#10396=DIRECTION('',(0.,0.,1.));
#10397=DIRECTION('',(1.,0.,0.));
#10398=DIRECTION('',(1.,0.,0.));
#10399=DIRECTION('',(0.,-1.,6.42215858390095E-17));
#10400=DIRECTION('',(0.,-6.42215858390095E-17,-1.));
#10401=DIRECTION('',(0.,-1.,0.));
#10402=DIRECTION('',(0.,0.,-1.));
#10403=DIRECTION('',(0.,-1.,-6.42215858390095E-17));
#10404=DIRECTION('',(0.,6.42215858390095E-17,-1.));
#10405=DIRECTION('',(0.,-1.,0.));
#10406=DIRECTION('',(0.,0.,-1.));
#10407=DIRECTION('',(-0.953422698788704,0.,0.301637460263913));
#10408=DIRECTION('',(0.301637460263913,0.,0.953422698788704));
#10409=DIRECTION('',(-0.953422698788703,0.,0.301637460263916));
#10410=DIRECTION('',(0.301637460263916,0.,0.953422698788703));
#10411=DIRECTION('',(0.953422698788704,1.04869645573561E-15,-0.301637460263914));
#10412=DIRECTION('',(-0.301637460263914,0.,-0.953422698788704));
#10413=DIRECTION('',(0.,-1.,0.));
#10414=DIRECTION('',(0.,0.,-1.));
#10415=DIRECTION('',(0.,0.,-1.));
#10416=DIRECTION('',(-1.,0.,0.));
#10417=DIRECTION('',(0.25717975992222,0.,0.96636358120862));
#10418=DIRECTION('',(0.96636358120862,0.,-0.25717975992222));
#10419=DIRECTION('',(0.,0.,1.));
#10420=DIRECTION('',(1.,0.,0.));
#10421=DIRECTION('',(0.,0.,-1.));
#10422=DIRECTION('',(-1.,0.,0.));
#10423=DIRECTION('',(0.,-1.,0.));
#10424=DIRECTION('',(0.,0.,-1.));
#10425=DIRECTION('',(0.257179759922226,0.,-0.966363581208618));
#10426=DIRECTION('',(-0.966363581208618,0.,-0.257179759922226));
#10427=DIRECTION('',(0.,-1.,0.));
#10428=DIRECTION('',(0.,0.,-1.));
#10429=DIRECTION('',(-0.947800357264902,4.40378593183637E-15,-0.318864364218588));
#10430=DIRECTION('',(-0.318864364218588,0.,0.947800357264902));
#10431=DIRECTION('',(-0.953422698788704,0.,-0.301637460263914));
#10432=DIRECTION('',(-0.301637460263914,0.,0.953422698788704));
#10433=DIRECTION('',(0.,-1.,0.));
#10434=DIRECTION('',(0.,0.,-1.));
#10435=DIRECTION('',(0.,0.,-1.));
#10436=DIRECTION('',(-1.,0.,0.));
#10437=DIRECTION('',(-0.953422698788704,0.,-0.301637460263913));
#10438=DIRECTION('',(-0.301637460263913,0.,0.953422698788705));
#10439=DIRECTION('',(-0.953422698788704,0.,-0.301637460263915));
#10440=DIRECTION('',(-0.301637460263915,0.,0.953422698788704));
#10441=DIRECTION('',(0.,0.,1.));
#10442=DIRECTION('',(1.,0.,0.));
#10443=DIRECTION('',(-0.132153860505745,0.,-0.991229215244097));
#10444=DIRECTION('',(-0.991229215244097,0.,0.132153860505745));
#10445=DIRECTION('',(0.,-1.,0.));
#10446=DIRECTION('',(0.,0.,-1.));
#10447=DIRECTION('',(0.,0.,-1.));
#10448=DIRECTION('',(-1.,0.,0.));
#10449=DIRECTION('',(-0.991229215244097,0.,-0.132153860505746));
#10450=DIRECTION('',(-0.132153860505746,0.,0.991229215244097));
#10451=DIRECTION('',(0.,0.,1.));
#10452=DIRECTION('',(1.,0.,0.));
#10453=DIRECTION('',(0.,0.,-1.));
#10454=DIRECTION('',(-1.,0.,0.));
#10455=DIRECTION('',(1.,0.,-4.07815816469427E-16));
#10456=DIRECTION('',(-4.07815816469427E-16,0.,-1.));
#10457=DIRECTION('',(-0.991229215244097,0.,0.132153860505746));
#10458=DIRECTION('',(0.132153860505746,0.,0.991229215244097));
#10459=DIRECTION('',(0.,-1.,0.));
#10460=DIRECTION('',(0.,0.,-1.));
#10461=DIRECTION('',(0.9478003572649,0.,-0.318864364218592));
#10462=DIRECTION('',(-0.318864364218592,0.,-0.947800357264901));
#10463=DIRECTION('',(-0.132153860505745,0.,0.991229215244097));
#10464=DIRECTION('',(0.991229215244097,0.,0.132153860505745));
#10465=DIRECTION('',(0.,-1.,0.));
#10466=DIRECTION('',(0.,0.,-1.));
#10467=DIRECTION('',(0.,0.,-1.));
#10468=DIRECTION('',(-1.,0.,0.));
#10469=DIRECTION('',(2.48579070291183E-16,0.,-1.));
#10470=DIRECTION('',(-1.,0.,-2.48579070291183E-16));
#10471=DIRECTION('',(0.,0.,-1.));
#10472=DIRECTION('',(-1.,0.,0.));
#10473=DIRECTION('',(0.,0.,-1.));
#10474=DIRECTION('',(-1.,0.,0.));
#10475=DIRECTION('',(0.,0.,-1.));
#10476=DIRECTION('',(-1.,0.,0.));
#10477=DIRECTION('',(0.,0.,-1.));
#10478=DIRECTION('',(-1.,0.,0.));
#10479=DIRECTION('',(0.,0.,-1.));
#10480=DIRECTION('',(-1.,0.,0.));
#10481=DIRECTION('',(0.,0.,1.));
#10482=DIRECTION('',(1.,0.,0.));
#10483=DIRECTION('',(-1.,0.,0.));
#10484=DIRECTION('',(0.,0.,1.));
#10485=DIRECTION('',(0.,-1.,0.));
#10486=DIRECTION('',(0.,0.,-1.));
#10487=DIRECTION('',(1.,0.,0.));
#10488=DIRECTION('',(-4.07815816469427E-16,0.,-1.));
#10489=DIRECTION('',(-4.07815816469427E-16,0.,-1.));
#10490=DIRECTION('',(1.,0.,0.));
#10491=DIRECTION('',(-1.,0.,0.));
#10492=DIRECTION('',(0.,0.,1.));
#10493=DIRECTION('',(1.,0.,0.));
#10494=DIRECTION('',(1.,0.,0.));
#10495=DIRECTION('',(0.,0.,1.));
#10496=DIRECTION('',(1.,0.,0.));
#10497=DIRECTION('',(-4.96360823228053E-16,1.,0.));
#10498=DIRECTION('',(0.,0.,1.));
#10499=DIRECTION('',(1.,0.,0.));
#10500=DIRECTION('',(1.,2.39733709968179E-16,0.));
#10501=DIRECTION('',(0.,0.,1.));
#10502=DIRECTION('',(1.,0.,0.));
#10503=DIRECTION('',(2.48180411614026E-16,-1.,0.));
#10504=DIRECTION('',(0.,0.,1.));
#10505=DIRECTION('',(1.,0.,0.));
#10506=DIRECTION('',(0.,0.,-1.));
#10507=DIRECTION('',(-1.,0.,0.));
#10508=DIRECTION('',(-1.,0.,0.));
#10509=DIRECTION('',(0.,0.,1.));
#10510=DIRECTION('',(0.,1.,0.));
#10511=DIRECTION('',(0.,0.,1.));
#10512=DIRECTION('',(0.,1.,0.));
#10513=DIRECTION('',(-1.,0.,0.));
#10514=DIRECTION('',(0.,0.,1.));
#10515=DIRECTION('',(0.,-1.,0.));
#10516=DIRECTION('',(-1.,0.,0.));
#10517=DIRECTION('',(0.,0.,1.));
#10518=DIRECTION('',(-1.,0.,0.));
#10519=DIRECTION('',(0.,0.,1.));
#10520=DIRECTION('',(1.63498562068152E-15,1.,0.));
#10521=DIRECTION('',(-1.,0.,0.));
#10522=DIRECTION('',(0.,0.,1.));
#10523=DIRECTION('',(0.,0.,-1.));
#10524=DIRECTION('',(-1.,0.,0.));
#10525=DIRECTION('',(0.,0.,-1.));
#10526=DIRECTION('',(-1.,0.,0.));
#10527=DIRECTION('',(0.,1.,0.));
#10528=DIRECTION('',(0.,-1.,0.));
#10529=DIRECTION('',(1.,0.,0.));
#10530=DIRECTION('',(0.,1.,0.));
#10531=DIRECTION('',(1.,0.,0.));
#10532=DIRECTION('',(0.,0.,-1.));
#10533=DIRECTION('',(0.,0.,1.));
#10534=DIRECTION('',(0.,1.,0.));
#10535=DIRECTION('',(0.,0.,1.));
#10536=DIRECTION('',(1.,0.,0.));
#10537=DIRECTION('',(0.,0.,1.));
#10538=DIRECTION('',(1.,0.,0.));
#10539=DIRECTION('',(1.,0.,0.));
#10540=DIRECTION('',(0.,1.,0.));
#10541=DIRECTION('',(0.,0.,1.));
#10542=DIRECTION('',(1.,0.,0.));
#10543=DIRECTION('',(0.,1.,0.));
#10544=DIRECTION('',(0.,0.,1.));
#10545=DIRECTION('',(1.,0.,0.));
#10546=DIRECTION('',(0.,1.,0.));
#10547=DIRECTION('',(-1.,0.,-2.48579070291183E-16));
#10548=DIRECTION('',(0.,1.,0.));
#10549=DIRECTION('',(1.,0.,0.));
#10550=DIRECTION('',(0.,0.,-1.));
#10551=DIRECTION('',(0.,1.,0.));
#10552=DIRECTION('',(0.,0.,1.));
#10553=DIRECTION('',(0.,0.,-1.));
#10554=DIRECTION('',(-1.,0.,0.));
#10555=DIRECTION('',(0.,1.,0.));
#10556=DIRECTION('',(0.,-1.,0.));
#10557=DIRECTION('',(-1.,0.,-2.48579070291183E-16));
#10558=DIRECTION('',(0.,0.,-1.));
#10559=DIRECTION('',(-1.,0.,0.));
#10560=DIRECTION('',(-1.,0.,0.));
#10561=DIRECTION('',(0.,0.,1.));
#10562=DIRECTION('',(0.,0.,1.));
#10563=DIRECTION('',(-1.,0.,0.));
#10564=DIRECTION('',(0.,0.,1.));
#10565=DIRECTION('',(-2.80294258672574E-15,1.,0.));
#10566=DIRECTION('',(-1.,0.,0.));
#10567=DIRECTION('',(0.,0.,1.));
#10568=DIRECTION('',(0.,0.,-1.));
#10569=DIRECTION('',(-1.,0.,0.));
#10570=DIRECTION('',(0.,0.,1.));
#10571=DIRECTION('',(0.,-1.,0.));
#10572=DIRECTION('',(-1.,0.,0.));
#10573=DIRECTION('',(0.,0.,1.));
#10574=DIRECTION('',(1.,0.,0.));
#10575=DIRECTION('',(0.,0.,-1.));
#10576=DIRECTION('',(0.,0.,1.));
#10577=DIRECTION('',(0.,1.,0.));
#10578=DIRECTION('',(0.,0.,1.));
#10579=DIRECTION('',(0.,1.,0.));
#10580=DIRECTION('',(0.,0.,1.));
#10581=DIRECTION('',(1.,0.,0.));
#10582=DIRECTION('',(-1.,0.,0.));
#10583=DIRECTION('',(0.,1.,0.));
#10584=DIRECTION('',(0.,0.,1.));
#10585=DIRECTION('',(2.48579070291183E-16,0.,-1.));
#10586=DIRECTION('',(-1.,0.,-2.48579070291183E-16));
#10587=DIRECTION('',(-2.48579070291183E-16,0.,1.));
#10588=DIRECTION('',(0.,0.,-1.));
#10589=DIRECTION('',(-1.,0.,0.));
#10590=DIRECTION('',(0.,0.,1.));
#10591=DIRECTION('',(1.,0.,0.));
#10592=DIRECTION('',(0.,0.,-1.));
#10593=DIRECTION('',(-1.,0.,0.));
#10594=DIRECTION('',(0.,-1.,-6.94937846688526E-17));
#10595=DIRECTION('',(0.,6.94937846688526E-17,-1.));
#10596=DIRECTION('',(0.,-6.94937846688526E-17,1.));
#10597=DIRECTION('',(0.,6.94937846688526E-17,-1.));
#10598=DIRECTION('',(1.,0.,0.));
#10599=DIRECTION('',(0.,0.,-1.));
#10600=DIRECTION('',(0.,1.,6.94937846688526E-17));
#10601=DIRECTION('',(0.,-6.94937846688526E-17,1.));
#10602=DIRECTION('',(0.,6.94937846688526E-17,-1.));
#10603=DIRECTION('',(0.,6.94937846688526E-17,-1.));
#10604=DIRECTION('',(1.,0.,0.));
#10605=DIRECTION('',(0.,0.,-1.));
#10606=DIRECTION('',(0.,0.,-1.));
#10607=DIRECTION('',(-1.,0.,0.));
#10608=DIRECTION('',(1.,0.,0.));
#10609=DIRECTION('',(-1.,0.,0.));
#10610=DIRECTION('',(0.,0.,1.));
#10611=DIRECTION('',(1.,0.,0.));
#10612=DIRECTION('',(-1.,0.,0.));
#10613=DIRECTION('',(1.,0.,0.));
#10614=DIRECTION('',(0.,0.,1.));
#10615=DIRECTION('',(1.,0.,0.));
#10616=DIRECTION('',(1.,0.,0.));
#10617=DIRECTION('',(-1.,0.,0.));
#10618=DIRECTION('',(0.,0.,-1.));
#10619=DIRECTION('',(-1.,0.,0.));
#10620=DIRECTION('',(-1.,0.,0.));
#10621=DIRECTION('',(1.,0.,0.));
#10622=DIRECTION('',(1.,0.,0.));
#10623=DIRECTION('',(0.,0.,-1.));
#10624=DIRECTION('',(1.,0.,0.));
#10625=DIRECTION('',(0.,0.,-1.));
#10626=DIRECTION('',(1.,0.,0.));
#10627=DIRECTION('',(0.,0.,-1.));
#10628=DIRECTION('',(-1.,0.,0.));
#10629=DIRECTION('',(0.,0.,1.));
#10630=DIRECTION('',(-1.,0.,0.));
#10631=DIRECTION('',(0.,0.,1.));
#10632=DIRECTION('',(1.,0.,0.));
#10633=DIRECTION('',(0.,0.,-1.));
#10634=DIRECTION('',(-1.,0.,0.));
#10635=DIRECTION('',(0.,0.,1.));
#10636=DIRECTION('',(-1.,0.,0.));
#10637=DIRECTION('',(0.,0.,1.));
#10638=DIRECTION('',(0.,-1.,0.));
#10639=DIRECTION('',(0.,0.,-1.));
#10640=DIRECTION('',(0.,-1.,0.));
#10641=DIRECTION('',(0.,0.,-1.));
#10642=DIRECTION('',(0.,0.,-1.));
#10643=DIRECTION('',(-1.,0.,0.));
#10644=DIRECTION('',(0.,1.,0.));
#10645=DIRECTION('',(0.,0.,1.));
#10646=DIRECTION('',(0.,1.,0.));
#10647=DIRECTION('',(0.,0.,1.));
#10648=DIRECTION('',(0.,0.707106781186547,0.707106781186547));
#10649=DIRECTION('',(1.,0.,0.));
#10650=DIRECTION('',(-0.577350269189626,-0.577350269189626,0.577350269189626));
#10651=DIRECTION('',(-0.707106781186547,0.707106781186547,0.));
#10652=DIRECTION('',(0.,0.,1.));
#10653=DIRECTION('',(-0.577350269189626,-0.577350269189626,-0.577350269189626));
#10654=DIRECTION('',(0.,0.707106781186547,-0.707106781186547));
#10655=DIRECTION('',(-1.,0.,0.));
#10656=DIRECTION('',(0.,-0.707106781186547,0.707106781186547));
#10657=DIRECTION('',(-1.,0.,0.));
#10658=DIRECTION('',(0.577350269189626,-0.577350269189626,-0.577350269189626));
#10659=DIRECTION('',(-0.707106781186547,-0.707106781186547,0.));
#10660=DIRECTION('',(0.,0.,-1.));
#10661=DIRECTION('',(0.577350269189626,-0.577350269189626,0.577350269189626));
#10662=DIRECTION('',(0.,-0.707106781186547,-0.707106781186547));
#10663=DIRECTION('',(1.,0.,0.));
#10664=DIRECTION('',(0.,0.707106781186548,-0.707106781186547));
#10665=DIRECTION('',(1.,0.,0.));
#10666=DIRECTION('',(0.,-0.707106781186548,-0.707106781186547));
#10667=DIRECTION('',(-1.,0.,0.));
#10668=DIRECTION('',(0.,-0.707106781186548,0.707106781186547));
#10669=DIRECTION('',(1.,0.,0.));
#10670=DIRECTION('',(0.,0.707106781186548,0.707106781186547));
#10671=DIRECTION('',(-1.,0.,0.));
#10672=DIRECTION('',(-4.07815816469427E-16,0.,-1.));
#10673=DIRECTION('',(-1.,0.,4.07815816469427E-16));
#10674=DIRECTION('',(-4.07815816469427E-16,0.,-1.));
#10675=DIRECTION('',(-1.,-2.48180411614026E-16,4.07815816469427E-16));
#10676=DIRECTION('',(4.07815816469427E-16,0.,1.));
#10677=DIRECTION('',(-4.07815816469427E-16,0.,-1.));
#10678=DIRECTION('',(-4.07815816469427E-16,0.,-1.));
#10679=DIRECTION('',(-1.,0.,4.07815816469427E-16));
#10680=DIRECTION('',(-4.07815816469427E-16,0.,-1.));
#10681=DIRECTION('',(2.39733709968179E-16,-1.,-9.77671986659178E-32));
#10682=DIRECTION('',(1.,2.39733709968179E-16,0.));
#10683=DIRECTION('',(-4.07815816469427E-16,0.,-1.));
#10684=DIRECTION('',(-4.07815816469427E-16,0.,-1.));
#10685=DIRECTION('',(-1.,0.,4.07815816469427E-16));
#10686=DIRECTION('',(-4.07815816469427E-16,0.,-1.));
#10687=DIRECTION('',(1.,4.96360823228053E-16,-4.07815816469427E-16));
#10688=DIRECTION('',(-4.96360823228053E-16,1.,0.));
#10689=DIRECTION('',(-4.07815816469427E-16,0.,-1.));
#10690=DIRECTION('',(-4.07815816469427E-16,0.,-1.));
#10691=DIRECTION('',(-1.,0.,4.07815816469427E-16));
#10692=DIRECTION('',(0.,-6.94937846688526E-17,1.));
#10693=DIRECTION('',(0.,-1.,-6.94937846688526E-17));
#10694=DIRECTION('',(1.,0.,0.));
#10695=DIRECTION('',(0.,1.,6.94937846688526E-17));
#10696=DIRECTION('',(0.,-6.94937846688526E-17,1.));
#10697=DIRECTION('',(1.,0.,0.));
#10698=DIRECTION('',(4.8445487928011E-16,-1.,0.));
#10699=DIRECTION('',(1.,4.8445487928011E-16,0.));
#10700=DIRECTION('',(1.,4.8445487928011E-16,0.));
#10701=DIRECTION('',(0.,0.,-1.));
#10702=DIRECTION('',(-1.,0.,0.));
#10703=DIRECTION('',(-1.,0.,0.));
#10704=DIRECTION('',(0.,-0.707106781186548,-0.707106781186547));
#10705=DIRECTION('',(0.,0.707106781186547,-0.707106781186548));
#10706=DIRECTION('',(0.,0.,1.));
#10707=DIRECTION('',(1.,0.,0.));
#10708=DIRECTION('',(0.,1.,0.));
#10709=DIRECTION('',(1.,0.,0.));
#10710=DIRECTION('',(0.,1.,0.));
#10711=DIRECTION('',(0.,1.,0.));
#10712=DIRECTION('',(0.,0.,1.));
#10713=DIRECTION('',(0.,1.,0.));
#10714=DIRECTION('',(-1.,0.,0.));
#10715=DIRECTION('',(0.,1.,0.));
#10716=DIRECTION('',(1.,0.,-1.79064816656375E-16));
#10717=DIRECTION('',(-1.79064816656375E-16,0.,-1.));
#10718=DIRECTION('',(-1.79064816656375E-16,0.,-1.));
#10719=DIRECTION('',(0.,1.,0.));
#10720=DIRECTION('',(0.,1.,0.));
#10721=DIRECTION('',(0.,0.,1.));
#10722=DIRECTION('',(0.,1.,0.));
#10723=DIRECTION('',(-1.,0.,0.));
#10724=DIRECTION('',(0.,1.,0.));
#10725=DIRECTION('',(0.,0.,-1.));
#10726=DIRECTION('',(-1.,0.,0.));
#10727=DIRECTION('',(-1.,0.,0.));
#10728=DIRECTION('',(0.,1.,0.));
#10729=DIRECTION('',(0.,1.,0.));
#10730=DIRECTION('',(0.,0.,1.));
#10731=DIRECTION('',(0.,1.,0.));
#10732=DIRECTION('',(1.,0.,0.));
#10733=DIRECTION('',(0.,1.,0.));
#10734=DIRECTION('',(-1.,0.,1.79064816656375E-16));
#10735=DIRECTION('',(1.79064816656375E-16,0.,1.));
#10736=DIRECTION('',(1.79064816656375E-16,0.,1.));
#10737=DIRECTION('',(0.,1.,0.));
#10738=DIRECTION('',(0.,1.,0.));
#10739=DIRECTION('',(0.,0.,1.));
#10740=DIRECTION('',(0.,1.,0.));
#10741=DIRECTION('',(1.,0.,0.));
#10742=DIRECTION('',(0.,1.,0.));
#10743=DIRECTION('',(0.,0.,1.));
#10744=DIRECTION('',(0.,-1.,0.));
#10745=DIRECTION('',(0.,0.,-1.));
#10746=DIRECTION('',(0.,-1.,0.));
#10747=DIRECTION('',(0.,0.,-1.));
#10748=DIRECTION('',(1.,0.,-4.07815816469427E-16));
#10749=DIRECTION('',(-4.07815816469427E-16,0.,-1.));
#10750=DIRECTION('',(-4.07815816469427E-16,0.,-1.));
#10751=DIRECTION('',(0.,-1.,0.));
#10752=DIRECTION('',(0.,0.,-1.));
#10753=DIRECTION('',(-4.07815816469427E-16,0.,-1.));
#10754=DIRECTION('',(-1.,0.,4.07815816469427E-16));
#10755=DIRECTION('',(4.07815816469427E-16,0.,1.));
#10756=DIRECTION('',(-1.,0.,0.));
#10757=DIRECTION('',(0.,0.,1.));
#10758=DIRECTION('',(0.,-6.94937846688526E-17,1.));
#10759=DIRECTION('',(0.,1.,6.94937846688526E-17));
#10760=DIRECTION('',(0.,-6.94937846688526E-17,1.));
#10761=DIRECTION('',(0.,-1.,-6.94937846688526E-17));
#10762=DIRECTION('',(1.,0.,0.));
#10763=DIRECTION('',(0.,1.,6.94937846688526E-17));
#10764=DIRECTION('',(0.,-6.94937846688526E-17,1.));
#10765=DIRECTION('',(0.,-1.,-6.94937846688526E-17));
#10766=DIRECTION('',(0.,6.94937846688526E-17,-1.));
#10767=DIRECTION('',(1.,3.68876124612205E-33,-4.07815816469427E-16));
#10768=DIRECTION('',(-1.,0.,0.));
#10769=DIRECTION('',(0.,6.94937846688526E-17,-1.));
#10770=DIRECTION('',(0.,1.,6.94937846688526E-17));
#10771=DIRECTION('',(-2.8836932930066E-16,-0.707106781186548,-0.707106781186548));
#10772=DIRECTION('',(0.,0.707106781186548,-0.707106781186548));
#10773=DIRECTION('',(0.,-1.,0.));
#10774=DIRECTION('',(0.,0.,-1.));
#10775=DIRECTION('',(0.,0.,1.));
#10776=DIRECTION('',(1.,0.,0.));
#10777=DIRECTION('',(0.,0.,-1.));
#10778=DIRECTION('',(0.,6.94937846688526E-17,-1.));
#10779=DIRECTION('',(-0.707106781186548,0.707106781186547,4.91395263896634E-17));
#10780=DIRECTION('',(0.,6.94937846688526E-17,-1.));
#10781=DIRECTION('',(0.,-1.,0.));
#10782=DIRECTION('',(0.,0.,-1.));
#10783=DIRECTION('',(0.,0.,-1.));
#10784=DIRECTION('',(-1.,0.,0.));
#10785=DIRECTION('',(0.,0.,1.));
#10786=DIRECTION('',(0.,-6.94937846688526E-17,1.));
#10787=DIRECTION('',(-0.707106781186548,-0.707106781186547,-4.91395263896634E-17));
#10788=DIRECTION('',(0.,6.94937846688526E-17,-1.));
#10789=DIRECTION('',(0.,0.,-1.));
#10790=DIRECTION('',(-1.,0.,0.));
#10791=DIRECTION('',(0.,-1.,0.));
#10792=DIRECTION('',(-1.,0.,0.));
#10793=DIRECTION('',(0.,-1.,0.));
#10794=DIRECTION('',(-1.,0.,0.));
#10795=DIRECTION('',(-1.,0.,0.));
#10796=DIRECTION('',(0.,0.,1.));
#10797=DIRECTION('',(-1.,0.,0.));
#10798=DIRECTION('',(0.,1.,0.));
#10799=DIRECTION('',(-1.,0.,0.));
#10800=DIRECTION('',(-1.,0.,0.));
#10801=DIRECTION('',(0.,1.,0.));
#10802=DIRECTION('',(0.,-1.,3.86191168857199E-16));
#10803=DIRECTION('',(0.,-3.86191168857199E-16,-1.));
#10804=DIRECTION('',(0.,3.86191168857199E-16,1.));
#10805=DIRECTION('',(0.,3.86191168857199E-16,1.));
#10806=DIRECTION('',(0.,1.,-3.86191168857199E-16));
#10807=DIRECTION('',(0.,3.86191168857199E-16,1.));
#10808=DIRECTION('',(0.,-3.86191168857199E-16,-1.));
#10809=DIRECTION('',(-1.,0.,0.));
#10810=DIRECTION('',(0.,-3.86191168857199E-16,-1.));
#10811=DIRECTION('',(-1.,0.,0.));
#10812=DIRECTION('',(0.,0.,1.));
#10813=DIRECTION('',(1.,0.,0.));
#10814=DIRECTION('',(0.,1.,0.));
#10815=DIRECTION('',(-1.,0.,0.));
#10816=DIRECTION('',(1.,0.,0.));
#10817=DIRECTION('',(0.,1.,0.));
#10818=DIRECTION('',(0.,0.,1.));
#10819=DIRECTION('',(1.,0.,0.));
#10820=DIRECTION('',(0.,1.,0.));
#10821=DIRECTION('',(-1.,0.,0.));
#10822=DIRECTION('',(0.,1.,0.));
#10823=DIRECTION('',(0.,-1.,0.));
#10824=DIRECTION('',(0.,0.,-1.));
#10825=DIRECTION('',(0.,0.,1.));
#10826=DIRECTION('',(0.,0.,1.));
#10827=DIRECTION('',(-1.,0.,0.));
#10828=DIRECTION('',(0.,0.,1.));
#10829=DIRECTION('',(-1.,0.,0.));
#10830=DIRECTION('',(0.,0.,1.));
#10831=DIRECTION('',(0.,1.,0.));
#10832=DIRECTION('',(0.,0.,1.));
#10833=DIRECTION('',(0.,1.,0.));
#10834=DIRECTION('',(0.,0.,1.));
#10835=DIRECTION('',(0.,-1.,0.));
#10836=DIRECTION('',(0.,0.,-1.));
#10837=DIRECTION('',(0.,1.,0.));
#10838=DIRECTION('',(0.,0.,1.));
#10839=DIRECTION('',(0.,-1.,0.));
#10840=DIRECTION('',(0.,0.,-1.));
#10841=DIRECTION('',(0.,-1.,0.));
#10842=DIRECTION('',(0.,0.,-1.));
#10843=DIRECTION('',(0.,-1.,0.));
#10844=DIRECTION('',(0.,0.,-1.));
#10845=DIRECTION('',(0.,-1.,0.));
#10846=DIRECTION('',(0.,0.,-1.));
#10847=DIRECTION('',(0.,1.,0.));
#10848=DIRECTION('',(0.,0.,1.));
#10849=DIRECTION('',(0.,-1.,0.));
#10850=DIRECTION('',(0.,0.,-1.));
#10851=DIRECTION('',(0.,-1.22464679914735E-16,-1.));
#10852=DIRECTION('',(0.,1.,-1.22464679914735E-16));
#10853=DIRECTION('',(-1.,0.,0.));
#10854=DIRECTION('',(6.12303176911189E-17,1.,-1.22464679914735E-16));
#10855=DIRECTION('',(-1.,0.,0.));
#10856=DIRECTION('',(-6.12303176911189E-17,-1.,1.22464679914735E-16));
#10857=DIRECTION('',(-0.707106781186548,0.707106781186548,-8.65956056235494E-17));
#10858=DIRECTION('',(-1.,0.,0.));
#10859=DIRECTION('',(0.,-1.22464679914735E-16,-1.));
#10860=DIRECTION('',(0.,1.,-1.22464679914735E-16));
#10861=DIRECTION('',(2.06794996476821E-31,1.,-1.22464679914735E-16));
#10862=DIRECTION('',(0.,-1.22464679914735E-16,-1.));
#10863=DIRECTION('',(0.,1.,-1.22464679914735E-16));
#10864=DIRECTION('',(1.,0.,0.));
#10865=DIRECTION('',(0.,-1.22464679914735E-16,-1.));
#10866=DIRECTION('',(0.,1.,-1.22464679914735E-16));
#10867=DIRECTION('',(1.47694762107057E-31,-1.,1.22464679914735E-16));
#10868=DIRECTION('',(0.,-1.22464679914735E-16,-1.));
#10869=DIRECTION('',(0.,1.,-1.22464679914735E-16));
#10870=DIRECTION('',(-1.,0.,0.));
#10871=DIRECTION('',(0.707106781186548,0.707106781186548,-8.65956056235494E-17));
#10872=DIRECTION('',(-6.12303176911189E-17,-1.,1.22464679914735E-16));
#10873=DIRECTION('',(-1.,0.,0.));
#10874=DIRECTION('',(6.12303176911189E-17,1.,-1.22464679914735E-16));
#10875=DIRECTION('',(-1.,0.,0.));
#10876=DIRECTION('',(0.,-1.22464679914735E-16,-1.));
#10877=DIRECTION('',(0.,1.,-1.22464679914735E-16));
#10878=DIRECTION('',(0.,-1.22464679914735E-16,-1.));
#10879=DIRECTION('',(0.,1.,-1.22464679914735E-16));
#10880=DIRECTION('',(-1.,0.,0.));
#10881=DIRECTION('',(0.,-1.22464679914735E-16,-1.));
#10882=DIRECTION('',(0.,1.,-1.22464679914735E-16));
#10883=DIRECTION('',(0.,-1.22464679914735E-16,-1.));
#10884=DIRECTION('',(0.,1.,-1.22464679914735E-16));
#10885=DIRECTION('',(0.,1.,0.));
#10886=DIRECTION('',(0.,0.,1.));
#10887=DIRECTION('',(1.68860929225308E-15,0.,-1.));
#10888=DIRECTION('',(-1.,0.,0.));
#10889=DIRECTION('',(0.,0.,1.));
#10890=DIRECTION('',(0.707106781186548,0.707106781186548,0.));
#10891=DIRECTION('',(0.,0.,-1.));
#10892=DIRECTION('',(0.,0.,-1.));
#10893=DIRECTION('',(0.707106781186548,-0.707106781186548,8.65956056235494E-17));
#10894=DIRECTION('',(0.,0.,1.));
#10895=DIRECTION('',(0.707106781186548,-0.707106781186548,0.));
#10896=DIRECTION('',(0.,0.,1.));
#10897=DIRECTION('',(0.,0.,-1.));
#10898=DIRECTION('',(0.707106781186548,0.707106781186548,-8.65956056235494E-17));
#10899=DIRECTION('',(0.,0.,1.));
#10900=DIRECTION('',(0.,-1.,0.));
#10901=DIRECTION('',(0.,0.,-1.));
#10902=DIRECTION('',(0.,-1.,0.));
#10903=DIRECTION('',(0.,0.,-1.));
#10904=DIRECTION('',(0.,0.,1.));
#10905=DIRECTION('',(0.,-1.,0.));
#10906=DIRECTION('',(0.,0.,-1.));
#10907=DIRECTION('',(-1.,6.12303176911189E-17,0.));
#10908=DIRECTION('',(-6.12303176911189E-17,-1.,0.));
#10909=DIRECTION('',(6.12303176911189E-17,1.,-1.22464679914735E-16));
#10910=DIRECTION('',(0.,-1.,0.));
#10911=DIRECTION('',(0.,0.,-1.));
#10912=DIRECTION('',(0.,0.,1.));
#10913=DIRECTION('',(0.,-1.,0.));
#10914=DIRECTION('',(0.,0.,-1.));
#10915=DIRECTION('',(0.,-1.,0.));
#10916=DIRECTION('',(0.,0.,-1.));
#10917=DIRECTION('',(-1.,6.12303176911189E-17,0.));
#10918=DIRECTION('',(-6.12303176911189E-17,-1.,0.));
#10919=DIRECTION('',(6.12303176911189E-17,1.,-1.22464679914735E-16));
#10920=DIRECTION('',(0.,0.,1.));
#10921=DIRECTION('',(1.,0.,0.));
#10922=DIRECTION('',(0.,0.,1.));
#10923=DIRECTION('',(1.,0.,0.));
#10924=DIRECTION('',(0.,0.,1.));
#10925=DIRECTION('',(1.,0.,0.));
#10926=DIRECTION('',(0.,0.,-1.));
#10927=DIRECTION('',(-1.,0.,0.));
#10928=DIRECTION('',(0.,0.,1.));
#10929=DIRECTION('',(1.,0.,0.));
#10930=DIRECTION('',(0.,0.,1.));
#10931=DIRECTION('',(1.,0.,0.));
#10932=DIRECTION('',(0.,-1.22464679914735E-16,-1.));
#10933=DIRECTION('',(0.,1.,-1.22464679914735E-16));
#10934=DIRECTION('',(0.,0.,-1.));
#10935=DIRECTION('',(-1.,0.,0.));
#10936=DIRECTION('',(0.,-1.22464679914735E-16,-1.));
#10937=DIRECTION('',(0.,1.,-1.22464679914735E-16));
#10938=DIRECTION('',(0.93344092873799,0.,-0.358731142440629));
#10939=DIRECTION('',(-0.358731142440629,0.,-0.93344092873799));
#10940=DIRECTION('',(0.,-1.,0.));
#10941=DIRECTION('',(-0.933440928737669,0.,-0.358731142441465));
#10942=DIRECTION('',(-0.358731142441465,0.,0.933440928737669));
#10943=DIRECTION('',(0.,-1.,0.));
#10944=DIRECTION('',(0.,-1.,0.));
#10945=DIRECTION('',(0.,0.,-1.));
#10946=DIRECTION('',(0.,-1.,0.));
#10947=DIRECTION('',(0.,1.,0.));
#10948=DIRECTION('',(0.,0.,1.));
#10949=DIRECTION('',(0.,-1.,0.));
#10950=DIRECTION('',(0.,-1.,0.));
#10951=DIRECTION('',(0.,0.,-1.));
#10952=DIRECTION('',(0.,-1.,0.));
#10953=DIRECTION('',(0.,1.,0.));
#10954=DIRECTION('',(0.,0.,1.));
#10955=DIRECTION('',(0.,-1.,0.));
#10956=DIRECTION('',(1.,0.,-1.2060192555918E-15));
#10957=DIRECTION('',(-1.2060192555918E-15,0.,-1.));
#10958=DIRECTION('',(1.2060192555918E-15,0.,1.));
#10959=DIRECTION('',(1.47694762107057E-31,-1.,1.22464679914735E-16));
#10960=DIRECTION('',(1.2060192555918E-15,0.,1.));
#10961=DIRECTION('',(1.2060192555918E-15,0.,1.));
#10962=DIRECTION('',(0.,-1.,0.));
#10963=DIRECTION('',(-1.,0.,-1.68860929225308E-15));
#10964=DIRECTION('',(-1.68860929225308E-15,0.,1.));
#10965=DIRECTION('',(1.68860929225308E-15,0.,-1.));
#10966=DIRECTION('',(2.06794996476821E-31,1.,-1.22464679914735E-16));
#10967=DIRECTION('',(1.68860929225308E-15,0.,-1.));
#10968=DIRECTION('',(0.,-1.,0.));
#10969=DIRECTION('',(1.68860929225308E-15,0.,-1.));
#10970=DIRECTION('',(0.,1.,0.));
#10971=DIRECTION('',(0.,0.,1.));
#10972=DIRECTION('',(1.2060192555918E-15,0.,1.));
#10973=DIRECTION('',(1.,0.,0.));
#10974=DIRECTION('',(1.68860929225308E-15,0.,-1.));
#10975=DIRECTION('',(0.,1.,0.));
#10976=DIRECTION('',(0.,0.,1.));
#10977=DIRECTION('',(0.,1.,0.));
#10978=DIRECTION('',(-1.,0.,0.));
#10979=DIRECTION('',(1.2060192555918E-15,0.,1.));
#10980=DIRECTION('',(1.68860929225308E-15,0.,-1.));
#10981=DIRECTION('',(0.,-1.,0.));
#10982=DIRECTION('',(0.,0.,-1.));
#10983=DIRECTION('',(-1.68860929225308E-15,0.,1.));
#10984=DIRECTION('',(1.,0.,1.68860929225308E-15));
#10985=DIRECTION('',(-1.2060192555918E-15,0.,-1.));
#10986=DIRECTION('',(-1.,0.,1.2060192555918E-15));
#10987=DIRECTION('',(0.,-1.22464679914735E-16,-1.));
#10988=DIRECTION('',(0.,1.,-1.22464679914735E-16));
#10989=DIRECTION('',(-1.2060192555918E-15,0.,-1.));
#10990=DIRECTION('',(-1.,0.,1.2060192555918E-15));
#10991=DIRECTION('',(-1.68860929225308E-15,0.,1.));
#10992=DIRECTION('',(1.,0.,1.68860929225308E-15));
#10993=DIRECTION('',(0.,-1.22464679914735E-16,-1.));
#10994=DIRECTION('',(0.,1.,-1.22464679914735E-16));
#10995=DIRECTION('',(1.2060192555918E-15,0.,1.));
#10996=DIRECTION('',(1.,0.,-1.2060192555918E-15));
#10997=DIRECTION('',(0.,-1.22464679914735E-16,-1.));
#10998=DIRECTION('',(0.,1.,-1.22464679914735E-16));
#10999=DIRECTION('',(1.68860929225308E-15,0.,-1.));
#11000=DIRECTION('',(-1.,0.,-1.68860929225308E-15));
#11001=DIRECTION('',(0.,-1.22464679914735E-16,-1.));
#11002=DIRECTION('',(0.,1.,-1.22464679914735E-16));
#11003=DIRECTION('',(0.,0.,-1.));
#11004=DIRECTION('',(-1.,0.,0.));
#11005=DIRECTION('',(0.,0.,-1.));
#11006=DIRECTION('',(-1.,0.,0.));
#11007=DIRECTION('',(0.,0.,1.));
#11008=DIRECTION('',(1.,0.,0.));
#11009=DIRECTION('',(-2.71050543121378E-16,2.71050543121378E-16,-1.));
#11010=DIRECTION('',(-1.,0.,2.71050543121378E-16));
#11011=DIRECTION('',(0.,0.,-1.));
#11012=DIRECTION('',(-1.,0.,0.));
#11013=DIRECTION('',(0.,0.,-1.));
#11014=DIRECTION('',(-1.,0.,0.));
#11015=DIRECTION('',(0.,0.,-1.));
#11016=DIRECTION('',(-1.,0.,0.));
#11017=DIRECTION('',(0.,3.83323354170843E-16,-1.));
#11018=DIRECTION('',(0.,1.,3.83323354170843E-16));
#11019=DIRECTION('',(6.12303176911189E-17,1.,-1.22464679914735E-16));
#11020=DIRECTION('',(0.,1.22464679914735E-16,1.));
#11021=DIRECTION('',(-0.186958675034997,-0.982367779311373,1.20305355651917E-16));
#11022=DIRECTION('',(-0.982367779311373,0.186958675034997,7.19652216560236E-17));
#11023=DIRECTION('',(-0.562439171451344,-0.82683866528914,1.01258532485762E-16));
#11024=DIRECTION('',(-0.82683866528914,0.562439171451344,0.));
#11025=DIRECTION('',(-0.707106781186548,-0.707106781186548,8.65956056235494E-17));
#11026=DIRECTION('',(0.707106781186548,-0.707106781186548,0.));
#11027=DIRECTION('',(0.826838665289141,0.562439171451342,-6.88789331032975E-17));
#11028=DIRECTION('',(0.562439171451342,-0.826838665289141,0.));
#11029=DIRECTION('',(0.982367779311373,0.186958675034997,-2.28958342954439E-17));
#11030=DIRECTION('',(0.186958675034997,-0.982367779311373,0.));
#11031=DIRECTION('',(-1.,0.,0.));
#11032=DIRECTION('',(0.,0.,1.));
#11033=DIRECTION('',(-1.,0.,0.));
#11034=DIRECTION('',(0.,0.,1.));
#11035=DIRECTION('',(0.,-1.22464679914735E-16,-1.));
#11036=DIRECTION('',(0.,1.,-1.22464679914735E-16));
#11037=DIRECTION('',(0.,1.,0.));
#11038=DIRECTION('',(0.,0.,1.));
#11039=DIRECTION('',(1.47694762107057E-31,-1.,1.22464679914735E-16));
#11040=DIRECTION('',(0.,-1.22464679914735E-16,-1.));
#11041=DIRECTION('',(0.,1.,0.));
#11042=DIRECTION('',(0.,0.,1.));
#11043=DIRECTION('',(0.,-1.22464679914735E-16,-1.));
#11044=DIRECTION('',(0.,1.,-1.22464679914735E-16));
#11045=DIRECTION('',(-1.,0.,0.));
#11046=DIRECTION('',(0.,0.,1.));
#11047=DIRECTION('',(1.,0.,0.));
#11048=DIRECTION('',(0.,0.,-1.));
#11049=DIRECTION('',(-1.,0.,0.));
#11050=DIRECTION('',(0.,0.,1.));
#11051=DIRECTION('',(0.,-1.22464679914735E-16,-1.));
#11052=DIRECTION('',(0.,1.,-1.22464679914735E-16));
#11053=DIRECTION('',(0.,-1.,0.));
#11054=DIRECTION('',(0.,0.,-1.));
#11055=DIRECTION('',(2.06794996476821E-31,1.,-1.22464679914735E-16));
#11056=DIRECTION('',(0.,1.22464679914735E-16,1.));
#11057=DIRECTION('',(0.,-1.,0.));
#11058=DIRECTION('',(0.,0.,-1.));
#11059=DIRECTION('',(0.,-1.22464679914735E-16,-1.));
#11060=DIRECTION('',(0.,1.,-1.22464679914735E-16));
#11061=DIRECTION('',(-1.,0.,0.));
#11062=DIRECTION('',(0.,0.,1.));
#11063=DIRECTION('',(-1.,0.,0.));
#11064=DIRECTION('',(0.,0.,1.));
#11065=DIRECTION('',(0.982367779311373,-0.186958675034997,2.28958342954439E-17));
#11066=DIRECTION('',(-0.186958675034997,-0.982367779311373,0.));
#11067=DIRECTION('',(0.826838665289139,-0.562439171451345,6.88789331032979E-17));
#11068=DIRECTION('',(-0.562439171451345,-0.826838665289139,-7.19652216560238E-17));
#11069=DIRECTION('',(0.707106781186548,-0.707106781186548,8.65956056235494E-17));
#11070=DIRECTION('',(0.707106781186548,0.707106781186548,0.));
#11071=DIRECTION('',(-0.562439171451343,0.826838665289141,-1.01258532485762E-16));
#11072=DIRECTION('',(0.826838665289141,0.562439171451343,-7.19652216560237E-17));
#11073=DIRECTION('',(-0.186958675034997,0.982367779311373,-1.20305355651917E-16));
#11074=DIRECTION('',(0.982367779311373,0.186958675034997,7.19652216560236E-17));
#11075=DIRECTION('',(-6.12303176911189E-17,-1.,1.22464679914735E-16));
#11076=DIRECTION('',(0.,-1.22464679914735E-16,-1.));
#11077=DIRECTION('',(1.,0.,0.));
#11078=DIRECTION('',(0.,0.,-1.));
#11079=DIRECTION('',(0.707106781186547,-0.707106781186548,8.65956056235494E-17));
#11080=DIRECTION('',(0.707106781186547,0.707106781186547,-8.65956056235493E-17));
#11081=DIRECTION('',(-1.,0.,0.));
#11082=DIRECTION('',(0.,0.,1.));
#11083=DIRECTION('',(0.,-1.22464679914735E-16,-1.));
#11084=DIRECTION('',(0.,1.,-1.22464679914735E-16));
#11085=DIRECTION('',(-0.054268754176588,0.998526365360535,0.));
#11086=DIRECTION('',(-0.998526365360535,-0.054268754176588,0.));
#11087=DIRECTION('',(0.,-1.22464679914735E-16,-1.));
#11088=DIRECTION('',(0.,1.,-1.22464679914735E-16));
#11089=DIRECTION('',(-1.,0.,0.));
#11090=DIRECTION('',(0.,0.,1.));
#11091=DIRECTION('',(1.,0.,0.));
#11092=DIRECTION('',(0.,0.,-1.));
#11093=DIRECTION('',(-1.,0.,0.));
#11094=DIRECTION('',(0.,0.,1.));
#11095=DIRECTION('',(0.,-1.22464679914735E-16,-1.));
#11096=DIRECTION('',(0.,1.,-1.22464679914735E-16));
#11097=DIRECTION('',(-0.0542687541765878,-0.998526365360535,0.));
#11098=DIRECTION('',(0.998526365360535,-0.0542687541765878,0.));
#11099=DIRECTION('',(0.,-1.22464679914735E-16,-1.));
#11100=DIRECTION('',(0.,1.,-1.22464679914735E-16));
#11101=DIRECTION('',(-1.,0.,0.));
#11102=DIRECTION('',(0.,0.,1.));
#11103=DIRECTION('',(1.,0.,0.));
#11104=DIRECTION('',(0.,0.,-1.));
#11105=DIRECTION('',(0.707106781186547,0.707106781186547,-8.65956056235493E-17));
#11106=DIRECTION('',(0.707106781186547,-0.707106781186548,8.65956056235494E-17));
#11107=DIRECTION('',(6.12303176911189E-17,1.,-1.22464679914735E-16));
#11108=DIRECTION('',(0.,1.22464679914735E-16,1.));
#11109=DIRECTION('',(-6.12303176911189E-17,-1.,1.22464679914735E-16));
#11110=DIRECTION('',(0.,-1.22464679914735E-16,-1.));
#11111=DIRECTION('',(0.,-1.,0.));
#11112=DIRECTION('',(0.,0.,-1.));
#11113=DIRECTION('',(0.,0.,1.));
#11114=DIRECTION('',(1.,0.,0.));
#11115=CARTESIAN_POINT('',(0.,0.,0.));
#11116=CARTESIAN_POINT('',(4.12509554543164,3.95585904080799,6.29975576003729E-16));
#11117=CARTESIAN_POINT('',(2.88247418919433,3.95585904080799,6.29975576003729E-16));
#11118=CARTESIAN_POINT('',(2.88247418919433,3.95585904080799,-1.73181934713095));
#11119=CARTESIAN_POINT('',(2.88247418919433,3.95585904080799,-0.184999999999999));
#11120=CARTESIAN_POINT('',(4.12509554543164,3.95585904080799,-0.184999999999999));
#11121=CARTESIAN_POINT('',(1.82654087953311,3.95585904080799,-0.184999999999999));
#11122=CARTESIAN_POINT('',(1.82654087953311,3.95585904080799,3.40207676310773E-15));
#11123=CARTESIAN_POINT('',(1.82654087953311,3.95585904080799,-1.59214537232845));
#11124=CARTESIAN_POINT('',(0.,3.95585904080799,-19.4620266192158));
#11125=CARTESIAN_POINT('',(0.,-9.1,-19.4620266192158));
#11126=CARTESIAN_POINT('',(0.,9.1,-19.4620266192158));
#11127=CARTESIAN_POINT('',(6.46137909725217,9.1,-2.64911301373204));
#11128=CARTESIAN_POINT('',(17.9810910759582,9.1,-18.4113851665967));
#11129=CARTESIAN_POINT('',(6.46137909725217,16.1465240816416,-2.64911301373204));
#11130=CARTESIAN_POINT('',(6.46137909725217,7.60683000668253,-2.64911301373204));
#11131=CARTESIAN_POINT('',(0.,7.60683000668253,-19.4620266192158));
#11132=CARTESIAN_POINT('',(17.9546536953697,7.60683000668253,-18.0288851665967));
#11133=CARTESIAN_POINT('',(0.,9.03997145930157,-19.4620266192158));
#11134=CARTESIAN_POINT('',(17.9810910759582,7.98933000668253,-18.4113851665967));
#11135=CARTESIAN_POINT('',(17.9810910759582,7.76250987765613,-18.4113851665967));
#11136=CARTESIAN_POINT('',(20.25,9.1,-46.2));
#11137=CARTESIAN_POINT('',(-1.75745336085478,9.1,0.));
#11138=CARTESIAN_POINT('',(-1.75745336085478,9.1,-1.536211674609));
#11139=CARTESIAN_POINT('',(-1.75745336085478,9.1,-0.185));
#11140=CARTESIAN_POINT('',(1.75745336085478,9.1,-0.185));
#11141=CARTESIAN_POINT('',(1.75745336085478,9.1,-0.185));
#11142=CARTESIAN_POINT('',(1.75745336085478,9.1,-1.67799127370649));
#11143=CARTESIAN_POINT('',(1.75745336085478,9.1,-1.536211674609));
#11144=CARTESIAN_POINT('',(0.,9.1,-19.4620266192158));
#11145=CARTESIAN_POINT('',(20.25,9.1,-46.2));
#11146=CARTESIAN_POINT('',(-12.9481987795917,9.1,-14.5619483085096));
#11147=CARTESIAN_POINT('',(-12.9481987795917,9.1,-13.0619483085096));
#11148=CARTESIAN_POINT('',(0.,9.1,-19.4620266192158));
#11149=CARTESIAN_POINT('',(0.,9.1,-9.46202661921576));
#11150=CARTESIAN_POINT('',(12.9481987795917,9.1,-14.5619483085096));
#11151=CARTESIAN_POINT('',(11.4481987795917,9.1,-14.5619483085096));
#11152=CARTESIAN_POINT('',(-6.34739352319914,9.1,-35.9783426130456));
#11153=CARTESIAN_POINT('',(6.45779178582776,9.1,-2.65844742301942));
#11154=CARTESIAN_POINT('',(16.6227861464086,9.1,-18.4113851665967));
#11155=CARTESIAN_POINT('',(16.6227861464086,9.1,-18.4113851665967));
#11156=CARTESIAN_POINT('',(16.6227861464086,9.1,-20.7352108978207));
#11157=CARTESIAN_POINT('',(16.6227861464086,9.1,-20.7352108978207));
#11158=CARTESIAN_POINT('',(17.9667049159433,9.1,-20.7352108978207));
#11159=CARTESIAN_POINT('',(17.9667049159433,9.1,-20.7352108978206));
#11160=CARTESIAN_POINT('',(0.,9.1,-19.4620266192158));
#11161=CARTESIAN_POINT('',(17.4035066971639,9.1,-24.1033021320074));
#11162=CARTESIAN_POINT('',(18.2383296197224,9.1,-24.325937906246));
#11163=CARTESIAN_POINT('',(17.6960859545389,9.1,-24.9985951797281));
#11164=CARTESIAN_POINT('',(17.4912684062303,9.1,-25.1351833367126));
#11165=CARTESIAN_POINT('',(17.5107869700063,9.1,-25.3805923389756));
#11166=CARTESIAN_POINT('',(17.699237592938,9.1,-27.75));
#11167=CARTESIAN_POINT('',(17.3784846496947,9.1,-30.1051483712933));
#11168=CARTESIAN_POINT('',(17.3220822169557,9.1,-30.5192867304271));
#11169=CARTESIAN_POINT('',(17.7400437162891,9.1,-30.5192867304271));
#11170=CARTESIAN_POINT('',(17.7400437162891,9.1,-31.6288112782748));
#11171=CARTESIAN_POINT('',(17.7400437162891,9.1,-31.6288112782748));
#11172=CARTESIAN_POINT('',(17.3503404265521,9.1,-31.6288112782748));
#11173=CARTESIAN_POINT('',(17.3503404265521,9.1,-32.0185145680118));
#11174=CARTESIAN_POINT('',(15.8082692243713,9.1,-32.0185145680118));
#11175=CARTESIAN_POINT('',(15.8082692243713,9.1,-32.0185145680118));
#11176=CARTESIAN_POINT('',(15.8082692243713,9.1,-32.4185145680118));
#11177=CARTESIAN_POINT('',(15.4082692243713,9.1,-32.4185145680118));
#11178=CARTESIAN_POINT('',(15.4082692243713,9.1,-32.4259255924071));
#11179=CARTESIAN_POINT('',(15.4082692243713,9.1,-32.4259255924071));
#11180=CARTESIAN_POINT('',(15.8082692243713,9.1,-32.4259255924071));
#11181=CARTESIAN_POINT('',(15.8082692243713,9.1,-32.8259255924071));
#11182=CARTESIAN_POINT('',(16.5486105030479,9.1,-32.8259255924071));
#11183=CARTESIAN_POINT('',(15.9486105030479,9.1,-32.8259255924071));
#11184=CARTESIAN_POINT('',(15.9486105030479,9.1,-46.2));
#11185=CARTESIAN_POINT('',(15.9486105030479,9.1,-36.146006229418));
#11186=CARTESIAN_POINT('',(15.8082692243713,9.1,-36.146006229418));
#11187=CARTESIAN_POINT('',(15.8082692243713,9.1,-36.146006229418));
#11188=CARTESIAN_POINT('',(15.8082692243713,9.1,-36.546006229418));
#11189=CARTESIAN_POINT('',(15.4082692243713,9.1,-36.546006229418));
#11190=CARTESIAN_POINT('',(15.4082692243713,9.1,-36.6645361558124));
#11191=CARTESIAN_POINT('',(15.4082692243713,9.1,-36.6645361558124));
#11192=CARTESIAN_POINT('',(15.8082692243713,9.1,-36.6645361558124));
#11193=CARTESIAN_POINT('',(15.8082692243713,9.1,-37.0645361558124));
#11194=CARTESIAN_POINT('',(17.256959289445,9.1,-37.0645361558124));
#11195=CARTESIAN_POINT('',(17.256959289445,9.1,-37.0645361558124));
#11196=CARTESIAN_POINT('',(17.256959289445,9.1,-37.6872248538481));
#11197=CARTESIAN_POINT('',(17.8796479874807,9.1,-37.6872248538481));
#11198=CARTESIAN_POINT('',(17.8796479874807,9.1,-30.8040619927125));
#11199=CARTESIAN_POINT('',(17.8796479874807,9.1,-44.8111781243705));
#11200=CARTESIAN_POINT('',(17.0147738848854,9.1,-44.8111781243705));
#11201=CARTESIAN_POINT('',(17.0147738848854,9.1,-45.6760522269658));
#11202=CARTESIAN_POINT('',(-17.0147738848854,9.1,-45.6760522269658));
#11203=CARTESIAN_POINT('',(-0.662333142774676,9.1,-45.6760522269658));
#11204=CARTESIAN_POINT('',(-0.662333142774676,9.1,-45.6260522269658));
#11205=CARTESIAN_POINT('',(-0.662333142774677,9.1,-43.449644749298));
#11206=CARTESIAN_POINT('',(-1.01233314277468,9.1,-43.449644749298));
#11207=CARTESIAN_POINT('',(-1.01233314277468,9.1,-43.099644749298));
#11208=CARTESIAN_POINT('',(-1.01233314277468,9.1,-43.099644749298));
#11209=CARTESIAN_POINT('',(-1.04310407563186,9.1,-43.099644749298));
#11210=CARTESIAN_POINT('',(-1.04310407563186,9.1,-43.449644749298));
#11211=CARTESIAN_POINT('',(-1.39310407563186,9.1,-43.449644749298));
#11212=CARTESIAN_POINT('',(-1.39310407563186,9.1,-43.449644749298));
#11213=CARTESIAN_POINT('',(-1.39310407563186,9.1,-43.6771447032149));
#11214=CARTESIAN_POINT('',(20.25,9.1,-43.6771447032149));
#11215=CARTESIAN_POINT('',(-5.02183195835038,9.1,-43.6771447032149));
#11216=CARTESIAN_POINT('',(-5.02183195835038,9.1,-43.449644749298));
#11217=CARTESIAN_POINT('',(-5.02183195835038,9.1,-43.449644749298));
#11218=CARTESIAN_POINT('',(-5.37183195835038,9.1,-43.449644749298));
#11219=CARTESIAN_POINT('',(-5.37183195835038,9.1,-43.099644749298));
#11220=CARTESIAN_POINT('',(-5.40260289120757,9.1,-43.099644749298));
#11221=CARTESIAN_POINT('',(-5.40260289120757,9.1,-43.099644749298));
#11222=CARTESIAN_POINT('',(-5.40260289120757,9.1,-43.449644749298));
#11223=CARTESIAN_POINT('',(-5.75260289120757,9.1,-43.449644749298));
#11224=CARTESIAN_POINT('',(-5.75260289120757,9.1,-45.6260522269658));
#11225=CARTESIAN_POINT('',(-5.75260289120757,9.1,-45.6260522269658));
#11226=CARTESIAN_POINT('',(-17.0147738848854,9.1,-45.6260522269658));
#11227=CARTESIAN_POINT('',(-17.0147738848854,9.1,-45.6260522269658));
#11228=CARTESIAN_POINT('',(-17.0147738848854,9.1,-44.7611781243705));
#11229=CARTESIAN_POINT('',(-17.8796479874807,9.1,-44.7611781243705));
#11230=CARTESIAN_POINT('',(-17.8796479874807,9.1,-30.8040619927125));
#11231=CARTESIAN_POINT('',(-17.8796479874807,9.1,-37.6872248538481));
#11232=CARTESIAN_POINT('',(-17.256959289445,9.1,-37.6872248538481));
#11233=CARTESIAN_POINT('',(-17.256959289445,9.1,-37.0645361558124));
#11234=CARTESIAN_POINT('',(-17.256959289445,9.1,-37.0645361558124));
#11235=CARTESIAN_POINT('',(-15.8082692243713,9.1,-37.0645361558124));
#11236=CARTESIAN_POINT('',(-15.8082692243713,9.1,-36.6645361558124));
#11237=CARTESIAN_POINT('',(-15.4082692243713,9.1,-36.6645361558124));
#11238=CARTESIAN_POINT('',(-15.4082692243713,9.1,-36.6645361558124));
#11239=CARTESIAN_POINT('',(-15.4082692243713,9.1,-36.546006229418));
#11240=CARTESIAN_POINT('',(-15.8082692243713,9.1,-36.546006229418));
#11241=CARTESIAN_POINT('',(-15.8082692243713,9.1,-36.146006229418));
#11242=CARTESIAN_POINT('',(-15.8082692243713,9.1,-36.146006229418));
#11243=CARTESIAN_POINT('',(-15.9486105030479,9.1,-36.146006229418));
#11244=CARTESIAN_POINT('',(-15.9486105030479,9.1,-32.825925592407));
#11245=CARTESIAN_POINT('',(-15.9486105030479,9.1,-32.8259255924071));
#11246=CARTESIAN_POINT('',(-16.5486105030479,9.1,-32.825925592407));
#11247=CARTESIAN_POINT('',(-15.8082692243713,9.1,-32.8259255924071));
#11248=CARTESIAN_POINT('',(-15.8082692243713,9.1,-32.4259255924071));
#11249=CARTESIAN_POINT('',(-15.4082692243713,9.1,-32.4259255924071));
#11250=CARTESIAN_POINT('',(-15.4082692243713,9.1,-32.4259255924071));
#11251=CARTESIAN_POINT('',(-15.4082692243713,9.1,-32.4185145680118));
#11252=CARTESIAN_POINT('',(-15.8082692243713,9.1,-32.4185145680118));
#11253=CARTESIAN_POINT('',(-15.8082692243713,9.1,-32.0185145680118));
#11254=CARTESIAN_POINT('',(-15.8082692243713,9.1,-32.0185145680118));
#11255=CARTESIAN_POINT('',(-17.3503404265521,9.1,-32.0185145680118));
#11256=CARTESIAN_POINT('',(-17.3503404265521,9.1,-31.6288112782748));
#11257=CARTESIAN_POINT('',(-17.7400437162891,9.1,-31.6288112782748));
#11258=CARTESIAN_POINT('',(-17.7400437162891,9.1,-31.6288112782748));
#11259=CARTESIAN_POINT('',(-17.7400437162891,9.1,-30.5192867304271));
#11260=CARTESIAN_POINT('',(-17.3220822169557,9.1,-30.5192867304271));
#11261=CARTESIAN_POINT('',(-17.3784846496947,9.1,-30.1051483712933));
#11262=CARTESIAN_POINT('',(-17.699237592938,9.1,-27.75));
#11263=CARTESIAN_POINT('',(-17.5107869700063,9.1,-25.3805923389756));
#11264=CARTESIAN_POINT('',(-17.4912684062303,9.1,-25.1351833367126));
#11265=CARTESIAN_POINT('',(-17.6960859545389,9.1,-24.998595179728));
#11266=CARTESIAN_POINT('',(-18.2383296197224,9.1,-24.325937906246));
#11267=CARTESIAN_POINT('',(-17.4035066971639,9.1,-24.1033021320074));
#11268=CARTESIAN_POINT('',(0.,9.1,-19.4620266192158));
#11269=CARTESIAN_POINT('',(-17.9667049159433,9.1,-20.7352108978207));
#11270=CARTESIAN_POINT('',(-17.9667049159433,9.1,-20.7352108978207));
#11271=CARTESIAN_POINT('',(-16.6227861464086,9.1,-20.7352108978207));
#11272=CARTESIAN_POINT('',(-16.6227861464086,9.1,-20.7352108978207));
#11273=CARTESIAN_POINT('',(-16.6227861464086,9.1,-18.4113851665967));
#11274=CARTESIAN_POINT('',(-16.6227861464086,9.1,-18.4113851665967));
#11275=CARTESIAN_POINT('',(-17.9810910759582,9.1,-18.4113851665967));
#11276=CARTESIAN_POINT('',(0.,9.1,-19.4620266192158));
#11277=CARTESIAN_POINT('',(-6.46137909725217,9.1,-2.64911301373204));
#11278=CARTESIAN_POINT('',(11.5592588417929,9.1,-49.5399430091016));
#11279=CARTESIAN_POINT('',(-6.45779178582775,9.1,-2.65844742301941));
#11280=CARTESIAN_POINT('',(0.,9.1,-19.4620266192158));
#11281=CARTESIAN_POINT('',(-43.6298979310922,7.60683000668253,-18.4828262090766));
#11282=CARTESIAN_POINT('',(0.,7.60683000668253,-19.4620266192158));
#11283=CARTESIAN_POINT('',(-3.21509554543004,7.606830006683,-1.74970014340511));
#11284=CARTESIAN_POINT('',(-6.45779178582775,7.60683000668253,-2.65844742301941));
#11285=CARTESIAN_POINT('',(-5.94253522345558,7.60683000668253,-3.99917731015859));
#11286=CARTESIAN_POINT('',(-6.46137909725217,7.60683000668253,-2.64911301373204));
#11287=CARTESIAN_POINT('',(0.,7.60683000668253,-19.4620266192158));
#11288=CARTESIAN_POINT('',(-17.9546536953697,7.60683000668253,-18.0288851665967));
#11289=CARTESIAN_POINT('',(-16.6227861464086,7.60683000668253,-18.0288851665967));
#11290=CARTESIAN_POINT('',(-16.6227861464086,7.60683000668253,-18.0288851665967));
#11291=CARTESIAN_POINT('',(-16.6227861464086,7.60683000668253,-20.7352108978207));
#11292=CARTESIAN_POINT('',(-16.6227861464086,7.60683000668253,-18.4828262090766));
#11293=CARTESIAN_POINT('',(-43.6298979310922,7.60683000668253,-18.4828262090766));
#11294=CARTESIAN_POINT('',(-9.95194285337207,7.60683000668253,-18.4828262090766));
#11295=CARTESIAN_POINT('',(0.,7.60683000668253,-19.4620266192158));
#11296=CARTESIAN_POINT('',(9.95194285337207,7.60683000668253,-18.4828262090766));
#11297=CARTESIAN_POINT('',(-43.6298979310922,7.60683000668253,-18.4828262090766));
#11298=CARTESIAN_POINT('',(16.6227861464086,7.60683000668253,-18.4828262090766));
#11299=CARTESIAN_POINT('',(16.6227861464086,7.60683000668253,-20.7352108978207));
#11300=CARTESIAN_POINT('',(16.6227861464086,7.60683000668253,-18.0288851665967));
#11301=CARTESIAN_POINT('',(-43.6298979310922,7.60683000668253,-18.0288851665967));
#11302=CARTESIAN_POINT('',(-5.28675622736512,7.60683000668253,-33.2184978564915));
#11303=CARTESIAN_POINT('',(6.45779178582776,7.60683000668253,-2.65844742301942));
#11304=CARTESIAN_POINT('',(0.,7.60683000668253,-19.4620266192158));
#11305=CARTESIAN_POINT('',(3.21509554543131,7.6068300066801,-1.74970014340527));
#11306=CARTESIAN_POINT('',(3.21509554543165,7.60683000668253,-1.73953682862447));
#11307=CARTESIAN_POINT('',(3.21509554542991,7.60683000668253,-1.9289986295921));
#11308=CARTESIAN_POINT('',(27.7861072826939,7.60683000668253,-1.9289986295921));
#11309=CARTESIAN_POINT('',(-3.21509554542991,7.60683000668253,-1.9289986295921));
#11310=CARTESIAN_POINT('',(-3.21509554542991,7.60683000668253,-1.9289986295921));
#11311=CARTESIAN_POINT('',(-3.35509554543164,8.08683000668253,-19.4620266192158));
#11312=CARTESIAN_POINT('',(-3.35509554543164,7.58683000668253,-19.4620266192158));
#11313=CARTESIAN_POINT('',(-3.35509554543164,7.58683000668253,-0.185000000000001));
#11314=CARTESIAN_POINT('',(-3.35509554543164,7.58683000668253,-1.76550668944167));
#11315=CARTESIAN_POINT('',(-3.35509554543164,8.08683000668253,-0.185000000000001));
#11316=CARTESIAN_POINT('',(-2.85583236275137,8.05969562959424,-0.185000000000001));
#11317=CARTESIAN_POINT('',(-2.85583236275137,8.05969562959424,-19.4620266192158));
#11318=CARTESIAN_POINT('',(-2.85583236275137,8.05969562959424,-1.67810957994321));
#11319=CARTESIAN_POINT('',(-3.35509554543163,7.58683000668244,-1.76550668944166));
#11320=CARTESIAN_POINT('',(-3.10262833695189,7.58683000668245,-1.71764125545242));
#11321=CARTESIAN_POINT('',(-2.86969938037387,7.80454728659138,-1.68033641656271));
#11322=CARTESIAN_POINT('',(-2.85583236275137,8.05969562959424,-1.67810957994321));
#11323=CARTESIAN_POINT('',(3.35509554543164,8.08683000668253,0.));
#11324=CARTESIAN_POINT('',(2.85583236275137,8.05969562959424,0.));
#11325=CARTESIAN_POINT('',(2.85583236275137,8.05969562959424,-1.6781095799432));
#11326=CARTESIAN_POINT('',(2.85583236275137,8.05969562959424,-0.185));
#11327=CARTESIAN_POINT('',(3.35509554543164,8.08683000668253,-0.185));
#11328=CARTESIAN_POINT('',(3.35509554543164,7.58683000668253,-0.185));
#11329=CARTESIAN_POINT('',(3.35509554543164,7.58683000668253,4.29247154881114E-16));
#11330=CARTESIAN_POINT('',(3.35509554543164,7.58683000668253,-1.76550668944167));
#11331=CARTESIAN_POINT('',(2.85583236275137,8.05969562959424,-1.6781095799432));
#11332=CARTESIAN_POINT('',(2.86967223525276,7.80504674746034,-1.68033205746031));
#11333=CARTESIAN_POINT('',(3.10265290889665,7.58683000668253,-1.71764591406456));
#11334=CARTESIAN_POINT('',(3.35509554543164,7.58683000668253,-1.76550668944167));
#11335=CARTESIAN_POINT('',(4.12509554543164,0.,0.));
#11336=CARTESIAN_POINT('',(4.12509554543164,5.5949309859792,0.));
#11337=CARTESIAN_POINT('',(4.12509554543164,5.5949309859792,-0.185));
#11338=CARTESIAN_POINT('',(4.12509554543164,5.5949309859792,-1.95648618858079));
#11339=CARTESIAN_POINT('',(4.12509554543164,5.1984803970453,-0.185));
#11340=CARTESIAN_POINT('',(4.12509554543164,5.1984803970453,-0.185));
#11341=CARTESIAN_POINT('',(4.12509554543164,5.1984803970453,0.));
#11342=CARTESIAN_POINT('',(4.12509554543164,5.1984803970453,-1.96195734845354));
#11343=CARTESIAN_POINT('',(4.12509554543164,5.1984803970453,-1.96195734845355));
#11344=CARTESIAN_POINT('',(4.12509554543164,5.33063059314962,-1.96013361349702));
#11345=CARTESIAN_POINT('',(4.12509554543164,5.46278078946098,-1.95830989354412));
#11346=CARTESIAN_POINT('',(4.12509554543164,5.5949309859792,-1.95648618858079));
#11347=CARTESIAN_POINT('',(-4.12509554543164,0.,0.));
#11348=CARTESIAN_POINT('',(-4.12509554543164,5.1984803970453,4.82871002490149E-16));
#11349=CARTESIAN_POINT('',(-4.12509554543164,5.1984803970453,-1.96195734845355));
#11350=CARTESIAN_POINT('',(-4.12509554543164,5.1984803970453,-0.185));
#11351=CARTESIAN_POINT('',(-4.12509554543164,-2.26559657842259E-17,-0.184999999999999));
#11352=CARTESIAN_POINT('',(-4.12509554543164,5.5949309859792,-0.185));
#11353=CARTESIAN_POINT('',(-4.12509554543164,5.5949309859792,0.));
#11354=CARTESIAN_POINT('',(-4.12509554543164,5.5949309859792,-1.95648618858079));
#11355=CARTESIAN_POINT('',(-4.12509554543164,5.1984803970453,-1.96195734845355));
#11356=CARTESIAN_POINT('',(-4.12509554543164,5.33063059314962,-1.96013361349702));
#11357=CARTESIAN_POINT('',(-4.12509554543164,5.46278078946098,-1.95830989354412));
#11358=CARTESIAN_POINT('',(-4.12509554543164,5.5949309859792,-1.95648618858079));
#11359=CARTESIAN_POINT('',(0.,-9.1,-19.4620266192158));
#11360=CARTESIAN_POINT('',(-6.46137909725217,16.1465240816416,-2.64911301373204));
#11361=CARTESIAN_POINT('',(-17.9810910759582,7.76250987765613,-18.4113851665967));
#11362=CARTESIAN_POINT('',(-17.9810910759582,7.98933000668253,-18.4113851665967));
#11363=CARTESIAN_POINT('',(0.,9.03997145930157,-19.4620266192158));
#11364=CARTESIAN_POINT('',(14.4696219017898,12.4,-45.7));
#11365=CARTESIAN_POINT('',(13.7696219017898,12.4,-45.7));
#11366=CARTESIAN_POINT('',(13.7696219017898,12.4,-45.7));
#11367=CARTESIAN_POINT('',(13.7696219017898,4.82756588547275,-45.7));
#11368=CARTESIAN_POINT('',(14.4696219017898,4.82756588547275,-45.7));
#11369=CARTESIAN_POINT('',(14.4696219017898,4.82756588547275,-45.7));
#11370=CARTESIAN_POINT('',(14.4696219017898,12.4,-45.7));
#11371=CARTESIAN_POINT('',(14.4696219017898,12.4,-45.7));
#11372=CARTESIAN_POINT('',(14.4696219017898,12.4,-45.7));
#11373=CARTESIAN_POINT('',(14.4696219017898,4.82756588547275,-45.3809243450526));
#11374=CARTESIAN_POINT('',(13.7696219017898,4.82756588547275,-45.3809243450526));
#11375=CARTESIAN_POINT('',(13.7696219017898,4.50849023052531,-45.3809243450526));
#11376=CARTESIAN_POINT('',(14.4696219017898,4.50849023052531,-45.3809243450526));
#11377=CARTESIAN_POINT('',(14.4696219017898,4.50849023052531,-45.3809243450526));
#11378=CARTESIAN_POINT('',(14.4696219017898,4.82756588547275,-45.3809243450526));
#11379=CARTESIAN_POINT('',(14.4696219017898,4.50849023052531,-45.3809243450526));
#11380=CARTESIAN_POINT('',(10.16,4.50849023052531,-44.3269870495343));
#11381=CARTESIAN_POINT('',(14.4696219017898,4.50849023052531,-44.3269870495343));
#11382=CARTESIAN_POINT('',(13.7696219017898,4.50849023052531,-44.3269870495343));
#11383=CARTESIAN_POINT('',(14.4696219017898,4.50849023052531,-45.3809243450526));
#11384=CARTESIAN_POINT('',(13.7696219017898,4.50849023052531,-45.3809243450526));
#11385=CARTESIAN_POINT('',(14.4696219017898,4.00849023052531,-45.3809243450526));
#11386=CARTESIAN_POINT('',(10.16,4.00849023052531,-44.3269870495343));
#11387=CARTESIAN_POINT('',(13.7696219017898,4.00849023052531,-44.3269870495343));
#11388=CARTESIAN_POINT('',(14.4696219017898,4.00849023052531,-44.3269870495343));
#11389=CARTESIAN_POINT('',(13.7696219017898,4.00849023052531,-45.3809243450526));
#11390=CARTESIAN_POINT('',(13.7696219017898,4.00849023052531,-45.3809243450526));
#11391=CARTESIAN_POINT('',(14.4696219017898,4.00849023052531,-45.3809243450526));
#11392=CARTESIAN_POINT('',(14.4696219017898,4.00849023052531,-45.3809243450526));
#11393=CARTESIAN_POINT('',(14.4696219017898,4.00849023052531,-45.3809243450526));
#11394=CARTESIAN_POINT('',(14.4696219017898,4.82756588547275,-45.3809243450526));
#11395=CARTESIAN_POINT('',(13.7696219017898,4.82756588547275,-45.3809243450526));
#11396=CARTESIAN_POINT('',(13.7696219017898,4.82756588547275,-46.2));
#11397=CARTESIAN_POINT('',(14.4696219017898,4.82756588547275,-46.2));
#11398=CARTESIAN_POINT('',(14.4696219017898,4.82756588547275,-46.2));
#11399=CARTESIAN_POINT('',(14.4696219017898,4.82756588547275,-45.3809243450526));
#11400=CARTESIAN_POINT('',(14.4696219017898,12.4,-46.2));
#11401=CARTESIAN_POINT('',(13.7696219017898,12.4,-46.2));
#11402=CARTESIAN_POINT('',(13.7696219017898,12.4,-46.2));
#11403=CARTESIAN_POINT('',(14.4696219017898,12.4,-46.2));
#11404=CARTESIAN_POINT('',(14.4696219017898,12.4,-46.2));
#11405=CARTESIAN_POINT('',(14.4696219017898,12.4,-46.2));
#11406=CARTESIAN_POINT('',(14.4696219017898,12.4,-45.7));
#11407=CARTESIAN_POINT('',(13.7696219017898,12.4,-45.7));
#11408=CARTESIAN_POINT('',(14.4696219017898,12.4,-45.7));
#11409=CARTESIAN_POINT('',(14.4696219017898,4.82756588547275,-45.3809243450526));
#11410=CARTESIAN_POINT('',(14.4696219017898,0.,-44.3269870495343));
#11411=CARTESIAN_POINT('',(13.7696219017898,4.82756588547275,-45.3809243450526));
#11412=CARTESIAN_POINT('',(13.7696219017898,0.,-44.3269870495343));
#11413=CARTESIAN_POINT('',(11.9296219017898,12.4,-45.7));
#11414=CARTESIAN_POINT('',(11.2296219017898,12.4,-45.7));
#11415=CARTESIAN_POINT('',(11.2296219017898,12.4,-45.7));
#11416=CARTESIAN_POINT('',(11.2296219017898,4.82756588547275,-45.7));
#11417=CARTESIAN_POINT('',(11.9296219017898,4.82756588547275,-45.7));
#11418=CARTESIAN_POINT('',(11.9296219017898,4.82756588547275,-45.7));
#11419=CARTESIAN_POINT('',(11.9296219017898,12.4,-45.7));
#11420=CARTESIAN_POINT('',(11.9296219017898,12.4,-45.7));
#11421=CARTESIAN_POINT('',(11.9296219017898,12.4,-45.7));
#11422=CARTESIAN_POINT('',(11.9296219017898,4.82756588547275,-45.3809243450526));
#11423=CARTESIAN_POINT('',(11.2296219017898,4.82756588547275,-45.3809243450526));
#11424=CARTESIAN_POINT('',(11.2296219017898,4.50849023052531,-45.3809243450526));
#11425=CARTESIAN_POINT('',(11.9296219017898,4.50849023052531,-45.3809243450526));
#11426=CARTESIAN_POINT('',(11.9296219017898,4.50849023052531,-45.3809243450526));
#11427=CARTESIAN_POINT('',(11.9296219017898,4.82756588547275,-45.3809243450526));
#11428=CARTESIAN_POINT('',(11.9296219017898,4.50849023052531,-45.3809243450526));
#11429=CARTESIAN_POINT('',(7.61999999999998,4.50849023052531,-44.3269870495343));
#11430=CARTESIAN_POINT('',(11.9296219017898,4.50849023052531,-44.3269870495343));
#11431=CARTESIAN_POINT('',(11.2296219017898,4.50849023052531,-44.3269870495343));
#11432=CARTESIAN_POINT('',(11.9296219017898,4.50849023052531,-45.3809243450526));
#11433=CARTESIAN_POINT('',(11.2296219017898,4.50849023052531,-45.3809243450526));
#11434=CARTESIAN_POINT('',(11.9296219017898,4.00849023052531,-45.3809243450526));
#11435=CARTESIAN_POINT('',(7.61999999999998,4.00849023052531,-44.3269870495343));
#11436=CARTESIAN_POINT('',(11.2296219017898,4.00849023052531,-44.3269870495343));
#11437=CARTESIAN_POINT('',(11.9296219017898,4.00849023052531,-44.3269870495343));
#11438=CARTESIAN_POINT('',(11.2296219017898,4.00849023052531,-45.3809243450526));
#11439=CARTESIAN_POINT('',(11.2296219017898,4.00849023052531,-45.3809243450526));
#11440=CARTESIAN_POINT('',(11.9296219017898,4.00849023052531,-45.3809243450526));
#11441=CARTESIAN_POINT('',(11.9296219017898,4.00849023052531,-45.3809243450526));
#11442=CARTESIAN_POINT('',(11.9296219017898,4.00849023052531,-45.3809243450526));
#11443=CARTESIAN_POINT('',(11.9296219017898,4.82756588547275,-45.3809243450526));
#11444=CARTESIAN_POINT('',(11.2296219017898,4.82756588547275,-45.3809243450526));
#11445=CARTESIAN_POINT('',(11.2296219017898,4.82756588547275,-46.2));
#11446=CARTESIAN_POINT('',(11.9296219017898,4.82756588547275,-46.2));
#11447=CARTESIAN_POINT('',(11.9296219017898,4.82756588547275,-46.2));
#11448=CARTESIAN_POINT('',(11.9296219017898,4.82756588547275,-45.3809243450526));
#11449=CARTESIAN_POINT('',(11.9296219017898,12.4,-46.2));
#11450=CARTESIAN_POINT('',(11.2296219017898,12.4,-46.2));
#11451=CARTESIAN_POINT('',(11.2296219017898,12.4,-46.2));
#11452=CARTESIAN_POINT('',(11.9296219017898,12.4,-46.2));
#11453=CARTESIAN_POINT('',(11.9296219017898,12.4,-46.2));
#11454=CARTESIAN_POINT('',(11.9296219017898,12.4,-46.2));
#11455=CARTESIAN_POINT('',(11.9296219017898,12.4,-45.7));
#11456=CARTESIAN_POINT('',(11.2296219017898,12.4,-45.7));
#11457=CARTESIAN_POINT('',(11.9296219017898,12.4,-45.7));
#11458=CARTESIAN_POINT('',(11.9296219017898,4.82756588547275,-45.3809243450526));
#11459=CARTESIAN_POINT('',(11.9296219017898,0.,-44.3269870495343));
#11460=CARTESIAN_POINT('',(11.2296219017898,4.82756588547275,-45.3809243450526));
#11461=CARTESIAN_POINT('',(11.2296219017898,0.,-44.3269870495343));
#11462=CARTESIAN_POINT('',(9.38962190178981,12.4,-45.7));
#11463=CARTESIAN_POINT('',(8.68962190178982,12.4,-45.7));
#11464=CARTESIAN_POINT('',(8.68962190178982,12.4,-45.7));
#11465=CARTESIAN_POINT('',(8.68962190178982,4.82756588547275,-45.7));
#11466=CARTESIAN_POINT('',(9.38962190178981,4.82756588547275,-45.7));
#11467=CARTESIAN_POINT('',(9.38962190178981,4.82756588547275,-45.7));
#11468=CARTESIAN_POINT('',(9.38962190178981,12.4,-45.7));
#11469=CARTESIAN_POINT('',(9.38962190178981,12.4,-45.7));
#11470=CARTESIAN_POINT('',(9.38962190178981,12.4,-45.7));
#11471=CARTESIAN_POINT('',(9.38962190178981,4.82756588547275,-45.3809243450526));
#11472=CARTESIAN_POINT('',(8.68962190178982,4.82756588547275,-45.3809243450526));
#11473=CARTESIAN_POINT('',(8.68962190178982,4.50849023052531,-45.3809243450526));
#11474=CARTESIAN_POINT('',(9.38962190178981,4.50849023052531,-45.3809243450526));
#11475=CARTESIAN_POINT('',(9.38962190178981,4.50849023052531,-45.3809243450526));
#11476=CARTESIAN_POINT('',(9.38962190178981,4.82756588547275,-45.3809243450526));
#11477=CARTESIAN_POINT('',(9.38962190178981,4.50849023052531,-45.3809243450526));
#11478=CARTESIAN_POINT('',(5.07999999999998,4.50849023052531,-44.3269870495343));
#11479=CARTESIAN_POINT('',(9.38962190178981,4.50849023052531,-44.3269870495343));
#11480=CARTESIAN_POINT('',(8.68962190178982,4.50849023052531,-44.3269870495343));
#11481=CARTESIAN_POINT('',(9.38962190178981,4.50849023052531,-45.3809243450526));
#11482=CARTESIAN_POINT('',(8.68962190178982,4.50849023052531,-45.3809243450526));
#11483=CARTESIAN_POINT('',(9.38962190178981,4.00849023052531,-45.3809243450526));
#11484=CARTESIAN_POINT('',(5.07999999999998,4.00849023052531,-44.3269870495343));
#11485=CARTESIAN_POINT('',(8.68962190178982,4.00849023052531,-44.3269870495343));
#11486=CARTESIAN_POINT('',(9.38962190178981,4.00849023052531,-44.3269870495343));
#11487=CARTESIAN_POINT('',(8.68962190178982,4.00849023052531,-45.3809243450526));
#11488=CARTESIAN_POINT('',(8.68962190178982,4.00849023052531,-45.3809243450526));
#11489=CARTESIAN_POINT('',(9.38962190178981,4.00849023052531,-45.3809243450526));
#11490=CARTESIAN_POINT('',(9.38962190178981,4.00849023052531,-45.3809243450526));
#11491=CARTESIAN_POINT('',(9.38962190178981,4.00849023052531,-45.3809243450526));
#11492=CARTESIAN_POINT('',(9.38962190178981,4.82756588547275,-45.3809243450526));
#11493=CARTESIAN_POINT('',(8.68962190178982,4.82756588547275,-45.3809243450526));
#11494=CARTESIAN_POINT('',(8.68962190178982,4.82756588547275,-46.2));
#11495=CARTESIAN_POINT('',(9.38962190178981,4.82756588547275,-46.2));
#11496=CARTESIAN_POINT('',(9.38962190178981,4.82756588547275,-46.2));
#11497=CARTESIAN_POINT('',(9.38962190178981,4.82756588547275,-45.3809243450526));
#11498=CARTESIAN_POINT('',(9.38962190178981,12.4,-46.2));
#11499=CARTESIAN_POINT('',(8.68962190178982,12.4,-46.2));
#11500=CARTESIAN_POINT('',(8.68962190178982,12.4,-46.2));
#11501=CARTESIAN_POINT('',(9.38962190178981,12.4,-46.2));
#11502=CARTESIAN_POINT('',(9.38962190178981,12.4,-46.2));
#11503=CARTESIAN_POINT('',(9.38962190178981,12.4,-46.2));
#11504=CARTESIAN_POINT('',(9.38962190178981,12.4,-45.7));
#11505=CARTESIAN_POINT('',(8.68962190178982,12.4,-45.7));
#11506=CARTESIAN_POINT('',(9.38962190178981,12.4,-45.7));
#11507=CARTESIAN_POINT('',(9.38962190178981,4.82756588547275,-45.3809243450526));
#11508=CARTESIAN_POINT('',(9.38962190178981,0.,-44.3269870495343));
#11509=CARTESIAN_POINT('',(8.68962190178982,4.82756588547275,-45.3809243450526));
#11510=CARTESIAN_POINT('',(8.68962190178982,0.,-44.3269870495343));
#11511=CARTESIAN_POINT('',(6.84962190178982,12.4,-45.7));
#11512=CARTESIAN_POINT('',(6.14962190178982,12.4,-45.7));
#11513=CARTESIAN_POINT('',(6.14962190178982,12.4,-45.7));
#11514=CARTESIAN_POINT('',(6.14962190178982,4.82756588547275,-45.7));
#11515=CARTESIAN_POINT('',(6.84962190178982,4.82756588547275,-45.7));
#11516=CARTESIAN_POINT('',(6.84962190178982,4.82756588547275,-45.7));
#11517=CARTESIAN_POINT('',(6.84962190178982,12.4,-45.7));
#11518=CARTESIAN_POINT('',(6.84962190178982,12.4,-45.7));
#11519=CARTESIAN_POINT('',(6.84962190178982,12.4,-45.7));
#11520=CARTESIAN_POINT('',(6.84962190178982,4.82756588547275,-45.3809243450526));
#11521=CARTESIAN_POINT('',(6.14962190178982,4.82756588547275,-45.3809243450526));
#11522=CARTESIAN_POINT('',(6.14962190178982,4.50849023052531,-45.3809243450526));
#11523=CARTESIAN_POINT('',(6.84962190178982,4.50849023052531,-45.3809243450526));
#11524=CARTESIAN_POINT('',(6.84962190178982,4.50849023052531,-45.3809243450526));
#11525=CARTESIAN_POINT('',(6.84962190178982,4.82756588547275,-45.3809243450526));
#11526=CARTESIAN_POINT('',(6.84962190178982,4.50849023052531,-45.3809243450526));
#11527=CARTESIAN_POINT('',(2.53999999999998,4.50849023052531,-44.3269870495343));
#11528=CARTESIAN_POINT('',(6.84962190178982,4.50849023052531,-44.3269870495343));
#11529=CARTESIAN_POINT('',(6.14962190178982,4.50849023052531,-44.3269870495343));
#11530=CARTESIAN_POINT('',(6.84962190178982,4.50849023052531,-45.3809243450526));
#11531=CARTESIAN_POINT('',(6.14962190178982,4.50849023052531,-45.3809243450526));
#11532=CARTESIAN_POINT('',(6.84962190178982,4.00849023052531,-45.3809243450526));
#11533=CARTESIAN_POINT('',(2.53999999999998,4.00849023052531,-44.3269870495343));
#11534=CARTESIAN_POINT('',(6.14962190178982,4.00849023052531,-44.3269870495343));
#11535=CARTESIAN_POINT('',(6.84962190178982,4.00849023052531,-44.3269870495343));
#11536=CARTESIAN_POINT('',(6.14962190178982,4.00849023052531,-45.3809243450526));
#11537=CARTESIAN_POINT('',(6.14962190178982,4.00849023052531,-45.3809243450526));
#11538=CARTESIAN_POINT('',(6.84962190178982,4.00849023052531,-45.3809243450526));
#11539=CARTESIAN_POINT('',(6.84962190178982,4.00849023052531,-45.3809243450526));
#11540=CARTESIAN_POINT('',(6.84962190178982,4.00849023052531,-45.3809243450526));
#11541=CARTESIAN_POINT('',(6.84962190178982,4.82756588547275,-45.3809243450526));
#11542=CARTESIAN_POINT('',(6.14962190178982,4.82756588547275,-45.3809243450526));
#11543=CARTESIAN_POINT('',(6.14962190178982,4.82756588547275,-46.2));
#11544=CARTESIAN_POINT('',(6.84962190178982,4.82756588547275,-46.2));
#11545=CARTESIAN_POINT('',(6.84962190178982,4.82756588547275,-46.2));
#11546=CARTESIAN_POINT('',(6.84962190178982,4.82756588547275,-45.3809243450526));
#11547=CARTESIAN_POINT('',(6.84962190178982,12.4,-46.2));
#11548=CARTESIAN_POINT('',(6.14962190178982,12.4,-46.2));
#11549=CARTESIAN_POINT('',(6.14962190178982,12.4,-46.2));
#11550=CARTESIAN_POINT('',(6.84962190178982,12.4,-46.2));
#11551=CARTESIAN_POINT('',(6.84962190178982,12.4,-46.2));
#11552=CARTESIAN_POINT('',(6.84962190178982,12.4,-46.2));
#11553=CARTESIAN_POINT('',(6.84962190178982,12.4,-45.7));
#11554=CARTESIAN_POINT('',(6.14962190178982,12.4,-45.7));
#11555=CARTESIAN_POINT('',(6.84962190178982,12.4,-45.7));
#11556=CARTESIAN_POINT('',(6.84962190178982,4.82756588547275,-45.3809243450526));
#11557=CARTESIAN_POINT('',(6.84962190178982,0.,-44.3269870495343));
#11558=CARTESIAN_POINT('',(6.14962190178982,4.82756588547275,-45.3809243450526));
#11559=CARTESIAN_POINT('',(6.14962190178982,0.,-44.3269870495343));
#11560=CARTESIAN_POINT('',(-1.81433500461331E-14,0.,-44.3269870495343));
#11561=CARTESIAN_POINT('',(-0.684457223090821,3.54426898235932,-44.3269870495343));
#11562=CARTESIAN_POINT('',(-0.684457223090821,3.7077242354697,-44.3269870495343));
#11563=CARTESIAN_POINT('',(-0.684457223090821,7.58683000668253,-44.3269870495343));
#11564=CARTESIAN_POINT('',(-5.02183195835039,7.58683000668253,-44.3269870495343));
#11565=CARTESIAN_POINT('',(16.0117010032611,7.58683000668253,-44.3269870495343));
#11566=CARTESIAN_POINT('',(16.0117010032611,5.17496241777249,-44.3269870495343));
#11567=CARTESIAN_POINT('',(16.0117010032611,3.7077242354697,-44.3269870495343));
#11568=CARTESIAN_POINT('',(-5.73047881089143,3.7077242354697,-44.3269870495343));
#11569=CARTESIAN_POINT('',(-1.81433500461331E-14,4.00849023052531,-44.3269870495343));
#11570=CARTESIAN_POINT('',(3.60962190178981,4.00849023052531,-44.3269870495343));
#11571=CARTESIAN_POINT('',(4.30962190178981,4.00849023052531,-44.3269870495343));
#11572=CARTESIAN_POINT('',(4.30962190178981,0.,-44.3269870495343));
#11573=CARTESIAN_POINT('',(4.30962190178981,4.50849023052531,-44.3269870495343));
#11574=CARTESIAN_POINT('',(-1.81433500461331E-14,4.50849023052531,-44.3269870495343));
#11575=CARTESIAN_POINT('',(3.60962190178981,4.50849023052531,-44.3269870495343));
#11576=CARTESIAN_POINT('',(3.60962190178981,0.,-44.3269870495343));
#11577=CARTESIAN_POINT('',(-16.5486105030479,7.76250987765613,-36.146006229418));
#11578=CARTESIAN_POINT('',(-16.5486105030479,5.50116061869408,-32.8259255924071));
#11579=CARTESIAN_POINT('',(-16.5486105030479,5.50116061869408,-32.825925592407));
#11580=CARTESIAN_POINT('',(-16.5486105030479,5.50116061869408,-36.146006229418));
#11581=CARTESIAN_POINT('',(-16.5486105030479,7.76250987765613,-32.825925592407));
#11582=CARTESIAN_POINT('',(-16.5486105030479,8.5,-32.825925592407));
#11583=CARTESIAN_POINT('',(-16.5486105030479,8.5,-36.146006229418));
#11584=CARTESIAN_POINT('',(-16.5486105030479,8.5,-36.146006229418));
#11585=CARTESIAN_POINT('',(-16.5486105030479,7.76250987765613,-36.146006229418));
#11586=CARTESIAN_POINT('',(-43.6298979310922,7.60683000668253,-20.6637698553407));
#11587=CARTESIAN_POINT('',(-0.662333142774676,7.60683000668254,-45.6260522269658));
#11588=CARTESIAN_POINT('',(-0.662333142774675,7.60683000668254,-44.4176169789673));
#11589=CARTESIAN_POINT('',(-0.662333142774677,7.60683000668254,-43.449644749298));
#11590=CARTESIAN_POINT('',(15.9744529634625,7.60683000668253,-44.4176169789673));
#11591=CARTESIAN_POINT('',(15.9744529634625,7.60683000668253,-44.4176169789673));
#11592=CARTESIAN_POINT('',(15.9744529634625,7.60683000668253,-45.6260522269658));
#11593=CARTESIAN_POINT('',(15.9744529634625,7.60683000668254,-45.6760522269658));
#11594=CARTESIAN_POINT('',(-43.6298979310922,7.60683000668254,-45.6760522269658));
#11595=CARTESIAN_POINT('',(17.0147738848854,7.60683000668254,-45.6760522269658));
#11596=CARTESIAN_POINT('',(17.0147738848854,7.60683000668253,-44.8111781243705));
#11597=CARTESIAN_POINT('',(17.8796479874807,7.60683000668254,-44.8111781243705));
#11598=CARTESIAN_POINT('',(17.8796479874807,7.60683000668253,-30.8040619927125));
#11599=CARTESIAN_POINT('',(17.8796479874807,7.60683000668253,-37.6872248538481));
#11600=CARTESIAN_POINT('',(17.256959289445,7.60683000668253,-37.6872248538481));
#11601=CARTESIAN_POINT('',(17.256959289445,7.60683000668253,-37.0645361558124));
#11602=CARTESIAN_POINT('',(17.256959289445,7.60683000668253,-37.0645361558124));
#11603=CARTESIAN_POINT('',(15.8082692243713,7.60683000668253,-37.0645361558124));
#11604=CARTESIAN_POINT('',(15.8082692243713,7.60683000668253,-36.6645361558124));
#11605=CARTESIAN_POINT('',(15.4082692243713,7.60683000668253,-36.6645361558124));
#11606=CARTESIAN_POINT('',(15.4082692243713,7.60683000668253,-36.6645361558124));
#11607=CARTESIAN_POINT('',(15.4082692243713,7.60683000668253,-36.546006229418));
#11608=CARTESIAN_POINT('',(15.8082692243713,7.60683000668253,-36.546006229418));
#11609=CARTESIAN_POINT('',(15.8082692243713,7.60683000668253,-36.146006229418));
#11610=CARTESIAN_POINT('',(15.8082692243713,7.60683000668253,-36.146006229418));
#11611=CARTESIAN_POINT('',(16.0354460436648,7.60683000668253,-36.146006229418));
#11612=CARTESIAN_POINT('',(16.0354460436648,7.60683000668253,-32.8259255924071));
#11613=CARTESIAN_POINT('',(16.0354460436648,7.60683000668253,-32.8259255924071));
#11614=CARTESIAN_POINT('',(16.5486105030479,7.60683000668253,-32.8259255924071));
#11615=CARTESIAN_POINT('',(15.8082692243713,7.60683000668253,-32.8259255924071));
#11616=CARTESIAN_POINT('',(15.8082692243713,7.60683000668253,-32.4259255924071));
#11617=CARTESIAN_POINT('',(15.4082692243713,7.60683000668253,-32.4259255924071));
#11618=CARTESIAN_POINT('',(15.4082692243713,7.60683000668253,-32.4259255924071));
#11619=CARTESIAN_POINT('',(15.4082692243713,7.60683000668253,-32.4185145680118));
#11620=CARTESIAN_POINT('',(15.8082692243713,7.60683000668253,-32.4185145680118));
#11621=CARTESIAN_POINT('',(15.8082692243713,7.60683000668253,-32.0185145680118));
#11622=CARTESIAN_POINT('',(15.8082692243713,7.60683000668253,-32.0185145680118));
#11623=CARTESIAN_POINT('',(17.3503404265521,7.60683000668253,-32.0185145680118));
#11624=CARTESIAN_POINT('',(17.3503404265521,7.60683000668253,-31.6288112782748));
#11625=CARTESIAN_POINT('',(17.7400437162891,7.60683000668253,-31.6288112782748));
#11626=CARTESIAN_POINT('',(17.7400437162891,7.60683000668253,-31.6288112782748));
#11627=CARTESIAN_POINT('',(17.7400437162891,7.60683000668253,-30.5265902110846));
#11628=CARTESIAN_POINT('',(17.699237592938,7.60683000668253,-27.75));
#11629=CARTESIAN_POINT('',(17.6661330741017,7.60683000668253,-24.9733072854876));
#11630=CARTESIAN_POINT('',(18.2383296197224,7.60683000668253,-24.325937906246));
#11631=CARTESIAN_POINT('',(17.4035071361976,7.60683000668253,-24.1033004857514));
#11632=CARTESIAN_POINT('',(0.,7.60683000668253,-19.4620266192158));
#11633=CARTESIAN_POINT('',(17.9355009217319,7.60683000668253,-21.1177108978207));
#11634=CARTESIAN_POINT('',(16.6227861464086,7.60683000668253,-21.1177108978207));
#11635=CARTESIAN_POINT('',(16.6227861464086,7.60683000668253,-21.1177108978207));
#11636=CARTESIAN_POINT('',(16.6227861464086,7.60683000668253,-20.7352108978207));
#11637=CARTESIAN_POINT('',(16.6227861464086,7.60683000668253,-20.6637698553407));
#11638=CARTESIAN_POINT('',(-43.6298979310922,7.60683000668253,-20.6637698553407));
#11639=CARTESIAN_POINT('',(9.92752805054853,7.60683000668253,-20.6637698553407));
#11640=CARTESIAN_POINT('',(0.,7.60683000668253,-19.4620266192158));
#11641=CARTESIAN_POINT('',(-9.92752805054853,7.60683000668253,-20.6637698553407));
#11642=CARTESIAN_POINT('',(-43.6298979310922,7.60683000668253,-20.6637698553407));
#11643=CARTESIAN_POINT('',(-16.6227861464086,7.60683000668253,-20.6637698553407));
#11644=CARTESIAN_POINT('',(-16.6227861464086,7.60683000668253,-20.7352108978207));
#11645=CARTESIAN_POINT('',(-16.6227861464086,7.60683000668253,-21.1177108978207));
#11646=CARTESIAN_POINT('',(-43.6298979310922,7.60683000668253,-21.1177108978207));
#11647=CARTESIAN_POINT('',(-17.9355009217319,7.60683000668253,-21.1177108978207));
#11648=CARTESIAN_POINT('',(0.,7.60683000668253,-19.4620266192158));
#11649=CARTESIAN_POINT('',(-17.4035071361976,7.60683000668253,-24.1033004857514));
#11650=CARTESIAN_POINT('',(-18.2383296197224,7.60683000668253,-24.325937906246));
#11651=CARTESIAN_POINT('',(-17.6661330741017,7.60683000668253,-24.9733072854876));
#11652=CARTESIAN_POINT('',(-17.699237592938,7.60683000668253,-27.75));
#11653=CARTESIAN_POINT('',(-17.7400437162891,7.60683000668253,-30.5265902110846));
#11654=CARTESIAN_POINT('',(-17.7400437162891,7.60683000668253,-31.6288112782748));
#11655=CARTESIAN_POINT('',(-17.7400437162891,7.60683000668253,-31.6288112782748));
#11656=CARTESIAN_POINT('',(-17.3503404265521,7.60683000668253,-31.6288112782748));
#11657=CARTESIAN_POINT('',(-17.3503404265521,7.60683000668253,-32.0185145680118));
#11658=CARTESIAN_POINT('',(-15.8082692243713,7.60683000668253,-32.0185145680118));
#11659=CARTESIAN_POINT('',(-15.8082692243713,7.60683000668253,-32.0185145680118));
#11660=CARTESIAN_POINT('',(-15.8082692243713,7.60683000668253,-32.4185145680118));
#11661=CARTESIAN_POINT('',(-15.4082692243713,7.60683000668253,-32.4185145680118));
#11662=CARTESIAN_POINT('',(-15.4082692243713,7.60683000668253,-32.4259255924071));
#11663=CARTESIAN_POINT('',(-15.4082692243713,7.60683000668253,-32.4259255924071));
#11664=CARTESIAN_POINT('',(-15.8082692243713,7.60683000668253,-32.4259255924071));
#11665=CARTESIAN_POINT('',(-15.8082692243713,7.60683000668253,-32.8259255924071));
#11666=CARTESIAN_POINT('',(-16.5486105030479,7.60683000668253,-32.825925592407));
#11667=CARTESIAN_POINT('',(-16.0354460436648,7.60683000668253,-32.8259255924071));
#11668=CARTESIAN_POINT('',(-16.0354460436648,7.60683000668253,-32.8259255924071));
#11669=CARTESIAN_POINT('',(-16.0354460436648,7.60683000668253,-36.146006229418));
#11670=CARTESIAN_POINT('',(-15.8082692243713,7.60683000668253,-36.146006229418));
#11671=CARTESIAN_POINT('',(-15.8082692243713,7.60683000668253,-36.146006229418));
#11672=CARTESIAN_POINT('',(-15.8082692243713,7.60683000668253,-36.546006229418));
#11673=CARTESIAN_POINT('',(-15.4082692243713,7.60683000668253,-36.546006229418));
#11674=CARTESIAN_POINT('',(-15.4082692243713,7.60683000668253,-36.6645361558124));
#11675=CARTESIAN_POINT('',(-15.4082692243713,7.60683000668253,-36.6645361558124));
#11676=CARTESIAN_POINT('',(-15.8082692243713,7.60683000668253,-36.6645361558124));
#11677=CARTESIAN_POINT('',(-15.8082692243713,7.60683000668253,-37.0645361558124));
#11678=CARTESIAN_POINT('',(-17.256959289445,7.60683000668253,-37.0645361558124));
#11679=CARTESIAN_POINT('',(-17.256959289445,7.60683000668253,-37.0645361558124));
#11680=CARTESIAN_POINT('',(-17.256959289445,7.60683000668253,-37.6872248538481));
#11681=CARTESIAN_POINT('',(-17.8796479874807,7.60683000668253,-37.6872248538481));
#11682=CARTESIAN_POINT('',(-17.8796479874807,7.60683000668253,-30.8040619927125));
#11683=CARTESIAN_POINT('',(-17.8796479874807,7.60683000668254,-44.7611781243705));
#11684=CARTESIAN_POINT('',(-17.0147738848854,7.60683000668253,-44.7611781243705));
#11685=CARTESIAN_POINT('',(-17.0147738848854,7.60683000668254,-45.6260522269658));
#11686=CARTESIAN_POINT('',(-43.6298979310922,7.60683000668254,-45.6260522269658));
#11687=CARTESIAN_POINT('',(-15.639824683549,7.60683000668253,-45.6260522269658));
#11688=CARTESIAN_POINT('',(-15.639824683549,7.60683000668253,-45.6260522269658));
#11689=CARTESIAN_POINT('',(-15.639824683549,7.60683000668253,-44.4629166731982));
#11690=CARTESIAN_POINT('',(-15.639824683549,7.60683000668253,-44.4629166731982));
#11691=CARTESIAN_POINT('',(-5.75260289120757,7.60683000668254,-44.4629166731982));
#11692=CARTESIAN_POINT('',(-5.75260289120757,7.60683000668254,-45.6260522269658));
#11693=CARTESIAN_POINT('',(-5.75260289120757,7.60683000668254,-43.449644749298));
#11694=CARTESIAN_POINT('',(-5.40260289120757,7.60683000668254,-43.449644749298));
#11695=CARTESIAN_POINT('',(-5.40260289120757,7.60683000668254,-43.099644749298));
#11696=CARTESIAN_POINT('',(-5.40260289120757,7.60683000668254,-43.099644749298));
#11697=CARTESIAN_POINT('',(-5.37183195835038,7.60683000668254,-43.099644749298));
#11698=CARTESIAN_POINT('',(-5.37183195835038,7.60683000668254,-43.449644749298));
#11699=CARTESIAN_POINT('',(-5.02183195835038,7.60683000668254,-43.449644749298));
#11700=CARTESIAN_POINT('',(-5.02183195835038,7.60683000668254,-43.449644749298));
#11701=CARTESIAN_POINT('',(-5.02183195835038,7.60683000668253,-43.7318318266825));
#11702=CARTESIAN_POINT('',(-5.02183195835038,7.60683000668253,-43.7318318266825));
#11703=CARTESIAN_POINT('',(-1.39310407563186,7.60683000668254,-43.7318318266825));
#11704=CARTESIAN_POINT('',(-1.39310407563186,7.60683000668254,-43.449644749298));
#11705=CARTESIAN_POINT('',(-1.39310407563186,7.60683000668254,-43.449644749298));
#11706=CARTESIAN_POINT('',(-1.04310407563186,7.60683000668254,-43.449644749298));
#11707=CARTESIAN_POINT('',(-1.04310407563186,7.60683000668254,-43.099644749298));
#11708=CARTESIAN_POINT('',(-1.01233314277468,7.60683000668254,-43.099644749298));
#11709=CARTESIAN_POINT('',(-1.01233314277468,7.60683000668254,-43.099644749298));
#11710=CARTESIAN_POINT('',(-1.01233314277468,7.60683000668254,-43.449644749298));
#11711=CARTESIAN_POINT('',(-17.0147738848854,-18.5169208223379,-45.6760522269658));
#11712=CARTESIAN_POINT('',(15.9744529634625,5.27365195929233,-45.6760522269658));
#11713=CARTESIAN_POINT('',(15.9744529634625,5.6662803099903,-45.6760522269658));
#11714=CARTESIAN_POINT('',(-1.86274165320402E-14,5.6662803099903,-45.6760522269658));
#11715=CARTESIAN_POINT('',(-0.662333142774676,5.6662803099903,-45.6760522269658));
#11716=CARTESIAN_POINT('',(-0.662333142774676,7.76250987765613,-45.6760522269658));
#11717=CARTESIAN_POINT('',(17.0147738848854,-18.5169208223379,-45.6760522269658));
#11718=CARTESIAN_POINT('',(15.9744529634625,5.27365195929233,-45.6260522269658));
#11719=CARTESIAN_POINT('',(15.9744529634625,5.1062803099903,-45.6260522269658));
#11720=CARTESIAN_POINT('',(15.9744529634625,5.1062803099903,-45.1160522269658));
#11721=CARTESIAN_POINT('',(15.9744529634625,5.1062803099903,-44.4176169789673));
#11722=CARTESIAN_POINT('',(15.9744529634625,5.10628030999029,-45.1160522269658));
#11723=CARTESIAN_POINT('',(15.9744529634625,5.1062803099903,-44.4176169789673));
#11724=CARTESIAN_POINT('',(-1.81433500461331E-14,0.,-44.3269870495343));
#11725=CARTESIAN_POINT('',(-5.73047881089143,3.54426898235932,-44.3269870495343));
#11726=CARTESIAN_POINT('',(-5.73047881089143,3.7077242354697,-44.3269870495343));
#11727=CARTESIAN_POINT('',(-5.73047881089143,7.58683000668253,-44.3269870495343));
#11728=CARTESIAN_POINT('',(-5.73047881089143,3.7077242354697,-44.3269870495343));
#11729=CARTESIAN_POINT('',(-15.8063927491451,3.7077242354697,-44.3269870495343));
#11730=CARTESIAN_POINT('',(-15.8063927491451,5.17496241777249,-44.3269870495343));
#11731=CARTESIAN_POINT('',(-15.8063927491451,7.58683000668253,-44.3269870495343));
#11732=CARTESIAN_POINT('',(-5.02183195835039,7.58683000668253,-44.3269870495343));
#11733=CARTESIAN_POINT('',(0.,7.58683000668253,-19.4620266192158));
#11734=CARTESIAN_POINT('',(-4.14038481684482,7.58683000668253,4.29247154881114E-16));
#11735=CARTESIAN_POINT('',(-4.14038481684482,7.58683000668253,-0.185));
#11736=CARTESIAN_POINT('',(-4.14038481684482,7.58683000668253,-1.15260350746004));
#11737=CARTESIAN_POINT('',(-3.35509554543164,7.58683000668253,-0.185));
#11738=CARTESIAN_POINT('',(0.,7.58683000668253,-19.4620266192158));
#11739=CARTESIAN_POINT('',(-1.22654087953311,7.58683000668253,-1.49207722544448));
#11740=CARTESIAN_POINT('',(-1.22654087953308,7.58683000668253,-19.4620266192158));
#11741=CARTESIAN_POINT('',(-1.22654087953311,7.58683000668253,-1.50210050514778));
#11742=CARTESIAN_POINT('',(0.,7.58683000668253,-19.4620266192158));
#11743=CARTESIAN_POINT('',(-3.35509554543164,7.58683000668253,-1.77568492758909));
#11744=CARTESIAN_POINT('',(-3.35509554543164,7.58683000668253,-19.4620266192158));
#11745=CARTESIAN_POINT('',(-3.35509554543164,7.58683000668253,-1.9289986295921));
#11746=CARTESIAN_POINT('',(27.7861072826939,7.58683000668253,-1.9289986295921));
#11747=CARTESIAN_POINT('',(3.35509554543164,7.58683000668253,-1.9289986295921));
#11748=CARTESIAN_POINT('',(3.35509554543164,7.58683000668253,4.29247154881114E-16));
#11749=CARTESIAN_POINT('',(3.35509554543164,7.58683000668253,-1.77568492758909));
#11750=CARTESIAN_POINT('',(0.,7.58683000668253,-19.4620266192158));
#11751=CARTESIAN_POINT('',(1.22654087953311,7.58683000668253,-1.50210050514777));
#11752=CARTESIAN_POINT('',(1.22654087953309,7.58683000668253,-19.4620266192158));
#11753=CARTESIAN_POINT('',(1.22654087953311,7.58683000668253,-1.49207722544447));
#11754=CARTESIAN_POINT('',(0.,7.58683000668253,-19.4620266192158));
#11755=CARTESIAN_POINT('',(4.14038481684482,7.58683000668253,-0.185));
#11756=CARTESIAN_POINT('',(4.14038481684482,7.58683000668253,-0.185));
#11757=CARTESIAN_POINT('',(4.14038481684482,7.58683000668253,4.29247154881114E-16));
#11758=CARTESIAN_POINT('',(4.14038481684482,7.58683000668253,-1.15260350746004));
#11759=CARTESIAN_POINT('',(4.14038481684482,7.58683000668253,-1.15260350746004));
#11760=CARTESIAN_POINT('',(4.14038481684482,7.58683000668253,-1.5920270479185));
#11761=CARTESIAN_POINT('',(4.45218909275682,7.58683000668253,-2.00365928379903));
#11762=CARTESIAN_POINT('',(4.87521116852085,7.58683000668253,-2.1225975684599));
#11763=CARTESIAN_POINT('',(4.87521116852085,7.58683000668253,-2.1225975684599));
#11764=CARTESIAN_POINT('',(0.,7.58683000668253,-19.4620266192158));
#11765=CARTESIAN_POINT('',(17.9851230271202,7.58683000668253,-18.4828262090766));
#11766=CARTESIAN_POINT('',(16.6995387905599,7.58683000668253,-18.4828262090766));
#11767=CARTESIAN_POINT('',(16.6995387905599,7.58683000668253,-18.4828262090766));
#11768=CARTESIAN_POINT('',(16.6995387905599,7.58683000668253,-20.6637698553407));
#11769=CARTESIAN_POINT('',(16.6995387905599,7.58683000668253,-20.6637698553407));
#11770=CARTESIAN_POINT('',(17.9716247717978,7.58683000668253,-20.6637698553407));
#11771=CARTESIAN_POINT('',(17.9716247717978,7.58683000668253,-20.6637698553407));
#11772=CARTESIAN_POINT('',(0.,7.58683000668253,-19.4620266192158));
#11773=CARTESIAN_POINT('',(17.4035066971638,7.58683000668253,-24.1033021320074));
#11774=CARTESIAN_POINT('',(18.2383296197224,7.58683000668253,-24.325937906246));
#11775=CARTESIAN_POINT('',(17.9777148540544,7.58683000668253,-25.1496951179994));
#11776=CARTESIAN_POINT('',(18.8532749205278,7.58683000668253,-25.4266989223929));
#11777=CARTESIAN_POINT('',(18.7234353571401,7.58683000668253,-25.3856211546915));
#11778=CARTESIAN_POINT('',(18.06408,7.58683000668253,-27.4697269004277));
#11779=CARTESIAN_POINT('',(20.25,7.58683000668253,-27.4697269004277));
#11780=CARTESIAN_POINT('',(20.25,7.58683000668253,-27.8405251135579));
#11781=CARTESIAN_POINT('',(20.25,7.58683000668253,-27.8405251135579));
#11782=CARTESIAN_POINT('',(17.73,7.58683000668253,-27.8405251135579));
#11783=CARTESIAN_POINT('',(18.5335381978309,7.58683000668254,-30.2289820138655));
#11784=CARTESIAN_POINT('',(18.8396479874807,7.58683000668253,-31.1388703568398));
#11785=CARTESIAN_POINT('',(17.8796479874807,7.58683000668253,-31.1388703568398));
#11786=CARTESIAN_POINT('',(17.8796479874807,7.58683000668253,-37.6872248538481));
#11787=CARTESIAN_POINT('',(17.8796479874807,7.58683000668253,-44.7611781243705));
#11788=CARTESIAN_POINT('',(17.0147738848854,7.58683000668253,-44.7611781243705));
#11789=CARTESIAN_POINT('',(17.0147738848854,7.58683000668253,-45.6260522269658));
#11790=CARTESIAN_POINT('',(-5.75260289120757,7.58683000668253,-45.6260522269658));
#11791=CARTESIAN_POINT('',(16.0117010032611,7.58683000668253,-45.6260522269658));
#11792=CARTESIAN_POINT('',(16.0117010032611,7.58683000668253,-44.4890789258864));
#11793=CARTESIAN_POINT('',(-0.684457223090821,7.58683000668253,-44.3269870495343));
#11794=CARTESIAN_POINT('',(-0.684457223090818,7.58683000668253,-43.6989751350704));
#11795=CARTESIAN_POINT('',(-0.684457223090818,7.58683000668253,-43.6989751350704));
#11796=CARTESIAN_POINT('',(-5.73047881089143,7.58683000668253,-43.6989751350704));
#11797=CARTESIAN_POINT('',(-5.73047881089143,7.58683000668253,-44.3269870495343));
#11798=CARTESIAN_POINT('',(-15.8063927491451,7.58683000668253,-44.4890789258864));
#11799=CARTESIAN_POINT('',(-15.8063927491451,7.58683000668253,-45.6260522269658));
#11800=CARTESIAN_POINT('',(-5.75260289120757,7.58683000668253,-45.6260522269658));
#11801=CARTESIAN_POINT('',(-17.0147738848854,7.58683000668253,-45.6260522269658));
#11802=CARTESIAN_POINT('',(-17.0147738848854,7.58683000668253,-44.7611781243705));
#11803=CARTESIAN_POINT('',(-17.8796479874807,7.58683000668253,-44.7611781243705));
#11804=CARTESIAN_POINT('',(-17.8796479874807,7.58683000668253,-31.1388703568397));
#11805=CARTESIAN_POINT('',(-17.8796479874807,7.58683000668254,-31.1388703568397));
#11806=CARTESIAN_POINT('',(-18.8396479874807,7.58683000668253,-31.1388703568397));
#11807=CARTESIAN_POINT('',(-18.5335381978309,7.58683000668253,-30.2289820138655));
#11808=CARTESIAN_POINT('',(-17.73,7.58683000668253,-27.8405251135579));
#11809=CARTESIAN_POINT('',(-20.25,7.58683000668253,-27.8405251135579));
#11810=CARTESIAN_POINT('',(-20.25,7.58683000668253,-27.8405251135579));
#11811=CARTESIAN_POINT('',(-20.25,7.58683000668253,-27.4697269004277));
#11812=CARTESIAN_POINT('',(-18.06408,7.58683000668253,-27.4697269004277));
#11813=CARTESIAN_POINT('',(-18.7234353571401,7.58683000668253,-25.3856211546915));
#11814=CARTESIAN_POINT('',(-18.8532749205278,7.58683000668253,-25.4266989223928));
#11815=CARTESIAN_POINT('',(-17.9777148540544,7.58683000668253,-25.1496951179994));
#11816=CARTESIAN_POINT('',(-18.2383296197224,7.58683000668253,-24.325937906246));
#11817=CARTESIAN_POINT('',(-17.4035075752311,7.58683000668253,-24.1032988394954));
#11818=CARTESIAN_POINT('',(0.,7.58683000668253,-19.4620266192158));
#11819=CARTESIAN_POINT('',(-17.9716247717978,7.58683000668253,-20.6637698553407));
#11820=CARTESIAN_POINT('',(-17.9716247717978,7.58683000668253,-20.6637698553407));
#11821=CARTESIAN_POINT('',(-16.6995387905599,7.58683000668253,-20.6637698553407));
#11822=CARTESIAN_POINT('',(-16.6995387905599,7.58683000668253,-20.6637698553407));
#11823=CARTESIAN_POINT('',(-16.6995387905599,7.58683000668253,-18.4828262090766));
#11824=CARTESIAN_POINT('',(-16.6995387905599,7.58683000668253,-18.4828262090766));
#11825=CARTESIAN_POINT('',(-17.9851230271202,7.58683000668253,-18.4828262090766));
#11826=CARTESIAN_POINT('',(0.,7.58683000668253,-19.4620266192158));
#11827=CARTESIAN_POINT('',(-4.87521116852084,7.58683000668253,-2.1225975684599));
#11828=CARTESIAN_POINT('',(-4.87521116852084,7.58683000668253,-2.1225975684599));
#11829=CARTESIAN_POINT('',(-4.45218933833281,7.58683000668253,-2.00365935284599));
#11830=CARTESIAN_POINT('',(-4.14038481684482,7.58683000668253,-1.59202674625545));
#11831=CARTESIAN_POINT('',(-4.14038481684482,7.58683000668253,-1.15260350746004));
#11832=CARTESIAN_POINT('',(-17.699237592938,7.58683000668253,-27.75));
#11833=CARTESIAN_POINT('',(-17.699237592938,7.58683000668253,-25.9));
#11834=CARTESIAN_POINT('',(17.699237592938,7.58683000668253,-27.75));
#11835=CARTESIAN_POINT('',(17.699237592938,7.58683000668253,-25.9));
#11836=CARTESIAN_POINT('',(-16.6917555900996,7.58683000668253,-32.0185145680118));
#11837=CARTESIAN_POINT('',(-17.2317555900996,7.58683000668253,-32.0185145680118));
#11838=CARTESIAN_POINT('',(-16.0117010032611,7.58683000668253,-32.0185145680118));
#11839=CARTESIAN_POINT('',(-17.2317555900996,7.58683000668253,-37.0645361558124));
#11840=CARTESIAN_POINT('',(-17.2317555900996,7.58683000668253,-37.0645361558124));
#11841=CARTESIAN_POINT('',(-16.2256547159331,7.58683000668253,-37.0645361558124));
#11842=CARTESIAN_POINT('',(-16.0117010032611,7.58683000668253,-37.0645361558124));
#11843=CARTESIAN_POINT('',(-16.0117010032611,7.58683000668253,-36.1914437163365));
#11844=CARTESIAN_POINT('',(-43.6298979310922,7.58683000668253,-18.4828262090766));
#11845=CARTESIAN_POINT('',(-16.6227861464086,7.58683000668253,-18.4828262090766));
#11846=CARTESIAN_POINT('',(-9.95194285337207,7.58683000668253,-18.4828262090766));
#11847=CARTESIAN_POINT('',(-16.6227861464086,7.58683000668253,-20.7352108978207));
#11848=CARTESIAN_POINT('',(-16.6227861464086,7.58683000668253,-20.6637698553407));
#11849=CARTESIAN_POINT('',(-43.6298979310922,7.58683000668253,-20.6637698553407));
#11850=CARTESIAN_POINT('',(-9.92752805054853,7.58683000668253,-20.6637698553407));
#11851=CARTESIAN_POINT('',(0.,7.58683000668253,-19.4620266192158));
#11852=CARTESIAN_POINT('',(9.92752805054853,7.58683000668253,-20.6637698553407));
#11853=CARTESIAN_POINT('',(-43.6298979310922,7.58683000668253,-20.6637698553407));
#11854=CARTESIAN_POINT('',(16.6227861464086,7.58683000668253,-20.6637698553407));
#11855=CARTESIAN_POINT('',(16.6227861464086,7.58683000668253,-20.7352108978207));
#11856=CARTESIAN_POINT('',(16.6227861464086,7.58683000668253,-18.4828262090766));
#11857=CARTESIAN_POINT('',(-43.6298979310922,7.58683000668253,-18.4828262090766));
#11858=CARTESIAN_POINT('',(9.95194285337207,7.58683000668253,-18.4828262090766));
#11859=CARTESIAN_POINT('',(0.,7.58683000668253,-19.4620266192158));
#11860=CARTESIAN_POINT('',(17.2317555900996,7.58683000668253,-19.4620266192158));
#11861=CARTESIAN_POINT('',(17.2317555900996,7.58683000668253,-37.0645361558124));
#11862=CARTESIAN_POINT('',(17.2317555900996,7.58683000668253,-32.2075145680118));
#11863=CARTESIAN_POINT('',(16.7420199471247,7.58683000668253,-32.0185145680118));
#11864=CARTESIAN_POINT('',(16.9214086461943,7.58683000668253,-32.0185145680118));
#11865=CARTESIAN_POINT('',(17.0794555269792,7.58683000668253,-32.1174150192186));
#11866=CARTESIAN_POINT('',(17.2317555900996,7.58683000668253,-32.2075145680118));
#11867=CARTESIAN_POINT('',(16.7420199471247,7.58683000668253,-32.0185145680118));
#11868=CARTESIAN_POINT('',(16.6917555900996,7.58683000668253,-32.0185145680118));
#11869=CARTESIAN_POINT('',(16.0117010032611,7.58683000668253,-32.0185145680118));
#11870=CARTESIAN_POINT('',(16.0117010032611,7.58683000668253,-36.1914437163365));
#11871=CARTESIAN_POINT('',(16.0117010032611,7.58683000668253,-37.0645361558124));
#11872=CARTESIAN_POINT('',(16.2256547159331,7.58683000668253,-37.0645361558124));
#11873=CARTESIAN_POINT('',(-17.0147738848854,-18.5169208223379,-45.6260522269658));
#11874=CARTESIAN_POINT('',(-1.39845722309082,0.577030800056538,-45.6260522269658));
#11875=CARTESIAN_POINT('',(-5.01647881089143,0.577030800056538,-45.6260522269658));
#11876=CARTESIAN_POINT('',(-1.39845722309082,0.577030800056538,-45.6260522269658));
#11877=CARTESIAN_POINT('',(-1.39845722309082,0.76603080005654,-45.6260522269658));
#11878=CARTESIAN_POINT('',(-1.20945722309082,0.76603080005654,-45.6260522269658));
#11879=CARTESIAN_POINT('',(-1.20945722309082,0.76603080005654,-45.6260522269658));
#11880=CARTESIAN_POINT('',(-1.20945722309082,2.5134727765356,-45.6260522269658));
#11881=CARTESIAN_POINT('',(-1.39845722309082,2.5134727765356,-45.6260522269658));
#11882=CARTESIAN_POINT('',(-1.39845722309082,2.70247277653561,-45.6260522269658));
#11883=CARTESIAN_POINT('',(-5.01647881089143,2.70247277653561,-45.6260522269658));
#11884=CARTESIAN_POINT('',(-5.01647881089143,2.70247277653561,-45.6260522269658));
#11885=CARTESIAN_POINT('',(-5.01647881089143,2.5134727765356,-45.6260522269658));
#11886=CARTESIAN_POINT('',(-5.20547881089144,2.5134727765356,-45.6260522269658));
#11887=CARTESIAN_POINT('',(-5.20547881089144,2.5134727765356,-45.6260522269658));
#11888=CARTESIAN_POINT('',(-5.20547881089143,0.766030800056541,-45.6260522269658));
#11889=CARTESIAN_POINT('',(-5.01647881089143,0.76603080005654,-45.6260522269658));
#11890=CARTESIAN_POINT('',(16.0117010032611,5.17496241777249,-45.6260522269658));
#11891=CARTESIAN_POINT('',(16.0117010032611,3.7077242354697,-45.6260522269658));
#11892=CARTESIAN_POINT('',(17.0147738848854,-18.5169208223379,-45.6260522269658));
#11893=CARTESIAN_POINT('',(17.0147738848854,-8.10208000000002,-45.6260522269658));
#11894=CARTESIAN_POINT('',(-17.0147738848854,-8.10208000000002,-45.6260522269658));
#11895=CARTESIAN_POINT('',(-17.0147738848854,-8.10208000000002,-45.6260522269658));
#11896=CARTESIAN_POINT('',(-17.0147738848854,-18.5169208223379,-45.6260522269658));
#11897=CARTESIAN_POINT('',(-15.8063927491451,5.17496241777249,-45.6260522269658));
#11898=CARTESIAN_POINT('',(-15.8063927491451,3.7077242354697,-45.6260522269658));
#11899=CARTESIAN_POINT('',(-15.3778161090144,3.7077242354697,-45.6260522269658));
#11900=CARTESIAN_POINT('',(-0.684457223090821,3.54426898235932,-44.3269870495343));
#11901=CARTESIAN_POINT('',(-0.684457223090821,3.54426898235932,-44.3269870495343));
#11902=CARTESIAN_POINT('',(-0.684457223090821,0.577030800056536,-44.3269870495343));
#11903=CARTESIAN_POINT('',(-0.684457223090821,0.577030800056536,-44.3269870495343));
#11904=CARTESIAN_POINT('',(-0.684457223090817,0.577030800056536,-43.6989751350704));
#11905=CARTESIAN_POINT('',(-0.684457223090818,3.54426898235932,-43.6989751350704));
#11906=CARTESIAN_POINT('',(-5.73047881089143,3.54426898235932,-44.3269870495343));
#11907=CARTESIAN_POINT('',(-5.73047881089143,3.54426898235932,-43.6989751350704));
#11908=CARTESIAN_POINT('',(-5.73047881089143,0.577030800056536,-43.6989751350704));
#11909=CARTESIAN_POINT('',(-5.73047881089143,0.577030800056536,-44.3269870495343));
#11910=CARTESIAN_POINT('',(-5.73047881089143,0.577030800056536,-44.3269870495343));
#11911=CARTESIAN_POINT('',(-5.73047881089143,3.54426898235932,-44.3269870495343));
#11912=CARTESIAN_POINT('',(0.,3.57589450271933,0.));
#11913=CARTESIAN_POINT('',(16.6917555900996,3.57589450271933,-32.0185145680118));
#11914=CARTESIAN_POINT('',(16.5027555900996,3.57589450271933,-32.0185145680118));
#11915=CARTESIAN_POINT('',(16.0011854301647,3.57589450271933,-32.0185145680118));
#11916=CARTESIAN_POINT('',(16.5027555900996,3.57589450271933,-32.2075145680118));
#11917=CARTESIAN_POINT('',(16.6917555900996,3.57589450271933,-32.2075145680118));
#11918=CARTESIAN_POINT('',(16.6917555900996,3.57589450271933,-32.4685145680118));
#11919=CARTESIAN_POINT('',(16.6917555900996,3.57589450271933,-32.6575145680118));
#11920=CARTESIAN_POINT('',(0.,3.57589450271933,-32.6575145680118));
#11921=CARTESIAN_POINT('',(17.8796479874807,3.57589450271933,-32.6575145680118));
#11922=CARTESIAN_POINT('',(17.8796479874807,3.57589450271933,-32.4342790616802));
#11923=CARTESIAN_POINT('',(17.8796479874807,3.57589450271933,-36.2755361558124));
#11924=CARTESIAN_POINT('',(0.,3.57589450271933,-36.2755361558124));
#11925=CARTESIAN_POINT('',(16.6917555900996,3.57589450271933,-36.2755361558124));
#11926=CARTESIAN_POINT('',(16.6917555900996,3.57589450271933,-36.4645361558124));
#11927=CARTESIAN_POINT('',(16.6917555900996,3.57589450271933,-37.0645361558124));
#11928=CARTESIAN_POINT('',(16.6917555900996,3.57589450271933,-37.0645361558124));
#11929=CARTESIAN_POINT('',(16.0011854301647,3.57589450271933,-37.0645361558124));
#11930=CARTESIAN_POINT('',(16.0011854301647,3.57589450271933,-32.4342790616802));
#11931=CARTESIAN_POINT('',(16.0011854301647,5.7013364791984,-36.5376527601448));
#11932=CARTESIAN_POINT('',(16.6917555900996,5.7013364791984,-32.0185145680118));
#11933=CARTESIAN_POINT('',(16.6917555900996,5.7013364791984,-32.6575145680118));
#11934=CARTESIAN_POINT('',(16.6917555900996,5.7013364791984,-36.2755361558124));
#11935=CARTESIAN_POINT('',(16.0011854301647,5.7013364791984,-36.2755361558124));
#11936=CARTESIAN_POINT('',(17.8796479874807,5.7013364791984,-36.2755361558124));
#11937=CARTESIAN_POINT('',(17.8796479874807,5.7013364791984,-36.5376527601448));
#11938=CARTESIAN_POINT('',(17.8796479874807,5.7013364791984,-32.6575145680118));
#11939=CARTESIAN_POINT('',(16.0011854301647,5.7013364791984,-32.6575145680118));
#11940=CARTESIAN_POINT('',(0.,3.57589450271933,0.));
#11941=CARTESIAN_POINT('',(-16.6917555900996,3.57589450271933,-36.4645361558124));
#11942=CARTESIAN_POINT('',(-16.6917555900996,3.57589450271933,-36.2755361558124));
#11943=CARTESIAN_POINT('',(-16.6917555900996,3.57589450271933,-37.0645361558124));
#11944=CARTESIAN_POINT('',(0.,3.57589450271933,-36.2755361558124));
#11945=CARTESIAN_POINT('',(-17.8796479874807,3.57589450271933,-36.2755361558124));
#11946=CARTESIAN_POINT('',(-17.8796479874807,3.57589450271933,-36.5376527601448));
#11947=CARTESIAN_POINT('',(-17.8796479874807,3.57589450271933,-32.6575145680118));
#11948=CARTESIAN_POINT('',(0.,3.57589450271933,-32.6575145680118));
#11949=CARTESIAN_POINT('',(-16.6917555900996,3.57589450271933,-32.6575145680118));
#11950=CARTESIAN_POINT('',(-16.6917555900996,3.57589450271933,-32.4685145680118));
#11951=CARTESIAN_POINT('',(-16.6917555900996,3.57589450271933,-32.0185145680118));
#11952=CARTESIAN_POINT('',(-16.6917555900996,3.57589450271933,-32.0185145680118));
#11953=CARTESIAN_POINT('',(-15.9863791259205,3.57589450271933,-32.0185145680118));
#11954=CARTESIAN_POINT('',(-15.9863791259205,3.57589450271933,-36.5376527601448));
#11955=CARTESIAN_POINT('',(-15.9863791259205,3.57589450271933,-37.0645361558124));
#11956=CARTESIAN_POINT('',(-16.6917555900996,3.57589450271933,-37.0645361558124));
#11957=CARTESIAN_POINT('',(0.,-9.1,-19.4620266192158));
#11958=CARTESIAN_POINT('',(17.9667049159433,7.76250987765613,-20.7352108978206));
#11959=CARTESIAN_POINT('',(17.9667049159433,7.98933000668253,-20.7352108978206));
#11960=CARTESIAN_POINT('',(0.,9.26251428528743,-19.4620266192158));
#11961=CARTESIAN_POINT('',(17.4035066971639,-9.1,-24.1033021320074));
#11962=CARTESIAN_POINT('',(0.,-9.1,-19.4620266192158));
#11963=CARTESIAN_POINT('',(0.,9.26251428528743,-19.4620266192158));
#11964=CARTESIAN_POINT('',(-17.9667049159433,7.98933000668253,-20.7352108978207));
#11965=CARTESIAN_POINT('',(-17.9667049159433,7.76250987765613,-20.7352108978207));
#11966=CARTESIAN_POINT('',(-17.4035066971639,-9.1,-24.1033021320074));
#11967=CARTESIAN_POINT('',(17.8796479874807,-18.5169208223379,-30.8040619927125));
#11968=CARTESIAN_POINT('',(17.8796479874807,-18.5169208223379,-44.8111781243705));
#11969=CARTESIAN_POINT('',(17.8796479874807,7.76250987765613,-37.6872248538481));
#11970=CARTESIAN_POINT('',(17.8796479874807,-18.5169208223379,-30.8040619927125));
#11971=CARTESIAN_POINT('',(17.8796479874807,3.76489450271933,-32.6575145680118));
#11972=CARTESIAN_POINT('',(17.8796479874807,3.76489450271933,-32.4685145680118));
#11973=CARTESIAN_POINT('',(17.8796479874807,8.66857466150118,-32.4685145680118));
#11974=CARTESIAN_POINT('',(17.8796479874807,5.5123364791984,-32.4685145680118));
#11975=CARTESIAN_POINT('',(17.8796479874807,5.5123364791984,-32.6575145680118));
#11976=CARTESIAN_POINT('',(17.8796479874807,5.5123364791984,-36.2755361558124));
#11977=CARTESIAN_POINT('',(17.8796479874807,5.5123364791984,-36.4645361558124));
#11978=CARTESIAN_POINT('',(17.8796479874807,6.54313268502211,-36.4645361558124));
#11979=CARTESIAN_POINT('',(17.8796479874807,3.76489450271933,-36.4645361558124));
#11980=CARTESIAN_POINT('',(17.8796479874807,3.76489450271933,-36.2755361558124));
#11981=CARTESIAN_POINT('',(17.8796479874807,-18.5169208223379,-44.7611781243705));
#11982=CARTESIAN_POINT('',(17.8796479874807,-8.10208000000002,-44.7611781243705));
#11983=CARTESIAN_POINT('',(17.8796479874807,-18.5169208223379,-31.1388703568398));
#11984=CARTESIAN_POINT('',(17.8796479874807,-8.10208000000002,-31.1388703568398));
#11985=CARTESIAN_POINT('',(17.8796479874807,-8.10208000000002,-44.7611781243705));
#11986=CARTESIAN_POINT('',(-18.2383296197224,-9.1,-24.325937906246));
#11987=CARTESIAN_POINT('',(-17.6960859545389,7.76250987765613,-24.998595179728));
#11988=CARTESIAN_POINT('',(-17.6960859545389,7.63231342960141,-24.998595179728));
#11989=CARTESIAN_POINT('',(-17.6960859545389,7.63231342960141,-24.998595179728));
#11990=CARTESIAN_POINT('',(-17.6858097362105,7.62401778078834,-24.9903112965229));
#11991=CARTESIAN_POINT('',(-17.67583196937,7.61551767728645,-24.9818799405232));
#11992=CARTESIAN_POINT('',(-17.6661330741017,7.60683000668254,-24.9733072854876));
#11993=CARTESIAN_POINT('',(0.,49.5232149158984,-19.4620266192158));
#11994=CARTESIAN_POINT('',(0.,-8.1,-19.4620266192158));
#11995=CARTESIAN_POINT('',(0.,-8.1,-29.4620266192158));
#11996=CARTESIAN_POINT('',(9.95194285337207,49.5232149158984,-18.4828262090766));
#11997=CARTESIAN_POINT('',(-9.95194285337207,49.5232149158984,-18.4828262090766));
#11998=CARTESIAN_POINT('',(-9.92752805054853,49.5232149158984,-20.6637698553407));
#11999=CARTESIAN_POINT('',(9.92752805054853,49.5232149158984,-20.6637698553407));
#12000=CARTESIAN_POINT('',(-17.8796479874807,-18.5169208223379,-30.8040619927125));
#12001=CARTESIAN_POINT('',(-17.8796479874807,7.76250987765613,-37.6872248538481));
#12002=CARTESIAN_POINT('',(-17.8796479874807,-18.5169208223379,-44.7611781243705));
#12003=CARTESIAN_POINT('',(-17.8796479874807,-18.5169208223379,-30.8040619927125));
#12004=CARTESIAN_POINT('',(-17.8796479874807,5.7013364791984,-32.4342790616802));
#12005=CARTESIAN_POINT('',(-17.8796479874807,5.7013364791984,-32.6575145680118));
#12006=CARTESIAN_POINT('',(-17.8796479874807,5.7013364791984,-36.2755361558124));
#12007=CARTESIAN_POINT('',(-17.8796479874807,5.5123364791984,-32.6575145680118));
#12008=CARTESIAN_POINT('',(-17.8796479874807,5.5123364791984,-32.4685145680118));
#12009=CARTESIAN_POINT('',(-17.8796479874807,6.54313268502211,-32.4685145680118));
#12010=CARTESIAN_POINT('',(-17.8796479874807,3.76489450271933,-32.4685145680118));
#12011=CARTESIAN_POINT('',(-17.8796479874807,3.76489450271933,-32.6575145680118));
#12012=CARTESIAN_POINT('',(-17.8796479874807,3.76489450271933,-36.2755361558124));
#12013=CARTESIAN_POINT('',(-17.8796479874807,3.76489450271933,-36.4645361558124));
#12014=CARTESIAN_POINT('',(-17.8796479874807,8.66857466150118,-36.4645361558124));
#12015=CARTESIAN_POINT('',(-17.8796479874807,5.5123364791984,-36.4645361558124));
#12016=CARTESIAN_POINT('',(-17.8796479874807,5.5123364791984,-36.2755361558124));
#12017=CARTESIAN_POINT('',(-17.8796479874807,-18.5169208223379,-44.7611781243705));
#12018=CARTESIAN_POINT('',(-17.8796479874807,-8.10208000000002,-44.7611781243705));
#12019=CARTESIAN_POINT('',(-17.8796479874807,-8.10208000000002,-31.1388703568397));
#12020=CARTESIAN_POINT('',(-17.8796479874807,-8.10208000000002,-31.1388703568397));
#12021=CARTESIAN_POINT('',(-17.8796479874807,-18.5169208223379,-31.1388703568397));
#12022=CARTESIAN_POINT('',(-17.0147738848854,-18.5169208223379,-44.7611781243705));
#12023=CARTESIAN_POINT('',(-17.0147738848854,-18.5169208223379,-45.6260522269658));
#12024=CARTESIAN_POINT('',(-17.0147738848854,-18.5169208223379,-44.7611781243705));
#12025=CARTESIAN_POINT('',(-17.0147738848854,-8.10208000000002,-44.7611781243705));
#12026=CARTESIAN_POINT('',(-17.0147738848854,-18.5169208223379,-45.6260522269658));
#12027=CARTESIAN_POINT('',(-5.75260289120757,7.76250987765613,-45.6260522269658));
#12028=CARTESIAN_POINT('',(-5.75260289120757,4.07957968256883,-45.6260522269658));
#12029=CARTESIAN_POINT('',(-15.639824683549,4.07957968256883,-45.6260522269658));
#12030=CARTESIAN_POINT('',(-15.639824683549,4.07957968256883,-45.6260522269658));
#12031=CARTESIAN_POINT('',(-15.639824683549,5.54681786487162,-45.6260522269658));
#12032=CARTESIAN_POINT('',(17.0147738848854,-18.5169208223379,-44.8111781243705));
#12033=CARTESIAN_POINT('',(17.0147738848854,-18.5169208223379,-44.7611781243705));
#12034=CARTESIAN_POINT('',(17.0147738848854,-8.10208000000002,-44.7611781243705));
#12035=CARTESIAN_POINT('',(18.2383296197224,-9.1,-24.325937906246));
#12036=CARTESIAN_POINT('',(17.6661330741017,7.60683000668253,-24.9733072854876));
#12037=CARTESIAN_POINT('',(17.67583196937,7.61551767728646,-24.9818799405232));
#12038=CARTESIAN_POINT('',(17.6858097362105,7.62401778078837,-24.9903112965229));
#12039=CARTESIAN_POINT('',(17.6960859545389,7.63231342960145,-24.9985951797281));
#12040=CARTESIAN_POINT('',(17.6960859545389,7.63231342960144,-24.9985951797281));
#12041=CARTESIAN_POINT('',(17.6960859545389,7.76250987765613,-24.9985951797281));
#12042=CARTESIAN_POINT('',(-17.4912684062303,7.76250987765613,-25.1351833367126));
#12043=CARTESIAN_POINT('',(-17.5107869700063,7.76250987765613,-25.3805923389756));
#12044=CARTESIAN_POINT('',(-17.5107869700063,8.00683000668253,-25.3805923389756));
#12045=CARTESIAN_POINT('',(-17.5107869700063,8.00683000668253,-25.3805923389756));
#12046=CARTESIAN_POINT('',(-17.6200911390853,8.00683001507867,-25.3718988502467));
#12047=CARTESIAN_POINT('',(-17.7618905586269,7.85707341299098,-25.224182270829));
#12048=CARTESIAN_POINT('',(-17.7425005123871,7.70196640533707,-25.0681950348997));
#12049=CARTESIAN_POINT('',(-17.6960859545389,7.63231342960141,-24.998595179728));
#12050=CARTESIAN_POINT('',(-17.699237592938,7.76250987765613,-27.75));
#12051=CARTESIAN_POINT('',(-17.3784846496947,7.76250987765613,-30.1051483712933));
#12052=CARTESIAN_POINT('',(-17.3784846496947,8.00683000668253,-30.1051483712933));
#12053=CARTESIAN_POINT('',(-17.699237592938,8.00683000668253,-27.75));
#12054=CARTESIAN_POINT('',(-17.3220822169557,7.76250987765613,-30.5192867304271));
#12055=CARTESIAN_POINT('',(-17.7400437162891,7.76250987765613,-30.5192867304271));
#12056=CARTESIAN_POINT('',(-17.7400437162891,7.61413269666073,-30.5192867304271));
#12057=CARTESIAN_POINT('',(-17.7400437162891,7.61413269666073,-30.5192867304271));
#12058=CARTESIAN_POINT('',(-17.7400437162891,7.70115324653234,-30.4322567337912));
#12059=CARTESIAN_POINT('',(-17.6936626718826,7.87362378842395,-30.2620395183485));
#12060=CARTESIAN_POINT('',(-17.5015837478562,8.00683000668266,-30.12191351379));
#12061=CARTESIAN_POINT('',(-17.3784846496947,8.00683000668267,-30.1051483712931));
#12062=CARTESIAN_POINT('',(-17.7400437162891,7.76250987765613,-31.6288112782748));
#12063=CARTESIAN_POINT('',(-17.7400437162891,7.60683000668253,-30.5265902110846));
#12064=CARTESIAN_POINT('',(-17.7400437162891,7.60926423702188,-30.5241557178787));
#12065=CARTESIAN_POINT('',(-17.7400437162891,7.61169846701553,-30.5217212243271));
#12066=CARTESIAN_POINT('',(-17.7400437162891,7.61413269666073,-30.5192867304271));
#12067=CARTESIAN_POINT('',(-17.7400437162891,7.76250987765613,-31.6288112782748));
#12068=CARTESIAN_POINT('',(-17.3503404265521,7.76250987765613,-31.6288112782748));
#12069=CARTESIAN_POINT('',(-17.3503404265521,7.76250987765613,-32.0185145680118));
#12070=CARTESIAN_POINT('',(-15.8082692243713,7.76250987765613,-32.0185145680118));
#12071=CARTESIAN_POINT('',(-15.8082692243713,7.76250987765613,-32.0185145680118));
#12072=CARTESIAN_POINT('',(-15.8082692243713,7.76250987765613,-32.4185145680118));
#12073=CARTESIAN_POINT('',(-15.4082692243713,7.76250987765613,-32.4185145680118));
#12074=CARTESIAN_POINT('',(-15.4082692243713,7.76250987765613,-32.4259255924071));
#12075=CARTESIAN_POINT('',(-15.4082692243713,7.76250987765613,-32.4259255924071));
#12076=CARTESIAN_POINT('',(-15.8082692243713,7.76250987765613,-32.4259255924071));
#12077=CARTESIAN_POINT('',(-15.8082692243713,7.76250987765613,-32.8259255924071));
#12078=CARTESIAN_POINT('',(-16.5486105030479,7.76250987765613,-32.825925592407));
#12079=CARTESIAN_POINT('',(-17.5486105030479,4.10683000668253,-32.8259255924071));
#12080=CARTESIAN_POINT('',(-17.5486105030479,5.19883000668254,-32.8259255924071));
#12081=CARTESIAN_POINT('',(-17.5486105030479,5.50116061869408,-32.8259255924071));
#12082=CARTESIAN_POINT('',(-17.5486105030481,5.19883000668269,-32.825925592407));
#12083=CARTESIAN_POINT('',(-16.4566105030479,4.10683000668253,-32.8259255924071));
#12084=CARTESIAN_POINT('',(-16.5486105030479,4.10683000668253,-32.8259255924071));
#12085=CARTESIAN_POINT('',(-16.0354460436648,4.10683000668253,-32.8259255924071));
#12086=CARTESIAN_POINT('',(-16.0354460436648,4.10683000668253,-32.8259255924071));
#12087=CARTESIAN_POINT('',(-15.9486105030479,8.5,-32.8259255924071));
#12088=CARTESIAN_POINT('',(-17.5486105030479,5.50116061869408,-32.8259255924071));
#12089=CARTESIAN_POINT('',(-15.8082692243713,7.76250987765613,-36.146006229418));
#12090=CARTESIAN_POINT('',(-16.0354460436648,4.10683000668253,-36.146006229418));
#12091=CARTESIAN_POINT('',(-16.0354460436648,4.10683000668253,-36.146006229418));
#12092=CARTESIAN_POINT('',(-16.4566105030479,4.10683000668253,-36.146006229418));
#12093=CARTESIAN_POINT('',(-17.5486105030479,5.19883000668253,-36.146006229418));
#12094=CARTESIAN_POINT('',(-17.5486105030479,5.19883000668254,-36.146006229418));
#12095=CARTESIAN_POINT('',(-17.5486105030479,4.10683000668253,-36.146006229418));
#12096=CARTESIAN_POINT('',(-17.5486105030479,5.50116061869408,-36.146006229418));
#12097=CARTESIAN_POINT('',(-17.5486105030479,5.50116061869408,-36.146006229418));
#12098=CARTESIAN_POINT('',(-15.9486105030479,8.5,-36.146006229418));
#12099=CARTESIAN_POINT('',(-15.8082692243713,7.76250987765613,-36.146006229418));
#12100=CARTESIAN_POINT('',(-16.0354460436648,4.10683000668253,-36.146006229418));
#12101=CARTESIAN_POINT('',(-15.8082692243713,7.76250987765613,-36.546006229418));
#12102=CARTESIAN_POINT('',(-15.4082692243713,7.76250987765613,-36.546006229418));
#12103=CARTESIAN_POINT('',(-15.4082692243713,7.76250987765613,-36.6645361558124));
#12104=CARTESIAN_POINT('',(-15.4082692243713,7.76250987765613,-36.6645361558124));
#12105=CARTESIAN_POINT('',(-15.8082692243713,7.76250987765613,-36.6645361558124));
#12106=CARTESIAN_POINT('',(-15.8082692243713,7.76250987765613,-37.0645361558124));
#12107=CARTESIAN_POINT('',(-17.256959289445,7.76250987765613,-37.0645361558124));
#12108=CARTESIAN_POINT('',(-17.256959289445,7.76250987765613,-37.0645361558124));
#12109=CARTESIAN_POINT('',(-17.256959289445,7.76250987765613,-37.6872248538481));
#12110=CARTESIAN_POINT('',(17.256959289445,7.76250987765613,-37.6872248538481));
#12111=CARTESIAN_POINT('',(17.256959289445,7.76250987765613,-37.0645361558124));
#12112=CARTESIAN_POINT('',(17.4912684062303,7.76250987765613,-25.1351833367126));
#12113=CARTESIAN_POINT('',(17.696085954539,7.63231342960144,-24.9985951797281));
#12114=CARTESIAN_POINT('',(17.7424584189014,7.70190323686864,-25.0681319146064));
#12115=CARTESIAN_POINT('',(17.7618020420618,7.85723669896442,-25.2243498716327));
#12116=CARTESIAN_POINT('',(17.6202111336359,8.00683001508789,-25.3718893065003));
#12117=CARTESIAN_POINT('',(17.5107869700063,8.00683000668254,-25.3805923389756));
#12118=CARTESIAN_POINT('',(17.5107869700063,8.00683000668253,-25.3805923389756));
#12119=CARTESIAN_POINT('',(17.5107869700063,7.76250987765613,-25.3805923389756));
#12120=CARTESIAN_POINT('',(17.699237592938,7.76250987765613,-27.75));
#12121=CARTESIAN_POINT('',(17.699237592938,8.00683000668253,-27.75));
#12122=CARTESIAN_POINT('',(17.3784846496947,8.00683000668253,-30.1051483712933));
#12123=CARTESIAN_POINT('',(17.3784846496947,7.76250987765613,-30.1051483712933));
#12124=CARTESIAN_POINT('',(17.3220822169557,7.76250987765613,-30.5192867304271));
#12125=CARTESIAN_POINT('',(17.3784846496947,8.00683000668254,-30.1051483712933));
#12126=CARTESIAN_POINT('',(17.5015934511922,8.00683000668254,-30.1219148353092));
#12127=CARTESIAN_POINT('',(17.6928815987113,7.87466785519997,-30.2609816447229));
#12128=CARTESIAN_POINT('',(17.7400437162891,7.70111899129056,-30.4322909927517));
#12129=CARTESIAN_POINT('',(17.7400437162891,7.61413269666073,-30.5192867304272));
#12130=CARTESIAN_POINT('',(17.7400437162891,7.61413269666073,-30.5192867304271));
#12131=CARTESIAN_POINT('',(17.7400437162891,7.76250987765613,-30.5192867304271));
#12132=CARTESIAN_POINT('',(17.7400437162891,7.76250987765613,-31.6288112782748));
#12133=CARTESIAN_POINT('',(17.7400437162891,7.61413269666073,-30.5192867304272));
#12134=CARTESIAN_POINT('',(17.7400437162891,7.61169846701552,-30.5217212243271));
#12135=CARTESIAN_POINT('',(17.7400437162891,7.60926423702188,-30.5241557178787));
#12136=CARTESIAN_POINT('',(17.7400437162891,7.60683000668253,-30.5265902110846));
#12137=CARTESIAN_POINT('',(17.7400437162891,7.76250987765613,-31.6288112782748));
#12138=CARTESIAN_POINT('',(17.3503404265521,7.76250987765613,-31.6288112782748));
#12139=CARTESIAN_POINT('',(17.3503404265521,7.76250987765613,-32.0185145680118));
#12140=CARTESIAN_POINT('',(15.8082692243713,7.76250987765613,-32.0185145680118));
#12141=CARTESIAN_POINT('',(15.8082692243713,7.76250987765613,-32.0185145680118));
#12142=CARTESIAN_POINT('',(15.8082692243713,7.76250987765613,-32.4185145680118));
#12143=CARTESIAN_POINT('',(15.4082692243713,7.76250987765613,-32.4185145680118));
#12144=CARTESIAN_POINT('',(15.4082692243713,7.76250987765613,-32.4259255924071));
#12145=CARTESIAN_POINT('',(15.4082692243713,7.76250987765613,-32.4259255924071));
#12146=CARTESIAN_POINT('',(15.8082692243713,7.76250987765613,-32.4259255924071));
#12147=CARTESIAN_POINT('',(15.8082692243713,7.76250987765613,-32.8259255924071));
#12148=CARTESIAN_POINT('',(16.5486105030479,7.76250987765613,-32.8259255924071));
#12149=CARTESIAN_POINT('',(16.5486105030479,4.10683000668253,-32.8259255924071));
#12150=CARTESIAN_POINT('',(16.4566105030479,4.10683000668253,-32.8259255924071));
#12151=CARTESIAN_POINT('',(16.0354460436648,4.10683000668253,-32.8259255924071));
#12152=CARTESIAN_POINT('',(18.3304504385347,5.98066994216933,-32.8259255924071));
#12153=CARTESIAN_POINT('',(17.5486105030479,5.19883000668254,-32.8259255924071));
#12154=CARTESIAN_POINT('',(17.5486105030479,4.10683000668253,-32.8259255924071));
#12155=CARTESIAN_POINT('',(17.5486105030479,5.50116061869408,-32.8259255924071));
#12156=CARTESIAN_POINT('',(17.5486105030479,5.50116061869408,-32.8259255924071));
#12157=CARTESIAN_POINT('',(16.5486105030479,5.50116061869408,-32.8259255924071));
#12158=CARTESIAN_POINT('',(16.5486105030479,7.76250987765613,-32.8259255924071));
#12159=CARTESIAN_POINT('',(16.5486105030479,8.5,-32.8259255924071));
#12160=CARTESIAN_POINT('',(15.9486105030479,8.5,-32.8259255924071));
#12161=CARTESIAN_POINT('',(16.0354460436648,4.10683000668253,-32.8259255924071));
#12162=CARTESIAN_POINT('',(16.5486105030479,7.76250987765613,-36.146006229418));
#12163=CARTESIAN_POINT('',(16.5486105030479,5.50116061869408,-32.8259255924071));
#12164=CARTESIAN_POINT('',(16.5486105030479,5.50116061869408,-36.146006229418));
#12165=CARTESIAN_POINT('',(16.5486105030479,7.76250987765613,-36.146006229418));
#12166=CARTESIAN_POINT('',(16.5486105030479,8.5,-36.146006229418));
#12167=CARTESIAN_POINT('',(16.5486105030479,8.5,-36.146006229418));
#12168=CARTESIAN_POINT('',(15.8082692243713,7.76250987765613,-36.146006229418));
#12169=CARTESIAN_POINT('',(17.5486105030479,4.10683000668253,-36.146006229418));
#12170=CARTESIAN_POINT('',(17.5486105030479,5.19883000668254,-36.146006229418));
#12171=CARTESIAN_POINT('',(17.5486105030479,5.50116061869408,-36.146006229418));
#12172=CARTESIAN_POINT('',(17.9602797991964,5.61049930283102,-36.146006229418));
#12173=CARTESIAN_POINT('',(16.4566105030479,4.10683000668253,-36.146006229418));
#12174=CARTESIAN_POINT('',(16.0354460436648,4.10683000668253,-36.146006229418));
#12175=CARTESIAN_POINT('',(16.0354460436648,4.10683000668253,-36.146006229418));
#12176=CARTESIAN_POINT('',(16.0354460436648,4.10683000668253,-36.146006229418));
#12177=CARTESIAN_POINT('',(15.8082692243713,7.76250987765613,-36.146006229418));
#12178=CARTESIAN_POINT('',(15.9486105030479,8.5,-36.146006229418));
#12179=CARTESIAN_POINT('',(17.5486105030479,5.50116061869408,-36.146006229418));
#12180=CARTESIAN_POINT('',(15.8082692243713,7.76250987765613,-36.546006229418));
#12181=CARTESIAN_POINT('',(15.4082692243713,7.76250987765613,-36.546006229418));
#12182=CARTESIAN_POINT('',(15.4082692243713,7.76250987765613,-36.6645361558124));
#12183=CARTESIAN_POINT('',(15.4082692243713,7.76250987765613,-36.6645361558124));
#12184=CARTESIAN_POINT('',(15.8082692243713,7.76250987765613,-36.6645361558124));
#12185=CARTESIAN_POINT('',(15.8082692243713,7.76250987765613,-37.0645361558124));
#12186=CARTESIAN_POINT('',(17.256959289445,7.76250987765613,-37.0645361558124));
#12187=CARTESIAN_POINT('',(-5.75260289120757,7.76250987765613,-45.6260522269658));
#12188=CARTESIAN_POINT('',(-5.75260289120757,7.76250987765613,-43.449644749298));
#12189=CARTESIAN_POINT('',(-5.75260289120757,5.54681786487162,-44.4629166731982));
#12190=CARTESIAN_POINT('',(-5.75260289120757,4.07957968256883,-44.4629166731982));
#12191=CARTESIAN_POINT('',(-5.75260289120757,4.07957968256883,-44.4629166731982));
#12192=CARTESIAN_POINT('',(-0.662333142774676,7.76250987765613,-45.6260522269658));
#12193=CARTESIAN_POINT('',(-0.662333142774675,6.68939509382321,-46.6991670107987));
#12194=CARTESIAN_POINT('',(-0.662333142774675,5.1062803099903,-45.1160522269658));
#12195=CARTESIAN_POINT('',(-0.662333142774675,5.1062803099903,-44.8045460210332));
#12196=CARTESIAN_POINT('',(-0.662333142774675,5.1062803099903,-44.4176169789673));
#12197=CARTESIAN_POINT('',(-0.662333142774675,5.1062803099903,-44.4176169789673));
#12198=CARTESIAN_POINT('',(-0.662333142774677,7.76250987765613,-43.449644749298));
#12199=CARTESIAN_POINT('',(-1.01233314277468,7.76250987765613,-43.449644749298));
#12200=CARTESIAN_POINT('',(-1.01233314277468,7.76250987765613,-43.099644749298));
#12201=CARTESIAN_POINT('',(-1.01233314277468,7.76250987765613,-43.099644749298));
#12202=CARTESIAN_POINT('',(-1.04310407563186,7.76250987765613,-43.099644749298));
#12203=CARTESIAN_POINT('',(-1.04310407563186,7.76250987765613,-43.449644749298));
#12204=CARTESIAN_POINT('',(-1.39310407563186,7.76250987765613,-43.449644749298));
#12205=CARTESIAN_POINT('',(-1.39310407563186,7.76250987765613,-43.449644749298));
#12206=CARTESIAN_POINT('',(-1.39310407563186,1.13905441701798,-43.7318318266825));
#12207=CARTESIAN_POINT('',(-1.39310407563186,1.13905441701798,-43.7318318266825));
#12208=CARTESIAN_POINT('',(-1.39310407563186,1.13905441701798,-44.894644703215));
#12209=CARTESIAN_POINT('',(-1.39310407563186,3.72828217037857,-47.4838724565755));
#12210=CARTESIAN_POINT('',(-1.39310407563186,1.52155441701798,-45.277144703215));
#12211=CARTESIAN_POINT('',(-1.39310407563186,1.13905441701798,-45.277144703215));
#12212=CARTESIAN_POINT('',(-1.39310407563186,2.45905441701798,-45.277144703215));
#12213=CARTESIAN_POINT('',(-1.39310407563186,2.45905441701798,-45.277144703215));
#12214=CARTESIAN_POINT('',(-1.39310407563186,2.45905441701798,-44.277144703215));
#12215=CARTESIAN_POINT('',(-1.39310407563186,7.76250987765613,-44.277144703215));
#12216=CARTESIAN_POINT('',(-1.39310407563186,8.5,-44.277144703215));
#12217=CARTESIAN_POINT('',(-1.39310407563186,8.5,-43.6771447032149));
#12218=CARTESIAN_POINT('',(-1.39310407563186,4.10629259932076,-43.7318318266825));
#12219=CARTESIAN_POINT('',(-5.02183195835038,7.76250987765613,-44.277144703215));
#12220=CARTESIAN_POINT('',(-1.39310407563186,2.45905441701798,-44.277144703215));
#12221=CARTESIAN_POINT('',(-5.02183195835038,2.45905441701798,-44.277144703215));
#12222=CARTESIAN_POINT('',(-5.02183195835038,7.76250987765613,-44.277144703215));
#12223=CARTESIAN_POINT('',(-5.02183195835038,8.5,-44.277144703215));
#12224=CARTESIAN_POINT('',(-5.02183195835038,8.5,-44.277144703215));
#12225=CARTESIAN_POINT('',(-5.02183195835038,7.76250987765613,-43.449644749298));
#12226=CARTESIAN_POINT('',(-5.02183195835038,1.13905441701798,-45.277144703215));
#12227=CARTESIAN_POINT('',(-5.02183195835038,1.52155441701798,-45.277144703215));
#12228=CARTESIAN_POINT('',(-5.02183195835038,2.45905441701798,-45.277144703215));
#12229=CARTESIAN_POINT('',(-5.02183195835038,3.72828217037857,-47.4838724565755));
#12230=CARTESIAN_POINT('',(-5.02183195835038,1.13905441701798,-44.894644703215));
#12231=CARTESIAN_POINT('',(-5.02183195835038,1.13905441701798,-44.277144703215));
#12232=CARTESIAN_POINT('',(-5.02183195835038,1.13905441701798,-43.7318318266825));
#12233=CARTESIAN_POINT('',(-5.02183195835038,4.10629259932076,-43.7318318266825));
#12234=CARTESIAN_POINT('',(-5.02183195835038,7.76250987765613,-43.449644749298));
#12235=CARTESIAN_POINT('',(-5.02183195835038,8.5,-43.6771447032149));
#12236=CARTESIAN_POINT('',(-5.02183195835038,2.45905441701798,-45.277144703215));
#12237=CARTESIAN_POINT('',(-5.37183195835038,7.76250987765613,-43.449644749298));
#12238=CARTESIAN_POINT('',(-5.37183195835038,7.76250987765613,-43.099644749298));
#12239=CARTESIAN_POINT('',(-5.40260289120757,7.76250987765613,-43.099644749298));
#12240=CARTESIAN_POINT('',(-5.40260289120757,7.76250987765613,-43.099644749298));
#12241=CARTESIAN_POINT('',(-5.40260289120757,7.76250987765613,-43.449644749298));
#12242=CARTESIAN_POINT('',(-17.9667049159433,7.76250987765613,-20.7352108978207));
#12243=CARTESIAN_POINT('',(-17.9667049159433,7.98933000668253,-20.7352108978207));
#12244=CARTESIAN_POINT('',(-16.6227861464086,7.98933000668253,-20.7352108978207));
#12245=CARTESIAN_POINT('',(-16.6227861464086,7.76250987765613,-20.7352108978207));
#12246=CARTESIAN_POINT('',(-16.6227861464086,7.76250987765613,-20.7352108978207));
#12247=CARTESIAN_POINT('',(-16.6227861464086,7.60683000668253,-18.0288851665967));
#12248=CARTESIAN_POINT('',(-16.6227861464086,7.98933000668253,-18.4113851665967));
#12249=CARTESIAN_POINT('',(-16.6227861464086,7.76250987765613,-18.4113851665967));
#12250=CARTESIAN_POINT('',(-16.6227861464086,7.98933000668253,-20.7352108978207));
#12251=CARTESIAN_POINT('',(-16.6227861464086,7.76250987765613,-20.6637698553407));
#12252=CARTESIAN_POINT('',(-16.6227861464086,7.76250987765613,-18.4828262090766));
#12253=CARTESIAN_POINT('',(16.6227861464086,7.76250987765613,-20.7352108978207));
#12254=CARTESIAN_POINT('',(16.6227861464086,7.76250987765613,-18.4113851665967));
#12255=CARTESIAN_POINT('',(16.6227861464086,7.98933000668253,-18.4113851665967));
#12256=CARTESIAN_POINT('',(16.6227861464086,9.0378328077813,-19.4598879676955));
#12257=CARTESIAN_POINT('',(16.6227861464086,7.76250987765613,-18.4828262090766));
#12258=CARTESIAN_POINT('',(16.6227861464086,7.76250987765613,-20.6637698553407));
#12259=CARTESIAN_POINT('',(16.6227861464086,7.87591994216933,-20.8486209623339));
#12260=CARTESIAN_POINT('',(16.6227861464086,7.98933000668253,-20.7352108978207));
#12261=CARTESIAN_POINT('',(16.6227861464086,7.76250987765613,-20.7352108978207));
#12262=CARTESIAN_POINT('',(17.9667049159433,7.76250987765613,-20.7352108978207));
#12263=CARTESIAN_POINT('',(17.9667049159433,7.98933000668253,-20.7352108978207));
#12264=CARTESIAN_POINT('',(0.,-9.1,-19.4620266192158));
#12265=CARTESIAN_POINT('',(-17.9851230271202,7.76250987765613,-18.4828262090766));
#12266=CARTESIAN_POINT('',(-17.9851230271202,8.59,-18.4828262090766));
#12267=CARTESIAN_POINT('',(0.,9.56920041013913,-19.4620266192158));
#12268=CARTESIAN_POINT('',(-18.0056473007496,9.1,-18.9928262090766));
#12269=CARTESIAN_POINT('',(0.,9.1,-19.4620266192158));
#12270=CARTESIAN_POINT('',(-17.9984714639644,9.1,-20.1537698553407));
#12271=CARTESIAN_POINT('',(0.,9.79174323612499,-19.4620266192158));
#12272=CARTESIAN_POINT('',(-17.9716247717978,8.59,-20.6637698553407));
#12273=CARTESIAN_POINT('',(-17.9716247717978,7.76250987765613,-20.6637698553407));
#12274=CARTESIAN_POINT('',(0.,7.58683000668253,-19.4620266192158));
#12275=CARTESIAN_POINT('',(20.25,-9.1,-46.2));
#12276=CARTESIAN_POINT('',(20.25,-9.1,-27.4697269004277));
#12277=CARTESIAN_POINT('',(20.25,-8.10208000000002,-27.4697269004277));
#12278=CARTESIAN_POINT('',(20.25,-8.10208000000002,-46.2));
#12279=CARTESIAN_POINT('',(20.25,-8.10208000000002,-27.8405251135579));
#12280=CARTESIAN_POINT('',(20.25,9.1,-27.8405251135579));
#12281=CARTESIAN_POINT('',(20.25,9.1,-46.2));
#12282=CARTESIAN_POINT('',(0.,9.1,-19.4620266192158));
#12283=CARTESIAN_POINT('',(18.0056473007496,9.1,-18.9928262090766));
#12284=CARTESIAN_POINT('',(17.9984714639644,9.1,-20.1537698553407));
#12285=CARTESIAN_POINT('',(16.6995387905599,9.1,-20.1537698553407));
#12286=CARTESIAN_POINT('',(17.2095387905599,9.1,-20.1537698553407));
#12287=CARTESIAN_POINT('',(17.2095387905599,9.1,-18.4828262090766));
#12288=CARTESIAN_POINT('',(17.2095387905599,9.1,-18.9928262090766));
#12289=CARTESIAN_POINT('',(17.9851230271202,9.1,-18.9928262090766));
#12290=CARTESIAN_POINT('',(20.25,9.1,-46.2));
#12291=CARTESIAN_POINT('',(20.25,9.1,-18.9928262090766));
#12292=CARTESIAN_POINT('',(-17.2095387905599,9.1,-18.9928262090766));
#12293=CARTESIAN_POINT('',(-17.2095387905599,9.1,-46.2));
#12294=CARTESIAN_POINT('',(-17.2095387905599,9.1,-20.1537698553407));
#12295=CARTESIAN_POINT('',(20.25,9.1,-20.1537698553407));
#12296=CARTESIAN_POINT('',(0.,-9.1,-19.4620266192158));
#12297=CARTESIAN_POINT('',(17.9716247717978,7.76250987765613,-20.6637698553407));
#12298=CARTESIAN_POINT('',(17.9716247717978,8.59,-20.6637698553407));
#12299=CARTESIAN_POINT('',(0.,9.79174323612498,-19.4620266192158));
#12300=CARTESIAN_POINT('',(0.,9.56920041013912,-19.4620266192158));
#12301=CARTESIAN_POINT('',(17.9851230271202,8.59,-18.4828262090766));
#12302=CARTESIAN_POINT('',(17.9851230271202,7.76250987765613,-18.4828262090766));
#12303=CARTESIAN_POINT('',(0.,7.58683000668253,-19.4620266192158));
#12304=CARTESIAN_POINT('',(17.699237592938,149.499613663947,-27.75));
#12305=CARTESIAN_POINT('',(17.699237592938,6.98683000668254,-27.75));
#12306=CARTESIAN_POINT('',(17.699237592938,6.98683000668254,-26.5));
#12307=CARTESIAN_POINT('',(17.699237592938,-9.1,-27.75));
#12308=CARTESIAN_POINT('',(18.949237592938,-9.1,-27.75));
#12309=CARTESIAN_POINT('',(-17.699237592938,149.499613663947,-27.75));
#12310=CARTESIAN_POINT('',(-17.699237592938,6.98683000668254,-27.75));
#12311=CARTESIAN_POINT('',(-17.699237592938,6.98683000668254,-26.5));
#12312=CARTESIAN_POINT('',(-17.699237592938,-9.1,-27.75));
#12313=CARTESIAN_POINT('',(-16.449237592938,-9.1,-27.75));
#12314=CARTESIAN_POINT('',(17.73,-18.5169208223379,-27.8405251135579));
#12315=CARTESIAN_POINT('',(17.73,-8.10208000000002,-27.8405251135579));
#12316=CARTESIAN_POINT('',(18.5335381978309,-8.10208000000002,-30.2289820138655));
#12317=CARTESIAN_POINT('',(18.5335381978309,-18.5169208223379,-30.2289820138655));
#12318=CARTESIAN_POINT('',(18.8396479874807,-18.5169208223379,-31.1388703568398));
#12319=CARTESIAN_POINT('',(18.8396479874807,-8.10208000000002,-31.1388703568398));
#12320=CARTESIAN_POINT('',(-18.8396479874807,-18.5169208223379,-31.1388703568397));
#12321=CARTESIAN_POINT('',(-18.8396479874807,-8.10208000000002,-31.1388703568397));
#12322=CARTESIAN_POINT('',(-18.5335381978309,-8.10208000000002,-30.2289820138655));
#12323=CARTESIAN_POINT('',(-18.5335381978309,-18.5169208223379,-30.2289820138655));
#12324=CARTESIAN_POINT('',(-20.25,-9.1,-46.2));
#12325=CARTESIAN_POINT('',(0.,-9.1,-19.4620266192158));
#12326=CARTESIAN_POINT('',(0.,-9.1,-30.4620266192158));
#12327=CARTESIAN_POINT('',(13.8946542801715,-9.1,-31.3251474707875));
#12328=CARTESIAN_POINT('',(-13.8946542801715,-9.1,-31.3251474707875));
#12329=CARTESIAN_POINT('',(13.8946542801715,-9.1,-31.3251474707875));
#12330=CARTESIAN_POINT('',(13.8946542801715,-9.1,-32.5751474707875));
#12331=CARTESIAN_POINT('',(15.1446542801715,-9.1,-32.5751474707875));
#12332=CARTESIAN_POINT('',(15.1446542801715,-9.1,-42.2628321224616));
#12333=CARTESIAN_POINT('',(15.1446542801715,-9.1,-42.2628321224616));
#12334=CARTESIAN_POINT('',(13.8946542801715,-9.1,-42.2628321224616));
#12335=CARTESIAN_POINT('',(13.8946542801715,-9.1,-43.5128321224616));
#12336=CARTESIAN_POINT('',(-13.8946542801715,-9.1,-43.5128321224616));
#12337=CARTESIAN_POINT('',(-13.8946542801715,-9.1,-43.5128321224616));
#12338=CARTESIAN_POINT('',(-13.8946542801715,-9.1,-42.2628321224616));
#12339=CARTESIAN_POINT('',(-15.1446542801715,-9.1,-42.2628321224616));
#12340=CARTESIAN_POINT('',(-15.1446542801715,-9.1,-32.5751474707875));
#12341=CARTESIAN_POINT('',(-15.1446542801715,-9.1,-32.5751474707875));
#12342=CARTESIAN_POINT('',(-13.8946542801715,-9.1,-32.5751474707875));
#12343=CARTESIAN_POINT('',(-18.8396479874807,-9.1,-31.1388703568397));
#12344=CARTESIAN_POINT('',(-18.2153370714898,-9.1,-29.2831530813437));
#12345=CARTESIAN_POINT('',(-16.8817279874807,-9.1,-31.1388703568397));
#12346=CARTESIAN_POINT('',(-16.8817279874807,-9.1,-44.7611781243705));
#12347=CARTESIAN_POINT('',(-16.8817279874807,-9.1,-44.6281322269658));
#12348=CARTESIAN_POINT('',(17.0147738848854,-9.1,-44.6281322269658));
#12349=CARTESIAN_POINT('',(16.8817279874807,-9.1,-44.6281322269658));
#12350=CARTESIAN_POINT('',(16.8817279874807,-9.1,-31.1388703568398));
#12351=CARTESIAN_POINT('',(16.8817279874807,-9.1,-31.1388703568398));
#12352=CARTESIAN_POINT('',(18.8396479874807,-9.1,-31.1388703568398));
#12353=CARTESIAN_POINT('',(18.2153370714898,-9.1,-29.2831530813437));
#12354=CARTESIAN_POINT('',(17.73,-9.1,-27.8405251135579));
#12355=CARTESIAN_POINT('',(19.25208,-9.1,-27.8405251135579));
#12356=CARTESIAN_POINT('',(19.25208,-9.1,-46.2));
#12357=CARTESIAN_POINT('',(19.25208,-9.1,-27.4697269004277));
#12358=CARTESIAN_POINT('',(18.06408,-9.1,-27.4697269004277));
#12359=CARTESIAN_POINT('',(18.4224253027936,-9.1,-26.3370607342667));
#12360=CARTESIAN_POINT('',(17.4628490372671,-9.1,-26.0334764499501));
#12361=CARTESIAN_POINT('',(17.4756428235916,-9.1,-26.0375240620104));
#12362=CARTESIAN_POINT('',(17.4756428235916,-9.1,-26.0375240620103));
#12363=CARTESIAN_POINT('',(17.0206135204195,-9.1,-25.8935649518183));
#12364=CARTESIAN_POINT('',(16.2417982233874,-9.1,-25.246831357212));
#12365=CARTESIAN_POINT('',(16.1150760553275,-9.1,-24.2446275244452));
#12366=CARTESIAN_POINT('',(16.2378176539771,-9.1,-23.783420892671));
#12367=CARTESIAN_POINT('',(16.2378176539771,-9.1,-23.783420892671));
#12368=CARTESIAN_POINT('',(0.,-9.1,-19.4620266192158));
#12369=CARTESIAN_POINT('',(-16.2378176539771,-9.1,-23.783420892671));
#12370=CARTESIAN_POINT('',(-16.2378176539771,-9.1,-23.783420892671));
#12371=CARTESIAN_POINT('',(-16.1150758075649,-9.1,-24.2446284554237));
#12372=CARTESIAN_POINT('',(-16.242919117193,-9.1,-25.2488710300253));
#12373=CARTESIAN_POINT('',(-17.0206125884454,-9.1,-25.8935646569666));
#12374=CARTESIAN_POINT('',(-17.4756428235916,-9.1,-26.0375240620103));
#12375=CARTESIAN_POINT('',(-17.4756428235916,-9.1,-26.0375240620103));
#12376=CARTESIAN_POINT('',(-25.7960608342222,-9.1,-28.6698819450871));
#12377=CARTESIAN_POINT('',(-18.4224253027935,-9.1,-26.3370607342667));
#12378=CARTESIAN_POINT('',(-18.06408,-9.1,-27.4697269004277));
#12379=CARTESIAN_POINT('',(-19.25208,-9.1,-27.4697269004277));
#12380=CARTESIAN_POINT('',(-19.25208,-9.1,-46.2));
#12381=CARTESIAN_POINT('',(-19.25208,-9.1,-27.8405251135579));
#12382=CARTESIAN_POINT('',(-17.73,-9.1,-27.8405251135579));
#12383=CARTESIAN_POINT('',(-20.25,9.1,-46.2));
#12384=CARTESIAN_POINT('',(-20.25,-9.1,-27.8405251135579));
#12385=CARTESIAN_POINT('',(-20.25,-8.10208000000002,-27.8405251135579));
#12386=CARTESIAN_POINT('',(-20.25,-8.10208000000002,-46.2));
#12387=CARTESIAN_POINT('',(-20.25,-8.10208000000002,-27.4697269004277));
#12388=CARTESIAN_POINT('',(-20.25,9.1,-27.4697269004277));
#12389=CARTESIAN_POINT('',(0.,7.58683000668254,-19.4620266192158));
#12390=CARTESIAN_POINT('',(0.,5.5949309859792,-19.4620266192158));
#12391=CARTESIAN_POINT('',(-4.87482703509248,5.5949309859792,-2.1502843497194));
#12392=CARTESIAN_POINT('',(-4.87482703509248,5.5949309859792,-2.1502843497194));
#12393=CARTESIAN_POINT('',(-4.87495525995215,6.25889732008428,-2.14105498416437));
#12394=CARTESIAN_POINT('',(-4.87508330417452,6.92286366032757,-2.13182605771065));
#12395=CARTESIAN_POINT('',(-4.87521116852084,7.58683000668253,-2.12259756845989));
#12396=CARTESIAN_POINT('',(-17.4035075752311,7.58683000668253,-24.1032988394954));
#12397=CARTESIAN_POINT('',(-17.3363676427804,2.35272559668405,-24.0822120461869));
#12398=CARTESIAN_POINT('',(-17.2692265349354,-2.88137880369266,-24.0611266070474));
#12399=CARTESIAN_POINT('',(-17.2020842126012,-8.11548319413361,-24.0400425688912));
#12400=CARTESIAN_POINT('',(-17.2020842126012,-8.11548319413362,-24.0400425688912));
#12401=CARTESIAN_POINT('',(0.,-8.11548319414279,-19.4620266192158));
#12402=CARTESIAN_POINT('',(17.202084212601,-8.11548319415051,-24.0400425688912));
#12403=CARTESIAN_POINT('',(17.202084212601,-8.11548319415051,-24.0400425688912));
#12404=CARTESIAN_POINT('',(17.2692265349353,-2.88137880370389,-24.0611266070473));
#12405=CARTESIAN_POINT('',(17.3363676427804,2.35272559667842,-24.0822120461869));
#12406=CARTESIAN_POINT('',(17.4035075752312,7.58683000668253,-24.1032988394954));
#12407=CARTESIAN_POINT('',(4.87521116852085,7.58683000668253,-2.1225975684599));
#12408=CARTESIAN_POINT('',(4.87508330417452,6.92286366032757,-2.13182605771065));
#12409=CARTESIAN_POINT('',(4.87495525995215,6.25889732008428,-2.14105498416437));
#12410=CARTESIAN_POINT('',(4.87482703509248,5.5949309859792,-2.1502843497194));
#12411=CARTESIAN_POINT('',(4.87482703509248,5.5949309859792,-2.1502843497194));
#12412=CARTESIAN_POINT('',(0.,5.5949309859792,-19.4620266192158));
#12413=CARTESIAN_POINT('',(4.12509554543164,5.1984803970453,-1.96195734845354));
#12414=CARTESIAN_POINT('',(4.12509554543164,5.17197888843192,-1.96232308175613));
#12415=CARTESIAN_POINT('',(4.11431940216017,5.14628289753652,-1.96013069258419));
#12416=CARTESIAN_POINT('',(4.0958062235503,5.12776971892664,-1.95605462497479));
#12417=CARTESIAN_POINT('',(4.0958062235503,5.12776971892665,-1.95605462497479));
#12418=CARTESIAN_POINT('',(0.240800891065317,1.27276438644166,-19.4620266192158));
#12419=CARTESIAN_POINT('',(2.95318486731299,3.98514836268933,-1.74306105108672));
#12420=CARTESIAN_POINT('',(2.95318486731298,3.98514836268933,-1.74306105108672));
#12421=CARTESIAN_POINT('',(2.93443256984255,3.9663960652189,-1.74019100464959));
#12422=CARTESIAN_POINT('',(2.90879772301097,3.95585904080799,-1.73609887447265));
#12423=CARTESIAN_POINT('',(2.88247418919433,3.95585904080799,-1.73181934713095));
#12424=CARTESIAN_POINT('',(0.,3.95585904080799,-19.4620266192158));
#12425=CARTESIAN_POINT('',(-1.82654087953311,3.95585904080799,-1.59214537232845));
#12426=CARTESIAN_POINT('',(0.,3.95585904080799,-19.4620266192158));
#12427=CARTESIAN_POINT('',(-2.88247418919433,3.95585904080799,-1.73181934713095));
#12428=CARTESIAN_POINT('',(-2.88247418919433,3.95585904080799,-1.73181934713095));
#12429=CARTESIAN_POINT('',(-2.90880129432476,3.95585904080799,-1.73609945507612));
#12430=CARTESIAN_POINT('',(-2.93443054556738,3.96639404094373,-1.74019069483349));
#12431=CARTESIAN_POINT('',(-2.95318486731298,3.98514836268933,-1.74306105108672));
#12432=CARTESIAN_POINT('',(-2.95318486731299,3.98514836268933,-1.74306105108672));
#12433=CARTESIAN_POINT('',(-0.240800891065317,1.27276438644167,-19.4620266192158));
#12434=CARTESIAN_POINT('',(-4.0958062235503,5.12776971892665,-1.95605462497479));
#12435=CARTESIAN_POINT('',(-4.0958062235503,5.12776971892665,-1.95605462497479));
#12436=CARTESIAN_POINT('',(-4.11432171363174,5.14628520900808,-1.96013120150351));
#12437=CARTESIAN_POINT('',(-4.12509554543164,5.17197326543199,-1.96232315935618));
#12438=CARTESIAN_POINT('',(-4.12509554543164,5.1984803970453,-1.96195734845354));
#12439=CARTESIAN_POINT('',(18.2764634425998,-0.364458632992145,-25.2442111869169));
#12440=CARTESIAN_POINT('',(17.9776404717851,7.57522550958927,-25.1496715854374));
#12441=CARTESIAN_POINT('',(17.9106454005301,2.34945699520367,-25.1284761354347));
#12442=CARTESIAN_POINT('',(17.8436495448844,-2.87631150811926,-25.1072804372718));
#12443=CARTESIAN_POINT('',(17.7766528779382,-8.10208000000002,-25.0860844824351));
#12444=CARTESIAN_POINT('',(17.9776404717851,7.57522550958927,-25.1496715854374));
#12445=CARTESIAN_POINT('',(17.7766528779382,-8.10208000000002,-25.0860844824351));
#12446=CARTESIAN_POINT('',(18.7234353571401,-8.10208000000002,-25.3856211546915));
#12447=CARTESIAN_POINT('',(18.7234353571401,-8.10208000000002,-25.3856211546915));
#12448=CARTESIAN_POINT('',(18.7234353571401,7.58683000668253,-25.3856211546915));
#12449=CARTESIAN_POINT('',(17.1548210491767,7.58683000668253,-24.889353511191));
#12450=CARTESIAN_POINT('',(-18.2764634425998,-0.364458632992145,-25.2442111869169));
#12451=CARTESIAN_POINT('',(-18.7234353571401,-0.364458632992145,-25.3856211546915));
#12452=CARTESIAN_POINT('',(-18.7234353571401,-8.10208000000002,-25.3856211546915));
#12453=CARTESIAN_POINT('',(-18.2764634425998,-8.10208000000002,-25.2442111869169));
#12454=CARTESIAN_POINT('',(-17.7766528779382,-8.10208000000002,-25.0860844824351));
#12455=CARTESIAN_POINT('',(-17.7766528779382,-8.10208000000002,-25.0860844824351));
#12456=CARTESIAN_POINT('',(-17.8436495448844,-2.87631150811927,-25.1072804372718));
#12457=CARTESIAN_POINT('',(-17.9106454005301,2.34945699520367,-25.1284761354347));
#12458=CARTESIAN_POINT('',(-17.9776404717851,7.57522550958927,-25.1496715854374));
#12459=CARTESIAN_POINT('',(-17.9776404717851,7.57522550958927,-25.1496715854374));
#12460=CARTESIAN_POINT('',(-17.154820900466,7.58683000668253,-24.8893534641429));
#12461=CARTESIAN_POINT('',(-17.73,-18.5169208223379,-27.8405251135579));
#12462=CARTESIAN_POINT('',(-17.73,-8.10208000000002,-27.8405251135579));
#12463=CARTESIAN_POINT('',(17.9776404717851,7.57522550958927,-25.1496715854374));
#12464=CARTESIAN_POINT('',(17.1908323621745,7.58632212510401,-24.9007465281679));
#12465=CARTESIAN_POINT('',(17.4035075752311,7.58683000668254,-24.1032988394954));
#12466=CARTESIAN_POINT('',(17.9101359215349,2.30971647164053,-25.1283149498972));
#12467=CARTESIAN_POINT('',(17.1234685566617,2.32124298576985,-24.8794344204578));
#12468=CARTESIAN_POINT('',(17.3359648031677,2.32132096873369,-24.0820855254169));
#12469=CARTESIAN_POINT('',(17.8426305749518,-2.95579255519596,-25.1069580624186));
#12470=CARTESIAN_POINT('',(17.056100043713,-2.94425815468329,-24.8581208235411));
#12471=CARTESIAN_POINT('',(17.268420841587,-2.94418805810297,-24.0608735817917));
#12472=CARTESIAN_POINT('',(17.7751244044548,-8.22130157024318,-25.0856009142757));
#12473=CARTESIAN_POINT('',(16.9887264730711,-8.21021047335468,-24.8368056264346));
#12474=CARTESIAN_POINT('',(17.2008756506681,-8.20969707314992,-24.0396630563558));
#12475=CARTESIAN_POINT('',(17.2020842126011,-8.11548319414274,-24.0400425688912));
#12476=CARTESIAN_POINT('',(17.0881551492657,-8.11516475561204,-24.4681523667122));
#12477=CARTESIAN_POINT('',(17.3543329175545,-8.10895680099012,-24.9524737340958));
#12478=CARTESIAN_POINT('',(17.7766528779382,-8.10207999999998,-25.0860844824351));
#12479=CARTESIAN_POINT('',(18.2382552374532,7.57522550958927,-24.325914373684));
#12480=CARTESIAN_POINT('',(17.4154358148448,7.58683000668253,-24.0655962994376));
#12481=CARTESIAN_POINT('',(-17.775124404455,-8.2213015702262,-25.0856009142758));
#12482=CARTESIAN_POINT('',(-16.9887264730713,-8.21021047333769,-24.8368056264347));
#12483=CARTESIAN_POINT('',(-17.2008756506684,-8.20969707313293,-24.0396630563559));
#12484=CARTESIAN_POINT('',(-17.8426305749105,-2.95579255513443,-25.1069580624056));
#12485=CARTESIAN_POINT('',(-17.0561000436569,-2.94425815457622,-24.8581208235196));
#12486=CARTESIAN_POINT('',(-17.2684208415848,-2.94418805804205,-24.0608735818033));
#12487=CARTESIAN_POINT('',(-17.9101359215677,2.30971647179239,-25.1283149499076));
#12488=CARTESIAN_POINT('',(-17.1234685566244,2.32124298585294,-24.8794344204765));
#12489=CARTESIAN_POINT('',(-17.3359648031647,2.32132096888597,-24.0820855254362));
#12490=CARTESIAN_POINT('',(-17.9776404717851,7.57522550958927,-25.1496715854374));
#12491=CARTESIAN_POINT('',(-17.1908323621745,7.58632212510401,-24.9007465281679));
#12492=CARTESIAN_POINT('',(-17.4035075752311,7.58683000668253,-24.1032988394954));
#12493=CARTESIAN_POINT('',(-17.7766528779382,-8.10208000000002,-25.0860844824351));
#12494=CARTESIAN_POINT('',(-17.3543324663335,-8.10895680833756,-24.9524735913415));
#12495=CARTESIAN_POINT('',(-17.0881550432685,-8.11516475531577,-24.4681527650158));
#12496=CARTESIAN_POINT('',(-17.2020842126009,-8.11548319414274,-24.0400425688912));
#12497=CARTESIAN_POINT('',(-18.2382552374532,7.57522550958927,-24.3259143736839));
#12498=CARTESIAN_POINT('',(-17.415435666134,7.58683000668253,-24.0655962523895));
#12499=CARTESIAN_POINT('',(-16.6227861464086,7.76250987765613,-18.4113851665967));
#12500=CARTESIAN_POINT('',(-17.9810910759582,7.98933000668253,-18.4113851665967));
#12501=CARTESIAN_POINT('',(-16.6995387905599,7.76250987765613,-18.4828262090766));
#12502=CARTESIAN_POINT('',(-16.6995387905599,7.76250987765613,-18.4828262090766));
#12503=CARTESIAN_POINT('',(-16.6995387905599,8.59,-18.4828262090766));
#12504=CARTESIAN_POINT('',(-16.6995387905599,8.59,-18.4828262090766));
#12505=CARTESIAN_POINT('',(-16.6995387905599,7.76250987765613,-20.6637698553407));
#12506=CARTESIAN_POINT('',(-16.6995387905599,7.76250987765613,-20.6637698553407));
#12507=CARTESIAN_POINT('',(-16.6995387905599,8.59,-20.6637698553407));
#12508=CARTESIAN_POINT('',(-16.6995387905599,8.59,-20.6637698553407));
#12509=CARTESIAN_POINT('',(-17.9716247717978,7.76250987765613,-20.6637698553407));
#12510=CARTESIAN_POINT('',(-17.9716247717978,8.59,-20.6637698553407));
#12511=CARTESIAN_POINT('',(16.6227861464086,7.76250987765613,-18.4113851665967));
#12512=CARTESIAN_POINT('',(16.6227861464086,7.98933000668253,-18.4113851665967));
#12513=CARTESIAN_POINT('',(16.6995387905599,7.76250987765613,-18.4828262090766));
#12514=CARTESIAN_POINT('',(16.6995387905599,8.59,-18.4828262090766));
#12515=CARTESIAN_POINT('',(16.6995387905599,8.59,-18.4828262090766));
#12516=CARTESIAN_POINT('',(16.6995387905599,7.76250987765613,-18.4828262090766));
#12517=CARTESIAN_POINT('',(16.6995387905599,7.76250987765613,-20.6637698553407));
#12518=CARTESIAN_POINT('',(16.6995387905599,8.59,-20.6637698553407));
#12519=CARTESIAN_POINT('',(16.6995387905599,8.59,-20.6637698553407));
#12520=CARTESIAN_POINT('',(16.6995387905599,7.76250987765613,-20.6637698553407));
#12521=CARTESIAN_POINT('',(17.9716247717978,7.76250987765613,-20.6637698553407));
#12522=CARTESIAN_POINT('',(17.9716247717978,8.59,-20.6637698553407));
#12523=CARTESIAN_POINT('',(18.06408,-0.364458632992145,-27.4697269004277));
#12524=CARTESIAN_POINT('',(18.06408,-8.10208000000002,-27.4697269004277));
#12525=CARTESIAN_POINT('',(-18.06408,-0.364458632992145,-27.4697269004277));
#12526=CARTESIAN_POINT('',(-18.06408,-8.10208000000002,-27.4697269004277));
#12527=CARTESIAN_POINT('',(17.9754533882533,-8.10208000000002,-26.1956507664922));
#12528=CARTESIAN_POINT('',(17.4756428235916,-8.10208000000002,-26.0375240620104));
#12529=CARTESIAN_POINT('',(18.4224253027936,-8.10208000000002,-26.3370607342667));
#12530=CARTESIAN_POINT('',(18.06408,-8.10208000000002,-27.4697269004277));
#12531=CARTESIAN_POINT('',(19.25208,-8.10208000000002,-27.4697269004277));
#12532=CARTESIAN_POINT('',(16.2378176539771,-9.1,-23.783420892671));
#12533=CARTESIAN_POINT('',(17.1893046659978,-9.1,-24.0366415293743));
#12534=CARTESIAN_POINT('',(17.2020842126011,-8.11548319414274,-24.0400425688912));
#12535=CARTESIAN_POINT('',(16.115076078952,-9.1,-24.2446275266126));
#12536=CARTESIAN_POINT('',(17.1316234094195,-9.1000000000004,-24.2539921686349));
#12537=CARTESIAN_POINT('',(17.1451295956803,-8.11532400227992,-24.254060211299));
#12538=CARTESIAN_POINT('',(16.2417982092591,-9.1,-25.2468313617));
#12539=CARTESIAN_POINT('',(17.1955591656811,-9.09999999999928,-24.7272020500867));
#12540=CARTESIAN_POINT('',(17.2039724729185,-8.11227512936552,-24.7191323634561));
#12541=CARTESIAN_POINT('',(17.0206135250515,-9.1,-25.8935649406751));
#12542=CARTESIAN_POINT('',(17.564786041858,-9.10000000000104,-25.0226562358713));
#12543=CARTESIAN_POINT('',(17.5654583006579,-8.10551896385298,-25.0192681626713));
#12544=CARTESIAN_POINT('',(17.4756428235916,-9.1,-26.0375240620103));
#12545=CARTESIAN_POINT('',(17.7766528779382,-9.1,-25.0860844824351));
#12546=CARTESIAN_POINT('',(17.7766528779382,-8.10208000000002,-25.0860844824351));
#12547=CARTESIAN_POINT('',(16.2378176539771,-8.10208000000002,-23.783420892671));
#12548=CARTESIAN_POINT('',(19.25208,-8.10208000000002,-46.2));
#12549=CARTESIAN_POINT('',(19.25208,-8.10208000000002,-27.8405251135579));
#12550=CARTESIAN_POINT('',(0.,-8.10208000000002,-19.4620266192158));
#12551=CARTESIAN_POINT('',(-16.2378176539771,-8.10208000000002,-23.783420892671));
#12552=CARTESIAN_POINT('',(17.73,-8.10208000000002,-27.8405251135579));
#12553=CARTESIAN_POINT('',(18.2153370714898,-8.10208000000002,-29.2831530813437));
#12554=CARTESIAN_POINT('',(-17.4756428235916,-9.1,-26.0375240620103));
#12555=CARTESIAN_POINT('',(-17.7766528779382,-9.1,-25.0860844824351));
#12556=CARTESIAN_POINT('',(-17.7766528779382,-8.10208000000002,-25.0860844824351));
#12557=CARTESIAN_POINT('',(-17.0206125992918,-9.1,-25.8935646358818));
#12558=CARTESIAN_POINT('',(-17.5647856113228,-9.10000000000349,-25.022656101485));
#12559=CARTESIAN_POINT('',(-17.5654578693874,-8.10551897087625,-25.0192680262289));
#12560=CARTESIAN_POINT('',(-16.2429191058253,-9.1,-25.2488710395321));
#12561=CARTESIAN_POINT('',(-17.1960947147954,-9.09999999999861,-24.728152736677));
#12562=CARTESIAN_POINT('',(-17.2044927643481,-8.1122629953603,-24.720078895716));
#12563=CARTESIAN_POINT('',(-16.1150758194537,-9.1,-24.2446284574949));
#12564=CARTESIAN_POINT('',(-17.1316232871232,-9.09999999999931,-24.2539926072484));
#12565=CARTESIAN_POINT('',(-17.1451294803588,-8.11532400237427,-24.2540606446194));
#12566=CARTESIAN_POINT('',(-16.2378176539771,-9.1,-23.783420892671));
#12567=CARTESIAN_POINT('',(-17.1893046659981,-9.1,-24.0366415293744));
#12568=CARTESIAN_POINT('',(-17.2020842126011,-8.11548319414237,-24.0400425688912));
#12569=CARTESIAN_POINT('',(-17.4756428235916,-8.10208000000002,-26.0375240620103));
#12570=CARTESIAN_POINT('',(18.8396479874807,-8.10208000000002,-31.1388703568398));
#12571=CARTESIAN_POINT('',(16.8817279874807,-8.10208000000002,-31.1388703568398));
#12572=CARTESIAN_POINT('',(-25.7960608342222,-8.10208000000002,-28.6698819450871));
#12573=CARTESIAN_POINT('',(-18.4224253027935,-8.10208000000002,-26.3370607342667));
#12574=CARTESIAN_POINT('',(16.8817279874807,-8.10208000000002,-30.8040619927125));
#12575=CARTESIAN_POINT('',(16.8817279874807,-8.10208000000002,-44.6281322269658));
#12576=CARTESIAN_POINT('',(-18.06408,-8.10208000000002,-27.4697269004277));
#12577=CARTESIAN_POINT('',(-19.25208,-8.10208000000002,-27.4697269004277));
#12578=CARTESIAN_POINT('',(16.8817279874807,-9.1,-44.6281322269658));
#12579=CARTESIAN_POINT('',(16.8817279874807,-9.1,-44.6281322269658));
#12580=CARTESIAN_POINT('',(16.8817279874807,-9.1,-44.6281322269658));
#12581=CARTESIAN_POINT('',(16.8991438187021,-9.1,-44.7587608794192));
#12582=CARTESIAN_POINT('',(16.9557496762781,-9.10000001013897,-44.702153915763));
#12583=CARTESIAN_POINT('',(17.0123566399339,-9.1,-44.6455480581872));
#12584=CARTESIAN_POINT('',(16.9339667943474,-9.04803945764872,-45.0199530279029));
#12585=CARTESIAN_POINT('',(17.109883855963,-9.09426492442236,-44.8562880954482));
#12586=CARTESIAN_POINT('',(17.2735487884178,-9.04803945764872,-44.6803710338325));
#12587=CARTESIAN_POINT('',(16.9782551807009,-8.8260890767315,-45.3521411499607));
#12588=CARTESIAN_POINT('',(17.3847025665223,-9.03720037520209,-45.1311068060074));
#12589=CARTESIAN_POINT('',(17.6057369104756,-8.8260890767315,-44.724659420186));
#12590=CARTESIAN_POINT('',(17.0078463453169,-8.49390022991536,-45.5740917285393));
#12591=CARTESIAN_POINT('',(17.73475025777,-8.7843968583658,-45.481154497255));
#12592=CARTESIAN_POINT('',(17.8276874890542,-8.49390022991537,-44.754250584802));
#12593=CARTESIAN_POINT('',(17.0147738830366,-8.23270988234628,-45.6260522269658));
#12594=CARTESIAN_POINT('',(17.8796476723252,-8.34593554729778,-45.6260519118108));
#12595=CARTESIAN_POINT('',(17.8796479874807,-8.23270988234628,-44.7611781225219));
#12596=CARTESIAN_POINT('',(17.0147738848854,-8.10208000000002,-45.6260522269658));
#12597=CARTESIAN_POINT('',(17.8796479874807,-8.10208000000002,-45.6260522269658));
#12598=CARTESIAN_POINT('',(17.8796479874807,-8.10208000000002,-44.7611781243705));
#12599=CARTESIAN_POINT('',(16.8817279874807,-8.10208000000002,-44.6281322269658));
#12600=CARTESIAN_POINT('',(-19.25208,-8.10208000000002,-46.2));
#12601=CARTESIAN_POINT('',(-19.25208,-8.10208000000002,-27.8405251135579));
#12602=CARTESIAN_POINT('',(-17.0147738848854,-8.10208000000002,-44.6281322269658));
#12603=CARTESIAN_POINT('',(-16.8817279874807,-8.10208000000002,-44.6281322269658));
#12604=CARTESIAN_POINT('',(-17.73,-8.10208000000002,-27.8405251135579));
#12605=CARTESIAN_POINT('',(-18.2153370714898,-8.10208000000002,-29.2831530813437));
#12606=CARTESIAN_POINT('',(-16.8817279874807,-9.1,-44.6281322269658));
#12607=CARTESIAN_POINT('',(-16.8817279874807,-9.1,-44.6281322269658));
#12608=CARTESIAN_POINT('',(-16.8817279874807,-9.1,-44.6281322269658));
#12609=CARTESIAN_POINT('',(-17.0123566399339,-9.1,-44.6455480581872));
#12610=CARTESIAN_POINT('',(-16.9557496762781,-9.10000001014032,-44.7021539157629));
#12611=CARTESIAN_POINT('',(-16.8991438187021,-9.1,-44.7587608794192));
#12612=CARTESIAN_POINT('',(-17.2735487884178,-9.04803945764872,-44.6803710338325));
#12613=CARTESIAN_POINT('',(-17.109883855963,-9.09426492442172,-44.8562880954482));
#12614=CARTESIAN_POINT('',(-16.9339667943474,-9.04803945764872,-45.0199530279029));
#12615=CARTESIAN_POINT('',(-17.6057369104756,-8.8260890767315,-44.724659420186));
#12616=CARTESIAN_POINT('',(-17.3847025665223,-9.03720037520229,-45.1311068060073));
#12617=CARTESIAN_POINT('',(-16.9782551807009,-8.8260890767315,-45.3521411499607));
#12618=CARTESIAN_POINT('',(-17.8276874890542,-8.49390022991537,-44.754250584802));
#12619=CARTESIAN_POINT('',(-17.73475025777,-8.7843968583657,-45.481154497255));
#12620=CARTESIAN_POINT('',(-17.0078463453169,-8.49390022991536,-45.5740917285393));
#12621=CARTESIAN_POINT('',(-17.8796479874807,-8.23270988234628,-44.7611781225219));
#12622=CARTESIAN_POINT('',(-17.8796476723253,-8.3459355472978,-45.6260519118106));
#12623=CARTESIAN_POINT('',(-17.0147738830366,-8.23270988234628,-45.6260522269658));
#12624=CARTESIAN_POINT('',(-17.8796479874807,-8.10208000000002,-44.7611781243705));
#12625=CARTESIAN_POINT('',(-17.8796479874807,-8.10208000000002,-45.6260522269658));
#12626=CARTESIAN_POINT('',(-17.0147738848854,-8.10208000000002,-45.6260522269658));
#12627=CARTESIAN_POINT('',(-16.8817279874807,-8.10208000000002,-44.6281322269658));
#12628=CARTESIAN_POINT('',(-18.8396479874807,-8.10208000000002,-31.1388703568397));
#12629=CARTESIAN_POINT('',(-16.8817279874807,-8.10208000000002,-31.1388703568397));
#12630=CARTESIAN_POINT('',(-16.8817279874807,-8.10208000000002,-30.8040619927125));
#12631=CARTESIAN_POINT('',(-43.6298979310922,7.60683000668253,-20.6637698553407));
#12632=CARTESIAN_POINT('',(-43.6298979310922,7.60683000668253,-20.6637698553407));
#12633=CARTESIAN_POINT('',(-43.6298979310922,7.60683000668253,-18.4828262090766));
#12634=CARTESIAN_POINT('',(-43.6298979310922,7.60683000668253,-18.4828262090766));
#12635=CARTESIAN_POINT('',(15.9486105030479,8.5,-46.2));
#12636=CARTESIAN_POINT('',(-15.9486105030479,8.5,-36.146006229418));
#12637=CARTESIAN_POINT('',(20.25,8.5,-43.6771447032149));
#12638=CARTESIAN_POINT('',(0.,0.577030800056536,0.));
#12639=CARTESIAN_POINT('',(-0.684457223090821,0.577030800056536,-44.3269870495343));
#12640=CARTESIAN_POINT('',(-1.39845722309082,0.577030800056538,-44.3269870495343));
#12641=CARTESIAN_POINT('',(-1.39845722309082,0.577030800056538,-44.0180874818852));
#12642=CARTESIAN_POINT('',(-5.01647881089143,0.577030800056538,-44.0180874818852));
#12643=CARTESIAN_POINT('',(-5.01647881089143,0.577030800056538,-44.3269870495343));
#12644=CARTESIAN_POINT('',(-0.684457223090821,0.577030800056536,-44.3269870495343));
#12645=CARTESIAN_POINT('',(-0.684457223090818,0.577030800056536,-43.6989751350704));
#12646=CARTESIAN_POINT('',(-0.684457223090821,3.54426898235932,-44.3269870495343));
#12647=CARTESIAN_POINT('',(-0.684457223090821,3.7077242354697,-44.3269870495343));
#12648=CARTESIAN_POINT('',(-5.01647881089143,0.76603080005654,-44.3269870495343));
#12649=CARTESIAN_POINT('',(-5.20547881089143,0.766030800056541,-44.3269870495343));
#12650=CARTESIAN_POINT('',(-5.20547881089143,0.577030800056534,-44.3269870495343));
#12651=CARTESIAN_POINT('',(-5.20547881089143,2.5134727765356,-44.3269870495343));
#12652=CARTESIAN_POINT('',(-5.01647881089143,2.5134727765356,-44.3269870495343));
#12653=CARTESIAN_POINT('',(-5.01647881089143,2.70247277653561,-44.3269870495343));
#12654=CARTESIAN_POINT('',(-0.684457223090822,2.70247277653561,-44.3269870495343));
#12655=CARTESIAN_POINT('',(-1.39845722309082,2.70247277653561,-44.3269870495343));
#12656=CARTESIAN_POINT('',(-1.39845722309082,2.5134727765356,-44.3269870495343));
#12657=CARTESIAN_POINT('',(-1.20945722309082,2.5134727765356,-44.3269870495343));
#12658=CARTESIAN_POINT('',(-1.20945722309082,0.577030800056536,-44.3269870495343));
#12659=CARTESIAN_POINT('',(-1.20945722309082,0.76603080005654,-44.3269870495343));
#12660=CARTESIAN_POINT('',(-1.39845722309082,0.76603080005654,-44.3269870495343));
#12661=CARTESIAN_POINT('',(-0.684457223090818,3.54426898235932,-43.6989751350704));
#12662=CARTESIAN_POINT('',(16.6917555900996,3.54426898235932,-32.0185145680118));
#12663=CARTESIAN_POINT('',(16.6917555900996,7.04683000668253,-32.2075145680118));
#12664=CARTESIAN_POINT('',(16.6917555900996,7.04683000668253,-32.2075145680118));
#12665=CARTESIAN_POINT('',(16.6917555900996,7.04683000668253,-32.0185145680118));
#12666=CARTESIAN_POINT('',(16.6917555900996,7.04683000668253,-37.0645361558124));
#12667=CARTESIAN_POINT('',(16.6917555900996,3.54426898235932,-37.0645361558124));
#12668=CARTESIAN_POINT('',(16.6917555900996,3.76489450271933,-36.2755361558124));
#12669=CARTESIAN_POINT('',(16.6917555900996,3.76489450271933,-36.4645361558124));
#12670=CARTESIAN_POINT('',(16.6917555900996,8.66857466150118,-36.4645361558124));
#12671=CARTESIAN_POINT('',(16.6917555900996,5.5123364791984,-36.4645361558124));
#12672=CARTESIAN_POINT('',(16.6917555900996,5.5123364791984,-36.2755361558124));
#12673=CARTESIAN_POINT('',(16.6917555900996,5.5123364791984,-32.6575145680118));
#12674=CARTESIAN_POINT('',(16.6917555900996,5.5123364791984,-32.4685145680118));
#12675=CARTESIAN_POINT('',(16.6917555900996,8.66857466150118,-32.4685145680118));
#12676=CARTESIAN_POINT('',(16.6917555900996,3.76489450271933,-32.4685145680118));
#12677=CARTESIAN_POINT('',(16.6917555900996,3.76489450271933,-32.6575145680118));
#12678=CARTESIAN_POINT('',(16.6917555900996,3.54426898235932,-32.0185145680118));
#12679=CARTESIAN_POINT('',(17.2317555900996,7.04683000668253,-32.0185145680118));
#12680=CARTESIAN_POINT('',(16.5027555900996,7.04683000668253,-32.0185145680118));
#12681=CARTESIAN_POINT('',(16.5027555900996,3.54426898235932,-32.0185145680118));
#12682=CARTESIAN_POINT('',(16.0011854301647,8.66857466150118,-32.0185145680118));
#12683=CARTESIAN_POINT('',(16.0011854301647,5.7013364791984,-32.0185145680118));
#12684=CARTESIAN_POINT('',(16.0011854301647,5.7013364791984,-32.0185145680118));
#12685=CARTESIAN_POINT('',(16.0117010032611,5.7013364791984,-32.0185145680118));
#12686=CARTESIAN_POINT('',(16.0117010032611,3.54426898235932,-32.0185145680118));
#12687=CARTESIAN_POINT('',(16.0117010032611,3.54426898235932,-36.1914437163365));
#12688=CARTESIAN_POINT('',(16.0117010032611,5.7013364791984,-36.1914437163365));
#12689=CARTESIAN_POINT('',(16.0117010032611,5.7013364791984,-37.0645361558124));
#12690=CARTESIAN_POINT('',(16.0117010032611,3.54426898235932,-37.0645361558124));
#12691=CARTESIAN_POINT('',(16.2256547159331,3.54426898235932,-37.0645361558124));
#12692=CARTESIAN_POINT('',(17.2317555900996,7.04683000668253,-37.0645361558124));
#12693=CARTESIAN_POINT('',(16.0011854301647,5.7013364791984,-37.0645361558124));
#12694=CARTESIAN_POINT('',(16.0011854301647,5.7013364791984,-37.0645361558124));
#12695=CARTESIAN_POINT('',(16.0011854301647,6.54313268502211,-37.0645361558124));
#12696=CARTESIAN_POINT('',(-16.2256547159331,3.54426898235932,-32.0185145680118));
#12697=CARTESIAN_POINT('',(-16.6917555900996,3.54426898235932,-32.0185145680118));
#12698=CARTESIAN_POINT('',(-16.6917555900996,7.04683000668253,-32.0185145680118));
#12699=CARTESIAN_POINT('',(-17.2317555900996,7.04683000668253,-32.0185145680118));
#12700=CARTESIAN_POINT('',(-16.0117010032611,3.54426898235932,-32.0185145680118));
#12701=CARTESIAN_POINT('',(-16.0117010032611,5.7013364791984,-32.0185145680118));
#12702=CARTESIAN_POINT('',(-15.9863791259205,5.7013364791984,-32.0185145680118));
#12703=CARTESIAN_POINT('',(-15.9863791259205,5.7013364791984,-32.0185145680118));
#12704=CARTESIAN_POINT('',(-15.9863791259205,6.54313268502211,-32.0185145680118));
#12705=CARTESIAN_POINT('',(-16.0117010032611,3.54426898235932,-36.1914437163365));
#12706=CARTESIAN_POINT('',(-16.0117010032611,3.54426898235932,-37.0645361558124));
#12707=CARTESIAN_POINT('',(-16.0117010032611,5.7013364791984,-37.0645361558124));
#12708=CARTESIAN_POINT('',(-16.0117010032611,5.7013364791984,-36.1914437163365));
#12709=CARTESIAN_POINT('',(-16.2256547159331,3.54426898235932,-37.0645361558124));
#12710=CARTESIAN_POINT('',(-16.6917555900996,3.54426898235932,-37.0645361558124));
#12711=CARTESIAN_POINT('',(-16.6917555900996,7.04683000668253,-37.0645361558124));
#12712=CARTESIAN_POINT('',(-15.9863791259205,8.66857466150118,-37.0645361558124));
#12713=CARTESIAN_POINT('',(-15.9863791259205,5.7013364791984,-37.0645361558124));
#12714=CARTESIAN_POINT('',(-15.9863791259205,5.7013364791984,-37.0645361558124));
#12715=CARTESIAN_POINT('',(-17.2317555900996,7.04683000668253,-37.0645361558124));
#12716=CARTESIAN_POINT('',(-16.6917555900996,3.54426898235932,-32.0185145680118));
#12717=CARTESIAN_POINT('',(-16.6917555900996,7.04683000668253,-32.0185145680118));
#12718=CARTESIAN_POINT('',(-16.6917555900996,3.76489450271933,-32.6575145680118));
#12719=CARTESIAN_POINT('',(-16.6917555900996,3.76489450271933,-32.4685145680118));
#12720=CARTESIAN_POINT('',(-16.6917555900996,8.66857466150118,-32.4685145680118));
#12721=CARTESIAN_POINT('',(-16.6917555900996,5.5123364791984,-32.4685145680118));
#12722=CARTESIAN_POINT('',(-16.6917555900996,5.5123364791984,-32.6575145680118));
#12723=CARTESIAN_POINT('',(-16.6917555900996,5.7013364791984,-32.6575145680118));
#12724=CARTESIAN_POINT('',(-16.6917555900996,5.7013364791984,-32.0185145680118));
#12725=CARTESIAN_POINT('',(-16.6917555900996,5.7013364791984,-36.2755361558124));
#12726=CARTESIAN_POINT('',(-16.6917555900996,5.5123364791984,-36.2755361558124));
#12727=CARTESIAN_POINT('',(-16.6917555900996,5.5123364791984,-36.4645361558124));
#12728=CARTESIAN_POINT('',(-16.6917555900996,8.66857466150118,-36.4645361558124));
#12729=CARTESIAN_POINT('',(-16.6917555900996,3.76489450271933,-36.4645361558124));
#12730=CARTESIAN_POINT('',(-16.6917555900996,3.76489450271933,-36.2755361558124));
#12731=CARTESIAN_POINT('',(16.0011854301647,2.99886370266279,0.));
#12732=CARTESIAN_POINT('',(16.0011854301647,5.7013364791984,-36.5376527601448));
#12733=CARTESIAN_POINT('',(16.0011854301647,5.7013364791984,-36.5376527601448));
#12734=CARTESIAN_POINT('',(-15.9863791259205,5.7013364791984,-32.4342790616802));
#12735=CARTESIAN_POINT('',(-16.6917555900996,5.7013364791984,-36.2755361558124));
#12736=CARTESIAN_POINT('',(-17.8796479874807,5.7013364791984,-32.6575145680118));
#12737=CARTESIAN_POINT('',(-15.9863791259205,5.7013364791984,-32.4342790616802));
#12738=CARTESIAN_POINT('',(-15.9863791259205,5.7013364791984,-32.4342790616802));
#12739=CARTESIAN_POINT('',(-15.9863791259205,2.99886370266279,-3.97387926044371E-15));
#12740=CARTESIAN_POINT('',(-17.2317555900996,7.04683000668253,-32.0185145680118));
#12741=CARTESIAN_POINT('',(17.2317555900996,7.04683000668253,-19.4620266192158));
#12742=CARTESIAN_POINT('',(17.2317555900996,7.04683000668253,-32.2075145680118));
#12743=CARTESIAN_POINT('',(0.,4.10683000668253,2.85399160155978E-16));
#12744=CARTESIAN_POINT('',(16.4566105030479,4.10683000668253,2.85399160155978E-16));
#12745=CARTESIAN_POINT('',(16.0354460436648,4.10683000668253,-32.8259255924071));
#12746=CARTESIAN_POINT('',(16.0354460436648,4.10683000668253,-32.8259255924071));
#12747=CARTESIAN_POINT('',(0.,4.10683000668253,2.85399160155978E-16));
#12748=CARTESIAN_POINT('',(-16.4566105030479,4.10683000668253,-36.146006229418));
#12749=CARTESIAN_POINT('',(-16.0354460436648,4.10683000668253,-32.8259255924071));
#12750=CARTESIAN_POINT('',(-16.0354460436648,4.10683000668253,-32.8259255924071));
#12751=CARTESIAN_POINT('',(0.,2.99886370266279,-36.4645361558124));
#12752=CARTESIAN_POINT('',(-17.8796479874807,5.5123364791984,-36.4645361558124));
#12753=CARTESIAN_POINT('',(0.,3.76489450271933,-36.4645361558124));
#12754=CARTESIAN_POINT('',(0.,2.99886370266279,-36.4645361558124));
#12755=CARTESIAN_POINT('',(0.,5.5123364791984,-36.4645361558124));
#12756=CARTESIAN_POINT('',(0.,3.76489450271933,-36.4645361558124));
#12757=CARTESIAN_POINT('',(0.,2.99886370266279,-32.4685145680118));
#12758=CARTESIAN_POINT('',(0.,3.76489450271933,-32.4685145680118));
#12759=CARTESIAN_POINT('',(-16.6917555900996,5.5123364791984,-32.4685145680118));
#12760=CARTESIAN_POINT('',(0.,2.99886370266279,-32.4685145680118));
#12761=CARTESIAN_POINT('',(0.,3.76489450271933,-32.4685145680118));
#12762=CARTESIAN_POINT('',(0.,5.5123364791984,-32.4685145680118));
#12763=CARTESIAN_POINT('',(0.,3.76489450271933,-36.2755361558124));
#12764=CARTESIAN_POINT('',(-15.9863791259205,5.5123364791984,-32.6575145680118));
#12765=CARTESIAN_POINT('',(0.,3.76489450271933,-32.6575145680118));
#12766=CARTESIAN_POINT('',(0.,3.76489450271933,-36.2755361558124));
#12767=CARTESIAN_POINT('',(-15.9863791259205,5.5123364791984,-36.2755361558124));
#12768=CARTESIAN_POINT('',(0.,5.5123364791984,-32.6575145680118));
#12769=CARTESIAN_POINT('',(0.,3.76489450271933,-32.6575145680118));
#12770=CARTESIAN_POINT('',(0.,5.5123364791984,-36.2755361558124));
#12771=CARTESIAN_POINT('',(16.5027555900996,3.54426898235932,-32.2075145680118));
#12772=CARTESIAN_POINT('',(16.5027555900996,7.04683000668253,-32.2075145680118));
#12773=CARTESIAN_POINT('',(17.2317555900996,7.04683000668253,-32.2075145680118));
#12774=CARTESIAN_POINT('',(-17.699237592938,6.98683000668254,-27.75));
#12775=CARTESIAN_POINT('',(17.699237592938,7.58683000668253,-27.75));
#12776=CARTESIAN_POINT('',(16.6995387905599,8.59,-18.4828262090766));
#12777=CARTESIAN_POINT('',(16.6995387905599,8.59,-18.4828262090766));
#12778=CARTESIAN_POINT('',(16.6995387905599,8.59,-20.6637698553407));
#12779=CARTESIAN_POINT('',(16.6995387905599,8.59,-20.6637698553407));
#12780=CARTESIAN_POINT('',(17.9716247717978,8.59,-20.6637698553407));
#12781=CARTESIAN_POINT('',(20.25,9.1,-20.1537698553407));
#12782=CARTESIAN_POINT('',(-4.72302586037328,-3.38651293018664,-32.6402827855274));
#12783=CARTESIAN_POINT('',(-17.2095387905599,9.1,-46.2));
#12784=CARTESIAN_POINT('',(-26.2785967208677,18.1690579303078,-28.0618841393844));
#12785=CARTESIAN_POINT('',(20.25,9.1,-18.9928262090766));
#12786=CARTESIAN_POINT('',(-17.9667049159433,7.98933000668253,-20.7352108978207));
#12787=CARTESIAN_POINT('',(-43.6298979310922,7.60683000668253,-18.0288851665967));
#12788=CARTESIAN_POINT('',(-43.6298979310922,7.60683000668253,-21.1177108978207));
#12789=CARTESIAN_POINT('',(16.6227861464086,7.98933000668253,-18.4113851665967));
#12790=CARTESIAN_POINT('',(-1.39845722309082,0.76603080005654,-44.0180874818852));
#12791=CARTESIAN_POINT('',(-1.20945722309082,0.76603080005654,-44.0180874818852));
#12792=CARTESIAN_POINT('',(-1.20945722309082,0.76603080005654,-44.0180874818852));
#12793=CARTESIAN_POINT('',(-1.20945722309082,2.5134727765356,-44.0180874818852));
#12794=CARTESIAN_POINT('',(-1.39845722309082,2.5134727765356,-44.0180874818852));
#12795=CARTESIAN_POINT('',(-1.39845722309082,2.70247277653561,-44.0180874818852));
#12796=CARTESIAN_POINT('',(-5.01647881089143,2.70247277653561,-44.0180874818852));
#12797=CARTESIAN_POINT('',(-5.01647881089143,2.70247277653561,-44.0180874818852));
#12798=CARTESIAN_POINT('',(-5.01647881089143,2.5134727765356,-44.0180874818852));
#12799=CARTESIAN_POINT('',(-5.20547881089143,2.5134727765356,-44.0180874818852));
#12800=CARTESIAN_POINT('',(-5.20547881089143,2.5134727765356,-44.0180874818852));
#12801=CARTESIAN_POINT('',(-5.20547881089143,0.766030800056541,-44.0180874818852));
#12802=CARTESIAN_POINT('',(-5.01647881089143,0.76603080005654,-44.0180874818852));
#12803=CARTESIAN_POINT('',(-5.02183195835038,4.10629259932076,-43.7318318266825));
#12804=CARTESIAN_POINT('',(-5.02183195835038,1.13905441701798,-43.7318318266825));
#12805=CARTESIAN_POINT('',(0.,1.13905441701797,2.853618136845E-16));
#12806=CARTESIAN_POINT('',(0.,1.13905441701798,-44.894644703215));
#12807=CARTESIAN_POINT('',(-1.39310407563186,2.45905441701798,-45.277144703215));
#12808=CARTESIAN_POINT('',(-1.39310407563186,2.45905441701798,-45.277144703215));
#12809=CARTESIAN_POINT('',(0.,-2.96723818230278,-45.277144703215));
#12810=CARTESIAN_POINT('',(0.,1.52155441701798,-45.277144703215));
#12811=CARTESIAN_POINT('',(0.,1.52155441701798,-45.277144703215));
#12812=CARTESIAN_POINT('',(13.8946542801715,-9.11,-31.3251474707875));
#12813=CARTESIAN_POINT('',(-13.8946542801715,-9.11,-31.3251474707875));
#12814=CARTESIAN_POINT('',(-13.8946542801715,-9.11,-31.3251474707875));
#12815=CARTESIAN_POINT('',(13.8946542801715,-9.11,-31.3251474707875));
#12816=CARTESIAN_POINT('',(13.8946542801715,-9.11,-31.3251474707875));
#12817=CARTESIAN_POINT('',(13.8946542801715,-9.11,-31.3251474707875));
#12818=CARTESIAN_POINT('',(13.8946542801715,-9.11,-32.5751474707875));
#12819=CARTESIAN_POINT('',(13.8946542801715,-9.11,-32.5751474707875));
#12820=CARTESIAN_POINT('',(15.1446542801715,-9.11,-32.5751474707875));
#12821=CARTESIAN_POINT('',(15.1446542801715,-9.11,-32.5751474707875));
#12822=CARTESIAN_POINT('',(15.1446542801715,-9.11,-42.2628321224616));
#12823=CARTESIAN_POINT('',(15.1446542801715,-9.11,-42.2628321224616));
#12824=CARTESIAN_POINT('',(15.1446542801715,-9.11,-42.2628321224616));
#12825=CARTESIAN_POINT('',(15.1446542801715,-9.11,-42.2628321224616));
#12826=CARTESIAN_POINT('',(13.8946542801715,-9.11,-42.2628321224616));
#12827=CARTESIAN_POINT('',(13.8946542801715,-9.11,-42.2628321224616));
#12828=CARTESIAN_POINT('',(13.8946542801715,-9.11,-43.5128321224616));
#12829=CARTESIAN_POINT('',(13.8946542801715,-9.11,-43.5128321224616));
#12830=CARTESIAN_POINT('',(-13.8946542801715,-9.11,-43.5128321224616));
#12831=CARTESIAN_POINT('',(-13.8946542801715,-9.11,-43.5128321224616));
#12832=CARTESIAN_POINT('',(-13.8946542801715,-9.11,-43.5128321224616));
#12833=CARTESIAN_POINT('',(-13.8946542801715,-9.11,-43.5128321224616));
#12834=CARTESIAN_POINT('',(-13.8946542801715,-9.11,-42.2628321224616));
#12835=CARTESIAN_POINT('',(-13.8946542801715,-9.11,-42.2628321224616));
#12836=CARTESIAN_POINT('',(-15.1446542801715,-9.11,-42.2628321224616));
#12837=CARTESIAN_POINT('',(-15.1446542801715,-9.11,-42.2628321224616));
#12838=CARTESIAN_POINT('',(-15.1446542801715,-9.11,-32.5751474707875));
#12839=CARTESIAN_POINT('',(-15.1446542801715,-9.11,-32.5751474707875));
#12840=CARTESIAN_POINT('',(-15.1446542801715,-9.11,-32.5751474707875));
#12841=CARTESIAN_POINT('',(-15.1446542801715,-9.11,-32.5751474707875));
#12842=CARTESIAN_POINT('',(-13.8946542801715,-9.11,-32.5751474707875));
#12843=CARTESIAN_POINT('',(-13.8946542801715,-9.11,-32.5751474707875));
#12844=CARTESIAN_POINT('',(13.8946542801715,-9.11,-32.5751474707875));
#12845=CARTESIAN_POINT('',(-17.699237592938,7.60683000668253,-27.75));
#12846=CARTESIAN_POINT('',(17.699237592938,8.00683000668253,-27.75));
#12847=CARTESIAN_POINT('',(16.0117010032611,5.17496241777249,-44.4890789258864));
#12848=CARTESIAN_POINT('',(16.0117010032611,3.7077242354697,-44.4890789258864));
#12849=CARTESIAN_POINT('',(-15.3778161090144,3.7077242354697,-44.4890789258864));
#12850=CARTESIAN_POINT('',(-15.8063927491451,3.7077242354697,-44.4890789258864));
#12851=CARTESIAN_POINT('',(-15.8063927491451,5.17496241777249,-44.4890789258864));
#12852=CARTESIAN_POINT('',(-15.639824683549,5.54681786487162,-45.6260522269658));
#12853=CARTESIAN_POINT('',(-15.639824683549,4.07957968256883,-45.6260522269658));
#12854=CARTESIAN_POINT('',(-15.639824683549,4.07957968256883,-44.4629166731982));
#12855=CARTESIAN_POINT('',(-15.639824683549,5.54681786487162,-44.4629166731982));
#12856=CARTESIAN_POINT('',(-15.639824683549,5.54681786487162,-44.4629166731982));
#12857=CARTESIAN_POINT('',(-15.639824683549,4.07957968256883,-44.4629166731982));
#12858=CARTESIAN_POINT('',(0.,4.07957968256883,3.85469366298733E-16));
#12859=CARTESIAN_POINT('',(0.,5.10628030999029,4.27718549934011E-16));
#12860=CARTESIAN_POINT('',(-1.83990396748174E-14,5.1062803099903,-45.1160522269658));
#12861=CARTESIAN_POINT('',(15.9744529634625,5.1062803099903,-44.4176169789673));
#12862=CARTESIAN_POINT('',(0.,3.08674830983993E-15,-44.4176169789673));
#12863=CARTESIAN_POINT('',(-1.83990396748174E-14,5.1062803099903,-45.1160522269658));
#12864=CARTESIAN_POINT('',(17.5486105030479,5.50116061869408,-32.8259255924071));
#12865=CARTESIAN_POINT('',(17.5486105030479,5.50116061869408,-32.8259255924071));
#12866=CARTESIAN_POINT('',(17.5486105030479,0.,0.));
#12867=CARTESIAN_POINT('',(17.5486105030479,5.19883000668253,3.61286373014365E-16));
#12868=CARTESIAN_POINT('',(17.5486105030479,5.19883000668253,3.61286373014365E-16));
#12869=CARTESIAN_POINT('',(-17.5486105030479,5.50116061869408,-32.8259255924071));
#12870=CARTESIAN_POINT('',(-17.5486105030479,5.50116061869408,-32.8259255924071));
#12871=CARTESIAN_POINT('',(-17.5486105030479,0.,0.));
#12872=CARTESIAN_POINT('',(-17.5486105030479,5.19883000668254,-32.8259255924071));
#12873=CARTESIAN_POINT('',(-17.5486105030479,5.19883000668253,3.61286373014365E-16));
#12874=CARTESIAN_POINT('',(4.30962190178981,12.4,-45.7));
#12875=CARTESIAN_POINT('',(3.60962190178981,12.4,-45.7));
#12876=CARTESIAN_POINT('',(3.60962190178981,12.4,-45.7));
#12877=CARTESIAN_POINT('',(3.60962190178981,4.82756588547275,-45.7));
#12878=CARTESIAN_POINT('',(4.30962190178981,4.82756588547275,-45.7));
#12879=CARTESIAN_POINT('',(4.30962190178981,4.82756588547275,-45.7));
#12880=CARTESIAN_POINT('',(4.30962190178981,12.4,-45.7));
#12881=CARTESIAN_POINT('',(4.30962190178981,12.4,-45.7));
#12882=CARTESIAN_POINT('',(4.30962190178981,12.4,-45.7));
#12883=CARTESIAN_POINT('',(4.30962190178981,4.82756588547275,-45.3809243450526));
#12884=CARTESIAN_POINT('',(3.60962190178981,4.82756588547275,-45.3809243450526));
#12885=CARTESIAN_POINT('',(3.60962190178981,4.50849023052531,-45.3809243450526));
#12886=CARTESIAN_POINT('',(4.30962190178981,4.50849023052531,-45.3809243450526));
#12887=CARTESIAN_POINT('',(4.30962190178981,4.50849023052531,-45.3809243450526));
#12888=CARTESIAN_POINT('',(4.30962190178981,4.82756588547275,-45.3809243450526));
#12889=CARTESIAN_POINT('',(4.30962190178981,4.50849023052531,-45.3809243450526));
#12890=CARTESIAN_POINT('',(4.30962190178981,4.50849023052531,-45.3809243450526));
#12891=CARTESIAN_POINT('',(3.60962190178981,4.50849023052531,-45.3809243450526));
#12892=CARTESIAN_POINT('',(4.30962190178981,4.00849023052531,-45.3809243450526));
#12893=CARTESIAN_POINT('',(3.60962190178981,4.00849023052531,-45.3809243450526));
#12894=CARTESIAN_POINT('',(3.60962190178981,4.00849023052531,-45.3809243450526));
#12895=CARTESIAN_POINT('',(4.30962190178981,4.00849023052531,-45.3809243450526));
#12896=CARTESIAN_POINT('',(4.30962190178981,4.00849023052531,-45.3809243450526));
#12897=CARTESIAN_POINT('',(4.30962190178981,4.00849023052531,-45.3809243450526));
#12898=CARTESIAN_POINT('',(4.30962190178981,4.82756588547275,-45.3809243450526));
#12899=CARTESIAN_POINT('',(3.60962190178981,4.82756588547275,-45.3809243450526));
#12900=CARTESIAN_POINT('',(3.60962190178981,4.82756588547275,-46.2));
#12901=CARTESIAN_POINT('',(4.30962190178981,4.82756588547275,-46.2));
#12902=CARTESIAN_POINT('',(4.30962190178981,4.82756588547275,-46.2));
#12903=CARTESIAN_POINT('',(4.30962190178981,4.82756588547275,-45.3809243450526));
#12904=CARTESIAN_POINT('',(4.30962190178981,12.4,-46.2));
#12905=CARTESIAN_POINT('',(3.60962190178981,12.4,-46.2));
#12906=CARTESIAN_POINT('',(3.60962190178981,12.4,-46.2));
#12907=CARTESIAN_POINT('',(4.30962190178981,12.4,-46.2));
#12908=CARTESIAN_POINT('',(4.30962190178981,12.4,-46.2));
#12909=CARTESIAN_POINT('',(4.30962190178981,12.4,-46.2));
#12910=CARTESIAN_POINT('',(4.30962190178981,12.4,-45.7));
#12911=CARTESIAN_POINT('',(3.60962190178981,12.4,-45.7));
#12912=CARTESIAN_POINT('',(4.30962190178981,12.4,-45.7));
#12913=CARTESIAN_POINT('',(4.30962190178981,4.82756588547275,-45.3809243450526));
#12914=CARTESIAN_POINT('',(3.60962190178981,4.82756588547275,-45.3809243450526));
#12915=CARTESIAN_POINT('',(12.9481987795917,10.7,-14.5619483085096));
#12916=CARTESIAN_POINT('',(12.9481987795917,10.7,-14.5619483085096));
#12917=CARTESIAN_POINT('',(12.9481987795917,10.7,-13.7119483085096));
#12918=CARTESIAN_POINT('',(12.9481987795917,10.7,-14.5619483085096));
#12919=CARTESIAN_POINT('',(12.9481987795917,10.05,-14.5619483085096));
#12920=CARTESIAN_POINT('',(12.9481987795917,10.05,-13.0619483085096));
#12921=CARTESIAN_POINT('',(-12.9481987795917,10.7,-14.5619483085096));
#12922=CARTESIAN_POINT('',(-12.9481987795917,10.7,-14.5619483085096));
#12923=CARTESIAN_POINT('',(-12.9481987795917,10.7,-15.4119483085096));
#12924=CARTESIAN_POINT('',(-12.9481987795917,10.7,-14.5619483085096));
#12925=CARTESIAN_POINT('',(-12.9481987795917,10.05,-14.5619483085096));
#12926=CARTESIAN_POINT('',(-12.9481987795917,10.05,-16.0619483085096));
#12927=CARTESIAN_POINT('',(12.9481987795917,10.05,-14.5619483085096));
#12928=CARTESIAN_POINT('',(-12.9481987795917,10.05,-14.5619483085096));
#12929=CARTESIAN_POINT('',(4.12509554543164,9.1,0.));
#12930=CARTESIAN_POINT('',(-4.14038481684482,7.40183000668253,2.07965844672432E-16));
#12931=CARTESIAN_POINT('',(-3.35509554543164,7.40183000668253,2.07965844672432E-16));
#12932=CARTESIAN_POINT('',(-3.95538481684482,7.40183000668253,2.07965844672432E-16));
#12933=CARTESIAN_POINT('',(-3.95538481684482,5.5949309859792,4.29247154881114E-16));
#12934=CARTESIAN_POINT('',(-3.95538481684482,5.5949309859792,4.33680868994202E-16));
#12935=CARTESIAN_POINT('',(4.14038481684482,5.5949309859792,4.33680868994202E-16));
#12936=CARTESIAN_POINT('',(-3.94009554543164,5.5949309859792,4.29247154881114E-16));
#12937=CARTESIAN_POINT('',(-3.94009554543164,9.1,-6.04772487933093E-32));
#12938=CARTESIAN_POINT('',(-3.94009554543164,5.23368854984701,4.73486594193662E-16));
#12939=CARTESIAN_POINT('',(-2.82237011279347,4.11596311720884,6.10368481534254E-16));
#12940=CARTESIAN_POINT('',(-2.84726603639262,4.14085904080799,6.07319610219503E-16));
#12941=CARTESIAN_POINT('',(4.12509554543164,4.14085904080799,6.07319610219503E-16));
#12942=CARTESIAN_POINT('',(-1.82654087953311,4.14085904080799,6.07319610219503E-16));
#12943=CARTESIAN_POINT('',(-1.82654087953311,4.55585904080799,5.6920614055489E-16));
#12944=CARTESIAN_POINT('',(-1.41154087953311,4.55585904080799,5.56496768054888E-16));
#12945=CARTESIAN_POINT('',(-1.41154087953311,9.1,-1.40215777288208E-46));
#12946=CARTESIAN_POINT('',(-1.41154087953311,7.01415240845944,2.55442657648936E-16));
#12947=CARTESIAN_POINT('',(-0.676540879533111,7.01415240845944,2.43945488809238E-16));
#12948=CARTESIAN_POINT('',(-0.676540879533111,7.74915240845944,1.65431117911606E-16));
#12949=CARTESIAN_POINT('',(4.12509554543164,7.74915240845944,1.65431117911606E-16));
#12950=CARTESIAN_POINT('',(0.676540879533111,7.74915240845944,1.65431117911606E-16));
#12951=CARTESIAN_POINT('',(0.676540879533111,7.01415240845944,2.43945488809238E-16));
#12952=CARTESIAN_POINT('',(1.41154087953311,7.01415240845944,2.55442657648936E-16));
#12953=CARTESIAN_POINT('',(1.41154087953311,9.1,4.90811263219851E-47));
#12954=CARTESIAN_POINT('',(1.41154087953311,4.55585904080799,5.56496768054888E-16));
#12955=CARTESIAN_POINT('',(1.82654087953311,4.55585904080799,5.6920614055489E-16));
#12956=CARTESIAN_POINT('',(1.82654087953311,4.14085904080799,6.07319610219503E-16));
#12957=CARTESIAN_POINT('',(4.12509554543164,4.14085904080799,6.07319610219503E-16));
#12958=CARTESIAN_POINT('',(2.84726603639262,4.14085904080799,6.07319610219503E-16));
#12959=CARTESIAN_POINT('',(3.96499146903078,5.25858447344616,4.70437722878911E-16));
#12960=CARTESIAN_POINT('',(3.94009554543164,5.23368854984701,4.73486594193662E-16));
#12961=CARTESIAN_POINT('',(3.94009554543164,5.5949309859792,4.29247154881114E-16));
#12962=CARTESIAN_POINT('',(3.94009554543164,5.5949309859792,4.33680868994202E-16));
#12963=CARTESIAN_POINT('',(4.14038481684482,5.5949309859792,4.33680868994202E-16));
#12964=CARTESIAN_POINT('',(3.95538481684482,5.5949309859792,4.33680868994202E-16));
#12965=CARTESIAN_POINT('',(3.95538481684482,9.1,-1.27258459719155E-33));
#12966=CARTESIAN_POINT('',(3.95538481684482,7.40183000668253,2.07965844672432E-16));
#12967=CARTESIAN_POINT('',(3.35509554543164,7.40183000668253,2.07965844672432E-16));
#12968=CARTESIAN_POINT('',(3.35509554543164,7.40183000668253,2.07965844672432E-16));
#12969=CARTESIAN_POINT('',(3.35509554543164,8.08683000668253,1.35525271560688E-16));
#12970=CARTESIAN_POINT('',(2.67110498515967,8.04965591007157,1.28630052773419E-16));
#12971=CARTESIAN_POINT('',(1.75745336085478,8.,1.35525271560688E-16));
#12972=CARTESIAN_POINT('',(1.75745336085478,8.915,2.26559657842258E-17));
#12973=CARTESIAN_POINT('',(-1.75745336085478,8.915,2.26559657842258E-17));
#12974=CARTESIAN_POINT('',(-1.75745336085478,8.915,2.26559657842257E-17));
#12975=CARTESIAN_POINT('',(-1.75745336085478,8.,1.35525271560688E-16));
#12976=CARTESIAN_POINT('',(-2.67110498515967,8.04965591007157,1.28630052773419E-16));
#12977=CARTESIAN_POINT('',(-3.35509554543164,8.08683000668253,1.35525271560688E-16));
#12978=CARTESIAN_POINT('',(4.12509554543164,3.95585904080799,6.29975576003729E-16));
#12979=CARTESIAN_POINT('',(-1.82654087953311,3.95585904080799,-9.42001299530366E-15));
#12980=CARTESIAN_POINT('',(-1.82654087953311,3.95585904080799,-0.184999999999999));
#12981=CARTESIAN_POINT('',(4.12509554543164,3.95585904080799,-0.184999999999999));
#12982=CARTESIAN_POINT('',(-2.88247418919433,3.95585904080799,-0.184999999999999));
#12983=CARTESIAN_POINT('',(-2.88247418919433,3.95585904080799,-1.73860307290662));
#12984=CARTESIAN_POINT('',(-2.92389554543164,3.95585904080799,6.29975576003729E-16));
#12985=CARTESIAN_POINT('',(-2.95318486731298,3.98514836268933,6.29975576003729E-16));
#12986=CARTESIAN_POINT('',(-2.95318486731298,3.98514836268933,-0.184999999999999));
#12987=CARTESIAN_POINT('',(-4.0958062235503,5.12776971892665,-0.185));
#12988=CARTESIAN_POINT('',(-4.0958062235503,5.12776971892665,-0.185));
#12989=CARTESIAN_POINT('',(-4.0958062235503,5.12776971892665,-1.9625289831729));
#12990=CARTESIAN_POINT('',(4.12509554543164,5.15705904080799,0.));
#12991=CARTESIAN_POINT('',(4.0958062235503,5.12776971892665,0.));
#12992=CARTESIAN_POINT('',(4.0958062235503,5.12776971892665,-0.185));
#12993=CARTESIAN_POINT('',(2.95318486731298,3.98514836268933,-0.184999999999999));
#12994=CARTESIAN_POINT('',(2.95318486731298,3.98514836268933,-0.185));
#12995=CARTESIAN_POINT('',(2.95318486731298,3.98514836268933,-1.73860307290662));
#12996=CARTESIAN_POINT('',(4.14038481684482,5.5949309859792,-2.61651091841079));
#12997=CARTESIAN_POINT('',(-3.95538481684482,5.5949309859792,-0.184999999999999));
#12998=CARTESIAN_POINT('',(-4.14038481684482,5.5949309859792,-0.184999999999999));
#12999=CARTESIAN_POINT('',(-4.14038481684482,5.5949309859792,-2.61651091841079));
#13000=CARTESIAN_POINT('',(-4.14038481684482,5.5949309859792,-1.18039835399767));
#13001=CARTESIAN_POINT('',(-4.14038481684482,5.5949309859792,-1.18039835399767));
#13002=CARTESIAN_POINT('',(-4.14038481684482,5.5949309859792,-1.61968615802666));
#13003=CARTESIAN_POINT('',(-4.45198276175349,5.5949309859792,-2.03121530032978));
#13004=CARTESIAN_POINT('',(-4.87482703509248,5.5949309859792,-2.15028434971939));
#13005=CARTESIAN_POINT('',(-3.94009554543164,5.5949309859792,-0.185));
#13006=CARTESIAN_POINT('',(-4.14038481684482,0.,0.));
#13007=CARTESIAN_POINT('',(-4.14038481684482,7.40183000668253,-0.185));
#13008=CARTESIAN_POINT('',(-4.14038481684482,7.58683000668253,-1.15260350746004));
#13009=CARTESIAN_POINT('',(-4.14038481684482,6.92286365925051,-1.16186794048876));
#13010=CARTESIAN_POINT('',(-4.14038481684482,6.25889731900492,-1.17113288855042));
#13011=CARTESIAN_POINT('',(-4.14038481684482,5.5949309859792,-1.18039835399767));
#13012=CARTESIAN_POINT('',(4.14038481684482,5.5949309859792,-2.61651091841079));
#13013=CARTESIAN_POINT('',(4.14038481684482,5.5949309859792,-2.61651091841079));
#13014=CARTESIAN_POINT('',(4.14038481684482,5.5949309859792,-1.18039835399767));
#13015=CARTESIAN_POINT('',(4.14038481684482,5.5949309859792,-0.184999999999999));
#13016=CARTESIAN_POINT('',(3.95538481684482,5.5949309859792,-0.184999999999999));
#13017=CARTESIAN_POINT('',(3.94009554543164,5.5949309859792,-0.185));
#13018=CARTESIAN_POINT('',(4.87482703509248,5.5949309859792,-2.1502843497194));
#13019=CARTESIAN_POINT('',(4.45198300899426,5.5949309859792,-2.03121536995051));
#13020=CARTESIAN_POINT('',(4.14038481684482,5.5949309859792,-1.61968585428856));
#13021=CARTESIAN_POINT('',(4.14038481684482,5.5949309859792,-1.18039835399767));
#13022=CARTESIAN_POINT('',(4.14038481684482,0.,0.));
#13023=CARTESIAN_POINT('',(4.14038481684482,-2.26559657842259E-17,-0.184999999999999));
#13024=CARTESIAN_POINT('',(4.14038481684482,5.5949309859792,-1.18039835399767));
#13025=CARTESIAN_POINT('',(4.14038481684482,6.25889731900492,-1.17113288855042));
#13026=CARTESIAN_POINT('',(4.14038481684482,6.92286365925051,-1.16186794048876));
#13027=CARTESIAN_POINT('',(4.14038481684482,7.58683000668253,-1.15260350746004));
#13028=CARTESIAN_POINT('',(4.87521609154543,7.61239445650175,-2.12224224757928));
#13029=CARTESIAN_POINT('',(4.14038481684482,7.60951224563564,-1.91567889924255));
#13030=CARTESIAN_POINT('',(4.14038481684482,7.59886259212506,-1.15243561484773));
#13031=CARTESIAN_POINT('',(4.87508581846836,6.93589576380475,-2.1316449128725));
#13032=CARTESIAN_POINT('',(4.14038481684507,6.93304688858194,-1.92501122161799));
#13033=CARTESIAN_POINT('',(4.14038481684482,6.92236389942812,-1.16187490744117));
#13034=CARTESIAN_POINT('',(4.87495535866956,6.25939707855448,-2.14104803198781));
#13035=CARTESIAN_POINT('',(4.14038481684538,6.2565472102212,-1.93434440974512));
#13036=CARTESIAN_POINT('',(4.14038481684482,6.24586521417783,-1.17131473467253));
#13037=CARTESIAN_POINT('',(4.87482471134563,5.58289840080112,-2.1504516069332));
#13038=CARTESIAN_POINT('',(4.14038481684482,5.58001293505966,-1.94367846945065));
#13039=CARTESIAN_POINT('',(4.14038481684482,5.56936653642442,-1.18075509903433));
#13040=CARTESIAN_POINT('',(-4.87482471134563,5.58289840080111,-2.1504516069332));
#13041=CARTESIAN_POINT('',(-4.14038481684482,5.58001293505964,-1.94367846945065));
#13042=CARTESIAN_POINT('',(-4.14038481684482,5.56936653642441,-1.18075509903433));
#13043=CARTESIAN_POINT('',(-4.87495535866952,6.25939707855526,-2.14104803198778));
#13044=CARTESIAN_POINT('',(-4.14038481684534,6.25654721022175,-1.93434440974464));
#13045=CARTESIAN_POINT('',(-4.14038481684482,6.24586521417861,-1.17131473467237));
#13046=CARTESIAN_POINT('',(-4.87508581846813,6.93589576378701,-2.13164491287268));
#13047=CARTESIAN_POINT('',(-4.1403848168446,6.93304688856323,-1.92501122161348));
#13048=CARTESIAN_POINT('',(-4.14038481684482,6.92236389941031,-1.16187490743656));
#13049=CARTESIAN_POINT('',(-4.87521609154543,7.61239445650175,-2.12224224757928));
#13050=CARTESIAN_POINT('',(-4.14038481684482,7.60951224563564,-1.91567889924255));
#13051=CARTESIAN_POINT('',(-4.14038481684482,7.59886259212506,-1.15243561484773));
#13052=CARTESIAN_POINT('',(27.7861072826939,7.60683000668253,-1.9289986295921));
#13053=CARTESIAN_POINT('',(3.35509554543164,8.08683000668253,-1.9289986295921));
#13054=CARTESIAN_POINT('',(-3.35509554543164,8.08683000668253,-1.9289986295921));
#13055=CARTESIAN_POINT('',(-3.35509554543164,8.08683000668253,-19.4620266192158));
#13056=CARTESIAN_POINT('',(-3.35509554543164,7.58683000668253,-1.77568492758909));
#13057=CARTESIAN_POINT('',(-3.30735347607853,7.58683000668253,-1.766628266409));
#13058=CARTESIAN_POINT('',(-3.26069096427389,7.59353134285338,-1.75797650553163));
#13059=CARTESIAN_POINT('',(-3.21509554543004,7.606830006683,-1.74970014340511));
#13060=CARTESIAN_POINT('',(3.35509554543164,8.08683000668253,0.));
#13061=CARTESIAN_POINT('',(3.2150955454321,7.6068300066824,-1.74970014340549));
#13062=CARTESIAN_POINT('',(3.26022696928052,7.59366667472666,-1.75789228236432));
#13063=CARTESIAN_POINT('',(3.30765643371236,7.58683000668244,-1.76668573741264));
#13064=CARTESIAN_POINT('',(3.35509554543163,7.58683000668244,-1.77568492758908));
#13065=CARTESIAN_POINT('',(1.75745336085478,8.,0.));
#13066=CARTESIAN_POINT('',(1.75745336085478,8.,-0.185));
#13067=CARTESIAN_POINT('',(1.75745336085479,9.1,-1.536211674609));
#13068=CARTESIAN_POINT('',(2.03773961567823,9.1,-1.56369104009744));
#13069=CARTESIAN_POINT('',(2.58601810201181,8.87925283441678,-1.63307961690771));
#13070=CARTESIAN_POINT('',(2.84054642787926,8.34095156075723,-1.67565488633402));
#13071=CARTESIAN_POINT('',(2.85583236275137,8.05969562959424,-1.67810957994321));
#13072=CARTESIAN_POINT('',(-1.75745336085478,8.,-19.4620266192158));
#13073=CARTESIAN_POINT('',(-1.75745336085478,8.,-0.185000000000001));
#13074=CARTESIAN_POINT('',(-2.85583236275137,8.05969562959424,-1.67810957994321));
#13075=CARTESIAN_POINT('',(-2.84054908816638,8.34090261239138,-1.67565531353653));
#13076=CARTESIAN_POINT('',(-2.58692972707012,8.87844215250978,-1.63320679213294));
#13077=CARTESIAN_POINT('',(-2.03768199476795,9.10000000000021,-1.5636853909226));
#13078=CARTESIAN_POINT('',(-1.75745336085482,9.10000000000022,-1.53621167460899));
#13079=CARTESIAN_POINT('',(6.45779178582776,16.1465240816416,-2.65844742301942));
#13080=CARTESIAN_POINT('',(6.45779178582776,16.1465240816416,-2.65844742301942));
#13081=CARTESIAN_POINT('',(-6.45779178582775,16.1465240816416,-2.65844742301941));
#13082=CARTESIAN_POINT('',(-6.45779178582775,16.1465240816416,-2.65844742301941));
#13083=CARTESIAN_POINT('',(0.,16.1465240816416,-19.4620266192158));
#13084=CARTESIAN_POINT('',(-1.22654087953311,16.1465240816416,-1.50210050514778));
#13085=CARTESIAN_POINT('',(-1.22654087953311,7.01415240845944,-1.50210050514778));
#13086=CARTESIAN_POINT('',(-1.22654087953311,7.01415240845944,-1.50210050514778));
#13087=CARTESIAN_POINT('',(-1.22654087953311,7.30486723175468,-1.50210050514778));
#13088=CARTESIAN_POINT('',(-0.967039926539844,7.56415240845944,-1.48390960464897));
#13089=CARTESIAN_POINT('',(-0.676540879533109,7.56415240845944,-1.47298437149541));
#13090=CARTESIAN_POINT('',(-0.676540879533109,7.56415240845944,-1.47298437149541));
#13091=CARTESIAN_POINT('',(0.,7.56415240845944,-19.4620266192158));
#13092=CARTESIAN_POINT('',(0.676540879533109,7.56415240845944,-1.47298437149541));
#13093=CARTESIAN_POINT('',(0.676540879533109,7.56415240845944,-1.47298437149541));
#13094=CARTESIAN_POINT('',(0.967048162062498,7.56415240845944,-1.48390991437461));
#13095=CARTESIAN_POINT('',(1.22654087953311,7.30487354613573,-1.50210050514777));
#13096=CARTESIAN_POINT('',(1.22654087953311,7.01415240845944,-1.50210050514777));
#13097=CARTESIAN_POINT('',(1.22654087953311,7.01415240845944,-1.50210050514777));
#13098=CARTESIAN_POINT('',(1.22654087953311,16.1465240816416,-1.50210050514777));
#13099=CARTESIAN_POINT('',(0.,16.1465240816416,-19.4620266192158));
#13100=CARTESIAN_POINT('',(1.22654087953311,16.1465240816416,-1.49207722544447));
#13101=CARTESIAN_POINT('',(1.22654087953311,7.01415240845944,-1.49207722544447));
#13102=CARTESIAN_POINT('',(1.22654087953311,7.01415240845944,-1.49207722544447));
#13103=CARTESIAN_POINT('',(1.22654087953311,7.30486701422274,-1.49207722544447));
#13104=CARTESIAN_POINT('',(0.967039948753865,7.56415240845944,-1.47389646573261));
#13105=CARTESIAN_POINT('',(0.676540879533109,7.56415240845944,-1.46297730592737));
#13106=CARTESIAN_POINT('',(0.676540879533109,7.56415240845944,-1.46297730592736));
#13107=CARTESIAN_POINT('',(0.,7.56415240845944,-19.4620266192158));
#13108=CARTESIAN_POINT('',(-0.676540879533109,7.56415240845944,-1.46297730592736));
#13109=CARTESIAN_POINT('',(-0.676540879533109,7.56415240845944,-1.46297730592736));
#13110=CARTESIAN_POINT('',(-0.967048175164718,7.56415240845944,-1.47389677494356));
#13111=CARTESIAN_POINT('',(-1.22654087953311,7.30487332154965,-1.49207722544448));
#13112=CARTESIAN_POINT('',(-1.22654087953311,7.01415240845944,-1.49207722544448));
#13113=CARTESIAN_POINT('',(-1.22654087953311,7.01415240845944,-1.49207722544448));
#13114=CARTESIAN_POINT('',(-1.22654087953311,16.1465240816416,-1.49207722544448));
#13115=CARTESIAN_POINT('',(1.22654087953311,8.15585904080799,6.50521303491303E-16));
#13116=CARTESIAN_POINT('',(1.22654087953311,4.55585904080799,6.50521303491303E-16));
#13117=CARTESIAN_POINT('',(1.22654087953311,4.55585904080799,-1.54096345786022));
#13118=CARTESIAN_POINT('',(1.22654087953311,4.55585904080799,-0.184999999999999));
#13119=CARTESIAN_POINT('',(1.22654087953311,8.15585904080799,-0.185));
#13120=CARTESIAN_POINT('',(1.22654087953311,7.01415240845944,-0.185));
#13121=CARTESIAN_POINT('',(1.22654087953311,7.01415240845944,-1.49207722544447));
#13122=CARTESIAN_POINT('',(1.22654087953311,7.01415240845944,-1.54096345786023));
#13123=CARTESIAN_POINT('',(1.22654087953311,7.01415240845944,-1.54096345786022));
#13124=CARTESIAN_POINT('',(1.22654087953311,8.15585904080799,-1.54096345786022));
#13125=CARTESIAN_POINT('',(-1.22654087953311,8.15585904080799,6.50521303491303E-16));
#13126=CARTESIAN_POINT('',(-1.22654087953311,7.01415240845944,-9.28735110739195E-16));
#13127=CARTESIAN_POINT('',(-1.22654087953311,7.01415240845944,-0.185000000000001));
#13128=CARTESIAN_POINT('',(-1.22654087953311,8.15585904080799,-0.185));
#13129=CARTESIAN_POINT('',(-1.22654087953311,4.55585904080799,-0.184999999999999));
#13130=CARTESIAN_POINT('',(-1.22654087953311,4.55585904080799,6.50521303491303E-16));
#13131=CARTESIAN_POINT('',(-1.22654087953311,4.55585904080799,-1.54096345786022));
#13132=CARTESIAN_POINT('',(-1.22654087953311,8.15585904080799,-1.54096345786022));
#13133=CARTESIAN_POINT('',(-1.22654087953311,7.01415240845944,-1.54096345786022));
#13134=CARTESIAN_POINT('',(-1.22654087953311,7.01415240845944,-1.50210050514778));
#13135=CARTESIAN_POINT('',(0.,7.56415240845944,-19.4620266192158));
#13136=CARTESIAN_POINT('',(0.676540879533111,7.56415240845944,0.));
#13137=CARTESIAN_POINT('',(0.676540879533111,7.56415240845944,-0.185000000000001));
#13138=CARTESIAN_POINT('',(0.,7.56415240845944,-0.185000000000001));
#13139=CARTESIAN_POINT('',(-0.676540879533111,7.56415240845944,-0.185));
#13140=CARTESIAN_POINT('',(-0.676540879533109,7.56415240845944,-1.49207722544448));
#13141=CARTESIAN_POINT('',(0.,7.56415240845944,-19.4620266192158));
#13142=CARTESIAN_POINT('',(0.,7.56415240845944,-19.4620266192158));
#13143=CARTESIAN_POINT('',(-0.676540879533108,7.56415240845944,-1.51178428656797));
#13144=CARTESIAN_POINT('',(0.676540879533109,7.56415240845944,-1.51178428656797));
#13145=CARTESIAN_POINT('',(0.676540879533109,7.56415240845944,-1.50210050514777));
#13146=CARTESIAN_POINT('',(-0.676540879533109,7.56415240845944,-1.54096345786022));
#13147=CARTESIAN_POINT('',(0.,8.15585904080799,-19.4620266192158));
#13148=CARTESIAN_POINT('',(1.22654087953311,7.01415240845944,-1.54096345786022));
#13149=CARTESIAN_POINT('',(1.22654087953311,7.30486807862898,-1.54096345786022));
#13150=CARTESIAN_POINT('',(0.967039840066892,7.56415240845944,-1.52273313163762));
#13151=CARTESIAN_POINT('',(0.676540879533109,7.56415240845944,-1.51178428656796));
#13152=CARTESIAN_POINT('',(-0.676540879533109,7.56415240845944,-1.51178428656796));
#13153=CARTESIAN_POINT('',(-0.967048111061581,7.56415240845944,-1.52273344336968));
#13154=CARTESIAN_POINT('',(-1.22654087953311,7.30487442047307,-1.54096345786022));
#13155=CARTESIAN_POINT('',(-1.22654087953311,7.01415240845944,-1.54096345786022));
#13156=CARTESIAN_POINT('',(-1.22654087953311,4.55585904080799,-1.54096345786022));
#13157=CARTESIAN_POINT('',(-1.22654087953311,4.23830881883886,-1.54096345786022));
#13158=CARTESIAN_POINT('',(-1.51066868799682,3.95585904080799,-1.55985900944905));
#13159=CARTESIAN_POINT('',(-1.82654087953311,3.95585904080799,-1.59214537232845));
#13160=CARTESIAN_POINT('',(1.82654087953311,3.95585904080799,-1.59214537232845));
#13161=CARTESIAN_POINT('',(1.51065459905972,3.95585904080799,-1.55985756937124));
#13162=CARTESIAN_POINT('',(1.22654087953311,4.23828988315188,-1.54096345786022));
#13163=CARTESIAN_POINT('',(1.22654087953311,4.55585904080799,-1.54096345786022));
#13164=CARTESIAN_POINT('',(-0.676540879533078,7.01415240845944,-19.4620266192158));
#13165=CARTESIAN_POINT('',(0.676540879533088,7.01415240845944,-19.4620266192158));
#13166=CARTESIAN_POINT('',(0.676540879533111,7.01415240845944,-0.185000000000001));
#13167=CARTESIAN_POINT('',(0.676540879533088,7.01415240845944,-19.4620266192158));
#13168=CARTESIAN_POINT('',(-0.676540879533078,7.01415240845944,-19.4620266192158));
#13169=CARTESIAN_POINT('',(-0.676540879533111,7.01415240845944,-0.185000000000001));
#13170=CARTESIAN_POINT('',(1.82654087953311,4.55585904080799,-7.3090249863777E-17));
#13171=CARTESIAN_POINT('',(1.82654087953311,4.55585904080799,-0.184999999999999));
#13172=CARTESIAN_POINT('',(-1.82654087953311,4.55585904080799,-3.62644271860547E-16));
#13173=CARTESIAN_POINT('',(-1.82654087953311,4.55585904080799,-0.185));
#13174=CARTESIAN_POINT('',(2.88247418919433,4.05585904080799,6.29975576003729E-16));
#13175=CARTESIAN_POINT('',(2.88247418919433,4.05585904080799,-0.184999999999999));
#13176=CARTESIAN_POINT('',(-4.02509554543164,5.1984803970453,0.));
#13177=CARTESIAN_POINT('',(-4.02509554543164,5.1984803970453,-0.185));
#13178=CARTESIAN_POINT('',(-2.88247418919433,4.05585904080799,6.29975576003729E-16));
#13179=CARTESIAN_POINT('',(-2.88247418919433,4.05585904080799,-0.184999999999999));
#13180=CARTESIAN_POINT('',(4.02509554543164,5.1984803970453,0.));
#13181=CARTESIAN_POINT('',(4.02509554543164,5.1984803970453,-0.185));
#13182=CARTESIAN_POINT('',(3.94009554543164,-1.13283570113689E-17,-0.184999999999999));
#13183=CARTESIAN_POINT('',(3.94009554543164,5.23368854984701,-0.185));
#13184=CARTESIAN_POINT('',(3.94009554543164,5.23368854984701,4.60785923306339E-16));
#13185=CARTESIAN_POINT('',(3.94009554543164,5.23368854984701,4.60785923306339E-16));
#13186=CARTESIAN_POINT('',(3.94009554543164,5.23368854984701,4.60785923306339E-16));
#13187=CARTESIAN_POINT('',(4.02162867632715,5.17822739580111,-3.71198995382782E-16));
#13188=CARTESIAN_POINT('',(4.02929690936575,5.19674013512335,-1.35037666127822E-8));
#13189=CARTESIAN_POINT('',(4.03696513329765,5.21525287821775,1.81447818600441E-15));
#13190=CARTESIAN_POINT('',(4.09580621824388,5.12776971362023,-0.088129757721646));
#13191=CARTESIAN_POINT('',(4.12509546593231,5.15705907373779,-0.0791454264991742));
#13192=CARTESIAN_POINT('',(4.12509554543164,5.19848040454964,-0.0881297577216424));
#13193=CARTESIAN_POINT('',(4.0958062235503,5.12776971892664,-0.185));
#13194=CARTESIAN_POINT('',(4.12509554543164,5.15705904080799,-0.185));
#13195=CARTESIAN_POINT('',(4.12509554543164,5.1984803970453,-0.185));
#13196=CARTESIAN_POINT('',(3.94009554543164,5.23368854984701,-0.185));
#13197=CARTESIAN_POINT('',(5.96575127050814,7.25934427492351,-0.185));
#13198=CARTESIAN_POINT('',(2.84726603639262,4.14085904080799,-0.184999999999999));
#13199=CARTESIAN_POINT('',(2.95318486731299,3.98514836268934,-0.184999999999999));
#13200=CARTESIAN_POINT('',(2.92389554543164,3.95585904080799,-0.184999999999999));
#13201=CARTESIAN_POINT('',(2.88247418919433,3.95585904080799,-0.184999999999999));
#13202=CARTESIAN_POINT('',(2.95318487261931,3.98514836799566,-0.0881297577216452));
#13203=CARTESIAN_POINT('',(2.92389551250184,3.95585912030734,-0.0791454264991981));
#13204=CARTESIAN_POINT('',(2.88247418168993,3.95585904080799,-0.0881297577216458));
#13205=CARTESIAN_POINT('',(2.90272719043853,4.05932590991257,1.01230365421159E-15));
#13206=CARTESIAN_POINT('',(2.88421445111619,4.05165767687417,-1.35335980382024E-8));
#13207=CARTESIAN_POINT('',(2.86570170802194,4.04398945294222,1.58479324112085E-15));
#13208=CARTESIAN_POINT('',(2.84726603639262,4.14085904080799,5.96311194867027E-16));
#13209=CARTESIAN_POINT('',(2.84726603639262,4.14085904080799,5.96311194867027E-16));
#13210=CARTESIAN_POINT('',(2.84726603639262,4.14085904080799,5.96311194867027E-16));
#13211=CARTESIAN_POINT('',(2.84726603639262,4.14085904080799,-0.184999999999999));
#13212=CARTESIAN_POINT('',(4.12509554543164,4.14085904080799,-0.184999999999999));
#13213=CARTESIAN_POINT('',(1.82654087953311,4.14085904080799,-0.184999999999999));
#13214=CARTESIAN_POINT('',(1.82654087953311,4.55585904080799,-0.185));
#13215=CARTESIAN_POINT('',(1.41154087953311,4.55585904080799,-0.185));
#13216=CARTESIAN_POINT('',(1.41154087953311,9.1,-0.185));
#13217=CARTESIAN_POINT('',(1.41154087953311,7.01415240845944,-0.185));
#13218=CARTESIAN_POINT('',(0.676540879533111,7.01415240845944,-0.185000000000001));
#13219=CARTESIAN_POINT('',(0.676540879533111,7.74915240845944,-0.185000000000001));
#13220=CARTESIAN_POINT('',(4.12509554543164,7.74915240845944,-0.185));
#13221=CARTESIAN_POINT('',(-0.676540879533111,7.74915240845944,-0.185));
#13222=CARTESIAN_POINT('',(-0.676540879533111,7.01415240845944,-0.185000000000001));
#13223=CARTESIAN_POINT('',(-1.41154087953311,7.01415240845944,-0.185000000000001));
#13224=CARTESIAN_POINT('',(-1.41154087953311,9.1,-0.185));
#13225=CARTESIAN_POINT('',(-1.41154087953311,4.55585904080799,-0.185));
#13226=CARTESIAN_POINT('',(-1.82654087953311,4.55585904080799,-0.185));
#13227=CARTESIAN_POINT('',(-1.82654087953311,4.14085904080799,-0.184999999999999));
#13228=CARTESIAN_POINT('',(4.12509554543164,4.14085904080799,-0.184999999999999));
#13229=CARTESIAN_POINT('',(-2.84726603639262,4.14085904080799,-0.184999999999999));
#13230=CARTESIAN_POINT('',(-2.88247418919433,3.95585904080799,-0.184999999999999));
#13231=CARTESIAN_POINT('',(-2.92389554543164,3.95585904080799,-0.185));
#13232=CARTESIAN_POINT('',(-2.95318486731298,3.98514836268933,-0.185));
#13233=CARTESIAN_POINT('',(-2.88247418168993,3.95585904080799,-0.088129757721647));
#13234=CARTESIAN_POINT('',(-2.92389551250175,3.95585912030732,-0.0791454264991742));
#13235=CARTESIAN_POINT('',(-2.95318487261937,3.98514836799571,-0.0881297577216434));
#13236=CARTESIAN_POINT('',(-2.86570170802193,4.04398945294222,-3.92170851386793E-16));
#13237=CARTESIAN_POINT('',(-2.88421445111629,4.05165767687402,-1.35163288000352E-8));
#13238=CARTESIAN_POINT('',(-2.90272719043853,4.05932590991254,1.22876227252748E-15));
#13239=CARTESIAN_POINT('',(-2.84726603639262,4.14085904080799,5.96311194867027E-16));
#13240=CARTESIAN_POINT('',(-2.84726603639262,4.14085904080799,5.96311194867027E-16));
#13241=CARTESIAN_POINT('',(-2.84726603639261,4.14085904080799,5.96311194867027E-16));
#13242=CARTESIAN_POINT('',(-2.84726603639262,4.14085904080799,-0.184999999999999));
#13243=CARTESIAN_POINT('',(-1.84065572507649,3.13424872949186,-0.184999999999999));
#13244=CARTESIAN_POINT('',(-3.94009554543164,5.23368854984701,-0.185));
#13245=CARTESIAN_POINT('',(-3.94009554543164,5.23368854984701,4.87890977618477E-16));
#13246=CARTESIAN_POINT('',(-3.94009554543164,5.23368854984701,4.87890977618477E-16));
#13247=CARTESIAN_POINT('',(-3.94009554543164,5.23368854984701,4.87890977618477E-16));
#13248=CARTESIAN_POINT('',(-4.03696513329759,5.21525287821775,1.74616676846372E-15));
#13249=CARTESIAN_POINT('',(-4.02929690936574,5.19674013512313,-1.35046175642042E-8));
#13250=CARTESIAN_POINT('',(-4.02162867632714,5.17822739580111,1.3198758963076E-15));
#13251=CARTESIAN_POINT('',(-4.12509554543164,5.19848040454965,-0.0881297577216424));
#13252=CARTESIAN_POINT('',(-4.12509546593227,5.15705907373779,-0.0791454264991559));
#13253=CARTESIAN_POINT('',(-4.09580621824382,5.12776971362017,-0.0881297577216448));
#13254=CARTESIAN_POINT('',(-4.12509554543164,5.1984803970453,-0.185));
#13255=CARTESIAN_POINT('',(-4.12509554543164,5.15705904080799,-0.185));
#13256=CARTESIAN_POINT('',(-4.0958062235503,5.12776971892664,-0.185));
#13257=CARTESIAN_POINT('',(-3.94009554543164,5.23368854984701,-0.185));
#13258=CARTESIAN_POINT('',(-3.94009554543164,9.1,-0.185));
#13259=CARTESIAN_POINT('',(4.12509554543164,7.40183000668253,-0.185));
#13260=CARTESIAN_POINT('',(3.95538481684482,7.40183000668253,-0.185));
#13261=CARTESIAN_POINT('',(3.35509554543164,7.40183000668253,-0.185));
#13262=CARTESIAN_POINT('',(3.35509554543164,8.08683000668253,-0.185));
#13263=CARTESIAN_POINT('',(2.67110498515967,8.04965591007157,-0.185));
#13264=CARTESIAN_POINT('',(1.75745336085478,8.,-0.185));
#13265=CARTESIAN_POINT('',(1.75745336085478,8.915,-0.185));
#13266=CARTESIAN_POINT('',(4.12509554543164,8.915,-0.185));
#13267=CARTESIAN_POINT('',(-1.75745336085478,8.915,-0.185));
#13268=CARTESIAN_POINT('',(-1.75745336085478,8.,-0.185000000000001));
#13269=CARTESIAN_POINT('',(-2.67110498515967,8.04965591007157,-0.185));
#13270=CARTESIAN_POINT('',(-3.35509554543164,8.08683000668253,-0.185000000000001));
#13271=CARTESIAN_POINT('',(-3.35509554543164,7.40183000668253,-0.185));
#13272=CARTESIAN_POINT('',(4.12509554543164,7.40183000668253,-0.185));
#13273=CARTESIAN_POINT('',(-3.95538481684482,7.40183000668253,-0.185));
#13274=CARTESIAN_POINT('',(3.95538481684482,9.1,-0.185));
#13275=CARTESIAN_POINT('',(-3.95538481684482,-3.39835745570829E-17,-0.184999999999999));
#13276=CARTESIAN_POINT('',(0.,-8.1,-19.4620266192158));
#13277=CARTESIAN_POINT('',(0.,0.,0.));
#13278=MECHANICAL_DESIGN_GEOMETRIC_PRESENTATION_REPRESENTATION('',(#5994,
#5995,#5996,#5997,#5998,#5999,#6000,#6001,#6002,#6003,#6004,#6005,#6006,
#6007,#6008,#6009,#6010,#6011,#6012,#6013,#6014,#6015,#6016,#6017,#6018,
#6019,#6020,#6021,#6022,#6023,#6024,#6025,#6026,#6027,#6028,#6029,#6030,
#6031,#6032,#6033,#6034,#6035,#6036,#6037,#6038,#6039,#6040,#6041,#6042,
#6043,#6044,#6045,#6046,#6047,#6048,#6049,#6050,#6051,#6052,#6053,#6054,
#6055,#6056,#6057,#6058,#6059,#6060,#6061,#6062,#6063,#6064,#6065,#6066,
#6067,#6068,#6069,#6070,#6071,#6072,#6073,#6074,#6075,#6076,#6077,#6078,
#6079,#6080,#6081,#6082,#6083,#6084,#6085,#6086,#6087,#6088,#6089,#6090,
#6091,#6092,#6093,#6094,#6095,#6096,#6097,#6098,#6099,#6100,#6101,#6102,
#6103,#6104,#6105,#6106,#6107,#6108,#6109,#6110,#6111,#6112,#6113,#6114,
#6115,#6116,#6117,#6118,#6119,#6120,#6121,#6122,#6123,#6124,#6125,#6126,
#6127,#6128,#6129,#6130,#6131,#6132,#6133,#6134,#6135,#6136,#6137,#6138,
#6139,#6140,#6141,#6142,#6143,#6144,#6145,#6146,#6147,#6148,#6149,#6150,
#6151,#6152,#6153,#6154,#6155,#6156,#6157,#6158,#6159,#6160,#6161,#6162,
#6163,#6164,#6165,#6166,#6167,#6168,#6169,#6170,#6171,#6172,#6173,#6174,
#6175,#6176,#6177,#6178,#6179,#6180,#6181,#6182,#6183,#6184,#6185,#6186,
#6187,#6188,#6189,#6190,#6191,#6192,#6193,#6194,#6195,#6196,#6197,#6198,
#6199,#6200,#6201,#6202,#6203,#6204,#6205,#6206,#6207,#6208,#6209,#6210,
#6211,#6212,#6213,#6214,#6215,#6216,#6217,#6218,#6219,#6220,#6221,#6222,
#6223,#6224,#6225,#6226,#6227,#6228,#6229,#6230,#6231,#6232,#6233,#6234,
#6235,#6236,#6237,#6238,#6239,#6240,#6241,#6242,#6243,#6244,#6245,#6246,
#6247,#6248,#6249,#6250,#6251,#6252,#6253,#6254,#6255,#6256,#6257,#6258,
#6259,#6260,#6261,#6262,#6263,#6264,#6265,#6266,#6267,#6268,#6269,#6270,
#6271,#6272,#6273,#6274,#6275,#6276,#6277,#6278,#6279,#6280,#6281,#6282,
#6283,#6284,#6285,#6286,#6287,#6288,#6289,#6290,#6291,#6292,#6293,#6294,
#6295,#6296,#6297,#6298,#6299,#6300,#6301,#6302,#6303,#6304,#6305,#6306,
#6307,#6308,#6309,#6310,#6311,#6312,#6313,#6314,#6315,#6316,#6317,#6318,
#6319,#6320,#6321,#6322,#6323,#6324,#6325,#6326,#6327,#6328,#6329,#6330,
#6331),#13279);
#13279=(
GEOMETRIC_REPRESENTATION_CONTEXT(3)
GLOBAL_UNCERTAINTY_ASSIGNED_CONTEXT((#13280))
GLOBAL_UNIT_ASSIGNED_CONTEXT((#13283,#13282,#13281))
REPRESENTATION_CONTEXT('RCMP20HT-01','TOP_LEVEL_ASSEMBLY_PART')
);
#13280=UNCERTAINTY_MEASURE_WITH_UNIT(LENGTH_MEASURE(0.005),#13283,
'DISTANCE_ACCURACY_VALUE','Maximum Tolerance applied to model');
#13281=(
NAMED_UNIT(*)
SI_UNIT($,.STERADIAN.)
SOLID_ANGLE_UNIT()
);
#13282=(
NAMED_UNIT(*)
PLANE_ANGLE_UNIT()
SI_UNIT($,.RADIAN.)
);
#13283=(
LENGTH_UNIT()
NAMED_UNIT(*)
SI_UNIT(.MILLI.,.METRE.)
);
#13284=PRODUCT_DEFINITION_SHAPE('','',#13285);
#13285=PRODUCT_DEFINITION('','',#13287,#13286);
#13286=PRODUCT_DEFINITION_CONTEXT('',#13293,'design');
#13287=PRODUCT_DEFINITION_FORMATION_WITH_SPECIFIED_SOURCE('','',#13289,
 .NOT_KNOWN.);
#13288=PRODUCT_RELATED_PRODUCT_CATEGORY('','',(#13289));
#13289=PRODUCT('RCMP20HT-01','RCMP20HT-01','RCMP20HT-01',(#13291));
#13290=PRODUCT_CATEGORY('','');
#13291=PRODUCT_CONTEXT('',#13293,'mechanical');
#13292=APPLICATION_PROTOCOL_DEFINITION('international standard',
'ap242_managed_model_based_3d_engineering',2011,#13293);
#13293=APPLICATION_CONTEXT('managed model based 3d engineering');
ENDSEC;
END-ISO-10303-21;
